raw/disc/disc_proportion_expert_pred,raw/disc/disc_entropy,raw/disc/n_generated,raw/disc/disc_acc,raw/disc/disc_acc_expert,raw/disc/disc_acc_gen,raw/disc/disc_proportion_expert_true,raw/disc/global_step,raw/disc/disc_loss,raw/disc/n_expert
1.0,0.4434104561805725,256.0,0.5,1.0,0.0,0.5,1,0.9830522537231445,256.0
1.0,0.4559841752052307,256.0,0.5,1.0,0.0,0.5,2,0.9783077239990234,256.0
1.0,0.4486925005912781,256.0,0.5,1.0,0.0,0.5,3,0.964666485786438,256.0
1.0,0.4636085033416748,256.0,0.5,1.0,0.0,0.5,4,0.9566627740859985,256.0
1.0,0.4905387759208679,256.0,0.5,1.0,0.0,0.5,5,0.9536936283111572,256.0
1.0,0.4944479465484619,256.0,0.5,1.0,0.0,0.5,6,0.9582552909851074,256.0
1.0,0.5151609182357788,256.0,0.5,1.0,0.0,0.5,7,0.9259601831436157,256.0
1.0,0.5300738215446472,256.0,0.5,1.0,0.0,0.5,8,0.9252226948738098,256.0
1.0,0.5406697392463684,256.0,0.5,1.0,0.0,0.5,9,0.9165558815002441,256.0
1.0,0.5526118278503418,256.0,0.5,1.0,0.0,0.5,10,0.9126466512680054,256.0
0.9921875,0.5583601593971252,256.0,0.5078125,1.0,0.015625,0.5,11,0.902942419052124,256.0
0.986328125,0.5691512823104858,256.0,0.509765625,0.99609375,0.0234375,0.5,12,0.8951715230941772,256.0
0.98046875,0.5857532024383545,256.0,0.4921875,0.97265625,0.01171875,0.5,13,0.8455939888954163,256.0
0.953125,0.5836118459701538,256.0,0.4921875,0.9453125,0.0390625,0.5,14,0.8622337579727173,256.0
0.90234375,0.5785710215568542,256.0,0.4296875,0.83203125,0.02734375,0.5,15,0.8764881491661072,256.0
0.890625,0.5959196090698242,256.0,0.45703125,0.84765625,0.06640625,0.5,16,0.8173538446426392,256.0
0.83203125,0.6031821370124817,256.0,0.43359375,0.765625,0.1015625,0.5,17,0.7966834306716919,256.0
0.552734375,0.5953624248504639,256.0,0.486328125,0.5390625,0.43359375,0.5,18,0.8178949356079102,256.0
0.47265625,0.6061808466911316,256.0,0.44140625,0.4140625,0.46875,0.5,19,0.7976983785629272,256.0
0.458984375,0.6226861476898193,256.0,0.427734375,0.38671875,0.46875,0.5,20,0.7691903114318848,256.0
0.4921875,0.6265658140182495,256.0,0.43359375,0.42578125,0.44140625,0.5,21,0.761200487613678,256.0
0.435546875,0.6182923913002014,256.0,0.474609375,0.41015625,0.5390625,0.5,22,0.7382662892341614,256.0
0.3359375,0.6189326047897339,256.0,0.546875,0.3828125,0.7109375,0.5,23,0.7355289459228516,256.0
0.375,0.613217294216156,256.0,0.53125,0.40625,0.65625,0.5,24,0.7401131391525269,256.0
0.271484375,0.609938383102417,256.0,0.623046875,0.39453125,0.8515625,0.5,25,0.7034944891929626,256.0
0.3046875,0.5950194001197815,256.0,0.63671875,0.44140625,0.83203125,0.5,26,0.6819830536842346,256.0
0.28515625,0.5877007246017456,256.0,0.6328125,0.41796875,0.84765625,0.5,27,0.666431188583374,256.0
0.294921875,0.5848225355148315,256.0,0.654296875,0.44921875,0.859375,0.5,28,0.6397454738616943,256.0
0.28125,0.5696057081222534,256.0,0.6328125,0.4140625,0.8515625,0.5,29,0.6610839366912842,256.0
0.31640625,0.567082941532135,256.0,0.65625,0.47265625,0.83984375,0.5,30,0.6362752914428711,256.0
0.29296875,0.559059202671051,256.0,0.6328125,0.42578125,0.83984375,0.5,31,0.6524590849876404,256.0
0.31640625,0.548408567905426,256.0,0.6875,0.50390625,0.87109375,0.5,32,0.580665111541748,256.0
0.34765625,0.5496254563331604,256.0,0.6953125,0.54296875,0.84765625,0.5,33,0.5921646356582642,256.0
0.36328125,0.5382411479949951,256.0,0.68359375,0.546875,0.8203125,0.5,34,0.5967297554016113,256.0
0.392578125,0.5412832498550415,256.0,0.720703125,0.61328125,0.828125,0.5,35,0.565736711025238,256.0
0.33203125,0.5284503102302551,256.0,0.74609375,0.578125,0.9140625,0.5,36,0.540268063545227,256.0
0.408203125,0.533690333366394,256.0,0.681640625,0.58984375,0.7734375,0.5,37,0.5668975114822388,256.0
0.423828125,0.5262660980224609,256.0,0.689453125,0.61328125,0.765625,0.5,38,0.5637856125831604,256.0
0.470703125,0.5124780535697937,256.0,0.685546875,0.65625,0.71484375,0.5,39,0.5837462544441223,256.0
0.4453125,0.5064142346382141,256.0,0.67578125,0.62109375,0.73046875,0.5,40,0.6254032850265503,256.0
0.44921875,0.5070516467094421,256.0,0.71875,0.66796875,0.76953125,0.5,41,0.5544878244400024,256.0
0.439453125,0.5084958076477051,256.0,0.740234375,0.6796875,0.80078125,0.5,42,0.5512878894805908,256.0
0.421875,0.5030063986778259,256.0,0.73046875,0.65234375,0.80859375,0.5,43,0.5685836672782898,256.0
0.44140625,0.4907676577568054,256.0,0.73828125,0.6796875,0.796875,0.5,44,0.556782066822052,256.0
0.47265625,0.5024423599243164,256.0,0.71484375,0.6875,0.7421875,0.5,45,0.5950365662574768,256.0
0.392578125,0.49413418769836426,256.0,0.755859375,0.6484375,0.86328125,0.5,46,0.559322714805603,256.0
0.49609375,0.4940541088581085,256.0,0.71875,0.71484375,0.72265625,0.5,47,0.5737565755844116,256.0
0.40234375,0.4898006319999695,256.0,0.75390625,0.65625,0.8515625,0.5,48,0.5715858936309814,256.0
0.419921875,0.48293307423591614,256.0,0.732421875,0.65234375,0.8125,0.5,49,0.5842069983482361,256.0
0.376953125,0.48988163471221924,256.0,0.744140625,0.62109375,0.8671875,0.5,50,0.5477908849716187,256.0
0.396484375,0.48873263597488403,256.0,0.744140625,0.640625,0.84765625,0.5,51,0.5367665886878967,256.0
0.423828125,0.5100852251052856,256.0,0.716796875,0.640625,0.79296875,0.5,52,0.5669139623641968,256.0
0.376953125,0.499991238117218,256.0,0.787109375,0.6640625,0.91015625,0.5,53,0.48577356338500977,256.0
0.39453125,0.5127056837081909,256.0,0.76171875,0.65625,0.8671875,0.5,54,0.4994569420814514,256.0
0.408203125,0.5102356672286987,256.0,0.806640625,0.71484375,0.8984375,0.5,55,0.4631156325340271,256.0
0.396484375,0.5191846489906311,256.0,0.740234375,0.63671875,0.84375,0.5,56,0.5172421932220459,256.0
0.357421875,0.5280095338821411,256.0,0.755859375,0.61328125,0.8984375,0.5,57,0.522337794303894,256.0
0.3828125,0.4991997182369232,256.0,0.796875,0.6796875,0.9140625,0.5,58,0.463051974773407,256.0
0.392578125,0.48794183135032654,256.0,0.779296875,0.671875,0.88671875,0.5,59,0.46434617042541504,256.0
0.40234375,0.5112597942352295,256.0,0.75390625,0.65625,0.8515625,0.5,60,0.5206876993179321,256.0
0.3671875,0.5064546465873718,256.0,0.76171875,0.62890625,0.89453125,0.5,61,0.4930264353752136,256.0
0.341796875,0.5003313422203064,256.0,0.794921875,0.63671875,0.953125,0.5,62,0.45791247487068176,256.0
0.373046875,0.5006541013717651,256.0,0.787109375,0.66015625,0.9140625,0.5,63,0.45823779702186584,256.0
0.365234375,0.4888596832752228,256.0,0.802734375,0.66796875,0.9375,0.5,64,0.4633159339427948,256.0
0.388671875,0.4885445535182953,256.0,0.755859375,0.64453125,0.8671875,0.5,65,0.49593210220336914,256.0
0.369140625,0.4805656969547272,256.0,0.767578125,0.63671875,0.8984375,0.5,66,0.4797801375389099,256.0
0.33984375,0.4879308342933655,256.0,0.7578125,0.59765625,0.91796875,0.5,67,0.5043479204177856,256.0
0.37890625,0.4740065932273865,256.0,0.76171875,0.640625,0.8828125,0.5,68,0.49100685119628906,256.0
0.33984375,0.4937373995780945,256.0,0.76953125,0.609375,0.9296875,0.5,69,0.48445993661880493,256.0
0.375,0.485792875289917,256.0,0.7890625,0.6640625,0.9140625,0.5,70,0.4641621708869934,256.0
0.39453125,0.47444862127304077,256.0,0.76171875,0.65625,0.8671875,0.5,71,0.46819835901260376,256.0
0.3828125,0.4865970313549042,256.0,0.7578125,0.640625,0.875,0.5,72,0.4793797433376312,256.0
0.341796875,0.49148306250572205,256.0,0.771484375,0.61328125,0.9296875,0.5,73,0.4774853587150574,256.0
0.431640625,0.4658637046813965,256.0,0.712890625,0.64453125,0.78125,0.5,74,0.5586223602294922,256.0
0.37890625,0.49231988191604614,256.0,0.75390625,0.6328125,0.875,0.5,75,0.5030028223991394,256.0
0.349609375,0.5123621821403503,256.0,0.802734375,0.65234375,0.953125,0.5,76,0.4806099534034729,256.0
0.3359375,0.5176743268966675,256.0,0.76953125,0.60546875,0.93359375,0.5,77,0.4852570593357086,256.0
0.333984375,0.5241861939430237,256.0,0.810546875,0.64453125,0.9765625,0.5,78,0.46420902013778687,256.0
0.326171875,0.5230252146720886,256.0,0.783203125,0.609375,0.95703125,0.5,79,0.4767909049987793,256.0
0.341796875,0.5225375890731812,256.0,0.771484375,0.61328125,0.9296875,0.5,80,0.49131694436073303,256.0
0.3359375,0.519935131072998,256.0,0.76171875,0.59765625,0.92578125,0.5,81,0.4881402254104614,256.0
0.36328125,0.5105904340744019,256.0,0.75,0.61328125,0.88671875,0.5,82,0.5000972747802734,256.0
0.3828125,0.5102246403694153,256.0,0.7734375,0.65625,0.890625,0.5,83,0.48596590757369995,256.0
0.421875,0.4951564073562622,256.0,0.78125,0.703125,0.859375,0.5,84,0.48792827129364014,256.0
0.322265625,0.5046170949935913,256.0,0.779296875,0.6015625,0.95703125,0.5,85,0.4682430028915405,256.0
0.44921875,0.47361138463020325,256.0,0.734375,0.68359375,0.78515625,0.5,86,0.5412381887435913,256.0
0.37890625,0.489926815032959,256.0,0.765625,0.64453125,0.88671875,0.5,87,0.49298515915870667,256.0
0.34765625,0.48945409059524536,256.0,0.77734375,0.625,0.9296875,0.5,88,0.47760462760925293,256.0
0.357421875,0.49486616253852844,256.0,0.791015625,0.6484375,0.93359375,0.5,89,0.4581298232078552,256.0
0.3359375,0.4949403405189514,256.0,0.796875,0.6328125,0.9609375,0.5,90,0.4570094048976898,256.0
0.38671875,0.4835367202758789,256.0,0.76953125,0.65625,0.8828125,0.5,91,0.4786701500415802,256.0
0.337890625,0.4922756552696228,256.0,0.779296875,0.6171875,0.94140625,0.5,92,0.4898143410682678,256.0
0.373046875,0.4815119206905365,256.0,0.751953125,0.625,0.87890625,0.5,93,0.5217346549034119,256.0
0.353515625,0.4771367609500885,256.0,0.802734375,0.65625,0.94921875,0.5,94,0.44466227293014526,256.0
0.37890625,0.4870242476463318,256.0,0.76953125,0.6484375,0.890625,0.5,95,0.4987029433250427,256.0
0.349609375,0.4868195354938507,256.0,0.767578125,0.6171875,0.91796875,0.5,96,0.47984379529953003,256.0
0.310546875,0.4951028823852539,256.0,0.775390625,0.5859375,0.96484375,0.5,97,0.47253894805908203,256.0
0.3671875,0.47895070910453796,256.0,0.78125,0.6484375,0.9140625,0.5,98,0.4500814378261566,256.0
0.353515625,0.4806923270225525,256.0,0.806640625,0.66015625,0.953125,0.5,99,0.42647790908813477,256.0
0.341796875,0.4757539629936218,256.0,0.787109375,0.62890625,0.9453125,0.5,100,0.45374083518981934,256.0
0.3515625,0.463412880897522,256.0,0.7421875,0.59375,0.890625,0.5,101,0.5331445932388306,256.0
0.38671875,0.46596652269363403,256.0,0.734375,0.62109375,0.84765625,0.5,102,0.5487290620803833,256.0
0.359375,0.474414199590683,256.0,0.74609375,0.60546875,0.88671875,0.5,103,0.4963202178478241,256.0
0.3984375,0.48386770486831665,256.0,0.765625,0.6640625,0.8671875,0.5,104,0.4723917841911316,256.0
0.322265625,0.49189460277557373,256.0,0.744140625,0.56640625,0.921875,0.5,105,0.5076697468757629,256.0
0.32421875,0.48369646072387695,256.0,0.80078125,0.625,0.9765625,0.5,106,0.4560117721557617,256.0
0.3671875,0.47510892152786255,256.0,0.8125,0.6796875,0.9453125,0.5,107,0.43327921628952026,256.0
0.31640625,0.49928420782089233,256.0,0.78125,0.59765625,0.96484375,0.5,108,0.46024882793426514,256.0
0.34375,0.49249744415283203,256.0,0.77734375,0.62109375,0.93359375,0.5,109,0.4699079394340515,256.0
0.38671875,0.4670908451080322,256.0,0.8125,0.69921875,0.92578125,0.5,110,0.4351940453052521,256.0
0.373046875,0.480008602142334,256.0,0.806640625,0.6796875,0.93359375,0.5,111,0.4410146474838257,256.0
0.373046875,0.487415611743927,256.0,0.748046875,0.62109375,0.875,0.5,112,0.49172964692115784,256.0
0.376953125,0.4645868241786957,256.0,0.791015625,0.66796875,0.9140625,0.5,113,0.44334137439727783,256.0
0.330078125,0.47388893365859985,256.0,0.806640625,0.63671875,0.9765625,0.5,114,0.432106614112854,256.0
0.353515625,0.46011239290237427,256.0,0.822265625,0.67578125,0.96875,0.5,115,0.42384618520736694,256.0
0.38671875,0.43943101167678833,256.0,0.828125,0.71484375,0.94140625,0.5,116,0.3990474045276642,256.0
0.37890625,0.43822693824768066,256.0,0.80078125,0.6796875,0.921875,0.5,117,0.4372358024120331,256.0
0.33984375,0.44177091121673584,256.0,0.76953125,0.609375,0.9296875,0.5,118,0.4785560965538025,256.0
0.388671875,0.4307384788990021,256.0,0.755859375,0.64453125,0.8671875,0.5,119,0.4816648066043854,256.0
0.380859375,0.43478697538375854,256.0,0.802734375,0.68359375,0.921875,0.5,120,0.4356974959373474,256.0
0.384765625,0.4321022927761078,256.0,0.791015625,0.67578125,0.90625,0.5,121,0.4370272755622864,256.0
0.3359375,0.4731042981147766,256.0,0.76953125,0.60546875,0.93359375,0.5,122,0.4736729562282562,256.0
0.322265625,0.47611868381500244,256.0,0.798828125,0.62109375,0.9765625,0.5,123,0.45322975516319275,256.0
0.3359375,0.47181591391563416,256.0,0.80078125,0.63671875,0.96484375,0.5,124,0.43458402156829834,256.0
0.3515625,0.45875006914138794,256.0,0.796875,0.6484375,0.9453125,0.5,125,0.49276047945022583,256.0
0.3828125,0.4630100131034851,256.0,0.80859375,0.69140625,0.92578125,0.5,126,0.43504226207733154,256.0
0.3671875,0.45371437072753906,256.0,0.7734375,0.640625,0.90625,0.5,127,0.5192582607269287,256.0
0.41015625,0.43901458382606506,256.0,0.74609375,0.65625,0.8359375,0.5,128,0.609049916267395,256.0
0.36328125,0.46742546558380127,256.0,0.80859375,0.671875,0.9453125,0.5,129,0.4437788724899292,256.0
0.373046875,0.4612833857536316,256.0,0.779296875,0.65234375,0.90625,0.5,130,0.545573890209198,256.0
0.3828125,0.4555768370628357,256.0,0.7734375,0.65625,0.890625,0.5,131,0.5260640382766724,256.0
0.3359375,0.48314839601516724,256.0,0.7734375,0.609375,0.9375,0.5,132,0.4731767773628235,256.0
0.3359375,0.4607682228088379,256.0,0.81640625,0.65234375,0.98046875,0.5,133,0.40800973773002625,256.0
0.330078125,0.4806167781352997,256.0,0.771484375,0.6015625,0.94140625,0.5,134,0.49463632702827454,256.0
0.328125,0.4817868173122406,256.0,0.7734375,0.6015625,0.9453125,0.5,135,0.4861999750137329,256.0
0.380859375,0.47828420996665955,256.0,0.791015625,0.671875,0.91015625,0.5,136,0.44891050457954407,256.0
0.361328125,0.49485599994659424,256.0,0.763671875,0.625,0.90234375,0.5,137,0.5076701641082764,256.0
0.369140625,0.4895399212837219,256.0,0.826171875,0.6953125,0.95703125,0.5,138,0.4165019392967224,256.0
0.39453125,0.4923132061958313,256.0,0.765625,0.66015625,0.87109375,0.5,139,0.4798462390899658,256.0
0.36328125,0.4850328266620636,256.0,0.7890625,0.65234375,0.92578125,0.5,140,0.4427952468395233,256.0
0.34375,0.5126398801803589,256.0,0.828125,0.671875,0.984375,0.5,141,0.4298356771469116,256.0
0.30859375,0.5152187347412109,256.0,0.76953125,0.578125,0.9609375,0.5,142,0.48630353808403015,256.0
0.341796875,0.49872642755508423,256.0,0.787109375,0.62890625,0.9453125,0.5,143,0.4656231701374054,256.0
0.42578125,0.4573867619037628,256.0,0.7421875,0.66796875,0.81640625,0.5,144,0.5105525851249695,256.0
0.33203125,0.4871428906917572,256.0,0.75,0.58203125,0.91796875,0.5,145,0.5011559128761292,256.0
0.365234375,0.501323938369751,256.0,0.787109375,0.65234375,0.921875,0.5,146,0.4776305854320526,256.0
0.3359375,0.4968681335449219,256.0,0.73828125,0.57421875,0.90234375,0.5,147,0.5178171396255493,256.0
0.361328125,0.4925830066204071,256.0,0.748046875,0.609375,0.88671875,0.5,148,0.5021090507507324,256.0
0.365234375,0.4833728075027466,256.0,0.822265625,0.6875,0.95703125,0.5,149,0.4189828932285309,256.0
0.318359375,0.4996677339076996,256.0,0.779296875,0.59765625,0.9609375,0.5,150,0.4728489816188812,256.0
0.353515625,0.5017080307006836,256.0,0.748046875,0.6015625,0.89453125,0.5,151,0.505192756652832,256.0
0.36328125,0.48495811223983765,256.0,0.7421875,0.60546875,0.87890625,0.5,152,0.515566349029541,256.0
0.3671875,0.49532008171081543,256.0,0.75,0.6171875,0.8828125,0.5,153,0.4994412660598755,256.0
0.3828125,0.5019580125808716,256.0,0.734375,0.6171875,0.8515625,0.5,154,0.5234109163284302,256.0
0.37109375,0.5058915615081787,256.0,0.7734375,0.64453125,0.90234375,0.5,155,0.49154913425445557,256.0
0.361328125,0.49435698986053467,256.0,0.763671875,0.625,0.90234375,0.5,156,0.48918771743774414,256.0
0.341796875,0.5230724811553955,256.0,0.755859375,0.59765625,0.9140625,0.5,157,0.4927462637424469,256.0
0.376953125,0.5136760473251343,256.0,0.767578125,0.64453125,0.890625,0.5,158,0.4934382438659668,256.0
0.326171875,0.5241122841835022,256.0,0.787109375,0.61328125,0.9609375,0.5,159,0.4639471769332886,256.0
0.365234375,0.5291346311569214,256.0,0.751953125,0.6171875,0.88671875,0.5,160,0.4997517168521881,256.0
0.306640625,0.5271844863891602,256.0,0.748046875,0.5546875,0.94140625,0.5,161,0.5086086392402649,256.0
0.330078125,0.5163406729698181,256.0,0.775390625,0.60546875,0.9453125,0.5,162,0.4787673056125641,256.0
0.39453125,0.514593780040741,256.0,0.765625,0.66015625,0.87109375,0.5,163,0.49367621541023254,256.0
0.3828125,0.5264084339141846,256.0,0.75390625,0.63671875,0.87109375,0.5,164,0.4938840866088867,256.0
0.380859375,0.5124509930610657,256.0,0.755859375,0.63671875,0.875,0.5,165,0.4949420988559723,256.0
0.361328125,0.5082718133926392,256.0,0.763671875,0.625,0.90234375,0.5,166,0.5004460215568542,256.0
0.39453125,0.51604163646698,256.0,0.7578125,0.65234375,0.86328125,0.5,167,0.49729371070861816,256.0
0.392578125,0.5114037394523621,256.0,0.791015625,0.68359375,0.8984375,0.5,168,0.46601125597953796,256.0
0.3828125,0.49692612886428833,256.0,0.828125,0.7109375,0.9453125,0.5,169,0.42204487323760986,256.0
0.439453125,0.4671083986759186,256.0,0.693359375,0.6328125,0.75390625,0.5,170,0.5911219120025635,256.0
0.423828125,0.4734872579574585,256.0,0.779296875,0.703125,0.85546875,0.5,171,0.49622851610183716,256.0
0.43359375,0.49182066321372986,256.0,0.703125,0.63671875,0.76953125,0.5,172,0.605689525604248,256.0
0.37109375,0.4898940920829773,256.0,0.7578125,0.62890625,0.88671875,0.5,173,0.5179389119148254,256.0
0.392578125,0.5144960880279541,256.0,0.697265625,0.58984375,0.8046875,0.5,174,0.5964444875717163,256.0
0.466796875,0.5058828592300415,256.0,0.689453125,0.65625,0.72265625,0.5,175,0.5992830991744995,256.0
0.408203125,0.5299873352050781,256.0,0.732421875,0.640625,0.82421875,0.5,176,0.5404159426689148,256.0
0.431640625,0.5486130118370056,256.0,0.732421875,0.6640625,0.80078125,0.5,177,0.5377281308174133,256.0
0.396484375,0.5578669309616089,256.0,0.716796875,0.61328125,0.8203125,0.5,178,0.546642541885376,256.0
0.40234375,0.565315306186676,256.0,0.75,0.65234375,0.84765625,0.5,179,0.5198432803153992,256.0
0.396484375,0.5796303749084473,256.0,0.697265625,0.59375,0.80078125,0.5,180,0.5910439491271973,256.0
0.39453125,0.5667325258255005,256.0,0.67578125,0.5703125,0.78125,0.5,181,0.5801690816879272,256.0
0.35546875,0.5795258283615112,256.0,0.73828125,0.59375,0.8828125,0.5,182,0.559544563293457,256.0
0.423828125,0.5829777121543884,256.0,0.666015625,0.58984375,0.7421875,0.5,183,0.5982499122619629,256.0
0.349609375,0.5638378262519836,256.0,0.736328125,0.5859375,0.88671875,0.5,184,0.5471813678741455,256.0
0.37890625,0.5717035531997681,256.0,0.71484375,0.59375,0.8359375,0.5,185,0.5511118769645691,256.0
0.3671875,0.5795830488204956,256.0,0.71484375,0.58203125,0.84765625,0.5,186,0.5748242735862732,256.0
0.3515625,0.5777490139007568,256.0,0.75390625,0.60546875,0.90234375,0.5,187,0.5455263257026672,256.0
0.439453125,0.5716646909713745,256.0,0.697265625,0.63671875,0.7578125,0.5,188,0.5620104670524597,256.0
0.435546875,0.5559424161911011,256.0,0.701171875,0.63671875,0.765625,0.5,189,0.5807522535324097,256.0
0.474609375,0.5609337687492371,256.0,0.701171875,0.67578125,0.7265625,0.5,190,0.552640438079834,256.0
0.400390625,0.5589888095855713,256.0,0.728515625,0.62890625,0.828125,0.5,191,0.5451834201812744,256.0
0.509765625,0.5688917636871338,256.0,0.654296875,0.6640625,0.64453125,0.5,192,0.6002675294876099,256.0
0.37109375,0.576167106628418,256.0,0.75390625,0.625,0.8828125,0.5,193,0.5434315800666809,256.0
0.41015625,0.5597020387649536,256.0,0.7109375,0.62109375,0.80078125,0.5,194,0.550438404083252,256.0
0.447265625,0.5584116578102112,256.0,0.708984375,0.65625,0.76171875,0.5,195,0.554618239402771,256.0
0.447265625,0.5521945357322693,256.0,0.650390625,0.59765625,0.703125,0.5,196,0.5894495248794556,256.0
0.341796875,0.5846337676048279,256.0,0.658203125,0.5,0.81640625,0.5,197,0.5895135998725891,256.0
0.400390625,0.5772466659545898,256.0,0.646484375,0.546875,0.74609375,0.5,198,0.6314821839332581,256.0
0.3671875,0.5754374265670776,256.0,0.6015625,0.46875,0.734375,0.5,199,0.606036365032196,256.0
0.337890625,0.597520112991333,256.0,0.673828125,0.51171875,0.8359375,0.5,200,0.6114556789398193,256.0
0.33984375,0.5993826389312744,256.0,0.63671875,0.4765625,0.796875,0.5,201,0.6286879777908325,256.0
0.30859375,0.602813720703125,256.0,0.73828125,0.546875,0.9296875,0.5,202,0.5919197797775269,256.0
0.326171875,0.6001388430595398,256.0,0.705078125,0.53125,0.87890625,0.5,203,0.5946195721626282,256.0
0.388671875,0.5866767168045044,256.0,0.697265625,0.5859375,0.80859375,0.5,204,0.5672028660774231,256.0
0.39453125,0.5998048186302185,256.0,0.73046875,0.625,0.8359375,0.5,205,0.5720110535621643,256.0
0.400390625,0.5859100818634033,256.0,0.673828125,0.57421875,0.7734375,0.5,206,0.5973899364471436,256.0
0.443359375,0.5755830407142639,256.0,0.654296875,0.59765625,0.7109375,0.5,207,0.6298105120658875,256.0
0.37109375,0.5812983512878418,256.0,0.71484375,0.5859375,0.84375,0.5,208,0.5566554069519043,256.0
0.4453125,0.5801302194595337,256.0,0.6796875,0.625,0.734375,0.5,209,0.5826214551925659,256.0
0.443359375,0.5535106658935547,256.0,0.654296875,0.59765625,0.7109375,0.5,210,0.6059396266937256,256.0
0.357421875,0.5540157556533813,256.0,0.740234375,0.59765625,0.8828125,0.5,211,0.5282289385795593,256.0
0.396484375,0.5370287895202637,256.0,0.697265625,0.59375,0.80078125,0.5,212,0.5882546901702881,256.0
0.36328125,0.5393239259719849,256.0,0.7265625,0.58984375,0.86328125,0.5,213,0.5395572185516357,256.0
0.4453125,0.5263531804084778,256.0,0.640625,0.5859375,0.6953125,0.5,214,0.6970676183700562,256.0
0.517578125,0.5230919122695923,256.0,0.654296875,0.671875,0.63671875,0.5,215,0.6981446146965027,256.0
0.443359375,0.5615108013153076,256.0,0.599609375,0.54296875,0.65625,0.5,216,0.6963763236999512,256.0
0.35546875,0.5548959970474243,256.0,0.65234375,0.5078125,0.796875,0.5,217,0.6745495200157166,256.0
0.3515625,0.5856493711471558,256.0,0.6953125,0.546875,0.84375,0.5,218,0.5883913636207581,256.0
0.412109375,0.5780522227287292,256.0,0.630859375,0.54296875,0.71875,0.5,219,0.6423317193984985,256.0
0.36328125,0.5863862633705139,256.0,0.671875,0.53515625,0.80859375,0.5,220,0.6691727638244629,256.0
0.404296875,0.5995079874992371,256.0,0.642578125,0.546875,0.73828125,0.5,221,0.652450680732727,256.0
0.48828125,0.574444591999054,256.0,0.546875,0.53515625,0.55859375,0.5,222,0.8093936443328857,256.0
0.466796875,0.5847899913787842,256.0,0.556640625,0.5234375,0.58984375,0.5,223,0.7963573932647705,256.0
0.521484375,0.5712056159973145,256.0,0.490234375,0.51171875,0.46875,0.5,224,0.8216439485549927,256.0
0.439453125,0.5998173952102661,256.0,0.501953125,0.44140625,0.5625,0.5,225,0.7505174279212952,256.0
0.42578125,0.58915114402771,256.0,0.53515625,0.4609375,0.609375,0.5,226,0.7714136242866516,256.0
0.404296875,0.622072696685791,256.0,0.509765625,0.4140625,0.60546875,0.5,227,0.7101216316223145,256.0
0.2578125,0.6416305303573608,256.0,0.62890625,0.38671875,0.87109375,0.5,228,0.6411266922950745,256.0
0.3515625,0.6154598593711853,256.0,0.5390625,0.390625,0.6875,0.5,229,0.6934013366699219,256.0
0.306640625,0.6386401057243347,256.0,0.580078125,0.38671875,0.7734375,0.5,230,0.6853392124176025,256.0
0.318359375,0.6293059587478638,256.0,0.521484375,0.33984375,0.703125,0.5,231,0.7283387184143066,256.0
0.2890625,0.6435600519180298,256.0,0.515625,0.3046875,0.7265625,0.5,232,0.7113512754440308,256.0
0.30859375,0.6213619709014893,256.0,0.53125,0.33984375,0.72265625,0.5,233,0.6644343137741089,256.0
0.34375,0.6347812414169312,256.0,0.54296875,0.38671875,0.69921875,0.5,234,0.6958950757980347,256.0
0.37890625,0.6187143921852112,256.0,0.51953125,0.3984375,0.640625,0.5,235,0.7038518190383911,256.0
0.376953125,0.6161171197891235,256.0,0.525390625,0.40234375,0.6484375,0.5,236,0.6655734181404114,256.0
0.3359375,0.6404761672019958,256.0,0.578125,0.4140625,0.7421875,0.5,237,0.6595540642738342,256.0
0.30078125,0.64006507396698,256.0,0.63671875,0.4375,0.8359375,0.5,238,0.6438419818878174,256.0
0.396484375,0.6273413300514221,256.0,0.638671875,0.53515625,0.7421875,0.5,239,0.6438535451889038,256.0
0.419921875,0.6422893404960632,256.0,0.630859375,0.55078125,0.7109375,0.5,240,0.6336473226547241,256.0
0.376953125,0.6384012699127197,256.0,0.673828125,0.55078125,0.796875,0.5,241,0.6509953737258911,256.0
0.40234375,0.6474441289901733,256.0,0.59375,0.49609375,0.69140625,0.5,242,0.6805834174156189,256.0
0.3515625,0.6395692825317383,256.0,0.640625,0.4921875,0.7890625,0.5,243,0.658148467540741,256.0
0.3359375,0.6497885584831238,256.0,0.6875,0.5234375,0.8515625,0.5,244,0.636797308921814,256.0
0.349609375,0.6497725248336792,256.0,0.708984375,0.55859375,0.859375,0.5,245,0.6525242328643799,256.0
0.322265625,0.6344746351242065,256.0,0.654296875,0.4765625,0.83203125,0.5,246,0.6197848916053772,256.0
0.298828125,0.6372483968734741,256.0,0.658203125,0.45703125,0.859375,0.5,247,0.6339894533157349,256.0
0.302734375,0.6345900297164917,256.0,0.646484375,0.44921875,0.84375,0.5,248,0.6497611999511719,256.0
0.275390625,0.635332465171814,256.0,0.619140625,0.39453125,0.84375,0.5,249,0.6448580026626587,256.0
0.31640625,0.6378036141395569,256.0,0.63671875,0.453125,0.8203125,0.5,250,0.6486968398094177,256.0
0.361328125,0.6409516334533691,256.0,0.662109375,0.5234375,0.80078125,0.5,251,0.6366445422172546,256.0
0.373046875,0.6329395771026611,256.0,0.591796875,0.46484375,0.71875,0.5,252,0.6849682331085205,256.0
0.3984375,0.6276069283485413,256.0,0.64453125,0.54296875,0.74609375,0.5,253,0.6470694541931152,256.0
0.4296875,0.6391287446022034,256.0,0.58203125,0.51171875,0.65234375,0.5,254,0.6779237389564514,256.0
0.46875,0.6281936764717102,256.0,0.640625,0.609375,0.671875,0.5,255,0.6535096764564514,256.0
0.517578125,0.6340035200119019,256.0,0.583984375,0.6015625,0.56640625,0.5,256,0.6644419431686401,256.0
0.462890625,0.6329402923583984,256.0,0.673828125,0.63671875,0.7109375,0.5,257,0.626797080039978,256.0
0.431640625,0.6408425569534302,256.0,0.634765625,0.56640625,0.703125,0.5,258,0.6453686356544495,256.0
0.455078125,0.6357197761535645,256.0,0.599609375,0.5546875,0.64453125,0.5,259,0.6558786034584045,256.0
0.50390625,0.6416464447975159,256.0,0.59375,0.59765625,0.58984375,0.5,260,0.6687749028205872,256.0
0.53515625,0.6448773145675659,256.0,0.58203125,0.6171875,0.546875,0.5,261,0.6830105781555176,256.0
0.498046875,0.6509436964988708,256.0,0.603515625,0.6015625,0.60546875,0.5,262,0.6608703136444092,256.0
0.478515625,0.6455179452896118,256.0,0.650390625,0.62890625,0.671875,0.5,263,0.6341441869735718,256.0
0.447265625,0.639443039894104,256.0,0.603515625,0.55078125,0.65625,0.5,264,0.6622707843780518,256.0
0.447265625,0.6489737033843994,256.0,0.634765625,0.58203125,0.6875,0.5,265,0.640055775642395,256.0
0.46484375,0.6408273577690125,256.0,0.58203125,0.546875,0.6171875,0.5,266,0.6793440580368042,256.0
0.44140625,0.6370585560798645,256.0,0.54296875,0.484375,0.6015625,0.5,267,0.6878846287727356,256.0
0.3984375,0.6402841806411743,256.0,0.62109375,0.51953125,0.72265625,0.5,268,0.6805885434150696,256.0
0.4453125,0.6405786275863647,256.0,0.5625,0.5078125,0.6171875,0.5,269,0.6560723781585693,256.0
0.427734375,0.6457483768463135,256.0,0.572265625,0.5,0.64453125,0.5,270,0.6736406087875366,256.0
0.470703125,0.654594898223877,256.0,0.580078125,0.55078125,0.609375,0.5,271,0.6705074310302734,256.0
0.357421875,0.6417371034622192,256.0,0.638671875,0.49609375,0.78125,0.5,272,0.6322397589683533,256.0
0.3984375,0.6375091671943665,256.0,0.55078125,0.44921875,0.65234375,0.5,273,0.6717742085456848,256.0
0.46484375,0.6497423648834229,256.0,0.59375,0.55859375,0.62890625,0.5,274,0.6566992998123169,256.0
0.439453125,0.6511681079864502,256.0,0.583984375,0.5234375,0.64453125,0.5,275,0.6606525778770447,256.0
0.439453125,0.6665440797805786,256.0,0.576171875,0.515625,0.63671875,0.5,276,0.6650762557983398,256.0
0.478515625,0.6607993841171265,256.0,0.603515625,0.58203125,0.625,0.5,277,0.6529362201690674,256.0
0.470703125,0.6512044668197632,256.0,0.568359375,0.5390625,0.59765625,0.5,278,0.6538547277450562,256.0
0.486328125,0.6599441766738892,256.0,0.576171875,0.5625,0.58984375,0.5,279,0.6589484214782715,256.0
0.49609375,0.6556532382965088,256.0,0.61328125,0.609375,0.6171875,0.5,280,0.65777587890625,256.0
0.427734375,0.6574831008911133,256.0,0.658203125,0.5859375,0.73046875,0.5,281,0.6448715329170227,256.0
0.46484375,0.6566116213798523,256.0,0.6171875,0.58203125,0.65234375,0.5,282,0.6592122316360474,256.0
0.544921875,0.6549455523490906,256.0,0.568359375,0.61328125,0.5234375,0.5,283,0.6663925647735596,256.0
0.515625,0.6574544906616211,256.0,0.5859375,0.6015625,0.5703125,0.5,284,0.6423789262771606,256.0
0.548828125,0.6491013765335083,256.0,0.564453125,0.61328125,0.515625,0.5,285,0.6581661105155945,256.0
0.48046875,0.6606148481369019,256.0,0.6015625,0.58203125,0.62109375,0.5,286,0.6582579612731934,256.0
0.490234375,0.6447581052780151,256.0,0.568359375,0.55859375,0.578125,0.5,287,0.6733272075653076,256.0
0.505859375,0.6588783264160156,256.0,0.560546875,0.56640625,0.5546875,0.5,288,0.6603432893753052,256.0
0.42578125,0.663507342338562,256.0,0.6171875,0.54296875,0.69140625,0.5,289,0.657335638999939,256.0
0.44140625,0.6440770030021667,256.0,0.62890625,0.5703125,0.6875,0.5,290,0.6518812775611877,256.0
0.40625,0.6470509171485901,256.0,0.6015625,0.5078125,0.6953125,0.5,291,0.6441829800605774,256.0
0.458984375,0.6425275802612305,256.0,0.541015625,0.5,0.58203125,0.5,292,0.6791054010391235,256.0
0.3828125,0.634147047996521,256.0,0.578125,0.4609375,0.6953125,0.5,293,0.6557567119598389,256.0
0.41015625,0.6417327523231506,256.0,0.60546875,0.515625,0.6953125,0.5,294,0.6542309522628784,256.0
0.412109375,0.6522406935691833,256.0,0.556640625,0.46875,0.64453125,0.5,295,0.6735608577728271,256.0
0.416015625,0.656539797782898,256.0,0.611328125,0.52734375,0.6953125,0.5,296,0.6486285328865051,256.0
0.39453125,0.6466981172561646,256.0,0.59375,0.48828125,0.69921875,0.5,297,0.647588849067688,256.0
0.490234375,0.646353006362915,256.0,0.615234375,0.60546875,0.625,0.5,298,0.6383029222488403,256.0
0.412109375,0.6505931615829468,256.0,0.654296875,0.56640625,0.7421875,0.5,299,0.64152592420578,256.0
0.494140625,0.6556949615478516,256.0,0.583984375,0.578125,0.58984375,0.5,300,0.6488286256790161,256.0
0.5,0.6541876196861267,256.0,0.56640625,0.56640625,0.56640625,0.5,301,0.6760762929916382,256.0
0.49609375,0.6509064435958862,256.0,0.64453125,0.640625,0.6484375,0.5,302,0.6304166316986084,256.0
0.544921875,0.6419672966003418,256.0,0.572265625,0.6171875,0.52734375,0.5,303,0.6427011489868164,256.0
0.48046875,0.6469739675521851,256.0,0.59765625,0.578125,0.6171875,0.5,304,0.6519026756286621,256.0
0.498046875,0.6569215059280396,256.0,0.587890625,0.5859375,0.58984375,0.5,305,0.6621882915496826,256.0
0.55859375,0.6565547585487366,256.0,0.52734375,0.5859375,0.46875,0.5,306,0.6704339981079102,256.0
0.435546875,0.6590906381607056,256.0,0.669921875,0.60546875,0.734375,0.5,307,0.6354556083679199,256.0
0.55859375,0.6457927227020264,256.0,0.58203125,0.640625,0.5234375,0.5,308,0.6611104011535645,256.0
0.501953125,0.6502912044525146,256.0,0.603515625,0.60546875,0.6015625,0.5,309,0.6459387540817261,256.0
0.48046875,0.6533379554748535,256.0,0.59375,0.57421875,0.61328125,0.5,310,0.6494364738464355,256.0
0.4609375,0.6496899724006653,256.0,0.58984375,0.55078125,0.62890625,0.5,311,0.647886335849762,256.0
0.4375,0.6501935720443726,256.0,0.61328125,0.55078125,0.67578125,0.5,312,0.6605690717697144,256.0
0.44921875,0.6455400586128235,256.0,0.62109375,0.5703125,0.671875,0.5,313,0.6714102029800415,256.0
0.443359375,0.6416698694229126,256.0,0.607421875,0.55078125,0.6640625,0.5,314,0.6367360353469849,256.0
0.43359375,0.6519367098808289,256.0,0.59765625,0.53125,0.6640625,0.5,315,0.6556974649429321,256.0
0.404296875,0.6431353688240051,256.0,0.630859375,0.53515625,0.7265625,0.5,316,0.6499277353286743,256.0
0.4296875,0.6491854190826416,256.0,0.609375,0.5390625,0.6796875,0.5,317,0.6565990447998047,256.0
0.5,0.646708607673645,256.0,0.59375,0.59375,0.59375,0.5,318,0.6481764316558838,256.0
0.5078125,0.6498525142669678,256.0,0.58984375,0.59765625,0.58203125,0.5,319,0.649292528629303,256.0
0.4921875,0.648845911026001,256.0,0.62109375,0.61328125,0.62890625,0.5,320,0.6506457328796387,256.0
0.50390625,0.6452650427818298,256.0,0.57421875,0.578125,0.5703125,0.5,321,0.6576351523399353,256.0
0.474609375,0.6264128684997559,256.0,0.595703125,0.5703125,0.62109375,0.5,322,0.6288988590240479,256.0
0.50390625,0.6540647745132446,256.0,0.5703125,0.57421875,0.56640625,0.5,323,0.6566308736801147,256.0
0.509765625,0.636420488357544,256.0,0.595703125,0.60546875,0.5859375,0.5,324,0.6541998386383057,256.0
0.466796875,0.6493586897850037,256.0,0.607421875,0.57421875,0.640625,0.5,325,0.6426721811294556,256.0
0.462890625,0.6521371603012085,256.0,0.599609375,0.5625,0.63671875,0.5,326,0.6587879657745361,256.0
0.48046875,0.6328465342521667,256.0,0.625,0.60546875,0.64453125,0.5,327,0.6159138083457947,256.0
0.458984375,0.6497772336006165,256.0,0.576171875,0.53515625,0.6171875,0.5,328,0.6607042551040649,256.0
0.42578125,0.648754358291626,256.0,0.59375,0.51953125,0.66796875,0.5,329,0.6487752199172974,256.0
0.392578125,0.6396145224571228,256.0,0.572265625,0.46484375,0.6796875,0.5,330,0.6526044011116028,256.0
0.435546875,0.6482632160186768,256.0,0.642578125,0.578125,0.70703125,0.5,331,0.6380990147590637,256.0
0.443359375,0.6544735431671143,256.0,0.591796875,0.53515625,0.6484375,0.5,332,0.6519456505775452,256.0
0.431640625,0.6449405550956726,256.0,0.587890625,0.51953125,0.65625,0.5,333,0.6582733392715454,256.0
0.40625,0.6415328979492188,256.0,0.65234375,0.55859375,0.74609375,0.5,334,0.6173510551452637,256.0
0.4296875,0.6460458040237427,256.0,0.68359375,0.61328125,0.75390625,0.5,335,0.628157377243042,256.0
0.46484375,0.6561673879623413,256.0,0.56640625,0.53125,0.6015625,0.5,336,0.6591832041740417,256.0
0.466796875,0.6477391719818115,256.0,0.615234375,0.58203125,0.6484375,0.5,337,0.6503677368164062,256.0
0.544921875,0.650945246219635,256.0,0.552734375,0.59765625,0.5078125,0.5,338,0.657437801361084,256.0
0.482421875,0.6506070494651794,256.0,0.599609375,0.58203125,0.6171875,0.5,339,0.6551823616027832,256.0
0.435546875,0.6465491056442261,256.0,0.626953125,0.5625,0.69140625,0.5,340,0.6337056159973145,256.0
0.5234375,0.6513096690177917,256.0,0.578125,0.6015625,0.5546875,0.5,341,0.6535915732383728,256.0
0.498046875,0.651884913444519,256.0,0.580078125,0.578125,0.58203125,0.5,342,0.670316219329834,256.0
0.44140625,0.6454490423202515,256.0,0.66015625,0.6015625,0.71875,0.5,343,0.6324344277381897,256.0
0.427734375,0.6260331869125366,256.0,0.615234375,0.54296875,0.6875,0.5,344,0.6434046030044556,256.0
0.482421875,0.6452696323394775,256.0,0.591796875,0.57421875,0.609375,0.5,345,0.6427363157272339,256.0
0.396484375,0.631888210773468,256.0,0.669921875,0.56640625,0.7734375,0.5,346,0.6262425184249878,256.0
0.455078125,0.6353983879089355,256.0,0.580078125,0.53515625,0.625,0.5,347,0.6452401280403137,256.0
0.384765625,0.644144594669342,256.0,0.583984375,0.46875,0.69921875,0.5,348,0.6592124104499817,256.0
0.390625,0.6447082757949829,256.0,0.6015625,0.4921875,0.7109375,0.5,349,0.6448811292648315,256.0
0.412109375,0.6393998265266418,256.0,0.638671875,0.55078125,0.7265625,0.5,350,0.6348989605903625,256.0
0.44921875,0.635994017124176,256.0,0.6171875,0.56640625,0.66796875,0.5,351,0.6245010495185852,256.0
0.53515625,0.6402269601821899,256.0,0.59765625,0.6328125,0.5625,0.5,352,0.6501898169517517,256.0
0.466796875,0.6560607552528381,256.0,0.638671875,0.60546875,0.671875,0.5,353,0.6383761167526245,256.0
0.517578125,0.6473572254180908,256.0,0.611328125,0.62890625,0.59375,0.5,354,0.6468554735183716,256.0
0.498046875,0.6338794827461243,256.0,0.638671875,0.63671875,0.640625,0.5,355,0.6319913864135742,256.0
0.51953125,0.6483210325241089,256.0,0.51953125,0.5390625,0.5,0.5,356,0.6762943863868713,256.0
0.4921875,0.6393634080886841,256.0,0.609375,0.6015625,0.6171875,0.5,357,0.645904541015625,256.0
0.51953125,0.6540372371673584,256.0,0.5625,0.58203125,0.54296875,0.5,358,0.6596015691757202,256.0
0.4453125,0.6366851329803467,256.0,0.59765625,0.54296875,0.65234375,0.5,359,0.6483495831489563,256.0
0.349609375,0.6478325128555298,256.0,0.689453125,0.5390625,0.83984375,0.5,360,0.6166781187057495,256.0
0.48828125,0.6422836780548096,256.0,0.59375,0.58203125,0.60546875,0.5,361,0.6437566876411438,256.0
0.43359375,0.6427482962608337,256.0,0.640625,0.57421875,0.70703125,0.5,362,0.6344842314720154,256.0
0.41015625,0.6394868493080139,256.0,0.6484375,0.55859375,0.73828125,0.5,363,0.6287502646446228,256.0
0.4140625,0.6431847810745239,256.0,0.62109375,0.53515625,0.70703125,0.5,364,0.6327231526374817,256.0
0.40625,0.6417565941810608,256.0,0.58203125,0.48828125,0.67578125,0.5,365,0.6474324464797974,256.0
0.447265625,0.6441136002540588,256.0,0.583984375,0.53125,0.63671875,0.5,366,0.6420458555221558,256.0
0.548828125,0.6326761245727539,256.0,0.611328125,0.66015625,0.5625,0.5,367,0.6304213404655457,256.0
0.501953125,0.6529393196105957,256.0,0.599609375,0.6015625,0.59765625,0.5,368,0.6521484851837158,256.0
0.431640625,0.629004955291748,256.0,0.642578125,0.57421875,0.7109375,0.5,369,0.6256245970726013,256.0
0.51953125,0.6334217190742493,256.0,0.60546875,0.625,0.5859375,0.5,370,0.6244436502456665,256.0
0.509765625,0.6310088038444519,256.0,0.587890625,0.59765625,0.578125,0.5,371,0.6351134181022644,256.0
0.44140625,0.6346027851104736,256.0,0.625,0.56640625,0.68359375,0.5,372,0.6351767182350159,256.0
0.466796875,0.6344544887542725,256.0,0.607421875,0.57421875,0.640625,0.5,373,0.6312792301177979,256.0
0.486328125,0.6390194892883301,256.0,0.607421875,0.59375,0.62109375,0.5,374,0.64729243516922,256.0
0.3984375,0.6302825808525085,256.0,0.6484375,0.546875,0.75,0.5,375,0.6171814799308777,256.0
0.408203125,0.6307305097579956,256.0,0.615234375,0.5234375,0.70703125,0.5,376,0.6220054030418396,256.0
0.421875,0.6451824307441711,256.0,0.64453125,0.56640625,0.72265625,0.5,377,0.6367627382278442,256.0
0.3828125,0.6432226300239563,256.0,0.609375,0.4921875,0.7265625,0.5,378,0.6308609247207642,256.0
0.455078125,0.6308462023735046,256.0,0.634765625,0.58984375,0.6796875,0.5,379,0.6211222410202026,256.0
0.462890625,0.6438621282577515,256.0,0.603515625,0.56640625,0.640625,0.5,380,0.6433355808258057,256.0
0.41796875,0.6363766193389893,256.0,0.62890625,0.546875,0.7109375,0.5,381,0.6228896975517273,256.0
0.505859375,0.6402433514595032,256.0,0.630859375,0.63671875,0.625,0.5,382,0.6267105937004089,256.0
0.42578125,0.6453040838241577,256.0,0.609375,0.53515625,0.68359375,0.5,383,0.6595858931541443,256.0
0.44140625,0.6422709226608276,256.0,0.63671875,0.578125,0.6953125,0.5,384,0.6273368000984192,256.0
0.5234375,0.6345023512840271,256.0,0.6328125,0.65625,0.609375,0.5,385,0.6421811580657959,256.0
0.46484375,0.6361216902732849,256.0,0.640625,0.60546875,0.67578125,0.5,386,0.6324508190155029,256.0
0.458984375,0.6372656226158142,256.0,0.607421875,0.56640625,0.6484375,0.5,387,0.6422140598297119,256.0
0.466796875,0.6348171830177307,256.0,0.603515625,0.5703125,0.63671875,0.5,388,0.6309250593185425,256.0
0.513671875,0.6385136842727661,256.0,0.603515625,0.6171875,0.58984375,0.5,389,0.6368230581283569,256.0
0.43359375,0.6381679177284241,256.0,0.5625,0.49609375,0.62890625,0.5,390,0.6792809963226318,256.0
0.453125,0.6383594870567322,256.0,0.58984375,0.54296875,0.63671875,0.5,391,0.647431492805481,256.0
0.423828125,0.6386686563491821,256.0,0.580078125,0.50390625,0.65625,0.5,392,0.6470135450363159,256.0
0.3203125,0.6415885090827942,256.0,0.6015625,0.421875,0.78125,0.5,393,0.6473004817962646,256.0
0.416015625,0.6390753388404846,256.0,0.595703125,0.51171875,0.6796875,0.5,394,0.6390542387962341,256.0
0.392578125,0.634221613407135,256.0,0.646484375,0.5390625,0.75390625,0.5,395,0.628476619720459,256.0
0.431640625,0.6422314643859863,256.0,0.654296875,0.5859375,0.72265625,0.5,396,0.617974579334259,256.0
0.482421875,0.6412442922592163,256.0,0.685546875,0.66796875,0.703125,0.5,397,0.6091336607933044,256.0
0.529296875,0.6302186250686646,256.0,0.591796875,0.62109375,0.5625,0.5,398,0.6378217935562134,256.0
0.462890625,0.6335353851318359,256.0,0.587890625,0.55078125,0.625,0.5,399,0.6392194032669067,256.0
0.52734375,0.6393300294876099,256.0,0.609375,0.63671875,0.58203125,0.5,400,0.6424504518508911,256.0
0.482421875,0.6495340466499329,256.0,0.568359375,0.55078125,0.5859375,0.5,401,0.6655179858207703,256.0
0.46484375,0.637363076210022,256.0,0.625,0.58984375,0.66015625,0.5,402,0.6304754614830017,256.0
0.474609375,0.6455983519554138,256.0,0.599609375,0.57421875,0.625,0.5,403,0.6541500091552734,256.0
0.34375,0.6451724767684937,256.0,0.68359375,0.52734375,0.83984375,0.5,404,0.6175439357757568,256.0
0.388671875,0.6447452306747437,256.0,0.607421875,0.49609375,0.71875,0.5,405,0.6364937424659729,256.0
0.45703125,0.6307448148727417,256.0,0.640625,0.59765625,0.68359375,0.5,406,0.6130441427230835,256.0
0.453125,0.637629508972168,256.0,0.66015625,0.61328125,0.70703125,0.5,407,0.6117953062057495,256.0
0.408203125,0.6437034606933594,256.0,0.638671875,0.546875,0.73046875,0.5,408,0.6257185935974121,256.0
0.501953125,0.6428765058517456,256.0,0.568359375,0.5703125,0.56640625,0.5,409,0.6600092649459839,256.0
0.4140625,0.6337019801139832,256.0,0.62109375,0.53515625,0.70703125,0.5,410,0.6266400814056396,256.0
0.396484375,0.6337037682533264,256.0,0.642578125,0.5390625,0.74609375,0.5,411,0.63039630651474,256.0
0.427734375,0.6338241696357727,256.0,0.607421875,0.53515625,0.6796875,0.5,412,0.6479345560073853,256.0
0.3359375,0.6272081136703491,256.0,0.6640625,0.5,0.828125,0.5,413,0.6243593692779541,256.0
0.380859375,0.6253035068511963,256.0,0.607421875,0.48828125,0.7265625,0.5,414,0.636784553527832,256.0
0.404296875,0.6313214898109436,256.0,0.689453125,0.59375,0.78515625,0.5,415,0.6061155200004578,256.0
0.46484375,0.6292725801467896,256.0,0.6328125,0.59765625,0.66796875,0.5,416,0.6323165893554688,256.0
0.48046875,0.6324600577354431,256.0,0.6015625,0.58203125,0.62109375,0.5,417,0.6363790035247803,256.0
0.533203125,0.6241323351860046,256.0,0.646484375,0.6796875,0.61328125,0.5,418,0.6131967306137085,256.0
0.4375,0.6251766085624695,256.0,0.61328125,0.55078125,0.67578125,0.5,419,0.6186412572860718,256.0
0.4921875,0.6394823789596558,256.0,0.59765625,0.58984375,0.60546875,0.5,420,0.6406681537628174,256.0
0.416015625,0.6337671279907227,256.0,0.669921875,0.5859375,0.75390625,0.5,421,0.616132378578186,256.0
0.388671875,0.6377583742141724,256.0,0.646484375,0.53515625,0.7578125,0.5,422,0.6322001218795776,256.0
0.388671875,0.6355003118515015,256.0,0.666015625,0.5546875,0.77734375,0.5,423,0.6255820989608765,256.0
0.4921875,0.6343898773193359,256.0,0.6484375,0.640625,0.65625,0.5,424,0.6149197816848755,256.0
0.4375,0.6194372177124023,256.0,0.6484375,0.5859375,0.7109375,0.5,425,0.6141031980514526,256.0
0.5078125,0.6371089816093445,256.0,0.60546875,0.61328125,0.59765625,0.5,426,0.6388744711875916,256.0
0.447265625,0.6332994103431702,256.0,0.642578125,0.58984375,0.6953125,0.5,427,0.6291381120681763,256.0
0.4296875,0.6278822422027588,256.0,0.65625,0.5859375,0.7265625,0.5,428,0.6250568628311157,256.0
0.470703125,0.6336545944213867,256.0,0.619140625,0.58984375,0.6484375,0.5,429,0.6441749334335327,256.0
0.43359375,0.6109049916267395,256.0,0.6328125,0.56640625,0.69921875,0.5,430,0.6121829748153687,256.0
0.396484375,0.6389991641044617,256.0,0.619140625,0.515625,0.72265625,0.5,431,0.6419242024421692,256.0
0.419921875,0.6154611706733704,256.0,0.626953125,0.546875,0.70703125,0.5,432,0.6172710657119751,256.0
0.4453125,0.6282914280891418,256.0,0.6015625,0.546875,0.65625,0.5,433,0.6269723176956177,256.0
0.443359375,0.6193971633911133,256.0,0.634765625,0.578125,0.69140625,0.5,434,0.6213498711585999,256.0
0.5078125,0.6232475638389587,256.0,0.5703125,0.578125,0.5625,0.5,435,0.6510324478149414,256.0
0.4609375,0.6184163093566895,256.0,0.6484375,0.609375,0.6875,0.5,436,0.6117256283760071,256.0
0.419921875,0.6185822486877441,256.0,0.630859375,0.55078125,0.7109375,0.5,437,0.6254115104675293,256.0
0.388671875,0.6153566241264343,256.0,0.654296875,0.54296875,0.765625,0.5,438,0.6058743000030518,256.0
0.357421875,0.6318345069885254,256.0,0.666015625,0.5234375,0.80859375,0.5,439,0.6143012642860413,256.0
0.4140625,0.6268022060394287,256.0,0.6171875,0.53125,0.703125,0.5,440,0.6376090049743652,256.0
0.3828125,0.6316877603530884,256.0,0.640625,0.5234375,0.7578125,0.5,441,0.6109744310379028,256.0
0.4453125,0.6283355355262756,256.0,0.63671875,0.58203125,0.69140625,0.5,442,0.6268284320831299,256.0
0.470703125,0.6346638202667236,256.0,0.583984375,0.5546875,0.61328125,0.5,443,0.6575404405593872,256.0
0.466796875,0.6243034601211548,256.0,0.583984375,0.55078125,0.6171875,0.5,444,0.6337485313415527,256.0
0.421875,0.6277180910110474,256.0,0.6171875,0.5390625,0.6953125,0.5,445,0.6184176802635193,256.0
0.388671875,0.6353411078453064,256.0,0.642578125,0.53125,0.75390625,0.5,446,0.6330440044403076,256.0
0.38671875,0.6276790499687195,256.0,0.640625,0.52734375,0.75390625,0.5,447,0.632565975189209,256.0
0.361328125,0.636111855506897,256.0,0.666015625,0.52734375,0.8046875,0.5,448,0.6161332130432129,256.0
0.46484375,0.6265588998794556,256.0,0.640625,0.60546875,0.67578125,0.5,449,0.6185480356216431,256.0
0.447265625,0.6245378255844116,256.0,0.646484375,0.59375,0.69921875,0.5,450,0.6025775671005249,256.0
0.4296875,0.6127314567565918,256.0,0.66015625,0.58984375,0.73046875,0.5,451,0.5910236835479736,256.0
0.44140625,0.6293100118637085,256.0,0.66796875,0.609375,0.7265625,0.5,452,0.6224286556243896,256.0
0.4609375,0.627254843711853,256.0,0.62890625,0.58984375,0.66796875,0.5,453,0.6272456049919128,256.0
0.35546875,0.6258610486984253,256.0,0.66796875,0.5234375,0.8125,0.5,454,0.6075734496116638,256.0
0.416015625,0.6211524605751038,256.0,0.611328125,0.52734375,0.6953125,0.5,455,0.633401095867157,256.0
0.43359375,0.6237732768058777,256.0,0.62890625,0.5625,0.6953125,0.5,456,0.6307905912399292,256.0
0.404296875,0.6334405541419983,256.0,0.630859375,0.53515625,0.7265625,0.5,457,0.660123884677887,256.0
0.517578125,0.6296568512916565,256.0,0.630859375,0.6484375,0.61328125,0.5,458,0.6378006935119629,256.0
0.4609375,0.6154413223266602,256.0,0.63671875,0.59765625,0.67578125,0.5,459,0.6008948087692261,256.0
0.52734375,0.6282612085342407,256.0,0.58984375,0.6171875,0.5625,0.5,460,0.6554481983184814,256.0
0.4140625,0.6137213706970215,256.0,0.66796875,0.58203125,0.75390625,0.5,461,0.6016741394996643,256.0
0.390625,0.6131420135498047,256.0,0.5859375,0.4765625,0.6953125,0.5,462,0.6426520347595215,256.0
0.375,0.6143935322761536,256.0,0.59375,0.46875,0.71875,0.5,463,0.6183816194534302,256.0
0.427734375,0.6207212209701538,256.0,0.603515625,0.53125,0.67578125,0.5,464,0.6431301236152649,256.0
0.443359375,0.6282575726509094,256.0,0.576171875,0.51953125,0.6328125,0.5,465,0.6544405817985535,256.0
0.41015625,0.6202787160873413,256.0,0.640625,0.55078125,0.73046875,0.5,466,0.6311087608337402,256.0
0.423828125,0.6296243071556091,256.0,0.646484375,0.5703125,0.72265625,0.5,467,0.6140193939208984,256.0
0.447265625,0.6316006183624268,256.0,0.591796875,0.5390625,0.64453125,0.5,468,0.6272609829902649,256.0
0.521484375,0.6238406896591187,256.0,0.646484375,0.66796875,0.625,0.5,469,0.6300321221351624,256.0
0.486328125,0.6297838687896729,256.0,0.591796875,0.578125,0.60546875,0.5,470,0.6461359858512878,256.0
0.396484375,0.6233456134796143,256.0,0.646484375,0.54296875,0.75,0.5,471,0.6522337198257446,256.0
0.359375,0.630839467048645,256.0,0.6328125,0.4921875,0.7734375,0.5,472,0.6314563155174255,256.0
0.404296875,0.6337057948112488,256.0,0.587890625,0.4921875,0.68359375,0.5,473,0.6537517309188843,256.0
0.431640625,0.6223858594894409,256.0,0.615234375,0.546875,0.68359375,0.5,474,0.6429378986358643,256.0
0.46484375,0.6179355382919312,256.0,0.58984375,0.5546875,0.625,0.5,475,0.6389261484146118,256.0
0.412109375,0.6283189058303833,256.0,0.666015625,0.578125,0.75390625,0.5,476,0.6037415266036987,256.0
0.46875,0.6308447122573853,256.0,0.67578125,0.64453125,0.70703125,0.5,477,0.5991126298904419,256.0
0.45703125,0.630488395690918,256.0,0.65234375,0.609375,0.6953125,0.5,478,0.6123878955841064,256.0
0.421875,0.639733076095581,256.0,0.609375,0.53125,0.6875,0.5,479,0.6290756464004517,256.0
0.462890625,0.6287375688552856,256.0,0.634765625,0.59765625,0.671875,0.5,480,0.6154159903526306,256.0
0.431640625,0.615180253982544,256.0,0.634765625,0.56640625,0.703125,0.5,481,0.6113840341567993,256.0
0.458984375,0.6282824277877808,256.0,0.599609375,0.55859375,0.640625,0.5,482,0.6467257738113403,256.0
0.38671875,0.6339849829673767,256.0,0.6640625,0.55078125,0.77734375,0.5,483,0.6137853860855103,256.0
0.349609375,0.6227329969406128,256.0,0.681640625,0.53125,0.83203125,0.5,484,0.6005209684371948,256.0
0.373046875,0.6161020398139954,256.0,0.677734375,0.55078125,0.8046875,0.5,485,0.6052274703979492,256.0
0.380859375,0.6098856329917908,256.0,0.658203125,0.5390625,0.77734375,0.5,486,0.6010669469833374,256.0
0.4609375,0.6232909560203552,256.0,0.6171875,0.578125,0.65625,0.5,487,0.6201593279838562,256.0
0.5234375,0.6166892051696777,256.0,0.61328125,0.63671875,0.58984375,0.5,488,0.626713216304779,256.0
0.46875,0.6080440878868103,256.0,0.66015625,0.62890625,0.69140625,0.5,489,0.5970314145088196,256.0
0.478515625,0.6304976940155029,256.0,0.611328125,0.58984375,0.6328125,0.5,490,0.6413142681121826,256.0
0.490234375,0.6185376048088074,256.0,0.646484375,0.63671875,0.65625,0.5,491,0.6196860074996948,256.0
0.39453125,0.6246113777160645,256.0,0.671875,0.56640625,0.77734375,0.5,492,0.6235109567642212,256.0
0.470703125,0.6094856262207031,256.0,0.595703125,0.56640625,0.625,0.5,493,0.6363343000411987,256.0
0.396484375,0.5921013951301575,256.0,0.658203125,0.5546875,0.76171875,0.5,494,0.5785962343215942,256.0
0.42578125,0.6146872639656067,256.0,0.609375,0.53515625,0.68359375,0.5,495,0.6370024681091309,256.0
0.462890625,0.6284372210502625,256.0,0.626953125,0.58984375,0.6640625,0.5,496,0.6343881487846375,256.0
0.462890625,0.6157321929931641,256.0,0.650390625,0.61328125,0.6875,0.5,497,0.6000693440437317,256.0
0.384765625,0.6269968748092651,256.0,0.634765625,0.51953125,0.75,0.5,498,0.6245700120925903,256.0
0.390625,0.630560040473938,256.0,0.59765625,0.48828125,0.70703125,0.5,499,0.6339714527130127,256.0
0.451171875,0.6202791333198547,256.0,0.595703125,0.546875,0.64453125,0.5,500,0.6475563049316406,256.0
0.474609375,0.6256849765777588,256.0,0.611328125,0.5859375,0.63671875,0.5,501,0.6298505067825317,256.0
0.44921875,0.6127404570579529,256.0,0.64453125,0.59375,0.6953125,0.5,502,0.6010755300521851,256.0
0.427734375,0.6127690672874451,256.0,0.650390625,0.578125,0.72265625,0.5,503,0.622471034526825,256.0
0.412109375,0.6307362914085388,256.0,0.603515625,0.515625,0.69140625,0.5,504,0.6388242840766907,256.0
0.39453125,0.6183779835700989,256.0,0.6171875,0.51171875,0.72265625,0.5,505,0.6005465984344482,256.0
0.427734375,0.6343591213226318,256.0,0.611328125,0.5390625,0.68359375,0.5,506,0.6512764692306519,256.0
0.44921875,0.6185444593429565,256.0,0.63671875,0.5859375,0.6875,0.5,507,0.6064187288284302,256.0
0.423828125,0.6386277675628662,256.0,0.576171875,0.5,0.65234375,0.5,508,0.6455703973770142,256.0
0.43359375,0.6223699450492859,256.0,0.6953125,0.62890625,0.76171875,0.5,509,0.6159945726394653,256.0
0.466796875,0.6386921405792236,256.0,0.642578125,0.609375,0.67578125,0.5,510,0.6271370649337769,256.0
0.39453125,0.6200302839279175,256.0,0.69140625,0.5859375,0.796875,0.5,511,0.6043505668640137,256.0
0.435546875,0.6121558547019958,256.0,0.681640625,0.6171875,0.74609375,0.5,512,0.5780171155929565,256.0
0.4375,0.6302449107170105,256.0,0.6796875,0.6171875,0.7421875,0.5,513,0.600827693939209,256.0
0.365234375,0.6200611591339111,256.0,0.662109375,0.52734375,0.796875,0.5,514,0.5916217565536499,256.0
0.3828125,0.6220411062240601,256.0,0.62109375,0.50390625,0.73828125,0.5,515,0.6199447512626648,256.0
0.35546875,0.6175344586372375,256.0,0.6484375,0.50390625,0.79296875,0.5,516,0.5999809503555298,256.0
0.421875,0.6189417243003845,256.0,0.6171875,0.5390625,0.6953125,0.5,517,0.6146504878997803,256.0
0.404296875,0.628860354423523,256.0,0.673828125,0.578125,0.76953125,0.5,518,0.6155287027359009,256.0
0.380859375,0.6279301047325134,256.0,0.607421875,0.48828125,0.7265625,0.5,519,0.6427871584892273,256.0
0.380859375,0.6240346431732178,256.0,0.634765625,0.515625,0.75390625,0.5,520,0.6127470135688782,256.0
0.421875,0.6046839952468872,256.0,0.64453125,0.56640625,0.72265625,0.5,521,0.5962191820144653,256.0
0.419921875,0.6194794178009033,256.0,0.662109375,0.58203125,0.7421875,0.5,522,0.6136482357978821,256.0
0.4375,0.6130085587501526,256.0,0.6484375,0.5859375,0.7109375,0.5,523,0.5937373638153076,256.0
0.384765625,0.6202100515365601,256.0,0.638671875,0.5234375,0.75390625,0.5,524,0.6074647903442383,256.0
0.421875,0.6172438859939575,256.0,0.6171875,0.5390625,0.6953125,0.5,525,0.6198834776878357,256.0
0.462890625,0.6099501848220825,256.0,0.595703125,0.55859375,0.6328125,0.5,526,0.6388542652130127,256.0
0.357421875,0.6092082858085632,256.0,0.693359375,0.55078125,0.8359375,0.5,527,0.5947259664535522,256.0
0.453125,0.6150428056716919,256.0,0.71875,0.671875,0.765625,0.5,528,0.6045373678207397,256.0
0.45703125,0.6220905780792236,256.0,0.6875,0.64453125,0.73046875,0.5,529,0.5952984094619751,256.0
0.4453125,0.6190657019615173,256.0,0.6171875,0.5625,0.671875,0.5,530,0.6205854415893555,256.0
0.427734375,0.613402247428894,256.0,0.626953125,0.5546875,0.69921875,0.5,531,0.61855548620224,256.0
0.443359375,0.6071556806564331,256.0,0.611328125,0.5546875,0.66796875,0.5,532,0.6164844632148743,256.0
0.3828125,0.6083749532699585,256.0,0.6484375,0.53125,0.765625,0.5,533,0.6065989136695862,256.0
0.390625,0.6082926988601685,256.0,0.6640625,0.5546875,0.7734375,0.5,534,0.5943971872329712,256.0
0.447265625,0.6127769351005554,256.0,0.642578125,0.58984375,0.6953125,0.5,535,0.6071370840072632,256.0
0.404296875,0.61678147315979,256.0,0.642578125,0.546875,0.73828125,0.5,536,0.6107885837554932,256.0
0.388671875,0.6178992986679077,256.0,0.666015625,0.5546875,0.77734375,0.5,537,0.6140526533126831,256.0
0.447265625,0.6057795286178589,256.0,0.693359375,0.640625,0.74609375,0.5,538,0.5724879503250122,256.0
0.462890625,0.6143035888671875,256.0,0.724609375,0.6875,0.76171875,0.5,539,0.5651452541351318,256.0
0.43359375,0.6180329322814941,256.0,0.6953125,0.62890625,0.76171875,0.5,540,0.5855240225791931,256.0
0.4296875,0.6120687127113342,256.0,0.60546875,0.53515625,0.67578125,0.5,541,0.6299037933349609,256.0
0.35546875,0.6101287603378296,256.0,0.67578125,0.53125,0.8203125,0.5,542,0.5952608585357666,256.0
0.416015625,0.6021794080734253,256.0,0.623046875,0.5390625,0.70703125,0.5,543,0.6102078557014465,256.0
0.427734375,0.5986464023590088,256.0,0.587890625,0.515625,0.66015625,0.5,544,0.6587897539138794,256.0
0.435546875,0.6116266250610352,256.0,0.650390625,0.5859375,0.71484375,0.5,545,0.6101136207580566,256.0
0.43359375,0.606458306312561,256.0,0.66796875,0.6015625,0.734375,0.5,546,0.6054590940475464,256.0
0.4375,0.6140762567520142,256.0,0.65234375,0.58984375,0.71484375,0.5,547,0.5945852994918823,256.0
0.3984375,0.6054531335830688,256.0,0.6640625,0.5625,0.765625,0.5,548,0.5855906009674072,256.0
0.421875,0.6044334769248962,256.0,0.6875,0.609375,0.765625,0.5,549,0.6010369658470154,256.0
0.36328125,0.6191051006317139,256.0,0.640625,0.50390625,0.77734375,0.5,550,0.6162880063056946,256.0
0.34375,0.6042762994766235,256.0,0.6484375,0.4921875,0.8046875,0.5,551,0.5972109436988831,256.0
0.42578125,0.5976951122283936,256.0,0.640625,0.56640625,0.71484375,0.5,552,0.6203757524490356,256.0
0.392578125,0.6061829328536987,256.0,0.728515625,0.62109375,0.8359375,0.5,553,0.5551843047142029,256.0
0.4296875,0.6138142347335815,256.0,0.69921875,0.62890625,0.76953125,0.5,554,0.585372805595398,256.0
0.4765625,0.6032384634017944,256.0,0.66796875,0.64453125,0.69140625,0.5,555,0.601546049118042,256.0
0.498046875,0.596145749092102,256.0,0.666015625,0.6640625,0.66796875,0.5,556,0.5926104784011841,256.0
0.486328125,0.6093430519104004,256.0,0.642578125,0.62890625,0.65625,0.5,557,0.6090037822723389,256.0
0.416015625,0.5921494960784912,256.0,0.646484375,0.5625,0.73046875,0.5,558,0.6063244342803955,256.0
0.375,0.6015239953994751,256.0,0.640625,0.515625,0.765625,0.5,559,0.6044222116470337,256.0
0.33984375,0.5931169390678406,256.0,0.640625,0.48046875,0.80078125,0.5,560,0.6191139817237854,256.0
0.322265625,0.5875903367996216,256.0,0.634765625,0.45703125,0.8125,0.5,561,0.5976871252059937,256.0
0.35546875,0.6188450455665588,256.0,0.6640625,0.51953125,0.80859375,0.5,562,0.6086519956588745,256.0
0.466796875,0.6027059555053711,256.0,0.634765625,0.6015625,0.66796875,0.5,563,0.6079102754592896,256.0
0.462890625,0.5982567667961121,256.0,0.638671875,0.6015625,0.67578125,0.5,564,0.6045128107070923,256.0
0.470703125,0.6009712219238281,256.0,0.646484375,0.6171875,0.67578125,0.5,565,0.6170401573181152,256.0
0.525390625,0.6043591499328613,256.0,0.630859375,0.65625,0.60546875,0.5,566,0.5986157655715942,256.0
0.388671875,0.6133596301078796,256.0,0.666015625,0.5546875,0.77734375,0.5,567,0.5982770919799805,256.0
0.373046875,0.5997790694236755,256.0,0.677734375,0.55078125,0.8046875,0.5,568,0.587891697883606,256.0
0.373046875,0.6027030944824219,256.0,0.623046875,0.49609375,0.75,0.5,569,0.6166817545890808,256.0
0.392578125,0.6167407631874084,256.0,0.673828125,0.56640625,0.78125,0.5,570,0.5857152938842773,256.0
0.40625,0.6140430569648743,256.0,0.7109375,0.6171875,0.8046875,0.5,571,0.5719214677810669,256.0
0.4453125,0.604594349861145,256.0,0.62109375,0.56640625,0.67578125,0.5,572,0.6242774724960327,256.0
0.462890625,0.5943281650543213,256.0,0.650390625,0.61328125,0.6875,0.5,573,0.585649847984314,256.0
0.423828125,0.5894919037818909,256.0,0.673828125,0.59765625,0.75,0.5,574,0.5911689400672913,256.0
0.41015625,0.6074474453926086,256.0,0.6328125,0.54296875,0.72265625,0.5,575,0.621242880821228,256.0
0.361328125,0.5944402813911438,256.0,0.615234375,0.4765625,0.75390625,0.5,576,0.6399349570274353,256.0
0.375,0.6212606430053711,256.0,0.6953125,0.5703125,0.8203125,0.5,577,0.594433069229126,256.0
0.443359375,0.623967707157135,256.0,0.630859375,0.57421875,0.6875,0.5,578,0.6324710249900818,256.0
0.40234375,0.6121708154678345,256.0,0.6640625,0.56640625,0.76171875,0.5,579,0.593245267868042,256.0
0.439453125,0.6065700054168701,256.0,0.677734375,0.6171875,0.73828125,0.5,580,0.5855125188827515,256.0
0.419921875,0.5850193500518799,256.0,0.642578125,0.5625,0.72265625,0.5,581,0.5963609218597412,256.0
0.4296875,0.5901597738265991,256.0,0.66796875,0.59765625,0.73828125,0.5,582,0.5683176517486572,256.0
0.416015625,0.6004069447517395,256.0,0.701171875,0.6171875,0.78515625,0.5,583,0.5726192593574524,256.0
0.4375,0.5866330862045288,256.0,0.671875,0.609375,0.734375,0.5,584,0.5729966163635254,256.0
0.4609375,0.6206085681915283,256.0,0.62890625,0.58984375,0.66796875,0.5,585,0.618797779083252,256.0
0.412109375,0.5997596979141235,256.0,0.662109375,0.57421875,0.75,0.5,586,0.5897731184959412,256.0
0.4375,0.607998251914978,256.0,0.67578125,0.61328125,0.73828125,0.5,587,0.5845319032669067,256.0
0.41796875,0.609890341758728,256.0,0.65234375,0.5703125,0.734375,0.5,588,0.5972883701324463,256.0
0.400390625,0.6126282215118408,256.0,0.681640625,0.58203125,0.78125,0.5,589,0.6014291048049927,256.0
0.4296875,0.5985574722290039,256.0,0.65234375,0.58203125,0.72265625,0.5,590,0.5869658589363098,256.0
0.412109375,0.6069395542144775,256.0,0.626953125,0.5390625,0.71484375,0.5,591,0.5960829854011536,256.0
0.412109375,0.600692868232727,256.0,0.607421875,0.51953125,0.6953125,0.5,592,0.6155078411102295,256.0
0.392578125,0.5905311107635498,256.0,0.634765625,0.52734375,0.7421875,0.5,593,0.59409099817276,256.0
0.41015625,0.6035158038139343,256.0,0.61328125,0.5234375,0.703125,0.5,594,0.6195305585861206,256.0
0.396484375,0.6002921462059021,256.0,0.638671875,0.53515625,0.7421875,0.5,595,0.607179582118988,256.0
0.416015625,0.5988073348999023,256.0,0.650390625,0.56640625,0.734375,0.5,596,0.5855193734169006,256.0
0.369140625,0.6082630753517151,256.0,0.669921875,0.5390625,0.80078125,0.5,597,0.6117206811904907,256.0
0.4375,0.6096807718276978,256.0,0.67578125,0.61328125,0.73828125,0.5,598,0.5997694730758667,256.0
0.41015625,0.6135751605033875,256.0,0.66015625,0.5703125,0.75,0.5,599,0.5957245826721191,256.0
0.41015625,0.6011561155319214,256.0,0.671875,0.58203125,0.76171875,0.5,600,0.5783488750457764,256.0
0.4296875,0.6100273132324219,256.0,0.6796875,0.609375,0.75,0.5,601,0.5908961296081543,256.0
0.412109375,0.6072672605514526,256.0,0.630859375,0.54296875,0.71875,0.5,602,0.6007312536239624,256.0
0.408203125,0.6169047355651855,256.0,0.607421875,0.515625,0.69921875,0.5,603,0.6316852569580078,256.0
0.408203125,0.6161625385284424,256.0,0.654296875,0.5625,0.74609375,0.5,604,0.6011663675308228,256.0
0.421875,0.6062411665916443,256.0,0.66796875,0.58984375,0.74609375,0.5,605,0.592353105545044,256.0
0.359375,0.6240906715393066,256.0,0.7109375,0.5703125,0.8515625,0.5,606,0.5829716920852661,256.0
0.42578125,0.6107132434844971,256.0,0.66796875,0.59375,0.7421875,0.5,607,0.5871593952178955,256.0
0.404296875,0.5994189977645874,256.0,0.693359375,0.59765625,0.7890625,0.5,608,0.574728786945343,256.0
0.412109375,0.5920474529266357,256.0,0.677734375,0.58984375,0.765625,0.5,609,0.5781341791152954,256.0
0.40625,0.605999231338501,256.0,0.65625,0.5625,0.75,0.5,610,0.5991752743721008,256.0
0.443359375,0.5895886421203613,256.0,0.658203125,0.6015625,0.71484375,0.5,611,0.5925592184066772,256.0
0.421875,0.5910695791244507,256.0,0.6484375,0.5703125,0.7265625,0.5,612,0.5974801778793335,256.0
0.41015625,0.6217980980873108,256.0,0.67578125,0.5859375,0.765625,0.5,613,0.6128811836242676,256.0
0.423828125,0.6009995937347412,256.0,0.669921875,0.59375,0.74609375,0.5,614,0.5763856172561646,256.0
0.3515625,0.609826385974884,256.0,0.703125,0.5546875,0.8515625,0.5,615,0.5739419460296631,256.0
0.4375,0.5931212902069092,256.0,0.65234375,0.58984375,0.71484375,0.5,616,0.5908611416816711,256.0
0.416015625,0.5924885272979736,256.0,0.658203125,0.57421875,0.7421875,0.5,617,0.5846579670906067,256.0
0.373046875,0.6012181043624878,256.0,0.724609375,0.59765625,0.8515625,0.5,618,0.5498106479644775,256.0
0.447265625,0.5918021202087402,256.0,0.658203125,0.60546875,0.7109375,0.5,619,0.5936738848686218,256.0
0.40625,0.5942034125328064,256.0,0.6796875,0.5859375,0.7734375,0.5,620,0.5676286220550537,256.0
0.41015625,0.580551266670227,256.0,0.6484375,0.55859375,0.73828125,0.5,621,0.5848813652992249,256.0
0.35546875,0.6043500900268555,256.0,0.6796875,0.53515625,0.82421875,0.5,622,0.5729451179504395,256.0
0.408203125,0.6016441583633423,256.0,0.634765625,0.54296875,0.7265625,0.5,623,0.5946704745292664,256.0
0.384765625,0.5976191759109497,256.0,0.720703125,0.60546875,0.8359375,0.5,624,0.556169331073761,256.0
0.404296875,0.582305908203125,256.0,0.642578125,0.546875,0.73828125,0.5,625,0.5909556150436401,256.0
0.380859375,0.5815167427062988,256.0,0.681640625,0.5625,0.80078125,0.5,626,0.5705064535140991,256.0
0.390625,0.5997903347015381,256.0,0.66015625,0.55078125,0.76953125,0.5,627,0.5891876220703125,256.0
0.41015625,0.5923880338668823,256.0,0.64453125,0.5546875,0.734375,0.5,628,0.602279782295227,256.0
0.466796875,0.5893679857254028,256.0,0.697265625,0.6640625,0.73046875,0.5,629,0.5726478099822998,256.0
0.4140625,0.6071650981903076,256.0,0.68359375,0.59765625,0.76953125,0.5,630,0.5858860015869141,256.0
0.4375,0.5922274589538574,256.0,0.67578125,0.61328125,0.73828125,0.5,631,0.5662654638290405,256.0
0.4140625,0.5942529439926147,256.0,0.69140625,0.60546875,0.77734375,0.5,632,0.5703245401382446,256.0
0.38671875,0.6020161509513855,256.0,0.66796875,0.5546875,0.78125,0.5,633,0.5981127023696899,256.0
0.392578125,0.5807158946990967,256.0,0.708984375,0.6015625,0.81640625,0.5,634,0.5659967064857483,256.0
0.4296875,0.5586739778518677,256.0,0.65234375,0.58203125,0.72265625,0.5,635,0.5663069486618042,256.0
0.455078125,0.5936043858528137,256.0,0.658203125,0.61328125,0.703125,0.5,636,0.5975862741470337,256.0
0.4375,0.564298152923584,256.0,0.6953125,0.6328125,0.7578125,0.5,637,0.5525345206260681,256.0
0.4296875,0.5891174077987671,256.0,0.69140625,0.62109375,0.76171875,0.5,638,0.5565170049667358,256.0
0.376953125,0.5972068905830383,256.0,0.693359375,0.5703125,0.81640625,0.5,639,0.5725492238998413,256.0
0.41796875,0.5901778936386108,256.0,0.69921875,0.6171875,0.78125,0.5,640,0.5544991493225098,256.0
0.384765625,0.5892214179039001,256.0,0.701171875,0.5859375,0.81640625,0.5,641,0.5484267473220825,256.0
0.376953125,0.5875804424285889,256.0,0.740234375,0.6171875,0.86328125,0.5,642,0.5551227331161499,256.0
0.3828125,0.5798860788345337,256.0,0.703125,0.5859375,0.8203125,0.5,643,0.55836421251297,256.0
0.44921875,0.5812897682189941,256.0,0.67578125,0.625,0.7265625,0.5,644,0.5685980916023254,256.0
0.47265625,0.5845125913619995,256.0,0.67578125,0.6484375,0.703125,0.5,645,0.5922707319259644,256.0
0.392578125,0.5796476602554321,256.0,0.634765625,0.52734375,0.7421875,0.5,646,0.6008755564689636,256.0
0.45703125,0.5809195041656494,256.0,0.66015625,0.6171875,0.703125,0.5,647,0.5813585519790649,256.0
0.427734375,0.5854941606521606,256.0,0.705078125,0.6328125,0.77734375,0.5,648,0.5768458843231201,256.0
0.357421875,0.5817501544952393,256.0,0.712890625,0.5703125,0.85546875,0.5,649,0.547268271446228,256.0
0.359375,0.5809725522994995,256.0,0.72265625,0.58203125,0.86328125,0.5,650,0.5503625273704529,256.0
0.44921875,0.5852459669113159,256.0,0.6640625,0.61328125,0.71484375,0.5,651,0.5894788503646851,256.0
0.439453125,0.5842740535736084,256.0,0.697265625,0.63671875,0.7578125,0.5,652,0.5708214640617371,256.0
0.38671875,0.5770649909973145,256.0,0.70703125,0.59375,0.8203125,0.5,653,0.5540225505828857,256.0
0.40234375,0.5821117162704468,256.0,0.69921875,0.6015625,0.796875,0.5,654,0.5617129802703857,256.0
0.44140625,0.5793143510818481,256.0,0.64453125,0.5859375,0.703125,0.5,655,0.5947127342224121,256.0
0.33984375,0.5857291221618652,256.0,0.6796875,0.51953125,0.83984375,0.5,656,0.5725350975990295,256.0
0.3828125,0.5947833061218262,256.0,0.70703125,0.58984375,0.82421875,0.5,657,0.5757575631141663,256.0
0.376953125,0.5820817351341248,256.0,0.701171875,0.578125,0.82421875,0.5,658,0.5567269325256348,256.0
0.404296875,0.6030458211898804,256.0,0.720703125,0.625,0.81640625,0.5,659,0.5658688545227051,256.0
0.4296875,0.5759620666503906,256.0,0.72265625,0.65234375,0.79296875,0.5,660,0.5429868698120117,256.0
0.4453125,0.5701234936714172,256.0,0.66796875,0.61328125,0.72265625,0.5,661,0.5903738737106323,256.0
0.453125,0.5893096923828125,256.0,0.66796875,0.62109375,0.71484375,0.5,662,0.5862773656845093,256.0
0.43359375,0.5800144076347351,256.0,0.65625,0.58984375,0.72265625,0.5,663,0.5799207091331482,256.0
0.4453125,0.5752406716346741,256.0,0.66796875,0.61328125,0.72265625,0.5,664,0.5806437134742737,256.0
0.3671875,0.5755817890167236,256.0,0.69921875,0.56640625,0.83203125,0.5,665,0.5462841391563416,256.0
0.310546875,0.5928842425346375,256.0,0.677734375,0.48828125,0.8671875,0.5,666,0.6087509393692017,256.0
0.345703125,0.5680283904075623,256.0,0.716796875,0.5625,0.87109375,0.5,667,0.5647333860397339,256.0
0.390625,0.5877353549003601,256.0,0.69140625,0.58203125,0.80078125,0.5,668,0.579958438873291,256.0
0.427734375,0.5721811056137085,256.0,0.681640625,0.609375,0.75390625,0.5,669,0.5751057267189026,256.0
0.4296875,0.5572265386581421,256.0,0.7265625,0.65625,0.796875,0.5,670,0.5200585722923279,256.0
0.474609375,0.5789726972579956,256.0,0.650390625,0.625,0.67578125,0.5,671,0.5868226289749146,256.0
0.4140625,0.573652982711792,256.0,0.6953125,0.609375,0.78125,0.5,672,0.5670784711837769,256.0
0.37109375,0.580569863319397,256.0,0.66796875,0.5390625,0.796875,0.5,673,0.5871521234512329,256.0
0.3828125,0.5831059217453003,256.0,0.6953125,0.578125,0.8125,0.5,674,0.5738863945007324,256.0
0.375,0.5894029140472412,256.0,0.734375,0.609375,0.859375,0.5,675,0.5491282939910889,256.0
0.412109375,0.578931450843811,256.0,0.669921875,0.58203125,0.7578125,0.5,676,0.5881267786026001,256.0
0.447265625,0.5780880451202393,256.0,0.681640625,0.62890625,0.734375,0.5,677,0.579465389251709,256.0
0.41015625,0.5926797389984131,256.0,0.765625,0.67578125,0.85546875,0.5,678,0.5353968143463135,256.0
0.375,0.5819715261459351,256.0,0.7109375,0.5859375,0.8359375,0.5,679,0.5498048663139343,256.0
0.4140625,0.5831502676010132,256.0,0.6953125,0.609375,0.78125,0.5,680,0.5783646106719971,256.0
0.421875,0.5770376920700073,256.0,0.67578125,0.59765625,0.75390625,0.5,681,0.5756413340568542,256.0
0.390625,0.5809537172317505,256.0,0.66015625,0.55078125,0.76953125,0.5,682,0.5830193758010864,256.0
0.392578125,0.5648730993270874,256.0,0.724609375,0.6171875,0.83203125,0.5,683,0.5642126202583313,256.0
0.396484375,0.5731655955314636,256.0,0.732421875,0.62890625,0.8359375,0.5,684,0.5320782661437988,256.0
0.359375,0.5813792943954468,256.0,0.7578125,0.6171875,0.8984375,0.5,685,0.5306239724159241,256.0
0.451171875,0.5694079399108887,256.0,0.673828125,0.625,0.72265625,0.5,686,0.5851342678070068,256.0
0.42578125,0.567992091178894,256.0,0.73828125,0.6640625,0.8125,0.5,687,0.5409582853317261,256.0
0.43359375,0.56327223777771,256.0,0.7265625,0.66015625,0.79296875,0.5,688,0.5489897131919861,256.0
0.443359375,0.5584571361541748,256.0,0.603515625,0.546875,0.66015625,0.5,689,0.6300622820854187,256.0
0.478515625,0.56094890832901,256.0,0.650390625,0.62890625,0.671875,0.5,690,0.6063522100448608,256.0
0.369140625,0.5730587244033813,256.0,0.681640625,0.55078125,0.8125,0.5,691,0.5745025873184204,256.0
0.357421875,0.5769699811935425,256.0,0.607421875,0.46484375,0.75,0.5,692,0.6422114372253418,256.0
0.341796875,0.5629899501800537,256.0,0.724609375,0.56640625,0.8828125,0.5,693,0.541135311126709,256.0
0.3828125,0.5632855892181396,256.0,0.7109375,0.59375,0.828125,0.5,694,0.551591694355011,256.0
0.345703125,0.5946230888366699,256.0,0.685546875,0.53125,0.83984375,0.5,695,0.588833749294281,256.0
0.40625,0.583824872970581,256.0,0.73046875,0.63671875,0.82421875,0.5,696,0.5442708134651184,256.0
0.439453125,0.5720611810684204,256.0,0.685546875,0.625,0.74609375,0.5,697,0.5734595656394958,256.0
0.4765625,0.5707141160964966,256.0,0.72265625,0.69921875,0.74609375,0.5,698,0.5555269718170166,256.0
0.466796875,0.5940750241279602,256.0,0.642578125,0.609375,0.67578125,0.5,699,0.6110807657241821,256.0
0.40234375,0.5789955854415894,256.0,0.7265625,0.62890625,0.82421875,0.5,700,0.538488507270813,256.0
0.380859375,0.5845229625701904,256.0,0.716796875,0.59765625,0.8359375,0.5,701,0.5454656481742859,256.0
0.357421875,0.5673391222953796,256.0,0.693359375,0.55078125,0.8359375,0.5,702,0.5440084934234619,256.0
0.302734375,0.5901119709014893,256.0,0.689453125,0.4921875,0.88671875,0.5,703,0.583785891532898,256.0
0.357421875,0.5741034150123596,256.0,0.689453125,0.546875,0.83203125,0.5,704,0.5623563528060913,256.0
0.421875,0.5515966415405273,256.0,0.703125,0.625,0.78125,0.5,705,0.5395020246505737,256.0
0.4765625,0.5741109251976013,256.0,0.63671875,0.61328125,0.66015625,0.5,706,0.6169643998146057,256.0
0.482421875,0.5655009746551514,256.0,0.650390625,0.6328125,0.66796875,0.5,707,0.5780983567237854,256.0
0.4453125,0.5808393359184265,256.0,0.671875,0.6171875,0.7265625,0.5,708,0.5805776119232178,256.0
0.37890625,0.5722635984420776,256.0,0.6953125,0.57421875,0.81640625,0.5,709,0.5471317768096924,256.0
0.32421875,0.5639843940734863,256.0,0.66796875,0.4921875,0.84375,0.5,710,0.5710082054138184,256.0
0.38671875,0.5756111145019531,256.0,0.703125,0.58984375,0.81640625,0.5,711,0.5531940460205078,256.0
0.359375,0.6018683314323425,256.0,0.7265625,0.5859375,0.8671875,0.5,712,0.5636680126190186,256.0
0.427734375,0.5838836431503296,256.0,0.708984375,0.63671875,0.78125,0.5,713,0.565000057220459,256.0
0.46875,0.5759525299072266,256.0,0.671875,0.640625,0.703125,0.5,714,0.5752794146537781,256.0
0.474609375,0.5736554861068726,256.0,0.646484375,0.62109375,0.671875,0.5,715,0.5926817655563354,256.0
0.484375,0.5621505975723267,256.0,0.67578125,0.66015625,0.69140625,0.5,716,0.5613150596618652,256.0
0.416015625,0.5661712884902954,256.0,0.689453125,0.60546875,0.7734375,0.5,717,0.5511260032653809,256.0
0.3359375,0.5704395771026611,256.0,0.6640625,0.5,0.828125,0.5,718,0.5737369060516357,256.0
0.3515625,0.5964578986167908,256.0,0.6640625,0.515625,0.8125,0.5,719,0.5924215316772461,256.0
0.380859375,0.5867906808853149,256.0,0.708984375,0.58984375,0.828125,0.5,720,0.5590659976005554,256.0
0.412109375,0.587050199508667,256.0,0.712890625,0.625,0.80078125,0.5,721,0.5585137605667114,256.0
0.416015625,0.586426317691803,256.0,0.716796875,0.6328125,0.80078125,0.5,722,0.542032778263092,256.0
0.458984375,0.5749102234840393,256.0,0.666015625,0.625,0.70703125,0.5,723,0.5804861783981323,256.0
0.5078125,0.5694499015808105,256.0,0.609375,0.6171875,0.6015625,0.5,724,0.6401833891868591,256.0
0.45703125,0.5699973106384277,256.0,0.66015625,0.6171875,0.703125,0.5,725,0.5909675359725952,256.0
0.482421875,0.5466974377632141,256.0,0.634765625,0.6171875,0.65234375,0.5,726,0.5885858535766602,256.0
0.369140625,0.5627787113189697,256.0,0.685546875,0.5546875,0.81640625,0.5,727,0.5804207921028137,256.0
0.26953125,0.5510895848274231,256.0,0.69140625,0.4609375,0.921875,0.5,728,0.5472579598426819,256.0
0.322265625,0.5685257911682129,256.0,0.677734375,0.5,0.85546875,0.5,729,0.5878470540046692,256.0
0.392578125,0.5791181921958923,256.0,0.681640625,0.57421875,0.7890625,0.5,730,0.5808799266815186,256.0
0.400390625,0.5906921029090881,256.0,0.689453125,0.58984375,0.7890625,0.5,731,0.5733667016029358,256.0
0.45703125,0.5826775431632996,256.0,0.6875,0.64453125,0.73046875,0.5,732,0.5576788783073425,256.0
0.525390625,0.5917618274688721,256.0,0.626953125,0.65234375,0.6015625,0.5,733,0.632500410079956,256.0
0.509765625,0.570276141166687,256.0,0.666015625,0.67578125,0.65625,0.5,734,0.5818929672241211,256.0
0.478515625,0.5683696866035461,256.0,0.673828125,0.65234375,0.6953125,0.5,735,0.5630933046340942,256.0
0.33984375,0.5905836820602417,256.0,0.6796875,0.51953125,0.83984375,0.5,736,0.5729215145111084,256.0
0.328125,0.5788065791130066,256.0,0.67578125,0.50390625,0.84765625,0.5,737,0.5738576054573059,256.0
0.314453125,0.5861159563064575,256.0,0.701171875,0.515625,0.88671875,0.5,738,0.5912556052207947,256.0
0.361328125,0.5891331434249878,256.0,0.701171875,0.5625,0.83984375,0.5,739,0.5647027492523193,256.0
0.4140625,0.5965873003005981,256.0,0.6953125,0.609375,0.78125,0.5,740,0.5684254765510559,256.0
0.435546875,0.5899300575256348,256.0,0.708984375,0.64453125,0.7734375,0.5,741,0.5599442720413208,256.0
0.48046875,0.5839189887046814,256.0,0.671875,0.65234375,0.69140625,0.5,742,0.5700803995132446,256.0
0.484375,0.5829198956489563,256.0,0.6796875,0.6640625,0.6953125,0.5,743,0.5620964765548706,256.0
0.4453125,0.589184045791626,256.0,0.65234375,0.59765625,0.70703125,0.5,744,0.5762823224067688,256.0
0.423828125,0.5841235518455505,256.0,0.666015625,0.58984375,0.7421875,0.5,745,0.5799541473388672,256.0
0.35546875,0.5848724842071533,256.0,0.65625,0.51171875,0.80078125,0.5,746,0.5977259278297424,256.0
0.359375,0.5961595773696899,256.0,0.67578125,0.53515625,0.81640625,0.5,747,0.5688901543617249,256.0
0.36328125,0.5697205662727356,256.0,0.72265625,0.5859375,0.859375,0.5,748,0.5391600131988525,256.0
0.431640625,0.5532756447792053,256.0,0.759765625,0.69140625,0.828125,0.5,749,0.4980379343032837,256.0
0.400390625,0.5823097229003906,256.0,0.720703125,0.62109375,0.8203125,0.5,750,0.5685977935791016,256.0
0.4296875,0.5744894742965698,256.0,0.71484375,0.64453125,0.78515625,0.5,751,0.53714519739151,256.0
0.478515625,0.5716328620910645,256.0,0.677734375,0.65625,0.69921875,0.5,752,0.5600162148475647,256.0
0.38671875,0.5646459460258484,256.0,0.6875,0.57421875,0.80078125,0.5,753,0.5490930080413818,256.0
0.365234375,0.5799955725669861,256.0,0.673828125,0.5390625,0.80859375,0.5,754,0.5925418138504028,256.0
0.34375,0.5767443180084229,256.0,0.70703125,0.55078125,0.86328125,0.5,755,0.5496588349342346,256.0
0.3671875,0.5875568389892578,256.0,0.66796875,0.53515625,0.80078125,0.5,756,0.5878579616546631,256.0
0.392578125,0.5693763494491577,256.0,0.724609375,0.6171875,0.83203125,0.5,757,0.5514941215515137,256.0
0.43359375,0.5502238869667053,256.0,0.70703125,0.640625,0.7734375,0.5,758,0.5378028154373169,256.0
0.453125,0.5691943764686584,256.0,0.69921875,0.65234375,0.74609375,0.5,759,0.576786994934082,256.0
0.419921875,0.5563311576843262,256.0,0.650390625,0.5703125,0.73046875,0.5,760,0.5924344062805176,256.0
0.466796875,0.5601747035980225,256.0,0.619140625,0.5859375,0.65234375,0.5,761,0.5928215980529785,256.0
0.40625,0.5792319774627686,256.0,0.66796875,0.57421875,0.76171875,0.5,762,0.5781735777854919,256.0
0.40234375,0.5605032444000244,256.0,0.6953125,0.59765625,0.79296875,0.5,763,0.5424133539199829,256.0
0.30859375,0.582503080368042,256.0,0.69140625,0.5,0.8828125,0.5,764,0.5776671171188354,256.0
0.376953125,0.5867828130722046,256.0,0.666015625,0.54296875,0.7890625,0.5,765,0.5850008726119995,256.0
0.384765625,0.5779191255569458,256.0,0.720703125,0.60546875,0.8359375,0.5,766,0.5302846431732178,256.0
0.41796875,0.5619165301322937,256.0,0.70703125,0.625,0.7890625,0.5,767,0.5238766670227051,256.0
0.50390625,0.5461248755455017,256.0,0.671875,0.67578125,0.66796875,0.5,768,0.5752066373825073,256.0
0.443359375,0.5648936629295349,256.0,0.681640625,0.625,0.73828125,0.5,769,0.543388843536377,256.0
0.384765625,0.5658295154571533,256.0,0.732421875,0.6171875,0.84765625,0.5,770,0.5259300470352173,256.0
0.341796875,0.5661322474479675,256.0,0.666015625,0.5078125,0.82421875,0.5,771,0.5669770240783691,256.0
0.36328125,0.5904896259307861,256.0,0.71875,0.58203125,0.85546875,0.5,772,0.5575517416000366,256.0
0.36328125,0.5838131904602051,256.0,0.71875,0.58203125,0.85546875,0.5,773,0.5540483593940735,256.0
0.427734375,0.5649845004081726,256.0,0.716796875,0.64453125,0.7890625,0.5,774,0.5576273202896118,256.0
0.39453125,0.5660572052001953,256.0,0.7265625,0.62109375,0.83203125,0.5,775,0.5507128834724426,256.0
0.412109375,0.5791581273078918,256.0,0.712890625,0.625,0.80078125,0.5,776,0.555212676525116,256.0
0.435546875,0.563367486000061,256.0,0.673828125,0.609375,0.73828125,0.5,777,0.5517168045043945,256.0
0.462890625,0.5486220121383667,256.0,0.638671875,0.6015625,0.67578125,0.5,778,0.5926506519317627,256.0
0.44140625,0.5488872528076172,256.0,0.69140625,0.6328125,0.75,0.5,779,0.5659220218658447,256.0
0.38671875,0.5921646356582642,256.0,0.6875,0.57421875,0.80078125,0.5,780,0.5872468948364258,256.0
0.361328125,0.5642839670181274,256.0,0.736328125,0.59765625,0.875,0.5,781,0.5270046591758728,256.0
0.30078125,0.568524956703186,256.0,0.7109375,0.51171875,0.91015625,0.5,782,0.5477291345596313,256.0
0.4140625,0.5469747185707092,256.0,0.6953125,0.609375,0.78125,0.5,783,0.561600387096405,256.0
0.419921875,0.5329973697662354,256.0,0.716796875,0.63671875,0.796875,0.5,784,0.5235627293586731,256.0
0.443359375,0.5691310167312622,256.0,0.650390625,0.59375,0.70703125,0.5,785,0.5884536504745483,256.0
0.40625,0.5623660087585449,256.0,0.703125,0.609375,0.796875,0.5,786,0.5406080484390259,256.0
0.4375,0.5478228330612183,256.0,0.66796875,0.60546875,0.73046875,0.5,787,0.5641518831253052,256.0
0.353515625,0.5743753910064697,256.0,0.732421875,0.5859375,0.87890625,0.5,788,0.5292329788208008,256.0
0.3515625,0.5822219848632812,256.0,0.66796875,0.51953125,0.81640625,0.5,789,0.5721879005432129,256.0
0.361328125,0.571483850479126,256.0,0.701171875,0.5625,0.83984375,0.5,790,0.5381041765213013,256.0
0.33984375,0.5898549556732178,256.0,0.6875,0.52734375,0.84765625,0.5,791,0.5688827037811279,256.0
0.359375,0.5772042870521545,256.0,0.7578125,0.6171875,0.8984375,0.5,792,0.5289676189422607,256.0
0.384765625,0.551932692527771,256.0,0.736328125,0.62109375,0.8515625,0.5,793,0.5101677179336548,256.0
0.431640625,0.5629453659057617,256.0,0.708984375,0.640625,0.77734375,0.5,794,0.5496517419815063,256.0
0.423828125,0.5575004816055298,256.0,0.681640625,0.60546875,0.7578125,0.5,795,0.5653122663497925,256.0
0.451171875,0.5617772340774536,256.0,0.697265625,0.6484375,0.74609375,0.5,796,0.5353516340255737,256.0
0.384765625,0.5650428533554077,256.0,0.728515625,0.61328125,0.84375,0.5,797,0.5245180130004883,256.0
0.365234375,0.5718045234680176,256.0,0.712890625,0.578125,0.84765625,0.5,798,0.5497716069221497,256.0
0.37890625,0.5637263059616089,256.0,0.71875,0.59765625,0.83984375,0.5,799,0.5424509048461914,256.0
0.3359375,0.5785354375839233,256.0,0.71875,0.5546875,0.8828125,0.5,800,0.5536426305770874,256.0
0.3984375,0.5554300546646118,256.0,0.76953125,0.66796875,0.87109375,0.5,801,0.4987477660179138,256.0
0.443359375,0.5395863056182861,256.0,0.716796875,0.66015625,0.7734375,0.5,802,0.5159080624580383,256.0
0.400390625,0.5303165316581726,256.0,0.724609375,0.625,0.82421875,0.5,803,0.5285789370536804,256.0
0.43359375,0.5339299440383911,256.0,0.69921875,0.6328125,0.765625,0.5,804,0.546474277973175,256.0
0.39453125,0.5364202260971069,256.0,0.71875,0.61328125,0.82421875,0.5,805,0.5259853601455688,256.0
0.40625,0.5261269807815552,256.0,0.734375,0.640625,0.828125,0.5,806,0.5137125253677368,256.0
0.34765625,0.562937319278717,256.0,0.6875,0.53515625,0.83984375,0.5,807,0.5700159072875977,256.0
0.341796875,0.5538698434829712,256.0,0.712890625,0.5546875,0.87109375,0.5,808,0.5362855195999146,256.0
0.40625,0.5534924864768982,256.0,0.69140625,0.59765625,0.78515625,0.5,809,0.5471299290657043,256.0
0.375,0.5534200072288513,256.0,0.7734375,0.6484375,0.8984375,0.5,810,0.5020347833633423,256.0
0.4296875,0.5270558595657349,256.0,0.6875,0.6171875,0.7578125,0.5,811,0.5342385172843933,256.0
0.455078125,0.5382523536682129,256.0,0.677734375,0.6328125,0.72265625,0.5,812,0.556728720664978,256.0
0.4296875,0.5301363468170166,256.0,0.7109375,0.640625,0.78125,0.5,813,0.5181535482406616,256.0
0.40625,0.5551128387451172,256.0,0.70703125,0.61328125,0.80078125,0.5,814,0.563806414604187,256.0
0.390625,0.5740544199943542,256.0,0.65625,0.546875,0.765625,0.5,815,0.5920703411102295,256.0
0.388671875,0.5536388158798218,256.0,0.697265625,0.5859375,0.80859375,0.5,816,0.5412802696228027,256.0
0.39453125,0.5419690608978271,256.0,0.703125,0.59765625,0.80859375,0.5,817,0.5481448769569397,256.0
0.390625,0.5494486689567566,256.0,0.7109375,0.6015625,0.8203125,0.5,818,0.5469467043876648,256.0
0.3828125,0.5280258655548096,256.0,0.73828125,0.62109375,0.85546875,0.5,819,0.4952358603477478,256.0
0.359375,0.5431944131851196,256.0,0.73046875,0.58984375,0.87109375,0.5,820,0.5195639729499817,256.0
0.38671875,0.5549671649932861,256.0,0.7265625,0.61328125,0.83984375,0.5,821,0.5187544822692871,256.0
0.416015625,0.5356347560882568,256.0,0.669921875,0.5859375,0.75390625,0.5,822,0.5419799089431763,256.0
0.4140625,0.5374006628990173,256.0,0.73046875,0.64453125,0.81640625,0.5,823,0.5093434453010559,256.0
0.40234375,0.5783679485321045,256.0,0.67578125,0.578125,0.7734375,0.5,824,0.5897238254547119,256.0
0.3515625,0.5657566785812378,256.0,0.71875,0.5703125,0.8671875,0.5,825,0.5478593111038208,256.0
0.376953125,0.5690128803253174,256.0,0.728515625,0.60546875,0.8515625,0.5,826,0.5352041125297546,256.0
0.416015625,0.5342035293579102,256.0,0.685546875,0.6015625,0.76953125,0.5,827,0.5596410036087036,256.0
0.41015625,0.5464609861373901,256.0,0.70703125,0.6171875,0.796875,0.5,828,0.5359463691711426,256.0
0.376953125,0.560677707195282,256.0,0.732421875,0.609375,0.85546875,0.5,829,0.5396150350570679,256.0
0.427734375,0.5372474789619446,256.0,0.681640625,0.609375,0.75390625,0.5,830,0.5720548033714294,256.0
0.404296875,0.5421537160873413,256.0,0.732421875,0.63671875,0.828125,0.5,831,0.5146929025650024,256.0
0.412109375,0.5542004108428955,256.0,0.708984375,0.62109375,0.796875,0.5,832,0.5410370826721191,256.0
0.439453125,0.5421712398529053,256.0,0.716796875,0.65625,0.77734375,0.5,833,0.5428392291069031,256.0
0.384765625,0.5620748996734619,256.0,0.751953125,0.63671875,0.8671875,0.5,834,0.5038169026374817,256.0
0.423828125,0.5559906959533691,256.0,0.736328125,0.66015625,0.8125,0.5,835,0.5210607051849365,256.0
0.41015625,0.5565750598907471,256.0,0.7109375,0.62109375,0.80078125,0.5,836,0.5464550256729126,256.0
0.361328125,0.557960033416748,256.0,0.712890625,0.57421875,0.8515625,0.5,837,0.5387262105941772,256.0
0.341796875,0.5500196218490601,256.0,0.693359375,0.53515625,0.8515625,0.5,838,0.5406672954559326,256.0
0.40625,0.5350742936134338,256.0,0.71875,0.625,0.8125,0.5,839,0.5455088019371033,256.0
0.423828125,0.5547236204147339,256.0,0.716796875,0.640625,0.79296875,0.5,840,0.527861475944519,256.0
0.423828125,0.5485503673553467,256.0,0.779296875,0.703125,0.85546875,0.5,841,0.4938717186450958,256.0
0.412109375,0.5628634691238403,256.0,0.681640625,0.59375,0.76953125,0.5,842,0.5559324622154236,256.0
0.373046875,0.5610640645027161,256.0,0.712890625,0.5859375,0.83984375,0.5,843,0.5286508798599243,256.0
0.408203125,0.5474517345428467,256.0,0.748046875,0.65625,0.83984375,0.5,844,0.5185441374778748,256.0
0.345703125,0.5491681098937988,256.0,0.755859375,0.6015625,0.91015625,0.5,845,0.5163726806640625,256.0
0.38671875,0.5500372648239136,256.0,0.7578125,0.64453125,0.87109375,0.5,846,0.5167787075042725,256.0
0.390625,0.5380100011825562,256.0,0.734375,0.625,0.84375,0.5,847,0.5249778032302856,256.0
0.44921875,0.5503646731376648,256.0,0.66796875,0.6171875,0.71875,0.5,848,0.576223611831665,256.0
0.427734375,0.5425838232040405,256.0,0.697265625,0.625,0.76953125,0.5,849,0.5552791357040405,256.0
0.359375,0.5497728586196899,256.0,0.71484375,0.57421875,0.85546875,0.5,850,0.5419865846633911,256.0
0.40625,0.5157208442687988,256.0,0.70703125,0.61328125,0.80078125,0.5,851,0.5163764357566833,256.0
0.34765625,0.5285273790359497,256.0,0.75,0.59765625,0.90234375,0.5,852,0.49323925375938416,256.0
0.359375,0.5326760411262512,256.0,0.7421875,0.6015625,0.8828125,0.5,853,0.4948962926864624,256.0
0.38671875,0.5267300605773926,256.0,0.78515625,0.671875,0.8984375,0.5,854,0.4762899875640869,256.0
0.375,0.5399112105369568,256.0,0.74609375,0.62109375,0.87109375,0.5,855,0.5039218664169312,256.0
0.3984375,0.5456532835960388,256.0,0.71484375,0.61328125,0.81640625,0.5,856,0.5244076251983643,256.0
0.4453125,0.5234971642494202,256.0,0.71484375,0.66015625,0.76953125,0.5,857,0.5281546115875244,256.0
0.42578125,0.5339474678039551,256.0,0.703125,0.62890625,0.77734375,0.5,858,0.5263335704803467,256.0
0.380859375,0.5406848788261414,256.0,0.732421875,0.61328125,0.8515625,0.5,859,0.51242595911026,256.0
0.353515625,0.5411638021469116,256.0,0.697265625,0.55078125,0.84375,0.5,860,0.5614739656448364,256.0
0.337890625,0.5486375093460083,256.0,0.740234375,0.578125,0.90234375,0.5,861,0.510930597782135,256.0
0.4609375,0.5235015749931335,256.0,0.69140625,0.65234375,0.73046875,0.5,862,0.5564358234405518,256.0
0.455078125,0.5326432585716248,256.0,0.740234375,0.6953125,0.78515625,0.5,863,0.5218027830123901,256.0
0.447265625,0.5245333909988403,256.0,0.712890625,0.66015625,0.765625,0.5,864,0.5355618000030518,256.0
0.3984375,0.544745922088623,256.0,0.75390625,0.65234375,0.85546875,0.5,865,0.5073711276054382,256.0
0.359375,0.522382915019989,256.0,0.6953125,0.5546875,0.8359375,0.5,866,0.539919376373291,256.0
0.30859375,0.5244972705841064,256.0,0.69921875,0.5078125,0.890625,0.5,867,0.5545214414596558,256.0
0.345703125,0.5394546985626221,256.0,0.685546875,0.53125,0.83984375,0.5,868,0.5537484288215637,256.0
0.361328125,0.5315535068511963,256.0,0.736328125,0.59765625,0.875,0.5,869,0.49446237087249756,256.0
0.427734375,0.5643527507781982,256.0,0.724609375,0.65234375,0.796875,0.5,870,0.5319558382034302,256.0
0.396484375,0.5337937474250793,256.0,0.736328125,0.6328125,0.83984375,0.5,871,0.5057079792022705,256.0
0.4609375,0.5298557877540588,256.0,0.71484375,0.67578125,0.75390625,0.5,872,0.5234699249267578,256.0
0.404296875,0.558402419090271,256.0,0.751953125,0.65625,0.84765625,0.5,873,0.5126948952674866,256.0
0.421875,0.5361791253089905,256.0,0.6875,0.609375,0.765625,0.5,874,0.5520602464675903,256.0
0.3671875,0.524028480052948,256.0,0.69921875,0.56640625,0.83203125,0.5,875,0.5303964614868164,256.0
0.328125,0.5509365797042847,256.0,0.72265625,0.55078125,0.89453125,0.5,876,0.5379018783569336,256.0
0.380859375,0.5341888070106506,256.0,0.736328125,0.6171875,0.85546875,0.5,877,0.49412447214126587,256.0
0.419921875,0.5351980924606323,256.0,0.744140625,0.6640625,0.82421875,0.5,878,0.4948592185974121,256.0
0.373046875,0.5322591662406921,256.0,0.779296875,0.65234375,0.90625,0.5,879,0.4893672466278076,256.0
0.390625,0.5426729917526245,256.0,0.7109375,0.6015625,0.8203125,0.5,880,0.5562387704849243,256.0
0.392578125,0.5454276204109192,256.0,0.759765625,0.65234375,0.8671875,0.5,881,0.5254339575767517,256.0
0.412109375,0.5263776779174805,256.0,0.759765625,0.671875,0.84765625,0.5,882,0.5037466883659363,256.0
0.453125,0.5158345699310303,256.0,0.67578125,0.62890625,0.72265625,0.5,883,0.5885860323905945,256.0
0.361328125,0.5423113703727722,256.0,0.689453125,0.55078125,0.828125,0.5,884,0.5530632734298706,256.0
0.37890625,0.540097713470459,256.0,0.73046875,0.609375,0.8515625,0.5,885,0.522467315196991,256.0
0.37109375,0.536411702632904,256.0,0.69140625,0.5625,0.8203125,0.5,886,0.5520412921905518,256.0
0.341796875,0.5384702682495117,256.0,0.751953125,0.59375,0.91015625,0.5,887,0.5053708553314209,256.0
0.35546875,0.540601909160614,256.0,0.71875,0.57421875,0.86328125,0.5,888,0.5487703084945679,256.0
0.36328125,0.5425134897232056,256.0,0.75,0.61328125,0.88671875,0.5,889,0.5129175186157227,256.0
0.431640625,0.5301622152328491,256.0,0.736328125,0.66796875,0.8046875,0.5,890,0.5229902267456055,256.0
0.478515625,0.5188970565795898,256.0,0.654296875,0.6328125,0.67578125,0.5,891,0.6044201850891113,256.0
0.462890625,0.5405309200286865,256.0,0.728515625,0.69140625,0.765625,0.5,892,0.521378755569458,256.0
0.451171875,0.536799430847168,256.0,0.677734375,0.62890625,0.7265625,0.5,893,0.5573980212211609,256.0
0.3828125,0.569549024105072,256.0,0.7421875,0.625,0.859375,0.5,894,0.5442768931388855,256.0
0.373046875,0.5279968976974487,256.0,0.740234375,0.61328125,0.8671875,0.5,895,0.49393558502197266,256.0
0.333984375,0.5577224493026733,256.0,0.712890625,0.546875,0.87890625,0.5,896,0.5342490673065186,256.0
0.33984375,0.5354037880897522,256.0,0.7421875,0.58203125,0.90234375,0.5,897,0.5312352776527405,256.0
0.37890625,0.548423171043396,256.0,0.73828125,0.6171875,0.859375,0.5,898,0.5095242261886597,256.0
0.419921875,0.5591347813606262,256.0,0.736328125,0.65625,0.81640625,0.5,899,0.5358820557594299,256.0
0.3984375,0.5419379472732544,256.0,0.7109375,0.609375,0.8125,0.5,900,0.5427500009536743,256.0
0.447265625,0.5186055898666382,256.0,0.736328125,0.68359375,0.7890625,0.5,901,0.511835515499115,256.0
0.46875,0.5356205105781555,256.0,0.69140625,0.66015625,0.72265625,0.5,902,0.5617620944976807,256.0
0.42578125,0.528998076915741,256.0,0.6953125,0.62109375,0.76953125,0.5,903,0.5481782555580139,256.0
0.365234375,0.5377863049507141,256.0,0.744140625,0.609375,0.87890625,0.5,904,0.5106654763221741,256.0
0.279296875,0.5451920628547668,256.0,0.716796875,0.49609375,0.9375,0.5,905,0.5611652135848999,256.0
0.412109375,0.5201430320739746,256.0,0.677734375,0.58984375,0.765625,0.5,906,0.566376805305481,256.0
0.390625,0.5477878451347351,256.0,0.75,0.640625,0.859375,0.5,907,0.5155389308929443,256.0
0.435546875,0.5421289205551147,256.0,0.724609375,0.66015625,0.7890625,0.5,908,0.5266252160072327,256.0
0.421875,0.5482739210128784,256.0,0.75,0.671875,0.828125,0.5,909,0.5071698427200317,256.0
0.451171875,0.5306445360183716,256.0,0.693359375,0.64453125,0.7421875,0.5,910,0.5380833148956299,256.0
0.416015625,0.5458472371101379,256.0,0.755859375,0.671875,0.83984375,0.5,911,0.5053325295448303,256.0
0.375,0.5657275319099426,256.0,0.72265625,0.59765625,0.84765625,0.5,912,0.5370169878005981,256.0
0.37890625,0.5461548566818237,256.0,0.7265625,0.60546875,0.84765625,0.5,913,0.5069892406463623,256.0
0.326171875,0.5436699390411377,256.0,0.748046875,0.57421875,0.921875,0.5,914,0.5228090286254883,256.0
0.326171875,0.5342146754264832,256.0,0.744140625,0.5703125,0.91796875,0.5,915,0.5207563638687134,256.0
0.376953125,0.5202890634536743,256.0,0.763671875,0.640625,0.88671875,0.5,916,0.48371678590774536,256.0
0.400390625,0.5362935662269592,256.0,0.732421875,0.6328125,0.83203125,0.5,917,0.5268248319625854,256.0
0.42578125,0.521775484085083,256.0,0.75390625,0.6796875,0.828125,0.5,918,0.49465978145599365,256.0
0.494140625,0.509801983833313,256.0,0.693359375,0.6875,0.69921875,0.5,919,0.5414590835571289,256.0
0.41015625,0.5253228545188904,256.0,0.7265625,0.63671875,0.81640625,0.5,920,0.51185142993927,256.0
0.486328125,0.5138229131698608,256.0,0.701171875,0.6875,0.71484375,0.5,921,0.5481836795806885,256.0
0.3203125,0.5503606796264648,256.0,0.703125,0.5234375,0.8828125,0.5,922,0.5461137294769287,256.0
0.318359375,0.54393070936203,256.0,0.779296875,0.59765625,0.9609375,0.5,923,0.49574947357177734,256.0
0.32421875,0.531731128692627,256.0,0.76171875,0.5859375,0.9375,0.5,924,0.5117697715759277,256.0
0.400390625,0.5384758710861206,256.0,0.701171875,0.6015625,0.80078125,0.5,925,0.5467070937156677,256.0
0.408203125,0.5385364294052124,256.0,0.744140625,0.65234375,0.8359375,0.5,926,0.5219001770019531,256.0
0.443359375,0.5170062184333801,256.0,0.720703125,0.6640625,0.77734375,0.5,927,0.5459423065185547,256.0
0.48828125,0.481847882270813,256.0,0.70703125,0.6953125,0.71875,0.5,928,0.5318253636360168,256.0
0.431640625,0.5312909483909607,256.0,0.744140625,0.67578125,0.8125,0.5,929,0.5313817262649536,256.0
0.40234375,0.5215831995010376,256.0,0.77734375,0.6796875,0.875,0.5,930,0.47444960474967957,256.0
0.375,0.5224677324295044,256.0,0.7421875,0.6171875,0.8671875,0.5,931,0.5174865126609802,256.0
0.306640625,0.5327826738357544,256.0,0.693359375,0.5,0.88671875,0.5,932,0.5907177925109863,256.0
0.298828125,0.5337176322937012,256.0,0.697265625,0.49609375,0.8984375,0.5,933,0.5686877369880676,256.0
0.3671875,0.5282568335533142,256.0,0.72265625,0.58984375,0.85546875,0.5,934,0.5353592038154602,256.0
0.439453125,0.5202404856681824,256.0,0.708984375,0.6484375,0.76953125,0.5,935,0.5270552039146423,256.0
0.466796875,0.525898814201355,256.0,0.720703125,0.6875,0.75390625,0.5,936,0.5400439500808716,256.0
0.474609375,0.5434514284133911,256.0,0.693359375,0.66796875,0.71875,0.5,937,0.570772647857666,256.0
0.42578125,0.5592737793922424,256.0,0.6953125,0.62109375,0.76953125,0.5,938,0.5541245937347412,256.0
0.453125,0.5466432571411133,256.0,0.71875,0.671875,0.765625,0.5,939,0.5296724438667297,256.0
0.41796875,0.5503866076469421,256.0,0.7421875,0.66015625,0.82421875,0.5,940,0.49651023745536804,256.0
0.35546875,0.538000226020813,256.0,0.71484375,0.5703125,0.859375,0.5,941,0.5300921201705933,256.0
0.328125,0.5322872400283813,256.0,0.7265625,0.5546875,0.8984375,0.5,942,0.5313517451286316,256.0
0.294921875,0.5347130298614502,256.0,0.708984375,0.50390625,0.9140625,0.5,943,0.5485031604766846,256.0
0.3359375,0.5438086986541748,256.0,0.734375,0.5703125,0.8984375,0.5,944,0.514346718788147,256.0
0.435546875,0.54047691822052,256.0,0.701171875,0.63671875,0.765625,0.5,945,0.5445340871810913,256.0
0.4609375,0.5528618097305298,256.0,0.75,0.7109375,0.7890625,0.5,946,0.5215279459953308,256.0
0.51171875,0.5450705289840698,256.0,0.62890625,0.640625,0.6171875,0.5,947,0.6057355403900146,256.0
0.416015625,0.5408360958099365,256.0,0.689453125,0.60546875,0.7734375,0.5,948,0.5440265536308289,256.0
0.357421875,0.5665236711502075,256.0,0.763671875,0.62109375,0.90625,0.5,949,0.5024230480194092,256.0
0.41015625,0.5324350595474243,256.0,0.69921875,0.609375,0.7890625,0.5,950,0.5364964008331299,256.0
0.380859375,0.5114825963973999,256.0,0.666015625,0.546875,0.78515625,0.5,951,0.5648098587989807,256.0
0.283203125,0.551930844783783,256.0,0.705078125,0.48828125,0.921875,0.5,952,0.5694699287414551,256.0
0.35546875,0.5472865104675293,256.0,0.72265625,0.578125,0.8671875,0.5,953,0.5369542241096497,256.0
0.41796875,0.5098062753677368,256.0,0.7265625,0.64453125,0.80859375,0.5,954,0.4896431863307953,256.0
0.353515625,0.5456709861755371,256.0,0.783203125,0.63671875,0.9296875,0.5,955,0.48425668478012085,256.0
0.443359375,0.5354263186454773,256.0,0.740234375,0.68359375,0.796875,0.5,956,0.5150673985481262,256.0
0.412109375,0.567408561706543,256.0,0.732421875,0.64453125,0.8203125,0.5,957,0.5353124737739563,256.0
0.3984375,0.5617278218269348,256.0,0.73046875,0.62890625,0.83203125,0.5,958,0.529212236404419,256.0
0.408203125,0.5425325036048889,256.0,0.693359375,0.6015625,0.78515625,0.5,959,0.5702841281890869,256.0
0.451171875,0.5423038005828857,256.0,0.751953125,0.703125,0.80078125,0.5,960,0.5106527209281921,256.0
0.37109375,0.5616443753242493,256.0,0.76171875,0.6328125,0.890625,0.5,961,0.5074256062507629,256.0
0.380859375,0.5333603620529175,256.0,0.712890625,0.59375,0.83203125,0.5,962,0.5412447452545166,256.0
0.40234375,0.5095733404159546,256.0,0.703125,0.60546875,0.80078125,0.5,963,0.5252424478530884,256.0
0.361328125,0.520760178565979,256.0,0.755859375,0.6171875,0.89453125,0.5,964,0.5151886940002441,256.0
0.408203125,0.5071483254432678,256.0,0.740234375,0.6484375,0.83203125,0.5,965,0.5277599692344666,256.0
0.400390625,0.5371885895729065,256.0,0.771484375,0.671875,0.87109375,0.5,966,0.4892580509185791,256.0
0.36328125,0.5332158803939819,256.0,0.734375,0.59765625,0.87109375,0.5,967,0.5224875807762146,256.0
0.40234375,0.5123823881149292,256.0,0.78125,0.68359375,0.87890625,0.5,968,0.475850373506546,256.0
0.443359375,0.5177030563354492,256.0,0.712890625,0.65625,0.76953125,0.5,969,0.5279746055603027,256.0
0.41796875,0.5183359980583191,256.0,0.69921875,0.6171875,0.78125,0.5,970,0.5409579873085022,256.0
0.42578125,0.5089473724365234,256.0,0.73828125,0.6640625,0.8125,0.5,971,0.49205517768859863,256.0
0.447265625,0.5026836395263672,256.0,0.720703125,0.66796875,0.7734375,0.5,972,0.5204896926879883,256.0
0.3828125,0.5120270252227783,256.0,0.71484375,0.59765625,0.83203125,0.5,973,0.5149494409561157,256.0
0.369140625,0.5228332281112671,256.0,0.732421875,0.6015625,0.86328125,0.5,974,0.5046573877334595,256.0
0.314453125,0.5388041138648987,256.0,0.728515625,0.54296875,0.9140625,0.5,975,0.5284215211868286,256.0
0.408203125,0.5299108028411865,256.0,0.716796875,0.625,0.80859375,0.5,976,0.5282984972000122,256.0
0.435546875,0.5259649157524109,256.0,0.751953125,0.6875,0.81640625,0.5,977,0.506888747215271,256.0
0.4140625,0.5199614763259888,256.0,0.765625,0.6796875,0.8515625,0.5,978,0.47900986671447754,256.0
0.453125,0.5239442586898804,256.0,0.67578125,0.62890625,0.72265625,0.5,979,0.5741764307022095,256.0
0.431640625,0.518619954586029,256.0,0.720703125,0.65234375,0.7890625,0.5,980,0.5307779908180237,256.0
0.419921875,0.5308324098587036,256.0,0.705078125,0.625,0.78515625,0.5,981,0.5269796848297119,256.0
0.38671875,0.5371670126914978,256.0,0.71484375,0.6015625,0.828125,0.5,982,0.5106874704360962,256.0
0.365234375,0.5253748297691345,256.0,0.748046875,0.61328125,0.8828125,0.5,983,0.49403125047683716,256.0
0.3359375,0.5439685583114624,256.0,0.73828125,0.57421875,0.90234375,0.5,984,0.5381249785423279,256.0
0.373046875,0.5493857264518738,256.0,0.724609375,0.59765625,0.8515625,0.5,985,0.5576106309890747,256.0
0.404296875,0.5408612489700317,256.0,0.701171875,0.60546875,0.796875,0.5,986,0.5340430736541748,256.0
0.416015625,0.5430068373680115,256.0,0.779296875,0.6953125,0.86328125,0.5,987,0.4802524447441101,256.0
0.412109375,0.5310579538345337,256.0,0.779296875,0.69140625,0.8671875,0.5,988,0.46176764369010925,256.0
0.44921875,0.5119386315345764,256.0,0.6953125,0.64453125,0.74609375,0.5,989,0.5397248268127441,256.0
0.412109375,0.5304868221282959,256.0,0.740234375,0.65234375,0.828125,0.5,990,0.5107317566871643,256.0
0.404296875,0.5313277244567871,256.0,0.728515625,0.6328125,0.82421875,0.5,991,0.5218269228935242,256.0
0.349609375,0.5068027377128601,256.0,0.751953125,0.6015625,0.90234375,0.5,992,0.48199379444122314,256.0
0.298828125,0.5433605313301086,256.0,0.705078125,0.50390625,0.90625,0.5,993,0.540351390838623,256.0
0.34765625,0.5186042189598083,256.0,0.734375,0.58203125,0.88671875,0.5,994,0.517063319683075,256.0
0.421875,0.5143522024154663,256.0,0.72265625,0.64453125,0.80078125,0.5,995,0.5250701904296875,256.0
0.3984375,0.5206228494644165,256.0,0.74609375,0.64453125,0.84765625,0.5,996,0.5071626305580139,256.0
0.427734375,0.5008975863456726,256.0,0.693359375,0.62109375,0.765625,0.5,997,0.5315809845924377,256.0
0.458984375,0.49942103028297424,256.0,0.716796875,0.67578125,0.7578125,0.5,998,0.5094724297523499,256.0
0.443359375,0.5224769711494446,256.0,0.744140625,0.6875,0.80078125,0.5,999,0.5066571235656738,256.0
0.384765625,0.5112780928611755,256.0,0.708984375,0.59375,0.82421875,0.5,1000,0.5083880424499512,256.0
0.3359375,0.5528229475021362,256.0,0.71875,0.5546875,0.8828125,0.5,1001,0.5395183563232422,256.0
0.302734375,0.5665386319160461,256.0,0.728515625,0.53125,0.92578125,0.5,1002,0.5268754363059998,256.0
0.37109375,0.5200430750846863,256.0,0.7421875,0.61328125,0.87109375,0.5,1003,0.4995759129524231,256.0
0.408203125,0.5321565866470337,256.0,0.740234375,0.6484375,0.83203125,0.5,1004,0.5063807964324951,256.0
0.41015625,0.5101869106292725,256.0,0.734375,0.64453125,0.82421875,0.5,1005,0.5150788426399231,256.0
0.375,0.5433804392814636,256.0,0.77734375,0.65234375,0.90234375,0.5,1006,0.48918288946151733,256.0
0.40234375,0.522272527217865,256.0,0.71875,0.62109375,0.81640625,0.5,1007,0.5232844352722168,256.0
0.380859375,0.5260363817214966,256.0,0.724609375,0.60546875,0.84375,0.5,1008,0.5087666511535645,256.0
0.373046875,0.5219869613647461,256.0,0.736328125,0.609375,0.86328125,0.5,1009,0.4973917603492737,256.0
0.322265625,0.5404872298240662,256.0,0.751953125,0.57421875,0.9296875,0.5,1010,0.4946785271167755,256.0
0.31640625,0.5591268539428711,256.0,0.71875,0.53515625,0.90234375,0.5,1011,0.539355993270874,256.0
0.3828125,0.5037598013877869,256.0,0.71484375,0.59765625,0.83203125,0.5,1012,0.5164811611175537,256.0
0.349609375,0.5132373571395874,256.0,0.759765625,0.609375,0.91015625,0.5,1013,0.4783385992050171,256.0
0.416015625,0.5171123147010803,256.0,0.744140625,0.66015625,0.828125,0.5,1014,0.5171101093292236,256.0
0.43359375,0.4906775951385498,256.0,0.75390625,0.6875,0.8203125,0.5,1015,0.48571351170539856,256.0
0.46875,0.5033644437789917,256.0,0.6875,0.65625,0.71875,0.5,1016,0.551425576210022,256.0
0.40625,0.4989927113056183,256.0,0.76953125,0.67578125,0.86328125,0.5,1017,0.4727907180786133,256.0
0.431640625,0.521104633808136,256.0,0.748046875,0.6796875,0.81640625,0.5,1018,0.5022116899490356,256.0
0.349609375,0.5385886430740356,256.0,0.751953125,0.6015625,0.90234375,0.5,1019,0.515397310256958,256.0
0.416015625,0.5024833083152771,256.0,0.744140625,0.66015625,0.828125,0.5,1020,0.5011404752731323,256.0
0.34765625,0.5102419853210449,256.0,0.7421875,0.58984375,0.89453125,0.5,1021,0.4964095950126648,256.0
0.373046875,0.4893001317977905,256.0,0.705078125,0.578125,0.83203125,0.5,1022,0.5192556381225586,256.0
0.416015625,0.5219018459320068,256.0,0.705078125,0.62109375,0.7890625,0.5,1023,0.5675600171089172,256.0
0.4765625,0.4972476363182068,256.0,0.74609375,0.72265625,0.76953125,0.5,1024,0.5125882029533386,256.0
0.427734375,0.5240206718444824,256.0,0.716796875,0.64453125,0.7890625,0.5,1025,0.5245170593261719,256.0
0.4609375,0.5168181657791138,256.0,0.72265625,0.68359375,0.76171875,0.5,1026,0.5379867553710938,256.0
0.37890625,0.5246967077255249,256.0,0.76171875,0.640625,0.8828125,0.5,1027,0.49196338653564453,256.0
0.33203125,0.5328867435455322,256.0,0.71875,0.55078125,0.88671875,0.5,1028,0.5300621390342712,256.0
0.34765625,0.5533004999160767,256.0,0.71484375,0.5625,0.8671875,0.5,1029,0.522019624710083,256.0
0.400390625,0.5289667844772339,256.0,0.708984375,0.609375,0.80859375,0.5,1030,0.5345557928085327,256.0
0.31640625,0.5404863357543945,256.0,0.75390625,0.5703125,0.9375,0.5,1031,0.5020750761032104,256.0
0.390625,0.5299128293991089,256.0,0.734375,0.625,0.84375,0.5,1032,0.5061945915222168,256.0
0.408203125,0.5158552527427673,256.0,0.693359375,0.6015625,0.78515625,0.5,1033,0.5033085942268372,256.0
0.40625,0.5499202013015747,256.0,0.72265625,0.62890625,0.81640625,0.5,1034,0.5311015844345093,256.0
0.37890625,0.5267061591148376,256.0,0.7421875,0.62109375,0.86328125,0.5,1035,0.5014141798019409,256.0
0.37890625,0.5397286415100098,256.0,0.7578125,0.63671875,0.87890625,0.5,1036,0.48490381240844727,256.0
0.3984375,0.5496641993522644,256.0,0.73828125,0.63671875,0.83984375,0.5,1037,0.5404766798019409,256.0
0.34765625,0.5434923768043518,256.0,0.75,0.59765625,0.90234375,0.5,1038,0.5068739056587219,256.0
0.408203125,0.5166194438934326,256.0,0.787109375,0.6953125,0.87890625,0.5,1039,0.4720052480697632,256.0
0.380859375,0.5406639575958252,256.0,0.767578125,0.6484375,0.88671875,0.5,1040,0.4977401793003082,256.0
0.416015625,0.5046543478965759,256.0,0.751953125,0.66796875,0.8359375,0.5,1041,0.47877025604248047,256.0
0.37890625,0.49790558218955994,256.0,0.75390625,0.6328125,0.875,0.5,1042,0.48072749376296997,256.0
0.35546875,0.5180535912513733,256.0,0.76171875,0.6171875,0.90625,0.5,1043,0.48713019490242004,256.0
0.37890625,0.5059778094291687,256.0,0.6953125,0.57421875,0.81640625,0.5,1044,0.5408448576927185,256.0
0.345703125,0.5338820219039917,256.0,0.732421875,0.578125,0.88671875,0.5,1045,0.5305107235908508,256.0
0.404296875,0.5203187465667725,256.0,0.751953125,0.65625,0.84765625,0.5,1046,0.5002870559692383,256.0
0.3671875,0.49826693534851074,256.0,0.77734375,0.64453125,0.91015625,0.5,1047,0.46001723408699036,256.0
0.423828125,0.48907220363616943,256.0,0.748046875,0.671875,0.82421875,0.5,1048,0.4939660131931305,256.0
0.4140625,0.5223250389099121,256.0,0.765625,0.6796875,0.8515625,0.5,1049,0.49804580211639404,256.0
0.400390625,0.490621954202652,256.0,0.720703125,0.62109375,0.8203125,0.5,1050,0.5200694799423218,256.0
0.45703125,0.485310435295105,256.0,0.71484375,0.671875,0.7578125,0.5,1051,0.5466653108596802,256.0
0.3828125,0.5062007308006287,256.0,0.6796875,0.5625,0.796875,0.5,1052,0.5417926907539368,256.0
0.37890625,0.5065826773643494,256.0,0.73046875,0.609375,0.8515625,0.5,1053,0.5086418390274048,256.0
0.3671875,0.5294932723045349,256.0,0.7265625,0.59375,0.859375,0.5,1054,0.5233880281448364,256.0
0.3515625,0.5236102342605591,256.0,0.7734375,0.625,0.921875,0.5,1055,0.4798688292503357,256.0
0.388671875,0.5191607475280762,256.0,0.775390625,0.6640625,0.88671875,0.5,1056,0.48571234941482544,256.0
0.408203125,0.5026315450668335,256.0,0.724609375,0.6328125,0.81640625,0.5,1057,0.5378391146659851,256.0
0.41796875,0.5070455074310303,256.0,0.72265625,0.640625,0.8046875,0.5,1058,0.52956223487854,256.0
0.447265625,0.5168403387069702,256.0,0.767578125,0.71484375,0.8203125,0.5,1059,0.4885154366493225,256.0
0.47265625,0.5132242441177368,256.0,0.69921875,0.671875,0.7265625,0.5,1060,0.5430984497070312,256.0
0.380859375,0.5297234058380127,256.0,0.744140625,0.625,0.86328125,0.5,1061,0.4979405105113983,256.0
0.318359375,0.5260108113288879,256.0,0.744140625,0.5625,0.92578125,0.5,1062,0.5213736891746521,256.0
0.349609375,0.5487890243530273,256.0,0.740234375,0.58984375,0.890625,0.5,1063,0.5224477648735046,256.0
0.3828125,0.5347850918769836,256.0,0.73046875,0.61328125,0.84765625,0.5,1064,0.527042031288147,256.0
0.3828125,0.5124732255935669,256.0,0.71875,0.6015625,0.8359375,0.5,1065,0.5129793882369995,256.0
0.34375,0.5406302213668823,256.0,0.7265625,0.5703125,0.8828125,0.5,1066,0.5128332376480103,256.0
0.408203125,0.5148667097091675,256.0,0.724609375,0.6328125,0.81640625,0.5,1067,0.5263109803199768,256.0
0.400390625,0.5101920366287231,256.0,0.708984375,0.609375,0.80859375,0.5,1068,0.5052742958068848,256.0
0.4296875,0.523307204246521,256.0,0.71484375,0.64453125,0.78515625,0.5,1069,0.517114520072937,256.0
0.400390625,0.540219783782959,256.0,0.744140625,0.64453125,0.84375,0.5,1070,0.5123884677886963,256.0
0.3984375,0.5400784015655518,256.0,0.77734375,0.67578125,0.87890625,0.5,1071,0.4829317629337311,256.0
0.34765625,0.5570797920227051,256.0,0.76953125,0.6171875,0.921875,0.5,1072,0.502001941204071,256.0
0.412109375,0.5087552666664124,256.0,0.748046875,0.66015625,0.8359375,0.5,1073,0.4845917820930481,256.0
0.400390625,0.5135661363601685,256.0,0.736328125,0.63671875,0.8359375,0.5,1074,0.4987124800682068,256.0
0.3984375,0.5205035209655762,256.0,0.75,0.6484375,0.8515625,0.5,1075,0.4933362603187561,256.0
0.353515625,0.5062125325202942,256.0,0.759765625,0.61328125,0.90625,0.5,1076,0.47335290908813477,256.0
0.384765625,0.5106189846992493,256.0,0.759765625,0.64453125,0.875,0.5,1077,0.4823591113090515,256.0
0.359375,0.5219142436981201,256.0,0.75,0.609375,0.890625,0.5,1078,0.4912988841533661,256.0
0.396484375,0.5153867602348328,256.0,0.724609375,0.62109375,0.828125,0.5,1079,0.5168980956077576,256.0
0.365234375,0.5402922630310059,256.0,0.783203125,0.6484375,0.91796875,0.5,1080,0.48554399609565735,256.0
0.3671875,0.534447431564331,256.0,0.7890625,0.65625,0.921875,0.5,1081,0.47179198265075684,256.0
0.357421875,0.522044837474823,256.0,0.771484375,0.62890625,0.9140625,0.5,1082,0.49446988105773926,256.0
0.375,0.4936176538467407,256.0,0.79296875,0.66796875,0.91796875,0.5,1083,0.444967657327652,256.0
0.396484375,0.5123986005783081,256.0,0.767578125,0.6640625,0.87109375,0.5,1084,0.5024994611740112,256.0
0.34765625,0.4886205792427063,256.0,0.7734375,0.62109375,0.92578125,0.5,1085,0.46601009368896484,256.0
0.421875,0.46176183223724365,256.0,0.734375,0.65625,0.8125,0.5,1086,0.4929850101470947,256.0
0.384765625,0.5026887655258179,256.0,0.740234375,0.625,0.85546875,0.5,1087,0.5063877105712891,256.0
0.4140625,0.4955412745475769,256.0,0.69921875,0.61328125,0.78515625,0.5,1088,0.5546096563339233,256.0
0.314453125,0.5044485926628113,256.0,0.724609375,0.5390625,0.91015625,0.5,1089,0.5248841047286987,256.0
0.3828125,0.5178892612457275,256.0,0.74609375,0.62890625,0.86328125,0.5,1090,0.5094170570373535,256.0
0.35546875,0.5035830736160278,256.0,0.7578125,0.61328125,0.90234375,0.5,1091,0.5115616917610168,256.0
0.376953125,0.49104201793670654,256.0,0.720703125,0.59765625,0.84375,0.5,1092,0.5032424926757812,256.0
0.427734375,0.5075953006744385,256.0,0.775390625,0.703125,0.84765625,0.5,1093,0.4831833243370056,256.0
0.447265625,0.48235848546028137,256.0,0.783203125,0.73046875,0.8359375,0.5,1094,0.445537269115448,256.0
0.40625,0.48681527376174927,256.0,0.73046875,0.63671875,0.82421875,0.5,1095,0.49258238077163696,256.0
0.3828125,0.5344551205635071,256.0,0.76953125,0.65234375,0.88671875,0.5,1096,0.5023268461227417,256.0
0.3671875,0.49300310015678406,256.0,0.7265625,0.59375,0.859375,0.5,1097,0.5070270299911499,256.0
0.34375,0.5447356700897217,256.0,0.73828125,0.58203125,0.89453125,0.5,1098,0.5247786641120911,256.0
0.384765625,0.5163766145706177,256.0,0.771484375,0.65625,0.88671875,0.5,1099,0.49945664405822754,256.0
0.39453125,0.5108888149261475,256.0,0.7421875,0.63671875,0.84765625,0.5,1100,0.5219211578369141,256.0
0.431640625,0.510999321937561,256.0,0.740234375,0.671875,0.80859375,0.5,1101,0.5306997895240784,256.0
0.392578125,0.5130586624145508,256.0,0.732421875,0.625,0.83984375,0.5,1102,0.5008141994476318,256.0
0.35546875,0.5029996633529663,256.0,0.73046875,0.5859375,0.875,0.5,1103,0.5131462812423706,256.0
0.40234375,0.47970670461654663,256.0,0.73828125,0.640625,0.8359375,0.5,1104,0.4797036051750183,256.0
0.392578125,0.511182427406311,256.0,0.744140625,0.63671875,0.8515625,0.5,1105,0.5003904104232788,256.0
0.333984375,0.5183912515640259,256.0,0.744140625,0.578125,0.91015625,0.5,1106,0.4826638698577881,256.0
0.373046875,0.5219440460205078,256.0,0.783203125,0.65625,0.91015625,0.5,1107,0.46459898352622986,256.0
0.349609375,0.5206604599952698,256.0,0.748046875,0.59765625,0.8984375,0.5,1108,0.5174999237060547,256.0
0.4140625,0.49349603056907654,256.0,0.75390625,0.66796875,0.83984375,0.5,1109,0.4786842465400696,256.0
0.390625,0.5036227703094482,256.0,0.75,0.640625,0.859375,0.5,1110,0.4661513566970825,256.0
0.388671875,0.5221655964851379,256.0,0.736328125,0.625,0.84765625,0.5,1111,0.5147060751914978,256.0
0.4140625,0.48324283957481384,256.0,0.72265625,0.63671875,0.80859375,0.5,1112,0.501798152923584,256.0
0.349609375,0.5090533494949341,256.0,0.716796875,0.56640625,0.8671875,0.5,1113,0.5132990479469299,256.0
0.33203125,0.49380362033843994,256.0,0.73828125,0.5703125,0.90625,0.5,1114,0.4751312732696533,256.0
0.359375,0.5230944156646729,256.0,0.7421875,0.6015625,0.8828125,0.5,1115,0.48493707180023193,256.0
0.35546875,0.5440064072608948,256.0,0.79296875,0.6484375,0.9375,0.5,1116,0.473821222782135,256.0
0.369140625,0.5113533735275269,256.0,0.767578125,0.63671875,0.8984375,0.5,1117,0.46930623054504395,256.0
0.37890625,0.5047065019607544,256.0,0.75,0.62890625,0.87109375,0.5,1118,0.47667670249938965,256.0
0.400390625,0.521923840045929,256.0,0.763671875,0.6640625,0.86328125,0.5,1119,0.49807819724082947,256.0
0.400390625,0.4935534596443176,256.0,0.779296875,0.6796875,0.87890625,0.5,1120,0.4570557475090027,256.0
0.462890625,0.4833473265171051,256.0,0.701171875,0.6640625,0.73828125,0.5,1121,0.5367342233657837,256.0
0.369140625,0.504676103591919,256.0,0.791015625,0.66015625,0.921875,0.5,1122,0.45779186487197876,256.0
0.375,0.48913711309432983,256.0,0.7578125,0.6328125,0.8828125,0.5,1123,0.465239554643631,256.0
0.375,0.49397262930870056,256.0,0.78515625,0.66015625,0.91015625,0.5,1124,0.46850210428237915,256.0
0.34765625,0.5054733157157898,256.0,0.7578125,0.60546875,0.91015625,0.5,1125,0.47486788034439087,256.0
0.38671875,0.46780121326446533,256.0,0.7421875,0.62890625,0.85546875,0.5,1126,0.4927940368652344,256.0
0.40625,0.4808887839317322,256.0,0.73828125,0.64453125,0.83203125,0.5,1127,0.4974433183670044,256.0
0.373046875,0.5066508054733276,256.0,0.759765625,0.6328125,0.88671875,0.5,1128,0.4830874800682068,256.0
0.41015625,0.49908509850502014,256.0,0.75,0.66015625,0.83984375,0.5,1129,0.49969297647476196,256.0
0.43359375,0.47499606013298035,256.0,0.734375,0.66796875,0.80078125,0.5,1130,0.5061065554618835,256.0
0.37109375,0.4932304322719574,256.0,0.7578125,0.62890625,0.88671875,0.5,1131,0.47598522901535034,256.0
0.39453125,0.47197723388671875,256.0,0.74609375,0.640625,0.8515625,0.5,1132,0.4851525127887726,256.0
0.314453125,0.5107141137123108,256.0,0.779296875,0.59375,0.96484375,0.5,1133,0.45802944898605347,256.0
0.30078125,0.530817985534668,256.0,0.76171875,0.5625,0.9609375,0.5,1134,0.4952179789543152,256.0
0.388671875,0.49766474962234497,256.0,0.755859375,0.64453125,0.8671875,0.5,1135,0.49582821130752563,256.0
0.392578125,0.5036813020706177,256.0,0.744140625,0.63671875,0.8515625,0.5,1136,0.49369844794273376,256.0
0.39453125,0.5023729205131531,256.0,0.75390625,0.6484375,0.859375,0.5,1137,0.47087061405181885,256.0
0.392578125,0.46999841928482056,256.0,0.755859375,0.6484375,0.86328125,0.5,1138,0.4758937358856201,256.0
0.439453125,0.471790075302124,256.0,0.712890625,0.65234375,0.7734375,0.5,1139,0.5012169480323792,256.0
0.373046875,0.4876149296760559,256.0,0.767578125,0.640625,0.89453125,0.5,1140,0.45422452688217163,256.0
0.3359375,0.5159075260162354,256.0,0.7890625,0.625,0.953125,0.5,1141,0.4510272145271301,256.0
0.349609375,0.4959839880466461,256.0,0.779296875,0.62890625,0.9296875,0.5,1142,0.4676693379878998,256.0
0.369140625,0.5036860108375549,256.0,0.798828125,0.66796875,0.9296875,0.5,1143,0.4505915641784668,256.0
0.373046875,0.4917292892932892,256.0,0.755859375,0.62890625,0.8828125,0.5,1144,0.483139306306839,256.0
0.375,0.4742780923843384,256.0,0.73046875,0.60546875,0.85546875,0.5,1145,0.506525993347168,256.0
0.419921875,0.4900307059288025,256.0,0.744140625,0.6640625,0.82421875,0.5,1146,0.49232664704322815,256.0
0.431640625,0.47952842712402344,256.0,0.751953125,0.68359375,0.8203125,0.5,1147,0.5016090273857117,256.0
0.4296875,0.46787410974502563,256.0,0.734375,0.6640625,0.8046875,0.5,1148,0.47960227727890015,256.0
0.3984375,0.4892435669898987,256.0,0.76953125,0.66796875,0.87109375,0.5,1149,0.4529772102832794,256.0
0.365234375,0.5034425854682922,256.0,0.771484375,0.63671875,0.90625,0.5,1150,0.46641719341278076,256.0
0.328125,0.5147665739059448,256.0,0.80078125,0.62890625,0.97265625,0.5,1151,0.454622745513916,256.0
0.373046875,0.48453792929649353,256.0,0.748046875,0.62109375,0.875,0.5,1152,0.48842400312423706,256.0
0.396484375,0.470111608505249,256.0,0.716796875,0.61328125,0.8203125,0.5,1153,0.509973406791687,256.0
0.40234375,0.48287808895111084,256.0,0.74609375,0.6484375,0.84375,0.5,1154,0.47214215993881226,256.0
0.41015625,0.48809459805488586,256.0,0.76171875,0.671875,0.8515625,0.5,1155,0.4620218276977539,256.0
0.40234375,0.490383118391037,256.0,0.73046875,0.6328125,0.828125,0.5,1156,0.4971011281013489,256.0
0.400390625,0.478101909160614,256.0,0.763671875,0.6640625,0.86328125,0.5,1157,0.4765338599681854,256.0
0.369140625,0.5118186473846436,256.0,0.763671875,0.6328125,0.89453125,0.5,1158,0.46343672275543213,256.0
0.375,0.5044209957122803,256.0,0.796875,0.671875,0.921875,0.5,1159,0.449980229139328,256.0
0.380859375,0.5303456783294678,256.0,0.771484375,0.65234375,0.890625,0.5,1160,0.48800384998321533,256.0
0.392578125,0.4814985990524292,256.0,0.763671875,0.65625,0.87109375,0.5,1161,0.45823970437049866,256.0
0.384765625,0.4782513976097107,256.0,0.755859375,0.640625,0.87109375,0.5,1162,0.46413034200668335,256.0
0.365234375,0.5202600359916687,256.0,0.771484375,0.63671875,0.90625,0.5,1163,0.4852035641670227,256.0
0.3984375,0.4849885106086731,256.0,0.71875,0.6171875,0.8203125,0.5,1164,0.4989728629589081,256.0
0.3828125,0.47436654567718506,256.0,0.78515625,0.66796875,0.90234375,0.5,1165,0.44237208366394043,256.0
0.375,0.4896419942378998,256.0,0.73828125,0.61328125,0.86328125,0.5,1166,0.47682300209999084,256.0
0.35546875,0.48886990547180176,256.0,0.75390625,0.609375,0.8984375,0.5,1167,0.4632411003112793,256.0
0.322265625,0.5234912037849426,256.0,0.798828125,0.62109375,0.9765625,0.5,1168,0.45446842908859253,256.0
0.37109375,0.5001362562179565,256.0,0.79296875,0.6640625,0.921875,0.5,1169,0.44208207726478577,256.0
0.421875,0.480913370847702,256.0,0.7578125,0.6796875,0.8359375,0.5,1170,0.4817412197589874,256.0
0.423828125,0.4683554470539093,256.0,0.759765625,0.68359375,0.8359375,0.5,1171,0.4806656241416931,256.0
0.376953125,0.4741140305995941,256.0,0.779296875,0.65625,0.90234375,0.5,1172,0.43381887674331665,256.0
0.341796875,0.4745280146598816,256.0,0.771484375,0.61328125,0.9296875,0.5,1173,0.44202882051467896,256.0
0.396484375,0.46356940269470215,256.0,0.759765625,0.65625,0.86328125,0.5,1174,0.46608197689056396,256.0
0.37109375,0.456327885389328,256.0,0.8125,0.68359375,0.94140625,0.5,1175,0.40378493070602417,256.0
0.384765625,0.46222373843193054,256.0,0.783203125,0.66796875,0.8984375,0.5,1176,0.4448503255844116,256.0
0.34765625,0.5176489353179932,256.0,0.75390625,0.6015625,0.90625,0.5,1177,0.497289776802063,256.0
0.349609375,0.505719006061554,256.0,0.751953125,0.6015625,0.90234375,0.5,1178,0.5047978758811951,256.0
0.37109375,0.4694228768348694,256.0,0.72265625,0.59375,0.8515625,0.5,1179,0.53127121925354,256.0
0.392578125,0.46151646971702576,256.0,0.748046875,0.640625,0.85546875,0.5,1180,0.4855489134788513,256.0
0.37109375,0.4789282977581024,256.0,0.7734375,0.64453125,0.90234375,0.5,1181,0.461047500371933,256.0
0.392578125,0.4432326555252075,256.0,0.798828125,0.69140625,0.90625,0.5,1182,0.41297924518585205,256.0
0.37109375,0.5001450777053833,256.0,0.7421875,0.61328125,0.87109375,0.5,1183,0.48584333062171936,256.0
0.3828125,0.49230819940567017,256.0,0.734375,0.6171875,0.8515625,0.5,1184,0.5040352940559387,256.0
0.369140625,0.47882938385009766,256.0,0.783203125,0.65234375,0.9140625,0.5,1185,0.44223231077194214,256.0
0.314453125,0.5080085396766663,256.0,0.783203125,0.59765625,0.96875,0.5,1186,0.4659252166748047,256.0
0.390625,0.49095234274864197,256.0,0.78125,0.671875,0.890625,0.5,1187,0.5078012347221375,256.0
0.349609375,0.4969397187232971,256.0,0.708984375,0.55859375,0.859375,0.5,1188,0.5370160937309265,256.0
0.390625,0.4835396409034729,256.0,0.78515625,0.67578125,0.89453125,0.5,1189,0.45531731843948364,256.0
0.412109375,0.45957309007644653,256.0,0.787109375,0.69921875,0.875,0.5,1190,0.4427015781402588,256.0
0.4453125,0.4580320119857788,256.0,0.7265625,0.671875,0.78125,0.5,1191,0.5096708536148071,256.0
0.390625,0.46252357959747314,256.0,0.78515625,0.67578125,0.89453125,0.5,1192,0.4476318061351776,256.0
0.40625,0.47099876403808594,256.0,0.765625,0.671875,0.859375,0.5,1193,0.4649152159690857,256.0
0.326171875,0.4849000871181488,256.0,0.767578125,0.59375,0.94140625,0.5,1194,0.4598333239555359,256.0
0.345703125,0.514043390750885,256.0,0.798828125,0.64453125,0.953125,0.5,1195,0.4550777077674866,256.0
0.365234375,0.48865681886672974,256.0,0.806640625,0.671875,0.94140625,0.5,1196,0.45137885212898254,256.0
0.4140625,0.4660120904445648,256.0,0.7421875,0.65625,0.828125,0.5,1197,0.5120466947555542,256.0
0.3984375,0.4833641052246094,256.0,0.80859375,0.70703125,0.91015625,0.5,1198,0.44648951292037964,256.0
0.40625,0.45051509141921997,256.0,0.76953125,0.67578125,0.86328125,0.5,1199,0.4526512026786804,256.0
0.4140625,0.4598361849784851,256.0,0.71484375,0.62890625,0.80078125,0.5,1200,0.5368399620056152,256.0
0.349609375,0.48117706179618835,256.0,0.755859375,0.60546875,0.90625,0.5,1201,0.48642534017562866,256.0
0.412109375,0.471998393535614,256.0,0.705078125,0.6171875,0.79296875,0.5,1202,0.5580459833145142,256.0
0.380859375,0.4786832928657532,256.0,0.759765625,0.640625,0.87890625,0.5,1203,0.492794930934906,256.0
0.3203125,0.5411167144775391,256.0,0.7890625,0.609375,0.96875,0.5,1204,0.47939300537109375,256.0
0.32421875,0.522559642791748,256.0,0.76953125,0.59375,0.9453125,0.5,1205,0.4851662516593933,256.0
0.37109375,0.5056486129760742,256.0,0.75,0.62109375,0.87890625,0.5,1206,0.5010949373245239,256.0
0.375,0.5249369144439697,256.0,0.7578125,0.6328125,0.8828125,0.5,1207,0.4861032962799072,256.0
0.40625,0.5013827085494995,256.0,0.734375,0.640625,0.828125,0.5,1208,0.5067224502563477,256.0
0.421875,0.4943351447582245,256.0,0.74609375,0.66796875,0.82421875,0.5,1209,0.49552834033966064,256.0
0.40625,0.49970296025276184,256.0,0.80078125,0.70703125,0.89453125,0.5,1210,0.4452401101589203,256.0
0.412109375,0.5144708156585693,256.0,0.755859375,0.66796875,0.84375,0.5,1211,0.4987826347351074,256.0
0.341796875,0.5035737156867981,256.0,0.791015625,0.6328125,0.94921875,0.5,1212,0.4543633460998535,256.0
0.322265625,0.515552282333374,256.0,0.787109375,0.609375,0.96484375,0.5,1213,0.4590371251106262,256.0
0.369140625,0.4806138277053833,256.0,0.775390625,0.64453125,0.90625,0.5,1214,0.4810735583305359,256.0
0.35546875,0.4675239324569702,256.0,0.73046875,0.5859375,0.875,0.5,1215,0.5040913224220276,256.0
0.37890625,0.48519885540008545,256.0,0.78125,0.66015625,0.90234375,0.5,1216,0.4638062119483948,256.0
0.431640625,0.47066956758499146,256.0,0.748046875,0.6796875,0.81640625,0.5,1217,0.48655247688293457,256.0
0.40625,0.4778345823287964,256.0,0.7734375,0.6796875,0.8671875,0.5,1218,0.4561474919319153,256.0
0.40625,0.46789273619651794,256.0,0.7734375,0.6796875,0.8671875,0.5,1219,0.48332732915878296,256.0
0.416015625,0.4635296165943146,256.0,0.794921875,0.7109375,0.87890625,0.5,1220,0.4322378635406494,256.0
0.30859375,0.5106632709503174,256.0,0.75390625,0.5625,0.9453125,0.5,1221,0.49920669198036194,256.0
0.3515625,0.5028579235076904,256.0,0.7578125,0.609375,0.90625,0.5,1222,0.4858158528804779,256.0
0.341796875,0.48378777503967285,256.0,0.744140625,0.5859375,0.90234375,0.5,1223,0.4902145266532898,256.0
0.353515625,0.4602124094963074,256.0,0.759765625,0.61328125,0.90625,0.5,1224,0.4669538736343384,256.0
0.392578125,0.49687013030052185,256.0,0.767578125,0.66015625,0.875,0.5,1225,0.4725378453731537,256.0
0.39453125,0.4773351550102234,256.0,0.77734375,0.671875,0.8828125,0.5,1226,0.44129300117492676,256.0
0.41015625,0.48271188139915466,256.0,0.75,0.66015625,0.83984375,0.5,1227,0.49105870723724365,256.0
0.390625,0.5021954774856567,256.0,0.76953125,0.66015625,0.87890625,0.5,1228,0.4958745241165161,256.0
0.3515625,0.5156182050704956,256.0,0.74609375,0.59765625,0.89453125,0.5,1229,0.4880182147026062,256.0
0.345703125,0.5138330459594727,256.0,0.798828125,0.64453125,0.953125,0.5,1230,0.4426298141479492,256.0
0.421875,0.46597009897232056,256.0,0.77734375,0.69921875,0.85546875,0.5,1231,0.4618973731994629,256.0
0.37109375,0.4839203357696533,256.0,0.765625,0.63671875,0.89453125,0.5,1232,0.48411568999290466,256.0
0.38671875,0.4697188138961792,256.0,0.75390625,0.640625,0.8671875,0.5,1233,0.5049378871917725,256.0
0.33984375,0.49124979972839355,256.0,0.74609375,0.5859375,0.90625,0.5,1234,0.4957587718963623,256.0
0.392578125,0.476335734128952,256.0,0.736328125,0.62890625,0.84375,0.5,1235,0.4935360848903656,256.0
0.390625,0.4729975759983063,256.0,0.8203125,0.7109375,0.9296875,0.5,1236,0.41395577788352966,256.0
0.37109375,0.4814053177833557,256.0,0.74609375,0.6171875,0.875,0.5,1237,0.491340309381485,256.0
0.365234375,0.47720226645469666,256.0,0.779296875,0.64453125,0.9140625,0.5,1238,0.46259063482284546,256.0
0.34375,0.5056798458099365,256.0,0.7890625,0.6328125,0.9453125,0.5,1239,0.4551488757133484,256.0
0.41796875,0.459641695022583,256.0,0.7109375,0.62890625,0.79296875,0.5,1240,0.5554362535476685,256.0
0.3984375,0.4479476511478424,256.0,0.72265625,0.62109375,0.82421875,0.5,1241,0.5202299356460571,256.0
0.314453125,0.5089974999427795,256.0,0.755859375,0.5703125,0.94140625,0.5,1242,0.49111872911453247,256.0
0.37890625,0.47978532314300537,256.0,0.76171875,0.640625,0.8828125,0.5,1243,0.46622705459594727,256.0
0.3671875,0.4817624092102051,256.0,0.7109375,0.578125,0.84375,0.5,1244,0.5094440579414368,256.0
0.3671875,0.4901713728904724,256.0,0.765625,0.6328125,0.8984375,0.5,1245,0.47773176431655884,256.0
0.38671875,0.4879996180534363,256.0,0.75,0.63671875,0.86328125,0.5,1246,0.4724980890750885,256.0
0.359375,0.5364508628845215,256.0,0.80859375,0.66796875,0.94921875,0.5,1247,0.45703351497650146,256.0
0.3671875,0.5051787495613098,256.0,0.7734375,0.640625,0.90625,0.5,1248,0.4622562527656555,256.0
0.3671875,0.5101895332336426,256.0,0.765625,0.6328125,0.8984375,0.5,1249,0.5041261911392212,256.0
0.435546875,0.4681757092475891,256.0,0.732421875,0.66796875,0.796875,0.5,1250,0.5002577900886536,256.0
0.390625,0.5026385188102722,256.0,0.81640625,0.70703125,0.92578125,0.5,1251,0.42849984765052795,256.0
0.3515625,0.5192333459854126,256.0,0.77734375,0.62890625,0.92578125,0.5,1252,0.4794251620769501,256.0
0.37890625,0.49877673387527466,256.0,0.7578125,0.63671875,0.87890625,0.5,1253,0.4701543152332306,256.0
0.3515625,0.511786937713623,256.0,0.7890625,0.640625,0.9375,0.5,1254,0.45499807596206665,256.0
0.3515625,0.4786131680011749,256.0,0.796875,0.6484375,0.9453125,0.5,1255,0.4399643540382385,256.0
0.3828125,0.49478089809417725,256.0,0.77734375,0.66015625,0.89453125,0.5,1256,0.45620056986808777,256.0
0.376953125,0.49844783544540405,256.0,0.787109375,0.6640625,0.91015625,0.5,1257,0.4552842378616333,256.0
0.384765625,0.4580627977848053,256.0,0.810546875,0.6953125,0.92578125,0.5,1258,0.43475306034088135,256.0
0.39453125,0.45719102025032043,256.0,0.77734375,0.671875,0.8828125,0.5,1259,0.46529924869537354,256.0
0.365234375,0.4603857398033142,256.0,0.794921875,0.66015625,0.9296875,0.5,1260,0.4423542618751526,256.0
0.359375,0.4423821270465851,256.0,0.77734375,0.63671875,0.91796875,0.5,1261,0.4334234595298767,256.0
0.37890625,0.45201459527015686,256.0,0.7578125,0.63671875,0.87890625,0.5,1262,0.4886881411075592,256.0
0.38671875,0.4534718096256256,256.0,0.75,0.63671875,0.86328125,0.5,1263,0.4670327305793762,256.0
0.349609375,0.46013474464416504,256.0,0.759765625,0.609375,0.91015625,0.5,1264,0.4705924689769745,256.0
0.318359375,0.47835561633110046,256.0,0.791015625,0.609375,0.97265625,0.5,1265,0.4428134560585022,256.0
0.35546875,0.4884594678878784,256.0,0.78125,0.63671875,0.92578125,0.5,1266,0.46116387844085693,256.0
0.369140625,0.4669099748134613,256.0,0.751953125,0.62109375,0.8828125,0.5,1267,0.4913702607154846,256.0
0.373046875,0.48273801803588867,256.0,0.783203125,0.65625,0.91015625,0.5,1268,0.46801385283470154,256.0
0.41015625,0.46587860584259033,256.0,0.71875,0.62890625,0.80859375,0.5,1269,0.5072305798530579,256.0
0.392578125,0.4782756567001343,256.0,0.779296875,0.671875,0.88671875,0.5,1270,0.4571090340614319,256.0
0.400390625,0.4625755846500397,256.0,0.794921875,0.6953125,0.89453125,0.5,1271,0.4546774625778198,256.0
0.357421875,0.4858204126358032,256.0,0.791015625,0.6484375,0.93359375,0.5,1272,0.45251691341400146,256.0
0.365234375,0.5104917287826538,256.0,0.748046875,0.61328125,0.8828125,0.5,1273,0.49789419770240784,256.0
0.3515625,0.4872485399246216,256.0,0.765625,0.6171875,0.9140625,0.5,1274,0.4763827323913574,256.0
0.341796875,0.520808756351471,256.0,0.751953125,0.59375,0.91015625,0.5,1275,0.5042436122894287,256.0
0.40234375,0.4413599967956543,256.0,0.7890625,0.69140625,0.88671875,0.5,1276,0.4331253468990326,256.0
0.421875,0.4682818055152893,256.0,0.75,0.671875,0.828125,0.5,1277,0.4882308840751648,256.0
0.3828125,0.4731670022010803,256.0,0.7578125,0.640625,0.875,0.5,1278,0.4616128206253052,256.0
0.373046875,0.459353506565094,256.0,0.755859375,0.62890625,0.8828125,0.5,1279,0.4509900212287903,256.0
0.3984375,0.4729391038417816,256.0,0.7578125,0.65625,0.859375,0.5,1280,0.48030203580856323,256.0
0.34765625,0.4865700304508209,256.0,0.73046875,0.578125,0.8828125,0.5,1281,0.5095048546791077,256.0
0.3515625,0.49321117997169495,256.0,0.75,0.6015625,0.8984375,0.5,1282,0.4754806160926819,256.0
0.33203125,0.5196520686149597,256.0,0.76953125,0.6015625,0.9375,0.5,1283,0.4815692901611328,256.0
0.3828125,0.4836618900299072,256.0,0.78515625,0.66796875,0.90234375,0.5,1284,0.46935123205184937,256.0
0.41796875,0.4677017331123352,256.0,0.71484375,0.6328125,0.796875,0.5,1285,0.5166685581207275,256.0
0.388671875,0.5095593929290771,256.0,0.697265625,0.5859375,0.80859375,0.5,1286,0.5725060105323792,256.0
0.38671875,0.484740674495697,256.0,0.76953125,0.65625,0.8828125,0.5,1287,0.4853234887123108,256.0
0.39453125,0.4651584327220917,256.0,0.74609375,0.640625,0.8515625,0.5,1288,0.47316524386405945,256.0
0.369140625,0.47797244787216187,256.0,0.751953125,0.62109375,0.8828125,0.5,1289,0.47335395216941833,256.0
0.35546875,0.4775511622428894,256.0,0.75,0.60546875,0.89453125,0.5,1290,0.4747300446033478,256.0
0.326171875,0.5042135715484619,256.0,0.751953125,0.578125,0.92578125,0.5,1291,0.5128854513168335,256.0
0.330078125,0.5115334987640381,256.0,0.783203125,0.61328125,0.953125,0.5,1292,0.4653474986553192,256.0
0.373046875,0.4918748438358307,256.0,0.798828125,0.671875,0.92578125,0.5,1293,0.4331928491592407,256.0
0.447265625,0.47722959518432617,256.0,0.736328125,0.68359375,0.7890625,0.5,1294,0.523540735244751,256.0
0.44140625,0.4936467409133911,256.0,0.74609375,0.6875,0.8046875,0.5,1295,0.5101730823516846,256.0
0.4375,0.4907533526420593,256.0,0.70703125,0.64453125,0.76953125,0.5,1296,0.5243726968765259,256.0
0.453125,0.47895684838294983,256.0,0.71875,0.671875,0.765625,0.5,1297,0.5284311175346375,256.0
0.396484375,0.495286762714386,256.0,0.779296875,0.67578125,0.8828125,0.5,1298,0.46061035990715027,256.0
0.353515625,0.5049207210540771,256.0,0.802734375,0.65625,0.94921875,0.5,1299,0.4406058192253113,256.0
0.341796875,0.4987179934978485,256.0,0.763671875,0.60546875,0.921875,0.5,1300,0.49130481481552124,256.0
0.30078125,0.5259534120559692,256.0,0.7734375,0.57421875,0.97265625,0.5,1301,0.4939785599708557,256.0
0.349609375,0.4863419234752655,256.0,0.806640625,0.65625,0.95703125,0.5,1302,0.43360331654548645,256.0
0.37890625,0.48842287063598633,256.0,0.7578125,0.63671875,0.87890625,0.5,1303,0.47666382789611816,256.0
0.404296875,0.4843147099018097,256.0,0.755859375,0.66015625,0.8515625,0.5,1304,0.4940894544124603,256.0
0.37109375,0.4782991409301758,256.0,0.75390625,0.625,0.8828125,0.5,1305,0.4739269018173218,256.0
0.42578125,0.4793640077114105,256.0,0.74609375,0.671875,0.8203125,0.5,1306,0.4837738871574402,256.0
0.388671875,0.5009204745292664,256.0,0.724609375,0.61328125,0.8359375,0.5,1307,0.5320340394973755,256.0
0.357421875,0.4792516231536865,256.0,0.763671875,0.62109375,0.90625,0.5,1308,0.4539037048816681,256.0
0.32421875,0.5100879669189453,256.0,0.78515625,0.609375,0.9609375,0.5,1309,0.461692214012146,256.0
0.318359375,0.4914974272251129,256.0,0.775390625,0.59375,0.95703125,0.5,1310,0.4647764563560486,256.0
0.314453125,0.5061461329460144,256.0,0.771484375,0.5859375,0.95703125,0.5,1311,0.46974220871925354,256.0
0.390625,0.482904314994812,256.0,0.78125,0.671875,0.890625,0.5,1312,0.4730033576488495,256.0
0.416015625,0.4821009933948517,256.0,0.767578125,0.68359375,0.8515625,0.5,1313,0.4570119082927704,256.0
0.431640625,0.45791417360305786,256.0,0.732421875,0.6640625,0.80078125,0.5,1314,0.47147873044013977,256.0
0.396484375,0.4717777967453003,256.0,0.771484375,0.66796875,0.875,0.5,1315,0.474301815032959,256.0
0.416015625,0.4885770082473755,256.0,0.712890625,0.62890625,0.796875,0.5,1316,0.5260328054428101,256.0
0.359375,0.5053026676177979,256.0,0.76953125,0.62890625,0.91015625,0.5,1317,0.46750104427337646,256.0
0.314453125,0.5269030332565308,256.0,0.755859375,0.5703125,0.94140625,0.5,1318,0.5106359720230103,256.0
0.3359375,0.47278085350990295,256.0,0.74609375,0.58203125,0.91015625,0.5,1319,0.491050124168396,256.0
0.341796875,0.49728021025657654,256.0,0.771484375,0.61328125,0.9296875,0.5,1320,0.4782067537307739,256.0
0.34765625,0.49253126978874207,256.0,0.796875,0.64453125,0.94921875,0.5,1321,0.4367911219596863,256.0
0.373046875,0.475835919380188,256.0,0.814453125,0.6875,0.94140625,0.5,1322,0.41529595851898193,256.0
0.376953125,0.4889354109764099,256.0,0.791015625,0.66796875,0.9140625,0.5,1323,0.44485628604888916,256.0
0.36328125,0.4872767925262451,256.0,0.7890625,0.65234375,0.92578125,0.5,1324,0.4513322412967682,256.0
0.376953125,0.4788441061973572,256.0,0.791015625,0.66796875,0.9140625,0.5,1325,0.4544326961040497,256.0
0.38671875,0.4715672731399536,256.0,0.82421875,0.7109375,0.9375,0.5,1326,0.4095904529094696,256.0
0.3515625,0.4742601215839386,256.0,0.79296875,0.64453125,0.94140625,0.5,1327,0.45361825823783875,256.0
0.37109375,0.45060527324676514,256.0,0.8203125,0.69140625,0.94921875,0.5,1328,0.4088795781135559,256.0
0.349609375,0.45113110542297363,256.0,0.794921875,0.64453125,0.9453125,0.5,1329,0.4432368278503418,256.0
0.359375,0.45816051959991455,256.0,0.796875,0.65625,0.9375,0.5,1330,0.4358765482902527,256.0
0.349609375,0.44264835119247437,256.0,0.814453125,0.6640625,0.96484375,0.5,1331,0.4186477065086365,256.0
0.333984375,0.44188639521598816,256.0,0.759765625,0.59375,0.92578125,0.5,1332,0.46194779872894287,256.0
0.37109375,0.4388176202774048,256.0,0.8046875,0.67578125,0.93359375,0.5,1333,0.4202883541584015,256.0
0.357421875,0.4595804810523987,256.0,0.791015625,0.6484375,0.93359375,0.5,1334,0.43300527334213257,256.0
0.357421875,0.46548205614089966,256.0,0.814453125,0.671875,0.95703125,0.5,1335,0.43325161933898926,256.0
0.37109375,0.4432087540626526,256.0,0.8125,0.68359375,0.94140625,0.5,1336,0.40516722202301025,256.0
0.34765625,0.44812315702438354,256.0,0.79296875,0.640625,0.9453125,0.5,1337,0.4452095329761505,256.0
0.380859375,0.4428577721118927,256.0,0.787109375,0.66796875,0.90625,0.5,1338,0.4326714277267456,256.0
0.375,0.4438338875770569,256.0,0.7578125,0.6328125,0.8828125,0.5,1339,0.4816558063030243,256.0
0.322265625,0.43863093852996826,256.0,0.763671875,0.5859375,0.94140625,0.5,1340,0.4940033257007599,256.0
0.373046875,0.4030466079711914,256.0,0.759765625,0.6328125,0.88671875,0.5,1341,0.49817419052124023,256.0
0.33984375,0.46641355752944946,256.0,0.78515625,0.625,0.9453125,0.5,1342,0.4705244302749634,256.0
0.390625,0.4450981020927429,256.0,0.8046875,0.6953125,0.9140625,0.5,1343,0.4264116883277893,256.0
0.341796875,0.4713042080402374,256.0,0.763671875,0.60546875,0.921875,0.5,1344,0.47167110443115234,256.0
0.333984375,0.47530508041381836,256.0,0.783203125,0.6171875,0.94921875,0.5,1345,0.46956971287727356,256.0
0.376953125,0.4307878613471985,256.0,0.771484375,0.6484375,0.89453125,0.5,1346,0.4843592047691345,256.0
0.390625,0.44736242294311523,256.0,0.7734375,0.6640625,0.8828125,0.5,1347,0.4762747585773468,256.0
0.369140625,0.43899035453796387,256.0,0.806640625,0.67578125,0.9375,0.5,1348,0.4157133102416992,256.0
0.365234375,0.4375929832458496,256.0,0.794921875,0.66015625,0.9296875,0.5,1349,0.41180065274238586,256.0
0.359375,0.46593067049980164,256.0,0.76953125,0.62890625,0.91015625,0.5,1350,0.4767334461212158,256.0
0.34375,0.45663195848464966,256.0,0.7578125,0.6015625,0.9140625,0.5,1351,0.46647927165031433,256.0
0.376953125,0.44666844606399536,256.0,0.806640625,0.68359375,0.9296875,0.5,1352,0.4086821377277374,256.0
0.3515625,0.47909462451934814,256.0,0.80859375,0.66015625,0.95703125,0.5,1353,0.4352439045906067,256.0
0.390625,0.4581261873245239,256.0,0.796875,0.6875,0.90625,0.5,1354,0.43570607900619507,256.0
0.38671875,0.45844414830207825,256.0,0.78125,0.66796875,0.89453125,0.5,1355,0.45488569140434265,256.0
0.35546875,0.45499885082244873,256.0,0.77734375,0.6328125,0.921875,0.5,1356,0.45818817615509033,256.0
0.40234375,0.4587010145187378,256.0,0.77734375,0.6796875,0.875,0.5,1357,0.46772024035453796,256.0
0.408203125,0.43750882148742676,256.0,0.775390625,0.68359375,0.8671875,0.5,1358,0.4530622959136963,256.0
0.40625,0.46201542019844055,256.0,0.73828125,0.64453125,0.83203125,0.5,1359,0.49438759684562683,256.0
0.33203125,0.4765986204147339,256.0,0.765625,0.59765625,0.93359375,0.5,1360,0.4700269401073456,256.0
0.3203125,0.46728891134262085,256.0,0.75390625,0.57421875,0.93359375,0.5,1361,0.45800232887268066,256.0
0.337890625,0.49578651785850525,256.0,0.794921875,0.6328125,0.95703125,0.5,1362,0.45257967710494995,256.0
0.369140625,0.45142287015914917,256.0,0.763671875,0.6328125,0.89453125,0.5,1363,0.4777628183364868,256.0
0.396484375,0.450531005859375,256.0,0.783203125,0.6796875,0.88671875,0.5,1364,0.4624575972557068,256.0
0.390625,0.4691389799118042,256.0,0.81640625,0.70703125,0.92578125,0.5,1365,0.4069863259792328,256.0
0.408203125,0.46014976501464844,256.0,0.767578125,0.67578125,0.859375,0.5,1366,0.4554479122161865,256.0
0.427734375,0.4245511293411255,256.0,0.759765625,0.6875,0.83203125,0.5,1367,0.4714456796646118,256.0
0.349609375,0.5070875287055969,256.0,0.740234375,0.58984375,0.890625,0.5,1368,0.4975109100341797,256.0
0.3515625,0.46627214550971985,256.0,0.73046875,0.58203125,0.87890625,0.5,1369,0.47450006008148193,256.0
0.326171875,0.49337583780288696,256.0,0.775390625,0.6015625,0.94921875,0.5,1370,0.4482375383377075,256.0
0.359375,0.4950087070465088,256.0,0.78515625,0.64453125,0.92578125,0.5,1371,0.49523794651031494,256.0
0.359375,0.484488844871521,256.0,0.80078125,0.66015625,0.94140625,0.5,1372,0.445238322019577,256.0
0.375,0.45879632234573364,256.0,0.79296875,0.66796875,0.91796875,0.5,1373,0.4223504662513733,256.0
0.380859375,0.4733935594558716,256.0,0.806640625,0.6875,0.92578125,0.5,1374,0.42973804473876953,256.0
0.3828125,0.461820125579834,256.0,0.74609375,0.62890625,0.86328125,0.5,1375,0.4906481206417084,256.0
0.41015625,0.4441598355770111,256.0,0.73046875,0.640625,0.8203125,0.5,1376,0.5011292695999146,256.0
0.359375,0.4757802188396454,256.0,0.76953125,0.62890625,0.91015625,0.5,1377,0.4611097276210785,256.0
0.365234375,0.467548668384552,256.0,0.767578125,0.6328125,0.90234375,0.5,1378,0.45747554302215576,256.0
0.337890625,0.489144504070282,256.0,0.779296875,0.6171875,0.94140625,0.5,1379,0.44765543937683105,256.0
0.34375,0.47472137212753296,256.0,0.77734375,0.62109375,0.93359375,0.5,1380,0.46066704392433167,256.0
0.365234375,0.4816575050354004,256.0,0.759765625,0.625,0.89453125,0.5,1381,0.4914390444755554,256.0
0.36328125,0.46435868740081787,256.0,0.8046875,0.66796875,0.94140625,0.5,1382,0.4153800904750824,256.0
0.380859375,0.4840033948421478,256.0,0.814453125,0.6953125,0.93359375,0.5,1383,0.41495126485824585,256.0
0.400390625,0.47172021865844727,256.0,0.763671875,0.6640625,0.86328125,0.5,1384,0.48480987548828125,256.0
0.4140625,0.45263248682022095,256.0,0.7734375,0.6875,0.859375,0.5,1385,0.45320820808410645,256.0
0.40625,0.460694283246994,256.0,0.80078125,0.70703125,0.89453125,0.5,1386,0.43430355191230774,256.0
0.376953125,0.4400025010108948,256.0,0.771484375,0.6484375,0.89453125,0.5,1387,0.440360426902771,256.0
0.337890625,0.5010155439376831,256.0,0.814453125,0.65234375,0.9765625,0.5,1388,0.43438002467155457,256.0
0.322265625,0.47586357593536377,256.0,0.763671875,0.5859375,0.94140625,0.5,1389,0.46635547280311584,256.0
0.326171875,0.4916667938232422,256.0,0.759765625,0.5859375,0.93359375,0.5,1390,0.4867401719093323,256.0
0.380859375,0.4548301100730896,256.0,0.787109375,0.66796875,0.90625,0.5,1391,0.43057459592819214,256.0
0.39453125,0.44633886218070984,256.0,0.7890625,0.68359375,0.89453125,0.5,1392,0.4402365982532501,256.0
0.39453125,0.43888819217681885,256.0,0.76171875,0.65625,0.8671875,0.5,1393,0.4604780077934265,256.0
0.423828125,0.42328256368637085,256.0,0.779296875,0.703125,0.85546875,0.5,1394,0.44337382912635803,256.0
0.396484375,0.45046740770339966,256.0,0.791015625,0.6875,0.89453125,0.5,1395,0.42819473147392273,256.0
0.369140625,0.47205132246017456,256.0,0.798828125,0.66796875,0.9296875,0.5,1396,0.4249226748943329,256.0
0.3515625,0.46714407205581665,256.0,0.8046875,0.65625,0.953125,0.5,1397,0.4288310408592224,256.0
0.365234375,0.4530312120914459,256.0,0.806640625,0.671875,0.94140625,0.5,1398,0.43092823028564453,256.0
0.400390625,0.45068392157554626,256.0,0.759765625,0.66015625,0.859375,0.5,1399,0.4921056032180786,256.0
0.328125,0.4692592918872833,256.0,0.77734375,0.60546875,0.94921875,0.5,1400,0.45015478134155273,256.0
0.408203125,0.44477468729019165,256.0,0.771484375,0.6796875,0.86328125,0.5,1401,0.45790809392929077,256.0
0.37109375,0.42874038219451904,256.0,0.78515625,0.65625,0.9140625,0.5,1402,0.4232454299926758,256.0
0.357421875,0.4721037447452545,256.0,0.767578125,0.625,0.91015625,0.5,1403,0.4456690549850464,256.0
0.373046875,0.4511369466781616,256.0,0.798828125,0.671875,0.92578125,0.5,1404,0.41068464517593384,256.0
0.34765625,0.473421573638916,256.0,0.7734375,0.62109375,0.92578125,0.5,1405,0.4468591809272766,256.0
0.359375,0.4829404354095459,256.0,0.81640625,0.67578125,0.95703125,0.5,1406,0.426681786775589,256.0
0.33203125,0.46735066175460815,256.0,0.765625,0.59765625,0.93359375,0.5,1407,0.4768657088279724,256.0
0.3984375,0.4318736493587494,256.0,0.7578125,0.65625,0.859375,0.5,1408,0.4904545545578003,256.0
0.359375,0.47257429361343384,256.0,0.77734375,0.63671875,0.91796875,0.5,1409,0.47040972113609314,256.0
0.392578125,0.45170900225639343,256.0,0.755859375,0.6484375,0.86328125,0.5,1410,0.4561294913291931,256.0
0.400390625,0.4306488335132599,256.0,0.728515625,0.62890625,0.828125,0.5,1411,0.474065363407135,256.0
0.3515625,0.4798647165298462,256.0,0.80859375,0.66015625,0.95703125,0.5,1412,0.42755961418151855,256.0
0.328125,0.4753235876560211,256.0,0.7578125,0.5859375,0.9296875,0.5,1413,0.45656001567840576,256.0
0.3125,0.49015361070632935,256.0,0.7578125,0.5703125,0.9453125,0.5,1414,0.48428863286972046,256.0
0.314453125,0.4952259361743927,256.0,0.779296875,0.59375,0.96484375,0.5,1415,0.45838552713394165,256.0
0.34375,0.4523315131664276,256.0,0.765625,0.609375,0.921875,0.5,1416,0.4524921774864197,256.0
0.408203125,0.43583041429519653,256.0,0.759765625,0.66796875,0.8515625,0.5,1417,0.488470196723938,256.0
0.396484375,0.47338253259658813,256.0,0.751953125,0.6484375,0.85546875,0.5,1418,0.4787735044956207,256.0
0.400390625,0.4380352199077606,256.0,0.791015625,0.69140625,0.890625,0.5,1419,0.4574745297431946,256.0
0.431640625,0.4069613814353943,256.0,0.744140625,0.67578125,0.8125,0.5,1420,0.4903152585029602,256.0
0.419921875,0.45562127232551575,256.0,0.748046875,0.66796875,0.828125,0.5,1421,0.46368592977523804,256.0
0.40625,0.45218396186828613,256.0,0.74609375,0.65234375,0.83984375,0.5,1422,0.48978790640830994,256.0
0.333984375,0.4795072376728058,256.0,0.763671875,0.59765625,0.9296875,0.5,1423,0.4724345803260803,256.0
0.294921875,0.5138391256332397,256.0,0.779296875,0.57421875,0.984375,0.5,1424,0.48986974358558655,256.0
0.3671875,0.47647228837013245,256.0,0.76953125,0.63671875,0.90234375,0.5,1425,0.4805338978767395,256.0
0.4296875,0.43797916173934937,256.0,0.71875,0.6484375,0.7890625,0.5,1426,0.5188371539115906,256.0
0.359375,0.4921661615371704,256.0,0.76171875,0.62109375,0.90234375,0.5,1427,0.48149794340133667,256.0
0.392578125,0.4601670503616333,256.0,0.740234375,0.6328125,0.84765625,0.5,1428,0.48486921191215515,256.0
0.361328125,0.4653683304786682,256.0,0.771484375,0.6328125,0.91015625,0.5,1429,0.44372421503067017,256.0
0.408203125,0.4845447838306427,256.0,0.763671875,0.671875,0.85546875,0.5,1430,0.47797590494155884,256.0
0.37890625,0.47171181440353394,256.0,0.78515625,0.6640625,0.90625,0.5,1431,0.42913272976875305,256.0
0.30078125,0.5135886669158936,256.0,0.77734375,0.578125,0.9765625,0.5,1432,0.4641442894935608,256.0
0.341796875,0.5216907262802124,256.0,0.771484375,0.61328125,0.9296875,0.5,1433,0.47254329919815063,256.0
0.341796875,0.4841820001602173,256.0,0.771484375,0.61328125,0.9296875,0.5,1434,0.4509848952293396,256.0
0.3828125,0.4596443474292755,256.0,0.78125,0.6640625,0.8984375,0.5,1435,0.4293628931045532,256.0
0.435546875,0.44178855419158936,256.0,0.724609375,0.66015625,0.7890625,0.5,1436,0.5241373181343079,256.0
0.416015625,0.4837042987346649,256.0,0.748046875,0.6640625,0.83203125,0.5,1437,0.4832277297973633,256.0
0.41796875,0.4830660820007324,256.0,0.73828125,0.65625,0.8203125,0.5,1438,0.49312248826026917,256.0
0.408203125,0.4841507077217102,256.0,0.779296875,0.6875,0.87109375,0.5,1439,0.4483359754085541,256.0
0.349609375,0.4712628126144409,256.0,0.763671875,0.61328125,0.9140625,0.5,1440,0.45262598991394043,256.0
0.306640625,0.5035238265991211,256.0,0.794921875,0.6015625,0.98828125,0.5,1441,0.4511564075946808,256.0
0.30859375,0.5166335105895996,256.0,0.78515625,0.59375,0.9765625,0.5,1442,0.48887255787849426,256.0
0.328125,0.48031994700431824,256.0,0.80078125,0.62890625,0.97265625,0.5,1443,0.42805981636047363,256.0
0.3984375,0.4820772409439087,256.0,0.78125,0.6796875,0.8828125,0.5,1444,0.47856616973876953,256.0
0.361328125,0.469758003950119,256.0,0.767578125,0.62890625,0.90625,0.5,1445,0.46521034836769104,256.0
0.375,0.46536219120025635,256.0,0.75390625,0.62890625,0.87890625,0.5,1446,0.4875757694244385,256.0
0.369140625,0.4739455580711365,256.0,0.791015625,0.66015625,0.921875,0.5,1447,0.45151227712631226,256.0
0.388671875,0.4653369188308716,256.0,0.755859375,0.64453125,0.8671875,0.5,1448,0.47380316257476807,256.0
0.35546875,0.4664454460144043,256.0,0.81640625,0.671875,0.9609375,0.5,1449,0.411282479763031,256.0
0.341796875,0.47818243503570557,256.0,0.814453125,0.65625,0.97265625,0.5,1450,0.4136689305305481,256.0
0.37109375,0.45552778244018555,256.0,0.81640625,0.6875,0.9453125,0.5,1451,0.41118818521499634,256.0
0.3828125,0.43816718459129333,256.0,0.78125,0.6640625,0.8984375,0.5,1452,0.4669795036315918,256.0
0.380859375,0.45843762159347534,256.0,0.791015625,0.671875,0.91015625,0.5,1453,0.44926419854164124,256.0
0.384765625,0.43565452098846436,256.0,0.806640625,0.69140625,0.921875,0.5,1454,0.42576825618743896,256.0
0.384765625,0.4338343143463135,256.0,0.732421875,0.6171875,0.84765625,0.5,1455,0.5172778964042664,256.0
0.376953125,0.45235371589660645,256.0,0.806640625,0.68359375,0.9296875,0.5,1456,0.4368222951889038,256.0
0.345703125,0.4460170865058899,256.0,0.779296875,0.625,0.93359375,0.5,1457,0.44292742013931274,256.0
0.314453125,0.4825601577758789,256.0,0.810546875,0.625,0.99609375,0.5,1458,0.43339377641677856,256.0
0.32421875,0.479919970035553,256.0,0.80859375,0.6328125,0.984375,0.5,1459,0.41972240805625916,256.0
0.35546875,0.45382025837898254,256.0,0.77734375,0.6328125,0.921875,0.5,1460,0.4534562826156616,256.0
0.3828125,0.45842641592025757,256.0,0.80859375,0.69140625,0.92578125,0.5,1461,0.4402977526187897,256.0
0.419921875,0.4364916682243347,256.0,0.826171875,0.74609375,0.90625,0.5,1462,0.38844797015190125,256.0
0.36328125,0.4596230685710907,256.0,0.7890625,0.65234375,0.92578125,0.5,1463,0.4404810667037964,256.0
0.42578125,0.42317768931388855,256.0,0.7578125,0.68359375,0.83203125,0.5,1464,0.47418031096458435,256.0
0.349609375,0.4596235156059265,256.0,0.814453125,0.6640625,0.96484375,0.5,1465,0.41114291548728943,256.0
0.36328125,0.4523276090621948,256.0,0.79296875,0.65625,0.9296875,0.5,1466,0.4302382171154022,256.0
0.318359375,0.4870898127555847,256.0,0.810546875,0.62890625,0.9921875,0.5,1467,0.4392757713794708,256.0
0.353515625,0.46614739298820496,256.0,0.833984375,0.6875,0.98046875,0.5,1468,0.4005650579929352,256.0
0.359375,0.437406450510025,256.0,0.80859375,0.66796875,0.94921875,0.5,1469,0.41683512926101685,256.0
0.388671875,0.4312213659286499,256.0,0.779296875,0.66796875,0.890625,0.5,1470,0.4546070992946625,256.0
0.412109375,0.40997210144996643,256.0,0.810546875,0.72265625,0.8984375,0.5,1471,0.42204469442367554,256.0
0.388671875,0.4239479899406433,256.0,0.798828125,0.6875,0.91015625,0.5,1472,0.4361952543258667,256.0
0.375,0.42293551564216614,256.0,0.75,0.625,0.875,0.5,1473,0.5168627500534058,256.0
0.34765625,0.421830952167511,256.0,0.80859375,0.65625,0.9609375,0.5,1474,0.40011078119277954,256.0
0.337890625,0.4587828814983368,256.0,0.810546875,0.6484375,0.97265625,0.5,1475,0.41542690992355347,256.0
0.314453125,0.45378223061561584,256.0,0.802734375,0.6171875,0.98828125,0.5,1476,0.4207541346549988,256.0
0.35546875,0.46637946367263794,256.0,0.81640625,0.671875,0.9609375,0.5,1477,0.4343506991863251,256.0
0.40234375,0.42911669611930847,256.0,0.80078125,0.703125,0.8984375,0.5,1478,0.47621211409568787,256.0
0.337890625,0.45254233479499817,256.0,0.798828125,0.63671875,0.9609375,0.5,1479,0.4294569194316864,256.0
0.376953125,0.431995153427124,256.0,0.787109375,0.6640625,0.91015625,0.5,1480,0.429790198802948,256.0
0.396484375,0.4311341941356659,256.0,0.787109375,0.68359375,0.890625,0.5,1481,0.4477674961090088,256.0
0.4296875,0.40125179290771484,256.0,0.796875,0.7265625,0.8671875,0.5,1482,0.428071528673172,256.0
0.341796875,0.45514994859695435,256.0,0.810546875,0.65234375,0.96875,0.5,1483,0.4053688943386078,256.0
0.32421875,0.46054041385650635,256.0,0.7890625,0.61328125,0.96484375,0.5,1484,0.4317675530910492,256.0
0.345703125,0.47094959020614624,256.0,0.810546875,0.65625,0.96484375,0.5,1485,0.42718058824539185,256.0
0.365234375,0.45478516817092896,256.0,0.822265625,0.6875,0.95703125,0.5,1486,0.43035799264907837,256.0
0.330078125,0.45321181416511536,256.0,0.802734375,0.6328125,0.97265625,0.5,1487,0.42969024181365967,256.0
0.353515625,0.4439917504787445,256.0,0.794921875,0.6484375,0.94140625,0.5,1488,0.42346543073654175,256.0
0.384765625,0.42974090576171875,256.0,0.822265625,0.70703125,0.9375,0.5,1489,0.39139217138290405,256.0
0.443359375,0.4097955822944641,256.0,0.748046875,0.69140625,0.8046875,0.5,1490,0.5128747224807739,256.0
0.373046875,0.41845381259918213,256.0,0.787109375,0.66015625,0.9140625,0.5,1491,0.42017555236816406,256.0
0.345703125,0.4277613162994385,256.0,0.791015625,0.63671875,0.9453125,0.5,1492,0.40973278880119324,256.0
0.34765625,0.4642336070537567,256.0,0.83203125,0.6796875,0.984375,0.5,1493,0.39915215969085693,256.0
0.333984375,0.46387779712677,256.0,0.791015625,0.625,0.95703125,0.5,1494,0.4576288163661957,256.0
0.318359375,0.45835110545158386,256.0,0.787109375,0.60546875,0.96875,0.5,1495,0.42612534761428833,256.0
0.3359375,0.4487072229385376,256.0,0.76953125,0.60546875,0.93359375,0.5,1496,0.45364272594451904,256.0
0.388671875,0.4358709454536438,256.0,0.755859375,0.64453125,0.8671875,0.5,1497,0.4759792387485504,256.0
0.4140625,0.42050644755363464,256.0,0.78125,0.6953125,0.8671875,0.5,1498,0.4391302168369293,256.0
0.380859375,0.428191602230072,256.0,0.783203125,0.6640625,0.90234375,0.5,1499,0.42479151487350464,256.0
0.357421875,0.4523836076259613,256.0,0.767578125,0.625,0.91015625,0.5,1500,0.4595937728881836,256.0
0.34375,0.44694292545318604,256.0,0.78125,0.625,0.9375,0.5,1501,0.43094274401664734,256.0
0.345703125,0.48293572664260864,256.0,0.841796875,0.6875,0.99609375,0.5,1502,0.40782225131988525,256.0
0.337890625,0.481428861618042,256.0,0.810546875,0.6484375,0.97265625,0.5,1503,0.4305715560913086,256.0
0.314453125,0.4539720416069031,256.0,0.791015625,0.60546875,0.9765625,0.5,1504,0.4385755956172943,256.0
0.376953125,0.4500768184661865,256.0,0.787109375,0.6640625,0.91015625,0.5,1505,0.4571421146392822,256.0
0.400390625,0.42759621143341064,256.0,0.771484375,0.671875,0.87109375,0.5,1506,0.475577712059021,256.0
0.40234375,0.4177379906177521,256.0,0.78515625,0.6875,0.8828125,0.5,1507,0.40572136640548706,256.0
0.384765625,0.4181074798107147,256.0,0.787109375,0.671875,0.90234375,0.5,1508,0.4422664940357208,256.0
0.41015625,0.39778584241867065,256.0,0.7578125,0.66796875,0.84765625,0.5,1509,0.46342137455940247,256.0
0.310546875,0.47130087018013,256.0,0.759765625,0.5703125,0.94921875,0.5,1510,0.4914112687110901,256.0
0.310546875,0.48134443163871765,256.0,0.763671875,0.57421875,0.953125,0.5,1511,0.5028606653213501,256.0
0.32421875,0.48404231667518616,256.0,0.7890625,0.61328125,0.96484375,0.5,1512,0.46779316663742065,256.0
0.318359375,0.4420616626739502,256.0,0.794921875,0.61328125,0.9765625,0.5,1513,0.4143187403678894,256.0
0.376953125,0.4665191173553467,256.0,0.794921875,0.671875,0.91796875,0.5,1514,0.45306265354156494,256.0
0.38671875,0.46008121967315674,256.0,0.76171875,0.6484375,0.875,0.5,1515,0.48177164793014526,256.0
0.37890625,0.4376736283302307,256.0,0.79296875,0.671875,0.9140625,0.5,1516,0.4305829703807831,256.0
0.349609375,0.4631049633026123,256.0,0.767578125,0.6171875,0.91796875,0.5,1517,0.4532508850097656,256.0
0.373046875,0.471280574798584,256.0,0.748046875,0.62109375,0.875,0.5,1518,0.46945351362228394,256.0
0.345703125,0.47304898500442505,256.0,0.771484375,0.6171875,0.92578125,0.5,1519,0.45452308654785156,256.0
0.33203125,0.4744151830673218,256.0,0.8046875,0.63671875,0.97265625,0.5,1520,0.4432530701160431,256.0
0.37890625,0.4466683268547058,256.0,0.75390625,0.6328125,0.875,0.5,1521,0.5112716555595398,256.0
0.388671875,0.46827825903892517,256.0,0.751953125,0.640625,0.86328125,0.5,1522,0.5168266296386719,256.0
0.375,0.4684869647026062,256.0,0.77734375,0.65234375,0.90234375,0.5,1523,0.4540322721004486,256.0
0.400390625,0.44765767455101013,256.0,0.794921875,0.6953125,0.89453125,0.5,1524,0.4339611828327179,256.0
0.384765625,0.44491028785705566,256.0,0.779296875,0.6640625,0.89453125,0.5,1525,0.4493342339992523,256.0
0.38671875,0.4524857699871063,256.0,0.7734375,0.66015625,0.88671875,0.5,1526,0.4607684314250946,256.0
0.3515625,0.4575977027416229,256.0,0.796875,0.6484375,0.9453125,0.5,1527,0.4250219166278839,256.0
0.4140625,0.4312475621700287,256.0,0.765625,0.6796875,0.8515625,0.5,1528,0.4850637912750244,256.0
0.349609375,0.4532744586467743,256.0,0.802734375,0.65234375,0.953125,0.5,1529,0.41750237345695496,256.0
0.353515625,0.4383562505245209,256.0,0.759765625,0.61328125,0.90625,0.5,1530,0.4827878475189209,256.0
0.322265625,0.4440689980983734,256.0,0.779296875,0.6015625,0.95703125,0.5,1531,0.4388933777809143,256.0
0.29296875,0.44393080472946167,256.0,0.765625,0.55859375,0.97265625,0.5,1532,0.44086459279060364,256.0
0.3515625,0.4668658375740051,256.0,0.76171875,0.61328125,0.91015625,0.5,1533,0.48242661356925964,256.0
0.400390625,0.4394819438457489,256.0,0.783203125,0.68359375,0.8828125,0.5,1534,0.44553956389427185,256.0
0.384765625,0.4592840075492859,256.0,0.787109375,0.671875,0.90234375,0.5,1535,0.4374435544013977,256.0
0.40234375,0.4545792043209076,256.0,0.73828125,0.640625,0.8359375,0.5,1536,0.485880047082901,256.0
0.34765625,0.48613235354423523,256.0,0.81640625,0.6640625,0.96875,0.5,1537,0.41170263290405273,256.0
0.376953125,0.4835568070411682,256.0,0.775390625,0.65234375,0.8984375,0.5,1538,0.4708414077758789,256.0
0.373046875,0.4624340832233429,256.0,0.818359375,0.69140625,0.9453125,0.5,1539,0.4153498113155365,256.0
0.375,0.46336236596107483,256.0,0.79296875,0.66796875,0.91796875,0.5,1540,0.42724931240081787,256.0
0.388671875,0.4693472981452942,256.0,0.810546875,0.69921875,0.921875,0.5,1541,0.4304860532283783,256.0
0.388671875,0.4301528334617615,256.0,0.767578125,0.65625,0.87890625,0.5,1542,0.4449159502983093,256.0
0.35546875,0.47465869784355164,256.0,0.75,0.60546875,0.89453125,0.5,1543,0.49776455760002136,256.0
0.357421875,0.43453848361968994,256.0,0.771484375,0.62890625,0.9140625,0.5,1544,0.4416434168815613,256.0
0.345703125,0.46336114406585693,256.0,0.759765625,0.60546875,0.9140625,0.5,1545,0.4812730550765991,256.0
0.37109375,0.47203096747398376,256.0,0.76953125,0.640625,0.8984375,0.5,1546,0.4817572236061096,256.0
0.322265625,0.47335222363471985,256.0,0.810546875,0.6328125,0.98828125,0.5,1547,0.4225462079048157,256.0
0.333984375,0.46228620409965515,256.0,0.779296875,0.61328125,0.9453125,0.5,1548,0.442486971616745,256.0
0.384765625,0.4338553845882416,256.0,0.771484375,0.65625,0.88671875,0.5,1549,0.49369752407073975,256.0
0.400390625,0.4257759153842926,256.0,0.763671875,0.6640625,0.86328125,0.5,1550,0.5298280119895935,256.0
0.43359375,0.40780630707740784,256.0,0.8125,0.74609375,0.87890625,0.5,1551,0.4047113060951233,256.0
0.388671875,0.4462549090385437,256.0,0.767578125,0.65625,0.87890625,0.5,1552,0.4610893130302429,256.0
0.365234375,0.44274088740348816,256.0,0.755859375,0.62109375,0.890625,0.5,1553,0.45873379707336426,256.0
0.32421875,0.45218706130981445,256.0,0.765625,0.58984375,0.94140625,0.5,1554,0.45710229873657227,256.0
0.31640625,0.4934810996055603,256.0,0.765625,0.58203125,0.94921875,0.5,1555,0.49320188164711,256.0
0.333984375,0.4676826000213623,256.0,0.806640625,0.640625,0.97265625,0.5,1556,0.4249466359615326,256.0
0.3671875,0.45123690366744995,256.0,0.77734375,0.64453125,0.91015625,0.5,1557,0.46891751885414124,256.0
0.3828125,0.44054850935935974,256.0,0.72265625,0.60546875,0.83984375,0.5,1558,0.5052734613418579,256.0
0.421875,0.4576922059059143,256.0,0.71875,0.640625,0.796875,0.5,1559,0.522747278213501,256.0
0.3828125,0.45222994685173035,256.0,0.734375,0.6171875,0.8515625,0.5,1560,0.47469863295555115,256.0
0.43359375,0.4074467122554779,256.0,0.7578125,0.69140625,0.82421875,0.5,1561,0.44165754318237305,256.0
0.3359375,0.495980829000473,256.0,0.7734375,0.609375,0.9375,0.5,1562,0.46436452865600586,256.0
0.375,0.49635055661201477,256.0,0.78125,0.65625,0.90625,0.5,1563,0.457925021648407,256.0
0.30859375,0.4944379925727844,256.0,0.80078125,0.609375,0.9921875,0.5,1564,0.44170695543289185,256.0
0.314453125,0.5054563283920288,256.0,0.767578125,0.58203125,0.953125,0.5,1565,0.47057825326919556,256.0
0.349609375,0.4756723940372467,256.0,0.802734375,0.65234375,0.953125,0.5,1566,0.427020788192749,256.0
0.3671875,0.48655587434768677,256.0,0.8359375,0.703125,0.96875,0.5,1567,0.40353143215179443,256.0
0.408203125,0.4737926721572876,256.0,0.830078125,0.73828125,0.921875,0.5,1568,0.4034215807914734,256.0
0.3671875,0.48172295093536377,256.0,0.765625,0.6328125,0.8984375,0.5,1569,0.47041741013526917,256.0
0.37890625,0.46479442715644836,256.0,0.77734375,0.65625,0.8984375,0.5,1570,0.4502023458480835,256.0
0.392578125,0.45987218618392944,256.0,0.787109375,0.6796875,0.89453125,0.5,1571,0.4479394555091858,256.0
0.3671875,0.4649744927883148,256.0,0.796875,0.6640625,0.9296875,0.5,1572,0.42714908719062805,256.0
0.3359375,0.45222848653793335,256.0,0.8125,0.6484375,0.9765625,0.5,1573,0.4136464297771454,256.0
0.326171875,0.46112731099128723,256.0,0.814453125,0.640625,0.98828125,0.5,1574,0.42923104763031006,256.0
0.390625,0.42465391755104065,256.0,0.7734375,0.6640625,0.8828125,0.5,1575,0.46709921956062317,256.0
0.33984375,0.4694993197917938,256.0,0.78125,0.62109375,0.94140625,0.5,1576,0.479519784450531,256.0
0.3671875,0.43712371587753296,256.0,0.80859375,0.67578125,0.94140625,0.5,1577,0.43177181482315063,256.0
0.376953125,0.4366777539253235,256.0,0.759765625,0.63671875,0.8828125,0.5,1578,0.47025561332702637,256.0
0.326171875,0.4584996700286865,256.0,0.794921875,0.62109375,0.96875,0.5,1579,0.43158143758773804,256.0
0.3984375,0.41167378425598145,256.0,0.78125,0.6796875,0.8828125,0.5,1580,0.42320120334625244,256.0
0.36328125,0.4612688422203064,256.0,0.7890625,0.65234375,0.92578125,0.5,1581,0.43321943283081055,256.0
0.349609375,0.4654472768306732,256.0,0.822265625,0.671875,0.97265625,0.5,1582,0.41252923011779785,256.0
0.341796875,0.440115749835968,256.0,0.814453125,0.65625,0.97265625,0.5,1583,0.40796124935150146,256.0
0.376953125,0.4333440959453583,256.0,0.818359375,0.6953125,0.94140625,0.5,1584,0.4061349332332611,256.0
0.361328125,0.43323180079460144,256.0,0.775390625,0.63671875,0.9140625,0.5,1585,0.4258139431476593,256.0
0.37109375,0.4439168870449066,256.0,0.7890625,0.66015625,0.91796875,0.5,1586,0.46068739891052246,256.0
0.42578125,0.4017726182937622,256.0,0.76171875,0.6875,0.8359375,0.5,1587,0.4652874767780304,256.0
0.359375,0.46590131521224976,256.0,0.7890625,0.6484375,0.9296875,0.5,1588,0.43701010942459106,256.0
0.375,0.4332394003868103,256.0,0.81640625,0.69140625,0.94140625,0.5,1589,0.3988552689552307,256.0
0.36328125,0.45977818965911865,256.0,0.80078125,0.6640625,0.9375,0.5,1590,0.42448264360427856,256.0
0.330078125,0.4773930609226227,256.0,0.810546875,0.640625,0.98046875,0.5,1591,0.43595603108406067,256.0
0.35546875,0.4579094648361206,256.0,0.796875,0.65234375,0.94140625,0.5,1592,0.4354543089866638,256.0
0.3671875,0.4362524449825287,256.0,0.7734375,0.640625,0.90625,0.5,1593,0.462664932012558,256.0
0.361328125,0.4395672678947449,256.0,0.783203125,0.64453125,0.921875,0.5,1594,0.4381517469882965,256.0
0.38671875,0.4301162362098694,256.0,0.8046875,0.69140625,0.91796875,0.5,1595,0.4163593649864197,256.0
0.375,0.4274541139602661,256.0,0.7578125,0.6328125,0.8828125,0.5,1596,0.4734678268432617,256.0
0.34765625,0.4340745806694031,256.0,0.81640625,0.6640625,0.96875,0.5,1597,0.40714192390441895,256.0
0.373046875,0.4306992292404175,256.0,0.798828125,0.671875,0.92578125,0.5,1598,0.4117443561553955,256.0
0.328125,0.46675556898117065,256.0,0.82421875,0.65234375,0.99609375,0.5,1599,0.40339744091033936,256.0
0.353515625,0.4421994090080261,256.0,0.841796875,0.6953125,0.98828125,0.5,1600,0.37948787212371826,256.0
0.357421875,0.42001092433929443,256.0,0.771484375,0.62890625,0.9140625,0.5,1601,0.4511886537075043,256.0
0.392578125,0.4048011004924774,256.0,0.814453125,0.70703125,0.921875,0.5,1602,0.4209223687648773,256.0
0.36328125,0.41224193572998047,256.0,0.765625,0.62890625,0.90234375,0.5,1603,0.47741809487342834,256.0
0.369140625,0.4236913323402405,256.0,0.787109375,0.65625,0.91796875,0.5,1604,0.4319084584712982,256.0
0.3984375,0.38297826051712036,256.0,0.7890625,0.6875,0.890625,0.5,1605,0.4542803466320038,256.0
0.388671875,0.4323213994503021,256.0,0.755859375,0.64453125,0.8671875,0.5,1606,0.4780036509037018,256.0
0.34765625,0.4464278817176819,256.0,0.78515625,0.6328125,0.9375,0.5,1607,0.4430004954338074,256.0
0.33984375,0.4518015384674072,256.0,0.8359375,0.67578125,0.99609375,0.5,1608,0.3826305568218231,256.0
0.32421875,0.47366344928741455,256.0,0.80859375,0.6328125,0.984375,0.5,1609,0.42434316873550415,256.0
0.369140625,0.4426076412200928,256.0,0.783203125,0.65234375,0.9140625,0.5,1610,0.4558161497116089,256.0
0.333984375,0.4745281934738159,256.0,0.779296875,0.61328125,0.9453125,0.5,1611,0.44495975971221924,256.0
0.37109375,0.43625035881996155,256.0,0.77734375,0.6484375,0.90625,0.5,1612,0.48471635580062866,256.0
0.392578125,0.44271349906921387,256.0,0.814453125,0.70703125,0.921875,0.5,1613,0.4319828450679779,256.0
0.384765625,0.4329683482646942,256.0,0.806640625,0.69140625,0.921875,0.5,1614,0.4373364746570587,256.0
0.353515625,0.4516761004924774,256.0,0.775390625,0.62890625,0.921875,0.5,1615,0.46118617057800293,256.0
0.357421875,0.4561966061592102,256.0,0.798828125,0.65625,0.94140625,0.5,1616,0.42202359437942505,256.0
0.32421875,0.4836830496788025,256.0,0.796875,0.62109375,0.97265625,0.5,1617,0.44716906547546387,256.0
0.349609375,0.4522751569747925,256.0,0.791015625,0.640625,0.94140625,0.5,1618,0.4513634145259857,256.0
0.380859375,0.41811108589172363,256.0,0.841796875,0.72265625,0.9609375,0.5,1619,0.3698566257953644,256.0
0.37109375,0.4605422019958496,256.0,0.8125,0.68359375,0.94140625,0.5,1620,0.41867926716804504,256.0
0.353515625,0.4340071678161621,256.0,0.818359375,0.671875,0.96484375,0.5,1621,0.40461021661758423,256.0
0.388671875,0.4139026999473572,256.0,0.837890625,0.7265625,0.94921875,0.5,1622,0.3773960769176483,256.0
0.361328125,0.43013978004455566,256.0,0.818359375,0.6796875,0.95703125,0.5,1623,0.39402511715888977,256.0
0.373046875,0.40199247002601624,256.0,0.810546875,0.68359375,0.9375,0.5,1624,0.4062892198562622,256.0
0.349609375,0.4206315279006958,256.0,0.822265625,0.671875,0.97265625,0.5,1625,0.38524511456489563,256.0
0.3359375,0.44408413767814636,256.0,0.796875,0.6328125,0.9609375,0.5,1626,0.43250930309295654,256.0
0.33984375,0.42839574813842773,256.0,0.80859375,0.6484375,0.96875,0.5,1627,0.41715505719184875,256.0
0.345703125,0.4228940010070801,256.0,0.775390625,0.62109375,0.9296875,0.5,1628,0.44325292110443115,256.0
0.3828125,0.40961477160453796,256.0,0.78515625,0.66796875,0.90234375,0.5,1629,0.46707266569137573,256.0
0.333984375,0.43071043491363525,256.0,0.798828125,0.6328125,0.96484375,0.5,1630,0.4145209491252899,256.0
0.408203125,0.4125573933124542,256.0,0.740234375,0.6484375,0.83203125,0.5,1631,0.5286306142807007,256.0
0.337890625,0.4204508066177368,256.0,0.783203125,0.62109375,0.9453125,0.5,1632,0.42571309208869934,256.0
0.41015625,0.41657373309135437,256.0,0.74609375,0.65625,0.8359375,0.5,1633,0.5125777721405029,256.0
0.34375,0.45480555295944214,256.0,0.76953125,0.61328125,0.92578125,0.5,1634,0.49747493863105774,256.0
0.333984375,0.4816558361053467,256.0,0.783203125,0.6171875,0.94921875,0.5,1635,0.4550631046295166,256.0
0.36328125,0.45648497343063354,256.0,0.80859375,0.671875,0.9453125,0.5,1636,0.4454226493835449,256.0
0.404296875,0.4219827651977539,256.0,0.779296875,0.68359375,0.875,0.5,1637,0.44840526580810547,256.0
0.37890625,0.44894006848335266,256.0,0.8046875,0.68359375,0.92578125,0.5,1638,0.41295719146728516,256.0
0.36328125,0.4563266932964325,256.0,0.79296875,0.65625,0.9296875,0.5,1639,0.4381183981895447,256.0
0.39453125,0.4364771842956543,256.0,0.7734375,0.66796875,0.87890625,0.5,1640,0.45022958517074585,256.0
0.361328125,0.45301783084869385,256.0,0.798828125,0.66015625,0.9375,0.5,1641,0.4304482042789459,256.0
0.3671875,0.44626668095588684,256.0,0.76953125,0.63671875,0.90234375,0.5,1642,0.44820210337638855,256.0
0.3203125,0.4922003448009491,256.0,0.7890625,0.609375,0.96875,0.5,1643,0.45929691195487976,256.0
0.3359375,0.4880862236022949,256.0,0.82421875,0.66015625,0.98828125,0.5,1644,0.42147067189216614,256.0
0.3671875,0.4504459500312805,256.0,0.8203125,0.6875,0.953125,0.5,1645,0.4091459810733795,256.0
0.35546875,0.4580839276313782,256.0,0.78515625,0.640625,0.9296875,0.5,1646,0.45322296023368835,256.0
0.3828125,0.4456847310066223,256.0,0.78515625,0.66796875,0.90234375,0.5,1647,0.4429705739021301,256.0
0.3671875,0.42669010162353516,256.0,0.8125,0.6796875,0.9453125,0.5,1648,0.3992766737937927,256.0
0.3828125,0.4176429510116577,256.0,0.7734375,0.65625,0.890625,0.5,1649,0.4468061327934265,256.0
0.404296875,0.4212498366832733,256.0,0.771484375,0.67578125,0.8671875,0.5,1650,0.4654954969882965,256.0
0.373046875,0.43717899918556213,256.0,0.771484375,0.64453125,0.8984375,0.5,1651,0.4642266631126404,256.0
0.33203125,0.46946296095848083,256.0,0.7890625,0.62109375,0.95703125,0.5,1652,0.45970359444618225,256.0
0.330078125,0.4745890200138092,256.0,0.791015625,0.62109375,0.9609375,0.5,1653,0.4658406972885132,256.0
0.369140625,0.4419931471347809,256.0,0.771484375,0.640625,0.90234375,0.5,1654,0.44589775800704956,256.0
0.34375,0.4586482346057892,256.0,0.8125,0.65625,0.96875,0.5,1655,0.40863513946533203,256.0
0.39453125,0.4292804002761841,256.0,0.796875,0.69140625,0.90234375,0.5,1656,0.4181106984615326,256.0
0.357421875,0.45206835865974426,256.0,0.759765625,0.6171875,0.90234375,0.5,1657,0.4531739354133606,256.0
0.369140625,0.45818233489990234,256.0,0.794921875,0.6640625,0.92578125,0.5,1658,0.4305596351623535,256.0
0.421875,0.4424944818019867,256.0,0.78515625,0.70703125,0.86328125,0.5,1659,0.471713125705719,256.0
0.345703125,0.46872490644454956,256.0,0.783203125,0.62890625,0.9375,0.5,1660,0.44738030433654785,256.0
0.349609375,0.47673147916793823,256.0,0.833984375,0.68359375,0.984375,0.5,1661,0.40133970975875854,256.0
0.31640625,0.45692843198776245,256.0,0.80078125,0.6171875,0.984375,0.5,1662,0.4203963279724121,256.0
0.375,0.4321320056915283,256.0,0.8046875,0.6796875,0.9296875,0.5,1663,0.41699010133743286,256.0
0.359375,0.46321946382522583,256.0,0.80859375,0.66796875,0.94921875,0.5,1664,0.4143301546573639,256.0
0.359375,0.4496481120586395,256.0,0.81640625,0.67578125,0.95703125,0.5,1665,0.4018152356147766,256.0
0.37890625,0.4530501365661621,256.0,0.7734375,0.65234375,0.89453125,0.5,1666,0.47295352816581726,256.0
0.3515625,0.4545152187347412,256.0,0.80859375,0.66015625,0.95703125,0.5,1667,0.4136146306991577,256.0
0.390625,0.4196326732635498,256.0,0.75,0.640625,0.859375,0.5,1668,0.47828322649002075,256.0
0.373046875,0.4429873824119568,256.0,0.787109375,0.66015625,0.9140625,0.5,1669,0.44678130745887756,256.0
0.357421875,0.4425285756587982,256.0,0.853515625,0.7109375,0.99609375,0.5,1670,0.36708250641822815,256.0
0.390625,0.4194106459617615,256.0,0.796875,0.6875,0.90625,0.5,1671,0.43434664607048035,256.0
0.36328125,0.44783592224121094,256.0,0.83203125,0.6953125,0.96875,0.5,1672,0.3914799392223358,256.0
0.365234375,0.4589458107948303,256.0,0.798828125,0.6640625,0.93359375,0.5,1673,0.42448925971984863,256.0
0.34765625,0.432820200920105,256.0,0.828125,0.67578125,0.98046875,0.5,1674,0.3906609117984772,256.0
0.37890625,0.4152522087097168,256.0,0.78515625,0.6640625,0.90625,0.5,1675,0.43794775009155273,256.0
0.357421875,0.4378891587257385,256.0,0.806640625,0.6640625,0.94921875,0.5,1676,0.4135572016239166,256.0
0.369140625,0.41598865389823914,256.0,0.751953125,0.62109375,0.8828125,0.5,1677,0.47045278549194336,256.0
0.33984375,0.46238940954208374,256.0,0.80859375,0.6484375,0.96875,0.5,1678,0.4132174849510193,256.0
0.345703125,0.45487427711486816,256.0,0.837890625,0.68359375,0.9921875,0.5,1679,0.3909771144390106,256.0
0.36328125,0.4423709213733673,256.0,0.75,0.61328125,0.88671875,0.5,1680,0.5203888416290283,256.0
0.375,0.40767890214920044,256.0,0.78515625,0.66015625,0.91015625,0.5,1681,0.432614266872406,256.0
0.35546875,0.4237849712371826,256.0,0.7890625,0.64453125,0.93359375,0.5,1682,0.4310762882232666,256.0
0.365234375,0.4336717128753662,256.0,0.783203125,0.6484375,0.91796875,0.5,1683,0.44618716835975647,256.0
0.359375,0.42385047674179077,256.0,0.78515625,0.64453125,0.92578125,0.5,1684,0.4293210506439209,256.0
0.35546875,0.42652809619903564,256.0,0.7734375,0.62890625,0.91796875,0.5,1685,0.4595641791820526,256.0
0.345703125,0.41119134426116943,256.0,0.798828125,0.64453125,0.953125,0.5,1686,0.4216460585594177,256.0
0.365234375,0.4447166323661804,256.0,0.818359375,0.68359375,0.953125,0.5,1687,0.4226498305797577,256.0
0.3515625,0.42828357219696045,256.0,0.7890625,0.640625,0.9375,0.5,1688,0.4518464207649231,256.0
0.3359375,0.4538727104663849,256.0,0.77734375,0.61328125,0.94140625,0.5,1689,0.4594179689884186,256.0
0.376953125,0.43131279945373535,256.0,0.810546875,0.6875,0.93359375,0.5,1690,0.4208618104457855,256.0
0.361328125,0.4582335650920868,256.0,0.802734375,0.6640625,0.94140625,0.5,1691,0.42238062620162964,256.0
0.392578125,0.440809428691864,256.0,0.798828125,0.69140625,0.90625,0.5,1692,0.4341443181037903,256.0
0.361328125,0.4275628924369812,256.0,0.794921875,0.65625,0.93359375,0.5,1693,0.4216614067554474,256.0
0.400390625,0.4302217960357666,256.0,0.798828125,0.69921875,0.8984375,0.5,1694,0.41981494426727295,256.0
0.40625,0.4172195792198181,256.0,0.796875,0.703125,0.890625,0.5,1695,0.4207163453102112,256.0
0.3125,0.48488324880599976,256.0,0.8046875,0.6171875,0.9921875,0.5,1696,0.42745399475097656,256.0
0.333984375,0.4472346901893616,256.0,0.802734375,0.63671875,0.96875,0.5,1697,0.41619592905044556,256.0
0.3671875,0.4291127324104309,256.0,0.77734375,0.64453125,0.91015625,0.5,1698,0.4454130530357361,256.0
0.345703125,0.4574251174926758,256.0,0.822265625,0.66796875,0.9765625,0.5,1699,0.3982434570789337,256.0
0.357421875,0.42986413836479187,256.0,0.833984375,0.69140625,0.9765625,0.5,1700,0.3723286986351013,256.0
0.404296875,0.4053043723106384,256.0,0.794921875,0.69921875,0.890625,0.5,1701,0.4235219359397888,256.0
0.353515625,0.43478769063949585,256.0,0.826171875,0.6796875,0.97265625,0.5,1702,0.3899919390678406,256.0
0.40234375,0.4138461947441101,256.0,0.796875,0.69921875,0.89453125,0.5,1703,0.4239383935928345,256.0
0.345703125,0.40016263723373413,256.0,0.806640625,0.65234375,0.9609375,0.5,1704,0.4009251594543457,256.0
0.322265625,0.45499223470687866,256.0,0.818359375,0.640625,0.99609375,0.5,1705,0.4102267920970917,256.0
0.31640625,0.4337771534919739,256.0,0.79296875,0.609375,0.9765625,0.5,1706,0.4308497905731201,256.0
0.3828125,0.4117576479911804,256.0,0.8046875,0.6875,0.921875,0.5,1707,0.42051923274993896,256.0
0.3671875,0.4394156336784363,256.0,0.83984375,0.70703125,0.97265625,0.5,1708,0.37440431118011475,256.0
0.34765625,0.44027063250541687,256.0,0.828125,0.67578125,0.98046875,0.5,1709,0.39553794264793396,256.0
0.365234375,0.4304094910621643,256.0,0.763671875,0.62890625,0.8984375,0.5,1710,0.46554034948349,256.0
0.390625,0.41285666823387146,256.0,0.79296875,0.68359375,0.90234375,0.5,1711,0.4171365797519684,256.0
0.423828125,0.41468170285224915,256.0,0.791015625,0.71484375,0.8671875,0.5,1712,0.4101106524467468,256.0
0.3359375,0.4351937472820282,256.0,0.80078125,0.63671875,0.96484375,0.5,1713,0.41568154096603394,256.0
0.330078125,0.46566256880760193,256.0,0.826171875,0.65625,0.99609375,0.5,1714,0.4069530963897705,256.0
0.314453125,0.4541548490524292,256.0,0.783203125,0.59765625,0.96875,0.5,1715,0.4393659830093384,256.0
0.33203125,0.45571601390838623,256.0,0.80078125,0.6328125,0.96875,0.5,1716,0.42277035117149353,256.0
0.353515625,0.4171123504638672,256.0,0.806640625,0.66015625,0.953125,0.5,1717,0.4061257541179657,256.0
0.341796875,0.43871453404426575,256.0,0.810546875,0.65234375,0.96875,0.5,1718,0.405428409576416,256.0
0.365234375,0.4066271185874939,256.0,0.814453125,0.6796875,0.94921875,0.5,1719,0.3890988826751709,256.0
0.365234375,0.4382691979408264,256.0,0.810546875,0.67578125,0.9453125,0.5,1720,0.4051210284233093,256.0
0.396484375,0.3958684802055359,256.0,0.732421875,0.62890625,0.8359375,0.5,1721,0.49264296889305115,256.0
0.3515625,0.4418943524360657,256.0,0.78515625,0.63671875,0.93359375,0.5,1722,0.44987472891807556,256.0
0.3359375,0.4737538695335388,256.0,0.82421875,0.66015625,0.98828125,0.5,1723,0.41157156229019165,256.0
0.3359375,0.40778008103370667,256.0,0.8125,0.6484375,0.9765625,0.5,1724,0.39343851804733276,256.0
0.318359375,0.457793653011322,256.0,0.767578125,0.5859375,0.94921875,0.5,1725,0.46545565128326416,256.0
0.3671875,0.4374476671218872,256.0,0.828125,0.6953125,0.9609375,0.5,1726,0.3999077081680298,256.0
0.345703125,0.43009698390960693,256.0,0.822265625,0.66796875,0.9765625,0.5,1727,0.3865264058113098,256.0
0.384765625,0.41399720311164856,256.0,0.810546875,0.6953125,0.92578125,0.5,1728,0.4067348837852478,256.0
0.404296875,0.4115550220012665,256.0,0.818359375,0.72265625,0.9140625,0.5,1729,0.4097115397453308,256.0
0.375,0.39387527108192444,256.0,0.79296875,0.66796875,0.91796875,0.5,1730,0.428794264793396,256.0
0.349609375,0.4335727095603943,256.0,0.822265625,0.671875,0.97265625,0.5,1731,0.3895154595375061,256.0
0.34765625,0.4262254238128662,256.0,0.8125,0.66015625,0.96484375,0.5,1732,0.40808433294296265,256.0
0.353515625,0.42691296339035034,256.0,0.779296875,0.6328125,0.92578125,0.5,1733,0.4537046253681183,256.0
0.345703125,0.41934871673583984,256.0,0.830078125,0.67578125,0.984375,0.5,1734,0.379815936088562,256.0
0.359375,0.3996485769748688,256.0,0.80078125,0.66015625,0.94140625,0.5,1735,0.4029090404510498,256.0
0.37109375,0.41551756858825684,256.0,0.83984375,0.7109375,0.96875,0.5,1736,0.37456271052360535,256.0
0.37109375,0.40507954359054565,256.0,0.8125,0.68359375,0.94140625,0.5,1737,0.41474494338035583,256.0
0.357421875,0.4083290100097656,256.0,0.806640625,0.6640625,0.94921875,0.5,1738,0.4023938775062561,256.0
0.345703125,0.42635273933410645,256.0,0.794921875,0.640625,0.94921875,0.5,1739,0.4323651194572449,256.0
0.353515625,0.41891324520111084,256.0,0.849609375,0.703125,0.99609375,0.5,1740,0.35804909467697144,256.0
0.349609375,0.4154202342033386,256.0,0.806640625,0.65625,0.95703125,0.5,1741,0.41108837723731995,256.0
0.357421875,0.43039318919181824,256.0,0.794921875,0.65234375,0.9375,0.5,1742,0.43861785531044006,256.0
0.3359375,0.4318752586841583,256.0,0.76953125,0.60546875,0.93359375,0.5,1743,0.44139569997787476,256.0
0.373046875,0.40244928002357483,256.0,0.818359375,0.69140625,0.9453125,0.5,1744,0.38778984546661377,256.0
0.3671875,0.41297054290771484,256.0,0.7734375,0.640625,0.90625,0.5,1745,0.4468235969543457,256.0
0.353515625,0.4104841351509094,256.0,0.779296875,0.6328125,0.92578125,0.5,1746,0.4499319791793823,256.0
0.328125,0.4225013852119446,256.0,0.734375,0.5625,0.90625,0.5,1747,0.5096613764762878,256.0
0.333984375,0.43619418144226074,256.0,0.810546875,0.64453125,0.9765625,0.5,1748,0.4060959219932556,256.0
0.34375,0.46195557713508606,256.0,0.84375,0.6875,1.0,0.5,1749,0.3909868597984314,256.0
0.3671875,0.42233774065971375,256.0,0.8203125,0.6875,0.953125,0.5,1750,0.4106521010398865,256.0
0.33984375,0.4397599399089813,256.0,0.8046875,0.64453125,0.96484375,0.5,1751,0.4153446555137634,256.0
0.361328125,0.4292544722557068,256.0,0.783203125,0.64453125,0.921875,0.5,1752,0.4171021282672882,256.0
0.36328125,0.42050909996032715,256.0,0.81640625,0.6796875,0.953125,0.5,1753,0.40116816759109497,256.0
0.400390625,0.39217814803123474,256.0,0.826171875,0.7265625,0.92578125,0.5,1754,0.3946568965911865,256.0
0.376953125,0.40459322929382324,256.0,0.826171875,0.703125,0.94921875,0.5,1755,0.37288638949394226,256.0
0.380859375,0.4174449145793915,256.0,0.787109375,0.66796875,0.90625,0.5,1756,0.4357481896877289,256.0
0.330078125,0.44027242064476013,256.0,0.806640625,0.63671875,0.9765625,0.5,1757,0.4191916584968567,256.0
0.298828125,0.45999574661254883,256.0,0.798828125,0.59765625,1.0,0.5,1758,0.43289244174957275,256.0
0.349609375,0.41082707047462463,256.0,0.822265625,0.671875,0.97265625,0.5,1759,0.38674867153167725,256.0
0.34765625,0.4275002181529999,256.0,0.8203125,0.66796875,0.97265625,0.5,1760,0.3880941867828369,256.0
0.35546875,0.43608349561691284,256.0,0.80859375,0.6640625,0.953125,0.5,1761,0.41311347484588623,256.0
0.373046875,0.4216751456260681,256.0,0.814453125,0.6875,0.94140625,0.5,1762,0.39904290437698364,256.0
0.361328125,0.406543493270874,256.0,0.767578125,0.62890625,0.90625,0.5,1763,0.4557945728302002,256.0
0.39453125,0.411162793636322,256.0,0.796875,0.69140625,0.90234375,0.5,1764,0.4178401827812195,256.0
0.40234375,0.3768616318702698,256.0,0.765625,0.66796875,0.86328125,0.5,1765,0.4518998861312866,256.0
0.337890625,0.44874128699302673,256.0,0.810546875,0.6484375,0.97265625,0.5,1766,0.4215192198753357,256.0
0.306640625,0.4611756205558777,256.0,0.806640625,0.61328125,1.0,0.5,1767,0.4287615716457367,256.0
0.337890625,0.440024733543396,256.0,0.798828125,0.63671875,0.9609375,0.5,1768,0.4393855035305023,256.0
0.33203125,0.43261975049972534,256.0,0.80859375,0.640625,0.9765625,0.5,1769,0.4042772650718689,256.0
0.357421875,0.43287962675094604,256.0,0.810546875,0.66796875,0.953125,0.5,1770,0.39709800481796265,256.0
0.328125,0.4428161382675171,256.0,0.81640625,0.64453125,0.98828125,0.5,1771,0.3966522812843323,256.0
0.421875,0.3749474287033081,256.0,0.76171875,0.68359375,0.83984375,0.5,1772,0.4560687243938446,256.0
0.34765625,0.4556814730167389,256.0,0.765625,0.61328125,0.91796875,0.5,1773,0.45979684591293335,256.0
0.392578125,0.41057512164115906,256.0,0.798828125,0.69140625,0.90625,0.5,1774,0.4027065634727478,256.0
0.37109375,0.4379425048828125,256.0,0.8203125,0.69140625,0.94921875,0.5,1775,0.4059410095214844,256.0
0.37109375,0.4189116060733795,256.0,0.8359375,0.70703125,0.96484375,0.5,1776,0.36388182640075684,256.0
0.31640625,0.4596421718597412,256.0,0.77734375,0.59375,0.9609375,0.5,1777,0.45233863592147827,256.0
0.333984375,0.43149542808532715,256.0,0.818359375,0.65234375,0.984375,0.5,1778,0.3954300284385681,256.0
0.34765625,0.416875422000885,256.0,0.79296875,0.640625,0.9453125,0.5,1779,0.4135192632675171,256.0
0.341796875,0.4111483693122864,256.0,0.802734375,0.64453125,0.9609375,0.5,1780,0.4002649188041687,256.0
0.3828125,0.40729963779449463,256.0,0.83203125,0.71484375,0.94921875,0.5,1781,0.3728727102279663,256.0
0.384765625,0.3979598581790924,256.0,0.818359375,0.703125,0.93359375,0.5,1782,0.3938151001930237,256.0
0.375,0.4077422618865967,256.0,0.796875,0.671875,0.921875,0.5,1783,0.41108328104019165,256.0
0.333984375,0.45234808325767517,256.0,0.826171875,0.66015625,0.9921875,0.5,1784,0.39884597063064575,256.0
0.361328125,0.4057500660419464,256.0,0.806640625,0.66796875,0.9453125,0.5,1785,0.4074907600879669,256.0
0.353515625,0.41356784105300903,256.0,0.802734375,0.65625,0.94921875,0.5,1786,0.4100745916366577,256.0
0.30859375,0.43210136890411377,256.0,0.79296875,0.6015625,0.984375,0.5,1787,0.41699013113975525,256.0
0.29296875,0.43169599771499634,256.0,0.77734375,0.5703125,0.984375,0.5,1788,0.43198010325431824,256.0
0.333984375,0.41446876525878906,256.0,0.802734375,0.63671875,0.96875,0.5,1789,0.4060091972351074,256.0
0.369140625,0.41285866498947144,256.0,0.775390625,0.64453125,0.90625,0.5,1790,0.4330258071422577,256.0
0.3984375,0.38577309250831604,256.0,0.7578125,0.65625,0.859375,0.5,1791,0.46766942739486694,256.0
0.408203125,0.4145681858062744,256.0,0.806640625,0.71484375,0.8984375,0.5,1792,0.45495134592056274,256.0
0.359375,0.43313273787498474,256.0,0.84375,0.703125,0.984375,0.5,1793,0.4030391573905945,256.0
0.353515625,0.43491309881210327,256.0,0.814453125,0.66796875,0.9609375,0.5,1794,0.3980678617954254,256.0
0.396484375,0.4169641137123108,256.0,0.826171875,0.72265625,0.9296875,0.5,1795,0.40688204765319824,256.0
0.3515625,0.39046579599380493,256.0,0.82421875,0.67578125,0.97265625,0.5,1796,0.3575148284435272,256.0
0.330078125,0.4438663721084595,256.0,0.810546875,0.640625,0.98046875,0.5,1797,0.40557754039764404,256.0
0.380859375,0.4076562225818634,256.0,0.759765625,0.640625,0.87890625,0.5,1798,0.4482662081718445,256.0
0.361328125,0.42338868975639343,256.0,0.822265625,0.68359375,0.9609375,0.5,1799,0.3904322385787964,256.0
0.369140625,0.40752875804901123,256.0,0.791015625,0.66015625,0.921875,0.5,1800,0.44191375374794006,256.0
0.3671875,0.4221199154853821,256.0,0.8046875,0.671875,0.9375,0.5,1801,0.43680334091186523,256.0
0.35546875,0.4468151926994324,256.0,0.82421875,0.6796875,0.96875,0.5,1802,0.3992932438850403,256.0
0.359375,0.4038899540901184,256.0,0.83203125,0.69140625,0.97265625,0.5,1803,0.37286555767059326,256.0
0.392578125,0.4026120901107788,256.0,0.783203125,0.67578125,0.890625,0.5,1804,0.4414137005805969,256.0
0.380859375,0.4126942753791809,256.0,0.833984375,0.71484375,0.953125,0.5,1805,0.3824865520000458,256.0
0.361328125,0.40733179450035095,256.0,0.794921875,0.65625,0.93359375,0.5,1806,0.42231035232543945,256.0
0.3984375,0.3975820243358612,256.0,0.75390625,0.65234375,0.85546875,0.5,1807,0.49409621953964233,256.0
0.35546875,0.4035317301750183,256.0,0.81640625,0.671875,0.9609375,0.5,1808,0.3947882056236267,256.0
0.376953125,0.3996298015117645,256.0,0.771484375,0.6484375,0.89453125,0.5,1809,0.42071783542633057,256.0
0.36328125,0.44147542119026184,256.0,0.8203125,0.68359375,0.95703125,0.5,1810,0.4031411111354828,256.0
0.328125,0.4405995011329651,256.0,0.82421875,0.65234375,0.99609375,0.5,1811,0.3874240815639496,256.0
0.34765625,0.4259597957134247,256.0,0.80859375,0.65625,0.9609375,0.5,1812,0.4141787886619568,256.0
0.349609375,0.44319140911102295,256.0,0.818359375,0.66796875,0.96875,0.5,1813,0.4068908989429474,256.0
0.34765625,0.43843063712120056,256.0,0.77734375,0.625,0.9296875,0.5,1814,0.4333803653717041,256.0
0.345703125,0.4289548099040985,256.0,0.791015625,0.63671875,0.9453125,0.5,1815,0.44711819291114807,256.0
0.353515625,0.42064884305000305,256.0,0.783203125,0.63671875,0.9296875,0.5,1816,0.42340201139450073,256.0
0.380859375,0.42060038447380066,256.0,0.791015625,0.671875,0.91015625,0.5,1817,0.4292190372943878,256.0
0.373046875,0.4157167375087738,256.0,0.806640625,0.6796875,0.93359375,0.5,1818,0.4112793803215027,256.0
0.32421875,0.4564565122127533,256.0,0.80859375,0.6328125,0.984375,0.5,1819,0.4197406768798828,256.0
0.337890625,0.42701420187950134,256.0,0.810546875,0.6484375,0.97265625,0.5,1820,0.400421679019928,256.0
0.3359375,0.4241178631782532,256.0,0.765625,0.6015625,0.9296875,0.5,1821,0.43789684772491455,256.0
0.345703125,0.4685772657394409,256.0,0.810546875,0.65625,0.96484375,0.5,1822,0.418629914522171,256.0
0.33984375,0.41596370935440063,256.0,0.8125,0.65234375,0.97265625,0.5,1823,0.37903714179992676,256.0
0.375,0.42424631118774414,256.0,0.78515625,0.66015625,0.91015625,0.5,1824,0.44590601325035095,256.0
0.400390625,0.4125264883041382,256.0,0.794921875,0.6953125,0.89453125,0.5,1825,0.42631709575653076,256.0
0.419921875,0.4229930639266968,256.0,0.767578125,0.6875,0.84765625,0.5,1826,0.4571451246738434,256.0
0.3671875,0.4325379431247711,256.0,0.7734375,0.640625,0.90625,0.5,1827,0.46281930804252625,256.0
0.31640625,0.4663313031196594,256.0,0.80859375,0.625,0.9921875,0.5,1828,0.41475316882133484,256.0
0.34375,0.43786388635635376,256.0,0.828125,0.671875,0.984375,0.5,1829,0.3819144666194916,256.0
0.330078125,0.44465208053588867,256.0,0.787109375,0.6171875,0.95703125,0.5,1830,0.4367793798446655,256.0
0.322265625,0.47470223903656006,256.0,0.779296875,0.6015625,0.95703125,0.5,1831,0.45120227336883545,256.0
0.3515625,0.45442378520965576,256.0,0.828125,0.6796875,0.9765625,0.5,1832,0.39998507499694824,256.0
0.37109375,0.43040335178375244,256.0,0.77734375,0.6484375,0.90625,0.5,1833,0.4612900912761688,256.0
0.37109375,0.4374600648880005,256.0,0.8203125,0.69140625,0.94921875,0.5,1834,0.3993125557899475,256.0
0.41796875,0.3779292106628418,256.0,0.80078125,0.71875,0.8828125,0.5,1835,0.41778358817100525,256.0
0.36328125,0.4271808862686157,256.0,0.8046875,0.66796875,0.94140625,0.5,1836,0.4296419620513916,256.0
0.314453125,0.4394475817680359,256.0,0.802734375,0.6171875,0.98828125,0.5,1837,0.4173726439476013,256.0
0.392578125,0.3930131196975708,256.0,0.771484375,0.6640625,0.87890625,0.5,1838,0.4666517972946167,256.0
0.349609375,0.4090971350669861,256.0,0.791015625,0.640625,0.94140625,0.5,1839,0.4240586757659912,256.0
0.359375,0.40319663286209106,256.0,0.80859375,0.66796875,0.94921875,0.5,1840,0.3941231369972229,256.0
0.326171875,0.43662941455841064,256.0,0.810546875,0.63671875,0.984375,0.5,1841,0.41208934783935547,256.0
0.38671875,0.416265070438385,256.0,0.77734375,0.6640625,0.890625,0.5,1842,0.4361174702644348,256.0
0.345703125,0.4302854537963867,256.0,0.802734375,0.6484375,0.95703125,0.5,1843,0.4089280962944031,256.0
0.38671875,0.4013141691684723,256.0,0.7890625,0.67578125,0.90234375,0.5,1844,0.4138581454753876,256.0
0.365234375,0.43736782670021057,256.0,0.787109375,0.65234375,0.921875,0.5,1845,0.4476245641708374,256.0
0.34375,0.44885337352752686,256.0,0.7890625,0.6328125,0.9453125,0.5,1846,0.44029849767684937,256.0
0.388671875,0.41649171710014343,256.0,0.779296875,0.66796875,0.890625,0.5,1847,0.46229931712150574,256.0
0.373046875,0.42921939492225647,256.0,0.798828125,0.671875,0.92578125,0.5,1848,0.42196470499038696,256.0
0.3515625,0.43220412731170654,256.0,0.82421875,0.67578125,0.97265625,0.5,1849,0.3861624300479889,256.0
0.36328125,0.4380894899368286,256.0,0.80859375,0.671875,0.9453125,0.5,1850,0.42150259017944336,256.0
0.3828125,0.4166574478149414,256.0,0.796875,0.6796875,0.9140625,0.5,1851,0.42651715874671936,256.0
0.3828125,0.4237228333950043,256.0,0.8125,0.6953125,0.9296875,0.5,1852,0.3966076970100403,256.0
0.36328125,0.4327090382575989,256.0,0.76171875,0.625,0.8984375,0.5,1853,0.46462273597717285,256.0
0.33984375,0.45367157459259033,256.0,0.80859375,0.6484375,0.96875,0.5,1854,0.4312704801559448,256.0
0.318359375,0.4498571753501892,256.0,0.806640625,0.625,0.98828125,0.5,1855,0.4098540246486664,256.0
0.40625,0.4235902428627014,256.0,0.81640625,0.72265625,0.91015625,0.5,1856,0.4143611788749695,256.0
0.39453125,0.42204365134239197,256.0,0.828125,0.72265625,0.93359375,0.5,1857,0.38267025351524353,256.0
0.345703125,0.43886610865592957,256.0,0.767578125,0.61328125,0.921875,0.5,1858,0.4463839530944824,256.0
0.37109375,0.44244539737701416,256.0,0.765625,0.63671875,0.89453125,0.5,1859,0.4465651214122772,256.0
0.373046875,0.4302123486995697,256.0,0.755859375,0.62890625,0.8828125,0.5,1860,0.4541664719581604,256.0
0.3515625,0.4202818274497986,256.0,0.80078125,0.65234375,0.94921875,0.5,1861,0.40288734436035156,256.0
0.353515625,0.42860594391822815,256.0,0.806640625,0.66015625,0.953125,0.5,1862,0.41649454832077026,256.0
0.34375,0.4594941735267639,256.0,0.8203125,0.6640625,0.9765625,0.5,1863,0.40783727169036865,256.0
0.34375,0.4403744041919708,256.0,0.80859375,0.65234375,0.96484375,0.5,1864,0.4089958965778351,256.0
0.3359375,0.43596112728118896,256.0,0.76953125,0.60546875,0.93359375,0.5,1865,0.4369238018989563,256.0
0.365234375,0.44534045457839966,256.0,0.837890625,0.703125,0.97265625,0.5,1866,0.3719707131385803,256.0
0.34765625,0.4250859320163727,256.0,0.8125,0.66015625,0.96484375,0.5,1867,0.40166348218917847,256.0
0.40625,0.4245682656764984,256.0,0.78125,0.6875,0.875,0.5,1868,0.45122265815734863,256.0
0.373046875,0.4397940933704376,256.0,0.826171875,0.69921875,0.953125,0.5,1869,0.3866000175476074,256.0
0.390625,0.3837229013442993,256.0,0.80859375,0.69921875,0.91796875,0.5,1870,0.3941364884376526,256.0
0.333984375,0.42730191349983215,256.0,0.798828125,0.6328125,0.96484375,0.5,1871,0.4147343933582306,256.0
0.30078125,0.4690421223640442,256.0,0.76953125,0.5703125,0.96875,0.5,1872,0.4499383568763733,256.0
0.365234375,0.40853938460350037,256.0,0.830078125,0.6953125,0.96484375,0.5,1873,0.38824164867401123,256.0
0.39453125,0.38348501920700073,256.0,0.8125,0.70703125,0.91796875,0.5,1874,0.40782430768013,256.0
0.357421875,0.4256765842437744,256.0,0.794921875,0.65234375,0.9375,0.5,1875,0.40612268447875977,256.0
0.365234375,0.421051025390625,256.0,0.837890625,0.703125,0.97265625,0.5,1876,0.3786983788013458,256.0
0.384765625,0.39743009209632874,256.0,0.771484375,0.65625,0.88671875,0.5,1877,0.4376540184020996,256.0
0.40234375,0.39208516478538513,256.0,0.828125,0.73046875,0.92578125,0.5,1878,0.36962050199508667,256.0
0.3828125,0.41491037607192993,256.0,0.76953125,0.65234375,0.88671875,0.5,1879,0.4404217004776001,256.0
0.353515625,0.43334123492240906,256.0,0.802734375,0.65625,0.94921875,0.5,1880,0.4232372045516968,256.0
0.318359375,0.456391841173172,256.0,0.818359375,0.63671875,1.0,0.5,1881,0.4066609740257263,256.0
0.361328125,0.4155142307281494,256.0,0.810546875,0.671875,0.94921875,0.5,1882,0.40873193740844727,256.0
0.33984375,0.42816275358200073,256.0,0.78515625,0.625,0.9453125,0.5,1883,0.4259920120239258,256.0
0.333984375,0.4469259977340698,256.0,0.798828125,0.6328125,0.96484375,0.5,1884,0.4075348675251007,256.0
0.33984375,0.4386114478111267,256.0,0.8125,0.65234375,0.97265625,0.5,1885,0.40232717990875244,256.0
0.3828125,0.4032894968986511,256.0,0.78515625,0.66796875,0.90234375,0.5,1886,0.4337232708930969,256.0
0.349609375,0.42507392168045044,256.0,0.845703125,0.6953125,0.99609375,0.5,1887,0.36228880286216736,256.0
0.400390625,0.39170387387275696,256.0,0.791015625,0.69140625,0.890625,0.5,1888,0.4065544903278351,256.0
0.357421875,0.43078136444091797,256.0,0.814453125,0.671875,0.95703125,0.5,1889,0.4081622362136841,256.0
0.333984375,0.4479815363883972,256.0,0.826171875,0.66015625,0.9921875,0.5,1890,0.39273709058761597,256.0
0.322265625,0.44188809394836426,256.0,0.779296875,0.6015625,0.95703125,0.5,1891,0.4599279463291168,256.0
0.3359375,0.4239085912704468,256.0,0.80078125,0.63671875,0.96484375,0.5,1892,0.4050542712211609,256.0
0.3671875,0.4143770933151245,256.0,0.79296875,0.66015625,0.92578125,0.5,1893,0.43599733710289,256.0
0.3984375,0.3864631652832031,256.0,0.78125,0.6796875,0.8828125,0.5,1894,0.46743983030319214,256.0
0.40234375,0.3716850280761719,256.0,0.78515625,0.6875,0.8828125,0.5,1895,0.45009565353393555,256.0
0.3359375,0.41501039266586304,256.0,0.8046875,0.640625,0.96875,0.5,1896,0.4016117453575134,256.0
0.345703125,0.40343061089515686,256.0,0.794921875,0.640625,0.94921875,0.5,1897,0.4163738489151001,256.0
0.330078125,0.456314355134964,256.0,0.810546875,0.640625,0.98046875,0.5,1898,0.41902756690979004,256.0
0.375,0.39578771591186523,256.0,0.83203125,0.70703125,0.95703125,0.5,1899,0.3697873651981354,256.0
0.384765625,0.41556206345558167,256.0,0.806640625,0.69140625,0.921875,0.5,1900,0.42148634791374207,256.0
0.345703125,0.44067472219467163,256.0,0.822265625,0.66796875,0.9765625,0.5,1901,0.3894193768501282,256.0
0.373046875,0.42399320006370544,256.0,0.767578125,0.640625,0.89453125,0.5,1902,0.4421679377555847,256.0
0.373046875,0.4508346915245056,256.0,0.794921875,0.66796875,0.921875,0.5,1903,0.44611912965774536,256.0
0.384765625,0.43287551403045654,256.0,0.806640625,0.69140625,0.921875,0.5,1904,0.4320940375328064,256.0
0.431640625,0.3853219449520111,256.0,0.794921875,0.7265625,0.86328125,0.5,1905,0.40852993726730347,256.0
0.341796875,0.4310406446456909,256.0,0.779296875,0.62109375,0.9375,0.5,1906,0.4307313859462738,256.0
0.328125,0.47920167446136475,256.0,0.8203125,0.6484375,0.9921875,0.5,1907,0.4257911145687103,256.0
0.322265625,0.4655340313911438,256.0,0.810546875,0.6328125,0.98828125,0.5,1908,0.422425240278244,256.0
0.341796875,0.43077731132507324,256.0,0.779296875,0.62109375,0.9375,0.5,1909,0.4428744316101074,256.0
0.357421875,0.4419822096824646,256.0,0.802734375,0.66015625,0.9453125,0.5,1910,0.42274701595306396,256.0
0.33203125,0.43862348794937134,256.0,0.80078125,0.6328125,0.96875,0.5,1911,0.42055898904800415,256.0
0.384765625,0.4015577435493469,256.0,0.779296875,0.6640625,0.89453125,0.5,1912,0.4420597553253174,256.0
0.353515625,0.4202650189399719,256.0,0.806640625,0.66015625,0.953125,0.5,1913,0.3983948230743408,256.0
0.38671875,0.39529529213905334,256.0,0.78125,0.66796875,0.89453125,0.5,1914,0.4133954644203186,256.0
0.380859375,0.4199516475200653,256.0,0.822265625,0.703125,0.94140625,0.5,1915,0.3835369944572449,256.0
0.3203125,0.4566304683685303,256.0,0.80078125,0.62109375,0.98046875,0.5,1916,0.4237443804740906,256.0
0.359375,0.42069780826568604,256.0,0.796875,0.65625,0.9375,0.5,1917,0.4131155014038086,256.0
0.37890625,0.4071967601776123,256.0,0.8125,0.69140625,0.93359375,0.5,1918,0.388284832239151,256.0
0.3515625,0.437150239944458,256.0,0.796875,0.6484375,0.9453125,0.5,1919,0.4138936400413513,256.0
0.36328125,0.4364182949066162,256.0,0.8359375,0.69921875,0.97265625,0.5,1920,0.3865760862827301,256.0
0.35546875,0.4167286455631256,256.0,0.78515625,0.640625,0.9296875,0.5,1921,0.4502197504043579,256.0
0.34765625,0.4370575547218323,256.0,0.80078125,0.6484375,0.953125,0.5,1922,0.4073878526687622,256.0
0.357421875,0.41065603494644165,256.0,0.791015625,0.6484375,0.93359375,0.5,1923,0.41691675782203674,256.0
0.35546875,0.4540289640426636,256.0,0.80859375,0.6640625,0.953125,0.5,1924,0.41381189227104187,256.0
0.369140625,0.43912002444267273,256.0,0.857421875,0.7265625,0.98828125,0.5,1925,0.3585171699523926,256.0
0.3671875,0.41111814975738525,256.0,0.83203125,0.69921875,0.96484375,0.5,1926,0.38086533546447754,256.0
0.365234375,0.4236665666103363,256.0,0.826171875,0.69140625,0.9609375,0.5,1927,0.38398927450180054,256.0
0.33203125,0.43698063492774963,256.0,0.78125,0.61328125,0.94921875,0.5,1928,0.4323999881744385,256.0
0.3515625,0.4225681722164154,256.0,0.8203125,0.671875,0.96875,0.5,1929,0.4048009514808655,256.0
0.421875,0.36548590660095215,256.0,0.7890625,0.7109375,0.8671875,0.5,1930,0.4251568913459778,256.0
0.39453125,0.3928234875202179,256.0,0.7734375,0.66796875,0.87890625,0.5,1931,0.47049281001091003,256.0
0.353515625,0.4028637409210205,256.0,0.806640625,0.66015625,0.953125,0.5,1932,0.3973492383956909,256.0
0.326171875,0.44326841831207275,256.0,0.814453125,0.640625,0.98828125,0.5,1933,0.4094451367855072,256.0
0.298828125,0.45894482731819153,256.0,0.794921875,0.59375,0.99609375,0.5,1934,0.4267437756061554,256.0
0.37109375,0.4192771017551422,256.0,0.8203125,0.69140625,0.94921875,0.5,1935,0.4036502242088318,256.0
0.349609375,0.4122605323791504,256.0,0.806640625,0.65625,0.95703125,0.5,1936,0.40356945991516113,256.0
0.3828125,0.40737518668174744,256.0,0.796875,0.6796875,0.9140625,0.5,1937,0.401317298412323,256.0
0.359375,0.4214973747730255,256.0,0.8203125,0.6796875,0.9609375,0.5,1938,0.37891942262649536,256.0
0.390625,0.40634816884994507,256.0,0.7734375,0.6640625,0.8828125,0.5,1939,0.45361292362213135,256.0
0.392578125,0.4013338088989258,256.0,0.810546875,0.703125,0.91796875,0.5,1940,0.40800225734710693,256.0
0.330078125,0.41189247369766235,256.0,0.814453125,0.64453125,0.984375,0.5,1941,0.3949454426765442,256.0
0.33203125,0.4392153322696686,256.0,0.82421875,0.65625,0.9921875,0.5,1942,0.39624708890914917,256.0
0.33203125,0.4384693205356598,256.0,0.8125,0.64453125,0.98046875,0.5,1943,0.4102834463119507,256.0
0.330078125,0.44099268317222595,256.0,0.802734375,0.6328125,0.97265625,0.5,1944,0.4104284942150116,256.0
0.31640625,0.453477680683136,256.0,0.77734375,0.59375,0.9609375,0.5,1945,0.4349057078361511,256.0
0.357421875,0.42192158102989197,256.0,0.802734375,0.66015625,0.9453125,0.5,1946,0.39836472272872925,256.0
0.375,0.4254365563392639,256.0,0.76953125,0.64453125,0.89453125,0.5,1947,0.5183320045471191,256.0
0.337890625,0.43683919310569763,256.0,0.802734375,0.640625,0.96484375,0.5,1948,0.40713071823120117,256.0
0.404296875,0.3939474821090698,256.0,0.810546875,0.71484375,0.90625,0.5,1949,0.3982005715370178,256.0
0.357421875,0.4047042429447174,256.0,0.806640625,0.6640625,0.94921875,0.5,1950,0.3914746046066284,256.0
0.349609375,0.4504283666610718,256.0,0.845703125,0.6953125,0.99609375,0.5,1951,0.4023186266422272,256.0
0.33984375,0.43506962060928345,256.0,0.82421875,0.6640625,0.984375,0.5,1952,0.39086657762527466,256.0
0.375,0.4189011752605438,256.0,0.81640625,0.69140625,0.94140625,0.5,1953,0.39755263924598694,256.0
0.357421875,0.4269099533557892,256.0,0.826171875,0.68359375,0.96875,0.5,1954,0.3793001174926758,256.0
0.33203125,0.4307778775691986,256.0,0.80859375,0.640625,0.9765625,0.5,1955,0.4099458158016205,256.0
0.353515625,0.4071075916290283,256.0,0.771484375,0.625,0.91796875,0.5,1956,0.44839513301849365,256.0
0.37890625,0.4143175482749939,256.0,0.828125,0.70703125,0.94921875,0.5,1957,0.3816669285297394,256.0
0.384765625,0.39744478464126587,256.0,0.791015625,0.67578125,0.90625,0.5,1958,0.44756489992141724,256.0
0.37890625,0.40733060240745544,256.0,0.8203125,0.69921875,0.94140625,0.5,1959,0.4229534864425659,256.0
0.34375,0.43497294187545776,256.0,0.8359375,0.6796875,0.9921875,0.5,1960,0.38159626722335815,256.0
0.357421875,0.4028737545013428,256.0,0.826171875,0.68359375,0.96875,0.5,1961,0.38607466220855713,256.0
0.330078125,0.41716572642326355,256.0,0.814453125,0.64453125,0.984375,0.5,1962,0.3979640305042267,256.0
0.353515625,0.4121578335762024,256.0,0.802734375,0.65625,0.94921875,0.5,1963,0.4098649024963379,256.0
0.34375,0.41926637291908264,256.0,0.8125,0.65625,0.96875,0.5,1964,0.4019993543624878,256.0
0.412109375,0.3776339590549469,256.0,0.794921875,0.70703125,0.8828125,0.5,1965,0.43555742502212524,256.0
0.359375,0.42188411951065063,256.0,0.82421875,0.68359375,0.96484375,0.5,1966,0.39796119928359985,256.0
0.37890625,0.39984947443008423,256.0,0.80078125,0.6796875,0.921875,0.5,1967,0.4290774166584015,256.0
0.35546875,0.41719120740890503,256.0,0.8203125,0.67578125,0.96484375,0.5,1968,0.3950250744819641,256.0
0.33984375,0.4244471788406372,256.0,0.83984375,0.6796875,1.0,0.5,1969,0.37189170718193054,256.0
0.35546875,0.4057070016860962,256.0,0.77734375,0.6328125,0.921875,0.5,1970,0.4361931383609772,256.0
0.328125,0.4294244050979614,256.0,0.8046875,0.6328125,0.9765625,0.5,1971,0.4086677134037018,256.0
0.33203125,0.4129231572151184,256.0,0.80859375,0.640625,0.9765625,0.5,1972,0.3977331519126892,256.0
0.357421875,0.4062059819698334,256.0,0.841796875,0.69921875,0.984375,0.5,1973,0.3644897937774658,256.0
0.353515625,0.41544196009635925,256.0,0.783203125,0.63671875,0.9296875,0.5,1974,0.43660664558410645,256.0
0.357421875,0.39225003123283386,256.0,0.830078125,0.6875,0.97265625,0.5,1975,0.37052303552627563,256.0
0.330078125,0.424123615026474,256.0,0.806640625,0.63671875,0.9765625,0.5,1976,0.40150514245033264,256.0
0.33984375,0.42675405740737915,256.0,0.8359375,0.67578125,0.99609375,0.5,1977,0.3743451237678528,256.0
0.353515625,0.41660529375076294,256.0,0.837890625,0.69140625,0.984375,0.5,1978,0.3664153516292572,256.0
0.337890625,0.42892196774482727,256.0,0.798828125,0.63671875,0.9609375,0.5,1979,0.41753917932510376,256.0
0.369140625,0.3872934579849243,256.0,0.822265625,0.69140625,0.953125,0.5,1980,0.3838260769844055,256.0
0.33203125,0.3963161110877991,256.0,0.7890625,0.62109375,0.95703125,0.5,1981,0.40518996119499207,256.0
0.33203125,0.4097738265991211,256.0,0.796875,0.62890625,0.96484375,0.5,1982,0.42450135946273804,256.0
0.333984375,0.40036019682884216,256.0,0.806640625,0.640625,0.97265625,0.5,1983,0.387493371963501,256.0
0.33203125,0.4262310862541199,256.0,0.80859375,0.640625,0.9765625,0.5,1984,0.4086712598800659,256.0
0.361328125,0.4202718734741211,256.0,0.833984375,0.6953125,0.97265625,0.5,1985,0.3707640469074249,256.0
0.353515625,0.4158930778503418,256.0,0.853515625,0.70703125,1.0,0.5,1986,0.35642609000205994,256.0
0.3359375,0.4142889082431793,256.0,0.8203125,0.65625,0.984375,0.5,1987,0.40797555446624756,256.0
0.365234375,0.4013214111328125,256.0,0.833984375,0.69921875,0.96875,0.5,1988,0.3780699372291565,256.0
0.37890625,0.40112102031707764,256.0,0.8125,0.69140625,0.93359375,0.5,1989,0.41158685088157654,256.0
0.3671875,0.37750616669654846,256.0,0.82421875,0.69140625,0.95703125,0.5,1990,0.3668244481086731,256.0
0.33203125,0.3825288414955139,256.0,0.80078125,0.6328125,0.96875,0.5,1991,0.40458595752716064,256.0
0.38671875,0.39126595854759216,256.0,0.8515625,0.73828125,0.96484375,0.5,1992,0.35702842473983765,256.0
0.34765625,0.3979508876800537,256.0,0.8203125,0.66796875,0.97265625,0.5,1993,0.3891507387161255,256.0
0.34375,0.4006113111972809,256.0,0.83203125,0.67578125,0.98828125,0.5,1994,0.3731725215911865,256.0
0.306640625,0.41034138202667236,256.0,0.806640625,0.61328125,1.0,0.5,1995,0.4080134928226471,256.0
0.361328125,0.36239057779312134,256.0,0.849609375,0.7109375,0.98828125,0.5,1996,0.34002137184143066,256.0
0.345703125,0.369069904088974,256.0,0.810546875,0.65625,0.96484375,0.5,1997,0.3854597210884094,256.0
0.361328125,0.3563618063926697,256.0,0.798828125,0.66015625,0.9375,0.5,1998,0.401301771402359,256.0
0.369140625,0.3697817623615265,256.0,0.826171875,0.6953125,0.95703125,0.5,1999,0.3706315755844116,256.0
0.408203125,0.36902451515197754,256.0,0.740234375,0.6484375,0.83203125,0.5,2000,0.5132297277450562,256.0
0.3671875,0.37247568368911743,256.0,0.796875,0.6640625,0.9296875,0.5,2001,0.4204718768596649,256.0
0.361328125,0.37237533926963806,256.0,0.798828125,0.66015625,0.9375,0.5,2002,0.42539533972740173,256.0
0.33984375,0.42033880949020386,256.0,0.796875,0.63671875,0.95703125,0.5,2003,0.4358111023902893,256.0
0.275390625,0.4925153851509094,256.0,0.775390625,0.55078125,1.0,0.5,2004,0.468858540058136,256.0
0.361328125,0.37094634771347046,256.0,0.826171875,0.6875,0.96484375,0.5,2005,0.3606424927711487,256.0
0.353515625,0.4303460121154785,256.0,0.794921875,0.6484375,0.94140625,0.5,2006,0.4152721166610718,256.0
0.357421875,0.4382426142692566,256.0,0.802734375,0.66015625,0.9453125,0.5,2007,0.4050792157649994,256.0
0.3515625,0.4383391737937927,256.0,0.796875,0.6484375,0.9453125,0.5,2008,0.4334142804145813,256.0
0.37109375,0.4232337772846222,256.0,0.7890625,0.66015625,0.91796875,0.5,2009,0.4376690685749054,256.0
0.3515625,0.4075319170951843,256.0,0.8046875,0.65625,0.953125,0.5,2010,0.38345208764076233,256.0
0.357421875,0.43360435962677,256.0,0.779296875,0.63671875,0.921875,0.5,2011,0.4358566403388977,256.0
0.33203125,0.4680512547492981,256.0,0.7734375,0.60546875,0.94140625,0.5,2012,0.4524773955345154,256.0
0.3515625,0.45821836590766907,256.0,0.84765625,0.69921875,0.99609375,0.5,2013,0.39231961965560913,256.0
0.341796875,0.4365940988063812,256.0,0.802734375,0.64453125,0.9609375,0.5,2014,0.4383409023284912,256.0
0.34765625,0.4357593059539795,256.0,0.8046875,0.65234375,0.95703125,0.5,2015,0.41445112228393555,256.0
0.3359375,0.4415827989578247,256.0,0.81640625,0.65234375,0.98046875,0.5,2016,0.3981039524078369,256.0
0.37109375,0.39881616830825806,256.0,0.78125,0.65234375,0.91015625,0.5,2017,0.47005409002304077,256.0
0.427734375,0.3602399528026581,256.0,0.771484375,0.69921875,0.84375,0.5,2018,0.42926955223083496,256.0
0.361328125,0.3896965980529785,256.0,0.802734375,0.6640625,0.94140625,0.5,2019,0.41367125511169434,256.0
0.3515625,0.3945741653442383,256.0,0.79296875,0.64453125,0.94140625,0.5,2020,0.42799675464630127,256.0
0.33984375,0.43595755100250244,256.0,0.8046875,0.64453125,0.96484375,0.5,2021,0.44531118869781494,256.0
0.369140625,0.42458057403564453,256.0,0.798828125,0.66796875,0.9296875,0.5,2022,0.45331940054893494,256.0
0.3671875,0.42381197214126587,256.0,0.79296875,0.66015625,0.92578125,0.5,2023,0.4118767976760864,256.0
0.318359375,0.4440089464187622,256.0,0.771484375,0.58984375,0.953125,0.5,2024,0.4594605565071106,256.0
0.388671875,0.4132842719554901,256.0,0.818359375,0.70703125,0.9296875,0.5,2025,0.3976927101612091,256.0
0.38671875,0.4079022705554962,256.0,0.76171875,0.6484375,0.875,0.5,2026,0.48196351528167725,256.0
0.373046875,0.39478108286857605,256.0,0.779296875,0.65234375,0.90625,0.5,2027,0.4244106113910675,256.0
0.376953125,0.41261935234069824,256.0,0.802734375,0.6796875,0.92578125,0.5,2028,0.4082435965538025,256.0
0.365234375,0.4227136969566345,256.0,0.794921875,0.66015625,0.9296875,0.5,2029,0.39738279581069946,256.0
0.345703125,0.46215781569480896,256.0,0.845703125,0.69140625,1.0,0.5,2030,0.383055180311203,256.0
0.365234375,0.44242745637893677,256.0,0.783203125,0.6484375,0.91796875,0.5,2031,0.45665162801742554,256.0
0.390625,0.4274304509162903,256.0,0.7734375,0.6640625,0.8828125,0.5,2032,0.4349104166030884,256.0
0.328125,0.46883922815322876,256.0,0.80859375,0.63671875,0.98046875,0.5,2033,0.4253740906715393,256.0
0.37109375,0.40762877464294434,256.0,0.82421875,0.6953125,0.953125,0.5,2034,0.3827044367790222,256.0
0.4140625,0.41660964488983154,256.0,0.8046875,0.71875,0.890625,0.5,2035,0.43917375802993774,256.0
0.353515625,0.43872183561325073,256.0,0.771484375,0.625,0.91796875,0.5,2036,0.4458985924720764,256.0
0.388671875,0.4113882780075073,256.0,0.810546875,0.69921875,0.921875,0.5,2037,0.3890448212623596,256.0
0.33203125,0.43859100341796875,256.0,0.80078125,0.6328125,0.96875,0.5,2038,0.4140208959579468,256.0
0.3359375,0.45304030179977417,256.0,0.828125,0.6640625,0.9921875,0.5,2039,0.39830389618873596,256.0
0.33203125,0.43166038393974304,256.0,0.79296875,0.625,0.9609375,0.5,2040,0.419752836227417,256.0
0.353515625,0.42294448614120483,256.0,0.794921875,0.6484375,0.94140625,0.5,2041,0.41752856969833374,256.0
0.326171875,0.4415920376777649,256.0,0.810546875,0.63671875,0.984375,0.5,2042,0.41301679611206055,256.0
0.34375,0.43139463663101196,256.0,0.83203125,0.67578125,0.98828125,0.5,2043,0.381707102060318,256.0
0.37109375,0.4022802710533142,256.0,0.79296875,0.6640625,0.921875,0.5,2044,0.4200819134712219,256.0
0.322265625,0.43197101354599,256.0,0.775390625,0.59765625,0.953125,0.5,2045,0.4341341555118561,256.0
0.3671875,0.4271965026855469,256.0,0.8203125,0.6875,0.953125,0.5,2046,0.4024125337600708,256.0
0.37109375,0.42102956771850586,256.0,0.8203125,0.69140625,0.94921875,0.5,2047,0.4133260250091553,256.0
0.333984375,0.4295273721218109,256.0,0.810546875,0.64453125,0.9765625,0.5,2048,0.40211910009384155,256.0
0.349609375,0.39261654019355774,256.0,0.802734375,0.65234375,0.953125,0.5,2049,0.4018661379814148,256.0
0.390625,0.3970600664615631,256.0,0.82421875,0.71484375,0.93359375,0.5,2050,0.3829917013645172,256.0
0.361328125,0.42191585898399353,256.0,0.830078125,0.69140625,0.96875,0.5,2051,0.3776036500930786,256.0
0.349609375,0.4284994900226593,256.0,0.771484375,0.62109375,0.921875,0.5,2052,0.4757118821144104,256.0
0.384765625,0.38807886838912964,256.0,0.783203125,0.66796875,0.8984375,0.5,2053,0.4178575873374939,256.0
0.376953125,0.41761553287506104,256.0,0.837890625,0.71484375,0.9609375,0.5,2054,0.36904090642929077,256.0
0.388671875,0.3872557580471039,256.0,0.794921875,0.68359375,0.90625,0.5,2055,0.414147287607193,256.0
0.345703125,0.41860437393188477,256.0,0.798828125,0.64453125,0.953125,0.5,2056,0.4303094744682312,256.0
0.34375,0.42391082644462585,256.0,0.83203125,0.67578125,0.98828125,0.5,2057,0.3792988061904907,256.0
0.326171875,0.4239112138748169,256.0,0.794921875,0.62109375,0.96875,0.5,2058,0.4245450496673584,256.0
0.369140625,0.4130730628967285,256.0,0.833984375,0.703125,0.96484375,0.5,2059,0.37759530544281006,256.0
0.349609375,0.43303340673446655,256.0,0.814453125,0.6640625,0.96484375,0.5,2060,0.39205265045166016,256.0
0.375,0.406094491481781,256.0,0.8125,0.6875,0.9375,0.5,2061,0.4118269383907318,256.0
0.37109375,0.3926493227481842,256.0,0.80078125,0.671875,0.9296875,0.5,2062,0.4160062372684479,256.0
0.373046875,0.39776912331581116,256.0,0.810546875,0.68359375,0.9375,0.5,2063,0.40136954188346863,256.0
0.3828125,0.39586347341537476,256.0,0.82421875,0.70703125,0.94140625,0.5,2064,0.3865011930465698,256.0
0.32421875,0.4403514564037323,256.0,0.8203125,0.64453125,0.99609375,0.5,2065,0.40289783477783203,256.0
0.345703125,0.4432904124259949,256.0,0.798828125,0.64453125,0.953125,0.5,2066,0.42452675104141235,256.0
0.36328125,0.4064701199531555,256.0,0.76953125,0.6328125,0.90625,0.5,2067,0.46229061484336853,256.0
0.357421875,0.4059716761112213,256.0,0.830078125,0.6875,0.97265625,0.5,2068,0.36720454692840576,256.0
0.345703125,0.41598522663116455,256.0,0.791015625,0.63671875,0.9453125,0.5,2069,0.422816663980484,256.0
0.412109375,0.3980622887611389,256.0,0.787109375,0.69921875,0.875,0.5,2070,0.4413756728172302,256.0
0.375,0.39559537172317505,256.0,0.78515625,0.66015625,0.91015625,0.5,2071,0.43033576011657715,256.0
0.3828125,0.40043458342552185,256.0,0.7734375,0.65625,0.890625,0.5,2072,0.44290465116500854,256.0
0.3515625,0.402896523475647,256.0,0.7890625,0.640625,0.9375,0.5,2073,0.41082391142845154,256.0
0.3046875,0.45096343755722046,256.0,0.796875,0.6015625,0.9921875,0.5,2074,0.4348459839820862,256.0
0.326171875,0.4375247657299042,256.0,0.783203125,0.609375,0.95703125,0.5,2075,0.4556763172149658,256.0
0.353515625,0.415132611989975,256.0,0.771484375,0.625,0.91796875,0.5,2076,0.4371502995491028,256.0
0.333984375,0.4510263204574585,256.0,0.798828125,0.6328125,0.96484375,0.5,2077,0.41769513487815857,256.0
0.376953125,0.4257526397705078,256.0,0.814453125,0.69140625,0.9375,0.5,2078,0.39989256858825684,256.0
0.41015625,0.42406386137008667,256.0,0.80078125,0.7109375,0.890625,0.5,2079,0.4055049419403076,256.0
0.373046875,0.4524741768836975,256.0,0.818359375,0.69140625,0.9453125,0.5,2080,0.4045705795288086,256.0
0.376953125,0.4128529727458954,256.0,0.826171875,0.703125,0.94921875,0.5,2081,0.38905012607574463,256.0
0.357421875,0.45180508494377136,256.0,0.798828125,0.65625,0.94140625,0.5,2082,0.4195631742477417,256.0
0.31640625,0.49096864461898804,256.0,0.8125,0.62890625,0.99609375,0.5,2083,0.4267338514328003,256.0
0.36328125,0.4073658585548401,256.0,0.83984375,0.703125,0.9765625,0.5,2084,0.37036827206611633,256.0
0.361328125,0.4379079043865204,256.0,0.794921875,0.65625,0.93359375,0.5,2085,0.42476147413253784,256.0
0.337890625,0.4298906922340393,256.0,0.814453125,0.65234375,0.9765625,0.5,2086,0.398632287979126,256.0
0.328125,0.4311924874782562,256.0,0.80859375,0.63671875,0.98046875,0.5,2087,0.40711039304733276,256.0
0.357421875,0.3966236710548401,256.0,0.810546875,0.66796875,0.953125,0.5,2088,0.40306299924850464,256.0
0.390625,0.3919915556907654,256.0,0.80859375,0.69921875,0.91796875,0.5,2089,0.42139050364494324,256.0
0.330078125,0.3935834765434265,256.0,0.791015625,0.62109375,0.9609375,0.5,2090,0.4303288161754608,256.0
0.365234375,0.40613633394241333,256.0,0.826171875,0.69140625,0.9609375,0.5,2091,0.3857862949371338,256.0
0.3359375,0.43232423067092896,256.0,0.828125,0.6640625,0.9921875,0.5,2092,0.39568161964416504,256.0
0.333984375,0.41428908705711365,256.0,0.826171875,0.66015625,0.9921875,0.5,2093,0.3862987160682678,256.0
0.34375,0.41905614733695984,256.0,0.796875,0.640625,0.953125,0.5,2094,0.4242359697818756,256.0
0.35546875,0.3921825885772705,256.0,0.8359375,0.69140625,0.98046875,0.5,2095,0.36863431334495544,256.0
0.357421875,0.3988843858242035,256.0,0.830078125,0.6875,0.97265625,0.5,2096,0.378474622964859,256.0
0.33984375,0.3863403797149658,256.0,0.7890625,0.62890625,0.94921875,0.5,2097,0.41943907737731934,256.0
0.337890625,0.4134100079536438,256.0,0.802734375,0.640625,0.96484375,0.5,2098,0.40790778398513794,256.0
0.369140625,0.38817113637924194,256.0,0.826171875,0.6953125,0.95703125,0.5,2099,0.37828564643859863,256.0
0.361328125,0.40355896949768066,256.0,0.841796875,0.703125,0.98046875,0.5,2100,0.37662220001220703,256.0
0.330078125,0.40623071789741516,256.0,0.826171875,0.65625,0.99609375,0.5,2101,0.37651222944259644,256.0
0.34765625,0.41109728813171387,256.0,0.8203125,0.66796875,0.97265625,0.5,2102,0.3897908329963684,256.0
0.361328125,0.3977845311164856,256.0,0.806640625,0.66796875,0.9453125,0.5,2103,0.42997148633003235,256.0
0.322265625,0.410380095243454,256.0,0.806640625,0.62890625,0.984375,0.5,2104,0.4049915373325348,256.0
0.3515625,0.4091852903366089,256.0,0.8046875,0.65625,0.953125,0.5,2105,0.41372618079185486,256.0
0.40234375,0.3821079432964325,256.0,0.8046875,0.70703125,0.90234375,0.5,2106,0.4271922707557678,256.0
0.359375,0.40265795588493347,256.0,0.828125,0.6875,0.96875,0.5,2107,0.3778761029243469,256.0
0.35546875,0.399970144033432,256.0,0.81640625,0.671875,0.9609375,0.5,2108,0.3970664143562317,256.0
0.345703125,0.4141978621482849,256.0,0.814453125,0.66015625,0.96875,0.5,2109,0.40982139110565186,256.0
0.34375,0.4048958122730255,256.0,0.8359375,0.6796875,0.9921875,0.5,2110,0.36574119329452515,256.0
0.345703125,0.3953021168708801,256.0,0.802734375,0.6484375,0.95703125,0.5,2111,0.4116455614566803,256.0
0.38671875,0.4049033522605896,256.0,0.8125,0.69921875,0.92578125,0.5,2112,0.4477159380912781,256.0
0.32421875,0.4177355170249939,256.0,0.7890625,0.61328125,0.96484375,0.5,2113,0.42353492975234985,256.0
0.3828125,0.35952210426330566,256.0,0.828125,0.7109375,0.9453125,0.5,2114,0.3724405765533447,256.0
0.357421875,0.39927205443382263,256.0,0.783203125,0.640625,0.92578125,0.5,2115,0.45014017820358276,256.0
0.326171875,0.4258140027523041,256.0,0.802734375,0.62890625,0.9765625,0.5,2116,0.41437986493110657,256.0
0.326171875,0.4217793941497803,256.0,0.783203125,0.609375,0.95703125,0.5,2117,0.4639465808868408,256.0
0.41796875,0.3951616585254669,256.0,0.82421875,0.7421875,0.90625,0.5,2118,0.42943888902664185,256.0
0.357421875,0.404498815536499,256.0,0.833984375,0.69140625,0.9765625,0.5,2119,0.38135915994644165,256.0
0.353515625,0.43598297238349915,256.0,0.822265625,0.67578125,0.96875,0.5,2120,0.4115791916847229,256.0
0.345703125,0.4207746684551239,256.0,0.830078125,0.67578125,0.984375,0.5,2121,0.3768689036369324,256.0
0.34375,0.43063369393348694,256.0,0.8125,0.65625,0.96875,0.5,2122,0.40227609872817993,256.0
0.333984375,0.39608949422836304,256.0,0.779296875,0.61328125,0.9453125,0.5,2123,0.4289647936820984,256.0
0.349609375,0.41223961114883423,256.0,0.810546875,0.66015625,0.9609375,0.5,2124,0.391662061214447,256.0
0.37109375,0.4214106798171997,256.0,0.83203125,0.703125,0.9609375,0.5,2125,0.37687039375305176,256.0
0.34375,0.41393357515335083,256.0,0.82421875,0.66796875,0.98046875,0.5,2126,0.37500399351119995,256.0
0.33984375,0.4294096827507019,256.0,0.83984375,0.6796875,1.0,0.5,2127,0.3718552887439728,256.0
0.341796875,0.40193748474121094,256.0,0.833984375,0.67578125,0.9921875,0.5,2128,0.3632819950580597,256.0
0.349609375,0.40868648886680603,256.0,0.787109375,0.63671875,0.9375,0.5,2129,0.4329914450645447,256.0
0.341796875,0.4141387641429901,256.0,0.814453125,0.65625,0.97265625,0.5,2130,0.3844772279262543,256.0
0.359375,0.3993029296398163,256.0,0.8203125,0.6796875,0.9609375,0.5,2131,0.3877943158149719,256.0
0.38671875,0.38365185260772705,256.0,0.796875,0.68359375,0.91015625,0.5,2132,0.4585679769515991,256.0
0.349609375,0.40853992104530334,256.0,0.822265625,0.671875,0.97265625,0.5,2133,0.3980323076248169,256.0
0.333984375,0.40197983384132385,256.0,0.787109375,0.62109375,0.953125,0.5,2134,0.4368756115436554,256.0
0.34765625,0.4185382127761841,256.0,0.828125,0.67578125,0.98046875,0.5,2135,0.3952549397945404,256.0
0.333984375,0.4340311288833618,256.0,0.818359375,0.65234375,0.984375,0.5,2136,0.40546244382858276,256.0
0.3203125,0.4434852600097656,256.0,0.8046875,0.625,0.984375,0.5,2137,0.4135242998600006,256.0
0.359375,0.41427648067474365,256.0,0.81640625,0.67578125,0.95703125,0.5,2138,0.41444796323776245,256.0
0.345703125,0.39939257502555847,256.0,0.806640625,0.65234375,0.9609375,0.5,2139,0.400026798248291,256.0
0.33984375,0.4195651412010193,256.0,0.7890625,0.62890625,0.94921875,0.5,2140,0.42425844073295593,256.0
0.39453125,0.37573838233947754,256.0,0.8125,0.70703125,0.91796875,0.5,2141,0.41244402527809143,256.0
0.412109375,0.3762674629688263,256.0,0.814453125,0.7265625,0.90234375,0.5,2142,0.42338937520980835,256.0
0.365234375,0.39477473497390747,256.0,0.806640625,0.671875,0.94140625,0.5,2143,0.41190698742866516,256.0
0.333984375,0.4210139513015747,256.0,0.833984375,0.66796875,1.0,0.5,2144,0.37919771671295166,256.0
0.322265625,0.4273488223552704,256.0,0.814453125,0.63671875,0.9921875,0.5,2145,0.39768630266189575,256.0
0.333984375,0.40877658128738403,256.0,0.818359375,0.65234375,0.984375,0.5,2146,0.396209180355072,256.0
0.384765625,0.38524502515792847,256.0,0.806640625,0.69140625,0.921875,0.5,2147,0.43139830231666565,256.0
0.36328125,0.3946528434753418,256.0,0.8359375,0.69921875,0.97265625,0.5,2148,0.37224721908569336,256.0
0.369140625,0.39155009388923645,256.0,0.810546875,0.6796875,0.94140625,0.5,2149,0.3966355323791504,256.0
0.33203125,0.39233413338661194,256.0,0.80078125,0.6328125,0.96875,0.5,2150,0.4050441086292267,256.0
0.376953125,0.379408597946167,256.0,0.810546875,0.6875,0.93359375,0.5,2151,0.4397730529308319,256.0
0.353515625,0.40109795331954956,256.0,0.783203125,0.63671875,0.9296875,0.5,2152,0.42825552821159363,256.0
0.33984375,0.42208656668663025,256.0,0.828125,0.66796875,0.98828125,0.5,2153,0.38885965943336487,256.0
0.3359375,0.4141842722892761,256.0,0.82421875,0.66015625,0.98828125,0.5,2154,0.3856539726257324,256.0
0.349609375,0.43126219511032104,256.0,0.763671875,0.61328125,0.9140625,0.5,2155,0.4554513692855835,256.0
0.353515625,0.43148884177207947,256.0,0.830078125,0.68359375,0.9765625,0.5,2156,0.41558465361595154,256.0
0.361328125,0.3924030363559723,256.0,0.833984375,0.6953125,0.97265625,0.5,2157,0.36482077836990356,256.0
0.341796875,0.4097066819667816,256.0,0.771484375,0.61328125,0.9296875,0.5,2158,0.4454370141029358,256.0
0.357421875,0.438621461391449,256.0,0.826171875,0.68359375,0.96875,0.5,2159,0.38886603713035583,256.0
0.34765625,0.4092080593109131,256.0,0.796875,0.64453125,0.94921875,0.5,2160,0.41386568546295166,256.0
0.31640625,0.4226537346839905,256.0,0.8046875,0.62109375,0.98828125,0.5,2161,0.40527743101119995,256.0
0.31640625,0.44309353828430176,256.0,0.80859375,0.625,0.9921875,0.5,2162,0.40894460678100586,256.0
0.392578125,0.3837931752204895,256.0,0.830078125,0.72265625,0.9375,0.5,2163,0.40062618255615234,256.0
0.376953125,0.38159215450286865,256.0,0.798828125,0.67578125,0.921875,0.5,2164,0.40253400802612305,256.0
0.37890625,0.40019428730010986,256.0,0.8046875,0.68359375,0.92578125,0.5,2165,0.39556884765625,256.0
0.353515625,0.42055171728134155,256.0,0.798828125,0.65234375,0.9453125,0.5,2166,0.42937785387039185,256.0
0.333984375,0.4182012975215912,256.0,0.794921875,0.62890625,0.9609375,0.5,2167,0.4067714810371399,256.0
0.35546875,0.4075812101364136,256.0,0.8203125,0.67578125,0.96484375,0.5,2168,0.37853163480758667,256.0
0.37890625,0.4022548198699951,256.0,0.8203125,0.69921875,0.94140625,0.5,2169,0.3859395682811737,256.0
0.34765625,0.4377745985984802,256.0,0.83984375,0.6875,0.9921875,0.5,2170,0.37977334856987,256.0
0.337890625,0.44088590145111084,256.0,0.837890625,0.67578125,1.0,0.5,2171,0.3773532211780548,256.0
0.349609375,0.39999574422836304,256.0,0.814453125,0.6640625,0.96484375,0.5,2172,0.3797355592250824,256.0
0.35546875,0.41113466024398804,256.0,0.79296875,0.6484375,0.9375,0.5,2173,0.41760706901550293,256.0
0.35546875,0.4090420603752136,256.0,0.83203125,0.6875,0.9765625,0.5,2174,0.36615726351737976,256.0
0.361328125,0.42356666922569275,256.0,0.806640625,0.66796875,0.9453125,0.5,2175,0.42483019828796387,256.0
0.384765625,0.38698798418045044,256.0,0.814453125,0.69921875,0.9296875,0.5,2176,0.38632333278656006,256.0
0.345703125,0.40419232845306396,256.0,0.818359375,0.6640625,0.97265625,0.5,2177,0.3811723589897156,256.0
0.373046875,0.3990461230278015,256.0,0.826171875,0.69921875,0.953125,0.5,2178,0.38702133297920227,256.0
0.328125,0.4193555414676666,256.0,0.81640625,0.64453125,0.98828125,0.5,2179,0.40112656354904175,256.0
0.361328125,0.4107767343521118,256.0,0.861328125,0.72265625,1.0,0.5,2180,0.3447869122028351,256.0
0.333984375,0.39310434460639954,256.0,0.822265625,0.65625,0.98828125,0.5,2181,0.377151757478714,256.0
0.361328125,0.376092791557312,256.0,0.818359375,0.6796875,0.95703125,0.5,2182,0.38459140062332153,256.0
0.37109375,0.38166549801826477,256.0,0.84375,0.71484375,0.97265625,0.5,2183,0.3537665605545044,256.0
0.34765625,0.3635294735431671,256.0,0.80078125,0.6484375,0.953125,0.5,2184,0.39998751878738403,256.0
0.3671875,0.377925843000412,256.0,0.80078125,0.66796875,0.93359375,0.5,2185,0.41623780131340027,256.0
0.35546875,0.38089659810066223,256.0,0.83203125,0.6875,0.9765625,0.5,2186,0.36836183071136475,256.0
0.341796875,0.40059351921081543,256.0,0.818359375,0.66015625,0.9765625,0.5,2187,0.3885329067707062,256.0
0.330078125,0.41140830516815186,256.0,0.818359375,0.6484375,0.98828125,0.5,2188,0.3945472836494446,256.0
0.349609375,0.3858989477157593,256.0,0.810546875,0.66015625,0.9609375,0.5,2189,0.4096806049346924,256.0
0.32421875,0.4136715531349182,256.0,0.8046875,0.62890625,0.98046875,0.5,2190,0.403376042842865,256.0
0.34765625,0.38742080330848694,256.0,0.80859375,0.65625,0.9609375,0.5,2191,0.39327937364578247,256.0
0.326171875,0.4202405512332916,256.0,0.802734375,0.62890625,0.9765625,0.5,2192,0.39800143241882324,256.0
0.361328125,0.4065859317779541,256.0,0.822265625,0.68359375,0.9609375,0.5,2193,0.3897872567176819,256.0
0.33203125,0.4077134430408478,256.0,0.8203125,0.65234375,0.98828125,0.5,2194,0.3791753947734833,256.0
0.39453125,0.3925069570541382,256.0,0.80859375,0.703125,0.9140625,0.5,2195,0.4121912717819214,256.0
0.3671875,0.393667995929718,256.0,0.8125,0.6796875,0.9453125,0.5,2196,0.39113670587539673,256.0
0.345703125,0.4298372268676758,256.0,0.841796875,0.6875,0.99609375,0.5,2197,0.3694608509540558,256.0
0.33984375,0.430500328540802,256.0,0.82421875,0.6640625,0.984375,0.5,2198,0.39671239256858826,256.0
0.361328125,0.3908986449241638,256.0,0.794921875,0.65625,0.93359375,0.5,2199,0.4301544427871704,256.0
0.330078125,0.4303564429283142,256.0,0.791015625,0.62109375,0.9609375,0.5,2200,0.41046154499053955,256.0
0.341796875,0.41336315870285034,256.0,0.802734375,0.64453125,0.9609375,0.5,2201,0.3959982991218567,256.0
0.357421875,0.41430172324180603,256.0,0.810546875,0.66796875,0.953125,0.5,2202,0.39925771951675415,256.0
0.341796875,0.4254428446292877,256.0,0.802734375,0.64453125,0.9609375,0.5,2203,0.4062744677066803,256.0
0.375,0.3643573820590973,256.0,0.828125,0.703125,0.953125,0.5,2204,0.34945639967918396,256.0
0.3359375,0.4318721294403076,256.0,0.80859375,0.64453125,0.97265625,0.5,2205,0.4108349680900574,256.0
0.349609375,0.4128612279891968,256.0,0.837890625,0.6875,0.98828125,0.5,2206,0.36874836683273315,256.0
0.326171875,0.3954242467880249,256.0,0.810546875,0.63671875,0.984375,0.5,2207,0.3888164162635803,256.0
0.376953125,0.3654331862926483,256.0,0.830078125,0.70703125,0.953125,0.5,2208,0.375683069229126,256.0
0.3828125,0.3752122223377228,256.0,0.8125,0.6953125,0.9296875,0.5,2209,0.3911089599132538,256.0
0.33203125,0.4047579765319824,256.0,0.82421875,0.65625,0.9921875,0.5,2210,0.37820860743522644,256.0
0.3828125,0.3812611699104309,256.0,0.7734375,0.65625,0.890625,0.5,2211,0.4641627371311188,256.0
0.33984375,0.4099962115287781,256.0,0.81640625,0.65625,0.9765625,0.5,2212,0.38778606057167053,256.0
0.33984375,0.39345139265060425,256.0,0.828125,0.66796875,0.98828125,0.5,2213,0.3802112638950348,256.0
0.322265625,0.4286741614341736,256.0,0.818359375,0.640625,0.99609375,0.5,2214,0.39720025658607483,256.0
0.3203125,0.43467071652412415,256.0,0.81640625,0.63671875,0.99609375,0.5,2215,0.3985663056373596,256.0
0.33984375,0.3865714371204376,256.0,0.828125,0.66796875,0.98828125,0.5,2216,0.3628833591938019,256.0
0.353515625,0.41750627756118774,256.0,0.806640625,0.66015625,0.953125,0.5,2217,0.4046424627304077,256.0
0.35546875,0.40555208921432495,256.0,0.83984375,0.6953125,0.984375,0.5,2218,0.3624505400657654,256.0
0.33203125,0.41219860315322876,256.0,0.828125,0.66015625,0.99609375,0.5,2219,0.382770299911499,256.0
0.396484375,0.3666120171546936,256.0,0.794921875,0.69140625,0.8984375,0.5,2220,0.4233575463294983,256.0
0.333984375,0.40593570470809937,256.0,0.810546875,0.64453125,0.9765625,0.5,2221,0.395099401473999,256.0
0.357421875,0.3893957734107971,256.0,0.826171875,0.68359375,0.96875,0.5,2222,0.38710737228393555,256.0
0.345703125,0.39898884296417236,256.0,0.833984375,0.6796875,0.98828125,0.5,2223,0.37012583017349243,256.0
0.31640625,0.4135683476924896,256.0,0.81640625,0.6328125,1.0,0.5,2224,0.39096009731292725,256.0
0.36328125,0.39529746770858765,256.0,0.83984375,0.703125,0.9765625,0.5,2225,0.3707602620124817,256.0
0.3359375,0.3903387784957886,256.0,0.82421875,0.66015625,0.98828125,0.5,2226,0.3755134344100952,256.0
0.35546875,0.3856775462627411,256.0,0.83984375,0.6953125,0.984375,0.5,2227,0.3555315434932709,256.0
0.34375,0.3924064040184021,256.0,0.8046875,0.6484375,0.9609375,0.5,2228,0.4047847390174866,256.0
0.3828125,0.34261682629585266,256.0,0.84375,0.7265625,0.9609375,0.5,2229,0.34180277585983276,256.0
0.3671875,0.38651204109191895,256.0,0.83984375,0.70703125,0.97265625,0.5,2230,0.35734808444976807,256.0
0.330078125,0.3931233584880829,256.0,0.814453125,0.64453125,0.984375,0.5,2231,0.40726542472839355,256.0
0.353515625,0.38434290885925293,256.0,0.849609375,0.703125,0.99609375,0.5,2232,0.34449437260627747,256.0
0.328125,0.3805403709411621,256.0,0.8203125,0.6484375,0.9921875,0.5,2233,0.38327035307884216,256.0
0.357421875,0.374490886926651,256.0,0.841796875,0.69921875,0.984375,0.5,2234,0.35734790563583374,256.0
0.345703125,0.38904818892478943,256.0,0.810546875,0.65625,0.96484375,0.5,2235,0.3892543613910675,256.0
0.337890625,0.36790943145751953,256.0,0.818359375,0.65625,0.98046875,0.5,2236,0.37053948640823364,256.0
0.390625,0.3578360080718994,256.0,0.8203125,0.7109375,0.9296875,0.5,2237,0.39781278371810913,256.0
0.337890625,0.393523246049881,256.0,0.826171875,0.6640625,0.98828125,0.5,2238,0.3704487681388855,256.0
0.33984375,0.40425798296928406,256.0,0.80078125,0.640625,0.9609375,0.5,2239,0.4171358048915863,256.0
0.353515625,0.402200311422348,256.0,0.826171875,0.6796875,0.97265625,0.5,2240,0.4010315537452698,256.0
0.322265625,0.42942014336586,256.0,0.814453125,0.63671875,0.9921875,0.5,2241,0.4077908992767334,256.0
0.3515625,0.38579726219177246,256.0,0.81640625,0.66796875,0.96484375,0.5,2242,0.3925771713256836,256.0
0.34375,0.37866953015327454,256.0,0.8125,0.65625,0.96875,0.5,2243,0.39084044098854065,256.0
0.345703125,0.3901652991771698,256.0,0.818359375,0.6640625,0.97265625,0.5,2244,0.4010477662086487,256.0
0.359375,0.399666428565979,256.0,0.8359375,0.6953125,0.9765625,0.5,2245,0.3704710304737091,256.0
0.337890625,0.39929187297821045,256.0,0.787109375,0.625,0.94921875,0.5,2246,0.42069682478904724,256.0
0.349609375,0.42465001344680786,256.0,0.818359375,0.66796875,0.96875,0.5,2247,0.3938085436820984,256.0
0.37890625,0.36368629336357117,256.0,0.80859375,0.6875,0.9296875,0.5,2248,0.37881985306739807,256.0
0.349609375,0.4203917384147644,256.0,0.845703125,0.6953125,0.99609375,0.5,2249,0.3655608594417572,256.0
0.322265625,0.44076991081237793,256.0,0.818359375,0.640625,0.99609375,0.5,2250,0.3971695601940155,256.0
0.345703125,0.3887357711791992,256.0,0.826171875,0.671875,0.98046875,0.5,2251,0.368886798620224,256.0
0.3359375,0.41080302000045776,256.0,0.8125,0.6484375,0.9765625,0.5,2252,0.39482009410858154,256.0
0.3515625,0.38091573119163513,256.0,0.8359375,0.6875,0.984375,0.5,2253,0.3548443019390106,256.0
0.349609375,0.40148070454597473,256.0,0.833984375,0.68359375,0.984375,0.5,2254,0.37234100699424744,256.0
0.3671875,0.3841906189918518,256.0,0.8125,0.6796875,0.9453125,0.5,2255,0.38649314641952515,256.0
0.349609375,0.39358389377593994,256.0,0.822265625,0.671875,0.97265625,0.5,2256,0.3867470622062683,256.0
0.314453125,0.3883907198905945,256.0,0.810546875,0.625,0.99609375,0.5,2257,0.3867517113685608,256.0
0.353515625,0.412582665681839,256.0,0.849609375,0.703125,0.99609375,0.5,2258,0.35854068398475647,256.0
0.34375,0.39996790885925293,256.0,0.84375,0.6875,1.0,0.5,2259,0.3580246567726135,256.0
0.345703125,0.3844286799430847,256.0,0.810546875,0.65625,0.96484375,0.5,2260,0.3984508812427521,256.0
0.369140625,0.3844204843044281,256.0,0.810546875,0.6796875,0.94140625,0.5,2261,0.4152153730392456,256.0
0.337890625,0.3943682610988617,256.0,0.822265625,0.66015625,0.984375,0.5,2262,0.37916114926338196,256.0
0.33984375,0.40231838822364807,256.0,0.828125,0.66796875,0.98828125,0.5,2263,0.3777276277542114,256.0
0.361328125,0.3774891793727875,256.0,0.767578125,0.62890625,0.90625,0.5,2264,0.4668835699558258,256.0
0.361328125,0.3837892413139343,256.0,0.837890625,0.69921875,0.9765625,0.5,2265,0.3801422119140625,256.0
0.33203125,0.374146431684494,256.0,0.82421875,0.65625,0.9921875,0.5,2266,0.37125974893569946,256.0
0.3671875,0.391248881816864,256.0,0.80078125,0.66796875,0.93359375,0.5,2267,0.44925957918167114,256.0
0.373046875,0.38636618852615356,256.0,0.837890625,0.7109375,0.96484375,0.5,2268,0.38786381483078003,256.0
0.384765625,0.3704775273799896,256.0,0.810546875,0.6953125,0.92578125,0.5,2269,0.3834514617919922,256.0
0.3671875,0.39179760217666626,256.0,0.76953125,0.63671875,0.90234375,0.5,2270,0.4592115879058838,256.0
0.365234375,0.3741045594215393,256.0,0.791015625,0.65625,0.92578125,0.5,2271,0.43064600229263306,256.0
0.337890625,0.40350794792175293,256.0,0.798828125,0.63671875,0.9609375,0.5,2272,0.4120871424674988,256.0
0.373046875,0.37892475724220276,256.0,0.818359375,0.69140625,0.9453125,0.5,2273,0.3606311082839966,256.0
0.34765625,0.4232081472873688,256.0,0.8203125,0.66796875,0.97265625,0.5,2274,0.3970871567726135,256.0
0.31640625,0.4347279667854309,256.0,0.7890625,0.60546875,0.97265625,0.5,2275,0.42977452278137207,256.0
0.310546875,0.43739748001098633,256.0,0.810546875,0.62109375,1.0,0.5,2276,0.4041638970375061,256.0
0.341796875,0.42961204051971436,256.0,0.837890625,0.6796875,0.99609375,0.5,2277,0.3722139894962311,256.0
0.388671875,0.36955946683883667,256.0,0.802734375,0.69140625,0.9140625,0.5,2278,0.4221981465816498,256.0
0.388671875,0.3925502598285675,256.0,0.818359375,0.70703125,0.9296875,0.5,2279,0.4075877070426941,256.0
0.333984375,0.43094807863235474,256.0,0.775390625,0.609375,0.94140625,0.5,2280,0.4530576467514038,256.0
0.361328125,0.41817593574523926,256.0,0.787109375,0.6484375,0.92578125,0.5,2281,0.44228145480155945,256.0
0.337890625,0.40403497219085693,256.0,0.798828125,0.63671875,0.9609375,0.5,2282,0.41929689049720764,256.0
0.328125,0.4116153120994568,256.0,0.80859375,0.63671875,0.98046875,0.5,2283,0.39399075508117676,256.0
0.330078125,0.4301892817020416,256.0,0.822265625,0.65234375,0.9921875,0.5,2284,0.3956172466278076,256.0
0.3203125,0.4406045079231262,256.0,0.8046875,0.625,0.984375,0.5,2285,0.4374644458293915,256.0
0.337890625,0.413515567779541,256.0,0.830078125,0.66796875,0.9921875,0.5,2286,0.3738466799259186,256.0
0.38671875,0.39404621720314026,256.0,0.83203125,0.71875,0.9453125,0.5,2287,0.3721926212310791,256.0
0.349609375,0.41249319911003113,256.0,0.814453125,0.6640625,0.96484375,0.5,2288,0.3958528935909271,256.0
0.365234375,0.40814512968063354,256.0,0.791015625,0.65625,0.92578125,0.5,2289,0.42460161447525024,256.0
0.373046875,0.3841482996940613,256.0,0.791015625,0.6640625,0.91796875,0.5,2290,0.43582814931869507,256.0
0.373046875,0.37760642170906067,256.0,0.814453125,0.6875,0.94140625,0.5,2291,0.41415631771087646,256.0
0.353515625,0.3951789438724518,256.0,0.833984375,0.6875,0.98046875,0.5,2292,0.3645715117454529,256.0
0.33984375,0.4252036213874817,256.0,0.8203125,0.66015625,0.98046875,0.5,2293,0.42361387610435486,256.0
0.349609375,0.43127909302711487,256.0,0.814453125,0.6640625,0.96484375,0.5,2294,0.4111348092556,256.0
0.376953125,0.3799038231372833,256.0,0.857421875,0.734375,0.98046875,0.5,2295,0.3368632197380066,256.0
0.3671875,0.38799557089805603,256.0,0.80078125,0.66796875,0.93359375,0.5,2296,0.43501216173171997,256.0
0.3515625,0.404890239238739,256.0,0.79296875,0.64453125,0.94140625,0.5,2297,0.4118499755859375,256.0
0.3671875,0.39099639654159546,256.0,0.83203125,0.69921875,0.96484375,0.5,2298,0.3669561743736267,256.0
0.380859375,0.3951440155506134,256.0,0.814453125,0.6953125,0.93359375,0.5,2299,0.39471447467803955,256.0
0.357421875,0.4086506962776184,256.0,0.791015625,0.6484375,0.93359375,0.5,2300,0.42836689949035645,256.0
0.38671875,0.3844790756702423,256.0,0.7890625,0.67578125,0.90234375,0.5,2301,0.44626539945602417,256.0
0.314453125,0.44425851106643677,256.0,0.814453125,0.62890625,1.0,0.5,2302,0.40442782640457153,256.0
0.3515625,0.42956534028053284,256.0,0.84375,0.6953125,0.9921875,0.5,2303,0.36544373631477356,256.0
0.3515625,0.40048304200172424,256.0,0.81640625,0.66796875,0.96484375,0.5,2304,0.38406822085380554,256.0
0.380859375,0.3878311216831207,256.0,0.814453125,0.6953125,0.93359375,0.5,2305,0.3966657817363739,256.0
0.359375,0.40611499547958374,256.0,0.78515625,0.64453125,0.92578125,0.5,2306,0.42328745126724243,256.0
0.388671875,0.41254469752311707,256.0,0.833984375,0.72265625,0.9453125,0.5,2307,0.3638322055339813,256.0
0.39453125,0.3939303755760193,256.0,0.80078125,0.6953125,0.90625,0.5,2308,0.41588911414146423,256.0
0.34375,0.42489975690841675,256.0,0.82421875,0.66796875,0.98046875,0.5,2309,0.3802565038204193,256.0
0.328125,0.41959381103515625,256.0,0.80859375,0.63671875,0.98046875,0.5,2310,0.39930006861686707,256.0
0.302734375,0.44274917244911194,256.0,0.802734375,0.60546875,1.0,0.5,2311,0.4227132201194763,256.0
0.34375,0.42991316318511963,256.0,0.83203125,0.67578125,0.98828125,0.5,2312,0.3776802718639374,256.0
0.3828125,0.37916678190231323,256.0,0.84375,0.7265625,0.9609375,0.5,2313,0.36181050539016724,256.0
0.3515625,0.4133177399635315,256.0,0.796875,0.6484375,0.9453125,0.5,2314,0.4162858724594116,256.0
0.345703125,0.40514159202575684,256.0,0.806640625,0.65234375,0.9609375,0.5,2315,0.38930055499076843,256.0
0.388671875,0.3713885545730591,256.0,0.810546875,0.69921875,0.921875,0.5,2316,0.40916579961776733,256.0
0.36328125,0.38142943382263184,256.0,0.796875,0.66015625,0.93359375,0.5,2317,0.4076494574546814,256.0
0.37890625,0.40168145298957825,256.0,0.84765625,0.7265625,0.96875,0.5,2318,0.3536253571510315,256.0
0.330078125,0.4091222882270813,256.0,0.798828125,0.62890625,0.96875,0.5,2319,0.4065415859222412,256.0
0.318359375,0.44192904233932495,256.0,0.818359375,0.63671875,1.0,0.5,2320,0.3978152573108673,256.0
0.32421875,0.43865156173706055,256.0,0.81640625,0.640625,0.9921875,0.5,2321,0.4089643955230713,256.0
0.337890625,0.36587345600128174,256.0,0.779296875,0.6171875,0.94140625,0.5,2322,0.41175755858421326,256.0
0.373046875,0.3994136452674866,256.0,0.822265625,0.6953125,0.94921875,0.5,2323,0.4006127715110779,256.0
0.35546875,0.38139015436172485,256.0,0.8125,0.66796875,0.95703125,0.5,2324,0.3877456486225128,256.0
0.400390625,0.3643515110015869,256.0,0.818359375,0.71875,0.91796875,0.5,2325,0.38484877347946167,256.0
0.3359375,0.41545557975769043,256.0,0.81640625,0.65234375,0.98046875,0.5,2326,0.3970537781715393,256.0
0.357421875,0.39671728014945984,256.0,0.830078125,0.6875,0.97265625,0.5,2327,0.36913353204727173,256.0
0.341796875,0.4256768524646759,256.0,0.830078125,0.671875,0.98828125,0.5,2328,0.37868088483810425,256.0
0.326171875,0.4441962242126465,256.0,0.822265625,0.6484375,0.99609375,0.5,2329,0.40385204553604126,256.0
0.34375,0.4239858388900757,256.0,0.83984375,0.68359375,0.99609375,0.5,2330,0.37887999415397644,256.0
0.357421875,0.38947322964668274,256.0,0.806640625,0.6640625,0.94921875,0.5,2331,0.4043944180011749,256.0
0.33984375,0.4115864634513855,256.0,0.8203125,0.66015625,0.98046875,0.5,2332,0.3795267641544342,256.0
0.369140625,0.38814860582351685,256.0,0.826171875,0.6953125,0.95703125,0.5,2333,0.3792123794555664,256.0
0.390625,0.3742755651473999,256.0,0.80859375,0.69921875,0.91796875,0.5,2334,0.39071860909461975,256.0
0.33984375,0.3985474705696106,256.0,0.82421875,0.6640625,0.984375,0.5,2335,0.376141756772995,256.0
0.34375,0.37835365533828735,256.0,0.80078125,0.64453125,0.95703125,0.5,2336,0.4164699614048004,256.0
0.337890625,0.40173405408859253,256.0,0.826171875,0.6640625,0.98828125,0.5,2337,0.3819114565849304,256.0
0.328125,0.42502015829086304,256.0,0.8203125,0.6484375,0.9921875,0.5,2338,0.4052272439002991,256.0
0.333984375,0.3882300853729248,256.0,0.826171875,0.66015625,0.9921875,0.5,2339,0.379577100276947,256.0
0.375,0.3805916905403137,256.0,0.765625,0.640625,0.890625,0.5,2340,0.44807717204093933,256.0
0.357421875,0.37451955676078796,256.0,0.830078125,0.6875,0.97265625,0.5,2341,0.35603946447372437,256.0
0.328125,0.41822579503059387,256.0,0.80859375,0.63671875,0.98046875,0.5,2342,0.3984054923057556,256.0
0.369140625,0.3629699945449829,256.0,0.802734375,0.671875,0.93359375,0.5,2343,0.40890422463417053,256.0
0.34375,0.4051370620727539,256.0,0.8125,0.65625,0.96875,0.5,2344,0.4024978578090668,256.0
0.361328125,0.39031702280044556,256.0,0.822265625,0.68359375,0.9609375,0.5,2345,0.3639385998249054,256.0
0.33203125,0.4360106587409973,256.0,0.8125,0.64453125,0.98046875,0.5,2346,0.4068893492221832,256.0
0.333984375,0.42685437202453613,256.0,0.830078125,0.6640625,0.99609375,0.5,2347,0.3870007395744324,256.0
0.359375,0.39469149708747864,256.0,0.7890625,0.6484375,0.9296875,0.5,2348,0.4462260901927948,256.0
0.3515625,0.4130256175994873,256.0,0.79296875,0.64453125,0.94140625,0.5,2349,0.4078867733478546,256.0
0.337890625,0.41376012563705444,256.0,0.794921875,0.6328125,0.95703125,0.5,2350,0.4095867872238159,256.0
0.34765625,0.41611868143081665,256.0,0.828125,0.67578125,0.98046875,0.5,2351,0.3754771649837494,256.0
0.365234375,0.3644723892211914,256.0,0.810546875,0.67578125,0.9453125,0.5,2352,0.3732779920101166,256.0
0.328125,0.38492703437805176,256.0,0.7734375,0.6015625,0.9453125,0.5,2353,0.42920732498168945,256.0
0.34375,0.4061334729194641,256.0,0.77734375,0.62109375,0.93359375,0.5,2354,0.4783806800842285,256.0
0.357421875,0.4155025780200958,256.0,0.791015625,0.6484375,0.93359375,0.5,2355,0.4220217168331146,256.0
0.353515625,0.413932740688324,256.0,0.798828125,0.65234375,0.9453125,0.5,2356,0.4676019549369812,256.0
0.384765625,0.3991283178329468,256.0,0.833984375,0.71875,0.94921875,0.5,2357,0.3772408962249756,256.0
0.384765625,0.40897855162620544,256.0,0.833984375,0.71875,0.94921875,0.5,2358,0.37807583808898926,256.0
0.380859375,0.4168558120727539,256.0,0.833984375,0.71484375,0.953125,0.5,2359,0.3911489248275757,256.0
0.33984375,0.4334421157836914,256.0,0.82421875,0.6640625,0.984375,0.5,2360,0.3860296607017517,256.0
0.35546875,0.37520551681518555,256.0,0.77734375,0.6328125,0.921875,0.5,2361,0.442230761051178,256.0
0.353515625,0.4362124800682068,256.0,0.814453125,0.66796875,0.9609375,0.5,2362,0.39499303698539734,256.0
0.353515625,0.4290412664413452,256.0,0.802734375,0.65625,0.94921875,0.5,2363,0.40685197710990906,256.0
0.361328125,0.4256362020969391,256.0,0.857421875,0.71875,0.99609375,0.5,2364,0.3550436496734619,256.0
0.337890625,0.43270376324653625,256.0,0.837890625,0.67578125,1.0,0.5,2365,0.37542134523391724,256.0
0.35546875,0.41144460439682007,256.0,0.8046875,0.66015625,0.94921875,0.5,2366,0.40662625432014465,256.0
0.33984375,0.413997620344162,256.0,0.80859375,0.6484375,0.96875,0.5,2367,0.4008181095123291,256.0
0.35546875,0.4076380133628845,256.0,0.83984375,0.6953125,0.984375,0.5,2368,0.3659341037273407,256.0
0.35546875,0.3703044354915619,256.0,0.796875,0.65234375,0.94140625,0.5,2369,0.40122103691101074,256.0
0.349609375,0.38893914222717285,256.0,0.798828125,0.6484375,0.94921875,0.5,2370,0.393835186958313,256.0
0.357421875,0.39400002360343933,256.0,0.826171875,0.68359375,0.96875,0.5,2371,0.3772575259208679,256.0
0.3359375,0.40697285532951355,256.0,0.83203125,0.66796875,0.99609375,0.5,2372,0.3845837116241455,256.0
0.33203125,0.4181736409664154,256.0,0.828125,0.66015625,0.99609375,0.5,2373,0.38497471809387207,256.0
0.306640625,0.41763585805892944,256.0,0.794921875,0.6015625,0.98828125,0.5,2374,0.4156101942062378,256.0
0.353515625,0.38104546070098877,256.0,0.794921875,0.6484375,0.94140625,0.5,2375,0.4094662666320801,256.0
0.357421875,0.3918887674808502,256.0,0.826171875,0.68359375,0.96875,0.5,2376,0.38521626591682434,256.0
0.345703125,0.3894227147102356,256.0,0.830078125,0.67578125,0.984375,0.5,2377,0.3715536296367645,256.0
0.38671875,0.3654845356941223,256.0,0.78125,0.66796875,0.89453125,0.5,2378,0.4478647708892822,256.0
0.365234375,0.3751574158668518,256.0,0.837890625,0.703125,0.97265625,0.5,2379,0.3635141849517822,256.0
0.365234375,0.37779417634010315,256.0,0.806640625,0.671875,0.94140625,0.5,2380,0.4167760908603668,256.0
0.322265625,0.4305844306945801,256.0,0.810546875,0.6328125,0.98828125,0.5,2381,0.40303802490234375,256.0
0.34765625,0.4302661716938019,256.0,0.84765625,0.6953125,1.0,0.5,2382,0.3720906972885132,256.0
0.318359375,0.4254991114139557,256.0,0.806640625,0.625,0.98828125,0.5,2383,0.40127843618392944,256.0
0.36328125,0.38136789202690125,256.0,0.81640625,0.6796875,0.953125,0.5,2384,0.3846074342727661,256.0
0.353515625,0.40834784507751465,256.0,0.845703125,0.69921875,0.9921875,0.5,2385,0.3554253578186035,256.0
0.373046875,0.39575257897377014,256.0,0.822265625,0.6953125,0.94921875,0.5,2386,0.3739985227584839,256.0
0.3984375,0.37634384632110596,256.0,0.796875,0.6953125,0.8984375,0.5,2387,0.4271424412727356,256.0
0.34375,0.40977734327316284,256.0,0.8125,0.65625,0.96875,0.5,2388,0.398883581161499,256.0
0.330078125,0.4178646206855774,256.0,0.806640625,0.63671875,0.9765625,0.5,2389,0.40873199701309204,256.0
0.333984375,0.4177381098270416,256.0,0.810546875,0.64453125,0.9765625,0.5,2390,0.40902841091156006,256.0
0.302734375,0.41510137915611267,256.0,0.802734375,0.60546875,1.0,0.5,2391,0.40216296911239624,256.0
0.314453125,0.4221959114074707,256.0,0.798828125,0.61328125,0.984375,0.5,2392,0.4146886169910431,256.0
0.333984375,0.3948381543159485,256.0,0.802734375,0.63671875,0.96875,0.5,2393,0.4002484381198883,256.0
0.357421875,0.3921012282371521,256.0,0.818359375,0.67578125,0.9609375,0.5,2394,0.37699878215789795,256.0
0.357421875,0.4024936556816101,256.0,0.833984375,0.69140625,0.9765625,0.5,2395,0.3836972117424011,256.0
0.400390625,0.3775900602340698,256.0,0.826171875,0.7265625,0.92578125,0.5,2396,0.3834371566772461,256.0
0.375,0.3726603388786316,256.0,0.84765625,0.72265625,0.97265625,0.5,2397,0.3391791582107544,256.0
0.36328125,0.3906979560852051,256.0,0.859375,0.72265625,0.99609375,0.5,2398,0.33582016825675964,256.0
0.328125,0.42158985137939453,256.0,0.8125,0.640625,0.984375,0.5,2399,0.39990872144699097,256.0
0.34375,0.40429461002349854,256.0,0.84375,0.6875,1.0,0.5,2400,0.3579615354537964,256.0
0.33984375,0.3923552334308624,256.0,0.81640625,0.65625,0.9765625,0.5,2401,0.3877514600753784,256.0
0.337890625,0.4024007320404053,256.0,0.806640625,0.64453125,0.96875,0.5,2402,0.3924086093902588,256.0
0.333984375,0.3758288621902466,256.0,0.798828125,0.6328125,0.96484375,0.5,2403,0.40076202154159546,256.0
0.36328125,0.37999171018600464,256.0,0.82421875,0.6875,0.9609375,0.5,2404,0.3721722662448883,256.0
0.3359375,0.3926038146018982,256.0,0.81640625,0.65234375,0.98046875,0.5,2405,0.3857616186141968,256.0
0.37890625,0.3822687268257141,256.0,0.8515625,0.73046875,0.97265625,0.5,2406,0.35415661334991455,256.0
0.34765625,0.3846917450428009,256.0,0.83203125,0.6796875,0.984375,0.5,2407,0.3654589354991913,256.0
0.3203125,0.4166208505630493,256.0,0.8203125,0.640625,1.0,0.5,2408,0.3874545395374298,256.0
0.357421875,0.38681188225746155,256.0,0.853515625,0.7109375,0.99609375,0.5,2409,0.34409111738204956,256.0
0.34375,0.3887411952018738,256.0,0.828125,0.671875,0.984375,0.5,2410,0.38032063841819763,256.0
0.33984375,0.3970101475715637,256.0,0.8203125,0.66015625,0.98046875,0.5,2411,0.3793168067932129,256.0
0.3515625,0.38958102464675903,256.0,0.80078125,0.65234375,0.94921875,0.5,2412,0.41497674584388733,256.0
0.359375,0.35725605487823486,256.0,0.7890625,0.6484375,0.9296875,0.5,2413,0.4371662139892578,256.0
0.345703125,0.3844180107116699,256.0,0.806640625,0.65234375,0.9609375,0.5,2414,0.40597954392433167,256.0
0.34375,0.3669978380203247,256.0,0.78125,0.625,0.9375,0.5,2415,0.4375508427619934,256.0
0.333984375,0.39993956685066223,256.0,0.794921875,0.62890625,0.9609375,0.5,2416,0.4312742352485657,256.0
0.333984375,0.4257732033729553,256.0,0.830078125,0.6640625,0.99609375,0.5,2417,0.38201776146888733,256.0
0.32421875,0.3851553797721863,256.0,0.8203125,0.64453125,0.99609375,0.5,2418,0.3709438145160675,256.0
0.33203125,0.40551042556762695,256.0,0.8046875,0.63671875,0.97265625,0.5,2419,0.40001851320266724,256.0
0.353515625,0.4041104316711426,256.0,0.810546875,0.6640625,0.95703125,0.5,2420,0.38047584891319275,256.0
0.36328125,0.41182518005371094,256.0,0.8203125,0.68359375,0.95703125,0.5,2421,0.39433470368385315,256.0
0.359375,0.4081963896751404,256.0,0.8046875,0.6640625,0.9453125,0.5,2422,0.411991685628891,256.0
0.373046875,0.372806191444397,256.0,0.806640625,0.6796875,0.93359375,0.5,2423,0.4131874442100525,256.0
0.349609375,0.39881235361099243,256.0,0.822265625,0.671875,0.97265625,0.5,2424,0.3630686402320862,256.0
0.349609375,0.4290618896484375,256.0,0.830078125,0.6796875,0.98046875,0.5,2425,0.3886423707008362,256.0
0.3203125,0.42551010847091675,256.0,0.8046875,0.625,0.984375,0.5,2426,0.4051942825317383,256.0
0.33984375,0.3980468213558197,256.0,0.8359375,0.67578125,0.99609375,0.5,2427,0.35915252566337585,256.0
0.33984375,0.3848024308681488,256.0,0.81640625,0.65625,0.9765625,0.5,2428,0.3706020712852478,256.0
0.353515625,0.4127652645111084,256.0,0.853515625,0.70703125,1.0,0.5,2429,0.3518763780593872,256.0
0.365234375,0.39770209789276123,256.0,0.822265625,0.6875,0.95703125,0.5,2430,0.3768698573112488,256.0
0.3671875,0.3686677813529968,256.0,0.79296875,0.66015625,0.92578125,0.5,2431,0.4228302836418152,256.0
0.359375,0.38430055975914,256.0,0.79296875,0.65234375,0.93359375,0.5,2432,0.4211171865463257,256.0
0.32421875,0.3982285261154175,256.0,0.81640625,0.640625,0.9921875,0.5,2433,0.3776146173477173,256.0
0.369140625,0.41438955068588257,256.0,0.837890625,0.70703125,0.96875,0.5,2434,0.3791539669036865,256.0
0.33984375,0.40150123834609985,256.0,0.81640625,0.65625,0.9765625,0.5,2435,0.3949023485183716,256.0
0.341796875,0.3971039056777954,256.0,0.810546875,0.65234375,0.96875,0.5,2436,0.40573203563690186,256.0
0.3515625,0.398939311504364,256.0,0.81640625,0.66796875,0.96484375,0.5,2437,0.3887903690338135,256.0
0.328125,0.39484789967536926,256.0,0.80078125,0.62890625,0.97265625,0.5,2438,0.3907851278781891,256.0
0.38671875,0.3521575927734375,256.0,0.8359375,0.72265625,0.94921875,0.5,2439,0.35061267018318176,256.0
0.38671875,0.3535377085208893,256.0,0.8125,0.69921875,0.92578125,0.5,2440,0.399387389421463,256.0
0.38671875,0.36233797669410706,256.0,0.80078125,0.6875,0.9140625,0.5,2441,0.4478501081466675,256.0
0.373046875,0.37482360005378723,256.0,0.810546875,0.68359375,0.9375,0.5,2442,0.40609392523765564,256.0
0.337890625,0.4301944077014923,256.0,0.833984375,0.671875,0.99609375,0.5,2443,0.3853995203971863,256.0
0.357421875,0.40506741404533386,256.0,0.849609375,0.70703125,0.9921875,0.5,2444,0.3540768623352051,256.0
0.32421875,0.41904449462890625,256.0,0.80859375,0.6328125,0.984375,0.5,2445,0.3974130153656006,256.0
0.34375,0.402913361787796,256.0,0.8359375,0.6796875,0.9921875,0.5,2446,0.3614462614059448,256.0
0.31640625,0.4070649743080139,256.0,0.80078125,0.6171875,0.984375,0.5,2447,0.3913458585739136,256.0
0.33984375,0.42639005184173584,256.0,0.7734375,0.61328125,0.93359375,0.5,2448,0.4467722475528717,256.0
0.36328125,0.39346814155578613,256.0,0.8125,0.67578125,0.94921875,0.5,2449,0.39223286509513855,256.0
0.390625,0.37301740050315857,256.0,0.81640625,0.70703125,0.92578125,0.5,2450,0.38026493787765503,256.0
0.349609375,0.412458598613739,256.0,0.806640625,0.65625,0.95703125,0.5,2451,0.39545875787734985,256.0
0.349609375,0.43398889899253845,256.0,0.841796875,0.69140625,0.9921875,0.5,2452,0.3732280135154724,256.0
0.322265625,0.423103392124176,256.0,0.818359375,0.640625,0.99609375,0.5,2453,0.3918852210044861,256.0
0.337890625,0.43630945682525635,256.0,0.810546875,0.6484375,0.97265625,0.5,2454,0.39714187383651733,256.0
0.35546875,0.3982139825820923,256.0,0.8515625,0.70703125,0.99609375,0.5,2455,0.343749076128006,256.0
0.361328125,0.40877535939216614,256.0,0.841796875,0.703125,0.98046875,0.5,2456,0.3618796169757843,256.0
0.353515625,0.37563827633857727,256.0,0.791015625,0.64453125,0.9375,0.5,2457,0.40136227011680603,256.0
0.333984375,0.4059411883354187,256.0,0.798828125,0.6328125,0.96484375,0.5,2458,0.41269776225090027,256.0
0.333984375,0.3938688337802887,256.0,0.814453125,0.6484375,0.98046875,0.5,2459,0.3805934190750122,256.0
0.333984375,0.4153134226799011,256.0,0.830078125,0.6640625,0.99609375,0.5,2460,0.3771863579750061,256.0
0.34375,0.4149438738822937,256.0,0.83203125,0.67578125,0.98828125,0.5,2461,0.37502214312553406,256.0
0.349609375,0.3986503779888153,256.0,0.826171875,0.67578125,0.9765625,0.5,2462,0.3812418580055237,256.0
0.345703125,0.4010622203350067,256.0,0.826171875,0.671875,0.98046875,0.5,2463,0.38285350799560547,256.0
0.349609375,0.3849373459815979,256.0,0.822265625,0.671875,0.97265625,0.5,2464,0.3680189251899719,256.0
0.333984375,0.3887329697608948,256.0,0.830078125,0.6640625,0.99609375,0.5,2465,0.3696916401386261,256.0
0.345703125,0.36975425481796265,256.0,0.798828125,0.64453125,0.953125,0.5,2466,0.4081430733203888,256.0
0.341796875,0.38133659958839417,256.0,0.826171875,0.66796875,0.984375,0.5,2467,0.3707926869392395,256.0
0.3515625,0.3719038963317871,256.0,0.828125,0.6796875,0.9765625,0.5,2468,0.36010587215423584,256.0
0.357421875,0.3892180323600769,256.0,0.849609375,0.70703125,0.9921875,0.5,2469,0.34916388988494873,256.0
0.3203125,0.4013959467411041,256.0,0.8203125,0.640625,1.0,0.5,2470,0.3823670744895935,256.0
0.3359375,0.3848188817501068,256.0,0.8203125,0.65625,0.984375,0.5,2471,0.37921908497810364,256.0
0.357421875,0.3647298812866211,256.0,0.822265625,0.6796875,0.96484375,0.5,2472,0.37712013721466064,256.0
0.337890625,0.36866456270217896,256.0,0.806640625,0.64453125,0.96875,0.5,2473,0.3781884014606476,256.0
0.349609375,0.37848448753356934,256.0,0.802734375,0.65234375,0.953125,0.5,2474,0.3962835669517517,256.0
0.373046875,0.34029021859169006,256.0,0.818359375,0.69140625,0.9453125,0.5,2475,0.38007253408432007,256.0
0.322265625,0.3903912305831909,256.0,0.802734375,0.625,0.98046875,0.5,2476,0.3967247009277344,256.0
0.33984375,0.39689725637435913,256.0,0.7890625,0.62890625,0.94921875,0.5,2477,0.44129663705825806,256.0
0.341796875,0.40868011116981506,256.0,0.833984375,0.67578125,0.9921875,0.5,2478,0.3756771683692932,256.0
0.3515625,0.4137897789478302,256.0,0.8515625,0.703125,1.0,0.5,2479,0.35392653942108154,256.0
0.36328125,0.3990033268928528,256.0,0.81640625,0.6796875,0.953125,0.5,2480,0.4185800552368164,256.0
0.3671875,0.38623183965682983,256.0,0.85546875,0.72265625,0.98828125,0.5,2481,0.34338492155075073,256.0
0.34375,0.38174381852149963,256.0,0.83203125,0.67578125,0.98828125,0.5,2482,0.35261011123657227,256.0
0.380859375,0.3959861993789673,256.0,0.802734375,0.68359375,0.921875,0.5,2483,0.4069575071334839,256.0
0.322265625,0.4028368592262268,256.0,0.779296875,0.6015625,0.95703125,0.5,2484,0.43413692712783813,256.0
0.345703125,0.409105509519577,256.0,0.830078125,0.67578125,0.984375,0.5,2485,0.37349843978881836,256.0
0.333984375,0.37848418951034546,256.0,0.822265625,0.65625,0.98828125,0.5,2486,0.36061882972717285,256.0
0.333984375,0.41806113719940186,256.0,0.833984375,0.66796875,1.0,0.5,2487,0.37568777799606323,256.0
0.322265625,0.40886878967285156,256.0,0.814453125,0.63671875,0.9921875,0.5,2488,0.3997918367385864,256.0
0.33203125,0.40251919627189636,256.0,0.79296875,0.625,0.9609375,0.5,2489,0.41926705837249756,256.0
0.34375,0.38848018646240234,256.0,0.84375,0.6875,1.0,0.5,2490,0.3528391122817993,256.0
0.369140625,0.3662950098514557,256.0,0.841796875,0.7109375,0.97265625,0.5,2491,0.34846600890159607,256.0
0.357421875,0.3920610845088959,256.0,0.802734375,0.66015625,0.9453125,0.5,2492,0.39999866485595703,256.0
0.369140625,0.36647507548332214,256.0,0.837890625,0.70703125,0.96875,0.5,2493,0.3593907952308655,256.0
0.3828125,0.38096892833709717,256.0,0.828125,0.7109375,0.9453125,0.5,2494,0.37108114361763,256.0
0.345703125,0.39651378989219666,256.0,0.822265625,0.66796875,0.9765625,0.5,2495,0.3967050313949585,256.0
0.3203125,0.40598273277282715,256.0,0.8203125,0.640625,1.0,0.5,2496,0.3846886157989502,256.0
0.318359375,0.41051968932151794,256.0,0.810546875,0.62890625,0.9921875,0.5,2497,0.39935314655303955,256.0
0.365234375,0.3661051392555237,256.0,0.818359375,0.68359375,0.953125,0.5,2498,0.3774664103984833,256.0
0.341796875,0.39031216502189636,256.0,0.810546875,0.65234375,0.96875,0.5,2499,0.38586345314979553,256.0
0.310546875,0.39954811334609985,256.0,0.806640625,0.6171875,0.99609375,0.5,2500,0.39359182119369507,256.0
0.37109375,0.3851797580718994,256.0,0.80078125,0.671875,0.9296875,0.5,2501,0.424577534198761,256.0
0.36328125,0.3744175434112549,256.0,0.8203125,0.68359375,0.95703125,0.5,2502,0.3804442882537842,256.0
0.37109375,0.37359297275543213,256.0,0.83984375,0.7109375,0.96875,0.5,2503,0.35614871978759766,256.0
0.341796875,0.4136820435523987,256.0,0.822265625,0.6640625,0.98046875,0.5,2504,0.3857923150062561,256.0
0.333984375,0.40880411863327026,256.0,0.833984375,0.66796875,1.0,0.5,2505,0.36821067333221436,256.0
0.337890625,0.3832769989967346,256.0,0.837890625,0.67578125,1.0,0.5,2506,0.3518420457839966,256.0
0.349609375,0.3972940742969513,256.0,0.830078125,0.6796875,0.98046875,0.5,2507,0.37090185284614563,256.0
0.34765625,0.37926509976387024,256.0,0.82421875,0.671875,0.9765625,0.5,2508,0.3765851855278015,256.0
0.373046875,0.38625115156173706,256.0,0.822265625,0.6953125,0.94921875,0.5,2509,0.38903385400772095,256.0
0.349609375,0.3664203882217407,256.0,0.779296875,0.62890625,0.9296875,0.5,2510,0.41752201318740845,256.0
0.34765625,0.3975811004638672,256.0,0.81640625,0.6640625,0.96875,0.5,2511,0.3938824236392975,256.0
0.345703125,0.3727899491786957,256.0,0.826171875,0.671875,0.98046875,0.5,2512,0.3732552230358124,256.0
0.3359375,0.4214901328086853,256.0,0.8359375,0.671875,1.0,0.5,2513,0.37658536434173584,256.0
0.3203125,0.4316966235637665,256.0,0.8203125,0.640625,1.0,0.5,2514,0.391357958316803,256.0
0.359375,0.3856483995914459,256.0,0.84375,0.703125,0.984375,0.5,2515,0.3488759994506836,256.0
0.361328125,0.3729170560836792,256.0,0.806640625,0.66796875,0.9453125,0.5,2516,0.4012620449066162,256.0
0.36328125,0.38084471225738525,256.0,0.8125,0.67578125,0.94921875,0.5,2517,0.3909304738044739,256.0
0.369140625,0.36337608098983765,256.0,0.818359375,0.6875,0.94921875,0.5,2518,0.37025776505470276,256.0
0.376953125,0.357455849647522,256.0,0.822265625,0.69921875,0.9453125,0.5,2519,0.3753403127193451,256.0
0.3359375,0.4140820801258087,256.0,0.8125,0.6484375,0.9765625,0.5,2520,0.4009122848510742,256.0
0.326171875,0.3600659966468811,256.0,0.798828125,0.625,0.97265625,0.5,2521,0.3858133852481842,256.0
0.337890625,0.4213901162147522,256.0,0.810546875,0.6484375,0.97265625,0.5,2522,0.41466182470321655,256.0
0.337890625,0.385976105928421,256.0,0.810546875,0.6484375,0.97265625,0.5,2523,0.39519202709198,256.0
0.349609375,0.38206377625465393,256.0,0.826171875,0.67578125,0.9765625,0.5,2524,0.3877444565296173,256.0
0.35546875,0.3647323250770569,256.0,0.8046875,0.66015625,0.94921875,0.5,2525,0.3778183162212372,256.0
0.3671875,0.366270512342453,256.0,0.8515625,0.71875,0.984375,0.5,2526,0.3376869559288025,256.0
0.373046875,0.4009321928024292,256.0,0.810546875,0.68359375,0.9375,0.5,2527,0.40468829870224,256.0
0.36328125,0.3869670629501343,256.0,0.828125,0.69140625,0.96484375,0.5,2528,0.3788311183452606,256.0
0.33984375,0.41397449374198914,256.0,0.796875,0.63671875,0.95703125,0.5,2529,0.4106883406639099,256.0
0.3515625,0.4024684429168701,256.0,0.84375,0.6953125,0.9921875,0.5,2530,0.3577675223350525,256.0
0.34765625,0.4313938617706299,256.0,0.8359375,0.68359375,0.98828125,0.5,2531,0.3803856372833252,256.0
0.310546875,0.4230775833129883,256.0,0.802734375,0.61328125,0.9921875,0.5,2532,0.41994813084602356,256.0
0.33203125,0.40724509954452515,256.0,0.796875,0.62890625,0.96484375,0.5,2533,0.4049553871154785,256.0
0.328125,0.4031209647655487,256.0,0.7890625,0.6171875,0.9609375,0.5,2534,0.40577298402786255,256.0
0.34765625,0.3980604410171509,256.0,0.828125,0.67578125,0.98046875,0.5,2535,0.3627476394176483,256.0
0.328125,0.388638436794281,256.0,0.8125,0.640625,0.984375,0.5,2536,0.37202292680740356,256.0
0.35546875,0.38245171308517456,256.0,0.81640625,0.671875,0.9609375,0.5,2537,0.4052804708480835,256.0
0.38671875,0.3601056635379791,256.0,0.83984375,0.7265625,0.953125,0.5,2538,0.35771918296813965,256.0
0.3125,0.43427643179893494,256.0,0.80859375,0.62109375,0.99609375,0.5,2539,0.4046655297279358,256.0
0.37109375,0.3861002027988434,256.0,0.86328125,0.734375,0.9921875,0.5,2540,0.3369862139225006,256.0
0.337890625,0.4100554883480072,256.0,0.818359375,0.65625,0.98046875,0.5,2541,0.38199782371520996,256.0
0.369140625,0.3843247592449188,256.0,0.810546875,0.6796875,0.94140625,0.5,2542,0.399659126996994,256.0
0.34375,0.3803338408470154,256.0,0.8203125,0.6640625,0.9765625,0.5,2543,0.3909182548522949,256.0
0.34375,0.38885733485221863,256.0,0.8125,0.65625,0.96875,0.5,2544,0.4036816656589508,256.0
0.369140625,0.36916857957839966,256.0,0.810546875,0.6796875,0.94140625,0.5,2545,0.4098169803619385,256.0
0.369140625,0.38826289772987366,256.0,0.794921875,0.6640625,0.92578125,0.5,2546,0.4142090082168579,256.0
0.3515625,0.3767578899860382,256.0,0.81640625,0.66796875,0.96484375,0.5,2547,0.3704039454460144,256.0
0.365234375,0.3933548629283905,256.0,0.791015625,0.65625,0.92578125,0.5,2548,0.43898439407348633,256.0
0.306640625,0.41261163353919983,256.0,0.794921875,0.6015625,0.98828125,0.5,2549,0.43120676279067993,256.0
0.34375,0.388221800327301,256.0,0.83203125,0.67578125,0.98828125,0.5,2550,0.3775484561920166,256.0
0.3359375,0.3877681493759155,256.0,0.78515625,0.62109375,0.94921875,0.5,2551,0.4355480670928955,256.0
0.3359375,0.3558453321456909,256.0,0.76171875,0.59765625,0.92578125,0.5,2552,0.4814852476119995,256.0
0.357421875,0.3875533938407898,256.0,0.806640625,0.6640625,0.94921875,0.5,2553,0.42076414823532104,256.0
0.3828125,0.36479347944259644,256.0,0.8125,0.6953125,0.9296875,0.5,2554,0.40118831396102905,256.0
0.357421875,0.4047708511352539,256.0,0.810546875,0.66796875,0.953125,0.5,2555,0.4116601347923279,256.0
0.390625,0.4018663763999939,256.0,0.8046875,0.6953125,0.9140625,0.5,2556,0.4700776934623718,256.0
0.3203125,0.40540841221809387,256.0,0.78515625,0.60546875,0.96484375,0.5,2557,0.4264828860759735,256.0
0.345703125,0.40724503993988037,256.0,0.833984375,0.6796875,0.98828125,0.5,2558,0.3720141351222992,256.0
0.33203125,0.43414926528930664,256.0,0.8046875,0.63671875,0.97265625,0.5,2559,0.40948349237442017,256.0
0.361328125,0.42635253071784973,256.0,0.810546875,0.671875,0.94921875,0.5,2560,0.39532047510147095,256.0
0.36328125,0.3929193317890167,256.0,0.80859375,0.671875,0.9453125,0.5,2561,0.3830834627151489,256.0
0.3125,0.4520546793937683,256.0,0.78515625,0.59765625,0.97265625,0.5,2562,0.4237537682056427,256.0
0.357421875,0.3865528702735901,256.0,0.794921875,0.65234375,0.9375,0.5,2563,0.41621360182762146,256.0
0.353515625,0.42519184947013855,256.0,0.833984375,0.6875,0.98046875,0.5,2564,0.37720730900764465,256.0
0.34375,0.42620378732681274,256.0,0.828125,0.671875,0.984375,0.5,2565,0.383683443069458,256.0
0.328125,0.42856499552726746,256.0,0.80078125,0.62890625,0.97265625,0.5,2566,0.41601061820983887,256.0
0.34765625,0.41084182262420654,256.0,0.828125,0.67578125,0.98046875,0.5,2567,0.3725598454475403,256.0
0.3359375,0.4185088872909546,256.0,0.8046875,0.640625,0.96875,0.5,2568,0.4222908020019531,256.0
0.349609375,0.3922496736049652,256.0,0.814453125,0.6640625,0.96484375,0.5,2569,0.3745976984500885,256.0
0.341796875,0.3805147409439087,256.0,0.775390625,0.6171875,0.93359375,0.5,2570,0.4254230260848999,256.0
0.375,0.38053688406944275,256.0,0.78515625,0.66015625,0.91015625,0.5,2571,0.44519659876823425,256.0
0.318359375,0.40352189540863037,256.0,0.783203125,0.6015625,0.96484375,0.5,2572,0.4228401780128479,256.0
0.3125,0.417758047580719,256.0,0.80859375,0.62109375,0.99609375,0.5,2573,0.41123470664024353,256.0
0.328125,0.4285837411880493,256.0,0.78515625,0.61328125,0.95703125,0.5,2574,0.4296818971633911,256.0
0.365234375,0.40810921788215637,256.0,0.814453125,0.6796875,0.94921875,0.5,2575,0.42775458097457886,256.0
0.330078125,0.42673933506011963,256.0,0.826171875,0.65625,0.99609375,0.5,2576,0.38505664467811584,256.0
0.380859375,0.37848567962646484,256.0,0.794921875,0.67578125,0.9140625,0.5,2577,0.4625587463378906,256.0
0.376953125,0.38096266984939575,256.0,0.833984375,0.7109375,0.95703125,0.5,2578,0.3730422556400299,256.0
0.33984375,0.403450608253479,256.0,0.8125,0.65234375,0.97265625,0.5,2579,0.3846677243709564,256.0
0.37890625,0.3947948217391968,256.0,0.8046875,0.68359375,0.92578125,0.5,2580,0.420724093914032,256.0
0.369140625,0.40946418046951294,256.0,0.798828125,0.66796875,0.9296875,0.5,2581,0.46152055263519287,256.0
0.373046875,0.3953881561756134,256.0,0.833984375,0.70703125,0.9609375,0.5,2582,0.39195629954338074,256.0
0.35546875,0.42355746030807495,256.0,0.81640625,0.671875,0.9609375,0.5,2583,0.39735496044158936,256.0
0.326171875,0.43200308084487915,256.0,0.810546875,0.63671875,0.984375,0.5,2584,0.4035904109477997,256.0
0.33984375,0.4193143844604492,256.0,0.83203125,0.671875,0.9921875,0.5,2585,0.37802818417549133,256.0
0.330078125,0.4085255265235901,256.0,0.818359375,0.6484375,0.98828125,0.5,2586,0.38511377573013306,256.0
0.3671875,0.3920787572860718,256.0,0.8203125,0.6875,0.953125,0.5,2587,0.38799533247947693,256.0
0.369140625,0.39307790994644165,256.0,0.837890625,0.70703125,0.96875,0.5,2588,0.3658328950405121,256.0
0.36328125,0.4048497676849365,256.0,0.7890625,0.65234375,0.92578125,0.5,2589,0.4470328390598297,256.0
0.357421875,0.3648175001144409,256.0,0.826171875,0.68359375,0.96875,0.5,2590,0.3784765601158142,256.0
0.33203125,0.4044450521469116,256.0,0.8046875,0.63671875,0.97265625,0.5,2591,0.41697436571121216,256.0
0.353515625,0.38586944341659546,256.0,0.841796875,0.6953125,0.98828125,0.5,2592,0.3548535406589508,256.0
0.345703125,0.4000791907310486,256.0,0.845703125,0.69140625,1.0,0.5,2593,0.36019742488861084,256.0
0.35546875,0.3944411873817444,256.0,0.828125,0.68359375,0.97265625,0.5,2594,0.39142316579818726,256.0
0.330078125,0.3970668911933899,256.0,0.798828125,0.62890625,0.96875,0.5,2595,0.4012962579727173,256.0
0.357421875,0.3990657925605774,256.0,0.802734375,0.66015625,0.9453125,0.5,2596,0.41590455174446106,256.0
0.33203125,0.40346968173980713,256.0,0.80859375,0.640625,0.9765625,0.5,2597,0.3984214961528778,256.0
0.388671875,0.37962251901626587,256.0,0.779296875,0.66796875,0.890625,0.5,2598,0.47372961044311523,256.0
0.330078125,0.4109852910041809,256.0,0.787109375,0.6171875,0.95703125,0.5,2599,0.425014853477478,256.0
0.373046875,0.3777042031288147,256.0,0.802734375,0.67578125,0.9296875,0.5,2600,0.40052077174186707,256.0
0.359375,0.3940260708332062,256.0,0.8203125,0.6796875,0.9609375,0.5,2601,0.4095967411994934,256.0
0.34375,0.42045724391937256,256.0,0.83203125,0.67578125,0.98828125,0.5,2602,0.38717901706695557,256.0
0.37890625,0.4222990870475769,256.0,0.8203125,0.69921875,0.94140625,0.5,2603,0.4049929976463318,256.0
0.330078125,0.4311896860599518,256.0,0.798828125,0.62890625,0.96875,0.5,2604,0.4129086136817932,256.0
0.357421875,0.4045441448688507,256.0,0.818359375,0.67578125,0.9609375,0.5,2605,0.3750366270542145,256.0
0.341796875,0.4217696189880371,256.0,0.802734375,0.64453125,0.9609375,0.5,2606,0.41748660802841187,256.0
0.3359375,0.4229307174682617,256.0,0.796875,0.6328125,0.9609375,0.5,2607,0.4107888638973236,256.0
0.337890625,0.40335994958877563,256.0,0.783203125,0.62109375,0.9453125,0.5,2608,0.4234335422515869,256.0
0.375,0.4036816954612732,256.0,0.84375,0.71875,0.96875,0.5,2609,0.3545090854167938,256.0
0.302734375,0.4430619180202484,256.0,0.802734375,0.60546875,1.0,0.5,2610,0.41592690348625183,256.0
0.345703125,0.4066160321235657,256.0,0.837890625,0.68359375,0.9921875,0.5,2611,0.3654631972312927,256.0
0.337890625,0.41614362597465515,256.0,0.818359375,0.65625,0.98046875,0.5,2612,0.3918280005455017,256.0
0.349609375,0.37248727679252625,256.0,0.837890625,0.6875,0.98828125,0.5,2613,0.343466192483902,256.0
0.365234375,0.39152491092681885,256.0,0.826171875,0.69140625,0.9609375,0.5,2614,0.3646278381347656,256.0
0.359375,0.4040869474411011,256.0,0.80078125,0.66015625,0.94140625,0.5,2615,0.4084548354148865,256.0
0.349609375,0.3974214494228363,256.0,0.837890625,0.6875,0.98828125,0.5,2616,0.35999396443367004,256.0
0.353515625,0.42348355054855347,256.0,0.794921875,0.6484375,0.94140625,0.5,2617,0.4145738482475281,256.0
0.35546875,0.414898157119751,256.0,0.83203125,0.6875,0.9765625,0.5,2618,0.388223260641098,256.0
0.3203125,0.4133698344230652,256.0,0.8125,0.6328125,0.9921875,0.5,2619,0.3947901129722595,256.0
0.35546875,0.4078337848186493,256.0,0.83984375,0.6953125,0.984375,0.5,2620,0.36924269795417786,256.0
0.369140625,0.39568567276000977,256.0,0.826171875,0.6953125,0.95703125,0.5,2621,0.3844810724258423,256.0
0.3515625,0.38777539134025574,256.0,0.8046875,0.65625,0.953125,0.5,2622,0.39657163619995117,256.0
0.373046875,0.3685016930103302,256.0,0.830078125,0.703125,0.95703125,0.5,2623,0.3743947148323059,256.0
0.353515625,0.373721182346344,256.0,0.806640625,0.66015625,0.953125,0.5,2624,0.39481309056282043,256.0
0.341796875,0.40317580103874207,256.0,0.775390625,0.6171875,0.93359375,0.5,2625,0.4344688057899475,256.0
0.365234375,0.3627106249332428,256.0,0.830078125,0.6953125,0.96484375,0.5,2626,0.3694111108779907,256.0
0.35546875,0.4040660262107849,256.0,0.828125,0.68359375,0.97265625,0.5,2627,0.3912399411201477,256.0
0.31640625,0.4222353398799896,256.0,0.80859375,0.625,0.9921875,0.5,2628,0.4158506989479065,256.0
0.341796875,0.3745061159133911,256.0,0.822265625,0.6640625,0.98046875,0.5,2629,0.37957489490509033,256.0
0.361328125,0.3864688575267792,256.0,0.826171875,0.6875,0.96484375,0.5,2630,0.3819535970687866,256.0
0.333984375,0.40681350231170654,256.0,0.810546875,0.64453125,0.9765625,0.5,2631,0.39261358976364136,256.0
0.330078125,0.40176403522491455,256.0,0.806640625,0.63671875,0.9765625,0.5,2632,0.39391928911209106,256.0
0.376953125,0.3717799186706543,256.0,0.822265625,0.69921875,0.9453125,0.5,2633,0.38666313886642456,256.0
0.373046875,0.3695181608200073,256.0,0.826171875,0.69921875,0.953125,0.5,2634,0.3659960627555847,256.0
0.365234375,0.3747060298919678,256.0,0.826171875,0.69140625,0.9609375,0.5,2635,0.383661687374115,256.0
0.3359375,0.4162534177303314,256.0,0.8359375,0.671875,1.0,0.5,2636,0.37482917308807373,256.0
0.34375,0.40626248717308044,256.0,0.83984375,0.68359375,0.99609375,0.5,2637,0.3712768256664276,256.0
0.328125,0.40635183453559875,256.0,0.8203125,0.6484375,0.9921875,0.5,2638,0.38833558559417725,256.0
0.34375,0.40135499835014343,256.0,0.8359375,0.6796875,0.9921875,0.5,2639,0.3716962933540344,256.0
0.369140625,0.3879276514053345,256.0,0.833984375,0.703125,0.96484375,0.5,2640,0.3690560460090637,256.0
0.37109375,0.39301440119743347,256.0,0.8203125,0.69140625,0.94921875,0.5,2641,0.421924352645874,256.0
0.357421875,0.38498950004577637,256.0,0.814453125,0.671875,0.95703125,0.5,2642,0.40010398626327515,256.0
0.361328125,0.37462732195854187,256.0,0.822265625,0.68359375,0.9609375,0.5,2643,0.3902336061000824,256.0
0.345703125,0.3735365867614746,256.0,0.810546875,0.65625,0.96484375,0.5,2644,0.3873378336429596,256.0
0.3203125,0.408820241689682,256.0,0.80078125,0.62109375,0.98046875,0.5,2645,0.4191071689128876,256.0
0.322265625,0.3963022828102112,256.0,0.822265625,0.64453125,1.0,0.5,2646,0.3846212923526764,256.0
0.322265625,0.38246482610702515,256.0,0.806640625,0.62890625,0.984375,0.5,2647,0.41239506006240845,256.0
0.349609375,0.35767725110054016,256.0,0.833984375,0.68359375,0.984375,0.5,2648,0.3586154580116272,256.0
0.34765625,0.3846343159675598,256.0,0.82421875,0.671875,0.9765625,0.5,2649,0.3688710927963257,256.0
0.341796875,0.3995831310749054,256.0,0.806640625,0.6484375,0.96484375,0.5,2650,0.40394818782806396,256.0
0.33984375,0.37171345949172974,256.0,0.8125,0.65234375,0.97265625,0.5,2651,0.38289499282836914,256.0
0.3359375,0.406326025724411,256.0,0.8203125,0.65625,0.984375,0.5,2652,0.38218793272972107,256.0
0.34375,0.3787890374660492,256.0,0.80859375,0.65234375,0.96484375,0.5,2653,0.3960123062133789,256.0
0.333984375,0.4143982231616974,256.0,0.814453125,0.6484375,0.98046875,0.5,2654,0.39100897312164307,256.0
0.328125,0.3924497365951538,256.0,0.828125,0.65625,1.0,0.5,2655,0.3645837903022766,256.0
0.3515625,0.369720995426178,256.0,0.8046875,0.65625,0.953125,0.5,2656,0.398818701505661,256.0
0.349609375,0.39916858077049255,256.0,0.833984375,0.68359375,0.984375,0.5,2657,0.36223888397216797,256.0
0.34765625,0.3691442608833313,256.0,0.81640625,0.6640625,0.96875,0.5,2658,0.3844936490058899,256.0
0.353515625,0.3905116319656372,256.0,0.806640625,0.66015625,0.953125,0.5,2659,0.3999231457710266,256.0
0.330078125,0.4183870851993561,256.0,0.822265625,0.65234375,0.9921875,0.5,2660,0.39098647236824036,256.0
0.3515625,0.37340235710144043,256.0,0.83984375,0.69140625,0.98828125,0.5,2661,0.3411228060722351,256.0
0.349609375,0.40362799167633057,256.0,0.810546875,0.66015625,0.9609375,0.5,2662,0.4135705828666687,256.0
0.32421875,0.41931748390197754,256.0,0.8125,0.63671875,0.98828125,0.5,2663,0.39623919129371643,256.0
0.33984375,0.38862869143486023,256.0,0.828125,0.66796875,0.98828125,0.5,2664,0.3644372820854187,256.0
0.3515625,0.384239137172699,256.0,0.81640625,0.66796875,0.96484375,0.5,2665,0.4005797505378723,256.0
0.365234375,0.3848516643047333,256.0,0.822265625,0.6875,0.95703125,0.5,2666,0.37160807847976685,256.0
0.341796875,0.38459402322769165,256.0,0.818359375,0.66015625,0.9765625,0.5,2667,0.3985196352005005,256.0
0.375,0.3509177565574646,256.0,0.828125,0.703125,0.953125,0.5,2668,0.3705514669418335,256.0
0.357421875,0.37797677516937256,256.0,0.826171875,0.68359375,0.96875,0.5,2669,0.36050090193748474,256.0
0.357421875,0.37051743268966675,256.0,0.849609375,0.70703125,0.9921875,0.5,2670,0.3354310095310211,256.0
0.30859375,0.4179672300815582,256.0,0.7890625,0.59765625,0.98046875,0.5,2671,0.45107248425483704,256.0
0.337890625,0.4192090332508087,256.0,0.830078125,0.66796875,0.9921875,0.5,2672,0.3886580467224121,256.0
0.361328125,0.3516410291194916,256.0,0.830078125,0.69140625,0.96875,0.5,2673,0.35818392038345337,256.0
0.37109375,0.3917511999607086,256.0,0.8359375,0.70703125,0.96484375,0.5,2674,0.3646831512451172,256.0
0.408203125,0.3801814317703247,256.0,0.783203125,0.69140625,0.875,0.5,2675,0.4602910280227661,256.0
0.33203125,0.3824458420276642,256.0,0.7890625,0.62109375,0.95703125,0.5,2676,0.43037742376327515,256.0
0.384765625,0.3713788390159607,256.0,0.794921875,0.6796875,0.91015625,0.5,2677,0.4233906865119934,256.0
0.322265625,0.4005569815635681,256.0,0.818359375,0.640625,0.99609375,0.5,2678,0.385353684425354,256.0
0.345703125,0.3927451968193054,256.0,0.783203125,0.62890625,0.9375,0.5,2679,0.4187713861465454,256.0
0.333984375,0.4152281880378723,256.0,0.810546875,0.64453125,0.9765625,0.5,2680,0.3993263840675354,256.0
0.3046875,0.4304507374763489,256.0,0.80078125,0.60546875,0.99609375,0.5,2681,0.4146276116371155,256.0
0.326171875,0.40320301055908203,256.0,0.798828125,0.625,0.97265625,0.5,2682,0.42376941442489624,256.0
0.37890625,0.3772467076778412,256.0,0.83203125,0.7109375,0.953125,0.5,2683,0.3617030382156372,256.0
0.330078125,0.4133620262145996,256.0,0.798828125,0.62890625,0.96875,0.5,2684,0.39895695447921753,256.0
0.3671875,0.402072548866272,256.0,0.828125,0.6953125,0.9609375,0.5,2685,0.3878052532672882,256.0
0.384765625,0.3938341438770294,256.0,0.830078125,0.71484375,0.9453125,0.5,2686,0.37105774879455566,256.0
0.341796875,0.4231546223163605,256.0,0.806640625,0.6484375,0.96484375,0.5,2687,0.3968527019023895,256.0
0.328125,0.4102221727371216,256.0,0.82421875,0.65234375,0.99609375,0.5,2688,0.3758472800254822,256.0
0.349609375,0.4070488512516022,256.0,0.822265625,0.671875,0.97265625,0.5,2689,0.3920813798904419,256.0
0.33984375,0.4052772521972656,256.0,0.83984375,0.6796875,1.0,0.5,2690,0.36146488785743713,256.0
0.326171875,0.4300425052642822,256.0,0.783203125,0.609375,0.95703125,0.5,2691,0.43102946877479553,256.0
0.361328125,0.3825418949127197,256.0,0.810546875,0.671875,0.94921875,0.5,2692,0.3778645098209381,256.0
0.326171875,0.38859978318214417,256.0,0.806640625,0.6328125,0.98046875,0.5,2693,0.3930085301399231,256.0
0.341796875,0.40490853786468506,256.0,0.818359375,0.66015625,0.9765625,0.5,2694,0.3859839141368866,256.0
0.359375,0.41098934412002563,256.0,0.82421875,0.68359375,0.96484375,0.5,2695,0.3763728737831116,256.0
0.380859375,0.3832235336303711,256.0,0.818359375,0.69921875,0.9375,0.5,2696,0.36700376868247986,256.0
0.3203125,0.4053046703338623,256.0,0.7890625,0.609375,0.96875,0.5,2697,0.4296031892299652,256.0
0.34765625,0.40601933002471924,256.0,0.83203125,0.6796875,0.984375,0.5,2698,0.38179177045822144,256.0
0.361328125,0.3978832960128784,256.0,0.849609375,0.7109375,0.98828125,0.5,2699,0.3522526025772095,256.0
0.37890625,0.3622298538684845,256.0,0.8046875,0.68359375,0.92578125,0.5,2700,0.43625253438949585,256.0
0.37890625,0.3739038109779358,256.0,0.8515625,0.73046875,0.97265625,0.5,2701,0.33696478605270386,256.0
0.34375,0.39657899737358093,256.0,0.8203125,0.6640625,0.9765625,0.5,2702,0.3865855634212494,256.0
0.369140625,0.3671942949295044,256.0,0.783203125,0.65234375,0.9140625,0.5,2703,0.43371254205703735,256.0
0.3359375,0.3829837143421173,256.0,0.80859375,0.64453125,0.97265625,0.5,2704,0.38993039727211,256.0
0.359375,0.3624090254306793,256.0,0.796875,0.65625,0.9375,0.5,2705,0.4145123362541199,256.0
0.32421875,0.3927627503871918,256.0,0.8203125,0.64453125,0.99609375,0.5,2706,0.396848201751709,256.0
0.326171875,0.409020334482193,256.0,0.818359375,0.64453125,0.9921875,0.5,2707,0.39066922664642334,256.0
0.3515625,0.38476404547691345,256.0,0.828125,0.6796875,0.9765625,0.5,2708,0.3716853857040405,256.0
0.3359375,0.3942607045173645,256.0,0.80859375,0.64453125,0.97265625,0.5,2709,0.39163321256637573,256.0
0.34375,0.38375264406204224,256.0,0.796875,0.640625,0.953125,0.5,2710,0.3925859332084656,256.0
0.365234375,0.39588066935539246,256.0,0.818359375,0.68359375,0.953125,0.5,2711,0.3898979425430298,256.0
0.37109375,0.38826054334640503,256.0,0.7890625,0.66015625,0.91796875,0.5,2712,0.43072861433029175,256.0
0.349609375,0.38905251026153564,256.0,0.833984375,0.68359375,0.984375,0.5,2713,0.3688732385635376,256.0
0.349609375,0.38929104804992676,256.0,0.810546875,0.66015625,0.9609375,0.5,2714,0.4071555733680725,256.0
0.330078125,0.4182131290435791,256.0,0.822265625,0.65234375,0.9921875,0.5,2715,0.39408373832702637,256.0
0.341796875,0.4213898777961731,256.0,0.841796875,0.68359375,1.0,0.5,2716,0.3807429373264313,256.0
0.33203125,0.40098583698272705,256.0,0.8203125,0.65234375,0.98828125,0.5,2717,0.3780696392059326,256.0
0.333984375,0.40587180852890015,256.0,0.830078125,0.6640625,0.99609375,0.5,2718,0.3685818910598755,256.0
0.341796875,0.39072883129119873,256.0,0.841796875,0.68359375,1.0,0.5,2719,0.3621278405189514,256.0
0.3515625,0.4265385568141937,256.0,0.81640625,0.66796875,0.96484375,0.5,2720,0.39481401443481445,256.0
0.369140625,0.3747802972793579,256.0,0.791015625,0.66015625,0.921875,0.5,2721,0.4192808270454407,256.0
0.3515625,0.39770036935806274,256.0,0.796875,0.6484375,0.9453125,0.5,2722,0.40277308225631714,256.0
0.369140625,0.38216960430145264,256.0,0.810546875,0.6796875,0.94140625,0.5,2723,0.38828372955322266,256.0
0.353515625,0.388714462518692,256.0,0.833984375,0.6875,0.98046875,0.5,2724,0.3588906526565552,256.0
0.333984375,0.40577995777130127,256.0,0.826171875,0.66015625,0.9921875,0.5,2725,0.3769747316837311,256.0
0.3359375,0.3980116546154022,256.0,0.8203125,0.65625,0.984375,0.5,2726,0.394367516040802,256.0
0.357421875,0.3640401363372803,256.0,0.822265625,0.6796875,0.96484375,0.5,2727,0.3683285117149353,256.0
0.376953125,0.3669774830341339,256.0,0.826171875,0.703125,0.94921875,0.5,2728,0.39669692516326904,256.0
0.33984375,0.39704975485801697,256.0,0.83203125,0.671875,0.9921875,0.5,2729,0.37317952513694763,256.0
0.337890625,0.37099939584732056,256.0,0.767578125,0.60546875,0.9296875,0.5,2730,0.4523375630378723,256.0
0.349609375,0.38920891284942627,256.0,0.810546875,0.66015625,0.9609375,0.5,2731,0.40530142188072205,256.0
0.34765625,0.39360153675079346,256.0,0.8359375,0.68359375,0.98828125,0.5,2732,0.3612040579319,256.0
0.34375,0.4043591022491455,256.0,0.828125,0.671875,0.984375,0.5,2733,0.3856858015060425,256.0
0.333984375,0.40326136350631714,256.0,0.826171875,0.66015625,0.9921875,0.5,2734,0.37353166937828064,256.0
0.369140625,0.39194315671920776,256.0,0.806640625,0.67578125,0.9375,0.5,2735,0.40722230076789856,256.0
0.34375,0.3902442157268524,256.0,0.828125,0.671875,0.984375,0.5,2736,0.36430755257606506,256.0
0.34765625,0.3831976056098938,256.0,0.82421875,0.671875,0.9765625,0.5,2737,0.36999383568763733,256.0
0.380859375,0.37139248847961426,256.0,0.818359375,0.69921875,0.9375,0.5,2738,0.3866959810256958,256.0
0.330078125,0.38657093048095703,256.0,0.810546875,0.640625,0.98046875,0.5,2739,0.38373449444770813,256.0
0.34375,0.4124533534049988,256.0,0.81640625,0.66015625,0.97265625,0.5,2740,0.3970238268375397,256.0
0.31640625,0.4203535318374634,256.0,0.8125,0.62890625,0.99609375,0.5,2741,0.3971763253211975,256.0
0.34765625,0.40953531861305237,256.0,0.84375,0.69140625,0.99609375,0.5,2742,0.36802682280540466,256.0
0.3359375,0.4009260833263397,256.0,0.8359375,0.671875,1.0,0.5,2743,0.36380547285079956,256.0
0.337890625,0.41726604104042053,256.0,0.822265625,0.66015625,0.984375,0.5,2744,0.3852408528327942,256.0
0.326171875,0.3931346833705902,256.0,0.822265625,0.6484375,0.99609375,0.5,2745,0.37081804871559143,256.0
0.359375,0.3780878782272339,256.0,0.84375,0.703125,0.984375,0.5,2746,0.34222280979156494,256.0
0.38671875,0.3579823076725006,256.0,0.80078125,0.6875,0.9140625,0.5,2747,0.4312340021133423,256.0
0.345703125,0.3759879469871521,256.0,0.837890625,0.68359375,0.9921875,0.5,2748,0.35229766368865967,256.0
0.349609375,0.3725917637348175,256.0,0.849609375,0.69921875,1.0,0.5,2749,0.33827319741249084,256.0
0.33984375,0.40174350142478943,256.0,0.8203125,0.66015625,0.98046875,0.5,2750,0.3854110836982727,256.0
0.341796875,0.38094764947891235,256.0,0.822265625,0.6640625,0.98046875,0.5,2751,0.38945674896240234,256.0
0.361328125,0.3637927770614624,256.0,0.849609375,0.7109375,0.98828125,0.5,2752,0.34832754731178284,256.0
0.34375,0.40302759408950806,256.0,0.80859375,0.65234375,0.96484375,0.5,2753,0.3995198607444763,256.0
0.337890625,0.39925262331962585,256.0,0.802734375,0.640625,0.96484375,0.5,2754,0.3972407877445221,256.0
0.3515625,0.37523341178894043,256.0,0.8125,0.6640625,0.9609375,0.5,2755,0.3967043459415436,256.0
0.34375,0.36190730333328247,256.0,0.8125,0.65625,0.96875,0.5,2756,0.3817982077598572,256.0
0.365234375,0.3503950536251068,256.0,0.841796875,0.70703125,0.9765625,0.5,2757,0.35152119398117065,256.0
0.3671875,0.3729479908943176,256.0,0.86328125,0.73046875,0.99609375,0.5,2758,0.32734495401382446,256.0
0.33984375,0.3749160170555115,256.0,0.8125,0.65234375,0.97265625,0.5,2759,0.4136280417442322,256.0
0.326171875,0.4087313413619995,256.0,0.822265625,0.6484375,0.99609375,0.5,2760,0.3904191255569458,256.0
0.3515625,0.38124674558639526,256.0,0.80859375,0.66015625,0.95703125,0.5,2761,0.38665273785591125,256.0
0.34765625,0.34801381826400757,256.0,0.8203125,0.66796875,0.97265625,0.5,2762,0.3735937178134918,256.0
0.365234375,0.3618254065513611,256.0,0.833984375,0.69921875,0.96875,0.5,2763,0.3433505892753601,256.0
0.37109375,0.3685097396373749,256.0,0.84375,0.71484375,0.97265625,0.5,2764,0.3785563111305237,256.0
0.369140625,0.37400001287460327,256.0,0.802734375,0.671875,0.93359375,0.5,2765,0.4312489628791809,256.0
0.35546875,0.3911122679710388,256.0,0.8125,0.66796875,0.95703125,0.5,2766,0.3860154151916504,256.0
0.33984375,0.40293195843696594,256.0,0.82421875,0.6640625,0.984375,0.5,2767,0.380062460899353,256.0
0.3359375,0.41673749685287476,256.0,0.81640625,0.65234375,0.98046875,0.5,2768,0.40608373284339905,256.0
0.333984375,0.3957092761993408,256.0,0.833984375,0.66796875,1.0,0.5,2769,0.361153244972229,256.0
0.314453125,0.40381208062171936,256.0,0.794921875,0.609375,0.98046875,0.5,2770,0.4052908718585968,256.0
0.3359375,0.4146815538406372,256.0,0.83203125,0.66796875,0.99609375,0.5,2771,0.37461400032043457,256.0
0.32421875,0.3770175874233246,256.0,0.8046875,0.62890625,0.98046875,0.5,2772,0.3719070851802826,256.0
0.390625,0.3750897943973541,256.0,0.8203125,0.7109375,0.9296875,0.5,2773,0.38465434312820435,256.0
0.361328125,0.37921983003616333,256.0,0.837890625,0.69921875,0.9765625,0.5,2774,0.3605808615684509,256.0
0.3515625,0.3908587098121643,256.0,0.828125,0.6796875,0.9765625,0.5,2775,0.367374449968338,256.0
0.3359375,0.39998751878738403,256.0,0.82421875,0.66015625,0.98828125,0.5,2776,0.37326207756996155,256.0
0.349609375,0.3851216435432434,256.0,0.849609375,0.69921875,1.0,0.5,2777,0.3415573835372925,256.0
0.3359375,0.4121336042881012,256.0,0.8359375,0.671875,1.0,0.5,2778,0.37163645029067993,256.0
0.34375,0.38437798619270325,256.0,0.78515625,0.62890625,0.94140625,0.5,2779,0.4362037479877472,256.0
0.375,0.3937898874282837,256.0,0.84375,0.71875,0.96875,0.5,2780,0.3485068082809448,256.0
0.36328125,0.3803560137748718,256.0,0.8515625,0.71484375,0.98828125,0.5,2781,0.34049877524375916,256.0
0.361328125,0.3867136836051941,256.0,0.818359375,0.6796875,0.95703125,0.5,2782,0.38677528500556946,256.0
0.337890625,0.3907557725906372,256.0,0.826171875,0.6640625,0.98828125,0.5,2783,0.37849161028862,256.0
0.36328125,0.37539657950401306,256.0,0.81640625,0.6796875,0.953125,0.5,2784,0.4294421076774597,256.0
0.353515625,0.3859868049621582,256.0,0.826171875,0.6796875,0.97265625,0.5,2785,0.38664665818214417,256.0
0.306640625,0.3945808410644531,256.0,0.767578125,0.57421875,0.9609375,0.5,2786,0.47307759523391724,256.0
0.318359375,0.38832294940948486,256.0,0.806640625,0.625,0.98828125,0.5,2787,0.3971567451953888,256.0
0.33203125,0.385476291179657,256.0,0.81640625,0.6484375,0.984375,0.5,2788,0.39140012860298157,256.0
0.32421875,0.38909247517585754,256.0,0.78515625,0.609375,0.9609375,0.5,2789,0.4519563913345337,256.0
0.30859375,0.40880313515663147,256.0,0.80078125,0.609375,0.9921875,0.5,2790,0.41122889518737793,256.0
0.35546875,0.36492443084716797,256.0,0.80859375,0.6640625,0.953125,0.5,2791,0.40552762150764465,256.0
0.357421875,0.39017370343208313,256.0,0.845703125,0.703125,0.98828125,0.5,2792,0.34987741708755493,256.0
0.34765625,0.3610653877258301,256.0,0.82421875,0.671875,0.9765625,0.5,2793,0.36704009771347046,256.0
0.3515625,0.39725130796432495,256.0,0.8203125,0.671875,0.96875,0.5,2794,0.3849644660949707,256.0
0.35546875,0.39497166872024536,256.0,0.828125,0.68359375,0.97265625,0.5,2795,0.40439194440841675,256.0
0.3203125,0.4143639802932739,256.0,0.8125,0.6328125,0.9921875,0.5,2796,0.3942449688911438,256.0
0.345703125,0.435422420501709,256.0,0.810546875,0.65625,0.96484375,0.5,2797,0.4190055727958679,256.0
0.34375,0.38611602783203125,256.0,0.8125,0.65625,0.96875,0.5,2798,0.3726169466972351,256.0
0.369140625,0.3898099660873413,256.0,0.810546875,0.6796875,0.94140625,0.5,2799,0.38201671838760376,256.0
0.3359375,0.4115927219390869,256.0,0.7578125,0.59375,0.921875,0.5,2800,0.4429328143596649,256.0
0.345703125,0.39111077785491943,256.0,0.826171875,0.671875,0.98046875,0.5,2801,0.3658871054649353,256.0
0.349609375,0.39145997166633606,256.0,0.814453125,0.6640625,0.96484375,0.5,2802,0.3917946219444275,256.0
0.361328125,0.40283218026161194,256.0,0.833984375,0.6953125,0.97265625,0.5,2803,0.39047738909721375,256.0
0.333984375,0.40403980016708374,256.0,0.833984375,0.66796875,1.0,0.5,2804,0.3718646764755249,256.0
0.33984375,0.3996172547340393,256.0,0.81640625,0.65625,0.9765625,0.5,2805,0.3946865200996399,256.0
0.337890625,0.4000014364719391,256.0,0.814453125,0.65234375,0.9765625,0.5,2806,0.38958966732025146,256.0
0.361328125,0.3759957253932953,256.0,0.818359375,0.6796875,0.95703125,0.5,2807,0.40038856863975525,256.0
0.3203125,0.38721269369125366,256.0,0.80078125,0.62109375,0.98046875,0.5,2808,0.39690250158309937,256.0
0.357421875,0.36810916662216187,256.0,0.771484375,0.62890625,0.9140625,0.5,2809,0.4989854693412781,256.0
0.33203125,0.3804515302181244,256.0,0.8203125,0.65234375,0.98828125,0.5,2810,0.38036954402923584,256.0
0.345703125,0.37669920921325684,256.0,0.814453125,0.66015625,0.96875,0.5,2811,0.3979179263114929,256.0
0.3671875,0.38593360781669617,256.0,0.81640625,0.68359375,0.94921875,0.5,2812,0.4171523451805115,256.0
0.30859375,0.4117850065231323,256.0,0.80078125,0.609375,0.9921875,0.5,2813,0.44463324546813965,256.0
0.359375,0.4039226174354553,256.0,0.83984375,0.69921875,0.98046875,0.5,2814,0.36892184615135193,256.0
0.306640625,0.41483354568481445,256.0,0.802734375,0.609375,0.99609375,0.5,2815,0.400199294090271,256.0
0.359375,0.3770206570625305,256.0,0.8359375,0.6953125,0.9765625,0.5,2816,0.3642570972442627,256.0
0.349609375,0.3989051878452301,256.0,0.802734375,0.65234375,0.953125,0.5,2817,0.41852042078971863,256.0
0.345703125,0.38757410645484924,256.0,0.822265625,0.66796875,0.9765625,0.5,2818,0.3685428500175476,256.0
0.37109375,0.41491666436195374,256.0,0.796875,0.66796875,0.92578125,0.5,2819,0.4450066387653351,256.0
0.365234375,0.3924318850040436,256.0,0.783203125,0.6484375,0.91796875,0.5,2820,0.5236499905586243,256.0
0.337890625,0.417919397354126,256.0,0.826171875,0.6640625,0.98828125,0.5,2821,0.3811180293560028,256.0
0.357421875,0.4237644076347351,256.0,0.857421875,0.71484375,1.0,0.5,2822,0.35590988397598267,256.0
0.390625,0.36823517084121704,256.0,0.77734375,0.66796875,0.88671875,0.5,2823,0.43607598543167114,256.0
0.3203125,0.4102391302585602,256.0,0.80859375,0.62890625,0.98828125,0.5,2824,0.39682862162590027,256.0
0.357421875,0.3809428811073303,256.0,0.822265625,0.6796875,0.96484375,0.5,2825,0.3862819969654083,256.0
0.361328125,0.3865664005279541,256.0,0.814453125,0.67578125,0.953125,0.5,2826,0.43317773938179016,256.0
0.333984375,0.3907240033149719,256.0,0.806640625,0.640625,0.97265625,0.5,2827,0.39813414216041565,256.0
0.37109375,0.39062830805778503,256.0,0.83984375,0.7109375,0.96875,0.5,2828,0.35495126247406006,256.0
0.33203125,0.41765400767326355,256.0,0.8203125,0.65234375,0.98828125,0.5,2829,0.38821399211883545,256.0
0.322265625,0.41127899289131165,256.0,0.822265625,0.64453125,1.0,0.5,2830,0.3817318081855774,256.0
0.34765625,0.39158183336257935,256.0,0.83203125,0.6796875,0.984375,0.5,2831,0.3658023178577423,256.0
0.337890625,0.389055073261261,256.0,0.802734375,0.640625,0.96484375,0.5,2832,0.3994346857070923,256.0
0.38671875,0.39496731758117676,256.0,0.78125,0.66796875,0.89453125,0.5,2833,0.41651612520217896,256.0
0.3515625,0.41599488258361816,256.0,0.7890625,0.640625,0.9375,0.5,2834,0.452958881855011,256.0
0.416015625,0.36762815713882446,256.0,0.783203125,0.69921875,0.8671875,0.5,2835,0.4396379590034485,256.0
0.337890625,0.3878965675830841,256.0,0.794921875,0.6328125,0.95703125,0.5,2836,0.45574498176574707,256.0
0.314453125,0.42066383361816406,256.0,0.798828125,0.61328125,0.984375,0.5,2837,0.44095948338508606,256.0
0.298828125,0.4379230737686157,256.0,0.791015625,0.58984375,0.9921875,0.5,2838,0.4289044439792633,256.0
0.31640625,0.4348926246166229,256.0,0.8046875,0.62109375,0.98828125,0.5,2839,0.41919180750846863,256.0
0.3671875,0.42263635993003845,256.0,0.84765625,0.71484375,0.98046875,0.5,2840,0.3686859607696533,256.0
0.384765625,0.3886997103691101,256.0,0.833984375,0.71875,0.94921875,0.5,2841,0.38500329852104187,256.0
0.375,0.40310025215148926,256.0,0.8046875,0.6796875,0.9296875,0.5,2842,0.4140036106109619,256.0
0.33984375,0.39996224641799927,256.0,0.8203125,0.66015625,0.98046875,0.5,2843,0.3725740611553192,256.0
0.361328125,0.3954191207885742,256.0,0.791015625,0.65234375,0.9296875,0.5,2844,0.43809518218040466,256.0
0.341796875,0.42333677411079407,256.0,0.787109375,0.62890625,0.9453125,0.5,2845,0.44451379776000977,256.0
0.376953125,0.3906899690628052,256.0,0.818359375,0.6953125,0.94140625,0.5,2846,0.4551795721054077,256.0
0.345703125,0.41547319293022156,256.0,0.837890625,0.68359375,0.9921875,0.5,2847,0.37079960107803345,256.0
0.322265625,0.4338848292827606,256.0,0.822265625,0.64453125,1.0,0.5,2848,0.3931635916233063,256.0
0.314453125,0.41817575693130493,256.0,0.779296875,0.59375,0.96484375,0.5,2849,0.46196648478507996,256.0
0.32421875,0.4019380807876587,256.0,0.74609375,0.5703125,0.921875,0.5,2850,0.5212855935096741,256.0
0.3125,0.408236026763916,256.0,0.79296875,0.60546875,0.98046875,0.5,2851,0.41837531328201294,256.0
0.326171875,0.4199506640434265,256.0,0.798828125,0.625,0.97265625,0.5,2852,0.4137299060821533,256.0
0.390625,0.38151171803474426,256.0,0.8125,0.703125,0.921875,0.5,2853,0.4196354150772095,256.0
0.392578125,0.38512787222862244,256.0,0.814453125,0.70703125,0.921875,0.5,2854,0.40025797486305237,256.0
0.33203125,0.4294682443141937,256.0,0.81640625,0.6484375,0.984375,0.5,2855,0.40128374099731445,256.0
0.353515625,0.41333603858947754,256.0,0.845703125,0.69921875,0.9921875,0.5,2856,0.37302905321121216,256.0
0.32421875,0.41270911693573,256.0,0.80859375,0.6328125,0.984375,0.5,2857,0.39926841855049133,256.0
0.36328125,0.4056985080242157,256.0,0.8046875,0.66796875,0.94140625,0.5,2858,0.41749218106269836,256.0
0.365234375,0.4087028503417969,256.0,0.814453125,0.6796875,0.94921875,0.5,2859,0.40954288840293884,256.0
0.341796875,0.41399380564689636,256.0,0.794921875,0.63671875,0.953125,0.5,2860,0.4339936077594757,256.0
0.39453125,0.39461749792099,256.0,0.765625,0.66015625,0.87109375,0.5,2861,0.46622854471206665,256.0
0.369140625,0.398290753364563,256.0,0.787109375,0.65625,0.91796875,0.5,2862,0.46687549352645874,256.0
0.33984375,0.41282525658607483,256.0,0.78125,0.62109375,0.94140625,0.5,2863,0.4381023645401001,256.0
0.341796875,0.38818591833114624,256.0,0.806640625,0.6484375,0.96484375,0.5,2864,0.39023807644844055,256.0
0.328125,0.4249768853187561,256.0,0.8203125,0.6484375,0.9921875,0.5,2865,0.39580610394477844,256.0
0.34765625,0.4331396222114563,256.0,0.81640625,0.6640625,0.96875,0.5,2866,0.41314929723739624,256.0
0.318359375,0.4451507329940796,256.0,0.794921875,0.61328125,0.9765625,0.5,2867,0.42725253105163574,256.0
0.369140625,0.4229075610637665,256.0,0.845703125,0.71484375,0.9765625,0.5,2868,0.37297964096069336,256.0
0.341796875,0.43034785985946655,256.0,0.814453125,0.65625,0.97265625,0.5,2869,0.39228522777557373,256.0
0.39453125,0.4135446548461914,256.0,0.796875,0.69140625,0.90234375,0.5,2870,0.42172935605049133,256.0
0.369140625,0.41762205958366394,256.0,0.783203125,0.65234375,0.9140625,0.5,2871,0.44394248723983765,256.0
0.361328125,0.4076509475708008,256.0,0.814453125,0.67578125,0.953125,0.5,2872,0.3895556628704071,256.0
0.35546875,0.4355567395687103,256.0,0.81640625,0.671875,0.9609375,0.5,2873,0.41213083267211914,256.0
0.341796875,0.44130173325538635,256.0,0.818359375,0.66015625,0.9765625,0.5,2874,0.410361111164093,256.0
0.34375,0.4299987256526947,256.0,0.79296875,0.63671875,0.94921875,0.5,2875,0.42566385865211487,256.0
0.322265625,0.42365357279777527,256.0,0.798828125,0.62109375,0.9765625,0.5,2876,0.41424912214279175,256.0
0.337890625,0.4133528172969818,256.0,0.822265625,0.66015625,0.984375,0.5,2877,0.3855324387550354,256.0
0.322265625,0.42769676446914673,256.0,0.791015625,0.61328125,0.96875,0.5,2878,0.4373403787612915,256.0
0.357421875,0.39935535192489624,256.0,0.775390625,0.6328125,0.91796875,0.5,2879,0.43245023488998413,256.0
0.349609375,0.39808574318885803,256.0,0.818359375,0.66796875,0.96875,0.5,2880,0.3977648615837097,256.0
0.37890625,0.3686583936214447,256.0,0.83984375,0.71875,0.9609375,0.5,2881,0.36020973324775696,256.0
0.337890625,0.40468716621398926,256.0,0.833984375,0.671875,0.99609375,0.5,2882,0.36956554651260376,256.0
0.353515625,0.3993789851665497,256.0,0.826171875,0.6796875,0.97265625,0.5,2883,0.3792301416397095,256.0
0.337890625,0.3892042338848114,256.0,0.818359375,0.65625,0.98046875,0.5,2884,0.3998880684375763,256.0
0.328125,0.4056733250617981,256.0,0.8046875,0.6328125,0.9765625,0.5,2885,0.40711304545402527,256.0
0.33984375,0.3819811940193176,256.0,0.82421875,0.6640625,0.984375,0.5,2886,0.37996000051498413,256.0
0.361328125,0.3797758221626282,256.0,0.783203125,0.64453125,0.921875,0.5,2887,0.47637268900871277,256.0
0.375,0.38742104172706604,256.0,0.8125,0.6875,0.9375,0.5,2888,0.4059464931488037,256.0
0.3515625,0.38227492570877075,256.0,0.8359375,0.6875,0.984375,0.5,2889,0.3695519268512726,256.0
0.337890625,0.3811699450016022,256.0,0.830078125,0.66796875,0.9921875,0.5,2890,0.36068710684776306,256.0
0.318359375,0.42592382431030273,256.0,0.814453125,0.6328125,0.99609375,0.5,2891,0.4121570289134979,256.0
0.37109375,0.39297595620155334,256.0,0.84375,0.71484375,0.97265625,0.5,2892,0.3733484148979187,256.0
0.328125,0.39857208728790283,256.0,0.81640625,0.64453125,0.98828125,0.5,2893,0.41982555389404297,256.0
0.37109375,0.38060057163238525,256.0,0.81640625,0.6875,0.9453125,0.5,2894,0.41158509254455566,256.0
0.35546875,0.39326298236846924,256.0,0.828125,0.68359375,0.97265625,0.5,2895,0.37786856293678284,256.0
0.40234375,0.362249493598938,256.0,0.796875,0.69921875,0.89453125,0.5,2896,0.46191591024398804,256.0
0.384765625,0.3741241991519928,256.0,0.779296875,0.6640625,0.89453125,0.5,2897,0.45654869079589844,256.0
0.369140625,0.39412713050842285,256.0,0.802734375,0.671875,0.93359375,0.5,2898,0.44804325699806213,256.0
0.359375,0.3946625292301178,256.0,0.78515625,0.64453125,0.92578125,0.5,2899,0.44844138622283936,256.0
0.32421875,0.4268491864204407,256.0,0.82421875,0.6484375,1.0,0.5,2900,0.39271315932273865,256.0
0.341796875,0.40395256876945496,256.0,0.783203125,0.625,0.94140625,0.5,2901,0.4586940109729767,256.0
0.33984375,0.4163361191749573,256.0,0.828125,0.66796875,0.98828125,0.5,2902,0.4125286042690277,256.0
0.333984375,0.4265718460083008,256.0,0.794921875,0.62890625,0.9609375,0.5,2903,0.44014227390289307,256.0
0.3515625,0.4270193576812744,256.0,0.83203125,0.68359375,0.98046875,0.5,2904,0.38294386863708496,256.0
0.392578125,0.36238086223602295,256.0,0.767578125,0.66015625,0.875,0.5,2905,0.4829409420490265,256.0
0.345703125,0.41364896297454834,256.0,0.763671875,0.609375,0.91796875,0.5,2906,0.4735214412212372,256.0
0.359375,0.41036999225616455,256.0,0.80859375,0.66796875,0.94921875,0.5,2907,0.4128110408782959,256.0
0.353515625,0.4147217273712158,256.0,0.802734375,0.65625,0.94921875,0.5,2908,0.42078259587287903,256.0
0.376953125,0.4289357662200928,256.0,0.837890625,0.71484375,0.9609375,0.5,2909,0.3803154230117798,256.0
0.32421875,0.43509507179260254,256.0,0.8203125,0.64453125,0.99609375,0.5,2910,0.39591774344444275,256.0
0.34765625,0.43615174293518066,256.0,0.8203125,0.66796875,0.97265625,0.5,2911,0.4057213068008423,256.0
0.337890625,0.453131765127182,256.0,0.814453125,0.65234375,0.9765625,0.5,2912,0.40651625394821167,256.0
0.3203125,0.4365197718143463,256.0,0.796875,0.6171875,0.9765625,0.5,2913,0.4256451725959778,256.0
0.349609375,0.42516958713531494,256.0,0.810546875,0.66015625,0.9609375,0.5,2914,0.40002623200416565,256.0
0.3671875,0.42583003640174866,256.0,0.8359375,0.703125,0.96875,0.5,2915,0.37798261642456055,256.0
0.369140625,0.40272051095962524,256.0,0.841796875,0.7109375,0.97265625,0.5,2916,0.373355507850647,256.0
0.3515625,0.42278146743774414,256.0,0.83203125,0.68359375,0.98046875,0.5,2917,0.3862569034099579,256.0
0.365234375,0.3968154191970825,256.0,0.826171875,0.69140625,0.9609375,0.5,2918,0.39558953046798706,256.0
0.326171875,0.42371606826782227,256.0,0.822265625,0.6484375,0.99609375,0.5,2919,0.3898719549179077,256.0
0.33984375,0.4198838770389557,256.0,0.8125,0.65234375,0.97265625,0.5,2920,0.41452428698539734,256.0
0.345703125,0.41010111570358276,256.0,0.826171875,0.671875,0.98046875,0.5,2921,0.3826937675476074,256.0
0.35546875,0.39274829626083374,256.0,0.8359375,0.69140625,0.98046875,0.5,2922,0.3634251058101654,256.0
0.35546875,0.38148245215415955,256.0,0.80078125,0.65625,0.9453125,0.5,2923,0.40605443716049194,256.0
0.33203125,0.4020378589630127,256.0,0.8203125,0.65234375,0.98828125,0.5,2924,0.3860263228416443,256.0
0.34375,0.3965126872062683,256.0,0.81640625,0.66015625,0.97265625,0.5,2925,0.39210012555122375,256.0
0.337890625,0.4048950672149658,256.0,0.822265625,0.66015625,0.984375,0.5,2926,0.39775773882865906,256.0
0.33984375,0.39530494809150696,256.0,0.8046875,0.64453125,0.96484375,0.5,2927,0.42235440015792847,256.0
0.318359375,0.4121702313423157,256.0,0.802734375,0.62109375,0.984375,0.5,2928,0.40822315216064453,256.0
0.318359375,0.41090816259384155,256.0,0.775390625,0.59375,0.95703125,0.5,2929,0.45668745040893555,256.0
0.341796875,0.40092355012893677,256.0,0.826171875,0.66796875,0.984375,0.5,2930,0.38234877586364746,256.0
0.3828125,0.3835425078868866,256.0,0.8515625,0.734375,0.96875,0.5,2931,0.3517568111419678,256.0
0.380859375,0.3672405481338501,256.0,0.806640625,0.6875,0.92578125,0.5,2932,0.40452060103416443,256.0
0.3515625,0.38441357016563416,256.0,0.83984375,0.69140625,0.98828125,0.5,2933,0.35490289330482483,256.0
0.35546875,0.38961586356163025,256.0,0.83984375,0.6953125,0.984375,0.5,2934,0.36127525568008423,256.0
0.3515625,0.4113811254501343,256.0,0.8359375,0.6875,0.984375,0.5,2935,0.38001734018325806,256.0
0.3359375,0.39785659313201904,256.0,0.8359375,0.671875,1.0,0.5,2936,0.3733096420764923,256.0
0.31640625,0.4096563458442688,256.0,0.80859375,0.625,0.9921875,0.5,2937,0.40321072936058044,256.0
0.345703125,0.4164358079433441,256.0,0.837890625,0.68359375,0.9921875,0.5,2938,0.37625566124916077,256.0
0.330078125,0.40273287892341614,256.0,0.810546875,0.640625,0.98046875,0.5,2939,0.40500888228416443,256.0
0.36328125,0.3915437161922455,256.0,0.8203125,0.68359375,0.95703125,0.5,2940,0.40463507175445557,256.0
0.3515625,0.38854238390922546,256.0,0.8203125,0.671875,0.96875,0.5,2941,0.38471969962120056,256.0
0.375,0.3783075511455536,256.0,0.8359375,0.7109375,0.9609375,0.5,2942,0.35871484875679016,256.0
0.326171875,0.3982206881046295,256.0,0.810546875,0.63671875,0.984375,0.5,2943,0.39826276898384094,256.0
0.33984375,0.3923419415950775,256.0,0.83984375,0.6796875,1.0,0.5,2944,0.3605128526687622,256.0
0.34375,0.39103180170059204,256.0,0.84375,0.6875,1.0,0.5,2945,0.3540886640548706,256.0
0.345703125,0.3798736035823822,256.0,0.814453125,0.66015625,0.96875,0.5,2946,0.4028024673461914,256.0
0.3515625,0.4004232585430145,256.0,0.84765625,0.69921875,0.99609375,0.5,2947,0.35517022013664246,256.0
0.337890625,0.39624327421188354,256.0,0.822265625,0.66015625,0.984375,0.5,2948,0.37817585468292236,256.0
0.345703125,0.3777919411659241,256.0,0.826171875,0.671875,0.98046875,0.5,2949,0.37402474880218506,256.0
0.33203125,0.3878296911716461,256.0,0.80078125,0.6328125,0.96875,0.5,2950,0.40763717889785767,256.0
0.35546875,0.3641667664051056,256.0,0.80078125,0.65625,0.9453125,0.5,2951,0.40747711062431335,256.0
0.330078125,0.3947597146034241,256.0,0.826171875,0.65625,0.99609375,0.5,2952,0.3749275803565979,256.0
0.3359375,0.41069287061691284,256.0,0.8359375,0.671875,1.0,0.5,2953,0.37285923957824707,256.0
0.33984375,0.3964879512786865,256.0,0.83984375,0.6796875,1.0,0.5,2954,0.36094462871551514,256.0
0.34765625,0.3793787360191345,256.0,0.828125,0.67578125,0.98046875,0.5,2955,0.3651265501976013,256.0
0.333984375,0.3896561861038208,256.0,0.818359375,0.65234375,0.984375,0.5,2956,0.38914036750793457,256.0
0.33984375,0.3585543930530548,256.0,0.82421875,0.6640625,0.984375,0.5,2957,0.3644627034664154,256.0
0.34375,0.3718998432159424,256.0,0.7734375,0.6171875,0.9296875,0.5,2958,0.43852218985557556,256.0
0.37890625,0.3712727129459381,256.0,0.828125,0.70703125,0.94921875,0.5,2959,0.3880305290222168,256.0
0.328125,0.36759814620018005,256.0,0.8125,0.640625,0.984375,0.5,2960,0.3644515872001648,256.0
0.34375,0.3890451490879059,256.0,0.82421875,0.66796875,0.98046875,0.5,2961,0.39531469345092773,256.0
0.330078125,0.4057798981666565,256.0,0.822265625,0.65234375,0.9921875,0.5,2962,0.3824334144592285,256.0
0.333984375,0.4181804656982422,256.0,0.830078125,0.6640625,0.99609375,0.5,2963,0.39509785175323486,256.0
0.330078125,0.4197677969932556,256.0,0.783203125,0.61328125,0.953125,0.5,2964,0.4410629868507385,256.0
0.3203125,0.4013436734676361,256.0,0.81640625,0.63671875,0.99609375,0.5,2965,0.3787505328655243,256.0
0.384765625,0.3737044632434845,256.0,0.830078125,0.71484375,0.9453125,0.5,2966,0.3911895155906677,256.0
0.361328125,0.39556944370269775,256.0,0.791015625,0.65234375,0.9296875,0.5,2967,0.42335063219070435,256.0
0.34375,0.393962025642395,256.0,0.796875,0.640625,0.953125,0.5,2968,0.39941293001174927,256.0
0.369140625,0.3703238368034363,256.0,0.806640625,0.67578125,0.9375,0.5,2969,0.415496289730072,256.0
0.3515625,0.40416544675827026,256.0,0.828125,0.6796875,0.9765625,0.5,2970,0.37838825583457947,256.0
0.330078125,0.40179651975631714,256.0,0.802734375,0.6328125,0.97265625,0.5,2971,0.4430598020553589,256.0
0.3359375,0.41818520426750183,256.0,0.83203125,0.66796875,0.99609375,0.5,2972,0.3783968687057495,256.0
0.33984375,0.4134106934070587,256.0,0.80859375,0.6484375,0.96875,0.5,2973,0.4374626874923706,256.0
0.337890625,0.41731446981430054,256.0,0.814453125,0.65234375,0.9765625,0.5,2974,0.4032665193080902,256.0
0.33203125,0.4021022617816925,256.0,0.8125,0.64453125,0.98046875,0.5,2975,0.39553624391555786,256.0
0.32421875,0.39755716919898987,256.0,0.80859375,0.6328125,0.984375,0.5,2976,0.38785621523857117,256.0
0.35546875,0.3896526098251343,256.0,0.84765625,0.703125,0.9921875,0.5,2977,0.356441855430603,256.0
0.365234375,0.3713708221912384,256.0,0.841796875,0.70703125,0.9765625,0.5,2978,0.34504592418670654,256.0
0.34765625,0.406078577041626,256.0,0.84375,0.69140625,0.99609375,0.5,2979,0.36064159870147705,256.0
0.3671875,0.38383686542510986,256.0,0.8125,0.6796875,0.9453125,0.5,2980,0.42300179600715637,256.0
0.3515625,0.392233669757843,256.0,0.80859375,0.66015625,0.95703125,0.5,2981,0.3961776793003082,256.0
0.33984375,0.40457046031951904,256.0,0.83203125,0.671875,0.9921875,0.5,2982,0.374479204416275,256.0
0.33984375,0.4153464138507843,256.0,0.8125,0.65234375,0.97265625,0.5,2983,0.4020366072654724,256.0
0.373046875,0.35484546422958374,256.0,0.822265625,0.6953125,0.94921875,0.5,2984,0.37047556042671204,256.0
0.36328125,0.37573301792144775,256.0,0.8359375,0.69921875,0.97265625,0.5,2985,0.35735195875167847,256.0
0.333984375,0.39239609241485596,256.0,0.814453125,0.6484375,0.98046875,0.5,2986,0.39358049631118774,256.0
0.3203125,0.3968431353569031,256.0,0.77734375,0.59765625,0.95703125,0.5,2987,0.44411829113960266,256.0
0.3515625,0.42093342542648315,256.0,0.8515625,0.703125,1.0,0.5,2988,0.3633263409137726,256.0
0.341796875,0.4085153639316559,256.0,0.814453125,0.65625,0.97265625,0.5,2989,0.3991168737411499,256.0
0.34765625,0.4109777510166168,256.0,0.828125,0.67578125,0.98046875,0.5,2990,0.3896498680114746,256.0
0.322265625,0.414045512676239,256.0,0.802734375,0.625,0.98046875,0.5,2991,0.4084748923778534,256.0
0.3515625,0.38424938917160034,256.0,0.80859375,0.66015625,0.95703125,0.5,2992,0.4185284376144409,256.0
0.34765625,0.40051335096359253,256.0,0.8203125,0.66796875,0.97265625,0.5,2993,0.3936495780944824,256.0
0.341796875,0.40331506729125977,256.0,0.826171875,0.66796875,0.984375,0.5,2994,0.3731696307659149,256.0
0.376953125,0.36674952507019043,256.0,0.833984375,0.7109375,0.95703125,0.5,2995,0.35613465309143066,256.0
0.349609375,0.40728360414505005,256.0,0.833984375,0.68359375,0.984375,0.5,2996,0.3996005058288574,256.0
0.345703125,0.3840084373950958,256.0,0.779296875,0.625,0.93359375,0.5,2997,0.44403839111328125,256.0
0.361328125,0.39596301317214966,256.0,0.830078125,0.69140625,0.96875,0.5,2998,0.3685113787651062,256.0
0.326171875,0.40920141339302063,256.0,0.806640625,0.6328125,0.98046875,0.5,2999,0.4139791429042816,256.0
0.32421875,0.40127575397491455,256.0,0.8125,0.63671875,0.98828125,0.5,3000,0.38994184136390686,256.0
