raw/gen/rollout/ep_rew_mean,raw/gen/time/fps,raw/gen/time/total_timesteps,raw/gen/rollout/ep_len_mean,raw/gen/time/time_elapsed,raw/gen/time/iterations,raw/gen/train/learning_rate,raw/gen/train/entropy_loss,raw/gen/train/loss,raw/gen/train/approx_kl,raw/gen/train/n_updates,raw/gen/train/policy_gradient_loss,raw/gen/train/clip_range,raw/gen/train/value_loss,raw/gen/rollout/ep_rew_wrapped_mean,raw/gen/train/explained_variance,raw/gen/train/clip_fraction
-500.0,1899,512,45.0,0,1,,,,,,,,,,,
-490.9090881347656,2059,1024,45.0,0,1,0.0001,-1.6073766676709056,-0.038431160151958466,0.0051168096,8,-0.013521990760636982,0.2,0.009478072945057647,-0.484903799708594,-7.147263526916504,0.02099609375
-423.5294189453125,2054,1536,45.0,0,1,0.0001,-1.6002961192280054,0.10000035166740417,0.008780389,16,-0.007902353230747394,0.2,0.6812206642935053,-4.4991330330852755,-0.02401125431060791,0.019775390625
-400.0,1755,2048,45.0,0,1,0.0001,-1.5895528979599476,0.867619514465332,0.0028972593,24,-0.004578962027153466,0.2,3.6890677139163017,-9.14995235922363,0.4277784824371338,0.004638671875
-455.3571472167969,2023,2560,45.0,0,1,0.0001,-1.5952506437897682,2.0593173503875732,0.0011598711,32,-0.003286960127297789,0.2,14.53018656000495,-14.728445953917172,0.49045294523239136,0.0
-408.8235168457031,1828,3072,45.0,0,1,0.0001,-1.5987333990633488,7.078176498413086,3.3607706e-05,40,-0.00039280643250094727,0.2,37.7844775095582,-20.50425480316127,0.5598913729190826,0.0
-441.1392517089844,1515,3584,45.0,0,1,0.0001,-1.596959519200027,31.10072898864746,7.3398696e-06,48,-0.0002467595404596068,0.2,94.09981682896614,-27.433182558674805,0.43273818492889404,0.0
-441.20880126953125,2269,4096,45.0,0,1,0.0001,-1.5958947818726301,76.35115051269531,3.7371647e-06,56,-0.00023874128964962438,0.2,217.56906300783157,-34.1882820748783,0.12458813190460205,0.0
-451.5,1949,4608,45.0,0,1,0.0001,-1.5956747848540545,93.5169906616211,4.374888e-06,64,-0.0002914080032496713,0.2,269.60527658462524,-40.92644778456907,0.03830158710479736,0.0
-459.0,1995,5120,45.0,0,1,0.0001,-1.5945030087605119,142.57473754882812,4.505855e-06,72,-0.0002655055795912631,0.2,362.61860632896423,-47.6631926649157,0.014176607131958008,0.0
-454.0,2274,5632,45.0,0,1,0.0001,-1.596026012673974,144.0772247314453,1.5237601e-06,80,-0.00015592887575621717,0.2,299.0440067052841,-57.479667762219904,0.00873708724975586,0.0
-452.0,2256,6144,45.0,0,1,0.0001,-1.5965438317507505,94.71428680419922,1.089531e-06,88,-0.0001159500316134654,0.2,314.30406665802,-67.10334170088171,0.010310471057891846,0.0
-467.5,2223,6656,45.0,0,1,0.0001,-1.595764179714024,119.0875015258789,3.217603e-06,96,-0.00021864396694581956,0.2,305.85639095306396,-74.54604290919379,-0.0008924007415771484,0.0
-490.5,2054,7168,45.0,0,1,0.0001,-1.5954583762213588,178.85670471191406,6.028218e-06,104,-0.00026268231158610433,0.2,383.53583693504333,-81.98083249362186,0.0011003613471984863,0.0
-495.5,2166,7680,45.0,0,1,0.0001,-1.597276546061039,158.6338653564453,4.4549815e-06,112,-0.00028530322742881253,0.2,390.76151609420776,-88.47607945093885,0.0003364682197570801,0.0
-493.0,1941,8192,45.0,0,1,0.0001,-1.5962275732308626,196.63381958007812,7.907744e-06,120,-0.0004272455698810518,0.2,498.17232513427734,-94.04604121519253,0.003122687339782715,0.0
-489.0,2038,8704,45.0,0,1,0.0001,-1.5954811433330178,166.44558715820312,3.150315e-06,128,-0.00024225973538705148,0.2,489.3712737560272,-98.01751859773881,0.00032526254653930664,0.0
-501.5,1622,9216,45.0,0,1,0.0001,-1.5953156109899282,253.7224884033203,7.922528e-06,136,-0.00048300959315383807,0.2,556.4337170124054,-101.41225807018579,0.0002352595329284668,0.0
-502.5,2090,9728,45.0,0,1,0.0001,-1.5947347562760115,259.17919921875,8.51939e-06,144,-0.00034497712476877496,0.2,546.0401945114136,-104.62406640388072,0.0014235973358154297,0.0
-502.5,2236,10240,45.0,0,1,0.0001,-1.5966721512377262,154.87913513183594,9.123702e-06,152,-0.0004619426836143248,0.2,369.5172052383423,-106.61418684074656,0.00013828277587890625,0.0
-505.0,2319,10752,45.0,0,1,0.0001,-1.5955869425088167,245.83737182617188,8.170959e-06,160,-0.00032730179918871727,0.2,464.218558549881,-109.89891100624577,0.0009301304817199707,0.0
-500.0,2204,11264,45.0,0,1,0.0001,-1.595402155071497,187.9001007080078,3.0592433e-05,168,-0.0009699789225123823,0.2,405.04596495628357,-112.82053525101394,0.0005521774291992188,0.0
-493.0,1945,11776,45.0,0,1,0.0001,-1.5968484124168754,199.22543334960938,1.49646075e-05,176,-0.000637833905784646,0.2,485.4376964569092,-115.15357632145286,0.0002657771110534668,0.0
-491.5,2029,12288,45.0,0,1,0.0001,-1.5979270432144403,153.16506958007812,2.5397865e-05,184,-0.0007653716675122268,0.2,427.62229013442993,-116.13002656543627,-8.702278137207031e-06,0.0
-490.0,2107,12800,45.0,0,1,0.0001,-1.5969411954283714,199.6289520263672,4.448148e-05,192,-0.0012667068440350704,0.2,563.3069705963135,-118.24912108985707,2.8431415557861328e-05,0.0
-501.0,2095,13312,45.0,0,1,0.0001,-1.5962918372824788,394.7760925292969,4.927779e-05,200,-0.0013853382661181968,0.2,725.0866756439209,-121.2994856741093,0.0003331899642944336,0.0
-501.0,2021,13824,45.0,0,1,0.0001,-1.5956278070807457,260.6491394042969,3.6878046e-05,208,-0.0011220922388019972,0.2,651.8264248371124,-123.8951599167753,0.00026041269302368164,0.0
-487.5,2114,14336,45.0,0,1,0.0001,-1.5957493325695395,208.50830078125,2.478424e-05,216,-0.0008707352681085467,0.2,598.0698366165161,-126.21304152966476,0.0002942085266113281,0.0
-500.0,2283,14848,45.0,0,1,0.0001,-1.5962087642401457,232.53306579589844,4.7601527e-05,224,-0.0012240081414347515,0.2,511.15715742111206,-128.4890026043635,0.0002865791320800781,0.0
-486.5,1433,15360,45.0,0,1,0.0001,-1.5938672861084342,229.33055114746094,0.00014969567,232,-0.0022798149420850677,0.2,435.4691447019577,-129.65696871909313,0.00011157989501953125,0.0
-493.5,1935,15872,45.0,0,1,0.0001,-1.5944803468883038,208.06553649902344,0.00021692459,240,-0.002304739013197832,0.2,440.65504455566406,-129.62848935934716,-3.814697265625e-06,0.0
-500.5,2235,16384,45.0,0,1,0.0001,-1.5919146472588181,279.5319519042969,4.1387742e-05,248,-0.0008154488969012164,0.2,606.5151462554932,-131.5194099565642,-7.152557373046875e-05,0.0
-504.5,2050,16896,45.0,0,1,0.0001,-1.5903152376413345,327.91717529296875,5.000818e-05,256,-0.0010002034687204286,0.2,728.6418242454529,-135.6271310375305,0.0001659393310546875,0.0
-493.0,1872,17408,45.0,0,1,0.0001,-1.5899999029934406,244.61412048339844,0.00013302977,264,-0.002003371737373527,0.2,632.4495716094971,-137.92128327670508,9.375810623168945e-05,0.0
-494.5,2120,17920,45.0,0,1,0.0001,-1.5880807116627693,153.4763641357422,0.00018541643,272,-0.0019546198527677916,0.2,381.69567465782166,-136.0924620806938,7.903575897216797e-05,0.0
-486.0,2122,18432,45.0,0,1,0.0001,-1.58230781275779,117.36865997314453,0.00024248159,280,-0.0019581613305490464,0.2,280.9785420894623,-133.7002624212252,7.194280624389648e-05,0.0
-499.0,2245,18944,45.0,0,1,0.0001,-1.5760875679552555,83.82598876953125,0.00062759453,288,-0.0031039719251566567,0.2,236.2263433933258,-130.5932224860834,-6.520748138427734e-05,0.0
-507.0,2587,19456,45.0,0,1,0.0001,-1.5711734667420387,166.26463317871094,0.0013859089,296,-0.006340288840874564,0.2,310.8450014591217,-129.22204556527083,2.7060508728027344e-05,0.0
-532.0,2285,19968,45.0,0,1,0.0001,-1.5571021065115929,163.90074157714844,0.0012051164,304,-0.004976783427991904,0.2,333.9637076854706,-129.93998042101506,-6.67572021484375e-05,0.0
-508.0,2160,20480,45.0,0,1,0.0001,-1.5394775653257966,219.30630493164062,0.0017761439,312,-0.005589908036199631,0.2,430.6451437473297,-131.63211808583233,-2.2172927856445312e-05,0.0
-513.0,2586,20992,45.0,0,1,0.0001,-1.5036797933280468,82.7984390258789,0.012847748,320,-0.020653573803429026,0.2,245.87581968307495,-127.26497684037312,-7.224082946777344e-05,0.011962890625
-495.5,2101,21504,45.0,0,1,0.0001,-1.4247552650049329,81.27833557128906,0.013219636,328,-0.014729429058206733,0.2,198.10032826662064,-121.74368763267063,-2.2172927856445312e-05,0.03515625
-515.5,2499,22016,45.0,0,1,0.0001,-1.275412417948246,52.53837203979492,0.016027525,336,-0.023170139684225433,0.2,125.4949956536293,-114.96079903652426,-8.928775787353516e-05,0.2890625
-508.0,2317,22528,45.0,0,1,0.0001,-1.1197529090568423,14.873498916625977,0.01948874,344,-0.034026484441710636,0.2,33.906448259949684,-108.63273078253027,-4.76837158203125e-06,0.215087890625
-506.5,2277,23040,45.0,0,1,0.0001,-0.9164221924729645,17.7354793548584,0.01887228,352,-0.030040282785193995,0.2,90.26822151243687,-102.83470298201777,-4.947185516357422e-05,0.217041015625
-508.0,2167,23552,45.0,0,1,0.0001,-0.8404755759984255,26.798934936523438,0.023795728,360,-0.014212996888090856,0.2,64.37480939924717,-96.30614050379023,-1.3947486877441406e-05,0.112548828125
-501.5,2122,24064,45.0,0,1,0.0001,-0.6664616256020963,36.62928009033203,0.0066694506,368,-0.010237243841402233,0.2,67.68801763653755,-87.83793200382031,-8.821487426757812e-05,0.0517578125
-458.5,2032,24576,45.0,0,1,0.0001,-0.5576003142632544,11.069886207580566,0.018475618,376,-0.012396452635584865,0.2,28.50403343886137,-81.06847740455531,1.2755393981933594e-05,0.11572265625
-446.0,2189,25088,45.0,0,1,0.0001,-0.5571679470594972,15.315399169921875,0.00502983,384,-0.010266827950545121,0.2,39.479850709438324,-71.85102873459924,4.26173210144043e-05,0.038818359375
-443.0,1931,25600,45.0,0,1,0.0001,-0.49834901513531804,15.356450080871582,0.008770645,392,-0.010799636540468782,0.2,28.72951290011406,-66.62534535666462,0.00021076202392578125,0.08447265625
-438.0,2303,26112,45.0,0,1,0.0001,-0.6168243936263025,11.320344924926758,0.023616515,400,-0.020531070069409907,0.2,23.528300568461418,-61.00186682146974,-0.0021588802337646484,0.15478515625
-433.5,2459,26624,45.0,0,1,0.0001,-0.42593693151138723,10.696821212768555,0.0006750411,408,-0.0028571847869898193,0.2,35.92458526790142,-56.98452071535401,0.0017111897468566895,0.010498046875
-447.5,2834,27136,45.0,0,1,0.0001,-0.4411576697602868,5.823800563812256,0.004814295,416,-0.005505683173396392,0.2,21.116668339818716,-52.12607600181364,0.2908737063407898,0.03662109375
-451.5,2569,27648,45.0,0,1,0.0001,-0.3411349526140839,5.312562465667725,0.002138354,424,-0.003627349989983486,0.2,18.563995838165283,-48.03470154420938,-0.1384342908859253,0.01318359375
-447.5,2255,28160,45.0,0,1,0.0001,-0.42652860353700817,2.891124963760376,0.0031328253,432,-0.006088567926781252,0.2,10.398823946714401,-44.89787098232191,-0.0066680908203125,0.032470703125
-452.0,2530,28672,45.0,0,1,0.0001,-0.4457381914835423,1.2938971519470215,0.006250224,440,-0.012642781381146051,0.2,6.210856346413493,-43.529351541898215,0.17014610767364502,0.059814453125
-459.0,2360,29184,45.0,0,1,0.0001,-0.4485963862389326,0.6501255631446838,0.011146669,448,-0.009066386734048137,0.2,3.2179675209335983,-41.05545575251803,0.013911068439483643,0.067138671875
-444.5,2266,29696,45.0,0,1,0.0001,-0.644220364978537,0.4921010434627533,0.070916966,456,-0.030050710345676634,0.2,2.511681995820254,-39.85117297039833,-0.35431623458862305,0.214111328125
-447.5,2667,30208,45.0,0,1,0.0001,-0.720044051297009,2.3107717037200928,0.01229735,464,-0.02426638454926433,0.2,4.680362262763083,-38.56723255731631,0.0031934380531311035,0.205078125
-450.0,2713,30720,45.0,0,1,0.0001,-0.739077115431428,2.0881893634796143,0.014908452,472,-0.03560839876445243,0.2,3.013113879598677,-37.7872360322671,-0.12597835063934326,0.292236328125
-441.5,2627,31232,45.0,0,1,0.0001,-0.7406467539258301,0.8346602916717529,0.013919399,480,-0.027863079449161887,0.2,2.9965028753504157,-38.87299296457786,0.03401082754135132,0.16650390625
-419.0,2657,31744,45.0,0,1,0.0001,-0.7298872615210712,1.1871395111083984,0.021183342,488,-0.045692754749325104,0.2,3.106946112588048,-41.9349445532402,0.5617736279964447,0.451416015625
-400.0,2629,32256,45.0,0,1,0.0001,-0.6969229690730572,1.8520761728286743,0.014710585,496,-0.025080537059693597,0.2,3.8758992003276944,-44.87144888131414,-0.42046964168548584,0.20947265625
-396.5,2699,32768,45.0,0,1,0.0001,-0.5931112659163773,0.8389047980308533,0.016643148,504,-0.0340285366110038,0.2,3.4601418869569898,-47.41295936149312,0.2758296728134155,0.28271484375
-402.5,2632,33280,45.0,0,1,0.0001,-0.5793887316249311,3.559427261352539,0.009339169,512,-0.017156649701064453,0.2,5.558052823878825,-49.516919456014875,0.35526084899902344,0.102783203125
-417.0,2569,33792,45.0,0,1,0.0001,-0.5414495056029409,1.645153522491455,0.006173009,520,-0.012753114075167105,0.2,6.8348141219466925,-51.388208863011094,0.49437105655670166,0.08056640625
-410.5,2523,34304,45.0,0,1,0.0001,-0.5124605931341648,6.018649578094482,0.0048334263,528,-0.006933865613973467,0.2,20.77737757563591,-53.25776821156731,0.38981688022613525,0.01416015625
-399.5,2696,34816,45.0,0,1,0.0001,-0.5116419119294733,15.177129745483398,0.002177075,536,-0.005847553780768067,0.2,47.909144416451454,-55.724697153244634,0.5301291644573212,0.01220703125
-346.0,2291,35328,45.0,0,1,0.0001,-0.5210743898060173,22.006181716918945,0.0045075403,544,-0.0061988112720428035,0.2,60.99575662612915,-58.966764039371625,0.38240987062454224,0.012451171875
-342.0,1851,35840,45.0,0,1,0.0001,-0.6051323064602911,26.887956619262695,0.000556813,552,-0.003165224403346656,0.2,102.86919885873795,-60.24452959691407,0.49276548624038696,0.002197265625
-358.0,2796,36352,45.0,0,1,0.0001,-0.5929152956232429,21.793920516967773,0.002326725,560,-0.00638669046384166,0.2,117.74850979447365,-63.08193183400901,0.4829924702644348,0.002685546875
-354.0,2425,36864,45.0,0,1,0.0001,-0.6025058752857149,4.767102241516113,0.0041333316,568,-0.00534272994264029,0.2,32.32462828606367,-67.02835442335578,-0.6073659658432007,0.005859375
-365.5,1936,37376,45.0,0,1,0.0001,-0.7191388141363859,9.188970565795898,0.011951241,576,-0.013310584174178075,0.2,23.786906696856022,-69.57430108265486,0.3035324215888977,0.124755859375
-339.5,2155,37888,45.0,0,1,0.0001,-0.7014256562106311,3.05625319480896,0.013708521,584,-0.020652775423513958,0.2,12.255771523341537,-71.7087652718369,0.47723573446273804,0.19384765625
-340.5,2050,38400,45.0,0,1,0.0001,-0.6620630347169936,4.624284744262695,0.006956934,592,-0.006538438319694251,0.2,48.6523561142385,-69.91968637285754,0.48302197456359863,0.0185546875
-357.0,2333,38912,45.0,0,1,0.0001,-0.7196522699669003,14.284467697143555,0.0075952476,600,-0.011424885866290424,0.2,59.91546255350113,-67.97578355380567,0.6454320251941681,0.03662109375
-387.5,2444,39424,45.0,0,1,0.0001,-0.688627780880779,19.179471969604492,0.018235676,608,-0.022291448498435784,0.2,37.20107699930668,-66.19194542003098,0.3202470541000366,0.216552734375
-387.0,1953,39936,45.0,0,1,0.0001,-0.6389847565442324,4.1080241203308105,0.026891727,616,-0.019923796906368807,0.2,13.255670895799994,-64.48793645792874,-0.6416555643081665,0.27197265625
-369.0,2033,40448,45.0,0,1,0.0001,-0.6892735795117915,9.312904357910156,0.0052912002,624,-0.008847395245538792,0.2,46.76096071302891,-63.87124754163669,0.17637616395950317,0.0361328125
-339.5,2063,40960,45.0,0,1,0.0001,-0.6085614892654121,7.657909870147705,0.031464193,632,-0.020125424925936386,0.2,17.988219019025564,-61.806746903315656,0.25553977489471436,0.122802734375
-329.0,2086,41472,45.0,0,1,0.0001,-0.6599720353260636,10.98318099975586,0.0057092467,640,-0.011328130236506695,0.2,32.28830184042454,-58.29639226988657,0.1773485541343689,0.0341796875
-335.0,2130,41984,45.0,0,1,0.0001,-0.6348121447954327,4.636073112487793,0.006025525,648,-0.009160869085462764,0.2,20.236724354326725,-56.12496804685565,-0.1893550157546997,0.02978515625
-344.0,1588,42496,45.0,0,1,0.0001,-0.6269463740754873,4.18034553527832,0.013008708,656,-0.017916430122568272,0.2,23.543984815478325,-53.344805385146756,0.14269202947616577,0.069580078125
-370.0,1904,43008,45.0,0,1,0.0001,-0.5583212492056191,5.592701435089111,0.017974786,664,-0.019795272484770976,0.2,15.304999062791467,-53.477938470591326,0.5945358276367188,0.0908203125
-351.5,2097,43520,45.0,0,1,0.0001,-0.5376917843241245,5.218555450439453,0.0065361313,672,-0.011720526865246939,0.2,18.433935835957527,-53.85912659360795,0.35824066400527954,0.05322265625
-368.0,2165,44032,45.0,0,1,0.0001,-0.7081319708377123,8.769610404968262,0.011558639,680,-0.01939748294535093,0.2,24.943280458450317,-52.17407883859007,0.5418764352798462,0.08056640625
-404.0,2367,44544,45.0,0,1,0.0001,-0.5641225043218583,4.181962966918945,0.0039109727,688,-0.010227146805846132,0.2,19.53120119124651,-49.40326299628941,0.46684277057647705,0.030029296875
-425.0,2157,45056,45.0,0,1,0.0001,-0.5507954258937389,5.878472328186035,0.008200028,696,-0.015178351655777078,0.2,21.103865012526512,-46.99243868310703,0.618360847234726,0.046875
-446.0,2224,45568,45.0,0,1,0.0001,-0.6194362454116344,7.254583835601807,0.005261368,704,-0.009781083812413272,0.2,21.945431668311357,-44.21416027721716,0.7229564785957336,0.041015625
-472.5,2707,46080,45.0,0,1,0.0001,-0.6026834642980248,1.53668212890625,0.0066927257,712,-0.021075208162073977,0.2,12.418865261599422,-42.54456500747474,0.6758041679859161,0.06298828125
-467.5,2292,46592,45.0,0,1,0.0001,-0.32836494222283363,0.5809922218322754,0.011854916,720,-0.018613100743095856,0.2,3.1540761841461062,-40.98928356640274,0.042120158672332764,0.06787109375
-482.0,2361,47104,45.0,0,1,0.0001,-0.38515959796495736,0.9125010967254639,0.007053346,728,-0.01215219619916752,0.2,2.8635517177172005,-39.99567508496577,0.7560932785272598,0.047607421875
-468.0,2258,47616,45.0,0,1,0.0001,-0.3853536364622414,0.19872525334358215,0.008245086,736,-0.012829683539166581,0.2,1.5001306683989242,-40.26911935990909,0.6134868264198303,0.05810546875
-467.0,2449,48128,45.0,0,1,0.0001,-0.4040543281007558,0.5503007769584656,0.017286116,744,-0.013140758957888465,0.2,1.098021682817489,-40.627008578758684,0.5376367568969727,0.064697265625
-454.5,2222,48640,45.0,0,1,0.0001,-0.5333913480862975,0.2928953766822815,0.011365043,752,-0.011490732176753227,0.2,1.733847256633453,-40.47722280310467,0.4925345778465271,0.121826171875
-450.0,2543,49152,45.0,0,1,0.0001,-0.5905367094092071,0.22093597054481506,0.01983656,760,-0.01846169959026156,0.2,2.1885765390470624,-41.22579169468954,0.48875296115875244,0.06982421875
-474.0,2500,49664,45.0,0,1,0.0001,-0.6392353666014969,0.8531110286712646,0.012970959,768,-0.01287431551827467,0.2,1.7657195180654526,-42.96198206694797,0.7427844107151031,0.091064453125
-466.5,2549,50176,45.0,0,1,0.0001,-0.6582084721885622,0.5636019706726074,0.005996446,776,-0.014270902320276946,0.2,2.2705616923049092,-44.7170193025656,0.6866487860679626,0.09033203125
-468.5,2531,50688,45.0,0,1,0.0001,-0.7273656730540097,1.1590443849563599,0.007391819,784,-0.01743917459680233,0.2,3.951402879320085,-46.35884574389085,0.6205554604530334,0.08251953125
-484.5,2561,51200,45.0,0,1,0.0001,-0.7392083867453039,1.0001333951950073,0.016573958,792,-0.022950530234084,0.2,3.2674089409410954,-48.78820139979943,0.5343794822692871,0.1748046875
-495.5,2547,51712,45.0,0,1,0.0001,-0.75588613236323,1.792213797569275,0.013823131,800,-0.011276688481302699,0.2,4.447136437520385,-50.57184811575338,0.0969039797782898,0.091552734375
-512.5,2474,52224,45.0,0,1,0.0001,-0.765555645339191,1.8559852838516235,0.0108983265,808,-0.013891253591282293,0.2,5.536585385911167,-53.30021074257791,0.35856181383132935,0.12548828125
-504.5,2288,52736,45.0,0,1,0.0001,-0.7269094898365438,1.837103009223938,0.007030625,816,-0.008007083233678713,0.2,7.853520253673196,-56.23717082887888,0.37948310375213623,0.0205078125
-522.5,2412,53248,45.0,0,1,0.0001,-0.6683828542008996,7.516345024108887,0.008352866,824,-0.0071887274461914785,0.2,16.79379826039076,-57.89741524175275,-0.18665897846221924,0.01318359375
-530.5,2380,53760,45.0,0,1,0.0001,-0.6500111692585051,4.902371883392334,0.0022816034,832,-0.00883965768298367,0.2,17.045007035136223,-59.626575429821386,0.2533476948738098,0.01318359375
-527.0,2385,54272,45.0,0,1,0.0001,-0.6171755474060774,2.9394984245300293,0.01133273,840,-0.011562742402020376,0.2,17.681870138272643,-60.893069847458975,0.10861349105834961,0.072509765625
-513.5,2110,54784,45.0,0,1,0.0001,-0.539537511067465,4.186911582946777,0.006871611,848,-0.011923077570827445,0.2,9.02713572466746,-61.64676902504638,0.4059746265411377,0.0498046875
-510.5,1800,55296,45.0,0,1,0.0001,-0.5688292281702161,6.629707336425781,0.005549811,856,-0.015935316714603687,0.2,14.29158078879118,-61.08183251757175,0.3312142491340637,0.038330078125
-495.0,2125,55808,45.0,0,1,0.0001,-0.4461052003316581,0.7428675293922424,0.005159783,864,-0.009429691657715011,0.2,5.271231615450233,-60.36536244035698,0.5557745397090912,0.07373046875
-489.0,2207,56320,45.0,0,1,0.0001,-0.43270966899581254,7.587408065795898,0.0039446466,872,-0.011767353000323055,0.2,35.09947055578232,-59.03402596977539,0.3361833691596985,0.02001953125
-446.5,1882,56832,45.0,0,1,0.0001,-0.457124887034297,1.8844821453094482,0.008464776,880,-0.01196652805811027,0.2,8.869277537800372,-57.909739768682044,0.51541468501091,0.052001953125
-430.0,2056,57344,45.0,0,1,0.0001,-0.5419481312856078,5.0328369140625,0.0043040277,888,-0.009295049640059005,0.2,23.12829102575779,-56.663361834276,0.1818699836730957,0.04736328125
-410.0,2125,57856,45.0,0,1,0.0001,-0.46017479337751865,5.278534889221191,0.0043191654,896,-0.009239531616913155,0.2,13.363117706030607,-57.09585336799035,0.7085165083408356,0.026611328125
-407.5,2188,58368,45.0,0,1,0.0001,-0.5095650409348309,7.542228698730469,0.004930888,904,-0.01548469719273271,0.2,29.03105416893959,-56.01656911195954,0.5775227248668671,0.053955078125
-390.5,2427,58880,45.0,0,1,0.0001,-0.38699888880364597,4.835816383361816,0.00404529,912,-0.006495712605101289,0.2,13.405147030949593,-53.470423368231856,0.7078301012516022,0.02197265625
-392.0,2339,59392,45.0,0,1,0.0001,-0.40442438144236803,4.7230143547058105,0.0036092235,920,-0.006073062053474132,0.2,32.51769784092903,-52.308842453144024,0.5242951810359955,0.02099609375
-394.5,2639,59904,45.0,0,1,0.0001,-0.4377030173782259,9.198543548583984,0.0023648734,928,-0.004642362264348776,0.2,24.804985895752907,-51.21341021927772,0.7338517904281616,0.00830078125
-401.0,1862,60416,45.0,0,1,0.0001,-0.38248054403811693,3.483942985534668,0.0027498314,936,-0.007644139703188557,0.2,16.84803774394095,-48.44388592527947,0.6686860024929047,0.022705078125
-373.5,1572,60928,45.0,0,1,0.0001,-0.4374267973471433,6.18062162399292,0.006048468,944,-0.012983932079805527,0.2,16.229142121970654,-47.69941878065234,0.5475827753543854,0.03662109375
-393.0,2356,61440,45.0,0,1,0.0001,-0.5312344064004719,2.610041856765747,0.008495474,952,-0.013013998759561218,0.2,8.56489681918174,-45.56139548932901,0.6117113828659058,0.06982421875
-424.5,2343,61952,45.0,0,1,0.0001,-0.4972136430442333,1.2619765996932983,0.011975691,960,-0.015254223937517963,0.2,7.998623664490879,-42.202697732988746,-0.2391730546951294,0.08056640625
-434.5,2685,62464,45.0,0,1,0.0001,-0.5474821894895285,0.11513993889093399,0.009164794,968,-0.021446977989398874,0.2,1.5571760152233765,-40.73590804548934,0.5975185334682465,0.085693359375
-444.0,2906,62976,45.0,0,1,0.0001,-0.5537899814080447,0.24501937627792358,0.00981721,976,-0.014183318759023678,0.2,0.7954860847094096,-39.3573018896766,0.720104306936264,0.1357421875
-450.5,2809,63488,45.0,0,1,0.0001,-0.5642487327568233,0.20900601148605347,0.0060298103,984,-0.013473067061568145,0.2,0.7857389939017594,-39.4630160609819,0.6193957924842834,0.09326171875
-469.5,2738,64000,45.0,0,1,0.0001,-0.6049946956336498,0.5386290550231934,0.016064864,992,-0.015740910959721077,0.2,1.5443481244146824,-40.0760833256878,0.22464388608932495,0.150390625
-464.0,2634,64512,45.0,0,1,0.0001,-0.627755387686193,0.9495089054107666,0.016068013,1000,-0.014502147838356905,0.2,1.914058258291334,-41.34779711569659,0.07522737979888916,0.125732421875
-458.5,2791,65024,45.0,0,1,0.0001,-0.6665592161007226,1.0058118104934692,0.007637355,1008,-0.010542791453190148,0.2,2.7752378173172474,-43.3091727149114,-0.04805624485015869,0.133056640625
-464.0,2508,65536,45.0,0,1,0.0001,-0.6333376034162939,0.8738534450531006,0.007553238,1016,-0.008908771371352486,0.2,3.3747898722067475,-44.897029330367225,0.16208648681640625,0.1103515625
-492.0,2656,66048,45.0,0,1,0.0001,-0.6581405671313405,1.177559733390808,0.0100355465,1024,-0.008653193141071824,0.2,5.349601527675986,-46.183196392869576,0.15177440643310547,0.075927734375
-475.5,2306,66560,45.0,0,1,0.0001,-0.675119889434427,2.0723447799682617,0.017794494,1032,-0.014484355269814841,0.2,7.639001170173287,-48.8589236392593,0.36127227544784546,0.16357421875
-485.0,2732,67072,45.0,0,1,0.0001,-0.6872328203171492,7.0764546394348145,0.0042095394,1040,-0.006904065805429127,0.2,25.32721509039402,-49.305048640677704,0.2537379860877991,0.02197265625
-478.0,2646,67584,45.0,0,1,0.0001,-0.6567383566871285,2.9416184425354004,0.012986191,1048,-0.010468366090208292,0.2,10.209503963589668,-51.80160697814543,-0.6695644855499268,0.1171875
-471.0,2716,68096,45.0,0,1,0.0001,-0.61028857761994,3.509385585784912,0.014208578,1056,-0.013761999180132989,0.2,17.652765464037657,-54.30229328250978,0.3860207796096802,0.14404296875
-471.5,2704,68608,45.0,0,1,0.0001,-0.6160581833682954,10.37051010131836,0.002052363,1064,-0.0036327838570286985,0.2,20.740044068545103,-57.37534816602711,0.26182472705841064,0.008056640625
-468.0,2457,69120,45.0,0,1,0.0001,-0.5727072902955115,3.6633188724517822,0.007540465,1072,-0.006237774054170586,0.2,23.009693954139948,-60.976200819346126,0.37167900800704956,0.050048828125
-454.5,2368,69632,45.0,0,1,0.0001,-0.5640135016292334,14.439554214477539,0.0009911384,1080,-0.0057704095233930275,0.2,57.34682726114988,-63.06524445466231,0.44354814291000366,0.0068359375
-465.0,2347,70144,45.0,0,1,0.0001,-0.5280117334332317,13.507169723510742,0.0056688422,1088,-0.009194139114697464,0.2,53.188600435853004,-65.3788249068521,0.5636693835258484,0.051513671875
-455.0,2308,70656,45.0,0,1,0.0001,-0.5745616962667555,14.6174898147583,0.0049945703,1096,-0.006262947050345247,0.2,35.68374536931515,-68.01434697671793,0.6169308125972748,0.019775390625
-452.0,2401,71168,45.0,0,1,0.0001,-0.5627242715563625,4.3791704177856445,0.0012166502,1104,-0.006067456371965818,0.2,19.423181671649218,-70.16494432469364,0.7875564396381378,0.006103515625
-440.5,2640,71680,45.0,0,1,0.0001,-0.6172818914055824,5.353231430053711,0.0073119774,1112,-0.012912413305457449,0.2,19.22578621469438,-72.28789847415406,0.25254154205322266,0.146728515625
-450.0,2729,72192,45.0,0,1,0.0001,-0.6917771031148732,0.41344553232192993,0.03847822,1120,-0.02326079405611381,0.2,3.1377885285764933,-72.87546748531051,-3.8517813682556152,0.1806640625
-443.0,2702,72704,45.0,0,1,0.0001,-0.6887556496076286,0.8910301923751831,0.02118667,1128,-0.03024694295891095,0.2,3.3612472894601524,-72.41934752463364,0.03980308771133423,0.39892578125
-432.0,2403,73216,45.0,0,1,0.0001,-0.6764885797165334,1.2965925931930542,0.020338798,1136,-0.025091188224905636,0.2,5.703415226191282,-70.49579984358512,0.041121840476989746,0.2841796875
-433.0,2265,73728,45.0,0,1,0.0001,-0.5901022278703749,5.429978847503662,0.009206456,1144,-0.012000934539173613,0.2,36.241409320384264,-66.63899383948184,0.30630040168762207,0.064208984375
-442.5,2259,74240,45.0,0,1,0.0001,-0.5556139494292438,6.726476192474365,0.0093576275,1152,-0.01567265322228195,0.2,13.960336158052087,-64.64908742926083,0.4056907296180725,0.1396484375
-417.5,2064,74752,45.0,0,1,0.0001,-0.5106923191342503,3.302922487258911,0.008940501,1160,-0.012779973811120726,0.2,10.658823629841208,-61.947741092951034,0.17925679683685303,0.115234375
-422.5,2130,75264,45.0,0,1,0.0001,-0.48544330010190606,7.9957685470581055,0.004154696,1168,-0.013962413664557971,0.2,135.58035907149315,-55.88760082568042,0.48049360513687134,0.030517578125
-408.0,2246,75776,45.0,0,1,0.0001,-0.5216772875282913,3.44699764251709,0.008328088,1176,-0.01136870522168465,0.2,11.746342586353421,-54.61843953873031,-0.03622257709503174,0.038330078125
-386.5,2227,76288,45.0,0,1,0.0001,-0.41924670641310513,7.316847801208496,0.0054824734,1184,-0.015068339147546794,0.2,23.645346738398075,-52.479634537380186,0.5212841033935547,0.054443359375
-378.0,2365,76800,45.0,0,1,0.0001,-0.4534888621419668,11.770306587219238,0.001781686,1192,-0.007851909747842,0.2,56.0530755892396,-49.27865759021603,0.7513645887374878,0.010009765625
-374.0,2257,77312,45.0,0,1,0.0001,-0.43586233723908663,2.5843515396118164,0.0037836386,1200,-0.00972377868311014,0.2,17.032275492325425,-47.97131014871411,0.607243001461029,0.030029296875
-378.0,2372,77824,45.0,0,1,0.0001,-0.4972886126488447,4.823828220367432,0.007019019,1208,-0.01404662849381566,0.2,19.590296771377325,-47.19908207739704,0.4606350064277649,0.03369140625
-371.0,2122,78336,45.0,0,1,0.0001,-0.3948679172899574,3.513324737548828,0.0033170118,1216,-0.007052131360978819,0.2,33.76567851006985,-47.054878445500506,0.43252044916152954,0.016357421875
-391.5,2147,78848,45.0,0,1,0.0001,-0.44378130324184895,4.656647205352783,0.0033325697,1224,-0.0093505965633085,0.2,33.895510882139206,-46.22748486104421,0.7827924937009811,0.02099609375
-411.5,2268,79360,45.0,0,1,0.0001,-0.47851629136130214,2.3234503269195557,0.012491655,1232,-0.022763340894016437,0.2,9.614138705655932,-45.76939918222837,0.548110157251358,0.109130859375
-419.5,2205,79872,45.0,0,1,0.0001,-0.39006890379823744,7.641717910766602,0.0074935406,1240,-0.01705716301148641,0.2,12.972209054976702,-46.77019540811889,0.41435378789901733,0.0517578125
-432.5,2309,80384,45.0,0,1,0.0001,-0.46208292338997126,1.4725250005722046,0.010240391,1248,-0.012854092441557441,0.2,5.571607146412134,-44.19662304091267,0.2825794816017151,0.05908203125
-441.5,2377,80896,45.0,0,1,0.0001,-0.38977312622591853,1.2270524501800537,0.012290964,1256,-0.01974035703460686,0.2,6.454937869682908,-42.377916363580155,0.5220774114131927,0.075439453125
-467.0,2620,81408,45.0,0,1,0.0001,-0.39296399848535657,3.1187903881073,0.0055185696,1264,-0.01653933553461684,0.2,9.726885598152876,-41.86759540395811,0.4321720004081726,0.0595703125
-463.5,2342,81920,45.0,0,1,0.0001,-0.32157659577205777,0.36703744530677795,0.006222019,1272,-0.008391815514187329,0.2,3.1210709628649056,-40.270282196197655,0.3102354407310486,0.05615234375
-474.5,2529,82432,45.0,0,1,0.0001,-0.37667480600066483,0.8371913433074951,0.014631871,1280,-0.009322486886958359,0.2,2.818493858911097,-39.479743572864685,0.38813191652297974,0.057861328125
-483.5,1681,82944,45.0,0,1,0.0001,-0.22526783414650708,0.28289559483528137,0.006864631,1288,-0.012069705022440758,0.2,1.1163445368874818,-39.0720618234016,0.7777200937271118,0.056396484375
-486.5,2243,83456,45.0,0,1,0.0001,-0.2952655744738877,0.39203765988349915,0.005338556,1296,-0.01257058226474328,0.2,1.2884995841886848,-39.454730468280616,0.8489814847707748,0.052490234375
-493.5,2479,83968,45.0,0,1,0.0001,-0.30257564480416477,0.7096842527389526,0.014840177,1304,-0.011546172405360267,0.2,1.6809870284050703,-39.62336661595851,0.8113522976636887,0.055419921875
-508.0,2353,84480,45.0,0,1,0.0001,-0.22970824647927657,0.1299271136522293,0.019649427,1312,-0.03600082937919069,0.2,1.0920703877927735,-40.41199875909835,0.7819088101387024,0.0849609375
-514.5,2391,84992,45.0,0,1,0.0001,-0.31892424589022994,0.5534590482711792,0.01253817,1320,-0.015252090757712722,0.2,1.7450552961672656,-41.27793775841594,0.6146174073219299,0.047119140625
-513.0,2778,85504,45.0,0,1,0.0001,-0.31374583893921226,0.6107890605926514,0.009476731,1328,-0.016688091076503042,0.2,1.7489557532826439,-42.107952295541764,0.7830264419317245,0.0693359375
-511.5,2787,86016,45.0,0,1,0.0001,-0.2217450411990285,1.135413646697998,0.013607615,1336,-0.01036066760570975,0.2,1.0764167745946907,-42.13967252776027,0.4503665566444397,0.04638671875
-521.5,2868,86528,45.0,0,1,0.0001,-0.20272801181999967,0.007132327184081078,0.010513619,1344,-0.012747536384267733,0.2,0.3149024486883718,-42.246890221089124,0.7632406055927277,0.052734375
-553.5,2646,87040,45.0,0,1,0.0001,-0.24475374608300626,0.11794379353523254,0.0078509245,1352,-0.021269946519169025,0.2,0.33322275974205695,-42.305960755199195,0.793306365609169,0.078857421875
-546.5,2780,87552,45.0,0,1,0.0001,-0.30917075416073203,0.03977246955037117,0.013527726,1360,-0.0191906334948726,0.2,0.3522062456031563,-42.05732536807656,0.8362896144390106,0.07470703125
-533.0,2570,88064,45.0,0,1,0.0001,-0.5061059328727424,0.010110773146152496,0.09024194,1368,-0.0267041711776983,0.2,0.22498290684598032,-42.01897427454591,0.7321906089782715,0.33203125
-536.0,2396,88576,45.0,0,1,0.0001,-0.6357351201586425,0.7199094891548157,0.03749783,1376,-0.02368622287758626,0.2,0.8690893219318241,-41.19269263409078,0.4676109552383423,0.36376953125
-519.0,2612,89088,45.0,0,1,0.0001,-0.6520455661229789,0.030270785093307495,0.019727446,1384,-0.013282371997775044,0.2,0.6350990858627483,-40.80448460462503,-0.6031867265701294,0.32275390625
-515.0,2732,89600,45.0,0,1,0.0001,-0.6475359229370952,0.3163719177246094,0.016048416,1392,-0.021503431038581766,0.2,1.552906451979652,-40.561206942172724,0.09428751468658447,0.2587890625
-512.5,2911,90112,45.0,0,1,0.0001,-0.6181603367440403,1.0185316801071167,0.005680571,1400,-0.012719821133941878,0.2,4.5064221592620015,-41.23709439680911,0.0975232720375061,0.1123046875
-493.0,2697,90624,45.0,0,1,0.0001,-0.5804457664489746,3.203928232192993,0.01019204,1408,-0.008756528026424348,0.2,7.95169242285192,-43.16925067623146,0.20039695501327515,0.06640625
-485.5,2717,91136,45.0,0,1,0.0001,-0.589864066336304,4.903641700744629,0.0042553013,1416,-0.003181591324391775,0.2,19.134931087493896,-46.17562766418792,-0.20793724060058594,0.03759765625
-490.0,2796,91648,45.0,0,1,0.0001,-0.5502052723895758,7.874591827392578,0.006335602,1424,-0.005951068895228673,0.2,31.752732753753662,-50.93074176831171,0.05519348382949829,0.036865234375
-489.5,2714,92160,45.0,0,1,0.0001,-0.5406599335838109,5.7116241455078125,0.008473817,1432,-0.0003680854570120573,0.2,31.986512877047062,-55.69500014662743,0.03491884469985962,0.028564453125
-483.5,2471,92672,45.0,0,1,0.0001,-0.5377954328432679,4.206369876861572,0.0038116924,1440,-0.0028267831876291893,0.2,27.292081370949745,-61.10824040412903,-0.23003315925598145,0.06005859375
-478.5,2558,93184,45.0,0,1,0.0001,-0.58181715849787,9.372312545776367,0.0015529012,1448,-0.003956962020311039,0.2,36.159283824265,-64.1434128222987,0.2741296887397766,0.0107421875
-468.0,2701,93696,45.0,0,1,0.0001,-0.5818410539068282,12.482685089111328,0.00039713783,1456,-0.0031030991485749837,0.2,64.96422524750233,-67.72306948564015,0.5431918501853943,0.0048828125
-468.0,2948,94208,45.0,0,1,0.0001,-0.5961145758628845,8.45080852508545,0.0008185727,1464,-0.0037996972860128153,0.2,35.054478757083416,-70.52398029225412,0.48781049251556396,0.0029296875
-472.5,2962,94720,45.0,0,1,0.0001,-0.607814172282815,3.2016217708587646,0.008355107,1472,-0.008674727765537682,0.2,21.643161104992032,-73.22829882814084,0.3688546419143677,0.070556640625
-488.5,2752,95232,45.0,0,1,0.0001,-0.6619616020470858,0.298557847738266,0.02039003,1480,-0.02083792629855452,0.2,3.743183451704681,-74.51288973788265,-0.19989228248596191,0.253662109375
-494.0,2730,95744,45.0,0,1,0.0001,-0.6621214463375509,0.7830933928489685,0.015011981,1488,-0.015776920517964754,0.2,3.3708908341359347,-74.45000964991283,-1.1571340560913086,0.21875
-501.0,2484,96256,45.0,0,1,0.0001,-0.6488754255697131,1.7368929386138916,0.020472435,1496,-0.025313191559689585,0.2,4.770580262877047,-72.22136696990114,-0.7474367618560791,0.41943359375
-509.0,2563,96768,45.0,0,1,0.0001,-0.6410242449492216,3.436875820159912,0.014051473,1504,-0.019514052619342692,0.2,9.033023322932422,-68.41431962664704,0.3374267816543579,0.139892578125
-537.0,2505,97280,45.0,0,1,0.0001,-0.581000086851418,1.0462371110916138,0.011078456,1512,-0.02135421503771795,0.2,8.165426707826555,-65.37889694347513,0.382016658782959,0.1337890625
-558.5,2535,97792,45.0,0,1,0.0001,-0.5792190907523036,3.9625091552734375,0.007994553,1520,-0.013197699572629062,0.2,18.30535755958408,-62.43133904864546,0.6282686591148376,0.061279296875
-583.0,2567,98304,45.0,0,1,0.0001,-0.49621182633563876,3.7658369541168213,0.007554747,1528,-0.019754819193622097,0.2,7.845418142154813,-60.98506974614225,0.22052258253097534,0.12158203125
-588.5,2807,98816,45.0,0,1,0.0001,-0.50414162944071,6.944167137145996,0.008015715,1536,-0.01443521652254276,0.2,22.19311679713428,-58.17009168462362,0.3865620493888855,0.07373046875
-588.5,2725,99328,45.0,0,1,0.0001,-0.3587326545966789,1.051754355430603,0.039211035,1544,-0.018194483818660956,0.2,5.611978610046208,-56.207968718498016,-1.7033004760742188,0.093505859375
-588.5,2824,99840,45.0,0,1,0.0001,-0.28437302296515554,1.498616337776184,0.0068685017,1552,-0.009858158860879485,0.2,6.497982496395707,-53.87565899507608,0.12402629852294922,0.051513671875
-573.5,2583,100352,45.0,0,1,0.0001,-0.2702146890806034,2.0782647132873535,0.0024427222,1560,-0.002525931478885468,0.2,18.70457928813994,-51.32938320722431,0.09580975770950317,0.010009765625
-557.0,2360,100864,45.0,0,1,0.0001,-0.27536818280350417,2.915674924850464,0.0042318692,1568,-0.008913812758692075,0.2,13.238369045779109,-49.26211611344479,0.4034233093261719,0.030029296875
-557.0,2603,101376,45.0,0,1,0.0001,-0.34906421252526343,3.930500030517578,0.0049789953,1576,-0.012212175905006006,0.2,21.15349362231791,-47.72918094313704,0.610959380865097,0.0380859375
-547.5,1866,101888,45.0,0,1,0.0001,-0.296917044906877,2.501927137374878,0.011409774,1584,-0.021410480279882904,0.2,9.347575573250651,-46.577609830405564,0.6618956923484802,0.062255859375
-534.0,2183,102400,45.0,0,1,0.0001,-0.2601463117171079,2.376084327697754,0.0014150935,1592,-0.007306673229322769,0.2,25.269357681274414,-44.16539174795151,0.5780745148658752,0.01708984375
-523.0,2313,102912,45.0,0,1,0.0001,-0.3635512493783608,3.5275967121124268,0.0056446698,1600,-0.016535152462893166,0.2,14.012822614982724,-43.51704677694011,0.23192739486694336,0.036865234375
-508.0,2430,103424,45.0,0,1,0.0001,-0.30038342345505953,1.5271525382995605,0.0036870665,1608,-0.011524444278620649,0.2,6.90439860150218,-41.947789216120725,0.15402543544769287,0.03955078125
-502.0,2602,103936,45.0,0,1,0.0001,-0.314910598914139,1.0912411212921143,0.019664396,1616,-0.014905410374922212,0.2,7.586343142203987,-40.21415188875515,0.0411795973777771,0.060302734375
-510.5,2593,104448,45.0,0,1,0.0001,-0.2351845576777123,0.5941501259803772,0.008634103,1624,-0.01412506553606363,0.2,3.1725954404100776,-38.94683752350975,-0.04170835018157959,0.0478515625
-493.5,2303,104960,45.0,0,1,0.0001,-0.2565951881115325,0.3064827620983124,0.017059583,1632,-0.019392503614653833,0.2,2.6580050457268953,-38.918992606299,0.11855864524841309,0.085693359375
-496.0,2358,105472,45.0,0,1,0.0001,-0.33285274263471365,5.013096332550049,0.009931058,1640,-0.014054151739401277,0.2,8.95245652552694,-39.783000331902876,0.5641654431819916,0.0625
-468.5,2036,105984,45.0,0,1,0.0001,-0.28443177649751306,1.181695818901062,0.009164529,1648,-0.019225787844334263,0.2,8.118553269654512,-40.22780145813711,0.6682930588722229,0.054443359375
-442.5,2049,106496,45.0,0,1,0.0001,-0.2761386064812541,2.7284481525421143,0.005703207,1656,-0.017848150790086947,0.2,10.79827070236206,-42.37741362491622,0.6280867755413055,0.0517578125
-436.5,2075,107008,45.0,0,1,0.0001,-0.37682122259866446,3.7738683223724365,0.011830479,1664,-0.011838519072625786,0.2,8.771060073748231,-43.57443918140605,0.47573769092559814,0.066650390625
-433.0,1584,107520,45.0,0,1,0.0001,-0.3908601002767682,4.444349765777588,0.010252034,1672,-0.0258363604589249,0.2,11.767681816592813,-44.69248625027016,0.6311158239841461,0.08154296875
-417.5,2182,108032,45.0,0,1,0.0001,-0.3841544479364529,7.824173927307129,0.0038561234,1680,-0.014041114649444353,0.2,12.673559103161097,-44.80897751400247,0.6119908690452576,0.045654296875
-413.5,2155,108544,45.0,0,1,0.0001,-0.35996282543055713,4.267875671386719,0.013262144,1688,-0.01943535664031515,0.2,15.059051221236587,-44.84962169026956,0.7450032830238342,0.1171875
-411.5,2497,109056,45.0,0,1,0.0001,-0.3887986243935302,4.27230978012085,0.010202144,1696,-0.020240929487044923,0.2,16.49776292592287,-44.577978770267215,0.5159304141998291,0.10693359375
-439.5,2466,109568,45.0,0,1,0.0001,-0.20886349398642778,1.0547860860824585,0.008727781,1704,-0.015366205960162915,0.2,4.984359760768712,-42.86931668354198,0.7479936480522156,0.062744140625
-442.5,2221,110080,45.0,0,1,0.0001,-0.28691134054679424,0.5573198795318604,0.015691526,1712,-0.017537147032271605,0.2,5.446824892424047,-41.618544939178975,0.35460102558135986,0.091552734375
-475.5,2500,110592,45.0,0,1,0.0001,-0.25522908597486094,0.5731531977653503,0.011361515,1720,-0.014956728799006669,0.2,4.858982192352414,-40.267927443766965,0.5138131976127625,0.048095703125
-500.0,2470,111104,45.0,0,1,0.0001,-0.32780687359627336,3.7482516765594482,0.011106659,1728,-0.02053063294806634,0.2,3.4273777317721397,-39.32530127543956,0.7316501438617706,0.068115234375
-506.5,2287,111616,45.0,0,1,0.0001,-0.30965324374847114,0.10342899709939957,0.023985416,1736,-0.021417711192043498,0.2,1.5528515513142338,-38.86896423617378,0.473616361618042,0.11328125
-524.0,2468,112128,45.0,0,1,0.0001,-0.4703379825223237,0.19994039833545685,0.016065937,1744,-0.019682148762512952,0.2,1.2128947196761146,-37.53210589485243,0.6361882388591766,0.123046875
-536.0,2875,112640,45.0,0,1,0.0001,-0.3843074762262404,0.22627748548984528,0.016265994,1752,-0.009755586259416305,0.2,0.5087153658387251,-36.893376944232735,0.2884736657142639,0.085693359375
-541.0,2508,113152,45.0,0,1,0.0001,-0.5945155841764063,0.03613481670618057,0.07118946,1760,-0.01098737330903532,0.2,0.44890369882341474,-37.01311333701015,-1.2335786819458008,0.212890625
-543.0,2928,113664,45.0,0,1,0.0001,-0.7708835839293897,0.48356887698173523,0.008232912,1768,-0.010306766504072584,0.2,2.1400183057412505,-37.45972981307656,0.17706048488616943,0.08935546875
-522.5,2252,114176,45.0,0,1,0.0001,-0.7464485303498805,1.055296778678894,0.022473544,1776,-0.01669376558129443,0.2,3.891260091215372,-39.74929559770972,0.06431156396865845,0.2265625
-530.5,2743,114688,45.0,0,1,0.0001,-0.7076891832984984,3.4560256004333496,0.049403645,1784,-0.020244847968569957,0.2,8.82493344321847,-41.87869444273412,-0.33539044857025146,0.120849609375
-506.5,2480,115200,45.0,0,1,0.0001,-0.8508855542168021,4.379029273986816,0.01336041,1792,-0.016508006454387214,0.2,19.025772631168365,-45.14911306507886,-0.11980330944061279,0.1328125
-510.5,1748,115712,45.0,0,1,0.0001,-0.7907749316655099,4.683069229125977,0.0035494152,1800,-0.011966459424002096,0.2,17.73357529938221,-48.73564433814958,0.1452486515045166,0.08447265625
-509.5,2342,116224,45.0,0,1,0.0001,-0.7988029504194856,5.253563404083252,0.009852376,1808,-0.011584395280806348,0.2,23.421115219593048,-52.07366719152778,0.28822576999664307,0.066650390625
-511.0,2842,116736,45.0,0,1,0.0001,-0.8135788128711283,5.808504104614258,0.013195149,1816,-0.010400344792287797,0.2,17.824436232447624,-55.24197721494362,0.5086865425109863,0.083251953125
-517.5,2736,117248,45.0,0,1,0.0001,-0.8077204097062349,3.5867905616760254,0.01749734,1824,-0.015343055783887394,0.2,10.05699309706688,-59.262323717400434,0.19814997911453247,0.1552734375
-517.5,2601,117760,45.0,0,1,0.0001,-0.7994299489073455,3.539046287536621,0.013262836,1832,-0.00916301261895569,0.2,9.058832480572164,-62.06051645906642,0.4117398262023926,0.083984375
-510.5,2555,118272,45.0,0,1,0.0001,-0.779618380125612,2.7405099868774414,0.011013304,1840,-0.022337334245094098,0.2,4.9464975809678435,-64.21426527881995,0.2807772159576416,0.15771484375
-516.0,2208,118784,45.0,0,1,0.0001,-0.7622191957198083,2.708523750305176,0.017458523,1848,-0.011960089090280235,0.2,15.501091856509447,-65.03535946739838,0.42991143465042114,0.138427734375
-498.5,2332,119296,45.0,0,1,0.0001,-0.5904950175900012,12.269433975219727,0.0031251414,1856,-0.005488565991981886,0.2,39.215929590165615,-63.973128940686586,0.6727294027805328,0.006591796875
-505.5,2380,119808,45.0,0,1,0.0001,-0.6784512032754719,3.215134859085083,0.014952656,1864,-0.014545273348630872,0.2,20.776638561859727,-63.344704227373,0.45769625902175903,0.14501953125
-479.5,2149,120320,45.0,0,1,0.0001,-0.6191231193952262,2.682992935180664,0.012544503,1872,-0.022204249471542425,0.2,10.664878726005554,-63.09891171276569,0.6931537687778473,0.125
-472.5,2161,120832,45.0,0,1,0.0001,-0.5822297818958759,10.1494722366333,0.011730015,1880,-0.012072493964296882,0.2,21.196286633610725,-61.55157220292836,0.11304765939712524,0.06640625
-462.5,2556,121344,45.0,0,1,0.0001,-0.5136424610391259,5.841416358947754,0.013189365,1888,-0.011765928524255287,0.2,13.30150743573904,-60.751044808775184,0.09051698446273804,0.075439453125
-465.0,2793,121856,45.0,0,1,0.0001,-0.37089877505786717,2.5287468433380127,0.0068083405,1896,-0.007562796643469483,0.2,18.51088285073638,-58.27148768598214,0.0616571307182312,0.04931640625
-465.0,2626,122368,45.0,0,1,0.0001,-0.32792403851635754,2.9917845726013184,0.0033078436,1904,-0.008285471463750582,0.2,15.388467643409967,-54.96868474630639,-0.1142573356628418,0.03564453125
-433.0,2379,122880,45.0,0,1,0.0001,-0.32627843820955604,3.3251616954803467,0.0054174894,1912,-0.010353774916438852,0.2,14.130874820053577,-52.8460189463757,-0.03659343719482422,0.05029296875
-432.5,2300,123392,45.0,0,1,0.0001,-0.3573420976754278,7.341094970703125,0.0039337734,1920,-0.009977577108656988,0.2,16.755948767066002,-50.71414360251278,0.691237062215805,0.031005859375
-420.5,2130,123904,45.0,0,1,0.0001,-0.3213227257365361,5.55620813369751,0.0045398623,1928,-0.011596095864661038,0.2,30.204326014965773,-50.50678435154259,0.6788461804389954,0.037841796875
-435.0,2489,124416,45.0,0,1,0.0001,-0.41392445494420826,4.535895824432373,0.0037122937,1936,-0.010694782955397386,0.2,26.822942476719618,-48.3080582600832,-0.8939037322998047,0.044921875
-437.5,2172,124928,45.0,0,1,0.0001,-0.2184806476579979,1.7164223194122314,0.007865451,1944,-0.017422407086996827,0.2,5.6390216500731185,-46.701065031066534,-0.18626868724822998,0.0546875
-427.5,2108,125440,45.0,0,1,0.0001,-0.31359214684925973,3.147705078125,0.0085416585,1952,-0.01828913994540926,0.2,17.227732872590423,-45.97646616898477,0.402209997177124,0.095947265625
-432.5,2651,125952,45.0,0,1,0.0001,-0.32791887503117323,3.3047358989715576,0.01128543,1960,-0.019780576170887798,0.2,9.924724789336324,-45.232504430636766,0.5978461503982544,0.075439453125
-422.5,2542,126464,45.0,0,1,0.0001,-0.1964493002742529,1.0949758291244507,0.007677932,1968,-0.0090178404643666,0.2,5.304655807092786,-44.68305403809995,0.28399771451950073,0.044921875
-427.0,2195,126976,45.0,0,1,0.0001,-0.20499095361446962,2.344308614730835,0.004616624,1976,-0.009033605543663725,0.2,8.142802682705224,-44.60017772560939,0.38787877559661865,0.034912109375
-427.0,2279,127488,45.0,0,1,0.0001,-0.292026121285744,4.832701683044434,0.008011144,1984,-0.018087701049807947,0.2,13.860603533685207,-44.77636103866622,0.4849966764450073,0.057861328125
-434.5,2429,128000,45.0,0,1,0.0001,-0.2574436233844608,3.6797850131988525,0.004539461,1992,-0.017394949158187956,0.2,14.54064466431737,-43.23936373505742,0.44888728857040405,0.062744140625
-440.5,2260,128512,45.0,0,1,0.0001,-0.25173726060893387,1.9443053007125854,0.0075496277,2000,-0.012248780905792955,0.2,9.541689971461892,-41.759849066883326,0.5560930073261261,0.055908203125
-425.0,2263,129024,45.0,0,1,0.0001,-0.2821844546124339,1.9383201599121094,0.008228059,2008,-0.017265429196413606,0.2,8.199256179854274,-41.61964296486229,0.6186213493347168,0.06884765625
-442.0,1641,129536,45.0,0,1,0.0001,-0.27276020136196166,3.639112710952759,0.008608383,2016,-0.019467783349682577,0.2,12.218323480337858,-40.68131489682943,0.5942230820655823,0.066162109375
-454.0,2414,130048,45.0,0,1,0.0001,-0.29333589889574796,4.0795722007751465,0.008403508,2024,-0.014974756359151797,0.2,11.278474492952228,-39.80719751987606,0.7271952033042908,0.064208984375
-456.5,2717,130560,45.0,0,1,0.0001,-0.26064162637339905,4.0345139503479,0.0048151454,2032,-0.016761939295975026,0.2,8.786132748238742,-38.97656211247668,0.7421474456787109,0.046630859375
-464.0,2784,131072,45.0,0,1,0.0001,-0.18233640154358,0.9659945964813232,0.008128095,2040,-0.006226483928912785,0.2,2.6214176644571126,-38.61437489412725,0.1774005889892578,0.048583984375
-476.0,2666,131584,45.0,0,1,0.0001,-0.1533640361740254,0.7744585275650024,0.012534783,2048,-0.014074188758968376,0.2,2.7221585200168192,-38.309393494054675,0.3975457549095154,0.035400390625
-493.5,2344,132096,45.0,0,1,0.0001,-0.1639293043408543,0.38609594106674194,0.013735987,2056,-0.007912820321507752,0.2,1.585744789801538,-37.57621689945459,0.6554412543773651,0.061279296875
-507.5,2499,132608,45.0,0,1,0.0001,-0.23375191749073565,0.3515203297138214,0.013858518,2064,-0.011555236833373783,0.2,2.7667457594070584,-37.23943969622255,-0.222883939743042,0.082275390625
-525.0,2204,133120,45.0,0,1,0.0001,-0.1785427408758551,0.17338718473911285,0.0048439093,2072,-0.008106681711069541,0.2,0.947971471643541,-36.99335992118344,0.5649342834949493,0.0390625
-522.5,2554,133632,45.0,0,1,0.0001,-0.2852388439932838,0.21164007484912872,0.014908714,2080,-0.02032113775931066,0.2,2.189738997258246,-36.4483356644772,0.4844595193862915,0.092529296875
-548.5,2148,134144,45.0,0,1,0.0001,-0.20018329232698306,0.30651676654815674,0.010732979,2088,-0.017688822277705185,0.2,2.3475990807637572,-36.740130988359454,0.3346981406211853,0.0419921875
-548.0,2486,134656,45.0,0,1,0.0001,-0.28577474842313677,1.7956966161727905,0.005633694,2096,-0.008284359922981821,0.2,4.867427323944867,-37.598288853280245,0.735281378030777,0.036376953125
-554.5,2747,135168,45.0,0,1,0.0001,-0.2029975812183693,0.16037282347679138,0.024846995,2104,-0.014941941313736606,0.2,2.877380727790296,-39.32531067829579,-0.19899046421051025,0.072998046875
-551.0,2363,135680,45.0,0,1,0.0001,-0.15077826718334109,2.4324822425842285,0.0065498496,2112,-0.011350846427376382,0.2,2.3698812142247334,-40.97607861155644,0.3751600980758667,0.043212890625
-549.0,2815,136192,45.0,0,1,0.0001,-0.30690785113256425,2.5577473640441895,0.010707956,2120,-0.028198075146065094,0.2,7.922560867853463,-43.20309932263568,0.6982599198818207,0.085693359375
-542.5,2357,136704,45.0,0,1,0.0001,-0.17039070080500096,0.2637799382209778,0.0064574024,2128,-0.01184186784666963,0.2,2.2655190739315003,-43.8081872677058,0.6711326241493225,0.03125
-545.0,2636,137216,45.0,0,1,0.0001,-0.26988296303898096,0.6376034617424011,0.016123883,2136,-0.014632766520662699,0.2,3.1783701917156577,-44.289268341474234,0.4242668151855469,0.069580078125
-564.5,1791,137728,45.0,0,1,0.0001,-0.1853675970924087,0.7191619873046875,0.0035208724,2144,-0.00693757577391807,0.2,3.6609945744276047,-43.46325975978747,0.36220037937164307,0.04931640625
-572.0,2615,138240,45.0,0,1,0.0001,-0.23018411331577227,1.1540509462356567,0.0071855704,2152,-0.013705310499062762,0.2,2.34848446957767,-42.863546582777055,0.6785802841186523,0.056884765625
-574.0,2284,138752,45.0,0,1,0.0001,-0.20536592788994312,0.22194409370422363,0.011942325,2160,-0.024349711609829683,0.2,2.5121991164050996,-41.636749821975826,0.7754856050014496,0.07421875
-578.0,2761,139264,45.0,0,1,0.0001,-0.3478232300840318,1.193743109703064,0.011407604,2168,-0.023033458535792306,0.2,4.02528791106306,-40.270450911540536,0.6171858906745911,0.095703125
-570.0,2615,139776,45.0,0,1,0.0001,-0.1811486681108363,0.07432135194540024,0.010246997,2176,-0.016741334649850614,0.2,1.0229764399118721,-39.13689252661541,0.4046391248703003,0.062744140625
-567.0,2452,140288,45.0,0,1,0.0001,-0.17024397326167673,0.5405229330062866,0.005228447,2184,-0.010260474995448021,0.2,2.976221174467355,-39.173605644833295,0.5007874667644501,0.038818359375
-567.0,2662,140800,45.0,0,1,0.0001,-0.2931322449585423,1.801788330078125,0.007436478,2192,-0.014183103674440645,0.2,4.887110629118979,-39.3409646561183,0.6926673650741577,0.04833984375
-556.5,2494,141312,45.0,0,1,0.0001,-0.2219989289296791,0.5675435066223145,0.006400225,2200,-0.013421113246295135,0.2,1.911844089627266,-40.79229541864246,0.841834232211113,0.054931640625
-559.0,2732,141824,45.0,0,1,0.0001,-0.3302716644247994,0.44077831506729126,0.016141796,2208,-0.02144503051022184,0.2,2.0885247457772493,-42.560597753804174,-0.06670904159545898,0.072998046875
-543.5,2596,142336,45.0,0,1,0.0001,-0.3850280395708978,0.813530683517456,0.011884218,2216,-0.01835764613133506,0.2,1.9126043608412147,-44.21982650898397,0.6677506566047668,0.082763671875
-539.0,2444,142848,45.0,0,1,0.0001,-0.4483890999108553,0.19607973098754883,0.020272976,2224,-0.02475920941651566,0.2,2.0841927288565785,-45.66154220335186,0.5493240654468536,0.101806640625
-539.0,2451,143360,45.0,0,1,0.0001,-0.5306602148339152,1.2544898986816406,0.008551364,2232,-0.016732127667637542,0.2,2.2095742837991565,-46.28059971390292,0.6716640591621399,0.11083984375
-531.0,2525,143872,45.0,0,1,0.0001,-0.6464954356197268,0.6042231917381287,0.054107375,2240,-0.03184798385336762,0.2,2.337212986778468,-46.607450927887115,0.6063466966152191,0.335693359375
-536.5,2893,144384,45.0,0,1,0.0001,-0.6967213223688304,1.734204649925232,0.014771352,2248,-0.018798968812916428,0.2,2.82403105776757,-46.948600843008606,0.1993442177772522,0.19189453125
-547.5,2891,144896,45.0,0,1,0.0001,-0.6810219851322472,0.9339855909347534,0.01995029,2256,-0.022893771616509184,0.2,2.138118323404342,-47.24087378209457,0.09402793645858765,0.228271484375
-555.0,2651,145408,45.0,0,1,0.0001,-0.6807859381660819,0.6841334104537964,0.020760257,2264,-0.02303373558243038,0.2,4.569376610219479,-48.135847819205374,0.48578041791915894,0.285888671875
-558.0,2630,145920,45.0,0,1,0.0001,-0.6624622973613441,2.095371961593628,0.012778602,2272,-0.008005644187505823,0.2,8.59031424112618,-50.468353857379405,0.6283197402954102,0.095458984375
-545.5,2456,146432,45.0,0,1,0.0001,-0.6561759822070599,3.8032989501953125,0.0095369425,2280,-0.008857830580382142,0.2,9.894387677311897,-53.63641544261947,0.5092726647853851,0.032470703125
-541.0,1798,146944,45.0,0,1,0.0001,-0.6577279618941247,2.3895952701568604,0.0062870253,2288,-0.008134461684676353,0.2,13.12105806171894,-57.29899015286937,0.46378564834594727,0.0380859375
-501.5,2014,147456,45.0,0,1,0.0001,-0.6297325128689408,5.22337007522583,0.0026933088,2296,-0.011123018506623339,0.2,16.52477642148733,-60.01308244470507,-0.19230782985687256,0.027587890625
-507.5,2275,147968,45.0,0,1,0.0001,-0.6959540885873139,5.456417560577393,0.007924736,2304,-0.013072424713755026,0.2,16.191975362598896,-62.30729455139488,0.44244104623794556,0.048828125
-505.0,2489,148480,45.0,0,1,0.0001,-0.7121452055871487,1.9800052642822266,0.010079863,2312,-0.01731933037081035,0.2,15.965489737689495,-65.06930483169853,0.08301651477813721,0.077392578125
-500.0,2432,148992,45.0,0,1,0.0001,-0.6842716564424336,2.718921422958374,0.025421504,2320,-0.01226811718515819,0.2,11.478794820606709,-66.75624667093157,0.4293581247329712,0.184814453125
-492.0,2575,149504,45.0,0,1,0.0001,-0.6807244019582868,2.6598916053771973,0.017142588,2328,-0.01913792006598669,0.2,17.680846763774753,-67.76654953885823,0.48396366834640503,0.140625
-493.5,2302,150016,45.0,0,1,0.0001,-0.6002151593565941,1.5167804956436157,0.029380444,2336,-0.021519954683753895,0.2,4.824773821979761,-67.2907584798336,0.4591975808143616,0.3486328125
-476.5,2186,150528,45.0,0,1,0.0001,-0.5818412252701819,2.721571922302246,0.012654319,2344,-0.020429748819879023,0.2,10.311532204970717,-65.44189074629918,0.6995579600334167,0.150146484375
-481.5,2207,151040,45.0,0,1,0.0001,-0.49963287776336074,10.315533638000488,0.005570881,2352,-0.011910609435290098,0.2,36.9311212785542,-61.85225617052987,0.5825174450874329,0.027587890625
-480.0,2336,151552,45.0,0,1,0.0001,-0.5236632369924337,0.9634562730789185,0.014182642,2360,-0.015864569519180804,0.2,13.765704585239291,-59.767106881123034,0.14784979820251465,0.066650390625
-447.5,1775,152064,45.0,0,1,0.0001,-0.42765573994256556,2.105435609817505,0.011759579,2368,-0.020566525403410196,0.2,9.11423880327493,-57.162358075734225,-0.01555478572845459,0.11572265625
-437.5,1723,152576,45.0,0,1,0.0001,-0.5468284348025918,6.293233871459961,0.008794078,2376,-0.01727919625409413,0.2,14.909671138972044,-55.22139181369916,0.451957643032074,0.054931640625
-441.5,2403,153088,45.0,0,1,0.0001,-0.4157355451025069,1.3680607080459595,0.016025603,2384,-0.013407298622041708,0.2,9.66267236508429,-52.698150560744104,0.3682270050048828,0.067626953125
-423.0,2461,153600,45.0,0,1,0.0001,-0.353965388960205,2.7470738887786865,0.010312348,2392,-0.014437918747717049,0.2,8.432986924424767,-51.942191339544955,0.039131104946136475,0.07080078125
-423.0,2567,154112,45.0,0,1,0.0001,-0.3207345169503242,2.425184726715088,0.009996696,2400,-0.01917358967330074,0.2,9.315233629196882,-49.80448371421546,0.41599607467651367,0.072509765625
-421.0,2258,154624,45.0,0,1,0.0001,-0.2989861979149282,2.210994005203247,0.008517392,2408,-0.012519155417976435,0.2,7.497634720057249,-47.50353165080771,0.5252063572406769,0.050048828125
-419.5,2230,155136,45.0,0,1,0.0001,-0.35467929707374424,1.1618443727493286,0.0058610546,2416,-0.01048919541790383,0.2,9.399800036102533,-46.029303663317116,0.49837642908096313,0.0810546875
-412.0,2432,155648,45.0,0,1,0.0001,-0.38147228001616895,1.4659746885299683,0.0083511155,2424,-0.0145166861875623,0.2,9.515478333458304,-45.65265800124034,0.2823941111564636,0.061279296875
-433.5,2471,156160,45.0,0,1,0.0001,-0.2759093538625166,0.8342866897583008,0.006804802,2432,-0.018267350853420794,0.2,6.253432978875935,-43.365087658893316,0.6128574013710022,0.0546875
-481.0,2054,156672,45.0,0,1,0.0001,-0.2714060734724626,3.396055221557617,0.006801747,2440,-0.014751631286344491,0.2,4.238665119744837,-42.17136264378205,0.33535265922546387,0.052734375
-500.0,2482,157184,45.0,0,1,0.0001,-0.4087820374406874,1.6549054384231567,0.014728662,2448,-0.02154017103748629,0.2,3.6664771041832864,-41.28724574400112,0.6367714405059814,0.091064453125
-474.5,2285,157696,45.0,0,1,0.0001,-0.2747373101301491,0.2613162696361542,0.014067978,2456,-0.019415646194829606,0.2,2.302298038266599,-40.594022739622744,0.45014262199401855,0.088134765625
-478.5,2532,158208,45.0,0,1,0.0001,-0.2534131855936721,0.4872667193412781,0.0072727758,2464,-0.022763473923987476,0.2,4.819098841864616,-40.64308109540492,0.032966792583465576,0.08203125
-485.0,2553,158720,45.0,0,1,0.0001,-0.1991994115523994,1.1768109798431396,0.007896697,2472,-0.014800231398112373,0.2,2.7800158746540546,-39.967253428660335,-0.18983936309814453,0.062255859375
-488.0,2386,159232,45.0,0,1,0.0001,-0.22146777721354738,0.15672127902507782,0.011236625,2480,-0.01949623742257245,0.2,1.9189838013553526,-40.95887858796865,0.21604716777801514,0.068359375
-500.5,2544,159744,45.0,0,1,0.0001,-0.31349425739608705,0.3162458539009094,0.01345248,2488,-0.017092743517423514,0.2,2.1460778154432774,-41.69178222425282,0.5699482858181,0.072265625
-502.5,1779,160256,45.0,0,1,0.0001,-0.29540304851252586,1.275577425956726,0.01298661,2496,-0.022985819734458346,0.2,2.394822771428153,-42.317516246624294,0.5775700509548187,0.083984375
-498.0,2431,160768,45.0,0,1,0.0001,-0.2751057823188603,1.149863362312317,0.01620761,2504,-0.015291150812117849,0.2,4.901238216785714,-43.465426496602596,0.5758321583271027,0.072021484375
-489.5,2040,161280,45.0,0,1,0.0001,-0.2586286769947037,0.22327744960784912,0.0063820668,2512,-0.014702629552630242,0.2,2.85115044307895,-43.695099773649126,0.38494813442230225,0.042724609375
-494.0,2623,161792,45.0,0,1,0.0001,-0.40200434159487486,2.7188568115234375,0.009228986,2520,-0.02019960522011388,0.2,10.213863406330347,-43.8782699617371,0.4600880742073059,0.095947265625
-504.0,2775,162304,45.0,0,1,0.0001,-0.23506757733412087,0.7996354699134827,0.008367135,2528,-0.02044290063349763,0.2,5.3724505407735705,-43.30119525784627,0.588841438293457,0.0615234375
-503.5,2415,162816,45.0,0,1,0.0001,-0.1605832445784472,0.8013371825218201,0.007124399,2536,-0.013250009207695257,0.2,2.4105725986883044,-42.09952109547332,0.5405717492103577,0.036865234375
-505.0,2827,163328,45.0,0,1,0.0001,-0.26328196935355663,1.6414223909378052,0.0059497487,2544,-0.013463196439261083,0.2,7.942242838442326,-41.62102157749236,0.49351727962493896,0.041259765625
-507.0,2600,163840,45.0,0,1,0.0001,-0.1705767006787937,0.2734396755695343,0.0077846264,2552,-0.02049395853828173,0.2,2.3783059322740883,-40.20608235917985,0.606567919254303,0.040771484375
-511.0,2504,164352,45.0,0,1,0.0001,-0.21624198515200987,0.7486091256141663,0.00652926,2560,-0.013586043532995973,0.2,4.529466572566889,-39.43329855889082,0.48958325386047363,0.0458984375
-521.0,2615,164864,45.0,0,1,0.0001,-0.23098824126645923,0.6078149676322937,0.0035271784,2568,-0.009397601897944696,0.2,2.6471250066533685,-38.12513620123267,0.3421866297721863,0.029541015625
-529.0,2309,165376,45.0,0,1,0.0001,-0.15849642184912227,0.5745595097541809,0.018526591,2576,-0.013344939761736896,0.2,1.9761574458680116,-38.058889943156395,0.6919396817684174,0.0595703125
-544.5,2082,165888,45.0,0,1,0.0001,-0.2909010387957096,0.265325129032135,0.005539176,2584,-0.011910345587239135,0.2,1.7365440540015697,-38.77455439968035,0.8273706883192062,0.0419921875
-551.0,2740,166400,45.0,0,1,0.0001,-0.3788739872397855,0.6161389350891113,0.011500602,2592,-0.02232994704536395,0.2,3.5311014777980745,-39.24291400648654,0.6318781077861786,0.07373046875
-551.0,2763,166912,45.0,0,1,0.0001,-0.21168539102654904,0.6743285059928894,0.012299499,2600,-0.021896426216699183,0.2,5.93643987365067,-40.16894059527665,0.49172019958496094,0.074462890625
-566.5,2815,167424,45.0,0,1,0.0001,-0.16937207331648096,0.24238978326320648,0.006963466,2608,-0.016593892527453136,0.2,1.4986575902439654,-42.38250401403755,0.12721669673919678,0.05419921875
-558.5,2539,167936,45.0,0,1,0.0001,-0.15806263941340148,0.2395736277103424,0.010594339,2616,-0.016562226650421508,0.2,1.1594439325854182,-43.09723070139066,0.021591007709503174,0.043701171875
-551.0,2790,168448,45.0,0,1,0.0001,-0.2301388611085713,2.183955192565918,0.00909229,2624,-0.02925360832887236,0.2,21.756011757766828,-44.74653516029939,0.19972574710845947,0.095703125
-562.0,2468,168960,45.0,0,1,0.0001,-0.18621336988871917,0.10080017149448395,0.009185544,2632,-0.012121902349463198,0.2,1.6483523580245674,-45.15019164891913,0.44182997941970825,0.036865234375
-553.0,2742,169472,45.0,0,1,0.0001,-0.3143561918986961,0.15268218517303467,0.01123753,2640,-0.028954164758033585,0.2,1.8885824648896232,-45.19368951395154,-0.06111884117126465,0.080322265625
-544.5,2420,169984,45.0,0,1,0.0001,-0.26371303375344723,0.17647363245487213,0.01120679,2648,-0.013646389968926087,0.2,2.0477621710160747,-44.37742996657267,0.6185939013957977,0.048828125
-545.5,2554,170496,45.0,0,1,0.0001,-0.3481023343047127,0.7178478240966797,0.014546621,2656,-0.019367265136679634,0.2,2.737491119885817,-43.186018267944455,0.5322875380516052,0.0693359375
-545.5,2949,171008,45.0,0,1,0.0001,-0.3711563281249255,0.2335004359483719,0.016428333,2664,-0.01741732775553828,0.2,1.6094662769464776,-41.72198047826067,0.4015887379646301,0.090087890625
-545.5,2823,171520,45.0,0,1,0.0001,-0.3829693696461618,0.20736414194107056,0.010393105,2672,-0.018825771840056404,0.2,0.6057617876213044,-40.775147795770316,-0.47344017028808594,0.091064453125
-540.5,2724,172032,45.0,0,1,0.0001,-0.42201393633149564,0.4478374719619751,0.0155943595,2680,-0.012093545934476424,0.2,1.9010531599633396,-40.683588041961194,0.2804831266403198,0.068359375
-541.5,2412,172544,45.0,0,1,0.0001,-0.5429509638343006,1.0417799949645996,0.0086085815,2688,-0.011425500306359027,0.2,4.205226221121848,-41.35258417937904,0.13976234197616577,0.064453125
-541.5,2769,173056,45.0,0,1,0.0001,-0.5678466497920454,1.1652222871780396,0.0034225972,2696,-0.008918201368942391,0.2,5.29604067094624,-42.44272006656975,0.48168522119522095,0.02978515625
-526.0,2413,173568,45.0,0,1,0.0001,-0.6158603667281568,0.875993549823761,0.008963347,2704,-0.018704680471273605,0.2,3.8419301211833954,-44.710811422057446,0.5819291174411774,0.13671875
-528.0,2739,174080,45.0,0,1,0.0001,-0.6349853640422225,1.7864151000976562,0.012518674,2712,-0.01200555296964012,0.2,8.310108092613518,-47.48942804101855,0.539226621389389,0.0390625
-524.5,2175,174592,45.0,0,1,0.0001,-0.6726649985648692,1.1059271097183228,0.006467062,2720,-0.008179783835657872,0.2,3.85225448012352,-50.4536932336539,0.14576607942581177,0.031005859375
-530.5,2442,175104,45.0,0,1,0.0001,-0.6716489791870117,0.9449061751365662,0.008045714,2728,-0.010520798809011467,0.2,4.149279040284455,-53.316106385216116,0.5021505057811737,0.041748046875
-524.0,2734,175616,45.0,0,1,0.0001,-0.6033336953260005,1.1186435222625732,0.011833118,2736,-0.01795014424715191,0.2,4.2585790399461985,-56.25081340108067,0.42887115478515625,0.106201171875
-509.5,2524,176128,45.0,0,1,0.0001,-0.5318377688527107,0.5579166412353516,0.021595843,2744,-0.023477794828068,0.2,2.0769756454974413,-58.01185543745756,0.36920708417892456,0.14892578125
-514.5,2792,176640,45.0,0,1,0.0001,-0.5105211636982858,10.410799980163574,0.026566688,2752,-0.024882368168618996,0.2,21.940653456375003,-60.29075922966003,0.3106667995452881,0.11962890625
-514.5,2612,177152,45.0,0,1,0.0001,-0.37172845331951976,0.26937276124954224,0.010961646,2760,-0.021021043885411927,0.2,1.3351008885074407,-60.14377514198422,-0.26443397998809814,0.1220703125
-514.5,2590,177664,45.0,0,1,0.0001,-0.3197990950429812,0.49988532066345215,0.044076443,2768,-0.021692854032153264,0.2,1.9842444465029985,-59.35359382912517,0.7052454054355621,0.1298828125
-522.0,2313,178176,45.0,0,1,0.0001,-0.24510351271601394,0.9808763861656189,0.009299107,2776,-0.01374780664264108,0.2,3.3439415777102113,-57.734020497351885,0.3623647093772888,0.056884765625
-522.0,1826,178688,45.0,0,1,0.0001,-0.3101717084646225,3.419450521469116,0.007646126,2784,-0.02209331682388438,0.2,6.092232600785792,-55.90813845757395,0.503544807434082,0.06103515625
-535.0,2167,179200,45.0,0,1,0.0001,-0.29142473556566983,0.8942603468894958,0.006254882,2792,-0.016712329714209773,0.2,7.770097242668271,-53.45366897314787,-0.10134422779083252,0.053955078125
-518.0,2379,179712,45.0,0,1,0.0001,-0.30846064316574484,2.3003368377685547,0.0044663083,2800,-0.00838663387548877,0.2,6.279744973871857,-50.44227945640683,-0.3346672058105469,0.043212890625
-519.0,2214,180224,45.0,0,1,0.0001,-0.26844738179352134,1.8771555423736572,0.008251879,2808,-0.019419313852267805,0.2,4.023417979246005,-48.23877326980233,0.5525931417942047,0.08154296875
-514.0,2392,180736,45.0,0,1,0.0001,-0.3109906438039616,0.5627270340919495,0.009474028,2816,-0.02018098236658261,0.2,3.945469035767019,-45.291614055894314,0.006772935390472412,0.061279296875
-504.0,2341,181248,45.0,0,1,0.0001,-0.2170806386275217,1.2835503816604614,0.006449908,2824,-0.011941922864934895,0.2,4.911859542131424,-43.77912210440263,-0.43564391136169434,0.04248046875
-504.0,2218,181760,45.0,0,1,0.0001,-0.22922427020967007,0.7720603942871094,0.009668853,2832,-0.02004030124953715,0.2,2.726620572153479,-43.042446770891544,-0.1355733871459961,0.064453125
-514.0,2472,182272,45.0,0,1,0.0001,-0.33335943485144526,1.417799949645996,0.01025114,2840,-0.012424000655300915,0.2,7.80659141857177,-43.01168668949977,0.3921390175819397,0.07666015625
-516.5,2730,182784,45.0,0,1,0.0001,-0.2374837893876247,2.093276023864746,0.0076738833,2848,-0.010836079876753502,0.2,5.783534071408212,-42.78847611153498,0.7325678467750549,0.04833984375
-513.5,2350,183296,45.0,0,1,0.0001,-0.1794512738706544,1.7517789602279663,0.0041870526,2856,-0.007086642261128873,0.2,5.806486503221095,-42.523841617014256,0.5161544680595398,0.021484375
-507.0,2534,183808,45.0,0,1,0.0001,-0.27589239785447717,1.0611060857772827,0.010583408,2864,-0.018186006731411908,0.2,4.0598714258521795,-42.90619005313143,0.7200813591480255,0.07470703125
-525.5,2844,184320,45.0,0,1,0.0001,-0.22892961732577533,0.6003017425537109,0.010381865,2872,-0.013543625602324028,0.2,2.5495058689266443,-43.14821785600856,0.7150958180427551,0.04443359375
-550.5,2902,184832,45.0,0,1,0.0001,-0.11031811687280424,0.23179937899112701,0.009641437,2880,-0.009907470430334797,0.2,1.098459240864031,-42.20350963966921,-0.7510566711425781,0.044921875
-548.5,2797,185344,45.0,0,1,0.0001,-0.10271396073221695,0.022975757718086243,0.008122019,2888,-0.008959307764598634,0.2,0.7173070649150759,-41.34716150449589,-1.5095643997192383,0.03369140625
-560.0,2757,185856,45.0,0,1,0.0001,-0.1311175487935543,0.058892302215099335,0.0067937938,2896,-0.012010491103865206,0.2,0.3011402223855839,-40.52219566067681,0.2222881317138672,0.047607421875
-574.5,2346,186368,45.0,0,1,0.0001,-0.11231545137707144,0.1537490338087082,0.006409672,2904,-0.009900392840791028,0.2,1.407950830180198,-39.3235280575417,0.37235212326049805,0.039794921875
-571.5,1781,186880,45.0,0,1,0.0001,-0.1643913463340141,2.345201253890991,0.0026832665,2912,-0.005805280132335611,0.2,8.617831340059638,-36.73586193200201,0.5560365915298462,0.02001953125
-559.5,2355,187392,45.0,0,1,0.0001,-0.23460236279061064,0.7535039782524109,0.0044549233,2920,-0.019187810150469886,0.2,3.6737798009999096,-35.55430525084957,0.5501930117607117,0.04931640625
-562.0,2495,187904,45.0,0,1,0.0001,-0.147245403873967,2.1000757217407227,0.0019965954,2928,-0.007682836811000016,0.2,7.132871626876295,-36.04995241476223,0.4840545654296875,0.01953125
-557.5,2251,188416,45.0,0,1,0.0001,-0.18855232547502965,1.024094820022583,0.0055064266,2936,-0.015199171499261865,0.2,3.7763702501542866,-36.16739412529394,-0.02910745143890381,0.048828125
-528.5,2345,188928,45.0,0,1,0.0001,-0.2145950539270416,0.7452391982078552,0.0060703144,2944,-0.010806107107782736,0.2,4.051663635764271,-36.758203673139214,0.647714376449585,0.03466796875
-531.0,2373,189440,45.0,0,1,0.0001,-0.19781590026104823,0.6708804368972778,0.0056971074,2952,-0.01513369057647651,0.2,3.7287971167825162,-37.85690225539729,0.5851733088493347,0.06005859375
-531.5,2709,189952,45.0,0,1,0.0001,-0.14101128521724604,0.3327215313911438,0.0038610431,2960,-0.009017392290843418,0.2,2.556945656775497,-38.99334404481575,0.41225725412368774,0.033447265625
-512.5,2345,190464,45.0,0,1,0.0001,-0.14776108608930372,0.4092768132686615,0.009249764,2968,-0.020955446801963262,0.2,1.2468539299443364,-39.75820074338466,0.263602077960968,0.056396484375
-506.5,2531,190976,45.0,0,1,0.0001,-0.19957766961306334,0.7856531143188477,0.014609695,2976,-0.017035505785315763,0.2,2.4352185339666903,-40.4641374710761,0.05510300397872925,0.06005859375
-509.5,2270,191488,45.0,0,1,0.0001,-0.18282040211488493,0.9766956567764282,0.0076367557,2984,-0.014404679604922421,0.2,3.981303500942886,-40.5271001047641,0.4353333115577698,0.04736328125
-521.5,2754,192000,45.0,0,1,0.0001,-0.1908338259672746,0.7973148822784424,0.0033521226,2992,-0.010381004045484588,0.2,4.880518947727978,-40.45938537299633,0.26234275102615356,0.023681640625
-524.0,2536,192512,45.0,0,1,0.0001,-0.12603454309282824,0.3288919925689697,0.009016501,3000,-0.013372830864682328,0.2,2.223875709809363,-39.278036889508364,0.53907310962677,0.03857421875
-540.0,2585,193024,45.0,0,1,0.0001,-0.19964862073538825,0.32448792457580566,0.008781595,3008,-0.014289920953160618,0.2,1.1625563269481063,-37.78951679892838,0.529792994260788,0.05419921875
-562.0,2660,193536,45.0,0,1,0.0001,-0.14592631539562717,0.1424899399280548,0.019644592,3016,-0.018510535090172198,0.2,0.5933836310287006,-36.953839653786275,0.48725205659866333,0.0556640625
-555.0,2593,194048,45.0,0,1,0.0001,-0.13354975206311792,0.07422269880771637,0.0067463377,3024,-0.016461137747683097,0.2,0.6705768833344337,-36.214821048006414,0.07642310857772827,0.04931640625
-555.0,2942,194560,45.0,0,1,0.0001,-0.13575941429007798,0.13004106283187866,0.006153023,3032,-0.017260600950976368,0.2,1.219908906845376,-35.538897682968525,0.2497538924217224,0.045654296875
-561.0,2470,195072,45.0,0,1,0.0001,-0.10846835919073783,0.4757745563983917,0.008620615,3040,-0.0084872151928721,0.2,1.884553193114698,-35.94997399386018,-0.12083983421325684,0.032470703125
-554.0,1710,195584,45.0,0,1,0.0001,-0.20277533889748156,1.4064834117889404,0.003142884,3048,-0.008812529849819839,0.2,6.135475222952664,-35.91256824251264,0.35246849060058594,0.028564453125
-538.5,2343,196096,45.0,0,1,0.0001,-0.2177626010379754,2.6893138885498047,0.0067643365,3056,-0.013427455807686783,0.2,6.4262181632220745,-36.31295230779797,0.5252401232719421,0.03857421875
-514.0,1892,196608,45.0,0,1,0.0001,-0.23281485040206462,1.2072995901107788,0.009133715,3064,-0.017778226756490767,0.2,4.510840762406588,-37.48168319521472,0.4015970230102539,0.054443359375
-502.5,2375,197120,45.0,0,1,0.0001,-0.2865705277072266,3.7526838779449463,0.008006656,3072,-0.010653866942448076,0.2,6.7750349077396095,-38.63336320992559,0.386102557182312,0.05419921875
-479.5,2190,197632,45.0,0,1,0.0001,-0.23516402923269197,0.16821379959583282,0.013130497,3080,-0.018356731234234758,0.2,2.552934076753445,-39.95384986948222,0.4243201017379761,0.056640625
-474.5,2504,198144,45.0,0,1,0.0001,-0.2586301770643331,0.5842694044113159,0.008546364,3088,-0.01613160972192418,0.2,3.7982974851038307,-41.282184059657155,-0.6187278032302856,0.05615234375
-482.5,2521,198656,45.0,0,1,0.0001,-0.1852696385467425,0.4308091402053833,0.022182053,3096,-0.016248190913756844,0.2,4.6473448714241385,-42.1703044433333,0.2681189179420471,0.062744140625
-474.5,2420,199168,45.0,0,1,0.0001,-0.17043257597833872,1.2681995630264282,0.015930753,3104,-0.018000270043557975,0.2,3.4946943814866245,-42.10491333592683,-0.05615198612213135,0.064208984375
-493.5,2446,199680,45.0,0,1,0.0001,-0.21780476835556328,0.8527593016624451,0.015389959,3112,-0.012332807287748437,0.2,5.264295153319836,-41.82240708678961,0.5100312829017639,0.056884765625
-492.0,2547,200192,45.0,0,1,0.0001,-0.2062095237779431,1.520617127418518,0.0112502575,3120,-0.011552496322110528,0.2,4.93833380471915,-41.42611981652677,0.7251885235309601,0.05224609375
-501.0,2600,200704,45.0,0,1,0.0001,-0.18179816572228447,1.3807357549667358,0.009183326,3128,-0.018610321938467678,0.2,4.918867429718375,-40.56462138365954,0.6287437677383423,0.049560546875
-514.5,2490,201216,45.0,0,1,0.0001,-0.18369540973799303,1.0072152614593506,0.007364143,3136,-0.006580517190741375,0.2,3.157748299650848,-39.12678570903838,0.46428418159484863,0.027587890625
-533.0,2716,201728,45.0,0,1,0.0001,-0.24296756950207055,0.38152435421943665,0.010815266,3144,-0.016388059542805422,0.2,1.804850897518918,-37.983496901709586,0.5340930819511414,0.050048828125
-550.5,2840,202240,45.0,0,1,0.0001,-0.4473657583585009,0.18542899191379547,0.13358751,3152,-0.03600779686530586,0.2,1.2101078522391617,-36.607904003337026,-0.6675459146499634,0.385986328125
-542.0,2361,202752,45.0,0,1,0.0001,-0.6149873347021639,0.7685288190841675,0.04114517,3160,-0.037271202774718404,0.2,2.0114187467843294,-35.05240531450138,-0.0499112606048584,0.3642578125
-533.0,2661,203264,45.0,0,1,0.0001,-0.6374062513932586,3.035738945007324,0.025879543,3168,-0.042048963528941385,0.2,6.08172245696187,-34.22659422835335,0.31356531381607056,0.394287109375
-542.0,2790,203776,45.0,0,1,0.0001,-0.6446021273732185,1.2426366806030273,0.020712754,3176,-0.040026383714575786,0.2,4.859104136005044,-34.87393809286878,0.2363142967224121,0.37353515625
-536.5,1812,204288,45.0,0,1,0.0001,-0.5978201413527131,2.945908784866333,0.019118529,3184,-0.01733965499443002,0.2,18.218802489340305,-37.765322335548696,0.15885859727859497,0.167724609375
-545.0,2630,204800,45.0,0,1,0.0001,-0.5586916385218501,9.83715534210205,0.008517273,3192,-0.010554118649451993,0.2,27.28963276743889,-41.38356944005936,0.0772283673286438,0.0595703125
-525.0,2670,205312,45.0,0,1,0.0001,-0.5103273901622742,5.764461517333984,0.0053085694,3200,-0.009863377639703685,0.2,29.921076830476522,-46.783152498137206,-0.008933544158935547,0.063232421875
-508.5,2385,205824,45.0,0,1,0.0001,-0.47329024015925825,6.157120704650879,0.0064424956,3208,-0.0044793338820454665,0.2,24.023494109511375,-51.90958062261343,0.006020069122314453,0.02783203125
-487.5,2895,206336,45.0,0,1,0.0001,-0.5173910949379206,7.051227569580078,0.0023639987,3216,-0.005834002746269107,0.2,32.847293958067894,-55.96182642513886,0.33365118503570557,0.01220703125
-477.5,2741,206848,45.0,0,1,0.0001,-0.4433620593044907,2.3907148838043213,0.012234446,3224,-0.009801510615943698,0.2,14.795968594029546,-60.414777111932636,-0.6444669961929321,0.104736328125
-479.0,2843,207360,45.0,0,1,0.0001,-0.4914744137786329,4.745621204376221,0.004096141,3232,-0.004301979326555738,0.2,39.4840381257236,-64.27202841160819,0.3141176104545593,0.101806640625
-453.5,2604,207872,45.0,0,1,0.0001,-0.5262327161617577,5.289445400238037,0.0053509646,3240,-0.010783427806018153,0.2,18.61821711435914,-68.2286283666268,0.2887157201766968,0.0712890625
-444.0,2549,208384,45.0,0,1,0.0001,-0.5657718165311962,5.593500137329102,0.007976689,3248,-0.008871851008734666,0.2,35.32581007480621,-69.9791902746819,0.6090885996818542,0.086669921875
-459.5,2604,208896,45.0,0,1,0.0001,-0.5843476946465671,2.613736152648926,0.010395138,3256,-0.009021340076287743,0.2,21.572906797751784,-70.05951331580057,0.6368567943572998,0.089111328125
-441.0,1992,209408,45.0,0,1,0.0001,-0.6273006084375083,10.153728485107422,0.010131659,3264,-0.01535573633009335,0.2,28.68145141750574,-70.06698662122712,0.006457149982452393,0.13525390625
-441.0,2586,209920,45.0,0,1,0.0001,-0.5881491925101727,24.950929641723633,0.0045468966,3272,-0.0061019041677354835,0.2,70.56649228930473,-66.74631070159376,0.5770789384841919,0.016845703125
-451.5,2263,210432,45.0,0,1,0.0001,-0.6223610965535045,7.745264530181885,0.010626873,3280,-0.021229600424703676,0.2,34.508204996585846,-65.88605977779254,0.7412627935409546,0.169189453125
-436.0,2515,210944,45.0,0,1,0.0001,-0.6007588664069772,21.318574905395508,0.013813971,3288,-0.01324646520515671,0.2,42.98057220876217,-65.8751056147553,0.7042176425457001,0.1376953125
-449.0,2854,211456,45.0,0,1,0.0001,-0.6090177400037646,11.916191101074219,0.02663843,3296,-0.024182997061870992,0.2,34.958405800163746,-64.56594457963482,0.4428495168685913,0.30810546875
-456.5,2699,211968,45.0,0,1,0.0001,-0.5269870560150594,2.011591672897339,0.03210511,3304,-0.03467489968170412,0.2,5.557567814365029,-64.24347009906545,-0.6622729301452637,0.387451171875
-480.5,2678,212480,45.0,0,1,0.0001,-0.392840274842456,3.020977735519409,0.009759684,3312,-0.012618359098269138,0.2,12.943441223353148,-61.597937385309486,0.07187533378601074,0.113037109375
-479.0,2528,212992,45.0,0,1,0.0001,-0.34308946621604264,2.8212661743164062,0.020305708,3320,-0.01728132998687215,0.2,8.985235840082169,-60.49169883776456,-0.2686126232147217,0.10302734375
-482.0,1685,213504,45.0,0,1,0.0001,-0.3039322856348008,3.3358912467956543,0.010331316,3328,-0.015542179215117358,0.2,10.231694620102644,-57.32145449589938,-0.10591995716094971,0.06787109375
-533.0,2382,214016,45.0,0,1,0.0001,-0.2579870359040797,3.661222457885742,0.0052794283,3336,-0.008970674105512444,0.2,14.945274757221341,-54.34532103404403,0.3634299039840698,0.0400390625
-545.0,2491,214528,45.0,0,1,0.0001,-0.2643459216924384,1.402440071105957,0.00907839,3344,-0.017302626314631198,0.2,9.880451954901218,-53.93319691041484,0.5986316502094269,0.07177734375
-563.5,2252,215040,45.0,0,1,0.0001,-0.22066285961773247,1.2720102071762085,0.0057585714,3352,-0.012282632451388054,0.2,8.654691619798541,-50.879244568236174,0.3688271641731262,0.0537109375
-565.5,2518,215552,45.0,0,1,0.0001,-0.2762682071188465,2.1921417713165283,0.0049110157,3360,-0.006865011695481371,0.2,10.2841004319489,-48.32945843629539,0.4402099847793579,0.0302734375
-558.0,2318,216064,45.0,0,1,0.0001,-0.18223764677532017,2.088747978210449,0.0037054862,3368,-0.005302146775647998,0.2,8.006491398438811,-45.17419210992753,0.08131557703018188,0.027099609375
-517.5,2351,216576,45.0,0,1,0.0001,-0.1766309422091581,2.044171094894409,0.0023635249,3376,-0.004583650683343876,0.2,15.76804693043232,-44.708417141214014,-0.17509245872497559,0.01513671875
-521.0,2376,217088,45.0,0,1,0.0001,-0.20703512337058783,3.797799825668335,0.0062718634,3384,-0.01036126625695033,0.2,13.76733148097992,-43.49537412926555,0.047233641147613525,0.04296875
-509.0,2493,217600,45.0,0,1,0.0001,-0.19491033320082352,3.6294875144958496,0.0030486935,3392,-0.005981457616144326,0.2,14.046190939843655,-43.38081818215549,0.17029166221618652,0.018310546875
-505.5,2279,218112,45.0,0,1,0.0001,-0.18272516457363963,2.691941022872925,0.0036153302,3400,-0.008758631789532956,0.2,9.555027751252055,-43.73638852810487,0.6238275468349457,0.023193359375
-481.5,2313,218624,45.0,0,1,0.0001,-0.21153679362032562,3.8921709060668945,0.002970662,3408,-0.006255312073335517,0.2,14.202309839427471,-44.31044439744204,0.7896890938282013,0.0234375
-468.5,2282,219136,45.0,0,1,0.0001,-0.22650524385971949,4.988783836364746,0.01244762,3416,-0.012369393240078352,0.2,18.519581843167543,-45.26328240919858,0.642898678779602,0.05224609375
-453.0,1661,219648,45.0,0,1,0.0001,-0.21613296755822375,1.5015387535095215,0.00764021,3424,-0.014786255575018004,0.2,7.430710501968861,-45.35911540647969,0.49663323163986206,0.049560546875
-458.0,2507,220160,45.0,0,1,0.0001,-0.22790051688207313,1.0827714204788208,0.010917798,3432,-0.0060537458848557435,0.2,8.60641302075237,-45.921269419007004,0.3808179497718811,0.0400390625
-467.0,2945,220672,45.0,0,1,0.0001,-0.14171218499541283,1.1390814781188965,0.010703574,3440,-0.010622554051224142,0.2,6.904474230017513,-45.44922863978893,0.745223879814148,0.049560546875
-512.5,2726,221184,45.0,0,1,0.0001,-0.10795199367566966,0.919951319694519,0.021453435,3448,-0.008061788248596713,0.2,4.37060336722061,-43.649702699370685,-0.8354218006134033,0.044921875
-522.5,2747,221696,45.0,0,1,0.0001,-0.11389989097369835,0.22996395826339722,0.0075276666,3456,-0.009662617805588525,0.2,1.9480156779754907,-43.450267461948094,0.691566526889801,0.0419921875
-517.5,2573,222208,45.0,0,1,0.0001,-0.11416304399608634,0.0105966217815876,0.015935227,3464,-0.006333450226520654,0.2,2.6694754119962454,-43.66635678190738,0.634046882390976,0.038818359375
-517.5,2531,222720,45.0,0,1,0.0001,-0.13800287182675675,2.65372633934021,0.0032357192,3472,-0.008896223520423518,0.2,4.604495330713689,-43.380252992212775,0.6703935861587524,0.023681640625
-525.5,2184,223232,45.0,0,1,0.0001,-0.1533388183452189,0.7035762071609497,0.009818811,3480,-0.01235945649932546,0.2,2.8531425278633833,-43.82785537876189,0.2536643147468567,0.06298828125
-525.0,1968,223744,45.0,0,1,0.0001,-0.23036232619779184,4.057908535003662,0.006734122,3488,-0.01673467963701114,0.2,7.968494279310107,-44.008244812861086,0.3670573830604553,0.044921875
-537.0,2325,224256,45.0,0,1,0.0001,-0.17435242229839787,1.0916599035263062,0.015605011,3496,-0.0166996634870884,0.2,3.1986184366978705,-44.72601003124379,0.4334583282470703,0.056396484375
-542.0,2663,224768,45.0,0,1,0.0001,-0.22421052685240284,0.7030191421508789,0.010532696,3504,-0.013171830047213007,0.2,4.4409928906243294,-45.03584447205998,0.44080352783203125,0.05859375
-544.5,2744,225280,45.0,0,1,0.0001,-0.12103621757705696,0.51261305809021,0.009821998,3512,-0.008408887031691847,0.2,2.08126311423257,-45.09493250005878,0.004585325717926025,0.041015625
-536.5,2685,225792,45.0,0,1,0.0001,-0.09895808342844248,0.6633098721504211,0.008369469,3520,-0.0015988405866664834,0.2,2.560341441538185,-45.32852456004359,0.25554633140563965,0.036376953125
-538.5,2626,226304,45.0,0,1,0.0001,-0.1402192083769478,0.8879882097244263,0.008083362,3528,-0.010419983198517002,0.2,3.4602384376339614,-44.94116038204171,0.6775965690612793,0.043212890625
-552.0,2315,226816,45.0,0,1,0.0001,-0.13032646950159688,0.1999163031578064,0.013539421,3536,-0.015259580344718415,0.2,2.526298277778551,-43.89720650979318,-0.427639365196228,0.0517578125
-542.0,2452,227328,45.0,0,1,0.0001,-0.19760573847452179,2.6777617931365967,0.006505967,3544,-0.007819263766577933,0.2,9.588194822892547,-42.37154960081912,0.29087942838668823,0.0234375
-537.5,2360,227840,45.0,0,1,0.0001,-0.16638206742936745,0.2944691777229309,0.02703601,3552,-0.02022903333272552,0.2,2.0923194421920925,-41.672455049762505,-0.0575023889541626,0.0830078125
-518.0,1657,228352,45.0,0,1,0.0001,-0.1910144084249623,1.0965325832366943,0.0075374264,3560,-0.009437480501219397,0.2,4.351353121455759,-40.73459003527649,0.3572353720664978,0.042236328125
-509.5,2433,228864,45.0,0,1,0.0001,-0.2313766548759304,8.094744682312012,0.0054489803,3568,-0.009899336961098015,0.2,17.92828955128789,-39.510864301575346,0.5006781816482544,0.046630859375
-508.0,2748,229376,45.0,0,1,0.0001,-0.15985426207771525,0.8800155520439148,0.0040031415,3576,-0.014849829651211621,0.2,9.23387768259272,-38.822260035909714,0.32155704498291016,0.039794921875
-500.5,2712,229888,45.0,0,1,0.0001,-0.099750457193295,0.25809821486473083,0.0099108135,3584,-0.021008092327974737,0.2,2.316728710895404,-38.992176195923236,0.27876508235931396,0.06396484375
-496.5,2625,230400,45.0,0,1,0.0001,-0.0943759420333663,0.37932753562927246,0.02905383,3592,-0.026191675919108093,0.2,5.4904929482145235,-39.50872368189506,0.5092684626579285,0.0703125
-493.0,2812,230912,45.0,0,1,0.0001,-0.17415305139729753,0.6730436682701111,0.0040027853,3600,-0.013721895720664179,0.2,6.742885097279213,-40.10356516267173,0.6895967423915863,0.05126953125
-487.5,2403,231424,45.0,0,1,0.0001,-0.09368133489624597,0.1881771981716156,0.004722804,3608,-0.0005104853134980658,0.2,2.810818509606179,-40.62143639621325,-1.423708200454712,0.030029296875
-474.0,2187,231936,45.0,0,1,0.0001,-0.13868657217244618,0.8672189116477966,0.003804938,3616,-0.014288515783846378,0.2,8.035784472245723,-40.75654572800733,0.08244436979293823,0.0322265625
-471.5,2306,232448,45.0,0,1,0.0001,-0.18445899296784773,25.815689086914062,0.0021443178,3624,-0.00709810070839012,0.2,26.57959507778287,-40.57527076571248,0.37911224365234375,0.01953125
-454.5,2169,232960,45.0,0,1,0.0001,-0.17368071485543624,11.559515953063965,0.0023191841,3632,-0.008261420283815823,0.2,46.15517558529973,-39.81460896751843,0.6134251356124878,0.028076171875
-437.0,2311,233472,45.0,0,1,0.0001,-0.21469600818818435,13.877469062805176,0.0034707012,3640,-0.011897724802111043,0.2,49.46362816169858,-40.169566650060005,0.6236667037010193,0.026123046875
-434.0,2778,233984,45.0,0,1,0.0001,-0.15479775311541744,18.20220375061035,0.0019901728,3648,-0.007318354342714883,0.2,48.24866622686386,-39.09767435979564,0.7217023968696594,0.01708984375
-434.5,2590,234496,45.0,0,1,0.0001,-0.07458761541056447,1.0891791582107544,0.016112685,3656,-0.013519961226847954,0.2,5.0410345224663615,-37.82819628186989,-4.959829807281494,0.033203125
-418.0,2593,235008,45.0,0,1,0.0001,-0.09038150137348566,2.076597213745117,0.0062893843,3664,-0.0023223286316351732,0.2,20.34907258208841,-36.249979889146054,0.7248048484325409,0.02734375
-405.0,2426,235520,45.0,0,1,0.0001,-0.14466767749399878,5.0603179931640625,0.0033124145,3672,-0.008303582260850817,0.2,11.323638648260385,-35.7095573946042,0.809428334236145,0.027099609375
-394.5,2558,236032,45.0,0,1,0.0001,-0.13346587496926077,7.834809303283691,0.0022132094,3680,-0.008470379190839594,0.2,19.958898425102234,-35.20186564599629,0.50752854347229,0.01953125
-383.5,2006,236544,45.0,0,1,0.0001,-0.11515723748016171,0.7757807970046997,0.00732952,3688,-0.006885143207910005,0.2,10.460112581029534,-35.813318550731054,-0.2870478630065918,0.0224609375
-387.5,2651,237056,45.0,0,1,0.0001,-0.2538502604002133,5.839083194732666,0.005751905,3696,-0.008034254766243976,0.2,26.340605422854424,-36.983776787943206,-0.42693793773651123,0.039306640625
-404.0,2450,237568,45.0,0,1,0.0001,-0.09335025240579853,1.9759185314178467,0.0042386414,3704,-0.009096586079976987,0.2,5.337263721041381,-38.289029622706586,0.41489148139953613,0.0283203125
-412.5,2877,238080,45.0,0,1,0.0001,-0.1421663697983604,0.8153469562530518,0.00560944,3712,-0.013277459736855235,0.2,3.9296645089052618,-38.39682262307499,0.5137776434421539,0.048583984375
-412.5,2847,238592,45.0,0,1,0.0001,-0.06083222185043269,0.36991459131240845,0.021316294,3720,-0.009911055200063856,0.2,2.2863950481551,-38.763753812839276,-0.2504546642303467,0.04150390625
-412.0,2619,239104,45.0,0,1,0.0001,-0.06507023406084045,0.10900384187698364,0.014024669,3728,-0.009348332787340041,0.2,0.641506900821696,-39.93292764265556,-0.5054384469985962,0.04443359375
-404.0,2350,239616,45.0,0,1,0.0001,-0.0924546625756193,0.30047568678855896,0.012101038,3736,-0.00451367951973225,0.2,4.46514497732278,-40.653655679509974,0.31695985794067383,0.05078125
-404.0,2675,240128,45.0,0,1,0.0001,-0.16061306279152632,2.5745251178741455,0.0033261639,3744,-0.005704300107026938,0.2,16.09774060919881,-41.149080784604884,0.5064846575260162,0.02392578125
-406.0,2597,240640,45.0,0,1,0.0001,-0.07252191120642237,0.4812314212322235,0.00582821,3752,-0.0028273935604374856,0.2,3.3118104960303754,-40.41319205837557,-0.9704370498657227,0.018310546875
-415.5,2102,241152,45.0,0,1,0.0001,-0.08938372225384228,1.593823790550232,0.010348755,3760,-0.012134556738601532,0.2,6.2012208621017635,-40.027288683324585,0.3924601078033447,0.031982421875
-413.5,2730,241664,45.0,0,1,0.0001,-0.08042768511222675,1.123501181602478,0.0063091787,3768,-0.011812702963652555,0.2,4.567551004933193,-37.6441420307639,0.3395913243293762,0.021240234375
-408.5,2662,242176,45.0,0,1,0.0001,-0.04471198883038596,1.9639688730239868,0.005565878,3776,-0.00946547083731275,0.2,3.5614469705033116,-36.531024753570094,0.3910139799118042,0.017333984375
-411.5,2677,242688,45.0,0,1,0.0001,-0.038097784210549435,1.2559682130813599,0.006154616,3784,-0.006716907113514026,0.2,2.0090869534178637,-35.72033581350232,0.6850472688674927,0.009765625
-389.5,2533,243200,45.0,0,1,0.0001,-0.05772689353761962,0.25012606382369995,0.0088615455,3792,-0.009070453757885844,0.2,1.9133767362800427,-35.64993741551647,-0.6293593645095825,0.0224609375
-337.5,1891,243712,45.0,0,1,0.0001,-0.05721042924415087,0.3120836317539215,0.007032968,3800,-0.005992876918753609,0.2,1.270181217143545,-35.575367494581734,0.504088282585144,0.022705078125
-317.0,2250,244224,45.0,0,1,0.0001,-0.15183480895939283,15.717970848083496,0.003944301,3808,-0.011313916838844307,0.2,49.40476302802563,-34.062515995891296,0.1558176875114441,0.03564453125
-280.0,2278,244736,45.0,0,1,0.0001,-0.13941153435735032,3.6622607707977295,0.0024640653,3816,-0.009979767579352483,0.2,11.144263874739408,-32.50558604119113,-0.30115818977355957,0.0263671875
-257.5,2531,245248,45.0,0,1,0.0001,-0.09158467492670752,4.008017539978027,0.004090597,3824,-0.01323964891344076,0.2,9.378963841125369,-31.76132492851466,0.48375844955444336,0.03173828125
-214.0,2315,245760,45.0,0,1,0.0001,-0.0884768248652108,0.9194703102111816,0.0069014668,3832,-0.010498502881091554,0.2,3.681450157891959,-30.741813785464036,0.465828537940979,0.0341796875
-174.5,2215,246272,45.0,0,1,0.0001,-0.11917931042262353,2.9959919452667236,0.0073693353,3840,-0.014461686201684643,0.2,6.011555953882635,-30.16044776652241,0.3131450414657593,0.042724609375
-137.5,2432,246784,45.0,0,1,0.0001,-0.11927445382752921,8.6609525680542,0.003645111,3848,-0.009490291107795201,0.2,10.332632432691753,-29.07088251428213,0.5147642195224762,0.025146484375
-62.0,1803,247296,45.0,0,1,0.0001,-0.09781333134742454,1.4505583047866821,0.011843464,3856,-0.011524154971993994,0.2,3.103670241776854,-28.2097006557649,0.47683364152908325,0.034912109375
57.0,1843,247808,45.0,0,1,0.0001,-0.2130016734590754,12.761953353881836,0.011923453,3864,-0.013133016982465051,0.2,27.81424294412136,-28.500035127736627,0.012652277946472168,0.04833984375
135.5,1775,248320,45.0,0,1,0.0001,-0.19711693073622882,5.283595561981201,0.0046585705,3872,-0.009736139800224919,0.2,12.501221703365445,-27.258344910559245,0.3299069404602051,0.027587890625
268.0,1690,248832,45.0,0,1,0.0001,-0.2339996288646944,13.185833930969238,0.00497621,3880,-0.011115942314063432,0.2,33.61554681509733,-26.83069320059847,0.18091320991516113,0.043212890625
330.0,1953,249344,45.0,0,1,0.0001,-0.20162825571605936,5.571600914001465,0.003833411,3888,-0.010572706756647676,0.2,15.466402977705002,-26.530651921587996,0.018291175365447998,0.035888671875
387.5,1960,249856,45.0,0,1,0.0001,-0.16439359833020717,4.502682209014893,0.0037385128,3896,-0.007406869968690444,0.2,11.2592878267169,-26.317305749426595,0.19485622644424438,0.02783203125
465.0,1577,250368,45.0,0,1,0.0001,-0.16570119382231496,5.623065948486328,0.0035634958,3904,-0.007422664639307186,0.2,15.63593839108944,-25.77058977286564,0.16277307271957397,0.03076171875
457.0,2103,250880,45.0,0,1,0.0001,-0.15588067460339516,3.859909772872925,0.005075605,3912,-0.010591429621854331,0.2,12.104592427611351,-24.158567644616124,0.39756178855895996,0.03369140625
459.5,2188,251392,45.0,0,1,0.0001,-0.15695994667476043,2.6080267429351807,0.014245972,3920,-0.009528954167763004,0.2,7.488308251835406,-23.055775290750898,-0.12566304206848145,0.042724609375
458.0,2234,251904,45.0,0,1,0.0001,-0.11265331442700699,1.3866122961044312,0.0083558345,3928,-0.012117542770283762,0.2,7.365050240419805,-21.76502270478755,0.1642385721206665,0.029541015625
329.5,2395,252416,45.0,0,1,0.0001,-0.1066323082341114,1.0327717065811157,0.0028362041,3936,-0.010155910975299776,0.2,3.7238769195973873,-19.92098325834144,0.18107783794403076,0.029296875
372.0,1752,252928,45.0,0,1,0.0001,-0.07387062210182194,1.894748568534851,0.016772877,3944,-0.01017121628683526,0.2,4.501599903218448,-20.41106099639088,0.23587411642074585,0.0341796875
336.0,1712,253440,45.0,0,1,0.0001,-0.1840397489722818,5.064250469207764,0.005844865,3952,-0.015066144325828645,0.2,9.89825076982379,-19.975787672139703,0.19148635864257812,0.069580078125
342.0,1977,253952,45.0,0,1,0.0001,-0.17638925812207162,5.043829917907715,0.006500528,3960,-0.011095560643298086,0.2,12.80352645739913,-21.45093500406947,0.1839718222618103,0.0498046875
366.5,2021,254464,45.0,0,1,0.0001,-0.12435366457793862,3.6985888481140137,0.0060355337,3968,-0.007829504655092023,0.2,9.388150265440345,-23.42714292324381,0.14150315523147583,0.020263671875
320.0,2468,254976,45.0,0,1,0.0001,-0.1224365001253318,2.1295084953308105,0.004181436,3976,-0.007162406007410027,0.2,4.946257149334997,-24.654891395226585,-0.5383635759353638,0.02880859375
307.0,2162,255488,45.0,0,1,0.0001,-0.07479903873172589,0.4368200898170471,0.0056115934,3984,-0.004881309578195214,0.2,1.4812640398740768,-25.96496313954005,-0.019948363304138184,0.023193359375
328.5,2330,256000,45.0,0,1,0.0001,-0.08107220933015924,1.3829221725463867,0.0037395793,3992,-0.009850680933595868,0.2,3.2434439044445753,-26.53497948782984,-0.23798561096191406,0.02685546875
313.0,2578,256512,45.0,0,1,0.0001,-0.09325474052457139,0.3966028690338135,0.002507872,4000,-0.005349242004740518,0.2,6.215140227694064,-26.012177542527205,-0.2078455686569214,0.015869140625
379.5,2058,257024,45.0,0,1,0.0001,-0.12294365715933964,2.766634702682495,0.014094934,4008,-0.006694971008982975,0.2,4.386095929890871,-25.234215111508966,0.5655159652233124,0.0263671875
329.0,1979,257536,45.0,0,1,0.0001,-0.18177287763683125,1.878575086593628,0.028338656,4016,-0.010322011774405837,0.2,8.590870875865221,-23.55097891205456,0.6103394031524658,0.035888671875
336.5,1674,258048,45.0,0,1,0.0001,-0.4305314482189715,2.033155679702759,0.030860191,4024,-0.010149905159778427,0.2,8.57535155583173,-21.970339975850656,0.6192500293254852,0.256591796875
327.5,1954,258560,45.0,0,1,0.0001,-0.3870823613833636,9.726340293884277,0.0042324523,4032,-0.01032894138188567,0.2,14.890743020921946,-20.403740568957293,0.551617830991745,0.041259765625
330.5,2066,259072,45.0,0,1,0.0001,-0.23478254466317594,3.72577166557312,0.05617087,4040,-0.024906822764023673,0.2,10.39441542699933,-19.987305163709678,-0.551609992980957,0.2119140625
425.5,1984,259584,45.0,0,1,0.0001,-0.1662241697194986,2.0764713287353516,0.023791768,4048,-0.008120850114210043,0.2,9.447295662015676,-21.20555602107779,-1.2130169868469238,0.043212890625
566.5,1765,260096,45.0,0,1,0.0001,-0.14489301689900458,5.006649017333984,0.006620289,4056,-0.009929988700605463,0.2,7.36103736795485,-23.301375850591576,0.3447544574737549,0.04443359375
634.0,1948,260608,45.0,0,1,0.0001,-0.14218024141155183,1.383075475692749,0.007181329,4064,-0.007457194093149155,0.2,5.247921762056649,-24.890311821434878,0.3921317458152771,0.051513671875
722.5,1935,261120,45.0,0,1,0.0001,-0.12513995135668665,0.3861740231513977,0.0063941753,4072,-0.009633673245843966,0.2,3.074748309329152,-26.39122668627009,-0.26622724533081055,0.045166015625
727.5,2082,261632,45.0,0,1,0.0001,-0.10811699178884737,1.6549350023269653,0.008748516,4080,-0.009149692439677892,0.2,4.913976782001555,-26.79952790228941,0.2859906554222107,0.035400390625
718.5,1528,262144,45.0,0,1,0.0001,-0.10477046563755721,1.3331964015960693,0.004897355,4088,-0.010114913355209865,0.2,3.6883465340361,-27.453667400193517,0.4922991394996643,0.030029296875
717.5,1880,262656,45.0,0,1,0.0001,-0.09246474038809538,0.9062144160270691,0.0022978154,4096,-0.006825089680205565,0.2,5.183137074112892,-27.508779305108472,0.47925645112991333,0.016845703125
805.0,1860,263168,45.0,0,1,0.0001,-0.10753831572947092,2.302699565887451,0.0033875792,4104,-0.00803573594748741,0.2,5.9474602453410625,-25.71785919556336,0.6228137910366058,0.031982421875
814.5,2041,263680,45.0,0,1,0.0001,-0.10953329765470698,1.5129172801971436,0.005687046,4112,-0.010593327060632873,0.2,4.474828963167965,-22.82091434447502,0.42129164934158325,0.0283203125
793.5,1927,264192,45.0,0,1,0.0001,-0.08686041468172334,1.1769613027572632,0.0072812084,4120,-0.008416506669163937,0.2,3.1797559442929924,-19.951562600472826,-0.23803937435150146,0.027099609375
731.0,1948,264704,45.0,0,1,0.0001,-0.11298648265074007,0.7416626811027527,0.0067137447,4128,-0.009607717613107525,0.2,2.6101371981203556,-17.968754919452476,-0.7579600811004639,0.043212890625
647.0,2340,265216,45.0,0,1,0.0001,-0.10161080844409298,0.6724754571914673,0.016539412,4136,-0.013420496332400944,0.2,1.642315928824246,-17.52341013078054,0.25605297088623047,0.05322265625
603.5,2230,265728,45.0,0,1,0.0001,-0.07248742021329235,0.14716628193855286,0.010683378,4144,-0.012659070440349751,0.2,1.1146320961415768,-17.928946325427386,0.4935312271118164,0.0341796875
537.5,2447,266240,45.0,0,1,0.0001,-0.06470544726471417,0.585170567035675,0.006435098,4152,-0.006608562784094829,0.2,1.726544501958415,-18.852092984209303,-0.46379101276397705,0.018310546875
462.5,2238,266752,45.0,0,1,0.0001,-0.07306708497344516,0.8779273629188538,0.0018231686,4160,-0.005501982894202229,0.2,3.7630692617967725,-20.592026592951733,0.1962602734565735,0.015869140625
351.0,2218,267264,45.0,0,1,0.0001,-0.07440054015023634,3.101295232772827,0.0015363281,4168,-0.004714693517598789,0.2,13.817261792719364,-22.412153624903876,0.33923256397247314,0.00927734375
353.0,2026,267776,45.0,0,1,0.0001,-0.07049701498181093,6.47119665145874,0.001230773,4176,-0.0060338457878970075,0.2,24.032500810921192,-23.878453013149556,0.6013657748699188,0.014892578125
329.5,2328,268288,45.0,0,1,0.0001,-0.08406267817190383,7.894002914428711,0.0015485369,4184,-0.00424621588899754,0.2,29.635389499366283,-23.996349532390013,0.6922588646411896,0.009521484375
245.0,2232,268800,45.0,0,1,0.0001,-0.07189127018500585,3.421111822128296,0.0057797427,4192,-0.0062147353164618835,0.2,11.777661953121424,-24.515852461436296,0.18645626306533813,0.017822265625
299.0,1989,269312,45.0,0,1,0.0001,-0.07848231728712562,0.6530536413192749,0.011602943,4200,-0.006903165100084152,0.2,4.657820857944898,-24.807849441256838,-0.021075725555419922,0.03173828125
436.5,2065,269824,45.0,0,1,0.0001,-0.11052355729043484,2.2184557914733887,0.0108343605,4208,-0.010928825198789127,0.2,4.846650393679738,-24.498887925853488,-0.11996090412139893,0.03564453125
427.5,2179,270336,45.0,0,1,0.0001,-0.12333377104368992,1.435585618019104,0.014797964,4216,-0.011308094988635276,0.2,2.644197339657694,-24.312954311103095,-0.9336442947387695,0.044921875
428.5,1993,270848,45.0,0,1,0.0001,-0.14505308464867994,1.0330524444580078,0.01701472,4224,-0.014808472573349718,0.2,3.7689354065805674,-24.413984208407346,-0.17206180095672607,0.06298828125
457.5,1945,271360,45.0,0,1,0.0001,-0.17358172999229282,3.79601788520813,0.009519094,4232,-0.019324489647260634,0.2,6.865029042586684,-24.9350220468943,0.4342798590660095,0.084716796875
392.5,2223,271872,45.0,0,1,0.0001,-0.20520450378535315,0.7841824293136597,0.013192681,4240,-0.016983639179670718,0.2,7.84106079954654,-24.383811271064914,0.1480204463005066,0.072998046875
351.5,1944,272384,45.0,0,1,0.0001,-0.13696161870029755,0.7229647636413574,0.0057303016,4248,-0.01639315045758849,0.2,5.4824397473130375,-24.73274485762697,0.20858675241470337,0.053466796875
379.5,2214,272896,45.0,0,1,0.0001,-0.22695544513408095,1.4912368059158325,0.0066914232,4256,-0.016324843032634817,0.2,6.329718346707523,-25.628469534609465,0.4860566258430481,0.068115234375
383.5,2084,273408,45.0,0,1,0.0001,-0.1256171622517286,4.258145809173584,0.0033751957,4264,-0.01456039945333032,0.2,7.40060088224709,-24.6655142703047,0.6077539026737213,0.03515625
335.5,1496,273920,45.0,0,1,0.0001,-0.1389151918119751,1.0102936029434204,0.0040372997,4272,-0.014047597824173863,0.2,6.952973576262593,-24.395044668787158,0.5636773407459259,0.04150390625
261.5,2108,274432,45.0,0,1,0.0001,-0.20308327861130238,2.2053887844085693,0.008820885,4280,-0.018844185782654677,0.2,7.870117358863354,-23.80483672386501,0.001818835735321045,0.046142578125
299.0,2149,274944,45.0,0,1,0.0001,-0.14597776360460557,1.8458681106567383,0.006027035,4288,-0.010336343853850849,0.2,7.260867492528632,-22.49337294614408,0.6973588168621063,0.04248046875
306.0,2182,275456,45.0,0,1,0.0001,-0.1316025695123244,6.235879898071289,0.007205079,4296,-0.012226942562847398,0.2,11.596465980634093,-21.007635523276402,0.47656530141830444,0.040771484375
310.0,2064,275968,45.0,0,1,0.0001,-0.14480095606995746,0.5212434530258179,0.008373832,4304,-0.013705559213121887,0.2,5.029244871344417,-19.141301582604648,0.5188443064689636,0.0400390625
316.0,2195,276480,45.0,0,1,0.0001,-0.1633511136751622,3.655820608139038,0.009277094,4312,-0.015292195188521873,0.2,8.807822793722153,-18.33755692100618,0.5040535032749176,0.04736328125
273.5,1991,276992,45.0,0,1,0.0001,-0.15287371474551037,3.223849296569824,0.008330778,4320,-0.01796059788830462,0.2,6.4770295936614275,-17.597373907682485,0.35118913650512695,0.054443359375
309.5,1954,277504,45.0,0,1,0.0001,-0.20837396732531488,2.347202777862549,0.0111700725,4328,-0.016669233329594135,0.2,6.06231004325673,-17.34882958037313,0.23665517568588257,0.05859375
301.5,1993,278016,45.0,0,1,0.0001,-0.19559993961593136,2.3798513412475586,0.008915598,4336,-0.017374987713992596,0.2,6.56692461669445,-17.133699591774494,0.18149685859680176,0.067626953125
271.0,1859,278528,45.0,0,1,0.0001,-0.20255329413339496,0.9305586218833923,0.01325311,4344,-0.015297182573704049,0.2,3.8249747222289443,-16.718787099029868,0.05607658624649048,0.0517578125
247.5,1843,279040,45.0,0,1,0.0001,-0.2283585668192245,2.560070276260376,0.008045974,4352,-0.017329531961877365,0.2,9.567290525883436,-17.15070074683055,0.1547931432723999,0.05712890625
222.0,1564,279552,45.0,0,1,0.0001,-0.19440962537191808,4.708878993988037,0.009080584,4360,-0.015794864149938803,0.2,5.974947109818459,-18.19922234087251,0.25361913442611694,0.05810546875
236.0,1981,280064,45.0,0,1,0.0001,-0.16654187775566243,1.0992437601089478,0.010734481,4368,-0.016107853130961303,0.2,4.516465554013848,-19.289385090479627,0.18867164850234985,0.055908203125
296.0,1981,280576,45.0,0,1,0.0001,-0.20966877657338046,3.3104825019836426,0.0055877795,4376,-0.004983500566595467,0.2,30.420693149790168,-20.85643684274517,0.1627148985862732,0.037353515625
334.0,2034,281088,45.0,0,1,0.0001,-0.15350599883822724,10.813166618347168,0.007058303,4384,-0.0172395417757798,0.2,18.07290324382484,-21.160915747331455,-0.1610630750656128,0.0634765625
430.5,1832,281600,45.0,0,1,0.0001,-0.14014662185218185,1.4471418857574463,0.009921553,4392,-0.01347491734486539,0.2,5.5567734614014626,-21.523088750587775,0.19208896160125732,0.035400390625
443.0,2089,282112,45.0,0,1,0.0001,-0.1505103306262754,2.5255699157714844,0.005359157,4400,-0.010491775567061268,0.2,6.386251979507506,-21.24264947657939,-0.3040657043457031,0.036865234375
445.0,2115,282624,45.0,0,1,0.0001,-0.12018693369464017,1.4932376146316528,0.015859976,4408,-0.012383306740957778,0.2,3.3592902687378228,-20.724212700971403,0.1020132303237915,0.052978515625
430.5,2129,283136,45.0,0,1,0.0001,-0.1029739094665274,2.223447561264038,0.014535431,4416,-0.009821490551985335,0.2,3.9491167427040637,-20.37461985896807,0.26194143295288086,0.044921875
440.0,2130,283648,45.0,0,1,0.0001,-0.1433434567588847,3.282918930053711,0.017348003,4424,-0.01201325190049829,0.2,10.8971827942878,-20.717282905108295,-0.05408608913421631,0.050537109375
424.5,2110,284160,45.0,0,1,0.0001,-0.07976117577345576,3.660297393798828,0.0047008237,4432,-0.01010228309314698,0.2,7.6861589681357145,-20.833093884671108,0.29028284549713135,0.029541015625
482.5,1941,284672,45.0,0,1,0.0001,-0.09268153333687223,2.082716703414917,0.0031525714,4440,-0.010835888679139316,0.2,5.758544492535293,-20.681390875605867,-0.042809128761291504,0.022705078125
500.0,1550,285184,45.0,0,1,0.0001,-0.12610149790998548,2.3458974361419678,0.0046011955,4448,-0.01176854339428246,0.2,12.214977275580168,-19.995613176245243,0.3636692762374878,0.030517578125
514.0,2181,285696,45.0,0,1,0.0001,-0.086716853256803,6.323737144470215,0.0016267141,4456,-0.007039313371933531,0.2,9.152202133089304,-19.847521000858396,0.5147015154361725,0.01318359375
482.0,2022,286208,45.0,0,1,0.0001,-0.0693603325780714,0.9099166393280029,0.002522744,4464,-0.007447886709996965,0.2,8.183256356045604,-20.505312219616027,0.41381657123565674,0.021240234375
490.5,1806,286720,45.0,0,1,0.0001,-0.09081787428294774,2.3284730911254883,0.0048693004,4472,-0.01197930026683025,0.2,8.191206326708198,-21.14464072611183,0.3582659363746643,0.03173828125
555.5,1951,287232,45.0,0,1,0.0001,-0.07726828338491032,4.084123134613037,0.0059232754,4480,-0.007490485300877481,0.2,4.632089071441442,-21.674920849045737,0.32169318199157715,0.02685546875
666.5,1957,287744,45.0,0,1,0.0001,-0.10937912642839365,1.291408896446228,0.0058843503,4488,-0.00971189835399855,0.2,5.025270340498537,-22.034879528321326,0.37343162298202515,0.0341796875
763.0,1987,288256,45.0,0,1,0.0001,-0.1080833058222197,1.6166229248046875,0.0050371466,4496,-0.011701220930262934,0.2,5.611247659660876,-20.813226431962104,0.07554608583450317,0.04150390625
751.5,2025,288768,45.0,0,1,0.0001,-0.09434512609732337,0.6097778081893921,0.016803933,4504,-0.011768028220103588,0.2,2.7520488565787673,-20.550742196813225,0.20909422636032104,0.04736328125
744.5,1821,289280,45.0,0,1,0.0001,-0.08308801859675441,0.6004095077514648,0.0117067415,4512,-0.007286489100806648,0.2,2.398440096527338,-20.530897972248496,-0.09126102924346924,0.038818359375
847.5,1660,289792,45.0,0,1,0.0001,-0.14675861061550677,0.7650688290596008,0.011211182,4520,-0.01414058693262632,0.2,3.3264830238185823,-20.26307567741722,0.07589656114578247,0.066162109375
857.5,1563,290304,45.0,0,1,0.0001,-0.11454356032481883,1.0283929109573364,0.013517228,4528,-0.015423544522491284,0.2,2.275849843863398,-19.610832998631523,0.36964625120162964,0.049560546875
848.5,2060,290816,45.0,0,1,0.0001,-0.07330761694174726,0.44369572401046753,0.01614722,4536,-0.01122699035477126,0.2,2.4996585310436785,-19.182613748358563,0.33558422327041626,0.035888671875
815.0,2032,291328,45.0,0,1,0.0001,-0.0772035378322471,0.4797418713569641,0.008235678,4544,-0.010507755454455037,0.2,3.021084840875119,-19.190467431796716,0.007744789123535156,0.03173828125
857.5,1848,291840,45.0,0,1,0.0001,-0.08386517700273544,0.4887864887714386,0.008279959,4552,-0.009416775272256928,0.2,4.208638232666999,-19.140553195104005,0.2638965845108032,0.030517578125
808.5,2307,292352,45.0,0,1,0.0001,-0.10016990613075905,0.9681549668312073,0.003150235,4560,-0.006148686668893788,0.2,4.333480312954634,-18.52520326921716,0.3547617197036743,0.022216796875
740.5,2035,292864,45.0,0,1,0.0001,-0.08379612624412403,0.6827923059463501,0.0068667945,4568,-0.007817480400262866,0.2,2.4816092310938984,-18.27555032697506,0.4925132989883423,0.021240234375
765.0,2112,293376,45.0,0,1,0.0001,-0.09356055108946748,0.6381286382675171,0.010448957,4576,-0.010636903454724234,0.2,5.58933403622359,-18.243497243979945,0.35519254207611084,0.03515625
648.0,1566,293888,45.0,0,1,0.0001,-0.10953346150927246,1.8969184160232544,0.0048721223,4584,-0.007698839337535901,0.2,4.363705561496317,-17.867742240866647,0.5010667741298676,0.031982421875
664.0,1941,294400,45.0,0,1,0.0001,-0.11726364310015924,4.6092329025268555,0.0037387158,4592,-0.00944782150327228,0.2,9.178700974211097,-16.930585367390886,0.508804202079773,0.02783203125
655.0,1911,294912,45.0,0,1,0.0001,-0.09345220304385293,2.05409574508667,0.004076926,4600,-0.007761765707073209,0.2,6.5667104022577405,-16.45222309384495,0.5556558072566986,0.0224609375
635.5,1988,295424,45.0,0,1,0.0001,-0.10949004086432979,1.3108034133911133,0.015879713,4608,-0.014245089096220909,0.2,3.2813534466549754,-16.112239183299245,0.7270776331424713,0.066650390625
682.0,1417,295936,45.0,0,1,0.0001,-0.12812961076269858,1.486703872680664,0.010728287,4616,-0.01205079692590516,0.2,3.488630703650415,-16.396685219444336,-0.2044597864151001,0.05126953125
668.0,1678,296448,45.0,0,1,0.0001,-0.14239675804856233,0.6812670826911926,0.015064541,4624,-0.010651324781065341,0.2,2.5184065708890557,-16.99158544819802,-0.23915421962738037,0.054931640625
712.0,1982,296960,45.0,0,1,0.0001,-0.18778175598708913,0.7620701193809509,0.008571684,4632,-0.010875051353650633,0.2,3.8504549227654934,-18.269824551111085,0.21368271112442017,0.058349609375
680.5,2169,297472,45.0,0,1,0.0001,-0.13686571177095175,0.8182919025421143,0.019301383,4640,-0.013347917672945186,0.2,2.4809849904850125,-18.851868954580276,0.3703015446662903,0.0693359375
607.5,2381,297984,45.0,0,1,0.0001,-0.11001264484366402,0.4386560022830963,0.004384621,4648,-0.00998389876622241,0.2,2.335375515278429,-18.74660858659074,0.47586047649383545,0.028076171875
614.5,2019,298496,45.0,0,1,0.0001,-0.09830030740704387,0.3327135443687439,0.0024475248,4656,-0.005974834602966439,0.2,1.4072110974229872,-18.89914480944164,0.5962816774845123,0.03076171875
574.0,1966,299008,45.0,0,1,0.0001,-0.15002068609464914,0.2248455286026001,0.011261009,4664,-0.005842075501277577,0.2,1.3428934410912916,-19.373603250719608,-1.688551425933838,0.052001953125
615.5,1849,299520,45.0,0,1,0.0001,-0.21267935098148882,1.0926194190979004,0.058265183,4672,-0.0223810773313744,0.2,4.655981938354671,-19.313866271935403,-0.10566043853759766,0.104248046875
633.0,2116,300032,45.0,0,1,0.0001,-0.45328931557014585,1.6516538858413696,0.003949698,4680,-0.008351210657565389,0.2,7.468398990109563,-18.5622180820629,0.520570695400238,0.056640625
576.5,2108,300544,45.0,0,1,0.0001,-0.5272321375086904,3.098471164703369,0.009958808,4688,-0.012286912366107572,0.2,12.158543065190315,-18.550358971077948,0.6367676258087158,0.072509765625
547.5,2142,301056,45.0,0,1,0.0001,-0.48817976051941514,4.568148136138916,0.0059864917,4696,-0.00622854661924066,0.2,14.517208773642778,-19.402369437599553,0.5776362121105194,0.075439453125
583.0,2040,301568,45.0,0,1,0.0001,-0.5135658807121217,4.555042743682861,0.013592536,4704,-0.00942943207337521,0.2,13.624493323266506,-21.03729229637422,0.4425870180130005,0.1083984375
671.0,1887,302080,45.0,0,1,0.0001,-0.4978076424449682,6.875307083129883,0.0076749194,4712,-0.006422751241188962,0.2,21.086381886154413,-23.34810892862268,0.3001725673675537,0.02490234375
753.0,1785,302592,45.0,0,1,0.0001,-0.4690532903186977,8.25073528289795,0.010444008,4720,-0.01069047781129484,0.2,16.716954801231623,-26.10422404457815,0.45588481426239014,0.052001953125
774.0,1863,303104,45.0,0,1,0.0001,-0.4696855032816529,5.0622782707214355,0.004984387,4728,-0.008425206069659907,0.2,19.765320975333452,-29.469641071250663,0.536628395318985,0.035400390625
826.5,1790,303616,45.0,0,1,0.0001,-0.4322426898870617,5.572784900665283,0.009440422,4736,-0.012244921585079283,0.2,28.709919437766075,-32.4926144655887,0.6051850020885468,0.096923828125
868.5,1721,304128,45.0,0,1,0.0001,-0.3861259145196527,8.042518615722656,0.008335693,4744,-0.015662640347727574,0.2,24.33415676653385,-34.919080322226506,0.6707246601581573,0.091796875
851.0,1998,304640,45.0,0,1,0.0001,-0.34804391337092966,14.085145950317383,0.005974634,4752,-0.01104291539741098,0.2,31.150848500430584,-36.962136963186786,0.6664584279060364,0.05908203125
923.0,1868,305152,45.0,0,1,0.0001,-0.3052624308038503,5.568803787231445,0.06180147,4760,-0.025870721496175975,0.2,16.469789005815983,-38.94306473645381,0.5811482667922974,0.2060546875
979.0,1959,305664,45.0,0,1,0.0001,-0.19854321266757324,2.2740910053253174,0.018292954,4768,-0.014594706808566116,0.2,7.5135030169039965,-38.448363666795196,0.5232696533203125,0.060791015625
1058.0,1661,306176,45.0,0,1,0.0001,-0.16315582866081968,1.9755799770355225,0.0061832303,4776,-0.009150683137704618,0.2,9.404726585373282,-35.96119357991964,0.5174456238746643,0.02978515625
1089.5,1596,306688,45.0,0,1,0.0001,-0.21110224613221362,3.178546190261841,0.0063150204,4784,-0.010486604885954875,0.2,12.313353415578604,-32.64447055950761,0.4724198579788208,0.0390625
1159.0,1653,307200,45.0,0,1,0.0001,-0.17219476914033294,1.8137067556381226,0.013115689,4792,-0.013092847802909091,0.2,8.836591539904475,-29.10802809118293,0.6090494990348816,0.06689453125
1120.0,1725,307712,45.0,0,1,0.0001,-0.1771403368911706,1.8977158069610596,0.008056911,4800,-0.012647499184822664,0.2,7.290030894801021,-25.2086850125622,0.6056565940380096,0.056884765625
1150.0,1629,308224,45.0,0,1,0.0001,-0.18387713184347376,4.948044300079346,0.008709951,4808,-0.012692753007286228,0.2,9.91306029073894,-22.00841095452197,0.3329319357872009,0.053955078125
1160.5,1879,308736,45.0,0,1,0.0001,-0.18191587209003046,2.509805202484131,0.02493544,4816,-0.015968878928106278,0.2,8.15257877856493,-19.39663030472584,0.03506428003311157,0.0673828125
1125.5,1940,309248,45.0,0,1,0.0001,-0.13417601672699675,2.6360461711883545,0.009870941,4824,-0.008954017248470336,0.2,11.74151323735714,-16.498373233601452,-0.15511691570281982,0.04541015625
1122.5,1550,309760,45.0,0,1,0.0001,-0.10740559137775563,2.2713239192962646,0.020861816,4832,-0.0059918342376477085,0.2,13.157702066004276,-12.945831896634772,-0.17780280113220215,0.029296875
1071.0,2014,310272,45.0,0,1,0.0001,-0.11198869318468496,2.7547597885131836,0.009100517,4840,-0.0045648101877304725,0.2,9.063300186768174,-10.8327015255671,0.015485525131225586,0.030517578125
1046.0,1783,310784,45.0,0,1,0.0001,-0.091763613090734,1.008042573928833,0.0064865905,4848,-0.00833357070951024,0.2,4.000818475149572,-9.930245488714426,-0.3374418020248413,0.02783203125
1021.0,1887,311296,45.0,0,1,0.0001,-0.09845643577864394,3.507380962371826,0.0048373425,4856,-0.007205710593552794,0.2,5.881488732993603,-9.493606060631572,0.44684886932373047,0.026123046875
1021.0,2007,311808,45.0,0,1,0.0001,-0.0977103949553566,3.3164658546447754,0.004339073,4864,-0.007582584890769795,0.2,11.886510260403156,-9.4760930591356,0.6456193625926971,0.031494140625
1057.0,1681,312320,45.0,0,1,0.0001,-0.08280000089143869,1.6212018728256226,0.0046307878,4872,-0.007903943238488864,0.2,5.998649617657065,-9.692903560539708,0.8316736817359924,0.022705078125
1095.0,1872,312832,45.0,0,1,0.0001,-0.10054507943277713,1.0312390327453613,0.009047798,4880,-0.009944403427653015,0.2,4.777335670776665,-8.699531948361546,0.8518564850091934,0.039306640625
1084.0,1903,313344,45.0,0,1,0.0001,-0.08648592002282385,1.8517680168151855,0.008892128,4888,-0.009195769613143057,0.2,4.520978542976081,-7.403565416140482,0.7881594449281693,0.02783203125
1064.0,1970,313856,45.0,0,1,0.0001,-0.1077826597756939,1.139634609222412,0.0050257444,4896,-0.00559842189977644,0.2,5.31953165307641,-7.338271983312443,0.092243492603302,0.03125
1112.5,1798,314368,45.0,0,1,0.0001,-0.08659383316989988,2.2054052352905273,0.005293547,4904,-0.004228242061799392,0.2,7.4320592526346445,-6.985355068314821,-1.0867578983306885,0.017333984375
1132.0,2021,314880,45.0,0,1,0.0001,-0.13017177407164127,2.3268561363220215,0.011345863,4912,-0.007594618706207257,0.2,6.638877388089895,-6.982354395063594,-0.3125964403152466,0.048828125
982.5,2035,315392,45.0,0,1,0.0001,-0.08563092919939663,1.4569658041000366,0.015753828,4920,-0.007503612672735471,0.2,4.423988356254995,-6.61322525174357,-0.15011775493621826,0.035888671875
969.0,1767,315904,45.0,0,1,0.0001,-0.10010743429302238,0.702393651008606,0.0067603067,4928,-0.01016726217494579,0.2,1.979665419086814,-6.631833860594779,-0.421489953994751,0.0302734375
970.0,1980,316416,45.0,0,1,0.0001,-0.10379934724187478,0.8889319896697998,0.0058023958,4936,-0.006975281496124808,0.2,3.0690886080265045,-6.499212308693677,0.17660635709762573,0.03076171875
967.0,1894,316928,45.0,0,1,0.0001,-0.06860925845103338,1.4839342832565308,0.006136955,4944,-0.006242895135073923,0.2,3.6834129858762026,-6.379061531256884,0.6113360226154327,0.02490234375
953.5,1802,317440,45.0,0,1,0.0001,-0.07412350225786213,2.6536519527435303,0.00558651,4952,-0.004638341553800274,0.2,7.120617059059441,-7.016954064127058,0.7157447934150696,0.017578125
935.5,1959,317952,45.0,0,1,0.0001,-0.07698835732298903,2.4916679859161377,0.0048770104,4960,-0.0054909945611143485,0.2,6.285637317225337,-7.566713587539271,0.7677595317363739,0.0234375
977.5,1874,318464,45.0,0,1,0.0001,-0.07168609753716737,2.39214825630188,0.0033619264,4968,-0.0069974980360711925,0.2,9.524341190233827,-8.612018366754056,0.5272125005722046,0.025146484375
920.5,2038,318976,45.0,0,1,0.0001,-0.07141602752381004,0.3604063093662262,0.0040261038,4976,-0.006972765208047349,0.2,2.4093827730976045,-9.608752532619983,0.7127188742160797,0.023681640625
912.5,1557,319488,45.0,0,1,0.0001,-0.05324778088834137,0.46348679065704346,0.007175228,4984,-0.007678027533984277,0.2,3.215379352681339,-10.68221187341027,0.4127981662750244,0.025146484375
1019.0,1741,320000,45.0,0,1,0.0001,-0.08868208828789648,1.468482494354248,0.013266294,4992,-0.014421464071347145,0.2,2.6606712145730853,-11.898365443153306,0.09666532278060913,0.052001953125
1132.5,1740,320512,45.0,0,1,0.0001,-0.12340578020666726,0.5310370922088623,0.009769456,5000,-0.010697620655264473,0.2,1.4015053613111377,-12.60399907425046,0.24275469779968262,0.051513671875
1102.0,1955,321024,45.0,0,1,0.0001,-0.11612686235457659,0.7287354469299316,0.007715159,5008,-0.011818869243143126,0.2,1.929790143854916,-12.788431915454566,0.50173220038414,0.04296875
1108.5,1793,321536,45.0,0,1,0.0001,-0.07064095839450601,0.7648543119430542,0.020122845,5016,-0.011680400057230145,0.2,1.6347725526429713,-12.953117239195853,0.583226203918457,0.04638671875
1083.5,1789,322048,45.0,0,1,0.0001,-0.07430008783558151,0.7965216040611267,0.003843996,5024,-0.0075980516339768656,0.2,1.9727887744084,-13.59874557359144,0.48705506324768066,0.026611328125
1074.0,2113,322560,45.0,0,1,0.0001,-0.0961602351453621,0.5210164785385132,0.029217046,5032,-0.008206505233829375,0.2,1.4184564161114395,-13.717006684830412,0.6823555827140808,0.0625
1065.0,1844,323072,45.0,0,1,0.0001,-0.06325521978214965,0.33368340134620667,0.009674164,5040,-0.008556205189961474,0.2,1.56345442449674,-13.078250846629963,0.412781298160553,0.029541015625
1052.0,2086,323584,45.0,0,1,0.0001,-0.06204686328419484,0.523217499256134,0.0067084874,5048,-0.006355301848088857,0.2,1.8336901757866144,-12.422421289673075,0.5174981951713562,0.0224609375
1136.0,1875,324096,45.0,0,1,0.0001,-0.060217123573238496,0.4115515351295471,0.005333058,5056,-0.008293733597383834,0.2,1.5233500434551388,-11.544683939665555,0.6737471222877502,0.02783203125
1153.5,1732,324608,45.0,0,1,0.0001,-0.07766574989364017,0.6142026782035828,0.0030751722,5064,-0.008083341363089858,0.2,2.249383235350251,-10.283098115567118,0.6113874316215515,0.019775390625
1099.0,1818,325120,45.0,0,1,0.0001,-0.08276480522181373,0.9369610548019409,0.003143787,5072,-0.00825233934665448,0.2,3.516683179885149,-9.364401984503493,0.6353545486927032,0.02978515625
1069.0,1908,325632,45.0,0,1,0.0001,-0.06701074932061601,0.303500235080719,0.003687913,5080,-0.008397792331379605,0.2,1.9810860068537295,-8.788130355682224,0.7689623981714249,0.027099609375
1103.0,1737,326144,45.0,0,1,0.0001,-0.0477567649068078,1.7493336200714111,0.0034917812,5088,-0.0077486641457653604,0.2,3.4515086153987795,-8.698436416201293,0.5588854849338531,0.018310546875
1113.5,1892,326656,45.0,0,1,0.0001,-0.057614858051238116,1.3259648084640503,0.0043097045,5096,-0.007137457971111871,0.2,2.8956758857239038,-8.467775283111258,0.6901704370975494,0.030029296875
1142.0,1827,327168,45.0,0,1,0.0001,-0.05702632303291466,0.33577537536621094,0.0104187345,5104,-0.008724852890736656,0.2,2.087255437159911,-8.733916147584095,0.565860241651535,0.029052734375
1179.0,1825,327680,45.0,0,1,0.0001,-0.06486608754494227,1.6036314964294434,0.0066775465,5112,-0.00915376751072472,0.2,3.0907592745497823,-9.1657868270576,0.31307727098464966,0.024169921875
1254.5,1862,328192,45.0,0,1,0.0001,-0.07156683906214312,0.38446512818336487,0.007818591,5120,-0.009286018623242853,0.2,2.2796796075999737,-9.468158778995276,-0.05428051948547363,0.03369140625
1266.5,1377,328704,45.0,0,1,0.0001,-0.08278698881622404,0.8586618900299072,0.0039889044,5128,-0.007043312642053934,0.2,1.4753784531494603,-9.631185800014064,0.3463051915168762,0.0263671875
1310.0,1887,329216,45.0,0,1,0.0001,-0.08578678783669602,0.27576807141304016,0.00946149,5136,-0.009680249931989238,0.2,1.850323366932571,-10.043800168149174,0.33913540840148926,0.047607421875
1424.0,1568,329728,45.0,0,1,0.0001,-0.08007344428187935,0.25545957684516907,0.005418116,5144,-0.00877770948864054,0.2,1.0235581651795655,-10.290024009933695,0.4548792839050293,0.03173828125
1458.0,1877,330240,45.0,0,1,0.0001,-0.07974044181173667,0.13062818348407745,0.012375974,5152,-0.011209733915165998,0.2,0.6500847692950629,-10.637490985067561,0.6243460178375244,0.0380859375
1352.0,1835,330752,45.0,0,1,0.0001,-0.05749027875208412,0.07978847622871399,0.012709224,5160,-0.006418146753276233,0.2,0.6268789521418512,-10.551542852111162,0.6128049194812775,0.03564453125
1390.5,1744,331264,45.0,0,1,0.0001,-0.06184834382656845,0.2592580318450928,0.007060863,5168,-0.007140835128666367,0.2,1.1022548484615982,-10.894895398952066,0.4364625811576843,0.031005859375
1365.5,2027,331776,45.0,0,1,0.0001,-0.06937784598994767,0.15437304973602295,0.010722674,5176,-0.0072027152418741025,0.2,0.8519993661902845,-10.601482731699944,0.3773077726364136,0.029541015625
1392.0,1859,332288,45.0,0,1,0.0001,-0.03872605711512733,0.2538502812385559,0.006419723,5184,-0.00932393752009375,0.2,1.0721813060808927,-10.545942096207291,0.5536313652992249,0.020751953125
1351.0,1863,332800,45.0,0,1,0.0001,-0.0335349176220916,0.17475879192352295,0.0010984326,5192,-0.003102303329796996,0.2,0.8037423318019137,-10.459937155041844,0.6794955432415009,0.01025390625
1347.0,1340,333312,45.0,0,1,0.0001,-0.04326649198628729,0.1292671114206314,0.0013838146,5200,-0.003981722769822227,0.2,1.843409885885194,-10.473007596237585,0.5342988669872284,0.008056640625
1291.5,1871,333824,45.0,0,1,0.0001,-0.10639983908913564,1.1653417348861694,0.012670017,5208,-0.008198262796213385,0.2,2.034910211339593,-10.3320336846821,0.658803254365921,0.046142578125
1271.0,1746,334336,45.0,0,1,0.0001,-0.0556550939581939,0.17580947279930115,0.0027294878,5216,-0.006536305612826254,0.2,1.692487894790247,-10.611604301827029,0.7382348477840424,0.017333984375
1335.0,1822,334848,45.0,0,1,0.0001,-0.06688988787209382,0.2840404212474823,0.009082641,5224,-0.008084094872174319,0.2,1.2556703679729253,-10.842275109738111,0.6225879192352295,0.034423828125
1405.5,1730,335360,45.0,0,1,0.0001,-0.0692040339417872,0.8644415736198425,0.010036498,5232,-0.00830611860146746,0.2,1.2329823304899037,-11.137636152058839,0.34537023305892944,0.031982421875
1449.0,1730,335872,45.0,0,1,0.0001,-0.06821140465035569,0.4443894922733307,0.00388399,5240,-0.00423183458042331,0.2,1.3077450939454138,-11.544859219780191,0.22601258754730225,0.020751953125
1491.0,1716,336384,45.0,0,1,0.0001,-0.055293775541940704,1.2750142812728882,0.0034291155,5248,-0.0061256713888724335,0.2,4.121972120366991,-12.073151460327209,0.14940428733825684,0.016845703125
1400.0,1973,336896,45.0,0,1,0.0001,-0.045308790689887246,3.6786844730377197,0.004445883,5256,-0.005892953762668185,0.2,4.813148178625852,-12.58187603617087,0.5266422033309937,0.021484375
1420.0,1480,337408,45.0,0,1,0.0001,-0.05378771032701479,0.9682101011276245,0.0064046946,5264,-0.004329866707848851,0.2,2.1497489027678967,-13.0183487240877,0.33969032764434814,0.020263671875
1395.0,1833,337920,45.0,0,1,0.0001,-0.06859301673830487,0.7656021118164062,0.0057957494,5272,-0.004595285470713861,0.2,2.6067650192417204,-13.042135243904777,0.223125159740448,0.023681640625
1350.5,1887,338432,45.0,0,1,0.0001,-0.07429324658733094,1.2988651990890503,0.00325109,5280,-0.008284042072773445,0.2,3.5717712310142815,-12.753753783737775,0.04408061504364014,0.031982421875
1360.5,1832,338944,45.0,0,1,0.0001,-0.06762164019710326,0.31262892484664917,0.0068256864,5288,-0.009327601663244423,0.2,1.364099815255031,-12.324448681459762,0.028069019317626953,0.0234375
1350.0,1822,339456,45.0,0,1,0.0001,-0.05531121860985877,0.060963794589042664,0.0076139676,5296,-0.007243937972816639,0.2,1.1625795648433268,-11.305587424742988,0.6413164436817169,0.02978515625
1315.5,1869,339968,45.0,0,1,0.0001,-0.04397829534900666,0.1604994833469391,0.0056801764,5304,-0.006803245618357323,0.2,1.1685929470695555,-10.20091379409423,0.8068529814481735,0.02197265625
1275.0,1964,340480,45.0,0,1,0.0001,-0.061758013358485186,0.3768267333507538,0.00468064,5312,-0.009807599082705565,0.2,1.849705343367532,-9.023996607965092,0.7223028242588043,0.025390625
1245.5,1821,340992,45.0,0,1,0.0001,-0.05262238031355082,0.4240824580192566,0.005423587,5320,-0.005913122819038108,0.2,1.9965429208241403,-8.125579414424719,0.1197783350944519,0.0205078125
1286.5,2006,341504,45.0,0,1,0.0001,-0.052777764431084506,0.20445793867111206,0.012060052,5328,-0.009285516163799912,0.2,1.313355325954035,-7.1996694129309615,0.25696808099746704,0.02783203125
1249.0,1484,342016,45.0,0,1,0.0001,-0.03012783731901436,0.4619773030281067,0.0071719396,5336,-0.0039038528593664523,0.2,1.091446141479537,-6.77858488741098,0.3801332712173462,0.011474609375
1287.0,1680,342528,45.0,0,1,0.0001,-0.06244124556542374,0.8275762796401978,0.00658327,5344,-0.009326642448286293,0.2,2.4076890060678124,-6.53030117680435,0.4288938045501709,0.02783203125
1289.0,1799,343040,45.0,0,1,0.0001,-0.0801222713344032,0.3352575898170471,0.011634937,5352,-0.003860602831991855,0.2,1.706993815023452,-6.035841133270297,0.4778728485107422,0.02294921875
1265.0,1742,343552,45.0,0,1,0.0001,-0.05497875114087947,1.2932311296463013,0.003379704,5360,-0.00550789632507076,0.2,1.5030825037974864,-5.918929042518721,0.5846095383167267,0.01708984375
1252.5,1731,344064,45.0,0,1,0.0001,-0.048924315015028697,0.30034059286117554,0.0065395553,5368,-0.008408202018472366,0.2,1.5290970178321004,-6.1221265472477535,0.6623289287090302,0.0263671875
1215.5,1850,344576,45.0,0,1,0.0001,-0.05640156225854298,0.2172931581735611,0.012902356,5376,-0.005081347640953027,0.2,1.0521525382064283,-6.394826136130723,0.5449841320514679,0.030517578125
1265.0,1784,345088,45.0,0,1,0.0001,-0.064913845861156,0.5582836866378784,0.008009974,5384,-0.009422954353794921,0.2,1.2807746722828597,-6.66553581361135,0.3889908194541931,0.037353515625
1298.5,1807,345600,45.0,0,1,0.0001,-0.06855213469680166,0.8954328298568726,0.008437709,5392,-0.006962032784940675,0.2,1.7182334829121828,-6.578253430737532,-0.11207103729248047,0.025634765625
1324.0,1825,346112,45.0,0,1,0.0001,-0.08743017770029837,0.2979200482368469,0.009579104,5400,-0.010686280227673706,0.2,2.0712290685623884,-6.825918839134392,-0.03026294708251953,0.0419921875
1376.0,1372,346624,45.0,0,1,0.0001,-0.0817322699149372,0.9792022705078125,0.023637975,5408,-0.017294761455559637,0.2,3.2655914537608624,-7.155748006273643,0.23395907878875732,0.06005859375
1375.5,1741,347136,45.0,0,1,0.0001,-0.07125900838582311,1.1790404319763184,0.003386139,5416,-0.006507516489364207,0.2,2.6861316985450685,-7.632411774491775,0.03155249357223511,0.02099609375
1347.0,1733,347648,45.0,0,1,0.0001,-0.10034346690372331,0.4001099169254303,0.011408799,5424,-0.012720235343294917,0.2,2.758046504575759,-8.708585994989845,0.3454097509384155,0.054931640625
1349.5,2007,348160,45.0,0,1,0.0001,-0.0659195264452137,0.6662330031394958,0.0054073213,5432,-0.00937891593639506,0.2,2.4795087603852153,-9.540514180443715,0.5543330609798431,0.033447265625
1379.0,1795,348672,45.0,0,1,0.0001,-0.05015192093469523,0.11087717860937119,0.0065348865,5440,-0.00983598333914415,0.2,1.4303381852805614,-10.119188877486158,0.11654853820800781,0.028076171875
1338.5,1933,349184,45.0,0,1,0.0001,-0.03988297324758605,0.1311028003692627,0.006885687,5448,-0.005865538267244119,0.2,1.0415818260516971,-10.358014157235157,-0.3305246829986572,0.017578125
1326.0,1870,349696,45.0,0,1,0.0001,-0.04325635671921191,0.5327836275100708,0.0049912743,5456,-0.006223763441084884,0.2,1.530518481740728,-10.279978518993595,0.27677834033966064,0.024169921875
1303.5,1766,350208,45.0,0,1,0.0001,-0.060514306474942714,0.8368372321128845,0.0066223824,5464,-0.006071041840186808,0.2,2.962089401204139,-10.09893794996664,0.5020354688167572,0.02392578125
1298.0,2000,350720,45.0,0,1,0.0001,-0.03401796229445608,0.8801698088645935,0.0018338861,5472,-0.0036677204407169484,0.2,2.4520736639387906,-9.45614901480265,0.6581127643585205,0.01123046875
1252.5,1416,351232,45.0,0,1,0.0001,-0.05342915150686167,1.4233362674713135,0.006392361,5480,-0.007646257246960886,0.2,3.9742112210951746,-8.91797215185128,0.5877147316932678,0.0185546875
1209.0,1845,351744,45.0,0,1,0.0001,-0.07728155569930095,0.9652442932128906,0.006312893,5488,-0.00903190753160743,0.2,3.474132774397731,-8.262911612507887,0.6757706999778748,0.0341796875
1231.0,1621,352256,45.0,0,1,0.0001,-0.06927038247522432,0.5581676363945007,0.003774162,5496,-0.007134177489206195,0.2,3.060547619126737,-7.869652504045516,0.48166424036026,0.025146484375
1207.0,1856,352768,45.0,0,1,0.0001,-0.07473311414651107,0.836881697177887,0.009145562,5504,-0.008107894369459245,0.2,3.0558188618160784,-7.856086869020946,-0.16540074348449707,0.02685546875
1253.5,1624,353280,45.0,0,1,0.0001,-0.060781801177654415,0.5547134876251221,0.015405301,5512,-0.011353917128872126,0.2,1.4234433444216847,-8.235864702714608,0.1266687512397766,0.028076171875
1255.0,2009,353792,45.0,0,1,0.0001,-0.05240609649990802,0.5442289113998413,0.01647339,5520,-0.007977654753631214,0.2,1.64013134886045,-9.074773419122211,-0.16008615493774414,0.03076171875
1371.0,1741,354304,45.0,0,1,0.0001,-0.051414853071037214,0.30966684222221375,0.00784526,5528,-0.004560386099910829,0.2,0.9204054018482566,-9.936283283708617,0.12222176790237427,0.030029296875
1304.5,1906,354816,45.0,0,1,0.0001,-0.08760051839635707,0.34052908420562744,0.008060889,5536,-0.010571852100838441,0.2,1.487531944643706,-10.864987407689915,0.40391457080841064,0.05224609375
1277.5,1962,355328,45.0,0,1,0.0001,-0.045513880850194255,0.42362672090530396,0.009105675,5544,-0.003958689270803006,0.2,1.0701862915884703,-12.220471964906901,0.30172252655029297,0.03271484375
1330.5,1653,355840,45.0,0,1,0.0001,-0.06204307739608339,0.26358675956726074,0.0084874295,5552,-0.011968218990659807,0.2,0.9790290720993653,-12.877393783195876,-0.029203295707702637,0.03857421875
1334.5,1802,356352,45.0,0,1,0.0001,-0.10999596706096781,2.212700366973877,0.009536652,5560,-0.010665575013263151,0.2,3.694476814707741,-13.413006136859767,0.0885424017906189,0.05419921875
1367.5,1764,356864,45.0,0,1,0.0001,-0.06364811711318907,0.39922821521759033,0.015233289,5568,-0.012886886284832144,0.2,2.0183683447539806,-13.663030369766057,0.09175556898117065,0.040283203125
1387.0,1872,357376,45.0,0,1,0.0001,-0.06445846582209924,0.2554473578929901,0.0074708075,5576,-0.005381449809647165,0.2,1.1979568093083799,-13.144449278521352,0.44695067405700684,0.02880859375
1371.0,1799,357888,45.0,0,1,0.0001,-0.0776941075164359,0.5592572689056396,0.017507583,5584,-0.011176798783708364,0.2,1.435026800725609,-12.722190830805339,0.56208136677742,0.027587890625
1413.0,1862,358400,45.0,0,1,0.0001,-0.06367312226211652,0.45960086584091187,0.010589039,5592,-0.005599933458142914,0.2,1.0010244292207062,-12.185783768621913,0.61839959025383,0.030029296875
1416.5,1723,358912,45.0,0,1,0.0001,-0.08296751955640502,0.28946515917778015,0.010815197,5600,-0.01011403991287807,0.2,1.334547032834962,-11.965124239404394,-0.14154052734375,0.041259765625
1444.5,1825,359424,45.0,0,1,0.0001,-0.07744880113750696,2.8302054405212402,0.01595474,5608,-0.010589026838715654,0.2,4.290293570607901,-11.964874243006053,0.13039010763168335,0.03857421875
1457.5,1514,359936,45.0,0,1,0.0001,-0.061812072788598016,0.3365023136138916,0.007718533,5616,-0.008702917184564285,0.2,1.7954412016551942,-11.777879967115295,0.27050191164016724,0.023681640625
1397.0,1897,360448,45.0,0,1,0.0001,-0.07552194144227542,0.2935038208961487,0.0040247976,5624,-0.005136479125212645,0.2,0.7849494660040364,-11.522255400191934,0.3784611225128174,0.021728515625
1404.5,1732,360960,45.0,0,1,0.0001,-0.134385269775521,0.2876909375190735,0.02007161,5632,-0.01648914324323414,0.2,1.0040017205756158,-11.71716972041264,-0.1724921464920044,0.056640625
1404.5,1726,361472,45.0,0,1,0.0001,-0.2539084368618205,1.3919715881347656,0.005876331,5640,-0.010270747785398271,0.2,4.365896791219711,-12.197531844911573,0.1787186861038208,0.065673828125
1343.0,1947,361984,45.0,0,1,0.0001,-0.1997457315446809,1.4783612489700317,0.004559017,5648,-0.009096830843191128,0.2,3.627660872414708,-12.60799444766104,0.579921156167984,0.045654296875
1348.0,1622,362496,45.0,0,1,0.0001,-0.14633687573950738,1.412787914276123,0.042196218,5656,-0.016946753079537302,0.2,5.133543164469302,-13.428481265142327,0.3514925241470337,0.068115234375
1317.5,1918,363008,45.0,0,1,0.0001,-0.09168671525549144,0.39510709047317505,0.0078729885,5664,-0.00896595103040454,0.2,2.1568140611052513,-13.643572352201446,0.598380446434021,0.03125
1294.5,1796,363520,45.0,0,1,0.0001,-0.09458480335888453,0.8252094984054565,0.010472199,5672,-0.01132349950785283,0.2,2.7863265709020197,-13.945716139107244,-0.3029540777206421,0.052490234375
1252.5,1905,364032,45.0,0,1,0.0001,-0.07117581440979848,0.41662055253982544,0.009350387,5680,-0.005704625538783148,0.2,1.581980267772451,-14.303707975216675,0.3870086073875427,0.029052734375
1255.5,1881,364544,45.0,0,1,0.0001,-0.060080848103098106,0.37181565165519714,0.0047161393,5688,-0.004907246751827188,0.2,1.2140036362688988,-14.665045371663291,0.5079156458377838,0.02978515625
1312.5,1743,365056,45.0,0,1,0.0001,-0.0804988573800074,1.5004987716674805,0.0072285496,5696,-0.012083143061317969,0.2,2.850639771204442,-15.336636876813136,0.37932777404785156,0.033203125
1254.5,1812,365568,45.0,0,1,0.0001,-0.08756731395260431,0.1931346207857132,0.0068286117,5704,-0.013367535706493072,0.2,1.9217655514366925,-15.215631220850629,0.28695785999298096,0.052978515625
1239.5,1832,366080,45.0,0,1,0.0001,-0.07489753593108617,0.4042836129665375,0.010844551,5712,-0.011668064611512818,0.2,1.7742186735849828,-14.965929328568745,0.4549356698989868,0.03759765625
1301.0,1824,366592,45.0,0,1,0.0001,-0.05358585036447039,0.4057600498199463,0.004503321,5720,-0.00436913324665511,0.2,2.616161117795855,-14.147697046895045,0.604540228843689,0.01806640625
1272.5,1786,367104,45.0,0,1,0.0001,-0.058531940700049745,0.8980922102928162,0.012924504,5728,-0.006501119780295994,0.2,2.0958378287032247,-12.713380702373106,0.711074709892273,0.018310546875
1331.0,1805,367616,45.0,0,1,0.0001,-0.0610430274537066,0.7084624767303467,0.00503073,5736,-0.0059726821491494775,0.2,2.1908007827587426,-11.515724099595099,0.7668091356754303,0.019287109375
1328.0,1757,368128,45.0,0,1,0.0001,-0.06268779567471938,1.0234078168869019,0.0039302683,5744,-0.006309463882644195,0.2,2.9676577989012003,-9.683679236853495,0.593692421913147,0.025390625
1396.5,1420,368640,45.0,0,1,0.0001,-0.06504032018710859,0.421977698802948,0.011123631,5752,-0.004079790931427851,0.2,1.706667682621628,-8.170704500870778,0.5849404633045197,0.0263671875
1376.0,1796,369152,45.0,0,1,0.0001,-0.0723960219474975,0.4999859631061554,0.008844745,5760,-0.00817768371780403,0.2,1.7632479346357286,-6.629223728412763,0.5113551020622253,0.03271484375
1372.0,1850,369664,45.0,0,1,0.0001,-0.08064508356619626,0.5408209562301636,0.014328752,5768,-0.007351928674324881,0.2,2.0116265574470162,-5.532373506342992,-0.2609741687774658,0.0458984375
1361.0,1633,370176,45.0,0,1,0.0001,-0.08358000189764425,0.5088819861412048,0.009860225,5776,-0.007789793213305529,0.2,2.4378890017978847,-4.60743995542638,-0.004253387451171875,0.0302734375
1301.5,1822,370688,45.0,0,1,0.0001,-0.0957923171663424,0.6040741205215454,0.0051813805,5784,-0.005311086919391528,0.2,1.6373975714668632,-4.685924861878156,-0.055837392807006836,0.037841796875
1324.5,1759,371200,45.0,0,1,0.0001,-0.08372602907184046,0.605411946773529,0.009642556,5792,-0.013904554798500612,0.2,1.82630077842623,-5.141777106700465,0.32836592197418213,0.0478515625
1284.0,1861,371712,45.0,0,1,0.0001,-0.06305243202950805,0.2467700093984604,0.005289403,5800,-0.007578905533591751,0.2,1.6219153052661568,-5.426137117128819,0.1413259506225586,0.029296875
1267.0,1789,372224,45.0,0,1,0.0001,-0.04669561818627699,0.38963088393211365,0.003242828,5808,-0.008338151583302533,0.2,1.6082784293685108,-6.40018279068172,0.29197460412979126,0.02783203125
1294.0,1915,372736,45.0,0,1,0.0001,-0.05745655723876553,0.6579588055610657,0.011376571,5816,-0.0077855328636360355,0.2,1.9290693332441151,-6.783655292445328,0.4160163998603821,0.038818359375
1204.0,1483,373248,45.0,0,1,0.0001,-0.037799126441314,1.077606439590454,0.004273553,5824,-0.00576372374962375,0.2,1.9198008413659409,-7.24426812735619,0.3829721212387085,0.016357421875
1079.5,2066,373760,45.0,0,1,0.0001,-0.04155757886837819,0.51523756980896,0.002511193,5832,-0.0054020808602217585,0.2,1.934595713042654,-7.988505025438498,0.3962976932525635,0.0185546875
1109.5,2012,374272,45.0,0,1,0.0001,-0.05440861704846611,1.2981566190719604,0.011323506,5840,-0.0062193391313485336,0.2,3.204161560162902,-8.468102174589877,0.48835235834121704,0.022216796875
1149.0,1629,374784,45.0,0,1,0.0001,-0.04851809042156674,0.43641963601112366,0.0066781994,5848,-0.007742985711956862,0.2,2.5780361453071237,-8.7236109063006,0.48425358533859253,0.016845703125
1181.5,1933,375296,45.0,0,1,0.0001,-0.05405746362521313,1.3702913522720337,0.003985134,5856,-0.005781992484116927,0.2,3.7498701196163893,-7.980440409623552,0.6367613673210144,0.020263671875
1144.5,1773,375808,45.0,0,1,0.0001,-0.04015701875141531,1.0680694580078125,0.0055634826,5864,-0.007273553275808808,0.2,3.18770450912416,-7.960272816142824,0.7834058254957199,0.015380859375
1170.0,1678,376320,45.0,0,1,0.0001,-0.04340743599459529,1.1140793561935425,0.0027906308,5872,-0.005349776416551322,0.2,2.2034745949786156,-7.753048445295135,0.8318109959363937,0.01806640625
1161.0,1698,376832,45.0,0,1,0.0001,-0.06196935828484129,0.7262850999832153,0.006025416,5880,-0.00513596975360997,0.2,2.896479110699147,-7.763970502001757,0.4778858423233032,0.025390625
1163.5,1784,377344,45.0,0,1,0.0001,-0.06176318116195034,0.3272337317466736,0.008748181,5888,-0.006392499286448583,0.2,1.59796979627572,-8.440443326282839,-0.34107792377471924,0.022216796875
1164.0,1954,377856,45.0,0,1,0.0001,-0.06922211532946676,0.2117113173007965,0.008373204,5896,-0.007340791853494011,0.2,1.0226242844946682,-9.19240183757298,-0.39490997791290283,0.033203125
1300.0,1629,378368,45.0,0,1,0.0001,-0.06767969361681025,0.5355082154273987,0.007294259,5904,-0.007835654010705184,0.2,1.0748318816768005,-9.537507221490669,0.29694193601608276,0.03759765625
1301.0,1833,378880,45.0,0,1,0.0001,-0.08644517953507602,0.20669054985046387,0.02057846,5912,-0.0123113532026764,0.2,0.8013723207404837,-9.742736024897603,-0.17322349548339844,0.058837890625
1262.0,1797,379392,45.0,0,1,0.0001,-0.06794734815048287,0.05933176353573799,0.016143663,5920,-0.013427864447294269,0.2,0.7372175778145902,-10.389060548519774,0.09964525699615479,0.03466796875
1301.0,1799,379904,45.0,0,1,0.0001,-0.058797095058253035,0.1261490285396576,0.007814374,5928,-0.006712152804539073,0.2,1.0825775973498821,-11.057386288000561,0.46239030361175537,0.02490234375
1320.0,1742,380416,45.0,0,1,0.0001,-0.06014514609705657,0.38568589091300964,0.0035220794,5936,-0.006672933785011992,0.2,1.6401542144594714,-10.988928974950687,0.6764577925205231,0.017822265625
1353.0,1744,380928,45.0,0,1,0.0001,-0.05122624621071736,0.8661370277404785,0.0058297906,5944,-0.0074841341192950495,0.2,1.8706519794650376,-11.317515257970372,0.7638676762580872,0.022705078125
1389.5,1538,381440,45.0,0,1,0.0001,-0.07375184096963494,0.762800931930542,0.0040795463,5952,-0.00798925214985502,0.2,1.994656519498676,-10.69284651478898,0.7448830306529999,0.03271484375
1438.0,1758,381952,45.0,0,1,0.0001,-0.04912073024024721,0.42036786675453186,0.0052389167,5960,-0.006771364056476159,0.2,1.0419529238715768,-10.120156128992384,0.7244014143943787,0.017822265625
1483.0,1209,382464,45.0,0,1,0.0001,-0.05946934686653549,0.16465876996517181,0.013254403,5968,-0.0015203122020466253,0.2,1.030707613681443,-9.84687879739009,0.19412046670913696,0.0361328125
1445.5,1558,382976,45.0,0,1,0.0001,-0.06301342250662856,0.28254595398902893,0.0105302315,5976,-0.006245710719667841,0.2,1.4040980208665133,-9.859591779909387,0.20090150833129883,0.021484375
1454.5,1719,383488,45.0,0,1,0.0001,-0.1007968261546921,0.6578823924064636,0.0062724818,5984,-0.010992311625159346,0.2,3.172823505476117,-10.53600963338773,0.07100474834442139,0.0361328125
1503.0,1729,384000,45.0,0,1,0.0001,-0.08297404114273377,0.7532501816749573,0.012998009,5992,-0.015138698181544896,0.2,1.9911300530657172,-10.936706466077885,0.26620495319366455,0.05126953125
1441.5,1822,384512,45.0,0,1,0.0001,-0.07211021015973529,0.5366472005844116,0.0052462993,6000,-0.014976047532400116,0.2,3.553229416254908,-11.17108918731712,0.3089416027069092,0.037841796875
1388.5,1907,385024,45.0,0,1,0.0001,-0.04811406299631926,0.2942740321159363,0.007279384,6008,-0.004469814466574462,0.2,1.53530441573821,-11.591343253163213,0.19764196872711182,0.018798828125
1323.0,1997,385536,45.0,0,1,0.0001,-0.03211317207387765,0.25475364923477173,0.0043455004,6016,-0.003711205026775133,0.2,1.9054473829455674,-11.537170462032664,-0.3084399700164795,0.012451171875
1315.5,1658,386048,45.0,0,1,0.0001,-0.0583555418998003,0.26738712191581726,0.014926877,6024,-0.01068665422644699,0.2,1.2430246799485758,-11.597685101354728,0.08637595176696777,0.035888671875
1287.0,1489,386560,45.0,0,1,0.0001,-0.20868804637575522,0.22491051256656647,0.12898964,6032,-0.029813534674758557,0.2,1.3015100257471204,-11.163200794100995,0.29132360219955444,0.2158203125
1239.5,1917,387072,45.0,0,1,0.0001,-0.42763611394912004,19.715845108032227,0.011536397,6040,-0.016630479993182234,0.2,76.71752281486988,-14.786581964716316,0.21837937831878662,0.174560546875
1187.0,1822,387584,45.0,0,1,0.0001,-0.4066556482575834,16.1517391204834,0.009834592,6048,-0.012478645105147734,0.2,56.769474774599075,-16.94529017800698,0.3891777992248535,0.10986328125
1215.5,1686,388096,45.0,0,1,0.0001,-0.3705220737028867,13.86003303527832,0.020096667,6056,-0.021400536526925862,0.2,55.376970276236534,-18.31878724531038,0.37487584352493286,0.16162109375
1216.0,1335,388608,45.0,0,1,0.0001,-0.18041161278961226,2.79836368560791,0.031097304,6064,-0.019312997741508298,0.2,14.179441433399916,-18.18646170218475,0.7386472523212433,0.097900390625
1276.5,1656,389120,45.0,0,1,0.0001,-0.12699637975310907,2.083136558532715,0.016750304,6072,-0.01274349048617296,0.2,7.7537791300565,-18.64036985243205,0.6897524893283844,0.02880859375
1372.0,1729,389632,45.0,0,1,0.0001,-0.07653433864470571,1.162826418876648,0.004802148,6080,-0.005140563735039905,0.2,4.526245961897075,-19.38842442866473,0.6158437132835388,0.02099609375
1436.0,1729,390144,45.0,0,1,0.0001,-0.08170874742791057,1.0925467014312744,0.005118491,6088,-0.008658085564093199,0.2,4.291516616940498,-20.52478522974765,0.16776365041732788,0.026611328125
1400.0,1702,390656,45.0,0,1,0.0001,-0.059662199550075457,1.443961501121521,0.003286812,6096,-0.005611412103462499,0.2,3.2056070482358336,-21.83667437863769,-0.0964045524597168,0.01806640625
1457.5,1776,391168,45.0,0,1,0.0001,-0.058146410243352875,0.5471341609954834,0.013307946,6104,-0.005856509778823238,0.2,2.616124573163688,-22.45219101459021,0.18138986825942993,0.024169921875
1456.5,1788,391680,45.0,0,1,0.0001,-0.058118711138376966,0.9594407081604004,0.0143383,6112,-0.005691368707630318,0.2,2.7693737698718905,-19.01306311216904,0.3635135293006897,0.029052734375
1499.0,1773,392192,45.0,0,1,0.0001,-0.06426628109329613,0.6062097549438477,0.0062596416,6120,-0.00431093669612892,0.2,2.924951904453337,-16.812185684873256,0.3877752423286438,0.019775390625
1508.0,1567,392704,45.0,0,1,0.0001,-0.07065133510332089,1.0078949928283691,0.009300838,6128,-0.005982028211292345,0.2,2.6794591951183975,-14.349833786215168,0.48694515228271484,0.028564453125
1487.5,1819,393216,45.0,0,1,0.0001,-0.0958662437624298,0.3751413822174072,0.0040326905,6136,-0.006467700353823602,0.2,2.245818101800978,-13.296826686649583,0.6792473495006561,0.025146484375
1505.0,1642,393728,45.0,0,1,0.0001,-0.06853506386687513,0.48442453145980835,0.01315443,6144,-0.007042493707558606,0.2,1.932270898250863,-12.06625510139158,0.6819277703762054,0.031494140625
1434.0,1811,394240,45.0,0,1,0.0001,-0.0798391153657576,0.6058993935585022,0.0051500746,6152,-0.0040120801495504566,0.2,1.6316960277035832,-10.82975218932319,0.7618374675512314,0.026611328125
1395.0,1801,394752,45.0,0,1,0.0001,-0.06497057250817306,1.114086627960205,0.01726722,6160,-0.009424855234101415,0.2,2.207403654232621,-9.428666221387685,0.338020920753479,0.034423828125
1431.5,1207,395264,45.0,0,1,0.0001,-0.0635508402629057,0.4611049294471741,0.0071004904,6168,-0.005055307308793999,0.2,2.2303970865905285,-8.217810423267075,-0.4325902462005615,0.02392578125
1404.5,1590,395776,45.0,0,1,0.0001,-0.07479827565839514,0.6108015179634094,0.0053821127,6176,-0.009558577330608387,0.2,1.4794764616526663,-7.661748332367279,0.13974374532699585,0.0380859375
1402.5,1541,396288,45.0,0,1,0.0001,-0.05139114821940893,0.31860291957855225,0.003284303,6184,-0.005213870870647952,0.2,1.3855829499661922,-7.191083036293276,0.41521501541137695,0.015869140625
1397.5,1829,396800,45.0,0,1,0.0001,-0.08754151330504101,0.44532525539398193,0.012715355,6192,-0.009419348309165798,0.2,1.6957814800553024,-7.266313750436529,0.3960474729537964,0.044677734375
1374.5,1574,397312,45.0,0,1,0.0001,-0.08522940069087781,0.2644316256046295,0.0098740645,6200,-0.011034416958864313,0.2,1.1664211364695802,-7.690686681736261,0.21747881174087524,0.0419921875
1416.5,1654,397824,45.0,0,1,0.0001,-0.11381604804773815,3.9295318126678467,0.0052612424,6208,-0.006116281740105478,0.2,6.367945624515414,-8.732856412050314,0.31292426586151123,0.0419921875
1362.0,1742,398336,45.0,0,1,0.0001,-0.10889452330593485,1.823242425918579,0.004297117,6216,-0.006644986297033029,0.2,4.4838239485397935,-9.684969773646444,0.054379403591156006,0.0361328125
1398.5,1666,398848,45.0,0,1,0.0001,-0.07916474055673461,1.0716419219970703,0.010093147,6224,-0.0045454854116542265,0.2,3.455806245561689,-10.992396378330886,0.05441164970397949,0.03173828125
1393.5,1741,399360,45.0,0,1,0.0001,-0.09009757966850884,2.134690999984741,0.0066716373,6232,-0.0079185912545654,0.2,3.3933724788948894,-12.092494237599894,0.06913459300994873,0.033447265625
1347.5,1881,399872,45.0,0,1,0.0001,-0.06371707472862909,6.5605998039245605,0.007016907,6240,-0.006635965139139444,0.2,12.422722015529871,-13.075681134453044,0.3949308395385742,0.021484375
1325.0,2078,400384,45.0,0,1,0.0001,-0.061007967007753905,0.7124414443969727,0.047502916,6248,-0.004218184083583765,0.2,3.839213128667325,-13.547497340645641,0.40907615423202515,0.02587890625
1329.5,1766,400896,45.0,0,1,0.0001,-0.0376922982322867,0.25310882925987244,0.0011931446,6256,-0.003470252668194007,0.2,1.9321623651776463,-13.587276016222313,-0.5858169794082642,0.009765625
1271.5,1934,401408,45.0,0,1,0.0001,-0.11474454385461286,0.1720551997423172,0.06777726,6264,-0.011213464087632019,0.2,1.0260803122073412,-13.156705300896428,0.014766097068786621,0.065673828125
1252.0,1675,401920,45.0,0,1,0.0001,-0.4307047571055591,1.712782859802246,0.009444814,6272,-0.006911064592713956,0.2,5.2526801927015185,-13.773897643876262,0.1981920599937439,0.095947265625
1222.0,1842,402432,45.0,0,1,0.0001,-0.3446575157577172,20.3369197845459,0.010802446,6280,-0.01700091772363521,0.2,51.18006947636604,-15.281324388668873,0.3161804676055908,0.16552734375
1201.5,1617,402944,45.0,0,1,0.0001,-0.40034705004654825,44.47133255004883,0.010892614,6288,-0.018144675686926348,0.2,138.40880796313286,-18.62074085799977,0.38406646251678467,0.15966796875
1233.5,1456,403456,45.0,0,1,0.0001,-0.3053473765030503,22.317739486694336,0.0066132694,6296,-0.013459554997098166,0.2,80.291330114007,-21.79931694398634,0.6379279792308807,0.09521484375
1136.0,1957,403968,45.0,0,1,0.0001,-0.3347398553742096,17.608142852783203,0.02177992,6304,-0.01407130290317582,0.2,76.42479267716408,-23.88195444130339,0.4752640724182129,0.10302734375
1091.5,1900,404480,45.0,0,1,0.0001,-0.1911686907405965,4.14940881729126,0.08599212,6312,-0.03748723314492963,0.2,19.78199128806591,-26.244634621501902,0.5345326066017151,0.1796875
1105.5,1928,404992,45.0,0,1,0.0001,-0.1103143022628501,2.513629913330078,0.016904525,6320,-0.011163373939780286,0.2,6.835074575617909,-27.39009641993325,0.34672653675079346,0.037353515625
1103.0,1637,405504,45.0,0,1,0.0001,-0.09002850262913853,1.688564419746399,0.0038045486,6328,-0.006434663104300853,0.2,6.398217372596264,-28.42730170809664,0.2862069606781006,0.020263671875
1181.5,1538,406016,45.0,0,1,0.0001,-0.11601162813894916,1.121770977973938,0.013550255,6336,-0.008219196803111117,0.2,5.312094778753817,-29.40449182316195,0.2316160798072815,0.0498046875
1190.5,1851,406528,45.0,0,1,0.0001,-0.10834562059608288,1.7580753564834595,0.022055551,6344,-0.01341771696752403,0.2,5.050721736624837,-28.93674055443611,0.5191934406757355,0.058349609375
1187.5,1778,407040,45.0,0,1,0.0001,-0.09690921459696256,1.9469050168991089,0.013894022,6352,-0.012163516781583894,0.2,5.668933065608144,-26.903494336600417,0.3600066900253296,0.050048828125
1182.5,1756,407552,45.0,0,1,0.0001,-0.07986260452889837,1.4503275156021118,0.005854802,6360,-0.005618781877274159,0.2,4.950192474760115,-22.71602308890782,0.5209655463695526,0.023681640625
1184.5,1484,408064,45.0,0,1,0.0001,-0.0966478314367123,1.066691279411316,0.016402006,6368,-0.002497400353604462,0.2,4.08777601365,-19.42220644154586,0.6658408641815186,0.037353515625
1232.0,1867,408576,45.0,0,1,0.0001,-0.07495523373654578,0.8387362957000732,0.007782249,6376,-0.007366546422417741,0.2,3.484299397096038,-15.991213551205583,0.4116184711456299,0.039794921875
1304.0,1627,409088,45.0,0,1,0.0001,-0.07108528158278205,0.7731523513793945,0.008650111,6384,-0.012469772562326398,0.2,3.647104388102889,-13.479979854268022,0.469574511051178,0.036865234375
1348.5,1809,409600,45.0,0,1,0.0001,-0.10139091740711592,0.85042405128479,0.012344275,6392,-0.012488791020587087,0.2,3.626781214028597,-12.028154964116402,0.5564736723899841,0.045166015625
1385.5,1797,410112,45.0,0,1,0.0001,-0.09151574154384434,0.6703673601150513,0.0061189868,6400,-0.007358840768574737,0.2,3.5916720498353243,-11.058845031661912,0.4817299246788025,0.02490234375
1350.5,1653,410624,45.0,0,1,0.0001,-0.09997347289754543,1.366719126701355,0.007418462,6408,-0.008688536545378156,0.2,4.517593754455447,-10.820694490610622,0.18816113471984863,0.047607421875
1338.0,1718,411136,45.0,0,1,0.0001,-0.09445452237559948,0.7258485555648804,0.019818135,6416,-0.010656619750079699,0.2,2.0845884662121534,-10.446448835511692,0.29868602752685547,0.03955078125
1323.0,1686,411648,45.0,0,1,0.0001,-0.09817806171486154,1.025618314743042,0.045140892,6424,-0.012266934099898208,0.2,2.2119387057609856,-10.596482598455623,0.2208402156829834,0.069580078125
1326.0,1418,412160,45.0,0,1,0.0001,-0.14489226299338043,1.8894819021224976,0.018033983,6432,-0.015252851691911928,0.2,4.355290413834155,-11.485712559828535,0.05073964595794678,0.068115234375
1348.0,1748,412672,45.0,0,1,0.0001,-0.12385627164621837,1.4756433963775635,0.03046728,6440,-0.012662389475735836,0.2,4.34235446061939,-12.380114112934098,0.1384534239768982,0.068603515625
1341.0,1847,413184,45.0,0,1,0.0001,-0.11629087690380402,0.9147113561630249,0.009653639,6448,-0.010415513737825677,0.2,2.878560968209058,-12.99629563909024,0.37903857231140137,0.040283203125
1321.5,1878,413696,45.0,0,1,0.0001,-0.07999084182665683,1.2606337070465088,0.01163994,6456,-0.011260198371019214,0.2,3.245981211774051,-13.609777065366506,0.38708484172821045,0.041748046875
1303.0,1778,414208,45.0,0,1,0.0001,-0.1052856618334772,0.6986353993415833,0.011707359,6464,-0.011195757724635769,0.2,2.804754481650889,-14.226872018510475,0.5138391852378845,0.057373046875
1284.5,1887,414720,45.0,0,1,0.0001,-0.07919606498035137,0.7196325659751892,0.008441993,6472,-0.007849014742532745,0.2,2.0393804372288287,-14.323335059601813,0.20588380098342896,0.03759765625
1290.0,1655,415232,45.0,0,1,0.0001,-0.09636429365491495,1.125115990638733,0.009537574,6480,-0.01285991204349557,0.2,3.8526211155112833,-14.3170051399339,0.1356428861618042,0.047119140625
1319.0,1482,415744,45.0,0,1,0.0001,-0.109446286704042,0.9510316848754883,0.007554806,6488,-0.012657942010264378,0.2,2.8634155998006463,-14.077705753128976,0.21760249137878418,0.0478515625
1331.5,1753,416256,45.0,0,1,0.0001,-0.09216416141134687,0.24001139402389526,0.010007172,6496,-0.007663869328098372,0.2,1.2721849833615124,-13.34658142849803,0.24609482288360596,0.043212890625
1349.0,1787,416768,45.0,0,1,0.0001,-0.09013236699684057,0.210679829120636,0.020784823,6504,-0.014447999485128094,0.2,1.481347578112036,-12.467963201068342,0.524971604347229,0.049072265625
1285.0,1894,417280,45.0,0,1,0.0001,-0.09225308411987498,0.29054486751556396,0.005930027,6512,-0.009881733618385624,0.2,1.9692898851353675,-11.789376323455945,0.467151403427124,0.03955078125
1339.5,1860,417792,45.0,0,1,0.0001,-0.07168091705534607,0.4416668713092804,0.009005271,6520,-0.009463974245591089,0.2,1.4763857752550393,-11.477706194119527,0.05631685256958008,0.03369140625
1314.0,1831,418304,45.0,0,1,0.0001,-0.07083066216728184,0.423162579536438,0.0063721985,6528,-0.006211986983544193,0.2,1.968480670824647,-11.18735152542591,0.3323991298675537,0.026611328125
1289.5,2001,418816,45.0,0,1,0.0001,-0.07808569341432303,0.8682864904403687,0.010174569,6536,-0.006335277379548643,0.2,1.5135974253062159,-10.902959353774786,0.3749660849571228,0.031494140625
1253.5,1990,419328,45.0,0,1,0.0001,-0.059872259487747215,0.23140932619571686,0.015359407,6544,-0.010179694947510143,0.2,0.9819128109375015,-10.950820484878495,0.22347372770309448,0.044921875
1234.0,1709,419840,45.0,0,1,0.0001,-0.07781407436414156,0.2981921434402466,0.0035724565,6552,-0.006875846978800837,0.2,1.7591228664387017,-10.760294596822932,0.0962790846824646,0.02587890625
1263.0,1948,420352,45.0,0,1,0.0001,-0.09880621077900287,0.22657831013202667,0.006212692,6560,-0.008287897493573837,0.2,1.5402569996658713,-10.667017204063013,0.46893346309661865,0.039306640625
1217.5,1850,420864,45.0,0,1,0.0001,-0.04205853815074079,0.5835006833076477,0.0014198234,6568,-0.005505284294486046,0.2,2.3991125682368875,-10.51568334995769,0.5949735343456268,0.014892578125
1215.5,1702,421376,45.0,0,1,0.0001,-0.05819000495830551,0.6181371808052063,0.006906924,6576,-0.007052354209008627,0.2,1.6841291659511626,-10.381362426048145,0.6875996589660645,0.031494140625
1223.5,1772,421888,45.0,0,1,0.0001,-0.07406447478570044,0.7679481506347656,0.0066915834,6584,-0.007960640083183534,0.2,2.2606556524988264,-10.036231562877074,0.6742879152297974,0.03173828125
1222.5,1931,422400,45.0,0,1,0.0001,-0.059698242774175014,0.562691330909729,0.008477415,6592,-0.007870784691476729,0.2,1.6699253257829696,-9.851357292030007,0.4443352222442627,0.028076171875
1179.0,1411,422912,45.0,0,1,0.0001,-0.05787306535785319,0.3312508761882782,0.006884585,6600,-0.006368974281940609,0.2,1.8654143917374313,-9.841245459886268,-0.173620343208313,0.031005859375
1167.5,1976,423424,45.0,0,1,0.0001,-0.07984881733864313,0.3034436106681824,0.012352256,6608,-0.009516849979263498,0.2,1.0869444917188957,-9.905062416372822,0.27980470657348633,0.045654296875
1148.0,1916,423936,45.0,0,1,0.0001,-0.07449231440841686,0.24456967413425446,0.014302085,6616,-0.014326656544653815,0.2,1.7943629939109087,-10.001761375628412,0.21488744020462036,0.056396484375
1145.0,1678,424448,45.0,0,1,0.0001,-0.09862373654323164,0.13162989914417267,0.0090093985,6624,-0.008815354325633962,0.2,1.2424397869035602,-9.9778858615458,0.3024769425392151,0.046142578125
1162.5,1793,424960,45.0,0,1,0.0001,-0.07558073315885849,0.7950270175933838,0.008216773,6632,-0.007914222267572768,0.2,1.564625490223989,-10.19025177053176,0.5245419442653656,0.033203125
1170.0,1415,425472,45.0,0,1,0.0001,-0.0766061201429693,0.8375756144523621,0.00683698,6640,-0.010725894437200623,0.2,1.708395528839901,-10.353360642362386,0.6151598989963531,0.033447265625
1152.5,1828,425984,45.0,0,1,0.0001,-0.08132304328319151,0.2186042070388794,0.012079606,6648,-0.007706587919528829,0.2,1.7361508815083653,-10.607680660290644,0.6105146110057831,0.034912109375
1115.5,1814,426496,45.0,0,1,0.0001,-0.08084787150437478,0.4143564999103546,0.012077637,6656,-0.0056672680511837825,0.2,1.9495943326037377,-11.187697745654733,0.4312954545021057,0.02685546875
1145.0,1825,427008,45.0,0,1,0.0001,-0.07951171370223165,1.9560405015945435,0.008409342,6664,-0.010137611592654139,0.2,5.000757207162678,-11.99405234016478,-0.02643764019012451,0.0361328125
1128.0,1713,427520,45.0,0,1,0.0001,-0.0964360754005611,0.34684109687805176,0.013790205,6672,-0.008016806699743029,0.2,3.4069663449190557,-12.34771782618016,0.29531329870224,0.03515625
1174.0,1811,428032,45.0,0,1,0.0001,-0.11873642180580646,1.6781190633773804,0.015028141,6680,-0.013144342359737493,0.2,3.9672357523813844,-12.875236049946398,0.1982373595237732,0.05615234375
1231.5,1759,428544,45.0,0,1,0.0001,-0.11501110956305638,1.5045785903930664,0.010828613,6688,-0.017549884927575476,0.2,4.122439533704892,-13.213096913658083,0.4384211301803589,0.047119140625
1211.0,1727,429056,45.0,0,1,0.0001,-0.08792210603132844,0.45410478115081787,0.0042512747,6696,-0.008793626406259136,0.2,2.839562819339335,-13.018367778752,-1.2700417041778564,0.029296875
1212.0,1833,429568,45.0,0,1,0.0001,-0.08582186042622197,0.39959704875946045,0.00881595,6704,-0.006921038810105529,0.2,1.3835491149220616,-12.679089485323056,0.2616567015647888,0.03173828125
1245.5,1327,430080,45.0,0,1,0.0001,-0.07160285147074319,1.0234744548797607,0.009450292,6712,-0.00786924091516994,0.2,1.894367579021491,-12.468714588312432,0.26903754472732544,0.03076171875
1270.0,1796,430592,45.0,0,1,0.0001,-0.08306302627897821,0.5214641094207764,0.015712854,6720,-0.010098008162458427,0.2,1.6207335558719933,-12.243263455685229,0.4686073064804077,0.043701171875
1270.0,1728,431104,45.0,0,1,0.0001,-0.09223246312467381,1.267514705657959,0.010603759,6728,-0.00782971872104099,0.2,3.3438480412587523,-12.071293854806573,0.18779045343399048,0.040771484375
1292.0,1786,431616,45.0,0,1,0.0001,-0.05196737982078048,1.9137245416641235,0.006500317,6736,-0.005584899048699299,0.2,3.3807159066200256,-11.585827040094882,0.3972322344779968,0.018798828125
1311.5,1959,432128,45.0,0,1,0.0001,-0.09899079472961603,0.1204247772693634,0.02220305,6744,-0.021106161599163897,0.2,2.3342945852782577,-11.060006837630645,0.0951501727104187,0.063232421875
1278.0,1798,432640,45.0,0,1,0.0001,-0.05377698052325286,0.715665876865387,0.007366554,6752,-0.007982799739693291,0.2,1.615110250422731,-10.809718416370451,-0.17979884147644043,0.026611328125
1246.5,1900,433152,45.0,0,1,0.0001,-0.06921461064484902,0.39296311140060425,0.0067136134,6760,-0.010592878541501705,0.2,2.1750286077149212,-10.615737033504992,0.24178963899612427,0.044921875
1243.0,1729,433664,45.0,0,1,0.0001,-0.06685365090379491,0.32584884762763977,0.01641968,6768,-0.00887618579872651,0.2,1.011761259054765,-10.90520956095308,0.1053503155708313,0.040283203125
1218.0,1244,434176,45.0,0,1,0.0001,-0.06929013322951505,0.27359163761138916,0.004286182,6776,-0.007592349742481019,0.2,1.3548975684680045,-11.387707018302754,0.14052826166152954,0.029541015625
1224.0,1706,434688,45.0,0,1,0.0001,-0.06457173761009471,0.5455300211906433,0.006670565,6784,-0.009591065667336807,0.2,2.076364421285689,-11.451811415608972,0.528882622718811,0.029541015625
1253.0,1764,435200,45.0,0,1,0.0001,-0.09070880115905311,0.44332355260849,0.01203374,6792,-0.011715585947968066,0.2,1.906572346109897,-11.576480185696855,0.5286241769790649,0.04736328125
1234.5,1835,435712,45.0,0,1,0.0001,-0.06743732090399135,0.9066408276557922,0.0066063246,6800,-0.005904111421841662,0.2,2.133637220133096,-11.990770056750625,-0.3606454133987427,0.02490234375
1245.5,1936,436224,45.0,0,1,0.0001,-0.052309800619696034,0.30881115794181824,0.0072095413,6808,-0.0069813360896660015,0.2,1.2285426344024017,-12.495029115518555,0.3250187635421753,0.0263671875
1204.5,1865,436736,45.0,0,1,0.0001,-0.06481565866124583,0.14772646129131317,0.019076455,6816,-0.006341912190691801,0.2,0.7150832605548203,-12.798036054857075,0.7080151736736298,0.04248046875
1183.5,1791,437248,45.0,0,1,0.0001,-0.0741472691661329,0.463898241519928,0.015479827,6824,-0.007921712058305275,0.2,1.5563490577042103,-13.34088673915714,0.622462272644043,0.04296875
1188.5,1870,437760,45.0,0,1,0.0001,-0.08780081641452853,0.15115252137184143,0.010667371,6832,-0.009119361740886234,0.2,1.1071952681522816,-13.717613190384581,0.5972303450107574,0.0341796875
1163.5,1770,438272,45.0,0,1,0.0001,-0.059469350748258876,0.5366173982620239,0.0038679717,6840,-0.005204254579439294,0.2,1.4916195319965482,-13.823152825674041,-1.4499828815460205,0.02197265625
1154.0,1475,438784,45.0,0,1,0.0001,-0.06636646035622107,0.3080427646636963,0.0031856105,6848,-0.007670599494304042,0.2,1.620183646446094,-13.626502624945715,0.19206029176712036,0.0185546875
1190.0,1799,439296,45.0,0,1,0.0001,-0.047591699520125985,0.3420735001564026,0.0019109257,6856,-0.004938818188747973,0.2,2.9234773609787226,-13.797206128602847,0.5145819187164307,0.01513671875
1163.5,1686,439808,45.0,0,1,0.0001,-0.0786482744733803,0.2906472384929657,0.0065139504,6864,-0.009270752634620294,0.2,1.6797864648979157,-13.111442303098737,0.6637010276317596,0.033447265625
1205.5,1847,440320,45.0,0,1,0.0001,-0.04918060344243713,0.6484937071800232,0.0033500856,6872,-0.004830560908885673,0.2,2.313361975364387,-12.381975500406698,0.3444731831550598,0.0146484375
1214.5,1910,440832,45.0,0,1,0.0001,-0.04133787626415142,0.34382978081703186,0.0034778076,6880,-0.0048415897181257606,0.2,1.3239230373874307,-11.730785032995046,0.4009864926338196,0.01513671875
1179.0,2060,441344,45.0,0,1,0.0001,-0.08618596523592714,0.3408428430557251,0.018628558,6888,-0.008032301026105415,0.2,2.027111751725897,-11.34529657506384,0.39969146251678467,0.052734375
1145.5,2044,441856,45.0,0,1,0.0001,-0.06140630709887773,0.22156476974487305,0.010298714,6896,-0.006390371898305602,0.2,1.5593574489466846,-10.866937874639406,0.2990109324455261,0.02490234375
1107.5,1763,442368,45.0,0,1,0.0001,-0.06133694397794898,0.26872459053993225,0.013295696,6904,-0.008883709604560863,0.2,1.0161399898352101,-10.660434193117544,0.5949473679065704,0.03857421875
1151.5,1861,442880,45.0,0,1,0.0001,-0.06774111528648064,0.39024025201797485,0.007854037,6912,-0.007358034461503848,0.2,1.6884915374685079,-11.081933882180602,0.38548052310943604,0.029052734375
1111.5,1977,443392,45.0,0,1,0.0001,-0.059810619124618825,0.20461538434028625,0.0096151065,6920,-0.0075633132582879625,0.2,1.7433803698513657,-11.263214688785375,0.021018385887145996,0.02783203125
1044.0,1889,443904,45.0,0,1,0.0001,-0.05153258681639272,1.3624974489212036,0.0023845807,6928,-0.006009058000927325,0.2,2.659026420675218,-11.651863440489397,0.39608949422836304,0.027587890625
1043.5,1806,444416,45.0,0,1,0.0001,-0.07431775260192808,1.4668622016906738,0.005775231,6936,-0.007853697738028131,0.2,4.776420806534588,-12.15257612154819,0.2916267514228821,0.02490234375
1063.5,1743,444928,45.0,0,1,0.0001,-0.03555936843622476,1.0547363758087158,0.0029311073,6944,-0.006303791171376361,0.2,3.0812766076996922,-12.338014467665925,0.5729848742485046,0.01806640625
1065.0,1813,445440,45.0,0,1,0.0001,-0.05410868139733793,0.7872498035430908,0.0069017587,6952,-0.005649961334711406,0.2,2.1624000957235694,-12.530543094910682,0.4945117235183716,0.021484375
1215.0,1743,445952,45.0,0,1,0.0001,-0.07268631426995853,2.98691725730896,0.013355547,6960,-0.019844564174491097,0.2,3.6371783916838467,-12.560734968734906,0.5534829795360565,0.05517578125
1183.5,1994,446464,45.0,0,1,0.0001,-0.0829672615218442,0.34852275252342224,0.007932333,6968,-0.009643152210628614,0.2,2.5640715048648417,-12.99309894623235,-0.4877748489379883,0.0302734375
1177.0,1768,446976,45.0,0,1,0.0001,-0.08170044630969642,0.18498894572257996,0.025402002,6976,-0.017018500409903936,0.2,1.4614977013552561,-13.24311526264064,0.042422711849212646,0.0517578125
1230.5,1882,447488,45.0,0,1,0.0001,-0.05564918413438136,0.29974982142448425,0.01248741,6984,-0.007514242759498302,0.2,1.5213959757238626,-13.383620054675266,0.2699621319770813,0.042236328125
1199.5,1960,448000,45.0,0,1,0.0001,-0.037574405567283975,0.5656480193138123,0.0026789324,6992,-0.00435580008343095,0.2,1.365882558049634,-13.312027307124808,0.4166836142539978,0.01220703125
1168.5,2089,448512,45.0,0,1,0.0001,-0.03884257501249522,0.384493350982666,0.012818988,7000,-0.005136209598276764,0.2,1.869920129654929,-13.162451679306105,0.4417996406555176,0.023681640625
1130.0,1859,449024,45.0,0,1,0.0001,-0.05983607017697068,0.7171851396560669,0.006049006,7008,-0.009802442007639911,0.2,2.2174365930259228,-12.814036823259666,0.2862294316291809,0.028564453125
1061.5,1897,449536,45.0,0,1,0.0001,-0.03622901022754377,0.41569337248802185,0.001766583,7016,-0.003383424467756413,0.2,1.7052069772034883,-12.578709648707882,0.3841373324394226,0.01220703125
1053.0,1935,450048,45.0,0,1,0.0001,-0.03267505347048427,0.2624945342540741,0.014369576,7024,-0.0034926589723909274,0.2,1.4921059628250077,-12.31012776040472,0.5490866601467133,0.017822265625
1032.5,1802,450560,45.0,0,1,0.0001,-0.0452031211607391,0.6285150051116943,0.0039360267,7032,-0.003818624551058747,0.2,2.232370085082948,-11.334103520670906,0.6157217621803284,0.0185546875
1050.5,1891,451072,45.0,0,1,0.0001,-0.05394887292641215,2.276902914047241,0.008071866,7040,-0.009640685027989093,0.2,5.803221677429974,-10.07405790370889,0.546345055103302,0.034423828125
1045.0,1720,451584,45.0,0,1,0.0001,-0.06947286918148166,2.0675594806671143,0.009396411,7048,-0.010805321493535303,0.2,5.008950127288699,-8.959727592142299,0.5953887403011322,0.031494140625
1034.0,1842,452096,45.0,0,1,0.0001,-0.050540089807327604,0.29503899812698364,0.013572019,7056,-0.009976563538657501,0.2,1.5537249932531267,-7.964595386916772,0.807928130030632,0.028564453125
1080.0,1777,452608,45.0,0,1,0.0001,-0.0665112792266882,1.493653416633606,0.010886108,7064,-0.01490589326567715,0.2,4.334691938012838,-7.969581956509501,0.27823638916015625,0.048095703125
1199.0,1806,453120,45.0,0,1,0.0001,-0.0708302521816222,0.1302635371685028,0.0070315185,7072,-0.01031914980012516,0.2,1.3919885659124702,-7.929479402285069,0.5767062604427338,0.037353515625
1220.5,1864,453632,45.0,0,1,0.0001,-0.04107887626742013,0.630466878414154,0.0053867223,7080,-0.007460769389581401,0.2,1.7937152618542314,-8.185834459997714,0.3551980257034302,0.026611328125
1290.0,1884,454144,45.0,0,1,0.0001,-0.04083059302865877,1.40874445438385,0.01582108,7088,-0.005592984984104987,0.2,3.3629212444648147,-8.868169281929731,0.2709606885910034,0.028564453125
1314.0,1705,454656,45.0,0,1,0.0001,-0.04451620691361313,0.5123271942138672,0.012056415,7096,-0.005426053576229606,0.2,1.1082092641154304,-9.60308394045569,0.304546594619751,0.0283203125
1350.5,1759,455168,45.0,0,1,0.0001,-0.056275361093867105,0.5040223002433777,0.0045181005,7104,-0.004234773386997404,0.2,1.6787485252134502,-10.594547811876982,0.4317426085472107,0.02490234375
1376.0,1541,455680,45.0,0,1,0.0001,-0.07365437272528652,0.3177417814731598,0.008042933,7112,-0.007956201498018345,0.2,1.333692868705839,-11.74297585609369,-0.1373811960220337,0.040283203125
1421.5,1842,456192,45.0,0,1,0.0001,-0.11324066927772947,3.365194082260132,0.013571182,7120,-0.013507865442079492,0.2,8.138631045818329,-12.728662884561345,0.216718852519989,0.06201171875
1408.5,1882,456704,45.0,0,1,0.0001,-0.040919386152381776,0.16561846435070038,0.018121237,7128,-0.007756150545901619,0.2,1.0904903672635555,-13.128190727168693,-0.14089596271514893,0.02734375
1362.0,1737,457216,45.0,0,1,0.0001,-0.03780468855620711,0.22406044602394104,0.0077763516,7136,-0.004785236462339526,0.2,0.9418358913389966,-13.075525511577725,0.38794130086898804,0.02490234375
1340.5,1953,457728,45.0,0,1,0.0001,-0.08471701724920422,0.7904039025306702,0.008465648,7144,-0.009185975686705206,0.2,2.4314818389248103,-12.990514057911932,0.4501783847808838,0.03515625
1334.0,1800,458240,45.0,0,1,0.0001,-0.02519081135687884,0.14398768544197083,0.012791691,7152,-0.004122250978980446,0.2,0.5953579309862107,-12.542187906429172,0.2905653715133667,0.015869140625
1316.0,1844,458752,45.0,0,1,0.0001,-0.034479979338357225,0.1541128307580948,0.0026660184,7160,-0.003978833721703268,0.2,1.14463906083256,-11.720527582969517,0.3993636965751648,0.01806640625
1290.5,1702,459264,45.0,0,1,0.0001,-0.0629659598635044,0.33622995018959045,0.014519266,7168,-0.006728412765369285,0.2,1.1347961575957015,-11.188026231285185,0.4962555766105652,0.031494140625
1269.0,1690,459776,45.0,0,1,0.0001,-0.0726675003679702,0.4013943374156952,0.0134692155,7176,-0.006655391989625059,0.2,1.4697802315931767,-10.474829121297226,0.3874284029006958,0.0400390625
1321.5,1578,460288,45.0,0,1,0.0001,-0.09847431231173687,1.1893718242645264,0.0069400584,7184,-0.011036845433409326,0.2,3.062912098132074,-9.824156453125179,0.4403361678123474,0.039306640625
1351.0,1323,460800,45.0,0,1,0.0001,-0.080528005521046,0.47656604647636414,0.0047357487,7192,-0.006587652052985504,0.2,1.8427003824617714,-9.682122627981007,0.4209291934967041,0.024169921875
1390.5,1810,461312,45.0,0,1,0.0001,-0.08563363290159032,2.0540120601654053,0.040998038,7200,-0.020969606077414937,0.2,4.655955917201936,-9.957380190538242,0.3820646405220032,0.083251953125
1435.0,1660,461824,45.0,0,1,0.0001,-0.05104809539625421,0.9917781949043274,0.0026762362,7208,-0.004808935373148415,0.2,3.507286919746548,-10.705555267604067,-0.14703404903411865,0.015869140625
1433.5,1889,462336,45.0,0,1,0.0001,-0.05036030633345945,0.5026732683181763,0.004730021,7216,-0.005374785207095556,0.2,1.8048515552654862,-11.429600575966761,0.3673079013824463,0.02294921875
1433.5,1844,462848,45.0,0,1,0.0001,-0.036408526269951835,2.225208044052124,0.0024114493,7224,-0.005362038758903509,0.2,3.914290692890063,-12.271424794616177,0.5068376958370209,0.01318359375
1457.0,1883,463360,45.0,0,1,0.0001,-0.05226382002001628,0.279529869556427,0.0056854873,7232,-0.005839541787281632,0.2,2.3129889429546893,-12.667745508821682,0.544679582118988,0.0205078125
1414.5,1633,463872,45.0,0,1,0.0001,-0.03630177530430956,0.505466103553772,0.0023120712,7240,-0.0022715576487826183,0.2,1.6680504258256406,-12.53910050580278,-0.4064990282058716,0.011962890625
1461.0,1695,464384,45.0,0,1,0.0001,-0.13788293555262499,0.19524458050727844,0.23325272,7248,-0.016765347543696407,0.2,1.427836809772998,-12.123995705014094,-0.05685091018676758,0.11279296875
1447.0,1752,464896,45.0,0,1,0.0001,-0.35284719383344054,25.055110931396484,0.01294197,7256,-0.0068935512827010825,0.2,182.98214647173882,-16.35067115811631,0.10048192739486694,0.084716796875
1364.5,1454,465408,45.0,0,1,0.0001,-0.400732166133821,34.31856155395508,0.0055259597,7264,-0.010811144660692662,0.2,135.2313028872013,-20.63692414114252,0.44010233879089355,0.10595703125
1354.5,1704,465920,45.0,0,1,0.0001,-0.5080399373546243,30.321691513061523,0.010481006,7272,-0.021560999732173514,0.2,147.42125537991524,-25.807571243429557,0.475172221660614,0.19921875
1341.0,1812,466432,45.0,0,1,0.0001,-0.3480577393202111,29.413463592529297,0.0077741607,7280,-0.016911552087549353,0.2,67.67842365801334,-28.60895052840933,0.6125347018241882,0.1171875
1255.5,2010,466944,45.0,0,1,0.0001,-0.3208288865862414,7.094627857208252,0.016420271,7288,-0.028149151308753062,0.2,20.580358006060123,-30.548168193856256,0.7230679094791412,0.24951171875
1248.0,1939,467456,45.0,0,1,0.0001,-0.25591108261141926,9.011513710021973,0.059540957,7296,-0.03204776544589549,0.2,26.61757931113243,-33.18192385116592,0.3405241370201111,0.231201171875
1233.5,1778,467968,45.0,0,1,0.0001,-0.13145020278170705,1.7957139015197754,0.04038378,7304,-0.016970315315120388,0.2,7.0048861764371395,-34.42171361654066,0.5032382905483246,0.060546875
1265.0,1642,468480,45.0,0,1,0.0001,-0.0794490886037238,2.624464273452759,0.0069424687,7312,-0.005854600683960598,0.2,7.783273659646511,-35.45884966565296,0.6488197445869446,0.019287109375
1236.0,1728,468992,45.0,0,1,0.0001,-0.08169879621709697,1.3221898078918457,0.00902975,7320,-0.008757809358939994,0.2,5.796476184390485,-35.350561911510304,0.535921037197113,0.03515625
1253.5,1355,469504,45.0,0,1,0.0001,-0.1028872386959847,1.0117652416229248,0.0124017205,7328,-0.009161996960756369,0.2,4.443710396066308,-31.67676493528299,0.6125685572624207,0.038818359375
1257.5,1832,470016,45.0,0,1,0.0001,-0.06143223342951387,1.0401338338851929,0.021107605,7336,-0.007393862433673348,0.2,3.6754898382350802,-27.90555127153173,0.5836868584156036,0.03125
1252.0,1703,470528,45.0,0,1,0.0001,-0.07578117088996805,1.8128772974014282,0.02146287,7344,-0.012378124010865577,0.2,4.838258616626263,-23.275701398504896,0.3068352937698364,0.05859375
1232.5,1677,471040,45.0,0,1,0.0001,-0.05701204037904972,1.1711313724517822,0.0045944136,7352,-0.005306534898409154,0.2,4.829709734767675,-20.124766772249714,0.44381773471832275,0.01708984375
1306.0,1884,471552,45.0,0,1,0.0001,-0.06744315283140168,1.1274809837341309,0.0063963598,7360,-0.005173887773707975,0.2,3.9982154509052634,-18.361965007437394,0.20801329612731934,0.01953125
1263.5,1388,472064,45.0,0,1,0.0001,-0.06591471994033782,1.3679735660552979,0.039995484,7368,-0.008244433658546768,0.2,5.767337512224913,-15.73362317118328,0.24948394298553467,0.04150390625
1308.0,1797,472576,45.0,0,1,0.0001,-0.059055663557955995,0.8828774690628052,0.0026358683,7376,-0.0032609925547149032,0.2,5.144478370435536,-14.440848552240059,0.08150964975357056,0.01904296875
1216.5,1883,473088,45.0,0,1,0.0001,-0.078560776746599,0.9630937576293945,0.0034084283,7384,-0.006878243955725338,0.2,3.9708780851215124,-14.05054388619028,0.5052385032176971,0.022216796875
1157.5,1686,473600,45.0,0,1,0.0001,-0.08263947219893453,0.7437970042228699,0.004582143,7392,-0.004334741253842367,0.2,3.196751897688955,-13.449794035702944,0.2906041741371155,0.03173828125
1104.5,1472,474112,45.0,0,1,0.0001,-0.0749145331355976,0.34841176867485046,0.004248972,7400,-0.006243652300327085,0.2,2.430637096054852,-12.62220225145109,0.5354463756084442,0.024658203125
1146.0,1692,474624,45.0,0,1,0.0001,-0.0727511362201767,0.6852672100067139,0.00885689,7408,-0.00838063949777279,0.2,2.2744345762766898,-11.829828143296764,0.6545802652835846,0.040771484375
1129.0,1746,475136,45.0,0,1,0.0001,-0.06907198140834225,0.42742666602134705,0.006035219,7416,-0.009297263706685044,0.2,2.3417644295841455,-10.869688838664443,0.6595109701156616,0.027587890625
1122.0,1867,475648,45.0,0,1,0.0001,-0.07580208864237648,0.3207167387008667,0.008520419,7424,-0.011989021943008993,0.2,1.7267201677896082,-10.381568361474201,0.7122675478458405,0.05078125
1225.5,1777,476160,45.0,0,1,0.0001,-0.06598894665512489,0.34377890825271606,0.016629808,7432,-0.005212554315221496,0.2,1.4793696568813175,-9.880440729400142,0.4766889214515686,0.032958984375
1219.0,1852,476672,45.0,0,1,0.0001,-0.06731319855316542,0.41459986567497253,0.007618829,7440,-0.008454419796180446,0.2,1.9204251673072577,-9.975384016111493,0.3852541446685791,0.029541015625
1256.0,1664,477184,45.0,0,1,0.0001,-0.07592785677115899,0.6453918814659119,0.009781126,7448,-0.008082354215730447,0.2,1.789424550253898,-10.461039486331865,0.19994372129440308,0.033203125
1266.0,1775,477696,45.0,0,1,0.0001,-0.08219256186566781,0.43764495849609375,0.0066888854,7456,-0.007360323274042457,0.2,1.5896604899317026,-10.833260571407154,0.4229840636253357,0.02978515625
1315.5,1402,478208,45.0,0,1,0.0001,-0.09937808864196995,0.5993587970733643,0.01325176,7464,-0.009467949770623818,0.2,2.852577393874526,-11.63280286048539,-0.15078115463256836,0.04248046875
1307.5,1860,478720,45.0,0,1,0.0001,-0.09960440568102058,0.5169404149055481,0.0051085567,7472,-0.009298302928073099,0.2,2.074018373619765,-12.728905702745543,0.3418983817100525,0.031494140625
1310.0,1730,479232,45.0,0,1,0.0001,-0.05748740820490639,0.44076061248779297,0.0050128605,7480,-0.006562981732713524,0.2,1.444315413478762,-13.25841756252572,-0.24359440803527832,0.028564453125
1277.0,1796,479744,45.0,0,1,0.0001,-0.07947077876451658,0.24730022251605988,0.008907595,7488,-0.00944068822718691,0.2,1.5521487924270332,-13.430738011281937,0.15741336345672607,0.03466796875
1293.0,1826,480256,45.0,0,1,0.0001,-0.06557272985082818,0.41345545649528503,0.008311279,7496,-0.007452865291270427,0.2,1.4586175321601331,-13.187684951815754,0.5290683507919312,0.029541015625
1292.5,1871,480768,45.0,0,1,0.0001,-0.05279991350835189,0.2005290687084198,0.008730032,7504,-0.004685659914684948,0.2,1.3845518620219082,-12.538337069265545,0.365752637386322,0.028076171875
1277.5,2002,481280,45.0,0,1,0.0001,-0.04695366939085943,0.5767952799797058,0.0047715316,7512,-0.005565986568399239,0.2,1.5477483221329749,-11.73220804466866,0.5238341987133026,0.0185546875
1212.0,1735,481792,45.0,0,1,0.0001,-0.030841264448099537,0.2589687705039978,0.005634917,7520,-0.0039286682367674075,0.2,1.178855357458815,-10.823741410663352,0.6505154371261597,0.012939453125
1299.0,1870,482304,45.0,0,1,0.0001,-0.05416971920931246,0.22226457297801971,0.0073335287,7528,-0.007597644267661963,0.2,1.0796113316901028,-10.124116209894419,0.4272127151489258,0.027099609375
1300.5,1352,482816,45.0,0,1,0.0001,-0.07519036519079236,0.5584908127784729,0.009524057,7536,-0.007396507204248337,0.2,2.030177873559296,-9.02296577969566,0.1784082055091858,0.033935546875
1333.0,1804,483328,45.0,0,1,0.0001,-0.07261204723909032,0.445229172706604,0.0064662145,7544,-0.00782213827551459,0.2,1.421501018339768,-8.106929677333683,0.23200398683547974,0.03466796875
1366.5,1872,483840,45.0,0,1,0.0001,-0.0591864761627221,0.2059614211320877,0.008322742,7552,-0.00694175693570287,0.2,1.3619233563076705,-7.95963370972313,0.19056206941604614,0.02490234375
1368.0,1816,484352,45.0,0,1,0.0001,-0.05580813418782782,0.6530508399009705,0.0082037505,7560,-0.012383878194668796,0.2,2.317123199813068,-8.43986625735648,0.09008747339248657,0.03955078125
1394.0,1804,484864,45.0,0,1,0.0001,-0.07581390478299,0.3790733218193054,0.007787806,7568,-0.011490065371617675,0.2,1.0884642727905884,-9.00536561225541,0.36363232135772705,0.0341796875
1365.0,1917,485376,45.0,0,1,0.0001,-0.036325219483842375,0.16872604191303253,0.0036048293,7576,-0.003700115397805348,0.2,1.015092279878445,-9.644153679395094,0.2088940143585205,0.01171875
1373.0,2059,485888,45.0,0,1,0.0001,-0.036294917696068296,0.1402343511581421,0.0046098623,7584,-0.004521113372902619,0.2,1.066121575422585,-10.309632841488346,0.367733359336853,0.019775390625
1383.5,1602,486400,45.0,0,1,0.0001,-0.03478876555163879,0.5043709874153137,0.021331133,7592,-0.004870621218287852,0.2,0.9094595095375553,-10.871880891192705,0.5293868482112885,0.0166015625
1431.5,1741,486912,45.0,0,1,0.0001,-0.0847198153642239,0.17458637058734894,0.013535466,7600,-0.009059383097337559,0.2,1.2892294356133789,-11.199268614053727,0.48754894733428955,0.031982421875
1454.5,1636,487424,45.0,0,1,0.0001,-0.08722449780907482,0.5549715757369995,0.0077575957,7608,-0.007817737183358986,0.2,2.3251022906042635,-11.37158249844797,0.3903810977935791,0.0302734375
1446.0,1824,487936,45.0,0,1,0.0001,-0.07238165676244535,0.33326977491378784,0.018175308,7616,-0.007186667611676967,0.2,2.212969264248386,-11.25830903995782,0.44201594591140747,0.030029296875
1471.5,1768,488448,45.0,0,1,0.0001,-0.06049949887528783,0.1823597103357315,0.012516622,7624,-0.007981453545653494,0.2,0.9395005226833746,-11.009427058901638,0.5736736059188843,0.0419921875
1461.5,1946,488960,45.0,0,1,0.0001,-0.06185647444362985,0.21336889266967773,0.0072921207,7632,-0.007924486002593767,0.2,1.3308844182174653,-10.678707017796114,0.4378591775894165,0.02392578125
1438.5,1745,489472,45.0,0,1,0.0001,-0.0854128917962953,0.17718437314033508,0.013155881,7640,-0.009116866000113077,0.2,1.340556628012564,-10.573304920038208,0.10665243864059448,0.045166015625
1455.0,1963,489984,45.0,0,1,0.0001,-0.054104800226923544,0.6077550649642944,0.0099850055,7648,-0.006801243929658085,0.2,2.5494677708484232,-10.996786718042568,0.3236982822418213,0.02392578125
1470.0,1786,490496,45.0,0,1,0.0001,-0.0462759526562877,0.20014804601669312,0.010152506,7656,-0.007381738418189343,0.2,1.6887535960413516,-11.228443478932604,0.4044436812400818,0.026123046875
1425.5,1803,491008,45.0,0,1,0.0001,-0.05637172661590739,0.32689282298088074,0.00795942,7664,-0.008685359029186657,0.2,2.2783513269387186,-11.53871746774763,0.5930051803588867,0.03271484375
1358.0,1424,491520,45.0,0,1,0.0001,-0.08164397435757564,0.7738105654716492,0.006084567,7672,-0.009527247028017882,0.2,2.9950593602843583,-11.854416275247932,0.30474042892456055,0.03662109375
1331.0,1851,492032,45.0,0,1,0.0001,-0.0702680914037046,0.20121873915195465,0.014910517,7680,-0.009317181393271312,0.2,2.0522253902163357,-12.37867160430178,-0.140610933303833,0.03515625
1351.5,1750,492544,45.0,0,1,0.0001,-0.053730377798274276,0.14564736187458038,0.0028165248,7688,-0.005666213408403564,0.2,1.301426759455353,-12.289646551329643,-0.40510237216949463,0.017578125
1350.5,1810,493056,45.0,0,1,0.0001,-0.04654566852059361,0.32748278975486755,0.0028283955,7696,-0.0022340618634189013,0.2,1.5958814466139302,-12.099336640415713,0.3948754668235779,0.010498046875
1404.5,1653,493568,45.0,0,1,0.0001,-0.0544169019558467,0.18457606434822083,0.0057396814,7704,-0.00800145629364124,0.2,0.8844178831204772,-11.803468594197184,0.7712339460849762,0.03076171875
1354.5,1746,494080,45.0,0,1,0.0001,-0.07396512642299058,0.6420276165008545,0.01069419,7712,-0.009017035852593835,0.2,1.8412954125087708,-11.132679545748978,0.5395903587341309,0.031494140625
1380.0,1882,494592,45.0,0,1,0.0001,-0.04311772848814144,0.3998890519142151,0.006822748,7720,-0.004733098263386637,0.2,1.577561503276229,-10.888977291509509,0.23227941989898682,0.022216796875
1391.5,1754,495104,45.0,0,1,0.0001,-0.05035364654031582,0.1634894460439682,0.0115586165,7728,-0.006412087106582476,0.2,1.0201032247859985,-10.799810931840911,0.1840471625328064,0.02294921875
1376.0,1799,495616,45.0,0,1,0.0001,-0.08667644085653592,0.5845307111740112,0.0148402555,7736,-0.010101151252456475,0.2,1.3767600106075406,-10.717781150545925,0.5998893976211548,0.045654296875
1438.5,1351,496128,45.0,0,1,0.0001,-0.10440160168218426,0.8555452227592468,0.056340832,7744,-0.013522644854674581,0.2,4.074020214844495,-11.040134805832059,0.5554062724113464,0.0615234375
1429.0,1733,496640,45.0,0,1,0.0001,-0.07918992803024594,0.3258083164691925,0.005673108,7752,-0.005346053592802491,0.2,2.1276462147943676,-11.321351258885116,0.47531658411026,0.026123046875
1395.0,1704,497152,45.0,0,1,0.0001,-0.08077955557382666,0.2548178732395172,0.0051956265,7760,-0.003478322869341355,0.2,1.3501589606748894,-11.609138495186343,-0.0368647575378418,0.02490234375
1405.5,1690,497664,45.0,0,1,0.0001,-0.10576636738551315,1.8547074794769287,0.039242826,7768,-0.023512133026088122,0.2,6.4116601487621665,-12.30407662756741,0.32064032554626465,0.069091796875
1377.0,1696,498176,45.0,0,1,0.0001,-0.06874306093959603,0.233768031001091,0.0154998265,7776,-0.012896319651190424,0.2,1.2579968327190727,-12.540167838847264,0.15309661626815796,0.044189453125
1355.5,1956,498688,45.0,0,1,0.0001,-0.08138056147436146,0.4813893437385559,0.008134844,7784,-0.006977790675591677,0.2,1.516229608329013,-12.964374812878669,0.4245526194572449,0.031005859375
1330.0,1981,499200,45.0,0,1,0.0001,-0.03153895668947371,0.4674183130264282,0.026751764,7792,-0.0037262941423250595,0.2,1.7891420600935817,-12.950685788374393,0.526533842086792,0.019775390625
1291.5,1860,499712,45.0,0,1,0.0001,-0.05494698386610253,0.5151320099830627,0.009686916,7800,-0.006186574104503961,0.2,1.6090279896743596,-12.671388645991684,0.5692687928676605,0.02490234375
1237.0,1425,500224,45.0,0,1,0.0001,-0.054860753425600706,0.7051168084144592,0.0048552165,7808,-0.0062091371983115096,0.2,1.8960920311510563,-12.40438359693624,0.39656078815460205,0.019775390625
1201.5,1981,500736,45.0,0,1,0.0001,-0.04580404086300405,0.09468784183263779,0.00790049,7816,-0.007950028477353044,0.2,1.467297033406794,-11.460220550689847,-0.23121225833892822,0.03173828125
1127.5,2003,501248,45.0,0,1,0.0001,-0.039826110914873425,0.7632322907447815,0.0075471564,7824,-0.008286882846732624,0.2,1.7623477596789598,-10.968586807101964,0.24923300743103027,0.020751953125
1140.0,1788,501760,45.0,0,1,0.0001,-0.04295085791636666,0.8034416437149048,0.0028012092,7832,-0.009611582529032603,0.2,4.232627218589187,-11.059046838805079,0.3705195188522339,0.02294921875
1054.5,1881,502272,45.0,0,1,0.0001,-0.03230076488762279,0.6276016235351562,0.0014045873,7840,-0.0026092511106980965,0.2,2.655608420725912,-10.050841032564641,0.6293452084064484,0.008056640625
1048.0,1862,502784,45.0,0,1,0.0001,-0.052695596854391624,1.0569980144500732,0.005308195,7848,-0.010005393662140705,0.2,4.964048992842436,-9.989456266844645,0.6406344771385193,0.0263671875
1118.5,1717,503296,45.0,0,1,0.0001,-0.04627656207958353,0.862328052520752,0.011647377,7856,-0.007824234755389625,0.2,3.542662739753723,-9.643214927902445,0.6328836381435394,0.03076171875
1135.0,2071,503808,45.0,0,1,0.0001,-0.029759826054942096,0.3204198181629181,0.0021530583,7864,-0.004059160761244129,0.2,2.744144957512617,-9.31033807495609,0.6494249999523163,0.008056640625
1162.0,1830,504320,45.0,0,1,0.0001,-0.03885121767598321,0.8375046253204346,0.015483855,7872,-0.008625361020676792,0.2,2.2135585392825305,-9.838491626521572,0.15087980031967163,0.020751953125
1198.0,1665,504832,45.0,0,1,0.0001,-0.05235549719509436,0.39761221408843994,0.0032943096,7880,-0.00858138978946954,0.2,1.6645163940265775,-10.12640326809138,0.10313230752944946,0.023193359375
1228.5,1420,505344,45.0,0,1,0.0001,-0.07024682642804692,0.15694627165794373,0.0073865755,7888,-0.005576490475505125,0.2,1.1644403922837228,-10.729025087868795,0.2762141227722168,0.029052734375
1273.0,1785,505856,45.0,0,1,0.0001,-0.07374438193073729,0.08507302403450012,0.012332819,7896,-0.012842633921536617,0.2,0.7643993666861206,-11.259815233713017,0.4776080846786499,0.05126953125
1250.0,1754,506368,45.0,0,1,0.0001,-0.07522233317286009,0.15181489288806915,0.009753909,7904,-0.0070576036523561925,0.2,1.3803396614966914,-11.41122536209412,-0.09043657779693604,0.03369140625
1399.0,1629,506880,45.0,0,1,0.0001,-0.07249786709144246,0.34742143750190735,0.016165443,7912,-0.01146353128933697,0.2,1.5550829188432544,-12.505986809190363,0.30463743209838867,0.04638671875
1372.5,1784,507392,45.0,0,1,0.0001,-0.08276217726233881,0.42253991961479187,0.005806716,7920,-0.008946248795837164,0.2,1.5789137647952884,-12.497908300375565,0.25401127338409424,0.03662109375
1349.0,1853,507904,45.0,0,1,0.0001,-0.05408130895011709,0.3304756283760071,0.009697351,7928,-0.00706148098106496,0.2,0.8548690343741328,-12.912055643750355,0.4764469861984253,0.022705078125
1419.0,1833,508416,45.0,0,1,0.0001,-0.05363660537841497,0.15872594714164734,0.021744099,7936,-0.002746170892351074,0.2,1.2387780770659447,-12.954300161646678,0.4252723455429077,0.026123046875
1397.0,1752,508928,45.0,0,1,0.0001,-0.05337707257058355,0.2684236466884613,0.0043718778,7944,-0.007361506068264134,0.2,1.3762728481087834,-12.325956263393163,0.5028848946094513,0.024658203125
1425.0,1385,509440,45.0,0,1,0.0001,-0.07653392427891959,0.2912982106208801,0.007784396,7952,-0.009792167977138888,0.2,1.3819067007862031,-11.89348505254835,0.21949881315231323,0.0361328125
1374.0,1747,509952,45.0,0,1,0.0001,-0.09475790609576507,1.4215329885482788,0.008676549,7960,-0.011655628612061264,0.2,2.9089195097330958,-11.603406482245774,0.3463117480278015,0.046875
1370.0,1887,510464,45.0,0,1,0.0001,-0.07390057924203575,0.4031330943107605,0.006559397,7968,-0.009284580730309244,0.2,1.6749140603933483,-11.092925324281678,0.22718602418899536,0.034912109375
1347.0,1720,510976,45.0,0,1,0.0001,-0.0450706081574026,0.3058537244796753,0.0017287103,7976,-0.004956723016221076,0.2,1.3858027013484389,-10.995781435361131,0.4179317355155945,0.0126953125
1307.0,1695,511488,45.0,0,1,0.0001,-0.0752720489690546,0.35020938515663147,0.009484659,7984,-0.006661186243945849,0.2,1.3114300519227982,-10.602847043303774,0.3817545771598816,0.037353515625
1362.5,1746,512000,45.0,0,1,0.0001,-0.0600681866199011,0.5040841698646545,0.0044674273,7992,-0.006191270404087845,0.2,1.2093708640895784,-10.359383184658363,0.48645055294036865,0.025146484375
1374.0,1836,512512,45.0,0,1,0.0001,-0.06148643295455258,0.611005961894989,0.0033777747,8000,-0.007115070831787307,0.2,1.9426780769135803,-10.285528432866558,0.3936941623687744,0.02197265625
1363.5,1882,513024,45.0,0,1,0.0001,-0.04809746680984972,0.3437592685222626,0.010048609,8008,-0.008611267116066301,0.2,1.243834175169468,-10.54271619693376,0.4138345718383789,0.026611328125
1323.5,1851,513536,45.0,0,1,0.0001,-0.04626765577268088,0.6220340728759766,0.0044694394,8016,-0.008414734518737532,0.2,1.983755269786343,-10.709114494500682,0.4852997660636902,0.0234375
1347.5,1305,514048,45.0,0,1,0.0001,-0.07589759991969913,0.7589498162269592,0.0055050915,8024,-0.006901944252604153,0.2,1.8530989766586572,-10.778317611385138,0.4480249285697937,0.022705078125
1387.0,1855,514560,45.0,0,1,0.0001,-0.07415737723204074,0.25077730417251587,0.016956117,8032,-0.008689954120200127,0.2,1.375792243750766,-11.037040381748229,0.46873903274536133,0.03515625
1429.0,1853,515072,45.0,0,1,0.0001,-0.03727950347092701,0.16810116171836853,0.0033749826,8040,-0.0034748462203424424,0.2,1.2202233384014107,-10.56300987696275,-0.37915217876434326,0.010986328125
1443.5,1794,515584,45.0,0,1,0.0001,-0.04424472543178126,0.1076756939291954,0.0022797515,8048,-0.004576390078000259,0.2,0.9562993456493132,-10.395422632582486,0.48134297132492065,0.012451171875
1425.5,1810,516096,45.0,0,1,0.0001,-0.05187437815766316,0.5040387511253357,0.004098243,8056,-0.006349571176542668,0.2,1.7878228430636227,-10.192286734404043,0.5494537949562073,0.0205078125
1414.5,1767,516608,45.0,0,1,0.0001,-0.054181749233976007,0.3296220898628235,0.006307763,8064,-0.008088092632533517,0.2,1.9730290730949491,-10.026551199066454,0.4782402515411377,0.02783203125
1379.5,1871,517120,45.0,0,1,0.0001,-0.03881146986532258,0.16382315754890442,0.0067416383,8072,-0.004716188166639768,0.2,1.6363571687834337,-9.574439248018898,0.4703604578971863,0.01611328125
1372.5,1995,517632,45.0,0,1,0.0001,-0.047971583786420524,0.1964230239391327,0.005281497,8080,-0.008087970243650489,0.2,0.966051176073961,-9.293762614601292,0.2741497755050659,0.02001953125
1433.0,1336,518144,45.0,0,1,0.0001,-0.05897343680408085,0.35525181889533997,0.0135614425,8088,-0.013618996104924008,0.2,1.4538877013837919,-9.515437626983038,0.4119148850440979,0.037841796875
1444.0,1750,518656,45.0,0,1,0.0001,-0.08580597148102242,0.3008289039134979,0.0073827333,8096,-0.009932888708135579,0.2,2.0424987688893452,-9.567718844884075,0.023394644260406494,0.047119140625
1411.0,1713,519168,45.0,0,1,0.0001,-0.06532928920933045,0.29891759157180786,0.0074399263,8104,-0.00899382768329815,0.2,1.463648832286708,-9.861037406572141,0.4866422414779663,0.0361328125
1390.5,1748,519680,45.0,0,1,0.0001,-0.08246959808457177,1.4057824611663818,0.014817126,8112,-0.009044593629369047,0.2,3.530800871551037,-10.854162764358334,0.304695725440979,0.037109375
1439.5,1666,520192,45.0,0,1,0.0001,-0.07105847967613954,1.0903557538986206,0.007338681,8120,-0.005736079090638668,0.2,1.718770967796445,-11.53353047748562,0.5031149089336395,0.028564453125
1412.5,1793,520704,45.0,0,1,0.0001,-0.0731006985733984,0.2129974663257599,0.007486949,8128,-0.004616480779077392,0.2,1.0673342475201935,-11.900880971546284,0.3647988438606262,0.029541015625
1420.0,1703,521216,45.0,0,1,0.0001,-0.07348754851773265,0.5687183141708374,0.009598125,8136,-0.011166599659190979,0.2,2.441223421599716,-12.432144582290203,0.4112997055053711,0.039306640625
1454.5,1951,521728,45.0,0,1,0.0001,-0.02944106448921957,0.07109291106462479,0.0031831148,8144,-0.0025100657367147505,0.2,1.009434666368179,-12.330844416162,0.29066336154937744,0.009765625
1447.0,1840,522240,45.0,0,1,0.0001,-0.054791401445982046,0.25313323736190796,0.0053290934,8152,-0.005325494283169974,0.2,1.0433662505820394,-12.035406630085781,0.4465043544769287,0.024169921875
1464.5,1354,522752,45.0,0,1,0.0001,-0.0628044618642889,0.07932403683662415,0.008630702,8160,-0.0051011661780648865,0.2,0.9270734388846904,-11.403724942859263,0.3136294484138489,0.03173828125
1452.5,1593,523264,45.0,0,1,0.0001,-0.07602123264950933,1.280052661895752,0.016192134,8168,-0.010429870417283382,0.2,2.4613655540160835,-10.64757659740746,0.2979288697242737,0.056884765625
1493.0,1673,523776,45.0,0,1,0.0001,-0.09308650802267948,0.32336723804473877,0.009046258,8176,-0.009234864479367388,0.2,1.7571418918669224,-9.81300356766209,0.46908146142959595,0.04736328125
1471.5,1675,524288,45.0,0,1,0.0001,-0.08318850066279992,0.19324776530265808,0.026807413,8184,-0.009443318285775604,0.2,1.0011950305197388,-9.240233656894416,0.2580912113189697,0.050537109375
1482.5,1623,524800,45.0,0,1,0.0001,-0.09749928911332972,2.0036492347717285,0.012965258,8192,-0.010290802987583447,0.2,6.70005167927593,-9.442442351924255,0.2053813934326172,0.06201171875
1519.0,1638,525312,45.0,0,1,0.0001,-0.07557649140653666,1.5761358737945557,0.021487752,8200,-0.007031333967461251,0.2,6.2390225594863296,-10.135000402219594,0.14936059713363647,0.037353515625
1496.5,1857,525824,45.0,0,1,0.0001,-0.06746239268250065,0.5821205973625183,0.010692644,8208,-0.007890633438364603,0.2,3.7263228120282292,-10.834534096708522,0.5887689292430878,0.03955078125
1454.0,1529,526336,45.0,0,1,0.0001,-0.03717958375636954,0.46975675225257874,0.0050754715,8216,-0.0052523865379043855,0.2,2.9155972097069025,-11.57206625904888,0.8069917559623718,0.016357421875
1471.0,1637,526848,45.0,0,1,0.0001,-0.041372966039489256,0.6379130482673645,0.0031868594,8224,-0.0059175531823711935,0.2,3.248726144898683,-11.890688666128554,0.6117630302906036,0.015625
1492.0,1680,527360,45.0,0,1,0.0001,-0.04865580153273186,0.4841557741165161,0.01141723,8232,-0.00536066527638468,0.2,1.792649204027839,-12.253500560927204,0.6046503484249115,0.01904296875
1436.5,1339,527872,45.0,0,1,0.0001,-0.05207780444834498,0.7808874249458313,0.0037375735,8240,-0.004008312535006553,0.2,1.7514870488084853,-12.59124080162961,0.20744788646697998,0.014892578125
1442.5,1789,528384,45.0,0,1,0.0001,-0.09801840509317117,0.07781060039997101,0.08226819,8248,-0.012806894781533629,0.2,0.6291127366421279,-12.473420010893605,-0.22148799896240234,0.056884765625
1460.0,1684,528896,45.0,0,1,0.0001,-0.4646955106873065,47.707374572753906,0.0054615373,8256,0.006270064986892976,0.2,266.92275524139404,-18.672492740279996,-0.03128218650817871,0.17529296875
1439.5,1762,529408,45.0,0,1,0.0001,-0.4098236341960728,43.481143951416016,0.009678204,8264,-0.010038161970442161,0.2,166.2363101541996,-23.086203809496947,0.2139931321144104,0.09228515625
1367.0,1872,529920,45.0,0,1,0.0001,-0.419226506492123,51.76232147216797,0.0075720325,8272,-0.01666024624137208,0.2,200.75402915477753,-27.41809289809782,0.41372060775756836,0.13330078125
1367.5,1880,530432,45.0,0,1,0.0001,-0.4607568841893226,38.539608001708984,0.009951789,8280,-0.019887333241058514,0.2,144.75161036849022,-32.48516560652293,0.4205896258354187,0.134033203125
1367.0,1414,530944,45.0,0,1,0.0001,-0.3782712290994823,11.83594036102295,0.01736936,8288,-0.015989726045518182,0.2,68.37578018009663,-36.288936937227845,0.6653993725776672,0.131103515625
1407.0,1556,531456,45.0,0,1,0.0001,-0.28647123801056296,10.572419166564941,0.011971982,8296,-0.016550184031075332,0.2,23.406275682151318,-39.156976100755855,0.6379212737083435,0.097900390625
1389.0,1712,531968,45.0,0,1,0.0001,-0.17286776594119146,4.595714092254639,0.04575314,8304,-0.018661568545212504,0.2,16.621761690825224,-41.61535604661796,0.5324432253837585,0.08154296875
1414.5,1888,532480,45.0,0,1,0.0001,-0.09024362056516111,3.6621906757354736,0.011472664,8312,-0.010686842017094023,0.2,9.937509836629033,-42.58550541773904,0.5722493231296539,0.029052734375
1413.5,1802,532992,45.0,0,1,0.0001,-0.06331871465954464,1.8325625658035278,0.012886329,8320,-0.0045393758118734695,0.2,10.86736273393035,-42.08434635221958,0.11317038536071777,0.016845703125
1390.5,1725,533504,45.0,0,1,0.0001,-0.05495937275554752,1.9816818237304688,0.004085426,8328,-0.0050169283713330515,0.2,10.285067703574896,-35.543695120394695,0.38650476932525635,0.015625
1431.5,1773,534016,45.0,0,1,0.0001,-0.058138107851846144,2.5596137046813965,0.009552118,8336,-0.005317306284268852,0.2,9.195647221058607,-31.13392872750759,0.5206616818904877,0.026123046875
1479.0,1684,534528,45.0,0,1,0.0001,-0.07182306292816065,1.5888293981552124,0.0032031308,8344,-0.003049643215490505,0.2,7.613251306116581,-25.90965245045023,0.19800680875778198,0.015869140625
1503.0,1396,535040,45.0,0,1,0.0001,-0.053279642284906004,1.1352983713150024,0.0023606298,8352,-0.005048065835580928,0.2,6.029636250808835,-20.25384210784221,0.5102581083774567,0.0205078125
1418.0,2113,535552,45.0,0,1,0.0001,-0.06045777453982737,1.1459616422653198,0.0085718,8360,-0.006114660263847327,0.2,5.341172931715846,-15.80862671542447,0.5279907584190369,0.027099609375
1309.0,2004,536064,45.0,0,1,0.0001,-0.05080227449070662,1.5363065004348755,0.0052806595,8368,-0.004940780097967945,0.2,7.2762656062841415,-12.8163719141623,0.16682326793670654,0.01806640625
1310.5,1703,536576,45.0,0,1,0.0001,-0.050453918738639913,1.0750133991241455,0.016008936,8376,-0.0069945569630363025,0.2,4.595093942247331,-10.616755712628365,0.10901659727096558,0.024169921875
1256.5,1961,537088,45.0,0,1,0.0001,-0.053991393935575616,0.35984402894973755,0.004353865,8384,-0.00532501025008969,0.2,3.401120296679437,-9.696973047498613,0.4031493663787842,0.01904296875
1231.5,1783,537600,45.0,0,1,0.0001,-0.06837585938046686,1.3681305646896362,0.010349078,8392,-0.007736848398053553,0.2,3.3556292001158,-9.577294880528934,0.5975631475448608,0.0263671875
1282.0,1846,538112,45.0,0,1,0.0001,-0.06643695673847105,0.8591752648353577,0.0049860952,8400,-0.007957393063406926,0.2,3.4384177536703646,-8.954882346470841,0.7621258944272995,0.022705078125
1203.5,1831,538624,45.0,0,1,0.0001,-0.06870727697241819,0.8141076564788818,0.012990618,8408,-0.009369386221806053,0.2,3.165647938847542,-8.697678959849291,0.8204498738050461,0.0341796875
1163.0,1826,539136,45.0,0,1,0.0001,-0.06812291439564433,0.23852136731147766,0.030879509,8416,-0.007999611967534292,0.2,2.471214336110279,-8.997047092451249,0.5469567477703094,0.0361328125
1172.0,1406,539648,45.0,0,1,0.0001,-0.03219789051217958,0.749264121055603,0.00888332,8424,-0.003907082882506074,0.2,3.085529521573335,-9.516827734215186,0.3540259599685669,0.01318359375
1199.0,1958,540160,45.0,0,1,0.0001,-0.04541970235732151,0.458013117313385,0.012450155,8432,-0.008643690336612053,0.2,2.1660398927051574,-10.594965906195576,0.16377228498458862,0.02880859375
1268.5,1748,540672,45.0,0,1,0.0001,-0.06008623823072412,0.2253078818321228,0.013291357,8440,-0.011020746744179633,0.2,1.7798614840721712,-11.281535083806375,0.2095623016357422,0.03662109375
1260.0,1585,541184,45.0,0,1,0.0001,-0.07282475515239639,0.9578685164451599,0.030375017,8448,-0.007892774869105779,0.2,2.984684102004394,-12.092826531763421,0.12842875719070435,0.03564453125
1327.5,1629,541696,45.0,0,1,0.0001,-0.05989282621158054,0.5794907212257385,0.006159035,8456,-0.006683927029371262,0.2,2.006695735268295,-12.553641187042231,0.34806931018829346,0.02978515625
1306.0,1708,542208,45.0,0,1,0.0001,-0.06152436459888122,0.23330806195735931,0.016277691,8464,-0.004802837822353467,0.2,1.5081698514986783,-12.344184899100801,0.6273762583732605,0.017822265625
1272.0,1891,542720,45.0,0,1,0.0001,-0.06623314326861873,0.3472111225128174,0.013319575,8472,-0.01202531112357974,0.2,2.4671325320377946,-12.910856246905169,0.6514424681663513,0.046875
1291.0,1874,543232,45.0,0,1,0.0001,-0.052972453075199155,0.5850145816802979,0.008654665,8480,-0.003938209669286152,0.2,2.4216724578291178,-13.04353494987241,0.5597548484802246,0.026611328125
1268.5,1842,543744,45.0,0,1,0.0001,-0.05407731205923483,0.24333064258098602,0.008240096,8488,-0.007771255572151858,0.2,1.5990588159766048,-12.895891186686931,0.527159720659256,0.02880859375
1339.0,1420,544256,45.0,0,1,0.0001,-0.031395846606756095,0.5579738616943359,0.007563588,8496,-0.006070895789889619,0.2,2.1517674634233117,-12.729995648885378,0.5463739037513733,0.0185546875
1357.5,1644,544768,45.0,0,1,0.0001,-0.06508919705811422,0.6718609929084778,0.010320052,8504,-0.008606636423792224,0.2,1.7140114072244614,-11.957291431780904,0.6844802796840668,0.03955078125
1400.0,1719,545280,45.0,0,1,0.0001,-0.09385011867561843,0.7774986028671265,0.009654691,8512,-0.012154388401540928,0.2,3.5462011313065886,-11.847312093842774,0.1965165138244629,0.043212890625
1417.5,1665,545792,45.0,0,1,0.0001,-0.07282491461955942,0.64585280418396,0.004470142,8520,-0.005410006720921956,0.2,3.3524507633410394,-11.66950283878483,-0.1491866111755371,0.024169921875
1448.0,1863,546304,45.0,0,1,0.0001,-0.0761517934006406,0.5298624038696289,0.00924574,8528,-0.009481120265263598,0.2,2.0838703638873994,-12.20940308024874,0.20553523302078247,0.0361328125
1447.5,1787,546816,45.0,0,1,0.0001,-0.05674629592613201,0.3441184163093567,0.011947185,8536,-0.005885168480745051,0.2,2.2598170335404575,-12.625802908146289,0.42297691106796265,0.025390625
1436.5,1717,547328,45.0,0,1,0.0001,-0.05531666438037064,1.0573824644088745,0.0065138116,8544,-0.0059369957889430225,0.2,2.377185576595366,-12.736494705786463,0.31013327836990356,0.02587890625
1466.5,1753,547840,45.0,0,1,0.0001,-0.07371455748216249,0.5185768008232117,0.011415033,8552,-0.006593279606022406,0.2,1.8748172270134091,-12.773046056258027,0.397594690322876,0.034423828125
1482.5,1425,548352,45.0,0,1,0.0001,-0.06507126659562346,0.262643426656723,0.0059229163,8560,-0.00479299929793342,0.2,1.5441886198241264,-12.472544311464299,0.3472972512245178,0.024169921875
1466.0,1858,548864,45.0,0,1,0.0001,-0.06237369052541908,5.6097612380981445,0.027532667,8568,-0.008371219271793962,0.2,9.817642197012901,-12.252570704978424,0.08975183963775635,0.04150390625
1383.0,1830,549376,45.0,0,1,0.0001,-0.07821606037396123,0.5205861330032349,0.0067441314,8576,-0.009896964977087919,0.2,2.372050191508606,-11.855931472429074,0.15195047855377197,0.042236328125
1419.5,1647,549888,45.0,0,1,0.0001,-0.05541800765058724,0.326000452041626,0.0055718576,8584,-0.00605848270788556,0.2,1.4006402851082385,-10.93602800401859,0.09698367118835449,0.02734375
1415.5,1564,550400,45.0,0,1,0.0001,-0.07159357046475634,0.37330830097198486,0.010892389,8592,-0.008683815325639443,0.2,1.706087130587548,-10.057334627727977,0.15113288164138794,0.033203125
1413.5,1829,550912,45.0,0,1,0.0001,-0.06737530023383442,0.07317342609167099,0.0120285405,8600,-0.00826029627569369,0.2,0.8758368509588763,-9.01169184058439,0.5293498933315277,0.030517578125
1403.0,1782,551424,45.0,0,1,0.0001,-0.05288229127108934,0.35354161262512207,0.013168636,8608,-0.007415587922878331,0.2,1.634128795005381,-8.698068379012403,-0.2679431438446045,0.02978515625
1472.0,1739,551936,45.0,0,1,0.0001,-0.10936347117240075,0.8997308611869812,0.018086608,8616,-0.01363838926772587,0.2,3.3937577973119915,-9.285055088059744,0.10936790704727173,0.05908203125
1437.5,1409,552448,45.0,0,1,0.0001,-0.09859299568415736,0.36449775099754333,0.007020555,8624,-0.009774155638297088,0.2,2.8710301886312664,-9.787092836386291,0.3698543906211853,0.0546875
1454.5,1956,552960,45.0,0,1,0.0001,-0.07872973277699202,0.41441282629966736,0.018931156,8632,-0.009784893059986643,0.2,2.8940769997425377,-10.691944199994905,0.6625911891460419,0.0400390625
1469.0,1668,553472,45.0,0,1,0.0001,-0.02888498110405635,0.2522522807121277,0.002737044,8640,-0.004316528873459902,0.2,1.3317463952116668,-11.23784706516075,0.42785996198654175,0.014404296875
1556.0,1621,553984,45.0,0,1,0.0001,-0.08542522818606813,0.5639910101890564,0.007720655,8648,-0.009232244578015525,0.2,1.9386451642494649,-11.964263249287615,0.4278796315193176,0.037841796875
1501.5,1752,554496,45.0,0,1,0.0001,-0.08334496302268235,0.32502734661102295,0.0072935717,8656,-0.005419188390078489,0.2,2.198904311750084,-12.422763360227691,0.10342049598693848,0.03515625
1491.0,1697,555008,45.0,0,1,0.0001,-0.05595799974253168,0.24117550253868103,0.008439073,8664,-0.006791658714064397,0.2,1.3672221070155501,-13.012073538054246,-0.02286219596862793,0.034423828125
1531.5,1750,555520,45.0,0,1,0.0001,-0.06050099689309718,0.2238999903202057,0.008311039,8672,-0.005647354817483574,0.2,1.123678506934084,-13.134714986421168,0.3911696672439575,0.0263671875
1568.0,1751,556032,45.0,0,1,0.0001,-0.05064175029110629,0.0983683243393898,0.007187472,8680,-0.00572869461029768,0.2,0.6425956995808519,-12.85721298710996,0.48225831985473633,0.02392578125
1544.0,1350,556544,45.0,0,1,0.0001,-0.054074268286058214,0.3165142834186554,0.013721788,8688,-0.007320156699279323,0.2,1.9051452474668622,-12.269532746937767,0.37462079524993896,0.03271484375
1519.0,1734,557056,45.0,0,1,0.0001,-0.06720278882130515,0.5633043050765991,0.011884635,8696,-0.005501073806954082,0.2,1.5874967104755342,-11.88077563980798,0.1859300136566162,0.0224609375
1512.0,1839,557568,45.0,0,1,0.0001,-0.04593645073691732,0.5050355195999146,0.005786462,8704,-0.005136192114150617,0.2,2.5603330438025296,-11.65729231584206,0.44746822118759155,0.01904296875
1485.0,1826,558080,45.0,0,1,0.0001,-0.04514831846972811,0.4127344787120819,0.0053920667,8712,-0.0066915781499119475,0.2,1.7145958528853953,-11.977696241264638,0.6459658443927765,0.023681640625
1473.0,1620,558592,45.0,0,1,0.0001,-0.06593750606771209,1.3495124578475952,0.0038098008,8720,-0.008051823104324285,0.2,4.227812112309039,-12.351787394433922,0.6451193690299988,0.02783203125
1519.0,1583,559104,45.0,0,1,0.0001,-0.09853109897812828,0.19149111211299896,0.006133312,8728,-0.011837590194772929,0.2,2.391725613968447,-13.267919391089526,0.7763167470693588,0.04052734375
1523.0,1795,559616,45.0,0,1,0.0001,-0.049940025393880205,0.2863190472126007,0.012853373,8736,-0.005677439119608607,0.2,1.8320777239277959,-13.553918275312462,0.695470780134201,0.023193359375
1503.0,1745,560128,45.0,0,1,0.0001,-0.05668113303181599,0.2922786772251129,0.0063917395,8744,-0.008440561228781007,0.2,1.588868125109002,-13.779405508831552,0.5322968363761902,0.0234375
1525.0,1361,560640,45.0,0,1,0.0001,-0.04891883032178157,0.3479403555393219,0.00601043,8752,-0.009354689900646918,0.2,1.2179387024370953,-13.839562464256305,0.30538856983184814,0.03515625
1448.0,1988,561152,45.0,0,1,0.0001,-0.06470525314216502,0.09112913906574249,0.009168671,8760,-0.009889150940580294,0.2,0.8958544277120382,-13.321065077499952,0.3141457438468933,0.038818359375
1442.5,1834,561664,45.0,0,1,0.0001,-0.044702265677187825,0.12007853388786316,0.009586928,8768,-0.00521670493617421,0.2,0.7391058136709034,-12.575340753236087,0.6089173853397369,0.025146484375
1422.5,1973,562176,45.0,0,1,0.0001,-0.02669725455052685,0.23616069555282593,0.009037523,8776,-0.004282984504243359,0.2,1.148122324142605,-11.714050570555264,0.5274202823638916,0.014892578125
1379.5,1775,562688,45.0,0,1,0.0001,-0.027214893263590056,0.33627018332481384,0.005381071,8784,-0.004661548708099872,0.2,1.4152861636830494,-10.84747290488216,0.019894838333129883,0.011962890625
1358.0,1761,563200,45.0,0,1,0.0001,-0.06315774227550719,0.31812000274658203,0.02188468,8792,-0.004288139192794915,0.2,1.1673841821029782,-9.547432421408594,0.20181900262832642,0.022216796875
1354.0,1738,563712,45.0,0,1,0.0001,-0.08050950334290974,0.853111982345581,0.0028559894,8800,-0.006746290921000764,0.2,3.8185398392379284,-8.75425552192959,0.3371403217315674,0.024658203125
1336.5,1797,564224,45.0,0,1,0.0001,-0.061108296853490174,0.7011409401893616,0.0046633417,8808,-0.0030141788520268165,0.2,3.031158586964011,-8.231561379051419,0.5097783803939819,0.0107421875
1293.0,1773,564736,45.0,0,1,0.0001,-0.05098069179803133,0.4044443368911743,0.0040267888,8816,-0.003984694179962389,0.2,2.4875260540284216,-8.529068823422422,0.44800877571105957,0.0107421875
1302.5,1327,565248,45.0,0,1,0.0001,-0.052503833765513264,0.7901353240013123,0.009079985,8824,-0.007290500587259885,0.2,3.622467553243041,-8.988726106531104,0.18701577186584473,0.0185546875
1390.5,1702,565760,45.0,0,1,0.0001,-0.0627606275229482,0.22936281561851501,0.011624163,8832,-0.00900011537305545,0.2,2.2894023039843887,-10.007764272487838,0.03593647480010986,0.030517578125
1388.0,1822,566272,45.0,0,1,0.0001,-0.047135461019934155,0.334647536277771,0.009724346,8840,-0.007579730132420082,0.2,1.2761799420695752,-10.814549104006145,0.28026026487350464,0.029052734375
1463.0,1906,566784,45.0,0,1,0.0001,-0.03228631437741569,0.4096080958843231,0.0078486595,8848,-0.004114135495910887,0.2,0.8890974428504705,-11.763819124636356,0.6110243499279022,0.01806640625
1520.0,1626,567296,45.0,0,1,0.0001,-0.03637226785940584,0.4163355529308319,0.017325215,8856,-0.006387311095750192,0.2,1.3269107821397483,-12.61651641814562,0.6653479337692261,0.0244140625
1555.0,1740,567808,45.0,0,1,0.0001,-0.07735372534079943,0.30935099720954895,0.01721722,8864,-0.012093564560927916,0.2,1.5990239987149835,-13.330800463641644,0.3077015280723572,0.0439453125
1536.5,1577,568320,45.0,0,1,0.0001,-0.052018386078998446,0.1107095330953598,0.007683358,8872,-0.005451821532915346,0.2,0.8473794313613325,-13.595953995140153,0.25353121757507324,0.027587890625
1559.0,1772,568832,45.0,0,1,0.0001,-0.06855379346234258,0.22712688148021698,0.018246368,8880,-0.010450474124809261,0.2,1.3001305910293013,-13.74947905122768,0.488641619682312,0.042724609375
1577.0,1669,569344,45.0,0,1,0.0001,-0.06503642469760962,0.13306602835655212,0.019802283,8888,-0.010673788718122523,0.2,1.750115108443424,-13.692190790472086,0.40776658058166504,0.03662109375
1551.5,1769,569856,45.0,0,1,0.0001,-0.05350000083853956,0.6517150402069092,0.00951353,8896,-0.005810825117805507,0.2,2.005791438743472,-13.5800205637794,0.4941611886024475,0.02197265625
1544.5,1766,570368,45.0,0,1,0.0001,-0.06352263698499883,0.6471381783485413,0.004198517,8904,-0.008717704768059775,0.2,2.3756241644732654,-13.02249520205427,0.5070107877254486,0.02099609375
1517.5,1917,570880,45.0,0,1,0.0001,-0.049406388658098876,0.2786862850189209,0.010994452,8912,-0.006970977621676866,0.2,2.066112165339291,-12.566729201865382,0.6505803167819977,0.025634765625
1460.5,1880,571392,45.0,0,1,0.0001,-0.03362924266184564,0.33506059646606445,0.006429407,8920,-0.0035747899673879147,0.2,2.352897925535217,-11.788429405947682,0.5987860560417175,0.0166015625
1352.0,1813,571904,45.0,0,1,0.0001,-0.05699012584955199,0.3112275004386902,0.0043385145,8928,-0.006286866446316708,0.2,2.026570147369057,-11.110288790431804,0.40805357694625854,0.02099609375
1347.0,1723,572416,45.0,0,1,0.0001,-0.05399658797250595,0.08655501902103424,0.004632535,8936,-0.008823304451652803,0.2,1.2989670120878145,-10.476954258312471,0.24612969160079956,0.035400390625
1383.0,1679,572928,45.0,0,1,0.0001,-0.055569389296579175,1.4071253538131714,0.004443188,8944,-0.0057408025386394,0.2,3.735696814954281,-10.029563300302252,0.2735605835914612,0.02734375
1364.0,1441,573440,45.0,0,1,0.0001,-0.05605559865216492,0.18036217987537384,0.0060480908,8952,-0.006849689118098468,0.2,1.2875698282150552,-9.408500063715037,0.04062473773956299,0.0244140625
1336.0,1794,573952,45.0,0,1,0.0001,-0.042788016486156266,0.26079100370407104,0.010470346,8960,-0.006997747746936511,0.2,1.7306334739550948,-9.018391878758557,0.1127203106880188,0.026611328125
1310.0,1911,574464,45.0,0,1,0.0001,-0.06981397230265429,0.34885603189468384,0.010486927,8968,-0.007834356598323211,0.2,2.0691001480445266,-8.930569208846428,0.10617119073867798,0.037353515625
1328.5,1635,574976,45.0,0,1,0.0001,-0.057052774405747186,0.16114996373653412,0.012887014,8976,-0.006127019198174821,0.2,1.2622711196308956,-9.068629412685986,0.4132382869720459,0.025634765625
1383.5,1749,575488,45.0,0,1,0.0001,-0.04937277726276079,0.8185339570045471,0.0059637846,8984,-0.005202358384849504,0.2,2.405922543723136,-9.217216416483279,0.5156230032444,0.02490234375
1434.0,1805,576000,45.0,0,1,0.0001,-0.05201429462613305,0.09736187756061554,0.011170708,8992,-0.007314746457268484,0.2,1.0573407198535278,-9.64727757109329,0.33754855394363403,0.0283203125
1450.0,1693,576512,45.0,0,1,0.0001,-0.06785733957076445,0.35160669684410095,0.00938262,9000,-0.00568343741906574,0.2,1.1720477791968733,-10.278259939234704,0.7462114095687866,0.029296875
1406.0,1710,577024,45.0,0,1,0.0001,-0.09866687128669582,0.2876512408256531,0.039445076,9008,-0.01369322383106919,0.2,2.009016179246828,-10.817908907248638,0.6007027328014374,0.042236328125
1312.5,1398,577536,45.0,0,1,0.0001,-0.08485556406958494,0.27397748827934265,0.006725124,9016,-0.00791760724314372,0.2,1.755158371059224,-11.728963916776701,0.7110276818275452,0.03564453125
1310.0,1701,578048,45.0,0,1,0.0001,-0.10289683646988124,0.24724599719047546,0.019813437,9024,-0.013982680313347373,0.2,2.638689104001969,-12.75391853421228,0.47162461280822754,0.053955078125
1240.0,1934,578560,45.0,0,1,0.0001,-0.09799866245884914,1.1056751012802124,0.008747786,9032,-0.01842974988539936,0.2,4.670065086334944,-13.193489326636772,0.15682923793792725,0.065673828125
1161.5,2102,579072,45.0,0,1,0.0001,-0.07627804388175718,0.3140505850315094,0.009100443,9040,-0.010038602413260378,0.2,1.2382493307814002,-13.25965433400357,0.47119683027267456,0.04052734375
1067.5,1907,579584,45.0,0,1,0.0001,-0.06122005005454412,0.545365035533905,0.0067880363,9048,-0.008893511952919653,0.2,1.3664608704857528,-13.388014906682074,0.36298316717147827,0.03076171875
1002.5,1781,580096,45.0,0,1,0.0001,-0.062141860707924934,0.8874339461326599,0.00495464,9056,-0.008734391667530872,0.2,2.0951265511102974,-13.03571121044224,0.31457197666168213,0.03564453125
912.5,1944,580608,45.0,0,1,0.0001,-0.04020131636571023,0.3619859218597412,0.0043995287,9064,-0.004390266127302311,0.2,1.6917243348434567,-12.693014289643616,-0.12002801895141602,0.0146484375
881.5,1830,581120,45.0,0,1,0.0001,-0.06359675673593301,1.00148344039917,0.00854072,9072,-0.00950394924802822,0.2,4.744087207131088,-12.944013369269669,0.27698326110839844,0.03173828125
865.5,1801,581632,45.0,0,1,0.0001,-0.08086691265634727,1.0702810287475586,0.0032632807,9080,-0.008138552635500673,0.2,4.956598077900708,-12.835467349817044,0.03862529993057251,0.0283203125
939.5,1345,582144,45.0,0,1,0.0001,-0.04889433724747505,0.4776301383972168,0.0040617064,9088,-0.006019257198204286,0.2,2.585401550401002,-12.38321204670472,0.6718278229236603,0.024658203125
930.5,1829,582656,45.0,0,1,0.0001,-0.07220907014561817,0.7414165139198303,0.0063740388,9096,-0.0107120979737374,0.2,3.4616214600391686,-12.232406610697508,0.3633841276168823,0.034423828125
991.0,1862,583168,45.0,0,1,0.0001,-0.05432411893707467,0.6494903564453125,0.007222198,9104,-0.006474834161053877,0.2,2.769504422787577,-12.81826844311785,0.0743442177772522,0.01953125
1079.0,1792,583680,45.0,0,1,0.0001,-0.06679355287997168,1.0266963243484497,0.007820243,9112,-0.005427373893326148,0.2,2.8726473790593445,-13.690441409880295,0.10234838724136353,0.03173828125
1099.5,2017,584192,45.0,0,1,0.0001,-0.04701620350169833,0.5063616633415222,0.0035577887,9120,-0.005411606245615985,0.2,2.337985261809081,-14.06780234618578,0.44650793075561523,0.021240234375
1047.0,2004,584704,45.0,0,1,0.0001,-0.03568754485058889,0.39839017391204834,0.014609854,9128,-0.006602798142921529,0.2,1.8247400331310928,-14.606166560440323,0.661459743976593,0.027587890625
1045.5,2130,585216,45.0,0,1,0.0001,-0.039315087098657386,0.21905173361301422,0.011404116,9136,-0.00863311817010981,0.2,1.6064336225390434,-14.812546081789769,0.6341894268989563,0.028076171875
1023.0,1838,585728,45.0,0,1,0.0001,-0.04248387718507729,0.25875410437583923,0.0048983563,9144,-0.004573030135361478,0.2,1.4512939376290888,-14.035055111940018,-1.4714939594268799,0.021728515625
1004.5,1887,586240,45.0,0,1,0.0001,-0.05174815079953987,0.6597933769226074,0.0076482315,9152,-0.00729787733143894,0.2,2.7830810321029276,-13.477177624102042,0.08926188945770264,0.022216796875
997.0,1933,586752,45.0,0,1,0.0001,-0.03195228442928055,0.42532649636268616,0.0014214069,9160,-0.0057230215388699435,0.2,2.795470742508769,-12.723118304094823,0.43423521518707275,0.01220703125
997.5,1491,587264,45.0,0,1,0.0001,-0.03698223982792115,0.7806260585784912,0.0024695056,9168,-0.0072001341795839835,0.2,3.835135172586888,-11.756090798719379,0.755438819527626,0.01904296875
971.0,1808,587776,45.0,0,1,0.0001,-0.0323516978223779,1.6902782917022705,0.0080759805,9176,-0.006686597604129929,0.2,5.375806297175586,-10.352885378158243,0.7344197630882263,0.017578125
924.0,2026,588288,45.0,0,1,0.0001,-0.04994441673261463,1.2048466205596924,0.0035664919,9184,-0.004311109980335459,0.2,4.845818840898573,-8.983914685637282,0.6538893580436707,0.014892578125
931.0,2072,588800,45.0,0,1,0.0001,-0.04488402811693959,3.294440507888794,0.0051030917,9192,-0.006188832972839009,0.2,3.8049866491928697,-8.459693453946675,0.3466709852218628,0.017822265625
1007.5,2005,589312,45.0,0,1,0.0001,-0.02729850346713647,0.23631159961223602,0.0064513083,9200,-0.006087909954658244,0.2,2.3902663046028465,-8.569846124575998,0.22008734941482544,0.017578125
1046.0,2023,589824,45.0,0,1,0.0001,-0.028935884911334142,0.21858333051204681,0.02045381,9208,-0.0072272639808943495,0.2,1.5161849376745522,-9.242877767830214,0.40499067306518555,0.0283203125
1082.0,1781,590336,45.0,0,1,0.0001,-0.030265904340922134,0.1297391951084137,0.017822862,9216,-0.009424233925528824,0.2,1.4551469880971126,-10.031351984083885,0.09737443923950195,0.02197265625
1128.0,1737,590848,45.0,0,1,0.0001,-0.04869732094994106,0.3497892916202545,0.0082476325,9224,-0.0063494117857771926,0.2,1.6187521677929908,-10.68630982494331,0.010789275169372559,0.02490234375
1163.0,1683,591360,45.0,0,1,0.0001,-0.03240775486574421,0.24884755909442902,0.0028417935,9232,-0.004965192507370375,0.2,1.681168859358877,-11.19130142692942,0.3088974952697754,0.0146484375
1151.0,1427,591872,45.0,0,1,0.0001,-0.04295661379364901,0.6777973175048828,0.011575645,9240,-0.009641494965762831,0.2,3.0401804968714714,-11.44922129612416,0.5462026000022888,0.02783203125
1240.0,1649,592384,45.0,0,1,0.0001,-0.03922483092537732,0.5458376407623291,0.014293013,9248,-0.007657260819541989,0.2,2.3943807841278613,-11.78943058629986,0.5746082067489624,0.0234375
1317.0,1819,592896,45.0,0,1,0.0001,-0.04450251368689351,0.2917342483997345,0.01152404,9256,-0.0050549861043691635,0.2,2.254930383292958,-11.88041379419621,0.5409352481365204,0.024169921875
1370.5,1818,593408,45.0,0,1,0.0001,-0.039715839964628685,0.5411012768745422,0.0097829625,9264,-0.0047271257571992464,0.2,1.9465298405848444,-11.730133132091723,0.12978380918502808,0.019775390625
1311.5,1686,593920,45.0,0,1,0.0001,-0.045809787854523165,0.2876920998096466,0.012558819,9272,-0.004643250322260428,0.2,1.4796257764101028,-11.558157065822742,-0.4848130941390991,0.023193359375
1376.5,1581,594432,45.0,0,1,0.0001,-0.07968558692664374,0.8078613877296448,0.02189209,9280,-0.009722024944494478,0.2,2.9530428191646934,-11.700405228589661,0.21678096055984497,0.051025390625
1380.0,1732,594944,45.0,0,1,0.0001,-0.08707541473268066,1.000975489616394,0.004482814,9288,-0.004022742228698917,0.2,2.89951786538586,-12.263228532928043,0.3714468479156494,0.029052734375
1349.5,1825,595456,45.0,0,1,0.0001,-0.05352786939693033,0.7120360732078552,0.0048431135,9296,-0.007864533239626326,0.2,7.037530521862209,-12.981656903652475,0.41635674238204956,0.024169921875
1358.5,1375,595968,45.0,0,1,0.0001,-0.04286139846226433,0.3735713064670563,0.010031192,9304,-0.007747295894660056,0.2,2.3473618337884545,-13.416392724681646,0.671600341796875,0.024169921875
1358.0,1620,596480,45.0,0,1,0.0001,-0.06229006662033498,0.5867219567298889,0.0104009975,9312,-0.005431538789707702,0.2,3.7168200071901083,-14.450120093021543,0.5878526866436005,0.027099609375
1341.0,1699,596992,45.0,0,1,0.0001,-0.05952829240413848,0.5725439190864563,0.0026788649,9320,-0.005119058208947536,0.2,3.7583020236343145,-14.684336189478636,0.23521173000335693,0.023681640625
1299.0,1951,597504,45.0,0,1,0.0001,-0.047364102087158244,0.4419677257537842,0.0050009117,9328,-0.005562261347222375,0.2,1.9212638423778117,-14.88591217934154,0.4544561505317688,0.0244140625
1319.0,1850,598016,45.0,0,1,0.0001,-0.033563257527930546,0.585124671459198,0.015032154,9336,-0.00740158291591797,0.2,1.957833725726232,-14.54433166733943,0.5886224210262299,0.02685546875
1322.0,1909,598528,45.0,0,1,0.0001,-0.04059886864706641,0.14476768672466278,0.007450744,9344,-0.005352429798222147,0.2,1.7024692738195881,-13.861845759060234,0.008138060569763184,0.01806640625
1348.5,1742,599040,45.0,0,1,0.0001,-0.04102296126438887,0.312269389629364,0.0068778903,9352,-0.008349844933036366,0.2,1.446117154089734,-13.006765912128612,0.46008628606796265,0.027587890625
1391.0,1482,599552,45.0,0,1,0.0001,-0.04691640063902014,0.6750580072402954,0.004019834,9360,-0.004402086397021776,0.2,1.590656409272924,-11.7503936570324,0.3250247836112976,0.023681640625
1396.5,1471,600064,45.0,0,1,0.0001,-0.05662589254643535,0.36838287115097046,0.026721628,9368,-0.007979235662787687,0.2,1.2045475785853341,-10.874021438732743,0.14026790857315063,0.045654296875
1425.0,1854,600576,45.0,0,1,0.0001,-0.03513889087480493,0.7184461951255798,0.011735309,9376,-0.007745028462522896,0.2,2.5412980117835104,-10.623781413892283,0.1917053461074829,0.023681640625
1351.5,1956,601088,45.0,0,1,0.0001,-0.03643272900444572,0.6565898656845093,0.006908674,9384,-0.004941077204421163,0.2,1.3953786542406306,-10.508963942648842,0.2990220785140991,0.019287109375
1257.0,2268,601600,45.0,0,1,0.0001,-0.042826982511542155,0.2417774796485901,0.013536075,9392,-0.006920546336914413,0.2,1.344436559942551,-10.710548925576731,0.38937681913375854,0.029541015625
1200.0,2159,602112,45.0,0,1,0.0001,-0.027606042651314056,0.02488565631210804,0.023009067,9400,-0.005595092185103567,0.2,0.5484173013537657,-10.922250829599797,0.5958101451396942,0.015869140625
1158.0,1952,602624,45.0,0,1,0.0001,-0.018013901069934946,0.19765283167362213,0.0017087258,9408,-0.0031006057470222004,0.2,1.028253175667487,-11.4021961230319,0.5378793478012085,0.01123046875
1109.0,2228,603136,45.0,0,1,0.0001,-0.024769366669715964,0.6432332396507263,0.005188584,9416,-0.0044363579218043014,0.2,1.6760601019486785,-11.581604623799212,-0.18469703197479248,0.01611328125
931.0,2164,603648,45.0,0,1,0.0001,-0.02961022317322204,0.6217759847640991,0.0024099513,9424,-0.003936676279408857,0.2,3.0415985276922584,-12.030352488849312,0.4299548864364624,0.01171875
929.5,1697,604160,45.0,0,1,0.0001,-0.042217065099976026,1.7166396379470825,0.0043356717,9432,-0.007001288366154768,0.2,7.494084905833006,-12.691798242335208,0.3909452557563782,0.015625
916.0,1991,604672,45.0,0,1,0.0001,-0.14482141961343586,1.6419912576675415,0.123157755,9440,-0.016915403182792943,0.2,6.157246916554868,-11.574048898224719,0.5687731206417084,0.103759765625
932.0,1713,605184,45.0,0,1,0.0001,-0.47682360280305147,78.37581634521484,0.011246761,9448,-0.013797164901916403,0.2,347.88740515708923,-18.55325556098018,0.3635375499725342,0.14306640625
998.5,1434,605696,45.0,0,1,0.0001,-0.3726855244021863,31.880477905273438,0.006375881,9456,-0.003606463851610897,0.2,141.85299502313137,-22.62375955107156,0.6882613301277161,0.054931640625
1063.5,1886,606208,45.0,0,1,0.0001,-0.38462989346589893,21.610782623291016,0.009036016,9464,-0.010232003900455311,0.2,112.55316779017448,-26.32935743073467,0.6402247846126556,0.107177734375
1136.5,1856,606720,45.0,0,1,0.0001,-0.4501957199536264,14.04288387298584,0.008703944,9472,-0.013351913181395503,0.2,86.2068832218647,-31.97429957566317,0.5376769602298737,0.15966796875
1130.0,2109,607232,45.0,0,1,0.0001,-0.28584178595338017,18.219154357910156,0.016786698,9480,-0.022439767875766847,0.2,45.09979745745659,-36.63689908196684,0.6088072955608368,0.16357421875
1250.5,1652,607744,45.0,0,1,0.0001,-0.1555989373009652,5.047605514526367,0.1396896,9488,-0.0360121957201045,0.2,19.167412415146828,-40.204727919832806,0.3397449851036072,0.2451171875
1309.5,1884,608256,45.0,0,1,0.0001,-0.0881375792378094,3.472757339477539,0.004457345,9496,-0.0044536627538036555,0.2,12.79060361161828,-40.79164900376927,0.4180099368095398,0.015869140625
1337.0,1641,608768,45.0,0,1,0.0001,-0.06422741035930812,2.4202880859375,0.0060891397,9504,-0.00402633363410132,0.2,10.75278921611607,-41.11282628762536,0.5626354813575745,0.017578125
1305.0,1752,609280,45.0,0,1,0.0001,-0.05290155691909604,1.7172656059265137,0.0028503444,9512,-0.00486597901181085,0.2,9.533100182190537,-39.541846093283965,0.7009584903717041,0.013671875
1299.5,1848,609792,45.0,0,1,0.0001,-0.08376000018324703,2.023881673812866,0.019917184,9520,-0.02210859958358924,0.2,14.471917076036334,-35.17875359066762,0.5117383897304535,0.0556640625
1310.0,1392,610304,45.0,0,1,0.0001,-0.036454881010286044,1.6122422218322754,0.0011168809,9528,-0.002507982797396835,0.2,7.344854207709432,-30.63608336285688,0.6924607455730438,0.007080078125
1355.0,1904,610816,45.0,0,1,0.0001,-0.059114558367582504,1.7726984024047852,0.004758185,9536,-0.0049884422769537196,0.2,5.5819335822016,-26.048340511517598,0.7251770496368408,0.02880859375
1364.5,1808,611328,45.0,0,1,0.0001,-0.041028017658391036,2.084937810897827,0.0027475138,9544,-0.0039909806473588105,0.2,6.765078272670507,-20.00283750751056,0.6117712259292603,0.011962890625
1423.0,1814,611840,45.0,0,1,0.0001,-0.04134517277998384,2.0770528316497803,0.006787287,9552,-0.0035373567370697856,0.2,7.431135889142752,-15.864345975304023,0.5384655594825745,0.012939453125
1461.0,1682,612352,45.0,0,1,0.0001,-0.03546537093643565,2.1858434677124023,0.0034543322,9560,-0.004441853619937319,0.2,7.542840605601668,-12.550342849176378,0.40363913774490356,0.010498046875
1492.0,1737,612864,45.0,0,1,0.0001,-0.05954214447410777,1.399566411972046,0.011633214,9568,-0.009903481382934842,0.2,6.771009713411331,-11.839729877086356,0.4501541256904602,0.03662109375
1491.5,1769,613376,45.0,0,1,0.0001,-0.05363070932071423,0.8768803477287292,0.005267818,9576,-0.004001046654593665,0.2,3.9956006235443056,-11.228658706275747,0.5841501951217651,0.017822265625
1520.0,1805,613888,45.0,0,1,0.0001,-0.04346633884415496,1.0508232116699219,0.003909223,9584,-0.003999033157015219,0.2,4.917625456117094,-10.714041674938052,0.285142719745636,0.020263671875
1562.0,1350,614400,45.0,0,1,0.0001,-0.07045722485054284,1.0348384380340576,0.011574445,9592,-0.007774235447868705,0.2,4.355938475579023,-10.189600868988782,0.3080865144729614,0.03564453125
1490.0,1944,614912,45.0,0,1,0.0001,-0.05752381664206041,1.2839269638061523,0.011365456,9600,-0.007723455324594397,0.2,4.807990299537778,-10.302095499159769,0.3262937664985657,0.026611328125
1434.5,1808,615424,45.0,0,1,0.0001,-0.050080948865797836,0.7021060585975647,0.033517063,9608,-0.002451775948429713,0.2,3.3041658671572804,-10.394420413644985,-0.2036142349243164,0.03173828125
1464.5,1820,615936,45.0,0,1,0.0001,-0.05438769770626095,2.4469032287597656,0.004523636,9616,-0.006415414187358692,0.2,5.278484623879194,-10.633815142270178,0.2615015506744385,0.03125
1426.0,2031,616448,45.0,0,1,0.0001,-0.037523241499002324,0.6305770874023438,0.0020747143,9624,-0.004449343170563225,0.2,2.566707512130961,-10.644494605828077,0.10590952634811401,0.013916015625
1338.0,1771,616960,45.0,0,1,0.0001,-0.03792824321135413,0.28703808784484863,0.019846478,9632,-0.008414642656134674,0.2,1.770250644418411,-10.877769291140138,0.5926029980182648,0.0234375
1340.5,1689,617472,45.0,0,1,0.0001,-0.06616400933125988,0.39657536149024963,0.0058477493,9640,-0.007347023238253314,0.2,2.4806259791366756,-10.602065734155476,0.2190142273902893,0.031982421875
1356.5,1847,617984,45.0,0,1,0.0001,-0.08368830599647481,1.0483181476593018,0.0069036493,9648,-0.008716238371562213,0.2,4.307360796723515,-10.934354430865497,0.4055390954017639,0.030517578125
1300.5,1802,618496,45.0,0,1,0.0001,-0.05069148654547462,0.34193241596221924,0.00598562,9656,-0.003106506250333041,0.2,1.535093899583444,-11.237481144852936,0.4426112174987793,0.03076171875
1275.5,1350,619008,45.0,0,1,0.0001,-0.051695212692720816,0.3980683386325836,0.009754693,9664,-0.008416916447458789,0.2,2.239335034042597,-12.01815488351509,0.06566441059112549,0.0322265625
1301.0,1871,619520,45.0,0,1,0.0001,-0.05483529920456931,0.4526992440223694,0.008818701,9672,-0.00512852385872975,0.2,1.9393370777834207,-12.720734505066648,0.28386759757995605,0.029296875
1345.0,1701,620032,45.0,0,1,0.0001,-0.05942775180301396,0.3979455232620239,0.015065511,9680,-0.006009126540448051,0.2,2.3811023698654026,-13.936775388438255,0.04175126552581787,0.029296875
1342.0,1879,620544,45.0,0,1,0.0001,-0.04958668313338421,1.2483388185501099,0.0062437872,9688,-0.004339324361353647,0.2,3.0510602514259517,-14.392272032238543,0.3805773854255676,0.024658203125
1270.0,2129,621056,45.0,0,1,0.0001,-0.047954441335605225,0.46221640706062317,0.026474083,9696,-0.009238089241989655,0.2,2.0343606104142964,-14.951518379226327,0.34789174795150757,0.030029296875
1244.5,2011,621568,45.0,0,1,0.0001,-0.02660732174081204,1.0533137321472168,0.010143124,9704,-0.006981042824918404,0.2,2.1465744848828763,-15.052612160788849,0.4724004864692688,0.018798828125
1271.0,1667,622080,45.0,0,1,0.0001,-0.04180611877745832,0.19504153728485107,0.0075024753,9712,-0.008782254819379887,0.2,1.3318920054007322,-15.118022734047845,-0.29790163040161133,0.02587890625
1274.0,1850,622592,45.0,0,1,0.0001,-0.052863746786897536,0.378583699464798,0.0051075453,9720,-0.006571231358975638,0.2,2.648869510507211,-14.482349936021492,0.21373146772384644,0.02294921875
1295.5,1818,623104,45.0,0,1,0.0001,-0.04509760929067852,0.05423791706562042,0.0050786594,9728,-0.006205346006026957,0.2,1.3482653556857258,-13.750414828015492,0.7781813144683838,0.0185546875
1315.0,1411,623616,45.0,0,1,0.0001,-0.0566649038119067,1.0645064115524292,0.012845503,9736,-0.008268096353276633,0.2,3.8399033318273723,-12.754474527742714,0.6108275651931763,0.0380859375
1356.5,1797,624128,45.0,0,1,0.0001,-0.047955857022316195,0.32400527596473694,0.006736655,9744,-0.0037398444255813956,0.2,1.3740228780079633,-11.576333589702845,0.7272146940231323,0.0205078125
1314.5,1892,624640,45.0,0,1,0.0001,-0.05120690833427943,0.147207573056221,0.010997007,9752,-0.00844536921067629,0.2,2.341027557849884,-10.27005566312,0.33794552087783813,0.0205078125
1342.5,1940,625152,45.0,0,1,0.0001,-0.03500018063823518,0.4850342869758606,0.0029475316,9760,-0.0034933079041366,0.2,1.6535620742943138,-9.988820344572886,0.2528148889541626,0.015869140625
1381.0,1885,625664,45.0,0,1,0.0001,-0.043306673171173315,0.37694621086120605,0.0064316634,9768,-0.007783543569530593,0.2,2.2883872212842107,-9.955682439040393,0.2723662257194519,0.0283203125
1364.0,1930,626176,45.0,0,1,0.0001,-0.031938793405061006,0.3000883162021637,0.013761579,9776,-0.0037956593896524282,0.2,1.663019739324227,-9.946452720230445,0.15548425912857056,0.015380859375
1302.0,1711,626688,45.0,0,1,0.0001,-0.0490199858595588,0.3131493628025055,0.0237302,9784,-0.007518295049521839,0.2,1.1572928884997964,-10.697102685831487,0.4165228009223938,0.031982421875
1292.5,1911,627200,45.0,0,1,0.0001,-0.031581549481416005,0.13825426995754242,0.0057200273,9792,-0.004647533409297466,0.2,2.2549734993372113,-11.295479783946648,0.007364213466644287,0.015380859375
1254.0,1794,627712,45.0,0,1,0.0001,-0.03314995696382539,0.38814577460289,0.010294145,9800,-0.007579778794024605,0.2,1.6566824053879827,-11.987345121661201,0.38378286361694336,0.022705078125
1240.5,1382,628224,45.0,0,1,0.0001,-0.04419022176080034,1.3462001085281372,0.011548622,9808,-0.008408804569626227,0.2,2.160579301416874,-12.557450765725225,0.3191179037094116,0.02783203125
1160.5,2053,628736,45.0,0,1,0.0001,-0.04645631748280721,0.5165454745292664,0.006825996,9816,-0.006414898838556837,0.2,3.578630152158439,-13.127757330983878,0.20931899547576904,0.024658203125
1152.5,1790,629248,45.0,0,1,0.0001,-0.0341529793877271,0.4396265745162964,0.009472219,9824,-0.007254177864524536,0.2,2.220399461919442,-14.02189698331058,0.37034791707992554,0.02099609375
1170.0,2010,629760,45.0,0,1,0.0001,-0.03889869215527142,0.2023426741361618,0.0024338367,9832,-0.0031663027439208236,0.2,3.2491726661100984,-14.132288700770587,0.4223094582557678,0.01708984375
1194.0,1750,630272,45.0,0,1,0.0001,-0.03600044982158579,0.08500591665506363,0.0058200676,9840,-0.005497075537277851,0.2,1.7779277086956427,-14.034866728298367,0.5083828568458557,0.019287109375
1185.5,1814,630784,45.0,0,1,0.0001,-0.05012541386531666,0.4817615747451782,0.0044138115,9848,-0.0070692563385819085,0.2,3.3323356457985938,-13.664014476258307,0.24088948965072632,0.026611328125
1279.5,1640,631296,45.0,0,1,0.0001,-0.045419139443765744,0.20439325273036957,0.007289841,9856,-0.007372495660092682,0.2,1.7956712719751522,-13.204755505453795,0.14512676000595093,0.029541015625
1297.5,1789,631808,45.0,0,1,0.0001,-0.0366582116457721,0.3401365280151367,0.003896505,9864,-0.0037626089360855985,0.2,1.8471753569319844,-12.626964960666374,0.21367532014846802,0.015380859375
1301.0,1824,632320,45.0,0,1,0.0001,-0.0458167123288149,0.08203647285699844,0.021662127,9872,-0.007111055245331954,0.2,0.8927037260727957,-12.557433556737378,0.32567673921585083,0.03466796875
1321.0,1705,632832,45.0,0,1,0.0001,-0.03263896291900892,0.2931278944015503,0.0074269003,9880,-0.0058600039046723396,0.2,1.7515375192742795,-12.422646457776427,-0.009405970573425293,0.023193359375
1272.0,2097,633344,45.0,0,1,0.0001,-0.050974462283193134,0.3414026200771332,0.008447284,9888,-0.006471608619904146,0.2,1.571685430360958,-12.267520048394799,0.09191262722015381,0.022216796875
1274.0,1744,633856,45.0,0,1,0.0001,-0.03727840419014683,0.3438490927219391,0.004761675,9896,-0.003835602503386326,0.2,1.3984688990749419,-11.771511336527764,0.4352447986602783,0.01904296875
1267.5,2119,634368,45.0,0,1,0.0001,-0.030380484446141054,0.12601375579833984,0.010458991,9904,-0.006265937983698677,0.2,1.2562205326976255,-11.456249861344695,0.530124843120575,0.024658203125
1289.0,1764,634880,45.0,0,1,0.0001,-0.020652140763559146,0.08136909455060959,0.006147582,9912,-0.002927294310211437,0.2,0.5193931123940274,-11.159204213079065,0.6038484573364258,0.009765625
1234.5,1919,635392,45.0,0,1,0.0001,-0.0354025473461661,0.27540287375450134,0.004134086,9920,-0.003390444013348315,0.2,1.228473674505949,-11.038331871666013,0.1255049705505371,0.013671875
1194.5,1727,635904,45.0,0,1,0.0001,-0.04178560185027891,0.509249746799469,0.011083549,9928,-0.007865169071010314,0.2,1.7158898029010743,-10.993651774004102,0.40857017040252686,0.02734375
1192.0,1700,636416,45.0,0,1,0.0001,-0.04281481418001931,1.7748693227767944,0.003325985,9936,-0.005942107432929333,0.2,4.381641454529017,-10.94867414869368,0.4620664119720459,0.022216796875
1228.5,1750,636928,45.0,0,1,0.0001,-0.04377828256110661,0.7557771801948547,0.007957898,9944,-0.006071327363315504,0.2,2.5768525139428675,-10.938586697690189,0.6985180675983429,0.0185546875
1200.5,1995,637440,45.0,0,1,0.0001,-0.04601029734840267,0.4111329913139343,0.0048929835,9952,-0.004764208601045539,0.2,3.0560995016712695,-11.253250917959958,0.4891437292098999,0.01904296875
1190.0,2045,637952,45.0,0,1,0.0001,-0.05194215106530464,0.6200906038284302,0.010440157,9960,-0.008426329186477233,0.2,3.9133729392196983,-12.046408601142467,-0.6016548871994019,0.028076171875
1166.5,1867,638464,45.0,0,1,0.0001,-0.03774813039126457,0.27782052755355835,0.0028702433,9968,-0.003899425129930023,0.2,2.169392225565389,-12.786781332567335,0.5829225480556488,0.0126953125
1165.5,1898,638976,45.0,0,1,0.0001,-0.04587854721285112,0.3543689250946045,0.013985554,9976,-0.0068163974428898655,0.2,1.468906679598149,-13.118371804207563,0.13272666931152344,0.02734375
1188.0,1890,639488,45.0,0,1,0.0001,-0.027349843991032685,0.22786559164524078,0.0046900525,9984,-0.004284343631297816,0.2,1.3632603144505993,-13.193401741515846,0.17752444744110107,0.01708984375
1174.0,1922,640000,45.0,0,1,0.0001,-0.04171549634702387,0.2900434136390686,0.005562582,9992,-0.004186170102912001,0.2,1.2390318971592933,-12.995197232123465,0.09445184469223022,0.0205078125
1176.0,1887,640512,45.0,0,1,0.0001,-0.03611749670744757,0.5827382802963257,0.012611405,10000,-0.00467817549360916,0.2,1.785531427944079,-13.42944825956598,0.49294936656951904,0.02783203125
1151.0,1722,641024,45.0,0,1,0.0001,-0.04524111864884617,0.27839913964271545,0.013903668,10008,-0.004784383345395327,0.2,1.3756374344229698,-12.938506789002567,0.5740075409412384,0.02197265625
1111.0,1643,641536,45.0,0,1,0.0001,-0.08421086223097518,0.16208171844482422,0.016325507,10016,-0.009068986495549325,0.2,1.2699784751748666,-12.403490559700877,0.7470913529396057,0.059814453125
1143.0,1565,642048,45.0,0,1,0.0001,-0.059571873433014844,0.8005670309066772,0.00455102,10024,-0.006798545240599196,0.2,4.042407119181007,-12.070470935665071,0.621266633272171,0.028564453125
1192.5,1762,642560,45.0,0,1,0.0001,-0.05476276328408858,1.0649192333221436,0.00855756,10032,-0.00723676697089104,0.2,2.3679379066452384,-10.892841461338103,-0.04371047019958496,0.026611328125
1187.0,1874,643072,45.0,0,1,0.0001,-0.04242550715935067,0.18581561744213104,0.008346144,10040,-0.004917413265502546,0.2,1.6976312866900116,-9.768687980175018,0.062215447425842285,0.020263671875
1157.5,1844,643584,45.0,0,1,0.0001,-0.04465059710855712,0.2984052002429962,0.035666686,10048,-0.010879621484491508,0.2,1.109952128608711,-9.651779847126454,0.5151977241039276,0.040771484375
1195.0,1689,644096,45.0,0,1,0.0001,-0.045516060603404185,0.5486368536949158,0.01116874,10056,-0.008585618284996599,0.2,1.380953723215498,-9.86759026195854,0.24145722389221191,0.033447265625
1254.0,1524,644608,45.0,0,1,0.0001,-0.05419534038810525,0.504814624786377,0.011666592,10064,-0.006855169136542827,0.2,2.9732960248366,-9.848651021011174,-0.10749363899230957,0.02880859375
1228.5,1616,645120,45.0,0,1,0.0001,-0.07853153886753717,0.301929235458374,0.021041507,10072,-0.014844367942714598,0.2,1.8171083356719464,-9.865190807282925,0.23753458261489868,0.054443359375
1226.0,1773,645632,45.0,0,1,0.0001,-0.08463081970694475,2.006343364715576,0.015519684,10080,-0.015589149152219761,0.2,4.083700502756983,-10.658525651078671,-0.13852500915527344,0.060546875
1254.5,1336,646144,45.0,0,1,0.0001,-0.05763984826626256,0.5863842964172363,0.011311615,10088,-0.006379349564667791,0.2,1.6001372376922518,-11.270264788027852,-0.0732353925704956,0.03515625
1332.5,1910,646656,45.0,0,1,0.0001,-0.0709588592289947,0.24923524260520935,0.013215635,10096,-0.011907242107554339,0.2,3.6186297051608562,-12.1627375023067,0.10035437345504761,0.044677734375
1307.5,1778,647168,45.0,0,1,0.0001,-0.05706204737361986,0.6620985865592957,0.01057159,10104,-0.006623976994887926,0.2,2.5546693480573595,-12.725632615741342,0.5782296359539032,0.02734375
1356.0,1594,647680,45.0,0,1,0.0001,-0.04856987678067526,0.5170806646347046,0.0054033883,10112,-0.0058676055414252914,0.2,2.9443079475313425,-13.536302321460099,0.489102303981781,0.022216796875
1358.0,1782,648192,45.0,0,1,0.0001,-0.059859475259145256,0.8229076862335205,0.0050345794,10120,-0.009566355329297949,0.2,3.2895127683877945,-13.77146457729861,0.5762596428394318,0.02734375
1337.5,1654,648704,45.0,0,1,0.0001,-0.07429403641435783,0.7781473994255066,0.011246836,10128,-0.008284598159661982,0.2,3.886610841844231,-13.900734967291354,0.3579978942871094,0.03369140625
1311.5,1701,649216,45.0,0,1,0.0001,-0.06124093178368639,0.37782180309295654,0.0034418558,10136,-0.006193720044393558,0.2,1.9668950631748885,-14.301742169503122,-0.1918123960494995,0.01904296875
1360.5,1716,649728,45.0,0,1,0.0001,-0.061164263635873795,3.53006649017334,0.030967256,10144,-0.01410042019051616,0.2,6.415407896973193,-14.684877273570747,0.320717990398407,0.04296875
1378.0,1393,650240,45.0,0,1,0.0001,-0.06190429554771981,0.29681265354156494,0.012903199,10152,-0.006039262501872145,0.2,1.7362056107958779,-14.430426794495434,-0.13806700706481934,0.029052734375
1329.0,1921,650752,45.0,0,1,0.0001,-0.03328996683922014,0.30901697278022766,0.018036004,10160,-0.006577867938176496,0.2,1.2612340870546177,-14.059167643953115,0.4499397277832031,0.017333984375
1363.5,1787,651264,45.0,0,1,0.0001,-0.03649809820490191,0.3400554358959198,0.011635421,10168,-0.004691849913797341,0.2,1.0519160751719028,-13.266612901948392,0.4058915972709656,0.018798828125
1368.5,1845,651776,45.0,0,1,0.0001,-0.06025732662419614,0.6557472944259644,0.005257244,10176,-0.007996014777745586,0.2,1.7277359454892576,-12.867430055905134,0.4096381664276123,0.033935546875
1358.5,1947,652288,45.0,0,1,0.0001,-0.03134654049426899,0.3598597049713135,0.008662639,10184,-0.004593713798385579,0.2,2.026328496518545,-12.522181379869581,0.5259369313716888,0.018310546875
1362.0,1725,652800,45.0,0,1,0.0001,-0.030198238771845354,0.7223328351974487,0.006646839,10192,-0.006263926828978583,0.2,1.4122502219397575,-12.67275536172092,0.5974154472351074,0.01806640625
1312.5,1910,653312,45.0,0,1,0.0001,-0.06300394897698425,0.6533513069152832,0.012701295,10200,-0.011950873064051848,0.2,2.188154027215205,-12.878657434787602,0.6300188302993774,0.03466796875
1350.5,1606,653824,45.0,0,1,0.0001,-0.03388253835873911,0.24132563173770905,0.0042953026,10208,-0.006556455489771906,0.2,1.7106871405849233,-12.950089493393898,0.2952324151992798,0.01904296875
1297.5,1999,654336,45.0,0,1,0.0001,-0.03954534841977875,0.20393824577331543,0.0024817183,10216,-0.0031989971103030257,0.2,1.0905083453981206,-12.630427283253521,0.3955610990524292,0.010498046875
1320.0,1359,654848,45.0,0,1,0.0001,-0.03148015197075438,0.21252667903900146,0.0067902417,10224,-0.005056625610450283,0.2,1.432065513683483,-12.728198019135743,0.12332755327224731,0.018798828125
1267.5,1936,655360,45.0,0,1,0.0001,-0.025013326381667866,0.24798612296581268,0.0074392394,10232,-0.004383511011837982,0.2,1.9473887069616467,-12.725422343295067,0.5498804152011871,0.013427734375
1196.0,2011,655872,45.0,0,1,0.0001,-0.03872702867738553,0.2573339641094208,0.013836471,10240,-0.005880566546693444,0.2,1.2711033953819424,-12.840004495363683,0.47554677724838257,0.0244140625
1214.0,1835,656384,45.0,0,1,0.0001,-0.028122102168708807,0.26109766960144043,0.012266324,10248,-0.005207330686971545,0.2,1.199460812145844,-12.834032167587429,0.49590611457824707,0.0224609375
1190.0,2056,656896,45.0,0,1,0.0001,-0.03391706040565623,0.4656415283679962,0.004282129,10256,-0.0035975008795503527,0.2,1.9670411418192089,-12.492182294800877,0.5300759673118591,0.017333984375
1155.5,1974,657408,45.0,0,1,0.0001,-0.031063270223967265,0.5086676478385925,0.016018176,10264,-0.00481824981761747,0.2,2.045020248508081,-12.544409663174301,0.5845386683940887,0.017822265625
1155.0,1651,657920,45.0,0,1,0.0001,-0.05623957121861167,0.337849885225296,0.0065614698,10272,-0.009362394397612661,0.2,2.2633614214137197,-12.11353888804093,0.38950151205062866,0.02099609375
1163.5,1680,658432,45.0,0,1,0.0001,-0.05314388512488222,1.0019904375076294,0.004927118,10280,-0.006549786223331466,0.2,3.7702119750902057,-12.088577000573277,0.30692851543426514,0.024658203125
1197.5,1853,658944,45.0,0,1,0.0001,-0.052052020699193235,0.36915671825408936,0.0035654665,10288,-0.004337189195211977,0.2,2.823113094083965,-12.053561319243164,0.47760480642318726,0.015380859375
1181.0,1410,659456,45.0,0,1,0.0001,-0.042225239594699815,0.5000481009483337,0.01591363,10296,6.2253602663986385e-06,0.2,2.112402781844139,-12.35470129052177,0.3884272575378418,0.0224609375
1247.0,1928,659968,45.0,0,1,0.0001,-0.04293676987072104,0.18543434143066406,0.0031802002,10304,-0.003203156760719139,0.2,1.2414635511813685,-12.686432262696325,0.3121277689933777,0.021484375
1287.0,1796,660480,45.0,0,1,0.0001,-0.05375702935998561,0.23979097604751587,0.0045846608,10312,-0.009449256125662941,0.2,1.3288951785070822,-12.791429892461746,0.14548349380493164,0.03125
1301.5,1674,660992,45.0,0,1,0.0001,-0.03801436809590086,0.34185990691185,0.0032861368,10320,-0.003973931350628845,0.2,1.6273767449893057,-13.164504103772343,0.4059390425682068,0.013916015625
1329.5,2008,661504,45.0,0,1,0.0001,-0.03369018033481552,0.09648705273866653,0.0121295955,10328,-0.004147976629610639,0.2,0.985154326655902,-13.686366310957819,0.530842125415802,0.0185546875
1390.5,1364,662016,45.0,0,1,0.0001,-0.03898684797604801,0.1024479791522026,0.010992194,10336,-0.005766593450971413,0.2,0.9590163229731843,-13.863357499204575,0.721158891916275,0.017822265625
1400.5,1706,662528,45.0,0,1,0.0001,-0.07814742298796773,1.087646484375,0.012445983,10344,-0.00944784095918294,0.2,3.4975505373440683,-13.976369683258236,0.16752749681472778,0.0400390625
1415.5,1717,663040,45.0,0,1,0.0001,-0.0702064201104804,0.3430781364440918,0.0040073413,10352,-0.005448447038361337,0.2,1.6632075340021402,-14.442040334995836,0.29205530881881714,0.028564453125
1413.5,1362,663552,45.0,0,1,0.0001,-0.07482478139718296,0.27163052558898926,0.0043357876,10360,-0.007597037070809165,0.2,1.9093012466328219,-14.914183774143458,0.5080805718898773,0.039306640625
1438.0,1799,664064,45.0,0,1,0.0001,-0.06401934634777717,0.7837241291999817,0.011817357,10368,-0.008440875077212695,0.2,2.519298989325762,-15.031277562044561,0.29770398139953613,0.0400390625
1460.0,1655,664576,45.0,0,1,0.0001,-0.06571673773942166,0.25867751240730286,0.016721515,10376,-0.009035395996761508,0.2,1.754820201313123,-15.097111133486033,0.5263444185256958,0.035400390625
1425.5,1823,665088,45.0,0,1,0.0001,-0.06496258313563885,0.4659692645072937,0.0065248697,10384,-0.008668030455737608,0.2,1.8101843243930489,-15.247835754835979,0.5850535035133362,0.0263671875
1393.5,1774,665600,45.0,0,1,0.0001,-0.04094553393952083,0.48577186465263367,0.010930836,10392,-0.006238263449631631,0.2,2.776430603582412,-15.144534707758575,0.6146335601806641,0.02294921875
1354.5,1944,666112,45.0,0,1,0.0001,-0.06200608232029481,0.4727523624897003,0.012847388,10400,-0.010025134004536085,0.2,2.163464698707685,-14.977100820466877,0.5427689850330353,0.034423828125
1285.5,1874,666624,45.0,0,1,0.0001,-0.06496694476663833,0.36053466796875,0.005296932,10408,-0.0077145621417002985,0.2,2.440244370372966,-14.655680154999718,0.45346343517303467,0.026123046875
1263.5,1691,667136,45.0,0,1,0.0001,-0.05488263050938258,0.139597088098526,0.0053690057,10416,-0.006641485408181325,0.2,1.366697236080654,-14.108970290748402,0.2434062361717224,0.020751953125
1236.0,1751,667648,45.0,0,1,0.0001,-0.07323267433093861,0.6513612270355225,0.0064990637,10424,-0.008715801013750024,0.2,1.5925467347260565,-13.580847663292662,0.2715662121772766,0.028564453125
1245.5,1292,668160,45.0,0,1,0.0001,-0.24899832718074322,24.164073944091797,0.0054730605,10432,0.05876577852177434,0.2,80.98278430104256,-15.755601781057194,0.019830644130706787,0.21826171875
1203.0,1799,668672,45.0,0,1,0.0001,-0.24870874831685796,23.891878128051758,0.0067236475,10440,-0.016197324661334278,0.2,84.40743480622768,-18.613574622860177,0.4202827215194702,0.11767578125
1159.0,1951,669184,45.0,0,1,0.0001,-0.22774648270569742,9.079276084899902,0.008719966,10448,-0.01429497934441315,0.2,50.6895462423563,-20.813011558027938,0.5741751194000244,0.09619140625
1182.0,1856,669696,45.0,0,1,0.0001,-0.1395362909825053,11.079155921936035,0.11259903,10456,-0.02755867486121133,0.2,34.58871953189373,-22.64822138335556,0.01612555980682373,0.078369140625
1214.0,1918,670208,45.0,0,1,0.0001,-0.049897956821951084,0.8394084572792053,0.010999471,10464,-0.0047464931340073235,0.2,4.562854981049895,-22.611368738440795,-0.17325162887573242,0.015380859375
1243.0,1940,670720,45.0,0,1,0.0001,-0.049304742948152125,0.5140864253044128,0.005893833,10472,-0.005328954764991067,0.2,3.355715976562351,-22.927856215359643,-0.192724347114563,0.02197265625
1221.0,1845,671232,45.0,0,1,0.0001,-0.04855988654890098,0.8937691450119019,0.0031862976,10480,-0.00526097507099621,0.2,3.437555349431932,-22.82482508951798,0.4322531223297119,0.015380859375
1227.0,1629,671744,45.0,0,1,0.0001,-0.05063286415679613,0.5872209072113037,0.004422847,10488,-0.007422580965794623,0.2,2.4568368745967746,-23.27018661633134,0.22345519065856934,0.021240234375
1257.5,1811,672256,45.0,0,1,0.0001,-0.06164924184122356,0.6206794381141663,0.0046091396,10496,-0.008524639772076625,0.2,2.6217974992468953,-22.77338375981897,0.3362814784049988,0.029296875
1231.5,1408,672768,45.0,0,1,0.0001,-0.042554192325042095,0.5213449001312256,0.0018279502,10504,-0.003909533501428086,0.2,2.8034194046631455,-19.744106977172194,0.5530175864696503,0.011474609375
1216.5,1831,673280,45.0,0,1,0.0001,-0.05106242849433329,0.8732779026031494,0.0088835005,10512,-0.009559588463162072,0.2,2.95231004524976,-16.200789406429976,0.6436750590801239,0.0283203125
1270.0,1805,673792,45.0,0,1,0.0001,-0.07806251985311974,0.36982691287994385,0.00791804,10520,-0.010228201492282096,0.2,2.147185751469806,-13.962008961588145,0.4070804715156555,0.04150390625
1284.0,1769,674304,45.0,0,1,0.0001,-0.055840545319369994,0.4154464304447174,0.012369739,10528,-0.007381030540273059,0.2,1.7024332217406482,-11.583232122696936,0.37883275747299194,0.023193359375
1313.5,1853,674816,45.0,0,1,0.0001,-0.044086804631660925,0.5492998957633972,0.0053067748,10536,-0.007013911294052377,0.2,2.2736644754186273,-11.318653081282973,0.47488027811050415,0.022705078125
1358.0,1637,675328,45.0,0,1,0.0001,-0.03805157102033263,0.410416841506958,0.011632916,10544,-0.00831334074609913,0.2,1.471331767970696,-11.316939227953553,0.29213088750839233,0.023193359375
1381.5,1788,675840,45.0,0,1,0.0001,-0.06722912714758422,1.0185376405715942,0.010680845,10552,-0.01132717118889559,0.2,2.323655525688082,-11.770089181102811,0.43910783529281616,0.035400390625
1360.0,1688,676352,45.0,0,1,0.0001,-0.07202748769486789,1.1177737712860107,0.016500039,10560,-0.010469426611962263,0.2,3.103263861965388,-12.660653477637098,0.3851887583732605,0.04052734375
1339.5,1367,676864,45.0,0,1,0.0001,-0.06412101235036971,0.9171570539474487,0.012127524,10568,-0.00678636871452909,0.2,2.758410817012191,-13.652950758682564,0.5152511894702911,0.031494140625
1314.5,1779,677376,45.0,0,1,0.0001,-0.05915977221229696,0.7595497965812683,0.01828416,10576,-0.01117614366376074,0.2,3.0912681627087295,-14.62277922113426,0.20551466941833496,0.0400390625
1364.5,1704,677888,45.0,0,1,0.0001,-0.06763958828378236,1.004205346107483,0.007188285,10584,-0.008001621856237762,0.2,4.032080247998238,-15.855663012051956,0.3601899743080139,0.026611328125
1261.0,1908,678400,45.0,0,1,0.0001,-0.09280686444253661,1.8233366012573242,0.008450743,10592,-0.010790973428811412,0.2,4.738923549186438,-17.124017606014387,0.3749500513076782,0.044921875
1240.0,1818,678912,45.0,0,1,0.0001,-0.05370050893543521,0.2855217456817627,0.008570704,10600,-0.00743698640508228,0.2,3.07878354890272,-17.763502272656186,0.6426648199558258,0.023193359375
1207.0,2084,679424,45.0,0,1,0.0001,-0.050742198876832845,0.7349473834037781,0.008445664,10608,-0.008031602341361577,0.2,3.1943023381754756,-17.803404056308793,-0.19591796398162842,0.029296875
1157.5,1825,679936,45.0,0,1,0.0001,-0.03761657013455988,0.13923101127147675,0.013961088,10616,-0.0056420564505970106,0.2,1.3884304513921961,-17.141856370074674,-0.20204436779022217,0.02099609375
1193.0,1757,680448,45.0,0,1,0.0001,-0.054421763721620664,0.14864179491996765,0.00488091,10624,-0.0064166923621087335,0.2,1.5267302894499153,-15.98962147156708,0.1550222635269165,0.024169921875
1137.5,1861,680960,45.0,0,1,0.0001,-0.056152299119275995,0.21733440458774567,0.0056930743,10632,-0.006460898082877975,0.2,1.9816990627441555,-14.3004071732983,0.4619908928871155,0.02001953125
1137.5,1407,681472,45.0,0,1,0.0001,-0.03825070419770782,0.5642702579498291,0.015910339,10640,-0.007029141523162252,0.2,2.362045235466212,-13.259706291519105,0.5007644593715668,0.029296875
1129.0,1780,681984,45.0,0,1,0.0001,-0.03265691651176894,0.35739031434059143,0.0044462746,10648,-0.003651198094303254,0.2,2.2073685922659934,-12.144354113079608,0.5029298365116119,0.01513671875
1123.0,1868,682496,45.0,0,1,0.0001,-0.05330677040183218,0.5281109809875488,0.0049222414,10656,-0.00611882921657525,0.2,3.5505117811262608,-11.371170896682889,0.2947148084640503,0.033203125
1127.0,2129,683008,45.0,0,1,0.0001,-0.05916871097360854,1.3345739841461182,0.0051763393,10664,-0.007574747352919076,0.2,6.1044784458354115,-11.14355065325275,0.17083150148391724,0.0283203125
1122.5,1866,683520,45.0,0,1,0.0001,-0.03181489857524866,0.1279393583536148,0.004738942,10672,-0.004822715804039035,0.2,1.8873007037909701,-11.085191302187742,0.31868457794189453,0.018310546875
1074.5,1924,684032,45.0,0,1,0.0001,-0.044355532387271523,0.46141377091407776,0.009552084,10680,-0.007002844275120879,0.2,1.9688749620690942,-11.45663510221988,0.2732200622558594,0.03564453125
1015.5,1913,684544,45.0,0,1,0.0001,-0.043416339551185956,0.5767658352851868,0.009996154,10688,-0.008742857520701364,0.2,1.2993802760029212,-11.954492292571812,0.3990653157234192,0.025634765625
997.5,1824,685056,45.0,0,1,0.0001,-0.06191038575343555,0.15848572552204132,0.007346807,10696,-0.00960521906381473,0.2,1.0587964582373388,-12.281525207590311,0.278700590133667,0.033935546875
1032.5,1805,685568,45.0,0,1,0.0001,-0.03580490254535107,0.4684634506702423,0.001111702,10704,-0.0038915227341931313,0.2,1.4802430917043239,-12.52465910576284,0.49474066495895386,0.01220703125
1033.5,1399,686080,45.0,0,1,0.0001,-0.06728604136151262,0.2663828432559967,0.009171937,10712,-0.008276885346276686,0.2,2.2524732993915677,-12.55176052523777,0.48780500888824463,0.034912109375
1042.5,1750,686592,45.0,0,1,0.0001,-0.057040445535676554,0.5140827894210815,0.0045095803,10720,-0.006416912212444004,0.2,2.581669424427673,-12.719676166530698,0.599379688501358,0.027587890625
1121.5,1695,687104,45.0,0,1,0.0001,-0.052473312061920296,0.23794551193714142,0.029061738,10728,-0.008792000749963336,0.2,1.9179101660847664,-12.682437996249647,0.5389553606510162,0.03662109375
1090.0,2058,687616,45.0,0,1,0.0001,-0.06536212343053194,0.30933690071105957,0.015187914,10736,-0.00667759713542182,0.2,2.0953052337281406,-12.193627527374774,0.12589424848556519,0.03076171875
1113.5,1871,688128,45.0,0,1,0.0001,-0.032724484663049225,0.2363259196281433,0.008128846,10744,-0.004513926793151768,0.2,2.1661643104162067,-12.348451573438943,0.4450276494026184,0.02001953125
1149.5,1947,688640,45.0,0,1,0.0001,-0.06111389728903305,2.223985433578491,0.0069551384,10752,-0.010701789797167294,0.2,5.1121069439686835,-12.898270856086164,0.3860359191894531,0.03076171875
1194.5,1760,689152,45.0,0,1,0.0001,-0.058824103747610934,0.4556131958961487,0.00792972,10760,-0.008140639623889001,0.2,1.9733398612588644,-13.754756552744658,0.5172187685966492,0.025634765625
1193.5,1618,689664,45.0,0,1,0.0001,-0.06917786979465745,0.372742235660553,0.013568981,10768,-0.008017055384698324,0.2,2.395685703260824,-14.485292258188128,0.49467378854751587,0.042236328125
1194.5,1260,690176,45.0,0,1,0.0001,-0.07531076183659025,0.5067827105522156,0.010581691,10776,-0.007756096420052927,0.2,3.4965670940000564,-14.912531579732894,0.0961376428604126,0.036376953125
1194.5,1652,690688,45.0,0,1,0.0001,-0.05419696269382257,1.0265978574752808,0.0076585333,10784,-0.007989822595845908,0.2,4.051498412154615,-15.16038990708068,0.04570037126541138,0.02880859375
1199.0,1739,691200,45.0,0,1,0.0001,-0.05167580873603583,0.20182141661643982,0.0058789034,10792,-0.0059995165865984745,0.2,1.9092619200237095,-15.715255469754338,-0.054012179374694824,0.02783203125
1177.5,1844,691712,45.0,0,1,0.0001,-0.059544164381804876,0.3452446460723877,0.008485712,10800,-0.007461675435479265,0.2,1.5212308475747705,-15.827085024677217,0.5417993664741516,0.030029296875
1156.0,1930,692224,45.0,0,1,0.0001,-0.05309205850790022,0.2795349657535553,0.00749644,10808,-0.0044898644628119655,0.2,1.6318471604026854,-15.78026949930936,0.5272099375724792,0.0244140625
1134.0,2057,692736,45.0,0,1,0.0001,-0.033233033966098446,0.8529253602027893,0.00534352,10816,-0.006273682469327468,0.2,2.6531438501551747,-15.572356760427356,0.5902341604232788,0.020751953125
1093.5,1781,693248,45.0,0,1,0.0001,-0.03553824077243917,0.27988579869270325,0.004012131,10824,-0.005232534767856123,0.2,1.6087508726632223,-14.64766985544935,0.453031063079834,0.01953125
1081.5,1934,693760,45.0,0,1,0.0001,-0.05664432303456124,0.3526096045970917,0.017169291,10832,-0.010218297566098045,0.2,1.8786177498986945,-13.962830369342118,0.38554590940475464,0.03076171875
1140.5,1662,694272,45.0,0,1,0.0001,-0.042515801407716936,0.47818586230278015,0.012236078,10840,-0.006451281893532723,0.2,2.321483511244878,-13.439274371638895,0.25622010231018066,0.022216796875
1106.0,1471,694784,45.0,0,1,0.0001,-0.053740816671052016,0.33680734038352966,0.007137227,10848,-0.0076414545910665765,0.2,2.6351204328238964,-13.049317864514887,0.15587276220321655,0.02685546875
1092.0,1755,695296,45.0,0,1,0.0001,-0.03690414193260949,0.9214375019073486,0.010653706,10856,-0.006622432512813248,0.2,2.8652235129848123,-13.164622661359608,0.005072414875030518,0.0244140625
1101.5,1758,695808,45.0,0,1,0.0001,-0.026695042026403826,1.245180606842041,0.0051984107,10864,-0.006575268296728609,0.2,3.3879903280176222,-13.042835308443754,0.3811730146408081,0.01611328125
1114.0,2125,696320,45.0,0,1,0.0001,-0.056971354693814646,0.24111422896385193,0.018039234,10872,-0.007522616335336352,0.2,1.627817056607455,-12.859930494129658,0.48673325777053833,0.0283203125
1098.0,1883,696832,45.0,0,1,0.0001,-0.028938404138898477,0.30791330337524414,0.007580382,10880,-0.00563647314265836,0.2,2.803309923503548,-13.174395236447454,0.40391868352890015,0.016845703125
1114.0,1598,697344,45.0,0,1,0.0001,-0.0270242202677764,0.28198450803756714,0.0069688214,10888,-0.005667053766956087,0.2,2.5084365718066692,-12.98451895173639,0.38788050413131714,0.02197265625
1152.0,1779,697856,45.0,0,1,0.0001,-0.017518111406388925,1.025331735610962,0.007761189,10896,-0.004162875477049965,0.2,2.2600743612274528,-13.327912307418883,0.4685661196708679,0.009765625
1172.0,1836,698368,45.0,0,1,0.0001,-0.0399495286092133,0.24705828726291656,0.0030742865,10904,-0.008346243324922398,0.2,1.5222762585617602,-12.954790578000248,0.421103835105896,0.01953125
1170.5,1652,698880,45.0,0,1,0.0001,-0.0487666254339274,0.3060603141784668,0.009305725,10912,-0.005909257084567798,0.2,1.587311876937747,-12.977324339356274,0.5287118852138519,0.02880859375
1162.5,1520,699392,45.0,0,1,0.0001,-0.05232523386075627,0.8031225204467773,0.010758515,10920,-0.007688882411457598,0.2,1.8736733208643273,-13.276392210181802,0.5938609540462494,0.03515625
1140.0,1880,699904,45.0,0,1,0.0001,-0.035386521070904564,0.2732122838497162,0.0075778235,10928,-0.006257204004214145,0.2,1.2477917586802505,-13.074008639473469,0.5245831608772278,0.029541015625
1120.5,1924,700416,45.0,0,1,0.0001,-0.03069335977124865,0.5674856305122375,0.027958013,10936,-0.005506759756826796,0.2,1.7108409085776657,-13.449660119321198,0.4258456826210022,0.021484375
1174.0,1888,700928,45.0,0,1,0.0001,-0.04575096104781551,0.19786436855793,0.010108878,10944,-0.0076618524981313385,0.2,1.6398235787637532,-13.945357540678232,0.3696644902229309,0.02587890625
1167.0,1937,701440,45.0,0,1,0.0001,-0.045306051022635074,0.12441029399633408,0.010218469,10952,-0.006672444771538721,0.2,1.644336870056577,-13.926165989674628,0.3354722261428833,0.020751953125
1141.0,2139,701952,45.0,0,1,0.0001,-0.032408379177468305,0.7601467370986938,0.004984798,10960,-0.004548693090328015,0.2,1.9336684935260564,-14.101392028648407,-0.407926082611084,0.021484375
1140.5,1686,702464,45.0,0,1,0.0001,-0.031532009570582886,0.30754491686820984,0.009056255,10968,-0.006813599869929021,0.2,2.5625845876638778,-14.442704974021762,0.4798239469528198,0.017333984375
1131.0,1727,702976,45.0,0,1,0.0001,-0.051575678153312765,0.4711327850818634,0.0053390516,10976,-0.006478756200522184,0.2,2.610614069737494,-14.204175828192383,0.15724986791610718,0.021728515625
1159.5,1669,703488,45.0,0,1,0.0001,-0.06922623019636376,0.22914771735668182,0.018228339,10984,-0.0087318945734296,0.2,2.4860784981865436,-13.939841483421624,0.558013379573822,0.038818359375
1157.5,1388,704000,45.0,0,1,0.0001,-0.05872359362911084,0.5828457474708557,0.006158395,10992,-0.006039851643436123,0.2,3.255323901772499,-13.528876081779599,0.5771370530128479,0.03173828125
1200.0,1455,704512,45.0,0,1,0.0001,-0.0623194869258441,0.4172493517398834,0.0060030366,11000,-0.006541772592754569,0.2,3.063403429230675,-13.344000855907797,0.4641948342323303,0.03466796875
1179.0,1958,705024,45.0,0,1,0.0001,-0.05733315432371455,0.7775935530662537,0.00879374,11008,-0.007025119000900304,0.2,4.30361675331369,-13.577350151464342,0.1467951536178589,0.030029296875
1119.0,2116,705536,45.0,0,1,0.0001,-0.0648294806596823,0.3261025547981262,0.017352093,11016,-0.011562107523786835,0.2,1.8806486995890737,-14.030499758031219,0.3660545349121094,0.0458984375
1117.5,1941,706048,45.0,0,1,0.0001,-0.03971022441328387,0.20586079359054565,0.0027461168,11024,-0.006545242831634823,0.2,1.5756841723341495,-14.261971670091151,0.7610796540975571,0.02294921875
1158.0,2036,706560,45.0,0,1,0.0001,-0.04200479663631995,0.46871331334114075,0.0035369885,11032,-0.007045966303849127,0.2,2.4371077774558216,-14.960681202504784,0.6962503790855408,0.018798828125
1139.0,1783,707072,45.0,0,1,0.0001,-0.035744394386711065,0.4074103832244873,0.013083216,11040,-0.006441862577048596,0.2,1.9624876407906413,-14.7438529147394,-0.04794108867645264,0.021728515625
1174.5,1692,707584,45.0,0,1,0.0001,-0.050676201568421675,2.0563032627105713,0.0027075103,11048,-0.0056403208000119776,0.2,3.8004024394322187,-14.819661123957484,0.011627256870269775,0.02294921875
1057.5,2067,708096,45.0,0,1,0.0001,-0.04628722296547494,0.5258388519287109,0.0017780489,11056,-0.005018129879317712,0.2,2.257395934779197,-14.43443624643609,0.2314125895500183,0.013427734375
1059.5,1316,708608,45.0,0,1,0.0001,-0.03755693986931874,0.42042574286460876,0.006835016,11064,-0.007484909210688784,0.2,4.882800545659848,-14.63447841340676,0.011944830417633057,0.025146484375
1060.0,1728,709120,45.0,0,1,0.0001,-0.04175685162044829,0.9806787967681885,0.007821698,11072,-0.004870837179623777,0.2,2.2793708336539567,-13.87433293517679,0.5720966458320618,0.01953125
1045.0,2065,709632,45.0,0,1,0.0001,-0.052300163013569545,0.6152734160423279,0.013580602,11080,-0.006932677963050082,0.2,1.7122286573285237,-12.28268703090027,0.6997773349285126,0.03125
1025.5,2113,710144,45.0,0,1,0.0001,-0.04293287012933433,0.17944103479385376,0.0033780679,11088,-0.00808173225959763,0.2,2.4372192934388295,-11.69298259600997,-0.09308266639709473,0.021484375
1029.0,1894,710656,45.0,0,1,0.0001,-0.033626782450483006,0.047050755470991135,0.0077679483,11096,-0.00926805304698064,0.2,1.369961118325591,-11.318034078329802,-0.15668678283691406,0.020751953125
1065.5,1752,711168,45.0,0,1,0.0001,-0.055075374148145784,0.5611754059791565,0.013764732,11104,-0.012804460217012092,0.2,2.0521011501550674,-10.949376494642348,0.4830002784729004,0.033203125
1053.0,1809,711680,45.0,0,1,0.0001,-0.039907853712065844,0.8878885507583618,0.0055246023,11112,-0.006534805932460586,0.2,3.5634251390583813,-11.578209669943899,-0.005550265312194824,0.0185546875
1042.5,1793,712192,45.0,0,1,0.0001,-0.0529846622957848,0.578429102897644,0.007129182,11120,-0.008331146684213309,0.2,3.3931044917553663,-12.409393313322216,0.2036260962486267,0.03125
1126.5,1781,712704,45.0,0,1,0.0001,-0.03685959812719375,0.7313002347946167,0.011789625,11128,-0.0075563822538242675,0.2,3.5562261398881674,-13.374138257373124,0.37043434381484985,0.0234375
1101.0,1404,713216,45.0,0,1,0.0001,-0.035913431293010945,0.4380224645137787,0.003830513,11136,-0.00426539963518735,0.2,2.891751110320911,-13.523054109383374,-0.12129759788513184,0.01513671875
1116.5,1761,713728,45.0,0,1,0.0001,-0.030702031070177327,0.36102592945098877,0.0054463986,11144,-0.0063699397796881385,0.2,3.3994180993176997,-14.48734546938911,0.13170409202575684,0.015869140625
1158.0,1885,714240,45.0,0,1,0.0001,-0.04393398476531729,0.5253707766532898,0.0034312927,11152,-0.005310789463692345,0.2,2.1324141966179013,-15.422692100666463,0.3784419894218445,0.0224609375
1229.0,1812,714752,45.0,0,1,0.0001,-0.029330556102650007,0.32472625374794006,0.0043178955,11160,-0.006799297385441605,0.2,1.9499766242224723,-15.638685763068498,0.4436749815940857,0.025146484375
1244.5,1928,715264,45.0,0,1,0.0001,-0.03648759106363286,0.668696403503418,0.003107742,11168,-0.006658366197370924,0.2,3.782872044481337,-15.713755559064447,0.517841100692749,0.022216796875
1233.5,1886,715776,45.0,0,1,0.0001,-0.033283329703408526,0.13500206172466278,0.016738622,11176,-0.004990301669749897,0.2,1.3297856693388894,-15.530365924928338,0.211722731590271,0.017822265625
1191.0,1970,716288,45.0,0,1,0.0001,-0.03592932100218604,0.16804371774196625,0.003839517,11184,-0.007470548276614863,0.2,1.610279749846086,-15.03618236610666,0.5281573832035065,0.028564453125
1187.5,1695,716800,45.0,0,1,0.0001,-0.0318434769533269,0.15111032128334045,0.014903909,11192,-0.006094229989685118,0.2,1.3309173970483243,-14.718917777780444,0.2597953677177429,0.024169921875
1189.5,1811,717312,45.0,0,1,0.0001,-0.030817716875390033,0.08181298524141312,0.0049231644,11200,-0.007082597832777537,0.2,0.9767868899507448,-14.27463587826118,0.23026472330093384,0.01904296875
1190.0,1450,717824,45.0,0,1,0.0001,-0.03417687500950706,0.13670024275779724,0.007346297,11208,-0.0029137731035007164,0.2,1.3293446574825794,-14.168831141013651,0.46000611782073975,0.024658203125
1206.5,1763,718336,45.0,0,1,0.0001,-0.01915887338509492,0.2215510904788971,0.004446344,11216,-0.004574840957502602,0.2,1.4264133925316855,-13.898629034664483,0.5134114623069763,0.01123046875
1200.0,1966,718848,45.0,0,1,0.0001,-0.04393726139096543,0.3163682520389557,0.0021121637,11224,-0.003583495199563913,0.2,3.28371381922625,-13.773540102411062,0.39323705434799194,0.015625
1172.0,1863,719360,45.0,0,1,0.0001,-0.028335279738712416,0.285697877407074,0.0018867796,11232,-0.005193858396523865,0.2,1.3391690901480615,-13.809072562623768,0.4208385944366455,0.016845703125
1137.5,1994,719872,45.0,0,1,0.0001,-0.02612413462884433,0.28689131140708923,0.077587314,11240,-0.004759571027534548,0.2,1.6976413510274142,-13.867408335357904,0.6443239450454712,0.01708984375
1098.5,1881,720384,45.0,0,1,0.0001,-0.026743840864583035,0.2668547034263611,0.01164078,11248,-0.002647337310918374,0.2,0.9661643377039582,-13.841779483426363,0.4301210045814514,0.018798828125
1191.5,1646,720896,45.0,0,1,0.0001,-0.032585664968792116,0.4129335582256317,0.0049246494,11256,-0.006657585501670837,0.2,1.4442181382328272,-13.713239130694419,0.30244582891464233,0.02783203125
1207.0,1783,721408,45.0,0,1,0.0001,-0.03619040731246059,0.19408218562602997,0.0049291216,11264,-0.004304478490666952,0.2,3.178994288202375,-13.347205230090767,0.35278308391571045,0.014404296875
1233.5,1794,721920,45.0,0,1,0.0001,-0.03580073985540366,0.24257461726665497,0.010572777,11272,-0.005856381676494493,0.2,1.2363640330731869,-13.194688037838787,0.6305177509784698,0.025390625
1267.5,1376,722432,45.0,0,1,0.0001,-0.0465698709958815,0.1607140302658081,0.02122553,11280,-0.008137219432683196,0.2,2.273457615636289,-13.3179052169621,0.37314891815185547,0.0263671875
1255.5,1657,722944,45.0,0,1,0.0001,-0.037305553451005835,0.1117829978466034,0.014493404,11288,-0.007307949126698077,0.2,2.0617388300597668,-13.445624620001762,0.30284929275512695,0.0224609375
1257.0,1674,723456,45.0,0,1,0.0001,-0.05627241060574306,0.566697895526886,0.011689238,11296,-0.0032030635702540167,0.2,2.849236730718985,-13.332948204874992,0.2853468656539917,0.027099609375
1315.5,1811,723968,45.0,0,1,0.0001,-0.049407347389205825,0.35950809717178345,0.020562733,11304,-0.006141672514786478,0.2,2.2899285305757076,-13.59138133989647,0.5073007643222809,0.026123046875
1358.0,1766,724480,45.0,0,1,0.0001,-0.037971601814206224,0.7209864258766174,0.007202367,11312,-0.0060373897904355545,0.2,2.643458094680682,-13.841549878101796,0.5579700469970703,0.020751953125
1385.0,1738,724992,45.0,0,1,0.0001,-0.04828170885230065,0.6589201092720032,0.010400132,11320,-0.009331797526101582,0.2,3.569815639872104,-14.46412109669298,0.3317665457725525,0.0244140625
1342.5,1594,725504,45.0,0,1,0.0001,-0.06144291630698717,0.5616631507873535,0.009137846,11328,-0.009228676986822393,0.2,2.2170405969955027,-14.954232194572688,0.6752160787582397,0.03515625
1310.5,1715,726016,45.0,0,1,0.0001,-0.06008276675856905,0.23631589114665985,0.011669779,11336,-0.008516928122844547,0.2,1.583566656569019,-15.785383197665215,0.5755496025085449,0.0341796875
1314.5,1371,726528,45.0,0,1,0.0001,-0.0511463586044556,0.6824116706848145,0.007802019,11344,-0.0059121241720276885,0.2,2.429150457959622,-16.290023250523955,0.6800409555435181,0.035400390625
1255.0,1668,727040,45.0,0,1,0.0001,-0.04831706249387935,0.683390200138092,0.011032835,11352,-0.00919241968949791,0.2,2.8271942203864455,-16.64531398486346,0.5251808762550354,0.02734375
1229.5,1973,727552,45.0,0,1,0.0001,-0.03812484611808031,0.9466015696525574,0.007850713,11360,-0.005478647926793201,0.2,3.5169427385553718,-16.825840066112576,0.3675033450126648,0.027099609375
1206.0,1923,728064,45.0,0,1,0.0001,-0.031003523185063386,0.45774132013320923,0.007582981,11368,-0.0063647304523328785,0.2,2.237332087010145,-16.537915914282202,0.6862127780914307,0.0166015625
1154.5,1853,728576,45.0,0,1,0.0001,-0.027834266120407847,0.30116006731987,0.009285647,11376,-0.005630833615214215,0.2,2.3174624568782747,-16.213370333090424,0.6463572978973389,0.023681640625
1114.5,1965,729088,45.0,0,1,0.0001,-0.027697086426996975,0.8967313170433044,0.0040298547,11384,-0.004094989330042154,0.2,2.0814414055785164,-15.568998029418289,0.2516424059867859,0.015625
1051.5,1815,729600,45.0,0,1,0.0001,-0.03650257504887122,0.2298704832792282,0.013704333,11392,-0.003182186213962268,0.2,2.490452978061512,-14.7822914339602,-0.10030460357666016,0.02001953125
1002.0,1851,730112,45.0,0,1,0.0001,-0.04816668186504103,0.52748042345047,0.00694802,11400,-0.007070060149999335,0.2,2.3450231621973217,-14.0954840195179,0.4042229652404785,0.0263671875
963.0,1814,730624,45.0,0,1,0.0001,-0.0406685289581219,0.38165923953056335,0.017103538,11408,-0.007336085804126924,0.2,3.41903326055035,-13.628854355178774,0.32250159978866577,0.0263671875
937.5,1847,731136,45.0,0,1,0.0001,-0.03190890450059669,0.4107404351234436,0.0023637107,11416,-0.005455779028125107,0.2,3.1729438877664506,-13.55274898312986,0.3993445038795471,0.01513671875
954.0,1813,731648,45.0,0,1,0.0001,-0.029982650359670515,1.9776675701141357,0.00332652,11424,-0.005430436147435103,0.2,4.58337418269366,-13.453394914492964,0.3033410906791687,0.02001953125
891.0,2119,732160,45.0,0,1,0.0001,-0.04149263301951578,0.5719082355499268,0.011427259,11432,-0.006369893428200157,0.2,5.087623466271907,-13.860503668263554,0.10359567403793335,0.025390625
836.0,2068,732672,45.0,0,1,0.0001,-0.02690494994749315,0.34255290031433105,0.0059209666,11440,-0.005584103502769722,0.2,2.9810025109909475,-14.639782349765301,0.41075170040130615,0.02001953125
773.0,2231,733184,45.0,0,1,0.0001,-0.02680975749535719,0.21155355870723724,0.0048758904,11448,-0.005647346617479343,0.2,1.4714418067596853,-15.017735496908426,0.4871833324432373,0.015380859375
808.5,1985,733696,45.0,0,1,0.0001,-0.06674537233629962,0.10112469643354416,0.20082435,11456,-0.006647130980127258,0.2,0.787259837728925,-15.57474581675604,0.3839631676673889,0.071533203125
751.5,1956,734208,45.0,0,1,0.0001,-0.3362602742854506,149.84494018554688,0.0045201853,11464,-0.0016435323123005219,0.2,639.9161672592163,-26.59313387507573,0.04240840673446655,0.03076171875
801.5,1961,734720,45.0,0,1,0.0001,-0.34989985555876046,82.31880187988281,0.010681398,11472,-0.005997210355417337,0.2,506.36532604694366,-37.23717392142862,0.1752328872680664,0.092041015625
789.5,2067,735232,45.0,0,1,0.0001,-0.3756784877041355,119.25045776367188,0.008480447,11480,-0.010010372214310337,0.2,486.2646633386612,-46.19428445585072,0.42427748441696167,0.11572265625
790.0,1864,735744,45.0,0,1,0.0001,-0.4153748796088621,90.34278106689453,0.012240288,11488,-0.026073948341945652,0.2,258.20044910907745,-54.57298058044165,0.5256540179252625,0.2373046875
738.0,1888,736256,45.0,0,1,0.0001,-0.31585494987666607,58.14718246459961,0.010042088,11496,-0.018895139088272117,0.2,171.86386996507645,-58.97199201099575,0.5476997792720795,0.180419921875
819.5,1497,736768,45.0,0,1,0.0001,-0.30950394575484097,79.29365539550781,0.01898297,11504,-0.03468806129239965,0.2,116.16867300868034,-63.52992901157588,0.5364287495613098,0.2685546875
904.0,1968,737280,45.0,0,1,0.0001,-0.210828066279646,10.883736610412598,0.044362143,11512,-0.0335675112582976,0.2,55.55402524769306,-66.98143093504012,0.29482078552246094,0.29931640625
948.0,1872,737792,45.0,0,1,0.0001,-0.1068523502908647,4.997509002685547,0.04023104,11520,-0.015532622139289742,0.2,19.834733434021473,-68.90283874191344,0.6372460722923279,0.071533203125
959.5,1975,738304,45.0,0,1,0.0001,-0.07608181226532906,6.992773056030273,0.00370896,11528,-0.006252745484744082,0.2,30.762674529105425,-66.8238088876754,0.42991697788238525,0.021484375
947.5,1870,738816,45.0,0,1,0.0001,-0.06536418935866095,5.643494606018066,0.0020996328,11536,-0.0034685706305026542,0.2,28.6986524425447,-56.20784068770707,0.5680555105209351,0.01220703125
974.0,1708,739328,45.0,0,1,0.0001,-0.06339577768812887,3.4409401416778564,0.0015684727,11544,-0.004444103229616303,0.2,20.293105505406857,-47.362716668061914,0.5088126063346863,0.0166015625
1018.0,1849,739840,45.0,0,1,0.0001,-0.07801833986013662,4.740266799926758,0.016370736,11552,-0.006795443412556779,0.2,16.675644041970372,-37.32020351592451,0.5438342690467834,0.028564453125
1037.0,1831,740352,45.0,0,1,0.0001,-0.04844457971921656,3.6796653270721436,0.0036599217,11560,-0.0029051098026684485,0.2,14.151093469932675,-30.16560876723379,0.672306478023529,0.013916015625
1001.0,1788,740864,45.0,0,1,0.0001,-0.03769265202572569,1.7760332822799683,0.00316103,11568,-0.006189637606439646,0.2,11.168636860325933,-23.636003052927553,0.6070848703384399,0.01708984375
1027.0,2021,741376,45.0,0,1,0.0001,-0.05472522745549213,1.7877655029296875,0.006899434,11576,-0.0058993212987843435,0.2,7.537444794550538,-19.63306616242975,0.5173820853233337,0.0234375
1044.0,1877,741888,45.0,0,1,0.0001,-0.046072407567407936,2.3424935340881348,0.009364906,11584,-0.006735468894476071,0.2,8.178973952308297,-15.671529690250754,0.2702794671058655,0.030029296875
1076.5,1969,742400,45.0,0,1,0.0001,-0.031358425607322715,2.896118402481079,0.005557668,11592,-0.005891255575988907,0.2,6.606790399178863,-14.265960649512708,0.42775601148605347,0.021728515625
1094.5,1815,742912,45.0,0,1,0.0001,-0.027593056576733943,1.8598599433898926,0.0049119485,11600,-0.0035142660562996753,0.2,5.93352996557951,-14.061574028506875,0.43820828199386597,0.014892578125
1120.5,1709,743424,45.0,0,1,0.0001,-0.050770766312780324,0.6790435910224915,0.011656845,11608,-0.004245793155860156,0.2,5.2685445146635175,-14.18415606867522,0.4619930386543274,0.020751953125
1126.0,1798,743936,45.0,0,1,0.0001,-0.05957394664437743,1.1857808828353882,0.008662391,11616,-0.009117503712332109,0.2,4.426371026784182,-14.708078267462552,0.4388276934623718,0.041748046875
1147.0,1801,744448,45.0,0,1,0.0001,-0.04683725055656396,1.4146184921264648,0.007306604,11624,-0.005624385445116786,0.2,6.188619756139815,-15.44757713854313,0.37088173627853394,0.02587890625
1187.5,1717,744960,45.0,0,1,0.0001,-0.04251866147023975,1.056012749671936,0.010993933,11632,-0.006918129562109243,0.2,4.953833022154868,-16.727682648301126,0.2519916296005249,0.0244140625
1220.5,1375,745472,45.0,0,1,0.0001,-0.04434821102404385,1.4820630550384521,0.006963417,11640,-0.005827800559927709,0.2,5.153597648255527,-17.526580561362206,0.3793722987174988,0.027099609375
1247.0,1806,745984,45.0,0,1,0.0001,-0.06851189521694323,0.5594797730445862,0.12435736,11648,-0.016256292765319813,0.2,3.4822496930137277,-18.455043560639023,-0.4217444658279419,0.065185546875
1228.5,1910,746496,45.0,0,1,0.0001,-0.04484120479901321,0.8354318737983704,0.00735147,11656,-0.004977461496309843,0.2,3.4018058157525957,-18.70334304124117,0.24972295761108398,0.025634765625
1227.0,1920,747008,45.0,0,1,0.0001,-0.02795152687394875,1.3274459838867188,0.018555842,11664,-0.007203060817118967,0.2,7.096324721351266,-18.70317580200732,0.4079941511154175,0.023681640625
1195.0,1902,747520,45.0,0,1,0.0001,-0.029739291847363347,0.7865879535675049,0.010416433,11672,-0.004937983292620629,0.2,4.091229316778481,-18.568060011863707,-0.10651421546936035,0.015380859375
1201.0,1705,748032,45.0,0,1,0.0001,-0.049448279383796034,0.5454689264297485,0.018355444,11680,-0.008804041128314566,0.2,3.294036293402314,-18.21027146667242,-0.1739492416381836,0.033447265625
1196.0,1940,748544,45.0,0,1,0.0001,-0.03882924231584184,0.6695703864097595,0.0058167074,11688,-0.006888064483064227,0.2,3.1614362029358745,-17.531041428558527,0.3289567232131958,0.019287109375
1195.5,1763,749056,45.0,0,1,0.0001,-0.03331583116960246,0.6189897060394287,0.004060151,11696,-0.005651211838994641,0.2,2.39295238442719,-16.527190103270115,0.5150758028030396,0.0146484375
1186.5,1799,749568,45.0,0,1,0.0001,-0.03700332556581998,0.8132340908050537,0.0060926173,11704,-0.006893591744301375,0.2,2.6508629804011434,-15.558752155303955,0.6139224767684937,0.021240234375
1157.5,1445,750080,45.0,0,1,0.0001,-0.037574294532532804,0.4525323510169983,0.015552152,11712,-0.0068815667982562445,0.2,1.831838374491781,-14.488670491985976,0.6773470938205719,0.025146484375
1147.5,1916,750592,45.0,0,1,0.0001,-0.044575462856300874,0.26688316464424133,0.008197263,11720,-0.002047928839601809,0.2,2.0029800420161337,-13.929187962785363,-0.020555615425109863,0.026123046875
1166.5,1870,751104,45.0,0,1,0.0001,-0.03146802394439874,0.4183238744735718,0.004750937,11728,-0.0021741546224802732,0.2,2.328657943289727,-13.815890396349133,0.3314584493637085,0.013671875
1222.5,1737,751616,45.0,0,1,0.0001,-0.03225130652208463,0.19335047900676727,0.014641653,11736,-0.004559054712444777,0.2,1.321249247645028,-13.907056937105954,0.36092180013656616,0.02001953125
1260.0,1705,752128,45.0,0,1,0.0001,-0.04566830754993134,0.6093803644180298,0.007997074,11744,-0.011444766907516168,0.2,3.4930637581273913,-14.36794933328405,0.3416665196418762,0.034423828125
1273.0,1698,752640,45.0,0,1,0.0001,-0.051795644791127415,0.5196691751480103,0.0101216305,11752,-0.008110127520922106,0.2,3.5653532594442368,-15.278123822528869,0.1547732949256897,0.031982421875
1276.5,1787,753152,45.0,0,1,0.0001,-0.07132024942256976,0.6187192797660828,0.0146472175,11760,-0.009784206707990961,0.2,2.941433548461646,-16.295262037422507,0.34522348642349243,0.040771484375
1239.0,1947,753664,45.0,0,1,0.0001,-0.05397769614501158,0.49779224395751953,0.009614441,11768,-0.007166774150391575,0.2,2.398046546848491,-16.731830433998258,0.3883458375930786,0.028564453125
1178.0,1876,754176,45.0,0,1,0.0001,-0.04831982902396703,0.49745044112205505,0.013365151,11776,-0.008367810973140877,0.2,2.069837234914303,-17.74872713163495,0.2881471514701843,0.031494140625
1195.0,1529,754688,45.0,0,1,0.0001,-0.06465860851312755,0.5968449115753174,0.012741003,11784,-0.009507220231171232,0.2,3.0091843102127314,-18.39638995155692,0.4783201813697815,0.0439453125
1134.5,1877,755200,45.0,0,1,0.0001,-0.053036970319226384,0.24885109066963196,0.0075201816,11792,-0.00960482599111856,0.2,2.3862196845002472,-18.411133724302054,0.4676499366760254,0.0322265625
1153.0,1980,755712,45.0,0,1,0.0001,-0.027547140587557806,0.7785072922706604,0.004394387,11800,-0.004139272390602855,0.2,2.215477073332295,-17.966853450350463,0.405275821685791,0.013916015625
1072.0,1857,756224,45.0,0,1,0.0001,-0.02017775892636564,0.6575415134429932,0.0030852589,11808,-0.003988478572864551,0.2,1.634407399687916,-17.234438064210117,-0.08932244777679443,0.009765625
995.0,1965,756736,45.0,0,1,0.0001,-0.039152372195530916,0.24459341168403625,0.012832637,11816,-0.009347647021058947,0.2,2.7828284851275384,-16.18028343146667,0.3134782314300537,0.02587890625
972.0,2023,757248,45.0,0,1,0.0001,-0.05252058744372334,0.5476459860801697,0.009118661,11824,-0.005393537092459155,0.2,4.195091577246785,-15.649674747195094,-0.028859615325927734,0.017822265625
960.0,1843,757760,45.0,0,1,0.0001,-0.0406356450785097,0.09232145547866821,0.01977412,11832,-0.010165247858822113,0.2,1.5478403063025326,-15.005061285737902,0.37705689668655396,0.02978515625
947.5,2048,758272,45.0,0,1,0.0001,-0.03906275183180696,0.2612993121147156,0.00937034,11840,-0.009736883286677767,0.2,3.077527233865112,-14.371761421021073,0.5191894173622131,0.02490234375
965.5,1661,758784,45.0,0,1,0.0001,-0.02724221587413922,0.41354212164878845,0.007351651,11848,-0.0056931157705548685,0.2,3.0790648334659636,-14.144659499600529,0.38332509994506836,0.016357421875
985.5,1815,759296,45.0,0,1,0.0001,-0.061494120382121764,1.2594192028045654,0.019036006,11856,-0.00839075187468552,0.2,6.209049166180193,-13.767337452992797,0.21254801750183105,0.027099609375
1090.5,1408,759808,45.0,0,1,0.0001,-0.03137622460417333,0.08774974197149277,0.009910254,11864,-0.006485441015684046,0.2,1.2035798297729343,-13.929020994901657,0.30583858489990234,0.02001953125
1121.0,1967,760320,45.0,0,1,0.0001,-0.027827423233247828,0.188644140958786,0.002169597,11872,-0.0019524782728694845,0.2,2.102988688275218,-14.092013581246137,0.47850197553634644,0.007568359375
1148.0,1642,760832,45.0,0,1,0.0001,-0.023217554304210353,0.39547136425971985,0.0050327927,11880,-0.0023826023934816476,0.2,1.3622162422398105,-14.66653530035168,0.6057036817073822,0.009521484375
1191.5,1800,761344,45.0,0,1,0.0001,-0.07220702184713446,0.4276401996612549,0.0143722845,11888,-0.014648328397015575,0.2,4.915208397898823,-15.404832462910562,0.35313379764556885,0.04248046875
1241.5,1733,761856,45.0,0,1,0.0001,-0.04942476800715667,0.5601091980934143,0.007513416,11896,-0.006507202437205706,0.2,2.4576385804684833,-15.511503561213612,0.21485614776611328,0.029052734375
1285.5,1740,762368,45.0,0,1,0.0001,-0.03671886083793652,0.2233690470457077,0.006160208,11904,-0.0031902304472168908,0.2,1.7499569557840005,-15.819490986168384,0.4726030230522156,0.012939453125
1341.5,1801,762880,45.0,0,1,0.0001,-0.03469375810891506,0.2917696535587311,0.0022105016,11912,-0.003177174523443682,0.2,2.111609193496406,-16.14471648078412,0.26558971405029297,0.016845703125
1333.5,1797,763392,45.0,0,1,0.0001,-0.04813379966253706,0.7529323697090149,0.011449314,11920,-0.006277539396251086,0.2,3.1426868927665055,-16.23985031928867,0.2104402780532837,0.037109375
1360.0,1494,763904,45.0,0,1,0.0001,-0.05876292356333579,0.31447091698646545,0.009872734,11928,-0.009573200022714445,0.2,2.7757497776765376,-16.39146010186523,0.46873897314071655,0.038818359375
1354.0,1735,764416,45.0,0,1,0.0001,-0.025583601404832734,0.8159456849098206,0.005465287,11936,-0.00546757234405959,0.2,3.1146822879090905,-16.186238672379403,0.5791436731815338,0.017822265625
1317.0,1984,764928,45.0,0,1,0.0001,-0.025973703081945132,0.454644113779068,0.0071600587,11944,-0.0018512629649194423,0.2,1.719204700551927,-15.97534980500117,0.5961938500404358,0.0107421875
1321.0,1733,765440,45.0,0,1,0.0001,-0.024492571317750844,0.7398732900619507,0.0037350266,11952,-0.002965488973131869,0.2,1.931217721896246,-15.4377865559794,0.46834027767181396,0.015380859375
1345.0,1708,765952,45.0,0,1,0.0001,-0.05361252078728285,0.37909042835235596,0.008897422,11960,-0.014048442273633555,0.2,2.1989079634658992,-14.703070238810033,0.5563292503356934,0.038330078125
1372.5,1821,766464,45.0,0,1,0.0001,-0.04747233611851698,0.09395811706781387,0.006408316,11968,-0.006114015181083232,0.2,1.0367120658047497,-13.988847143482417,0.3427734971046448,0.030029296875
1391.0,1716,766976,45.0,0,1,0.0001,-0.02851945174370485,0.5419856309890747,0.0075729396,11976,-0.004480855459405575,0.2,1.5123390050139278,-13.342952746022492,0.3554813265800476,0.01513671875
1358.5,1792,767488,45.0,0,1,0.0001,-0.039789368984202156,0.11187658458948135,0.015709814,11984,-0.007054764952044934,0.2,1.7731905141845345,-13.215165134798735,0.24757379293441772,0.02734375
1335.5,1886,768000,45.0,0,1,0.0001,-0.04453615591773996,0.12417282909154892,0.006254213,11992,-0.005652146970533067,0.2,1.755430071381852,-13.063653366919606,0.3104586601257324,0.021728515625
1342.5,1461,768512,45.0,0,1,0.0001,-0.032430978380944,0.3935180604457855,0.0077972175,12000,-0.005887079452804755,0.2,2.8483363981358707,-13.547898425776511,0.5542698502540588,0.018798828125
1343.0,1950,769024,45.0,0,1,0.0001,-0.021219395806838293,0.12048055231571198,0.0028802063,12008,-0.0034242341926074005,0.2,1.8141781841404736,-13.785809526219964,0.6447059214115143,0.00732421875
1254.0,2097,769536,45.0,0,1,0.0001,-0.018460731891536852,0.2591196298599243,0.0038918762,12016,-0.0029157422031858005,0.2,1.5284545166650787,-14.094255824387073,0.5440375506877899,0.011474609375
1186.5,2084,770048,45.0,0,1,0.0001,-0.020120438048252254,0.09296775609254837,0.004346677,12024,-0.0044791963082388975,0.2,1.5054999651620165,-14.65238757226616,0.5626284182071686,0.01220703125
1182.5,1688,770560,45.0,0,1,0.0001,-0.025114739233686123,0.2830085754394531,0.0047119088,12032,-0.005114048868563259,0.2,2.2799834050238132,-14.84761540926993,0.1470586061477661,0.013427734375
1181.0,2015,771072,45.0,0,1,0.0001,-0.03373323823143437,0.20768168568611145,0.002404834,12040,-0.00252455823647324,0.2,2.4426598811987787,-14.165826313272118,0.112155020236969,0.009765625
1178.5,1789,771584,45.0,0,1,0.0001,-0.02790722416830249,0.17483213543891907,0.008629479,12048,-0.003992305413703434,0.2,2.482491294387728,-13.998938341513275,0.6323446929454803,0.017822265625
1206.5,1786,772096,45.0,0,1,0.0001,-0.03028984064803808,1.0697535276412964,0.008681192,12056,-0.006263588351430371,0.2,3.5318344803526998,-12.992668864056467,0.6549701988697052,0.0185546875
1218.0,1865,772608,45.0,0,1,0.0001,-0.044550623795657884,0.41982656717300415,0.006309096,12064,-0.008492743807437364,0.2,4.468668772140518,-12.466659033857287,0.4264909029006958,0.024169921875
1253.0,1373,773120,45.0,0,1,0.0001,-0.03638314053750946,1.2458537817001343,0.0062870905,12072,-0.006865732892038068,0.2,4.92396133299917,-12.116388694439083,0.18400996923446655,0.02197265625
1278.0,1973,773632,45.0,0,1,0.0001,-0.03936351455922704,0.7086286544799805,0.010018717,12080,-0.004326124828367028,0.2,2.8170509103219956,-12.361908004656435,0.29442012310028076,0.017822265625
1336.0,1731,774144,45.0,0,1,0.0001,-0.018583501425382565,0.1314488649368286,0.0032910677,12088,-0.003702988899021875,0.2,1.0872910894977394,-13.102590859588236,0.518026202917099,0.012939453125
1420.5,1709,774656,45.0,0,1,0.0001,-0.02419548522630066,1.4048807621002197,0.0052895737,12096,-0.005274856637697667,0.2,3.750469665043056,-14.165394584462046,0.5587776601314545,0.019287109375
1421.0,1802,775168,45.0,0,1,0.0001,-0.04204399547597859,0.4580375552177429,0.0055495426,12104,-0.00403190041470225,0.2,2.833980116294697,-15.158043596930803,0.5968130528926849,0.015869140625
1425.5,1911,775680,45.0,0,1,0.0001,-0.030306733444376732,0.1459122598171234,0.0072171204,12112,-0.004793640509888064,0.2,1.6347199315205216,-16.2993161945045,0.33621013164520264,0.01220703125
1437.0,1709,776192,45.0,0,1,0.0001,-0.025767213532162714,0.212445929646492,0.013318886,12120,-0.004903487111732829,0.2,1.774405728559941,-16.994375232383607,0.40327465534210205,0.0146484375
1459.5,1553,776704,45.0,0,1,0.0001,-0.04662177606951445,0.2746347486972809,0.008944152,12128,-0.005546818247239571,0.2,1.5056242984719574,-17.24086777191609,0.21895456314086914,0.02734375
1443.0,1884,777216,45.0,0,1,0.0001,-0.04870891078826389,0.08475355803966522,0.011463387,12136,-0.007024888593150536,0.2,1.346522124367766,-16.949872619621456,0.3479132652282715,0.028076171875
1358.5,1535,777728,45.0,0,1,0.0001,-0.041619978914241074,0.27500486373901367,0.010701373,12144,-0.0056681637215660885,0.2,1.4176613783929497,-16.327473061047495,0.4118936061859131,0.0234375
1360.5,2000,778240,45.0,0,1,0.0001,-0.025852944556390867,0.13593749701976776,0.00245948,12152,-0.0023352556308964267,0.2,1.9686005832627416,-15.370264513008296,0.5190095007419586,0.010009765625
1352.5,1809,778752,45.0,0,1,0.0001,-0.026311780493415426,0.09808504581451416,0.0031171422,12160,-0.004073896612680983,0.2,0.8667756255017594,-14.079239141549914,0.639627069234848,0.013671875
1351.0,1767,779264,45.0,0,1,0.0001,-0.054386041199904867,0.2037215232849121,0.012511762,12168,-0.005389515165006742,0.2,1.223932940280065,-12.958564670346677,0.720980316400528,0.027587890625
1301.5,1937,779776,45.0,0,1,0.0001,-0.05009079421142815,0.6953803896903992,0.009864029,12176,-0.008150190573360305,0.2,1.9037659169407561,-12.270924039110541,0.30772000551223755,0.02783203125
1296.0,1877,780288,45.0,0,1,0.0001,-0.05354269892995944,0.14100782573223114,0.010444835,12184,-0.006708372537104879,0.2,1.176357269869186,-12.394100646562874,0.6641922891139984,0.023681640625
1278.5,1677,780800,45.0,0,1,0.0001,-0.04313854514475679,0.19271156191825867,0.0113229435,12192,-0.005021560202294495,0.2,1.1696000293595716,-12.73749337747693,0.4047693610191345,0.02783203125
1277.0,1757,781312,45.0,0,1,0.0001,-0.04842548509259359,0.33147186040878296,0.003279456,12200,-0.00871141648531193,0.2,3.6038615037687123,-13.473704947941005,0.3445444703102112,0.030517578125
1277.5,1821,781824,45.0,0,1,0.0001,-0.060100498179963324,0.7319524884223938,0.0060802833,12208,-0.005703234775864985,0.2,2.9024998540990055,-14.060657711848616,0.4560176134109497,0.027099609375
1338.5,1797,782336,45.0,0,1,0.0001,-0.0454983153649664,0.5695765018463135,0.019599084,12216,-0.007936841699120123,0.2,2.9700464855413884,-14.780339286625384,0.48498499393463135,0.03564453125
1338.5,2113,782848,45.0,0,1,0.0001,-0.0283960980395932,0.63015216588974,0.0023241332,12224,-0.003802944345807191,0.2,2.291399622685276,-15.30953907135874,0.6498544812202454,0.011474609375
1338.0,1764,783360,45.0,0,1,0.0001,-0.020937592915288405,0.11580982059240341,0.0033854889,12232,-0.006050821193639422,0.2,1.2724951391573995,-15.66215927425772,0.7076872289180756,0.01708984375
1317.0,1654,783872,45.0,0,1,0.0001,-0.060009983553754864,0.969244122505188,0.01573248,12240,-0.011281018742010929,0.2,2.6383024503011256,-15.956936249285937,0.6168033182621002,0.037841796875
1351.5,1747,784384,45.0,0,1,0.0001,-0.05121290159513592,0.31634315848350525,0.0036278144,12248,-0.0070432100856123725,0.2,2.3971010418608785,-16.276175855286418,0.43528252840042114,0.0234375
1310.0,1941,784896,45.0,0,1,0.0001,-0.045848704499803716,0.25965479016304016,0.015047429,12256,-0.010209857802692568,0.2,1.3415886474540457,-15.765610038079322,0.5267840921878815,0.03369140625
1326.0,1710,785408,45.0,0,1,0.0001,-0.030698434631631244,0.16663077473640442,0.020613713,12264,-0.009775633210665546,0.2,2.1247208788990974,-15.608330097906292,0.4402034282684326,0.025390625
1311.0,1802,785920,45.0,0,1,0.0001,-0.0450158616877161,0.4276011884212494,0.013683559,12272,-0.006569117511389777,0.2,2.403225511778146,-15.616835760399699,0.43782687187194824,0.03955078125
1302.5,1413,786432,45.0,0,1,0.0001,-0.04948222827442805,0.15683333575725555,0.01439496,12280,-0.005556286385399289,0.2,1.6443814705125988,-15.636920342221856,0.6198074817657471,0.027099609375
1291.0,1895,786944,45.0,0,1,0.0001,-0.04801899588164815,0.47688624262809753,0.012816009,12288,-0.007833138763089664,0.2,2.4134735880652443,-15.650910229198635,0.6547440588474274,0.03369140625
1261.0,2109,787456,45.0,0,1,0.0001,-0.022330883501126664,0.0244684386998415,0.0066629085,12296,-0.003680043577332981,0.2,0.9788432235945947,-15.71693392418325,0.6725243031978607,0.012939453125
1197.0,1963,787968,45.0,0,1,0.0001,-0.02170437857421348,0.4236433207988739,0.0023704674,12304,-0.004483349719521357,0.2,1.0901491423719563,-15.791148944348096,0.6721627712249756,0.010986328125
1201.0,1803,788480,45.0,0,1,0.0001,-0.03787604688477586,0.05901674926280975,0.0118933795,12312,-0.010177330812439322,0.2,1.3292159012053162,-15.740882926881314,0.588403970003128,0.02685546875
1187.0,1935,788992,45.0,0,1,0.0001,-0.04315556298752199,0.24529732763767242,0.015599337,12320,-0.008170971290383022,0.2,1.617289124056697,-15.432530792504549,0.29614442586898804,0.02734375
1254.0,1856,789504,45.0,0,1,0.0001,-0.024794508921331726,0.07355950027704239,0.007313401,12328,-0.007530448780016741,0.2,1.3370168089168146,-15.440358268618583,0.4372950792312622,0.01806640625
1266.0,1816,790016,45.0,0,1,0.0001,-0.036891899197144085,0.12752799689769745,0.012560105,12336,-0.005138213513419032,0.2,1.510922929737717,-14.762899792492389,0.04989725351333618,0.020263671875
1277.5,1697,790528,45.0,0,1,0.0001,-0.042837691737076966,0.176143616437912,0.0058593415,12344,-0.004083166051714215,0.2,0.6944282100303099,-14.117825049087406,0.7997423112392426,0.01611328125
1281.5,1424,791040,45.0,0,1,0.0001,-0.08644886517140549,0.7095814943313599,0.006809257,12352,-0.007453385165717918,0.2,5.179594729095697,-13.88052162475884,0.24974393844604492,0.02734375
1262.0,1880,791552,45.0,0,1,0.0001,-0.05455219927171129,2.649019718170166,0.009459401,12360,-0.006828096651588567,0.2,5.680603484157473,-14.33855903930962,0.3342539668083191,0.0302734375
1285.5,2159,792064,45.0,0,1,0.0001,-0.028760130311638932,0.23790386319160461,0.004353679,12368,-0.0014770823036087677,0.2,1.4390476683620363,-14.946580192930996,0.6857589185237885,0.017578125
1329.0,1751,792576,45.0,0,1,0.0001,-0.0391322168015904,0.282606303691864,0.02160564,12376,-0.008762468609347707,0.2,1.2838382004993036,-15.317157071307301,0.7469591796398163,0.0361328125
1304.5,1796,793088,45.0,0,1,0.0001,-0.06285121582186548,1.9061378240585327,0.015985912,12384,-0.0074121155848843046,0.2,4.286059097154066,-16.232598369009793,0.6052691042423248,0.034912109375
1286.5,1937,793600,45.0,0,1,0.0001,-0.04461691743199481,0.25363868474960327,0.005835203,12392,-0.008972183728474192,0.2,2.7411885522305965,-16.620605332292616,-0.07465744018554688,0.02880859375
1274.5,1812,794112,45.0,0,1,0.0001,-0.035429503634077264,0.7995278835296631,0.0058107707,12400,-0.0030545456102117896,0.2,2.7670713218394667,-16.635749858133494,0.1942325234413147,0.0126953125
1264.5,1789,794624,45.0,0,1,0.0001,-0.036469498147198465,0.39853256940841675,0.007661251,12408,-0.005985529125609901,0.2,2.7815855962689966,-17.057484924942255,0.4407656192779541,0.018310546875
1229.5,1841,795136,45.0,0,1,0.0001,-0.13087985482707154,0.19003021717071533,0.056132488,12416,-0.011930972235859372,0.2,1.4727576572913677,-16.85399484489113,0.6482853591442108,0.146240234375
1169.0,1537,795648,45.0,0,1,0.0001,-0.2800287075806409,24.862205505371094,0.009804407,12424,-0.017072660550184082,0.2,109.88382357358932,-21.053706375062465,0.18063372373580933,0.14599609375
1188.5,1967,796160,45.0,0,1,0.0001,-0.24486192979384214,33.99808120727539,0.017827453,12432,-0.026309247070457786,0.2,74.25205411016941,-24.330843877233566,0.2577846646308899,0.19482421875
1166.0,1859,796672,45.0,0,1,0.0001,-0.09956427378347144,12.207847595214844,0.12740642,12440,-0.02286575295147486,0.2,29.366892725229263,-25.75874935232103,0.31708061695098877,0.089111328125
1224.5,1786,797184,45.0,0,1,0.0001,-0.04018434483441524,0.798134982585907,0.0140709365,12448,-0.007823638115951326,0.2,5.306949412450194,-25.50906196024269,0.5051773190498352,0.0224609375
1267.5,1690,797696,45.0,0,1,0.0001,-0.02819811266272154,1.4160804748535156,0.009467727,12456,-0.005206257330428343,0.2,4.857597875408828,-25.215596484430133,0.4541078805923462,0.017822265625
1324.0,1863,798208,45.0,0,1,0.0001,-0.03956738720808062,0.4712335169315338,0.0052650073,12464,-0.0070843872672412544,0.2,3.2864608387462795,-25.071046835780145,0.4755863547325134,0.02001953125
1323.5,1725,798720,45.0,0,1,0.0001,-0.031738686140670325,0.5036371946334839,0.004449621,12472,-0.004312769899115665,0.2,3.3105063098482788,-25.021209031231702,0.5870416760444641,0.01806640625
1339.0,1823,799232,45.0,0,1,0.0001,-0.023971145737959887,0.9598315954208374,0.0036449516,12480,-0.004670546702982392,0.2,3.555814692750573,-25.88859760507941,0.28477180004119873,0.013427734375
1356.5,1749,799744,45.0,0,1,0.0001,-0.04701873255180544,0.8657920360565186,0.0068473667,12488,-0.006475838788901456,0.2,2.828967487439513,-26.00840433295816,0.28318870067596436,0.020751953125
1425.0,1420,800256,45.0,0,1,0.0001,-0.03380836803535203,0.508462131023407,0.03580152,12496,-0.00652511311636772,0.2,3.5129352449439466,-22.226579254232348,0.4309304356575012,0.0283203125
1423.0,2023,800768,45.0,0,1,0.0001,-0.037202276434982195,0.8214326500892639,0.015046487,12504,-0.008061933644057717,0.2,3.852016850374639,-18.670616906546055,0.6015823185443878,0.02783203125
1424.5,1810,801280,45.0,0,1,0.0001,-0.015437405036209384,0.6241936683654785,0.01548106,12512,-0.0036213722269167192,0.2,3.1149215972982347,-16.577308622039855,0.143643319606781,0.010009765625
1408.5,1821,801792,45.0,0,1,0.0001,-0.023655741628317628,0.3525758981704712,0.0061320243,12520,-0.004134493960009422,0.2,2.322005422785878,-16.00496223807335,0.626695841550827,0.015625
1408.0,1736,802304,45.0,0,1,0.0001,-0.025593984326405916,0.3944895565509796,0.0028553158,12528,-0.003212919291399885,0.2,1.9339986888226122,-15.529872731827199,0.20668435096740723,0.01708984375
1410.0,1827,802816,45.0,0,1,0.0001,-0.03248367071864777,0.622326672077179,0.0038318073,12536,-0.0066260903477086686,0.2,2.577425685711205,-15.010394448004662,0.5122137367725372,0.02099609375
1431.5,1793,803328,45.0,0,1,0.0001,-0.032682831813872326,0.8136826157569885,0.0054087583,12544,-0.006491691094197449,0.2,2.653947859071195,-14.49965920817107,0.5664770305156708,0.0205078125
1486.0,1743,803840,45.0,0,1,0.0001,-0.017720531279337592,0.14482682943344116,0.0015517897,12552,-0.002129966567736119,0.2,1.1616470728768036,-13.804788413420319,0.7219237387180328,0.006103515625
1456.5,1797,804352,45.0,0,1,0.0001,-0.03854635082825553,0.22217099368572235,0.0079995915,12560,-0.0053588284135912545,0.2,1.2836893249768764,-13.350661842264236,0.5560756325721741,0.024169921875
1464.0,1879,804864,45.0,0,1,0.0001,-0.02434806256678712,0.8893672823905945,0.0032255861,12568,-0.0024024032027227804,0.2,2.674897567834705,-13.73426518458873,0.2699933648109436,0.01123046875
1490.5,1968,805376,45.0,0,1,0.0001,-0.024520111654055654,0.6432771682739258,0.018692978,12576,0.017513727805635426,0.2,2.7873206990770996,-14.502401981167495,0.6787320971488953,0.021484375
1538.0,1651,805888,45.0,0,1,0.0001,-0.04810376705790986,2.4618070125579834,0.028240912,12584,-0.012406554147673887,0.2,8.068889846093953,-15.231556342691183,0.5353583693504333,0.031005859375
1583.5,1602,806400,45.0,0,1,0.0001,-0.03959370365191717,1.4224790334701538,0.0041571795,12592,-0.005233159696217626,0.2,4.018514204304665,-15.79813492450863,0.5087685286998749,0.01904296875
1542.0,1758,806912,45.0,0,1,0.0001,-0.034102077823263244,0.6594486832618713,0.015784806,12600,-0.0029800126794725657,0.2,2.604319353355095,-16.415678485147655,0.15980583429336548,0.0146484375
1539.0,1797,807424,45.0,0,1,0.0001,-0.04343182497177622,0.2946811616420746,0.0060360264,12608,-0.009253995789549663,0.2,2.2315268884412944,-17.267729580178855,0.55294069647789,0.026123046875
1497.0,1780,807936,45.0,0,1,0.0001,-0.04019786843491602,0.27892059087753296,0.0056134863,12616,-0.0060015821691195015,0.2,2.324487715261057,-17.370459531508388,0.2672275900840759,0.021728515625
1511.5,1727,808448,45.0,0,1,0.0001,-0.03990542385872686,0.125939279794693,0.01454369,12624,-0.0021412868081824854,0.2,1.0404712477466092,-17.578845913745464,0.34182459115982056,0.013916015625
1503.5,1886,808960,45.0,0,1,0.0001,-0.03544559094734723,0.736258864402771,0.03953361,12632,-0.009388529178977478,0.2,2.1675953723024577,-17.444543795883657,0.5337474942207336,0.03076171875
1527.0,1896,809472,45.0,0,1,0.0001,-0.021640207611199003,0.6361417174339294,0.0111165205,12640,-0.004196784302621381,0.2,1.3269786994787864,-16.70845319841057,0.5005380213260651,0.014404296875
1514.0,2045,809984,45.0,0,1,0.0001,-0.026136128541111248,0.14362481236457825,0.0013931651,12648,-0.0015826215385459363,0.2,1.6277031971840188,-15.505151716433465,0.35131704807281494,0.006591796875
1469.0,1758,810496,45.0,0,1,0.0001,-0.02791352808708325,0.38987642526626587,0.0041956445,12656,-0.006066255144105526,0.2,1.9456212731311098,-15.032913517802953,0.6013571321964264,0.0244140625
1371.5,1692,811008,45.0,0,1,0.0001,-0.05355062428134261,0.15787190198898315,0.006255011,12664,-0.007074521068716422,0.2,2.3548650512238964,-14.397247307896613,0.5590733289718628,0.018310546875
1383.5,1867,811520,45.0,0,1,0.0001,-0.13222799080540426,5.296306133270264,0.024362793,12672,-0.00302825804828899,0.2,16.943987518548965,-15.216784252747892,-0.14318513870239258,0.050048828125
1347.5,1755,812032,45.0,0,1,0.0001,-0.061752854511723854,0.1396239846944809,0.009583067,12680,-0.007156685704103438,0.2,1.9497046422911808,-14.829008781202138,0.3286800980567932,0.018310546875
1346.0,1780,812544,45.0,0,1,0.0001,-0.049966055077675264,0.8855379819869995,0.007674897,12688,-0.008779944877460366,0.2,3.812913527712226,-14.667703778110445,0.5090339779853821,0.02294921875
1300.5,1453,813056,45.0,0,1,0.0001,-0.047090990861761384,0.1886524111032486,0.01772354,12696,-0.008799571107374504,0.2,2.842036114539951,-15.07285106986761,0.23214399814605713,0.023193359375
1314.5,1739,813568,45.0,0,1,0.0001,-0.04578202554694144,0.4585443437099457,0.016799096,12704,-0.0070170389881241135,0.2,3.2635628401767462,-16.00111797507852,0.3510064482688904,0.029296875
1299.5,1904,814080,45.0,0,1,0.0001,-0.023313103007239988,0.4786377251148224,0.0077211084,12712,-0.005993549566483125,0.2,2.3577587814070284,-16.440594253465534,0.6852376163005829,0.0166015625
1219.5,2296,814592,45.0,0,1,0.0001,-0.025100493849095074,0.2441929131746292,0.003995587,12720,-0.0033790712150221225,0.2,1.138060153229162,-16.87184126507491,0.6134130656719208,0.01513671875
1130.0,1997,815104,45.0,0,1,0.0001,-0.021763883927633287,0.06467308104038239,0.0011843567,12728,-0.004307227887693443,0.2,1.300549459643662,-17.062400449626146,0.510161817073822,0.007080078125
1135.0,1754,815616,45.0,0,1,0.0001,-0.042454304042621516,0.036689821630716324,0.040473565,12736,-0.007424930336128455,0.2,1.0078246954071801,-16.82375821467489,0.5218580067157745,0.032958984375
1151.0,1823,816128,45.0,0,1,0.0001,-0.04969848129985621,0.10087774693965912,0.014296733,12744,-0.008742111145693343,0.2,1.5871133552864194,-15.72897555757314,0.359866738319397,0.023193359375
1149.0,1750,816640,45.0,0,1,0.0001,-0.07485500145412516,2.4220285415649414,0.0070300926,12752,-0.008619691603598767,0.2,7.943678348325193,-15.841177628934384,0.4001408815383911,0.033935546875
1150.0,1753,817152,45.0,0,1,0.0001,-0.0531655456579756,0.2657686173915863,0.00542483,12760,-0.007222874188300921,0.2,3.940319263841957,-15.478721191622316,0.6408778131008148,0.024658203125
1187.0,1274,817664,45.0,0,1,0.0001,-0.056375284591922536,0.21403643488883972,0.01008768,12768,-0.00889692655619001,0.2,2.806949798250571,-14.657876857332885,0.35298633575439453,0.03125
1205.5,1786,818176,45.0,0,1,0.0001,-0.05605826966711902,1.1152268648147583,0.008284936,12776,-0.007085203491442371,0.2,4.449141069315374,-14.810048545971513,0.12138396501541138,0.029052734375
1202.5,2009,818688,45.0,0,1,0.0001,-0.029730267624472617,0.26595744490623474,0.003576946,12784,-0.002801742644805927,0.2,2.5399625785648823,-15.17902299914509,0.5427756011486053,0.0126953125
1265.5,1864,819200,45.0,0,1,0.0001,-0.02428653250899515,0.23255257308483124,0.006813535,12792,-0.005434698949102312,0.2,1.216373376781121,-15.696634523756803,0.7713909447193146,0.01611328125
1363.5,1856,819712,45.0,0,1,0.0001,-0.039083482062778785,0.46529826521873474,0.012130685,12800,-0.006287703061389038,0.2,2.4479285541456193,-15.514341416507959,0.669907957315445,0.030029296875
1326.5,1727,820224,45.0,0,1,0.0001,-0.03874708686271333,0.2044021487236023,0.017517876,12808,-0.005858797783730552,0.2,1.8854109896346927,-15.853312225826084,0.5627767443656921,0.023681640625
1299.0,1807,820736,45.0,0,1,0.0001,-0.04403687353260466,0.09797133505344391,0.010526327,12816,-0.007797298872901592,0.2,1.1943632203619927,-16.42260629206896,0.5558567345142365,0.025390625
1286.0,1813,821248,45.0,0,1,0.0001,-0.03904263098775118,0.4685227572917938,0.0065900083,12824,-0.0046823080265312456,0.2,2.692775716772303,-15.96859300840646,0.02590155601501465,0.020751953125
1271.5,1830,821760,45.0,0,1,0.0001,-0.03421484353384585,0.459024041891098,0.0073848083,12832,-0.00724534118489828,0.2,1.9979723014403135,-15.917334183305503,0.37559980154037476,0.020751953125
1228.5,1377,822272,45.0,0,1,0.0001,-0.05990176817795145,0.34676000475883484,0.011488077,12840,-0.008828665922919754,0.2,1.9049653990659863,-15.481880828738213,0.2564302086830139,0.029541015625
1236.0,1851,822784,45.0,0,1,0.0001,-0.04456400699018559,0.6733058094978333,0.0122352755,12848,-0.009263969757739687,0.2,2.163980846409686,-14.514903167448939,0.4349576234817505,0.03173828125
1234.0,1981,823296,45.0,0,1,0.0001,-0.021045231810603582,0.37396368384361267,0.0033924999,12856,-0.003159821037115762,0.2,2.3985093132359907,-13.5036377062276,0.5073549449443817,0.0087890625
1274.0,1641,823808,45.0,0,1,0.0001,-0.0353416411417129,0.12664906680583954,0.022629894,12864,-0.009852944400336128,0.2,1.415166637627408,-13.101886069923639,0.19178354740142822,0.028564453125
1251.0,1778,824320,45.0,0,1,0.0001,-0.10145993114565499,2.341569662094116,0.030352851,12872,-0.013043767648923676,0.2,5.218855005456135,-13.418709039203822,0.3319828510284424,0.06982421875
1271.0,1678,824832,45.0,0,1,0.0001,-0.058371945702674566,0.4038669466972351,0.016518384,12880,-0.01053490511912969,0.2,3.6516664437949657,-14.264259358160198,0.28452950716018677,0.03271484375
1351.0,1771,825344,45.0,0,1,0.0001,-0.07616468976266333,1.5213574171066284,0.00879918,12888,-0.009258400703402003,0.2,8.166051352396607,-15.803945928625762,0.42737531661987305,0.052001953125
1306.0,1707,825856,45.0,0,1,0.0001,-0.05074127593979938,0.4172213673591614,0.004102344,12896,-0.007739224278338952,0.2,7.104521716013551,-17.2113598023355,0.3771800398826599,0.027587890625
1302.5,1422,826368,45.0,0,1,0.0001,-0.04744657046103384,1.039161205291748,0.012150324,12904,-0.007663577671337407,0.2,5.351000709459186,-19.143618442080914,0.5254382193088531,0.022216796875
1250.0,1891,826880,45.0,0,1,0.0001,-0.05961346249387134,0.7996032238006592,0.01391268,12912,-0.010810955849592574,0.2,2.9515613976400346,-19.951424973271788,0.5142488181591034,0.038818359375
1259.0,1712,827392,45.0,0,1,0.0001,-0.023705795416390174,0.17732928693294525,0.0058091665,12920,-0.006363652952131815,0.2,1.6527362376218662,-20.519231814388185,0.6338600516319275,0.0185546875
1242.5,2130,827904,45.0,0,1,0.0001,-0.021623895046104735,0.08901945501565933,0.0016065954,12928,-0.0025186516941175796,0.2,2.2043470565695316,-20.366247590947896,0.15047359466552734,0.008056640625
1187.5,1911,828416,45.0,0,1,0.0001,-0.021234600797470193,0.13401031494140625,0.0114004165,12936,-0.006851834237750154,0.2,0.9157178054447286,-19.842858532276004,0.25195109844207764,0.0166015625
1223.0,1820,828928,45.0,0,1,0.0001,-0.034295319943339564,0.7241140604019165,0.0030956692,12944,-0.007750813849270344,0.2,2.2665995052084327,-18.594955015759915,0.423387348651886,0.0244140625
1244.0,1663,829440,45.0,0,1,0.0001,-0.14499574672663584,0.05789317190647125,0.13206996,12952,-0.025449666238273494,0.2,1.871174182742834,-16.895905479285865,0.2929803729057312,0.205078125
1214.5,1868,829952,45.0,0,1,0.0001,-0.29642226186115295,43.467552185058594,0.007121867,12960,-0.01566079110489227,0.2,186.2007456421852,-20.805946715977043,0.1855272650718689,0.18798828125
1192.0,1877,830464,45.0,0,1,0.0001,-0.32402407738845795,60.246028900146484,0.007301854,12968,-0.014832078901235946,0.2,146.98841723799706,-24.887697514239697,0.3895123600959778,0.168701171875
1174.0,1505,830976,45.0,0,1,0.0001,-0.27535216230899096,44.777339935302734,0.005399796,12976,-0.010752269139629789,0.2,144.26517796516418,-28.84055464109406,0.5272444188594818,0.135498046875
1171.5,1937,831488,45.0,0,1,0.0001,-0.2461520101642236,18.01421546936035,0.038128965,12984,-0.03195356652577175,0.2,50.154750257730484,-33.06191188117489,0.46557313203811646,0.27783203125
1118.0,1975,832000,45.0,0,1,0.0001,-0.07756290820543654,3.9156057834625244,0.12641765,12992,-0.029665279223991092,0.2,21.99517312645912,-35.60274774238467,0.19549942016601562,0.075439453125
1157.5,1913,832512,45.0,0,1,0.0001,-0.03389898561727023,3.0417964458465576,0.002763339,13000,-0.005603791149042081,0.2,8.818910846486688,-36.9490923237428,0.1057400107383728,0.009521484375
1234.0,1711,833024,45.0,0,1,0.0001,-0.037828292915946804,1.5827560424804688,0.0030276822,13008,-0.0026930962194455788,0.2,7.350460813380778,-37.9582272381708,0.4371986985206604,0.01171875
1243.0,1698,833536,45.0,0,1,0.0001,-0.04353154638738488,0.7626399397850037,0.006588545,13016,-0.006093843483540695,0.2,6.427618631161749,-38.73731464687735,0.4486861228942871,0.025146484375
1231.0,1733,834048,45.0,0,1,0.0001,-0.035533776910597226,1.2709448337554932,0.00077046955,13024,-0.003886950282321777,0.2,5.750802424736321,-38.152258492335676,0.559930831193924,0.010498046875
1227.0,1703,834560,45.0,0,1,0.0001,-0.04303895325938356,2.5277552604675293,0.010107588,13032,-0.008385235327295959,0.2,8.961533702909946,-33.221455775350336,0.46969252824783325,0.021484375
1302.0,1742,835072,45.0,0,1,0.0001,-0.050997098500374705,2.0081570148468018,0.005936076,13040,-0.006395458811311983,0.2,6.549605946056545,-28.414871893245728,0.4869823455810547,0.022705078125
1326.0,1824,835584,45.0,0,1,0.0001,-0.03767337829413009,1.0757036209106445,0.016226938,13048,-0.00423923278140137,0.2,5.374168384820223,-22.438472939711065,0.4203076958656311,0.018310546875
1336.0,1905,836096,45.0,0,1,0.0001,-0.0343941851388081,1.5441150665283203,0.0039210296,13056,-0.004022293986054137,0.2,5.308827859349549,-18.43122377505526,-0.15341925621032715,0.015869140625
1338.5,1932,836608,45.0,0,1,0.0001,-0.02268453681608662,1.1957067251205444,0.006190353,13064,-0.0030621445112046786,0.2,3.9794461596757174,-16.355007172804324,0.5045720338821411,0.010498046875
1323.0,1941,837120,45.0,0,1,0.0001,-0.02490815241344535,1.8107465505599976,0.011434749,13072,-0.005279981363855768,0.2,5.347044921480119,-15.696263655666263,0.3988429307937622,0.013671875
1303.0,1778,837632,45.0,0,1,0.0001,-0.0336919094370387,0.7903265357017517,0.005244033,13080,-0.0059131112684553955,0.2,4.016715795733035,-15.389061276931315,0.5720303952693939,0.022705078125
1309.5,1584,838144,45.0,0,1,0.0001,-0.03681545735889813,0.6846700310707092,0.0065122955,13088,-0.005343283126421738,0.2,3.6751003828831017,-15.110484789777548,0.45180803537368774,0.020751953125
1283.5,1815,838656,45.0,0,1,0.0001,-0.03700125964314793,0.16987134516239166,0.002539075,13096,-0.004542644332104828,0.2,2.9477098430506885,-15.139330844637007,0.44181686639785767,0.0166015625
1317.0,1830,839168,45.0,0,1,0.0001,-0.028916736435348867,0.6750694513320923,0.0035549607,13104,-0.005295358234434389,0.2,3.467174316290766,-14.750674564130604,0.5363544523715973,0.013916015625
1271.0,1443,839680,45.0,0,1,0.0001,-0.022545692967469222,0.2669714391231537,0.003011085,13112,-0.003943439227441559,0.2,2.339541061781347,-14.754572708047926,0.5449621379375458,0.010498046875
1294.0,1902,840192,45.0,0,1,0.0001,-0.030845231730381784,0.44048255681991577,0.046123102,13120,-0.007561112463008612,0.2,2.9021846810355783,-15.035769226923584,0.3263828754425049,0.02734375
1300.0,1814,840704,45.0,0,1,0.0001,-0.021546741070778808,0.2329658567905426,0.006874186,13128,-0.0016669375108904205,0.2,1.9437028721440583,-15.373584480695426,0.478148877620697,0.0107421875
1297.0,1688,841216,45.0,0,1,0.0001,-0.015594593388414069,0.3718959093093872,0.01636711,13136,-0.0014778750264667906,0.2,2.1881535307038575,-15.670916408039629,0.5945452153682709,0.016357421875
1274.0,1784,841728,45.0,0,1,0.0001,-0.016719460729291313,0.38051092624664307,0.0061291694,13144,-0.0027343342881067656,0.2,1.3551200302317739,-15.96646306667477,0.5946152210235596,0.01318359375
1200.5,1984,842240,45.0,0,1,0.0001,-0.0263066277739199,0.32643771171569824,0.010279218,13152,-0.004730318694782909,0.2,2.1789134952705353,-16.122580177634955,0.6643665730953217,0.0185546875
1136.5,1913,842752,45.0,0,1,0.0001,-0.018496500531909987,0.13981953263282776,0.012432428,13160,-0.006487890685093589,0.2,1.389525547157973,-16.04138986714184,0.4887583255767822,0.01318359375
1055.5,2008,843264,45.0,0,1,0.0001,-0.03206752816640801,0.6046990156173706,0.013409829,13168,-0.0075965477371937595,0.2,1.9676858427701518,-16.49533389516175,0.4260048270225525,0.025390625
1013.0,1932,843776,45.0,0,1,0.0001,-0.023061468271407648,0.5287145972251892,0.004035861,13176,-0.006469172272772994,0.2,2.1727154413238168,-16.693303348571064,-0.04940378665924072,0.016845703125
982.5,1806,844288,45.0,0,1,0.0001,-0.021265778663291712,0.4441893696784973,0.0039068013,13184,-0.005242417806584854,0.2,2.2866872652666643,-16.444222543239594,0.44796454906463623,0.018310546875
938.5,1977,844800,45.0,0,1,0.0001,-0.03392714681831421,0.6287909150123596,0.015580399,13192,-0.006012468484186684,0.2,2.0095392365474254,-16.107504247687757,0.4776861071586609,0.02099609375
928.0,1946,845312,45.0,0,1,0.0001,-0.009731880313665897,0.7513946294784546,0.0021994351,13200,-0.002416360188362887,0.2,2.191738375928253,-15.660412485376,0.5276073515415192,0.00390625
930.0,2124,845824,45.0,0,1,0.0001,-0.010946492648599815,0.5416569113731384,0.0009882103,13208,-0.0010190828616032377,0.2,1.4824955061776564,-15.396843345239759,0.7157927751541138,0.0029296875
856.0,2049,846336,45.0,0,1,0.0001,-0.008587295711549814,0.3659024238586426,0.0028141555,13216,-0.0013861302613804583,0.2,1.1379135635797866,-15.371911234110593,0.7175355553627014,0.00341796875
901.5,1775,846848,45.0,0,1,0.0001,-0.01886424282201915,0.286145955324173,0.0134253055,13224,-0.00657719641822041,0.2,1.8293584205384832,-15.615146548971534,0.6554636061191559,0.022705078125
1003.5,1711,847360,45.0,0,1,0.0001,-0.023199622957690735,0.43154820799827576,0.012458554,13232,-0.002718052186537534,0.2,2.2580436603166163,-15.352899299804122,0.3697032332420349,0.012451171875
1107.5,1724,847872,45.0,0,1,0.0001,-0.0324347607324853,0.24444140493869781,0.002786805,13240,-0.004738026844279375,0.2,2.7479479014873505,-14.673442973885685,0.4800432324409485,0.013671875
1153.5,1793,848384,45.0,0,1,0.0001,-0.030697105286435544,0.6574935913085938,0.0034711123,13248,-0.007916361686511664,0.2,4.300537763629109,-14.154612736012787,0.33433985710144043,0.016357421875
1232.0,1266,848896,45.0,0,1,0.0001,-0.01927554334179149,0.5202974677085876,0.013340218,13256,-0.005589854743448086,0.2,2.783289361279458,-14.799567316193134,0.4594253897666931,0.015869140625
1224.5,1959,849408,45.0,0,1,0.0001,-0.04403929186537425,0.30501216650009155,0.028193397,13264,-0.006566283476786339,0.2,3.0424906141124666,-15.095640944372862,-0.04036545753479004,0.040283203125
1238.0,1805,849920,45.0,0,1,0.0001,-0.028012775987008354,0.585212230682373,0.008749869,13272,-0.004346432015154278,0.2,2.7302405573427677,-15.691156679373234,0.3485601544380188,0.021484375
1265.5,2015,850432,45.0,0,1,0.0001,-0.01724737100312268,1.0624046325683594,0.013047577,13280,-0.004831385424040491,0.2,2.298195640090853,-16.364523601625116,0.6113176941871643,0.017333984375
1343.0,1828,850944,45.0,0,1,0.0001,-0.020190070234093582,0.17545346915721893,0.009051137,13288,-0.003905871148162987,0.2,1.5571717536076903,-16.22988206764683,0.5550260543823242,0.011474609375
1359.5,1695,851456,45.0,0,1,0.0001,-0.02670427861812641,1.204709529876709,0.0043821107,13296,-0.005701351185052772,0.2,2.1091764987213537,-16.248566719852388,0.4445856809616089,0.018310546875
1345.0,1829,851968,45.0,0,1,0.0001,-0.03060391732651624,0.24088525772094727,0.0030374946,13304,-0.005296758885378949,0.2,1.8303206578129902,-16.159476863779126,0.29718732833862305,0.01416015625
1319.5,1834,852480,45.0,0,1,0.0001,-0.01922706559253129,0.19561828672885895,0.0076949396,13312,-0.004800392605829984,0.2,1.485823700320907,-16.15162452790886,0.19845807552337646,0.01611328125
1283.5,1744,852992,45.0,0,1,0.0001,-0.02839101060453686,0.29991570115089417,0.017098617,13320,-0.0059640100444084965,0.2,1.8686389159411192,-15.777522707469762,0.5539014935493469,0.0224609375
1315.0,1385,853504,45.0,0,1,0.0001,-0.023716728306681034,0.21683526039123535,0.009420199,13328,-0.005285187566187233,0.2,1.8407030121888965,-15.494303083270788,0.5929428935050964,0.01513671875
1393.0,1838,854016,45.0,0,1,0.0001,-0.04206737484309997,0.9528843760490417,0.012531785,13336,-0.006934064429515274,0.2,3.002768601756543,-14.956332788690924,0.11544549465179443,0.02685546875
1373.0,1862,854528,45.0,0,1,0.0001,-0.021223165736046212,0.40599682927131653,0.00426325,13344,-0.0028840361410402693,0.2,2.3772349387872964,-14.405541917681694,0.6119820177555084,0.01318359375
1382.5,2002,855040,45.0,0,1,0.0001,-0.02609601460471822,0.17885670065879822,0.006305614,13352,-0.005987873493722873,0.2,1.581034116446972,-14.330711198523641,0.6502438485622406,0.0205078125
1396.5,1761,855552,45.0,0,1,0.0001,-0.027701499397153384,0.3926944434642792,0.0056753266,13360,-0.005271016125334427,0.2,1.59801293653436,-14.352045266591013,0.6989288032054901,0.013916015625
1412.0,1613,856064,45.0,0,1,0.0001,-0.041699572111610905,0.7648760676383972,0.016387654,13368,-0.010350368262152188,0.2,4.032069611828774,-14.637431582100689,0.6207855343818665,0.0341796875
1431.0,1691,856576,45.0,0,1,0.0001,-0.0401933870598441,0.24280589818954468,0.007206659,13376,-0.0047573788979207166,0.2,1.9426845363341272,-14.996774939969182,0.5134517848491669,0.020263671875
1472.0,1600,857088,45.0,0,1,0.0001,-0.04377128021860699,0.19668078422546387,0.008041351,13384,-0.007988215300429147,0.2,2.326490984065458,-15.549178493656218,0.6735605001449585,0.03173828125
1459.5,1407,857600,45.0,0,1,0.0001,-0.032172981414078095,0.2875736951828003,0.003460572,13392,-0.004446658760571154,0.2,2.180800002301112,-15.926646809019148,0.29269546270370483,0.011474609375
1454.0,1785,858112,45.0,0,1,0.0001,-0.042433772892763955,1.3087705373764038,0.017527454,13400,-0.01014161007333314,0.2,3.529773269314319,-16.325151390843093,0.5531286299228668,0.02783203125
1462.5,1805,858624,45.0,0,1,0.0001,-0.04454457227620878,0.962668240070343,0.009149174,13408,-0.004996539639250841,0.2,6.99119832739234,-16.914140525087713,0.5378088653087616,0.02392578125
1460.5,1913,859136,45.0,0,1,0.0001,-0.025205833758263907,0.4438587427139282,0.0072753998,13416,-0.003679991692479234,0.2,3.311952138552442,-16.74907273542136,0.6976067125797272,0.01904296875
1478.0,1646,859648,45.0,0,1,0.0001,-0.02137351271812804,0.19847001135349274,0.0061084703,13424,-0.004290458886316628,0.2,2.0215569438878447,-16.419677621126176,0.729452520608902,0.0126953125
1456.5,1821,860160,45.0,0,1,0.0001,-0.0442731358398305,0.296836256980896,0.009231472,13432,-0.010010736958065536,0.2,2.295096089481376,-15.922223812937737,0.6813420057296753,0.03271484375
1417.0,1742,860672,45.0,0,1,0.0001,-0.03330319253473135,0.0936800017952919,0.006082267,13440,-0.003250476911489386,0.2,1.3369261346524581,-15.85031543597579,0.736848920583725,0.019287109375
1323.5,1826,861184,45.0,0,1,0.0001,-0.03864161063393112,0.21527482569217682,0.009178491,13448,-0.004650984355976107,0.2,1.8171039542648941,-15.781366082802414,0.7157290875911713,0.027587890625
1286.0,1428,861696,45.0,0,1,0.0001,-0.05354886248460389,0.2932716906070709,0.020233568,13456,-0.011350892222253606,0.2,2.375240371795371,-15.919467638544738,0.578505128622055,0.03759765625
1256.5,1801,862208,45.0,0,1,0.0001,-0.04310907820308785,0.1812404990196228,0.005694282,13464,-0.005635310772049706,0.2,2.0333701071795076,-15.722641963288188,0.1752181053161621,0.02685546875
1260.5,1676,862720,45.0,0,1,0.0001,-0.0478185811007279,0.2701147198677063,0.0053738756,13472,-0.0063028119402588345,0.2,2.7005929751321673,-15.58554366223514,0.44252729415893555,0.025146484375
1188.0,1992,863232,45.0,0,1,0.0001,-0.06611528813300538,0.23603497445583344,0.0036833892,13480,-0.0048473615242983215,0.2,2.465551934670657,-15.842157125845551,0.5776017904281616,0.02001953125
1187.5,1884,863744,45.0,0,1,0.0001,-0.019500456557580037,0.13705897331237793,0.009347402,13488,-0.007472577762200672,0.2,1.7773481518379413,-16.183054159469904,0.7798321098089218,0.01708984375
1173.5,1659,864256,45.0,0,1,0.0001,-0.03164892369022709,0.1474640667438507,0.009783872,13496,-0.006358635604556184,0.2,1.4984419679967687,-16.51827511843294,0.6093268096446991,0.0224609375
1173.5,1804,864768,45.0,0,1,0.0001,-0.05265738911111839,0.22917506098747253,0.005424494,13504,-0.009467137708270457,0.2,2.2548911389894783,-16.386622179504485,0.22184860706329346,0.029541015625
1211.5,1692,865280,45.0,0,1,0.0001,-0.033772735674574506,0.6266542673110962,0.0037394327,13512,-0.004635767309082439,0.2,1.1817441848106682,-16.33840523371473,0.4298298954963684,0.012451171875
1291.0,1831,865792,45.0,0,1,0.0001,-0.0841556320519885,2.621889352798462,0.015697155,13520,-0.005819131765747443,0.2,11.938123939558864,-17.192258913423867,0.26501816511154175,0.033203125
1351.0,1345,866304,45.0,0,1,0.0001,-0.05454954020387959,1.567239761352539,0.018016137,13528,-0.011519522842718288,0.2,4.346636916510761,-17.29059424614534,0.3072194457054138,0.027587890625
1321.5,1783,866816,45.0,0,1,0.0001,-0.04655278686368547,0.4865577220916748,0.01339773,13536,-0.008081238047452644,0.2,4.367884155828506,-17.494982475917787,0.3067816495895386,0.024658203125
1295.0,1985,867328,45.0,0,1,0.0001,-0.05923351018282119,0.4094073176383972,0.00584574,13544,-0.005961420956737129,0.2,4.5089032258838415,-18.01561391653493,0.3107522130012512,0.02490234375
1318.0,1843,867840,45.0,0,1,0.0001,-0.0482217617391143,0.1272566169500351,0.0052924394,13552,-0.007807085832610028,0.2,2.7013381959404796,-18.108725603818893,0.6993520557880402,0.01806640625
1353.5,1939,868352,45.0,0,1,0.0001,-0.029464323371939827,0.13810968399047852,0.01771425,13560,-0.005252905561064836,0.2,1.5827352124033496,-17.641037167720498,0.7229133546352386,0.02099609375
1384.0,1641,868864,45.0,0,1,0.0001,-0.029797187058647978,0.09866225719451904,0.005634973,13568,-0.005626106580166379,0.2,3.079095854656771,-17.747499105632304,0.5999951660633087,0.0126953125
1389.5,1634,869376,45.0,0,1,0.0001,-0.047525846097414615,0.13690969347953796,0.0038340252,13576,-0.006641942134592682,0.2,2.3318606831599027,-17.562829013522716,0.6372081339359283,0.020751953125
1386.5,1685,869888,45.0,0,1,0.0001,-0.05168787343427539,0.3934439420700073,0.0030205022,13584,-0.006645410103374161,0.2,3.9984678863547742,-17.479476608615368,0.15364307165145874,0.024658203125
1402.5,1356,870400,45.0,0,1,0.0001,-0.05017864211185952,0.1637904942035675,0.0058441586,13592,-0.006155694471090101,0.2,1.879231798229739,-16.294461122397333,0.5597085952758789,0.025146484375
1400.0,1721,870912,45.0,0,1,0.0001,-0.057806452648947015,0.3379288613796234,0.0036286404,13600,-0.00577460888234782,0.2,2.3188706496730447,-16.026543856766075,0.49950069189071655,0.0263671875
1388.0,1849,871424,45.0,0,1,0.0001,-0.04941873917050543,0.456175833940506,0.0073053124,13608,-0.003778516605962068,0.2,3.2750418977811933,-16.1336952364631,0.39118725061416626,0.025390625
1404.0,1770,871936,45.0,0,1,0.0001,-0.056649540667422116,1.0235413312911987,0.0121382605,13616,-0.0064570117319817655,0.2,4.359191345050931,-16.650930147524925,0.6533011198043823,0.030029296875
1423.5,1864,872448,45.0,0,1,0.0001,-0.04796860253918567,0.6264496445655823,0.005068413,13624,-0.007855178955651354,0.2,3.865270464681089,-16.971671886369585,0.8098728209733963,0.027587890625
1394.0,1867,872960,45.0,0,1,0.0001,-0.021756511155217595,0.1939670294523239,0.0020957538,13632,-0.00117364961624844,0.2,2.678501138696447,-17.205083731263876,0.7152731120586395,0.00927734375
1299.5,1971,873472,45.0,0,1,0.0001,-0.03826377019868232,0.27361270785331726,0.0063800137,13640,-0.007377352463663556,0.2,2.3058772173244506,-16.912333037182687,0.48149073123931885,0.01806640625
1266.0,1811,873984,45.0,0,1,0.0001,-0.04917249729624018,0.406924307346344,0.0070070494,13648,-0.009005126223200932,0.2,2.052049967693165,-16.91485150400549,0.763048529624939,0.0263671875
1238.5,1781,874496,45.0,0,1,0.0001,-0.05569905018637655,0.23777279257774353,0.0066310694,13656,-0.005487024463946,0.2,1.8656883639632724,-16.83140737708658,0.023268461227416992,0.0244140625
1241.0,1758,875008,45.0,0,1,0.0001,-0.032819108138937736,0.30583319067955017,0.006096381,13664,-0.005110570724355057,0.2,2.7121980818919837,-16.489272728413344,0.41197532415390015,0.0185546875
1236.5,1839,875520,45.0,0,1,0.0001,-0.03793744558424805,0.48128971457481384,0.0063649844,13672,-0.006910949996381532,0.2,1.6764883291907609,-15.853253678642213,0.35174113512039185,0.02587890625
1274.5,1779,876032,45.0,0,1,0.0001,-0.03491139465404558,0.40538492798805237,0.0083978865,13680,-0.0063220230003935285,0.2,2.3986491156974807,-14.492612045146524,0.41211873292922974,0.021240234375
1300.0,1771,876544,45.0,0,1,0.0001,-0.043678269674273906,0.06539692729711533,0.006737938,13688,-0.005655998538713902,0.2,1.405402128933929,-13.351458182707429,0.5732430517673492,0.0244140625
1259.5,1967,877056,45.0,0,1,0.0001,-0.03516485399813973,0.20170852541923523,0.004368228,13696,-0.003667046858026879,0.2,4.096056499518454,-12.91802650090307,0.6206037402153015,0.017822265625
1252.5,1862,877568,45.0,0,1,0.0001,-0.01739569366509386,0.09019487351179123,0.0034569954,13704,-0.0026444126742717344,0.2,0.9663009406649508,-12.795963695533574,0.6877290606498718,0.010498046875
1311.0,1868,878080,45.0,0,1,0.0001,-0.038043316333642,0.2797299325466156,0.021348916,13712,-0.010176164934819099,0.2,1.1548059253836982,-12.946124065853656,0.549880713224411,0.034423828125
1311.0,1760,878592,45.0,0,1,0.0001,-0.02820652259288181,0.3379007577896118,0.013636179,13720,-0.0046860211332386825,0.2,2.4226578512461856,-13.336482082605363,0.7469885349273682,0.01513671875
1276.0,1493,879104,45.0,0,1,0.0001,-0.04081605578903691,0.35186049342155457,0.007543455,13728,-0.005362337113183457,0.2,1.59483200032264,-14.328492064923047,0.727975994348526,0.02880859375
1250.5,1751,879616,45.0,0,1,0.0001,-0.038660732192511205,1.6245218515396118,0.007404786,13736,-0.006108264373324346,0.2,1.6715386731666513,-15.166632747091352,0.7035192251205444,0.028076171875
1269.0,1823,880128,45.0,0,1,0.0001,-0.043321249746441026,0.5572081208229065,0.011070935,13744,-0.007899589250882855,0.2,2.165951199014671,-15.977497278377413,0.36005133390426636,0.031494140625
1245.5,1984,880640,45.0,0,1,0.0001,-0.03250641358499706,0.7316205501556396,0.0062677003,13752,-0.005252823182672728,0.2,3.1228429824113846,-16.566986375451087,0.5251818001270294,0.01513671875
1226.5,1862,881152,45.0,0,1,0.0001,-0.03208670275125769,0.09147622436285019,0.0055697216,13760,-0.008370144558284665,0.2,1.842100570909679,-17.016369716115296,0.6540794372558594,0.02197265625
1230.0,1999,881664,45.0,0,1,0.0001,-0.025996176244007074,0.14010055363178253,0.003790238,13768,-0.0038104632803879213,0.2,2.244239808176644,-16.880758479349314,0.7350671589374542,0.015625
1237.5,1829,882176,45.0,0,1,0.0001,-0.021448637064167997,0.12826955318450928,0.025355,13776,-0.0028975725508644246,0.2,0.6563537939800881,-16.928783718422054,0.7227029204368591,0.0146484375
1259.5,1793,882688,45.0,0,1,0.0001,-0.03289644808319281,0.4140770435333252,0.0036284826,13784,-0.004994340253688279,0.2,2.3546337531879544,-16.501368590183557,0.5556342899799347,0.013916015625
1288.0,1480,883200,45.0,0,1,0.0001,-0.03417924881432555,0.27502933144569397,0.005195222,13792,-0.004407808450196171,0.2,2.1451544037554413,-15.751145392358303,-0.35112857818603516,0.01513671875
1327.5,1772,883712,45.0,0,1,0.0001,-0.06880013939007767,0.9713361859321594,0.048281662,13800,-0.011268360693065915,0.2,5.309943710453808,-15.349395263567567,0.5199835896492004,0.052001953125
1320.5,1778,884224,45.0,0,1,0.0001,-0.03138280189887155,0.24477244913578033,0.011420062,13808,-0.00512852547399234,0.2,1.4980614128289744,-15.086491542719305,0.6797620356082916,0.019287109375
1356.5,1710,884736,45.0,0,1,0.0001,-0.044210220916284015,0.13675525784492493,0.0082006715,13816,-0.006609609728911892,0.2,1.923308597644791,-15.193981790356338,0.13443416357040405,0.026123046875
1355.0,1869,885248,45.0,0,1,0.0001,-0.058067866797500756,0.36278676986694336,0.010300931,13824,-0.005027372397307772,0.2,2.393510783324018,-15.886509230323135,0.36231303215026855,0.02685546875
1324.0,1854,885760,45.0,0,1,0.0001,-0.03911950483598048,1.893381118774414,0.0050853887,13832,-0.00766504455532413,0.2,4.7043860652484,-16.69541485566646,0.6290589570999146,0.018798828125
1309.5,2067,886272,45.0,0,1,0.0001,-0.027231905045482563,0.3320613503456116,0.011791446,13840,-0.005512367308256216,0.2,2.9687538736034185,-17.113404694385828,0.8229436278343201,0.017333984375
1299.0,1821,886784,45.0,0,1,0.0001,-0.022001094890583772,0.0881771445274353,0.006286962,13848,-0.0026670435872802045,0.2,1.7769721226068214,-17.31097514960915,0.47456252574920654,0.0087890625
1272.0,1906,887296,45.0,0,1,0.0001,-0.08178205098374747,0.17280028760433197,0.7233708,13856,-0.014300085851573385,0.2,1.3329551172209904,-17.49315628107637,0.5373649299144745,0.08740234375
1195.5,1789,887808,45.0,0,1,0.0001,-0.13220147014362738,214.8346405029297,0.01143405,13864,-0.0035024403914576396,0.2,888.1368972063065,-30.156624233163893,-0.04952359199523926,0.018310546875
1197.5,1730,888320,45.0,0,1,0.0001,-0.2517485464923084,323.9558410644531,0.003217969,13872,-0.003766585861740168,0.2,963.3026869297028,-43.82761760145426,0.34826886653900146,0.029052734375
1254.5,1827,888832,45.0,0,1,0.0001,-0.20390769868390635,170.1282196044922,0.0025184506,13880,-0.001705130845948588,0.2,587.978816151619,-52.07825948823243,0.48328542709350586,0.0126953125
1219.0,1780,889344,45.0,0,1,0.0001,-0.26264255680143833,107.07526397705078,0.009047577,13888,-0.0032972307162708603,0.2,544.8606579303741,-61.188309687003496,0.5063156187534332,0.042724609375
1202.5,2123,889856,45.0,0,1,0.0001,-0.3215880002826452,127.2004623413086,0.0068730754,13896,-0.007819600163202267,0.2,346.67568027973175,-67.79693451475352,0.4632806181907654,0.093505859375
1208.0,1787,890368,45.0,0,1,0.0001,-0.44024499086663127,223.98443603515625,0.010771755,13904,-0.01942432133364491,0.2,639.7485327720642,-80.22019893925636,0.3388475179672241,0.18701171875
1224.0,1909,890880,45.0,0,1,0.0001,-0.3142990649212152,84.88079833984375,0.011238926,13912,-0.02379243641917128,0.2,270.75493901968,-88.1102752000466,0.19425004720687866,0.25244140625
1243.0,1759,891392,45.0,0,1,0.0001,-0.3761471975594759,34.33840560913086,0.011638673,13920,-0.02184760199088487,0.2,219.4181804060936,-97.48025420498102,0.2737841010093689,0.2197265625
1314.5,1725,891904,45.0,0,1,0.0001,-0.2964057228527963,16.241561889648438,0.006289143,13928,-0.012028501863824204,0.2,58.38979913294315,-100.18389359328896,0.46212971210479736,0.09765625
1366.0,1364,892416,45.0,0,1,0.0001,-0.21896923991153017,8.189258575439453,0.006930772,13936,-0.013398849059740314,0.2,34.21570286899805,-92.08813905395567,0.6673192381858826,0.08251953125
1390.0,1544,892928,45.0,0,1,0.0001,-0.1915102825150825,21.207670211791992,0.027874548,13944,-0.024323663936229423,0.2,49.0866954177618,-82.33547173865139,0.6311331391334534,0.19921875
1406.5,1758,893440,45.0,0,1,0.0001,-0.13051373421330936,11.979864120483398,0.01351409,13952,-0.012242457574757282,0.2,30.600345589220524,-75.0705204931274,0.7335000336170197,0.044921875
1398.5,1738,893952,45.0,0,1,0.0001,-0.08141536303446628,16.502952575683594,0.019830488,13960,-0.008102128529571928,0.2,32.87815274298191,-66.10601959262043,0.5718969404697418,0.02734375
1437.0,1866,894464,45.0,0,1,0.0001,-0.08555230591446161,10.15122127532959,0.0036886106,13968,-0.0060457865038188174,0.2,41.92406986653805,-57.5233785514906,0.3429584503173828,0.02294921875
1475.0,1819,894976,45.0,0,1,0.0001,-0.05423907055956079,8.012596130371094,0.0033168835,13976,-0.0030263971457316075,0.2,53.01535312831402,-45.91807080905885,0.36908942461013794,0.016357421875
1445.0,1971,895488,45.0,0,1,0.0001,-0.027563017334614415,7.819732189178467,0.0006132865,13984,-0.0014258815954235615,0.2,28.60847108438611,-36.37906131591648,0.40826791524887085,0.006103515625
1447.5,1759,896000,45.0,0,1,0.0001,-0.036554240534314886,7.211134910583496,0.025290463,13992,-0.006813748615968507,0.2,29.422979705035686,-28.244409189634027,0.20925843715667725,0.02197265625
1418.0,1366,896512,45.0,0,1,0.0001,-0.036788930654438445,3.8673646450042725,0.0021707872,14000,-0.0022194158082129434,0.2,17.428850330412388,-22.82185416970402,0.46840471029281616,0.01611328125
1385.0,1980,897024,45.0,0,1,0.0001,-0.04752658871620952,1.5974112749099731,0.0040821536,14008,-0.004494671535212547,0.2,12.241111669689417,-20.159007065445184,0.5919061005115509,0.02197265625
1405.0,1509,897536,45.0,0,1,0.0001,-0.02917831921877223,2.3471081256866455,0.0009522983,14016,-0.003204353626642842,0.2,9.084625935181975,-16.97059390671551,0.6029215455055237,0.009765625
1393.5,1774,898048,45.0,0,1,0.0001,-0.037453245762662846,1.6194912195205688,0.005417353,14024,-0.0037864066107431427,0.2,7.0585336266085505,-15.765758636407554,0.6826806664466858,0.01953125
1434.0,1633,898560,45.0,0,1,0.0001,-0.03793838031924679,1.622353196144104,0.008673299,14032,-0.004452607063285541,0.2,6.430229038931429,-15.575897762812675,0.6637133061885834,0.021728515625
1370.0,1929,899072,45.0,0,1,0.0001,-0.052278014834882924,1.4133816957473755,0.0063688895,14040,-0.008240313189162407,0.2,7.744006551802158,-15.84757038142532,0.2790988087654114,0.024658203125
1334.0,1944,899584,45.0,0,1,0.0001,-0.030019343852472957,2.1050918102264404,0.007005498,14048,-0.0055312857730314136,0.2,6.859024086967111,-16.46290473539382,0.4223775863647461,0.02001953125
1318.0,2187,900096,45.0,0,1,0.0001,-0.019469276476229425,1.9861177206039429,0.016798245,14056,-0.003362108316650847,0.2,6.77842753380537,-16.994691343419255,0.1246994137763977,0.010498046875
1305.5,1776,900608,45.0,0,1,0.0001,-0.024783551445580088,1.147719383239746,0.010232955,14064,-0.004165735859714914,0.2,7.865819258615375,-17.149076161719858,0.3278946280479431,0.0185546875
1260.5,1354,901120,45.0,0,1,0.0001,-0.03611814402756863,1.0415809154510498,0.019982478,14072,-0.006360036160913296,0.2,5.826876045204699,-17.16959005307406,0.2360546588897705,0.018310546875
1240.5,1901,901632,45.0,0,1,0.0001,-0.04381352126074489,0.9025686979293823,0.0070606135,14080,-0.0049045584091800265,0.2,3.8630922767333686,-16.93187843620777,0.569364070892334,0.020751953125
1232.5,1767,902144,45.0,0,1,0.0001,-0.04074431606568396,1.1713472604751587,0.016423631,14088,-0.007307353756914381,0.2,3.786372715141624,-16.76775629736483,0.5051143169403076,0.02685546875
1260.0,1741,902656,45.0,0,1,0.0001,-0.030485425084407325,1.129502773284912,0.004247873,14096,-0.003374161409738008,0.2,3.8839838043786585,-16.161395651251077,0.6793355047702789,0.016357421875
1275.0,1714,903168,45.0,0,1,0.0001,-0.03654338457636186,0.3490447700023651,0.026542976,14104,-0.006741155419149436,0.2,2.7475725424010307,-15.688149236291647,0.68244469165802,0.026611328125
1293.5,1991,903680,45.0,0,1,0.0001,-0.03688060213607969,0.8993474245071411,0.0038413706,14112,-0.0048412577525596134,0.2,4.183221451938152,-15.075817954614758,0.5099032521247864,0.01904296875
1310.5,2075,904192,45.0,0,1,0.0001,-0.023474804178476916,0.4045239984989166,0.0076370295,14120,-0.00603755146585172,0.2,3.09373778430745,-14.882547571957112,0.2708098292350769,0.0166015625
1360.0,1569,904704,45.0,0,1,0.0001,-0.024718231868973817,0.8504005074501038,0.005699511,14128,-0.006075627541576978,0.2,2.8830442866310477,-14.928256083205342,0.35743117332458496,0.017578125
1372.5,1733,905216,45.0,0,1,0.0001,-0.05458116346926545,1.9537079334259033,0.02227418,14136,-0.010880546215048525,0.2,12.368468070402741,-15.763543351590634,0.22444802522659302,0.03759765625
1363.5,1330,905728,45.0,0,1,0.0001,-0.042148950989940204,1.511501431465149,0.008639652,14144,-0.004020695723738754,0.2,5.314833420328796,-16.437796795144678,0.31656068563461304,0.01953125
1384.5,1742,906240,45.0,0,1,0.0001,-0.06325465797999641,0.7947237491607666,0.011829562,14152,-0.006833581326645799,0.2,4.887280859053135,-17.4352329582721,0.4124194383621216,0.032958984375
1370.0,1758,906752,45.0,0,1,0.0001,-0.057192110376490746,0.4740246534347534,0.0050304676,14160,-0.004877613700955408,0.2,4.6105894153006375,-17.44718897871673,-0.456609845161438,0.025146484375
1372.5,1791,907264,45.0,0,1,0.0001,-0.048047625401522964,0.5000194311141968,0.024388935,14168,-0.010636157705448568,0.2,3.198268452193588,-18.415155389010906,0.2836452126502991,0.03271484375
1353.0,1843,907776,45.0,0,1,0.0001,-0.057067826735874405,0.7950531244277954,0.020730061,14176,-0.009386671234096866,0.2,3.789048488251865,-18.687838264107704,0.4841797947883606,0.040283203125
1310.0,2015,908288,45.0,0,1,0.0001,-0.0507695132146182,0.34683167934417725,0.011784913,14184,-0.006637252590735443,0.2,4.177790175657719,-19.15624719042331,0.18936097621917725,0.03515625
1270.0,2105,908800,45.0,0,1,0.0001,-0.025919578081811778,0.40730029344558716,0.0050338274,14192,-0.0033366584866598714,0.2,3.650010018609464,-18.84366775956005,0.645192563533783,0.017578125
1241.5,1811,909312,45.0,0,1,0.0001,-0.02742228606257413,0.22764869034290314,0.0046189753,14200,-0.002926238172221929,0.2,2.0943625732325017,-18.100059601105748,-0.06207287311553955,0.012939453125
1236.0,1849,909824,45.0,0,1,0.0001,-0.05247377929481445,0.5885156989097595,0.0072592767,14208,-0.007584974970086478,0.2,2.959885614924133,-17.090820989459754,0.13039004802703857,0.027587890625
1252.0,1751,910336,45.0,0,1,0.0001,-0.04753756777790841,0.8442091345787048,0.007407393,14216,-0.0072157864524342585,0.2,3.0157185895368457,-16.28511514466256,0.0007432103157043457,0.020751953125
1256.5,1735,910848,45.0,0,1,0.0001,-0.06554927528486587,0.8907739520072937,0.0069828555,14224,-0.00784010410279734,0.2,3.2862723232246935,-15.429849059917032,0.5219971835613251,0.03271484375
1253.0,1802,911360,45.0,0,1,0.0001,-0.05254582580710121,0.4291403889656067,0.006052844,14232,-0.0055309716844931245,0.2,3.4918013918213546,-15.177779633291065,0.2961081862449646,0.02978515625
1229.5,1748,911872,45.0,0,1,0.0001,-0.030934833295759745,0.1551329791545868,0.0035423979,14240,-0.004452280518307816,0.2,2.3415463699493557,-15.208494466915727,0.4599837064743042,0.012451171875
1265.0,1908,912384,45.0,0,1,0.0001,-0.051925362487963866,0.2593404948711395,0.008432098,14248,-0.0077718996471958235,0.2,2.535153045784682,-15.764740159064532,0.4583829641342163,0.031982421875
1284.5,1930,912896,45.0,0,1,0.0001,-0.034081937998053036,0.5287079811096191,0.006014282,14256,-0.00470980851969216,0.2,2.8224665112793446,-16.067479602880777,0.454034686088562,0.01416015625
1302.0,2012,913408,45.0,0,1,0.0001,-0.03046592202372267,0.4061512351036072,0.00698854,14264,-0.005803096930321772,0.2,2.4539063710253686,-16.230598792396485,0.6068843305110931,0.019775390625
1357.5,1711,913920,45.0,0,1,0.0001,-0.028788886207621545,0.23238062858581543,0.0036379828,14272,-0.005815012840685085,0.2,1.4674107730388641,-16.633965986520053,0.3607408404350281,0.013671875
1378.0,1344,914432,45.0,0,1,0.0001,-0.0530993964348454,0.29644542932510376,0.008620614,14280,-0.007905420730821788,0.2,2.716460577212274,-17.06736066672951,0.4031867980957031,0.032958984375
1311.5,1804,914944,45.0,0,1,0.0001,-0.05155431525781751,0.15251022577285767,0.00515921,14288,-0.005535393698664848,0.2,2.1076853044796735,-16.924538557752967,0.0506587028503418,0.02685546875
1323.0,1706,915456,45.0,0,1,0.0001,-0.050740030375891365,0.5395520925521851,0.01415001,14296,-0.0071220129320863634,0.2,4.8002358542289585,-17.24650600478053,0.3680376410484314,0.02587890625
1333.5,1835,915968,45.0,0,1,0.0001,-0.05282401899603428,0.4436917304992676,0.00976633,14304,-0.00670346942206379,0.2,4.343522576615214,-17.367317424044014,0.22760170698165894,0.02587890625
1363.5,1671,916480,45.0,0,1,0.0001,-0.02887570418533869,0.17127975821495056,0.007355038,14312,-0.00519798748428002,0.2,2.1266386844217777,-17.258237825669347,0.48095279932022095,0.016845703125
1366.0,1812,916992,45.0,0,1,0.0001,-0.058523511281237006,0.7839547991752625,0.004973403,14320,-0.007704195690166671,0.2,2.7920494601130486,-17.06059775147587,0.5992603003978729,0.02685546875
1366.0,2080,917504,45.0,0,1,0.0001,-0.03178221696725814,0.49365437030792236,0.0046441723,14328,-0.005233270756434649,0.2,3.3380202194675803,-16.915597000457346,0.6542139947414398,0.02001953125
1341.5,1922,918016,45.0,0,1,0.0001,-0.02221440740140679,0.5924960970878601,0.0033892475,14336,-0.003737753795576282,0.2,1.5374550893902779,-16.665570297650994,0.616197258234024,0.0146484375
1332.5,1424,918528,45.0,0,1,0.0001,-0.02996191239799373,0.3481334447860718,0.0076294015,14344,-0.006658573900494957,0.2,2.123734137509018,-16.541746149063112,0.498928427696228,0.020751953125
1378.0,1532,919040,45.0,0,1,0.0001,-0.03705679023369157,0.1665673851966858,0.016084623,14352,-0.007623295296070864,0.2,1.7426854469813406,-16.339922740906477,0.46040308475494385,0.02099609375
1410.0,1637,919552,45.0,0,1,0.0001,-0.04856244066468207,0.22761274874210358,0.011487365,14360,-0.007941956369904801,0.2,1.3942713390570134,-16.35702121540904,0.5005534887313843,0.02783203125
1426.0,1647,920064,45.0,0,1,0.0001,-0.04801050755850156,1.5920544862747192,0.007485035,14368,-0.004193166667391779,0.2,2.2451223293319345,-15.77586808525026,0.5109292566776276,0.020263671875
1453.0,1830,920576,45.0,0,1,0.0001,-0.03633219299263146,0.2544082999229431,0.010343468,14376,-0.008982293045846745,0.2,1.4390980214811862,-15.610008362196385,0.2342967391014099,0.027587890625
1430.5,1761,921088,45.0,0,1,0.0001,-0.02684370587758167,0.22868914902210236,0.0065436717,14384,-0.004505355289438739,0.2,1.3058732707286254,-15.550161102823914,0.6137315630912781,0.013916015625
1455.0,1786,921600,45.0,0,1,0.0001,-0.04245269267994445,0.32058125734329224,0.006443598,14392,-0.0054186023626243696,0.2,2.7110420728567988,-15.986755213402212,0.49818676710128784,0.021240234375
1476.0,1871,922112,45.0,0,1,0.0001,-0.03753619803865149,2.106511116027832,0.003686909,14400,-0.008622736480901949,0.2,7.076554724946618,-16.45387381669134,0.6080228090286255,0.025146484375
1464.0,1883,922624,45.0,0,1,0.0001,-0.030738988594748662,0.5396963953971863,0.014999335,14408,-0.007718472432316048,0.2,2.757730448851362,-16.912772199101745,0.6618588268756866,0.01904296875
1464.0,1876,923136,45.0,0,1,0.0001,-0.03970297196065076,0.34014376997947693,0.007585632,14416,-0.006083787564421073,0.2,3.138052594382316,-16.935823285281657,0.3478085994720459,0.024658203125
1427.0,1751,923648,45.0,0,1,0.0001,-0.03378651725870441,0.20150922238826752,0.005795151,14424,-0.005031766741012689,0.2,1.7230964156333357,-17.072130417041482,0.6564164161682129,0.015869140625
1384.5,1710,924160,45.0,0,1,0.0001,-0.041703441219397064,0.281803160905838,0.016349932,14432,-0.005862165096914396,0.2,1.9822427823673934,-17.136035055965184,0.6904642879962921,0.021484375
1392.5,1740,924672,45.0,0,1,0.0001,-0.03234935487307666,0.7496360540390015,0.003916058,14440,-0.003979995584813878,0.2,2.943919674726203,-17.76937368351966,0.44214391708374023,0.01513671875
1367.5,1851,925184,45.0,0,1,0.0001,-0.0292376139004773,0.21396629512310028,0.0019821934,14448,-0.004657531186239794,0.2,1.758806698024273,-17.58393359489739,0.5527072548866272,0.015380859375
1345.5,1780,925696,45.0,0,1,0.0001,-0.03248076980889891,0.3190557360649109,0.009738624,14456,-0.004605389915013802,0.2,1.577215124387294,-17.28639492675662,0.6237031817436218,0.02734375
1259.5,2032,926208,45.0,0,1,0.0001,-0.04287324724646169,0.5897300243377686,0.004548987,14464,-0.007034240785287693,0.2,3.5500807617790997,-17.00005753464997,0.4574623703956604,0.0234375
1220.0,2094,926720,45.0,0,1,0.0001,-0.016372906301512558,0.19414985179901123,0.013088038,14472,-0.001521048354334198,0.2,1.7553093321621418,-16.369197647720576,0.7920503914356232,0.012939453125
1145.5,2084,927232,45.0,0,1,0.0001,-0.021188241687923437,0.11836399883031845,0.008931493,14480,-0.005583949503488839,0.2,0.8629577674728353,-16.078193870186805,0.7335628867149353,0.010498046875
1147.0,1849,927744,45.0,0,1,0.0001,-0.020406085470312973,0.22475355863571167,0.017816067,14488,-0.005557111115194857,0.2,1.34580607234966,-16.40959529876709,0.6104551553726196,0.021728515625
1178.5,1796,928256,45.0,0,1,0.0001,-0.08419954175769817,0.4636443257331848,0.7139714,14496,-0.018764046821161173,0.2,3.1424749221187085,-16.468019806705414,0.18931537866592407,0.15185546875
1151.5,1883,928768,45.0,0,1,0.0001,-0.2249913897830993,272.8226623535156,0.0012245363,14504,0.0008255042775999755,0.2,1089.43944978714,-28.19504660692066,-0.03684842586517334,0.017822265625
1120.5,1902,929280,45.0,0,1,0.0001,-0.22655097057577223,130.7554168701172,0.00089416513,14512,-0.002495228538464289,0.2,711.2912143468857,-43.16599755313248,0.35059505701065063,0.027587890625
1095.5,1837,929792,45.0,0,1,0.0001,-0.26725112763233483,173.23411560058594,0.0039578206,14520,-0.0066948959720321,0.2,633.6254991292953,-54.8514093720913,0.4568832516670227,0.072509765625
1102.0,1918,930304,45.0,0,1,0.0001,-0.2993751564063132,130.31944274902344,0.007534609,14528,-0.009279682424676139,0.2,610.6943309307098,-66.66041522286832,0.4607425928115845,0.088134765625
1142.5,1889,930816,45.0,0,1,0.0001,-0.34771414555143565,201.45008850097656,0.0080007985,14536,-0.013918677323090378,0.2,589.8605439662933,-77.71773871205747,0.3409789800643921,0.155517578125
1117.0,2180,931328,45.0,0,1,0.0001,-0.32363333413377404,63.14986038208008,0.009147381,14544,-0.014528680498187896,0.2,218.62732630968094,-87.41061423495412,0.47557663917541504,0.20166015625
1180.5,1868,931840,45.0,0,1,0.0001,-0.3961466373875737,66.9811019897461,0.014876878,14552,-0.020400154317030683,0.2,170.8535059094429,-97.02993876054883,0.3535131812095642,0.208984375
1177.5,1417,932352,45.0,0,1,0.0001,-0.28752915165387094,12.543889999389648,0.008642361,14560,-0.01611044624587521,0.2,51.554884150624275,-101.43020245037972,0.3766353130340576,0.111328125
1175.0,1671,932864,45.0,0,1,0.0001,-0.22307579341577366,9.357858657836914,0.01089406,14568,-0.013132030668202788,0.2,37.26429957896471,-101.81554808564483,0.6689842045307159,0.09130859375
1228.5,1643,933376,45.0,0,1,0.0001,-0.17408738157246262,14.430392265319824,0.0052224034,14576,-0.012139365026087034,0.2,39.89403949677944,-90.33669277250766,0.6691818535327911,0.059814453125
1270.0,1801,933888,45.0,0,1,0.0001,-0.09701387985842302,12.170687675476074,0.050842177,14584,-0.015550057018117514,0.2,31.56168869137764,-77.99197572395205,0.7670955657958984,0.05615234375
1258.0,1673,934400,45.0,0,1,0.0001,-0.05338366187061183,7.783238887786865,0.0052089635,14592,-0.004071305709658191,0.2,38.07673331350088,-65.48884655751289,0.6574139595031738,0.015380859375
1359.0,1766,934912,45.0,0,1,0.0001,-0.051840795822499786,9.697866439819336,0.003147318,14600,-0.0018844143851310946,0.2,32.833230033516884,-55.69232671350241,0.2874724864959717,0.013671875
1395.5,1830,935424,45.0,0,1,0.0001,-0.03910721117426874,10.702024459838867,0.0010636264,14608,-0.0018333351763430983,0.2,40.55871992558241,-43.05474335744977,0.4427570104598999,0.008056640625
1444.5,1945,935936,45.0,0,1,0.0001,-0.033698205967084505,5.889603137969971,0.0027919281,14616,-0.0008583217786508612,0.2,26.943616699427366,-33.004268306046725,0.5302094221115112,0.00537109375
1450.0,1386,936448,45.0,0,1,0.0001,-0.04008064955996815,12.044174194335938,0.00076394796,14624,-0.0017547162206028588,0.2,28.021934911608696,-24.692449269145726,0.28142285346984863,0.007080078125
1500.0,1614,936960,45.0,0,1,0.0001,-0.05365340451680822,4.136553764343262,0.00669783,14632,-0.006226650635653641,0.2,18.011460427194834,-21.00447180904448,0.49281013011932373,0.034423828125
1522.5,1766,937472,45.0,0,1,0.0001,-0.04437834330747137,4.973933696746826,0.0069228956,14640,-0.002414643022348173,0.2,15.15039100125432,-17.84538646094501,0.4029543995857239,0.014404296875
1531.0,1742,937984,45.0,0,1,0.0001,-0.03501722271903418,11.381636619567871,0.0076398943,14648,-0.004104709812963847,0.2,15.342870600521564,-17.259268463514744,0.30095845460891724,0.0146484375
1514.5,1822,938496,45.0,0,1,0.0001,-0.04249613884894643,3.2581470012664795,0.003779213,14656,-0.003869862990541151,0.2,11.201217215508223,-17.176730447523298,0.20685410499572754,0.017822265625
1506.5,1858,939008,45.0,0,1,0.0001,-0.036579965526470914,2.5569701194763184,0.0116720265,14664,-0.0036392251204233617,0.2,9.59935237839818,-18.12667814489454,0.4437520503997803,0.01806640625
1392.0,1867,939520,45.0,0,1,0.0001,-0.041202909902494866,0.8688392639160156,0.0060494975,14672,-0.0061059711733832955,0.2,8.972247526980937,-18.085321450047196,0.2810201048851013,0.017822265625
1416.0,1880,940032,45.0,0,1,0.0001,-0.02878255800169427,3.313218593597412,0.0035070824,14680,-0.0022559234930668026,0.2,9.66842582821846,-18.17683141823858,0.4932376742362976,0.0107421875
1385.0,2007,940544,45.0,0,1,0.0001,-0.026945485067699337,1.6323639154434204,0.0030559949,14688,-0.0035310779785504565,0.2,7.2584762293845415,-18.28756378468126,0.28302258253097534,0.01123046875
1393.0,1340,941056,45.0,0,1,0.0001,-0.04014100521453656,1.5922322273254395,0.018359397,14696,-0.007149350469262572,0.2,4.868362540379167,-18.138147829957305,0.6557583510875702,0.02978515625
1398.0,1635,941568,45.0,0,1,0.0001,-0.06688998758909293,0.5606380701065063,0.010070222,14704,-0.004891867836704478,0.2,4.570625519379973,-18.10566605683416,0.3704814910888672,0.02197265625
1350.5,1737,942080,45.0,0,1,0.0001,-0.046363286608539056,0.7800530791282654,0.0032308996,14712,-0.0037245196945150383,0.2,3.603446761611849,-17.63673960957676,0.6004585921764374,0.019287109375
1330.5,1659,942592,45.0,0,1,0.0001,-0.05370860383482068,0.7822821140289307,0.0037064762,14720,-0.006512723350169836,0.2,6.667842331342399,-16.796508485004306,0.4288980960845947,0.02294921875
1348.0,1847,943104,45.0,0,1,0.0001,-0.05279807072292897,0.9474128484725952,0.004001993,14728,-0.007495713551179506,0.2,5.886212597601116,-16.940371777564287,0.05761301517486572,0.023681640625
1334.5,1869,943616,45.0,0,1,0.0001,-0.05245480538360425,0.9244068264961243,0.005553272,14736,-0.00648956900840858,0.2,5.118937723338604,-17.072170709893108,0.25499022006988525,0.03173828125
1369.0,1802,944128,45.0,0,1,0.0001,-0.06359620061266469,1.0413655042648315,0.004582188,14744,-0.009580186269886326,0.2,6.445061350241303,-17.688966446593405,0.6479621827602386,0.03076171875
1346.0,1973,944640,45.0,0,1,0.0001,-0.0401319753327698,2.6140263080596924,0.022298567,14752,-0.009775376514880918,0.2,7.036297392100096,-18.663220108896493,0.5658820271492004,0.03466796875
1314.5,1469,945152,45.0,0,1,0.0001,-0.027162046751982416,0.8656488656997681,0.006061095,14760,-0.005439317115815356,0.2,4.497588902711868,-18.86463970512152,0.06759780645370483,0.016845703125
1309.0,1754,945664,45.0,0,1,0.0001,-0.03250679400116496,0.4369215965270996,0.004639888,14768,-0.0027861959133588243,0.2,3.149323174264282,-18.556291177794336,0.344598650932312,0.01025390625
1268.5,1648,946176,45.0,0,1,0.0001,-0.04785684042144567,0.26538902521133423,0.025835995,14776,-0.0035385310475248843,0.2,3.3195092594251037,-18.31312851704657,-0.5833441019058228,0.029296875
1254.5,1896,946688,45.0,0,1,0.0001,-0.05108622913394356,0.233342245221138,0.009204939,14784,-0.005203070388233755,0.2,3.036195958033204,-17.657914653494956,0.5451116561889648,0.01513671875
1250.5,1602,947200,45.0,0,1,0.0001,-0.11494884130661376,0.15646643936634064,0.041108787,14792,-0.007333102479606168,0.2,2.1525196816655807,-17.48486870393157,0.6570383608341217,0.087158203125
1314.0,1675,947712,45.0,0,1,0.0001,-0.19604525476461276,15.371908187866211,0.010173553,14800,-0.013332013579201885,0.2,38.74446128308773,-19.150302252471448,0.33076125383377075,0.08154296875
1314.5,1843,948224,45.0,0,1,0.0001,-0.1055233956722077,6.166229724884033,0.056551713,14808,-0.01927608926780522,0.2,15.706965081393719,-20.44373465165496,0.05191159248352051,0.04296875
1329.0,1906,948736,45.0,0,1,0.0001,-0.05093482033407781,1.0848727226257324,0.008611696,14816,-0.005355601228075102,0.2,6.069448599591851,-20.74362027131021,-0.27823948860168457,0.019775390625
1309.5,2067,949248,45.0,0,1,0.0001,-0.030046153668081388,1.4703510999679565,0.006362046,14824,-0.003962952949223109,0.2,5.683428863063455,-21.07061316564679,0.5914372801780701,0.015625
1296.0,1483,949760,45.0,0,1,0.0001,-0.019810023906757124,1.7544493675231934,0.009886731,14832,-0.0033595149907341693,0.2,5.655456278473139,-21.178804192245007,0.4301319718360901,0.010009765625
1294.0,1786,950272,45.0,0,1,0.0001,-0.0388704435681575,0.9830732941627502,0.0079142805,14840,-0.005606297141639516,0.2,5.9389397744089365,-21.473168480843306,0.45071524381637573,0.01708984375
1299.0,1931,950784,45.0,0,1,0.0001,-0.07479601344675757,0.5999533534049988,0.3190336,14848,-0.011123223310278263,0.2,3.8122870626393706,-21.287936608605087,-0.6724311113357544,0.05810546875
1329.0,1786,951296,45.0,0,1,0.0001,-0.13788937771460041,287.0650329589844,0.00032919145,14856,0.0005075630251667462,0.2,1296.1411728858948,-36.5979914848879,-0.0012462139129638672,0.010498046875
1295.0,1777,951808,45.0,0,1,0.0001,-0.17920576297910884,116.03147888183594,0.016485212,14864,-0.00395722828397993,0.2,634.0979024171829,-46.18494601931423,0.35711967945098877,0.013916015625
1241.5,1838,952320,45.0,0,1,0.0001,-0.2744815980549902,96.97745513916016,0.0039600614,14872,-0.00642408926069038,0.2,417.32201397418976,-53.92443337310105,0.6049258708953857,0.072021484375
1174.0,2060,952832,45.0,0,1,0.0001,-0.31464950169902295,195.51402282714844,0.004954864,14880,-0.010491568667930551,0.2,499.0205317735672,-61.9118073817715,0.5905075669288635,0.07861328125
1185.0,1893,953344,45.0,0,1,0.0001,-0.4153088475577533,180.27780151367188,0.010562955,14888,-0.015603193391143577,0.2,702.8450443744659,-76.00653787035495,0.4420353174209595,0.161865234375
1184.5,2099,953856,45.0,0,1,0.0001,-0.3628209816524759,115.60484313964844,0.011762116,14896,-0.019954492403485347,0.2,323.3097857236862,-85.9763177940622,0.38257747888565063,0.227294921875
1217.0,1353,954368,45.0,0,1,0.0001,-0.4003416521009058,68.27958679199219,0.013244411,14904,-0.015471495913516264,0.2,204.50195401906967,-96.38959572631866,0.4779239296913147,0.24609375
1274.5,1627,954880,45.0,0,1,0.0001,-0.2794132309500128,32.50395584106445,0.0111292135,14912,-0.02104804262489779,0.2,68.58421018719673,-102.31493190228939,0.526065856218338,0.16650390625
1280.5,1832,955392,45.0,0,1,0.0001,-0.1825899930554442,12.952194213867188,0.0061778594,14920,-0.012095194375433493,0.2,35.30521449446678,-103.27177252799272,0.731120228767395,0.060791015625
1305.5,1659,955904,45.0,0,1,0.0001,-0.14679205266293138,20.557008743286133,0.06581986,14928,-0.023909029441711027,0.2,43.68885400891304,-91.11304649487138,0.6937002837657928,0.200927734375
1250.5,1789,956416,45.0,0,1,0.0001,-0.08450942891067825,7.015148639678955,0.011141395,14936,-0.009913411471643485,0.2,34.65049220621586,-81.32952176816761,0.7932556867599487,0.023681640625
1275.5,1836,956928,45.0,0,1,0.0001,-0.05553173128282651,7.904331684112549,0.0073687523,14944,-0.003736794227734208,0.2,41.88005901873112,-72.83147410653531,0.6834545731544495,0.015625
1257.0,2042,957440,45.0,0,1,0.0001,-0.05808619906019885,8.967619895935059,0.007229721,14952,-0.004084699125087354,0.2,36.61486876010895,-61.2071281311661,0.5443959832191467,0.017822265625
1271.5,1893,957952,45.0,0,1,0.0001,-0.031352671125205234,12.527369499206543,0.0035961668,14960,-0.0031769879860803485,0.2,63.409058287739754,-47.78805786073208,0.33363640308380127,0.015869140625
1260.0,2009,958464,45.0,0,1,0.0001,-0.02149759182429989,6.0224199295043945,0.0015419268,14968,-0.0030448439938481897,0.2,35.1729500181973,-36.62101258173585,0.537755012512207,0.012939453125
1269.5,1363,958976,45.0,0,1,0.0001,-0.021888413786655292,7.700206756591797,0.001238497,14976,-0.0019805827250820585,0.2,29.913458041846752,-26.72101773247123,0.580255925655365,0.004638671875
1232.5,1688,959488,45.0,0,1,0.0001,-0.037007591206929646,5.372093200683594,0.0036877175,14984,-0.0024389765530941077,0.2,18.518828384578228,-20.65148940384388,0.6244268417358398,0.017578125
1241.5,1704,960000,45.0,0,1,0.0001,-0.0533920727102668,4.039950847625732,0.0132415015,14992,-0.006381789848092012,0.2,16.91506127640605,-18.64676638126373,0.6921013593673706,0.0283203125
1249.5,1775,960512,45.0,0,1,0.0001,-0.02892282863103901,3.054892063140869,0.0043400554,15000,-0.0033390721218893304,0.2,12.754134252667427,-14.784934960827231,0.625919908285141,0.010498046875
1257.5,1901,961024,45.0,0,1,0.0001,-0.039616679980099434,2.361673593521118,0.008335682,15008,-0.004009809177659918,0.2,8.287784347310662,-14.527624443769454,0.6568249464035034,0.018798828125
1226.0,1859,961536,45.0,0,1,0.0001,-0.02960812554010772,3.2986536026000977,0.007691802,15016,-0.0038182261341717094,0.2,9.941974744200706,-14.70301207318902,0.4120177626609802,0.01611328125
1288.0,1776,962048,45.0,0,1,0.0001,-0.04008263505238574,3.4226584434509277,0.0069733886,15024,-0.0050170572503702715,0.2,8.340993363410234,-15.004865285083651,0.2045254111289978,0.0224609375
1267.5,1978,962560,45.0,0,1,0.0001,-0.0358118856765941,1.7590110301971436,0.010423185,15032,-0.007516092067817226,0.2,8.06143251620233,-15.809785843379796,0.42356443405151367,0.0205078125
1251.5,2067,963072,45.0,0,1,0.0001,-0.014001836647366872,1.4839028120040894,0.00052207883,15040,-0.0017856051272246987,0.2,5.2909488352015615,-16.47331850644201,0.4712265133857727,0.003662109375
1236.5,1869,963584,45.0,0,1,0.0001,-0.020064530675881542,1.4431886672973633,0.0046707974,15048,-0.0020207537163514644,0.2,5.191934715025127,-17.125337466932834,0.5909903943538666,0.008544921875
1191.5,1708,964096,45.0,0,1,0.0001,-0.032230117394647095,0.39928627014160156,0.005939758,15056,-0.0032891206865315326,0.2,4.568863466382027,-17.338942676894366,0.4875221848487854,0.013916015625
1164.5,1847,964608,45.0,0,1,0.0001,-0.042118652585486416,1.4636980295181274,0.01360125,15064,-0.006323972229438368,0.2,5.982048847712576,-17.88454007256776,0.5702075064182281,0.02490234375
1166.5,1774,965120,45.0,0,1,0.0001,-0.04967605548154097,0.46764567494392395,0.016557068,15072,-0.006095302160247229,0.2,4.722126102540642,-18.11512579780072,0.6927561163902283,0.029052734375
1198.5,1877,965632,45.0,0,1,0.0001,-0.0460702250347822,0.6047782301902771,0.008490278,15080,-0.005289559514494613,0.2,4.172220695763826,-17.994437015838923,0.6274803578853607,0.019287109375
1212.5,1697,966144,45.0,0,1,0.0001,-0.036210925554769346,1.1501163244247437,0.0040798853,15088,-0.004141519511904335,0.2,4.221805514767766,-18.306890418939293,0.19223201274871826,0.014892578125
1231.5,1861,966656,45.0,0,1,0.0001,-0.05072485000710003,0.8727755546569824,0.0043494897,15096,-0.004221628521918319,0.2,5.181749226525426,-18.378735908828677,0.367159366607666,0.01708984375
1232.0,2072,967168,45.0,0,1,0.0001,-0.022488951945888402,1.1844985485076904,0.0036536583,15104,-0.0027607638912741095,0.2,4.211206064559519,-18.208072502464056,0.36118054389953613,0.009521484375
1251.0,1464,967680,45.0,0,1,0.0001,-0.014061816357752832,1.5223443508148193,0.0036285871,15112,-0.00400886926217936,0.2,4.648413109593093,-17.917545283436777,0.15248030424118042,0.010986328125
1273.0,1802,968192,45.0,0,1,0.0001,-0.030895705356670078,0.8802573680877686,0.011668291,15120,-0.00416591656539822,0.2,3.739058923907578,-17.530619732253253,0.3774884343147278,0.017333984375
1274.0,1714,968704,45.0,0,1,0.0001,-0.03314887661690591,0.4350578784942627,0.00534882,15128,-0.003930654158466496,0.2,2.3807172011584044,-17.18187759887427,-0.045264363288879395,0.01708984375
1325.0,1693,969216,45.0,0,1,0.0001,-0.042089492997547495,0.38665223121643066,0.00529569,15136,-0.0019340703292982653,0.2,2.7226741020567715,-16.898357983343303,0.5440009534358978,0.013671875
1333.5,1737,969728,45.0,0,1,0.0001,-0.041487105894702836,0.46690452098846436,0.010088824,15144,-0.007080269891957869,0.2,2.3062338510062546,-16.534351600371302,0.6660732626914978,0.028076171875
1356.0,1877,970240,45.0,0,1,0.0001,-0.053072215618158225,0.6429539918899536,0.00643435,15152,-0.00712920266596484,0.2,4.069470084737986,-16.559771930761634,0.12035685777664185,0.03173828125
1343.0,1661,970752,45.0,0,1,0.0001,-0.0393705196584051,0.7434971332550049,0.0063466704,15160,-0.006097034573031124,0.2,3.780006312765181,-16.183808287419378,0.3476012349128723,0.021240234375
1338.5,1902,971264,45.0,0,1,0.0001,-0.06348830192655441,0.9280939102172852,0.0145252785,15168,-0.011277499375864863,0.2,3.5962289315648377,-16.107841016165914,0.38365817070007324,0.028564453125
1392.0,1861,971776,45.0,0,1,0.0001,-0.03140093976253411,1.1097856760025024,0.0068366816,15176,-0.005081565897853579,0.2,4.468545515090227,-16.222119340486824,0.6656599342823029,0.02197265625
1429.5,1361,972288,45.0,0,1,0.0001,-0.05503595176196541,1.5453873872756958,0.014295246,15184,-0.006776095047825947,0.2,4.773402953520417,-16.90910350974649,0.6149562001228333,0.0244140625
1391.0,1773,972800,45.0,0,1,0.0001,-0.05002076379969367,1.102842926979065,0.008628287,15192,-0.007991362195753027,0.2,5.3897209176793694,-17.446686057336628,0.5536084175109863,0.025634765625
1410.5,1653,973312,45.0,0,1,0.0001,-0.044514807685118285,0.9443309307098389,0.0048656776,15200,-0.003095328760537086,0.2,3.3507883180864155,-17.85982878740877,0.3203578591346741,0.01904296875
1338.5,1826,973824,45.0,0,1,0.0001,-0.0485824505740311,1.1757307052612305,0.010244479,15208,-0.009747035124746617,0.2,3.554279036819935,-18.77936920527369,0.40353256464004517,0.026611328125
1285.0,1887,974336,45.0,0,1,0.0001,-0.04698750806346652,0.48111140727996826,0.009617704,15216,-0.010262651998345973,0.2,2.546056313905865,-19.25693064253777,0.49052202701568604,0.0361328125
1238.5,1902,974848,45.0,0,1,0.0001,-0.03532820775581058,0.2567318379878998,0.012589681,15224,-0.007972977218742017,0.2,2.2260132748633623,-19.52202926080674,0.533096045255661,0.032470703125
1251.0,1886,975360,45.0,0,1,0.0001,-0.04337830009717436,0.18816547095775604,0.010949032,15232,-0.010540437513554934,0.2,3.1344042532145977,-19.512253859452905,0.641499936580658,0.035400390625
1247.0,1943,975872,45.0,0,1,0.0001,-0.023801909428584622,0.334001362323761,0.011431471,15240,-0.004147423984250054,0.2,1.4461378557607532,-19.541341278888286,0.5769416689872742,0.017333984375
1182.0,2008,976384,45.0,0,1,0.0001,-0.018813720502294018,0.45779892802238464,0.00803746,15248,-0.0032576778721704613,0.2,2.3681115062208846,-19.090688331909476,0.6380042731761932,0.01318359375
1161.0,1770,976896,45.0,0,1,0.0001,-0.019516920150635997,0.11196456104516983,0.010739709,15256,-0.005407538261351874,0.2,1.2869928741129115,-18.68239931177348,0.6059069931507111,0.0185546875
1132.0,1917,977408,45.0,0,1,0.0001,-0.03005521595969185,0.272896409034729,0.011382296,15264,-0.006046444839739706,0.2,1.2309978401754051,-18.557626558169723,0.5796773135662079,0.0234375
1105.0,1835,977920,45.0,0,1,0.0001,-0.034407046463456936,0.21573518216609955,0.008517716,15272,-0.006342356664390536,0.2,2.2514006183482707,-18.369543921127914,0.49426883459091187,0.01806640625
1151.0,1856,978432,45.0,0,1,0.0001,-0.03044272609986365,0.5505064725875854,0.0061761737,15280,-0.0050107127099181525,0.2,3.427228958811611,-18.28378270238638,0.4677475094795227,0.01904296875
1210.5,1678,978944,45.0,0,1,0.0001,-0.04711761271937576,0.10387920588254929,0.017300295,15288,-0.007343583842157386,0.2,1.8562800240470096,-18.24499338500202,0.49717575311660767,0.0341796875
1230.5,1824,979456,45.0,0,1,0.0001,-0.02952323292447545,0.5309042930603027,0.0033905027,15296,-0.004974985284206923,0.2,2.520221499260515,-18.120940776988864,0.47068941593170166,0.01611328125
1234.0,1936,979968,45.0,0,1,0.0001,-0.057088657737040194,0.7617543935775757,0.0048396657,15304,-0.008339751155290287,0.2,2.574709565145895,-17.713387943208218,0.36412280797958374,0.031494140625
1232.0,1952,980480,45.0,0,1,0.0001,-0.015377706889921683,0.21112355589866638,0.0044929096,15312,-0.0037702940171584487,0.2,1.2003566129133105,-17.682774544358253,0.6257327497005463,0.013671875
1236.5,1858,980992,45.0,0,1,0.0001,-0.017398758411218296,0.2110152244567871,0.0028754272,15320,-0.00225717944704229,0.2,1.2268255355302244,-17.951823374405503,0.6818922758102417,0.007568359375
1201.5,1868,981504,45.0,0,1,0.0001,-0.025825571558016236,0.10951872169971466,0.031311788,15328,-0.010550026050623273,0.2,1.529308607452549,-18.14493190512061,0.5787412226200104,0.02783203125
1179.0,2094,982016,45.0,0,1,0.0001,-0.033173262265336234,0.11022472381591797,0.0025162832,15336,-0.0039054188309819438,0.2,1.700631999061443,-18.25773046903312,0.5678769648075104,0.012939453125
1097.0,2109,982528,45.0,0,1,0.0001,-0.027601848338235868,0.06891869753599167,0.007887752,15344,-0.004054842080222443,0.2,0.9972522612370085,-18.2201815135777,0.6114970147609711,0.0146484375
1015.5,1862,983040,45.0,0,1,0.0001,-0.03134872827649815,0.00038874708116054535,0.013211288,15352,-0.007966484390635742,0.2,1.52829410857521,-18.131554686799646,0.4146862030029297,0.021728515625
1001.5,1966,983552,45.0,0,1,0.0001,-0.04059058410348371,0.8160352110862732,0.018157352,15360,-0.010349910116929095,0.2,2.9221582883037627,-17.987545216530563,0.3784598112106323,0.027099609375
971.0,1831,984064,45.0,0,1,0.0001,-0.038071618146204855,0.3115437626838684,0.008332139,15368,-0.006273678911384195,0.2,2.146394094917923,-17.622624632418155,0.4611799716949463,0.020751953125
957.5,1816,984576,45.0,0,1,0.0001,-0.10563171945977956,14.351700782775879,0.053205177,15376,-0.0011053646376240067,0.2,50.35478211939335,-19.250330664142965,0.1758592128753662,0.093994140625
936.5,2006,985088,45.0,0,1,0.0001,-0.04517571758333361,1.9445781707763672,0.016781248,15384,-0.00833176051673945,0.2,5.4805196253582835,-19.1733326844126,0.6027494668960571,0.019775390625
949.5,1944,985600,45.0,0,1,0.0001,-0.020172072774585104,0.8955474495887756,0.009872843,15392,-0.0049058365875680465,0.2,2.605819823220372,-19.387458642721175,0.5560998320579529,0.01171875
982.0,1440,986112,45.0,0,1,0.0001,-0.027819523242214927,0.2161266803741455,0.022516193,15400,-0.005239372683718102,0.2,2.1394106482621282,-19.6195362804085,0.5524417757987976,0.02197265625
1035.0,1731,986624,45.0,0,1,0.0001,-0.05204977585526649,1.8291349411010742,0.0030514293,15408,-0.004305694834329188,0.2,5.280561908148229,-20.269093972742557,0.3716859817504883,0.018310546875
1085.5,1600,987136,45.0,0,1,0.0001,-0.04440207218431169,1.594746470451355,0.0112246685,15416,-0.006806071367464028,0.2,3.23423982411623,-21.126395328044893,0.46386241912841797,0.0322265625
1113.5,1746,987648,45.0,0,1,0.0001,-0.06417851110018091,0.846439003944397,0.026275251,15424,-0.011594129973673262,0.2,3.2999198115430772,-21.71886888809502,-0.04345560073852539,0.04931640625
1159.5,1781,988160,45.0,0,1,0.0001,-0.05552976897160988,1.429898977279663,0.012285594,15432,-0.007193558936705813,0.2,5.570064410567284,-22.976572201289237,0.3293606638908386,0.0302734375
1235.0,1660,988672,45.0,0,1,0.0001,-0.04832118586091383,0.7862797379493713,0.014213442,15440,-0.015924126193567645,0.2,4.672802062239498,-23.94743127208203,0.34687840938568115,0.03369140625
1235.0,1874,989184,45.0,0,1,0.0001,-0.0726223901110643,1.0774139165878296,0.012422318,15448,-0.009482706554990727,0.2,4.692199614364654,-23.45369270294905,0.6323596835136414,0.043701171875
1252.0,1912,989696,45.0,0,1,0.0001,-0.043731653971917694,1.6065094470977783,0.021080945,15456,-0.009704304568003863,0.2,5.994414635933936,-24.23424104511738,0.6408257484436035,0.033447265625
1287.0,1391,990208,45.0,0,1,0.0001,-0.03857978531414119,0.5692685842514038,0.004551633,15464,-0.001920505377711379,0.2,5.244391353800893,-23.830713091269136,0.41007840633392334,0.0146484375
1298.5,1627,990720,45.0,0,1,0.0001,-0.058003329129860504,1.5262809991836548,0.0058998363,15472,-0.009876779877231456,0.2,7.307012559846044,-23.592800400480627,0.5163244605064392,0.028564453125
1295.5,1802,991232,45.0,0,1,0.0001,-0.04535070038764388,0.9420921802520752,0.0063359784,15480,-0.0029542087577283382,0.2,4.6651303162798285,-22.47631456144154,0.3672729730606079,0.017333984375
1307.0,1750,991744,45.0,0,1,0.0001,-0.05149375377368415,0.48540472984313965,0.0072078267,15488,-0.007735333187156357,0.2,3.32777082035318,-20.949291647076606,0.3669095039367676,0.030029296875
1368.0,1684,992256,45.0,0,1,0.0001,-0.07299132911430206,0.9024568200111389,0.005157795,15496,-0.008807223808616982,0.2,5.746127134654671,-19.55841391541064,0.22192484140396118,0.025146484375
1357.0,1833,992768,45.0,0,1,0.0001,-0.060903028286702465,0.9599654078483582,0.0121594705,15504,-0.005050455474702176,0.2,4.257350014988333,-18.056969042681157,0.17734134197235107,0.021484375
1286.0,1867,993280,45.0,0,1,0.0001,-0.061551696846436244,0.30687597393989563,0.010244088,15512,-0.00842365624703234,0.2,3.0683320709504187,-17.032406384907663,0.4760000705718994,0.03515625
1296.5,1921,993792,45.0,0,1,0.0001,-0.04587711692875018,0.31967848539352417,0.019758508,15520,-0.007475772355974186,0.2,1.6528526910115033,-15.761999431848526,0.4729669690132141,0.026611328125
1291.0,1862,994304,45.0,0,1,0.0001,-0.021500619117432507,0.9557406306266785,0.004040334,15528,-0.004450166205060668,0.2,2.4606581637635827,-15.519513808116317,0.684485912322998,0.011962890625
1270.0,1490,994816,45.0,0,1,0.0001,-0.027917374569369713,0.13055932521820068,0.0067018853,15536,-0.004257547290762886,0.2,1.1555506995064206,-15.769950726404787,0.7656851261854172,0.014404296875
1259.0,1855,995328,45.0,0,1,0.0001,-0.044428259003325365,0.2405332624912262,0.005421046,15544,-0.00474371799009532,0.2,1.626820438192226,-15.602343745753169,0.5638163685798645,0.020263671875
1216.5,1953,995840,45.0,0,1,0.0001,-0.04722802677133586,1.0246456861495972,0.015090746,15552,-0.008296878477267455,0.2,2.9122828578110784,-16.200032249875367,0.3726387619972229,0.0302734375
1262.0,1763,996352,45.0,0,1,0.0001,-0.04099535578279756,0.4126438796520233,0.02181047,15560,-0.006522187482914887,0.2,2.893307046033442,-16.952483418472113,0.37721359729766846,0.02392578125
1248.0,1833,996864,45.0,0,1,0.0001,-0.03789238811805262,0.4583311676979065,0.007191748,15568,-0.008568268189264927,0.2,5.120100560598075,-17.575129402913152,0.4398036599159241,0.0224609375
1231.5,1791,997376,45.0,0,1,0.0001,-0.027442280756076798,0.211893230676651,0.0022332547,15576,-0.005351834923203569,0.2,1.7732586180791259,-17.671733102835717,0.3308667540550232,0.014404296875
1255.0,1872,997888,45.0,0,1,0.0001,-0.046921471923269564,0.8568148016929626,0.010145596,15584,-0.00645780390186701,0.2,3.8395449770614505,-17.779554797150194,0.45203036069869995,0.025390625
1243.5,1902,998400,45.0,0,1,0.0001,-0.021735963127866853,0.16292549669742584,0.0038352557,15592,-0.004922708376398077,0.2,1.6345629435963929,-17.594412806741893,0.5274725556373596,0.01220703125
1221.0,1917,998912,45.0,0,1,0.0001,-0.022314074084533786,0.15237221121788025,0.005334317,15600,-0.0034509347824496217,0.2,1.865608447114937,-17.385698422454297,0.5045342743396759,0.013427734375
1267.5,1367,999424,45.0,0,1,0.0001,-0.03503632809224655,0.13956427574157715,0.019052498,15608,-0.008551456114219036,0.2,1.034149109851569,-17.32835219834,0.5998053550720215,0.02685546875
1246.5,1853,999936,45.0,0,1,0.0001,-0.0387015542928566,0.15074625611305237,0.013288262,15616,-0.0065154522089869715,0.2,2.1309589373413473,-17.24807939019054,0.5005353391170502,0.0244140625
1263.5,1863,1000448,45.0,0,1,0.0001,-0.049252052727752016,0.193183034658432,0.034139898,15624,-0.010719469584728358,0.2,1.4429134509991854,-17.00287566937506,0.6676349937915802,0.035888671875
1247.0,1723,1000960,45.0,0,1,0.0001,-0.03934447143046782,0.7850292921066284,0.012856323,15632,-0.009311437970609404,0.2,2.616395181044936,-16.873702812343836,0.5061899423599243,0.03125
1189.5,1953,1001472,45.0,0,1,0.0001,-0.032647677689055854,0.189113587141037,0.0035182962,15640,-0.006142391175671946,0.2,1.8681851600995287,-16.81700289964676,0.4646034240722656,0.0224609375
1132.5,1834,1001984,45.0,0,1,0.0001,-0.03497721798339626,0.6875276565551758,0.0052371053,15648,-0.0059730466673499905,0.2,2.3902820884250104,-17.19438371554017,0.4588043689727783,0.029296875
1119.0,1930,1002496,45.0,0,1,0.0001,-0.07038636659490294,0.17195072770118713,0.025133755,15656,-0.012095028578187339,0.2,1.8477408818434924,-17.44383069612086,0.6184203624725342,0.05126953125
1100.0,2001,1003008,45.0,0,1,0.0001,-0.023622524483016605,0.274269700050354,0.0056271376,15664,-0.00412122508714674,0.2,1.411550193617586,-17.703136546462773,0.7561212033033371,0.01611328125
1058.5,2113,1003520,45.0,0,1,0.0001,-0.02503184415081705,0.054877884685993195,0.023248218,15672,-0.006556670654390473,0.2,0.8299536757986061,-17.811361623182894,0.7828567326068878,0.021240234375
938.5,2058,1004032,45.0,0,1,0.0001,-0.033676165664473956,0.6249101758003235,0.006682537,15680,-0.009932881059285137,0.2,1.6610669797519222,-18.287543772533535,0.6585111021995544,0.026123046875
888.5,1860,1004544,45.0,0,1,0.0001,-0.03024780915438896,0.23005259037017822,0.01758395,15688,-0.004127125706872903,0.2,2.036714689573273,-18.642786948382856,0.26681578159332275,0.017333984375
886.0,1886,1005056,45.0,0,1,0.0001,-0.027794889641882037,0.4880079925060272,0.009973656,15696,-0.005365022945625242,0.2,2.1125899935141206,-18.60806928694248,0.3113449215888977,0.017578125
836.0,2032,1005568,45.0,0,1,0.0001,-0.03330775841095601,0.556867778301239,0.0030074636,15704,-0.0035243169841123745,0.2,2.4207596299238503,-18.49370105199516,0.38470083475112915,0.015625
921.0,1806,1006080,45.0,0,1,0.0001,-0.019756417312237318,0.7566395998001099,0.008223904,15712,-0.00439812983313459,0.2,4.249970314558595,-18.958431633114813,0.2864815592765808,0.010498046875
917.5,1911,1006592,45.0,0,1,0.0001,-0.029550520453994977,0.5817476511001587,0.0033949139,15720,-0.00642479913221905,0.2,2.680648640729487,-18.459958421960472,0.586372435092926,0.015625
954.0,1842,1007104,45.0,0,1,0.0001,-0.02943664673148305,0.7451241612434387,0.002329052,15728,-0.005624766570690554,0.2,4.040092541836202,-18.571231556236743,0.3886187672615051,0.012939453125
992.0,2058,1007616,45.0,0,1,0.0001,-0.020761468008458905,0.19360998272895813,0.012590812,15736,-0.0044998259108979255,0.2,1.313423523446545,-18.524997516125442,0.747616708278656,0.01416015625
1061.0,1709,1008128,45.0,0,1,0.0001,-0.026379249951787642,0.13062648475170135,0.0121019725,15744,-0.006952772324439138,0.2,1.3459446579799987,-18.989386014789343,0.5372004210948944,0.017822265625
1123.5,1983,1008640,45.0,0,1,0.0001,-0.044403227664588485,0.19909605383872986,0.012478175,15752,-0.011774370643252041,0.2,2.048060553148389,-19.020716087669133,0.5544157922267914,0.0361328125
1102.0,1493,1009152,45.0,0,1,0.0001,-0.028263291467737872,0.08142374455928802,0.010656122,15760,-0.006162544115795754,0.2,0.9109052481362596,-19.028264398276807,0.7482303082942963,0.016845703125
1103.5,1923,1009664,45.0,0,1,0.0001,-0.0345159182243151,0.2254260629415512,0.00709505,15768,-0.007878442092987825,0.2,2.1550791556946933,-19.415036553442476,0.5866867005825043,0.02587890625
1133.0,1666,1010176,45.0,0,1,0.0001,-0.018893233976086776,0.09758899360895157,0.0034238936,15776,-0.0029734258278040215,0.2,1.8866622836794704,-19.142861128151416,0.47812414169311523,0.007080078125
1071.5,1993,1010688,45.0,0,1,0.0001,-0.028016519280754437,0.42091163992881775,0.0069801426,15784,-0.005433349226223072,0.2,1.4071542912861332,-18.936451504603028,0.5336381196975708,0.016845703125
1092.5,1799,1011200,45.0,0,1,0.0001,-0.0320321496201359,0.15072251856327057,0.007690576,15792,-0.005811857288790634,0.2,1.2456742313224822,-18.76187794089317,0.6203980445861816,0.02685546875
1069.0,1901,1011712,45.0,0,1,0.0001,-0.04126409051423252,0.2165861576795578,0.009586248,15800,-0.00908703602181049,0.2,2.791554066352546,-18.34630732677877,0.6026352345943451,0.021484375
1089.0,2072,1012224,45.0,0,1,0.0001,-0.019344907265804068,0.24055497348308563,0.007278607,15808,-0.004193302502244478,0.2,3.3517193623119965,-18.159397777393462,0.5527702867984772,0.0087890625
1018.0,1907,1012736,45.0,0,1,0.0001,-0.022151104862132343,0.14336085319519043,0.01991272,15816,-0.008601317165812361,0.2,1.0373383771511726,-17.886790606826544,0.5638945400714874,0.0205078125
1011.0,1970,1013248,45.0,0,1,0.0001,-0.035431505880296754,0.18093964457511902,0.0059145135,15824,-0.006124084618932102,0.2,4.145480456529185,-17.805748148187995,0.5432767868041992,0.02001953125
1018.5,1985,1013760,45.0,0,1,0.0001,-0.035911423205106985,0.08551938086748123,0.002232759,15832,-0.00493897970955004,0.2,2.1281338304979727,-17.89618056766689,0.15105944871902466,0.011474609375
1037.5,1366,1014272,45.0,0,1,0.0001,-0.02738294733899238,0.08922792971134186,0.016030801,15840,-0.006954764921829337,0.2,1.0647471218253486,-18.017979657277465,0.6416676044464111,0.02197265625
1008.5,1948,1014784,45.0,0,1,0.0001,-0.022797033291681146,0.5451114773750305,0.0020143436,15848,-0.00190785777522251,0.2,2.838482809951529,-18.198755219727754,0.36968713998794556,0.009521484375
1045.0,1886,1015296,45.0,0,1,0.0001,-0.02412887557693466,0.2021399885416031,0.011972267,15856,-0.004419736789714079,0.2,1.0669977203942835,-18.76685865521431,0.6480460464954376,0.017578125
991.5,2126,1015808,45.0,0,1,0.0001,-0.03507643098964763,0.2829366624355316,0.0062416354,15864,-0.0061280044028535485,0.2,1.7018314391607419,-19.117192578688265,0.6842195093631744,0.01904296875
913.5,2029,1016320,45.0,0,1,0.0001,-0.02472483818382898,0.12585964798927307,0.011074619,15872,-0.004864464357524412,0.2,1.2221322885598056,-19.63196131043136,0.6296429336071014,0.015380859375
940.0,2006,1016832,45.0,0,1,0.0001,-0.023177014987595612,0.12639735639095306,0.009296498,15880,-0.005789517414086731,0.2,1.4712753397179767,-20.179520665481686,0.7148733735084534,0.015380859375
898.0,2021,1017344,45.0,0,1,0.0001,-0.03644468700622383,0.23378579318523407,0.006070588,15888,-0.007165170783991925,0.2,1.460865665692836,-20.12808018669486,0.5357468724250793,0.02392578125
887.0,1916,1017856,45.0,0,1,0.0001,-0.03597014632032369,1.4446662664413452,0.013815468,15896,-0.0096028310181282,0.2,3.5197242381982505,-20.008505133390425,0.4924575686454773,0.028076171875
887.0,1935,1018368,45.0,0,1,0.0001,-0.03625304978595523,0.25913095474243164,0.0044128234,15904,-0.004775779390911339,0.2,2.1760802881326526,-20.15952836252749,0.45996665954589844,0.02294921875
878.0,1840,1018880,45.0,0,1,0.0001,-0.034877295893238625,0.1045868843793869,0.019549873,15912,-0.0079106161792879,0.2,2.1261058108648285,-20.20477955684066,0.3790534734725952,0.02294921875
819.5,1485,1019392,45.0,0,1,0.0001,-0.03921824989083689,0.42787712812423706,0.0028202808,15920,-0.004850331795751117,0.2,2.654602843336761,-20.05265950985253,0.5594574213027954,0.012451171875
793.5,1714,1019904,45.0,0,1,0.0001,-0.03702411476842826,0.6431589126586914,0.0077195815,15928,-0.006922862106875982,0.2,2.6521608859766275,-20.098319151178003,0.39005541801452637,0.018310546875
872.0,1879,1020416,45.0,0,1,0.0001,-0.0631171711938805,0.5213925242424011,0.013096236,15936,-0.011456032072601374,0.2,2.97015225677751,-20.191045605763794,0.5836374461650848,0.0341796875
988.0,1508,1020928,45.0,0,1,0.0001,-0.039813223158489564,1.278734564781189,0.0071565965,15944,-0.005671217477356549,0.2,3.3822050322778523,-19.921224328801035,0.6593236923217773,0.03173828125
1012.0,1954,1021440,45.0,0,1,0.0001,-0.04187199148509535,1.2761794328689575,0.006534854,15952,-0.012330980265687685,0.2,2.997676739934832,-19.698448299095034,0.5832474231719971,0.031005859375
1130.0,1820,1021952,45.0,0,1,0.0001,-0.03473180961373146,0.4006623923778534,0.010945662,15960,-0.002750646344793495,0.2,2.037660706555471,-19.348816857077182,0.17574995756149292,0.023193359375
1108.0,1621,1022464,45.0,0,1,0.0001,-0.04379682938088081,0.4823743999004364,0.00862637,15968,-0.007589023422042374,0.2,3.081388227175921,-18.972324694357813,0.4293326735496521,0.0263671875
1156.5,1685,1022976,45.0,0,1,0.0001,-0.07130588739528321,0.5260425209999084,0.014182879,15976,-0.01250469074875582,0.2,3.200053418520838,-19.14390495788306,0.44126296043395996,0.050048828125
1148.5,1433,1023488,45.0,0,1,0.0001,-0.04826438222153229,0.6666842699050903,0.01848934,15984,-0.009789914860448334,0.2,2.5677748825401068,-19.140918214581905,0.7278690338134766,0.0361328125
1137.0,1949,1024000,45.0,0,1,0.0001,-0.048364570653575356,0.966815710067749,0.0083021885,15992,-0.007397970268357312,0.2,4.117846287321299,-19.819840364940465,0.4007285237312317,0.031494140625
1176.5,1873,1024512,45.0,0,1,0.0001,-0.029537646812059393,0.5785135626792908,0.003120345,16000,-0.0048102822720466065,0.2,2.8518107659183443,-19.991855287216605,0.7148317098617554,0.0205078125
1146.0,1875,1025024,45.0,0,1,0.0001,-0.05537294839905371,0.5621527433395386,0.010705039,16008,-0.0076981291131232865,0.2,2.8350381646305323,-19.945446497537194,0.6661629378795624,0.0244140625
1152.0,1904,1025536,45.0,0,1,0.0001,-0.021956398779366282,0.1993894875049591,0.0043483134,16016,-0.003916097753972281,0.2,1.767749346792698,-19.525649952553213,0.7077085971832275,0.009765625
1087.5,2205,1026048,45.0,0,1,0.0001,-0.029572713608104095,0.5005180239677429,0.005157275,16024,-0.003754882694920525,0.2,1.9401008260902017,-19.07820232048631,0.5896347165107727,0.015380859375
1057.0,1916,1026560,45.0,0,1,0.0001,-0.022232454006370972,0.042980220168828964,0.008751494,16032,-0.007390927101369016,0.2,0.9886606301297434,-18.766342243291437,0.6115918755531311,0.021728515625
1058.5,1814,1027072,45.0,0,1,0.0001,-0.044558881203556666,0.9110782146453857,0.010326491,16040,-0.008276551321614534,0.2,3.6867532525211573,-18.427043696977197,0.20705604553222656,0.025634765625
1096.0,1696,1027584,45.0,0,1,0.0001,-0.04568281338288216,0.24533121287822723,0.0077971974,16048,-0.009171863443043549,0.2,1.7922653058776632,-17.512481226734817,0.530835747718811,0.027587890625
1181.5,1401,1028096,45.0,0,1,0.0001,-0.05135042123583844,0.576766848564148,0.0051379846,16056,-0.00604406889033271,0.2,4.332369572017342,-17.149714486412705,0.4622999429702759,0.02001953125
1247.5,1854,1028608,45.0,0,1,0.0001,-0.048478795655682916,0.4873259961605072,0.004635427,16064,-0.007205434907518793,0.2,2.577019928023219,-17.00203520540148,0.46534597873687744,0.028076171875
1236.5,1836,1029120,45.0,0,1,0.0001,-0.03929032443011238,0.31645122170448303,0.006858087,16072,-0.006800428847782314,0.2,3.1674864450469613,-17.023318601734935,0.4090633988380432,0.028564453125
1191.0,1953,1029632,45.0,0,1,0.0001,-0.0639404463036044,0.3810584545135498,0.0050088367,16080,-0.007273715120390989,0.2,7.028612255118787,-17.80890693951398,0.5921260416507721,0.02880859375
1129.0,2024,1030144,45.0,0,1,0.0001,-0.014974917839936097,0.07285993546247482,0.001701498,16088,-0.0032085109669424128,0.2,1.3676931685768068,-18.51262985672802,0.8447816669940948,0.0068359375
1160.0,1957,1030656,45.0,0,1,0.0001,-0.01880428310323623,0.14693845808506012,0.005857922,16096,-0.005672325562045444,0.2,1.4006140226265416,-19.079482380598783,0.7098620533943176,0.0166015625
1115.5,2007,1031168,45.0,0,1,0.0001,-0.031512682435277384,0.15267716348171234,0.014962354,16104,-0.007587821844936116,0.2,2.4448340757517144,-19.547994483560323,0.6923930644989014,0.02685546875
1133.0,1898,1031680,45.0,0,1,0.0001,-0.07810557771153981,0.5352458357810974,0.63710225,16112,-0.015901947510428727,0.2,2.1919698046986014,-19.927619452029468,0.27058571577072144,0.109375
1107.0,1795,1032192,45.0,0,1,0.0001,-0.24084879842121154,218.82546997070312,0.047327764,16120,-0.010306534095434472,0.2,1088.4044253826141,-32.70601060114801,-0.025349736213684082,0.06787109375
1136.0,1496,1032704,45.0,0,1,0.0001,-0.26245158968959004,130.22557067871094,0.0042064954,16128,-0.005810879505588673,0.2,470.9916306734085,-40.68461162298918,0.4441784620285034,0.0791015625
1102.0,1871,1033216,45.0,0,1,0.0001,-0.32077416696120054,65.539306640625,0.00928264,16136,-0.008733286154892994,0.2,322.39360070228577,-48.132588606253265,0.6800643801689148,0.08203125
1120.5,1945,1033728,45.0,0,1,0.0001,-0.31958209490403533,61.90104675292969,0.009608431,16144,-0.01570892053860007,0.2,225.20361095666885,-55.73729299150407,0.46291065216064453,0.171142578125
1145.0,1943,1034240,45.0,0,1,0.0001,-0.3247631312115118,56.36583709716797,0.014917134,16152,-0.017361949634505436,0.2,191.16535991430283,-62.82439081214368,0.5456162393093109,0.194580078125
1145.0,2200,1034752,45.0,0,1,0.0001,-0.2389597668661736,27.504650115966797,0.02451775,16160,-0.030141412105876952,0.2,77.26166647672653,-69.08939388640225,0.5468795895576477,0.273681640625
1120.0,2014,1035264,45.0,0,1,0.0001,-0.08564834385470022,17.370126724243164,0.18573415,16168,-0.03645974598475732,0.2,40.53024999797344,-72.6212304211408,0.3924267888069153,0.08740234375
1179.5,1823,1035776,45.0,0,1,0.0001,-0.04083874748175731,7.997560977935791,0.002406777,16176,-0.003459759696852416,0.2,39.33314811438322,-73.14661577783525,0.4389854073524475,0.01025390625
1248.5,1785,1036288,45.0,0,1,0.0001,-0.05125705212412868,5.601842880249023,0.001443182,16184,-0.0029076843056827784,0.2,29.523204147815704,-72.21478621192277,0.6150860488414764,0.009765625
1205.5,1710,1036800,45.0,0,1,0.0001,-0.05605661492154468,5.780776023864746,0.0036512355,16192,-0.005850616791576613,0.2,23.558521956205368,-58.37885544486344,0.5578095316886902,0.01904296875
1189.5,1463,1037312,45.0,0,1,0.0001,-0.05806056063011056,3.361097574234009,0.005649331,16200,-0.007159415312344208,0.2,17.92012980207801,-51.16490650720894,0.763729140162468,0.02587890625
1162.5,1841,1037824,45.0,0,1,0.0001,-0.04158714310324285,4.386261940002441,0.0038539828,16208,-0.0037063973213662393,0.2,17.107392597943544,-41.83583422496915,0.6001806855201721,0.010986328125
1150.5,1836,1038336,45.0,0,1,0.0001,-0.05446669260709314,6.060374736785889,0.0130462535,16216,-0.007019275974016637,0.2,17.194031812250614,-35.846263094842435,0.12064540386199951,0.030517578125
1106.5,2054,1038848,45.0,0,1,0.0001,-0.05552452565461863,5.316778182983398,0.0032069813,16224,-0.004182437594863586,0.2,17.521238554269075,-28.219631246849893,0.3358364701271057,0.0146484375
1124.5,2285,1039360,45.0,0,1,0.0001,-0.02526176919491263,5.232589244842529,0.003561778,16232,-0.0022780558429076336,0.2,18.6700876429677,-23.030602678209544,0.24581539630889893,0.01611328125
1121.5,1858,1039872,45.0,0,1,0.0001,-0.017725113375490764,4.597438812255859,0.0021475172,16240,-0.0012843410077039152,0.2,19.332975074648857,-19.39430734694004,0.07705128192901611,0.006103515625
1063.5,1944,1040384,45.0,0,1,0.0001,-0.033533979494677624,2.2363741397857666,0.0035204976,16248,-0.005056845518993214,0.2,13.321763040497899,-18.268579753786327,0.4286515712738037,0.015869140625
1068.0,1734,1040896,45.0,0,1,0.0001,-0.03891505998035427,1.1419416666030884,0.0070928563,16256,-0.003853537898976356,0.2,10.417769571766257,-17.44114172883332,0.055548012256622314,0.01513671875
1063.0,1820,1041408,45.0,0,1,0.0001,-0.06390125000325497,1.214756727218628,0.007754053,16264,-0.00769097432930721,0.2,8.247923873364925,-16.5774644369632,0.6057657897472382,0.028564453125
1059.0,1457,1041920,45.0,0,1,0.0001,-0.06516395546350395,0.8081598877906799,0.011859683,16272,-0.011054582930228207,0.2,6.385584463365376,-16.511855038404466,0.6035966277122498,0.041748046875
1083.5,1834,1042432,45.0,0,1,0.0001,-0.04259354527312098,1.6741435527801514,0.005516994,16280,-0.006340677937259898,0.2,5.77146172337234,-16.476138619482516,0.6464655995368958,0.0205078125
1090.5,1983,1042944,45.0,0,1,0.0001,-0.05808860639081104,1.022826075553894,0.025240162,16288,-0.00843698532844428,0.2,4.805164474062622,-16.479497378095985,0.2794325351715088,0.044921875
1118.5,2068,1043456,45.0,0,1,0.0001,-0.02895922267998685,1.4470951557159424,0.0023989084,16296,-0.00314648007042706,0.2,6.473340478725731,-16.677236255854368,0.2504422068595886,0.010009765625
1119.0,2139,1043968,45.0,0,1,0.0001,-0.024757146489719162,0.9109535813331604,0.411494,16304,-0.0016896720844670199,0.2,4.870268790051341,-17.52960244946182,0.47964030504226685,0.009765625
1150.5,1825,1044480,45.0,0,1,0.0001,-0.0282370647892094,1.392359972000122,0.0152402315,16312,-0.005842415528604761,0.2,4.465099221095443,-18.29910258196294,0.35744142532348633,0.022216796875
1234.0,1867,1044992,45.0,0,1,0.0001,-0.041590736342186574,0.5486287474632263,0.00612562,16320,-0.007118420478946064,0.2,5.036824346054345,-18.783579241260885,0.2741451859474182,0.024658203125
1253.0,1721,1045504,45.0,0,1,0.0001,-0.04511786993680289,0.5020049214363098,0.011096317,16328,-0.006374773889547214,0.2,5.021161769982427,-18.748040968850255,0.1601334810256958,0.025634765625
1244.5,1855,1046016,45.0,0,1,0.0001,-0.05408838021685369,0.9677375555038452,0.0059416452,16336,-0.005916937974689063,0.2,4.762889860197902,-18.691325431093574,0.43340450525283813,0.027587890625
1255.0,1523,1046528,45.0,0,1,0.0001,-0.041823041676252615,1.027878761291504,0.0041850843,16344,-0.008192287459678482,0.2,4.131088001653552,-18.201819148138167,0.6691116392612457,0.022705078125
1251.5,1761,1047040,45.0,0,1,0.0001,-0.03725622173806187,0.7509756684303284,0.00744308,16352,-0.0057269712633569725,0.2,2.710576707031578,-17.96969036474824,0.387747585773468,0.02197265625
1281.5,1850,1047552,45.0,0,1,0.0001,-0.07897971398051595,0.7647639513015747,0.011249002,16360,-0.010060288230306469,0.2,5.0717263435944915,-17.85949172027409,0.2467859387397766,0.041259765625
1281.5,2077,1048064,45.0,0,1,0.0001,-0.034643930670426926,0.3721959590911865,0.008519072,16368,-0.00614091448369436,0.2,2.979528332129121,-17.690880911797287,0.5027841627597809,0.02197265625
1335.0,1829,1048576,45.0,0,1,0.0001,-0.02688993528317951,0.5631939768791199,0.004127208,16376,-0.004105865118617658,0.2,2.28379242727533,-17.732981377467514,0.5898905694484711,0.02099609375
1314.0,1926,1049088,45.0,0,1,0.0001,-0.05671247527789092,1.8630260229110718,0.00785888,16384,-0.009128650148340967,0.2,8.279164352454245,-18.361372341662644,0.3630649447441101,0.044677734375
1296.5,1909,1049600,45.0,0,1,0.0001,-0.0383173407499271,0.5358573794364929,0.004187953,16392,-0.0029727832770731766,0.2,3.6998350019566715,-19.12940498907119,0.6862543821334839,0.014404296875
1300.5,1723,1050112,45.0,0,1,0.0001,-0.03547240185980627,0.4505799412727356,0.005905108,16400,-0.005914703950111289,0.2,3.9398371991701424,-19.36628478612751,0.28448259830474854,0.017333984375
1320.5,1803,1050624,45.0,0,1,0.0001,-0.044002959606586955,0.41463685035705566,0.014322594,16408,-0.00538411465822719,0.2,3.8092456003651023,-19.836269584111868,0.09830617904663086,0.02685546875
1302.0,1935,1051136,45.0,0,1,0.0001,-0.03640725802870293,0.5529661178588867,0.014121256,16416,-0.008259810634626774,0.2,2.8181876009330153,-20.286511999331413,0.3252158761024475,0.026123046875
1320.0,1906,1051648,45.0,0,1,0.0001,-0.040337041502425564,0.6773123741149902,0.011362888,16424,-0.00876398535183398,0.2,2.9010488353669643,-20.39466617334634,0.26717203855514526,0.033203125
1282.5,1842,1052160,45.0,0,1,0.0001,-0.04706223279481492,0.3070715069770813,0.008420562,16432,-0.0049695640918798745,0.2,2.1402550854254514,-20.16926267359406,0.5979638993740082,0.02783203125
1304.0,2125,1052672,45.0,0,1,0.0001,-0.03368937320101395,0.6770600080490112,0.0051575447,16440,-0.00935721099813236,0.2,3.8467237506993115,-19.952693862058222,0.6561354398727417,0.02001953125
1291.0,1795,1053184,45.0,0,1,0.0001,-0.024318130177562125,0.41564932465553284,0.016342567,16448,-0.005110674035677221,0.2,2.002681526588276,-19.59302610043436,0.6698784828186035,0.014404296875
1263.5,1965,1053696,45.0,0,1,0.0001,-0.03684329711904866,0.4515085220336914,0.0093780765,16456,-0.0072431530061294325,0.2,5.8154951417818666,-18.932171958982945,0.5183057487010956,0.025634765625
1258.0,1861,1054208,45.0,0,1,0.0001,-0.04922855371114565,0.36493396759033203,0.008725082,16464,-0.008375581783184316,0.2,3.123286137357354,-18.853964690193536,0.3270235061645508,0.0302734375
1230.5,1830,1054720,45.0,0,1,0.0001,-0.03995240815493162,0.1961352676153183,0.00759467,16472,-0.006652082527580205,0.2,3.1019341547507793,-18.855078629627823,0.33898216485977173,0.029296875
1214.0,1476,1055232,45.0,0,1,0.0001,-0.027627431443761452,0.19174477458000183,0.0013457792,16480,-0.0031295450007746695,0.2,1.82695849891752,-18.691080275326968,0.3009464144706726,0.010986328125
1211.0,1946,1055744,45.0,0,1,0.0001,-0.03613545523057837,0.38213828206062317,0.0049199695,16488,-0.0037765713714179583,0.2,2.3249071445316076,-18.671840871497988,0.4608728289604187,0.017822265625
1174.5,1939,1056256,45.0,0,1,0.0001,-0.03995752323589841,0.32186418771743774,0.01412651,16496,-0.00795862749509979,0.2,2.833732998697087,-18.554091734811664,0.46669822931289673,0.027587890625
1149.0,2004,1056768,45.0,0,1,0.0001,-0.02789104224575567,0.2233099341392517,0.056431152,16504,-0.006833626059233211,0.2,1.348559925565496,-17.89520273528993,0.6727132797241211,0.029052734375
1149.0,2190,1057280,45.0,0,1,0.0001,-0.028905413178108574,0.38520434498786926,0.00798772,16512,-0.005036473514337558,0.2,2.105857394868508,-18.24984255500138,0.7459217309951782,0.021240234375
1109.0,1898,1057792,45.0,0,1,0.0001,-0.02395085282932996,0.21382716298103333,0.006285289,16520,-0.0043245719352853484,0.2,1.0688763088546693,-18.312657836899163,0.784974604845047,0.017822265625
1112.5,1871,1058304,45.0,0,1,0.0001,-0.03155500689535984,0.21530278027057648,0.010661189,16528,-0.005150077337020775,0.2,1.7983058807440102,-18.168767818659543,0.658575177192688,0.017333984375
1090.0,1839,1058816,45.0,0,1,0.0001,-0.040184695175412344,0.5141552090644836,0.0038046087,16536,-0.006692954251775518,0.2,2.273250930244103,-17.732887420430778,0.5178163349628448,0.020263671875
1086.5,1877,1059328,45.0,0,1,0.0001,-0.0298587991783279,0.18723353743553162,0.007828894,16544,-0.003847462954581715,0.2,3.761278402293101,-18.128181465417146,0.32354193925857544,0.0126953125
1144.5,1877,1059840,45.0,0,1,0.0001,-0.027428987606981536,0.31497055292129517,0.0014450076,16552,-0.0036931156500941142,0.2,1.967015650589019,-18.3785200881958,0.5277407169342041,0.009765625
1158.0,1496,1060352,45.0,0,1,0.0001,-0.027769572589932068,0.07232122868299484,0.008032247,16560,-0.005554886090976652,0.2,1.461233050795272,-18.268872566595675,0.46357059478759766,0.0302734375
1182.0,1931,1060864,45.0,0,1,0.0001,-0.04787222847335215,0.42011579871177673,0.012213251,16568,-0.009261847730158479,0.2,2.243830432998948,-18.16466500133276,0.545919805765152,0.030517578125
1214.0,1910,1061376,45.0,0,1,0.0001,-0.038339991019711306,4.851894855499268,0.0027939612,16576,-0.005572277237661183,0.2,13.463072048965842,-18.668773242533206,0.35333484411239624,0.024169921875
1192.0,2171,1061888,45.0,0,1,0.0001,-0.025198372514296352,0.3699561357498169,0.0076127048,16584,-0.0038918686914257705,0.2,2.270426496397704,-18.50463134393096,0.7275072336196899,0.017822265625
1165.0,2014,1062400,45.0,0,1,0.0001,-0.01295230868345243,0.12334461510181427,0.029959958,16592,0.00017565632697369438,0.2,1.2142260177060962,-18.767980524227024,0.7279916405677795,0.0166015625
1111.0,2028,1062912,45.0,0,1,0.0001,-0.024866566176569904,0.19075068831443787,0.004074465,16600,-0.003385093132237671,0.2,1.4324474753229879,-18.961546923592685,0.688829779624939,0.013916015625
1109.0,2011,1063424,45.0,0,1,0.0001,-0.028632096331421053,0.0477897971868515,0.010432225,16608,-0.0036677489915746264,0.2,1.2605323889874853,-19.256027680411936,0.5952610969543457,0.012451171875
1086.0,1984,1063936,45.0,0,1,0.0001,-0.029010025300522102,0.8649049401283264,0.002312581,16616,-0.0027942799642914906,0.2,1.9681459051789716,-19.206358353719114,0.21500545740127563,0.01123046875
1061.5,1859,1064448,45.0,0,1,0.0001,-0.0322526409108832,0.5022809505462646,0.006534934,16624,-0.0066599107085494325,0.2,2.7739408870693296,-19.310104758217932,0.41241443157196045,0.017333984375
1068.5,1952,1064960,45.0,0,1,0.0001,-0.019791383403571672,0.8310128450393677,0.0027457722,16632,-0.0032854688761290163,0.2,3.106025414308533,-19.59468871407211,0.4648176431655884,0.00830078125
1022.0,2005,1065472,45.0,0,1,0.0001,-0.05013932165456936,0.25346478819847107,0.00854972,16640,-0.0056217525561805815,0.2,1.7677066430915147,-19.494592947885394,0.4226422905921936,0.030029296875
999.0,2006,1065984,45.0,0,1,0.0001,-0.02817662196684978,0.19707733392715454,0.007907085,16648,-0.007115744949260261,0.2,1.8626511390320957,-19.387693879827857,0.713667631149292,0.0224609375
1020.0,2088,1066496,45.0,0,1,0.0001,-0.030630916151494603,0.26235753297805786,0.008668048,16656,-0.0027460297133075073,0.2,1.3692438346333802,-19.868087233379484,0.6825393438339233,0.0244140625
979.5,2015,1067008,45.0,0,1,0.0001,-0.021358424692152767,0.11497116088867188,0.0087766675,16664,-0.004966460146533791,0.2,3.111690455756616,-20.138563600704074,0.6006190180778503,0.01025390625
1032.5,1974,1067520,45.0,0,1,0.0001,-0.03899218445076258,0.16362762451171875,0.0062848246,16672,-0.007545424254203681,0.2,2.747344349976629,-20.47311287894845,0.5366468131542206,0.02099609375
1046.0,1865,1068032,45.0,0,1,0.0001,-0.03695788518416521,0.32711419463157654,0.006722077,16680,-0.0050505865838204045,0.2,2.6938794173765928,-20.286794313266874,-0.05175483226776123,0.01904296875
1041.0,1791,1068544,45.0,0,1,0.0001,-0.04702771923984983,0.1635759025812149,0.0155101195,16688,-0.00539178260078188,0.2,2.880195599514991,-20.220130089968443,0.28422611951828003,0.02392578125
1071.5,1879,1069056,45.0,0,1,0.0001,-0.03632704299889156,1.038386344909668,0.003032498,16696,-0.004094764495675918,0.2,3.7180135622620583,-19.54192563019693,0.5762942731380463,0.013671875
1112.0,1894,1069568,45.0,0,1,0.0001,-0.04317821247605025,0.42330530285835266,0.0064895954,16704,-0.0066124982258770615,0.2,2.6541661880910397,-19.321005599349736,0.4309331178665161,0.02294921875
1134.0,1931,1070080,45.0,0,1,0.0001,-0.051507627320461324,0.7134060859680176,0.08722864,16712,-0.010497880837647244,0.2,3.492084219120443,-19.381064413562417,-0.0900946855545044,0.0302734375
1137.0,2058,1070592,45.0,0,1,0.0001,-0.025321637495835603,1.2188040018081665,0.010146329,16720,-0.005806067754747346,0.2,3.229779371060431,-19.29884356044233,0.6119508147239685,0.022705078125
1161.0,1952,1071104,45.0,0,1,0.0001,-0.017211210120422038,0.12821851670742035,0.0060764113,16728,-0.004219574271701276,0.2,1.1921163122169673,-19.220731181427837,0.7559444755315781,0.01171875
1213.5,1986,1071616,45.0,0,1,0.0001,-0.04304190873699554,0.5185922980308533,0.024279824,16736,-0.005333227523806272,0.2,2.478819811483845,-18.9955046544224,0.6261737644672394,0.040283203125
1210.5,1839,1072128,45.0,0,1,0.0001,-0.045743755083094584,0.5858349204063416,0.0016664311,16744,-0.006131242993433261,0.2,5.406134665478021,-19.117097860872747,0.6958334147930145,0.020263671875
1251.5,1694,1072640,45.0,0,1,0.0001,-0.04415631137089804,0.6220033168792725,0.014470137,16752,-0.0076415934090618975,0.2,3.0003176883328706,-19.511619560718536,0.5162098407745361,0.025390625
1150.0,1924,1073152,45.0,0,1,0.0001,-0.05006942560248717,0.3479697108268738,0.0028721,16760,-0.004093936688150279,0.2,3.0293709062971175,-19.817809042409063,0.34761929512023926,0.022216796875
1134.5,1915,1073664,45.0,0,1,0.0001,-0.04343129408516688,0.16611036658287048,0.010227764,16768,-0.0063575248277629726,0.2,2.9760304226074368,-20.376649010926485,0.43697088956832886,0.0263671875
1090.5,1445,1074176,45.0,0,1,0.0001,-0.043919472951529315,0.47218966484069824,0.0021244215,16776,-0.004704785416834056,0.2,2.7457132848212495,-20.932131845504045,0.462843656539917,0.016357421875
1077.0,1982,1074688,45.0,0,1,0.0001,-0.03759743306818564,0.07443119585514069,0.022262387,16784,-0.010558630567174987,0.2,1.4584325461182743,-20.63311211332679,0.6929360926151276,0.03173828125
1034.5,2142,1075200,45.0,0,1,0.0001,-0.03327277204994061,0.1277395337820053,0.01158587,16792,-0.00242875032563461,0.2,1.574249372817576,-20.09795310690999,0.6153830885887146,0.025634765625
996.0,1991,1075712,45.0,0,1,0.0001,-0.05654568484169431,0.14552772045135498,0.027705789,16800,-0.01549581800645683,0.2,1.2701255605788901,-19.862063925266266,0.6280289590358734,0.04638671875
978.5,2117,1076224,45.0,0,1,0.0001,-0.04052534865149937,0.30841749906539917,0.018160447,16808,-0.011123500713438261,0.2,2.5253621774027124,-19.284470550492404,0.5899440944194794,0.03466796875
952.5,1849,1076736,45.0,0,1,0.0001,-0.05439324215376473,0.38240981101989746,0.0071511418,16816,-0.009035561124619562,0.2,2.401577718788758,-19.234741123989224,0.6609508395195007,0.031005859375
939.5,1849,1077248,45.0,0,1,0.0001,-0.05755421150752227,7.368099212646484,0.0025719786,16824,-0.003987317213614006,0.2,18.150994745083153,-19.53026184886694,0.3558439016342163,0.016357421875
977.0,1859,1077760,45.0,0,1,0.0001,-0.07100707443169085,1.7916935682296753,0.015636444,16832,-0.011842808409710415,0.2,5.62786032538861,-20.15565650485456,0.09609830379486084,0.03759765625
970.5,1896,1078272,45.0,0,1,0.0001,-0.05337620189675363,0.4651971757411957,0.0032387306,16840,-0.008592495789343957,0.2,5.541749820578843,-20.43745309576392,0.267985999584198,0.02294921875
960.5,1879,1078784,45.0,0,1,0.0001,-0.054817059677588986,0.41511261463165283,0.014104118,16848,-0.011056352115701884,0.2,3.3496429859660566,-20.74857959024608,0.5988253355026245,0.03759765625
998.0,1947,1079296,45.0,0,1,0.0001,-0.04405336413947225,0.24498695135116577,0.005941079,16856,-0.006365713066770695,0.2,2.5134278163313866,-21.178243770301343,0.6698367297649384,0.02294921875
1015.0,2206,1079808,45.0,0,1,0.0001,-0.030076262295551714,0.22603078186511993,0.012320778,16864,-0.003768176226003561,0.2,1.4182434089598246,-21.44087340451777,0.7756243795156479,0.015625
986.5,2028,1080320,45.0,0,1,0.0001,-0.057252714689639106,0.5233883857727051,0.007154337,16872,-0.007415425265207887,0.2,2.8447107581887394,-21.599125002846122,0.5054666996002197,0.0302734375
1059.0,1894,1080832,45.0,0,1,0.0001,-0.0473946039492148,0.2809102535247803,0.013262268,16880,-0.008856148837367073,0.2,3.501727163558826,-21.78203547142446,0.42228710651397705,0.0341796875
1036.5,1869,1081344,45.0,0,1,0.0001,-0.060022638441296294,1.632209300994873,0.0038563525,16888,-0.003966578278777888,0.2,4.5911405752412975,-21.699901056587695,0.5962781310081482,0.0234375
1103.5,1758,1081856,45.0,0,1,0.0001,-0.059878266791201895,0.42241427302360535,0.0063855145,16896,-0.009008892833662685,0.2,6.8952199490740895,-21.489294485002755,0.5123520195484161,0.037353515625
1095.5,1921,1082368,45.0,0,1,0.0001,-0.05482436894089915,7.612821578979492,0.0012935285,16904,-0.0045185130129539175,0.2,13.186309248209,-20.877796990722416,0.32866352796554565,0.009765625
1137.0,1822,1082880,45.0,0,1,0.0001,-0.0341980899538612,0.09470775723457336,0.003503647,16912,-0.00400406959670363,0.2,3.106950729037635,-20.347784691229464,0.12343102693557739,0.014404296875
1113.5,1521,1083392,45.0,0,1,0.0001,-0.06015956509327225,0.40697047114372253,0.0099355765,16920,-0.007374863067525439,0.2,3.38898258714471,-19.92309969700873,0.35870301723480225,0.02783203125
1059.5,2143,1083904,45.0,0,1,0.0001,-0.030867383553413674,0.21238377690315247,0.0059171505,16928,-0.003857273932226235,0.2,2.321536786505021,-19.859528216943144,0.6149136126041412,0.01318359375
1039.0,2283,1084416,45.0,0,1,0.0001,-0.03478826187438244,0.27643021941185,0.00760779,16936,-0.0065614276099950075,0.2,2.407301977276802,-20.153057030066847,0.6073361039161682,0.024169921875
1059.5,1777,1084928,45.0,0,1,0.0001,-0.036953112773517205,0.16670240461826324,0.0067648217,16944,-0.012430415852577426,0.2,1.4836368081741966,-20.406320348903538,0.7100323140621185,0.034912109375
1067.0,1845,1085440,45.0,0,1,0.0001,-0.05208497277635615,0.8368911743164062,0.005504164,16952,-0.007170834660428227,0.2,6.90527511946857,-20.132718940600753,0.4731872081756592,0.028564453125
1085.0,1824,1085952,45.0,0,1,0.0001,-0.05997083636248135,0.2144656479358673,0.013077116,16960,-0.00886617610376561,0.2,2.9538778245914727,-20.070364645272495,0.6958987712860107,0.03564453125
1057.0,1996,1086464,45.0,0,1,0.0001,-0.034419708521454595,0.14859403669834137,0.0056444476,16968,-0.006048876259228564,0.2,2.6096656307345256,-19.77073470287025,0.3188402056694031,0.021240234375
1033.5,1912,1086976,45.0,0,1,0.0001,-0.0350620294775581,0.12495192140340805,0.016189553,16976,-0.0073326636556885205,0.2,1.8621060379082337,-20.327567030861974,0.2454482913017273,0.02685546875
1021.5,1909,1087488,45.0,0,1,0.0001,-0.03425422303371306,0.44955945014953613,0.00603876,16984,-0.005469571093271952,0.2,4.964195049833506,-21.318452617079018,0.4694392681121826,0.0185546875
1063.5,1914,1088000,45.0,0,1,0.0001,-0.04484301984848571,0.5278459191322327,0.0024893447,16992,-0.0064763358950585825,0.2,2.8604732020758092,-21.73273342348635,0.5818322002887726,0.02392578125
1128.0,2105,1088512,45.0,0,1,0.0001,-0.027998232839308912,0.269857794046402,0.0036208765,17000,-0.005128539025463397,0.2,2.6666478144470602,-22.02879912391305,0.7694384157657623,0.012451171875
1149.5,2049,1089024,45.0,0,1,0.0001,-0.04674217876527109,0.11983469128608704,0.008487172,17008,-0.007487584107366274,0.2,1.947544560302049,-21.803940061256288,0.7426608204841614,0.02099609375
1147.5,1904,1089536,45.0,0,1,0.0001,-0.04710446766875975,0.11867942661046982,0.022113238,17016,-0.003167811573803192,0.2,1.7094837797340006,-21.71498423874378,0.6012616455554962,0.035888671875
1166.5,1881,1090048,45.0,0,1,0.0001,-0.035459551529129385,0.4136001169681549,0.0036636423,17024,-0.007101415758370422,0.2,2.5306081434246153,-21.095066216886043,0.6316704452037811,0.017578125
1146.5,1808,1090560,45.0,0,1,0.0001,-0.054252131514658686,0.42993006110191345,0.018132059,17032,-0.00998735913890414,0.2,2.1898687181528658,-20.998222663253546,0.5451456904411316,0.03759765625
1177.0,1785,1091072,45.0,0,1,0.0001,-0.056989676544617396,0.3811894655227661,0.005973492,17040,-0.008461345743853599,0.2,3.159261594293639,-20.990083804279564,0.37590301036834717,0.035400390625
1194.5,1762,1091584,45.0,0,1,0.0001,-0.04438186695006152,0.31924083828926086,0.004124297,17048,-0.004306370930862613,0.2,3.5242750111501664,-20.348022307157517,0.3520438075065613,0.021484375
1180.5,1886,1092096,45.0,0,1,0.0001,-0.05387601355141669,0.36954596638679504,0.0073226546,17056,-0.007391628016193863,0.2,3.855605110991746,-19.55280435718596,0.34618037939071655,0.02587890625
1144.0,1520,1092608,45.0,0,1,0.0001,-0.08705617382656783,0.8207663297653198,0.024045592,17064,-0.01013059670367511,0.2,5.246852144598961,-19.596851540133358,0.3554360866546631,0.039794921875
1169.5,1938,1093120,45.0,0,1,0.0001,-0.035322815281688236,0.393943190574646,0.0047985287,17072,-0.006811436913267244,0.2,2.7108560216147453,-19.449197166338564,0.5521162450313568,0.017578125
1147.0,1955,1093632,45.0,0,1,0.0001,-0.057130373887048336,0.8643510937690735,0.014717647,17080,-0.012197249812743394,0.2,2.972548742312938,-19.620921468287705,0.7047077715396881,0.04052734375
1181.5,1895,1094144,45.0,0,1,0.0001,-0.03632911781278381,0.5399870276451111,0.025571754,17088,-0.007231760886497796,0.2,2.0176959328819066,-19.916171027570964,0.7383865416049957,0.022216796875
1161.5,1952,1094656,45.0,0,1,0.0001,-0.06708495668135583,0.7441608905792236,0.009019603,17096,-0.008551438062568195,0.2,3.8319676741957664,-20.4937180814147,0.6900655031204224,0.035400390625
1171.5,1811,1095168,45.0,0,1,0.0001,-0.056956909531436395,0.4208967089653015,0.015600704,17104,-0.006861743953777477,0.2,3.007563905790448,-20.386872138008474,0.4878789782524109,0.03759765625
1114.0,1872,1095680,45.0,0,1,0.0001,-0.0618117578633246,0.8530191779136658,0.0076292576,17112,-0.00856293613469461,0.2,2.856618676101789,-20.37968103684485,0.5775501430034637,0.030029296875
1145.0,1843,1096192,45.0,0,1,0.0001,-0.04408021310973709,0.750267505645752,0.0066411383,17120,-0.006288605960435234,0.2,2.8803792542312294,-20.70749675631523,0.4697626233100891,0.02490234375
1181.5,1908,1096704,45.0,0,1,0.0001,-0.05999245396378683,0.8363169431686401,0.004207518,17128,-0.007292370974028017,0.2,2.68050291063264,-20.769284054115413,0.6822783350944519,0.025634765625
1182.5,1519,1097216,45.0,0,1,0.0001,-0.04582765593477234,0.15838003158569336,0.006653247,17136,-0.009039706235853373,0.2,1.7141904471209273,-19.976185618489982,0.6913333833217621,0.029541015625
1180.5,2207,1097728,45.0,0,1,0.0001,-0.04796620267734397,0.1940551996231079,0.03782916,17144,-0.010139611491467804,0.2,1.3491449556313455,-19.845064793899656,0.8305994123220444,0.0419921875
1068.0,2080,1098240,45.0,0,1,0.0001,-0.049438145643762255,0.17556995153427124,0.010127128,17152,-0.01068673247937113,0.2,1.656819285475649,-19.355665734112264,0.6394504010677338,0.0341796875
985.0,2207,1098752,45.0,0,1,0.0001,-0.05184755777463579,0.20940513908863068,0.008516226,17160,-0.007884863463914371,0.2,2.437484779045917,-19.21887381784618,0.6280536949634552,0.024658203125
967.5,2032,1099264,45.0,0,1,0.0001,-0.046287968718388584,0.24770386517047882,0.008123618,17168,-0.010157129352592165,0.2,1.9933045908110216,-19.530820062682032,0.6022799611091614,0.030029296875
917.0,2087,1099776,45.0,0,1,0.0001,-0.0493198911754007,1.1221951246261597,0.004952758,17176,-0.0063195062648446765,0.2,4.54024704080075,-19.607217808291317,0.44802600145339966,0.020751953125
870.5,2040,1100288,45.0,0,1,0.0001,-0.04517691102932986,0.7157773971557617,0.0064270394,17184,-0.0053670555498683825,0.2,3.7384490622207522,-19.737556520625947,0.11998498439788818,0.019775390625
772.0,1962,1100800,45.0,0,1,0.0001,-0.03177837047314824,1.5254071950912476,0.004374399,17192,-0.0047885573585517704,0.2,6.0508437203243375,-19.854401187896727,0.37841975688934326,0.015380859375
693.0,2261,1101312,45.0,0,1,0.0001,-0.06128495935809042,0.649739682674408,0.005520949,17200,-0.008849830395774916,0.2,4.466867527458817,-19.72035523571074,0.44344955682754517,0.02880859375
639.0,2179,1101824,45.0,0,1,0.0001,-0.0313518622247102,0.5178700089454651,0.0036222152,17208,-0.003925351818907075,0.2,3.3132988894358277,-20.013431093841792,0.4231780171394348,0.019287109375
635.0,2293,1102336,45.0,0,1,0.0001,-0.0340504851865262,1.070580005645752,0.0026073805,17216,-0.007259705922479043,0.2,3.6084938244894147,-20.421878840774298,0.3597884774208069,0.018798828125
687.0,1561,1102848,45.0,0,1,0.0001,-0.03712553539298824,0.802781343460083,0.002182564,17224,-0.006916779850143939,0.2,3.172859149519354,-21.086030515283348,0.2731965184211731,0.0205078125
695.0,2046,1103360,45.0,0,1,0.0001,-0.03608711669858167,0.5535644292831421,0.004273541,17232,-0.004532948865744402,0.2,3.1714862287044525,-21.14646466396749,0.11476421356201172,0.01904296875
698.0,2044,1103872,45.0,0,1,0.0001,-0.03246240499174746,0.3784838914871216,0.0024785167,17240,-0.002796157175907865,0.2,3.996830507181585,-21.35240317687392,0.0006846785545349121,0.013916015625
716.0,2213,1104384,45.0,0,1,0.0001,-0.038145200198869134,0.521240770816803,0.0018560354,17248,-0.004568484255287331,0.2,6.128772396128625,-22.104551965296267,0.16762107610702515,0.0126953125
792.5,1861,1104896,45.0,0,1,0.0001,-0.022172688243699668,0.10670381039381027,0.0036301531,17256,-0.004067136891535483,0.2,1.9676069840788841,-22.68551074422896,0.5441722273826599,0.009765625
810.0,2001,1105408,45.0,0,1,0.0001,-0.031244970520674542,0.2550695538520813,0.0020298203,17264,-0.003021211472514551,0.2,4.109751183073968,-23.07082522928715,0.2175784707069397,0.012451171875
821.0,2195,1105920,45.0,0,1,0.0001,-0.03525744743001269,0.4327807128429413,0.007248792,17272,-0.0061084299013600685,0.2,3.8301577982492745,-23.5290393063426,0.4098966717720032,0.01806640625
796.0,2327,1106432,45.0,0,1,0.0001,-0.02173614292360071,0.46161675453186035,0.0040466175,17280,-0.0039244763775059255,0.2,3.370227072504349,-23.817855906784533,0.6269622445106506,0.011474609375
743.5,2125,1106944,45.0,0,1,0.0001,-0.024472521978623263,0.08448154479265213,0.0075791636,17288,-0.004489508908591233,0.2,1.380944638280198,-23.76735187664628,0.02854377031326294,0.017578125
741.0,1970,1107456,45.0,0,1,0.0001,-0.03828655143979631,1.2020200490951538,0.0054719113,17296,-0.007394815831503365,0.2,2.0098957780282944,-23.728086883351207,0.3108493685722351,0.022705078125
772.5,2195,1107968,45.0,0,1,0.0001,-0.026149032833927777,0.21022245287895203,0.0056792493,17304,-0.003267859196057543,0.2,3.482813958544284,-23.20811624750495,0.43207746744155884,0.013671875
799.0,1456,1108480,45.0,0,1,0.0001,-0.04964734444001806,0.45238691568374634,0.03076227,17312,-0.014528696501656668,0.2,3.625675573479384,-23.180655101016164,0.2766106128692627,0.04052734375
820.0,1992,1108992,45.0,0,1,0.0001,-0.03541946091263526,0.690987229347229,0.011685554,17320,-0.005141664019902237,0.2,3.3986018234863877,-22.17825661443174,0.5338816940784454,0.017333984375
829.0,1852,1109504,45.0,0,1,0.0001,-0.026810370291968866,0.46242690086364746,0.0036453318,17328,-0.0057924495686165756,0.2,2.808929267572239,-21.692487217783928,0.6768064498901367,0.013916015625
868.0,1914,1110016,45.0,0,1,0.0001,-0.02550658049676713,0.43964526057243347,0.009006206,17336,-0.004654274438507855,0.2,2.795368183637038,-21.622489355653524,0.5666942298412323,0.01513671875
910.5,1955,1110528,45.0,0,1,0.0001,-0.054258828840829665,0.481088787317276,0.010862419,17344,-0.004565254908811767,0.2,3.673102298518643,-21.76172108374536,0.3344268202781677,0.02783203125
980.5,2094,1111040,45.0,0,1,0.0001,-0.033806937147346616,1.1958094835281372,0.009067756,17352,-0.006629043673456181,0.2,3.151447420939803,-21.607686419337988,0.39798223972320557,0.0146484375
999.0,2139,1111552,45.0,0,1,0.0001,-0.03549583792755584,0.34400010108947754,0.01022628,17360,-0.007163148186009494,0.2,3.322946304222569,-21.783370330929756,0.5825473964214325,0.0185546875
964.5,1974,1112064,45.0,0,1,0.0001,-0.026608363919876865,0.508497953414917,0.0061752,17368,-0.003894336499797646,0.2,2.415910985786468,-21.939820235371588,0.5011674761772156,0.011962890625
1058.0,1830,1112576,45.0,0,1,0.0001,-0.040062231800220616,0.4455578923225403,0.004366462,17376,-0.006206864989508176,0.2,2.7331488898489624,-22.272448820620774,0.6719229221343994,0.02392578125
1020.5,1882,1113088,45.0,0,1,0.0001,-0.05333514788071625,0.9087759852409363,0.0048408667,17384,-0.0030343675607582554,0.2,5.6457577822729945,-21.211167048364878,0.23311764001846313,0.02197265625
1062.5,1378,1113600,45.0,0,1,0.0001,-0.043644533278893505,0.1196729838848114,0.009843359,17392,-0.005780308223620523,0.2,2.9067483660764992,-21.525080722346903,0.4836171269416809,0.027099609375
1058.5,1925,1114112,45.0,0,1,0.0001,-0.029920943286015245,0.3545900583267212,0.012283988,17400,-0.0066361375647829846,0.2,3.445399191696197,-21.437089338451624,0.4091145992279053,0.017333984375
1020.0,1938,1114624,45.0,0,1,0.0001,-0.03729401498094376,0.2209472805261612,0.022850815,17408,-0.008101573526801076,0.2,1.9030981888063252,-21.093430191352965,0.48999863862991333,0.02783203125
948.5,2384,1115136,45.0,0,1,0.0001,-0.05757730700133834,0.31047123670578003,0.0058025275,17416,-0.005511327719432302,0.2,2.8158684538211673,-20.765916052833198,0.49005842208862305,0.02099609375
925.0,2232,1115648,45.0,0,1,0.0001,-0.01827553610473842,0.3174380958080292,0.011483308,17424,-0.005265388204861665,0.2,2.515073429327458,-20.581936489492655,0.6205843389034271,0.013427734375
877.0,2229,1116160,45.0,0,1,0.0001,-0.030789622397605854,0.10485915094614029,0.0059125028,17432,-0.0063255983623093925,0.2,1.664859148208052,-20.257391274571418,0.766822949051857,0.017822265625
843.0,2074,1116672,45.0,0,1,0.0001,-0.03363124041334231,0.7157154679298401,0.0072531938,17440,-0.008857165954395896,0.2,2.275916248327121,-20.541604321748018,0.5548045635223389,0.02294921875
765.5,1988,1117184,45.0,0,1,0.0001,-0.05130198900587857,0.12872426211833954,0.041913323,17448,-0.003840175981167704,0.2,2.537548272171989,-20.764772749766706,0.24324363470077515,0.03173828125
761.0,1892,1117696,45.0,0,1,0.0001,-0.05023629209881619,0.2749456465244293,0.004238867,17456,-0.010732655646279454,0.2,3.9927345057949424,-21.492589107230305,0.4822714328765869,0.02783203125
756.5,1919,1118208,45.0,0,1,0.0001,-0.0545211146982183,0.35291415452957153,0.013647408,17464,-0.008695860575244296,0.2,4.18918291432783,-21.558622915148735,0.3697906732559204,0.0302734375
745.5,1535,1118720,45.0,0,1,0.0001,-0.03857997263730795,0.41886746883392334,0.004149082,17472,-0.004433852860529441,0.2,4.31135911308229,-21.98131250105798,0.481942355632782,0.016845703125
734.5,2115,1119232,45.0,0,1,0.0001,-0.046413157622737344,0.14344212412834167,0.0017810598,17480,-0.006050909923942527,0.2,4.504602012922987,-22.218635828793047,0.4104568362236023,0.01953125
739.0,2245,1119744,45.0,0,1,0.0001,-0.05006084968954383,0.20304088294506073,0.0056338473,17488,-0.006651253410382196,0.2,2.965097254374996,-22.754622105956077,0.5076567828655243,0.025146484375
742.5,2288,1120256,45.0,0,1,0.0001,-0.021420311518340895,0.5223276615142822,0.0046715345,17496,-0.0045957528964208905,0.2,3.324702028185129,-23.149591512531043,0.33028167486190796,0.018310546875
763.5,2325,1120768,45.0,0,1,0.0001,-0.020567417642268992,0.3373752236366272,0.0058865584,17504,-0.005606748512946069,0.2,1.3441649221931584,-23.397622034922243,0.5825456380844116,0.01513671875
773.0,2010,1121280,45.0,0,1,0.0001,-0.029418894408991036,0.08502805233001709,0.015727703,17512,-0.007171429595473455,0.2,1.3810880978126079,-23.484450242593883,0.6149943768978119,0.024658203125
857.0,1843,1121792,45.0,0,1,0.0001,-0.04439503211688134,0.3659200072288513,0.01166487,17520,-0.00800627202988835,0.2,3.4960390792693943,-23.72847962319851,0.42525070905685425,0.032470703125
919.0,1855,1122304,45.0,0,1,0.0001,-0.04378623003867688,0.40886783599853516,0.008083284,17528,-0.004900479259958956,0.2,2.8325113747268915,-23.292175041809678,0.43306124210357666,0.02685546875
941.5,1755,1122816,45.0,0,1,0.0001,-0.038069228320637194,0.538811445236206,0.0036038728,17536,-0.007596734572871355,0.2,3.2975699612870812,-22.826613417714835,0.4582759737968445,0.02001953125
985.5,1801,1123328,45.0,0,1,0.0001,-0.03303444124685484,0.3477383255958557,0.007057833,17544,-0.006587478012079373,0.2,3.5775484906043857,-22.586971633434295,0.6410096287727356,0.02685546875
1052.0,1469,1123840,45.0,0,1,0.0001,-0.055505764939880464,0.22200775146484375,0.0038083177,17552,-0.007626503123901784,0.2,3.5786913961637765,-23.18142829850316,0.46582627296447754,0.022705078125
1108.5,2019,1124352,45.0,0,1,0.0001,-0.042886144534350024,0.4008735418319702,0.008954422,17560,-0.00681895311572589,0.2,3.948314164765179,-23.144146777689457,0.5241822004318237,0.0234375
1132.0,2220,1124864,45.0,0,1,0.0001,-0.03619358418745833,0.8991084098815918,0.0046351044,17568,-0.006031392847944517,0.2,3.02205759100616,-23.297266982719304,0.6393157243728638,0.01806640625
1150.5,2016,1125376,45.0,0,1,0.0001,-0.027409474047090043,0.3841210901737213,0.0029588765,17576,-0.005419761189841665,0.2,1.831683105789125,-23.084592650979758,0.7554890960454941,0.016845703125
1233.0,1698,1125888,45.0,0,1,0.0001,-0.049155900389450835,0.14042216539382935,0.010835592,17584,-0.010063312176498584,0.2,2.5292621871922165,-22.960711762383582,0.6566142737865448,0.0361328125
1208.5,1793,1126400,45.0,0,1,0.0001,-0.07933478236373048,1.1486127376556396,0.008452967,17592,-0.009112741776334587,0.2,5.8861431535333395,-22.663892945870757,-0.24534809589385986,0.036376953125
1185.0,1830,1126912,45.0,0,1,0.0001,-0.06924399069248466,0.42354968190193176,0.007480447,17600,-0.008279070047137793,0.2,3.068139365874231,-22.821345161944627,0.6269315779209137,0.043212890625
1148.5,1775,1127424,45.0,0,1,0.0001,-0.04998361458274303,0.14452005922794342,0.009447046,17608,-0.006565711046278011,0.2,3.250842377077788,-22.94242160655558,0.28849560022354126,0.029052734375
1159.5,1836,1127936,45.0,0,1,0.0001,-0.04201112372902571,0.8346753120422363,0.008594967,17616,-0.003963425180700142,0.2,4.699182078707963,-23.631017995029687,0.2408050298690796,0.015869140625
1168.0,1506,1128448,45.0,0,1,0.0001,-0.07271870671684155,1.2244733572006226,0.0127856955,17624,-0.011278436075372156,0.2,4.3150129546411335,-23.39609071992338,0.601446658372879,0.038330078125
1174.0,2082,1128960,45.0,0,1,0.0001,-0.0466335866258305,1.1432108879089355,0.0029840204,17632,-0.0061479509095079266,0.2,3.429891912266612,-22.98520311526954,0.7198739945888519,0.023193359375
1202.0,1905,1129472,45.0,0,1,0.0001,-0.04483158799848752,0.5981812477111816,0.0025148403,17640,-0.0034364922903478146,0.2,3.7136463709175587,-22.2690350343287,0.6835554242134094,0.018310546875
1248.0,1829,1129984,45.0,0,1,0.0001,-0.07027460150857223,0.5517231822013855,0.01627079,17648,-0.006746019273123238,0.2,3.980724835768342,-21.914898185878993,0.6037501394748688,0.04150390625
1184.5,1964,1130496,45.0,0,1,0.0001,-0.06257227092282847,0.5242303609848022,0.012931558,17656,-0.006972338174819015,0.2,3.021776208654046,-21.213806085363032,0.48478299379348755,0.028564453125
1171.5,1868,1131008,45.0,0,1,0.0001,-0.04942828748608008,0.22731348872184753,0.0057797385,17664,-0.007340528452914441,0.2,2.373569477116689,-20.71625425606966,0.4702214002609253,0.02734375
1138.0,1445,1131520,45.0,0,1,0.0001,-0.031024229767353972,0.24843718111515045,0.015247976,17672,-0.006338458289974369,0.2,2.76882444426883,-20.69528037831187,0.43603456020355225,0.024658203125
1097.5,1926,1132032,45.0,0,1,0.0001,-0.031070719604940678,0.5248222947120667,0.0075206924,17680,-0.0072460201336070895,0.2,3.6975332465954125,-20.408639588356017,0.37125343084335327,0.013916015625
1082.0,1939,1132544,45.0,0,1,0.0001,-0.02819208849359711,0.8495743870735168,0.003354276,17688,-0.00478920349269174,0.2,3.7194015705026686,-20.288587319776415,0.44465315341949463,0.018798828125
1068.0,1606,1133056,45.0,0,1,0.0001,-0.04567755012431007,0.6052756309509277,0.01161788,17696,-0.00905180090921931,0.2,3.2261518235318363,-19.679358679503203,0.4031604528427124,0.025146484375
1062.0,2068,1133568,45.0,0,1,0.0001,-0.02880142523372342,0.3405194878578186,0.008672885,17704,-0.005285575716698077,0.2,2.598124160198495,-19.86037740856409,0.6873560547828674,0.014892578125
1030.0,2030,1134080,45.0,0,1,0.0001,-0.03006162882047647,0.17367319762706757,0.02818337,17712,-0.005456378472445067,0.2,1.7850089225103147,-19.911553832516073,0.2925143837928772,0.021240234375
989.0,1955,1134592,45.0,0,1,0.0001,-0.04528685453624348,0.26098841428756714,0.021460341,17720,-0.010272176055877935,0.2,1.7022455577971414,-19.908076913952826,0.5630313456058502,0.032470703125
1040.0,1763,1135104,45.0,0,1,0.0001,-0.05223895971175807,0.5466651320457458,0.010847863,17728,-0.009844056265137624,0.2,3.280578675912693,-20.363229939863086,0.3990747332572937,0.0302734375
1011.5,1872,1135616,45.0,0,1,0.0001,-0.05873076974603464,0.853701651096344,0.0076770014,17736,-0.009351784028694965,0.2,3.3525125877931714,-20.978095614984632,0.531138688325882,0.032958984375
1013.5,1815,1136128,45.0,0,1,0.0001,-0.044750495322659845,0.42339664697647095,0.004241782,17744,-0.008155054274538998,0.2,3.0347184808924794,-21.28193626023829,0.4068758487701416,0.027099609375
1096.5,1849,1136640,45.0,0,1,0.0001,-0.041485567337076645,0.3034680485725403,0.006934987,17752,-0.005360462913813535,0.2,3.7142565173562616,-21.857557573243977,0.46377837657928467,0.021484375
1107.5,1799,1137152,45.0,0,1,0.0001,-0.05100570553258876,0.2754913866519928,0.032810632,17760,-0.008564381412725197,0.2,2.0354901247192174,-21.943173192963005,0.6358907520771027,0.039306640625
1099.0,1584,1137664,45.0,0,1,0.0001,-0.05664617530419491,0.6126983761787415,0.0089255,17768,-0.0057354869350092486,0.2,3.471831649541855,-22.46470273666084,0.48696231842041016,0.02685546875
1107.0,1995,1138176,45.0,0,1,0.0001,-0.02457620966470131,0.3568926155567169,0.005838287,17776,-0.004915922392683569,0.2,1.6753060813061893,-22.211999496743083,0.8025079071521759,0.018798828125
1081.5,2119,1138688,45.0,0,1,0.0001,-0.04253578335192287,0.749609649181366,0.008082234,17784,-0.005811640759930015,0.2,3.2809718269854784,-22.663298698812724,0.7284971177577972,0.024169921875
1119.0,1879,1139200,45.0,0,1,0.0001,-0.03535551518325519,0.280343621969223,0.009521268,17792,-0.006463955964136403,0.2,1.7610363584244624,-22.287328174412252,0.6832121312618256,0.02001953125
1096.0,2097,1139712,45.0,0,1,0.0001,-0.05986559041775763,0.2161087840795517,0.015979806,17800,-0.011806156220700359,0.2,2.9368610236560926,-22.186997559964656,0.2950890064239502,0.0400390625
1073.5,1821,1140224,45.0,0,1,0.0001,-0.03761138916070195,0.14609642326831818,0.035790727,17808,-0.0028402439056662843,0.2,1.8647690752113704,-21.624011287391184,0.6090700924396515,0.017578125
1039.0,1863,1140736,45.0,0,1,0.0001,-0.062481607776135206,0.429051011800766,0.023039768,17816,-0.011241790438361932,0.2,2.03962558216881,-21.227813295423985,0.4356898069381714,0.03955078125
1036.5,1796,1141248,45.0,0,1,0.0001,-0.050157703128206776,0.4181998074054718,0.004733343,17824,-0.009203316818457097,0.2,4.323734935373068,-20.91365775436163,0.4470834732055664,0.03125
986.0,1942,1141760,45.0,0,1,0.0001,-0.06611736348713748,0.4638100564479828,0.0059874235,17832,-0.010708843678003177,0.2,4.863955629989505,-20.588039043843747,0.44249027967453003,0.0341796875
1015.0,1534,1142272,45.0,0,1,0.0001,-0.05307665708096465,0.9698322415351868,0.007094097,17840,-0.006543124283780344,0.2,4.718721712240949,-20.889650920778514,0.3210785388946533,0.03125
991.5,2158,1142784,45.0,0,1,0.0001,-0.04771561831148574,0.29887378215789795,0.0038671156,17848,-0.004874972473771777,0.2,2.773430689703673,-21.47316988170147,0.7511836737394333,0.018798828125
1015.0,1978,1143296,45.0,0,1,0.0001,-0.04003382163864444,0.1541128009557724,0.0037458804,17856,-0.0018735896883299574,0.2,1.6816629158565775,-21.869609761685133,0.7605104744434357,0.01416015625
973.0,1921,1143808,45.0,0,1,0.0001,-0.05168265105749015,0.9750365018844604,0.003605762,17864,-0.007836982556909788,0.2,5.346521968720481,-22.993800440058113,0.6745496392250061,0.0302734375
1014.5,1807,1144320,45.0,0,1,0.0001,-0.08068403193465201,0.5621006488800049,0.011276096,17872,-0.015532895005890168,0.2,5.6551690199412405,-23.610147292539477,0.4112299084663391,0.046630859375
963.0,1937,1144832,45.0,0,1,0.0001,-0.05836111029748281,0.18266166746616364,0.045114823,17880,-0.012232974053404178,0.2,4.633199205389246,-24.2210901876539,0.568615734577179,0.041259765625
1015.0,1769,1145344,45.0,0,1,0.0001,-0.05563344644360768,0.30578696727752686,0.013102263,17888,-0.007994798055733554,0.2,2.027044386952184,-24.48891305819154,0.4371774196624756,0.0419921875
954.5,2062,1145856,45.0,0,1,0.0001,-0.03804453379234474,0.8679255247116089,0.0033903914,17896,-0.007276124488271307,0.2,3.8312153359875083,-23.85060312502086,0.319372296333313,0.018798828125
928.0,2162,1146368,45.0,0,1,0.0001,-0.04840818981938355,0.15223948657512665,0.012322443,17904,-0.00493629096672521,0.2,2.600363466888666,-23.8161138728261,0.5847405791282654,0.026611328125
927.0,1964,1146880,45.0,0,1,0.0001,-0.03334849124712491,0.14791356027126312,0.008108268,17912,-0.006436885039875051,0.2,2.355246133520268,-23.20301843397319,0.5702040791511536,0.025390625
906.5,1696,1147392,45.0,0,1,0.0001,-0.038102246338894474,1.4784132242202759,0.006288447,17920,-0.006819732217991259,0.2,4.397503510117531,-22.87360303543508,0.6097868382930756,0.021484375
816.0,2300,1147904,45.0,0,1,0.0001,-0.037784359248689725,0.44343850016593933,0.0014774706,17928,-0.005837919270561542,0.2,2.243560775241349,-22.586647417992353,0.5524044334888458,0.017578125
836.0,1927,1148416,45.0,0,1,0.0001,-0.03517265314667384,0.10645829141139984,0.019955713,17936,-0.009671155268733855,0.2,1.65916798816761,-22.16727248877287,0.6217106580734253,0.035400390625
821.5,2013,1148928,45.0,0,1,0.0001,-0.04083303879269806,0.7690322995185852,0.0018762031,17944,-0.0042475948357605375,0.2,4.11886878637597,-21.933507236093284,-0.529121994972229,0.010986328125
858.5,1835,1149440,45.0,0,1,0.0001,-0.03896891207386943,0.5076471567153931,0.0060631614,17952,-0.005874504815437831,0.2,3.300378493964672,-21.535123288333416,-0.08857560157775879,0.025634765625
821.0,1815,1149952,45.0,0,1,0.0001,-0.04220322535002197,0.48277992010116577,0.0060941046,17960,-0.005174295496544801,0.2,3.387216115370393,-20.760538750737904,0.5164073705673218,0.01953125
850.5,1772,1150464,45.0,0,1,0.0001,-0.0404345220522373,3.5474510192871094,0.017138915,17968,-0.006852063477708725,0.2,5.690476092509925,-20.570400599464776,0.5274602174758911,0.03125
920.5,1968,1150976,45.0,0,1,0.0001,-0.05748903610947309,0.7188248634338379,0.0072681597,17976,-0.0056083220115397125,0.2,3.722530161263421,-20.75905029952526,0.1700584888458252,0.02685546875
932.0,1999,1151488,45.0,0,1,0.0001,-0.027823721582535654,0.2510245740413666,0.011174884,17984,-0.004503382071561646,0.2,3.2648641809355468,-20.901303751766683,0.5500406920909882,0.016357421875
1010.0,1537,1152000,45.0,0,1,0.0001,-0.03363306999926863,0.47197970747947693,0.004959977,17992,-0.0033906963726622052,0.2,3.894005537033081,-20.93753879711032,0.320500910282135,0.012939453125
1072.5,1920,1152512,45.0,0,1,0.0001,-0.038895715842954814,0.5583091974258423,0.0036145304,18000,-0.0051201321512053255,0.2,2.378067694604397,-21.22888530828059,0.7251521646976471,0.017578125
1117.5,1799,1153024,45.0,0,1,0.0001,-0.039422441739588976,0.40641286969184875,0.0068596415,18008,-0.005636192536258022,0.2,3.3692849420476705,-21.023108714595438,0.6289661824703217,0.0205078125
1162.5,1769,1153536,45.0,0,1,0.0001,-0.0471600876935554,1.1015686988830566,0.015866188,18016,-0.005295476243190933,0.2,7.786223814357072,-20.76371575206518,0.6352724432945251,0.016845703125
1179.5,1786,1154048,45.0,0,1,0.0001,-0.05141390589051298,0.34664079546928406,0.007575685,18024,-0.006528748679556884,0.2,4.323717549908906,-20.80018411591649,0.37115490436553955,0.0263671875
1171.5,1972,1154560,45.0,0,1,0.0001,-0.032614879002721864,0.24651505053043365,0.0023126658,18032,-0.004303245284972945,0.2,5.499284035526216,-21.23393178462982,0.21064788103103638,0.009033203125
1076.5,2011,1155072,45.0,0,1,0.0001,-0.03447668528860959,0.5835298895835876,0.013706896,18040,-0.007148645370762097,0.2,3.160014885943383,-21.306015449613334,0.4352499842643738,0.023193359375
1069.5,2135,1155584,45.0,0,1,0.0001,-0.04945994982335833,0.34653711318969727,0.008997336,18048,-0.006406571512343362,0.2,2.3625081294449046,-21.140767119824886,0.5873593389987946,0.028076171875
1007.5,2192,1156096,45.0,0,1,0.0001,-0.02268973687205289,0.15845517814159393,0.0032923815,18056,-0.004026550541311735,0.2,2.709364879410714,-20.273525732010604,0.7263408899307251,0.009765625
904.0,2515,1156608,45.0,0,1,0.0001,-0.019714521698915632,0.141986683011055,0.0041705444,18064,-0.0031245512545865495,0.2,1.344964895863086,-19.351434798836706,0.6386548578739166,0.008544921875
898.5,1562,1157120,45.0,0,1,0.0001,-0.023867275904194685,0.10512219369411469,0.0046344055,18072,-0.0075876738264923915,0.2,0.9430937314027688,-18.911919738203288,0.589184045791626,0.01904296875
806.0,2179,1157632,45.0,0,1,0.0001,-0.032472916444021394,0.3607480525970459,0.0015561992,18080,-0.0016439272512798198,0.2,2.9173761892598122,-18.897518276646732,0.2558399438858032,0.01025390625
813.5,1913,1158144,45.0,0,1,0.0001,-0.02164018587063765,0.5438962578773499,0.0035818238,18088,-0.004404798419272993,0.2,3.0285775582306087,-18.48807343803346,0.08750659227371216,0.01025390625
816.5,1875,1158656,45.0,0,1,0.0001,-0.025578916015547293,0.4777708351612091,0.0039489544,18096,-0.004423115471581696,0.2,3.477933879941702,-18.58357113979757,0.4492305517196655,0.01025390625
808.5,1906,1159168,45.0,0,1,0.0001,-0.0298531673333855,0.7077483534812927,0.003409761,18104,-0.008211986238165991,0.2,4.257199725601822,-18.58047064960003,0.6645965278148651,0.0224609375
855.0,1938,1159680,45.0,0,1,0.0001,-0.03830688156722317,0.4644310772418976,0.016846979,18112,-0.0019340036869834876,0.2,5.112123037222773,-18.6804015904665,0.447270929813385,0.029052734375
847.5,2294,1160192,45.0,0,1,0.0001,-0.03887119247519877,0.17306387424468994,0.0065788575,18120,-0.007749313677777536,0.2,4.242721062619239,-19.248719465062024,0.10655242204666138,0.019775390625
823.5,2211,1160704,45.0,0,1,0.0001,-0.021436188296320324,0.03192373365163803,0.009458678,18128,-0.006148422038677381,0.2,2.302733888136572,-20.39317799039185,0.5593203008174896,0.014404296875
849.0,2326,1161216,45.0,0,1,0.0001,-0.02974182724028651,0.20184361934661865,0.016117333,18136,-0.006406409927421919,0.2,1.9661643587751314,-21.25590529292822,0.6880845427513123,0.027587890625
885.5,1884,1161728,45.0,0,1,0.0001,-0.022633312804828165,0.029834648594260216,0.009299175,18144,-0.004429854438058101,0.2,1.1177211543836165,-21.60452926516533,0.6578771770000458,0.01318359375
917.0,1982,1162240,45.0,0,1,0.0001,-0.04300462418177631,0.3878825008869171,0.004698796,18152,-0.0073433325269434135,0.2,3.2566003878600895,-22.116743905097245,0.18689990043640137,0.024169921875
917.5,2009,1162752,45.0,0,1,0.0001,-0.035529766231775284,0.29699981212615967,0.01365252,18160,-0.009197328763548285,0.2,3.4241351187229156,-22.05358889400959,-0.011757254600524902,0.02392578125
894.5,1911,1163264,45.0,0,1,0.0001,-0.025536742265103385,0.4227331876754761,0.011540142,18168,-0.005966168546365225,0.2,1.9335982976481318,-21.946879594549536,0.541374534368515,0.017578125
904.0,1992,1163776,45.0,0,1,0.0001,-0.021984334297485475,0.3493463397026062,0.002747871,18176,-0.004748451647174079,0.2,2.8096568142063916,-22.072523173168303,0.48645174503326416,0.010986328125
914.0,1890,1164288,45.0,0,1,0.0001,-0.043795344357931754,0.19588735699653625,0.010215275,18184,-0.009510994641459547,0.2,2.2898241833318025,-21.966803036481142,0.48822885751724243,0.0283203125
974.5,1907,1164800,45.0,0,1,0.0001,-0.03126027984399116,0.0532773993909359,0.008262575,18192,-0.006814964221121045,0.2,1.618010028381832,-21.624428528025746,0.6485903263092041,0.01806640625
1039.5,2165,1165312,45.0,0,1,0.0001,-0.03610011339696939,0.3735625743865967,0.012982948,18200,-0.00686317482177401,0.2,2.172961067641154,-21.51559677235782,0.6594386696815491,0.020263671875
1003.0,2312,1165824,45.0,0,1,0.0001,-0.02597556013824942,0.7929137349128723,0.016029565,18208,-0.0064876972464844584,0.2,4.198059104382992,-21.638516476601364,0.538360595703125,0.020751953125
1033.5,1811,1166336,45.0,0,1,0.0001,-0.02603662813817209,0.1849655956029892,0.0051928167,18216,-0.006595991213544039,0.2,1.356837979517877,-21.670995096191763,0.8054335117340088,0.019775390625
1033.0,1941,1166848,45.0,0,1,0.0001,-0.033993414164797287,0.4620836079120636,0.0070683444,18224,-0.0041576897201593965,0.2,2.5552034822758287,-21.735777877420187,0.3817254900932312,0.0146484375
990.5,1541,1167360,45.0,0,1,0.0001,-0.0453928152737717,0.20101825892925262,0.010723008,18232,-0.007252577575854957,0.2,2.2370130039053038,-22.032986654490234,0.6453932821750641,0.02734375
1009.0,1837,1167872,45.0,0,1,0.0001,-0.028858895881057833,0.06078726798295975,0.013729438,18240,-0.010481261033419287,0.2,1.7628340263618156,-22.389947485849262,0.4205612540245056,0.029052734375
1067.5,1751,1168384,45.0,0,1,0.0001,-0.039330703923042165,0.3463136851787567,0.0096867485,18248,-0.006922924694663379,0.2,1.8157532113837078,-22.65639309130609,0.34431034326553345,0.0234375
1048.5,2011,1168896,45.0,0,1,0.0001,-0.0637389715811878,2.693542003631592,0.017596217,18256,-0.008524343124008738,0.2,5.589434782043099,-23.207867785543204,0.48973965644836426,0.03369140625
1065.5,2046,1169408,45.0,0,1,0.0001,-0.03629930167153361,0.2544195353984833,0.01364872,18264,-0.010470091983734164,0.2,2.327700070105493,-23.65564988158643,0.6227551698684692,0.036376953125
1039.0,2196,1169920,45.0,0,1,0.0001,-0.03332626405335759,0.9346384406089783,0.0067904294,18272,-0.006591173016204266,0.2,6.535520040430129,-23.634222339615224,0.6005304455757141,0.015869140625
1076.5,2026,1170432,45.0,0,1,0.0001,-0.022373326082743006,0.16996443271636963,0.0035545095,18280,-0.004161033535638126,0.2,1.7282243056688458,-23.165976384207607,0.46885746717453003,0.009521484375
1076.5,1931,1170944,45.0,0,1,0.0001,-0.04314981091192749,0.21619269251823425,0.0073109125,18288,-0.005750809723394923,0.2,2.271253659739159,-22.903210685551166,0.6841890215873718,0.018310546875
1003.5,2171,1171456,45.0,0,1,0.0001,-0.049096500890300376,0.12090428173542023,0.010308621,18296,-0.007882529651396908,0.2,3.9024926784913987,-22.408833995237945,0.2043125033378601,0.0322265625
1031.0,1882,1171968,45.0,0,1,0.0001,-0.051582435859018005,3.330369234085083,0.0059938985,18304,-0.008420569367444841,0.2,9.443881452083588,-23.17927048869431,0.14395707845687866,0.02587890625
1096.0,1786,1172480,45.0,0,1,0.0001,-0.03955936997954268,0.43703633546829224,0.0024090318,18312,-0.0037034556989965495,0.2,4.731504434952512,-22.796197788491845,0.36476385593414307,0.010986328125
1086.5,1848,1172992,45.0,0,1,0.0001,-0.0518926279983134,1.8835422992706299,0.00342889,18320,-0.007964291151438374,0.2,9.532520849257708,-22.6118247512728,0.17237788438796997,0.025146484375
1083.0,2123,1173504,45.0,0,1,0.0001,-0.049675023059535306,0.5311181545257568,0.0068335626,18328,-0.008447029398666928,0.2,4.474128354107961,-22.3057402600348,0.32088762521743774,0.021240234375
1069.5,1987,1174016,45.0,0,1,0.0001,-0.02967137610539794,0.11898519098758698,0.008934718,18336,-0.004751866516016889,0.2,1.3589205210737418,-22.31874382197857,0.7357950508594513,0.013427734375
1071.0,2289,1174528,45.0,0,1,0.0001,-0.037085303833009675,0.4708593189716339,0.010489004,18344,-0.00871476316387998,0.2,4.317699090112001,-22.736375954598188,0.526055097579956,0.028564453125
1091.5,1893,1175040,45.0,0,1,0.0001,-0.02373863069806248,0.08683499693870544,0.005100632,18352,-0.006152594061859418,0.2,0.9806019512179773,-23.098263201639057,0.7202923595905304,0.017578125
1094.5,2060,1175552,45.0,0,1,0.0001,-0.04433701488233055,0.42597848176956177,0.005333269,18360,-0.008546910728910007,0.2,3.6346785966306925,-23.706931391358374,0.6624985933303833,0.021240234375
1155.5,1917,1176064,45.0,0,1,0.0001,-0.04530986726604169,0.23135864734649658,0.010947449,18368,-0.007337493741943035,0.2,3.4732327573001385,-23.80301396071911,-0.5022709369659424,0.02490234375
1108.0,1939,1176576,45.0,0,1,0.0001,-0.048333742437534966,1.1264337301254272,0.012081515,18376,-0.008956019453762565,0.2,4.525279296562076,-23.40584595784545,0.2841755151748657,0.03076171875
1100.5,1410,1177088,45.0,0,1,0.0001,-0.04146459592448082,0.9372746348381042,0.015468491,18384,-0.009173183636448812,0.2,4.562992867082357,-23.56983394049108,0.394858717918396,0.030517578125
1025.0,2055,1177600,45.0,0,1,0.0001,-0.06258090244591585,0.903263509273529,0.008283202,18392,-0.009117721594520845,0.2,8.206079966854304,-23.777724390774964,-0.022124052047729492,0.031982421875
1116.5,1944,1178112,45.0,0,1,0.0001,-0.050724377786536934,0.26752838492393494,0.011467698,18400,-0.009148568708042149,0.2,5.165578189771622,-24.181925277262927,0.044247329235076904,0.026611328125
1051.0,2206,1178624,45.0,0,1,0.0001,-0.030646687133412343,0.4456801116466522,0.0028910337,18408,-0.0032680432632332668,0.2,3.5098413066007197,-23.893992155492306,0.6049984097480774,0.012451171875
1073.5,2159,1179136,45.0,0,1,0.0001,-0.03151661119591154,0.14323902130126953,0.006009347,18416,-0.006273025719565339,0.2,1.444403096451424,-23.440218144357203,0.7680496424436569,0.02294921875
1029.0,1834,1179648,45.0,0,1,0.0001,-0.02335639969805925,0.11368568986654282,0.022161378,18424,-0.0048867791119846515,0.2,1.4157030083006248,-22.967046445533633,0.6187601089477539,0.01171875
1062.0,1893,1180160,45.0,0,1,0.0001,-0.06589155262554414,0.6250337362289429,0.008901013,18432,-0.009559401369187981,0.2,4.6944460545200855,-22.97309432603419,0.5949868857860565,0.029541015625
1003.0,2098,1180672,45.0,0,1,0.0001,-0.060851243702927604,0.7194871306419373,0.005088006,18440,-0.011086088925367221,0.2,3.8969345511868596,-23.099895431771873,0.5948517918586731,0.034423828125
1015.0,1817,1181184,45.0,0,1,0.0001,-0.04063096619756834,1.06818687915802,0.02699887,18448,-0.011505976479384117,0.2,2.4821694635320455,-23.513987734243273,0.533235490322113,0.036865234375
1011.0,1443,1181696,45.0,0,1,0.0001,-0.051334057749045314,0.4824933111667633,0.0053096823,18456,-0.006257849807298044,0.2,3.624134727520868,-24.254340428337454,0.2185300588607788,0.02001953125
1041.5,1980,1182208,45.0,0,1,0.0001,-0.06762286844605114,0.21784113347530365,0.008075874,18464,-0.012072072859155014,0.2,2.7834216684568673,-24.949526806771754,0.5959862768650055,0.0380859375
1045.5,1971,1182720,45.0,0,1,0.0001,-0.041066249814321054,0.1743977814912796,0.0092896,18472,-0.005374253538320772,0.2,2.076342520304024,-24.80368746779859,0.7784703522920609,0.022216796875
1015.5,2385,1183232,45.0,0,1,0.0001,-0.023883378347818507,0.7825025916099548,0.010907542,18480,-0.005693426686775638,0.2,2.751128926407546,-24.96729379490018,0.7311848998069763,0.01513671875
994.5,2120,1183744,45.0,0,1,0.0001,-0.02506956788511161,0.2312237024307251,0.016359404,18488,-0.0072921696191770025,0.2,0.8806873636785895,-24.808660537675024,0.8546809703111649,0.023193359375
977.0,1761,1184256,45.0,0,1,0.0001,-0.03178219898836687,0.24535712599754333,0.006934586,18496,-0.004384766856674105,0.2,2.54289185104426,-24.715358063727617,0.4838932156562805,0.0185546875
936.5,2128,1184768,45.0,0,1,0.0001,-0.04955220074589306,0.317838191986084,0.007985722,18504,-0.008614857630163897,0.2,3.399417065666057,-24.58708368130028,-0.03959155082702637,0.03515625
897.0,2037,1185280,45.0,0,1,0.0001,-0.03727655266357033,0.8505590558052063,0.0077520525,18512,-0.007718731147178914,0.2,3.3450957206077874,-24.68309556081891,0.40740835666656494,0.022705078125
902.5,1962,1185792,45.0,0,1,0.0001,-0.03843242658331292,0.4805634915828705,0.0028541998,18520,-0.005009810738556553,0.2,3.444777888711542,-23.95689605243504,-0.006618857383728027,0.0234375
840.0,2003,1186304,45.0,0,1,0.0001,-0.024851150771610264,0.3981548249721527,0.0077333404,18528,-0.005744055142713478,0.2,3.1433206419460475,-23.411820009127258,0.43066251277923584,0.01318359375
795.0,2006,1186816,45.0,0,1,0.0001,-0.03486709294520551,0.2292424738407135,0.004943166,18536,-0.007514290171457105,0.2,4.67584268306382,-22.68534209057689,0.37111979722976685,0.01904296875
748.5,1657,1187328,45.0,0,1,0.0001,-0.026812995232830872,0.2493201345205307,0.0066550295,18544,-0.003497877974950825,0.2,2.630086733493954,-22.487318074032665,0.17570775747299194,0.015380859375
799.0,2400,1187840,45.0,0,1,0.0001,-0.018407223001304374,0.12276037037372589,0.007416798,18552,-0.004546643529465655,0.2,3.3011910330387764,-22.983272373229266,0.5416634976863861,0.0107421875
813.0,2033,1188352,45.0,0,1,0.0001,-0.021651626695529558,0.18553128838539124,0.002019397,18560,-0.005029383915825747,0.2,1.5421533210901543,-23.273486890643834,0.617565244436264,0.0126953125
858.5,1901,1188864,45.0,0,1,0.0001,-0.022241918677536887,0.24076460301876068,0.0036526385,18568,-0.006007180141750723,0.2,2.2353345786686987,-23.526956215873362,0.5666437447071075,0.017578125
906.5,2042,1189376,45.0,0,1,0.0001,-0.0331016720210755,0.3389837443828583,0.009626439,18576,-0.005639914612402208,0.2,2.1083183273440227,-23.151358084380625,0.22809875011444092,0.02685546875
930.5,1974,1189888,45.0,0,1,0.0001,-0.033623621393417125,0.08543433994054794,0.012446043,18584,-0.009276266348024365,0.2,1.869347884785384,-22.860937866345047,0.6576845645904541,0.02734375
1017.5,1760,1190400,45.0,0,1,0.0001,-0.028621491047488234,0.16819781064987183,0.0061492706,18592,-0.0055530113822896965,0.2,2.1958837893325835,-23.46571922928095,0.5857610702514648,0.021728515625
1052.0,1864,1190912,45.0,0,1,0.0001,-0.039923391376760264,0.2903369963169098,0.013313663,18600,-0.009487368524787598,0.2,2.540408593835309,-23.517800661921502,0.44064879417419434,0.032958984375
1034.5,2130,1191424,45.0,0,1,0.0001,-0.049117703314550454,0.39140841364860535,0.008566732,18608,-0.006443764104915317,0.2,3.1590893783140928,-23.88981343202293,0.5875259935855865,0.018798828125
1041.0,2062,1191936,45.0,0,1,0.0001,-0.0275383533889908,0.17806866765022278,0.0108809415,18616,-0.004445379905519076,0.2,1.3419487214414403,-23.93410260245204,0.8062343001365662,0.01904296875
1040.0,1441,1192448,45.0,0,1,0.0001,-0.03161064120740775,0.20768027007579803,0.01521259,18624,-0.00570412081287941,0.2,1.1622949050506577,-24.056972922310234,0.785698875784874,0.02734375
1084.0,1749,1192960,45.0,0,1,0.0001,-0.03200063771328132,0.1287999302148819,0.0105714165,18632,-0.007229647380881943,0.2,2.148944405373186,-23.868070074394346,0.49653440713882446,0.026123046875
1061.0,1783,1193472,45.0,0,1,0.0001,-0.06002883602195652,3.021686553955078,0.007620208,18640,-0.008205700032704044,0.2,7.100061466451734,-23.74177136518061,0.4860919117927551,0.024169921875
1043.5,1931,1193984,45.0,0,1,0.0001,-0.07925379065272864,0.9826127886772156,0.030290343,18648,-0.010852938918105792,0.2,4.821169173810631,-24.00541835196316,0.25731807947158813,0.04248046875
979.0,1969,1194496,45.0,0,1,0.0001,-0.05867868479435856,1.233745813369751,0.02549234,18656,-0.010287965873430949,0.2,4.401595022762194,-24.301707587465643,0.5571373105049133,0.044921875
982.0,1770,1195008,45.0,0,1,0.0001,-0.05326719986715034,1.9361013174057007,0.007360778,18664,-0.00944935878214892,0.2,7.939492135541514,-24.588646853640675,0.05029416084289551,0.02490234375
1002.0,2106,1195520,45.0,0,1,0.0001,-0.04531021869661345,0.8030158877372742,0.010523899,18672,-0.005258797245915048,0.2,5.69100121082738,-25.2108414516598,0.47073692083358765,0.016845703125
985.0,2003,1196032,45.0,0,1,0.0001,-0.039861131026555086,0.36456578969955444,0.012502258,18680,-0.00785122580055031,0.2,3.098397412104532,-24.980640914216636,0.47688567638397217,0.026123046875
1010.0,2149,1196544,45.0,0,1,0.0001,-0.03889592043833545,0.35185518860816956,0.008122627,18688,-0.006574248018296203,0.2,2.8344240286387503,-24.7575645378232,0.7046158909797668,0.021728515625
1016.0,2140,1197056,45.0,0,1,0.0001,-0.016577621329815884,0.38725873827934265,0.0067914515,18696,-0.004800579194125021,0.2,3.112367709632963,-24.588696900606156,0.6728325486183167,0.01123046875
909.5,2172,1197568,45.0,0,1,0.0001,-0.04091578198313073,0.2229333221912384,0.008870153,18704,-0.00579631498476374,0.2,2.075661234674044,-24.106408550068736,0.46775978803634644,0.0283203125
830.0,2111,1198080,45.0,0,1,0.0001,-0.040434727243336965,0.22647863626480103,0.025558023,18712,-0.006882724563183729,0.2,3.1416358151473105,-23.922401221692564,0.6099604666233063,0.028076171875
819.0,2091,1198592,45.0,0,1,0.0001,-0.03824809469006141,0.1769569218158722,0.0053306166,18720,-0.006298428284935653,0.2,2.6719555855961516,-23.413282303586602,0.09682071208953857,0.0166015625
828.0,1980,1199104,45.0,0,1,0.0001,-0.028394365754138562,0.12871317565441132,0.0039597284,18728,-0.004681641119532287,0.2,1.9668853082694113,-22.51173817396164,0.18091166019439697,0.018798828125
696.0,2171,1199616,45.0,0,1,0.0001,-0.029626516125063063,0.2722993791103363,0.002829676,18736,-0.004624722321750596,0.2,3.471674136351794,-22.032902556210757,0.5348669290542603,0.013916015625
666.5,2178,1200128,45.0,0,1,0.0001,-0.031518294480520126,0.4724089205265045,0.007849918,18744,-0.007719682867900701,0.2,2.8730705487541854,-21.40724650591612,0.519110918045044,0.022216796875
642.0,1578,1200640,45.0,0,1,0.0001,-0.0336845816236746,0.233859583735466,0.010035531,18752,-0.00575161563938309,0.2,2.684191856533289,-21.69140170067549,0.5616568028926849,0.01708984375
596.0,2195,1201152,45.0,0,1,0.0001,-0.015966040145031002,0.2123589664697647,0.0016263854,18760,-0.0027331007422617404,0.2,2.802014675922692,-21.406538487151266,0.5168473720550537,0.006103515625
638.0,2086,1201664,45.0,0,1,0.0001,-0.0310642945487416,0.4195992648601532,0.0039580055,18768,-0.00518410601944197,0.2,2.4837989297229797,-22.00012560673058,0.360709011554718,0.014892578125
648.0,2104,1202176,45.0,0,1,0.0001,-0.03817509373584471,0.28821688890457153,0.010417145,18776,-0.006451940025726799,0.2,2.1552476782817394,-22.550562230423093,0.64800825715065,0.0244140625
743.5,1425,1202688,45.0,0,1,0.0001,-0.03943386030005058,0.30193689465522766,0.0028410922,18784,-0.0038911379233468324,0.2,2.307935104239732,-23.0758497685194,0.5219326615333557,0.018310546875
818.5,1792,1203200,45.0,0,1,0.0001,-0.07349939613777678,1.535942554473877,0.004676851,18792,-0.00947615600307472,0.2,6.783936586696655,-23.933929258733986,0.2889755964279175,0.032958984375
826.0,1938,1203712,45.0,0,1,0.0001,-0.0525255268876208,1.49696683883667,0.008024834,18800,-0.009550373535603285,0.2,10.234383721835911,-24.414505107179284,0.2246875762939453,0.019287109375
949.0,1759,1204224,45.0,0,1,0.0001,-0.05880397717737651,8.256793022155762,0.003384681,18808,-0.007300653422134928,0.2,16.497599337249994,-25.606020814105868,0.16074413061141968,0.02734375
956.5,2114,1204736,45.0,0,1,0.0001,-0.06203919098334154,0.7723070979118347,0.0032592486,18816,-0.0036654310752055608,0.2,7.824598912615329,-26.402940265610813,0.3555784821510315,0.0166015625
942.5,2176,1205248,45.0,0,1,0.0001,-0.035041723305766936,1.1508156061172485,0.0068114935,18824,-0.00748618203215301,0.2,3.8253142666071653,-27.275388866215945,0.6653837859630585,0.02587890625
941.5,2226,1205760,45.0,0,1,0.0001,-0.025108291887590894,0.2938416004180908,0.0013795474,18832,-0.005205229543207679,0.2,2.6001128724310547,-27.318655357211828,0.7878758758306503,0.012939453125
977.0,1889,1206272,45.0,0,1,0.0001,-0.035546951712603914,0.499910444021225,0.012163001,18840,-0.004929644528601784,0.2,2.859348368830979,-26.832208591774105,0.6035975813865662,0.025146484375
1042.0,1846,1206784,45.0,0,1,0.0001,-0.04908086213981733,0.6583146452903748,0.00450401,18848,-0.007446541047102073,0.2,4.505836481926963,-26.15190374493599,0.3416956663131714,0.019775390625
1005.0,1925,1207296,45.0,0,1,0.0001,-0.04262657341587328,0.24866902828216553,0.0018552983,18856,-0.002607473681564443,0.2,3.5302091741468757,-25.032007476463914,-0.10091304779052734,0.015380859375
947.0,1958,1207808,45.0,0,1,0.0001,-0.048696219781049876,0.31663957238197327,0.01450198,18864,-0.0066573469775903504,0.2,3.116284649586305,-24.15150065071881,0.07698547840118408,0.027099609375
1011.5,1899,1208320,45.0,0,1,0.0001,-0.037448176510224584,0.3018660247325897,0.014943151,18872,-0.006722098529280629,0.2,2.146140210563317,-23.607610059008003,0.4225638508796692,0.01953125
977.5,1855,1208832,45.0,0,1,0.0001,-0.03964317872305401,0.23116883635520935,0.004077567,18880,-0.005087428908154834,0.2,3.2765746392542496,-22.71364163659513,0.4890955090522766,0.0244140625
953.5,2222,1209344,45.0,0,1,0.0001,-0.057315219502925174,0.3784005343914032,0.01764499,18888,-0.008748729465878569,0.2,2.6854749186895788,-21.70298940487206,0.5194349884986877,0.034423828125
970.0,2131,1209856,45.0,0,1,0.0001,-0.026864770930842496,0.21187102794647217,0.0057926197,18896,-0.007263413666805718,0.2,1.754312516830396,-20.815892901942135,0.6193046569824219,0.0166015625
919.0,2448,1210368,45.0,0,1,0.0001,-0.015160752487645368,0.21144337952136993,0.005638534,18904,-0.005397177810664289,0.2,1.9366669772425666,-20.183468952178956,0.5873530507087708,0.01806640625
936.5,1975,1210880,45.0,0,1,0.0001,-0.02696819505399617,0.023103727027773857,0.010568452,18912,-0.0081295508043695,0.2,0.8407942288613413,-20.25570584587753,0.5865681767463684,0.02001953125
901.5,1855,1211392,45.0,0,1,0.0001,-0.03606750948165427,0.1381075233221054,0.002176077,18920,-0.0044167140367790125,0.2,3.3432484881486744,-20.103337661772965,0.33423304557800293,0.013671875
887.5,1995,1211904,45.0,0,1,0.0001,-0.04562852959134034,0.6187009811401367,0.0024041645,18928,-0.007584380684420466,0.2,4.757381746079773,-20.650981052815915,0.44359880685806274,0.015625
874.5,1982,1212416,45.0,0,1,0.0001,-0.037806662416187464,0.36687973141670227,0.007141935,18936,-0.006088993304729229,0.2,3.293207553215325,-21.162037313580512,0.20296788215637207,0.019287109375
844.5,1955,1212928,45.0,0,1,0.0001,-0.03718921553991095,0.3923293948173523,0.008455205,18944,-0.006085610548325349,0.2,4.023879903368652,-21.79414279386401,0.3367237448692322,0.021728515625
843.0,1993,1213440,45.0,0,1,0.0001,-0.03607504744650214,0.2966190278530121,0.006656671,18952,-0.004722318124549929,0.2,3.7228063659276813,-22.878340958803893,0.39351338148117065,0.02783203125
835.5,2214,1213952,45.0,0,1,0.0001,-0.039386333868606016,0.3079735040664673,0.00559318,18960,-0.006219700931978878,0.2,4.099355885060504,-23.58995322547853,0.4542783498764038,0.0185546875
872.0,2162,1214464,45.0,0,1,0.0001,-0.017996964999838383,0.08102970570325851,0.0066974596,18968,-0.006669279515335802,0.2,1.2633206152240746,-24.135007949098945,0.730350911617279,0.01220703125
855.5,2246,1214976,45.0,0,1,0.0001,-0.024011002718907548,0.08571305871009827,0.0072166445,18976,-0.0023393746487272438,0.2,1.4284857506863773,-24.59591490805149,0.7417659163475037,0.01513671875
871.5,1995,1215488,45.0,0,1,0.0001,-0.025918197447026614,0.04609633982181549,0.016022164,18984,-0.006932320706255268,0.2,2.020383351307828,-25.0298671361804,0.7015713155269623,0.024169921875
908.5,1797,1216000,45.0,0,1,0.0001,-0.03714428748389764,0.5216976404190063,0.0048333956,18992,-0.006180913784191944,0.2,4.598255426040851,-25.170238886773586,0.26759499311447144,0.02392578125
900.0,1903,1216512,45.0,0,1,0.0001,-0.04432428646759945,0.739813506603241,0.0027235001,19000,-0.005071817744465079,0.2,4.867273138836026,-25.201891589909792,0.4594517946243286,0.026123046875
912.5,1875,1217024,45.0,0,1,0.0001,-0.037864275720494334,0.43758800625801086,0.05909676,19008,-0.00653605003390112,0.2,1.9196831630542874,-25.36996980406344,0.49902284145355225,0.03857421875
947.0,1404,1217536,45.0,0,1,0.0001,-0.028524441740955808,2.0640788078308105,0.005165452,19016,-0.004897908991551958,0.2,6.278019201592542,-25.676538262590768,0.29852384328842163,0.019287109375
916.5,2164,1218048,45.0,0,1,0.0001,-0.04018864277713874,0.6365050077438354,0.005605562,19024,-0.005302694393321872,0.2,8.007338260766119,-25.82991524025798,0.5987597405910492,0.018798828125
948.5,2095,1218560,45.0,0,1,0.0001,-0.03535979814296297,0.22127532958984375,0.01818261,19032,-0.012717660974885803,0.2,2.7935381012503058,-25.508413244858385,0.6145661473274231,0.03173828125
954.0,2065,1219072,45.0,0,1,0.0001,-0.01574380470356118,0.12131796032190323,0.0022247962,19040,-0.0025872380938380957,0.2,1.5199007021728903,-25.08902789823711,0.7538251876831055,0.0068359375
996.0,2316,1219584,45.0,0,1,0.0001,-0.019820455057924846,0.10857348889112473,0.0037385905,19048,-0.005337969727406744,0.2,1.4464975303853862,-24.77419435173273,0.5537915825843811,0.014892578125
954.5,2148,1220096,45.0,0,1,0.0001,-0.01671159712532244,0.04147814214229584,0.0077232555,19056,-0.005164000314834993,0.2,1.1409200839698315,-24.231990941911935,0.5144147872924805,0.01611328125
919.0,1879,1220608,45.0,0,1,0.0001,-0.02783666622781311,0.025628061965107918,0.007955819,19064,-0.00632754585967632,0.2,1.1482084227900486,-24.29365528933704,0.3983384370803833,0.0166015625
925.5,2225,1221120,45.0,0,1,0.0001,-0.024611188397102524,0.3381459414958954,0.007523853,19072,-0.002430994569294853,0.2,4.031661944463849,-24.36961006462574,0.6941591203212738,0.005126953125
949.0,1806,1221632,45.0,0,1,0.0001,-0.038576177292270586,0.3335476219654083,0.009679252,19080,-0.00704671666608192,0.2,3.53905098605901,-24.059973614439368,0.48540186882019043,0.019287109375
981.5,1835,1222144,45.0,0,1,0.0001,-0.040591643228253815,0.4369814991950989,0.005991672,19088,-0.00507732511323411,0.2,3.627336499746889,-22.928655349910258,0.5710951387882233,0.013916015625
1037.0,1880,1222656,45.0,0,1,0.0001,-0.05173618205299135,1.2445522546768188,0.0039368635,19096,-0.0064916976989479735,0.2,6.848637442104518,-21.91341430209577,0.4157387614250183,0.022705078125
1015.0,2034,1223168,45.0,0,1,0.0001,-0.033250478332774946,1.665245771408081,0.009631431,19104,-0.007930386549560353,0.2,4.5320226438343525,-22.262028326019646,0.5018229782581329,0.0244140625
1009.5,2321,1223680,45.0,0,1,0.0001,-0.01851048460594029,0.048297397792339325,0.0028200787,19112,-0.0029105358589731622,0.2,1.977812421915587,-22.433544966354965,0.6757509112358093,0.00927734375
1032.5,2057,1224192,45.0,0,1,0.0001,-0.02349072391007212,0.30489349365234375,0.010113893,19120,-0.007349416860961355,0.2,1.6877678951714188,-22.98454313330352,0.656700074672699,0.0205078125
1073.5,1516,1224704,45.0,0,1,0.0001,-0.018485524847164925,0.09520314633846283,0.02167029,19128,-0.005656032608385431,0.2,1.7603496765368618,-23.394861570224165,0.5496374666690826,0.017822265625
1110.5,1906,1225216,45.0,0,1,0.0001,-0.027022166654205648,0.4915925860404968,0.0025546984,19136,-0.00531867605241132,0.2,4.383519903291017,-23.90773571111262,0.2789454460144043,0.02099609375
1124.0,1983,1225728,45.0,0,1,0.0001,-0.021105359958710324,0.9414556622505188,0.00286047,19144,-0.005027827312005684,0.2,3.6763726219069213,-24.22927196748555,0.6717675924301147,0.01318359375
1123.5,1853,1226240,45.0,0,1,0.0001,-0.026238927313443128,0.5622633099555969,0.017480217,19152,-0.00846842979080975,0.2,4.382086275843903,-24.22591295465827,0.4836040735244751,0.02685546875
1078.0,2025,1226752,45.0,0,1,0.0001,-0.02931974914190505,0.38061851263046265,0.01239069,19160,-0.00390882236752077,0.2,2.5979963487479836,-24.53590559385717,0.4119246006011963,0.0146484375
1013.5,2379,1227264,45.0,0,1,0.0001,-0.03854116148704634,0.2029767483472824,0.010163786,19168,-0.007157006817578804,0.2,2.6537345205433667,-25.26763217769563,0.5326550006866455,0.0283203125
1015.5,2129,1227776,45.0,0,1,0.0001,-0.01881630728212258,0.07206442952156067,0.021927517,19176,-0.0025464686077611987,0.2,1.0221881064935587,-24.957801298424602,0.7101936936378479,0.014404296875
998.5,2266,1228288,45.0,0,1,0.0001,-0.011716757067006256,0.18966393172740936,0.00472542,19184,-0.0031039450950629544,0.2,1.5421236482216045,-24.828512919917703,0.8073983788490295,0.007568359375
1044.0,1997,1228800,45.0,0,1,0.0001,-0.01914452962773794,0.08190101385116577,0.0076658456,19192,-0.003375044274434913,0.2,1.5164946174481884,-24.55729022704065,0.4766608476638794,0.01220703125
964.5,1866,1229312,45.0,0,1,0.0001,-0.034052799613618845,0.35483258962631226,0.002717881,19200,-0.005702093862055335,0.2,2.8803053200244904,-23.775597657635807,0.4841732978820801,0.0146484375
1004.0,1729,1229824,45.0,0,1,0.0001,-0.039908098005071224,1.2274742126464844,0.0040550474,19208,-0.005891970817174297,0.2,5.646716766990721,-23.2938562233001,0.3395169973373413,0.016845703125
969.5,1908,1230336,45.0,0,1,0.0001,-0.05291270184898167,2.434431552886963,0.012637889,19216,-0.009924611415044637,0.2,10.781687592621893,-23.170924304425718,0.48208141326904297,0.01806640625
948.5,1815,1230848,45.0,0,1,0.0001,-0.03407549028588619,0.1731606125831604,0.0066034794,19224,-0.006868005730211735,0.2,3.2370742921484634,-23.378604491725564,0.41515040397644043,0.020751953125
952.0,2089,1231360,45.0,0,1,0.0001,-0.03725728499011893,0.4939359724521637,0.003444641,19232,-0.004751922395371366,0.2,3.6280723225791007,-24.011085038855672,0.5412522256374359,0.014404296875
999.5,2064,1231872,45.0,0,1,0.0001,-0.0413416401743234,0.314362496137619,0.010249938,19240,-0.009606746709323488,0.2,2.7388937913347036,-24.102748390808703,0.6590648293495178,0.032470703125
1041.5,2048,1232384,45.0,0,1,0.0001,-0.017794293922634097,0.2959962487220764,0.009354385,19248,-0.0036002951237605885,0.2,1.3102509211748838,-24.28511715717614,0.7890803813934326,0.014404296875
1061.0,2172,1232896,45.0,0,1,0.0001,-0.02684045141631941,0.3281761705875397,0.015748447,19256,-0.0071231257388717495,0.2,2.585944184102118,-24.681570140719415,0.7865409255027771,0.023681640625
1015.0,2031,1233408,45.0,0,1,0.0001,-0.01929838812475282,0.15759539604187012,0.0027529206,19264,-0.003715992825163994,0.2,2.101031482918188,-24.675289767310023,0.5594305694103241,0.0146484375
993.0,1871,1233920,45.0,0,1,0.0001,-0.0323756698339821,0.1766929030418396,0.008678019,19272,-0.00531514105387032,0.2,2.317383475106908,-25.000086635798215,0.5298439562320709,0.023193359375
874.0,2125,1234432,45.0,0,1,0.0001,-0.030249794252995343,0.6649718880653381,0.0051090214,19280,-0.004142608508118428,0.2,4.004024473950267,-24.654463847130536,-0.026691913604736328,0.015869140625
900.5,1952,1234944,45.0,0,1,0.0001,-0.024410992169578094,0.05819906294345856,0.0070082736,19288,-0.007002413722148049,0.2,1.678337995777838,-23.877893213182688,0.5666241943836212,0.016845703125
919.0,1882,1235456,45.0,0,1,0.0001,-0.03720792134572548,0.2833836078643799,0.017243352,19296,-0.01185145851195557,0.2,2.938551062485203,-23.305811952203513,0.523398220539093,0.027587890625
912.0,2089,1235968,45.0,0,1,0.0001,-0.030920628906642378,0.38879451155662537,0.0055256886,19304,-0.008988328692794312,0.2,3.509116827044636,-22.47865836545825,0.44336748123168945,0.024169921875
875.0,2061,1236480,45.0,0,1,0.0001,-0.03529554799024481,0.5817272663116455,0.024264034,19312,-0.006663533589744475,0.2,3.3609626796096563,-21.900384016484022,0.14710891246795654,0.0322265625
899.5,2057,1236992,45.0,0,1,0.0001,-0.018306132576071832,0.03912782669067383,0.010764286,19320,-0.0060923505552636925,0.2,1.3997709679533727,-21.532561621367933,0.7407725155353546,0.01953125
950.0,1532,1237504,45.0,0,1,0.0001,-0.02052062147822653,0.11172047257423401,0.006290423,19328,-0.004259062494384125,0.2,1.4237598692416213,-21.811489975452425,0.722987711429596,0.017333984375
1012.5,1838,1238016,45.0,0,1,0.0001,-0.033153309431327216,0.5989373922348022,0.0069297827,19336,-0.005475789941556286,0.2,2.122126864036545,-22.095561940446498,0.5406504273414612,0.02685546875
1020.0,1903,1238528,45.0,0,1,0.0001,-0.039752334354488994,0.8698408603668213,0.0075909845,19344,-0.007173678943217965,0.2,4.215352403232828,-22.42697521239519,0.41565805673599243,0.020263671875
1008.0,1958,1239040,45.0,0,1,0.0001,-0.04051250383417937,0.19510675966739655,0.012517046,19352,-0.00859180319821462,0.2,2.4964680515695363,-23.221675251722335,0.5026646256446838,0.02978515625
984.5,1902,1239552,45.0,0,1,0.0001,-0.031528245521258214,0.16288883984088898,0.00264666,19360,-0.00471875772018393,0.2,2.4528820514678955,-23.883114393278955,0.5117291510105133,0.011962890625
990.0,1919,1240064,45.0,0,1,0.0001,-0.02593729485397489,0.12185591459274292,0.0044377535,19368,-0.002774820230115438,0.2,1.8457285173935816,-24.112109598740936,0.6377446949481964,0.01171875
1026.5,2089,1240576,45.0,0,1,0.0001,-0.037789596359289135,0.5732173323631287,0.0062796376,19376,-0.00705807087069843,0.2,3.5850064277183264,-24.977245182320477,0.3912234902381897,0.02294921875
1047.0,2044,1241088,45.0,0,1,0.0001,-0.03680217784949491,0.11925959587097168,0.020804657,19384,-0.009999910347687546,0.2,1.8996170850005,-24.831431927606463,0.7900928556919098,0.03173828125
997.5,2129,1241600,45.0,0,1,0.0001,-0.012187663034865182,0.13304540514945984,0.0010568716,19392,-0.002010567121033091,0.2,1.512702975072898,-24.459833749160172,0.8263130635023117,0.004150390625
961.5,2092,1242112,45.0,0,1,0.0001,-0.021518768785881548,0.9406039118766785,0.0072208974,19400,-0.004466637694349629,0.2,2.692879176349379,-23.892113774716854,0.7404813766479492,0.01513671875
958.5,1531,1242624,45.0,0,1,0.0001,-0.030328691408158193,0.07004270702600479,0.014377396,19408,-0.008424775121966377,0.2,1.549703156168107,-23.693856438323856,0.5901122689247131,0.0234375
973.5,1929,1243136,45.0,0,1,0.0001,-0.03249113898436917,0.18698632717132568,0.0037801063,19416,-0.005024084624892566,0.2,1.55473948008148,-23.07720477081835,0.5508057773113251,0.019775390625
1055.5,1839,1243648,45.0,0,1,0.0001,-0.020347560825030087,0.14704370498657227,0.002998116,19424,-0.006155011506052688,0.2,1.4146907523972914,-22.557709257006646,0.551918089389801,0.013671875
1045.0,1987,1244160,45.0,0,1,0.0001,-0.03279993377282153,0.537628710269928,0.0100364005,19432,-0.0061800111579941586,0.2,2.7827858419623226,-22.284374924749137,0.6638466417789459,0.019775390625
1036.0,1948,1244672,45.0,0,1,0.0001,-0.033329382172269106,0.12363240867853165,0.011375022,19440,-0.0049193503728020005,0.2,2.1602630079723895,-22.41534617766738,0.4144365191459656,0.021240234375
989.0,2331,1245184,45.0,0,1,0.0001,-0.03522264749153692,0.37700316309928894,0.010118653,19448,-0.006759647294529714,0.2,3.147682395298034,-22.86420751258731,0.6334516704082489,0.021240234375
1003.5,1988,1245696,45.0,0,1,0.0001,-0.016206803034037875,0.04122449457645416,0.0066402946,19456,-0.004000080660262029,0.2,1.063926991308108,-23.218182514309884,0.8466143161058426,0.011962890625
988.5,2290,1246208,45.0,0,1,0.0001,-0.022806286823197297,0.07189005613327026,0.008040601,19464,-0.005939142843999434,0.2,2.156365821370855,-23.962428898364305,0.8334922641515732,0.015625
973.0,2137,1246720,45.0,0,1,0.0001,-0.026462415666628658,0.06478720158338547,0.049882714,19472,-0.004346924055425916,0.2,1.0149821724335197,-23.9383891685307,0.5065103471279144,0.0224609375
891.0,2079,1247232,45.0,0,1,0.0001,-0.029231255564809544,0.17585112154483795,0.009565544,19480,-0.004955942513333866,0.2,2.334679147810675,-24.53227880142629,0.6171525418758392,0.017578125
849.0,1500,1247744,45.0,0,1,0.0001,-0.04017021211984684,0.11629682034254074,0.0049114083,19488,-0.006063395798264537,0.2,3.629482224001549,-24.301124240607024,-1.301285982131958,0.02099609375
811.0,1998,1248256,45.0,0,1,0.0001,-0.032538921518153074,0.15076354146003723,0.005722729,19496,-0.0062478589061356615,0.2,1.8978061759844422,-23.839083058312536,0.5831955671310425,0.01904296875
813.5,1956,1248768,45.0,0,1,0.0001,-0.024389293593230832,0.48459455370903015,0.008027951,19504,-0.0051501358902896754,0.2,3.198532059090212,-23.844230471625924,0.6880910694599152,0.011962890625
776.0,2118,1249280,45.0,0,1,0.0001,-0.023039968248212972,0.14589433372020721,0.003881472,19512,-0.004581037261232268,0.2,2.0784516100538895,-22.954107357636094,0.5354031324386597,0.011962890625
779.0,2207,1249792,45.0,0,1,0.0001,-0.02967347669073206,0.149259552359581,0.005755222,19520,-0.00575028717139503,0.2,2.3683731126366183,-22.506867007091643,0.4743737578392029,0.02001953125
762.0,2080,1250304,45.0,0,1,0.0001,-0.01756293738299064,0.04246200621128082,0.01193614,19528,-0.003361247290740721,0.2,0.7872274118417408,-22.299382863119245,0.7728523313999176,0.010986328125
801.0,2217,1250816,45.0,0,1,0.0001,-0.014825475294401258,0.0259314626455307,0.0046616355,19536,-0.00388859639497241,0.2,0.7371572948759422,-21.76655173815787,0.8788142651319504,0.012451171875
788.5,2053,1251328,45.0,0,1,0.0001,-0.024786641638456786,0.05084105581045151,0.016086638,19544,-0.00803336467652116,0.2,1.0836558956070803,-22.29251275114715,0.8089525699615479,0.02197265625
783.0,1959,1251840,45.0,0,1,0.0001,-0.02153404367800249,0.09254906326532364,0.007824972,19552,-0.004979770452337107,0.2,1.267076056508813,-22.199280377551915,0.7484468817710876,0.01708984375
782.5,1977,1252352,45.0,0,1,0.0001,-0.023837773566810938,0.14795170724391937,0.014846274,19560,-0.004503576616116334,0.2,2.8185033419867977,-22.89618013262749,0.4349379539489746,0.015380859375
805.5,1998,1252864,45.0,0,1,0.0001,-0.028377018649280217,0.17156580090522766,0.004187843,19568,-0.004312111843319144,0.2,1.7097922276589088,-22.827704540863632,0.5159845352172852,0.01318359375
804.5,1593,1253376,45.0,0,1,0.0001,-0.034364896536317247,0.08524559438228607,0.0082594445,19576,-0.008597520532930503,0.2,2.401711690821685,-23.029372864589096,0.4920901656150818,0.02490234375
781.5,2032,1253888,45.0,0,1,0.0001,-0.022878947122080717,0.1678420901298523,0.006808917,19584,-0.005691757069143932,0.2,1.823283268371597,-23.494703818783165,0.4752526879310608,0.014892578125
753.5,2113,1254400,45.0,0,1,0.0001,-0.03643393893526081,0.12101024389266968,0.015350835,19592,-0.00476507671555737,0.2,1.0952023190329783,-23.461708757355808,0.7414631247520447,0.01904296875
750.5,2226,1254912,45.0,0,1,0.0001,-0.023638282134925248,0.15145060420036316,0.006118277,19600,-0.0030122956522973254,0.2,1.5454364256584086,-23.788141308650374,0.8204128295183182,0.017333984375
752.0,2209,1255424,45.0,0,1,0.0001,-0.013491052949575533,0.0094380434602499,0.004994381,19608,-0.0030553359974874184,0.2,0.5308574063528795,-23.683048983588815,0.8309627771377563,0.005615234375
748.5,2122,1255936,45.0,0,1,0.0001,-0.019589565651585872,0.02361580915749073,0.015431265,19616,-0.00578878491796786,0.2,0.7161310894589406,-23.726944348737597,0.7347929775714874,0.015869140625
749.0,2005,1256448,45.0,0,1,0.0001,-0.02767552557088493,0.14491699635982513,0.013037881,19624,-0.0050367663279757835,0.2,1.4207069674157538,-23.961687416657806,0.6168473660945892,0.02099609375
748.0,2039,1256960,45.0,0,1,0.0001,-0.029041642265838163,0.12496018409729004,0.020083599,19632,-0.004346619847638067,0.2,1.79450373374857,-23.92717505887151,0.4368494153022766,0.0224609375
790.0,2143,1257472,45.0,0,1,0.0001,-0.025679182044314075,0.6913614273071289,0.006283377,19640,-0.008357073638762813,0.2,2.743828098522499,-24.54108502238989,0.6111115515232086,0.023193359375
758.0,2086,1257984,45.0,0,1,0.0001,-0.023991496059352357,0.2772712707519531,0.0059428955,19648,-0.004676922311773524,0.2,3.282640895806253,-24.645095489621163,0.5251681804656982,0.014404296875
761.0,2180,1258496,45.0,0,1,0.0001,-0.02568195518642824,0.5313912630081177,0.003435326,19656,-0.0070283804889186285,0.2,4.105982006294653,-24.69220440275967,0.2824910283088684,0.017333984375
758.5,1683,1259008,45.0,0,1,0.0001,-0.028688312427220808,0.031034309417009354,0.006770594,19664,-0.005074044736829819,0.2,2.222358151921071,-24.714128226563336,0.5571088790893555,0.017822265625
784.0,2106,1259520,45.0,0,1,0.0001,-0.013071683810721879,0.07028559595346451,0.002015647,19672,-0.0021479356510099024,0.2,0.9649760563916061,-24.368782278746366,0.815218061208725,0.005126953125
789.0,2004,1260032,45.0,0,1,0.0001,-0.020653913409205416,0.10961325466632843,0.0049610045,19680,-0.004052483687701169,0.2,1.194742583495099,-24.66570236235857,0.6366439759731293,0.01171875
783.5,2058,1260544,45.0,0,1,0.0001,-0.03854806630988605,0.1762566715478897,0.006345195,19688,-0.006158229480206501,0.2,3.620680863969028,-25.08427909746766,0.5062694251537323,0.02001953125
805.5,1840,1261056,45.0,0,1,0.0001,-0.05208580375165184,1.4281564950942993,0.012091565,19696,-0.010670550620488939,0.2,5.387213372159749,-25.14403622597456,0.4419024586677551,0.040771484375
814.0,1882,1261568,45.0,0,1,0.0001,-0.04621711277286522,0.10465458035469055,0.022865584,19704,-0.007746968185529113,0.2,2.68844169867225,-25.995485046207904,0.6423735022544861,0.029296875
861.5,1803,1262080,45.0,0,1,0.0001,-0.041781174862990156,0.2144065499305725,0.012708666,19712,-0.006586637035070453,0.2,3.903633812442422,-25.996033261716367,0.4782804250717163,0.026611328125
876.0,1913,1262592,45.0,0,1,0.0001,-0.05805445392797992,0.47428494691848755,0.0042995387,19720,-0.0056840313991415314,0.2,5.3764401115477085,-25.654592220187187,0.48405522108078003,0.02978515625
926.0,2179,1263104,45.0,0,1,0.0001,-0.04335926011663105,0.6544215679168701,0.0065525183,19728,-0.006187805600347929,0.2,2.6845820175949484,-25.844005536213515,0.3969520330429077,0.02734375
980.0,1854,1263616,45.0,0,1,0.0001,-0.028617608124477556,0.2773857116699219,0.0101168705,19736,-0.008027328301977832,0.2,2.089045037748292,-25.249817308261992,0.5532129108905792,0.021240234375
950.5,1955,1264128,45.0,0,1,0.0001,-0.033188247568432416,0.5076322555541992,0.0041650324,19744,-0.004277144795196364,0.2,2.195805827854201,-25.153825104758145,0.800895631313324,0.01416015625
899.0,2159,1264640,45.0,0,1,0.0001,-0.06449258827706217,0.998950183391571,0.009126889,19752,-0.013807627590722404,0.2,4.025712635368109,-24.920330173373223,0.6473759114742279,0.044189453125
990.5,1852,1265152,45.0,0,1,0.0001,-0.028025299401633674,0.4852209687232971,0.0061085923,19760,-0.0035408687144808937,0.2,2.85872864164412,-24.222610632255673,0.4726981520652771,0.024658203125
1053.5,1658,1265664,45.0,0,1,0.0001,-0.04921435322285106,0.9990499019622803,0.009488851,19768,-0.006334528581646737,0.2,4.707284079864621,-23.740771058648825,0.4014270305633545,0.03125
1052.5,1953,1266176,45.0,0,1,0.0001,-0.05092904070625082,1.1943525075912476,0.007858865,19776,-0.00798430591385113,0.2,4.261251823045313,-23.458814431279897,0.6936153471469879,0.025634765625
1004.5,1870,1266688,45.0,0,1,0.0001,-0.03007015790535661,0.26555970311164856,0.0034256913,19784,-0.0040289303215104155,0.2,3.940984937828034,-23.06256092324853,0.5377526879310608,0.010986328125
978.0,2004,1267200,45.0,0,1,0.0001,-0.04676503422888345,0.2415197193622589,0.0040824693,19792,-0.0049615647294558585,0.2,4.8525266433134675,-23.547605401426555,-0.07401752471923828,0.0185546875
978.0,2015,1267712,45.0,0,1,0.0001,-0.05024128548211593,0.46974071860313416,0.009120201,19800,-0.011571342212846503,0.2,5.287953709950671,-24.101652874797583,0.6454212665557861,0.032470703125
959.0,1586,1268224,45.0,0,1,0.0001,-0.03525655547855422,0.45226913690567017,0.005544453,19808,-0.0052821093104284955,0.2,5.06185087445192,-24.848506938666105,0.6768212616443634,0.01513671875
1006.0,1944,1268736,45.0,0,1,0.0001,-0.026207069198790123,0.1145770251750946,0.014717558,19816,-0.004650649840186816,0.2,2.729001560830511,-24.69545189090073,0.5982668101787567,0.0185546875
1044.0,1706,1269248,45.0,0,1,0.0001,-0.03634687065095932,0.7377479672431946,0.006079427,19824,-0.00468761465526768,0.2,3.0867820538114756,-24.292471932023762,0.5829489529132843,0.02392578125
1079.5,1766,1269760,45.0,0,1,0.0001,-0.04887227533799887,2.5598559379577637,0.0073697115,19832,-0.007646827456483152,0.2,9.970236795023084,-24.088625345006584,0.4858235716819763,0.022216796875
1091.0,1722,1270272,45.0,0,1,0.0001,-0.040376731451033265,0.5237929821014404,0.0071580755,19840,-0.004974498340743594,0.2,5.414039871189743,-24.216770977526902,0.21326524019241333,0.026123046875
1081.5,1882,1270784,45.0,0,1,0.0001,-0.044051935843526735,0.5395389795303345,0.0064471015,19848,-0.005522639075934421,0.2,7.23178615514189,-24.88681843921542,0.5907336473464966,0.024169921875
1125.5,1925,1271296,45.0,0,1,0.0001,-0.041649666920420714,0.41157066822052,0.0071261046,19856,-0.007880943241616478,0.2,2.8602423490956426,-25.469359387755393,0.5803529918193817,0.024658203125
1134.0,2093,1271808,45.0,0,1,0.0001,-0.027601554735156242,1.564436435699463,0.0052606133,19864,-0.0034887106594396755,0.2,3.822207988705486,-25.533309189379214,0.6245390176773071,0.015380859375
1148.0,2084,1272320,45.0,0,1,0.0001,-0.04058102267845243,0.5628160834312439,0.00601997,19872,-0.005608390325505752,0.2,5.028541206382215,-24.922703531980513,0.7462846338748932,0.019775390625
1093.0,1625,1272832,45.0,0,1,0.0001,-0.03527030391978769,0.3945242762565613,0.04938165,19880,-0.005884184967726469,0.2,3.4557548640295863,-24.806723500341178,0.7664603590965271,0.028076171875
978.0,2588,1273344,45.0,0,1,0.0001,-0.021980211139634775,0.674264669418335,0.00800261,19888,-0.0018150529504055157,0.2,2.710474874358624,-24.53181521907449,0.7989419102668762,0.01416015625
890.0,2285,1273856,45.0,0,1,0.0001,-0.018448136416736816,0.04930474981665611,0.0053018825,19896,-0.007924623329017777,0.2,0.9709850170183927,-24.39565334931016,0.6194711923599243,0.022705078125
758.0,2350,1274368,45.0,0,1,0.0001,-0.02119240234787867,0.1900421530008316,0.012375062,19904,-0.0035460771614452824,0.2,1.3487148939166218,-24.38860406346619,0.6327837705612183,0.009765625
611.0,2427,1274880,45.0,0,1,0.0001,-0.026161715115449624,0.5294709205627441,0.005010388,19912,-0.003541387734003365,0.2,4.5186554323881865,-24.54700534209609,0.4515077471733093,0.0107421875
559.5,2142,1275392,45.0,0,1,0.0001,-0.2681906003126642,0.8549798130989075,0.030275792,19920,-0.028986851568333805,0.2,5.181012158282101,-23.731798087880016,-0.11959969997406006,0.320556640625
527.5,2143,1275904,45.0,0,1,0.0001,-0.39623980002943426,83.18326568603516,0.010342814,19928,-0.009518157698039431,0.2,534.5977694988251,-33.35053279064596,0.12223821878433228,0.188720703125
487.5,2422,1276416,45.0,0,1,0.0001,-0.3570376452989876,61.05820846557617,0.007291289,19936,-0.010873396844544914,0.2,357.6184649467468,-40.54435867063701,0.42510753870010376,0.105224609375
391.5,2279,1276928,45.0,0,1,0.0001,-0.3907303020823747,79.25407409667969,0.012535537,19944,-0.017561801156261936,0.2,343.6357060074806,-49.741446588411925,0.17531371116638184,0.189453125
415.0,2237,1277440,45.0,0,1,0.0001,-0.21068737871246412,52.36390686035156,0.079478085,19952,-0.02614207886654185,0.2,130.60802805423737,-57.10521861337125,0.25737351179122925,0.19873046875
389.5,2513,1277952,45.0,0,1,0.0001,-0.07947863229492214,10.578179359436035,0.07149107,19960,-0.019954716946813278,0.2,32.553915947675705,-60.22904981382191,-0.027779459953308105,0.05908203125
412.0,2319,1278464,45.0,0,1,0.0001,-0.032016114295402076,5.977508068084717,0.0034695729,19968,-0.0060762497487303335,0.2,17.53799147158861,-62.16635595791042,0.221540629863739,0.013671875
392.0,2299,1278976,45.0,0,1,0.0001,-0.028229280207597185,3.7683558464050293,0.005570369,19976,-0.002972392685478553,0.2,16.580442115664482,-62.89506536848843,0.05959552526473999,0.0087890625
388.0,2208,1279488,45.0,0,1,0.0001,-0.03618674055906013,3.990684747695923,0.02156298,19984,-0.005213387696130667,0.2,14.673751188442111,-62.908282603770495,0.190385639667511,0.017333984375
413.5,1528,1280000,45.0,0,1,0.0001,-0.03469226079323562,2.3190078735351562,0.01065851,19992,-0.0042263313953299075,0.2,12.311715049669147,-60.55660745255649,0.24616265296936035,0.018310546875
471.5,2026,1280512,45.0,0,1,0.0001,-0.0371059470489854,1.0565091371536255,0.0044255527,20000,-0.005411076737800613,0.2,9.080073200166225,-52.08508331395686,0.5667122900485992,0.017578125
509.0,2275,1281024,45.0,0,1,0.0001,-0.03236254338116851,1.8259998559951782,0.0019220365,20008,-0.003397975960979238,0.2,7.9482219982892275,-43.88053992636502,0.6862632036209106,0.01123046875
549.0,2097,1281536,45.0,0,1,0.0001,-0.04040091651404509,1.4347419738769531,0.013461079,20016,-0.00702848954097135,0.2,6.660833928734064,-33.76685943208635,0.45575976371765137,0.021484375
612.0,2043,1282048,45.0,0,1,0.0001,-0.022903992285137065,1.1426990032196045,0.00814755,20024,-0.004688051682023797,0.2,6.408196510747075,-28.93280914656818,0.5781843960285187,0.010498046875
727.0,1932,1282560,45.0,0,1,0.0001,-0.030907659736840287,0.7176040410995483,0.018171214,20032,-0.005264505198283587,0.2,7.062442550435662,-26.519945898801087,0.18485170602798462,0.015869140625
774.5,1971,1283072,45.0,0,1,0.0001,-0.031078728727152338,1.4829806089401245,0.018267836,20040,-0.004755384576128563,0.2,7.212206030264497,-25.210290722697973,0.5064525604248047,0.022216796875
845.5,2093,1283584,45.0,0,1,0.0001,-0.03140040545804368,1.4941357374191284,0.017289564,20048,-0.005996495659928769,0.2,6.229967590421438,-25.496284014508127,0.2919149398803711,0.018798828125
954.5,1882,1284096,45.0,0,1,0.0001,-0.026446912645042175,1.2567932605743408,0.01213919,20056,-0.004483025768422522,0.2,7.097588084638119,-25.223916616290808,0.2736097574234009,0.012451171875
981.0,1863,1284608,45.0,0,1,0.0001,-0.02974297959008254,1.1605595350265503,0.006655458,20064,-0.00047882784565445036,0.2,6.345832539722323,-25.149361038655044,0.09172141551971436,0.013916015625
966.0,1470,1285120,45.0,0,1,0.0001,-0.03461393687848613,1.9068604707717896,0.0153164435,20072,-0.008891987716197036,0.2,6.056249871850014,-25.119854523539544,0.05149364471435547,0.025390625
1064.5,1928,1285632,45.0,0,1,0.0001,-0.029886032106333005,0.9094743132591248,0.002443437,20080,-0.0029187713880673982,0.2,4.276356524787843,-25.130604968965052,0.38817787170410156,0.01123046875
1115.5,2042,1286144,45.0,0,1,0.0001,-0.03128591648237489,1.0613433122634888,0.0053290967,20088,-0.00498974143556552,0.2,4.719640087336302,-24.69505549572408,0.49706387519836426,0.017578125
1112.5,2098,1286656,45.0,0,1,0.0001,-0.01436840323094657,1.0793287754058838,0.0024643198,20096,-0.0021101709171489347,0.2,3.9695070050656796,-24.522006501182915,0.5685846209526062,0.00634765625
1091.0,2020,1287168,45.0,0,1,0.0001,-0.02260695430322812,1.3258497714996338,0.012049284,20104,-0.006088792833907064,0.2,4.974221247248352,-24.259940035045148,0.51937535405159,0.02001953125
1095.0,2011,1287680,45.0,0,1,0.0001,-0.023568759577756282,1.1682876348495483,0.01169355,20112,-0.004903617646050407,0.2,7.295320547185838,-24.689792303964495,0.5169815719127655,0.017333984375
1073.0,2077,1288192,45.0,0,1,0.0001,-0.03641110933267555,0.44144174456596375,0.0030442965,20120,-0.006568520278960932,0.2,4.708784253336489,-24.373987052962185,0.5697043240070343,0.02001953125
1120.0,1850,1288704,45.0,0,1,0.0001,-0.029490020187949995,0.4114355742931366,0.012681686,20128,-0.006329889161861502,0.2,3.0107786217704415,-24.346564164236188,0.3712298274040222,0.01806640625
1126.0,1886,1289216,45.0,0,1,0.0001,-0.02316826267997385,0.10184871405363083,0.0025522874,20136,-0.003607110964367166,0.2,3.6601241503376514,-23.676407722309232,0.4738072156906128,0.010009765625
1079.0,2101,1289728,45.0,0,1,0.0001,-0.02330878289649263,0.8706753849983215,0.0028823917,20144,-0.0024387330768149695,0.2,3.461413736687973,-23.263713969513773,0.2831200361251831,0.008544921875
1006.5,1709,1290240,45.0,0,1,0.0001,-0.029030806574610324,0.39130568504333496,0.028190259,20152,-0.010098505932546686,0.2,2.2390265923459083,-23.51107753753662,0.5888706147670746,0.026123046875
955.0,1981,1290752,45.0,0,1,0.0001,-0.02622538306786737,0.24365705251693726,0.010479534,20160,-0.005783759872429073,0.2,2.167460640426725,-24.039025857895613,0.37518465518951416,0.02099609375
938.0,2171,1291264,45.0,0,1,0.0001,-0.045343986952502746,0.35969552397727966,0.015651207,20168,-0.012475256178731797,0.2,1.8811547043733299,-24.069589162170885,0.7507224231958389,0.03564453125
919.0,2030,1291776,45.0,0,1,0.0001,-0.047710154071410216,1.6305115222930908,0.016538005,20176,-0.013264331602840684,0.2,3.303489701356739,-24.35315870091319,0.5503492951393127,0.042236328125
946.0,1847,1292288,45.0,0,1,0.0001,-0.026627172801909182,0.19745899736881256,0.002103068,20184,-0.004002592537290184,0.2,2.75050411693519,-24.12172219902277,0.4518452286720276,0.0126953125
951.0,1966,1292800,45.0,0,1,0.0001,-0.039178157474452746,0.8696725964546204,0.007575466,20192,-0.00476654324302217,0.2,5.464120156131685,-23.476664485037325,0.09709864854812622,0.01806640625
942.5,1795,1293312,45.0,0,1,0.0001,-0.042670017471209576,0.10305644571781158,0.02052632,20200,-0.005936499022936914,0.2,1.8523841476999223,-23.93050039485097,0.569049596786499,0.03076171875
994.0,1810,1293824,45.0,0,1,0.0001,-0.03805339188693324,0.8951782584190369,0.017300542,20208,-0.005494358563737478,0.2,28.35774526000023,-25.54455695748329,0.2542538642883301,0.023193359375
1011.0,2088,1294336,45.0,0,1,0.0001,-0.038159071556037816,0.45221206545829773,0.0052955584,20216,-0.003866629818730871,0.2,5.470518872141838,-26.362919239997865,0.18722426891326904,0.027099609375
990.0,2253,1294848,45.0,0,1,0.0001,-0.04219444143927831,0.8570629358291626,0.011334918,20224,-0.006803600786952302,0.2,3.5805618059821427,-26.748458946570754,0.53931725025177,0.02685546875
990.0,1576,1295360,45.0,0,1,0.0001,-0.023117571158763894,0.5618953108787537,0.0075238436,20232,-0.003245714098738972,0.2,2.3128683327231556,-26.815626049041747,0.7374441921710968,0.0126953125
982.0,2353,1295872,45.0,0,1,0.0001,-0.03924584264495934,0.3890056610107422,0.0072674956,20240,-0.006029234849847853,0.2,4.509914256166667,-26.646555853188037,0.6849630773067474,0.0185546875
982.0,2083,1296384,45.0,0,1,0.0001,-0.02951759924098951,0.23279225826263428,0.0022564721,20248,-0.004227495097438805,0.2,2.557018764782697,-26.770627513974905,0.5707864463329315,0.015380859375
950.0,2024,1296896,45.0,0,1,0.0001,-0.02210595919223124,0.049032796174287796,0.0039543305,20256,-0.005131015968800057,0.2,1.2673357602325268,-26.415807396173477,0.7413668632507324,0.012939453125
938.5,2048,1297408,45.0,0,1,0.0001,-0.030429352142164134,0.5930891036987305,0.0053757266,20264,-0.005219050508458167,0.2,4.684512645937502,-26.57729558750987,0.17065805196762085,0.01416015625
919.0,1950,1297920,45.0,0,1,0.0001,-0.029000206419368624,0.15049083530902863,0.011844222,20272,-0.007741856978100259,0.2,2.1062341558281332,-25.706162376701833,0.5412391126155853,0.01708984375
848.0,1961,1298432,45.0,0,1,0.0001,-0.02753520190526615,0.6531494855880737,0.013010023,20280,-0.0051593049938674085,0.2,3.2865294935181737,-23.965190968960524,0.6707662642002106,0.022216796875
912.0,1846,1298944,45.0,0,1,0.0001,-0.04125630158523563,14.941795349121094,0.014172786,20288,-0.013882822888263036,0.2,18.896763631142676,-24.395038148015736,-0.3188678026199341,0.0322265625
977.5,1929,1299456,45.0,0,1,0.0001,-0.03515667323517846,0.31724077463150024,0.005897341,20296,-0.006293811835348606,0.2,3.5362523740623146,-23.99060582116246,0.3116360306739807,0.01806640625
934.0,2317,1299968,45.0,0,1,0.0001,-0.026785679028762388,0.2278350442647934,0.008194701,20304,-0.004998802694899496,0.2,2.7615708962548524,-24.633453343883158,0.5981387197971344,0.0126953125
934.0,2143,1300480,45.0,0,1,0.0001,-0.02611693022390682,0.12090659886598587,0.01660032,20312,-0.0038299247207760345,0.2,1.2909261375898495,-24.963024805113672,0.8166878372430801,0.016845703125
981.0,2026,1300992,45.0,0,1,0.0001,-0.02175905425883684,0.5907067656517029,0.010826817,20320,-0.006531672672281275,0.2,2.6009499644860625,-25.3487899864465,0.5385182499885559,0.017822265625
970.0,2087,1301504,45.0,0,1,0.0001,-0.029868720910599222,0.1483757197856903,0.00875943,20328,-0.007811216128175147,0.2,1.4844363449374214,-25.6499999525398,0.7855529189109802,0.0224609375
930.5,2035,1302016,45.0,0,1,0.0001,-0.033193269511684775,0.22650571167469025,0.00895325,20336,-0.008506654863595031,0.2,2.906785507686436,-25.801545356959103,0.2333664894104004,0.0205078125
955.5,1822,1302528,45.0,0,1,0.0001,-0.02307596865830419,0.22806565463542938,0.0028803772,20344,-0.004045540874358267,0.2,1.8134352134657092,-25.812301370948553,0.4717918634414673,0.01220703125
945.5,1927,1303040,45.0,0,1,0.0001,-0.03149721883346501,0.2659357190132141,0.0018272377,20352,-0.004319842475524638,0.2,3.869988255435601,-24.803426637351514,0.6489971280097961,0.011962890625
871.0,2131,1303552,45.0,0,1,0.0001,-0.026204130041151075,0.14449745416641235,0.0029567091,20360,-0.005270082723654923,0.2,3.6398360393941402,-24.066746548712253,0.4708656072616577,0.013427734375
846.5,2131,1304064,45.0,0,1,0.0001,-0.03638206114192144,0.23457667231559753,0.0061341757,20368,-0.00508365315181436,0.2,2.7386836539953947,-24.03067015312612,0.34138911962509155,0.021240234375
826.0,2217,1304576,45.0,0,1,0.0001,-0.019560361763069523,0.1620645672082901,0.0057881526,20376,-0.005060010400484316,0.2,3.9960556622827426,-24.006922674924134,0.6802675724029541,0.0185546875
846.5,2119,1305088,45.0,0,1,0.0001,-0.02078221106512501,0.1326068937778473,0.028605666,20384,-0.00574475900066318,0.2,1.5476691032527015,-23.769702310413123,0.5814451277256012,0.021240234375
845.0,1849,1305600,45.0,0,1,0.0001,-0.022075460281484993,0.13291019201278687,0.0072434535,20392,-0.0051212034704803955,0.2,1.5584302797797136,-23.877850607335567,0.6549397706985474,0.0126953125
887.0,1976,1306112,45.0,0,1,0.0001,-0.04536935131000064,0.7412698864936829,0.062904336,20400,-0.0024375210450671148,0.2,4.5755167519673705,-23.9281417247653,0.43840378522872925,0.029296875
907.0,1925,1306624,45.0,0,1,0.0001,-0.030073574653215474,0.11945267021656036,0.0051490995,20408,-0.00340137292369036,0.2,2.1033023280324414,-24.45761488713324,0.2694995403289795,0.01904296875
941.5,1840,1307136,45.0,0,1,0.0001,-0.023514726294706634,0.10190343111753464,0.010064038,20416,-0.005671874379913788,0.2,1.098750804667361,-25.408240156397223,0.7874627858400345,0.017333984375
916.5,2080,1307648,45.0,0,1,0.0001,-0.0290879891563236,0.19939236342906952,0.004955084,20424,-0.004375284966954496,0.2,2.92018381645903,-26.425715812370182,0.6140330731868744,0.01708984375
987.0,1816,1308160,45.0,0,1,0.0001,-0.025023722986588837,0.06674781441688538,0.0071178125,20432,-0.0047681752821517875,0.2,0.9214048667345196,-26.822940302863717,0.7168157696723938,0.015869140625
1027.0,1965,1308672,45.0,0,1,0.0001,-0.03890707169466623,0.5355885028839111,0.01086954,20440,-0.00512352974692476,0.2,3.326706926804036,-26.47805165477097,0.5579656064510345,0.020751953125
1067.5,2198,1309184,45.0,0,1,0.0001,-0.023486146133564034,0.43012502789497375,0.010551514,20448,-0.007269322901265696,0.2,2.4329809464979917,-25.863958270698785,0.6436830163002014,0.01806640625
1017.0,2117,1309696,45.0,0,1,0.0001,-0.03874157255768296,0.33544600009918213,0.01601642,20456,-0.010521690652240068,0.2,2.523341028019786,-25.77565314859152,0.7370103001594543,0.03466796875
1054.5,1865,1310208,45.0,0,1,0.0001,-0.03000171382609551,0.4069485068321228,0.013137342,20464,-0.008313512513268506,0.2,4.5235278906766325,-25.686034831106664,0.643921971321106,0.02392578125
1084.5,1464,1310720,45.0,0,1,0.0001,-0.03847796249829116,0.15681034326553345,0.0045720516,20472,-0.006189819130668184,0.2,3.2684863843023777,-25.316479213386774,0.6369174420833588,0.020263671875
1102.5,1823,1311232,45.0,0,1,0.0001,-0.04353792357323982,0.2983172535896301,0.007557079,20480,-0.0056044387456495315,0.2,4.2032794007100165,-25.26583904519677,0.7661982327699661,0.0244140625
1045.5,2108,1311744,45.0,0,1,0.0001,-0.03595482700302455,0.42178332805633545,0.004967638,20488,-0.004295364960853476,0.2,5.037483644671738,-25.268093080967663,0.5095818340778351,0.01318359375
1049.0,2103,1312256,45.0,0,1,0.0001,-0.04566058942418749,0.5205632448196411,0.0050146305,20496,-0.007238667240017094,0.2,2.942402900196612,-25.1184968867898,0.5596775114536285,0.029052734375
962.0,2210,1312768,45.0,0,1,0.0001,-0.03813138693658402,0.5767315030097961,0.0038548596,20504,-0.00870539161405759,0.2,3.771498015616089,-25.274184686243533,0.7664481997489929,0.027099609375
965.0,2104,1313280,45.0,0,1,0.0001,-0.0214935719523055,0.33483830094337463,0.006324989,20512,-0.0057352235562575515,0.2,1.5725808565039188,-25.433187887370586,0.7474298179149628,0.013916015625
943.5,2240,1313792,45.0,0,1,0.0001,-0.02116856552856916,0.16590642929077148,0.007858541,20520,-0.003913502743671415,0.2,2.1375996684655547,-25.44089766278863,0.7880330979824066,0.012939453125
949.0,2041,1314304,45.0,0,1,0.0001,-0.03212612174593232,0.1390133798122406,0.00422937,20528,-0.004699651706687291,0.2,2.345207055681385,-25.263884302526712,0.5776452422142029,0.014892578125
919.0,1908,1314816,45.0,0,1,0.0001,-0.03597213898683549,0.6324965953826904,0.0028548161,20536,-0.004694166527769994,0.2,8.473558298777789,-25.104953877478838,0.5117538869380951,0.01708984375
903.5,1701,1315328,45.0,0,1,0.0001,-0.032159985142243386,1.1955000162124634,0.004308191,20544,-0.0036568455907399766,0.2,7.056227412540466,-24.500053545758128,-0.13363933563232422,0.014404296875
888.0,1990,1315840,45.0,0,1,0.0001,-0.047202859286699095,3.1647262573242188,0.0041289595,20552,-0.005067762860562652,0.2,17.567624393850565,-23.99205459780991,0.27152401208877563,0.02197265625
927.5,1874,1316352,45.0,0,1,0.0001,-0.03014990752308222,0.61798495054245,0.010748531,20560,-0.006850468094853568,0.2,4.358448606682941,-24.27408163316548,0.4853771924972534,0.020263671875
888.5,1964,1316864,45.0,0,1,0.0001,-0.04105489472931367,0.4465075731277466,0.009517623,20568,-0.007067727296089288,0.2,4.058213490759954,-24.403304166421293,0.3080042600631714,0.026611328125
859.0,2107,1317376,45.0,0,1,0.0001,-0.051323646595847094,0.44180619716644287,0.010345224,20576,-0.0069468187357415445,0.2,4.338214440271258,-25.327783096954228,0.5378100872039795,0.032470703125
872.0,2069,1317888,45.0,0,1,0.0001,-0.020832440740377933,2.1435580253601074,0.0029463018,20584,-0.00434278609463945,0.2,2.7899591652676463,-26.050795452669263,0.6477099061012268,0.013427734375
872.0,2252,1318400,45.0,0,1,0.0001,-0.03443363912811037,0.10006900131702423,0.0147028,20592,-0.006859119654109236,0.2,2.472454537055455,-26.551314156427978,0.7969808280467987,0.027099609375
848.5,1968,1318912,45.0,0,1,0.0001,-0.03216713038364105,0.2884090840816498,0.0069635725,20600,-0.0076205335280974396,0.2,1.7395166430505924,-26.192242335006593,0.5370157361030579,0.022705078125
835.0,1914,1319424,45.0,0,1,0.0001,-0.04822195706401544,0.15266428887844086,0.002663822,20608,-0.004756832517159637,0.2,3.7899142964743078,-25.740608258619904,0.5820202529430389,0.0205078125
845.0,1767,1319936,45.0,0,1,0.0001,-0.04866448850589222,0.9560776948928833,0.0062967176,20616,-0.006725296203512698,0.2,6.856048402842134,-25.920850565731527,0.33140599727630615,0.031005859375
812.5,1633,1320448,45.0,0,1,0.0001,-0.05844355220688158,2.6785428524017334,0.0070843752,20624,-0.005306154693244025,0.2,31.148925464600325,-26.43889999330044,0.371257483959198,0.029052734375
784.5,1860,1320960,45.0,0,1,0.0001,-0.03923693423894292,0.6054935455322266,0.0068246266,20632,-0.006376158220518846,0.2,4.756364593980834,-26.16020219877362,0.12100774049758911,0.020751953125
802.0,2297,1321472,45.0,0,1,0.0001,-0.04477691518331994,1.1913150548934937,0.0020913742,20640,-0.006605918610148365,0.2,6.924365975195542,-25.745346277207137,0.41697466373443604,0.017578125
773.0,2165,1321984,45.0,0,1,0.0001,-0.03329189238274921,0.1766364872455597,0.008954011,20648,-0.006822677114541875,0.2,3.584974674275145,-25.219309209883214,0.45055097341537476,0.019775390625
759.5,2070,1322496,45.0,0,1,0.0001,-0.022180787781508116,0.2601843774318695,0.006574095,20656,-0.004063885457071592,0.2,1.9752992662834004,-24.79610175654292,0.8044720888137817,0.0107421875
756.5,1794,1323008,45.0,0,1,0.0001,-0.04020881050018943,0.9374374747276306,0.010545574,20664,-0.008028945369005669,0.2,3.793399326270446,-24.47540760964155,0.6986295580863953,0.026611328125
779.5,1966,1323520,45.0,0,1,0.0001,-0.026081760677698185,0.09870129078626633,0.0033531548,20672,-0.004825483403692488,0.2,1.7241717382567003,-25.08187663421035,0.5792350769042969,0.01220703125
752.5,1937,1324032,45.0,0,1,0.0001,-0.042714941171652754,0.20403246581554413,0.013416177,20680,-0.004801626015250804,0.2,4.914179204613902,-25.513316277116537,0.6419477164745331,0.0283203125
735.5,1842,1324544,45.0,0,1,0.0001,-0.039684355611825595,0.5230744481086731,0.01582858,20688,-0.011307750326523092,0.2,3.7862828180659562,-26.56002595856786,0.3666355609893799,0.028076171875
802.5,1925,1325056,45.0,0,1,0.0001,-0.05165879188643885,2.022641897201538,0.011367487,20696,-0.013070118751784321,0.2,11.733480236493051,-26.89953925743699,0.40041399002075195,0.04248046875
852.0,1495,1325568,45.0,0,1,0.0001,-0.03325161939574173,0.48161542415618896,0.004246034,20704,-0.004987641154002631,0.2,5.633632679935545,-26.95955824688077,0.2748575210571289,0.0205078125
850.5,2270,1326080,45.0,0,1,0.0001,-0.031599492888290115,0.540081799030304,0.011306461,20712,-0.006468714585935231,0.2,7.848712753737345,-27.707094427868725,0.5665804445743561,0.0234375
854.0,2075,1326592,45.0,0,1,0.0001,-0.03409679349670114,0.20583246648311615,0.013745816,20720,-0.005774630335508846,0.2,3.5599920858221594,-27.900179931148887,0.5931008160114288,0.027099609375
876.5,1994,1327104,45.0,0,1,0.0001,-0.026687374238917982,0.22171738743782043,0.005076737,20728,-0.0007789427654643077,0.2,2.918509832699783,-28.104977803751826,0.8145749270915985,0.019287109375
877.5,2142,1327616,45.0,0,1,0.0001,-0.04193058546297834,0.3493921458721161,0.014793572,20736,-0.005363549506000709,0.2,3.75138032133691,-28.06845417521894,0.45682913064956665,0.026123046875
850.5,2205,1328128,45.0,0,1,0.0001,-0.024526764768324938,0.1026478037238121,0.008130205,20744,-0.006473712470324244,0.2,1.8932316189166158,-28.210104525461794,0.7350811064243317,0.020263671875
812.0,2051,1328640,45.0,0,1,0.0001,-0.03882410394157887,0.11044017225503922,0.019649968,20752,-0.0009296413154515903,0.2,2.076322573586367,-28.11752138413489,0.668017566204071,0.029052734375
739.5,2043,1329152,45.0,0,1,0.0001,-0.026850812532074997,0.21334940195083618,0.0064911954,20760,-0.0056559095883130794,0.2,2.9608768029138446,-27.408232272416353,0.276902973651886,0.02099609375
715.0,2044,1329664,45.0,0,1,0.0001,-0.02484408411964978,0.6663658022880554,0.0072950446,20768,-0.004329058931034524,0.2,3.5434802516829222,-27.079792196303607,0.18935680389404297,0.019775390625
665.0,1960,1330176,45.0,0,1,0.0001,-0.03971953992959243,0.8188124895095825,0.011213151,20776,-0.0063558281399309635,0.2,4.820681155659258,-26.830812978297473,0.4083636403083801,0.025390625
676.5,2321,1330688,45.0,0,1,0.0001,-0.03713771316961356,0.6231396794319153,0.0041304375,20784,-0.003154336791340029,0.2,3.918410490034148,-25.677485480606556,0.4152733087539673,0.018310546875
701.5,1583,1331200,45.0,0,1,0.0001,-0.020434308652056643,0.4983997344970703,0.020649025,20792,-0.0056334328692173585,0.2,2.7663502328214236,-25.92385285526514,0.4779338836669922,0.016845703125
683.0,2136,1331712,45.0,0,1,0.0001,-0.04706149088087841,0.3787422180175781,0.0061214077,20800,-0.004376839722681325,0.2,3.9105457942932844,-26.457358031868935,0.7379855215549469,0.029052734375
734.5,1894,1332224,45.0,0,1,0.0001,-0.038599256879024324,0.41738322377204895,0.00935244,20808,-0.0036707917824969627,0.2,3.7018320912029594,-26.75897406503558,0.5122316777706146,0.020263671875
797.5,1803,1332736,45.0,0,1,0.0001,-0.042511447298238636,0.8395994305610657,0.005463157,20816,-0.0067751479291473515,0.2,7.533090770244598,-27.009187169000505,0.5088184177875519,0.025146484375
837.5,1806,1333248,45.0,0,1,0.0001,-0.07139223664125893,0.5439386963844299,0.0036519882,20824,-0.00794313869846519,0.2,13.608207683078945,-27.051953864470125,0.11502152681350708,0.024169921875
869.5,1902,1333760,45.0,0,1,0.0001,-0.05837643960330752,0.5829504728317261,0.0076684533,20832,-0.005520923910808051,0.2,5.58375131431967,-27.917151350528002,0.5033935904502869,0.03076171875
918.0,1848,1334272,45.0,0,1,0.0001,-0.07455164229031652,0.490136057138443,0.0061264443,20840,-0.014862240197544452,0.2,5.451033554971218,-28.260062081962825,0.2576751112937927,0.04931640625
953.0,1933,1334784,45.0,0,1,0.0001,-0.037826048197985074,0.535797119140625,0.003604637,20848,-0.0037577094335574657,0.2,7.819201075006276,-29.148761051669716,0.4250161051750183,0.01611328125
1007.5,2010,1335296,45.0,0,1,0.0001,-0.0482361244621643,0.4959455728530884,0.01906453,20856,-0.013052667651209049,0.2,7.541388317942619,-30.308860952481627,0.6632883548736572,0.040771484375
981.5,1557,1335808,45.0,0,1,0.0001,-0.028336323611711123,0.4539131224155426,0.008862903,20864,-0.00513320391473826,0.2,3.3893616653513163,-30.0130371183902,0.6733489632606506,0.012451171875
980.0,2202,1336320,45.0,0,1,0.0001,-0.05677402997389436,0.6628340482711792,0.0063748537,20872,-0.020016835966089275,0.2,5.376314279157668,-29.81418496161699,0.7496585845947266,0.048583984375
930.0,1946,1336832,45.0,0,1,0.0001,-0.05638204646311351,0.3794700503349304,0.012028123,20880,-0.01253991491466877,0.2,3.954641710035503,-29.54501611724496,0.6144284904003143,0.04443359375
928.0,1833,1337344,45.0,0,1,0.0001,-0.04362673086052382,1.3025364875793457,0.012736296,20888,-0.009073133489437168,0.2,7.002674039918929,-28.55206598982215,0.19438093900680542,0.033935546875
926.5,1939,1337856,45.0,0,1,0.0001,-0.047611700425477466,0.5346328020095825,0.008873426,20896,-0.008845866839692462,0.2,5.506127878092229,-27.406804597973824,0.1023334264755249,0.033203125
908.5,1881,1338368,45.0,0,1,0.0001,-0.03153410455161065,0.7077335715293884,0.0092297755,20904,-0.005397919147071661,0.2,3.848394279833883,-26.706045206934213,0.45545709133148193,0.018798828125
924.5,1490,1338880,45.0,0,1,0.0001,-0.03686320247470576,0.16719527542591095,0.022582527,20912,-0.005206027410167735,0.2,3.5098979524336755,-25.820885758548975,0.4950982332229614,0.025634765625
934.0,1941,1339392,45.0,0,1,0.0001,-0.041188555201642885,0.7642799019813538,0.0113207735,20920,-0.004137881456699688,0.2,4.763693045824766,-25.425139010697603,0.2994617223739624,0.02587890625
910.5,2052,1339904,45.0,0,1,0.0001,-0.04451378596331779,0.21637529134750366,0.022793844,20928,-0.008836245637212414,0.2,3.27829623920843,-25.010927974060177,0.6534045934677124,0.035888671875
896.0,2307,1340416,45.0,0,1,0.0001,-0.02731489018560751,0.26106908917427063,0.03269881,20936,-0.004879025123955216,0.2,3.243128677015193,-25.426967184618114,0.7453032732009888,0.01513671875
904.5,2164,1340928,45.0,0,1,0.0001,-0.02290546745064148,0.11286170780658722,0.005665765,20944,-0.005034501078625908,0.2,1.604556910780957,-25.217185151278972,0.8412853479385376,0.0146484375
912.5,1891,1341440,45.0,0,1,0.0001,-0.025959246952879766,0.36617034673690796,0.014792269,20952,-0.002158119994419394,0.2,3.5154804717749357,-25.309934802353382,0.50689297914505,0.021484375
933.5,1960,1341952,45.0,0,1,0.0001,-0.03109529564062541,0.4416848123073578,0.004360125,20960,-0.00509166918345727,0.2,2.8100702035008,-25.797656009718775,0.5593673288822174,0.0146484375
970.5,1821,1342464,45.0,0,1,0.0001,-0.04252777577858069,0.6585102081298828,0.025331035,20968,-0.005324683854269097,0.2,4.536165917990729,-25.89164470076561,0.3604799509048462,0.030029296875
915.0,2044,1342976,45.0,0,1,0.0001,-0.03451891318627531,0.21077297627925873,0.0032822748,20976,-0.0032895617914618924,0.2,4.645598769420758,-25.984789618104696,0.3938547372817993,0.0205078125
939.5,1742,1343488,45.0,0,1,0.0001,-0.028614596818897553,0.21617619693279266,0.03378091,20984,-0.006487719976576045,0.2,4.453261813381687,-26.023331650942563,0.4029635190963745,0.019287109375
893.0,1962,1344000,45.0,0,1,0.0001,-0.07178942820428347,2.542515516281128,0.007310064,20992,-0.004171396074525546,0.2,26.68659901805222,-26.192579885944724,0.3063918948173523,0.025634765625
916.5,2150,1344512,45.0,0,1,0.0001,-0.04687245727791378,1.3049006462097168,0.004364363,21000,-0.007556713364465395,0.2,20.124987797811627,-26.55851265154779,0.5331061482429504,0.0224609375
922.0,2057,1345024,45.0,0,1,0.0001,-0.0196568356602711,0.47098448872566223,0.0005830665,21008,-0.0021956312739348505,0.2,2.9089084565639496,-26.128570586666466,0.7084993720054626,0.005615234375
957.5,1603,1345536,45.0,0,1,0.0001,-0.03941792376281228,6.309099197387695,0.01829599,21016,-0.012982459600607399,0.2,9.649498944636434,-26.737767201885582,0.5607121884822845,0.023681640625
915.0,2087,1346048,45.0,0,1,0.0001,-0.028031726592416817,1.7926199436187744,0.010497814,21024,-0.004726603394374251,0.2,4.9743144870735705,-27.19762596949935,0.6595031917095184,0.014892578125
900.0,1899,1346560,45.0,0,1,0.0001,-0.03588267052327865,0.05941879004240036,0.014438979,21032,-0.0040013961734075565,0.2,2.611443977744784,-27.64133703380823,0.5844788551330566,0.01171875
873.0,2001,1347072,45.0,0,1,0.0001,-0.0552100215882092,0.35602274537086487,0.014462331,21040,-0.008361140055058058,0.2,4.197345461696386,-27.97294109866023,0.28265929222106934,0.028564453125
921.0,1958,1347584,45.0,0,1,0.0001,-0.032510804830963025,0.7923524379730225,0.006180357,21048,-0.0030437224049819633,0.2,2.9437042323406786,-28.505577298849822,0.6584623754024506,0.015625
848.0,2043,1348096,45.0,0,1,0.0001,-0.04419230085295567,0.31126904487609863,0.008684075,21056,-0.00599119294929551,0.2,4.057333201402798,-28.498189180195332,0.422157347202301,0.0302734375
801.0,2337,1348608,45.0,0,1,0.0001,-0.026174755365900637,0.43352028727531433,0.007988197,21064,-0.005171891003556084,0.2,4.538732333108783,-28.017316836938264,0.48650676012039185,0.02294921875
781.0,2013,1349120,45.0,0,1,0.0001,-0.03295400730166875,0.04520966112613678,0.007195301,21072,-0.007236855515657226,0.2,1.3368596435757354,-27.556740736067294,0.7033396363258362,0.022705078125
762.5,2207,1349632,45.0,0,1,0.0001,-0.023950103219931407,0.17785347998142242,0.0067590773,21080,-0.0038856036590004805,0.2,2.0791132689919323,-27.464721914827823,0.7485035955905914,0.012939453125
768.5,2008,1350144,45.0,0,1,0.0001,-0.03209872000979885,0.3968794345855713,0.008196859,21088,-0.00733608898735838,0.2,2.9609575604554266,-26.919905916154384,0.7015848159790039,0.019775390625
809.5,1473,1350656,45.0,0,1,0.0001,-0.031166219881924917,0.2692747414112091,0.0143885445,21096,-0.005911174490393023,0.2,2.944166174158454,-26.861415456160902,0.5119095146656036,0.027099609375
843.5,1868,1351168,45.0,0,1,0.0001,-0.053729398579889676,1.0979642868041992,0.010072247,21104,-0.00887296955625061,0.2,6.4845751617103815,-26.78801773905754,0.3262307643890381,0.027587890625
798.0,1780,1351680,45.0,0,1,0.0001,-0.052803797771048266,15.137826919555664,0.0035835998,21112,-0.006791053085180465,0.2,29.897874399088323,-28.0378808478266,0.20442712306976318,0.02294921875
818.0,1850,1352192,45.0,0,1,0.0001,-0.053362961478342186,7.550564765930176,0.006309294,21120,-0.00925640430796193,0.2,30.715812169015408,-30.189451231732964,0.4073306918144226,0.032958984375
832.0,1968,1352704,45.0,0,1,0.0001,-0.048959211356759624,0.9335653781890869,0.0025371208,21128,-0.007039939275273355,0.2,9.250607332680374,-31.321511668339372,0.2797403931617737,0.025390625
841.5,2282,1353216,45.0,0,1,0.0001,-0.047998345662563224,0.9622140526771545,0.016458482,21136,-0.010078218787384685,0.2,5.0704187313094735,-31.750466869845987,0.6388590335845947,0.032470703125
789.0,2304,1353728,45.0,0,1,0.0001,-0.01988954240368912,0.18529118597507477,0.0033158883,21144,-0.004912745931505924,0.2,1.9551775984000415,-31.632416350618005,0.7791177332401276,0.014892578125
784.0,2330,1354240,45.0,0,1,0.0001,-0.02754792114319571,0.1861608922481537,0.029024674,21152,-0.0025374297110829502,0.2,2.0427286764606833,-31.364040091857316,0.8021912127733231,0.0185546875
763.5,1862,1354752,45.0,0,1,0.0001,-0.03018394897753751,0.10209925472736359,0.026197366,21160,-0.006892683682963252,0.2,1.7327713706763461,-30.469141989424823,0.3627258539199829,0.017822265625
643.0,2266,1355264,45.0,0,1,0.0001,-0.03866731367452303,0.5789463520050049,0.0046127,21168,-0.004838845008634962,0.2,3.496566844987683,-30.048534757122397,0.38988667726516724,0.021240234375
662.5,1383,1355776,45.0,0,1,0.0001,-0.02545098452219463,0.3182002604007721,0.0073598293,21176,-0.0038679275530739687,0.2,3.2048634530510753,-30.705098972171545,0.49989545345306396,0.0126953125
663.5,1884,1356288,45.0,0,1,0.0001,-0.061081731631020375,14.24335765838623,0.01405112,21184,-0.010546839592279866,0.2,59.79286675155163,-30.566237061321736,0.31765562295913696,0.03173828125
692.5,2029,1356800,45.0,0,1,0.0001,-0.036239621780623565,0.33769574761390686,0.0100687295,21192,-0.004804615549801383,0.2,3.56045838072896,-29.188065881580116,0.2521511912345886,0.02001953125
725.0,1958,1357312,45.0,0,1,0.0001,-0.034502126344705175,0.42610031366348267,0.008697795,21200,-0.005691706777724903,0.2,5.592214348260313,-28.411843709275125,0.2878645658493042,0.0205078125
724.5,2067,1357824,45.0,0,1,0.0001,-0.04830191581277177,0.5024951100349426,0.0092509,21208,-0.0072818512344383635,0.2,4.556396426167339,-28.237584079131484,0.5371843576431274,0.022216796875
802.5,2158,1358336,45.0,0,1,0.0001,-0.01922561656238031,0.1358555406332016,0.0041495734,21216,-0.005498045636159077,0.2,1.9773270040168427,-28.39405250005424,0.576840728521347,0.01220703125
782.5,2413,1358848,45.0,0,1,0.0001,-0.022862045090278116,0.0634787380695343,0.009785721,21224,-0.004065352910401998,0.2,1.4842253077367786,-28.54865578196943,0.6810622811317444,0.016357421875
857.5,1959,1359360,45.0,0,1,0.0001,-0.018904275189470354,0.023991476744413376,0.0024468573,21232,-0.006595497226953739,0.2,0.7870015908847563,-28.789619392082095,0.7385929822921753,0.014404296875
869.5,1954,1359872,45.0,0,1,0.0001,-0.03167362119347672,0.047804124653339386,0.006224054,21240,-0.005230906615906861,0.2,1.3807330194977112,-28.872265887185932,0.7068181037902832,0.018310546875
800.0,2062,1360384,45.0,0,1,0.0001,-0.04485156737155194,0.2603103518486023,0.017677628,21248,-0.00643858346666093,0.2,3.4694724392611533,-28.14695905022323,0.34507566690444946,0.02880859375
801.5,1457,1360896,45.0,0,1,0.0001,-0.043197129243253585,0.4893878102302551,0.020251006,21256,-0.009129151068918873,0.2,4.648183354176581,-26.07283688373864,0.2530919909477234,0.0361328125
851.0,1755,1361408,45.0,0,1,0.0001,-0.036761723506970156,0.8045426607131958,0.0040844944,21264,-0.0068161371564201545,0.2,4.007922798860818,-25.521390888243914,0.39536333084106445,0.018798828125
819.0,1974,1361920,45.0,0,1,0.0001,-0.04999809583569004,1.1242468357086182,0.007848041,21272,-0.006311579767498188,0.2,11.866454222239554,-25.799137212112544,0.3236796259880066,0.026123046875
850.0,2056,1362432,45.0,0,1,0.0001,-0.043188021767036844,0.43250349164009094,0.0060295365,21280,-0.005931374282226898,0.2,3.3330768814776093,-25.90444905780256,0.5366056263446808,0.020263671875
831.5,2180,1362944,45.0,0,1,0.0001,-0.021867343341455125,0.40092262625694275,0.006778863,21288,-0.0025467906452831812,0.2,2.6604860010556877,-26.452471104040743,0.7455924153327942,0.01171875
831.0,2253,1363456,45.0,0,1,0.0001,-0.02396311067991519,0.444955974817276,0.0050523914,21296,-0.0053802070433448534,0.2,2.681044631637633,-27.042913629189133,0.8178068399429321,0.01416015625
813.0,2003,1363968,45.0,0,1,0.0001,-0.02536122076708125,0.10664159059524536,0.003310556,21304,-0.004742196051665815,0.2,1.628790796152316,-27.41095760770142,0.737774670124054,0.01806640625
872.0,1796,1364480,45.0,0,1,0.0001,-0.044554058331414126,0.7742469906806946,0.0072709573,21312,-0.00700376682652859,0.2,5.028297039098106,-27.604123931452634,0.5328571796417236,0.0263671875
891.5,1989,1364992,45.0,0,1,0.0001,-0.05064119366579689,0.4823020398616791,0.0053607766,21320,-0.006228240381460637,0.2,6.108811614103615,-27.410637518391013,-0.047307610511779785,0.02392578125
820.0,2045,1365504,45.0,0,1,0.0001,-0.04276635609858204,0.24127034842967987,0.012317494,21328,-0.0047700796894787345,0.2,5.133540558163077,-26.678323187306525,-0.0456240177154541,0.02294921875
802.0,1851,1366016,45.0,0,1,0.0001,-0.06495808796898928,0.23555003106594086,0.014738046,21336,-0.0236450092488667,0.2,5.290680790669285,-26.54751959502697,0.3025675415992737,0.060546875
813.0,2074,1366528,45.0,0,1,0.0001,-0.05374772437335196,1.1829302310943604,0.006717018,21344,-0.0074280876069678925,0.2,6.856778434943408,-26.332407419234514,0.2805865406990051,0.02880859375
839.5,2005,1367040,45.0,0,1,0.0001,-0.03632981842793015,0.17374731600284576,0.008902874,21352,-0.006026251507137204,0.2,1.9019858215469867,-25.782577265501022,0.6707958877086639,0.014404296875
862.0,2224,1367552,45.0,0,1,0.0001,-0.026363796099076353,0.3115551769733429,0.0050067212,21360,-0.0049243353787460364,0.2,1.771309508709237,-25.28028447240591,0.7826375812292099,0.013427734375
873.0,1892,1368064,45.0,0,1,0.0001,-0.022619925892740866,0.22681768238544464,0.032126658,21368,-0.0017252190809813328,0.2,1.6579147655866109,-24.948570809066297,0.7837056964635849,0.0166015625
861.0,1853,1368576,45.0,0,1,0.0001,-0.058091225611860864,0.7817107439041138,0.018725544,21376,-0.009495172882452607,0.2,4.580416515935212,-25.521709097623827,0.5743338465690613,0.04248046875
813.5,1851,1369088,45.0,0,1,0.0001,-0.09958721515431534,1.1805222034454346,0.014090112,21384,-0.025211310377926566,0.2,11.297615941613913,-26.749832927063107,0.515340656042099,0.066650390625
851.5,2005,1369600,45.0,0,1,0.0001,-0.058587888030160684,1.9253140687942505,0.016083911,21392,-0.017265131427848246,0.2,17.378333104774356,-29.112661816626787,0.46426481008529663,0.0380859375
909.0,1461,1370112,45.0,0,1,0.0001,-0.052867644304569694,0.3690510392189026,0.004310527,21400,-0.009397580186487176,0.2,7.678658599965274,-30.509833903610705,0.40360623598098755,0.02978515625
937.0,1412,1370624,45.0,0,1,0.0001,-0.05770255068455299,1.0263117551803589,0.018554721,21408,-0.014330794119814527,0.2,6.8580332598648965,-30.842808672487735,0.40866631269454956,0.04150390625
921.5,2002,1371136,45.0,0,1,0.0001,-0.047039312034030445,0.8461431264877319,0.004649885,21416,-0.008617584095190978,0.2,4.021059965714812,-31.51272502422333,0.7569544613361359,0.029296875
907.0,2033,1371648,45.0,0,1,0.0001,-0.04891098302687169,4.040794372558594,0.016400976,21424,-0.014431125768169295,0.2,8.835198656655848,-32.38965146049857,0.6425926983356476,0.03564453125
871.0,2232,1372160,45.0,0,1,0.0001,-0.02724141645603595,0.29560720920562744,0.0030183715,21432,-0.006709867531753844,0.2,3.8884939855197445,-32.72417558044195,0.7101647853851318,0.0185546875
814.5,2161,1372672,45.0,0,1,0.0001,-0.03207742369522748,0.1487979292869568,0.022771224,21440,-0.009044358223036397,0.2,2.289556885836646,-32.128904417902234,0.7645749151706696,0.01904296875
750.0,2291,1373184,45.0,0,1,0.0001,-0.04506156042589282,0.3401404321193695,0.019687308,21448,-0.01145092114165891,0.2,2.8639749131398275,-31.757801256403326,0.719554215669632,0.03271484375
742.5,2010,1373696,45.0,0,1,0.0001,-0.025635210993186774,0.14677879214286804,0.005113109,21456,-0.00013778061111224815,0.2,1.4519910551607609,-30.381831486672162,0.5276505649089813,0.02099609375
654.0,2184,1374208,45.0,0,1,0.0001,-0.032650052300596144,0.20439556241035461,0.008625036,21464,-0.005239522026386112,0.2,3.1639114629942924,-28.548091842383148,0.44236230850219727,0.0185546875
674.0,2064,1374720,45.0,0,1,0.0001,-0.04217409352531831,0.34489715099334717,0.0074121505,21472,-0.007950595008878736,0.2,2.396962605882436,-27.70257344201207,0.0602533221244812,0.0263671875
633.5,2203,1375232,45.0,0,1,0.0001,-0.03022244764269999,0.8623947501182556,0.0045766197,21480,-0.006402028586308006,0.2,4.18786097317934,-26.440450339615346,0.2736760973930359,0.020263671875
606.0,2290,1375744,45.0,0,1,0.0001,-0.027745357547246385,0.33476001024246216,0.008961487,21488,-0.005282905571220908,0.2,4.460156339220703,-25.705944822281598,0.5150891244411469,0.013427734375
581.0,2108,1376256,45.0,0,1,0.0001,-0.017284234098951856,0.2553311884403229,0.020370087,21496,-0.007724298840912525,0.2,2.564100651536137,-25.281896058768034,0.5849687457084656,0.021240234375
612.5,2264,1376768,45.0,0,1,0.0001,-0.0228787987675787,0.6753628253936768,0.012265185,21504,-0.0050279175648029195,0.2,2.5775490417145193,-25.408253930807113,0.49535179138183594,0.014892578125
716.5,1791,1377280,45.0,0,1,0.0001,-0.02732823202268264,0.24605806171894073,0.0076400354,21512,-0.0063633241661591455,0.2,1.7135700138751417,-26.18332240253687,0.653123140335083,0.02099609375
777.5,1954,1377792,45.0,0,1,0.0001,-0.05016711467396817,0.862869381904602,0.019208673,21520,-0.009271031431126175,0.2,3.532014599069953,-26.425736209452154,0.6128331422805786,0.036865234375
831.0,1804,1378304,45.0,0,1,0.0001,-0.03640761413407745,0.5480390787124634,0.02228158,21528,-0.004608634430042002,0.2,3.0520099522545934,-27.080361813902854,0.44244301319122314,0.019775390625
908.0,1676,1378816,45.0,0,1,0.0001,-0.07033425589179387,5.648562908172607,0.009127168,21536,-0.01512432820891263,0.2,78.96381837129593,-30.881726460456846,0.4297327399253845,0.050048828125
902.0,2001,1379328,45.0,0,1,0.0001,-0.035234751530879294,0.2177983522415161,0.0036476064,21544,-0.0023354038094112184,0.2,4.943516997620463,-32.31660383358598,0.3871857523918152,0.009765625
913.0,1954,1379840,45.0,0,1,0.0001,-0.033637034603543725,0.3162906765937805,0.0042176107,21552,-0.006759565887477947,0.2,4.325411346741021,-33.68208456605673,0.6645022928714752,0.014892578125
911.0,2156,1380352,45.0,0,1,0.0001,-0.05259251052848413,5.512124061584473,0.0073181973,21560,-0.010100378043716773,0.2,13.815276520326734,-34.63121982693672,0.655351847410202,0.025390625
945.5,1576,1380864,45.0,0,1,0.0001,-0.019504202478401567,0.3656795918941498,0.007845486,21568,-0.006211299518326996,0.2,3.267450392479077,-34.140867745056745,0.5811392366886139,0.013671875
960.0,2072,1381376,45.0,0,1,0.0001,-0.03197714268753771,0.1629611700773239,0.0045140823,21576,-0.0028946849270141684,0.2,2.432759187184274,-33.672572455629705,0.7599346190690994,0.016357421875
926.0,1929,1381888,45.0,0,1,0.0001,-0.04306460935094947,1.2209856510162354,0.008402453,21584,-0.012143407548137475,0.2,5.479198985733092,-32.40235685549676,0.294563889503479,0.033447265625
886.5,2124,1382400,45.0,0,1,0.0001,-0.039228550613643165,0.1521603912115097,0.030877136,21592,-0.003351109531649854,0.2,3.1621657270006835,-31.380883898735046,0.5122685432434082,0.030517578125
813.5,2103,1382912,45.0,0,1,0.0001,-0.03295264467396919,0.343382865190506,0.013028707,21600,-0.005890646934858523,0.2,3.4621241852873936,-30.580002608150245,0.4456824064254761,0.020263671875
747.0,2056,1383424,45.0,0,1,0.0001,-0.036459711562201846,0.2247733473777771,0.012703047,21608,-0.009874306881101802,0.2,2.7901987134246156,-27.226017854958773,0.5788350105285645,0.030029296875
762.0,1978,1383936,45.0,0,1,0.0001,-0.03949786185012272,0.1579470932483673,0.013444452,21616,-0.006522966250486206,0.2,3.8889235199894756,-26.393975442796947,0.36466485261917114,0.02392578125
790.5,2089,1384448,45.0,0,1,0.0001,-0.03891257802297332,0.7176949381828308,0.007593136,21624,-0.007825477525329916,0.2,3.561383685329929,-25.655379965677856,0.5458057522773743,0.024658203125
765.5,2129,1384960,45.0,0,1,0.0001,-0.04317457510660461,0.5310395359992981,0.0052279695,21632,-0.004279234572095447,0.2,9.273595892358571,-25.706478680446743,0.4406527876853943,0.01513671875
770.5,2118,1385472,45.0,0,1,0.0001,-0.026186525925368187,0.49588677287101746,0.0037348275,21640,-0.003099700401435257,0.2,2.709288147976622,-26.132360707223416,0.6011279225349426,0.009521484375
793.0,1495,1385984,45.0,0,1,0.0001,-0.04926125583187968,1.042344331741333,0.0050871675,21648,0.00030008981775608845,0.2,4.367173497565091,-27.1967606754601,0.6826126873493195,0.0244140625
773.0,1981,1386496,45.0,0,1,0.0001,-0.04551354065188207,0.6464236378669739,0.006367311,21656,-0.009437500848434865,0.2,6.132186260540038,-28.12587908923626,0.4351249933242798,0.031005859375
788.0,1781,1387008,45.0,0,1,0.0001,-0.05117515870006173,0.7340626120567322,0.007415426,21664,-0.0064300053199986,0.2,13.753478098660707,-30.142933662608264,0.5768278241157532,0.02197265625
826.0,2056,1387520,45.0,0,1,0.0001,-0.03877505122341063,0.33815836906433105,0.011690719,21672,-0.006053665088984417,0.2,3.053107342799194,-31.054427743926645,0.6959195137023926,0.02392578125
843.5,2039,1388032,45.0,0,1,0.0001,-0.04333938644435875,0.5790098309516907,0.027854213,21680,-0.004388916535390308,0.2,3.6964358708355576,-31.54345243372023,0.3069484829902649,0.029052734375
890.0,1906,1388544,45.0,0,1,0.0001,-0.04286498689180007,0.4166659414768219,0.010391694,21688,-0.002966511809063377,0.2,2.560613517416641,-31.774808937013148,0.3527652621269226,0.022705078125
868.5,2272,1389056,45.0,0,1,0.0001,-0.036654520595220674,0.21383944153785706,0.0037706734,21696,-0.009678739435912576,0.2,3.3963829409331083,-32.06203783154488,0.6252212226390839,0.021240234375
856.0,1998,1389568,45.0,0,1,0.0001,-0.024692572758794995,0.20474940538406372,0.009434236,21704,-0.0029919400076323655,0.2,2.061309101001825,-31.561250908821822,0.6500150263309479,0.008544921875
841.5,2113,1390080,45.0,0,1,0.0001,-0.02634222672395481,0.07438769191503525,0.002470827,21712,-0.004626468249625759,0.2,1.4586440747370943,-31.3479956202209,0.8113051801919937,0.018310546875
844.0,1918,1390592,45.0,0,1,0.0001,-0.031125730949952413,0.23792023956775665,0.0052987444,21720,-0.0067717183992499486,0.2,2.0486879104282707,-30.87276007473469,0.7467837035655975,0.015869140625
874.0,1581,1391104,45.0,0,1,0.0001,-0.04828544255360612,0.5672205686569214,0.0071773906,21728,-0.0066383839439367875,0.2,2.168353371671401,-30.569302548766135,0.6427969336509705,0.024169921875
850.0,1989,1391616,45.0,0,1,0.0001,-0.05794976013930864,0.6314346194267273,0.0044949274,21736,-0.006169587912154384,0.2,4.530827948474325,-29.751612491756678,0.5340771377086639,0.025634765625
902.0,1885,1392128,45.0,0,1,0.0001,-0.037525331954384455,0.3756130635738373,0.003734176,21744,-0.006903733796207234,0.2,3.5952001356054097,-28.95234292089939,0.5873070061206818,0.014892578125
860.0,1955,1392640,45.0,0,1,0.0001,-0.05312480374414008,0.5827715396881104,0.006785283,21752,-0.00877808081713738,0.2,3.3371765152551234,-28.657185861766337,0.6421293616294861,0.0322265625
841.5,2064,1393152,45.0,0,1,0.0001,-0.055310766056209104,0.6835507154464722,0.012279343,21760,-0.009432567450858187,0.2,4.921629647258669,-28.71853298932314,0.3985903263092041,0.036376953125
813.0,2337,1393664,45.0,0,1,0.0001,-0.02559262324575684,0.10334908962249756,0.008685612,21768,-0.005466587987029925,0.2,1.4217602540156804,-28.671098857074977,0.8077582865953445,0.014892578125
841.0,2170,1394176,45.0,0,1,0.0001,-0.02701070635657743,0.07845565676689148,0.022564717,21776,-0.003701580411870964,0.2,1.5014037081273273,-29.07103178486228,0.8309972584247589,0.019287109375
820.0,2354,1394688,45.0,0,1,0.0001,-0.02082190172131959,0.04305976256728172,0.0035071038,21784,-0.004615218789695064,0.2,1.7632097097375663,-28.906892568022013,0.8183561861515045,0.01220703125
743.5,1837,1395200,45.0,0,1,0.0001,-0.026811034107595333,0.0989542305469513,0.011681836,21792,-0.007160476461649523,0.2,0.9554402685025707,-28.730106678456067,0.7911414355039597,0.02392578125
803.5,1983,1395712,45.0,0,1,0.0001,-0.03500889198221557,0.3597903549671173,0.0062942696,21800,-0.005860387122083921,0.2,2.0290364559041336,-28.481073944419624,0.6070676147937775,0.020263671875
812.5,2009,1396224,45.0,0,1,0.0001,-0.03676381104924076,3.3979103565216064,0.006987996,21808,-0.0042467365638003685,0.2,7.663078104611486,-27.822040582448246,0.04111713171005249,0.018798828125
782.0,1486,1396736,45.0,0,1,0.0001,-0.03640973337678588,0.46248555183410645,0.0068417224,21816,-0.005581666628131643,0.2,2.686861800495535,-27.518234068751337,0.5713822841644287,0.02685546875
841.0,2136,1397248,45.0,0,1,0.0001,-0.04400374588112754,0.3853760063648224,0.00812512,21824,-0.0051119791096425615,0.2,3.4905557660385966,-27.491181138157845,0.5128501355648041,0.015625
881.0,1881,1397760,45.0,0,1,0.0001,-0.034844120948037016,0.297241747379303,0.008074533,21832,-0.0059190967585891485,0.2,4.720749428728595,-27.760402446091174,0.2872663736343384,0.021484375
886.0,2203,1398272,45.0,0,1,0.0001,-0.039553739534312626,0.4453619718551636,0.009465215,21840,-0.004396620210172841,0.2,3.9152892497368157,-28.07794683754444,0.709074079990387,0.020751953125
885.0,2200,1398784,45.0,0,1,0.0001,-0.0198922067447711,0.07234984636306763,0.005841415,21848,-0.004144389778957702,0.2,1.3108866806724109,-27.98634261891246,0.6436475515365601,0.011962890625
886.0,2306,1399296,45.0,0,1,0.0001,-0.018596537425764836,0.2075379639863968,0.004281868,21856,-0.004088959154614713,0.2,0.8273044763191137,-28.042357175946236,0.8680499494075775,0.01171875
937.5,1958,1399808,45.0,0,1,0.0001,-0.08178335494812927,0.10872357338666916,0.2866391,21864,-0.008905253664124757,0.2,0.988383133080788,-28.020353600382805,0.726512610912323,0.0947265625
913.0,1855,1400320,45.0,0,1,0.0001,-0.33958734467159957,314.9721374511719,0.0022175773,21872,0.000463971977296751,0.2,1144.6847033500671,-41.61265956327319,-0.007629990577697754,0.079345703125
873.0,2143,1400832,45.0,0,1,0.0001,-0.286058196448721,240.55787658691406,0.004208955,21880,-0.0052055881096748635,0.2,705.2905678749084,-54.12497970178723,0.24108284711837769,0.089599609375
865.5,2303,1401344,45.0,0,1,0.0001,-0.4290862923953682,251.04745483398438,0.0033737046,21888,-0.004352789073891472,0.2,1026.7180044651031,-70.25094278231263,0.37336575984954834,0.05322265625
890.0,1896,1401856,45.0,0,1,0.0001,-0.46018402045592666,199.15090942382812,0.013791339,21896,-0.028943009485374205,0.2,669.490007519722,-84.54615661963821,0.20687735080718994,0.287841796875
824.5,2093,1402368,45.0,0,1,0.0001,-0.3021711679175496,99.86201477050781,0.009375494,21904,-0.01970103105850285,0.2,329.60052239894867,-94.2247758075595,0.41202473640441895,0.1630859375
876.5,2069,1402880,45.0,0,1,0.0001,-0.3161027701571584,81.02049255371094,0.02199275,21912,-0.02858479075075593,0.2,185.71070516109467,-100.83633045226335,0.4936005473136902,0.228271484375
897.0,2147,1403392,45.0,0,1,0.0001,-0.15605529717868194,14.648669242858887,0.07248315,21920,-0.024575684445153456,0.2,60.78992161154747,-107.5376001894474,0.5536433756351471,0.185302734375
868.0,2103,1403904,45.0,0,1,0.0001,-0.07057030843861867,22.88794708251953,0.039436888,21928,-0.014037849759915844,0.2,68.8121409714222,-109.14701953038573,-0.018615126609802246,0.0400390625
875.5,1789,1404416,45.0,0,1,0.0001,-0.05612108872446697,10.362380981445312,0.0014071725,21936,-0.0031794914248166606,0.2,89.00351750850677,-107.54140878975392,0.0035933852195739746,0.010498046875
962.0,1735,1404928,45.0,0,1,0.0001,-0.058019174248329364,9.579357147216797,0.0013677593,21944,-0.0034316435630898923,0.2,53.31716716662049,-91.42604922562838,0.40990519523620605,0.01318359375
1051.5,1897,1405440,45.0,0,1,0.0001,-0.0598996505868854,8.379105567932129,0.0027069866,21952,-0.003097361739492044,0.2,35.863570630550385,-81.6893381729722,0.48222219944000244,0.01025390625
1092.0,1802,1405952,45.0,0,1,0.0001,-0.07575660600559786,10.627278327941895,0.07344304,21960,-0.016372713551390916,0.2,27.490901231765747,-64.30080781519413,0.47281545400619507,0.0615234375
1059.5,1852,1406464,45.0,0,1,0.0001,-0.06278423660842236,4.731479167938232,0.032845084,21968,-0.00465459640690824,0.2,28.780085887759924,-52.381802642047404,0.024096250534057617,0.02978515625
1086.0,2035,1406976,45.0,0,1,0.0001,-0.04666431619989453,4.7527008056640625,0.004250695,21976,-0.006045888920198195,0.2,33.901325926184654,-45.368599562495945,-0.19832992553710938,0.020751953125
1076.5,1985,1407488,45.0,0,1,0.0001,-0.0339265088114189,6.367990970611572,0.0020160417,21984,-0.004999965116439853,0.2,34.95982068032026,-37.049507972300056,-0.28769028186798096,0.011962890625
1122.0,2149,1408000,45.0,0,1,0.0001,-0.029051149351289496,4.3443284034729,0.0013393661,21992,-0.0022972446677158587,0.2,22.460468888282776,-31.846777054667474,0.2869058847427368,0.0087890625
1151.0,1871,1408512,45.0,0,1,0.0001,-0.037153182696783915,5.099576473236084,0.0048863124,22000,-0.004857009906118037,0.2,17.302006993442774,-30.4111476213485,0.3508310317993164,0.013427734375
1177.0,1797,1409024,45.0,0,1,0.0001,-0.0386550616385648,4.3358964920043945,0.006231578,22008,-0.005419302389782388,0.2,16.37638177536428,-29.856203008219598,0.0719219446182251,0.021728515625
1178.5,1764,1409536,45.0,0,1,0.0001,-0.08789948814956006,1.879809021949768,0.02755349,22016,-0.01300837195594795,0.2,9.953007522039115,-29.846171714589,0.10535949468612671,0.0615234375
1160.5,1872,1410048,45.0,0,1,0.0001,-0.08669070739415474,6.48598051071167,0.011693147,22024,-0.0046315614963532425,0.2,21.67707845196128,-30.723433569893242,0.28603100776672363,0.0400390625
1129.0,1891,1410560,45.0,0,1,0.0001,-0.05241729834233411,4.544456481933594,0.020158801,22032,-0.010930470263701864,0.2,12.288903782144189,-29.20656177766621,0.08701401948928833,0.03662109375
1156.5,1440,1411072,45.0,0,1,0.0001,-0.05855373586382484,1.6053358316421509,0.01598108,22040,-0.006431413239624817,0.2,6.9461789429187775,-28.66371360115707,0.34369003772735596,0.024169921875
1155.0,2071,1411584,45.0,0,1,0.0001,-0.04831645373269566,1.503698468208313,0.02049978,22048,-0.008585663046687841,0.2,7.76492334343493,-28.876811124160884,0.27646756172180176,0.03173828125
1140.5,2035,1412096,45.0,0,1,0.0001,-0.04778317848104052,3.0266427993774414,0.010312801,22056,-0.0096431398706045,0.2,10.178557973355055,-30.104712943807243,0.5753239393234253,0.03662109375
1124.5,2018,1412608,45.0,0,1,0.0001,-0.028036720539603266,3.4679620265960693,0.010152003,22064,-0.00695552699471591,0.2,16.98289048485458,-30.971987556293605,0.5936318039894104,0.016357421875
1079.0,2163,1413120,45.0,0,1,0.0001,-0.035849034664352075,1.503361463546753,0.012353022,22072,-0.00431003539415542,0.2,11.942277237772942,-31.32302608370781,0.23888355493545532,0.020263671875
947.0,1984,1413632,45.0,0,1,0.0001,-0.031601947055605706,1.1064684391021729,0.0040895715,22080,-0.0051380108125158586,0.2,6.068583810701966,-31.552264580279587,0.17718857526779175,0.0166015625
912.5,1907,1414144,45.0,0,1,0.0001,-0.05241777032642858,1.716307282447815,0.013049582,22088,-0.007956017536344007,0.2,9.727382879704237,-32.04481819450855,0.37171369791030884,0.02734375
894.5,1964,1414656,45.0,0,1,0.0001,-0.04402989947448077,0.6016066670417786,0.008238038,22096,-0.002399367222096771,0.2,5.1743247509002686,-30.121780780255794,0.268818199634552,0.0263671875
858.0,2030,1415168,45.0,0,1,0.0001,-0.05931334028718993,0.7853483557701111,0.01678424,22104,-0.01249374434701167,0.2,3.570895630866289,-30.492348523586987,0.6971260011196136,0.043701171875
794.5,1955,1415680,45.0,0,1,0.0001,-0.034660247121792054,1.235255479812622,0.0053795446,22112,-0.0046526681289833505,0.2,5.606169594917446,-29.961306918784977,0.22924542427062988,0.016845703125
779.0,2231,1416192,45.0,0,1,0.0001,-0.047945744276148616,0.31316936016082764,0.0065791,22120,-0.0069306387231335975,0.2,3.251819632947445,-29.593369067385794,0.41114330291748047,0.028564453125
805.0,2121,1416704,45.0,0,1,0.0001,-0.030147269262670306,0.6687119007110596,0.009724772,22128,-0.008353318116860464,0.2,3.198100328911096,-29.433190732374786,0.6066957712173462,0.024169921875
781.5,2240,1417216,45.0,0,1,0.0001,-0.040629893540426565,0.6005204319953918,0.005450655,22136,-0.008078946513705887,0.2,3.8939291266724467,-30.10523163728416,0.7648211568593979,0.02978515625
780.5,2031,1417728,45.0,0,1,0.0001,-0.0422047921815647,0.274019718170166,0.028556641,22144,-0.0078122154700395186,0.2,3.9214495555497706,-30.57653890840709,0.6322040557861328,0.029296875
745.5,2004,1418240,45.0,0,1,0.0001,-0.05116892848309362,0.4232012927532196,0.014244294,22152,-0.009967648380552419,0.2,4.110413080314174,-31.26755619622767,0.37750548124313354,0.03466796875
730.0,1974,1418752,45.0,0,1,0.0001,-0.048111293674082845,0.22013656795024872,0.01710323,22160,-0.008564386225771159,0.2,4.258480838034302,-31.12474921025336,0.15828430652618408,0.02392578125
723.0,2084,1419264,45.0,0,1,0.0001,-0.048138870817638235,0.5837090611457825,0.016857209,22168,-0.009335113762062974,0.2,3.1216443981975317,-31.23770131222904,0.1856328248977661,0.033203125
696.5,2178,1419776,45.0,0,1,0.0001,-0.04673370451291703,0.49795329570770264,0.006812204,22176,-0.0065971444091701414,0.2,6.519034971483052,-30.899779667779804,0.4829694628715515,0.023681640625
687.5,2221,1420288,45.0,0,1,0.0001,-0.033675062035399606,1.1981099843978882,0.0069843065,22184,-0.004256386762790498,0.2,4.783243223559111,-30.92794140741229,0.25701427459716797,0.023193359375
687.5,2144,1420800,45.0,0,1,0.0001,-0.04053678677519201,0.24941425025463104,0.041504852,22192,-0.009529958402708871,0.2,2.1859940356807783,-30.967264209240675,0.6025041937828064,0.0302734375
652.0,2355,1421312,45.0,0,1,0.0001,-0.043727406997277285,0.19664376974105835,0.009771072,22200,-0.011095488182036206,0.2,1.8164306515827775,-30.353668907582758,0.7186750173568726,0.036376953125
567.5,2545,1421824,45.0,0,1,0.0001,-0.03420599904120536,0.7515729069709778,0.0045670643,22208,-0.003840334124106448,0.2,3.8863677986664698,-29.968401265144347,0.7502085119485855,0.019775390625
554.5,1661,1422336,45.0,0,1,0.0001,-0.03392790521729694,0.09103147685527802,0.010281997,22216,-0.005900094582102611,0.2,1.9365763189052814,-29.674084207862617,0.4869667887687683,0.013916015625
561.0,2097,1422848,45.0,0,1,0.0001,-0.03729422262767912,0.5555975437164307,0.010948887,22224,-0.00784058003409882,0.2,3.0117854743730277,-29.571505570113658,0.5129197537899017,0.030517578125
598.0,1959,1423360,45.0,0,1,0.0001,-0.036471677064582764,1.08856201171875,0.0033327283,22232,-0.006863646871352103,0.2,6.303159749601036,-29.66298023343086,0.09011536836624146,0.019287109375
569.0,2069,1423872,45.0,0,1,0.0001,-0.05539247266642633,0.40113380551338196,0.0066603394,22240,-0.006585935698240064,0.2,3.9997375519014895,-29.455501279234888,0.39693158864974976,0.01953125
657.5,2019,1424384,45.0,0,1,0.0001,-0.061665554936553235,0.6470918655395508,0.004118532,22248,-0.0009495033300481737,0.2,7.901559798978269,-30.409238842874764,0.24598658084869385,0.025390625
660.0,2106,1424896,45.0,0,1,0.0001,-0.04581302107544616,0.46478089690208435,0.001310329,22256,-0.0024225853121606633,0.2,5.663583228830248,-30.211791027337313,0.21637707948684692,0.00927734375
638.5,2415,1425408,45.0,0,1,0.0001,-0.034893837392701244,0.24129575490951538,0.0037698145,22264,-0.005343808559700847,0.2,2.909092129440978,-30.338028126358985,0.5615217387676239,0.012451171875
656.5,2200,1425920,45.0,0,1,0.0001,-0.034602423147589434,0.07367140054702759,0.015152991,22272,-0.009463489353947807,0.2,1.4999177572899498,-30.735852644592523,0.524023026227951,0.030029296875
746.5,1933,1426432,45.0,0,1,0.0001,-0.029060791810479714,0.23104211688041687,0.0043590013,22280,-0.005129111323185498,0.2,1.5163540851208381,-30.935444943010808,0.7836299389600754,0.025634765625
819.0,2025,1426944,45.0,0,1,0.0001,-0.04852323942577641,0.7284092307090759,0.021801634,22288,-0.008557970246329205,0.2,6.679155670572072,-30.989672448188067,0.3972960114479065,0.03125
818.0,1806,1427456,45.0,0,1,0.0001,-0.04243464266164665,0.15486189723014832,0.0022742115,22296,-0.006720961653627455,0.2,5.66217996343039,-30.926931615024806,0.4484960436820984,0.016357421875
806.0,2029,1427968,45.0,0,1,0.0001,-0.07281358532782178,3.64420223236084,0.002758787,22304,-0.010001011287386063,0.2,22.14149336889386,-32.69840807884932,0.4638783931732178,0.03759765625
795.5,1905,1428480,45.0,0,1,0.0001,-0.04779125716686394,1.0478407144546509,0.0039455243,22312,-0.005815101158077596,0.2,5.0446786461398005,-32.99449604026973,0.5423714816570282,0.017578125
752.5,2077,1428992,45.0,0,1,0.0001,-0.03656970784868463,0.4096538722515106,0.0036670128,22320,-0.005084577147499658,0.2,3.2970186886377633,-32.440488412603735,0.4117738604545593,0.018310546875
755.0,2225,1429504,45.0,0,1,0.0001,-0.05159511527745053,1.1757726669311523,0.009473199,22328,-0.012106150366889779,0.2,5.082054942846298,-32.71941373236477,0.6365140676498413,0.038818359375
809.0,2160,1430016,45.0,0,1,0.0001,-0.027254990265646484,0.3292994499206543,0.008078888,22336,-0.00536088802255108,0.2,2.915211728075519,-32.525344972386954,0.8098534047603607,0.016845703125
793.0,2062,1430528,45.0,0,1,0.0001,-0.03238976941429428,0.3112134337425232,0.0068572005,22344,-0.0020907944799546385,0.2,2.722016511950642,-32.00385940231383,0.7694685459136963,0.014404296875
769.5,2040,1431040,45.0,0,1,0.0001,-0.030228436533434433,0.33447539806365967,0.0078671295,22352,-0.00424164019204909,0.2,4.213565932586789,-31.529710849002004,0.6045245230197906,0.016357421875
757.0,2172,1431552,45.0,0,1,0.0001,-0.03848785037371272,0.7228943705558777,0.0058078356,22360,-0.0071489253314211965,0.2,2.876896747853607,-31.002946960404515,0.4620218276977539,0.023681640625
767.5,1906,1432064,45.0,0,1,0.0001,-0.04010671944161004,0.7411547899246216,0.0029358794,22368,-0.003337090773129603,0.2,6.889899658039212,-30.19861842788756,0.34715503454208374,0.010986328125
755.5,2089,1432576,45.0,0,1,0.0001,-0.047066642793652136,0.635395884513855,0.009725878,22376,-0.00487997218806413,0.2,4.587164827855304,-28.785680272057654,0.6678247451782227,0.019775390625
756.0,1567,1433088,45.0,0,1,0.0001,-0.030155455107887974,0.8953873515129089,0.016367953,22384,-0.005985172017972218,0.2,2.700496844481677,-28.7812422119081,0.46845757961273193,0.02490234375
752.5,1998,1433600,45.0,0,1,0.0001,-0.030009082915967156,0.26793912053108215,0.0022885634,22392,-0.0032099206655402668,0.2,2.6090072602964938,-28.53474657908082,0.7037608921527863,0.013427734375
783.0,1983,1434112,45.0,0,1,0.0001,-0.04690170014873729,0.7326156497001648,0.009740235,22400,-0.007622640339832287,0.2,4.171242872951552,-28.60645060315728,0.5599079728126526,0.019775390625
799.0,2061,1434624,45.0,0,1,0.0001,-0.04921973790260381,0.3298873007297516,0.011985943,22408,-0.009188007228658535,0.2,4.6091674929484725,-29.20873567253351,0.6307186484336853,0.03125
841.0,1942,1435136,45.0,0,1,0.0001,-0.0324113212627708,0.15201027691364288,0.007694613,22416,-0.0046235249465098605,0.2,4.598504131194204,-29.912868829965593,0.7118996381759644,0.017578125
847.5,2023,1435648,45.0,0,1,0.0001,-0.055236218835489126,1.4321900606155396,0.005113053,22424,-0.007349009763856884,0.2,9.457272536121309,-30.849292545169593,0.5696800947189331,0.022705078125
796.5,2172,1436160,45.0,0,1,0.0001,-0.05890472831833904,0.4538046419620514,0.010624174,22432,-0.0074534339146339335,0.2,4.799452122417279,-32.42879011332989,0.7079551517963409,0.033203125
809.0,1778,1436672,45.0,0,1,0.0001,-0.04682068298643571,0.8517236113548279,0.007834171,22440,-0.008960160288552288,0.2,3.8328660395927727,-32.70340814575553,0.7583993822336197,0.025146484375
839.0,1890,1437184,45.0,0,1,0.0001,-0.056493303814932005,1.1030752658843994,0.007997338,22448,-0.007504496425099205,0.2,7.9133372833020985,-33.45095561183989,0.6407423317432404,0.029296875
827.0,2116,1437696,45.0,0,1,0.0001,-0.049269788862147834,0.6939446926116943,0.004000517,22456,-0.004505330420215614,0.2,3.9747862513177097,-33.31193754635751,0.6454126834869385,0.011962890625
856.5,2039,1438208,45.0,0,1,0.0001,-0.04449850166520264,0.5531536340713501,0.0074833212,22464,-0.008598164960858412,0.2,2.6818754279520363,-33.46115620277822,0.655171126127243,0.03125
877.5,2235,1438720,45.0,0,1,0.0001,-0.03676681226534129,0.3370441198348999,0.0056449054,22472,-0.005709932564059272,0.2,2.1487753053661436,-33.08128374405205,0.7648284286260605,0.018798828125
846.0,2173,1439232,45.0,0,1,0.0001,-0.024324228864770703,0.18255753815174103,0.01405979,22480,-0.006440147044486366,0.2,1.6088936708401889,-31.805860064700244,0.7525410354137421,0.021240234375
777.0,2292,1439744,45.0,0,1,0.0001,-0.03808445689674045,0.38235318660736084,0.006648294,22488,-0.0049206306157429935,0.2,2.997120689484291,-30.88558503635228,0.7177201211452484,0.01318359375
754.0,2233,1440256,45.0,0,1,0.0001,-0.025485418133484927,0.021046241745352745,0.029603489,22496,-0.0032617413526168093,0.2,1.6688031372614205,-29.83389758400619,0.5565926432609558,0.021484375
804.5,2062,1440768,45.0,0,1,0.0001,-0.0357443443926968,0.18853262066841125,0.014315463,22504,-0.002987397940160008,0.2,3.1585338247241452,-28.86132713891566,0.6516819894313812,0.024658203125
764.5,2005,1441280,45.0,0,1,0.0001,-0.047539327546019194,1.251970887184143,0.012713867,22512,-0.007932291184260976,0.2,6.7391772186383605,-28.780899970531465,0.4277461767196655,0.02294921875
783.5,2020,1441792,45.0,0,1,0.0001,-0.027713072720871423,0.6961113810539246,0.004287146,22520,-0.005615280628262553,0.2,4.066398981958628,-28.379966310411692,0.516374409198761,0.016845703125
784.0,1963,1442304,45.0,0,1,0.0001,-0.03807924481293412,0.39447131752967834,0.0051880768,22528,-0.0026749431835924042,0.2,3.0855020994786173,-27.982816250920294,0.5234970450401306,0.013916015625
786.5,2209,1442816,45.0,0,1,0.0001,-0.036433551380469,0.2844870090484619,0.0043845186,22536,-0.004711180386948399,0.2,2.4061170206405222,-27.967343980297446,0.5320891439914703,0.0224609375
794.5,1529,1443328,45.0,0,1,0.0001,-0.043868953880974004,0.24604937434196472,0.029820492,22544,-0.009129471640335396,0.2,2.051773002720438,-28.411219988241793,0.5735748708248138,0.032470703125
863.5,2058,1443840,45.0,0,1,0.0001,-0.03296777544346696,0.36179327964782715,0.005426788,22552,-0.005085656033770647,0.2,3.8424971997737885,-29.224413140937685,0.5608047544956207,0.0185546875
903.0,2116,1444352,45.0,0,1,0.0001,-0.036921301681104524,0.2583965063095093,0.0026298482,22560,-0.004609245187566557,0.2,3.2603583375457674,-29.68007833518088,0.7188894152641296,0.015380859375
941.0,1887,1444864,45.0,0,1,0.0001,-0.03951553880347092,0.24201072752475739,0.0064259577,22568,-0.0034053001436404884,0.2,4.320486937649548,-30.237429910451173,0.5665665566921234,0.0185546875
935.0,1966,1445376,45.0,0,1,0.0001,-0.05114645848880173,1.043555736541748,0.014190262,22576,-0.009342953759187367,0.2,9.345101486425847,-30.88819408789277,0.6942499577999115,0.028076171875
940.5,1916,1445888,45.0,0,1,0.0001,-0.04313496255053906,6.341871738433838,0.003087471,22584,-0.005627828577416949,0.2,8.474630346987396,-30.973913034498693,0.5151598155498505,0.024658203125
931.0,1933,1446400,45.0,0,1,0.0001,-0.03552559743548045,0.4519061744213104,0.0068990644,22592,-0.004131210858759005,0.2,6.099389435723424,-31.981271830052137,0.7364496886730194,0.015625
985.5,1897,1446912,45.0,0,1,0.0001,-0.04667628724928363,0.2657247483730316,0.0047337287,22600,-0.004308569459681166,0.2,3.191820581210777,-31.973716999292375,0.36583369970321655,0.015625
976.5,2069,1447424,45.0,0,1,0.0001,-0.053400154334667604,3.1548235416412354,0.0036789186,22608,-0.006450651386330719,0.2,6.673348803073168,-32.11654707334936,0.49985307455062866,0.022705078125
932.0,2062,1447936,45.0,0,1,0.0001,-0.04081727430184401,0.5139910578727722,0.007322943,22616,-0.009943446617398877,0.2,5.270937522873282,-31.931702883169056,0.6355227828025818,0.0263671875
928.5,1671,1448448,45.0,0,1,0.0001,-0.02858127818490175,0.217078298330307,0.002544118,22624,-0.0023792318133928347,0.2,4.410711538279429,-31.84909015156329,0.6569485664367676,0.01123046875
908.0,2166,1448960,45.0,0,1,0.0001,-0.02595405515648963,0.6935580372810364,0.005058408,22632,-0.004358155780209927,0.2,3.4207509595435113,-31.29935845464468,0.7468795776367188,0.015380859375
942.5,2021,1449472,45.0,0,1,0.0001,-0.02128025716774573,0.3816167712211609,0.002025125,22640,-0.0031401580235979054,0.2,1.8032362764934078,-30.560040076971053,0.6185187101364136,0.012451171875
961.0,1929,1449984,45.0,0,1,0.0001,-0.031899632979730086,0.6081234216690063,0.014511357,22648,-0.00802596976791392,0.2,4.7107175244018435,-29.55628961071372,0.43398886919021606,0.028076171875
926.0,2124,1450496,45.0,0,1,0.0001,-0.03168443591312098,0.4343471825122833,0.0057721976,22656,-0.004931027309794445,0.2,2.6356495085638016,-28.42745689123869,0.5785338878631592,0.01513671875
946.0,1823,1451008,45.0,0,1,0.0001,-0.021913197496814973,0.21409928798675537,0.01173247,22664,-0.00812530682014767,0.2,4.266564543126151,-28.42298305943608,0.5369186103343964,0.0185546875
967.5,1981,1451520,45.0,0,1,0.0001,-0.0344458854815457,1.4589697122573853,0.0048171426,22672,-0.007666821205930319,0.2,3.955040287459269,-28.533901925235988,0.4525056481361389,0.021240234375
980.0,1987,1452032,45.0,0,1,0.0001,-0.029607755005599756,0.30388808250427246,0.0055445083,22680,-0.004928568538161926,0.2,4.1314904959872365,-28.743597779870033,0.6456480026245117,0.013427734375
1005.0,1969,1452544,45.0,0,1,0.0001,-0.04421921251923777,0.6185240745544434,0.006547356,22688,-0.0049548980459803715,0.2,5.052626415621489,-29.27299805983901,0.6347954273223877,0.021484375
982.5,2104,1453056,45.0,0,1,0.0001,-0.01783731107843778,0.1374293565750122,0.002507289,22696,-0.0019258596657891758,0.2,1.8702639964176342,-29.26944643303752,0.8010266423225403,0.00732421875
980.0,2131,1453568,45.0,0,1,0.0001,-0.01995213786176464,0.08590561896562576,0.009739732,22704,-0.0036335075565148145,0.2,1.5812495711143129,-29.85211779937148,0.8008075654506683,0.013916015625
932.5,1632,1454080,45.0,0,1,0.0001,-0.03628029251922271,0.1489570140838623,0.02661679,22712,-0.004569019976770505,0.2,2.110037662438117,-30.154595592319964,0.6922754049301147,0.025634765625
960.5,1858,1454592,45.0,0,1,0.0001,-0.035839198178109655,0.298286110162735,0.04007116,22720,-0.009455382638407173,0.2,2.938622529443819,-30.240445161908866,0.57009357213974,0.02685546875
910.5,2202,1455104,45.0,0,1,0.0001,-0.03476308810058981,0.21131077408790588,0.0073938984,22728,-0.005059155002527405,0.2,2.1188638355815783,-30.82057022064924,0.7973258644342422,0.025634765625
819.0,2219,1455616,45.0,0,1,0.0001,-0.025711229049193207,0.1878841519355774,0.023003776,22736,-0.007921750395325944,0.2,1.4258779998635873,-30.794177221208813,0.7249690294265747,0.02587890625
797.0,1998,1456128,45.0,0,1,0.0001,-0.03277650334075588,0.09823247790336609,0.005037185,22744,-0.007993080427695531,0.2,2.651870070490986,-31.15059901535511,0.5447475612163544,0.017578125
782.5,2066,1456640,45.0,0,1,0.0001,-0.03903816917409131,0.22706790268421173,0.00882311,22752,-0.0068707527534570545,0.2,2.709670565207489,-30.69547801449895,0.6896158158779144,0.0263671875
754.0,2098,1457152,45.0,0,1,0.0001,-0.042470936341487686,0.16791649162769318,0.0078081475,22760,-0.0071483863721368834,0.2,2.5641447118250653,-30.10846671104431,0.6769910156726837,0.01953125
753.0,2240,1457664,45.0,0,1,0.0001,-0.020769869480318448,0.38539421558380127,0.005051728,22768,-0.005412808432993188,0.2,3.3824644300621003,-30.1895039626956,0.7726634293794632,0.017822265625
754.5,2152,1458176,45.0,0,1,0.0001,-0.023098099884919066,0.15364938974380493,0.0030042138,22776,-0.00519389287364902,0.2,1.617150998674333,-30.205483824908733,0.667266458272934,0.0107421875
789.0,2101,1458688,45.0,0,1,0.0001,-0.032883340481930645,0.17282520234584808,0.010836016,22784,-0.0071170717710629106,0.2,2.5419058360275812,-30.47758067473769,0.6988443732261658,0.023193359375
759.5,1810,1459200,45.0,0,1,0.0001,-0.038480118484585546,0.06611576676368713,0.0032004649,22792,-0.005553940918616718,0.2,1.726980967214331,-30.596674407720567,0.615016371011734,0.019775390625
777.0,2233,1459712,45.0,0,1,0.0001,-0.06583576963748783,2.1020123958587646,0.009633304,22800,-0.006566165713593364,0.2,6.265482529066503,-30.764434852302074,0.6332001686096191,0.024658203125
861.5,1877,1460224,45.0,0,1,0.0001,-0.4040083554573357,104.85130310058594,0.01869463,22808,-0.010805402205733117,0.2,321.3396346569061,-40.25214113883674,0.006686151027679443,0.209716796875
823.0,1972,1460736,45.0,0,1,0.0001,-0.17428106989245862,50.507904052734375,0.050751038,22816,-0.03184017419698648,0.2,111.0982948243618,-44.963012671396136,0.18868249654769897,0.20947265625
859.0,1952,1461248,45.0,0,1,0.0001,-0.08701934953569435,12.89559555053711,0.09292522,22824,-0.02288868782488862,0.2,34.571698263287544,-47.400291906669736,0.34210556745529175,0.071533203125
831.5,2093,1461760,45.0,0,1,0.0001,-0.04590994516911451,1.3085466623306274,0.0034655323,22832,-0.0030833866476314142,0.2,8.580980772152543,-48.41919901452959,-0.02083754539489746,0.01025390625
831.5,2271,1462272,45.0,0,1,0.0001,-0.03294714636649587,5.191792964935303,0.004923542,22840,-0.005992236459860578,0.2,13.698639571666718,-49.26928614012897,0.5447969138622284,0.015869140625
865.0,1968,1462784,45.0,0,1,0.0001,-0.029376932248851517,1.876221776008606,0.0016491354,22848,-0.0033353792186971987,0.2,7.307169239036739,-48.98155956812203,0.2979493737220764,0.0068359375
860.5,1947,1463296,45.0,0,1,0.0001,-0.0463541387434816,1.760421872138977,0.0064788805,22856,-0.00835681845273939,0.2,9.331066062673926,-48.94035156331957,0.41983282566070557,0.02587890625
824.5,2101,1463808,45.0,0,1,0.0001,-0.04531506382045336,1.007568120956421,0.0050040046,22864,-0.005862927850103006,0.2,8.867182946763933,-48.63646684192121,-0.33810508251190186,0.0166015625
815.5,2138,1464320,45.0,0,1,0.0001,-0.0448253087233752,3.0915958881378174,0.003718521,22872,-0.005714875704143196,0.2,7.872581377625465,-46.43005587436259,0.4404641389846802,0.021240234375
791.0,1594,1464832,45.0,0,1,0.0001,-0.03836018832225818,1.4629501104354858,0.031903286,22880,-0.009504507263045525,0.2,5.640866064000875,-36.7630809572339,0.4231297969818115,0.02001953125
839.5,1926,1465344,45.0,0,1,0.0001,-0.03638336615404114,0.8913714289665222,0.015829872,22888,-0.0045177826104918495,0.2,4.338623032905161,-32.91243359670043,0.31406354904174805,0.02294921875
807.0,2098,1465856,45.0,0,1,0.0001,-0.05295781543463818,0.4905233085155487,0.010925478,22896,-0.008242193143814802,0.2,5.46756488410756,-30.68682338401675,0.5149511694908142,0.02880859375
813.0,2154,1466368,45.0,0,1,0.0001,-0.041949182384996675,1.1402567625045776,0.0046358877,22904,-0.005352999774913769,0.2,3.6887851213105023,-30.240736134946346,0.5525801181793213,0.022705078125
814.0,2288,1466880,45.0,0,1,0.0001,-0.027172187672476866,1.3118267059326172,0.0010577472,22912,-0.002529002093069721,0.2,4.766838155686855,-29.434482038766145,0.6495863795280457,0.01171875
811.0,1826,1467392,45.0,0,1,0.0001,-0.026488926701858873,0.16133762896060944,0.0024354388,22920,-0.005163902518688701,0.2,2.0544785272795707,-29.909292894154788,0.6109834611415863,0.015625
798.5,1998,1467904,45.0,0,1,0.0001,-0.04937063450415735,0.7365882396697998,0.006723795,22928,-0.006177605020639021,0.2,4.630905391881242,-30.045743653029202,0.4558682441711426,0.0185546875
782.0,2066,1468416,45.0,0,1,0.0001,-0.04951018414067221,0.22294634580612183,0.018478572,22936,-0.009452277739910642,0.2,1.6536471298895776,-30.833351408988236,0.7370217442512512,0.031494140625
797.5,2018,1468928,45.0,0,1,0.0001,-0.03637040331159369,0.6197556257247925,0.007997224,22944,-0.007440744215273298,0.2,4.1506191899534315,-31.661255372613667,0.5252429246902466,0.019775390625
799.0,1992,1469440,45.0,0,1,0.0001,-0.06725516632286599,1.7172203063964844,0.016213968,22952,-0.014061132867936976,0.2,5.161199605558068,-33.06323313236236,0.5138560235500336,0.044189453125
776.5,1625,1469952,45.0,0,1,0.0001,-0.03503491203809972,0.4015514552593231,0.009856526,22960,-0.005253600131254643,0.2,3.20579328131862,-33.65181437984109,0.5859930217266083,0.017578125
787.5,2098,1470464,45.0,0,1,0.0001,-0.03938704343090649,0.8700388073921204,0.009239936,22968,-0.007607679872307926,0.2,2.539506920380518,-33.46952838152647,0.5946404337882996,0.024169921875
744.5,2313,1470976,45.0,0,1,0.0001,-0.0371456552284144,0.3684886395931244,0.015265174,22976,-0.0056424263457302,0.2,2.615782113512978,-33.50197221919894,0.7442529797554016,0.017578125
744.5,2191,1471488,45.0,0,1,0.0001,-0.024204249115427956,0.28267985582351685,0.0017786113,22984,-0.00494280463681207,0.2,2.0076540883164853,-33.63808705642819,0.8041159361600876,0.011474609375
694.0,1991,1472000,45.0,0,1,0.0001,-0.029333186821531854,0.2606443166732788,0.0053001707,22992,-0.002860467902792152,0.2,1.4662957984255627,-33.19761648565531,0.7022933065891266,0.009521484375
663.0,2229,1472512,45.0,0,1,0.0001,-0.0445645907020662,0.4191589653491974,0.010271588,23000,-0.005678912151779514,0.2,2.825446975766681,-32.839888191223146,0.6007254421710968,0.02001953125
653.5,2108,1473024,45.0,0,1,0.0001,-0.03499597083646222,0.14173990488052368,0.010222888,23008,-0.008709237881703302,0.2,2.18652415368706,-32.142252858132125,0.40296053886413574,0.020751953125
638.5,2059,1473536,45.0,0,1,0.0001,-0.03951026517461287,0.5491856932640076,0.01153252,23016,-0.008650580493849702,0.2,3.5667039677500725,-31.49569311708212,0.6552142202854156,0.018310546875
695.5,2050,1474048,45.0,0,1,0.0001,-0.05071210021560546,0.45812302827835083,0.0060476135,23024,-0.008568549794290448,0.2,4.18019738944713,-30.879108028635383,0.30878424644470215,0.022705078125
744.5,1961,1474560,45.0,0,1,0.0001,-0.028428648081899155,0.8775390982627869,0.0066266446,23032,-0.006372779909725068,0.2,4.542299536522478,-30.886555956974625,0.6131262183189392,0.017822265625
751.0,2182,1475072,45.0,0,1,0.0001,-0.04854197689201101,0.23761636018753052,0.007433489,23040,-0.009453937906073406,0.2,4.676815144484863,-31.1388290335238,0.4297598600387573,0.031005859375
707.0,2252,1475584,45.0,0,1,0.0001,-0.029184455721406266,0.27240607142448425,0.0029643844,23048,-0.004790713857801165,0.2,2.6657719435170293,-31.098112247884274,0.773013100028038,0.013671875
755.0,1651,1476096,45.0,0,1,0.0001,-0.022926213009668572,0.11411314457654953,0.005715724,23056,-0.007714449995546602,0.2,1.3987047252885532,-31.38382364064455,0.7740666270256042,0.01416015625
787.5,1959,1476608,45.0,0,1,0.0001,-0.030370461385246017,0.18566355109214783,0.0039838376,23064,-0.005865857885510195,0.2,3.089056796161458,-31.825578575283288,0.7212768197059631,0.01708984375
830.5,2058,1477120,45.0,0,1,0.0001,-0.041284845269728976,0.28707873821258545,0.00985613,23072,-0.0035862884869857226,0.2,3.0230976458406076,-32.13359563529492,0.6230090260505676,0.019775390625
791.5,2239,1477632,45.0,0,1,0.0001,-0.026263317147822818,0.3603019416332245,0.0054572797,23080,-0.005253754156001378,0.2,2.184099208097905,-32.31396624162793,0.6591388583183289,0.018310546875
829.0,1849,1478144,45.0,0,1,0.0001,-0.030491363444525632,0.47705957293510437,0.005039094,23088,-0.0068998335518699605,0.2,2.1745430213049985,-31.78723736077547,0.6507024765014648,0.018310546875
836.0,1981,1478656,45.0,0,1,0.0001,-0.04340983732436143,0.7277953624725342,0.0028626616,23096,-0.005903475044760853,0.2,5.967080283444375,-31.58039013274014,0.26167529821395874,0.0146484375
787.5,2122,1479168,45.0,0,1,0.0001,-0.03801545066926337,0.450785368680954,0.0040217396,23104,-0.0036563160956575302,0.2,4.133986802306026,-31.156850029453636,0.5801095068454742,0.021240234375
824.5,2064,1479680,45.0,0,1,0.0001,-0.03189920755539788,0.174080491065979,0.01051436,23112,-0.004719311757071409,0.2,1.6690462188562378,-31.03853057295084,0.6602299213409424,0.0126953125
822.5,2349,1480192,45.0,0,1,0.0001,-0.034545343045465415,0.5762403607368469,0.004119398,23120,-0.006690116486424813,0.2,3.5600295597687364,-31.332189322710036,0.7379581332206726,0.017333984375
816.5,1869,1480704,45.0,0,1,0.0001,-0.043135675234225346,0.04151445999741554,0.007916312,23128,-0.007337426293815952,0.2,2.1182622980559245,-30.964229263216257,0.6460513174533844,0.024169921875
831.0,1470,1481216,45.0,0,1,0.0001,-0.2407132179941982,95.37996673583984,0.007447617,23136,0.11324608676659409,0.2,366.1323992013931,-38.6577605727315,0.0005924701690673828,0.3271484375
849.5,1973,1481728,45.0,0,1,0.0001,-0.2807091379072517,48.01899719238281,0.006370983,23144,-0.00781533878762275,0.2,159.11476454138756,-44.13525943174958,0.2071390151977539,0.073974609375
906.0,1927,1482240,45.0,0,1,0.0001,-0.3277755194576457,46.14225769042969,0.017679151,23152,-0.015675376023864374,0.2,215.05742186307907,-52.0514627969265,0.2822657823562622,0.1591796875
913.0,1960,1482752,45.0,0,1,0.0001,-0.27522093255538493,19.21586036682129,0.044889987,23160,-0.016407754526881035,0.2,166.0233318209648,-59.70173603951931,0.39429885149002075,0.14599609375
928.0,1793,1483264,45.0,0,1,0.0001,-0.15150554693536833,46.24283218383789,0.14665084,23168,-0.021118502867466304,0.2,93.31251488626003,-65.75070456683636,0.3898084759712219,0.104248046875
926.5,1994,1483776,45.0,0,1,0.0001,-0.06288868882984389,4.295145511627197,0.02195576,23176,-0.007614783244207501,0.2,22.577997371554375,-67.13818511009217,0.16794389486312866,0.023681640625
917.5,2219,1484288,45.0,0,1,0.0001,-0.05288076370197814,6.261157989501953,0.012181637,23184,-0.007638086724909954,0.2,24.640452980995178,-68.2600750593841,-0.5493884086608887,0.03076171875
937.5,2012,1484800,45.0,0,1,0.0001,-0.026954932294756873,5.4885406494140625,0.001271934,23192,-0.002136528921255376,0.2,24.561419747769833,-68.08180615484714,0.2461753487586975,0.00830078125
966.5,1966,1485312,45.0,0,1,0.0001,-0.0382694945546973,8.46434497833252,0.001824475,23200,-0.004078005986229982,0.2,29.779724694788456,-67.32311930850148,0.23743140697479248,0.013671875
990.0,1118,1485824,45.0,0,1,0.0001,-0.04168708365614293,3.5920181274414062,0.00614929,23208,-0.008645168403745629,0.2,20.9977202154696,-59.05221732676029,0.16348576545715332,0.021728515625
932.5,2170,1486336,45.0,0,1,0.0001,-0.0486248063025414,2.1278350353240967,0.01065769,23216,-0.008897259816876613,0.2,19.696736052632332,-53.29264528542757,-0.32965219020843506,0.023681640625
934.0,1999,1486848,45.0,0,1,0.0001,-0.036880516767269,4.790047645568848,0.001320982,23224,-0.003755229619855527,0.2,17.396569959819317,-44.77656824499368,0.3408041000366211,0.01220703125
873.0,2065,1487360,45.0,0,1,0.0001,-0.05705641192253097,3.617797613143921,0.0061584935,23232,-0.01036220772220986,0.2,15.319039188325405,-37.829442109465596,0.4109663963317871,0.0322265625
879.0,1828,1487872,45.0,0,1,0.0001,-0.036053146392077906,2.454051971435547,0.005494358,23240,-0.0051930009649368,0.2,9.285393167287111,-32.7674496050179,0.1851348876953125,0.01513671875
929.5,2083,1488384,45.0,0,1,0.0001,-0.05616211269807536,3.417830467224121,0.004538393,23248,-0.006283972503297264,0.2,10.423773638904095,-31.5771771594882,0.2379811406135559,0.02490234375
911.0,2142,1488896,45.0,0,1,0.0001,-0.035879794662832865,1.2301572561264038,0.011104686,23256,-0.006498489914520178,0.2,5.371247557923198,-30.523076362907887,0.48615556955337524,0.02294921875
852.0,2332,1489408,45.0,0,1,0.0001,-0.030932406283682212,0.8010672330856323,0.0065307063,23264,-0.00640521999594057,0.2,4.652178260497749,-30.434584076702595,0.7044568657875061,0.0224609375
782.0,2005,1489920,45.0,0,1,0.0001,-0.028439299239835236,0.5322736501693726,0.011890152,23272,-0.00546734261297388,0.2,3.793822261504829,-30.344286667704583,0.37350064516067505,0.01806640625
759.0,1891,1490432,45.0,0,1,0.0001,-0.04271502748451894,0.4386071562767029,0.012025975,23280,-0.01149306812294526,0.2,4.25193137396127,-30.22478603258729,0.7086193859577179,0.030517578125
816.0,2219,1490944,45.0,0,1,0.0001,-0.05084722010360565,0.5565167665481567,0.009628937,23288,-0.005923897984757787,0.2,6.742871842812747,-30.70759871676564,0.3423633575439453,0.022705078125
778.0,1699,1491456,45.0,0,1,0.0001,-0.0305013510005665,0.3105895221233368,0.0034042052,23296,-0.004234326464938931,0.2,2.493995750322938,-31.193110048919916,0.5784803032875061,0.013671875
696.5,2223,1491968,45.0,0,1,0.0001,-0.03915298338688444,1.3976774215698242,0.019870576,23304,-0.009110312865232117,0.2,5.034998214803636,-31.60052860200405,0.4588053226470947,0.025634765625
614.0,2245,1492480,45.0,0,1,0.0001,-0.03384993911458878,0.23422399163246155,0.009872071,23312,-0.008935347454098519,0.2,3.7490881718695164,-32.30907515183091,0.4974910020828247,0.023681640625
632.0,1996,1492992,45.0,0,1,0.0001,-0.030793642021308187,0.22761939465999603,0.00781682,23320,-0.003009949763509212,0.2,4.02865508873947,-32.860208159834144,0.5113373696804047,0.01416015625
612.5,2387,1493504,45.0,0,1,0.0001,-0.02270125394443312,1.0969685316085815,0.011158342,23328,-0.006426515810744604,0.2,3.8320851356256753,-32.9658025456965,0.7512671053409576,0.017578125
613.0,2120,1494016,45.0,0,1,0.0001,-0.018753349015241838,0.5730839967727661,0.003877507,23336,-0.00700253451577737,0.2,3.5149719588225707,-33.03543179228902,0.7545898258686066,0.014404296875
651.0,2026,1494528,45.0,0,1,0.0001,-0.02812568503031798,0.06656022369861603,0.008063299,23344,-0.004100445672520436,0.2,2.26054505049251,-33.132502169311046,0.5341585278511047,0.015380859375
623.5,2169,1495040,45.0,0,1,0.0001,-0.03475827712827595,0.20125418901443481,0.020996097,23352,-0.007283904871655977,0.2,3.4817818426527083,-32.5958579352498,0.4701099395751953,0.0263671875
621.0,1960,1495552,45.0,0,1,0.0001,-0.02690748496388551,0.1302395612001419,0.01977889,23360,-0.0028423600851965602,0.2,2.710968818049878,-32.105798420608046,0.29397112131118774,0.013427734375
617.5,2156,1496064,45.0,0,1,0.0001,-0.03982687228199211,0.8963087797164917,0.010625629,23368,-0.0071136266851681285,0.2,7.402162733953446,-32.17559863552451,0.49270737171173096,0.017578125
676.5,1899,1496576,45.0,0,1,0.0001,-0.03440754431539972,0.201190784573555,0.0053833327,23376,-0.006959228288906161,0.2,3.3239095704630017,-32.01607523739338,0.38113588094711304,0.019287109375
730.5,1432,1497088,45.0,0,1,0.0001,-0.042334156303695636,0.7364048361778259,0.0015699755,23384,-0.0055570027834619395,0.2,5.481826229952276,-32.300307167172434,0.6057141721248627,0.017333984375
745.0,2039,1497600,45.0,0,1,0.0001,-0.06151893315836787,2.440342426300049,0.008855214,23392,-0.010029873224993935,0.2,9.04054265934974,-33.11618593469262,0.5903270542621613,0.03125
770.0,2270,1498112,45.0,0,1,0.0001,-0.03532167470075365,0.4756421744823456,0.00700644,23400,-0.006628263474794949,0.2,3.6157855694182217,-33.69773198321462,0.8487431406974792,0.019287109375
795.0,2092,1498624,45.0,0,1,0.0001,-0.02637678469727689,0.5567700266838074,0.0025281403,23408,-0.0034034123691526474,0.2,3.1093436744995415,-33.71287247478962,0.758975014090538,0.010498046875
816.0,1887,1499136,45.0,0,1,0.0001,-0.04214316701472853,0.27001190185546875,0.0025238402,23416,-0.004826956574106589,0.2,3.631546152755618,-33.563841389864685,0.16523265838623047,0.010009765625
868.0,1877,1499648,45.0,0,1,0.0001,-0.1904167984612286,4.692061424255371,0.005735299,23424,-0.005019015676225536,0.2,21.009359419345856,-34.19784792289138,0.03678935766220093,0.054443359375
879.5,2245,1500160,45.0,0,1,0.0001,-0.09968109789770097,9.615545272827148,0.032877482,23432,-0.007915731737739407,0.2,13.722301378846169,-34.51587185710669,0.4178045988082886,0.03564453125
913.5,2095,1500672,45.0,0,1,0.0001,-0.03850325248640729,0.5784586071968079,0.023104437,23440,-0.008742544385313522,0.2,4.47222226113081,-34.15635401070118,0.42644959688186646,0.02685546875
878.5,1937,1501184,45.0,0,1,0.0001,-0.031564126460580155,2.3127968311309814,0.014174354,23448,-0.0075681532034650445,0.2,5.6221293630078435,-33.44658066496253,0.2562025189399719,0.02685546875
856.0,1987,1501696,45.0,0,1,0.0001,-0.03591850943212194,0.18810248374938965,0.009516854,23456,-0.005521285318536684,0.2,3.0959458285942674,-33.11202517807484,0.6579685509204865,0.020751953125
846.5,1997,1502208,45.0,0,1,0.0001,-0.05377466401478159,2.281294822692871,0.01366099,23464,-0.010583049326669425,0.2,8.224809369072318,-33.06761078670621,0.5787360370159149,0.03125
863.0,2274,1502720,45.0,0,1,0.0001,-0.03649783358559944,0.3930884003639221,0.06152925,23472,-0.004202348689432256,0.2,3.7388470388250425,-33.482423854470255,0.8431218564510345,0.01513671875
799.5,2077,1503232,45.0,0,1,0.0001,-0.02445121347773238,0.2697875201702118,0.0035595235,23480,-0.0032407053586211987,0.2,2.9561834909254685,-33.68426598012447,0.6075574159622192,0.009765625
750.5,2137,1503744,45.0,0,1,0.0001,-0.030078282430622494,0.749139666557312,0.01530665,23488,-0.006414496099750977,0.2,4.382964980322868,-34.50423591285944,0.48234260082244873,0.017822265625
724.0,2092,1504256,45.0,0,1,0.0001,-0.03326604824178503,0.10127341747283936,0.006495986,23496,-0.003692413076350931,0.2,3.6939887192565948,-34.088844239115716,0.4437286853790283,0.02099609375
689.5,2227,1504768,45.0,0,1,0.0001,-0.029717381514274166,0.10989950597286224,0.012168627,23504,-0.006442363890528213,0.2,3.0453279295470566,-34.20743824735284,0.6794658005237579,0.021240234375
677.0,1954,1505280,45.0,0,1,0.0001,-0.022042608624360582,0.26156535744667053,0.00670785,23512,-0.005880017073650379,0.2,2.1669280994101427,-34.41498038783669,0.18099337816238403,0.016357421875
691.5,2168,1505792,45.0,0,1,0.0001,-0.032998126442180364,0.42922741174697876,0.0031085075,23520,-0.004135167473577894,0.2,4.16158885601908,-34.32891471639275,0.49429482221603394,0.024658203125
717.0,1995,1506304,45.0,0,1,0.0001,-0.031364199015115446,0.3205856382846832,0.010955397,23528,-0.0065405318928242195,0.2,2.9769957315875217,-33.74095011919737,0.4538554549217224,0.017822265625
702.0,2042,1506816,45.0,0,1,0.0001,-0.023798437904588354,0.3234912157058716,0.005867946,23536,-0.007163307771406835,0.2,2.089785491116345,-32.29325102329254,0.5960718989372253,0.019775390625
730.0,2237,1507328,45.0,0,1,0.0001,-0.028193064137667534,0.16789068281650543,0.003567969,23544,-0.0058433168233023025,0.2,3.250803765025921,-31.357978722304107,0.6200901567935944,0.019287109375
695.0,2130,1507840,45.0,0,1,0.0001,-0.02138844024102582,0.48201489448547363,0.0020924234,23552,-0.0033888868620124413,0.2,1.9864044692658354,-31.059405458569525,0.5660080909729004,0.0087890625
677.5,2122,1508352,45.0,0,1,0.0001,-0.02681250401019497,0.13308976590633392,0.004816202,23560,-0.006171738426928641,0.2,3.3870904371142387,-31.278883583843708,0.5120695531368256,0.019287109375
640.5,2218,1508864,45.0,0,1,0.0001,-0.03403728411649354,0.22628258168697357,0.013972828,23568,-0.005305941984261153,0.2,3.0259495505597442,-32.20984107658267,0.46817970275878906,0.021728515625
662.5,2223,1509376,45.0,0,1,0.0001,-0.0265948149117321,0.279714971780777,0.0261227,23576,-0.005074026725196745,0.2,2.8528367950348184,-32.514049160033466,0.7162815034389496,0.02001953125
658.5,1901,1509888,45.0,0,1,0.0001,-0.020670897642048658,0.05740644782781601,0.006755574,23584,-0.004576778701448347,0.2,1.6715997838473413,-32.680402012318375,0.6526121199131012,0.00927734375
661.5,2062,1510400,45.0,0,1,0.0001,-0.04012929741475091,0.3133489489555359,0.005811817,23592,-0.005115609215863515,0.2,3.4807740695541725,-32.81146944999695,0.671055793762207,0.022705078125
631.0,2064,1510912,45.0,0,1,0.0001,-0.0334712190197024,0.38098421692848206,0.024867197,23600,-0.007871252546465257,0.2,2.1574586545466445,-32.919678341746334,0.49924635887145996,0.02490234375
629.5,2091,1511424,45.0,0,1,0.0001,-0.03062956922349258,0.5717779397964478,0.012521635,23608,-0.009988697704102378,0.2,7.669339171145111,-33.413651674240825,0.6091750860214233,0.02490234375
562.0,2452,1511936,45.0,0,1,0.0001,-0.028220257704560936,0.8136351704597473,0.0073307874,23616,-0.007968618110680836,0.2,13.531355656683445,-34.10306056797504,0.6148397326469421,0.01904296875
554.0,2149,1512448,45.0,0,1,0.0001,-0.020206809110732138,0.03328227251768112,0.043476485,23624,-0.00481570212286897,0.2,2.4895855309150647,-34.371271857470276,0.3355068564414978,0.015380859375
561.5,2054,1512960,45.0,0,1,0.0001,-0.027603928420376178,0.6470097899436951,0.007976279,23632,-0.008089670511253644,0.2,4.120395206962712,-34.145596483051776,0.41354262828826904,0.021484375
629.5,2027,1513472,45.0,0,1,0.0001,-0.033838002620541374,0.6839515566825867,0.00526586,23640,-0.009077844941202784,0.2,3.894886441528797,-33.133791113048794,0.2963225245475769,0.021240234375
624.5,2288,1513984,45.0,0,1,0.0001,-0.018392511969523184,0.223704993724823,0.010518809,23648,-0.004854590224567801,0.2,2.5786846169503406,-32.67146839007735,0.47486263513565063,0.014404296875
591.5,2042,1514496,45.0,0,1,0.0001,-0.024598727229204087,0.07789033651351929,0.01673286,23656,-0.00792641253428883,0.2,1.88645641785115,-32.662092934399844,0.5138784945011139,0.016845703125
589.5,2209,1515008,45.0,0,1,0.0001,-0.019938440386340517,0.261464923620224,0.002511263,23664,-0.004215095788822509,0.2,2.9582573242951185,-32.64635070368647,0.47158849239349365,0.01220703125
580.5,2088,1515520,45.0,0,1,0.0001,-0.03289163896533864,0.03440292924642563,0.015964907,23672,-0.010097371487063356,0.2,1.9490292784175836,-32.89753391459584,0.7362140417098999,0.021728515625
566.0,2279,1516032,45.0,0,1,0.0001,-0.022493841492178035,0.2706153094768524,0.0037076017,23680,-0.005287356976623414,0.2,2.733279521926306,-32.381295142024754,0.7793681621551514,0.013427734375
630.0,2115,1516544,45.0,0,1,0.0001,-0.018370831471656857,0.08892975002527237,0.0036018952,23688,-0.004143686153838644,0.2,1.6245667035982478,-31.82197409451008,0.7941671758890152,0.01171875
704.5,2033,1517056,45.0,0,1,0.0001,-0.024777167468528205,0.3688458800315857,0.0025523729,23696,-0.004736547238280764,0.2,2.3693100603995845,-31.293319917917252,0.47695064544677734,0.010498046875
681.5,2217,1517568,45.0,0,1,0.0001,-0.028582261906194617,0.35102158784866333,0.009065507,23704,-0.005135384191817138,0.2,3.4713423016946763,-31.122604994773866,0.5358569622039795,0.01513671875
604.0,2210,1518080,45.0,0,1,0.0001,-0.0231410748547205,0.4695449769496918,0.0051024803,23712,-0.005319923231127177,0.2,2.3678444309625775,-31.636205093711613,0.5033681094646454,0.01123046875
679.0,2072,1518592,45.0,0,1,0.0001,-0.0167849428307818,0.15361180901527405,0.0012979198,23720,-0.0026876211504713865,0.2,2.0416452419012785,-31.92483806088567,0.6976621448993683,0.01025390625
725.0,1916,1519104,45.0,0,1,0.0001,-0.03238705969306466,0.2152009755373001,0.0062602237,23728,-0.0060073967433709186,0.2,3.1242198628606275,-32.08280576840043,0.41209274530410767,0.017822265625
787.0,1497,1519616,45.0,0,1,0.0001,-0.0236997222627906,0.1706041544675827,0.0013506606,23736,-0.002208879704994615,0.2,3.2643018105300143,-32.16169779807329,0.5272942781448364,0.005859375
823.0,1981,1520128,45.0,0,1,0.0001,-0.03978868153717485,2.3897926807403564,0.007820705,23744,-0.007787771530274767,0.2,6.885473744012415,-31.881244946718216,0.39729517698287964,0.02587890625
835.5,2260,1520640,45.0,0,1,0.0001,-0.024072098261967767,0.8840944766998291,0.0019120857,23752,-0.0023841941147111356,0.2,5.475766945630312,-32.5481941126287,0.6441455483436584,0.01171875
848.5,2033,1521152,45.0,0,1,0.0001,-0.021170600576624565,0.48095759749412537,0.005599525,23760,-0.005805726417747792,0.2,2.479732773732394,-32.998218238949775,0.7839123606681824,0.01513671875
852.5,2089,1521664,45.0,0,1,0.0001,-0.02406008915113489,1.9644193649291992,0.007017415,23768,-0.008477165902149864,0.2,10.99771027220413,-33.692065872699025,0.6560852825641632,0.016357421875
864.0,1932,1522176,45.0,0,1,0.0001,-0.0300760119316692,0.15565499663352966,0.004649215,23776,-0.005494984485267196,0.2,4.112594052683562,-34.0642942866683,0.4975958466529846,0.01806640625
875.5,2099,1522688,45.0,0,1,0.0001,-0.02247128006274579,0.13927066326141357,0.0055297264,23784,-0.006871341269288678,0.2,2.763086460181512,-33.52710913345218,0.6687171459197998,0.0146484375
888.0,1985,1523200,45.0,0,1,0.0001,-0.029821364645613357,0.28384929895401,0.018898427,23792,-0.007277739561686758,0.2,3.4927315961103886,-32.895356470495464,0.3461320996284485,0.017822265625
891.0,1909,1523712,45.0,0,1,0.0001,-0.01881526181659865,0.7520505785942078,0.001602752,23800,-0.0035942707982030697,0.2,3.6657943258760497,-31.988700277656317,0.32264959812164307,0.00732421875
884.0,2039,1524224,45.0,0,1,0.0001,-0.02808201626612572,0.34224680066108704,0.0017484359,23808,-0.004717636562418193,0.2,3.8004713596310467,-31.93270487129688,0.4963860511779785,0.015869140625
870.0,1608,1524736,45.0,0,1,0.0001,-0.02812298289336468,0.3748933970928192,0.0030227234,23816,-0.005051398293289822,0.2,2.787087882985361,-32.11300472646952,0.5746043622493744,0.016357421875
883.5,2221,1525248,45.0,0,1,0.0001,-0.024949081883733015,0.22034715116024017,0.005754573,23824,-0.003302063312730752,0.2,2.1831036428920925,-31.98025592684746,0.799829512834549,0.015380859375
886.5,2023,1525760,45.0,0,1,0.0001,-0.01705663456050388,0.16905011236667633,0.005521303,23832,-0.003843118862278061,0.2,1.559526406461373,-31.856330465003847,0.7875049859285355,0.0107421875
896.0,1945,1526272,45.0,0,1,0.0001,-0.026203994757452165,0.34106236696243286,0.012439163,23840,-0.004380089572805446,0.2,3.581168668810278,-30.655844052359463,0.6275904476642609,0.01513671875
907.0,2211,1526784,45.0,0,1,0.0001,-0.03598914136819076,0.3390692174434662,0.0058832765,23848,-0.005417477386799874,0.2,2.6643062562216073,-30.217949992492795,0.5155146420001984,0.016845703125
909.0,2045,1527296,45.0,0,1,0.0001,-0.025274473757235683,0.1582905501127243,0.01713124,23856,-0.006295758501437376,0.2,1.0583576462522615,-30.20115219630301,0.8241159468889236,0.02294921875
863.5,1869,1527808,45.0,0,1,0.0001,-0.021851791467270232,0.03973037376999855,0.009777643,23864,-0.00498463963958784,0.2,1.1090560009179171,-30.3424076063931,0.5546151995658875,0.0126953125
874.0,1776,1528320,45.0,0,1,0.0001,-0.03632659864160814,1.0314183235168457,0.0035924555,23872,-0.005394168852944858,0.2,5.830812475178391,-30.765510067492723,0.5109087228775024,0.0146484375
871.5,2054,1528832,45.0,0,1,0.0001,-0.047318595861725044,1.6040593385696411,0.0045485105,23880,-0.008122027316858293,0.2,10.563276939559728,-31.5603371822834,0.5288727283477783,0.024658203125
860.5,2047,1529344,45.0,0,1,0.0001,-0.03142510237375973,0.20396697521209717,0.0038936741,23888,-0.00465243992221076,0.2,3.2988467518007383,-32.306683697104454,0.6757726669311523,0.01123046875
844.5,2395,1529856,45.0,0,1,0.0001,-0.03688990813316195,0.1517874300479889,0.007498661,23896,-0.0057315024168929085,0.2,3.1185776074416935,-32.66398118197918,0.8609657287597656,0.022705078125
850.0,1571,1530368,45.0,0,1,0.0001,-0.019663180069983355,0.048661813139915466,0.0036556108,23904,-0.004655576347431634,0.2,2.417332398938015,-32.87099853463471,0.7052448689937592,0.00732421875
869.5,1853,1530880,45.0,0,1,0.0001,-0.03516402504283178,0.1031491756439209,0.008904918,23912,-0.010196416602411773,0.2,2.9938273301522713,-33.331778594329954,0.7447592318058014,0.0244140625
849.0,2435,1531392,45.0,0,1,0.0001,-0.05271973297567456,0.18906007707118988,0.020836962,23920,-0.00885862563882256,0.2,2.4945749085163698,-33.798152698352936,0.5053188800811768,0.030029296875
826.0,2310,1531904,45.0,0,1,0.0001,-0.051803463386022486,2.2576494216918945,0.007377007,23928,-0.006070990188163705,0.2,4.329402231378481,-34.22266246505082,0.7265181839466095,0.016357421875
869.0,1821,1532416,45.0,0,1,0.0001,-0.311694341187831,0.0889957919716835,0.07477794,23936,-0.015941047046908352,0.2,2.065188668202609,-34.491728568971155,0.5782588124275208,0.338623046875
783.0,2140,1532928,45.0,0,1,0.0001,-0.247376489918679,31.663026809692383,0.0054769637,23944,-0.015519894652243238,0.2,77.07850450277328,-37.01952485948801,0.12831944227218628,0.09716796875
705.0,2306,1533440,45.0,0,1,0.0001,-0.32455167442094535,9.142423629760742,0.019542634,23952,-0.016716714191716164,0.2,71.60104043781757,-41.023266182541846,0.29213011264801025,0.14697265625
710.0,2102,1533952,45.0,0,1,0.0001,-0.2674671901622787,27.7320556640625,0.06906827,23960,-0.02468499797396362,0.2,85.29358553886414,-45.39016658335924,-0.25366926193237305,0.201416015625
725.5,2270,1534464,45.0,0,1,0.0001,-0.09853184796520509,8.702540397644043,0.058823083,23968,-0.016643464332446456,0.2,18.536195904016495,-46.64446761593223,-0.17709875106811523,0.053955078125
676.5,2073,1534976,45.0,0,1,0.0001,-0.045927161278086714,3.1669857501983643,0.015623435,23976,-0.010275408563757082,0.2,8.194365665316582,-47.645596321523186,0.3315885066986084,0.02587890625
648.0,2173,1535488,45.0,0,1,0.0001,-0.045372700260486454,0.615580141544342,0.0039692167,23984,-0.0046195070281100925,0.2,5.273118742275983,-48.25198898524046,0.5372576415538788,0.013427734375
677.0,2172,1536000,45.0,0,1,0.0001,-0.046365898808289785,0.5189274549484253,0.0031840473,23992,-0.006675451797491405,0.2,3.763252997305244,-48.85653877839446,0.4915478825569153,0.016845703125
