raw/gen/rollout/ep_rew_mean,raw/gen/time/total_timesteps,raw/gen/time/fps,raw/gen/rollout/ep_len_mean,raw/gen/time/iterations,raw/gen/time/time_elapsed,raw/gen/train/entropy_loss,raw/gen/train/value_loss,raw/gen/train/clip_fraction,raw/gen/train/approx_kl,raw/gen/train/learning_rate,raw/gen/train/explained_variance,raw/gen/train/loss,raw/gen/train/clip_range,raw/gen/train/policy_gradient_loss,raw/gen/train/n_updates,raw/gen/rollout/ep_rew_wrapped_mean
-500.0,512,1865,45.0,1,0,,,,,,,,,,,
-481.81817626953125,1024,1696,45.0,1,0,-1.6072845328599215,0.008211123902583495,0.02392578125,0.005293087,0.0001,-6.4486918449401855,-0.04034287855029106,0.2,-0.013715707740630023,8,-0.40470545095476235
-414.70587158203125,1536,1946,45.0,1,0,-1.5990865230560303,0.016113649173348676,0.0478515625,0.012007695,0.0001,-0.4126652479171753,-0.06177457422018051,0.2,-0.01626438358653104,16,-0.9010062462396242
-384.4444580078125,2048,1774,45.0,1,0,-1.5871271584182978,0.04946657764958218,0.066650390625,0.011469172,0.0001,0.2607828378677368,-0.0468587763607502,0.2,-0.020969429322576616,24,-1.4822806953726446
-451.78570556640625,2560,1990,45.0,1,0,-1.5892151603475213,0.09120025429001544,0.07666015625,0.011616496,0.0001,0.4011511206626892,-0.034327324479818344,0.2,-0.022403904680686537,32,-2.0873512156307696
-423.5294189453125,3072,2094,45.0,1,0,-1.5727803343906999,0.13447950867703184,0.045654296875,0.010263372,0.0001,0.6068776845932007,0.016026508063077927,0.2,-0.014958040315832477,40,-2.63174475762727
-449.3670959472656,3584,1574,45.0,1,0,-1.552066145464778,0.20605178317055106,0.067138671875,0.009699188,0.0001,0.6229462921619415,-0.005180232226848602,0.2,-0.014654908314696513,48,-3.2351466811207286
-450.5494384765625,4096,2412,45.0,1,0,-1.5273388922214508,0.34021248249337077,0.071533203125,0.010212199,0.0001,0.5790323615074158,0.09369631111621857,0.2,-0.013438709269394167,56,-3.8425864668303653
-475.0,4608,2218,45.0,1,0,-1.5048039434477687,0.4179567836690694,0.008544921875,0.008336885,0.0001,0.6031299531459808,0.1319054216146469,0.2,-0.007288336913916282,64,-4.517406259141453
-483.5,5120,2184,45.0,1,0,-1.5077561065554619,0.613976844237186,0.07958984375,0.008155254,0.0001,0.6009455919265747,0.13313251733779907,0.2,-0.023043974055326544,72,-5.346291353460401
-485.5,5632,2570,45.0,1,0,-1.498733676970005,0.8390359976328909,0.07763671875,0.012991432,0.0001,0.6250626742839813,0.12553241848945618,0.2,-0.014638406959420536,80,-6.768737147189677
-492.5,6144,2651,45.0,1,0,-1.4674861123785377,1.238958789035678,0.022705078125,0.006748738,0.0001,0.5056931972503662,0.3882097601890564,0.2,-0.006703070263029076,88,-8.31647917661816
-518.0,6656,2450,45.0,1,0,-1.4259969228878617,1.5923830994870514,0.123291015625,0.014074923,0.0001,0.5811746716499329,0.26865923404693604,0.2,-0.011876454373123124,96,-9.908860873878002
-519.5,7168,2342,45.0,1,0,-1.4177603032439947,2.7020853562280536,0.0478515625,0.009194839,0.0001,0.6677272021770477,0.41446205973625183,0.2,-0.010427511495436192,104,-11.768652663230895
-530.5,7680,2794,45.0,1,0,-1.4243127824738622,3.6044577546417713,0.02685546875,0.004178214,0.0001,0.6833465099334717,0.8326489329338074,0.2,-0.007534116077295039,112,-14.078983264416456
-542.0,8192,2528,45.0,1,0,-1.401381392031908,3.601608575321734,0.023193359375,0.013166405,0.0001,0.3929922580718994,1.0560563802719116,0.2,-0.006928632989001926,120,-16.304458605498077
-554.0,8704,2761,45.0,1,0,-1.365048224106431,7.710328351706266,0.016845703125,0.0068876464,0.0001,0.5565594136714935,1.580819010734558,0.2,-0.00841111294721486,128,-19.086047291755676
-554.0,9216,2833,45.0,1,0,-1.3404622236266732,9.541126180440187,0.005615234375,0.0038060097,0.0001,0.4407147765159607,2.479581594467163,0.2,-0.003940993097785395,136,-21.91248376503587
-564.0,9728,2815,45.0,1,0,-1.3187536913901567,13.643750913441181,0.00048828125,0.0015824857,0.0001,0.28823375701904297,2.2060627937316895,0.2,-0.0020465476482058875,144,-24.93948939025402
-564.0,10240,2864,45.0,1,0,-1.3005201388150454,27.09214400500059,0.0,0.00026113912,0.0001,0.07726889848709106,7.3274617195129395,0.2,-0.0004801886389032006,152,-28.635446804463864
-571.5,10752,2557,45.0,1,0,-1.3294850587844849,34.859314039349556,0.0,0.00019129424,0.0001,0.02799159288406372,9.118356704711914,0.2,-0.0011315799565636553,160,-32.31535151749849
-564.0,11264,2151,45.0,1,0,-1.3206909382715821,48.93404370546341,0.0,9.504997e-05,0.0001,0.019696474075317383,13.546602249145508,0.2,-0.0006301884859567508,168,-36.2766193023324
-558.5,11776,2365,45.0,1,0,-1.3122426010668278,62.42031693458557,0.0,6.5198634e-05,0.0001,0.005714058876037598,16.672687530517578,0.2,-0.000756850957259303,176,-40.71193319648504
-558.0,12288,2314,45.0,1,0,-1.312839437276125,76.41767144203186,0.0,0.000116360374,0.0001,0.004618167877197266,26.190311431884766,0.2,-0.0011784763846662827,184,-44.87105353266001
-549.5,12800,2602,45.0,1,0,-1.3098748046904802,93.79387870430946,0.0,0.00018172595,0.0001,0.0014386773109436035,33.948238372802734,0.2,-0.0012966158974450082,192,-49.76516837775707
-542.5,13312,2748,45.0,1,0,-1.3216168405488133,117.62880152463913,0.0,2.7022092e-05,0.0001,0.0025997161865234375,48.263710021972656,0.2,-0.00037491742841666564,200,-54.35284766077995
-545.0,13824,2718,45.0,1,0,-1.3131148433312774,133.58747518062592,0.0,7.3030824e-06,0.0001,0.0018044710159301758,42.40447235107422,0.2,-9.951142601494212e-05,208,-58.83433786332607
-545.0,14336,2856,45.0,1,0,-1.3166797822341323,155.91427248716354,0.0,0.00010830478,0.0001,0.0010981559753417969,59.538909912109375,0.2,-0.0009714334009913728,216,-63.846067150831225
-545.0,14848,2881,45.0,1,0,-1.338269829750061,169.54587841033936,0.0,6.175169e-05,0.0001,0.0007790327072143555,62.99985885620117,0.2,-0.0004973916511517018,224,-68.24705427408219
-551.0,15360,2408,45.0,1,0,-1.327724989503622,193.20770025253296,0.0,1.9146479e-05,0.0001,0.0006480813026428223,78.63726806640625,0.2,-0.00029988882852194365,232,-72.62997166037559
-531.0,15872,2776,45.0,1,0,-1.331202145665884,182.75297808647156,0.0,3.9606006e-05,0.0001,0.00018417835235595703,70.43920135498047,0.2,-0.0003333376153022982,240,-76.46515719473362
-544.0,16384,2829,45.0,1,0,-1.3256291588768363,200.47333651781082,0.0,0.00015424413,0.0001,0.0002353191375732422,85.3379135131836,0.2,-0.0011291890914435498,248,-79.99277573168278
-540.5,16896,2728,45.0,1,0,-1.3217547135427594,207.54831057786942,0.0,9.28503e-05,0.0001,0.00013196468353271484,80.41187286376953,0.2,-0.000811201683973195,256,-83.5794937211275
-543.5,17408,2684,45.0,1,0,-1.3415491906926036,206.33419334888458,0.0,0.00015869271,0.0001,0.00010448694229125977,79.4190673828125,0.2,-0.001137741892307531,264,-86.26896038502454
-542.0,17920,2835,45.0,1,0,-1.3324822532013059,193.17202085256577,0.0,4.6650413e-05,0.0001,-0.0002677440643310547,68.78593444824219,0.2,-0.0007189719763118774,272,-88.3604877063632
-542.0,18432,2824,45.0,1,0,-1.317737651988864,196.74041724205017,0.0,0.00021861563,0.0001,-4.076957702636719e-05,72.42991638183594,0.2,-0.000987214589258656,280,-90.36888468772173
-542.0,18944,2702,45.0,1,0,-1.3096596421673894,206.22694742679596,0.0,0.00042384164,0.0001,0.00010800361633300781,98.14389038085938,0.2,-0.0016384923073928803,288,-91.91452382206917
-536.5,19456,2663,45.0,1,0,-1.2998977908864617,189.4427000284195,0.0,0.000898891,0.0001,0.00011211633682250977,79.38032531738281,0.2,-0.0036333837924757972,296,-93.25414812520147
-524.0,19968,2857,45.0,1,0,-1.3087533758953214,176.49784570932388,0.0,0.00016681931,0.0001,-8.094310760498047e-05,71.08561706542969,0.2,-0.0009627717299736105,304,-94.0240810829401
-544.0,20480,2604,45.0,1,0,-1.2809946648776531,168.03722393512726,0.0,0.0017169013,0.0001,-6.115436553955078e-05,60.20754623413086,0.2,-0.004853338861721568,312,-94.75007218522951
-542.0,20992,2580,45.0,1,0,-1.2430603271350265,146.75390088558197,0.0,0.0010549299,0.0001,-0.00020253658294677734,58.149375915527344,0.2,-0.0040570379424025305,320,-94.6879221834056
-540.5,21504,2680,45.0,1,0,-1.2208707183599472,154.83644759655,0.0,0.002069645,0.0001,-4.9114227294921875e-05,55.241336822509766,0.2,-0.004550750105408952,328,-94.97560111522326
-556.0,22016,2874,45.0,1,0,-1.1602687891572714,128.7180834710598,0.0,0.006660007,0.0001,-4.6133995056152344e-05,24.449485778808594,0.2,-0.011767972959205508,336,-95.13113015590818
-549.5,22528,2834,45.0,1,0,-1.0473663210868835,109.77904683351517,0.0,0.0030582547,0.0001,-4.112720489501953e-05,31.10000228881836,0.2,-0.005017498529923614,344,-94.87427369236597
-548.0,23040,2606,45.0,1,0,-0.9319879417307675,86.72010090947151,0.056396484375,0.008824473,0.0001,-0.00010025501251220703,24.50395393371582,0.2,-0.015921614693070296,352,-93.9957662896032
-548.0,23552,2786,45.0,1,0,-0.8458994603715837,64.37223270535469,0.02294921875,0.005296582,0.0001,-0.00017178058624267578,22.155792236328125,0.2,-0.00836108399744262,360,-92.3061230896681
-548.0,24064,2727,45.0,1,0,-0.769747348036617,40.134621277451515,0.04638671875,0.003951992,0.0001,-0.0001748800277709961,13.425989151000977,0.2,-0.012635880215384532,368,-90.241029013925
-555.0,24576,2269,45.0,1,0,-0.7138391770422459,22.06560054793954,0.0712890625,0.0050506117,0.0001,-0.00025916099548339844,11.845571517944336,0.2,-0.019280040622106753,376,-88.00158877712558
-547.0,25088,2342,45.0,1,0,-0.612015264807269,14.970223151147366,0.062255859375,0.0076945764,0.0001,-0.0002897977828979492,6.50521993637085,0.2,-0.019004799873073353,384,-85.13746615590411
-547.0,25600,2812,45.0,1,0,-0.5398596017621458,18.931591644883156,0.1123046875,0.009701525,0.0001,-0.00033283233642578125,5.286190032958984,0.2,-0.023124705359805375,392,-81.35119100405952
-547.0,26112,2715,45.0,1,0,-0.4253109989222139,6.287152264267206,0.07275390625,0.008195623,0.0001,-0.00023984909057617188,2.318875789642334,0.2,-0.01632234812132083,400,-77.68349450277863
-538.5,26624,2585,45.0,1,0,-0.4001089073717594,5.093560505658388,0.08544921875,0.006012011,0.0001,-0.0002295970916748047,2.6047849655151367,0.2,-0.02280295911623398,408,-73.70396167081547
-545.0,27136,2914,45.0,1,0,-0.36688637209590524,21.047391005791724,0.014892578125,0.002803353,0.0001,-0.00015676021575927734,20.99953842163086,0.2,-0.00486164780886611,416,-69.17186011981917
-546.5,27648,2723,45.0,1,0,-0.2316012397641316,5.882576351054013,0.029052734375,0.004334446,0.0001,-6.16312026977539e-05,1.8522751331329346,0.2,-0.012714865573798306,424,-64.397369626218
-546.5,28160,2929,45.0,1,0,-0.2757267390843481,9.02147194929421,0.016357421875,0.00294891,0.0001,-0.000141143798828125,3.531778335571289,0.2,-0.004014523568912409,432,-60.24345712587703
-547.0,28672,2479,45.0,1,0,-0.17539556988049299,6.170787004753947,0.031005859375,0.0057935375,0.0001,3.0040740966796875e-05,1.2809385061264038,0.2,-0.0098347219027346,440,-56.92453967831563
-547.0,29184,2795,45.0,1,0,-0.2771345709916204,12.493510223925114,0.018798828125,0.005804768,0.0001,3.5703182220458984e-05,3.5245141983032227,0.2,-0.00657886007684283,448,-53.49646412121598
-554.5,29696,2587,45.0,1,0,-0.19495924416696653,10.606648260727525,0.02099609375,0.0039921366,0.0001,7.092952728271484e-05,2.93304443359375,0.2,-0.0035571061380323954,456,-50.66880444217706
-554.5,30208,2644,45.0,1,0,-0.26010096771642566,11.679835718125105,0.03173828125,0.016937353,0.0001,9.131431579589844e-05,2.2397687435150146,0.2,-0.006650008559518028,464,-48.97626754111378
-554.5,30720,1821,45.0,1,0,-0.23620645207120106,17.94055184163153,0.021484375,0.0041076182,0.0001,6.556510925292969e-05,8.661938667297363,0.2,-0.007378646878350992,472,-46.765950662824324
-556.0,31232,2740,45.0,1,0,-0.31018779368605465,13.2225586399436,0.044677734375,0.009414948,0.0001,0.00014388561248779297,10.232198715209961,0.2,-0.015304094995371997,480,-45.12518886255566
-556.0,31744,2787,45.0,1,0,-0.15192193057737313,12.400662953034043,0.01513671875,0.003704301,0.0001,0.0001564621925354004,3.5475285053253174,0.2,-0.006851392266980838,488,-44.696847535655834
-556.0,32256,2506,45.0,1,0,-0.14916702086338773,8.899124195799232,0.037353515625,0.011499095,0.0001,0.00042682886123657227,3.3828506469726562,0.2,-0.013328379733138718,496,-43.89003133406397
-554.0,32768,2563,45.0,1,0,-0.19448459491832182,25.25709817558527,0.048583984375,0.0068405317,0.0001,0.000581204891204834,16.91602897644043,0.2,-0.014507063235214446,504,-44.22898347891402
-565.5,33280,2341,45.0,1,0,-0.1788900456740521,7.301424600183964,0.0302734375,0.004523483,0.0001,0.29228127002716064,1.277162790298462,0.2,-0.013588207075372338,512,-44.897985488423146
-565.5,33792,2395,45.0,1,0,-0.3082925275666639,21.113514587283134,0.03857421875,0.004419707,0.0001,0.42531275749206543,15.193305015563965,0.2,-0.013444585601973813,520,-46.19060279010795
-568.0,34304,2651,45.0,1,0,-0.2572475977358408,24.56154708378017,0.04931640625,0.005574955,0.0001,0.495374858379364,16.045751571655273,0.2,-0.015769933466799557,528,-47.92885591206606
-568.0,34816,2573,45.0,1,0,-0.1769522534304997,9.252673245500773,0.02490234375,0.004451201,0.0001,0.5387347340583801,3.1045289039611816,0.2,-0.013146992678230163,536,-48.868345915121026
-566.5,35328,2625,45.0,1,0,-0.3062607019674033,25.378357894718647,0.071044921875,0.0075869896,0.0001,0.6174589693546295,9.537856101989746,0.2,-0.024991177997435443,544,-50.60189464374911
-565.0,35840,2890,45.0,1,0,-0.19626336882356554,9.638136679772288,0.027587890625,0.0046077324,0.0001,0.6929921507835388,1.1343328952789307,0.2,-0.014891618709953036,552,-51.355219409908166
-565.0,36352,2453,45.0,1,0,-0.1395620173716452,5.941871989984065,0.032470703125,0.009880068,0.0001,0.38943713903427124,1.4711230993270874,0.2,-0.012020075962936971,560,-51.278401737487876
-563.0,36864,2516,45.0,1,0,-0.16420508598093875,15.172093848697841,0.025390625,0.0041502877,0.0001,0.2896658778190613,2.395883321762085,0.2,-0.011984898788796272,568,-50.2616353682382
-565.0,37376,2817,45.0,1,0,-0.19077203018241562,10.930093459784985,0.0361328125,0.004409047,0.0001,0.1005200743675232,4.250931739807129,0.2,-0.016746069784858264,576,-49.73055531445425
-560.5,37888,1936,45.0,1,0,-0.1432069833681453,9.372732997639105,0.016357421875,0.0022836856,0.0001,0.611505925655365,2.3046131134033203,0.2,-0.007260890713951085,584,-49.20172752525192
-523.5,38400,2134,45.0,1,0,-0.4226862224750221,14.69353019632399,0.095458984375,0.010816652,0.0001,0.38682448863983154,2.8352835178375244,0.2,-0.020728518065880053,592,-48.96827508482616
-523.5,38912,2625,45.0,1,0,-0.2925453513744287,14.599226798862219,0.046875,0.0035499346,0.0001,0.38796043395996094,7.401422023773193,0.2,-0.014638035048847087,600,-47.450232182918114
-493.5,39424,2625,45.0,1,0,-0.18682723928941414,57.48194061592221,0.0166015625,0.002614155,0.0001,0.2537778615951538,4.101456642150879,0.2,-0.008529335220373468,608,-47.22110726590268
-496.5,39936,2752,45.0,1,0,-0.22283349285135046,25.054798094555736,0.032470703125,0.00354889,0.0001,-2.267179012298584,2.7429018020629883,0.2,-0.013767321943305433,616,-45.07068285934627
-503.5,40448,3048,45.0,1,0,-0.1252743542427197,3.357146334135905,0.031982421875,0.0051471107,0.0001,0.5073742568492889,1.538253664970398,0.2,-0.01270180918800179,624,-44.89921295590699
-497.0,40960,2601,45.0,1,0,-0.057490387127472786,1.7460820473497733,0.01416015625,0.0046076304,0.0001,0.5298743546009064,0.532357931137085,0.2,-0.008709175519470591,632,-45.089540247600524
-495.0,41472,1820,45.0,1,0,-0.1332319291541353,4.3316913191229105,0.056884765625,0.00781635,0.0001,0.5923919379711151,0.20693343877792358,0.2,-0.01746724972326774,640,-45.97181004179642
-485.5,41984,2365,45.0,1,0,-0.1309751691587735,5.685626819147728,0.042236328125,0.010590494,0.0001,0.19964730739593506,1.6426827907562256,0.2,-0.009185708269797033,648,-45.95969675138593
-474.0,42496,2393,45.0,1,0,-0.15601741505088285,8.132563448511064,0.0263671875,0.0038566873,0.0001,-0.11511766910552979,1.9713807106018066,0.2,-0.0078020314540481195,656,-45.1275877895765
-463.5,43008,2417,45.0,1,0,-0.15581169034703635,5.0762419768143445,0.030029296875,0.0037773184,0.0001,-0.9091585874557495,0.16249078512191772,0.2,-0.007184114114352269,664,-43.64842661369592
-476.5,43520,2711,45.0,1,0,-0.20386605127714574,5.8883909890428185,0.0419921875,0.006162648,0.0001,0.01256251335144043,1.902023196220398,0.2,-0.009806459947867552,672,-42.881418479476125
-465.5,44032,2530,45.0,1,0,-0.12905438119196333,2.161030733201187,0.045166015625,0.0041946345,0.0001,-0.08176887035369873,1.3248847723007202,0.2,-0.016056793770985678,680,-43.11215246602893
-449.5,44544,2712,45.0,1,0,-0.17465691472170874,12.239264039555565,0.0595703125,0.0077184034,0.0001,0.16042596101760864,7.950788974761963,0.2,-0.012279278547794092,688,-41.80515548550524
-449.5,45056,2941,45.0,1,0,-0.11912349131307565,11.243556207511574,0.013427734375,0.0022288342,0.0001,0.44634944200515747,1.5391653776168823,0.2,-0.0064966950012603775,696,-41.142245751759035
-428.5,45568,2709,45.0,1,0,-0.08799700461531756,3.184931512689218,0.030517578125,0.005499392,0.0001,-0.39269816875457764,0.7504743933677673,0.2,-0.010834460896148812,704,-41.96336428551003
-426.5,46080,2807,45.0,1,0,-0.12238760926993564,3.6612171540036798,0.03466796875,0.005375093,0.0001,0.5148240029811859,2.1010518074035645,0.2,-0.010176252289966214,712,-41.78094836937264
-446.5,46592,2588,45.0,1,0,-0.0778899431679747,2.653576530283317,0.01708984375,0.0018795282,0.0001,0.36456429958343506,0.07501339912414551,0.2,-0.010213062705588527,720,-42.2506939682737
-438.5,47104,2641,45.0,1,0,-0.11282597997342236,7.137487043393776,0.018310546875,0.0021672281,0.0001,0.22046726942062378,0.7562664151191711,0.2,-0.004056192075950094,728,-42.85024286525324
-433.5,47616,2381,45.0,1,0,-0.07470204135097447,2.254528519253654,0.023681640625,0.0017444714,0.0001,-0.04197990894317627,0.05926467105746269,0.2,-0.009552760464430321,736,-43.05957050377503
-427.0,48128,2929,45.0,1,0,-0.07388425353565253,6.448371893260628,0.02392578125,0.0014697169,0.0001,0.24535173177719116,1.1675336360931396,0.2,-0.007930278974527027,744,-42.44257662501186
-412.0,48640,2507,45.0,1,0,-0.06027982325031189,1.5724144917912781,0.031982421875,0.011350165,0.0001,0.001511693000793457,0.08100514113903046,0.2,-0.0166282331047114,752,-42.19088157961145
-427.0,49152,2812,45.0,1,0,-0.14471002825303003,7.5903986629564315,0.061279296875,0.0046128402,0.0001,0.08270573616027832,5.221857070922852,0.2,-0.0130030801956309,760,-42.00377413283102
-420.0,49664,2841,45.0,1,0,-0.08771362295374274,3.5852647182764485,0.07177734375,0.012461601,0.0001,0.3414965271949768,0.2054707556962967,0.2,-0.02566023343570123,768,-42.61463927255944
-417.5,50176,2791,45.0,1,0,-0.07008908787247492,5.794389855407644,0.02197265625,0.002434277,0.0001,0.4455922842025757,1.95063054561615,0.2,-0.008889983473636676,776,-41.83069669207558
-414.5,50688,2824,45.0,1,0,-0.059448576597787905,2.8288965288957115,0.02490234375,0.003185804,0.0001,0.20583242177963257,0.18808764219284058,0.2,-0.009627739687857684,784,-40.99160354016349
-430.0,51200,2588,45.0,1,0,-0.05230096476225299,0.9929018773545977,0.0205078125,0.0044397954,0.0001,0.4281846880912781,0.03801771625876427,0.2,-0.009002145483464119,792,-40.36299335723743
-409.5,51712,2433,45.0,1,0,-0.04937330586835742,0.8507386847486487,0.0146484375,0.0010178352,0.0001,0.4052833914756775,0.5113742351531982,0.2,-0.005250412115856307,800,-40.13257410267368
-395.0,52224,2510,45.0,1,0,-0.060396617962396704,13.527277671964839,0.007568359375,0.0010228637,0.0001,0.23227787017822266,1.79668128490448,0.2,-0.0036050595190317836,808,-39.91276189947501
-399.5,52736,2783,45.0,1,0,-0.060884920094395056,16.24786184448749,0.010009765625,0.0010790935,0.0001,0.42529726028442383,9.214855194091797,0.2,-0.0040523243878851645,816,-39.9683518103091
-391.0,53248,2541,45.0,1,0,-0.054047644465754274,3.2725615246163215,0.0224609375,0.007917083,0.0001,-1.4469246864318848,0.2543623149394989,0.2,-0.012867877841927111,824,-40.38840816290583
-381.0,53760,2646,45.0,1,0,-0.13396610374911688,7.7786954417824745,0.023681640625,0.0026442588,0.0001,0.3552737832069397,2.2665836811065674,0.2,-0.006970457645365968,832,-41.01750275529455
-398.0,54272,1845,45.0,1,0,-0.11391688471485395,2.7094057273934595,0.056884765625,0.016621001,0.0001,-0.004152178764343262,1.5346366167068481,0.2,-0.007798499056661967,840,-41.48309543925803
-411.5,54784,2761,45.0,1,0,-0.12486162727873307,3.9709123095381074,0.053466796875,0.0067370543,0.0001,0.463140070438385,1.1790302991867065,0.2,-0.019498235938954167,848,-42.11345480821561
-413.0,55296,2752,45.0,1,0,-0.11086979523679474,3.4321571630134713,0.029541015625,0.0040025115,0.0001,0.3847041130065918,0.13024334609508514,0.2,-0.010551010760536883,856,-42.312865653778424
-429.0,55808,2663,45.0,1,0,-0.0857916749373544,1.4733909330097958,0.03857421875,0.0060694106,0.0001,0.1911526918411255,0.16608236730098724,0.2,-0.01595220396120567,864,-42.58726193874609
-428.0,56320,2617,45.0,1,0,-0.12284688245563302,2.2687717200024053,0.046875,0.006135825,0.0001,-0.6331760883331299,0.2477668970823288,0.2,-0.018897036195994588,872,-42.86791577450465
-452.0,56832,2717,45.0,1,0,-0.16695624275598675,8.009674411499873,0.0361328125,0.005010447,0.0001,0.38122862577438354,2.3831350803375244,0.2,-0.013598098143120296,880,-43.032101384191776
-460.5,57344,2683,45.0,1,0,-0.12665225547971204,6.346657304733526,0.039794921875,0.001647714,0.0001,0.3392038941383362,2.875016689300537,0.2,-0.007891350265708752,888,-43.20954083550721
-476.5,57856,2874,45.0,1,0,-0.11359011169406585,4.829834693111479,0.039794921875,0.00255363,0.0001,-0.058917880058288574,1.2472256422042847,0.2,-0.014424382970901206,896,-42.64244403212797
-489.0,58368,2791,45.0,1,0,-0.08763788217765978,0.9634076180809643,0.03173828125,0.007719892,0.0001,0.6791252493858337,0.09515195339918137,0.2,-0.012337661526544252,904,-42.69875570064876
-490.5,58880,2761,45.0,1,0,-0.047333692342363065,1.1627920626924606,0.01416015625,0.0018689882,0.0001,-0.4339907169342041,0.12271880358457565,0.2,-0.00083843807442463,912,-42.26795845298096
-478.5,59392,2776,45.0,1,0,-0.048526853333896725,1.3250752185704187,0.018798828125,0.0038061263,0.0001,0.5809586346149445,0.24235503375530243,0.2,-0.00569923371222103,920,-42.363217880744486
-470.0,59904,2761,45.0,1,0,-0.08211142718209885,1.7525350749492645,0.024658203125,0.0037686678,0.0001,-0.06414949893951416,1.1342860460281372,0.2,-0.006316717484878609,928,-42.599543344546106
-470.0,60416,2437,45.0,1,0,-0.07908584381766559,3.623360374942422,0.0224609375,0.0026281436,0.0001,0.06797516345977783,0.6971902847290039,0.2,-0.006596516446734313,936,-43.0844341296982
-469.5,60928,2356,45.0,1,0,-0.11897144907561596,2.7472828500904143,0.028564453125,0.0031514433,0.0001,0.3554285168647766,0.6267960071563721,0.2,-0.009462408488616347,944,-43.863725670855494
-469.0,61440,2670,45.0,1,0,-0.13097667301190086,8.382389542646706,0.038330078125,0.0035525276,0.0001,0.0854526162147522,5.892315864562988,0.2,-0.007473685953300446,952,-44.581978589426726
-454.0,61952,2584,45.0,1,0,-0.06900640879757702,5.31884008878842,0.010498046875,0.0011353365,0.0001,0.3117700219154358,0.28778865933418274,0.2,-0.005850633551744977,960,-45.72955413378775
-444.0,62464,2726,45.0,1,0,-0.09398813456209609,6.0877922074869275,0.0126953125,0.0014721719,0.0001,0.25965172052383423,1.723837971687317,0.2,-0.005742773355450481,968,-46.73784064173699
-419.0,62976,2834,45.0,1,0,-0.0759968951169867,1.4746901876060292,0.02392578125,0.010952382,0.0001,0.5474997758865356,0.1772519052028656,0.2,-0.008629864594695391,976,-47.77418956547976
-410.0,63488,2830,45.0,1,0,-0.0787834691000171,7.7578229509235825,0.01708984375,0.003766511,0.0001,0.1885625123977661,0.37157681584358215,0.2,-0.008319342363392934,984,-47.9605729066208
-392.0,64000,2725,45.0,1,0,-0.06460129254264757,2.5482999345986173,0.020751953125,0.0037081665,0.0001,-2.3760688304901123,1.0219238996505737,0.2,-0.01143459630839061,992,-47.82430034012068
-404.0,64512,2684,45.0,1,0,-0.10687452429556288,29.723890600260347,0.00439453125,0.0005613731,0.0001,0.39829879999160767,8.443018913269043,0.2,-0.0029456337688316125,1000,-46.489879168127665
-392.5,65024,2475,45.0,1,0,-0.11317491254885681,6.877553851576522,0.018310546875,0.0034034525,0.0001,-2.7880191802978516,0.3140849471092224,0.2,-0.009914582340570632,1008,-45.64081213248428
-387.5,65536,2259,45.0,1,0,-0.12976394926954526,10.879947355482727,0.01708984375,0.002232293,0.0001,0.34611183404922485,4.882608413696289,0.2,-0.009878902183118043,1016,-44.310294164833614
-393.0,66048,2872,45.0,1,0,-0.19596236513461918,44.334749249741435,0.004150390625,0.00062411174,0.0001,0.4008193612098694,11.876615524291992,0.2,-0.0037191291849012487,1024,-41.97379807325546
-412.0,66560,2640,45.0,1,0,-0.09095274426726974,5.413422785466537,0.020751953125,0.0075897877,0.0001,-2.046900749206543,2.067727565765381,0.2,-0.011805776986875571,1032,-41.483541387063454
-371.5,67072,2470,45.0,1,0,-0.13633706160180736,27.135400014929473,0.01904296875,0.0033743354,0.0001,0.4438243508338928,3.487258195877075,0.2,-0.005733949550631223,1040,-39.979385458156464
-400.0,67584,2820,45.0,1,0,-0.17076351755531505,30.09862621128559,0.020751953125,0.0027742623,0.0001,0.5483005344867706,8.631009101867676,0.2,-0.009524038825475145,1048,-38.335016063307414
-410.5,68096,2556,45.0,1,0,-0.08159229799639434,3.5597658801998477,0.0380859375,0.02120563,0.0001,-0.4953792095184326,0.05312459543347359,0.2,-0.015891386530711316,1056,-38.6188954724418
-422.0,68608,2316,45.0,1,0,-0.1396317463077139,8.587045279797167,0.0419921875,0.008311471,0.0001,0.5561324656009674,1.6385819911956787,0.2,-0.017320765677141026,1064,-39.96831073374487
-402.5,69120,2159,45.0,1,0,-0.16106277785729617,7.524767155293375,0.032958984375,0.008112203,0.0001,0.3321566581726074,1.0932202339172363,0.2,-0.007758809697406832,1072,-41.82904497676529
-403.0,69632,2098,45.0,1,0,-0.1462594317708863,22.343966552987695,0.049072265625,0.005699707,0.0001,0.6564526855945587,5.7035231590271,0.2,-0.010907342191785574,1080,-43.22688007789664
-414.0,70144,2468,45.0,1,0,-0.227600073965732,16.254146392457187,0.04541015625,0.0035931708,0.0001,0.47680479288101196,3.9472289085388184,0.2,-0.0181766679888824,1088,-45.64038074166514
-429.0,70656,2695,45.0,1,0,-0.19669507280923426,19.517437238246202,0.02880859375,0.005252856,0.0001,0.15575289726257324,4.2227888107299805,0.2,-0.011532974491274217,1096,-46.29415513980668
-443.0,71168,2430,45.0,1,0,-0.1339661295642145,13.679600117728114,0.0322265625,0.0036022346,0.0001,0.5267980694770813,4.981876373291016,0.2,-0.007133770333894063,1104,-47.00984154358041
-474.5,71680,2463,45.0,1,0,-0.20146377215860412,8.702351649757475,0.0390625,0.003913217,0.0001,0.37924277782440186,2.492687225341797,0.2,-0.008671441100887023,1112,-48.34705800085794
-479.0,72192,2803,45.0,1,0,-0.18015758087858558,15.602908650413156,0.05126953125,0.018524908,0.0001,0.7611663490533829,1.8093249797821045,0.2,-0.012782776160747744,1120,-49.72568621394225
-477.0,72704,2573,45.0,1,0,-0.0954406777600525,4.378304315265268,0.03173828125,0.005451016,0.0001,0.46424663066864014,1.451474905014038,0.2,-0.017663495582382893,1128,-48.92235326063819
-468.5,73216,2669,45.0,1,0,-0.12139436038705753,4.471734928665683,0.043701171875,0.004774122,0.0001,0.05811655521392822,0.997011125087738,0.2,-0.01728784049191745,1136,-47.25840547375381
-438.0,73728,2147,45.0,1,0,-0.15941716576344334,16.277385673951358,0.02294921875,0.0024955198,0.0001,0.23576217889785767,2.904874563217163,0.2,-0.016364143884857185,1144,-46.18468904267996
-445.5,74240,2577,45.0,1,0,-0.3026626853970811,59.56726845353842,0.0517578125,0.0041915476,0.0001,0.4013007879257202,34.09016799926758,0.2,-0.014872652125632158,1152,-45.20201477363705
-440.0,74752,2455,45.0,1,0,-0.12145497302117292,5.214974442904349,0.04150390625,0.006675976,0.0001,0.021234452724456787,0.8676339387893677,0.2,-0.014345627394504845,1160,-44.69376998355612
-431.0,75264,2322,45.0,1,0,-0.18227565346751362,5.819753488409333,0.059814453125,0.008866483,0.0001,0.15971344709396362,0.8448746800422668,0.2,-0.011490475772006903,1168,-44.53874406853225
-380.5,75776,2477,45.0,1,0,-0.1493817193695577,3.821475476062915,0.05322265625,0.0034489045,0.0001,0.4877006411552429,0.41978102922439575,0.2,-0.01503526382293785,1176,-44.382923130909916
-379.0,76288,2691,45.0,1,0,-0.17589916178258136,9.229831662029028,0.03271484375,0.0022596922,0.0001,0.47410863637924194,2.0132007598876953,0.2,-0.012890198355307803,1184,-43.946949440347964
-360.0,76800,1806,45.0,1,0,-0.13630854910297785,5.3377291824435815,0.038330078125,0.0053946953,0.0001,0.31809622049331665,0.6281019449234009,0.2,-0.01683129595767241,1192,-43.66049837401137
-369.0,77312,2574,45.0,1,0,-0.12462770252022892,4.411413025460206,0.04345703125,0.0048878803,0.0001,0.5528112053871155,2.342475175857544,0.2,-0.017170885752420872,1200,-43.59026788327843
-317.5,77824,2254,45.0,1,0,-0.11670082056662068,5.3783678996842355,0.03125,0.0024535768,0.0001,0.1818045973777771,1.2126595973968506,0.2,-0.009912120267472346,1208,-43.660690385987984
-326.5,78336,2474,45.0,1,0,-0.1625021455984097,17.508829846046865,0.050048828125,0.006373328,0.0001,0.3353379964828491,2.6271042823791504,0.2,-0.012555863642774057,1216,-42.92690273025073
-291.0,78848,2315,45.0,1,0,-0.13091646383691113,6.389733732677996,0.032470703125,0.0040898863,0.0001,-0.14227807521820068,2.0133516788482666,0.2,-0.00892514163206215,1224,-42.062193567180074
-249.0,79360,2298,45.0,1,0,-0.13781491758709308,6.672631493071094,0.037109375,0.0041937153,0.0001,0.33478522300720215,2.7903878688812256,0.2,-0.0072102396698028315,1232,-41.39556712816004
-237.5,79872,2338,45.0,1,0,-0.10405064867518377,3.197614537901245,0.04541015625,0.0051154275,0.0001,0.5715532302856445,0.3168817162513733,0.2,-0.016628734367259312,1240,-40.47630738927517
-250.0,80384,2417,45.0,1,0,-0.13228176982374862,3.003080854425207,0.02880859375,0.005052806,0.0001,0.24302440881729126,1.0336902141571045,0.2,-0.01195796269166749,1248,-40.41946340756025
-207.5,80896,2508,45.0,1,0,-0.16845114782336168,6.768753045704216,0.06689453125,0.007983951,0.0001,0.5909141898155212,1.1106923818588257,0.2,-0.02064165496994974,1256,-40.42781772218179
-212.0,81408,2767,45.0,1,0,-0.11511800636071712,6.989820576272905,0.0400390625,0.0028516934,0.0001,0.3155266046524048,2.7808685302734375,0.2,-0.01589988552950672,1264,-39.65266493238043
-207.5,81920,2647,45.0,1,0,-0.07429890363710001,1.344576331495773,0.0458984375,0.009244236,0.0001,0.5271155536174774,0.009650823660194874,0.2,-0.018816733609128278,1272,-39.89177513082977
-273.5,82432,2773,45.0,1,0,-0.11553183232899755,5.036293531768024,0.025390625,0.0030551194,0.0001,0.3145228624343872,2.7842609882354736,0.2,-0.007091449966537766,1280,-40.43122375682462
-279.0,82944,2600,45.0,1,0,-0.09948880316733266,3.367708624806255,0.03857421875,0.005970413,0.0001,0.2853507399559021,0.48017463088035583,0.2,-0.01143482445331756,1288,-41.15944832936395
-292.0,83456,2635,45.0,1,0,-0.1018790803354932,2.444013411470223,0.03662109375,0.007287494,0.0001,0.4425690174102783,2.7582266330718994,0.2,-0.01385058750747703,1296,-41.75364285038319
-328.0,83968,2575,45.0,1,0,-0.12019651749869809,4.949636540608481,0.02392578125,0.0020142188,0.0001,-0.28979337215423584,1.9616749286651611,0.2,-0.0052934599298168905,1304,-42.23437372805551
-369.0,84480,2695,45.0,1,0,-0.10327883002173621,2.4701279072323814,0.023681640625,0.0039330726,0.0001,0.5537040829658508,1.3717341423034668,0.2,-0.013163509232981596,1312,-42.64844721481204
-393.5,84992,2580,45.0,1,0,-0.09297534804500174,3.139751090435311,0.03125,0.0031802522,0.0001,-0.012421607971191406,1.4054255485534668,0.2,-0.009677788882981986,1320,-42.53683997116052
-390.5,85504,2771,45.0,1,0,-0.09314764333248604,4.4374772142618895,0.02880859375,0.0030050827,0.0001,0.6438417136669159,0.3497381806373596,0.2,-0.009765171829712926,1328,-41.970037800716234
-385.0,86016,2766,45.0,1,0,-0.07199334355391329,7.649561873986386,0.024169921875,0.004809669,0.0001,0.31605130434036255,5.1510090827941895,0.2,-0.012554668723169016,1336,-41.34091723606922
-397.5,86528,2994,45.0,1,0,-0.056314434834348504,2.3939804661786184,0.022216796875,0.00413229,0.0001,0.07526469230651855,0.5890049338340759,0.2,-0.008318105130456388,1344,-40.92146438454278
-338.0,87040,2227,45.0,1,0,-0.05453064504035865,0.573320088791661,0.021728515625,0.0047616083,0.0001,0.7247023582458496,0.19958627223968506,0.2,-0.008618554667918943,1352,-40.781462663663554
-329.5,87552,1869,45.0,1,0,-0.1399673355917912,28.40213429555297,0.004638671875,0.0011567305,0.0001,0.27690744400024414,5.816774368286133,0.2,-0.004520926857367158,1360,-39.029864516723904
-304.0,88064,2439,45.0,1,0,-0.0997661049477756,8.47924721846357,0.03564453125,0.0055426396,0.0001,0.41372281312942505,8.617313385009766,0.2,-0.011011150920239743,1368,-38.124239478195086
-321.0,88576,2641,45.0,1,0,-0.12546578291221522,26.19223264232278,0.019775390625,0.0018964747,0.0001,0.40626442432403564,8.056001663208008,0.2,-0.007867094916946371,1376,-36.96427756065503
-276.5,89088,2436,45.0,1,0,-0.09643090368626872,2.8012047223746777,0.03271484375,0.005886092,0.0001,-0.5620394945144653,0.13833968341350555,0.2,-0.01576999378448818,1384,-37.12173942682333
-199.5,89600,2358,45.0,1,0,-0.1346021834469866,17.9353866847232,0.01171875,0.0012770997,0.0001,0.38353562355041504,6.621549129486084,0.2,-0.0046474870687234215,1392,-36.072999540120364
-203.0,90112,2559,45.0,1,0,-0.1470329147996381,31.44840269163251,0.02685546875,0.0028751735,0.0001,0.5400774776935577,19.608097076416016,0.2,-0.011241581854847027,1400,-33.9955959995836
-143.0,90624,2256,45.0,1,0,-0.0947448912775144,16.067067090421915,0.0205078125,0.0025097416,0.0001,-0.25097501277923584,5.599093437194824,0.2,-0.009617079362215009,1408,-33.87739571804181
-122.5,91136,2119,45.0,1,0,-0.13899531835340895,12.220334532670677,0.0224609375,0.00278487,0.0001,0.54250168800354,4.077702522277832,0.2,-0.00831827121146489,1416,-32.99094791600481
-110.5,91648,2355,45.0,1,0,-0.17301792075159028,28.396566953510046,0.039306640625,0.006243566,0.0001,-0.2080671787261963,12.3477201461792,0.2,-0.015518877298745792,1424,-33.13263126693666
-52.5,92160,2316,45.0,1,0,-0.13933359787915833,14.089688129723072,0.0234375,0.002770482,0.0001,0.5058070719242096,11.303396224975586,0.2,-0.013164443080313504,1432,-32.562710850089786
-8.5,92672,2194,45.0,1,0,-0.1649939715571236,11.541558288037777,0.02685546875,0.00262567,0.0001,0.2898469567298889,5.753495693206787,0.2,-0.008404830827203114,1440,-31.527461530333383
31.5,93184,2413,45.0,1,0,-0.18200594757217914,15.260699408128858,0.02490234375,0.0036568171,0.0001,0.3341789245605469,6.095989227294922,0.2,-0.00870178982586367,1448,-31.539608401600272
42.5,93696,2197,45.0,1,0,-0.15466087593813427,14.89343326445669,0.02783203125,0.0044430178,0.0001,-0.13090264797210693,5.923954486846924,0.2,-0.011483353329822421,1456,-30.93493142567575
32.0,94208,2496,45.0,1,0,-0.1639796863310039,10.049389754422009,0.039306640625,0.0058938107,0.0001,0.23675787448883057,5.0828328132629395,0.2,-0.016448580783617217,1464,-32.02012022970244
54.5,94720,2389,45.0,1,0,-0.11547826178139076,8.40935820247978,0.02197265625,0.003534523,0.0001,0.3327065110206604,1.997294545173645,0.2,-0.013768279241048731,1472,-33.20907201820053
28.5,95232,2446,45.0,1,0,-0.11313616565894336,9.044667753390968,0.012939453125,0.0018641646,0.0001,0.34928077459335327,1.4999746084213257,0.2,-0.008734270832064794,1480,-32.87010148963891
9.5,95744,2451,45.0,1,0,-0.10486140164721292,8.355617213994265,0.02294921875,0.005046777,0.0001,-0.037564635276794434,2.9688339233398438,0.2,-0.008859248366206884,1488,-33.65810777443461
27.5,96256,1625,45.0,1,0,-0.12715723224391695,8.143802023958415,0.03125,0.005225362,0.0001,0.17923706769943237,5.770611763000488,0.2,-0.014465552627370926,1496,-33.297526158802214
95.0,96768,2102,45.0,1,0,-0.13793720211833715,13.627258555963635,0.02001953125,0.0018156911,0.0001,0.39512789249420166,7.330512046813965,0.2,-0.01033242706580495,1504,-33.016573640313
130.5,97280,2183,45.0,1,0,-0.1538777563837357,19.60726966150105,0.020263671875,0.003007718,0.0001,0.43524694442749023,7.552612781524658,0.2,-0.008364002518646885,1512,-32.10711371745914
131.5,97792,2404,45.0,1,0,-0.13675645214971155,12.075432475656271,0.0283203125,0.0041514565,0.0001,0.4866234064102173,4.032693386077881,0.2,-0.009343298253952526,1520,-31.21206278436817
152.0,98304,1840,45.0,1,0,-0.10844273585826159,5.098560099024326,0.030029296875,0.0073598707,0.0001,0.05704987049102783,1.2013484239578247,0.2,-0.013466959097058862,1528,-30.63896956675686
130.0,98816,2623,45.0,1,0,-0.16193221244611777,22.49076420813799,0.04638671875,0.007971952,0.0001,0.36426180601119995,14.886944770812988,0.2,-0.019037670732359402,1536,-29.76175813158043
152.5,99328,2198,45.0,1,0,-0.08120051616424462,7.126692709280178,0.025390625,0.0076248944,0.0001,-0.09808087348937988,2.65651273727417,0.2,-0.007461666020390112,1544,-29.236906055985017
167.5,99840,1938,45.0,1,0,-0.16055633983341977,12.847865922376513,0.037109375,0.0038118665,0.0001,0.2641869783401489,1.227765679359436,0.2,-0.014056259489734657,1552,-29.419485147846864
257.0,100352,1772,45.0,1,0,-0.1989670156617649,11.502418965101242,0.035888671875,0.005089787,0.0001,0.49757593870162964,4.072048187255859,0.2,-0.011219089295082085,1560,-29.210768938669936
242.0,100864,2014,45.0,1,0,-0.21433121187146753,13.255167348310351,0.02978515625,0.0030047852,0.0001,0.26698726415634155,4.5124640464782715,0.2,-0.005504833352460992,1568,-29.056640838226304
230.5,101376,1715,45.0,1,0,-0.21688937419094145,10.646024841815233,0.03759765625,0.007254394,0.0001,-0.20218467712402344,1.3255279064178467,0.2,-0.01248299797589425,1576,-30.093007113849744
340.0,101888,1302,45.0,1,0,-0.23595649795606732,29.226900205016136,0.07373046875,0.008691337,0.0001,-0.043415188789367676,8.798369407653809,0.2,-0.019424671183514874,1584,-31.80637406464666
392.0,102400,1995,45.0,1,0,-0.2813296443782747,50.006084978580475,0.058837890625,0.0072494294,0.0001,0.25833261013031006,9.273157119750977,0.2,-0.014991095675213728,1592,-33.32662799884565
449.0,102912,1888,45.0,1,0,-0.1433592376706656,21.896355539560318,0.037353515625,0.0033727451,0.0001,0.3213353157043457,14.281352996826172,0.2,-0.011017655255272985,1600,-32.568980705002325
505.5,103424,2291,45.0,1,0,-0.19396890903590247,19.324390407651663,0.05615234375,0.0059799654,0.0001,0.2724539637565613,6.2993292808532715,0.2,-0.013399170806223992,1608,-33.45555017213337
500.0,103936,2125,45.0,1,0,-0.11302036573761143,15.515143413096666,0.029541015625,0.001874519,0.0001,0.4649028778076172,3.7801120281219482,0.2,-0.006419049510441255,1616,-32.35389437640086
447.5,104448,2086,45.0,1,0,-0.10169401332677808,11.513487923890352,0.030517578125,0.0056599574,0.0001,0.27459925413131714,2.809046745300293,0.2,-0.011014768984750845,1624,-30.10936933973804
418.0,104960,2468,45.0,1,0,-0.13025765167549253,12.338969642296433,0.03515625,0.008126813,0.0001,0.5285304486751556,6.502777576446533,0.2,-0.007180495114880614,1632,-28.96808594930917
435.5,105472,2274,45.0,1,0,-0.07501642133865971,8.561714486218989,0.0146484375,0.0028680854,0.0001,-0.31395983695983887,1.6716585159301758,0.2,-0.0058428046249900945,1640,-26.64501462349668
366.5,105984,2095,45.0,1,0,-0.0824455278343521,4.880264160223305,0.028076171875,0.0053485823,0.0001,0.1947764754295349,2.1062135696411133,0.2,-0.00899621075586765,1648,-23.954581005033106
279.0,106496,2330,45.0,1,0,-0.07856282065040432,10.344564331695437,0.0146484375,0.002480459,0.0001,0.06675320863723755,2.006160020828247,0.2,-0.0045683635253226385,1656,-21.557502150759102
225.0,107008,2141,45.0,1,0,-0.07989272644044831,6.275965904816985,0.01220703125,0.0026287572,0.0001,-0.11072778701782227,0.5767560601234436,0.2,-0.004978569435479585,1664,-19.478942211354152
170.5,107520,2027,45.0,1,0,-0.08571815703180619,4.376305619254708,0.018310546875,0.003948463,0.0001,0.30534422397613525,0.5292807221412659,0.2,-0.005796501125587383,1672,-19.09536656819284
146.0,108032,2269,45.0,1,0,-0.0966559125808999,10.674906600266695,0.015625,0.002076844,0.0001,0.25397688150405884,1.912437915802002,0.2,-0.0054076012238510884,1680,-18.75188003578689
155.5,108544,2162,45.0,1,0,-0.07969970913109137,17.171323439106345,0.01220703125,0.0019203556,0.0001,0.21637850999832153,3.952226161956787,0.2,-0.005843128008564236,1688,-20.679339865343646
155.0,109056,2303,45.0,1,0,-0.10626210237387568,15.982961934059858,0.026611328125,0.0025009103,0.0001,0.014443397521972656,3.817888021469116,0.2,-0.010218591429293156,1696,-23.90405771779362
259.0,109568,1997,45.0,1,0,-0.10006189442356117,16.78076022863388,0.030517578125,0.0045137545,0.0001,0.16673660278320312,4.315057754516602,0.2,-0.00853152332274476,1704,-26.80601247468032
282.5,110080,2032,45.0,1,0,-0.14766914732172154,57.97948379814625,0.026611328125,0.0015398919,0.0001,0.057191550731658936,14.111939430236816,0.2,-0.011032687463739421,1712,-27.945449854936452
331.5,110592,1971,45.0,1,0,-0.187874908442609,59.99112520366907,0.024658203125,0.0025306595,0.0001,0.6340026557445526,21.990863800048828,0.2,-0.011110261162684765,1720,-28.859486494772135
379.5,111104,2079,45.0,1,0,-0.1588381374021992,33.525291088968515,0.0419921875,0.004041236,0.0001,0.497657835483551,4.345966815948486,0.2,-0.013869362837795052,1728,-30.22977800759487
394.5,111616,2134,45.0,1,0,-0.17980103712761775,63.9843345284462,0.030517578125,0.0046105855,0.0001,0.6715863347053528,12.14808464050293,0.2,-0.010154558694921434,1736,-29.253188455863857
409.5,112128,2174,45.0,1,0,-0.10872429941082373,17.398583729751408,0.02587890625,0.0027731364,0.0001,0.13107609748840332,3.3252830505371094,0.2,-0.007480677355488297,1744,-30.4040117367357
463.5,112640,2233,45.0,1,0,-0.11638383113313466,16.864912251010537,0.0244140625,0.0026492518,0.0001,0.46260809898376465,3.745983362197876,0.2,-0.012005877782939933,1752,-29.820795978792013
533.0,113152,2081,45.0,1,0,-0.13094861200079322,24.453274823725224,0.025390625,0.0029713162,0.0001,0.7015738785266876,7.7225117683410645,0.2,-0.011040600857086247,1760,-27.365769317429514
594.5,113664,1704,45.0,1,0,-0.15809637471102178,24.023932676762342,0.032958984375,0.0024743993,0.0001,0.5519692301750183,16.210458755493164,0.2,-0.011561689039808698,1768,-24.971909157535993
556.5,114176,1840,45.0,1,0,-0.23266073706327006,34.4358657412231,0.04541015625,0.005374578,0.0001,0.5359563529491425,10.747024536132812,0.2,-0.012721068815153558,1776,-20.88764815651346
648.0,114688,1275,45.0,1,0,-0.2366466480307281,49.30076204240322,0.068603515625,0.0062457467,0.0001,0.5303541421890259,7.121303558349609,0.2,-0.017524868133477867,1784,-18.59397745850496
673.0,115200,1708,45.0,1,0,-0.28619132726453245,30.380387917160988,0.032470703125,0.005290501,0.0001,0.6785134077072144,15.45348072052002,0.2,-0.009678762369730975,1792,-17.31602555196732
696.0,115712,1890,45.0,1,0,-0.2665255767060444,22.381683826446533,0.064208984375,0.006093736,0.0001,0.5946815311908722,9.210343360900879,0.2,-0.016384109600039665,1800,-16.207159082111904
780.0,116224,1409,45.0,1,0,-0.27083501359447837,11.57746810093522,0.085205078125,0.034489546,0.0001,0.03117746114730835,1.2129919528961182,0.2,-0.022078208763559815,1808,-16.203522162577137
718.0,116736,2202,45.0,1,0,-0.28132084471872076,15.061742898076773,0.073486328125,0.009627208,0.0001,0.20484215021133423,5.761085510253906,0.2,-0.018042743808109662,1816,-15.47967013508547
722.5,117248,1750,45.0,1,0,-0.1620001808332745,6.991516016423702,0.0546875,0.010535082,0.0001,-0.03316652774810791,1.9500268697738647,0.2,-0.015572464930301066,1824,-15.58316114351619
683.5,117760,1909,45.0,1,0,-0.3464439179515466,16.95590497367084,0.093017578125,0.014573145,0.0001,0.040585219860076904,4.44987678527832,0.2,-0.021197541282163,1832,-16.74381397801917
645.0,118272,2006,45.0,1,0,-0.30232262425124645,20.294109396636486,0.06982421875,0.006356133,0.0001,0.3315455913543701,6.81135368347168,0.2,-0.0170208780473331,1840,-18.276691951840185
637.5,118784,1829,45.0,1,0,-0.2929534821305424,23.00608829408884,0.054931640625,0.0068032015,0.0001,0.551747739315033,11.667644500732422,0.2,-0.015683780155086424,1848,-21.14588725109119
561.0,119296,1423,45.0,1,0,-0.33524314558599144,25.680363051593304,0.057861328125,0.0063491077,0.0001,0.5660140216350555,5.070056915283203,0.2,-0.0162874673405895,1856,-23.630931923594325
569.5,119808,1848,45.0,1,0,-0.2889364347793162,27.471906453371048,0.04736328125,0.004604032,0.0001,0.6653216779232025,10.503323554992676,0.2,-0.012361775377939921,1864,-27.233091560043395
636.5,120320,1586,45.0,1,0,-0.24031190521782264,24.62190131098032,0.038330078125,0.005986666,0.0001,0.47763586044311523,11.583277702331543,0.2,-0.010438334684295114,1872,-28.116494076591916
630.0,120832,1645,45.0,1,0,-0.2951458510942757,27.565676495432854,0.09033203125,0.010521341,0.0001,0.5001846551895142,11.164740562438965,0.2,-0.024291052628541365,1880,-28.456708317911254
659.5,121344,2203,45.0,1,0,-0.35544343176297843,22.39558369293809,0.0625,0.0060252463,0.0001,0.45966243743896484,12.698952674865723,0.2,-0.01570777300730697,1888,-29.562109188116157
651.0,121856,2234,45.0,1,0,-0.17121865201625042,9.278244581073523,0.063720703125,0.009524002,0.0001,0.35776424407958984,1.5719883441925049,0.2,-0.019418047108047176,1896,-28.581142790815793
601.5,122368,2073,45.0,1,0,-0.14526281296275556,4.560911499429494,0.06201171875,0.010891223,0.0001,0.5624347627162933,1.8380076885223389,0.2,-0.015909770147118252,1904,-27.200856240950525
634.5,122880,2037,45.0,1,0,-0.18753803928848356,6.905668804422021,0.051513671875,0.0071023563,0.0001,0.41500842571258545,2.774381637573242,0.2,-0.014705239245813573,1912,-25.452045652517118
608.0,123392,2185,45.0,1,0,-0.18167490643099882,6.097814155742526,0.073486328125,0.01163964,0.0001,0.3840363025665283,1.049246072769165,0.2,-0.015872982527071144,1920,-23.93172939652577
544.0,123904,1820,45.0,1,0,-0.13623566454043612,5.40632576867938,0.055419921875,0.006734396,0.0001,0.4204965829849243,1.7246267795562744,0.2,-0.01543921953998506,1928,-22.10080211540684
474.5,124416,2148,45.0,1,0,-0.16635444786516018,5.583020783960819,0.0517578125,0.009480848,0.0001,0.549365222454071,1.8044073581695557,0.2,-0.013760752706730273,1936,-20.590687146265992
464.5,124928,1999,45.0,1,0,-0.13147174459300004,2.5795536055229604,0.039306640625,0.010660114,0.0001,0.6473518311977386,0.8055989742279053,0.2,-0.009968890095478855,1944,-19.763390011014415
395.0,125440,2376,45.0,1,0,-0.10820596991106868,3.156537432456389,0.048828125,0.00943945,0.0001,0.4974091649055481,0.5196774005889893,0.2,-0.011921287285076687,1952,-19.058317377562634
360.5,125952,2495,45.0,1,0,-0.07878295511909528,2.857957480708137,0.041748046875,0.024009483,0.0001,0.4367818236351013,1.080492377281189,0.2,-0.014949972803151468,1960,-17.86050402114168
399.0,126464,2170,45.0,1,0,-0.07473917042079847,1.9347667708061635,0.02294921875,0.004111927,0.0001,0.5764715373516083,0.455763041973114,0.2,-0.0061967689616722055,1968,-18.089697807868944
368.0,126976,2147,45.0,1,0,-0.08008159157179762,2.3855370632372797,0.03564453125,0.0072882865,0.0001,0.32965338230133057,0.8080727458000183,0.2,-0.011288559093372896,1976,-18.627673443285747
406.5,127488,2225,45.0,1,0,-0.11371468957804609,2.9979233955964446,0.051025390625,0.010256171,0.0001,0.31051236391067505,1.0767790079116821,0.2,-0.014172642768244259,1984,-19.64484294296708
415.0,128000,2243,45.0,1,0,-0.060150544391945004,4.771548125892878,0.02099609375,0.010273235,0.0001,0.0868070125579834,1.9773305654525757,0.2,-0.0076183439232409,1992,-20.996719750105402
418.5,128512,2114,45.0,1,0,-0.05050362919428153,6.396876607090235,0.02197265625,0.011104492,0.0001,0.1531388759613037,2.1805992126464844,0.2,-0.0075910631494480185,2000,-22.13270279608667
489.5,129024,1970,45.0,1,0,-0.08211101625056472,6.530659736134112,0.029296875,0.0041209897,0.0001,-0.033290863037109375,1.8413032293319702,0.2,-0.008292061240354087,2008,-23.000481527773662
506.5,129536,2097,45.0,1,0,-0.12554896317305975,8.553767474368215,0.0263671875,0.006889962,0.0001,-0.030088305473327637,3.2453668117523193,0.2,-0.010405147178971674,2016,-24.14888584575616
561.0,130048,1989,45.0,1,0,-0.06948248730623163,5.298622880131006,0.0224609375,0.0035272012,0.0001,0.12620919942855835,2.1953134536743164,0.2,-0.006798875503591262,2024,-25.11981544448994
664.5,130560,1521,45.0,1,0,-0.10478745061845984,5.429960468783975,0.046630859375,0.011198776,0.0001,0.21171623468399048,2.208202838897705,0.2,-0.00633201609889511,2032,-25.652071296041832
766.0,131072,1724,45.0,1,0,-0.09818551268836018,6.316463337279856,0.022705078125,0.004479488,0.0001,0.3604588508605957,4.105526924133301,0.2,-0.008078487931925338,2040,-25.958446374614724
788.5,131584,1946,45.0,1,0,-0.11661050442489795,7.0942649291828275,0.056884765625,0.011949176,0.0001,0.32097816467285156,3.2607648372650146,0.2,-0.01085968074039556,2048,-25.761834945031442
773.0,132096,1888,45.0,1,0,-0.08557903343898943,5.481649678200483,0.0341796875,0.009776467,0.0001,0.32430416345596313,0.732255220413208,0.2,-0.008391147726797499,2056,-25.55765560243279
792.5,132608,1815,45.0,1,0,-0.11681775830220431,8.229073111899197,0.02734375,0.008101139,0.0001,0.2669038772583008,3.426366090774536,0.2,-0.008207329414290143,2064,-25.785402605179698
910.5,133120,1864,45.0,1,0,-0.12099821408628486,6.200011157430708,0.04736328125,0.016098045,0.0001,0.315130352973938,1.7774009704589844,0.2,-0.017347517452435568,2072,-25.253800739347934
916.0,133632,1871,45.0,1,0,-0.1206197859137319,6.186190117150545,0.048583984375,0.0083358735,0.0001,0.2553398013114929,6.085633277893066,0.2,-0.00935281187412329,2080,-24.22826773917768
903.5,134144,1980,45.0,1,0,-0.147765315748984,4.499907453544438,0.06591796875,0.0106459735,0.0001,0.3284742832183838,1.4965877532958984,0.2,-0.014897433029545937,2088,-23.301274660197087
997.0,134656,1873,45.0,1,0,-0.09156310526304878,4.392929681576788,0.045166015625,0.015274876,0.0001,0.4201495051383972,2.4279210567474365,0.2,-0.010501678189029917,2096,-22.668771892962976
974.0,135168,1425,45.0,1,0,-0.13003345447941683,5.086144137196243,0.0419921875,0.00814266,0.0001,0.2980549931526184,2.9712350368499756,0.2,-0.012987486588826869,2104,-21.623995715919882
944.5,135680,1909,45.0,1,0,-0.1536694337555673,11.733016517013311,0.05810546875,0.0103247715,0.0001,0.15879052877426147,2.474843740463257,0.2,-0.015549392650427762,2112,-21.563415368259886
1082.0,136192,1718,45.0,1,0,-0.1239626154419966,5.263845315203071,0.030517578125,0.005765761,0.0001,-0.30905449390411377,1.422900676727295,0.2,-0.00913433259120211,2120,-21.495109251639807
1164.5,136704,1764,45.0,1,0,-0.13040826260112226,6.3154909163713455,0.04443359375,0.016833572,0.0001,0.13978064060211182,1.6916611194610596,0.2,-0.013074222770228516,2128,-20.759495871965772
1202.0,137216,1949,45.0,1,0,-0.15968309855088592,5.375739547424018,0.0546875,0.010164699,0.0001,0.2766920328140259,0.9182276129722595,0.2,-0.013690797291928902,2136,-20.30330886482727
1141.0,137728,1906,45.0,1,0,-0.07048756381118437,7.293141168076545,0.021484375,0.005674532,0.0001,0.06779223680496216,0.44483137130737305,0.2,-0.006279196348259575,2144,-19.898402183591386
1210.0,138240,1732,45.0,1,0,-0.1191611817193916,4.148930660448968,0.062744140625,0.009572879,0.0001,0.1219339370727539,2.435457229614258,0.2,-0.015520336277404567,2152,-19.890243889125994
1256.0,138752,1794,45.0,1,0,-0.16636798868421465,10.673673948273063,0.047607421875,0.013329994,0.0001,0.09451621770858765,3.075847864151001,0.2,-0.017461125797126442,2160,-20.00206067280844
1200.5,139264,2006,45.0,1,0,-0.09036413319699932,5.381673905067146,0.023193359375,0.0029568528,0.0001,-0.002352476119995117,3.550377368927002,0.2,-0.0064304931001970544,2168,-19.809009541766716
1234.0,139776,1197,45.0,1,0,-0.11726445508247707,5.535370117984712,0.04150390625,0.0098245,0.0001,0.3979160785675049,1.5387779474258423,0.2,-0.014324480973300524,2176,-20.061946863569318
1247.0,140288,1914,45.0,1,0,-0.17967409390257671,18.534341160207987,0.09716796875,0.021190975,0.0001,0.21932148933410645,4.220337867736816,0.2,-0.02145413457765244,2184,-20.33194821785204
1238.5,140800,1813,45.0,1,0,-0.1114878565131221,5.295169813558459,0.047119140625,0.0057331645,0.0001,0.29129672050476074,1.203612208366394,0.2,-0.010445756030094344,2192,-20.22266065550968
1179.5,141312,1886,45.0,1,0,-0.09856712381588295,3.3134964872151613,0.05517578125,0.005797754,0.0001,0.448108434677124,1.0544030666351318,0.2,-0.012448361660062801,2200,-19.8736485255789
1210.5,141824,1882,45.0,1,0,-0.12878731758974027,5.5355260372161865,0.045166015625,0.009809825,0.0001,0.3696455955505371,2.4038734436035156,0.2,-0.009155855717835948,2208,-19.313326454535126
1242.0,142336,1865,45.0,1,0,-0.08581769753072876,4.776113641448319,0.029541015625,0.00466865,0.0001,0.05488961935043335,2.979471206665039,0.2,-0.010144316722289659,2216,-18.603385578962044
1252.0,142848,1786,45.0,1,0,-0.0922761699766852,5.975812014658004,0.037109375,0.007007153,0.0001,0.401533842086792,5.903988838195801,0.2,-0.014049262477783486,2224,-17.835731135951356
1268.5,143360,1916,45.0,1,0,-0.08618389919865876,4.71244877576828,0.02490234375,0.004570528,0.0001,-0.11999225616455078,1.5211782455444336,0.2,-0.008799122282653116,2232,-16.849739380832762
1248.0,143872,2042,45.0,1,0,-0.07078305141476449,3.707418773788959,0.02587890625,0.004932505,0.0001,0.08463454246520996,1.775633454322815,0.2,-0.008472323610476451,2240,-16.16296534974128
1272.5,144384,1387,45.0,1,0,-0.05987163291138131,2.320178445894271,0.024169921875,0.009555703,0.0001,0.21836739778518677,0.4232656955718994,0.2,-0.005279359840642428,2248,-14.369325380194931
1267.0,144896,1877,45.0,1,0,-0.0568241876171669,3.0243421718478203,0.03076171875,0.012617718,0.0001,0.13992393016815186,0.38143324851989746,0.2,-0.009823871114349458,2256,-13.225017771217972
1256.0,145408,1808,45.0,1,0,-0.05732192604045849,2.6448056823574007,0.028076171875,0.006390376,0.0001,0.4759977459907532,0.5189657211303711,0.2,-0.008254322870925535,2264,-12.498909980254247
1342.5,145920,1789,45.0,1,0,-0.05810726795607479,2.360708778956905,0.017578125,0.0050117006,0.0001,-0.349468469619751,0.27198609709739685,0.2,-0.006559996538271662,2272,-11.671186001300812
1332.5,146432,1896,45.0,1,0,-0.055584456713404506,2.112063174834475,0.0302734375,0.008579703,0.0001,-0.3473712205886841,0.23227226734161377,0.2,-0.011718403624399798,2280,-10.720324639296159
1345.5,146944,1713,45.0,1,0,-0.04746276791411219,3.9824601146392524,0.023193359375,0.008876638,0.0001,0.18354356288909912,1.4287477731704712,0.2,-0.00819549493098748,2288,-10.63430806254968
1345.0,147456,1814,45.0,1,0,-0.054287265869788826,3.6107668662443757,0.025146484375,0.012920374,0.0001,-0.053830504417419434,1.5945372581481934,0.2,-0.008774413261562586,2296,-10.43435657166876
1313.5,147968,1878,45.0,1,0,-0.035036530327488435,3.8565138089470565,0.01806640625,0.0070163403,0.0001,0.0012727975845336914,0.5932300686836243,0.2,-0.008770669852310675,2304,-10.49776941887103
1288.0,148480,1991,45.0,1,0,-0.08183240201833542,5.43812843086198,0.0693359375,0.057840437,0.0001,0.29816365242004395,1.2137118577957153,0.2,-0.026006239913840545,2312,-11.135251387795433
1286.5,148992,1431,45.0,1,0,-0.07020866414677585,3.7318091364577413,0.0322265625,0.011172747,0.0001,0.4402810335159302,0.9635106921195984,0.2,-0.010417130962196097,2320,-11.77540464415215
1361.5,149504,1614,45.0,1,0,-0.08794749420485459,4.712175874039531,0.0390625,0.011120498,0.0001,0.3464508056640625,1.3506745100021362,0.2,-0.007356753158092033,2328,-12.932714065453037
1306.5,150016,1780,45.0,1,0,-0.10431848000735044,6.761763285845518,0.050537109375,0.009568438,0.0001,0.44148004055023193,3.2939939498901367,0.2,-0.011463825074315537,2336,-14.034028458660469
1358.5,150528,1643,45.0,1,0,-0.08841548107739072,20.219984303228557,0.02783203125,0.004422124,0.0001,0.22090333700180054,11.120230674743652,0.2,-0.009431718821360846,2344,-15.88930085927248
1364.0,151040,1753,45.0,1,0,-0.04482539929813356,3.453238346846774,0.015625,0.0036408668,0.0001,0.35235828161239624,0.9800060987472534,0.2,-0.0071786609551054426,2352,-16.99511207960546
1346.5,151552,1846,45.0,1,0,-0.043160496239579516,2.132490896154195,0.018798828125,0.0053611994,0.0001,0.4327693581581116,0.4235120117664337,0.2,-0.004753770066599827,2360,-17.673802371369675
1352.5,152064,1828,45.0,1,0,-0.05786765737866517,5.280304295942187,0.03369140625,0.009929443,0.0001,0.5674462616443634,1.7139142751693726,0.2,-0.007778444054565625,2368,-18.802968787029386
1391.0,152576,1836,45.0,1,0,-0.04524168893840397,3.150316573679447,0.0126953125,0.0030476758,0.0001,0.3622570037841797,0.6527692675590515,0.2,-0.004174354868155206,2376,-19.14895020885393
1406.5,153088,2004,45.0,1,0,-0.03946093968988862,2.3486290029250085,0.019775390625,0.0051470534,0.0001,0.06436097621917725,0.6552274823188782,0.2,-0.006301973189692944,2384,-18.934013256328182
1411.5,153600,1428,45.0,1,0,-0.06323049775528489,2.967286500497721,0.03515625,0.010654915,0.0001,0.3536543846130371,0.9494175314903259,0.2,-0.008323024132550927,2392,-18.479769771629943
1357.5,154112,1647,45.0,1,0,-0.0510750195790024,3.652620745357126,0.016845703125,0.0022003236,0.0001,-0.469867467880249,0.9605379104614258,0.2,-0.004451650405826513,2400,-17.454447781378402
1358.0,154624,1876,45.0,1,0,-0.06547039624274475,2.7240758682601154,0.048828125,0.0250837,0.0001,0.37360483407974243,0.7438325881958008,0.2,-0.010912636102148099,2408,-16.25928005062975
1358.0,155136,1648,45.0,1,0,-0.04002980626682984,2.7449416858144104,0.0185546875,0.0047944887,0.0001,0.10565334558486938,0.9566280841827393,0.2,-0.004614601195498835,2416,-14.964595089377836
1337.0,155648,1881,45.0,1,0,-0.03452569204455358,1.938492948655039,0.015380859375,0.0035177963,0.0001,0.3166006803512573,1.1752616167068481,0.2,-0.0019776061963057145,2424,-14.048843587851152
1376.5,156160,1833,45.0,1,0,-0.055488489128038054,3.9238888742402196,0.029052734375,0.023373246,0.0001,0.3934730887413025,0.9933902621269226,0.2,-0.00995910822530277,2432,-13.491224805181846
1436.0,156672,1748,45.0,1,0,-0.03547421862822375,4.404579677153379,0.01171875,0.0026862891,0.0001,0.28489404916763306,2.245420455932617,0.2,-0.0030826825350231957,2440,-12.45957166758366
1417.0,157184,2020,45.0,1,0,-0.04431597702205181,2.155475475359708,0.021240234375,0.010940021,0.0001,0.32678478956222534,0.8624626398086548,0.2,-0.006384415464708582,2448,-11.62049869282171
1412.0,157696,1270,45.0,1,0,-0.03561506797632319,4.251556617207825,0.018310546875,0.006524188,0.0001,0.32967740297317505,0.7496486306190491,0.2,-0.005918965081946226,2456,-11.382793321255594
1441.5,158208,1819,45.0,1,0,-0.07422906788997352,4.901211803779006,0.0419921875,0.018556012,0.0001,0.20683902502059937,2.5602962970733643,0.2,-0.010617346597427968,2464,-11.542612994723022
1452.0,158720,1724,45.0,1,0,-0.062022971049373155,3.858400069642812,0.02783203125,0.008891017,0.0001,0.276677668094635,1.5332156419754028,0.2,-0.008289317433082033,2472,-11.630592579618096
1450.5,159232,1821,45.0,1,0,-0.07352343785896664,5.214204689487815,0.03857421875,0.011126497,0.0001,0.4695987105369568,1.3756701946258545,0.2,-0.008695193522726186,2480,-12.068846474010497
1461.0,159744,1800,45.0,1,0,-0.08163753437111154,5.686891700141132,0.029296875,0.0069669858,0.0001,0.5028179585933685,2.5616610050201416,0.2,-0.010446707397932187,2488,-13.192348815035075
1459.0,160256,1851,45.0,1,0,-0.057993177470052615,4.390389014035463,0.039306640625,0.008007508,0.0001,0.0405653715133667,0.9984297752380371,0.2,-0.009636828101065475,2496,-13.453919384684413
1433.0,160768,1843,45.0,1,0,-0.07395389130761032,5.998028986155987,0.0361328125,0.008494351,0.0001,0.35744524002075195,2.845315933227539,0.2,-0.009599041353794746,2504,-14.384074989259243
1275.0,161280,1802,45.0,1,0,-0.07292379107093439,9.807675728574395,0.016845703125,0.0037185536,0.0001,0.36270010471343994,4.17904806137085,0.2,-0.0026969368736899924,2512,-15.369303066059947
1273.0,161792,2019,45.0,1,0,-0.08400390238966793,4.948653005063534,0.06982421875,0.026644751,0.0001,0.29127347469329834,1.330254316329956,0.2,-0.0173065007193145,2520,-16.479282913077622
1267.0,162304,1440,45.0,1,0,-0.05419384358538082,3.327007409185171,0.04150390625,0.009703569,0.0001,0.4369000196456909,1.4137814044952393,0.2,-0.013067505791696021,2528,-16.841367028336972
1253.0,162816,1614,45.0,1,0,-0.05612302509689471,4.396336193662137,0.029052734375,0.0065067257,0.0001,0.2343648076057434,4.281442165374756,0.2,-0.0034441148163750768,2536,-17.251411910280584
1169.5,163328,1781,45.0,1,0,-0.052712653305206914,4.452191335149109,0.010498046875,0.0016970153,0.0001,-0.09659945964813232,1.4671579599380493,0.2,-0.0024788607042864896,2544,-16.948072501486166
1181.0,163840,1948,45.0,1,0,-0.06226934905498638,2.9643695789854974,0.03173828125,0.009919453,0.0001,0.23883765935897827,0.33300119638442993,0.2,-0.0079180141328834,2552,-16.426182995056735
1161.5,164352,1779,45.0,1,0,-0.04794682369720249,2.750923201441765,0.03125,0.010729425,0.0001,0.14144563674926758,1.8091026544570923,0.2,-0.009473318445088807,2560,-16.174860465517266
1194.0,164864,1794,45.0,1,0,-0.046540568760974566,2.817208494991064,0.025634765625,0.014639083,0.0001,0.26371467113494873,0.524798572063446,0.2,-0.00790713573951507,2568,-15.897939744824544
1248.0,165376,1808,45.0,1,0,-0.07826905052934308,9.973943253979087,0.04443359375,0.008218303,0.0001,0.1250908374786377,2.5860304832458496,0.2,-0.007806419551343424,2576,-15.555609138263389
1268.0,165888,1874,45.0,1,0,-0.03701204621756915,2.4265096543822438,0.01318359375,0.004801537,0.0001,0.09940165281295776,1.0525548458099365,0.2,-0.0027567002834985033,2584,-14.931753094876186
1346.5,166400,1905,45.0,1,0,-0.07998400552969542,7.247536213137209,0.069091796875,0.013951495,0.0001,0.2850654721260071,2.4004530906677246,0.2,-0.020973978069378063,2592,-15.507418956877665
1343.5,166912,1755,45.0,1,0,-0.04310625183643424,4.737742396071553,0.020263671875,0.006591683,0.0001,0.04296255111694336,0.5700778365135193,0.2,-0.003819974597718101,2600,-15.283126693340018
1353.0,167424,1784,45.0,1,0,-0.05466817972774152,6.880472986027598,0.03173828125,0.005003264,0.0001,0.11719220876693726,1.1895828247070312,0.2,-0.007569165012682788,2608,-15.352871183920652
1392.0,167936,1701,45.0,1,0,-0.060368998387275496,8.86126203648746,0.021484375,0.004965974,0.0001,0.3666083812713623,1.5267521142959595,0.2,-0.006548206474690232,2616,-16.22173291012645
1406.0,168448,1645,45.0,1,0,-0.0787526996282395,9.525390695780516,0.0244140625,0.00858709,0.0001,0.08517718315124512,3.853349208831787,0.2,-0.009459541444812203,2624,-16.731784096937627
1406.0,168960,1778,45.0,1,0,-0.046901016852643806,4.499266800004989,0.012451171875,0.006963654,0.0001,0.13817739486694336,1.304890513420105,0.2,-0.004934149146720301,2632,-17.22024281626567
1371.5,169472,1905,45.0,1,0,-0.03675852845844929,5.43529532616958,0.016357421875,0.00811677,0.0001,0.3085128664970398,0.9550889134407043,0.2,-0.00532003248372348,2640,-17.523483104314654
1370.0,169984,1687,45.0,1,0,-0.042097215988178505,4.721688303165138,0.014404296875,0.005974251,0.0001,0.48678404092788696,1.1725980043411255,0.2,-0.0042168877480435185,2648,-17.76313862113282
1408.5,170496,1944,45.0,1,0,-0.03774656770110596,5.015066121704876,0.024658203125,0.019630998,0.0001,0.504268229007721,1.1241495609283447,0.2,-0.00794061189662898,2656,-18.104660779200493
1351.5,171008,1907,45.0,1,0,-0.03289492668591265,2.7041102554649115,0.01611328125,0.012286103,0.0001,0.10020697116851807,0.8681996464729309,0.2,-0.002616372446937021,2664,-17.165866027772427
1325.0,171520,1824,45.0,1,0,-0.040346588499232894,5.602123857475817,0.015869140625,0.006682939,0.0001,0.4760250449180603,1.2763214111328125,0.2,-0.001537588603241602,2672,-17.100226162299514
1327.5,172032,1833,45.0,1,0,-0.0311692884997683,7.182303654029965,0.017578125,0.008703939,0.0001,0.3734263777732849,2.0089075565338135,0.2,-0.005784560598840471,2680,-17.20332500493154
1330.5,172544,1831,45.0,1,0,-0.038377860882974346,3.57199517916888,0.01953125,0.0038497483,0.0001,0.5699600577354431,0.8572186827659607,0.2,-0.005000683828257024,2688,-15.865105183217674
1327.0,173056,1768,45.0,1,0,-0.044178266029121005,4.923684727866203,0.021728515625,0.006737767,0.0001,0.031125903129577637,1.9135538339614868,0.2,-0.003660308189864736,2696,-15.353519272245467
1302.5,173568,1903,45.0,1,0,-0.026289585111953784,3.7859188094735146,0.018310546875,0.0055698715,0.0001,0.030333340167999268,0.45624595880508423,0.2,-0.003611229327361798,2704,-14.651420815251768
1267.0,174080,1824,45.0,1,0,-0.019819163868305623,4.412852285429835,0.0078125,0.0013767928,0.0001,0.3937940001487732,2.667494058609009,0.2,-0.0032435416978842113,2712,-13.853817228637636
1312.5,174592,1755,45.0,1,0,-0.03488504192137043,4.259279845282435,0.019775390625,0.0051299655,0.0001,0.2826000452041626,2.4511702060699463,0.2,-0.005203404674830381,2720,-13.11254714211449
1335.5,175104,1867,45.0,1,0,-0.0350744909610512,5.43812582292594,0.025146484375,0.0121398065,0.0001,0.4388526678085327,1.3778339624404907,0.2,-0.00748631600436056,2728,-12.426713371332735
1347.5,175616,1810,45.0,1,0,-0.03253467333706794,3.689506079768762,0.014892578125,0.01583368,0.0001,0.4873153567314148,0.44744226336479187,0.2,-0.004070293165568728,2736,-12.039714052937924
1395.5,176128,1817,45.0,1,0,-0.05024140285240719,6.1783471792005,0.033203125,0.0090343915,0.0001,0.33191365003585815,2.7282960414886475,0.2,-0.007625982736499282,2744,-12.06910013327375
1428.5,176640,1738,45.0,1,0,-0.04385547217680141,5.766515674069524,0.023681640625,0.007967218,0.0001,0.3968595266342163,2.320923089981079,0.2,-0.005493675620527938,2752,-12.180075879115611
1358.0,177152,2042,45.0,1,0,-0.05014371854849742,6.802290723659098,0.028564453125,0.009804531,0.0001,0.5369564592838287,1.7217687368392944,0.2,-0.008326482653501444,2760,-12.993617820069193
1346.5,177664,1662,45.0,1,0,-0.04192479543144145,12.621365088969469,0.01904296875,0.0019926159,0.0001,0.49792516231536865,4.901002883911133,0.2,-0.00621338453493081,2768,-14.134877290446312
1384.0,178176,1817,45.0,1,0,-0.032908547640545294,6.731340430676937,0.014892578125,0.0033629918,0.0001,0.04947167634963989,2.341779947280884,0.2,-0.00431285710510565,2776,-15.396407671589404
1384.0,178688,1951,45.0,1,0,-0.035818956237562816,4.281262854114175,0.019775390625,0.0038950043,0.0001,0.5960839092731476,1.5832546949386597,0.2,-0.004251027086866088,2784,-16.636004282217474
1350.0,179200,1865,45.0,1,0,-0.03361661044800712,5.529612535610795,0.01513671875,0.0040864004,0.0001,0.6514690816402435,4.548845291137695,0.2,-0.004661066945118364,2792,-17.973660808689893
1373.5,179712,1466,45.0,1,0,-0.024850066704857454,3.720081389416009,0.012939453125,0.006650186,0.0001,0.3631514310836792,2.436448097229004,0.2,-0.004359683225629851,2800,-18.7987836939469
1371.5,180224,1868,45.0,1,0,-0.055394168968632584,3.778015624266118,0.0361328125,0.007744894,0.0001,0.3640126585960388,1.693655014038086,0.2,-0.0054369622412195895,2808,-19.1222878950648
1325.0,180736,1750,45.0,1,0,-0.04408891568891704,3.667590588796884,0.036376953125,0.013903415,0.0001,0.21662002801895142,1.7366797924041748,0.2,-0.008300741108541843,2816,-19.14118513399735
1294.0,181248,1808,45.0,1,0,-0.03854637444965192,5.033397901803255,0.026123046875,0.00821109,0.0001,0.37568581104278564,1.5928705930709839,0.2,-0.005516122066183016,2824,-18.978164435010402
1338.5,181760,1924,45.0,1,0,-0.05414145809118054,2.532151854131371,0.024169921875,0.011507663,0.0001,0.29850828647613525,0.4717960059642792,0.2,-0.007659756229259074,2832,-17.957370110843332
1339.0,182272,1805,45.0,1,0,-0.032348609142900386,1.8457965767011046,0.0166015625,0.007273866,0.0001,0.44822269678115845,1.0435537099838257,0.2,-0.0050899093694170006,2840,-16.398054708186535
1363.0,182784,1860,45.0,1,0,-0.02243692129286501,2.2363427625969052,0.013427734375,0.006184958,0.0001,0.4545373320579529,0.7362450361251831,0.2,-0.003637578891357407,2848,-15.192006789296865
1373.0,183296,1648,45.0,1,0,-0.02896657384098944,3.0826440672390163,0.019775390625,0.009325374,0.0001,0.31493324041366577,0.8857173323631287,0.2,-0.007895564413047396,2856,-14.129562529418617
1343.0,183808,1649,45.0,1,0,-0.024472293856888427,3.2637587799690664,0.01318359375,0.0040823496,0.0001,0.2533496618270874,0.796322226524353,0.2,-0.004649104073905619,2864,-13.034465234167874
1283.5,184320,1604,45.0,1,0,-0.03610843788828788,7.663331436924636,0.0205078125,0.00550123,0.0001,0.22404032945632935,0.4198042154312134,0.2,-0.006242813840799499,2872,-13.034757773950696
1285.5,184832,1812,45.0,1,0,-0.03468128943677584,4.130919470451772,0.01904296875,0.0088572735,0.0001,0.3637239933013916,0.7435805797576904,0.2,-0.005625516792861163,2880,-13.285159781873226
1261.5,185344,1892,45.0,1,0,-0.04533750377413526,4.590411682613194,0.015869140625,0.0036274483,0.0001,0.34748053550720215,0.6522822976112366,0.2,-0.005495525161677506,2888,-13.668872706741094
1264.0,185856,1810,45.0,1,0,-0.045374907484074356,6.119856319390237,0.025146484375,0.0050947764,0.0001,0.20566999912261963,0.8896380066871643,0.2,-0.006391834715032019,2896,-14.100771995857357
1247.0,186368,1915,45.0,1,0,-0.050275626163056586,2.881329010706395,0.033203125,0.014572827,0.0001,0.33387529850006104,1.1161707639694214,0.2,-0.008768053390667774,2904,-14.810047965794801
1240.5,186880,1756,45.0,1,0,-0.026200253344541125,3.059901080094278,0.0126953125,0.009809439,0.0001,0.30808377265930176,0.3549004793167114,0.2,-0.0035192476061638445,2912,-15.515924580432475
1241.0,187392,1827,45.0,1,0,-0.021529601358452055,3.034280468476936,0.010009765625,0.0015680373,0.0001,0.19427555799484253,1.6491597890853882,0.2,-0.004475099725823384,2920,-16.136425459571182
1260.0,187904,1812,45.0,1,0,-0.03096159119559161,5.99470014963299,0.026123046875,0.009203776,0.0001,0.37849950790405273,1.6440801620483398,0.2,-0.004860685563471634,2928,-16.39437286436558
1239.0,188416,1913,45.0,1,0,-0.024657282270709402,3.788375600706786,0.02099609375,0.01899007,0.0001,0.24442005157470703,0.6726275682449341,0.2,-0.007808183807355817,2936,-16.428193385899068
1271.5,188928,2066,45.0,1,0,-0.02622089663600491,2.2520129145123065,0.02880859375,0.008799634,0.0001,0.1789182424545288,0.670503556728363,0.2,-0.007352866616201936,2944,-16.09632022369653
1319.5,189440,1764,45.0,1,0,-0.022342868264786375,4.577889207750559,0.01416015625,0.00751771,0.0001,0.4292369484901428,2.116380214691162,0.2,-0.004494658162002452,2952,-15.863215961195529
1347.5,189952,1770,45.0,1,0,-0.03562919147043431,4.322193372063339,0.019775390625,0.0049024373,0.0001,0.08288872241973877,0.5815596580505371,0.2,-0.007204409877886064,2960,-15.333265338018537
1342.0,190464,1694,45.0,1,0,-0.03648064105254889,3.829021121840924,0.02197265625,0.018731922,0.0001,0.4424418807029724,0.6175307631492615,0.2,-0.008585652736655902,2968,-14.998739279694854
1360.5,190976,1891,45.0,1,0,-0.0407880742341149,4.534884183201939,0.02392578125,0.008466138,0.0001,0.32544898986816406,1.4108549356460571,0.2,-0.006365363238728605,2976,-14.66974865924567
1313.5,191488,1799,45.0,1,0,-0.022680556025989063,2.0945178798865527,0.017333984375,0.0025091064,0.0001,0.22406625747680664,0.898796558380127,0.2,-0.00454265432927059,2984,-14.617429644949734
1327.0,192000,1938,45.0,1,0,-0.028329325688901008,3.325498992577195,0.014404296875,0.008101594,0.0001,0.3913367986679077,1.0815012454986572,0.2,-0.0035343108647793997,2992,-14.850125466771424
1307.0,192512,1874,45.0,1,0,-0.022675400166917825,5.299234531354159,0.010498046875,0.0017848597,0.0001,0.44094765186309814,0.46071648597717285,0.2,-0.003968230586906429,3000,-15.3124492726475
1261.5,193024,1943,45.0,1,0,-0.021676906800166762,5.198183006606996,0.012939453125,0.0038491834,0.0001,0.29161208868026733,2.710196018218994,0.2,-0.0035715168305614498,3008,-16.05738703981042
1255.5,193536,2117,45.0,1,0,-0.03502818829747412,4.599887320306152,0.027099609375,0.025197545,0.0001,0.5318724811077118,1.951228380203247,0.2,-0.00779335022525629,3016,-16.94545193567872
1262.5,194048,1274,45.0,1,0,-0.03057935012384405,3.551868997979909,0.017333984375,0.0037095705,0.0001,0.23314261436462402,0.4412297010421753,0.2,-0.005460007130750455,3024,-17.030912053957582
1271.5,194560,1744,45.0,1,0,-0.03828778729439364,3.2684243097901344,0.033203125,0.027277159,0.0001,0.5609503090381622,0.5368026494979858,0.2,-0.008282060080091469,3032,-17.523783691488205
1265.0,195072,1907,45.0,1,0,-0.027887115486919356,2.4137935708276927,0.018310546875,0.0020218992,0.0001,0.5511394143104553,0.959332287311554,0.2,-0.0041617876559030265,3040,-17.582611854821444
1196.0,195584,1889,45.0,1,0,-0.024995121149004262,3.6226493818685412,0.017578125,0.010054443,0.0001,0.42362433671951294,0.983131468296051,0.2,-0.004796647401235532,3048,-18.068246238678693
1230.5,196096,1937,45.0,1,0,-0.021430784470794606,3.7807277627289295,0.010986328125,0.007189113,0.0001,0.08239823579788208,0.7646373510360718,0.2,-0.004261343157850206,3056,-18.245663826577367
1182.0,196608,2046,45.0,1,0,-0.022143859810967115,2.2590986837167293,0.01708984375,0.01080904,0.0001,0.4409071207046509,0.3290114104747772,0.2,-0.005426901836472098,3064,-17.79735560759902
1161.0,197120,1817,45.0,1,0,-0.03161795863343286,4.72919103782624,0.020263671875,0.010421032,0.0001,0.5075050592422485,1.259325623512268,0.2,-0.006421533649699995,3072,-17.47506154872477
1205.5,197632,1674,45.0,1,0,-0.03053771190388943,2.9254463161341846,0.029052734375,0.017199311,0.0001,0.341671884059906,1.259657859802246,0.2,-0.005871596615179442,3080,-17.161427454687654
1212.5,198144,1679,45.0,1,0,-0.025243321755624493,3.8352466761134565,0.019287109375,0.0077456376,0.0001,0.35544735193252563,0.8881773948669434,0.2,-0.0081855357348104,3088,-16.464868270643056
1247.0,198656,1391,45.0,1,0,-0.028486001943747397,4.610886768903583,0.026123046875,0.014362908,0.0001,0.44420474767684937,1.4219608306884766,0.2,-0.006639700055529829,3096,-16.39000142775476
1260.0,199168,1713,45.0,1,0,-0.03354012224735925,4.518718206323683,0.01953125,0.009995754,0.0001,0.4502183794975281,2.1888883113861084,0.2,-0.007836102791770827,3104,-16.116873400583863
1300.0,199680,1730,45.0,1,0,-0.04257556977427157,3.297265221364796,0.02734375,0.0049105915,0.0001,0.4199433922767639,1.4067707061767578,0.2,-0.006375243508955464,3112,-16.12523970153183
1296.0,200192,1694,45.0,1,0,-0.06361885888327379,4.927258780691773,0.043212890625,0.019593757,0.0001,0.4257299304008484,0.7519372701644897,0.2,-0.009909363136102911,3120,-16.139217375330627
1379.0,200704,1816,45.0,1,0,-0.03582477063537226,6.79586954601109,0.023681640625,0.01700065,0.0001,0.3272854685783386,4.45239782333374,0.2,-0.006130581452453043,3128,-16.454957369230687
1371.0,201216,1835,45.0,1,0,-0.030310695967273205,2.9644094824325293,0.0185546875,0.008105944,0.0001,0.4204786419868469,1.0362862348556519,0.2,-0.00569366425042972,3136,-16.960777860879897
1406.0,201728,1779,45.0,1,0,-0.025893992467899807,5.817019696813077,0.014892578125,0.0060296296,0.0001,0.5499814450740814,2.828603506088257,0.2,-0.001232124472153373,3144,-17.713334596157075
1423.0,202240,1984,45.0,1,0,-0.025822639289799554,6.648150867782533,0.01123046875,0.0044097984,0.0001,0.3957030773162842,1.8538415431976318,0.2,-0.0032389013067586347,3152,-18.030020444355905
1399.5,202752,1410,45.0,1,0,-0.03192680806569115,2.91998787317425,0.024169921875,0.005903884,0.0001,0.56442990899086,0.6047456860542297,0.2,-0.006134952367574442,3160,-18.184218850508334
1379.0,203264,1846,45.0,1,0,-0.030832234950139537,5.174683072604239,0.02392578125,0.009111134,0.0001,0.5859996676445007,0.8985770344734192,0.2,-0.005195068701141281,3168,-18.465517660975458
1368.5,203776,1707,45.0,1,0,-0.03389873804553645,3.1747479657642543,0.009765625,0.005922919,0.0001,0.6411584317684174,0.7063868641853333,0.2,-0.0034332390860072337,3176,-18.414136426635086
1383.0,204288,1710,45.0,1,0,-0.053327063336837455,4.5594968078657985,0.034912109375,0.03040235,0.0001,0.6166833937168121,1.380953311920166,0.2,-0.008448687942291144,3184,-18.310122052915393
1377.0,204800,1402,45.0,1,0,-0.03563881206036967,3.8597277887165546,0.020751953125,0.0062223957,0.0001,0.2933642268180847,0.5529780983924866,0.2,-0.004906451235001441,3192,-17.399074898697435
1335.0,205312,1698,45.0,1,0,-0.03553731964348117,4.329225789755583,0.01220703125,0.0034447536,0.0001,0.08278989791870117,1.8223090171813965,0.2,-0.0026033070498669986,3200,-16.276295702829955
1350.5,205824,1851,45.0,1,0,-0.06763535397840315,10.554556788876653,0.0380859375,0.008765599,0.0001,0.1609504222869873,8.076712608337402,0.2,-0.007921522977994755,3208,-15.254126627855003
1365.0,206336,1851,45.0,1,0,-0.03535042276052991,3.5040247007273138,0.023193359375,0.022945456,0.0001,0.3194403052330017,1.545060634613037,0.2,-0.003326390859001549,3216,-14.348004571720958
1344.0,206848,2308,45.0,1,0,-0.021791068848415307,1.91985002043657,0.017578125,0.0094694905,0.0001,0.07864052057266235,0.5706239938735962,0.2,-0.0036872931086691096,3224,-13.711529847495258
1320.0,207360,1334,45.0,1,0,-0.02160181378303605,4.188358659856021,0.01806640625,0.019058648,0.0001,0.5894326269626617,2.645007371902466,0.2,-0.006815354947320884,3232,-13.59975946329534
1289.5,207872,1841,45.0,1,0,-0.03202352310563583,7.229544297326356,0.014892578125,0.003346039,0.0001,0.456240177154541,3.204519271850586,0.2,-0.005026409387937747,3240,-13.55467826295644
1220.0,208384,1907,45.0,1,0,-0.02726058636289963,4.1466003390960395,0.018798828125,0.012872095,0.0001,0.15284717082977295,2.0358967781066895,0.2,-0.006381466751918197,3248,-13.698451856561006
1267.0,208896,1926,45.0,1,0,-0.04271119044824445,2.899565458763391,0.02880859375,0.017557833,0.0001,0.3924388289451599,0.39195770025253296,0.2,-0.006799125418183394,3256,-13.829996112063528
1282.5,209408,1692,45.0,1,0,-0.027056751837790216,2.957302645780146,0.01953125,0.01225733,0.0001,0.527955025434494,0.45504331588745117,0.2,-0.006035474634700222,3264,-14.47985046107322
1262.0,209920,1881,45.0,1,0,-0.02241899734872277,2.1570061179809272,0.015625,0.006710104,0.0001,0.2769569158554077,0.866021990776062,0.2,-0.004660894817789085,3272,-15.240876483134926
1251.5,210432,1876,45.0,1,0,-0.037686523881347966,5.469666679855436,0.029541015625,0.010236274,0.0001,0.4589977264404297,2.1014862060546875,0.2,-0.006723440012137871,3280,-16.177903375998138
1140.0,210944,1952,45.0,1,0,-0.022958144226322474,2.397389024263248,0.017333984375,0.018014913,0.0001,0.3907485008239746,0.77295982837677,0.2,-0.0043001826634281315,3288,-16.90459995351732
1156.0,211456,2077,45.0,1,0,-0.038300157401863544,3.8182576214894652,0.028564453125,0.014305556,0.0001,0.557260662317276,0.3908432126045227,0.2,-0.007431019716023002,3296,-17.896839135102926
1156.5,211968,1208,45.0,1,0,-0.015847417479108117,2.9563405404333025,0.015380859375,0.013060572,0.0001,0.680175244808197,1.4701766967773438,0.2,-0.005100322512589628,3304,-18.43209208294749
1115.0,212480,1996,45.0,1,0,-0.038060522697378474,3.4749048901721835,0.0224609375,0.006432403,0.0001,0.6021515727043152,0.5754169821739197,0.2,-0.006299133678112412,3312,-18.940463231876493
1158.5,212992,1854,45.0,1,0,-0.03224788904117304,5.542898386716843,0.023193359375,0.014485662,0.0001,0.4328487515449524,2.6969122886657715,0.2,-0.00298507560910366,3320,-19.56363966293633
1135.5,213504,1875,45.0,1,0,-0.02442107967544871,2.987833196297288,0.018310546875,0.0054919873,0.0001,0.4067276120185852,0.4111884534358978,0.2,-0.0028389426588546485,3328,-19.29993525687605
1130.0,214016,1778,45.0,1,0,-0.024736758179642493,4.383061207830906,0.013427734375,0.010808127,0.0001,0.04586130380630493,3.403883218765259,0.2,-0.005170022399397567,3336,-19.186897235140204
1138.0,214528,1760,45.0,1,0,-0.016891857348127814,8.794658951461315,0.01220703125,0.011877292,0.0001,0.3156750202178955,3.8683226108551025,0.2,-0.004229900610880577,3344,-19.06835492014885
1185.5,215040,1742,45.0,1,0,-0.023729331235699647,8.343610370531678,0.0126953125,0.002847286,0.0001,0.40504807233810425,3.0443100929260254,0.2,-0.0034064148312609177,3352,-18.56484381146729
1228.0,215552,2039,45.0,1,0,-0.014944725572604511,3.354006896028295,0.005126953125,0.004681865,0.0001,0.1589173674583435,1.0158060789108276,0.2,-0.002195118871895829,3360,-17.94679482161999
1248.5,216064,2079,45.0,1,0,-0.020890744935513794,1.641240042168647,0.015625,0.01826014,0.0001,0.5861365795135498,0.6677334308624268,0.2,-0.0021179078858040157,3368,-17.791392388977112
1228.5,216576,1978,45.0,1,0,-0.02169398189198546,4.546956029720604,0.010498046875,0.0020994325,0.0001,0.6305093169212341,3.071256637573242,0.2,-0.004254299556123442,3376,-17.723006997071206
1228.0,217088,1433,45.0,1,0,-0.021201326184382197,2.920153446495533,0.010009765625,0.0028827405,0.0001,0.29037678241729736,0.7827805876731873,0.2,-0.0037239430748741142,3384,-17.471868246346713
1178.5,217600,1963,45.0,1,0,-0.023078590013028588,6.766281237825751,0.011962890625,0.004539353,0.0001,0.4409272074699402,2.2430191040039062,0.2,-0.003872457797115203,3392,-17.226030386425556
1200.0,218112,1832,45.0,1,0,-0.03555961735219171,5.125713382381946,0.03515625,0.02468676,0.0001,0.3370800018310547,0.8856852054595947,0.2,-0.008131816910463385,3400,-17.73896045014262
1220.0,218624,1861,45.0,1,0,-0.021453003703754803,2.8245095210149884,0.0126953125,0.0054104174,0.0001,0.37834036350250244,0.3874773383140564,0.2,-0.004730082262540236,3408,-17.731636342927814
1201.0,219136,1768,45.0,1,0,-0.027855389264914265,5.661005048081279,0.023193359375,0.005964541,0.0001,0.3506534695625305,4.758665084838867,0.2,-0.005158422878594138,3416,-17.81196062285453
1149.0,219648,1676,45.0,1,0,-0.02190206975046749,10.11466502584517,0.01220703125,0.006076576,0.0001,0.2534133195877075,1.7316235303878784,0.2,-0.0037316175730666146,3424,-18.100511430725454
1221.5,220160,1914,45.0,1,0,-0.026604468386722147,4.75567028298974,0.0185546875,0.0033598156,0.0001,0.23033112287521362,1.4325542449951172,0.2,-0.005494960223586531,3432,-18.567309983335434
1207.5,220672,2031,45.0,1,0,-0.03162727048038505,3.2683671093545854,0.02294921875,0.0071610687,0.0001,0.5958495736122131,0.7136425971984863,0.2,-0.005769001534645213,3440,-18.402513845823705
1262.0,221184,1784,45.0,1,0,-0.027876307842234382,7.405766241252422,0.01904296875,0.00595688,0.0001,0.3710178732872009,2.131962299346924,0.2,-0.00529940398701001,3448,-18.83212227549404
1285.5,221696,1300,45.0,1,0,-0.04167061208318046,6.669589431025088,0.0244140625,0.0063443934,0.0001,0.3007478713989258,4.631390571594238,0.2,-0.008036987681407481,3456,-19.240431252904237
1304.0,222208,1783,45.0,1,0,-0.03823362875118619,3.3890334223397076,0.01123046875,0.0023787636,0.0001,0.4933115839958191,0.48599496483802795,0.2,-0.0034096785657311557,3464,-19.51615614026785
1322.5,222720,1674,45.0,1,0,-0.05459860361952451,8.643024176824838,0.044189453125,0.020513278,0.0001,0.31808608770370483,1.5661150217056274,0.2,-0.0119421893323306,3472,-19.966623876355587
1341.5,223232,1824,45.0,1,0,-0.08178191007755231,8.701668981462717,0.05078125,0.0082096495,0.0001,0.1215314269065857,2.6310677528381348,0.2,-0.013891114984289743,3480,-20.822033726647497
1387.5,223744,1811,45.0,1,0,-0.04661240623136109,12.665296223014593,0.023193359375,0.009970695,0.0001,0.3268486261367798,6.111804008483887,0.2,-0.005702556161850225,3488,-21.33533360078931
1365.5,224256,1786,45.0,1,0,-0.03594317410988879,7.597620461136103,0.028076171875,0.022875004,0.0001,0.39581549167633057,4.142129421234131,0.2,0.002687413811145234,3496,-21.64792090266943
1366.5,224768,2017,45.0,1,0,-0.0329593967890105,4.167970846872777,0.0185546875,0.0049109147,0.0001,0.49016088247299194,1.5718356370925903,0.2,-0.006795361601689365,3504,-21.82193947773427
1418.5,225280,1747,45.0,1,0,-0.02463059614001395,3.772806050721556,0.0126953125,0.0033865287,0.0001,0.5997194945812225,4.711583614349365,0.2,-0.0026454959534021327,3512,-21.495121973752976
1405.5,225792,1399,45.0,1,0,-0.05254078670077433,9.287005141377449,0.045654296875,0.020948103,0.0001,0.37959593534469604,2.8854868412017822,0.2,-0.007870115645346232,3520,-21.242890444509683
1435.0,226304,1567,45.0,1,0,-0.048725788765295874,4.319947317708284,0.041259765625,0.011577101,0.0001,0.47197723388671875,1.171932578086853,0.2,-0.010402200805401662,3528,-21.070087533034386
1438.0,226816,1605,45.0,1,0,-0.0429898705042433,5.925593059509993,0.031005859375,0.0063885273,0.0001,0.5108648240566254,1.628564476966858,0.2,-0.008027509175008163,3536,-20.873888948224486
1405.0,227328,1758,45.0,1,0,-0.04821187223751622,4.850242666434497,0.030517578125,0.013349067,0.0001,0.39129185676574707,0.5568510890007019,0.2,-0.0015342947444878519,3544,-20.044000368230044
1385.0,227840,1877,45.0,1,0,-0.036004063118525664,12.893121359869838,0.027099609375,0.008039998,0.0001,0.3541378378868103,3.22613263130188,0.2,-0.0077081495001039,3552,-19.500727860070764
1339.0,228352,1885,45.0,1,0,-0.03227927291618471,6.503553320653737,0.01953125,0.0057353135,0.0001,0.5494809448719025,1.8276923894882202,0.2,-0.004852447586017661,3560,-18.85421659205109
1319.0,228864,1963,45.0,1,0,-0.02134888549835523,5.325911703519523,0.00732421875,0.0020956136,0.0001,0.5122561156749725,1.608099102973938,0.2,-0.002654226071172161,3568,-18.28526988748461
1258.5,229376,2088,45.0,1,0,-0.016217622187923553,4.464157124981284,0.01416015625,0.004742994,0.0001,0.6790498495101929,1.6403753757476807,0.2,-0.0044016237698087934,3576,-17.923987608887256
1269.5,229888,1822,45.0,1,0,-0.015798081736875247,3.500861521344632,0.008544921875,0.0023304676,0.0001,0.7264882624149323,0.593911349773407,0.2,-0.0034795702558767516,3584,-17.985758950710295
1232.0,230400,1480,45.0,1,0,-0.05058199141603836,6.733556689694524,0.035888671875,0.008421961,0.0001,0.5398238301277161,3.236020088195801,0.2,-0.010231258314888692,3592,-16.93660304121673
1214.0,230912,1838,45.0,1,0,-0.02382376473815384,4.602141643874347,0.01171875,0.004005344,0.0001,0.5026194751262665,1.9625953435897827,0.2,-0.002877914103009971,3600,-16.911212542392313
1244.0,231424,1847,45.0,1,0,-0.026761494297716126,3.892490353435278,0.016845703125,0.0038541695,0.0001,0.7025755643844604,0.22522829473018646,0.2,-0.004917601458146237,3608,-17.346232524178923
1235.5,231936,1785,45.0,1,0,-0.02481183199233783,3.903591573238373,0.013427734375,0.002504355,0.0001,0.48358792066574097,0.8248717784881592,0.2,-0.0032978601593640633,3616,-17.845829965919258
1185.0,232448,2151,45.0,1,0,-0.02098174530669894,3.4657847993075848,0.013427734375,0.0039054854,0.0001,0.49652642011642456,1.587605357170105,0.2,-0.003260439107179991,3624,-18.126693670526148
1193.0,232960,1832,45.0,1,0,-0.02143163800860748,6.955919262953103,0.016357421875,0.0138448505,0.0001,0.6023540496826172,0.7339169979095459,0.2,-0.005016785617044661,3632,-19.095974579565226
1245.0,233472,1460,45.0,1,0,-0.029648607573108166,3.566517347469926,0.018798828125,0.0029339711,0.0001,0.557464987039566,0.7813276648521423,0.2,-0.003200824688974535,3640,-19.81523851964623
1266.0,233984,1876,45.0,1,0,-0.020795068872530464,3.313751250039786,0.016357421875,0.011476852,0.0001,0.04566890001296997,1.2012629508972168,0.2,-0.005563643353525549,3648,-20.137211383134126
1290.0,234496,1883,45.0,1,0,-0.030664323388919,4.626413049641997,0.02685546875,0.03396475,0.0001,0.5529466569423676,1.3142634630203247,0.2,-0.004794941942236619,3656,-20.838642752021553
1311.0,235008,1381,45.0,1,0,-0.040218110681053076,4.7991673508659005,0.033203125,0.023443652,0.0001,0.37721437215805054,4.6380510330200195,0.2,-0.003201597348379437,3664,-21.121804209351538
1331.0,235520,1729,45.0,1,0,-0.05619012089300668,8.791801705956459,0.028564453125,0.01739531,0.0001,0.35319823026657104,2.646484375,0.2,-0.0016706965907360427,3672,-21.49400101393461
1264.5,236032,1866,45.0,1,0,-0.06496514722675784,5.515492699109018,0.04443359375,0.020945914,0.0001,-0.07710444927215576,1.6349691152572632,0.2,-0.006200607858772855,3680,-21.21523859012872
1270.0,236544,1760,45.0,1,0,-0.04748377884243382,5.659028771333396,0.028564453125,0.01834009,0.0001,0.06193971633911133,0.440900057554245,0.2,-0.009326341983978637,3688,-22.148111640624702
1353.0,237056,1765,45.0,1,0,-0.07033671616591164,9.302110926248133,0.041259765625,0.013886888,0.0001,0.3852549195289612,2.0517494678497314,0.2,-0.012341930661932565,3696,-23.848939986526965
1410.0,237568,1713,45.0,1,0,-0.06255541998689296,26.494266517460346,0.028564453125,0.0057364255,0.0001,0.48751091957092285,12.22801685333252,0.2,-0.008429881811025552,3704,-24.353568308092655
1478.5,238080,1787,45.0,1,0,-0.06480877843205235,8.811069352552295,0.052001953125,0.044920377,0.0001,0.42174869775772095,1.5845868587493896,0.2,-0.007916666792880278,3712,-24.986226558424534
1478.5,238592,1957,45.0,1,0,-0.04918364864352043,5.753004520200193,0.0322265625,0.00740521,0.0001,0.20694583654403687,1.366256833076477,0.2,-0.005750438314862549,3720,-24.95829956397414
1470.0,239104,1729,45.0,1,0,-0.042808154872545856,6.10237093269825,0.02734375,0.007230888,0.0001,0.5739144384860992,1.4276639223098755,0.2,-0.004416333213157486,3728,-24.595041878670454
1482.0,239616,1788,45.0,1,0,-0.070820104694576,7.096087173558772,0.036376953125,0.01108939,0.0001,0.38491564989089966,2.561924695968628,0.2,-0.00853732935138396,3736,-24.722169505767525
1475.5,240128,1668,45.0,1,0,-0.03695664029146428,4.531410361640155,0.02392578125,0.0057268487,0.0001,0.5059879422187805,0.8728464841842651,0.2,-0.003761692987609422,3744,-23.870630370974542
1514.5,240640,1624,45.0,1,0,-0.062190122098400025,6.509532087482512,0.037109375,0.008089192,0.0001,0.3767727017402649,0.7901570200920105,0.2,-0.009978533460525796,3752,-23.06785631865263
1511.0,241152,1851,45.0,1,0,-0.039563347922012326,10.202280640602112,0.023681640625,0.015057293,0.0001,0.1527596116065979,3.0965476036071777,0.2,-0.006072919582948089,3760,-21.855476277209817
1517.0,241664,1869,45.0,1,0,-0.031478650738336,5.264540875330567,0.033935546875,0.028220259,0.0001,0.5013633370399475,3.9074299335479736,0.2,-0.004698735552665312,3768,-19.710831586271524
1495.5,242176,1772,45.0,1,0,-0.022980411335993267,8.349159094505012,0.00830078125,0.00058281876,0.0001,0.608605831861496,2.421531915664673,0.2,-0.0022557006086572073,3776,-18.538631788380442
1489.5,242688,1965,45.0,1,0,-0.025113255345786456,5.2582350615412,0.013916015625,0.0026602263,0.0001,0.6324436664581299,1.7133464813232422,0.2,-0.003486937435809523,3784,-17.84836079929024
1515.0,243200,1655,45.0,1,0,-0.029027583832430537,4.150111535564065,0.0126953125,0.000990977,0.0001,0.6533493101596832,0.8433898687362671,0.2,-0.0030074782953306567,3792,-17.0619968688488
1499.5,243712,1867,45.0,1,0,-0.038272670165042655,11.606538977473974,0.011962890625,0.0060415408,0.0001,0.3827328085899353,1.5699377059936523,0.2,-0.004217764337226981,3800,-16.83633230946958
1443.5,244224,1845,45.0,1,0,-0.04256137385527836,7.568056211806834,0.016845703125,0.007311748,0.0001,0.5133879482746124,1.025436520576477,0.2,-0.004851696063269628,3808,-16.63510541189462
1422.5,244736,1842,45.0,1,0,-0.034917289779968996,4.775410921312869,0.01318359375,0.0062327213,0.0001,-0.12363135814666748,1.3964791297912598,0.2,-0.0030648661049781367,3816,-16.514805287458003
1398.0,245248,1864,45.0,1,0,-0.0322930603902023,4.304251963738352,0.02490234375,0.010114798,0.0001,0.3828142285346985,1.7148514986038208,0.2,-0.005115480948006734,3824,-16.562685382403433
1409.0,245760,1870,45.0,1,0,-0.02233692301706469,3.3691146201454103,0.01123046875,0.002231199,0.0001,0.4894847273826599,0.5950919389724731,0.2,-0.004967090091668069,3832,-16.30884520240128
1393.0,246272,1804,45.0,1,0,-0.02991135490628949,7.978123214095831,0.0126953125,0.0037234174,0.0001,0.5195691883563995,2.597769021987915,0.2,-0.0030620756006101146,3840,-16.04803165912628
1414.5,246784,1653,45.0,1,0,-0.03185549320005521,16.23955111205578,0.018310546875,0.0044407556,0.0001,0.42479056119918823,5.792954444885254,0.2,-0.005716663494240493,3848,-16.13930757757276
1418.0,247296,2064,45.0,1,0,-0.016052164475240716,4.344490880146623,0.0048828125,0.00060592045,0.0001,0.56285360455513,2.0122408866882324,0.2,-0.00142008389957482,3856,-16.083746391944587
1283.5,247808,2085,45.0,1,0,-0.023355544135483797,4.1295153317041695,0.015380859375,0.03294047,0.0001,0.6933302283287048,1.8103456497192383,0.2,-0.002314732046215795,3864,-16.949450568705796
1267.5,248320,1546,45.0,1,0,-0.023274049987321632,6.036285386886448,0.028076171875,0.026347876,0.0001,0.6550239324569702,0.6098191142082214,0.2,-0.00604631064197747,3872,-18.18897651910782
1300.0,248832,1683,45.0,1,0,-0.040930157074399176,5.817786916159093,0.03564453125,0.011884416,0.0001,0.678609699010849,1.5263350009918213,0.2,-0.005295735965773929,3880,-19.82492501821369
1317.0,249344,1849,45.0,1,0,-0.03520975136143534,7.644488794729114,0.01416015625,0.0065365657,0.0001,0.7483819127082825,2.2452220916748047,0.2,-0.0026166342686337885,3888,-21.872798529453576
1324.0,249856,1740,45.0,1,0,-0.022966752997490403,6.2544868886470795,0.01123046875,0.0020189658,0.0001,-0.15866529941558838,0.8953078985214233,0.2,-0.003618647337134462,3896,-22.651148457042872
1304.5,250368,1908,45.0,1,0,-0.025714692120345717,3.464507260825485,0.01416015625,0.004412167,0.0001,0.39011961221694946,0.42311933636665344,0.2,-0.0036150597952655517,3904,-23.20091482542455
1298.0,250880,1724,45.0,1,0,-0.032677684295777,9.793908350169659,0.017822265625,0.004617603,0.0001,0.47569000720977783,3.5943140983581543,0.2,-0.0034991793800145388,3912,-23.512986333817242
1280.5,251392,1746,45.0,1,0,-0.0409803493785148,14.658152896910906,0.0263671875,0.0045710504,0.0001,0.1643846035003662,2.097142457962036,0.2,-0.004917517930152826,3920,-23.7256155019626
1252.5,251904,2269,45.0,1,0,-0.023752629629598232,3.2401698855683208,0.014404296875,0.0031171758,0.0001,0.34887319803237915,1.6576895713806152,0.2,-0.004128986478463048,3928,-23.27101331871003
1328.0,252416,1327,45.0,1,0,-0.014427075006551604,5.458677369169891,0.010498046875,0.0059519736,0.0001,0.5860913693904877,1.4288758039474487,0.2,-0.0036728052891703555,3936,-23.41002333369106
1330.5,252928,1938,45.0,1,0,-0.050381070304865716,12.418048594146967,0.02197265625,0.0038912373,0.0001,0.11648643016815186,4.778791427612305,0.2,-0.003991415700511425,3944,-23.29358569499105
1336.5,253440,1691,45.0,1,0,-0.035022018804738764,7.735683670267463,0.0263671875,0.015765682,0.0001,0.6593283712863922,2.355407238006592,0.2,-0.007738249893009197,3952,-23.615312550663948
1311.5,253952,1635,45.0,1,0,-0.04444035795313539,8.062350663356483,0.021240234375,0.0037544598,0.0001,0.2703516483306885,2.6687638759613037,0.2,-0.008367813716176897,3960,-23.323332913294436
1290.5,254464,1634,45.0,1,0,-0.034513130096456734,7.08610469289124,0.0302734375,0.014077837,0.0001,0.005124568939208984,1.7010865211486816,0.2,-0.007480843971279683,3968,-23.519761723279952
1327.0,254976,1812,45.0,1,0,-0.03439508763858612,12.80048444494605,0.0361328125,0.021621399,0.0001,0.37594133615493774,1.36164128780365,0.2,-0.004721755933132954,3976,-24.73293315000832
1328.0,255488,1748,45.0,1,0,-0.03543744383387093,6.000242463313043,0.017578125,0.0028212536,0.0001,0.6118482351303101,1.042216420173645,0.2,-0.003610923209635075,3984,-24.52174830522388
1372.0,256000,1888,45.0,1,0,-0.030243689707276644,4.962669605854899,0.01806640625,0.0048387493,0.0001,0.3322902321815491,1.351522445678711,0.2,-0.006143001126474701,3992,-24.729323174655438
1399.0,256512,1339,45.0,1,0,-0.027696601858224312,3.313371418742463,0.018310546875,0.012571568,0.0001,0.4158962368965149,0.8745860457420349,0.2,-0.0033717504047672264,4000,-25.007360907010735
1425.5,257024,1717,45.0,1,0,-0.0329177374505889,10.81978364661336,0.02880859375,0.010256025,0.0001,0.5139853954315186,4.251456260681152,0.2,-0.008660240135213826,4008,-24.234825872592626
1446.0,257536,1762,45.0,1,0,-0.04352286514767911,8.811955878511071,0.03515625,0.012090982,0.0001,0.451188862323761,2.632262945175171,0.2,-0.008673687829286791,4016,-23.592513262741267
1428.0,258048,1871,45.0,1,0,-0.033471871241999906,7.506078898906708,0.02197265625,0.021795645,0.0001,0.739289402961731,3.5281059741973877,0.2,-0.005529672980628675,4024,-22.579729658290745
1517.5,258560,1609,45.0,1,0,-0.029562535609329643,4.14297607075423,0.0263671875,0.010522944,0.0001,0.7298848330974579,1.3481591939926147,0.2,-0.005356082598154899,4032,-22.360068814083935
1501.5,259072,1893,45.0,1,0,-0.01969426617188219,6.179652233608067,0.014892578125,0.00538735,0.0001,0.6206455528736115,1.5709091424942017,0.2,-0.0034159476999775507,4040,-22.26484679002315
1486.0,259584,1882,45.0,1,0,-0.02329694074614963,4.005637270398438,0.01611328125,0.0020217176,0.0001,0.7441928088665009,1.9644168615341187,0.2,-0.004617505081114359,4048,-21.537258939817548
1452.0,260096,1796,45.0,1,0,-0.023447391566605802,6.168514893390238,0.017333984375,0.011471133,0.0001,0.707020103931427,1.8293908834457397,0.2,-0.005778209917480126,4056,-21.267349767684937
1427.0,260608,1757,45.0,1,0,-0.022134846151857346,5.475691859610379,0.012939453125,0.0029112766,0.0001,0.6403561234474182,1.652184247970581,0.2,-0.003152021989080822,4064,-21.09910838775337
1409.5,261120,1385,45.0,1,0,-0.0244668034733877,4.077985663898289,0.01318359375,0.0070577515,0.0001,0.6096141338348389,0.5522640943527222,0.2,-0.0019173947875970043,4072,-20.78650792978704
1376.5,261632,1782,45.0,1,0,-0.03896281521519995,3.9099525306373835,0.0205078125,0.0072157523,0.0001,0.38936591148376465,0.7962209582328796,0.2,-0.0049252219396294095,4080,-20.10546750139445
1365.0,262144,1692,45.0,1,0,-0.03292486738155276,7.6155039165169,0.022216796875,0.009726241,0.0001,0.6006470918655396,0.43891075253486633,0.2,-0.006287674972554669,4088,-19.974906758852303
1372.5,262656,1874,45.0,1,0,-0.027376369309422444,4.505011274013668,0.013916015625,0.004918032,0.0001,0.8294706791639328,1.4346610307693481,0.2,-0.0044374389326549135,4096,-20.106033693887294
1326.0,263168,1794,45.0,1,0,-0.03239365994977561,3.839795063715428,0.02685546875,0.010628518,0.0001,0.7661003172397614,0.9077267646789551,0.2,-0.0065865051074069925,4104,-20.419427316412328
1326.0,263680,1879,45.0,1,0,-0.015178476640357985,2.9154111333191395,0.0068359375,0.009953334,0.0001,0.7800111919641495,0.9591021537780762,0.2,-0.001369374462228734,4112,-20.60989045921713
1305.0,264192,1999,45.0,1,0,-0.023342761995991168,3.2231111703440547,0.013671875,0.008497195,0.0001,0.7859705984592438,1.1457691192626953,0.2,-0.003151345230435254,4120,-21.2820143173635
1323.0,264704,1805,45.0,1,0,-0.018087317896515742,8.834200628101826,0.016357421875,0.004961407,0.0001,0.7026621401309967,1.0557485818862915,0.2,-0.005560142679314595,4128,-22.532491949535906
1348.0,265216,1989,45.0,1,0,-0.017731466158011244,5.3760580494999886,0.017822265625,0.009204956,0.0001,0.7056500017642975,1.1141890287399292,0.2,-0.004713500449724961,4136,-23.363368541263043
1311.5,265728,1473,45.0,1,0,-0.02138083830868709,3.0947934936266392,0.013671875,0.0055328086,0.0001,0.4844781160354614,1.8943688869476318,0.2,-0.0028653486751863966,4144,-24.161602621525525
1303.5,266240,1940,45.0,1,0,-0.02584686312457052,4.135699384845793,0.02001953125,0.008961908,0.0001,0.6389390826225281,1.4888873100280762,0.2,-0.006746293300238904,4152,-25.082257482632993
1294.5,266752,1758,45.0,1,0,-0.027116721547372435,3.145179072394967,0.02197265625,0.023110326,0.0001,0.7255879938602448,0.6206531524658203,0.2,-0.008309973243740387,4160,-25.476348174959423
1291.5,267264,1913,45.0,1,0,-0.023015256747839885,5.197701429016888,0.01708984375,0.012017862,0.0001,0.7228648662567139,1.3724758625030518,0.2,-0.006868710777780507,4168,-25.616926596313714
1292.0,267776,1830,45.0,1,0,-0.00576983976043266,3.4862570997793227,0.00634765625,0.01044937,0.0001,0.6160391569137573,0.6308672428131104,0.2,0.002068475652777124,4176,-25.66565553177148
1349.0,268288,1882,45.0,1,0,-0.015111965916275949,2.4866143516264856,0.013427734375,0.0037352303,0.0001,0.6741375029087067,1.0452104806900024,0.2,-0.003507371620798949,4184,-25.873281279988586
1349.0,268800,1851,45.0,1,0,-0.021229513657999632,5.482209349516779,0.017578125,0.008884765,0.0001,0.6908479928970337,0.9430809617042542,0.2,-0.004613471508491784,4192,-25.954959686547518
1357.0,269312,1660,45.0,1,0,-0.01659500155801652,5.60519393440336,0.0146484375,0.019507864,0.0001,0.659784734249115,1.8487508296966553,0.2,-0.002330665800400311,4200,-25.334465359300374
1401.5,269824,2005,45.0,1,0,-0.014825097427547007,3.759584456915036,0.013427734375,0.0056740046,0.0001,0.3751789331436157,1.0260907411575317,0.2,-0.0025439037490286864,4208,-25.00969417206943
1355.0,270336,1514,45.0,1,0,-0.01061967111309059,5.2977606151252985,0.004638671875,0.005153927,0.0001,0.6426701247692108,1.327292561531067,0.2,-0.0025508117651042994,4216,-25.282851446941496
1323.0,270848,1946,45.0,1,0,-0.013999783302097057,5.292607351206243,0.014892578125,0.026239503,0.0001,0.6563883125782013,0.3670594394207001,0.2,-0.005474576297274325,4224,-25.117253877297046
1383.0,271360,1635,45.0,1,0,-0.0311759749133671,4.576629394199699,0.02392578125,0.01545628,0.0001,0.547323077917099,0.4700886905193329,0.2,-0.008009787856281037,4232,-24.64163041789085
1383.0,271872,1886,45.0,1,0,-0.014902141142556502,4.263976749032736,0.01416015625,0.01025568,0.0001,0.7062108814716339,0.7012265920639038,0.2,-0.005115840942380601,4240,-24.17739272918552
1360.0,272384,1881,45.0,1,0,-0.012366048889361991,5.981695827562362,0.0068359375,0.002446413,0.0001,0.6289365589618683,1.6529536247253418,0.2,-0.002201504452386871,4248,-24.15732938867062
1299.0,272896,1908,45.0,1,0,-0.017969713777119978,23.109827265143394,0.015625,0.0062815775,0.0001,0.4969747066497803,5.700348377227783,0.2,-0.004345493849541526,4256,-25.145372635498642
1285.0,273408,1739,45.0,1,0,-0.01890046996277306,8.835541106760502,0.010498046875,0.0018131445,0.0001,0.780603677034378,0.9466140866279602,0.2,-0.0017821394139900804,4264,-25.68121333334595
1264.0,273920,1905,45.0,1,0,-0.017100612583362818,10.198851019144058,0.00927734375,0.004829029,0.0001,0.7003118097782135,2.697551727294922,0.2,-0.003546230618667323,4272,-26.197969962432982
1226.5,274432,2130,45.0,1,0,-0.016532103939425724,13.939078522846103,0.00927734375,0.0031521984,0.0001,0.6033635437488556,2.12424373626709,0.2,-0.004794286091055255,4280,-27.04759368695319
1221.0,274944,1590,45.0,1,0,-0.009436203432414914,9.222180618904531,0.011474609375,0.0065529933,0.0001,0.6220254600048065,2.9151532649993896,0.2,-0.004194270011794288,4288,-27.24442469254136
1197.0,275456,1883,45.0,1,0,-0.0163283867800601,6.587152607738972,0.0078125,0.0023687964,0.0001,0.5283575654029846,2.1239237785339355,0.2,-0.002894671226385981,4296,-27.18117866054177
1135.5,275968,1927,45.0,1,0,-0.019107470880044275,4.85115977562964,0.013916015625,0.00907628,0.0001,0.7032625079154968,0.5355725884437561,0.2,-0.005318925352185033,4304,-26.99215428315103
1135.5,276480,1573,45.0,1,0,-0.01756230018918359,4.013166493270546,0.017333984375,0.0097845895,0.0001,0.4629970192909241,1.2697131633758545,0.2,-0.005292477857437916,4312,-26.58175229676068
1183.5,276992,1682,45.0,1,0,-0.009782073772385047,1.9628789685666561,0.006591796875,0.0032580204,0.0001,0.6748778522014618,0.324209064245224,0.2,-0.0017644340769038536,4320,-25.74526860732585
1203.0,277504,1805,45.0,1,0,-0.013552679683925817,3.235629884991795,0.009033203125,0.0022077202,0.0001,0.5038168132305145,0.951058030128479,0.2,-0.0017634272517170757,4328,-24.610476034358143
1238.0,278016,1716,45.0,1,0,-0.017127508145222237,5.327958776149899,0.0126953125,0.022328451,0.0001,0.696549266576767,1.1958118677139282,0.2,-0.004936652374453843,4336,-24.58409909326583
1286.5,278528,1726,45.0,1,0,-0.020091784943360835,4.594327008817345,0.01025390625,0.008139791,0.0001,0.623475581407547,0.7776886224746704,0.2,-0.0026475674221728696,4344,-24.72597073800862
1323.5,279040,1984,45.0,1,0,-0.023683709240685857,9.418004849925637,0.02001953125,0.036494017,0.0001,0.5275883674621582,1.961746335029602,0.2,-0.006597384352062363,4352,-25.140723379589616
1417.5,279552,1368,45.0,1,0,-0.0137002422079604,6.868705842643976,0.006103515625,0.0036014374,0.0001,0.5795672833919525,0.7424289584159851,0.2,-0.0021323654655134305,4360,-25.84877636928111
1426.5,280064,1815,45.0,1,0,-0.03144469489870971,7.631712194066495,0.0234375,0.0077776974,0.0001,0.5572484731674194,1.011075496673584,0.2,-0.0063993206749728415,4368,-26.215444614365698
1473.5,280576,1890,45.0,1,0,-0.02216718550062069,4.396585066337138,0.02392578125,0.006261293,0.0001,0.7138672173023224,1.734350562095642,0.2,-0.0064991875406121835,4376,-26.810440206862985
1425.5,281088,1894,45.0,1,0,-0.02788161292710356,3.3660269854590297,0.018310546875,0.008133849,0.0001,0.568655401468277,1.6438359022140503,0.2,-0.00639754567964701,4384,-27.61420956835151
1380.0,281600,1765,45.0,1,0,-0.026556472012089216,8.551768626552075,0.0302734375,0.03450741,0.0001,0.43261271715164185,1.719218134880066,0.2,-0.006420020756195299,4392,-28.558926446028053
1354.0,282112,1894,45.0,1,0,-0.04173432850620884,5.226534311193973,0.02880859375,0.019463426,0.0001,0.6871371269226074,0.7777428030967712,0.2,-0.007199591662356397,4400,-29.71109815388918
1353.5,282624,1756,45.0,1,0,-0.048104851273819804,7.186102963984013,0.021240234375,0.0054345303,0.0001,0.7848828434944153,1.5730576515197754,0.2,-0.005835648575157393,4408,-30.26913366921246
1241.5,283136,1990,45.0,1,0,-0.027377075795811834,5.75188049999997,0.0166015625,0.01678215,0.0001,0.6472212076187134,1.2774932384490967,0.2,-0.004380899146781303,4416,-30.15901215750724
1208.5,283648,1978,45.0,1,0,-0.0318574721004552,8.33012199215591,0.0224609375,0.004704568,0.0001,0.631556361913681,2.021101236343384,0.2,-0.004010757053038105,4424,-29.526381458304822
1196.5,284160,1821,45.0,1,0,-0.02515057388382047,7.479815301951021,0.0146484375,0.0019784416,0.0001,0.683466762304306,4.056359767913818,0.2,-0.002256574749480933,4432,-29.200228013955055
1188.5,284672,1444,45.0,1,0,-0.053805739613380865,8.245105758309364,0.040771484375,0.022063443,0.0001,0.35515397787094116,0.720228374004364,0.2,-0.010959112267300952,4440,-28.252739766798914
1218.5,285184,1860,45.0,1,0,-0.01873859675561107,6.147453241515905,0.01318359375,0.008519559,0.0001,0.4083525538444519,0.785489559173584,0.2,-0.0053969208092894405,4448,-27.587167370915413
1268.5,285696,1824,45.0,1,0,-0.0360427965533745,9.173204219900072,0.033447265625,0.019440906,0.0001,0.4124763011932373,2.66937255859375,0.2,-0.008650197786664648,4456,-27.439293307438493
1314.0,286208,1876,45.0,1,0,-0.017115858207944257,4.454827249515802,0.01171875,0.0026058103,0.0001,0.4050217270851135,1.0936540365219116,0.2,-0.004086901797563769,4464,-26.895095027275385
1332.5,286720,1854,45.0,1,0,-0.024978551031381357,7.560551294591278,0.02001953125,0.011629775,0.0001,0.6170331537723541,0.5964325666427612,0.2,-0.004651329429179896,4472,-27.026086454987524
1282.5,287232,1714,45.0,1,0,-0.028570248515279673,7.124016457237303,0.023193359375,0.005676818,0.0001,0.7039026319980621,2.0564706325531006,0.2,-0.004818576417164877,4480,-27.782572475746274
1251.0,287744,2118,45.0,1,0,-0.016639052495065698,5.631192843429744,0.007080078125,0.0008994342,0.0001,0.8275363445281982,2.0899882316589355,0.2,-0.0020738444654853083,4488,-28.58588246382773
1292.0,288256,1856,45.0,1,0,-0.019413672691371175,6.405058971606195,0.011962890625,0.003347301,0.0001,0.6300639808177948,0.8098483681678772,0.2,-0.0036360641242936254,4496,-28.74893849734217
1310.0,288768,1885,45.0,1,0,-0.020289856096496806,4.413828652817756,0.01806640625,0.0039036893,0.0001,0.6156962215900421,0.6816681027412415,0.2,-0.002941220191132743,4504,-28.603319193683564
1298.5,289280,1314,45.0,1,0,-0.03756560788406205,6.1987786972895265,0.031982421875,0.023468684,0.0001,0.5085654258728027,1.0539274215698242,0.2,-0.00624466215231223,4512,-28.81908423360437
1299.0,289792,1770,45.0,1,0,-0.014680201832106832,7.303102400153875,0.01220703125,0.018307395,0.0001,0.4818350076675415,1.3111475706100464,0.2,-0.0033856605678010965,4520,-28.515676876343786
1258.0,290304,1891,45.0,1,0,-0.027833588173962198,6.141420323867351,0.016845703125,0.0053788717,0.0001,0.26139914989471436,1.9621820449829102,0.2,-0.004425951534358319,4528,-28.002337993606925
1252.5,290816,1865,45.0,1,0,-0.019375725064492144,4.401197479106486,0.0205078125,0.016773202,0.0001,0.33989661931991577,1.2366775274276733,0.2,-0.0029451764858094975,4536,-27.776886407360436
1272.0,291328,1587,45.0,1,0,-0.03359736293896276,14.970038088038564,0.01904296875,0.0052619497,0.0001,0.5497747361660004,1.8916654586791992,0.2,-0.003237061384425033,4544,-27.454917999133468
1271.5,291840,1838,45.0,1,0,-0.02335327569016954,18.961102729663253,0.01318359375,0.0024502238,0.0001,0.6495106518268585,3.9513397216796875,0.2,-0.0029673802018805873,4552,-27.700369724445046
1348.0,292352,2044,45.0,1,0,-0.023516640415891743,11.64542108681053,0.02197265625,0.009055954,0.0001,0.7195306718349457,3.3799185752868652,0.2,-0.006530287035275251,4560,-27.361309611536562
1371.5,292864,1777,45.0,1,0,-0.01674692704273184,10.523538718931377,0.007080078125,0.0006873573,0.0001,0.5835245847702026,3.847677707672119,0.2,-0.002204606083978433,4568,-26.974883626699448
1422.0,293376,1397,45.0,1,0,-0.024995050865982193,6.975703919306397,0.0126953125,0.0031538813,0.0001,0.629951149225235,1.1089625358581543,0.2,-0.0033519559765409213,4576,-27.266015737242995
1430.5,293888,1696,45.0,1,0,-0.028092776528865215,6.65590263903141,0.01220703125,0.0016180198,0.0001,0.605714738368988,1.435840368270874,0.2,-0.001581918986630626,4584,-27.494987090826033
1442.5,294400,1751,45.0,1,0,-0.01897940140497667,4.999484461732209,0.012939453125,0.009381805,0.0001,0.730983704328537,2.434727191925049,0.2,-0.002271918157930486,4592,-28.195794935375453
1465.0,294912,1809,45.0,1,0,-0.03203706997464906,9.809348158538342,0.024658203125,0.010786915,0.0001,0.47227150201797485,2.8038971424102783,0.2,-0.006443459865295154,4600,-29.155284981019793
1406.0,295424,2013,45.0,1,0,-0.014840968206044636,5.215450335294008,0.01171875,0.00506857,0.0001,0.6555876731872559,1.311885952949524,0.2,-0.002912513002229389,4608,-29.01892620306462
1420.0,295936,1781,45.0,1,0,-0.028056734599886113,8.943565085530281,0.022705078125,0.017566659,0.0001,0.7208065986633301,5.558396339416504,0.2,-0.004628769995179027,4616,-28.456778476797044
1442.0,296448,1902,45.0,1,0,-0.023280828005226795,4.511218400206417,0.02099609375,0.005921096,0.0001,0.6307801306247711,0.8830903768539429,0.2,-0.004455217844224535,4624,-26.787463666349648
1414.5,296960,2036,45.0,1,0,-0.021569641698988562,4.313111672643572,0.00927734375,0.003039474,0.0001,0.6617029905319214,2.726905584335327,0.2,-0.0035007657188543817,4632,-25.725998230576515
1394.0,297472,1818,45.0,1,0,-0.017170785833513946,6.598979528993368,0.011474609375,0.0067230896,0.0001,0.7644775360822678,1.733585238456726,0.2,-0.004106708730887476,4640,-25.950022785626352
1387.5,297984,1339,45.0,1,0,-0.039820530961151235,16.32543222233653,0.0205078125,0.012332345,0.0001,0.5762107372283936,4.323182582855225,0.2,-0.007171223860495957,4648,-26.5518496927619
1380.0,298496,1628,45.0,1,0,-0.03873433267835935,11.3691126126796,0.023681640625,0.013173805,0.0001,0.7307080924510956,4.850588321685791,0.2,-0.0064741880814835895,4656,-28.26283123988658
1371.5,299008,1743,45.0,1,0,-0.0381432649846829,11.871309643611312,0.03173828125,0.008600935,0.0001,0.5663809180259705,6.724858283996582,0.2,-0.008658145194203826,4664,-28.913919278420508
1371.5,299520,1866,45.0,1,0,-0.04293485409471032,17.523822465911508,0.0478515625,0.03144069,0.0001,0.531988799571991,3.958672523498535,0.2,-0.013891183509258553,4672,-29.398355764113365
1393.5,300032,1857,45.0,1,0,-0.022577627881219087,4.581985969096422,0.0107421875,0.0022797827,0.0001,0.7276574671268463,2.0209639072418213,0.2,-0.0028628618783841375,4680,-29.696012703366577
1360.5,300544,1788,45.0,1,0,-0.04519412588524574,19.566581808030605,0.03271484375,0.007428728,0.0001,0.6686841547489166,3.605745315551758,0.2,-0.006164795297081582,4688,-29.96208270713687
1381.5,301056,1902,45.0,1,0,-0.023261108980022982,3.7287708218209445,0.014892578125,0.00656429,0.0001,0.7186301350593567,0.8908022046089172,0.2,-0.0016627652585157193,4696,-30.30460175007582
1395.5,301568,2036,45.0,1,0,-0.02020262230962544,4.2997061987407506,0.00927734375,0.00124065,0.0001,0.7036431729793549,0.3406119644641876,0.2,-0.0027941294174524955,4704,-30.333114673867822
1406.0,302080,1654,45.0,1,0,-0.02236748525137955,4.848152746912092,0.013427734375,0.004771724,0.0001,0.7384607791900635,1.0217089653015137,0.2,-0.004703486440917004,4712,-30.541511790379882
1427.5,302592,1354,45.0,1,0,-0.05803541321256489,13.724524823948741,0.04052734375,0.016531702,0.0001,0.5077611804008484,3.1779422760009766,0.2,-0.009641370772442315,4720,-30.6416635844484
1439.0,303104,1778,45.0,1,0,-0.033925994737728615,8.510156348347664,0.02099609375,0.0028495523,0.0001,0.7654310166835785,3.4189682006835938,0.2,-0.006456883609644137,4728,-30.37178239822388
1437.0,303616,1686,45.0,1,0,-0.06282013187228586,12.220492962747812,0.037841796875,0.012022834,0.0001,0.6260729432106018,2.821431875228882,0.2,-0.006807135054259561,4736,-30.300979880206288
1458.5,304128,1742,45.0,1,0,-0.048442159375554183,8.727838299237192,0.02978515625,0.011269122,0.0001,0.6186888217926025,2.966240882873535,0.2,-0.010404157052107621,4744,-31.095613508708777
1474.0,304640,1815,45.0,1,0,-0.040481442696545855,7.1257354747504,0.0205078125,0.0055602766,0.0001,0.7731980830430984,1.6059200763702393,0.2,-0.005164762755157426,4752,-32.00572558499873
1490.0,305152,1440,45.0,1,0,-0.041139607137665735,12.040688388980925,0.029296875,0.0073222467,0.0001,0.7631243467330933,3.6514060497283936,0.2,-0.005497517449839506,4760,-32.20688611220569
1491.5,305664,1828,45.0,1,0,-0.026838441398467694,7.679456890560687,0.01513671875,0.0020197118,0.0001,0.772575244307518,1.4688243865966797,0.2,-0.004176153182925191,4768,-32.849434365369376
1492.5,306176,1931,45.0,1,0,-0.024120796259012423,7.842380146495998,0.009033203125,0.0012918842,0.0001,0.7934992611408234,1.697149634361267,0.2,-0.002260275727167027,4776,-32.90635885145515
1449.0,306688,1880,45.0,1,0,-0.01824541131463775,9.527536330744624,0.011962890625,0.0052299974,0.0001,0.7281036674976349,2.987694025039673,0.2,-0.003166739144944586,4784,-32.65218498624861
1391.0,307200,1519,45.0,1,0,-0.04814756481391669,7.079018037766218,0.037109375,0.0081480015,0.0001,0.7515713572502136,1.8762379884719849,0.2,-0.008575675048632547,4792,-31.37389333218336
1362.5,307712,1923,45.0,1,0,-0.024350716968001507,6.060214187018573,0.0166015625,0.013455149,0.0001,0.8099502325057983,1.685214638710022,0.2,-0.005000180542992894,4800,-30.467493536695837
1338.5,308224,1782,45.0,1,0,-0.025425275526686164,4.552355502732098,0.015869140625,0.002989498,0.0001,0.5699504017829895,0.6730829477310181,0.2,-0.003677043438074179,4808,-28.863429387286306
1319.0,308736,1942,45.0,1,0,-0.021277853626997967,3.040751586202532,0.015869140625,0.01345363,0.0001,0.7237410545349121,0.33355069160461426,0.2,-0.004216664980049245,4816,-27.645517529509963
1338.5,309248,1688,45.0,1,0,-0.035668122280185344,11.83552591688931,0.016845703125,0.0043498334,0.0001,0.699419766664505,2.225212335586548,0.2,-0.004217519221128896,4824,-27.018695476166904
1339.0,309760,1799,45.0,1,0,-0.020602546613190498,4.846178748644888,0.008544921875,0.004811886,0.0001,0.7281885147094727,1.4538029432296753,0.2,-0.003116884265182307,4832,-26.093676507398484
1316.5,310272,2082,45.0,1,0,-0.02587089163625933,4.563682825770229,0.0185546875,0.00799335,0.0001,0.8457144349813461,0.7074302434921265,0.2,-0.0042246274460921995,4840,-26.156890737973153
1354.5,310784,1789,45.0,1,0,-0.02849699890748525,3.959715183125809,0.028076171875,0.0074391654,0.0001,0.7825845032930374,0.606233537197113,0.2,-0.012633493279281538,4848,-26.950595538541673
1300.0,311296,1923,45.0,1,0,-0.029160866026359145,7.946961716748774,0.0224609375,0.0060366606,0.0001,0.7494662702083588,2.2685954570770264,0.2,-0.005268479482765542,4856,-27.72373730134219
1373.0,311808,1346,45.0,1,0,-0.04359282540190179,15.90196051262319,0.031494140625,0.02754161,0.0001,0.6173231899738312,2.964405059814453,0.2,-0.007193857381935231,4864,-29.244666177928448
1386.0,312320,1825,45.0,1,0,-0.018621126123434806,7.315117955207825,0.01025390625,0.0011602838,0.0001,0.7525233626365662,1.6881849765777588,0.2,-0.001953604030859424,4872,-30.385292178615927
1409.0,312832,1656,45.0,1,0,-0.029214249455435493,6.133896469138563,0.017822265625,0.0040872362,0.0001,0.7160738110542297,2.6583831310272217,0.2,-0.005716868628951488,4880,-31.983300858475268
1387.5,313344,1896,45.0,1,0,-0.01801663466858372,11.417862783186138,0.014892578125,0.0070857285,0.0001,0.6115400791168213,6.209755897521973,0.2,-0.00637970659408893,4888,-32.80298466794193
1357.5,313856,1758,45.0,1,0,-0.032233745774647105,9.199295996222645,0.023681640625,0.0092792725,0.0001,0.7488388419151306,3.46116304397583,0.2,-0.005323078148649074,4896,-33.70264253921807
1378.5,314368,1871,45.0,1,0,-0.02337515402405188,4.567796292714775,0.016845703125,0.0059515983,0.0001,0.6931454539299011,1.327235221862793,0.2,-0.003670820573461242,4904,-34.14301426112652
1377.5,314880,2104,45.0,1,0,-0.022133154399398336,4.576660492923111,0.013671875,0.00326641,0.0001,0.8237268775701523,5.167828559875488,0.2,-0.0031557565889670514,4912,-34.353410299904645
1354.0,315392,1807,45.0,1,0,-0.017081985828554025,8.16094243619591,0.01416015625,0.010270165,0.0001,0.7933519929647446,7.1110639572143555,0.2,-0.0024789236704236828,4920,-34.37729011502117
1381.5,315904,1783,45.0,1,0,-0.03227945080288919,7.447467111051083,0.02099609375,0.007117667,0.0001,0.6851954758167267,1.8768794536590576,0.2,-0.007398341804218944,4928,-34.28147424608469
1296.5,316416,1475,45.0,1,0,-0.0423310054520698,8.821252617053688,0.038818359375,0.016991312,0.0001,0.7709723562002182,3.4298505783081055,0.2,-0.00950381210714113,4936,-34.132435691654685
1279.5,316928,1876,45.0,1,0,-0.032166228616006265,9.047081189230084,0.013671875,0.00604953,0.0001,0.7944872975349426,3.1088273525238037,0.2,-0.006085481902118772,4944,-34.22036921251565
1304.0,317440,1814,45.0,1,0,-0.030148058941449563,8.849488047882915,0.011474609375,0.0033918568,0.0001,0.681493878364563,0.6392120122909546,0.2,-0.004266063988325186,4952,-33.88378391496837
1352.5,317952,1708,45.0,1,0,-0.022207920873370313,4.118882578331977,0.01220703125,0.0073225796,0.0001,0.7866308838129044,0.790971040725708,0.2,-0.003817850407358492,4960,-33.5678445866704
1331.0,318464,1882,45.0,1,0,-0.04473047530154872,13.018056385219097,0.017333984375,0.0061436594,0.0001,0.7495296895503998,1.476820468902588,0.2,-0.00470877382758772,4968,-33.77752456106246
1347.5,318976,1818,45.0,1,0,-0.03577124199728132,5.666805703658611,0.01904296875,0.003375982,0.0001,0.8043424785137177,0.7531672716140747,0.2,-0.0024981578899314627,4976,-34.53279269345105
1326.5,319488,2112,45.0,1,0,-0.034501785381053196,5.534824162255973,0.020751953125,0.008605793,0.0001,0.6676593124866486,0.828184962272644,0.2,-0.0019135609873046633,4984,-34.09790576320142
1327.5,320000,1633,45.0,1,0,-0.014986961706654256,8.12181563070044,0.00927734375,0.0057144496,0.0001,0.7668575942516327,1.559134602546692,0.2,-0.003764216572562873,4992,-33.89820131588727
1326.0,320512,1875,45.0,1,0,-0.054866470374690834,10.855490392073989,0.041015625,0.015648829,0.0001,0.6555550396442413,2.308349132537842,0.2,-0.012737762364849914,5000,-33.91661242447793
1349.0,321024,1507,45.0,1,0,-0.044078986435124534,13.882716009393334,0.046875,0.032375954,0.0001,0.7647072374820709,1.2815495729446411,0.2,-0.011538701233803295,5008,-34.50880424428731
1341.5,321536,1837,45.0,1,0,-0.03709604440473413,7.033926201052964,0.01708984375,0.003423856,0.0001,0.837563768029213,3.722818613052368,0.2,-0.006160101343994029,5016,-34.63509145468473
1341.5,322048,1659,45.0,1,0,-0.029443892178733222,7.434990047477186,0.014892578125,0.0057236147,0.0001,0.7931492477655411,2.8064730167388916,0.2,-0.00484342449271935,5024,-34.96493024088442
1279.0,322560,1964,45.0,1,0,-0.02816173683368106,10.077069981954992,0.022705078125,0.010926859,0.0001,0.696863055229187,1.456746220588684,0.2,-0.0069244899059413,5032,-34.82882631085813
1277.5,323072,1851,45.0,1,0,-0.027162331692125008,5.167925976682454,0.015869140625,0.022532806,0.0001,0.7944647669792175,1.1437569856643677,0.2,0.00035898031637771055,5040,-33.48458939775824
1261.0,323584,1970,45.0,1,0,-0.019317691729611397,5.262364668771625,0.0087890625,0.0027482242,0.0001,0.764239177107811,0.9495791792869568,0.2,-0.0008354716774192639,5048,-32.55431011669338
1217.5,324096,2124,45.0,1,0,-0.018929471533283504,4.487324560759589,0.009033203125,0.0012534842,0.0001,0.6831818222999573,0.9857479333877563,0.2,-0.0016385446579079144,5056,-32.42452863086015
1164.5,324608,1952,45.0,1,0,-0.02275024029040651,10.624360207468271,0.013427734375,0.0059747677,0.0001,0.6696844100952148,5.9251203536987305,0.2,-0.005787361216789577,5064,-33.16478375863284
1201.0,325120,1820,45.0,1,0,-0.037010388645285275,14.895054164342582,0.01806640625,0.0072407164,0.0001,0.7014717161655426,5.921287536621094,0.2,-0.005263968265353469,5072,-33.3593988898769
1215.0,325632,1418,45.0,1,0,-0.026807686741449288,14.273934960365295,0.018310546875,0.005495752,0.0001,0.6887524724006653,2.134436845779419,0.2,-0.005741076716731186,5080,-33.65608540836722
1272.5,326144,1770,45.0,1,0,-0.037697855166243244,6.851997189689428,0.01904296875,0.004968033,0.0001,0.6684623956680298,3.2206594944000244,0.2,-0.005163604313565884,5088,-33.132543319426475
1211.5,326656,1896,45.0,1,0,-0.03240355858451949,10.352319322526455,0.01904296875,0.0050985534,0.0001,0.7173589468002319,2.2569291591644287,0.2,-0.0034420474330545403,5096,-33.16814173247665
1156.5,327168,1949,45.0,1,0,-0.03972049110598164,8.588505402207375,0.020263671875,0.010532979,0.0001,0.7595917582511902,1.168762445449829,0.2,-0.003967988901422359,5104,-33.955920375585556
1112.0,327680,1661,45.0,1,0,-0.024790462315195327,6.560868906788528,0.02392578125,0.0068023996,0.0001,0.7865686118602753,1.979566216468811,0.2,-0.00403810033458285,5112,-35.082117450498046
1092.0,328192,2100,45.0,1,0,-0.01939920174481813,9.791346824727952,0.010986328125,0.0020442663,0.0001,0.7369851469993591,1.9475064277648926,0.2,-0.003736695885891095,5120,-36.19106590207666
1136.0,328704,2025,45.0,1,0,-0.03939744859644634,18.607765719294548,0.023681640625,0.009620789,0.0001,0.6349395215511322,4.837852478027344,0.2,-0.008510385723639047,5128,-37.50850696735084
1132.5,329216,2044,45.0,1,0,-0.024068416980298935,9.00108610931784,0.01416015625,0.008398993,0.0001,0.7235293984413147,3.00112247467041,0.2,-0.003849890850688098,5136,-38.0938581840694
1102.5,329728,1899,45.0,1,0,-0.038402627153118374,15.208703045733273,0.01953125,0.0057845246,0.0001,0.7225598990917206,7.772731304168701,0.2,-0.007218164009827888,5144,-38.299220088608564
1089.5,330240,1843,45.0,1,0,-0.03618674828157964,8.285468302667141,0.01513671875,0.008453809,0.0001,0.6049810647964478,3.7607109546661377,0.2,-0.005037317569076549,5152,-37.77887816157192
1060.5,330752,1412,45.0,1,0,-0.03374927526147076,7.704417542088777,0.0146484375,0.0028810652,0.0001,0.5525595247745514,1.3227370977401733,0.2,-0.004378368204925209,5160,-37.65341977890581
1069.5,331264,1897,45.0,1,0,-0.023340194515640178,4.361099721165374,0.00927734375,0.0026000421,0.0001,0.756810873746872,0.8441013693809509,0.2,-0.003249301473260857,5168,-37.04567579139024
1102.5,331776,2001,45.0,1,0,-0.04786091639834922,19.968897563405335,0.022216796875,0.0076872665,0.0001,0.5594317317008972,7.773148536682129,0.2,-0.009264040767448023,5176,-37.120398079119624
1093.5,332288,1936,45.0,1,0,-0.025929166709829587,12.608836663886905,0.0087890625,0.0024976907,0.0001,0.6173862814903259,1.1842920780181885,0.2,-0.0031492503330809996,5184,-37.33152793250978
1087.0,332800,2122,45.0,1,0,-0.02730614642314322,11.184461670927703,0.021484375,0.0061653545,0.0001,0.7624354660511017,0.9182760715484619,0.2,-0.00488931147265248,5192,-37.717443482801315
1108.5,333312,1943,45.0,1,0,-0.027091504944110056,5.711026224307716,0.017333984375,0.008562554,0.0001,0.7934118956327438,0.5743259787559509,0.2,-0.005835190924699418,5200,-37.18723180461675
1069.5,333824,1942,45.0,1,0,-0.02899501930005499,4.883146084612235,0.017578125,0.0060382383,0.0001,0.7494158744812012,0.7587220668792725,0.2,-0.0057227976867579855,5208,-36.41161361690611
1055.0,334336,1749,45.0,1,0,-0.052192000090144575,5.605234845541418,0.03564453125,0.0072408356,0.0001,0.7032560706138611,0.9669864177703857,0.2,-0.008767661969613982,5216,-35.16336623456329
1026.5,334848,1891,45.0,1,0,-0.0377016456968704,6.399068668251857,0.032958984375,0.027891375,0.0001,0.8166846185922623,0.6171404719352722,0.2,-0.01445748117112089,5224,-35.57940830275416
1026.0,335360,1634,45.0,1,0,-0.036533089169097366,11.502328028902411,0.019775390625,0.0030450374,0.0001,0.4515607953071594,1.96501886844635,0.2,-0.007023974270850886,5232,-35.50196552637964
1031.5,335872,1929,45.0,1,0,-0.021369243504068436,4.56237346213311,0.0146484375,0.014637845,0.0001,0.6181986629962921,0.39034396409988403,0.2,-0.0051133460365235806,5240,-35.32278944876045
1053.5,336384,1956,45.0,1,0,-0.03427024867141881,8.78879726678133,0.018798828125,0.007752071,0.0001,0.7282231748104095,1.4561026096343994,0.2,-0.004025480404379778,5248,-35.378804140761495
1045.0,336896,1962,45.0,1,0,-0.03495960329382797,12.192448630928993,0.02099609375,0.005229149,0.0001,0.7473156452178955,4.38815450668335,0.2,-0.004617813403456239,5256,-36.00227827671915
1052.0,337408,2050,45.0,1,0,-0.03147763973311157,12.721695356070995,0.0146484375,0.004085155,0.0001,0.7813426107168198,3.218343734741211,0.2,-0.0035274026049592067,5264,-36.30836161348969
1054.5,337920,1831,45.0,1,0,-0.027837985028781986,6.370338298846036,0.0263671875,0.0063910126,0.0001,0.7780703157186508,1.042137622833252,0.2,-0.006824208321631886,5272,-36.295534333214164
1093.0,338432,1878,45.0,1,0,-0.03281606196924258,11.159361697733402,0.015380859375,0.004610682,0.0001,0.6532829999923706,3.9344282150268555,0.2,-0.005549322129809298,5280,-36.41947992868722
1121.0,338944,1957,45.0,1,0,-0.04626615862980543,8.345820234157145,0.031494140625,0.01665131,0.0001,0.6576229929924011,1.349358320236206,0.2,-0.005543621777178487,5288,-36.281907831206915
1108.5,339456,1914,45.0,1,0,-0.026697182780480944,5.912692128214985,0.019287109375,0.0061642504,0.0001,0.6407712697982788,0.7965120077133179,0.2,-0.0069647522395825945,5296,-35.37710181068629
1112.0,339968,1887,45.0,1,0,-0.02694916276504955,8.2105211019516,0.01904296875,0.0043672156,0.0001,0.6259123384952545,5.481383323669434,0.2,-0.006633145520027028,5304,-35.76946323685348
1077.5,340480,1479,45.0,1,0,-0.029926086910563754,6.837327775079757,0.02001953125,0.0059433095,0.0001,0.6714358329772949,1.3186019659042358,0.2,-0.006463479898229707,5312,-36.192192085944114
1043.0,340992,2010,45.0,1,0,-0.04300187243006803,13.322104735299945,0.01904296875,0.003915412,0.0001,0.721303403377533,3.340837001800537,0.2,-0.0042371429517515935,5320,-36.76758765991777
1041.5,341504,2119,45.0,1,0,-0.02918520991352125,19.58935420587659,0.01220703125,0.0015513645,0.0001,0.7692128717899323,1.92312753200531,0.2,-0.003252222333685495,5328,-37.543940360695125
1040.5,342016,1954,45.0,1,0,-0.036796475528717565,13.842252699658275,0.0224609375,0.004360274,0.0001,0.8251014053821564,3.1653120517730713,0.2,-0.004622269494575448,5336,-38.00150429241359
961.0,342528,2037,45.0,1,0,-0.02254382838964375,11.464992251247168,0.007080078125,0.0024590124,0.0001,0.6598404049873352,0.883510172367096,0.2,-0.00296342787987669,5344,-38.45898448418826
954.5,343040,1827,45.0,1,0,-0.031552569195810065,11.40207718219608,0.021240234375,0.013061085,0.0001,0.5366517901420593,1.9093509912490845,0.2,-0.007121034403098747,5352,-37.94494930587709
990.5,343552,1663,45.0,1,0,-0.031210081983772398,7.221514425938949,0.02685546875,0.011267804,0.0001,0.7762032151222229,0.7211201190948486,0.2,-0.0025164482758555096,5360,-38.29901894357055
1009.5,344064,1919,45.0,1,0,-0.024475743400216743,9.607702236622572,0.010986328125,0.0069043175,0.0001,0.6581006050109863,2.826328992843628,0.2,-0.004355995453806827,5368,-38.75788481250405
986.0,344576,1933,45.0,1,0,-0.021625426494210842,11.32668136851862,0.01123046875,0.0044098925,0.0001,0.49617594480514526,0.4655078947544098,0.2,-0.0032419890576420585,5376,-39.11474557429552
1002.5,345088,2013,45.0,1,0,-0.03119062829136965,9.719537024386227,0.013916015625,0.0065583983,0.0001,0.6375429928302765,2.244019031524658,0.2,-0.005471393407788128,5384,-40.2112622127682
972.5,345600,1513,45.0,1,0,-0.03852341374295065,11.51552399341017,0.023681640625,0.004584071,0.0001,0.8198779970407486,1.7462977170944214,0.2,-0.007400693066301756,5392,-40.580921252816914
972.5,346112,1971,45.0,1,0,-0.03520568552266923,7.549646488623694,0.021240234375,0.0048741107,0.0001,0.7831955701112747,1.0018492937088013,0.2,-0.0028464473161875503,5400,-39.349673162028196
988.0,346624,1813,45.0,1,0,-0.032765928014669043,9.99046881776303,0.011962890625,0.0016749909,0.0001,0.6657238900661469,3.231907844543457,0.2,-0.0040255899948533624,5408,-38.116720452308655
962.5,347136,2083,45.0,1,0,-0.040580628579846234,9.929992395453155,0.01708984375,0.005539724,0.0001,0.27335959672927856,0.6830751895904541,0.2,-0.006475225291069364,5416,-37.270449779517946
977.5,347648,1995,45.0,1,0,-0.0289603538267329,6.377997840754688,0.0205078125,0.0052440017,0.0001,0.6528187692165375,0.7428277730941772,0.2,-0.006210709954757476,5424,-37.74827982835472
926.0,348160,1960,45.0,1,0,-0.03542238167347023,15.475312357768416,0.017333984375,0.004403795,0.0001,0.5413945913314819,7.622350215911865,0.2,-0.0033434502329328097,5432,-37.820537008680404
840.0,348672,1881,45.0,1,0,-0.044535171165989595,35.51064164750278,0.02197265625,0.009627216,0.0001,0.565143346786499,1.9020826816558838,0.2,-0.006502265416202135,5440,-39.06037227116525
829.0,349184,1943,45.0,1,0,-0.03187160498237063,11.064535702578723,0.00927734375,0.0015104486,0.0001,0.5467362701892853,4.0035786628723145,0.2,-0.0025598690772312693,5448,-38.809718411415815
796.5,349696,2099,45.0,1,0,-0.040645096562002436,23.982762088999152,0.0234375,0.009670351,0.0001,0.5966652631759644,8.29304313659668,0.2,-0.005824419240525458,5456,-38.755338709168136
739.5,350208,1928,45.0,1,0,-0.036715503523737425,9.87051336793229,0.020751953125,0.008034658,0.0001,0.8097863793373108,2.8085381984710693,0.2,-0.007383592732367106,5464,-38.71649595532566
696.5,350720,2061,45.0,1,0,-0.07108510922807909,32.02383828163147,0.03955078125,0.008895876,0.0001,0.7167476713657379,4.780451774597168,0.2,-0.008628695770312333,5472,-39.65303700082004
704.5,351232,1518,45.0,1,0,-0.03318418825529079,13.986413995735347,0.018310546875,0.0051829224,0.0001,0.7005435824394226,7.446240425109863,0.2,-0.002157461174647324,5480,-41.27264733843506
701.5,351744,1937,45.0,1,0,-0.04822013263037661,15.57929105963558,0.024658203125,0.008357769,0.0001,0.45267820358276367,3.2791759967803955,0.2,-0.00772461254382506,5488,-41.85832946054637
695.5,352256,1991,45.0,1,0,-0.03138360386583372,16.846896373666823,0.017822265625,0.0022225622,0.0001,0.36799156665802,2.169349431991577,0.2,-0.005299286491208477,5496,-42.369207545146345
691.0,352768,1879,45.0,1,0,-0.05323075032720226,23.540617981459945,0.02880859375,0.010862382,0.0001,0.6299570202827454,16.103267669677734,0.2,-0.007787710666889325,5504,-42.738170830234885
714.0,353280,1858,45.0,1,0,-0.0829502717097057,21.46403095126152,0.030517578125,0.007369121,0.0001,0.5850829184055328,6.580367565155029,0.2,-0.010270613958709873,5512,-42.38203892435879
770.0,353792,1944,45.0,1,0,-0.055027966993293376,18.369037933647633,0.052001953125,0.011001219,0.0001,0.414206862449646,2.5116384029388428,0.2,-0.012879360037914012,5520,-42.07705135133117
854.5,354304,1887,45.0,1,0,-0.03165298619569512,21.9494336694479,0.013671875,0.0017625218,0.0001,0.5844402611255646,2.9744741916656494,0.2,-0.004239200003212318,5528,-42.52636262014508
970.5,354816,2023,45.0,1,0,-0.021436555314721772,10.91363013163209,0.00830078125,0.019306898,0.0001,0.7673256546258926,3.456348180770874,0.2,-0.002287555740622338,5536,-42.42153861783445
1011.0,355328,1931,45.0,1,0,-0.047867186917756044,23.1036088578403,0.0283203125,0.011159772,0.0001,0.7431633770465851,3.3509528636932373,0.2,-0.006715589952364098,5544,-42.6287626735121
987.5,355840,2071,45.0,1,0,-0.03088471840828788,16.083631366491318,0.013427734375,0.011099619,0.0001,0.7827503681182861,4.241327285766602,0.2,-0.004750543886984815,5552,-44.39884042430669
989.5,356352,1980,45.0,1,0,-0.02269136138875183,18.674724807031453,0.008544921875,0.0066156667,0.0001,0.7438459694385529,3.108058452606201,0.2,-0.004262974915036466,5560,-44.979439210668204
1018.0,356864,2012,45.0,1,0,-0.02877640155111294,9.72576816380024,0.013916015625,0.009468102,0.0001,0.6945628523826599,1.485945463180542,0.2,-0.004945052143739304,5568,-44.78218314129859
1022.0,357376,2010,45.0,1,0,-0.0264876427991112,9.278091192245483,0.0166015625,0.0028958167,0.0001,0.6713048815727234,2.308802604675293,0.2,-0.0042811794628505595,5576,-43.314767376743255
1046.5,357888,1877,45.0,1,0,-0.022085228709329385,15.974115373566747,0.02197265625,0.017978616,0.0001,0.5923275649547577,3.0170717239379883,0.2,-0.00691800234017137,5584,-41.6568288263306
1011.5,358400,1842,45.0,1,0,-0.01277542404795895,5.349052426870912,0.00341796875,0.0005882991,0.0001,0.5812031924724579,0.5684465169906616,0.2,-0.0021878183652006555,5592,-40.196021751575174
993.5,358912,1889,45.0,1,0,-0.019771154170939553,10.097404641099274,0.011474609375,0.005265684,0.0001,0.7018178999423981,1.0894625186920166,0.2,-0.0030052565853111446,5600,-38.464766884110865
1042.5,359424,1961,45.0,1,0,-0.01701135120492836,8.269173193722963,0.0078125,0.0052938573,0.0001,0.7994948476552963,1.5700032711029053,0.2,-0.002930256410763832,5608,-37.860473163612184
995.0,359936,2177,45.0,1,0,-0.021334758198463533,8.234613654669374,0.015625,0.013616417,0.0001,0.8234217315912247,1.775745153427124,0.2,-0.005247122193395626,5616,-36.30828249171376
1022.0,360448,1887,45.0,1,0,-0.011879500443683355,5.379093089606613,0.00537109375,0.0036782683,0.0001,0.8599075824022293,0.7728928923606873,0.2,-0.0029430590475385543,5624,-36.141718906909226
1066.5,360960,1812,45.0,1,0,-0.02902813013861305,8.469218635000288,0.019775390625,0.014972635,0.0001,0.8042058348655701,0.5471870303153992,0.2,-0.003949587908209651,5632,-36.801291638612746
1156.0,361472,1801,45.0,1,0,-0.0334700537905519,14.378637328743935,0.019287109375,0.007857683,0.0001,0.8525561988353729,3.842621088027954,0.2,-0.004156734485150082,5640,-38.50360537867993
1181.0,361984,1732,45.0,1,0,-0.02818319874768349,15.799018299207091,0.01220703125,0.005211725,0.0001,0.46725910902023315,4.426802158355713,0.2,-0.004176490576355718,5648,-38.843544838540254
1182.5,362496,1883,45.0,1,0,-0.02355454103962984,14.135637361556292,0.01806640625,0.006853279,0.0001,0.4451431632041931,6.078459739685059,0.2,-0.0070652581089234445,5656,-40.28707726810128
1220.0,363008,2037,45.0,1,0,-0.01736210104172642,6.050747803412378,0.016845703125,0.006643095,0.0001,0.6376297175884247,1.4712318181991577,0.2,-0.004171800370386336,5664,-41.870632415115836
1210.0,363520,1802,45.0,1,0,-0.019229561366046255,7.539092040155083,0.014404296875,0.010284798,0.0001,0.7985801994800568,1.6142603158950806,0.2,-0.0057775697496254,5672,-42.64980610091239
1194.5,364032,1922,45.0,1,0,-0.021035474470863846,9.416623805183917,0.0146484375,0.0012700595,0.0001,0.8226305246353149,0.7823204398155212,0.2,-0.0036719254276249558,5680,-43.84720309428871
1225.0,364544,2238,45.0,1,0,-0.022577481910502684,7.775196023285389,0.016845703125,0.00962042,0.0001,0.837831512093544,2.0394856929779053,0.2,-0.0029626825999002904,5688,-43.712988452091814
1177.0,365056,2005,45.0,1,0,-0.020518097341664543,7.055609475355595,0.011474609375,0.004457428,0.0001,0.6942752599716187,1.956133246421814,0.2,-0.0032939723823801614,5696,-42.70774577833712
1173.0,365568,1817,45.0,1,0,-0.03698726861875912,29.41991694457829,0.01171875,0.003195185,0.0001,0.5929365456104279,2.312796115875244,0.2,-0.004133181420911569,5704,-41.014197439290584
1163.0,366080,1324,45.0,1,0,-0.029994851288392965,13.128861199133098,0.011474609375,0.0033633024,0.0001,0.7537426054477692,3.651543617248535,0.2,-0.003516506800224306,5712,-39.55405688978732
1150.0,366592,1849,45.0,1,0,-0.049660061253234744,20.558240162208676,0.019287109375,0.004150709,0.0001,0.5135713815689087,8.136984825134277,0.2,-0.004577622392389458,5720,-38.93244889076799
1162.0,367104,1823,45.0,1,0,-0.035485201309711556,13.456967856734991,0.016357421875,0.0043117474,0.0001,0.5265201330184937,2.036104202270508,0.2,-0.005183371882594656,5728,-39.36674868904054
1158.0,367616,1952,45.0,1,0,-0.04260623310074152,6.122667778283358,0.03662109375,0.029712621,0.0001,0.7812897264957428,0.9170941114425659,0.2,-0.007389473044895567,5736,-39.780147342048586
1132.5,368128,1955,45.0,1,0,-0.03283794855087763,11.360535582527518,0.01611328125,0.004469576,0.0001,0.8413050323724747,2.2633063793182373,0.2,-0.003870400891173631,5744,-40.36688504789024
1096.5,368640,1890,45.0,1,0,-0.037742163438451826,13.072202565148473,0.02978515625,0.0069742957,0.0001,0.8587644845247269,0.9755918383598328,0.2,-0.006638057093368843,5752,-40.968964156098664
1063.0,369152,2186,45.0,1,0,-0.04673963276036375,25.61465271934867,0.025146484375,0.0028870304,0.0001,0.8081238716840744,9.698410987854004,0.2,-0.00481853401834087,5760,-42.438915596604346
1064.5,369664,2062,45.0,1,0,-0.034632517674253904,29.575403897091746,0.02197265625,0.0033938675,0.0001,0.6055359244346619,13.8579683303833,0.2,-0.008997774961244431,5768,-42.709047386348246
1034.0,370176,1891,45.0,1,0,-0.04144467046353384,9.644129946362227,0.03076171875,0.009441111,0.0001,0.7555300146341324,2.8473637104034424,0.2,-0.010374888464866672,5776,-43.292310969531535
1034.5,370688,1748,45.0,1,0,-0.04014181015008944,42.75869161263108,0.020263671875,0.005362449,0.0001,0.2273637056350708,12.528356552124023,0.2,-0.006903624351252802,5784,-43.49038522042334
1024.0,371200,1367,45.0,1,0,-0.06277116903220303,25.775002229958773,0.025390625,0.002066242,0.0001,0.038373708724975586,7.240748882293701,0.2,-0.006367979643982835,5792,-42.61842297557742
1080.0,371712,1839,45.0,1,0,-0.04819221651177941,10.458040471188724,0.0478515625,0.013707353,0.0001,0.2705705165863037,1.5615428686141968,0.2,-0.009316806277638534,5800,-41.79642287056893
1082.0,372224,1914,45.0,1,0,-0.032343228409445146,12.753656463697553,0.0166015625,0.014394663,0.0001,0.5903120338916779,2.395988702774048,0.2,-0.0044121553873992525,5808,-40.628887250088155
1087.0,372736,1943,45.0,1,0,-0.027955165346611466,20.814234836027026,0.0185546875,0.008765042,0.0001,0.6374149024486542,1.9612913131713867,0.2,-0.006937366590136662,5816,-40.29159955266863
1100.0,373248,2111,45.0,1,0,-0.03840410831344343,100.51173431426287,0.020263671875,0.006410761,0.0001,0.6406906545162201,37.7495231628418,0.2,-0.006251956132473424,5824,-42.348216814994814
1145.0,373760,1674,45.0,1,0,-0.037026303832135454,20.0145514421165,0.01123046875,0.0019572924,0.0001,0.6905694007873535,3.2158477306365967,0.2,-0.0020582848082995042,5832,-42.28800333790481
1152.5,374272,2030,45.0,1,0,-0.03908417828824895,17.943594025447965,0.02099609375,0.0042791218,0.0001,0.7969954609870911,8.090712547302246,0.2,-0.007352165113843512,5840,-43.50164022725075
1160.0,374784,1820,45.0,1,0,-0.03680118295051216,11.79937010537833,0.02001953125,0.0060314415,0.0001,0.6748715341091156,4.277181148529053,0.2,-0.0049226611881749704,5848,-43.12277974206954
1161.5,375296,1809,45.0,1,0,-0.03343242647770239,17.934489279985428,0.027099609375,0.008651538,0.0001,0.6561106145381927,3.8575665950775146,0.2,-0.006818509955337504,5856,-43.77711085539311
1171.5,375808,1455,45.0,1,0,-0.03910836726754496,15.10446627996862,0.01953125,0.0032299994,0.0001,0.3773193955421448,4.059751987457275,0.2,-0.005133685292094015,5864,-43.91167581792921
1137.5,376320,1910,45.0,1,0,-0.060700239933794364,10.499200459569693,0.06591796875,0.013308996,0.0001,0.560124009847641,3.345796823501587,0.2,-0.0159500063964515,5872,-43.007227437347176
1123.5,376832,1933,45.0,1,0,-0.03344390567326627,7.1001024302095175,0.020751953125,0.009833075,0.0001,0.6872929930686951,1.767769455909729,0.2,-0.00425112311495468,5880,-42.56652321662754
1151.0,377344,1907,45.0,1,0,-0.030318896326207323,20.57129779085517,0.017333984375,0.015957724,0.0001,0.6227487325668335,2.488039016723633,0.2,-0.0039014038266032003,5888,-41.73664091356099
1175.0,377856,2118,45.0,1,0,-0.03612620824515034,35.86838323995471,0.0166015625,0.0032736254,0.0001,0.75056491792202,8.340106964111328,0.2,-0.0058223732630722225,5896,-40.74769864436239
1130.0,378368,1933,45.0,1,0,-0.022874896493704,9.669474858790636,0.01025390625,0.0060713366,0.0001,0.8458901941776276,2.5260612964630127,0.2,-0.001432331537216669,5904,-40.214055139087144
1119.0,378880,1937,45.0,1,0,-0.03212353015487679,9.77397287543863,0.015380859375,0.005797253,0.0001,0.8333259522914886,1.2275696992874146,0.2,-0.0065739340152504155,5912,-40.043242175914344
1116.0,379392,1952,45.0,1,0,-0.025414054583052348,9.526795628480613,0.013916015625,0.003839993,0.0001,0.7569971680641174,1.5790901184082031,0.2,-0.005380153055739356,5920,-40.61827549628914
1118.0,379904,1856,45.0,1,0,-0.031220101851431536,12.422569194808602,0.014404296875,0.0030099829,0.0001,0.7675860524177551,4.594334602355957,0.2,-0.0032533878766116686,5928,-41.0041447166726
1079.0,380416,1436,45.0,1,0,-0.029887953665820532,7.787430244497955,0.01416015625,0.010681485,0.0001,0.7912837564945221,1.9839591979980469,0.2,-0.0057284167560283095,5936,-42.76739353101701
1064.5,380928,2013,45.0,1,0,-0.025755408825716586,6.743237537331879,0.019287109375,0.0038202195,0.0001,0.7132363617420197,1.4386731386184692,0.2,-0.004068920134159271,5944,-43.320709384866056
1077.5,381440,1719,45.0,1,0,-0.036045105211997,12.436645901761949,0.016357421875,0.0070096413,0.0001,0.7768898010253906,4.904616355895996,0.2,-0.004461729375179857,5952,-43.99045239776373
1061.0,381952,2009,45.0,1,0,-0.036423943613044685,10.931077191606164,0.026123046875,0.006064439,0.0001,0.7761719673871994,1.5076096057891846,0.2,-0.00656906747190078,5960,-42.386541372984645
1059.0,382464,2046,45.0,1,0,-0.03721559347877701,16.181746947579086,0.025390625,0.007646855,0.0001,0.7862723767757416,7.1281328201293945,0.2,-0.008010110141185578,5968,-42.08750159844756
1071.0,382976,2035,45.0,1,0,-0.022233616999983496,7.952411474660039,0.012451171875,0.0037409887,0.0001,0.8397114127874374,1.7045546770095825,0.2,-0.005400551603088388,5976,-42.0037123221904
1103.5,383488,1925,45.0,1,0,-0.05057975897580036,17.514123655855656,0.025390625,0.005482591,0.0001,0.7253367006778717,4.179595947265625,0.2,-0.010434733230795246,5984,-42.37216844558716
1087.0,384000,1921,45.0,1,0,-0.048080240843773936,21.264786640182137,0.03466796875,0.011878275,0.0001,0.8424484431743622,7.297189235687256,0.2,-0.010227306214801501,5992,-43.333432699069384
1075.0,384512,1775,45.0,1,0,-0.05920786540809786,11.424011040478945,0.03662109375,0.007822256,0.0001,0.7692669481039047,2.129405975341797,0.2,-0.006643088650889695,6000,-44.113432785496116
1061.0,385024,1851,45.0,1,0,-0.030762857180889114,9.804759888909757,0.010009765625,0.0015552212,0.0001,0.6717507541179657,2.084426164627075,0.2,-0.0025095268174482044,6008,-44.9383121336624
1079.0,385536,1544,45.0,1,0,-0.029830109342583455,9.74079632665962,0.01806640625,0.008999666,0.0001,0.7217696607112885,2.656207323074341,0.2,-0.0052351777703734115,6016,-45.39472918458283
1040.0,386048,1966,45.0,1,0,-0.03140690717418693,33.74942738749087,0.0068359375,0.0025837624,0.0001,0.6965416669845581,31.229812622070312,0.2,-0.0026997480599675328,6024,-46.75902579836547
1010.0,386560,2000,45.0,1,0,-0.024297717928220663,9.555500734597445,0.017333984375,0.006447967,0.0001,0.8483581990003586,2.964822292327881,0.2,-0.0028737548054778017,6032,-47.99545525643975
996.0,387072,2059,45.0,1,0,-0.03540136352467016,9.224686530418694,0.01708984375,0.0033478378,0.0001,0.9011949896812439,1.7209659814834595,0.2,-0.005549636414798442,6040,-48.349179513156415
1001.0,387584,2019,45.0,1,0,-0.02225571204962762,12.343011174350977,0.013427734375,0.0069205645,0.0001,0.8276015520095825,4.344921112060547,0.2,-0.004165409671259113,6048,-49.07513813976198
1027.5,388096,1767,45.0,1,0,-0.04329277324541181,16.330776939168572,0.02392578125,0.020906396,0.0001,0.8038122355937958,2.605529546737671,0.2,-0.0062219822575571015,6056,-49.42471456881613
1048.0,388608,1761,45.0,1,0,-0.033623974086367525,9.994504472240806,0.02197265625,0.005009069,0.0001,0.8700075298547745,1.5935959815979004,0.2,-0.005637534526613308,6064,-48.831620818935335
1076.0,389120,1662,45.0,1,0,-0.03931536083109677,17.198590215295553,0.021484375,0.0033030035,0.0001,0.47673487663269043,2.1353626251220703,0.2,-0.005760049127275124,6072,-48.56942346531898
1087.0,389632,1688,45.0,1,0,-0.027990071655949578,7.831623109988868,0.011962890625,0.0036962274,0.0001,0.7735359519720078,1.4137166738510132,0.2,-0.0026899326385319,6080,-48.17807786297053
1109.0,390144,1887,45.0,1,0,-0.061244134238222614,38.84343046322465,0.03564453125,0.006568815,0.0001,0.5978439450263977,20.70633888244629,0.2,-0.00886250003168243,6088,-48.566919580362736
1155.5,390656,1818,45.0,1,0,-0.0331805312216602,12.438829833641648,0.013916015625,0.013204414,0.0001,0.8191870898008347,2.3883659839630127,0.2,-0.004464044905034825,6096,-47.424798948056996
1151.0,391168,2145,45.0,1,0,-0.04681727044226136,21.42547593265772,0.017578125,0.0044357018,0.0001,0.8090898245573044,6.5520172119140625,0.2,-0.005693953011359554,6104,-47.140637341029944
1172.5,391680,1894,45.0,1,0,-0.040020979487962904,11.626797239296138,0.0185546875,0.01567812,0.0001,0.8955034464597702,0.6151701807975769,0.2,-0.005646162677294342,6112,-46.651351459808645
1163.0,392192,2161,45.0,1,0,-0.03138327423584997,19.34450013563037,0.015625,0.0023819597,0.0001,0.6811974346637726,3.8958778381347656,0.2,-0.005033292016378255,6120,-45.92889379642904
1108.5,392704,1957,45.0,1,0,-0.030017404898899258,7.467052213381976,0.015869140625,0.0039202473,0.0001,0.8172743767499924,1.6895253658294678,0.2,-0.0048164794097829144,6128,-44.158030427917836
1103.5,393216,1784,45.0,1,0,-0.03633244174534411,24.066372929140925,0.01611328125,0.0018589844,0.0001,0.7503750622272491,6.890876293182373,0.2,-0.004958480691129807,6136,-43.51536161914468
1083.5,393728,1850,45.0,1,0,-0.037794594800288905,11.772426371462643,0.01123046875,0.0033800877,0.0001,0.5310433506965637,1.3854916095733643,0.2,-0.001669540026341565,6144,-42.98877215478569
1049.5,394240,1986,45.0,1,0,-0.03631330866210192,15.898765560239553,0.025390625,0.00608378,0.0001,0.6947220265865326,2.4209749698638916,0.2,-0.0073196206394641194,6152,-42.66141107920557
1008.5,394752,1903,45.0,1,0,-0.03582029468998371,33.892628233879805,0.01708984375,0.004025338,0.0001,0.6733105480670929,6.529465675354004,0.2,-0.0064609347537043504,6160,-44.19012513823807
981.5,395264,1629,45.0,1,0,-0.036394372608810954,23.717792553827167,0.021728515625,0.002075151,0.0001,0.7626904100179672,3.5875635147094727,0.2,-0.004544953884760616,6168,-45.902601156122984
987.0,395776,2156,45.0,1,0,-0.0346500550554083,15.112666783388704,0.0185546875,0.008189405,0.0001,0.9008403420448303,1.354440450668335,0.2,-0.002605065681564156,6176,-46.37826829634607
953.5,396288,1753,45.0,1,0,-0.03908414677880501,14.151169328950346,0.022216796875,0.0037199557,0.0001,0.7683258354663849,10.270206451416016,0.2,-0.005728347561671399,6184,-46.68058657053858
925.5,396800,1948,45.0,1,0,-0.03729080724406231,7.3552654918748885,0.0205078125,0.01081833,0.0001,0.7325634658336639,1.1951279640197754,0.2,-0.003699383763887454,6192,-46.713186431378126
884.0,397312,2026,45.0,1,0,-0.04271547836106038,14.799327908083797,0.03173828125,0.012127903,0.0001,0.7357253432273865,1.8020069599151611,0.2,-0.010298856592271477,6200,-47.90682023148984
830.0,397824,1965,45.0,1,0,-0.03230288183249286,9.860055293422192,0.01953125,0.007745801,0.0001,0.699151873588562,1.2358827590942383,0.2,-0.005272532936942298,6208,-47.674026975668966
869.5,398336,1897,45.0,1,0,-0.03326630551691778,16.206677896901965,0.02197265625,0.0070672967,0.0001,0.637887716293335,5.159370422363281,0.2,-0.0030885781161487103,6216,-48.24313140112907
861.0,398848,1899,45.0,1,0,-0.031186280270958378,6.947326578199863,0.014892578125,0.0025573657,0.0001,0.6300224661827087,1.8325607776641846,0.2,-0.0034431139392836485,6224,-48.21090179651976
874.5,399360,1843,45.0,1,0,-0.04317834688708899,26.10349975153804,0.0146484375,0.0066254344,0.0001,0.6016828417778015,2.3316562175750732,0.2,-0.0015255548278219067,6232,-46.621912775486706
865.5,399872,1918,45.0,1,0,-0.0701414659852162,11.04826882481575,0.0390625,0.00852643,0.0001,0.7803988754749298,4.6333818435668945,0.2,-0.009726077274535783,6240,-45.87938494440168
890.0,400384,1568,45.0,1,0,-0.04576124568575324,17.7971305642277,0.023193359375,0.005566429,0.0001,0.802068755030632,4.373904228210449,0.2,-0.004895750593277626,6248,-46.14478043597192
977.0,400896,1668,45.0,1,0,-0.023671415224271186,8.098925732076168,0.014404296875,0.004994775,0.0001,0.8863244354724884,3.8559417724609375,0.2,-0.005056859037722461,6256,-47.55842904403806
1068.5,401408,1832,45.0,1,0,-0.030923786440325784,14.188331027515233,0.01513671875,0.008259078,0.0001,0.8198100626468658,4.9824419021606445,0.2,-0.004258854183717631,6264,-49.39748777266592
1106.5,401920,1872,45.0,1,0,-0.03256117918317614,32.76430766284466,0.01806640625,0.007693883,0.0001,0.817622035741806,5.641366481781006,0.2,-0.0045749419477942865,6272,-51.096981066651644
1127.5,402432,1887,45.0,1,0,-0.03007196149428637,28.357489742338657,0.014404296875,0.0034400676,0.0001,0.588369220495224,5.441739082336426,0.2,-0.0049356352392351255,6280,-52.14111846316606
1131.0,402944,1825,45.0,1,0,-0.03425767839598848,17.982276489958167,0.017333984375,0.0037615546,0.0001,0.7671474665403366,2.9633853435516357,0.2,-0.0012089764968550298,6288,-52.410942621007564
1116.0,403456,2014,45.0,1,0,-0.02397864887097967,32.452752362936735,0.010498046875,0.0034859455,0.0001,0.7298927903175354,13.1996488571167,0.2,-0.0035717576029128395,6296,-53.65035739887506
1092.5,403968,1840,45.0,1,0,-0.03597010377598053,26.898255694657564,0.017578125,0.014544429,0.0001,0.7772016078233719,17.27465057373047,0.2,-0.0035841147946484853,6304,-54.433426207304
1130.0,404480,1898,45.0,1,0,-0.02189978978367435,7.387765847146511,0.00927734375,0.0027026671,0.0001,0.8682410567998886,1.4986194372177124,0.2,-0.003399959361559013,6312,-53.52114783555269
1108.0,404992,2159,45.0,1,0,-0.03357105664326809,21.665961656719446,0.01708984375,0.006668291,0.0001,0.8055637180805206,12.414419174194336,0.2,-0.007258763562276727,6320,-52.65719653658569
1038.5,405504,1569,45.0,1,0,-0.015164913511398481,5.836990602314472,0.00830078125,0.0035529402,0.0001,0.8980502262711525,0.45373693108558655,0.2,-0.0034200612317363266,6328,-51.05092117045075
1008.0,406016,1848,45.0,1,0,-0.03231934085215471,19.295188505202532,0.019775390625,0.0064846906,0.0001,0.8541078865528107,2.4303698539733887,0.2,-0.0011409141843614634,6336,-50.13526826079935
1090.0,406528,1950,45.0,1,0,-0.03266629888003081,24.21165106445551,0.020263671875,0.016849846,0.0001,0.8869075104594231,24.958742141723633,0.2,-0.0048225494247162715,6344,-49.43146280474961
1060.5,407040,1814,45.0,1,0,-0.028392349348905555,16.782328873872757,0.013916015625,0.002877975,0.0001,0.637281984090805,1.157171607017517,0.2,-0.0028402574971551076,6352,-49.32289497934282
1068.0,407552,1815,45.0,1,0,-0.031081232126780378,40.10229856148362,0.01416015625,0.003124998,0.0001,0.6314886510372162,12.166261672973633,0.2,-0.00587876929785125,6360,-49.20054654035717
1047.5,408064,2116,45.0,1,0,-0.02613213277891191,10.621698613278568,0.0205078125,0.010124994,0.0001,0.7212593853473663,2.9514589309692383,0.2,-0.005249718524282798,6368,-47.22645598627627
1077.5,408576,1882,45.0,1,0,-0.023189302264199796,15.406003369018435,0.0126953125,0.0026416364,0.0001,0.7771642506122589,1.1877330541610718,0.2,-0.004623824246664299,6376,-47.11646235633641
1062.5,409088,2013,45.0,1,0,-0.026916352372154506,6.805117576383054,0.015380859375,0.010371733,0.0001,0.8942614495754242,3.3255138397216797,0.2,-0.006719700901157921,6384,-47.31875241331756
1062.5,409600,2239,45.0,1,0,-0.023456125688426255,10.900264611467719,0.011474609375,0.0015221408,0.0001,0.8681883215904236,3.9375360012054443,0.2,-0.0031789286877028644,6392,-48.365801424458624
1042.0,410112,2052,45.0,1,0,-0.03392202808663569,14.063994997180998,0.02197265625,0.011301249,0.0001,0.845694825053215,2.2283108234405518,0.2,-0.006168955282191746,6400,-49.7026392891258
1040.0,410624,1506,45.0,1,0,-0.028087886664252437,12.801027512643486,0.020751953125,0.022718325,0.0001,0.8212636560201645,1.0469197034835815,0.2,-0.004789891092514154,6408,-49.65306856583804
946.0,411136,2010,45.0,1,0,-0.024621436680718034,17.30281369946897,0.015380859375,0.012339038,0.0001,0.8532813787460327,3.686134099960327,0.2,-0.004658658068365185,6416,-49.80785967335105
968.5,411648,1772,45.0,1,0,-0.029504967446428054,18.40568297728896,0.016845703125,0.0050701816,0.0001,0.5385949611663818,5.498761177062988,0.2,-0.006455134687712416,6424,-51.44925835028291
962.0,412160,1775,45.0,1,0,-0.022214463745513058,37.258620757609606,0.011962890625,0.004359393,0.0001,0.7083016633987427,8.028584480285645,0.2,-0.0044309535951470025,6432,-52.453809612728655
961.5,412672,1994,45.0,1,0,-0.029544908528805536,24.128374826163054,0.01953125,0.0034918597,0.0001,0.7876729220151901,10.259222030639648,0.2,-0.007232210769871017,6440,-55.19197460211814
938.5,413184,1889,45.0,1,0,-0.02298000814334955,20.321450732648373,0.010498046875,0.0036642074,0.0001,0.800382673740387,4.901308536529541,0.2,-0.004305060811020667,6448,-56.20932865120471
910.0,413696,2222,45.0,1,0,-0.024834832518536132,9.864539218135178,0.0146484375,0.006018113,0.0001,0.8961673900485039,5.192391872406006,0.2,-0.004614960016624536,6456,-56.63492123838514
987.0,414208,1856,45.0,1,0,-0.020737225249376934,8.647985116112977,0.01318359375,0.005521778,0.0001,0.9131225198507309,2.079893112182617,0.2,-0.002471108416102652,6464,-56.7127721003443
958.0,414720,2105,45.0,1,0,-0.0291127549940029,15.94227079488337,0.015380859375,0.005484791,0.0001,0.7388202548027039,2.5689358711242676,0.2,-0.0037074014544487,6472,-55.92163066845387
986.5,415232,1840,45.0,1,0,-0.023035907179291826,10.803563091903925,0.013916015625,0.0013854662,0.0001,0.8324427157640457,1.0639463663101196,0.2,-0.003379199690243695,6480,-56.3222915731743
971.5,415744,1449,45.0,1,0,-0.026132629869607626,26.90111441258341,0.016357421875,0.0061652074,0.0001,0.8186980187892914,6.89617395401001,0.2,-0.004672861316066701,6488,-56.20106186319143
1023.5,416256,1821,45.0,1,0,-0.03307890405812941,29.09664118848741,0.013916015625,0.010397437,0.0001,0.6876343488693237,6.072147369384766,0.2,-0.0066693180524453055,6496,-56.388204683847725
1020.0,416768,1947,45.0,1,0,-0.027480554186695372,28.995550179854035,0.010986328125,0.00066089514,0.0001,0.7742148190736771,8.658893585205078,0.2,-0.004053791099067894,6504,-55.867549285031856
1043.0,417280,1940,45.0,1,0,-0.033049914960429305,51.54241645336151,0.01953125,0.0036272823,0.0001,0.6873634457588196,5.586238861083984,0.2,-0.0042266041946277255,6512,-54.358478474393486
1062.5,417792,1814,45.0,1,0,-0.024724348396375717,11.695935206487775,0.010498046875,0.0025621015,0.0001,0.8649617582559586,3.6542255878448486,0.2,-0.0029367406023084186,6520,-54.53117220647633
1124.0,418304,2035,45.0,1,0,-0.03700461436255864,25.548443127423525,0.020263671875,0.0030772197,0.0001,0.8176935166120529,9.529779434204102,0.2,-0.0028897847296320833,6528,-53.12797700069845
1155.5,418816,1869,45.0,1,0,-0.029434055075398646,15.07824331521988,0.017822265625,0.0073801,0.0001,0.8062083572149277,2.5509302616119385,0.2,-0.0028794269237550907,6536,-52.86300035908818
1150.0,419328,1551,45.0,1,0,-0.027567689696297748,9.116505195386708,0.014404296875,0.0076598004,0.0001,0.855360746383667,2.95611572265625,0.2,-0.0044788390878238715,6544,-52.45644307028502
1118.0,419840,1865,45.0,1,0,-0.03782617027445667,28.41184926405549,0.020263671875,0.00831649,0.0001,0.7976775914430618,7.587776184082031,0.2,-0.0036752950145455543,6552,-53.53905066683888
1108.5,420352,2020,45.0,1,0,-0.03349262639312656,22.581748196855187,0.015625,0.0084785605,0.0001,0.8431200683116913,3.2067337036132812,0.2,-0.006671136186923832,6560,-54.15259481400251
1082.5,420864,1439,45.0,1,0,-0.035663559160639124,27.83910184726119,0.020751953125,0.005188496,0.0001,0.8377202153205872,2.1436076164245605,0.2,-0.00783811663495726,6568,-55.263214784935116
1120.0,421376,1890,45.0,1,0,-0.02923344658847782,22.237371399998665,0.02001953125,0.0047303583,0.0001,0.7751434743404388,1.8725078105926514,0.2,-0.004506478719122242,6576,-55.897861223258076
1061.0,421888,2013,45.0,1,0,-0.03861684392722964,30.20139890536666,0.021240234375,0.006880751,0.0001,0.7952397167682648,5.859968662261963,0.2,-0.008276457519968972,6584,-56.162912129350005
1051.5,422400,1989,45.0,1,0,-0.03267992234304984,13.624031910672784,0.022705078125,0.006078284,0.0001,0.8404499143362045,7.912393569946289,0.2,-0.008449861035842332,6592,-55.97960491936654
990.5,422912,2114,45.0,1,0,-0.029745037487828085,23.04991796799004,0.01708984375,0.0033790646,0.0001,0.7613175511360168,3.124907970428467,0.2,-0.005525385087821633,6600,-55.81374425355345
988.5,423424,1823,45.0,1,0,-0.015262223894751514,11.038454143796116,0.01025390625,0.011083335,0.0001,0.7546285092830658,3.5186400413513184,0.2,-0.004351912304628058,6608,-55.046013376563785
978.5,423936,1962,45.0,1,0,-0.02988503713049795,9.550806890241802,0.02001953125,0.008889312,0.0001,0.8184208571910858,1.7335251569747925,0.2,-0.004975608109816676,6616,-55.14351211734116
970.5,424448,2104,45.0,1,0,-0.026908428573733545,10.37691735709086,0.015625,0.0032068207,0.0001,0.9145622625946999,0.9070776104927063,0.2,-0.0031624922703485936,6624,-54.03801905561239
981.0,424960,1893,45.0,1,0,-0.020768979105469043,16.841720518190414,0.01611328125,0.021479268,0.0001,0.7544689476490021,2.293013334274292,0.2,-0.006052414399164263,6632,-53.077469481602314
970.5,425472,1863,45.0,1,0,-0.0310096675875684,25.568158579990268,0.018798828125,0.0036826518,0.0001,0.7332819998264313,8.785813331604004,0.2,-0.005650059634717763,6640,-52.90485059220344
924.5,425984,1999,45.0,1,0,-0.026513902446822613,16.105776336044073,0.019287109375,0.0045181285,0.0001,0.7709917277097702,1.345768928527832,0.2,-0.005503171792952344,6648,-53.36430946651846
1003.0,426496,1841,45.0,1,0,-0.027277001307083992,18.903924689628184,0.015625,0.0062365946,0.0001,0.7668914943933487,0.8406527638435364,0.2,-0.006072482305171434,6656,-52.89654806561768
1018.5,427008,1781,45.0,1,0,-0.03312652970316776,17.386572206392884,0.022216796875,0.008262374,0.0001,0.797201856970787,2.7676756381988525,0.2,-0.0064424398660776205,6664,-52.97699308872223
1023.0,427520,1984,45.0,1,0,-0.027123231825498806,29.11630818992853,0.017333984375,0.007205167,0.0001,0.7383975684642792,5.155254364013672,0.2,-0.006046612525096862,6672,-54.80712333187461
985.0,428032,2000,45.0,1,0,-0.028771857550509594,10.564660563366488,0.012451171875,0.0022589578,0.0001,0.6981043815612793,2.2072067260742188,0.2,-0.00543215964717092,6680,-54.98320235248655
965.5,428544,1971,45.0,1,0,-0.02790623370128742,23.078588982112706,0.021240234375,0.009881978,0.0001,0.8012862056493759,6.8643269538879395,0.2,-0.007175992632255657,6688,-56.10903555367142
951.5,429056,1991,45.0,1,0,-0.01847184489679421,16.72956617642194,0.011962890625,0.0061439667,0.0001,0.8607147336006165,4.050444602966309,0.2,-0.004178816052444745,6696,-56.64043501757085
912.5,429568,2111,45.0,1,0,-0.02524071737570921,20.62537970393896,0.014404296875,0.007295612,0.0001,0.8434867262840271,3.678152084350586,0.2,-0.005942932972175186,6704,-57.54476252868771
869.5,430080,1923,45.0,1,0,-0.031695928625595116,11.055165123194456,0.020263671875,0.005033041,0.0001,0.7854189276695251,0.49577152729034424,0.2,-0.006906888622324914,6712,-57.506860342398284
863.5,430592,2008,45.0,1,0,-0.028631907990529726,38.12456080317497,0.018310546875,0.008856192,0.0001,0.7424853146076202,9.359885215759277,0.2,-0.004837195330765098,6720,-57.85614060141146
813.0,431104,1477,45.0,1,0,-0.03051554807007051,12.504501448944211,0.018310546875,0.0032241715,0.0001,0.7906171828508377,4.0918755531311035,0.2,-0.0048424719061586075,6728,-57.637754768058656
767.5,431616,2072,45.0,1,0,-0.028269692473259056,23.922687280923128,0.024658203125,0.009306498,0.0001,0.7683647871017456,5.719658851623535,0.2,-0.0033694863104756223,6736,-56.9950322258845
732.0,432128,2046,45.0,1,0,-0.02433781291711057,16.959045610390604,0.01171875,0.003153715,0.0001,0.8419369459152222,1.8444459438323975,0.2,-0.005720324246794917,6744,-56.94073245774955
722.5,432640,2198,45.0,1,0,-0.02737979679250202,13.814586133696139,0.013671875,0.004133813,0.0001,0.7122593224048615,2.5200088024139404,0.2,-0.003679947603814071,6752,-57.169190987609326
712.5,433152,2169,45.0,1,0,-0.03195569928175246,9.650335342623293,0.03369140625,0.014847281,0.0001,0.8798326477408409,0.6730477809906006,0.2,-0.004738655530672986,6760,-56.8949219943583
672.5,433664,2112,45.0,1,0,-0.018680197285902977,7.333944345358759,0.01171875,0.0035787842,0.0001,0.8744091838598251,0.2367355227470398,0.2,-0.0035336384071342763,6768,-56.129407840259375
750.5,434176,1817,45.0,1,0,-0.03875576677683057,74.88374994322658,0.02587890625,0.003932629,0.0001,0.6106762886047363,12.782386779785156,0.2,-0.00817522723446018,6776,-56.00841063577682
751.0,434688,1957,45.0,1,0,-0.025229388104435202,35.46122830361128,0.014892578125,0.0023934592,0.0001,0.6750370562076569,5.9506916999816895,0.2,-0.004950459744577529,6784,-55.5426254972443
685.0,435200,2037,45.0,1,0,-0.044679043921860284,22.560926612466574,0.020751953125,0.005168349,0.0001,0.7363922894001007,4.617464542388916,0.2,-0.007875538234657142,6792,-55.691499654315415
752.5,435712,1812,45.0,1,0,-0.03526781606251461,59.149298418313265,0.02587890625,0.0069782725,0.0001,0.6739552915096283,3.48344349861145,0.2,-0.009782428438484203,6800,-58.73953613612801
756.5,436224,2206,45.0,1,0,-0.030452245095602848,30.395200841128826,0.0166015625,0.00456688,0.0001,0.7680287659168243,4.6898579597473145,0.2,-0.004893476118013496,6808,-58.79051217477769
700.0,436736,2013,45.0,1,0,-0.021802232123718568,12.216121166944504,0.015380859375,0.016340736,0.0001,0.8322355449199677,0.8327251076698303,0.2,-0.005021783996198792,6816,-59.99461766563356
741.0,437248,2208,45.0,1,0,-0.03326759419269365,13.574853846803308,0.0205078125,0.0197171,0.0001,0.8555113822221756,2.0900495052337646,0.2,-0.004428059604833834,6824,-61.666803608983756
763.0,437760,2181,45.0,1,0,-0.035025220289753634,47.24409223161638,0.0185546875,0.0042908886,0.0001,0.6911318898200989,2.70835542678833,0.2,-0.006873397378512891,6832,-61.71786179691553
771.5,438272,1952,45.0,1,0,-0.02719841186171834,20.58594458224252,0.01513671875,0.0034436807,0.0001,0.7854818999767303,2.994337558746338,0.2,-0.0029228296302790113,6840,-61.251242384761575
766.0,438784,1936,45.0,1,0,-0.03545954273886309,33.70339919626713,0.01904296875,0.003930317,0.0001,0.6906189322471619,6.0245232582092285,0.2,-0.00750814003549749,6848,-60.96033701479435
722.5,439296,1944,45.0,1,0,-0.034258010125086,30.848015446215868,0.017333984375,0.0033993456,0.0001,0.6247424781322479,4.8226470947265625,0.2,-0.005693317398254294,6856,-59.98599658019841
756.5,439808,2002,45.0,1,0,-0.04085338308186692,16.863910730928183,0.023681640625,0.0071236524,0.0001,0.7857753783464432,2.6339874267578125,0.2,-0.00936134375842812,6864,-60.241217705272135
741.5,440320,1905,45.0,1,0,-0.03646032386632214,81.93137304112315,0.018798828125,0.015947437,0.0001,0.6181955933570862,6.701214790344238,0.2,-0.0011332504800520837,6872,-60.16059996616095
809.0,440832,2160,45.0,1,0,-0.030609661096605123,33.4330990742892,0.015380859375,0.0036950149,0.0001,0.8359724581241608,15.339888572692871,0.2,-0.0045233849123178516,6880,-61.7469689565897
850.0,441344,1803,45.0,1,0,-0.01732243638844011,13.239836536347866,0.00634765625,0.0013636858,0.0001,0.7876041978597641,0.6980990767478943,0.2,-0.0021840062472620048,6888,-61.37360124975443
848.5,441856,1600,45.0,1,0,-0.030201527817553142,36.01686982065439,0.019287109375,0.011674358,0.0001,0.6111956238746643,25.180086135864258,0.2,-0.00695535737395403,6896,-59.428234683945774
867.5,442368,2030,45.0,1,0,-0.02482228530016073,8.979776730760932,0.01416015625,0.0039400905,0.0001,0.8213835507631302,2.467829465866089,0.2,-0.004375887359856279,6904,-57.81001241061836
865.0,442880,2150,45.0,1,0,-0.030276269050773408,11.668100309092551,0.026611328125,0.01167159,0.0001,0.8516508191823959,1.5564998388290405,0.2,-0.0009202581386489328,6912,-58.030024692267176
895.0,443392,1795,45.0,1,0,-0.025345737569296034,26.62563812918961,0.010009765625,0.0027412053,0.0001,0.7327689826488495,4.934928894042969,0.2,-0.004147196559642907,6920,-58.47287724263966
887.5,443904,1917,45.0,1,0,-0.026340979563883593,47.29610908776522,0.013671875,0.006371517,0.0001,0.7412011623382568,3.7859833240509033,0.2,0.0020908157093799673,6928,-61.91009561114013
876.5,444416,1983,45.0,1,0,-0.02914959952386198,27.542636888101697,0.017822265625,0.002650877,0.0001,0.7460102140903473,6.717914581298828,0.2,-0.007629131971043535,6936,-63.3138155169785
846.0,444928,2002,45.0,1,0,-0.0252981256799103,42.5520906932652,0.009521484375,0.0012823632,0.0001,0.7671585530042648,28.177967071533203,0.2,-0.004864534050284419,6944,-64.18211372055113
846.0,445440,2083,45.0,1,0,-0.024877443470813887,25.982476143166423,0.00927734375,0.002331895,0.0001,0.8216628283262253,4.583587169647217,0.2,-0.003490375165711157,6952,-62.81537342280149
837.0,445952,2086,45.0,1,0,-0.013843600722339033,14.098673115950078,0.0048828125,0.0005626326,0.0001,0.5466924905776978,0.8814440369606018,0.2,-0.002996136958245188,6960,-61.20555405151099
810.5,446464,2026,45.0,1,0,-0.02397045441739465,7.422428257763386,0.018798828125,0.012230758,0.0001,0.8300793021917343,0.6955679059028625,0.2,-0.004907812435703818,6968,-60.81406662218273
790.0,446976,2235,45.0,1,0,-0.020571772523453546,21.93009420670569,0.0126953125,0.007628388,0.0001,0.7716178447008133,2.4427356719970703,0.2,-0.0033800736055127345,6976,-60.8649992768839
782.5,447488,1534,45.0,1,0,-0.020572059956975863,14.561335819773376,0.0263671875,0.026827786,0.0001,0.7226487696170807,1.9824974536895752,0.2,-0.005246796446954249,6984,-60.95962050527334
762.0,448000,1667,45.0,1,0,-0.02398730145296213,28.207741409540176,0.00927734375,0.001241076,0.0001,0.7824374437332153,6.736406326293945,0.2,-0.0034489106910768896,6992,-60.63137612983584
712.5,448512,2237,45.0,1,0,-0.029350063827223494,44.45063040032983,0.012939453125,0.0016125332,0.0001,0.7901898771524429,12.985942840576172,0.2,-0.006412360011381679,7000,-59.77236391119659
727.0,449024,1901,45.0,1,0,-0.03260079954270623,81.98991090804338,0.0234375,0.0076166266,0.0001,0.8068752586841583,14.536783218383789,0.2,-0.010181538382312283,7008,-61.422399782910944
729.5,449536,1995,45.0,1,0,-0.024492919827025617,34.621487990021706,0.015625,0.009866466,0.0001,0.7964718341827393,8.573041915893555,0.2,-0.0037021394055045675,7016,-60.36099886223674
722.5,450048,2298,45.0,1,0,-0.015525939212238882,21.267819001339376,0.0068359375,0.0052266736,0.0001,0.7734826952219009,9.265141487121582,0.2,-0.0028389546714606695,7024,-59.447491536177694
724.0,450560,1925,45.0,1,0,-0.015931521787024394,8.387705753557384,0.008544921875,0.0019727692,0.0001,0.747030109167099,0.8833799362182617,0.2,-0.0038785720644227695,7032,-60.1364326063171
702.0,451072,2240,45.0,1,0,-0.027849256905028597,10.063559286296368,0.0166015625,0.0063646906,0.0001,0.8525440245866776,1.2249022722244263,0.2,-0.004626518213626696,7040,-60.06239188112318
684.0,451584,1931,45.0,1,0,-0.014700523744977545,9.039552758913487,0.00830078125,0.0012444293,0.0001,0.8243852853775024,2.198918342590332,0.2,-0.0031715621898911195,7048,-59.85149827465415
747.5,452096,1763,45.0,1,0,-0.029354289439652348,62.16185179539025,0.012451171875,0.005676295,0.0001,0.6150504052639008,17.415061950683594,0.2,-0.005239650465227896,7056,-60.49803295072168
728.0,452608,1983,45.0,1,0,-0.02229640671521338,22.006853479892015,0.007080078125,0.00075430446,0.0001,0.4630858302116394,5.255007266998291,0.2,-0.003117130654572975,7064,-58.55256606269628
742.5,453120,2161,45.0,1,0,-0.02466487899096137,18.712088610976934,0.015869140625,0.0023691482,0.0001,0.6892972886562347,5.686337947845459,0.2,-0.004859826833126135,7072,-56.09898462731391
753.5,453632,1750,45.0,1,0,-0.025074780700606425,43.8762332983315,0.021728515625,0.0050073806,0.0001,0.7413558661937714,3.9755778312683105,0.2,-0.00647142833986436,7080,-54.82486842691898
725.0,454144,2263,45.0,1,0,-0.023200714778340625,21.69628914631903,0.0146484375,0.015990103,0.0001,0.7983373552560806,3.2326741218566895,0.2,-0.006205555102496874,7088,-55.470448287017646
755.0,454656,1855,45.0,1,0,-0.024820749285026977,14.727268636226654,0.02197265625,0.00954986,0.0001,0.9021580666303635,4.237826824188232,0.2,-0.007586551853819401,7096,-58.10359351616353
697.0,455168,2249,45.0,1,0,-0.03712811593004517,43.503841664642096,0.021240234375,0.0033076296,0.0001,0.7434323728084564,12.725122451782227,0.2,-0.0072208869005407905,7104,-61.30344720687717
727.5,455680,2059,45.0,1,0,-0.019857292450979003,11.113957604393363,0.010498046875,0.001697596,0.0001,0.8058408498764038,1.318637490272522,0.2,-0.0053173052801867016,7112,-62.66033649753779
740.0,456192,1883,45.0,1,0,-0.02622226918811066,35.48243933916092,0.0087890625,0.0013494793,0.0001,0.749740332365036,7.677250385284424,0.2,-0.0018797937755152816,7120,-63.532452872730794
717.5,456704,2003,45.0,1,0,-0.021430876156955492,20.783989425748587,0.01220703125,0.008902175,0.0001,0.46122026443481445,2.766493558883667,0.2,-0.0036518222332233563,7128,-62.156857800371945
751.5,457216,1854,45.0,1,0,-0.022234793609186454,19.434857287444174,0.01611328125,0.005309798,0.0001,0.6703627407550812,2.282478094100952,0.2,-0.004730151380499592,7136,-61.568215996585785
757.0,457728,2095,45.0,1,0,-0.026644631201179436,24.60856445878744,0.01220703125,0.004748727,0.0001,0.701464980840683,1.480422019958496,0.2,-0.0026029995424323715,7144,-60.43571104932576
721.5,458240,1505,45.0,1,0,-0.017869628217795253,15.001029963605106,0.017333984375,0.011578042,0.0001,0.8007479459047318,0.4437137842178345,0.2,-0.005240555736236274,7152,-59.135266111902894
751.5,458752,2211,45.0,1,0,-0.03160745531658904,47.51786608994007,0.017333984375,0.0027571868,0.0001,0.8172034621238708,9.760394096374512,0.2,-0.002486458841303829,7160,-59.68140348453075
681.5,459264,1865,45.0,1,0,-0.027366336577870243,12.476408106274903,0.011962890625,0.0060793934,0.0001,0.8285249322652817,1.2987313270568848,0.2,-0.0034728286027529975,7168,-58.924555121846495
710.5,459776,1852,45.0,1,0,-0.03300795554969227,21.145572532899678,0.027099609375,0.0117147295,0.0001,0.8320618569850922,3.2706093788146973,0.2,-0.011105140729341656,7176,-57.73190419662744
722.0,460288,1921,45.0,1,0,-0.016901684338336054,9.914033108390868,0.010498046875,0.0069287233,0.0001,0.8862424492835999,1.101509928703308,0.2,-0.003568082560377661,7184,-58.063491389490665
701.5,460800,2057,45.0,1,0,-0.0219888168730904,11.871546866372228,0.010498046875,0.0018388206,0.0001,0.8476805090904236,2.3079941272735596,0.2,-0.00312833513271471,7192,-58.2339954046905
743.5,461312,1857,45.0,1,0,-0.02582187544749104,18.664022531360388,0.011474609375,0.007673935,0.0001,0.7302073240280151,1.7703853845596313,0.2,-0.0034081077901646495,7200,-59.303427243605256
777.5,461824,1846,45.0,1,0,-0.02958738780694148,29.87548268586397,0.024169921875,0.007685708,0.0001,0.6654185056686401,6.2060675621032715,0.2,-0.0018103883703588508,7208,-60.284157528579236
834.5,462336,1872,45.0,1,0,-0.03641702210461517,47.63849783875048,0.017578125,0.002099276,0.0001,0.6303831040859222,14.930465698242188,0.2,-0.004952447110554203,7216,-61.077148469872775
830.5,462848,2004,45.0,1,0,-0.03166982589755207,18.228932356461883,0.009521484375,0.0010418535,0.0001,0.7474274933338165,4.543750286102295,0.2,-0.0025108418594754767,7224,-60.4353528695181
819.0,463360,2311,45.0,1,0,-0.02853839934186908,33.124097000807524,0.017333984375,0.0055262744,0.0001,0.7845398187637329,6.713639736175537,0.2,-0.005723652247979771,7232,-60.18223184976727
890.0,463872,1409,45.0,1,0,-0.017309206666595855,32.49364165216684,0.00732421875,0.0015898785,0.0001,0.8196847885847092,19.089744567871094,0.2,-0.005763148263213225,7240,-62.96554201539606
895.0,464384,2060,45.0,1,0,-0.03931414855060211,50.507460318505764,0.019775390625,0.004479794,0.0001,0.8221784383058548,6.8674139976501465,0.2,-0.004774593082402134,7248,-64.50713390793652
893.5,464896,2130,45.0,1,0,-0.017629120722176594,23.55615746602416,0.015625,0.0049401633,0.0001,0.7692061960697174,5.187979221343994,0.2,-0.00383676838100655,7256,-64.42697166930884
839.5,465408,2205,45.0,1,0,-0.03866272834056872,16.667504525743425,0.036376953125,0.01729555,0.0001,0.7728775143623352,1.2715950012207031,0.2,-0.011338661999616306,7264,-63.62556460481137
850.0,465920,1849,45.0,1,0,-0.01916181565752595,14.845677312463522,0.012939453125,0.0020847148,0.0001,0.764372780919075,1.0806968212127686,0.2,-0.005091866791190114,7272,-63.90381244707853
766.0,466432,2105,45.0,1,0,-0.019523839279372623,19.08232212997973,0.014892578125,0.0074381824,0.0001,0.7860831767320633,3.6390364170074463,0.2,-0.0040501919902453665,7280,-63.089044098630545
691.0,466944,2167,45.0,1,0,-0.024925098334279028,11.361237425822765,0.019287109375,0.014684405,0.0001,0.8165458887815475,1.8902825117111206,0.2,-0.009210989912389778,7288,-62.07267984148115
704.0,467456,2058,45.0,1,0,-0.022781451744549486,22.693752262741327,0.0185546875,0.008795068,0.0001,0.7593164145946503,3.129307985305786,0.2,-0.006553193983563688,7296,-62.82386650837958
650.5,467968,2029,45.0,1,0,-0.017251440810014174,20.661983001977205,0.0146484375,0.007329846,0.0001,0.8541749864816666,4.070248603820801,0.2,-0.0002385205079917796,7304,-62.07676828406751
595.5,468480,2060,45.0,1,0,-0.018081909232932958,16.107541927602142,0.017822265625,0.0051100943,0.0001,0.8643057346343994,2.135632038116455,0.2,-0.00639521316770697,7312,-59.967579971961676
602.5,468992,2080,45.0,1,0,-0.01743828208668674,16.813731078698765,0.011962890625,0.003171041,0.0001,0.8921222612261772,3.543828010559082,0.2,-0.003128500526145217,7320,-58.897672619000076
610.0,469504,2107,45.0,1,0,-0.022299471611404442,23.12652741931379,0.019287109375,0.0061714323,0.0001,0.8650336414575577,1.9155949354171753,0.2,-0.007269989542692201,7328,-60.029474407546225
640.0,470016,2083,45.0,1,0,-0.03069850283827691,14.713558299466968,0.01806640625,0.008938559,0.0001,0.7413682341575623,1.3199070692062378,0.2,-0.003909064369508997,7336,-60.61739259060472
649.5,470528,1838,45.0,1,0,-0.017782319220486897,25.538439255207777,0.010009765625,0.0036350414,0.0001,0.710079163312912,6.34124755859375,0.2,-0.0037449126029969193,7344,-61.91355104003102
678.5,471040,2075,45.0,1,0,-0.014560274619270785,14.005876428447664,0.008544921875,0.0016229927,0.0001,0.7426193356513977,1.838369369506836,0.2,-0.001909834893012885,7352,-61.66115539893508
762.5,471552,1839,45.0,1,0,-0.03219103326409822,17.45376160601154,0.013427734375,0.0042123445,0.0001,0.6998701691627502,9.208128929138184,0.2,-0.005370092723751441,7360,-61.453662900477646
797.5,472064,2211,45.0,1,0,-0.03049549884053704,9.672792506404221,0.02294921875,0.007895038,0.0001,0.8286946564912796,1.621708869934082,0.2,-0.004964071973518003,7368,-60.1568965280056
743.0,472576,2426,45.0,1,0,-0.01710120433881457,14.769762397976592,0.010498046875,0.0076135346,0.0001,0.8222758620977402,1.3854053020477295,0.2,-0.003786830742683378,7376,-59.44638363901526
659.0,473088,2365,45.0,1,0,-0.008074327855410957,5.698529013257939,0.006103515625,0.0048263464,0.0001,0.8969493955373764,0.25201815366744995,0.2,-0.0026788733157445677,7384,-59.19203643530607
648.0,473600,2056,45.0,1,0,-0.01827856417367002,31.415450824424624,0.0146484375,0.008088636,0.0001,0.8289592415094376,12.647675514221191,0.2,-0.0037735898222308606,7392,-59.90842745240778
609.0,474112,2330,45.0,1,0,-0.02088446286825274,14.674054665025324,0.0126953125,0.0040736767,0.0001,0.8143971264362335,5.7547478675842285,0.2,-0.00335538054787321,7400,-59.69545697651804
551.0,474624,2083,45.0,1,0,-0.024709800899017864,15.05245665134862,0.02197265625,0.005777805,0.0001,0.7581496238708496,0.8711677193641663,0.2,-0.0029287772231327835,7408,-59.39342060178518
489.0,475136,2101,45.0,1,0,-0.021170386030917143,47.31919478625059,0.01123046875,0.0036920225,0.0001,0.5196053683757782,30.10485076904297,0.2,-0.005023976187658263,7416,-58.97320145003498
462.5,475648,2255,45.0,1,0,-0.025808483606397203,17.58875661715865,0.013427734375,0.0026949877,0.0001,0.4786810278892517,5.526159763336182,0.2,-0.004584559919749154,7424,-58.93701714329421
378.0,476160,1551,45.0,1,0,-0.018939784201393195,25.98404485359788,0.0107421875,0.0043041427,0.0001,0.7116959393024445,3.8477346897125244,0.2,-0.0021636768178723287,7432,-59.52859151255339
426.5,476672,2154,45.0,1,0,-0.025025316213032056,31.7544141151011,0.019287109375,0.0060773846,0.0001,0.6712311506271362,3.755678176879883,0.2,-0.005710936544346623,7440,-60.48379664454609
528.0,477184,1938,45.0,1,0,-0.023306854421662138,16.36945126298815,0.02001953125,0.00929641,0.0001,0.844835177063942,0.9504719376564026,0.2,-0.008085004901658976,7448,-61.61940415836871
567.5,477696,2094,45.0,1,0,-0.016770763587828696,19.90562132978812,0.01416015625,0.008577606,0.0001,0.8026563227176666,3.081235408782959,0.2,-0.004796168897883035,7456,-63.42070982009172
590.0,478208,2126,45.0,1,0,-0.021595345586320036,81.98715115711093,0.015380859375,0.0043826876,0.0001,0.7063243389129639,21.8096981048584,0.2,-0.0063025080162333325,7464,-65.26575226098299
661.0,478720,1890,45.0,1,0,-0.02657317155126293,31.21355041489005,0.025390625,0.0053709606,0.0001,0.8479646891355515,9.171500205993652,0.2,-0.009671664258348756,7472,-67.48726844035089
681.0,479232,2066,45.0,1,0,-0.019473905279937753,24.28890258818865,0.012939453125,0.003667024,0.0001,0.7718523591756821,7.320911884307861,0.2,-0.00291088084486546,7480,-68.19804478637874
736.0,479744,2010,45.0,1,0,-0.02047472968342845,52.90572154521942,0.011962890625,0.0062929955,0.0001,0.7050912976264954,18.665069580078125,0.2,-0.004492213298362913,7488,-69.39275674384088
776.0,480256,2067,45.0,1,0,-0.026308910359148285,26.011060304939747,0.016845703125,0.0026058007,0.0001,0.5603910982608795,4.8441162109375,0.2,-0.004586907794873696,7496,-68.9809111526981
808.0,480768,1969,45.0,1,0,-0.02194122056471315,12.741498241201043,0.01513671875,0.004149568,0.0001,0.7943081557750702,1.4147592782974243,0.2,-0.004325561258156085,7504,-65.76142783019692
857.5,481280,1824,45.0,1,0,-0.02062783825022052,22.797205287963152,0.014404296875,0.0038367757,0.0001,0.7221260666847229,3.8847970962524414,0.2,-0.006950508806767175,7512,-62.71309644974768
858.0,481792,1983,45.0,1,0,-0.012161813687725953,18.08299581706524,0.01123046875,0.003287552,0.0001,0.6863365173339844,2.140193223953247,0.2,-0.004168594554357696,7520,-60.54964682839811
884.0,482304,2181,45.0,1,0,-0.022410623997984658,53.13518140465021,0.0185546875,0.0059629977,0.0001,0.678237646818161,10.40527629852295,0.2,-0.0069670099328504875,7528,-59.175720388852056
889.0,482816,1926,45.0,1,0,-0.01823920732795159,20.278889280743897,0.004150390625,0.0008314118,0.0001,0.8848027065396309,4.8008198738098145,0.2,-0.00022054428336559795,7536,-57.41877441801131
829.5,483328,2233,45.0,1,0,-0.036630649207381794,36.700138080865145,0.038818359375,0.019684954,0.0001,0.8517067283391953,16.384742736816406,0.2,-0.008938893268350512,7544,-58.886757194027304
828.0,483840,1873,45.0,1,0,-0.016489895436734514,16.37062184792012,0.011474609375,0.002252318,0.0001,0.8312851339578629,1.5919106006622314,0.2,-0.004370663096779026,7552,-59.32535688534379
829.5,484352,2081,45.0,1,0,-0.03397347606460244,26.799600947648287,0.021240234375,0.0049387105,0.0001,0.7250567972660065,5.932433128356934,0.2,-0.0072106975567294285,7560,-59.616930491551756
850.0,484864,1939,45.0,1,0,-0.02343154333084385,21.861051625572145,0.01220703125,0.0033278996,0.0001,0.5603821277618408,8.99939250946045,0.2,-0.004107446477064514,7568,-60.18236547514796
823.5,485376,1932,45.0,1,0,-0.02720320505432028,47.54450496286154,0.01416015625,0.0016503067,0.0001,0.4201279878616333,5.744945526123047,0.2,-0.005699803637980949,7576,-60.06559676922858
756.0,485888,2305,45.0,1,0,-0.03218081296017772,32.4312789440155,0.01708984375,0.010626797,0.0001,0.5844618380069733,5.786026477813721,0.2,-0.004940275264743832,7584,-60.23761124841869
742.0,486400,1935,45.0,1,0,-0.013412575412985461,15.097184931393713,0.009765625,0.002198366,0.0001,0.6880972385406494,7.74273157119751,0.2,-0.003931061339244479,7592,-59.90710733596236
776.0,486912,1458,45.0,1,0,-0.029869579040678218,88.61534162610769,0.01953125,0.008243399,0.0001,0.5246639549732208,43.53962326049805,0.2,-0.008313644029840361,7600,-60.01096214268357
758.5,487424,2322,45.0,1,0,-0.03368283474810596,48.8890138566494,0.015380859375,0.0048831566,0.0001,0.7787808626890182,14.99782943725586,0.2,-0.005491951291332953,7608,-60.23191638100892
750.5,487936,1680,45.0,1,0,-0.02041068713151617,22.09958489437122,0.01220703125,0.013789775,0.0001,0.8785381987690926,4.303830623626709,0.2,-0.003852794885460753,7616,-60.48294198304415
775.0,488448,1876,45.0,1,0,-0.016883960753602878,14.855339901521802,0.01220703125,0.009026586,0.0001,0.9128309264779091,1.5571564435958862,0.2,-0.003576139271899592,7624,-62.031812426559625
707.0,488960,2559,45.0,1,0,-0.030643011963547906,70.60244529694319,0.0205078125,0.0029213,0.0001,0.7821383327245712,18.852190017700195,0.2,-0.0061405173255479895,7632,-65.42779325436801
624.5,489472,2032,45.0,1,0,-0.007893681862697122,13.371906575048342,0.001708984375,0.00020917656,0.0001,0.8766616806387901,2.5988478660583496,0.2,-0.0013342157326405868,7640,-67.87446190364659
549.5,489984,2418,45.0,1,0,-0.03189418078000017,24.891082257032394,0.02294921875,0.0067098318,0.0001,0.7882324010133743,5.2250518798828125,0.2,-0.005773114789917599,7648,-70.29816841199994
555.0,490496,2344,45.0,1,0,-0.015123374811992107,26.384614173322916,0.008056640625,0.0029359702,0.0001,0.3396245241165161,2.8855957984924316,0.2,-0.0021536952481255867,7656,-69.43649132497609
456.0,491008,2234,45.0,1,0,-0.014177705341808178,10.45352876977995,0.01318359375,0.006378609,0.0001,0.06383538246154785,1.5015040636062622,0.2,-0.0028009802590531763,7664,-67.74472834635526
436.5,491520,2196,45.0,1,0,-0.024709098674975394,24.549283367581666,0.021484375,0.0060052434,0.0001,0.6250692009925842,26.668432235717773,0.2,-0.005279254237393616,7672,-63.85971158243716
410.0,492032,2281,45.0,1,0,-0.019100830777460942,15.90104457642883,0.01220703125,0.003922933,0.0001,0.6680570244789124,2.664043426513672,0.2,-0.002144049107300816,7680,-59.783124041557315
422.0,492544,1924,45.0,1,0,-0.014911824328464718,15.588816207367927,0.0107421875,0.0052523557,0.0001,0.7581710070371628,0.5213785767555237,0.2,-0.004330542920797598,7688,-57.58110656190664
456.0,493056,1942,45.0,1,0,-0.013022322655615426,11.388911320827901,0.010498046875,0.01713533,0.0001,0.857475608587265,0.6641514301300049,0.2,-0.002281783767102752,7696,-56.67178754370659
522.5,493568,1612,45.0,1,0,-0.025296079158579232,20.378954097628593,0.015380859375,0.006187654,0.0001,0.7969226241111755,2.556624412536621,0.2,-0.00786173625238007,7704,-55.83673814825713
550.5,494080,1926,45.0,1,0,-0.022357964920502127,26.508803067263216,0.01318359375,0.002158379,0.0001,0.8323990106582642,2.9972033500671387,0.2,-0.0038166936792549677,7712,-57.328735672831534
609.0,494592,2211,45.0,1,0,-0.028725665447382198,38.756424620747566,0.018798828125,0.012220822,0.0001,0.788534089922905,10.391457557678223,0.2,-0.005249242352874717,7720,-59.07551197335124
659.0,495104,2055,45.0,1,0,-0.012913046404719353,21.93054741155356,0.009765625,0.0038341396,0.0001,0.7363241016864777,2.093737840652466,0.2,-0.002521037640690338,7728,-62.17522543940693
730.5,495616,2058,45.0,1,0,-0.015995843763903395,8.862896693870425,0.01025390625,0.0026376322,0.0001,0.7894065976142883,0.2829858660697937,0.2,-0.0022490304872917477,7736,-64.7385513780266
764.5,496128,1986,45.0,1,0,-0.0241932743738289,14.472727331332862,0.019287109375,0.013244017,0.0001,0.8525651842355728,4.6869215965271,0.2,-0.004979168334102724,7744,-66.25092510636895
821.5,496640,1946,45.0,1,0,-0.019670885865252785,12.926143477205187,0.0126953125,0.008717889,0.0001,0.7860638946294785,3.2887136936187744,0.2,-0.003178760045557283,7752,-66.72374320808798
848.0,497152,1929,45.0,1,0,-0.024550896022219604,55.81931612640619,0.017578125,0.007560684,0.0001,0.6669650375843048,35.715248107910156,0.2,-0.008297494317957899,7760,-67.64330126982182
820.0,497664,1897,45.0,1,0,-0.017857901457318803,26.15551747381687,0.0126953125,0.005894973,0.0001,0.7375691831111908,6.1786603927612305,0.2,-0.003207895792002091,7768,-66.28978766147047
837.5,498176,1992,45.0,1,0,-0.0424988524150649,115.83749455213547,0.020751953125,0.0036865768,0.0001,0.6337523758411407,20.85210609436035,0.2,-0.005016048358811531,7776,-66.4993599820137
879.0,498688,1892,45.0,1,0,-0.02064458265704161,25.847083223983645,0.00732421875,0.002860765,0.0001,0.7891291677951813,3.394913673400879,0.2,-0.0032238598505500704,7784,-65.8251935928315
892.5,499200,1992,45.0,1,0,-0.028430482880594354,47.51246191561222,0.014892578125,0.005248604,0.0001,0.8261361867189407,18.52544403076172,0.2,-0.004553894797936664,7792,-67.13236053071915
914.5,499712,2065,45.0,1,0,-0.02811430566907802,32.03552590869367,0.015869140625,0.0033845915,0.0001,0.8759303689002991,3.1784586906433105,0.2,-0.0038382934508263133,7800,-68.80770021434873
898.5,500224,2147,45.0,1,0,-0.03192153159534428,17.946721801534295,0.01611328125,0.004712682,0.0001,0.8359959572553635,6.681244373321533,0.2,-0.004942591302096844,7808,-69.06171034444124
872.0,500736,2035,45.0,1,0,-0.02950254013921949,22.92960149422288,0.014892578125,0.004060543,0.0001,0.8450831472873688,5.917745590209961,0.2,-0.004171104443230433,7816,-68.90752463016659
896.0,501248,1843,45.0,1,0,-0.036469574316470244,12.636817363090813,0.0224609375,0.010669727,0.0001,0.8753640204668045,1.6471359729766846,0.2,-0.008979429017927032,7824,-68.19411487542092
871.5,501760,1915,45.0,1,0,-0.05193138455342705,53.862618599087,0.02783203125,0.0024046963,0.0001,0.6018635332584381,22.963464736938477,0.2,-0.009122776522417553,7832,-66.65418648324906
920.5,502272,1848,45.0,1,0,-0.030799548340837646,43.78513567522168,0.014892578125,0.008286703,0.0001,0.6579853296279907,5.1854658126831055,0.2,-0.005612107644992648,7840,-66.1747920768708
906.5,502784,2013,45.0,1,0,-0.04337633937393548,109.33078074455261,0.0166015625,0.0060421387,0.0001,0.622528463602066,34.5148811340332,0.2,-0.003813421259110328,7848,-65.78530517503619
871.5,503296,1949,45.0,1,0,-0.050326634673183435,26.256881453096867,0.04052734375,0.0076294364,0.0001,0.8022941648960114,1.844154715538025,0.2,-0.009664723485911964,7856,-65.52689760893583
868.5,503808,2326,45.0,1,0,-0.039530680585357914,47.599037662148476,0.015625,0.004342416,0.0001,0.821409747004509,11.454288482666016,0.2,-0.0030368080492735317,7864,-64.28891597744078
865.0,504320,1603,45.0,1,0,-0.018196293820892606,12.25960410758853,0.011474609375,0.0014012158,0.0001,0.8766248226165771,1.7942876815795898,0.2,-0.0030686339232488535,7872,-63.59502338372171
858.5,504832,2030,45.0,1,0,-0.022114217503030886,15.704878222662956,0.0185546875,0.014717147,0.0001,0.8732885718345642,3.4384093284606934,0.2,-0.00027708293055184186,7880,-64.38707502111792
858.5,505344,2165,45.0,1,0,-0.02333645792259631,22.692243328318,0.016357421875,0.0092933625,0.0001,0.7958926111459732,4.798871040344238,0.2,-0.006403981224138988,7888,-63.996196753568945
793.0,505856,2052,45.0,1,0,-0.028929529531978915,12.871284393593669,0.023193359375,0.011364859,0.0001,0.8584088236093521,3.726637125015259,0.2,-0.005461336353619117,7896,-64.35261630173773
797.0,506368,1875,45.0,1,0,-0.013942506373041397,10.046829713508487,0.00927734375,0.0035493895,0.0001,0.8539502620697021,1.077681303024292,0.2,-0.002681770987692289,7904,-64.53068266954273
701.0,506880,2063,45.0,1,0,-0.030497272676711873,30.347631556913257,0.021728515625,0.00905811,0.0001,0.763049766421318,16.754589080810547,0.2,-0.0013291750656208023,7912,-64.54987245578319
754.0,507392,1956,45.0,1,0,-0.03473878541240083,24.57700234092772,0.01806640625,0.0059082317,0.0001,0.7603653818368912,2.110894203186035,0.2,-0.004373275772195484,7920,-63.351202234067024
679.0,507904,2100,45.0,1,0,-0.02643076133745126,16.997823438607156,0.015625,0.0049810302,0.0001,0.8261033147573471,6.408117771148682,0.2,-0.0018145345820812508,7928,-64.04390078179539
748.5,508416,1971,45.0,1,0,-0.01811284030168281,27.22004240937531,0.010009765625,0.003323483,0.0001,0.8156277388334274,10.58749771118164,0.2,-0.0026387400102976244,7936,-63.00179519515485
748.5,508928,2015,45.0,1,0,-0.008611913669255955,21.17703625559807,0.007568359375,0.0025139838,0.0001,0.8172376304864883,2.616154432296753,0.2,-0.0002879572202800773,7944,-65.00737959362567
768.0,509440,1870,45.0,1,0,-0.02322281054080122,21.583006905391812,0.017578125,0.004408053,0.0001,0.8700160831212997,6.175724506378174,0.2,-0.005866346997208893,7952,-67.04695802677423
833.5,509952,1498,45.0,1,0,-0.02430955205545615,38.63182293623686,0.013916015625,0.0058318037,0.0001,0.8506042957305908,18.43341827392578,0.2,-0.00449334491713671,7960,-69.37841551318765
855.0,510464,1884,45.0,1,0,-0.01988221575948046,18.61019517853856,0.018310546875,0.0125102345,0.0001,0.8831297382712364,2.5287587642669678,0.2,-0.004221508706905297,7968,-72.14202817708254
879.5,510976,1869,45.0,1,0,-0.014710200424588038,17.6361725050956,0.006103515625,0.001303732,0.0001,0.8087634295225143,1.5523310899734497,0.2,-0.002652055576618295,7976,-72.64541531585157
895.0,511488,2031,45.0,1,0,-0.030028326327737886,22.02553690224886,0.018310546875,0.015559706,0.0001,0.8311437219381332,2.259551763534546,0.2,-0.0050777674732671585,7984,-73.38007724434138
911.5,512000,1855,45.0,1,0,-0.019416213945532945,17.763799554668367,0.0126953125,0.0029579983,0.0001,0.8737355172634125,8.75011920928955,0.2,-0.00269228424076573,7992,-73.79033296622336
913.0,512512,2051,45.0,1,0,-0.029854237839572306,20.106299670413136,0.012939453125,0.0075465124,0.0001,0.8656755238771439,3.4702467918395996,0.2,-0.004175009486061754,8000,-73.66470998041332
888.5,513024,2261,45.0,1,0,-0.01607814739645619,33.0082976911217,0.0087890625,0.0035919808,0.0001,0.8043336421251297,5.532548427581787,0.2,-0.004124272334593115,8008,-73.05984830714762
875.5,513536,2013,45.0,1,0,-0.013641004627970688,13.911782118491828,0.012451171875,0.0019463232,0.0001,0.8827718794345856,3.2664718627929688,0.2,-0.002251304093078943,8016,-71.82395107444376
834.5,514048,1982,45.0,1,0,-0.031133540470818843,27.246666243299842,0.02294921875,0.010350218,0.0001,0.8749296367168427,4.104503154754639,0.2,-0.0069821609686187,8024,-70.75322377618403
857.5,514560,2089,45.0,1,0,-0.023642887060077555,28.563207304105163,0.013671875,0.0031527472,0.0001,0.8692658692598343,9.716924667358398,0.2,-0.004497173238632968,8032,-68.63375681377947
795.0,515072,2139,45.0,1,0,-0.01298672461643946,12.646877458319068,0.007080078125,0.0032715641,0.0001,0.875140942633152,1.2332466840744019,0.2,-0.0033687250452203443,8040,-66.98368112895638
796.0,515584,1467,45.0,1,0,-0.01587063474221395,25.909241526387632,0.009765625,0.011386147,0.0001,0.8211745917797089,13.677042007446289,0.2,-0.004503299027419416,8048,-66.86849673986436
798.5,516096,2071,45.0,1,0,-0.029158549892144947,18.508340106345713,0.020751953125,0.034146022,0.0001,0.8270329385995865,4.639111042022705,0.2,-0.003716509905643761,8056,-66.15198071032762
754.5,516608,1871,45.0,1,0,-0.022555021157586452,23.643606485798955,0.012451171875,0.0031612557,0.0001,0.857716903090477,2.4055771827697754,0.2,-0.002902813284890726,8064,-66.95222985491156
734.0,517120,2289,45.0,1,0,-0.03203744077245574,66.30969930812716,0.0205078125,0.0070856595,0.0001,0.7269876301288605,35.97172927856445,0.2,-0.006545098302012775,8072,-66.36071566723287
722.5,517632,2128,45.0,1,0,-0.011724216027914736,14.72863778565079,0.0068359375,0.0040951017,0.0001,0.8523249179124832,1.5361542701721191,0.2,-0.002792275008687284,8080,-66.04204245429486
744.5,518144,1949,45.0,1,0,-0.015755641627947625,11.12583522964269,0.01123046875,0.0074276645,0.0001,0.9010640606284142,0.9782031774520874,0.2,-0.005183242854400305,8088,-66.1789329950884
738.0,518656,2094,45.0,1,0,-0.028356857283142745,27.12094027362764,0.018310546875,0.010085424,0.0001,0.8690967559814453,1.7405933141708374,0.2,-0.006419756144168787,8096,-67.95124445561319
710.5,519168,2010,45.0,1,0,-0.028148329297437158,15.127486256882548,0.020263671875,0.008933948,0.0001,0.9365686848759651,2.210188150405884,0.2,-0.004672861934523098,8104,-70.55565962720662
705.0,519680,1981,45.0,1,0,-0.019690567476800425,17.477221661247313,0.007568359375,0.003857655,0.0001,0.8142056614160538,1.907976508140564,0.2,-0.002707342922803946,8112,-71.27378526005894
769.5,520192,1819,45.0,1,0,-0.019803295288966183,20.885498153977096,0.010009765625,0.002131123,0.0001,0.7749961167573929,5.395905017852783,0.2,-0.0033232704299734905,8120,-71.3604872244224
771.5,520704,1944,45.0,1,0,-0.0340070743313845,13.591471979394555,0.018310546875,0.0041834954,0.0001,0.7072742283344269,1.5378843545913696,0.2,-0.003944282832890167,8128,-70.29319480910897
778.0,521216,1550,45.0,1,0,-0.02532301557721439,18.87897915765643,0.01611328125,0.0063845054,0.0001,0.799508348107338,1.5502396821975708,0.2,-0.0032827842951519415,8136,-67.99826386414469
747.5,521728,2217,45.0,1,0,-0.028438689862014144,9.792052881559357,0.0146484375,0.006626997,0.0001,0.850873664021492,0.8805144429206848,0.2,-0.003568547010218026,8144,-67.56493471801281
748.5,522240,1956,45.0,1,0,-0.025295068551372424,13.45028533297591,0.0224609375,0.019194834,0.0001,0.8654623925685883,0.3550415337085724,0.2,-0.008443636790616438,8152,-68.79771124709397
683.5,522752,2000,45.0,1,0,-0.07240167154668598,76.38470179587603,0.0400390625,0.008563839,0.0001,0.7413281798362732,27.310218811035156,0.2,-0.011732229111657944,8160,-70.3250608926639
695.5,523264,1820,45.0,1,0,-0.09673767848289572,46.21360878646374,0.0654296875,0.021389032,0.0001,0.8278674334287643,19.3867244720459,0.2,-0.0197108684151317,8168,-71.94382079202681
771.5,523776,1953,45.0,1,0,-0.055383766903105425,85.85667841136456,0.028076171875,0.009914234,0.0001,0.8227198272943497,9.17358684539795,0.2,-0.01288391344860429,8176,-74.49931379962713
791.5,524288,1957,45.0,1,0,-0.04799839539191453,74.87193067371845,0.023681640625,0.0035339457,0.0001,0.7446927726268768,14.248798370361328,0.2,-0.006104982650867896,8184,-76.88131846193224
784.5,524800,1788,45.0,1,0,-0.031048244909470668,25.52363444492221,0.011474609375,0.0038547553,0.0001,0.8631882965564728,6.437469959259033,0.2,-0.00024150369426934049,8192,-79.23115738514811
800.5,525312,1919,45.0,1,0,-0.046460792230391235,98.7915547862649,0.039794921875,0.0043217414,0.0001,0.7348354160785675,22.728473663330078,0.2,-0.008055551064899191,8200,-80.95627423834055
797.0,525824,2143,45.0,1,0,-0.05201586518160184,22.9382489528507,0.02587890625,0.009130018,0.0001,0.8261371552944183,7.445676326751709,0.2,-0.004080395221535582,8208,-81.753277608715
786.0,526336,2113,45.0,1,0,-0.022603021957365854,27.306330712512136,0.015625,0.0066934167,0.0001,0.8615474551916122,6.4869465827941895,0.2,-0.00426558450635639,8216,-82.04580249913037
750.0,526848,1872,45.0,1,0,-0.04737559297518601,83.16203233227134,0.031494140625,0.0031608655,0.0001,0.6992304027080536,2.9115982055664062,0.2,-0.011234430508920923,8224,-81.5621170342341
852.5,527360,1749,45.0,1,0,-0.02649956694449429,25.627745064906776,0.0107421875,0.0028756182,0.0001,0.8365022540092468,1.8317362070083618,0.2,-0.004321629143305472,8232,-79.54364705059677
821.0,527872,2272,45.0,1,0,-0.051419572916756806,40.404958844184875,0.019287109375,0.004624659,0.0001,0.8071304708719254,11.56383228302002,0.2,-0.007654461795027601,8240,-75.74927465382963
791.0,528384,2031,45.0,1,0,-0.038105547079339885,20.537082756869495,0.020263671875,0.0027665196,0.0001,0.9029970839619637,1.5893548727035522,0.2,-0.006371125118675991,8248,-74.43166116405278
733.0,528896,1847,45.0,1,0,-0.035541873500733345,23.051525926217437,0.018310546875,0.005530836,0.0001,0.844218522310257,4.501993656158447,0.2,-0.0057748210383579135,8256,-72.69956614859402
697.5,529408,2118,45.0,1,0,-0.0422578196557879,22.378332313150167,0.021484375,0.006338509,0.0001,0.833895280957222,6.403297424316406,0.2,-0.005461690256197471,8264,-71.98299257293344
680.0,529920,2005,45.0,1,0,-0.031250709192590875,41.397071585059166,0.015869140625,0.005929393,0.0001,0.824716717004776,15.194958686828613,0.2,-0.007307453566681943,8272,-71.7399960873276
694.0,530432,2193,45.0,1,0,-0.02975173555660149,30.778987362980843,0.020263671875,0.008866737,0.0001,0.8677207231521606,12.292323112487793,0.2,-0.0062243494066933636,8280,-72.78125812493265
720.5,530944,2249,45.0,1,0,-0.03267376507665176,24.448959132656455,0.024658203125,0.008869115,0.0001,0.8173327296972275,12.810582160949707,0.2,-0.007020094737526961,8288,-72.25348765604198
673.5,531456,2109,45.0,1,0,-0.016032302653229635,14.102094570174813,0.013916015625,0.01879874,0.0001,0.8065294176340103,2.7347583770751953,0.2,-0.004584177484503016,8296,-70.06965319655836
628.0,531968,2101,45.0,1,0,-0.0334446612737338,27.074940538033843,0.017822265625,0.005866396,0.0001,0.8433927744626999,6.194496154785156,0.2,-0.00726782110723434,8304,-69.16082079529762
619.0,532480,2340,45.0,1,0,-0.03252674550003576,31.040449367836118,0.031005859375,0.018150548,0.0001,0.8340433984994888,8.802924156188965,0.2,-0.009449286601011408,8312,-68.45380663122982
607.5,532992,2022,45.0,1,0,-0.013708513791470978,10.373754070256837,0.005615234375,0.00095704244,0.0001,0.8894553184509277,1.4951550960540771,0.2,-0.0012266164121683687,8320,-67.65979944348335
618.0,533504,1926,45.0,1,0,-0.0271296534110661,40.03413477726281,0.01708984375,0.0036985846,0.0001,0.8138401061296463,9.102106094360352,0.2,-0.006809490478190128,8328,-67.90254199452698
596.5,534016,2168,45.0,1,0,-0.03449270468945542,24.57406104542315,0.031494140625,0.028619852,0.0001,0.82781782746315,5.905361175537109,0.2,-0.0010757046547951177,8336,-69.38964813880622
613.5,534528,1924,45.0,1,0,-0.02404573714511571,17.26110071130097,0.013671875,0.0031682127,0.0001,0.9077760800719261,4.298697471618652,0.2,-0.004521999861026416,8344,-70.70291105028242
626.5,535040,2203,45.0,1,0,-0.029643224204846774,41.71906193345785,0.019287109375,0.0019753987,0.0001,0.8430076986551285,19.902692794799805,0.2,-0.005306784518325003,8352,-71.98871678076685
635.5,535552,2092,45.0,1,0,-0.02344918782637251,25.612456157803535,0.014404296875,0.005730862,0.0001,0.8507853746414185,4.599513053894043,0.2,-0.0032747415571066085,8360,-73.47184978146106
638.5,536064,2119,45.0,1,0,-0.0327777776487892,54.54955016821623,0.024169921875,0.0058314535,0.0001,0.7104307413101196,11.102490425109863,0.2,-0.0047877130964479875,8368,-76.53110213585198
683.5,536576,1980,45.0,1,0,-0.034917971998766006,33.00713860616088,0.0146484375,0.004899928,0.0001,0.7895808815956116,2.5598771572113037,0.2,-0.008204617097362643,8376,-76.66314698718489
695.0,537088,2155,45.0,1,0,-0.030770471499408814,33.423717711120844,0.01416015625,0.0041885683,0.0001,0.7761131525039673,1.048409342765808,0.2,-0.004244390482199378,8384,-76.76603031232953
744.5,537600,1953,45.0,1,0,-0.03377546544015786,23.20321621466428,0.012939453125,0.0037837788,0.0001,0.6750005781650543,6.609787464141846,0.2,-0.004789527982211439,8392,-75.96266947589815
816.0,538112,1766,45.0,1,0,-0.03788916067105674,36.129408698529005,0.0068359375,0.0014576792,0.0001,0.669874519109726,3.7429301738739014,0.2,-0.002776881088720984,8400,-75.79661573782563
850.0,538624,1940,45.0,1,0,-0.06643553891626652,41.597821697592735,0.033935546875,0.016291635,0.0001,0.7871135324239731,16.846975326538086,0.2,-0.00703316673025256,8408,-77.00298195369541
860.5,539136,1938,45.0,1,0,-0.04971140707129962,31.934655133634806,0.02294921875,0.0036494741,0.0001,0.8807635232806206,6.307501792907715,0.2,-0.0064876150790951215,8416,-78.01944881040603
833.0,539648,2126,45.0,1,0,-0.0719599316471431,24.84460534527898,0.02978515625,0.008281512,0.0001,0.9003091603517532,2.5945539474487305,0.2,-0.007482139091735007,8424,-77.31257240146398
848.5,540160,2222,45.0,1,0,-0.041917136117263,56.017572697252035,0.0107421875,0.0023194174,0.0001,0.7433604896068573,2.3017184734344482,0.2,-0.002246342941361945,8432,-77.1861880422756
821.0,540672,1939,45.0,1,0,-0.024730282779955814,42.459402322769165,0.005859375,0.003039131,0.0001,0.8143541067838669,15.802762031555176,0.2,-0.001220618432853371,8440,-77.03250968828797
834.5,541184,1983,45.0,1,0,-0.04773516146633483,26.14825639128685,0.0107421875,0.0044400534,0.0001,0.8570162653923035,6.295530319213867,0.2,-0.004101311460544821,8448,-76.42726770445705
862.5,541696,1958,45.0,1,0,-0.034573297094993904,50.795166462659836,0.007568359375,0.006173228,0.0001,0.8249164521694183,17.597721099853516,0.2,-0.002695569746720139,8456,-77.83575643017888
839.0,542208,1957,45.0,1,0,-0.04040834120587533,65.91346024721861,0.011962890625,0.003458412,0.0001,0.7094224393367767,26.313478469848633,0.2,-0.0038108914222902968,8464,-80.00018032073974
798.5,542720,1452,45.0,1,0,-0.045964146359892766,48.563784185796976,0.025634765625,0.018878417,0.0001,0.7924884259700775,5.421361446380615,0.2,-0.006412890485080425,8472,-79.32011400163174
807.5,543232,2055,45.0,1,0,-0.037826517032499396,41.52518377825618,0.012451171875,0.0013178855,0.0001,0.7813829332590103,13.0006103515625,0.2,-0.005805350549053401,8480,-76.29775482729077
808.5,543744,1995,45.0,1,0,-0.03046894882777451,29.960394524037838,0.016357421875,0.007035488,0.0001,0.8485755324363708,9.503074645996094,0.2,-0.004420701257913606,8488,-74.62575293645263
826.5,544256,2097,45.0,1,0,-0.02717386698896007,25.89484201837331,0.019287109375,0.004933238,0.0001,0.8983906954526901,3.3113913536071777,0.2,-0.005042746252001962,8496,-75.05431620314717
847.5,544768,1841,45.0,1,0,-0.03246081129418599,27.162403343245387,0.0244140625,0.0063275285,0.0001,0.8336257785558701,3.24794340133667,0.2,-0.005510096696525579,8504,-75.84704262021928
850.5,545280,2093,45.0,1,0,-0.03450600144924465,15.368484347127378,0.016357421875,0.004724794,0.0001,0.8454181402921677,2.0993359088897705,0.2,-0.00478007963829441,8512,-75.27542637497187
841.5,545792,2169,45.0,1,0,-0.04189700075858127,16.18385865725577,0.02685546875,0.0069807195,0.0001,0.9145868793129921,2.8811657428741455,0.2,-0.004066162040544441,8520,-74.90585656214506
838.0,546304,2073,45.0,1,0,-0.02242462775916465,12.301066106650978,0.009033203125,0.0031060306,0.0001,0.9279681965708733,2.8555498123168945,0.2,-0.0038838678738102317,8528,-72.41950691323727
837.5,546816,1861,45.0,1,0,-0.037367499586480335,24.684951834380627,0.021484375,0.0025591748,0.0001,0.8278422802686691,1.380576729774475,0.2,-0.004637393096345477,8536,-71.83847414292396
872.5,547328,1923,45.0,1,0,-0.02337940868460464,24.86658349260688,0.01904296875,0.0056426227,0.0001,0.8749072551727295,4.775681972503662,0.2,-0.004584399814120843,8544,-72.126428537108
882.0,547840,1882,45.0,1,0,-0.027738035778384074,76.66025998443365,0.02001953125,0.012597945,0.0001,0.709685206413269,4.719435214996338,0.2,-0.005780690105893882,8552,-73.15674795489758
925.5,548352,1557,45.0,1,0,-0.06168509431518032,38.087981689721346,0.0390625,0.008102341,0.0001,0.7371445596218109,10.525385856628418,0.2,-0.006119952475273749,8560,-72.3395810708031
877.0,548864,2344,45.0,1,0,-0.029955336520288256,33.77418143488467,0.01611328125,0.008596723,0.0001,0.8306137919425964,2.4251773357391357,0.2,-0.002988434325743583,8568,-71.68055914141237
917.5,549376,1869,45.0,1,0,-0.01243176854268313,5.47990704793483,0.007080078125,0.0038165897,0.0001,0.9342189505696297,0.2854217290878296,0.2,-0.0024052463832049398,8576,-71.28934136040509
891.0,549888,1967,45.0,1,0,-0.020364201076972677,20.58211428206414,0.0068359375,0.0017533628,0.0001,0.8859015107154846,3.869105577468872,0.2,-0.0034214964325656183,8584,-72.31672042556107
966.0,550400,1843,45.0,1,0,-0.0359858468409584,37.976348703727126,0.02880859375,0.010411091,0.0001,0.8340796232223511,5.1160478591918945,0.2,-0.00892833826947026,8592,-73.69732329420745
938.0,550912,2050,45.0,1,0,-0.05895459625389776,65.43513802066445,0.02587890625,0.013353289,0.0001,0.7892754226922989,3.9281506538391113,0.2,-0.00812169915298,8600,-76.3833080034703
868.0,551424,1959,45.0,1,0,-0.030535995857007947,30.092304777354002,0.0166015625,0.004233621,0.0001,0.8432656079530716,11.84073257446289,0.2,-0.005639301118208095,8608,-78.1510671612993
806.0,551936,2083,45.0,1,0,-0.026113994282695785,19.4310889467597,0.016845703125,0.0013648503,0.0001,0.8952358141541481,7.439483642578125,0.2,-0.0032516711798962206,8616,-78.83576616559178
749.0,552448,2018,45.0,1,0,-0.032377094717958244,28.310227133799344,0.01806640625,0.0046673636,0.0001,0.8573919087648392,2.325718402862549,0.2,-0.005560907469771337,8624,-79.13171241909265
725.0,552960,2143,45.0,1,0,-0.05343605175767152,44.30802224203944,0.015625,0.041373797,0.0001,0.8233934640884399,5.21690559387207,0.2,-0.0026476759358047275,8632,-79.56733812775462
651.0,553472,2541,45.0,1,0,-0.03432923454874981,18.808898366056383,0.025146484375,0.0044170744,0.0001,0.8502516597509384,1.083664894104004,0.2,-0.007363037471805001,8640,-79.44173822022975
519.0,553984,2371,45.0,1,0,-0.02698902238694245,11.947510115569457,0.028564453125,0.010466386,0.0001,0.8097456991672516,0.6601718068122864,0.2,-0.0016012946216505952,8648,-78.85960171818733
437.5,554496,1665,45.0,1,0,-0.033424062652784414,42.085815608501434,0.01220703125,0.004855374,0.0001,0.7318555414676666,3.1640031337738037,0.2,-0.005154835798748536,8656,-79.01017904341221
429.0,555008,2243,45.0,1,0,-0.05884293361305026,26.41373671963811,0.041748046875,0.015077503,0.0001,0.8449524790048599,3.8018360137939453,0.2,-0.009960493454855168,8664,-76.35766568493098
362.5,555520,2273,45.0,1,0,-0.029653849292685663,17.812158189713955,0.016845703125,0.0014494645,0.0001,0.7842988520860672,4.779240131378174,0.2,-0.0029976212445035344,8672,-75.60323790118099
338.5,556032,2013,45.0,1,0,-0.04319407798539032,54.675760105252266,0.01806640625,0.0025126766,0.0001,0.7711070626974106,6.315532684326172,0.2,-0.00613487338705454,8680,-76.10910926941783
347.0,556544,2254,45.0,1,0,-0.027086405117188406,27.940096840262413,0.01025390625,0.0012374839,0.0001,0.8495376259088516,3.257024049758911,0.2,-0.0031715356235508807,8688,-75.17613293025643
399.5,557056,2047,45.0,1,0,-0.026021352747193305,37.940135549753904,0.012451171875,0.0020885302,0.0001,0.8256702572107315,4.735776901245117,0.2,-0.00515213880862575,8696,-76.31019302785397
400.0,557568,2209,45.0,1,0,-0.04333253996355779,25.39570559374988,0.021728515625,0.011157118,0.0001,0.8760923445224762,8.919010162353516,0.2,-0.0029908769865869544,8704,-76.783062700741
476.0,558080,2256,45.0,1,0,-0.026137694949966317,42.68558790534735,0.016357421875,0.009175517,0.0001,0.8144408613443375,6.869584083557129,0.2,-0.0035642869806906674,8712,-79.394803250283
563.0,558592,2219,45.0,1,0,-0.02252408013123386,48.78728260472417,0.026611328125,0.04523053,0.0001,0.8374834358692169,15.254964828491211,0.2,-0.008671348503412446,8720,-81.52154290497303
582.5,559104,2020,45.0,1,0,-0.021401091158622876,32.62445111013949,0.0078125,0.01033797,0.0001,0.8891128823161125,10.846749305725098,0.2,-0.0029223657511465717,8728,-83.2706414590776
583.0,559616,2330,45.0,1,0,-0.03258759944310441,39.719405207782984,0.01025390625,0.0013691031,0.0001,0.8397509902715683,11.320293426513672,0.2,-0.0031147988484008238,8736,-83.66624810073525
659.5,560128,1999,45.0,1,0,-0.020702636553323828,6.960599541431293,0.014404296875,0.0067338566,0.0001,0.9186300039291382,0.6865814328193665,0.2,-0.004138212445468525,8744,-84.09526492964477
725.0,560640,1418,45.0,1,0,-0.016999861579733988,18.36924448143691,0.0068359375,0.0010254561,0.0001,0.8864636123180389,1.4151523113250732,0.2,-0.0019876722180924844,8752,-82.22513163529337
749.0,561152,2021,45.0,1,0,-0.029606865864479914,23.21088045090437,0.011962890625,0.003699962,0.0001,0.8841089010238647,7.331330299377441,0.2,-0.004287370993552031,8760,-81.35253523699939
799.0,561664,1705,45.0,1,0,-0.01982178936168566,17.518187623936683,0.0107421875,0.003911827,0.0001,0.883383147418499,4.454031944274902,0.2,-0.004360924194770632,8768,-81.51268401581794
819.0,562176,2242,45.0,1,0,-0.03188950802632462,54.681361205875874,0.01171875,0.00260659,0.0001,0.8175989389419556,17.351369857788086,0.2,-0.003659242982394062,8776,-81.35610733699053
782.5,562688,2252,45.0,1,0,-0.01700639535602022,16.27146535925567,0.005859375,0.0016500338,0.0001,0.8815098777413368,0.45804375410079956,0.2,-0.003077513560128864,8784,-79.84302930645644
823.0,563200,2065,45.0,1,0,-0.017729556483232045,11.117364025209099,0.0107421875,0.00085215236,0.0001,0.9032858163118362,1.7652841806411743,0.2,-0.003829730769211892,8792,-77.74289490960538
823.0,563712,2001,45.0,1,0,-0.022146864663909582,6.700308587634936,0.01318359375,0.0051872516,0.0001,0.9486044496297836,0.3876062035560608,0.2,-0.0027752668793254998,8800,-75.90013164386153
831.5,564224,2134,45.0,1,0,-0.03371938429700094,17.02222265303135,0.01220703125,0.0012010762,0.0001,0.8863555490970612,0.3766033351421356,0.2,-0.002279793865454849,8808,-74.9036172714457
756.0,564736,2124,45.0,1,0,-0.026701512038926012,11.105159970931709,0.012451171875,0.0020441515,0.0001,0.9143504500389099,1.2399473190307617,0.2,-0.0016011588772926189,8816,-74.59963006485253
764.5,565248,1941,45.0,1,0,-0.017663847888570672,24.218691654503345,0.01611328125,0.00561665,0.0001,0.8916700407862663,2.8947298526763916,0.2,-0.0025879081658786163,8824,-75.19416883118451
785.0,565760,1877,45.0,1,0,-0.028939124273165362,23.125896146520972,0.018798828125,0.004163134,0.0001,0.8840416744351387,3.392911911010742,0.2,-0.006431560814235127,8832,-76.569976034984
763.5,566272,1659,45.0,1,0,-0.037805957831551495,31.359492115676403,0.010009765625,0.0007162192,0.0001,0.878192588686943,2.5696449279785156,0.2,-0.0017176129404106177,8840,-77.50937787838281
718.5,566784,2293,45.0,1,0,-0.022006399745578165,17.74341979622841,0.009521484375,0.0035120533,0.0001,0.9247821643948555,4.354146480560303,0.2,-0.0036464571712713223,8848,-78.15621013514698
744.0,567296,2097,45.0,1,0,-0.028985228967030707,25.869335032999516,0.008056640625,0.0027976313,0.0001,0.8607915192842484,4.2073163986206055,0.2,-0.002936602119007148,8856,-78.82519709724933
717.5,567808,2106,45.0,1,0,-0.02341980688925105,23.557197379413992,0.006591796875,0.0013170248,0.0001,0.8837815076112747,3.1043732166290283,0.2,-0.003675523941637948,8864,-80.01663545366377
704.0,568320,2135,45.0,1,0,-0.045917516524241364,22.2223001383245,0.011474609375,0.002334232,0.0001,0.8215353935956955,3.4123520851135254,0.2,-0.0012335793653619476,8872,-80.31959434762597
687.0,568832,2093,45.0,1,0,-0.03316436478405649,10.073345283744857,0.02392578125,0.0039887545,0.0001,0.9396157041192055,1.027570366859436,0.2,-0.005078093636257108,8880,-81.05002436619252
740.0,569344,1877,45.0,1,0,-0.043579830173257506,40.253568842075765,0.014404296875,0.006710659,0.0001,0.7518735826015472,3.1775052547454834,0.2,-0.006491545274911914,8888,-82.31884467639028
709.0,569856,1967,45.0,1,0,-0.031720239759806645,36.81387238949537,0.015380859375,0.0018975188,0.0001,0.8512259423732758,7.0771894454956055,0.2,-0.006950130351469852,8896,-82.43630215641112
691.0,570368,2005,45.0,1,0,-0.04624058803074149,21.062630092725158,0.0146484375,0.0036915052,0.0001,0.9085217639803886,5.566537857055664,0.2,-0.004572056706820149,8904,-82.78987402141094
695.0,570880,2177,45.0,1,0,-0.03641583518992775,23.896803240291774,0.014892578125,0.0034202337,0.0001,0.9002301916480064,4.6977338790893555,0.2,-0.005097464294522069,8912,-83.63033650822938
617.5,571392,2632,45.0,1,0,-0.041704573378410714,50.60854737833142,0.0205078125,0.0030957626,0.0001,0.885077103972435,4.090452194213867,0.2,-0.006808544942032313,8920,-84.5548960447684
592.0,571904,2176,45.0,1,0,-0.014131406684441572,11.560005069011822,0.00830078125,0.008017493,0.0001,0.8428856134414673,0.35213375091552734,0.2,-0.00428121422737604,8928,-83.5313294474408
557.5,572416,1643,45.0,1,0,-0.017109965935560467,27.37230572849512,0.00927734375,0.0017235316,0.0001,0.8900804594159126,1.3651987314224243,0.2,-0.0028037365664204117,8936,-83.04380603123457
571.5,572928,2342,45.0,1,0,-0.030749610865086652,25.879637256264687,0.015380859375,0.001632997,0.0001,0.8506630957126617,2.253004789352417,0.2,-0.004042849926918279,8944,-83.01955872025341
525.0,573440,2122,45.0,1,0,-0.009566865462375063,12.029648032854311,0.00244140625,0.00095330214,0.0001,0.8437735438346863,1.6596171855926514,0.2,-0.002405752311460674,8952,-81.66748941209167
522.5,573952,1905,45.0,1,0,-0.017317178703706304,42.62491023167968,0.011474609375,0.0077428007,0.0001,0.8004100918769836,8.666061401367188,0.2,-0.0061243543877935736,8960,-80.13229390092194
494.5,574464,2108,45.0,1,0,-0.027663378890792956,46.64237680286169,0.019287109375,0.005143258,0.0001,0.820382297039032,19.315021514892578,0.2,-0.004549821707769297,8968,-80.09308508623391
454.0,574976,2056,45.0,1,0,-0.019290832854267137,34.5993105629459,0.009765625,0.0026273346,0.0001,0.8577568233013153,7.616673469543457,0.2,-0.004027720722660888,8976,-79.43205499701202
464.5,575488,2165,45.0,1,0,-0.03210694510744361,14.356851840391755,0.01708984375,0.0035770526,0.0001,0.9315900206565857,1.815246343612671,0.2,-0.004843038677790901,8984,-78.11673905156553
493.5,576000,2275,45.0,1,0,-0.020753535990479577,51.67652564495802,0.017578125,0.009108493,0.0001,0.8203491419553757,14.60943603515625,0.2,-0.0025370458606630564,8992,-78.37141291074455
608.5,576512,1894,45.0,1,0,-0.012137524944819233,25.824805112555623,0.005615234375,0.00187107,0.0001,0.8480746895074844,4.797741889953613,0.2,-0.0020607630503945984,9000,-80.80536307878792
650.5,577024,2038,45.0,1,0,-0.032084171054520993,30.86278785392642,0.020263671875,0.0025617455,0.0001,0.9042883068323135,10.832313537597656,0.2,-0.005669788548402721,9008,-82.93794085223227
596.0,577536,1714,45.0,1,0,-0.019582507464292576,19.21978146955371,0.01220703125,0.011808492,0.0001,0.9021221399307251,2.0003662109375,0.2,-0.002850963413948193,9016,-84.61516788039357
624.5,578048,1971,45.0,1,0,-0.010082602998863877,8.138806541275699,0.006591796875,0.011171745,0.0001,0.9108739793300629,5.2691850662231445,0.2,-0.0029307787990546785,9024,-85.02336628839373
645.5,578560,1488,45.0,1,0,-0.0161428815488307,26.40967284888029,0.00732421875,0.0014678017,0.0001,0.8819120302796364,7.925477981567383,0.2,-0.002531468537199544,9032,-85.77402246445418
662.5,579072,2154,45.0,1,0,-0.02511976095593127,14.176721166819334,0.018798828125,0.0119656315,0.0001,0.9121744632720947,2.446721315383911,0.2,-0.004828594392165542,9040,-84.88120110411197
721.0,579584,1888,45.0,1,0,-0.017980124980113033,15.27057580742985,0.0087890625,0.004144365,0.0001,0.9053236246109009,1.302300214767456,0.2,-0.003135290120553691,9048,-84.98744888138026
710.0,580096,2205,45.0,1,0,-0.030536015650341142,24.962616099976003,0.0234375,0.009098264,0.0001,0.9152257218956947,5.79578971862793,0.2,-0.005647127127303975,9056,-85.47057935155928
690.0,580608,2378,45.0,1,0,-0.011736705533166969,13.320331594906747,0.00439453125,0.0010058515,0.0001,0.9064575284719467,0.7348819375038147,0.2,-0.0012449487439880613,9064,-84.65893561095
662.5,581120,2096,45.0,1,0,-0.01222849645637325,10.331394818844274,0.009765625,0.008504352,0.0001,0.9276741445064545,0.19099433720111847,0.2,-0.004551180980342906,9072,-83.5524792522192
660.5,581632,1851,45.0,1,0,-0.02934870639546716,13.69382571335882,0.0263671875,0.022070847,0.0001,0.934438019990921,2.860276460647583,0.2,-0.009054988157004118,9080,-82.84102675884962
660.5,582144,2333,45.0,1,0,-0.026035515850480806,16.499264983460307,0.0166015625,0.012397604,0.0001,0.9098420441150665,3.5820038318634033,0.2,-0.0035306834179209545,9088,-82.3558219030872
613.5,582656,2082,45.0,1,0,-0.010130178929557587,5.733631885028444,0.00927734375,0.0039022407,0.0001,0.9406058304011822,5.431825637817383,0.2,-0.0029531434920500033,9096,-81.84922131158412
626.0,583168,2009,45.0,1,0,-0.014012888285378722,18.036891547963023,0.010986328125,0.0044069095,0.0001,0.913748174905777,2.106218099594116,0.2,-0.003795944867306389,9104,-81.50100310910493
557.0,583680,2136,45.0,1,0,-0.018218019333289703,17.8319940418005,0.009521484375,0.0045448,0.0001,0.9209631010890007,5.934812068939209,0.2,-0.0034821296139853075,9112,-82.3586288465187
476.5,584192,2171,45.0,1,0,-0.01673903633104601,44.80149248614907,0.0146484375,0.002130404,0.0001,0.8771401643753052,5.605663299560547,0.2,-0.004489862119953614,9120,-84.1447479063645
476.0,584704,2388,45.0,1,0,-0.021457484821894468,56.51281491294503,0.005615234375,0.0012431011,0.0001,0.8635794967412949,32.42481994628906,0.2,-0.0031426358418684686,9128,-84.07396696586162
462.0,585216,2138,45.0,1,0,-0.019432148329769916,27.201530239079148,0.012451171875,0.037825193,0.0001,0.8805597871541977,12.644636154174805,0.2,-0.0038881151194800623,9136,-84.41692608837039
419.5,585728,2180,45.0,1,0,-0.017316548999815495,43.30856156907976,0.007568359375,0.0030338601,0.0001,0.8731885552406311,5.3148322105407715,0.2,-0.0028058529605914373,9144,-84.51908904623241
446.5,586240,2162,45.0,1,0,-0.013674540690317372,23.874563339166343,0.014892578125,0.004454091,0.0001,0.8984961658716202,4.468631744384766,0.2,-0.003644009128038306,9152,-85.18357705492527
445.5,586752,2079,45.0,1,0,-0.020874914039268333,31.711039607413113,0.014404296875,0.0017950505,0.0001,0.7515069097280502,1.6060371398925781,0.2,-0.0031245857608155347,9160,-84.40303178410977
456.5,587264,1998,45.0,1,0,-0.014510153514038393,9.766619364032522,0.008544921875,0.0058143176,0.0001,0.916479766368866,4.101036071777344,0.2,-0.0006381361090461724,9168,-84.25682785343379
480.5,587776,1875,45.0,1,0,-0.02870084696678532,23.607569694519043,0.02001953125,0.011543006,0.0001,0.8557902723550797,4.455206871032715,0.2,-0.009561488470353652,9176,-85.76067248146981
501.5,588288,2048,45.0,1,0,-0.024225289074593093,22.354785135947168,0.01806640625,0.007346514,0.0001,0.9054952338337898,3.371216058731079,0.2,-0.006142147307400592,9184,-85.81606477100402
508.5,588800,2144,45.0,1,0,-0.018802399864171093,22.34733594302088,0.0068359375,0.00141844,0.0001,0.9036905616521835,4.7935285568237305,0.2,-0.0025785281122807646,9192,-84.86873867295682
486.0,589312,2637,45.0,1,0,-0.019738866579700698,79.80434686690569,0.006103515625,0.0011677992,0.0001,0.8264851123094559,20.767366409301758,0.2,-0.0046561162889702246,9200,-84.118419906497
505.0,589824,2047,45.0,1,0,-0.010035941645810453,7.018620086018927,0.008056640625,0.011186371,0.0001,0.9374202415347099,0.45391446352005005,0.2,-0.0033267604503635084,9208,-84.11761282857508
513.5,590336,1910,45.0,1,0,-0.02658516710607728,78.8419968187809,0.01025390625,0.0028546813,0.0001,0.82413250207901,9.395910263061523,0.2,-0.0038052800518926233,9216,-85.83999328751116
541.0,590848,2036,45.0,1,0,-0.029795062177072396,34.03479319438338,0.0185546875,0.014882614,0.0001,0.8535099923610687,4.289289951324463,0.2,-0.0061600593908224255,9224,-87.06827201113104
538.5,591360,2165,45.0,1,0,-0.031036831832352618,48.17162521928549,0.011962890625,0.0030822163,0.0001,0.8415038138628006,6.199394702911377,0.2,-0.004278440843336284,9232,-89.87322742961346
553.5,591872,1881,45.0,1,0,-0.03200022741702924,56.613140266388655,0.019287109375,0.005775146,0.0001,0.8090232759714127,12.958402633666992,0.2,-0.0025852015696727904,9240,-91.46697488401085
559.5,592384,2055,45.0,1,0,-0.03321535277336807,51.89686093106866,0.027587890625,0.01362149,0.0001,0.8703611791133881,14.618374824523926,0.2,-0.005231615374214016,9248,-92.80193978291005
559.5,592896,1986,45.0,1,0,-0.023783690569189275,125.31779073178768,0.011474609375,0.007539468,0.0001,0.7970763742923737,6.58108377456665,0.2,-0.004115730684134178,9256,-93.36451823271811
581.0,593408,2299,45.0,1,0,-0.022630622348515317,37.26236138865352,0.008544921875,0.0034011805,0.0001,0.8410798013210297,7.718118667602539,0.2,-0.0036282696746638976,9264,-92.76399285450577
608.5,593920,2293,45.0,1,0,-0.02713915862614158,33.76504564564675,0.0185546875,0.0061659548,0.0001,0.8856479898095131,0.8559298515319824,0.2,-0.006481520562374499,9272,-92.65816797424108
631.0,594432,1999,45.0,1,0,-0.014300232081950526,27.105832983739674,0.008544921875,0.00071738265,0.0001,0.7550575882196426,1.771006464958191,0.2,-0.0027561503084143624,9280,-91.63492301214487
615.5,594944,2146,45.0,1,0,-0.03159094677698704,36.67109679989517,0.02197265625,0.0037184353,0.0001,0.8686315715312958,4.983531951904297,0.2,-0.006032881457940675,9288,-90.45077116750181
584.5,595456,2162,45.0,1,0,-0.03154973233631608,20.905161060858518,0.016357421875,0.0061632856,0.0001,0.9318041205406189,0.3345642685890198,0.2,-0.003172789089148864,9296,-91.30018820118158
617.5,595968,2146,45.0,1,0,-0.015835717121035486,26.89573641680181,0.00732421875,0.0037492514,0.0001,0.8945402055978775,9.529210090637207,0.2,-0.0014982023094489705,9304,-91.48724481686949
591.5,596480,1996,45.0,1,0,-0.017896813225434016,30.247464617714286,0.015380859375,0.006219868,0.0001,0.9047780930995941,5.652603626251221,0.2,-0.003993675953097409,9312,-91.95413448907435
551.5,596992,2257,45.0,1,0,-0.025110734924055578,75.84954498708248,0.0087890625,0.004637064,0.0001,0.866886556148529,3.5948448181152344,0.2,-0.002834518330928404,9320,-90.74053866520524
549.0,597504,1922,45.0,1,0,-0.022554260193828668,15.881668294779956,0.017333984375,0.0025775144,0.0001,0.9338954240083694,2.13206148147583,0.2,-0.007151258945668815,9328,-90.98630303572864
467.5,598016,2544,45.0,1,0,-0.02299276110534265,34.674724381417036,0.015625,0.0056069144,0.0001,0.8861231505870819,1.5559310913085938,0.2,-0.005111477694299538,9336,-91.72719614237548
467.0,598528,2400,45.0,1,0,-0.016267527161289763,36.89196107070893,0.016845703125,0.030687753,0.0001,0.8490960001945496,16.972671508789062,0.2,0.0063944609864847735,9344,-90.7820245056972
487.5,599040,2016,45.0,1,0,-0.008681908190055765,9.030360514181666,0.004150390625,0.0007211319,0.0001,0.8777090683579445,1.029740571975708,0.2,-0.0019472472449706402,9352,-90.07939086712896
486.5,599552,1954,45.0,1,0,-0.02646408136570244,19.76455024816096,0.0146484375,0.002863796,0.0001,0.9269689545035362,1.126694679260254,0.2,-0.0048645547321939375,9360,-87.81043920710682
467.0,600064,2159,45.0,1,0,-0.0264099328373959,42.849361557513475,0.0126953125,0.0026059279,0.0001,0.8821935802698135,15.7734375,0.2,-0.006038563300535316,9368,-86.79290636833757
463.5,600576,2143,45.0,1,0,-0.018873739929631483,134.10581097006798,0.010498046875,0.0044990405,0.0001,0.8102976828813553,38.19382095336914,0.2,-0.004728597050416283,9376,-87.64496544107794
409.5,601088,1958,45.0,1,0,-0.012624764511201647,57.087709778919816,0.005615234375,0.003865128,0.0001,0.8300603926181793,8.125699996948242,0.2,-0.0022443301349994726,9384,-89.64072958294302
398.5,601600,2237,45.0,1,0,-0.02098122218831122,39.07222893461585,0.016357421875,0.006645801,0.0001,0.8899923786520958,2.0947656631469727,0.2,-0.0032998852802847978,9392,-89.45911141656339
412.0,602112,2066,45.0,1,0,-0.009737730417782586,19.74942205194384,0.006591796875,0.0028407704,0.0001,0.9204011261463165,3.185075044631958,0.2,-0.002821614994900301,9400,-90.48067749302834
441.5,602624,2518,45.0,1,0,-0.022370100618445576,40.2240926772356,0.01123046875,0.0042060055,0.0001,0.8788621425628662,5.612740516662598,0.2,-0.003109449131443398,9408,-91.45005203556269
465.5,603136,2277,45.0,1,0,-0.011553125774071304,19.140387657564133,0.003662109375,0.00335827,0.0001,0.8359813988208771,1.570494532585144,0.2,-0.0025956661702366546,9416,-91.88064256902784
460.0,603648,1617,45.0,1,0,-0.010556300170037503,20.753395242616534,0.008544921875,0.012370018,0.0001,0.918708324432373,29.491674423217773,0.2,0.005528893118025735,9424,-92.80890638761223
461.5,604160,1761,45.0,1,0,-0.015762214511823913,11.587617691839114,0.013671875,0.004748261,0.0001,0.9271827638149261,0.7281842827796936,0.2,-0.005337250498996582,9432,-94.49003643434494
463.5,604672,2155,45.0,1,0,-0.021519915661428968,22.170963121578097,0.010498046875,0.0048339027,0.0001,0.9222402200102806,5.559319496154785,0.2,-0.0033035454980563372,9440,-94.95681779019534
484.5,605184,2067,45.0,1,0,-0.018181908460746854,45.48454519547522,0.01171875,0.0026702965,0.0001,0.8887708932161331,16.39221954345703,0.2,-0.004372511619294528,9448,-93.43019214253873
512.5,605696,2042,45.0,1,0,-0.013706442529610285,41.81483670696616,0.009033203125,0.001080141,0.0001,0.8524377793073654,6.908992767333984,0.2,-0.004090390051715076,9456,-92.42611033473163
544.5,606208,1997,45.0,1,0,-0.02059704825614972,27.95951498672366,0.02099609375,0.012232489,0.0001,0.8838425874710083,4.875007629394531,0.2,-0.0007049691121210344,9464,-91.66180665828287
563.0,606720,2199,45.0,1,0,-0.019074981570838645,26.11284738779068,0.0185546875,0.0052570915,0.0001,0.863657146692276,3.79571795463562,0.2,-0.006670891656540334,9472,-89.9601599412039
583.5,607232,2282,45.0,1,0,-0.018573869724150427,15.872284798882902,0.00634765625,0.0007703615,0.0001,0.9119294658303261,1.1897236108779907,0.2,-0.002586401369626401,9480,-89.25549834053963
525.5,607744,2339,45.0,1,0,-0.011152429286767074,9.186954755568877,0.010009765625,0.012711901,0.0001,0.9248907491564751,1.0610922574996948,0.2,-0.004884495603619143,9488,-88.4047418346256
499.0,608256,2251,45.0,1,0,-0.013668351976093618,19.593676760792732,0.009033203125,0.0047025173,0.0001,0.8887278735637665,3.8970491886138916,0.2,-0.0028169590386823984,9496,-87.14783536329865
460.0,608768,2354,45.0,1,0,-0.013882531906119766,21.69269078038633,0.008544921875,0.0022320566,0.0001,0.8954998478293419,1.4082427024841309,0.2,-0.0034168838246841915,9504,-86.70272726219147
482.5,609280,2179,45.0,1,0,-0.01572959858003742,18.146929915528744,0.011474609375,0.006606273,0.0001,0.9102557823061943,5.961500644683838,0.2,-0.003627189864346292,9512,-85.00062135472893
476.0,609792,1941,45.0,1,0,-0.014316431251927497,15.403112261439674,0.01416015625,0.0031061433,0.0001,0.9066532179713249,1.5359059572219849,0.2,-0.004173957946477458,9520,-83.86042321469635
483.0,610304,1645,45.0,1,0,-0.017232672729051046,19.700019263662398,0.01025390625,0.005543898,0.0001,0.8747145235538483,1.2994483709335327,0.2,-0.0035931317070208024,9528,-83.748213230744
468.0,610816,2041,45.0,1,0,-0.024207970850739002,13.830051245633513,0.01416015625,0.0030801233,0.0001,0.9351979643106461,2.5342328548431396,0.2,-0.006320623302599415,9536,-83.50061318673194
445.0,611328,2213,45.0,1,0,-0.02048987315129125,30.830358235165477,0.010986328125,0.0057089515,0.0001,0.8956894874572754,4.10375452041626,0.2,-0.0060166714392835274,9544,-85.86242192637175
466.5,611840,2605,45.0,1,0,-0.01480764307825666,53.14604154974222,0.010498046875,0.0037598389,0.0001,0.8897710591554642,12.730619430541992,0.2,-0.005032992135966197,9552,-88.83888050016016
409.5,612352,2532,45.0,1,0,-0.006645089900075618,17.196167555171996,0.0029296875,0.0009951108,0.0001,0.7107255756855011,0.6917564868927002,0.2,-0.0022885009384481236,9560,-89.52601151045411
361.5,612864,2097,45.0,1,0,-0.014717245188876404,47.28830219618976,0.010986328125,0.006107568,0.0001,0.8211894333362579,1.0262362957000732,0.2,-0.003806421298577334,9568,-89.85371201131493
372.5,613376,1893,45.0,1,0,-0.021579625688445958,47.94850405305624,0.0146484375,0.0057982,0.0001,0.8509680181741714,7.27483606338501,0.2,-0.0067123313165211584,9576,-92.24606284875422
371.5,613888,2107,45.0,1,0,-0.016771664909356332,16.098349213134497,0.01318359375,0.0039794003,0.0001,0.8531845808029175,0.9440826177597046,0.2,-0.002578363913926296,9584,-92.44666855785995
350.5,614400,1932,45.0,1,0,-0.019553408714955367,13.03609183896333,0.009033203125,0.005413091,0.0001,0.9256558120250702,0.9504270553588867,0.2,-0.00394498937021126,9592,-93.61928220320493
336.5,614912,2277,45.0,1,0,-0.020138903034421674,27.85004961118102,0.005615234375,0.0028110028,0.0001,0.8025142550468445,14.07582950592041,0.2,-0.0002638913065311499,9600,-93.85250702437014
387.0,615424,1949,45.0,1,0,-0.03509484769347182,142.98570619150996,0.015380859375,0.0046863337,0.0001,0.7332204580307007,20.940263748168945,0.2,-0.005627100461424561,9608,-95.4495036957413
403.5,615936,2193,45.0,1,0,-0.04296121432525979,43.99281631037593,0.02099609375,0.01307614,0.0001,0.8659175485372543,1.731507420539856,0.2,-0.004803916272066999,9616,-95.26443560816348
403.5,616448,2786,45.0,1,0,-0.03134108387530432,93.42423743009567,0.022216796875,0.0030952739,0.0001,0.7794160097837448,18.629989624023438,0.2,-0.005006632232834818,9624,-94.95933909006416
425.5,616960,2419,45.0,1,0,-0.012505533720968742,12.283291592029855,0.006591796875,0.0031037428,0.0001,0.734289824962616,0.21842291951179504,0.2,-0.003729429932718631,9632,-95.15273079954088
418.0,617472,1649,45.0,1,0,-0.026653428428062398,27.87905045133084,0.011962890625,0.004056348,0.0001,0.8792113736271858,0.6733458042144775,0.2,-0.00576589164120378,9640,-95.121003414765
438.0,617984,2296,45.0,1,0,-0.02782539211693802,43.16116976365447,0.014404296875,0.00406283,0.0001,0.8967402502894402,2.6962473392486572,0.2,-0.0033523820093250833,9648,-95.12605638440698
438.0,618496,2099,45.0,1,0,-0.01437206669970692,13.6159223690629,0.006103515625,0.0015609736,0.0001,0.8862853050231934,1.0349059104919434,0.2,-0.0018705235415836796,9656,-93.94587106134742
427.0,619008,2067,45.0,1,0,-0.03295012390344709,57.104150377213955,0.013916015625,0.003882461,0.0001,0.7876857072114944,8.063095092773438,0.2,-0.0018426007918606047,9664,-92.07698871474713
377.5,619520,2468,45.0,1,0,-0.01748060693307707,29.250425301492214,0.006591796875,0.0026209601,0.0001,0.8100881427526474,4.681493759155273,0.2,-0.00011883582919836044,9672,-90.32517154727131
317.5,620032,2073,45.0,1,0,-0.031212565392252145,39.55020683631301,0.0205078125,0.010015698,0.0001,0.8584597557783127,7.762888431549072,0.2,-0.006637143429543357,9680,-85.57260463971645
271.0,620544,2494,45.0,1,0,-0.04535578443392296,55.065089497715235,0.028076171875,0.0055710757,0.0001,0.8306818306446075,13.55940055847168,0.2,-0.01022181519147125,9688,-83.53079900156706
299.5,621056,2568,45.0,1,0,-0.031136258242440817,10.43665360257728,0.02197265625,0.016304478,0.0001,0.9203485772013664,1.3568825721740723,0.2,-0.0013325051813808386,9696,-83.21750605788083
331.5,621568,2128,45.0,1,0,-0.02391904445153159,19.197710560634732,0.016845703125,0.0019302304,0.0001,0.8689445406198502,2.075584650039673,0.2,-0.005373405438149348,9704,-83.18875094383955
371.0,622080,2121,45.0,1,0,-0.028140258672237906,29.663001839071512,0.013916015625,0.009166879,0.0001,0.8847546279430389,2.3021936416625977,0.2,-0.003813843817624729,9712,-84.68151623181998
341.5,622592,2237,45.0,1,0,-0.03776047723567899,63.45077437162399,0.017822265625,0.008337318,0.0001,0.8255813717842102,10.065945625305176,0.2,-0.001850028093031142,9720,-85.50077907279133
355.5,623104,2042,45.0,1,0,-0.019584846257657773,21.569845807738602,0.0078125,0.0024807388,0.0001,0.8480760157108307,0.6743917465209961,0.2,-0.002862087683752179,9728,-86.69226075433194
367.0,623616,2192,45.0,1,0,-0.018256885144637636,15.885817761532962,0.01318359375,0.0031394386,0.0001,0.8366842865943909,2.5077357292175293,0.2,-0.004778748523676768,9736,-86.10971040595322
398.5,624128,2140,45.0,1,0,-0.03408149218421386,35.52350691892207,0.01513671875,0.00257775,0.0001,0.7929907739162445,7.329588413238525,0.2,-0.007054266538034426,9744,-87.72561503782869
443.5,624640,1657,45.0,1,0,-0.03577437386115889,30.408111575990915,0.01025390625,0.0037010836,0.0001,0.6965919435024261,7.715979099273682,0.2,-0.0025077620302909054,9752,-87.12312913149596
489.0,625152,2258,45.0,1,0,-0.02278588574722562,31.145995056256652,0.012451171875,0.008274974,0.0001,0.8274005353450775,5.7159342765808105,0.2,-0.006399736486855545,9760,-87.35954436935485
464.5,625664,2353,45.0,1,0,-0.025240462597366786,27.668912710621953,0.0126953125,0.0037433903,0.0001,0.7751129269599915,4.613043308258057,0.2,-0.0037082344315422233,9768,-87.38813792683185
481.0,626176,2381,45.0,1,0,-0.025001962681471923,28.720763088669628,0.01025390625,0.0017717796,0.0001,0.8510264903306961,8.029959678649902,0.2,-0.004055743896969943,9776,-88.04459921378643
497.5,626688,1936,45.0,1,0,-0.022161219410691047,37.12369625084102,0.01220703125,0.003000422,0.0001,0.8757067024707794,3.8578736782073975,0.2,-0.0039854593997006305,9784,-89.35957765854896
534.0,627200,2138,45.0,1,0,-0.02890627311262506,90.98243422806263,0.0087890625,0.0034334324,0.0001,0.8368243277072906,12.801592826843262,0.2,-0.0028372613378451206,9792,-90.6256609147787
517.0,627712,2106,45.0,1,0,-0.034432082129342234,33.172308610752225,0.025634765625,0.0045808866,0.0001,0.8747161626815796,8.697075843811035,0.2,-0.007345060272200499,9800,-91.53397864628583
529.5,628224,2252,45.0,1,0,-0.021052781258731557,33.875473421067,0.01220703125,0.0011367508,0.0001,0.9026698246598244,5.522177696228027,0.2,-0.0027758979485952295,9808,-92.84548163212835
503.0,628736,2221,45.0,1,0,-0.031518627880814165,55.430631935596466,0.01708984375,0.010066982,0.0001,0.828503280878067,11.108147621154785,0.2,-0.00851234384754207,9816,-93.3766845294088
411.0,629248,2281,45.0,1,0,-0.02615337019187791,23.64639592729509,0.0078125,0.0018565947,0.0001,0.8551633954048157,3.1396918296813965,0.2,-0.0019145301484968513,9824,-93.79536212079228
367.0,629760,2639,45.0,1,0,-0.045311629101888684,28.263124072924256,0.017578125,0.002645819,0.0001,0.890835203230381,2.6459810733795166,0.2,-0.005444007219921332,9832,-93.73348093450069
399.5,630272,2121,45.0,1,0,-0.034019938666006055,15.771023414796218,0.025634765625,0.013948325,0.0001,0.8555529117584229,4.763062000274658,0.2,-0.009388863976710127,9840,-93.38579556673766
412.5,630784,2250,45.0,1,0,-0.033074316227612144,35.781802837736905,0.011962890625,0.00345072,0.0001,0.8819448500871658,6.1437458992004395,0.2,-0.001997510145884007,9848,-92.38856806449593
419.5,631296,2116,45.0,1,0,-0.04218115755429608,34.124475033488125,0.029296875,0.007974455,0.0001,0.8799579963088036,1.4619500637054443,0.2,-0.010783654994156677,9856,-90.70993300829083
353.0,631808,1638,45.0,1,0,-0.03722376715950304,65.72083311527967,0.018310546875,0.007112862,0.0001,0.8767874091863632,24.841659545898438,0.2,-0.006226889003301039,9864,-91.63449175979942
347.0,632320,2108,45.0,1,0,-0.04721377685928019,61.86082523688674,0.010498046875,0.0016366742,0.0001,0.8528699725866318,11.57932186126709,0.2,-0.0033925605439435458,9872,-93.3141577193141
300.0,632832,2468,45.0,1,0,-0.022006713301379932,36.47476324439049,0.01611328125,0.0033964482,0.0001,0.8664781749248505,1.7921247482299805,0.2,-0.005194434153963812,9880,-94.46432986199856
294.0,633344,2173,45.0,1,0,-0.04227771247133205,27.556743243709207,0.025146484375,0.009037925,0.0001,0.8965236619114876,4.612516403198242,0.2,-0.00990453236954636,9888,-95.08881515260786
302.5,633856,2362,45.0,1,0,-0.03265124902327443,29.923973456025124,0.016845703125,0.003283926,0.0001,0.8206793665885925,8.119105339050293,0.2,-0.0016761110709921923,9896,-96.25230874624103
306.0,634368,2561,45.0,1,0,-0.03362960126696635,76.56340192258358,0.01904296875,0.005881833,0.0001,0.7907690107822418,10.857272148132324,0.2,-0.005550873531319667,9904,-96.0307556796074
291.0,634880,2039,45.0,1,0,-0.01668248362466329,15.377227370860055,0.013916015625,0.011812935,0.0001,0.8033151030540466,0.45823949575424194,0.2,-0.007091847281117225,9912,-97.24200784310699
287.0,635392,2045,45.0,1,0,-0.021780193877930287,22.04094298556447,0.0205078125,0.0039837053,0.0001,0.8885876834392548,3.0295450687408447,0.2,-0.004894408928521443,9920,-96.52623526420444
275.0,635904,2438,45.0,1,0,-0.05311787594382622,69.4252154007554,0.02880859375,0.005745423,0.0001,0.8630350232124329,17.199363708496094,0.2,-0.007732064288575202,9928,-97.56399087265135
287.5,636416,2078,45.0,1,0,-0.034395854646390944,26.906383472960442,0.022705078125,0.011765141,0.0001,0.9010258466005325,6.2994537353515625,0.2,-0.004563686870824313,9936,-97.04479107212275
311.0,636928,2120,45.0,1,0,-0.027925415968638845,87.22293703258038,0.009521484375,0.0016590413,0.0001,0.8263391107320786,24.509429931640625,0.2,-0.003876959606714081,9944,-98.10525519557297
352.0,637440,2295,45.0,1,0,-0.026548088697836647,68.0424091219902,0.010986328125,0.0033762455,0.0001,0.8856523334980011,40.04697799682617,0.2,-0.006316700717434287,9952,-100.62293378725649
405.0,637952,1491,45.0,1,0,-0.03723030544642825,33.13508154451847,0.01220703125,0.00076170266,0.0001,0.8694665133953094,3.8530750274658203,0.2,-0.0038949102017795667,9960,-99.62508976850658
387.5,638464,2650,45.0,1,0,-0.027819969511256204,27.39279850386083,0.0087890625,0.007170763,0.0001,0.9067774936556816,3.907226800918579,0.2,-0.0005466537113534287,9968,-98.80985235393047
420.0,638976,2314,45.0,1,0,-0.03622656839274896,20.507437736727297,0.031005859375,0.005604027,0.0001,0.8570411503314972,0.7711570858955383,0.2,-0.01683756751663168,9976,-98.13265838161111
385.0,639488,2263,45.0,1,0,-0.022424070431952714,28.839165734127164,0.0107421875,0.006895403,0.0001,0.8402125388383865,9.13207721710205,0.2,-0.001178287602670025,9984,-97.57901100363583
470.0,640000,1788,45.0,1,0,-0.03440353452333511,14.128918054979295,0.024169921875,0.008892021,0.0001,0.9386515356600285,1.3274099826812744,0.2,-0.005665230219165096,9992,-95.34382899340243
501.0,640512,2264,45.0,1,0,-0.04097474224909092,56.67243654280901,0.0263671875,0.007917205,0.0001,0.8798095211386681,12.67714786529541,0.2,-0.006181284923513886,10000,-92.37657956119627
454.5,641024,2281,45.0,1,0,-0.023509354032285046,12.31826979178004,0.027099609375,0.04348152,0.0001,0.9237824231386185,2.6580305099487305,0.2,-0.004582004374242388,10008,-89.45315602589399
452.0,641536,2008,45.0,1,0,-0.02555412298261217,66.69147823099047,0.0078125,0.0023125391,0.0001,0.8570657819509506,4.305774211883545,0.2,-0.002733067660301458,10016,-88.60537806477397
412.0,642048,2577,45.0,1,0,-0.025635142190367333,23.28842407092452,0.010986328125,0.001474752,0.0001,0.9140834137797356,4.047282695770264,0.2,-0.003287550207460299,10024,-86.50468064680696
378.0,642560,2215,45.0,1,0,-0.03686797768659744,38.053507121279836,0.019287109375,0.03389844,0.0001,0.9094037786126137,13.254047393798828,0.2,-0.007880861237936188,10032,-89.54196503058076
435.5,643072,2107,45.0,1,0,-0.034349763246609655,26.958965776488185,0.022216796875,0.0062649925,0.0001,0.9095468744635582,2.2974259853363037,0.2,-0.004790240516740596,10040,-92.63130131945015
454.0,643584,2449,45.0,1,0,-0.022760397323509096,34.72216045483947,0.005615234375,0.0006734594,0.0001,0.8397724479436874,2.2114908695220947,0.2,-0.001769918562786188,10048,-92.81740264333784
412.5,644096,2318,45.0,1,0,-0.027162061181343233,28.24699582438916,0.021484375,0.01633272,0.0001,0.9011228904128075,0.6224526166915894,0.2,-0.00639719265018357,10056,-94.1110728732869
301.0,644608,2199,45.0,1,0,-0.02594504421676902,41.670927359722555,0.016845703125,0.0063753813,0.0001,0.870835080742836,3.014465570449829,0.2,-0.009002023456559982,10064,-97.4432579633221
285.0,645120,2124,45.0,1,0,-0.030986965935881017,26.37423089146614,0.016357421875,0.007108933,0.0001,0.8704519122838974,3.3075854778289795,0.2,-0.005400116682722,10072,-98.21485672619194
334.0,645632,2059,45.0,1,0,-0.033753442870192885,78.23487105965614,0.015380859375,0.0010621601,0.0001,0.8144901245832443,14.397719383239746,0.2,-0.0013477627071551979,10080,-99.70503934185952
354.5,646144,2254,45.0,1,0,-0.027815300267775456,26.08426086232066,0.0068359375,0.0009840224,0.0001,0.9147188812494278,2.201237440109253,0.2,-0.0024490539799444377,10088,-100.84384644024074
425.5,646656,1964,45.0,1,0,-0.030868724615402243,29.268785622902215,0.01220703125,0.0058284486,0.0001,0.9200649112462997,7.703194618225098,0.2,-0.00546532763473806,10096,-103.5169653269276
436.5,647168,1928,45.0,1,0,-0.02417936581923641,25.29001192189753,0.009765625,0.0022449964,0.0001,0.881195954978466,1.6013845205307007,0.2,-0.0034499185203458183,10104,-102.19126971591264
404.0,647680,2350,45.0,1,0,-0.030337401406541176,34.2986119017005,0.016845703125,0.002601197,0.0001,0.8868646025657654,6.571221351623535,0.2,-0.005372912244638428,10112,-102.6047692933306
409.5,648192,2345,45.0,1,0,-0.03928614009873854,35.37039565946907,0.0341796875,0.011185806,0.0001,0.8553097695112228,3.942110300064087,0.2,-0.013264269815408625,10120,-104.61647063951939
472.0,648704,2174,45.0,1,0,-0.02995412437780942,44.76680129207671,0.013427734375,0.0029618533,0.0001,0.7950266152620316,1.4898549318313599,0.2,-0.0047790149474167265,10128,-104.53372212070971
487.0,649216,2229,45.0,1,0,-0.029149952462148576,35.64917977526784,0.007568359375,0.004262775,0.0001,0.8413759917020798,3.3234171867370605,0.2,-0.003445483420364326,10136,-103.74706724300981
466.5,649728,1950,45.0,1,0,-0.03555916080904353,26.192207470536232,0.015869140625,0.0074818376,0.0001,0.8411701321601868,2.8188059329986572,0.2,-0.005316668441082584,10144,-102.32599351178855
468.0,650240,1899,45.0,1,0,-0.057091029309958685,51.67795721255243,0.021728515625,0.006527288,0.0001,0.830321654677391,2.10591459274292,0.2,-0.006794473194531747,10152,-99.04583286177368
456.0,650752,2037,45.0,1,0,-0.041539009447660646,34.226989552378654,0.017822265625,0.009055149,0.0001,0.875136487185955,3.8140063285827637,0.2,-0.005937780399108306,10160,-97.6805485143885
408.5,651264,2071,45.0,1,0,-0.05098252310108364,51.59557821601629,0.017822265625,0.0031995717,0.0001,0.8574897944927216,6.952782154083252,0.2,-0.0029117489320924506,10168,-95.97346716195345
460.0,651776,2101,45.0,1,0,-0.04726594909243431,79.54628307372332,0.012451171875,0.0056122504,0.0001,0.869390457868576,18.686304092407227,0.2,-0.003479217011772562,10176,-96.46056090079247
509.0,652288,2282,45.0,1,0,-0.03293864206170838,52.74523789808154,0.013427734375,0.0025403127,0.0001,0.883302815258503,5.3002519607543945,0.2,-0.0037478456906683277,10184,-94.55048873651772
478.5,652800,2278,45.0,1,0,-0.03457848979269329,58.8473026282154,0.011474609375,0.0041297968,0.0001,0.7960585653781891,3.9126667976379395,0.2,-0.004168695479165763,10192,-94.47172263972462
494.0,653312,1733,45.0,1,0,-0.03274514767781511,27.20024975668639,0.007568359375,0.004905661,0.0001,0.8987924754619598,2.4497992992401123,0.2,-0.0014824662375758635,10200,-93.95731853753328
522.0,653824,1996,45.0,1,0,-0.05071966657487792,48.83073191344738,0.01953125,0.0036391304,0.0001,0.8871692568063736,10.332268714904785,0.2,-0.0060553579751285724,10208,-95.01040497954935
534.0,654336,2053,45.0,1,0,-0.0458835367599022,119.97420714050531,0.017333984375,0.0028308318,0.0001,0.7684922218322754,20.141021728515625,0.2,-0.007169840675487649,10216,-95.96649351675063
564.0,654848,1974,45.0,1,0,-0.03601238121063943,142.3631039634347,0.007080078125,0.0017822891,0.0001,0.7848109006881714,34.547760009765625,0.2,-0.0022016138973413035,10224,-99.06174302060157
608.5,655360,2119,45.0,1,0,-0.047197558243169624,66.31624206155539,0.021728515625,0.003934323,0.0001,0.8801979422569275,6.0457444190979,0.2,-0.006690216298011364,10232,-101.30090403459967
605.5,655872,2007,45.0,1,0,-0.03771385929894677,38.625463396310806,0.01416015625,0.0023847977,0.0001,0.8939317837357521,2.9044528007507324,0.2,-0.006887337010994088,10240,-103.34580866567791
544.5,656384,2040,45.0,1,0,-0.06042703567072749,120.56697494536638,0.01904296875,0.005358967,0.0001,0.787626102566719,25.035335540771484,0.2,-0.006800186387408758,10248,-104.46416730731725
497.0,656896,2572,45.0,1,0,-0.068094184543952,53.40544160455465,0.030517578125,0.0035318797,0.0001,0.8912767395377159,6.453269004821777,0.2,-0.011753621889511123,10256,-105.2896099833399
508.5,657408,1658,45.0,1,0,-0.020855773675975797,20.62923325225711,0.013671875,0.013916097,0.0001,0.7499657273292542,1.1950267553329468,0.2,-0.002666578297066735,10264,-105.46681477166712
518.5,657920,2022,45.0,1,0,-0.026702800454131648,26.069853010587394,0.008056640625,0.0035435795,0.0001,0.8723506033420563,4.408265113830566,0.2,-0.0013880975893698633,10272,-104.38470727156847
495.0,658432,2044,45.0,1,0,-0.042614036078703066,50.07756355591118,0.017333984375,0.0042615673,0.0001,0.847103625535965,1.9695194959640503,0.2,-0.0057594402896938846,10280,-101.99917441789061
458.0,658944,2068,45.0,1,0,-0.04366269828642544,52.80284958332777,0.013671875,0.001351436,0.0001,0.4673261046409607,13.568445205688477,0.2,-0.0027362127948435955,10288,-100.52971037589013
436.0,659456,1931,45.0,1,0,-0.02667138132119362,28.991014068946242,0.008544921875,0.0038294694,0.0001,0.8492030054330826,3.292278289794922,0.2,-0.0025755796414159704,10296,-95.10033257104456
482.5,659968,1992,45.0,1,0,-0.029996479169312806,25.74412053450942,0.016357421875,0.008744007,0.0001,0.8583848029375076,3.1297497749328613,0.2,-0.005193856766709359,10304,-92.07717988345772
450.5,660480,1993,45.0,1,0,-0.04705912116332911,45.713774029165506,0.02099609375,0.0052853627,0.0001,0.8621141463518143,9.650537490844727,0.2,-0.005080786555481609,10312,-92.28299078136682
450.0,660992,2206,45.0,1,0,-0.06134550191927701,68.16115924343467,0.01318359375,0.0032961941,0.0001,0.8905384913086891,5.281524658203125,0.2,-0.003956273656513076,10320,-90.57646070573479
477.5,661504,2494,45.0,1,0,-0.04548070413420646,57.51513680443168,0.024169921875,0.009939294,0.0001,0.88571947067976,15.049481391906738,0.2,-0.008973668638645904,10328,-91.12956303842365
478.0,662016,2178,45.0,1,0,-0.014934054046079837,12.566051658475772,0.00537109375,0.0006231086,0.0001,0.865364134311676,0.1959020048379898,0.2,-0.0014147221045277547,10336,-91.95377235855908
452.0,662528,2034,45.0,1,0,-0.024697301475043787,36.15112585294992,0.0107421875,0.002457174,0.0001,0.8967261165380478,6.450512886047363,0.2,-0.003290600587206427,10344,-91.76899967763573
473.5,663040,1998,45.0,1,0,-0.030326692495691532,27.18929465021938,0.014404296875,0.0041790633,0.0001,0.8409756869077682,0.76369708776474,0.2,-0.0034749631449813023,10352,-91.04957313645632
499.0,663552,1485,45.0,1,0,-0.03200549265147856,28.812956674024463,0.02099609375,0.0031366572,0.0001,0.7099299430847168,3.6285459995269775,0.2,-0.004778590206115041,10360,-90.6409617197141
464.5,664064,1906,45.0,1,0,-0.026646831106745594,21.910101734101772,0.0146484375,0.0019628492,0.0001,0.8314066976308823,1.248491644859314,0.2,-0.0054028648301027715,10368,-89.15544210635126
486.0,664576,2112,45.0,1,0,-0.04061666536381381,24.916863532736897,0.0224609375,0.008322512,0.0001,0.8120466619729996,2.253669500350952,0.2,-0.008598553216870641,10376,-87.72423980399967
452.0,665088,2295,45.0,1,0,-0.028084602252420154,17.92167422082275,0.009765625,0.0021402733,0.0001,0.8891143947839737,1.781204104423523,0.2,-0.001960615278221667,10384,-83.51020424284042
480.0,665600,2235,45.0,1,0,-0.02704208012755771,22.236784413456917,0.015625,0.008876309,0.0001,0.8739987313747406,1.78818941116333,0.2,-0.006012764206388965,10392,-83.01510809905827
496.5,666112,2621,45.0,1,0,-0.027432753890707318,15.280242765322328,0.012451171875,0.003323935,0.0001,0.9027636349201202,2.402508020401001,0.2,-0.00345316205493873,10400,-81.46925359949469
465.5,666624,2329,45.0,1,0,-0.015340762295636523,3.57831360748969,0.008544921875,0.008147048,0.0001,0.9601811170578003,0.12496908754110336,0.2,-0.0017082506492442917,10408,-81.52728440277278
446.5,667136,1893,45.0,1,0,-0.02053362613492027,27.18920566001907,0.00732421875,0.0012981631,0.0001,0.9107537642121315,1.5473476648330688,0.2,-0.004265998839400709,10416,-83.88291718661785
472.5,667648,2128,45.0,1,0,-0.037165324967645574,26.909862715750933,0.01806640625,0.0025968486,0.0001,0.8792063593864441,1.3575831651687622,0.2,-0.00526914770307485,10424,-85.86566653549671
457.5,668160,1861,45.0,1,0,-0.03756836626007498,37.00046120909974,0.0107421875,0.001988297,0.0001,0.6121583878993988,3.496175527572632,0.2,-0.0031851116873440333,10432,-85.73736398953945
432.0,668672,2087,45.0,1,0,-0.031125137598792207,64.50851806532592,0.009765625,0.0047955406,0.0001,0.7336319088935852,18.101987838745117,0.2,-0.00478592244326137,10440,-87.26665621750057
443.0,669184,2120,45.0,1,0,-0.03978360769360734,15.224565472453833,0.021728515625,0.0057574203,0.0001,0.8997967019677162,0.7193710803985596,0.2,-0.007416058913804591,10448,-87.55931833818555
472.0,669696,1593,45.0,1,0,-0.028444913276871375,13.8765758164227,0.0146484375,0.003975057,0.0001,0.8770725652575493,2.339430332183838,0.2,-0.0044761915123672225,10456,-86.48266550276429
469.5,670208,2431,45.0,1,0,-0.038053975767979864,47.387743497267365,0.010986328125,0.0028330619,0.0001,0.8221822679042816,6.0054450035095215,0.2,-0.0016518980264663696,10464,-87.01818295940757
520.0,670720,2284,45.0,1,0,-0.019822779834612447,19.05114857526496,0.009033203125,0.00329419,0.0001,0.871059775352478,0.7531953454017639,0.2,-0.001380099014568259,10472,-86.02288813516498
490.5,671232,2299,45.0,1,0,-0.0314826935250494,63.107563954778016,0.02392578125,0.012265785,0.0001,0.8149197697639465,0.8223460912704468,0.2,-0.009835968288825825,10480,-88.3688461304456
455.0,671744,2233,45.0,1,0,-0.023985556613752124,31.591921273618937,0.0126953125,0.004743439,0.0001,0.9020785465836525,2.6810998916625977,0.2,-0.004820534064492676,10488,-89.53551354676485
433.5,672256,2156,45.0,1,0,-0.03743691092586232,43.70342599507421,0.01904296875,0.0062304735,0.0001,0.8298412561416626,4.798994541168213,0.2,-0.006784304558095755,10496,-90.52059301838278
480.5,672768,1986,45.0,1,0,-0.0337837066508655,43.9397341273725,0.011474609375,0.00270523,0.0001,0.8333641886711121,5.988807201385498,0.2,-0.004665976070100442,10504,-92.63890495892615
466.0,673280,2136,45.0,1,0,-0.02477163877847488,18.92014183010906,0.010986328125,0.0038401121,0.0001,0.88540069013834,0.5694353580474854,0.2,-0.00274420411005849,10512,-92.38685355003923
471.5,673792,2030,45.0,1,0,-0.034365634641289944,21.178179601905867,0.021484375,0.017236294,0.0001,0.8872790709137917,1.5030503273010254,0.2,-0.002869873173040105,10520,-92.32286381661892
485.5,674304,2164,45.0,1,0,-0.030250397694544517,30.982522455975413,0.01318359375,0.0018815293,0.0001,0.8552437275648117,3.940516948699951,0.2,-0.004978558690709178,10528,-93.12106846142561
462.5,674816,2580,45.0,1,0,-0.032890606008550094,26.176761269569397,0.01171875,0.0018505024,0.0001,0.820940226316452,2.813974380493164,0.2,-0.002656396900420077,10536,-90.97657597243786
461.5,675328,2066,45.0,1,0,-0.021391566730358136,8.788708283915184,0.022705078125,0.03385833,0.0001,0.9148841425776482,0.04293849319219589,0.2,-0.004023836852866225,10544,-90.39261613965034
468.5,675840,2442,45.0,1,0,-0.03297890075009491,58.228437568061054,0.05712890625,0.14890659,0.0001,0.868802398443222,32.597503662109375,0.2,0.02535175440425519,10552,-90.55236884355546
419.0,676352,2299,45.0,1,0,-0.03550845695644966,29.92221388919279,0.015380859375,0.007999208,0.0001,0.9064887687563896,9.398804664611816,0.2,-0.00589359003060963,10560,-90.12778713870793
397.0,676864,1668,45.0,1,0,-0.022454778275232457,42.925449691712856,0.0146484375,0.0047562695,0.0001,0.8388116210699081,6.302464008331299,0.2,-0.004381734170237905,10568,-90.85552872814237
331.5,677376,2318,45.0,1,0,-0.03327997910173508,63.59206755645573,0.01806640625,0.002069485,0.0001,0.840994581580162,12.961172103881836,0.2,-0.006040673015377251,10576,-91.94065130352973
258.5,677888,2510,45.0,1,0,-0.03186728614309686,22.97185906022787,0.00927734375,0.0010689134,0.0001,0.8650504648685455,2.246739625930786,0.2,-0.0009202255751006305,10584,-91.40752352111042
162.5,678400,2214,45.0,1,0,-0.023402445426199847,59.276674159336835,0.007080078125,0.0004010212,0.0001,0.8216769695281982,1.7217661142349243,0.2,-0.0014889719677739777,10592,-93.06471385315061
97.5,678912,2524,45.0,1,0,-0.04774007604282815,53.191146805882454,0.010498046875,0.0017394159,0.0001,0.8009098321199417,5.001669883728027,0.2,-0.0032484170551470015,10600,-93.84428262341767
65.0,679424,2520,45.0,1,0,-0.024104850765070296,23.104555795434862,0.011962890625,0.0005507376,0.0001,0.8127523362636566,1.1841703653335571,0.2,-0.0038334489436238073,10608,-92.8933376481384
-3.5,679936,2472,45.0,1,0,-0.027094683732570957,22.010186371859163,0.0205078125,0.013794058,0.0001,0.7657224982976913,1.106398582458496,0.2,0.0013606365318992175,10616,-92.83886096648872
-12.0,680448,2300,45.0,1,0,-0.03422549471997627,49.47130218334496,0.020263671875,0.004397892,0.0001,0.8402282297611237,2.58223557472229,0.2,-0.0039182975378935225,10624,-92.87433330960572
-8.5,680960,2252,45.0,1,0,-0.05079873518116074,67.07748783752322,0.013427734375,0.0017774086,0.0001,0.8651507198810577,5.919577121734619,0.2,-0.003775873119593598,10632,-95.40023058895022
-8.5,681472,2492,45.0,1,0,-0.045014624506166,44.4654772374779,0.02197265625,0.0067631137,0.0001,0.8747517615556717,36.37558364868164,0.2,-0.006359991151839495,10640,-97.62606912974269
2.5,681984,2185,45.0,1,0,-0.01963768274595168,32.14844758063555,0.00634765625,0.004046128,0.0001,0.8532112836837769,1.0049625635147095,0.2,-0.002626827270432841,10648,-100.07436023559421
22.5,682496,2519,45.0,1,0,-0.02593049867573427,86.50819341093302,0.00634765625,0.0008054796,0.0001,0.838065043091774,31.388378143310547,0.2,-0.0023560462177556474,10656,-104.19265297308564
-23.5,683008,2392,45.0,1,0,-0.04249491598966415,90.4441931322217,0.0185546875,0.005544152,0.0001,0.8733587265014648,3.9125051498413086,0.2,-0.006518787686218275,10664,-108.60192144915462
-44.0,683520,2667,45.0,1,0,-0.04025579443123206,82.73631650954485,0.013427734375,0.0015044162,0.0001,0.8070038110017776,8.785922050476074,0.2,-0.0040916162470239215,10672,-111.71952880132943
-27.0,684032,2780,45.0,1,0,-0.01971541496777718,25.384967341728043,0.009033203125,0.002622026,0.0001,0.8132774829864502,2.39778208732605,0.2,-0.004317142467698432,10680,-113.33866102203727
-30.5,684544,2534,45.0,1,0,-0.03029841821080481,64.9601320931688,0.014404296875,0.0028241617,0.0001,0.7748230248689651,4.797955513000488,0.2,-0.003939920869015623,10688,-114.18134613916278
-45.0,685056,2622,45.0,1,0,-0.022899460583403197,102.87385017797351,0.005859375,0.0014612086,0.0001,0.7576727420091629,42.558467864990234,0.2,-0.0021863395650143502,10696,-111.43255052965134
-45.5,685568,1666,45.0,1,0,-0.018960084129957977,21.488344093071646,0.01171875,0.011871694,0.0001,0.7985564917325974,1.4207834005355835,0.2,-0.005372278301365441,10704,-107.31101652614772
-45.5,686080,2435,45.0,1,0,-0.03421536635551092,122.70434293150902,0.00537109375,0.00028827577,0.0001,0.6777766942977905,38.212974548339844,0.2,-0.0012142567975388374,10712,-104.2526280631125
-30.0,686592,2058,45.0,1,0,-0.03626667221965363,109.46304509788752,0.013427734375,0.0018463553,0.0001,0.6730163097381592,7.079937934875488,0.2,-0.0032637984040775336,10720,-104.62438869778067
-29.5,687104,2416,45.0,1,0,-0.02829938533159293,83.3002412095666,0.011474609375,0.003197187,0.0001,0.8280233591794968,53.00447463989258,0.2,-0.004237245928379707,10728,-104.94575543221086
-6.0,687616,2277,45.0,1,0,-0.029444703482113255,47.77651941590011,0.006591796875,0.0007144491,0.0001,0.8935519754886627,4.9901299476623535,0.2,-0.004313152645408991,10736,-103.40543727386743
18.0,688128,2633,45.0,1,0,-0.03516922147991863,46.17554661817849,0.01806640625,0.0027020925,0.0001,0.8229182213544846,11.285856246948242,0.2,-0.0050669878073676955,10744,-103.43866591129452
26.5,688640,2506,45.0,1,0,-0.02713810047816878,32.62100730184466,0.02001953125,0.01584524,0.0001,0.7815057039260864,3.7716994285583496,0.2,-0.00479058374548913,10752,-102.70106949232519
71.0,689152,2225,45.0,1,0,-0.023650756597930922,37.63564937142655,0.017333984375,0.008911096,0.0001,0.8407257944345474,2.6014482975006104,0.2,-0.006574796431777941,10760,-103.02873820714653
114.5,689664,2277,45.0,1,0,-0.02702006416484437,74.4859597813338,0.017578125,0.014293695,0.0001,0.8030312657356262,0.6804638504981995,0.2,-0.004546767337160418,10768,-104.27060651473701
146.5,690176,2206,45.0,1,0,-0.03647040800819923,61.81071462016553,0.004638671875,0.0009675609,0.0001,0.6919729709625244,9.306586265563965,0.2,-0.002299492589372676,10776,-104.27481503073126
185.5,690688,2188,45.0,1,0,-0.055404758176337054,71.77714273706079,0.011474609375,0.0027144281,0.0001,0.769023671746254,29.452512741088867,0.2,-0.0034878694859798998,10784,-104.46607574768365
180.0,691200,2085,45.0,1,0,-0.03431884302517574,67.13428881019354,0.009521484375,0.0026232325,0.0001,0.836719736456871,14.644271850585938,0.2,-0.001767586923961062,10792,-103.8011269262433
226.0,691712,2240,45.0,1,0,-0.036903328733615126,59.39936999976635,0.0185546875,0.0076581105,0.0001,0.8616912215948105,6.726173400878906,0.2,-0.00690706841123756,10800,-104.8095813493058
290.5,692224,2120,45.0,1,0,-0.03766789544351923,158.0979580692947,0.01123046875,0.0015341042,0.0001,0.8197118490934372,15.962596893310547,0.2,-0.0036543613132380415,10808,-106.0587036133185
302.0,692736,2599,45.0,1,0,-0.03702353413132187,95.9745372980833,0.012939453125,0.003531187,0.0001,0.8559426069259644,41.18058776855469,0.2,-0.0058527388209768105,10816,-106.04133205097169
329.0,693248,2272,45.0,1,0,-0.01979497641946182,31.554198326426558,0.006591796875,0.0050353105,0.0001,0.8120918571949005,3.899583339691162,0.2,-0.001659262507018866,10824,-108.13631660770625
362.0,693760,2340,45.0,1,0,-0.022912378742830697,29.6091961665079,0.020263671875,0.016717244,0.0001,0.8258237391710281,1.0957030057907104,0.2,-0.00844067356956657,10832,-105.53098336651921
363.5,694272,2102,45.0,1,0,-0.019733888454197768,31.78916784375906,0.015380859375,0.016844219,0.0001,0.776220440864563,1.296654224395752,0.2,-0.003773324206122197,10840,-104.69244761344045
337.0,694784,2247,45.0,1,0,-0.0265701864800576,24.904548559337854,0.01220703125,0.0029133605,0.0001,0.9153419137001038,4.303073406219482,0.2,-0.0018586596161185298,10848,-106.76981255259365
336.5,695296,2149,45.0,1,0,-0.024785102762052702,74.43559199012816,0.01025390625,0.002931079,0.0001,0.754545584321022,39.88483810424805,0.2,-0.0025597313324396964,10856,-105.43611722562463
342.0,695808,2162,45.0,1,0,-0.018792517686279098,21.087389468215406,0.01318359375,0.0024980588,0.0001,0.9080314934253693,0.6635416746139526,0.2,-0.0037283368583302945,10864,-102.35292818285525
337.0,696320,2148,45.0,1,0,-0.03128180955150128,26.07730664126575,0.01611328125,0.0047064116,0.0001,0.8715631663799286,2.422417402267456,0.2,-0.004688356020778883,10872,-97.85272746682168
339.5,696832,2036,45.0,1,0,-0.02418355419854379,29.71344358008355,0.0205078125,0.018277202,0.0001,0.841401994228363,3.6840860843658447,0.2,-0.004932414074573899,10880,-97.33163286671042
338.0,697344,2628,45.0,1,0,-0.028236170385980586,101.4486885368824,0.016845703125,0.006549081,0.0001,0.8444743752479553,18.4460506439209,0.2,-0.0055769944010535255,10888,-97.63331314690411
349.0,697856,2056,45.0,1,0,-0.016485454789290088,62.44572518579662,0.006591796875,0.004117569,0.0001,0.7176994383335114,8.629733085632324,0.2,-0.002660175279743271,10896,-98.6781717119366
357.5,698368,2087,45.0,1,0,-0.030994054034636065,88.59979427605867,0.015625,0.0036256593,0.0001,0.7999789118766785,56.430747985839844,0.2,-0.007483200606657192,10904,-101.57168075378985
376.5,698880,2117,45.0,1,0,-0.059380466399488796,81.4082112275064,0.03759765625,0.004384416,0.0001,0.8457817733287811,7.949276447296143,0.2,-0.01033740404091077,10912,-103.22266582924873
408.5,699392,2038,45.0,1,0,-0.026569413737433933,107.10253251343966,0.01025390625,0.0007530906,0.0001,0.8123441636562347,23.48973846435547,0.2,-0.004584134181641275,10920,-104.35988824095577
436.0,699904,1485,45.0,1,0,-0.04187366973292228,145.61620208621025,0.010009765625,0.009341078,0.0001,0.7724374383687973,37.654296875,0.2,-0.003402321643079631,10928,-103.91775710519403
450.0,700416,2297,45.0,1,0,-0.03575415740669996,140.46747225522995,0.01708984375,0.011834443,0.0001,0.8143951743841171,69.86524200439453,0.2,-0.004805659318662947,10936,-106.5679097724706
507.5,700928,1926,45.0,1,0,-0.03380226276385656,31.031126807443798,0.009521484375,0.0016988758,0.0001,0.86332006752491,1.839290738105774,0.2,-0.004674009091104381,10944,-106.42754058290274
508.0,701440,2274,45.0,1,0,-0.036573472532836604,66.26042663305998,0.02587890625,0.011299337,0.0001,0.821778193116188,24.755634307861328,0.2,-0.006790968172936118,10952,-104.17549165610224
534.5,701952,2460,45.0,1,0,-0.028009818321947932,27.140884609892964,0.01708984375,0.0048127337,0.0001,0.9010935425758362,4.239635467529297,0.2,-0.004887717324891128,10960,-102.04254115637391
508.5,702464,2391,45.0,1,0,-0.011985534199084213,10.919684801716357,0.016357421875,0.025046833,0.0001,0.892743818461895,0.6885850429534912,0.2,-0.0031671002216171473,10968,-100.54274011440575
495.0,702976,2108,45.0,1,0,-0.017689926536377243,31.739484327379614,0.017333984375,0.011261923,0.0001,0.8380282670259476,0.34884968400001526,0.2,-0.005805888846225571,10976,-98.2794026229903
500.0,703488,2100,45.0,1,0,-0.024617690611421494,49.76879618503153,0.013427734375,0.0043501165,0.0001,0.8590768724679947,7.717431545257568,0.2,-0.004164964619121747,10984,-98.44274098653347
476.0,704000,2154,45.0,1,0,-0.01820836939907622,204.80322159826756,0.00732421875,0.0005209012,0.0001,0.6818004250526428,38.16725158691406,0.2,-0.0023426684056175873,10992,-99.42704492360353
460.5,704512,1965,45.0,1,0,-0.020815634004407002,57.20185435935855,0.009521484375,0.0011272578,0.0001,0.7669051736593246,4.779755592346191,0.2,-0.0036056633907719515,11000,-99.6724270505458
468.0,705024,2198,45.0,1,0,-0.020049466341788502,37.57830063998699,0.0107421875,0.005211513,0.0001,0.8509102314710617,3.6871590614318848,0.2,-0.005665215780027211,11008,-97.49109862968325
448.0,705536,1947,45.0,1,0,-0.026105966853947393,46.588153436779976,0.015869140625,0.0026255012,0.0001,0.8414609283208847,6.911332130432129,0.2,-0.0041498919381410815,11016,-99.43571115091443
442.0,706048,2386,45.0,1,0,-0.030820442394769998,38.353783402591944,0.0166015625,0.002013114,0.0001,0.9292710572481155,2.926250696182251,0.2,-0.006289560213190271,11024,-101.66585597656668
439.5,706560,2305,45.0,1,0,-0.017606462751359686,20.773691314505413,0.012451171875,0.0045980606,0.0001,0.9015502855181694,4.968067646026611,0.2,-0.0019113084636046551,11032,-101.87033010274172
455.5,707072,1698,45.0,1,0,-0.019296054598157752,36.56426484696567,0.02001953125,0.011321025,0.0001,0.9044931977987289,9.317789077758789,0.2,-0.0054934934560151305,11040,-103.39480782061815
445.5,707584,2212,45.0,1,0,-0.021053385859090668,31.884351789951324,0.01123046875,0.0026583998,0.0001,0.8808900862932205,1.8033108711242676,0.2,-0.0030595781827287283,11048,-103.76482662785799
427.5,708096,2152,45.0,1,0,-0.018693700534754498,29.76112114172429,0.00830078125,0.0025512665,0.0001,0.9061718732118607,2.2661709785461426,0.2,-0.0038071168892201968,11056,-102.32354964524508
434.5,708608,2009,45.0,1,0,-0.022647897609203937,27.972763971891254,0.01611328125,0.016868606,0.0001,0.846753790974617,5.19371223449707,0.2,-0.005097803958051372,11064,-100.17937033634632
387.5,709120,2066,45.0,1,0,-0.019176148736789855,67.15870151668787,0.012451171875,0.0027083585,0.0001,0.8241132199764252,35.71409225463867,0.2,-0.004547516418824671,11072,-99.91447037335485
377.5,709632,2231,45.0,1,0,-0.019769270647714166,97.11355587095022,0.006103515625,0.00074171985,0.0001,0.7573933005332947,6.578954219818115,0.2,-0.0016405029091401957,11080,-98.87660161375999
351.0,710144,2039,45.0,1,0,-0.021440859585595717,20.929634747095406,0.01953125,0.008059305,0.0001,0.9005335494875908,1.7428765296936035,0.2,-0.006074673459806945,11088,-97.53524388715624
326.0,710656,2611,45.0,1,0,-0.019235585913747855,33.45672622323036,0.007568359375,0.0031816284,0.0001,0.9096604809165001,12.707696914672852,0.2,-0.003167103430314455,11096,-97.13401660341769
353.5,711168,2279,45.0,1,0,-0.010121947119387187,29.288891656324267,0.0078125,0.00411978,0.0001,0.8900201171636581,2.7956058979034424,0.2,-0.0023154129085014574,11104,-97.97566766958684
338.5,711680,2406,45.0,1,0,-0.020913097542006653,21.191629423294216,0.013427734375,0.0062107923,0.0001,0.9240600168704987,1.7309645414352417,0.2,-0.005807164925499819,11112,-98.3335239482671
306.5,712192,2237,45.0,1,0,-0.014465414139749555,20.43678930506576,0.009521484375,0.0048008235,0.0001,0.904482014477253,2.7301225662231445,0.2,-0.003958228502597194,11120,-100.27525435309857
307.0,712704,2253,45.0,1,0,-0.02231729977950181,48.0774087253958,0.0107421875,0.0029195903,0.0001,0.8753809854388237,2.1777937412261963,0.2,-0.0054390970399254,11128,-101.69589189577847
320.0,713216,2032,45.0,1,0,-0.020764420502359826,13.691252809483558,0.005859375,0.0026634927,0.0001,0.9317097291350365,1.3377282619476318,0.2,-0.0015598983700328972,11136,-101.8600048675388
339.5,713728,1510,45.0,1,0,-0.025538467509022666,35.85372624732554,0.013671875,0.0027712465,0.0001,0.8718497157096863,1.9849135875701904,0.2,-0.003569982545741368,11144,-101.9383235919103
390.5,714240,2131,45.0,1,0,-0.023183897035551126,19.312379430048168,0.012451171875,0.0040799705,0.0001,0.9129909723997116,2.515902519226074,0.2,-0.003482848191197263,11152,-100.26338548202068
345.5,714752,2289,45.0,1,0,-0.024561504221765063,22.84057890996337,0.01904296875,0.0017750119,0.0001,0.8407533913850784,4.3643035888671875,0.2,-0.006224556516826851,11160,-99.63463724061847
349.0,715264,2362,45.0,1,0,-0.024722220216631285,36.24281821027398,0.01953125,0.016191343,0.0001,0.881638303399086,0.6837025880813599,0.2,-0.005459132578835124,11168,-99.39749308306723
283.0,715776,2412,45.0,1,0,-0.027888702835412005,46.951151886954904,0.020263671875,0.00639723,0.0001,0.8748471885919571,4.089743614196777,0.2,-0.00829530781993526,11176,-100.26544524345547
303.0,716288,2048,45.0,1,0,-0.027465348082273522,43.09976883116178,0.021240234375,0.0030790525,0.0001,0.8912201896309853,17.43939781188965,0.2,-0.006826558847023989,11184,-99.1444173019752
295.5,716800,2317,45.0,1,0,-0.04047876359982183,65.29811539500952,0.007080078125,0.0011042994,0.0001,0.7875721603631973,13.073168754577637,0.2,-0.0014409998620976694,11192,-98.88850907519459
316.0,717312,2133,45.0,1,0,-0.026299479153067296,77.69138083793223,0.01171875,0.0041027367,0.0001,0.8583572953939438,4.606253147125244,0.2,-0.005628428773889027,11200,-100.16872765723616
301.5,717824,2083,45.0,1,0,-0.02874319733723496,32.303035165183246,0.009033203125,0.002977176,0.0001,0.8610509932041168,2.1449997425079346,0.2,-0.0031117085163714364,11208,-100.78099970456213
271.0,718336,2217,45.0,1,0,-0.021789844756085586,34.63705063704401,0.014892578125,0.0023527422,0.0001,0.8549354821443558,5.595326900482178,0.2,-0.0038412146768678213,11216,-101.95235812481492
241.0,718848,2200,45.0,1,0,-0.02341413588311525,23.33256575022824,0.012451171875,0.004826305,0.0001,0.8926566615700722,2.4207470417022705,0.2,-0.004788437570823589,11224,-102.34092628534883
292.0,719360,2264,45.0,1,0,-0.018803956371584718,21.368392191361636,0.013916015625,0.008615419,0.0001,0.9158441573381424,4.680318832397461,0.2,-0.0056124070470104925,11232,-103.97128083452583
280.0,719872,2555,45.0,1,0,-0.03064562458234832,21.105556381866336,0.017333984375,0.007819651,0.0001,0.9207057803869247,3.173837184906006,0.2,-0.0038155850597831886,11240,-102.33610022380948
247.5,720384,2317,45.0,1,0,-0.017800109856807467,15.589699837728404,0.015625,0.011372807,0.0001,0.8825605511665344,0.19576695561408997,0.2,-0.0036322236264823005,11248,-100.85668119937182
286.0,720896,1453,45.0,1,0,-0.03339517509630241,63.60656747594476,0.014404296875,0.0056082266,0.0001,0.8357516676187515,19.320558547973633,0.2,-0.0036042237406945787,11256,-99.00626376770437
264.5,721408,2375,45.0,1,0,-0.0373617528343857,110.59070773422718,0.015380859375,0.0039794175,0.0001,0.8008702844381332,54.48915100097656,0.2,-0.002059365979221184,11264,-99.3852780879289
232.5,721920,2129,45.0,1,0,-0.022503854164483528,36.56567870453,0.016357421875,0.012932915,0.0001,0.8716529011726379,2.681887626647949,0.2,-0.002589526886367821,11272,-97.29933614898474
222.5,722432,1861,45.0,1,0,-0.04670585319399834,131.90066086221486,0.01611328125,0.000867815,0.0001,0.754562571644783,12.321332931518555,0.2,-0.004818203320610337,11280,-99.334094671458
232.0,722944,2296,45.0,1,0,-0.05180724209003529,80.93918140977621,0.021484375,0.0032347036,0.0001,0.8539561331272125,20.85489273071289,0.2,-0.006293910355452681,11288,-101.02194792352617
162.5,723456,2025,45.0,1,0,-0.03991250865692564,253.1277587786317,0.017333984375,0.0025176266,0.0001,0.7556707113981247,28.359004974365234,0.2,-0.007280537265614839,11296,-103.42405152231454
178.0,723968,2209,45.0,1,0,-0.05280872100047418,165.8054178506136,0.00732421875,0.0013206229,0.0001,0.7743657827377319,40.02070999145508,0.2,-0.0012350948381936178,11304,-104.265977948457
206.0,724480,2389,45.0,1,0,-0.03954939463210394,51.78973640687764,0.014892578125,0.0031067762,0.0001,0.8446923345327377,7.867908954620361,0.2,-0.005045161873567849,11312,-107.67995068438351
187.0,724992,2198,45.0,1,0,-0.017989116956414364,21.638097821734846,0.00634765625,0.00075918855,0.0001,0.8237459361553192,3.1464505195617676,0.2,-0.003126841209450504,11320,-108.22770903412253
182.0,725504,2048,45.0,1,0,-0.036924807682680694,61.83220215886831,0.0126953125,0.005496136,0.0001,0.8410307168960571,5.968292713165283,0.2,-0.0042024879967357265,11328,-108.39904164433479
180.0,726016,2123,45.0,1,0,-0.041539101217495045,112.99172130227089,0.01708984375,0.002819789,0.0001,0.7494623959064484,20.494291305541992,0.2,-0.005790100229205564,11336,-108.39696166876703
211.5,726528,2111,45.0,1,0,-0.05626032327563735,63.24977307859808,0.015869140625,0.0026638415,0.0001,0.7187886536121368,11.99360179901123,0.2,-0.004916298734315205,11344,-105.76763523291797
199.5,727040,1453,45.0,1,0,-0.034464488961020834,44.59884457476437,0.013427734375,0.0030030701,0.0001,0.8354054540395737,5.402933120727539,0.2,-0.004247341334121302,11352,-104.30642684917898
189.5,727552,2153,45.0,1,0,-0.05160176443132514,79.59564159438014,0.015380859375,0.0011122103,0.0001,0.8089000582695007,25.243000030517578,0.2,-0.002193829612224363,11360,-104.95249177660793
272.0,728064,1904,45.0,1,0,-0.03260973161286529,180.6181563101709,0.0126953125,0.002181346,0.0001,0.7271403074264526,78.27108001708984,0.2,-0.0054124689086165745,11368,-103.8053082831204
270.5,728576,2253,45.0,1,0,-0.06309671839699149,84.34386915713549,0.02392578125,0.0056572706,0.0001,0.8454192876815796,10.600238800048828,0.2,-0.006253949002712034,11376,-104.78682055912913
242.0,729088,2715,45.0,1,0,-0.038744014855183195,102.61767961084843,0.0126953125,0.0024173325,0.0001,0.7902089655399323,15.96638011932373,0.2,-0.0038713996273145312,11384,-106.61820523306727
255.0,729600,2147,45.0,1,0,-0.01526602551086853,34.002027775975876,0.011962890625,0.018624347,0.0001,0.8861411958932877,3.178039312362671,0.2,0.0022965809439483564,11392,-106.57294211875647
277.5,730112,1943,45.0,1,0,-0.04208200228822534,88.36833066493273,0.018798828125,0.0022919225,0.0001,0.811213031411171,18.2806453704834,0.2,-0.0042023716850962956,11400,-106.51345999505371
284.5,730624,2164,45.0,1,0,-0.04533761937818781,88.17839213460684,0.0126953125,0.0029711623,0.0001,0.7961863726377487,5.871452331542969,0.2,-0.00294312368350802,11408,-107.99680606696755
295.0,731136,1904,45.0,1,0,-0.05163581197120948,99.49723847769201,0.041259765625,0.043050632,0.0001,0.8254149556159973,24.71306610107422,0.2,-0.015342554761446081,11416,-109.42644905593247
285.0,731648,2218,45.0,1,0,-0.0419059359592211,70.61934162303805,0.017333984375,0.0050190506,0.0001,0.740097165107727,7.954580307006836,0.2,-0.004541131907899398,11424,-108.82760204106569
303.0,732160,2003,45.0,1,0,-0.05173517189905397,55.144112614914775,0.0185546875,0.0035917643,0.0001,0.8701236844062805,11.856879234313965,0.2,-0.004589754891640041,11432,-108.29463735427707
280.0,732672,2067,45.0,1,0,-0.033445789023971884,128.9662780612707,0.016357421875,0.0020460053,0.0001,0.8134595453739166,7.853741645812988,0.2,-0.0032393507499364205,11440,-106.83716101057827
225.0,733184,2507,45.0,1,0,-0.050556701642562984,56.361048217862844,0.027099609375,0.008725794,0.0001,0.8867878168821335,8.712323188781738,0.2,-0.007606473405758152,11448,-104.07453644365073
271.5,733696,2301,45.0,1,0,-0.03090707840806317,21.2006782295648,0.02197265625,0.004544434,0.0001,0.8819863647222519,0.8954774141311646,0.2,-0.009360395419207634,11456,-102.11506457589567
244.5,734208,2193,45.0,1,0,-0.024691060247505447,26.02428030804731,0.016357421875,0.0044838595,0.0001,0.9017288908362389,2.307877540588379,0.2,-0.0065906850759347435,11464,-101.95681636095047
271.0,734720,2053,45.0,1,0,-0.03524712612761505,42.50320246536285,0.011474609375,0.0021693967,0.0001,0.9112740829586983,11.758191108703613,0.2,-0.004434059592313133,11472,-102.45947613239288
328.5,735232,1831,45.0,1,0,-0.036814320931171096,68.72029606997967,0.017578125,0.004887987,0.0001,0.8760414719581604,14.048070907592773,0.2,-0.004290561266316217,11480,-102.41183087274432
357.5,735744,2044,45.0,1,0,-0.052099377586273476,74.24452881515026,0.014892578125,0.002292706,0.0001,0.7627581804990768,19.649715423583984,0.2,-0.00480377821077127,11488,-102.35184806160629
369.0,736256,2142,45.0,1,0,-0.028732760359162057,30.38268143311143,0.0126953125,0.0021228131,0.0001,0.90183424949646,2.985694646835327,0.2,-0.0030797427316429093,11496,-101.87370180986822
400.0,736768,2169,45.0,1,0,-0.031294458274487624,72.76470866054296,0.015625,0.003744165,0.0001,0.8431479334831238,22.776443481445312,0.2,-0.0046559540314774495,11504,-99.95923456806689
396.5,737280,1999,45.0,1,0,-0.030157238791616692,29.506591240875423,0.011962890625,0.002863714,0.0001,0.8205213695764542,4.034321308135986,0.2,-0.0037542388017755,11512,-98.92417082205415
393.0,737792,2269,45.0,1,0,-0.08812869276152924,81.22245064377785,0.044677734375,0.020470407,0.0001,0.7817377299070358,15.356202125549316,0.2,-0.012623187070857966,11520,-98.50720036882907
319.5,738304,2681,45.0,1,0,-0.02347505227817237,30.63801179290749,0.017822265625,0.071120255,0.0001,0.8802289366722107,4.015897750854492,0.2,-0.00017364476661896333,11528,-99.14021492209285
234.5,738816,2510,45.0,1,0,-0.016559836548140083,48.60760591906728,0.019287109375,0.0018953483,0.0001,0.8624372780323029,82.7047119140625,0.2,-0.003932925290428102,11536,-99.16375266250223
192.0,739328,2093,45.0,1,0,-0.029570669087206625,37.86464415420778,0.01611328125,0.010943262,0.0001,0.9061978533864021,1.481521487236023,0.2,-0.005622419579594862,11544,-99.56427082464099
141.0,739840,1702,45.0,1,0,-0.02535785816507996,41.85263386555016,0.00634765625,0.0016822203,0.0001,0.7889878749847412,0.7518974542617798,0.2,-0.0012959426167071797,11552,-97.68986850567163
30.5,740352,2245,45.0,1,0,-0.04073327067271748,46.25472072977573,0.0166015625,0.0041123405,0.0001,0.883881963789463,1.6737451553344727,0.2,-0.0053937661068630405,11560,-100.12755542825907
-48.0,740864,2251,45.0,1,0,-0.039043255335855065,78.95273350924253,0.0166015625,0.0042246953,0.0001,0.8562910407781601,6.227652072906494,0.2,-0.004714961803983897,11568,-101.32699322931468
-71.0,741376,2256,45.0,1,0,-0.02345423803092217,56.27768921293318,0.008544921875,0.0020184934,0.0001,0.81055548787117,5.938472270965576,0.2,-0.0038748239048800315,11576,-101.77409614033996
-111.5,741888,2441,45.0,1,0,-0.02911020589067448,31.96256017871201,0.017333984375,0.0021413504,0.0001,0.8244373947381973,1.050905466079712,0.2,-0.0040892933757277206,11584,-102.88192585323006
-130.5,742400,2375,45.0,1,0,-0.028789861276436568,38.62100342195481,0.010986328125,0.001966373,0.0001,0.8748838901519775,21.8435115814209,0.2,-0.0015533814912487287,11592,-101.93739643275738
-89.5,742912,2455,45.0,1,0,-0.013202453089320443,9.652195879956707,0.010009765625,0.001678809,0.0001,0.8524836897850037,0.5729588866233826,0.2,-0.0034614493197295815,11600,-100.01920492116362
-77.5,743424,2249,45.0,1,0,-0.0179970492282564,65.3063094606623,0.00634765625,0.0012641561,0.0001,0.8248493820428848,3.588881731033325,0.2,-0.0019332556839799508,11608,-101.76620668463408
-69.5,743936,2446,45.0,1,0,-0.036490421950929885,67.9468417391181,0.0107421875,0.0004211174,0.0001,0.832771435379982,5.616292476654053,0.2,-0.0046741568730794825,11616,-101.64950896736235
23.0,744448,2149,45.0,1,0,-0.019654951552979583,53.4018869176507,0.011474609375,0.0066753775,0.0001,0.7448990941047668,16.188735961914062,0.2,-0.005415089392045047,11624,-103.08333993129432
133.5,744960,2011,45.0,1,0,-0.02231687169205543,71.3700925372541,0.006591796875,0.0026519713,0.0001,0.8570759892463684,4.061873435974121,0.2,-0.0019613622134784237,11632,-103.78441668558865
197.0,745472,2208,45.0,1,0,-0.03041887725385095,61.09544067829847,0.008544921875,0.0006854314,0.0001,0.8464905619621277,17.083337783813477,0.2,-0.0031711757910670713,11640,-104.87413602732121
170.0,745984,2240,45.0,1,0,-0.0427441451975028,88.71430417150259,0.01171875,0.0072823875,0.0001,0.8164152204990387,5.966991901397705,0.2,-0.0032891688897507265,11648,-109.23035753022879
163.0,746496,2748,45.0,1,0,-0.026332055549914912,56.76862229220569,0.01220703125,0.0013264593,0.0001,0.853876605629921,5.298757553100586,0.2,-0.0031578712223563343,11656,-111.3166607543081
165.5,747008,2645,45.0,1,0,-0.010503626026093116,23.820838847197592,0.006591796875,0.004550186,0.0001,0.9114708453416824,0.12215105444192886,0.2,-0.003496563371299999,11664,-111.76778707630932
157.5,747520,2333,45.0,1,0,-0.007491317679296117,12.77741051070916,0.003173828125,0.00060343544,0.0001,0.8319207578897476,0.5659790635108948,0.2,-0.0011764069822675083,11672,-113.06190731730312
145.0,748032,1790,45.0,1,0,-0.02206078758320018,55.18489952199161,0.0244140625,0.049891196,0.0001,0.8507799506187439,0.8957855701446533,0.2,-0.002531690317482571,11680,-111.2754634398967
123.0,748544,2326,45.0,1,0,-0.012906368110293442,28.522576342569664,0.0048828125,0.0008210419,0.0001,0.8623426705598831,4.519497394561768,0.2,-0.0018445024124957854,11688,-110.416889943704
70.0,749056,2504,45.0,1,0,-0.02477448356955847,56.49143408611417,0.013671875,0.0030198675,0.0001,0.8704948425292969,29.406959533691406,0.2,-0.003969316074289964,11696,-109.5890218271315
31.0,749568,2003,45.0,1,0,-0.01672499167773367,44.5469659473747,0.009521484375,0.0009832123,0.0001,0.8684760630130768,16.72323226928711,0.2,-0.003314706687888247,11704,-106.66619596645236
-10.0,750080,2544,45.0,1,0,-0.014421776413428233,55.93364408239722,0.008544921875,0.00975111,0.0001,0.8502793610095978,8.093894004821777,0.2,-0.002880791589632281,11712,-105.66976398713886
1.0,750592,2410,45.0,1,0,-0.029103570258712352,66.8868352342397,0.020751953125,0.0044940216,0.0001,0.8382831066846848,7.566652774810791,0.2,-0.006513391075714026,11720,-105.94875619001687
5.0,751104,2502,45.0,1,0,-0.01828349117522521,32.3156599001959,0.007080078125,0.0013138654,0.0001,0.9183801636099815,2.693784713745117,0.2,-0.002884485818867688,11728,-107.3387737505883
5.0,751616,2697,45.0,1,0,-0.0071676599472993985,29.182967598666437,0.005126953125,0.0046154708,0.0001,0.9136194437742233,13.028257369995117,0.2,-0.0036074752497370355,11736,-108.70460606642068
17.5,752128,2360,45.0,1,0,-0.0064851452508492,10.247446994995698,0.003173828125,0.006010436,0.0001,0.887584887444973,1.726378083229065,0.2,-0.0014765517553314567,11744,-110.0188804916665
-2.0,752640,2260,45.0,1,0,-0.013907382230513576,50.32302347011864,0.009765625,0.006284433,0.0001,0.870856523513794,2.0331621170043945,0.2,-0.0007855696258047828,11752,-110.71136030364782
23.5,753152,2411,45.0,1,0,-0.01434703556446948,32.316391905769706,0.0107421875,0.007008659,0.0001,0.9077032953500748,0.3355766236782074,0.2,-0.005523012074263534,11760,-111.51038533836604
25.5,753664,2396,45.0,1,0,-0.018931164256287047,28.715761207044125,0.015380859375,0.0054010823,0.0001,0.8762082308530807,13.86584758758545,0.2,-0.005880664164578775,11768,-113.35704271532595
47.0,754176,2073,45.0,1,0,-0.013334612134826784,25.20932055171579,0.01171875,0.0040133814,0.0001,0.8913437575101852,2.1187949180603027,0.2,-0.002287707433424657,11776,-113.20185772020369
47.0,754688,2599,45.0,1,0,-0.012445966700283861,55.19018244370818,0.0068359375,0.0015472954,0.0001,0.8239648044109344,4.114989280700684,0.2,-0.0026672587500797817,11784,-113.09531155902893
7.0,755200,2339,45.0,1,0,-0.010392732068908117,73.40835301275365,0.00439453125,0.0011417173,0.0001,0.8199878931045532,27.553247451782227,0.2,-0.003163703513564542,11792,-113.20206803299487
28.0,755712,2483,45.0,1,0,-0.01557175958737389,37.34938125219196,0.011962890625,0.0050939526,0.0001,0.8983942717313766,0.6295837163925171,0.2,-0.006137334476079559,11800,-112.56891771547497
21.0,756224,2614,45.0,1,0,-0.009690338821314981,25.315581497969106,0.0078125,0.0039341846,0.0001,0.8549473881721497,1.0289419889450073,0.2,-0.003787632453168044,11808,-111.37878220122307
52.5,756736,2472,45.0,1,0,-0.006519428885439993,62.226459201425314,0.006103515625,0.0011800275,0.0001,0.8794420585036278,13.273981094360352,0.2,-0.0029546813193519483,11816,-112.0526403708756
23.5,757248,2572,45.0,1,0,-0.009898377676449854,44.85353649430908,0.01171875,0.03003062,0.0001,0.7895024716854095,7.519113063812256,0.2,-0.0031195687733998057,11824,-110.79632528603076
-7.5,757760,2333,45.0,1,0,-0.00893727581683379,22.945639708195813,0.005859375,0.008176407,0.0001,0.8809886127710342,1.081467628479004,0.2,-0.0034599421519487805,11832,-109.69628384545446
9.5,758272,2337,45.0,1,0,-0.016198428220377536,61.46009216085076,0.01123046875,0.0047610304,0.0001,0.8086526095867157,2.354433298110962,0.2,-0.0044928564747124256,11840,-109.46565381836146
28.0,758784,2202,45.0,1,0,-0.014874816456767803,31.935994060710073,0.009521484375,0.0013808672,0.0001,0.8171215653419495,5.41170597076416,0.2,-0.004362136060080957,11848,-109.08607955362648
28.0,759296,2472,45.0,1,0,-0.01375267616151632,33.51016843505204,0.008544921875,0.002490472,0.0001,0.8687613904476166,2.550985813140869,0.2,-0.004458367628103588,11856,-107.6081566914171
70.0,759808,2488,45.0,1,0,-0.011963983315013138,60.371570739895105,0.009521484375,0.0051208744,0.0001,0.7989353239536285,8.264460563659668,0.2,-0.004165491995081538,11864,-106.17594234667719
95.0,760320,2321,45.0,1,0,-0.013157069068029159,68.3141696806997,0.00537109375,0.0027778374,0.0001,0.8253658264875412,8.086711883544922,0.2,-0.003666077238449361,11872,-106.87041638113558
95.0,760832,2425,45.0,1,0,-0.011662539103667768,41.82459785277024,0.007568359375,0.002374515,0.0001,0.7360475361347198,1.776908040046692,0.2,-0.003511929502565181,11880,-107.07248914066702
72.0,761344,2378,45.0,1,0,-0.010707748579420695,93.88302308227867,0.00927734375,0.0053715343,0.0001,0.857970267534256,1.7336851358413696,0.2,-0.004525091842879192,11888,-108.88088799763472
79.0,761856,2380,45.0,1,0,-0.01562204479932916,45.94210772588849,0.009765625,0.0020585756,0.0001,0.9223264157772064,3.037447452545166,0.2,-0.002979630029585678,11896,-112.10048359010369
55.5,762368,1589,45.0,1,0,-0.020215729069491317,21.497290509054437,0.01513671875,0.0021874302,0.0001,0.9213402420282364,1.6161538362503052,0.2,-0.0030511616314470302,11904,-113.26859323296696
106.5,762880,1919,45.0,1,0,-0.013737750566292561,30.498010060284287,0.008056640625,0.0022921953,0.0001,0.8756115511059761,2.571089506149292,0.2,-0.0032145264485734515,11912,-113.09939167354256
106.5,763392,2263,45.0,1,0,-0.013323418506729467,40.23976481705904,0.010498046875,0.0024067834,0.0001,0.8267893195152283,6.57351541519165,0.2,-0.0041436927604081575,11920,-113.39415567811578
106.5,763904,2279,45.0,1,0,-0.01934113556524153,54.86537244776264,0.00927734375,0.006607743,0.0001,0.8875731751322746,1.943685531616211,0.2,-0.0034256390572409146,11928,-114.2575716021657
80.0,764416,2643,45.0,1,0,-0.015036668145739895,25.40626216866076,0.01025390625,0.0045823054,0.0001,0.8827212676405907,5.042169570922852,0.2,-0.0039018795505398884,11936,-114.54111589223146
89.0,764928,2639,45.0,1,0,-0.01624912643899279,18.066874336334877,0.01123046875,0.017980486,0.0001,0.9297828376293182,1.9225317239761353,0.2,-0.0038263847072812496,11944,-114.02309872567653
87.5,765440,2395,45.0,1,0,-0.008451868180259225,15.008707761298865,0.007568359375,0.0048840446,0.0001,0.8931461796164513,0.41953521966934204,0.2,-0.0014596648688893765,11952,-113.9783523081243
103.0,765952,1727,45.0,1,0,-0.01554460375882627,36.904663916444406,0.009521484375,0.006118945,0.0001,0.9035017192363739,1.2098873853683472,0.2,-0.007542672640283854,11960,-111.38300817683339
147.0,766464,2267,45.0,1,0,-0.02877209748896803,39.362584579735994,0.026123046875,0.0019449301,0.0001,0.8931363970041275,6.5978312492370605,0.2,-0.007004143204540014,11968,-109.10633096367121
176.0,766976,2078,45.0,1,0,-0.024891210919122386,65.45926066860557,0.009521484375,0.0014763176,0.0001,0.8043589890003204,1.5601986646652222,0.2,-0.00170593238544825,11976,-108.69408783111722
115.0,767488,2150,45.0,1,0,-0.028996277840064977,49.3421650249511,0.016357421875,0.0027928578,0.0001,0.8687065988779068,17.25372886657715,0.2,-0.004570379973301897,11984,-108.03463684897869
124.5,768000,1402,45.0,1,0,-0.028694005782881504,32.21692097745836,0.015869140625,0.016138619,0.0001,0.8891828954219818,7.784370422363281,0.2,-0.005881418952412787,11992,-108.36356169756502
114.0,768512,2346,45.0,1,0,-0.026004274893125512,54.762113589793444,0.00927734375,0.0014014746,0.0001,0.836328774690628,17.100053787231445,0.2,-0.003154985715809744,12000,-107.8255338570103
114.0,769024,2673,45.0,1,0,-0.02424717649660124,116.77993408963084,0.01416015625,0.0010384942,0.0001,0.735233336687088,18.08401870727539,0.2,-0.0037223072567940108,12008,-107.83947782952339
109.5,769536,1850,45.0,1,0,-0.01795388707807888,16.95141205424443,0.01513671875,0.002602558,0.0001,0.9303396642208099,2.138068675994873,0.2,-0.0034924417677757447,12016,-107.18154879305511
92.0,770048,2434,45.0,1,0,-0.01585081019845802,8.20343919203151,0.012939453125,0.003448935,0.0001,0.9129594340920448,0.44589459896087646,0.2,-0.0020430884032975882,12024,-106.70823954824358
41.0,770560,2408,45.0,1,0,-0.023650291167086834,44.91648920858279,0.012451171875,0.0053385776,0.0001,0.8758031651377678,7.471378803253174,0.2,-0.0024776389018370537,12032,-105.95963319536298
38.0,771072,1933,45.0,1,0,-0.03619026245871737,42.47783262701705,0.02490234375,0.005439367,0.0001,0.8161792755126953,7.218555927276611,0.2,-0.006608907006011577,12040,-105.12644804745912
51.5,771584,1996,45.0,1,0,-0.0471718044973386,72.84272972121835,0.013427734375,0.0031024911,0.0001,0.7421500086784363,8.47010326385498,0.2,-0.005302580684656277,12048,-105.63440386928617
92.5,772096,2249,45.0,1,0,-0.03355800858332714,76.4207224175334,0.008544921875,0.0005832382,0.0001,0.8100994676351547,9.210579872131348,0.2,-0.0018951668580484693,12056,-104.63864385236054
185.5,772608,1874,45.0,1,0,-0.025290161578141124,28.14163990970701,0.011962890625,0.002404802,0.0001,0.8933022543787956,5.813225269317627,0.2,-0.003957201442972291,12064,-105.20790891792625
192.0,773120,2275,45.0,1,0,-0.030391797145966848,116.44534053653479,0.026611328125,0.0055575725,0.0001,0.7807042747735977,5.439737319946289,0.2,-0.0021394428295025136,12072,-107.12173010695726
268.5,773632,1365,45.0,1,0,-0.02773952737675245,55.551270741038024,0.003662109375,0.00038683147,0.0001,0.8955592140555382,4.956048965454102,0.2,-0.00040599699423182756,12080,-109.36248544517905
289.0,774144,2416,45.0,1,0,-0.026147887419483595,46.19585267081857,0.013916015625,0.008138359,0.0001,0.8622062057256699,4.246537685394287,0.2,-0.002453487875754945,12088,-111.32191786061972
287.5,774656,2516,45.0,1,0,-0.03155366143619176,39.10369911370799,0.015625,0.020608174,0.0001,0.8880103453993797,9.903223991394043,0.2,0.002383298247877974,12096,-114.72590021055191
298.5,775168,2381,45.0,1,0,-0.014583453382101652,66.09663852117956,0.00830078125,0.0020965813,0.0001,0.8584533780813217,14.712841033935547,0.2,0.0018983949776156805,12104,-115.73540834009647
250.0,775680,2287,45.0,1,0,-0.033889278861124694,46.64423586148769,0.0185546875,0.0035648295,0.0001,0.8421169370412827,5.235404968261719,0.2,-0.005512909676326672,12112,-115.42516090795398
239.0,776192,2291,45.0,1,0,-0.03297109123673181,76.92372239753604,0.00537109375,0.003257473,0.0001,0.7773872166872025,7.7664008140563965,0.2,-0.001200328377308324,12120,-114.8315308008343
163.0,776704,2079,45.0,1,0,-0.03711320838556276,50.51397924683988,0.02392578125,0.015952833,0.0001,0.8392429947853088,10.333721160888672,0.2,-0.008488616702379659,12128,-114.46996401593088
100.5,777216,2249,45.0,1,0,-0.028008033168134716,81.73787294328213,0.015869140625,0.0042535122,0.0001,0.8060857355594635,3.4242377281188965,0.2,-0.006166990198835265,12136,-111.66908032607287
102.0,777728,2331,45.0,1,0,-0.029595422390002568,53.28513989970088,0.0126953125,0.0062405737,0.0001,0.8428240418434143,8.182223320007324,0.2,-0.00342273767455481,12144,-108.24645349115133
57.0,778240,2628,45.0,1,0,-0.021713784019311788,89.71844754368067,0.013916015625,0.10952641,0.0001,0.796766608953476,5.456744194030762,0.2,-0.00772901990058017,12152,-106.37177628606558
86.0,778752,2215,45.0,1,0,-0.017867062889081353,38.472537786874454,0.008544921875,0.0018057901,0.0001,0.8836249336600304,13.152812004089355,0.2,-0.003196686275259708,12160,-104.27540779843926
138.0,779264,2290,45.0,1,0,-0.02158921386262591,47.59855341911316,0.00634765625,0.008847981,0.0001,0.8614580780267715,11.422152519226074,0.2,-0.0031038852630445035,12168,-102.47753401950001
131.5,779776,2203,45.0,1,0,-0.02372112887633193,62.14412640593946,0.01123046875,0.0026489883,0.0001,0.838253989815712,14.526056289672852,0.2,-0.008256825800344814,12176,-102.80960577461869
181.0,780288,2136,45.0,1,0,-0.035159634945330254,58.526534497737885,0.016845703125,0.004239023,0.0001,0.8461452126502991,4.197436332702637,0.2,-0.0061041669541737065,12184,-104.65327103294432
236.5,780800,2215,45.0,1,0,-0.027789263011754883,43.81932141631842,0.0078125,0.0016288618,0.0001,0.8819703683257103,2.233518123626709,0.2,-0.0031004591146484017,12192,-105.45436902906745
211.0,781312,1712,45.0,1,0,-0.021130215808625508,29.855826552025974,0.01171875,0.0010365457,0.0001,0.8828789442777634,6.564003944396973,0.2,-0.0029791643464704975,12200,-106.3194941257313
159.5,781824,2479,45.0,1,0,-0.035789904212606416,34.032260466367006,0.011962890625,0.0044027553,0.0001,0.8474732041358948,4.091501712799072,0.2,-0.003933416042855242,12208,-105.82033217847348
168.0,782336,1780,45.0,1,0,-0.03064248095961375,42.319063316099346,0.021484375,0.015798869,0.0001,0.8505453616380692,0.8054668307304382,0.2,-0.00780815074176644,12216,-106.18886322073638
170.0,782848,2368,45.0,1,0,-0.04520883247096208,86.64784161001444,0.00439453125,0.0010702453,0.0001,0.486518919467926,15.660840034484863,0.2,-0.0027802286349469796,12224,-102.11104673966766
147.5,783360,2083,45.0,1,0,-0.019567171729477195,28.88250764971599,0.01220703125,0.011064115,0.0001,0.7711041271686554,0.33149006962776184,0.2,-0.0011837323290819768,12232,-101.52429204765707
134.5,783872,2233,45.0,1,0,-0.022579277325689873,74.26157312933356,0.0087890625,0.0023134893,0.0001,0.7739448100328445,6.5036845207214355,0.2,-0.0028547094771056436,12240,-102.33417785804718
229.0,784384,2309,45.0,1,0,-0.04897142605841509,101.03837206959724,0.025634765625,0.016144685,0.0001,0.8157701045274734,17.632404327392578,0.2,-0.009439572939299978,12248,-104.45461764603853
200.5,784896,2137,45.0,1,0,-0.018966775624903676,56.89183774031699,0.007080078125,0.0059131687,0.0001,0.8822918310761452,6.854074478149414,0.2,-0.0034707015547610354,12256,-107.81741687308997
177.0,785408,2108,45.0,1,0,-0.02994825276755364,48.80829089693725,0.01123046875,0.0015060656,0.0001,0.9051194489002228,3.639176607131958,0.2,-0.002723544664149813,12264,-109.7767510715872
241.0,785920,2312,45.0,1,0,-0.01822106222095954,46.46797344647348,0.011474609375,0.0051972056,0.0001,0.7816070169210434,3.4166982173919678,0.2,-0.004273497543181293,12272,-110.06788238741457
337.5,786432,1977,45.0,1,0,-0.022612511092120258,27.7739032600075,0.007568359375,0.0018206119,0.0001,0.8921044543385506,1.6942095756530762,0.2,-0.0032267483074974734,12280,-110.911692471914
315.5,786944,2447,45.0,1,0,-0.05075583393772831,71.31342495977879,0.03662109375,0.005244651,0.0001,0.8199917525053024,31.177169799804688,0.2,-0.00882708709104918,12288,-109.84101521726697
315.5,787456,2515,45.0,1,0,-0.020392467254623625,33.958170586731285,0.018310546875,0.0038367226,0.0001,0.8116258531808853,3.0023772716522217,0.2,-0.001273990907066036,12296,-111.61867448862643
263.0,787968,2547,45.0,1,0,-0.014593198262787155,19.283172997063957,0.00439453125,0.004247998,0.0001,0.6718575358390808,0.32661983370780945,0.2,-0.0005351574436645024,12304,-108.95647877093404
291.0,788480,1626,45.0,1,0,-0.01964612918891362,20.91327598085627,0.009521484375,0.0011255322,0.0001,0.8535718768835068,1.157796859741211,0.2,-0.0032763875751697924,12312,-104.56071879655123
272.0,788992,2030,45.0,1,0,-0.021935507576245072,35.97575400304049,0.008544921875,0.0030426024,0.0001,0.8627714961767197,1.928038239479065,0.2,-0.004388535460748244,12320,-100.37214413262903
294.0,789504,2176,45.0,1,0,-0.026202930140243552,33.20380028896034,0.01416015625,0.010870889,0.0001,0.8396604210138321,4.003523826599121,0.2,-0.006767962649973924,12328,-96.24509685400874
272.5,790016,2056,45.0,1,0,-0.023205371828680654,39.860724698752165,0.007568359375,0.0013084953,0.0001,0.9104022681713104,5.008678436279297,0.2,0.0005792339288746007,12336,-96.6685022163391
292.0,790528,2057,45.0,1,0,-0.040447136308557674,76.96706093475223,0.02490234375,0.003908707,0.0001,0.8777001798152924,9.549220085144043,0.2,-0.006162274101370713,12344,-102.31084237974137
247.5,791040,2205,45.0,1,0,-0.029212583861408348,209.61106665432453,0.005126953125,0.0007351042,0.0001,0.8282864987850189,82.34561157226562,0.2,-0.0031829651234147605,12352,-107.27932821977883
271.5,791552,1736,45.0,1,0,-0.03439741122383566,47.23467190004885,0.013916015625,0.002689192,0.0001,0.891734391450882,7.486007213592529,0.2,-0.004917212587315589,12360,-111.03720022432506
243.0,792064,2711,45.0,1,0,-0.022422120963483394,63.692137802019715,0.00634765625,0.0009990473,0.0001,0.6906982660293579,5.065298557281494,0.2,-0.001915930573886726,12368,-112.90814593087882
250.5,792576,2260,45.0,1,0,-0.01328378571668054,12.2956983071781,0.00927734375,0.0019094469,0.0001,0.8760465234518051,0.4565512239933014,0.2,-0.003935483560780995,12376,-114.49414049632847
225.0,793088,2102,45.0,1,0,-0.017867873688828695,68.47660162299871,0.0068359375,0.0022666235,0.0001,0.8034111261367798,6.105151653289795,0.2,-0.0016440941210476012,12384,-116.85547002408653
200.5,793600,2174,45.0,1,0,-0.037130624397832435,64.86304627358913,0.00927734375,0.0043488555,0.0001,0.6296052038669586,6.045236587524414,0.2,-0.001645537224248983,12392,-115.77911216501147
157.0,794112,2098,45.0,1,0,-0.03848660854600894,50.520613472908735,0.018310546875,0.0041705365,0.0001,0.8418135344982147,12.117171287536621,0.2,-0.0020992244863009546,12400,-113.07255014438182
166.0,794624,2152,45.0,1,0,-0.03248708474529849,91.3834482356906,0.00634765625,0.0021381592,0.0001,0.732706755399704,9.472591400146484,0.2,-0.0022408042050301447,12408,-111.2585976286605
171.5,795136,1603,45.0,1,0,-0.0378500112619804,85.79289874248207,0.013671875,0.0063989274,0.0001,0.8372690081596375,16.740116119384766,0.2,-0.0032700235897209495,12416,-110.16469141405076
194.0,795648,1990,45.0,1,0,-0.030583188072341727,202.93981505930424,0.01025390625,0.0036494355,0.0001,0.7563231736421585,73.71070861816406,0.2,-0.002820305082423147,12424,-110.31382248416543
194.5,796160,2247,45.0,1,0,-0.04517357728400384,76.29521252214909,0.014892578125,0.0068626762,0.0001,0.8933757171034813,8.967084884643555,0.2,-0.004274623501260066,12432,-112.95812277473509
232.0,796672,2420,45.0,1,0,-0.023088388771157042,46.385016506304964,0.01708984375,0.0066363253,0.0001,0.8685104250907898,0.6451820135116577,0.2,-0.00762785972256097,12440,-115.73846199255436
245.0,797184,2376,45.0,1,0,-0.020929676159880728,45.987418967764825,0.0185546875,0.0037711498,0.0001,0.8913092315196991,2.1666815280914307,0.2,-0.007631646640220424,12448,-116.49403705399483
241.5,797696,2156,45.0,1,0,-0.01966133257178626,48.83565371669829,0.00732421875,0.0032987203,0.0001,0.784766435623169,4.137887954711914,0.2,-0.0020541259418678237,12456,-115.53080056671052
305.5,798208,2060,45.0,1,0,-0.033458041256380966,74.25335333868861,0.01171875,0.0014888719,0.0001,0.711058497428894,1.2013674974441528,0.2,-0.0031112652286537923,12464,-116.41354806702584
313.0,798720,1984,45.0,1,0,-0.03058646573117585,53.7191511914134,0.02197265625,0.0036274688,0.0001,0.7159730195999146,17.771169662475586,0.2,-0.005249240155535517,12472,-114.53257131349295
353.0,799232,1937,45.0,1,0,-0.034991331420314964,72.21955967694521,0.017333984375,0.0034133056,0.0001,0.8217263221740723,13.780593872070312,0.2,-0.005169061492779292,12480,-112.43367128219455
342.0,799744,2262,45.0,1,0,-0.04874968821241055,115.61253999173641,0.01611328125,0.0034712232,0.0001,0.8088870346546173,20.06178855895996,0.2,-0.005282024430925958,12488,-110.38840992733836
370.0,800256,2126,45.0,1,0,-0.03729797865594264,135.46982933580875,0.0185546875,0.006926258,0.0001,0.7611462771892548,29.168285369873047,0.2,-0.007935031764645828,12496,-108.92408220995218
328.5,800768,2463,45.0,1,0,-0.04665648797163158,121.51437793672085,0.014892578125,0.002883115,0.0001,0.7849797159433365,27.929428100585938,0.2,-0.004364111417089589,12504,-104.04763732101769
332.5,801280,1662,45.0,1,0,-0.032148082450248694,39.41830667760223,0.029052734375,0.009338636,0.0001,0.8743134886026382,4.73712682723999,0.2,-0.01757568702669232,12512,-103.85638550803066
321.0,801792,2458,45.0,1,0,-0.018946283808645603,30.983466717414558,0.01416015625,0.0081553105,0.0001,0.9000504091382027,2.6395933628082275,0.2,-0.005113153296406381,12520,-103.88874983869493
305.5,802304,2507,45.0,1,0,-0.03807745544554564,34.579978397581726,0.03515625,0.033565886,0.0001,0.7917598634958267,0.44951051473617554,0.2,-0.013887673578210524,12528,-103.57767632298172
252.5,802816,2111,45.0,1,0,-0.016741425385589537,23.10002592764795,0.0048828125,0.00066831615,0.0001,0.8777887597680092,6.180812835693359,0.2,-0.003830472962363274,12536,-104.51073459718377
166.0,803328,2185,45.0,1,0,-0.03187977718084767,82.87811583280563,0.013671875,0.0048628096,0.0001,0.7833343595266342,8.101369857788086,0.2,-0.004499957289226586,12544,-105.02514961283654
91.5,803840,2466,45.0,1,0,-0.018113648095322787,49.722382000647485,0.005126953125,0.00056508195,0.0001,0.7734912931919098,3.5273778438568115,0.2,-0.0018980142085638363,12552,-103.4230362502113
4.5,804352,2257,45.0,1,0,-0.02372255240334198,81.63653814792633,0.012451171875,0.001997011,0.0001,0.8233151137828827,15.681403160095215,0.2,-0.003974172592279501,12560,-102.62130293555558
-8.5,804864,2720,45.0,1,0,-0.019988667050938602,104.99449396878481,0.0126953125,0.009117173,0.0001,0.8070037961006165,46.86248016357422,0.2,-0.005213253272813745,12568,-99.99223138920962
-12.0,805376,2814,45.0,1,0,-0.015649947357587735,45.35481972526759,0.009521484375,0.0028395425,0.0001,0.8430065810680389,3.4444243907928467,0.2,-0.004594580519551528,12576,-100.16886149413884
-26.5,805888,2422,45.0,1,0,-0.008204421180153076,16.810401826631278,0.005126953125,0.0013918498,0.0001,0.7207902073860168,1.6308262348175049,0.2,-0.0023637207195861265,12584,-99.8070500382036
8.5,806400,2210,45.0,1,0,-0.013005999045731187,49.63648745510727,0.00927734375,0.0068790256,0.0001,0.856003999710083,3.638883590698242,0.2,-0.0041817352175712585,12592,-102.10730163153261
-7.0,806912,2544,45.0,1,0,-0.020160961789542853,46.12665421888232,0.011962890625,0.0029299632,0.0001,0.896589532494545,4.539222717285156,0.2,-0.003350756935105892,12600,-104.24279426094145
21.0,807424,2217,45.0,1,0,-0.0164126668555582,23.692714045755565,0.013916015625,0.008408328,0.0001,0.8242333829402924,0.8483564257621765,0.2,-0.005070534796686843,12608,-106.15638497032225
60.0,807936,2199,45.0,1,0,-0.020407235923698863,36.07886543124914,0.022216796875,0.004066575,0.0001,0.8987749144434929,6.6617631912231445,0.2,-0.0031222476536640897,12616,-108.7498312049359
61.0,808448,2682,45.0,1,0,-0.019058641755123062,42.95538195222616,0.01123046875,0.011899019,0.0001,0.8911293521523476,7.775692462921143,0.2,-0.004602090612934262,12624,-113.42429045364261
117.0,808960,2067,45.0,1,0,-0.019627942554052424,64.58314351737499,0.01025390625,0.0045587975,0.0001,0.9119423627853394,20.7729549407959,0.2,-0.0038564662681892514,12632,-115.23858751885592
148.0,809472,2383,45.0,1,0,-0.02781946278491887,95.30074340850115,0.01513671875,0.0021415357,0.0001,0.7923770099878311,14.944722175598145,0.2,-0.004163798606896307,12640,-115.6353655923903
148.0,809984,2795,45.0,1,0,-0.02077492702028394,26.637115384452045,0.012451171875,0.003188049,0.0001,0.7527766823768616,2.324279308319092,0.2,-0.0037794473610119894,12648,-114.55157225839794
148.5,810496,2502,45.0,1,0,-0.008746017387466054,6.905602616301621,0.007080078125,0.0023080315,0.0001,0.8634961247444153,0.47878265380859375,0.2,-0.0017415742186130956,12656,-113.77861964426934
142.5,811008,1821,45.0,1,0,-0.013242502083016916,71.39325043745339,0.018310546875,0.038714375,0.0001,0.8306994885206223,3.4019148349761963,0.2,0.03328084121676511,12664,-112.26306675706059
128.5,811520,2350,45.0,1,0,-0.019079856053053845,60.40076737292111,0.01806640625,0.010755989,0.0001,0.8294389247894287,3.936013698577881,0.2,-0.0031954731202858966,12672,-110.98484407275915
66.5,812032,2512,45.0,1,0,-0.022169188699990627,32.31536716083065,0.01171875,0.002961232,0.0001,0.8704709261655807,4.233179569244385,0.2,-0.006158958338346565,12680,-110.86941213503479
96.0,812544,1923,45.0,1,0,-0.02370482553533293,56.522348349913955,0.009765625,0.0024253987,0.0001,0.8780836910009384,16.975854873657227,0.2,-0.002913588992669247,12688,-109.39657365970314
98.5,813056,2415,45.0,1,0,-0.026727789555252457,80.96364307776093,0.00927734375,0.0013206841,0.0001,0.8721075803041458,24.15784454345703,0.2,-0.002448967901727883,12696,-108.64352745808661
84.0,813568,2404,45.0,1,0,-0.024454835290043775,73.8407724276185,0.010498046875,0.0031213663,0.0001,0.8635563850402832,21.164690017700195,0.2,-0.004125078072320321,12704,-107.55187533359975
58.0,814080,2343,45.0,1,0,-0.039118663873523474,44.51201863400638,0.025634765625,0.010360848,0.0001,0.9024309664964676,4.789094924926758,0.2,-0.005158159176062327,12712,-107.43019077114761
26.0,814592,2990,45.0,1,0,-0.019699128565093815,32.22512778406963,0.010009765625,0.003776302,0.0001,0.8115284889936447,2.4030649662017822,0.2,-0.0034868524853663985,12720,-108.67319196864963
25.5,815104,2562,45.0,1,0,-0.007766135009205755,4.080542420575512,0.005859375,0.0032773474,0.0001,0.9358188807964325,0.18851067125797272,0.2,-0.0042009646276710555,12728,-108.77734165385365
4.5,815616,2409,45.0,1,0,-0.01718044085225756,21.568970356864156,0.0126953125,0.003261912,0.0001,0.9253798052668571,0.8087899088859558,0.2,-0.002830068395269336,12736,-108.20748003214598
-37.0,816128,2312,45.0,1,0,-0.026097894322447246,38.57589227473363,0.015625,0.038470916,0.0001,0.8673133254051208,2.2800540924072266,0.2,-0.003869861221573956,12744,-108.61313049014657
-3.0,816640,2393,45.0,1,0,-0.04045904578538284,65.23647040501237,0.0166015625,0.0034026357,0.0001,0.8414037525653839,23.6223087310791,0.2,-0.005557986711210106,12752,-107.21598787073046
-45.0,817152,2202,45.0,1,0,-0.03237212337035089,41.6044258531183,0.015625,0.0038148838,0.0001,0.8999878019094467,1.5667778253555298,0.2,-0.0030931914244547443,12760,-109.2058018161729
-110.5,817664,2513,45.0,1,0,-0.03459819799422803,51.6767733246088,0.010498046875,0.0016389756,0.0001,0.9136843606829643,11.01580810546875,0.2,-0.0022972640035732184,12768,-110.34353270992636
-67.5,818176,2225,45.0,1,0,-0.02408043901647261,16.755857734009624,0.012451171875,0.0011373182,0.0001,0.9563729204237461,0.30428069829940796,0.2,-0.003596783049943042,12776,-111.35694643635303
-66.0,818688,1959,45.0,1,0,-0.03023982565582628,33.355959786102176,0.008544921875,0.0007850996,0.0001,0.9337268173694611,4.148423194885254,0.2,-0.0022653652231383603,12784,-114.09841799598188
-66.0,819200,2870,45.0,1,0,-0.017648742853680233,10.975504126225132,0.01025390625,0.0035387087,0.0001,0.919142097234726,0.3433088958263397,0.2,-0.0018949181685457006,12792,-115.44322804551571
-26.0,819712,2369,45.0,1,0,-0.010644493016229717,6.394110694505798,0.012451171875,0.03339161,0.0001,0.9491214863955975,0.0355709008872509,0.2,-0.003880952481267741,12800,-116.37029674705119
-3.5,820224,2187,45.0,1,0,-0.018134358923703076,28.01393668120727,0.00927734375,0.007861197,0.0001,0.8953288719058037,1.0191235542297363,0.2,-0.0027695173848769628,12808,-117.15056295592338
77.0,820736,2176,45.0,1,0,-0.026851030889019967,28.23361911671236,0.01123046875,0.0014713679,0.0001,0.7821344584226608,2.3399384021759033,0.2,-0.00319922646303894,12816,-115.34650723014028
107.0,821248,2117,45.0,1,0,-0.0422433358608032,93.18964283913374,0.021484375,0.005588537,0.0001,0.8020432740449905,43.417320251464844,0.2,-0.004390252379380399,12824,-115.06080835778266
80.5,821760,2213,45.0,1,0,-0.02557176791742677,92.55307947844267,0.012451171875,0.0046698144,0.0001,0.8366252481937408,4.8290300369262695,0.2,-0.004624612869520206,12832,-115.03821881305426
127.5,822272,2057,45.0,1,0,-0.03177991090933574,51.36370097473264,0.0166015625,0.0069383164,0.0001,0.9044289812445641,11.216592788696289,0.2,-0.005959537741546228,12840,-115.4286523231864
77.5,822784,2415,45.0,1,0,-0.043539746115129674,158.42634445428848,0.007080078125,0.001753071,0.0001,0.6616106331348419,36.155757904052734,0.2,-0.0025049267351278104,12848,-113.45178483255208
77.5,823296,2769,45.0,1,0,-0.032235747766321765,19.135579878930002,0.016357421875,0.011821132,0.0001,0.9231334626674652,0.7366194725036621,0.2,-0.006929348317498807,12856,-111.56520647469908
61.5,823808,2541,45.0,1,0,-0.018452464713732297,22.355588606500532,0.010009765625,0.0062344507,0.0001,0.87794429063797,0.08971413224935532,0.2,-0.0023976404418135644,12864,-113.12056820679456
43.0,824320,2270,45.0,1,0,-0.022197682557703047,61.76007848465815,0.011474609375,0.0024399296,0.0001,0.8597878068685532,9.411396026611328,0.2,-0.002393843668869522,12872,-114.49278464611619
-21.5,824832,2504,45.0,1,0,-0.03066905079413118,78.54111018776894,0.007568359375,0.0011693316,0.0001,0.8425428420305252,7.502358436584473,0.2,-0.0018434734429320088,12880,-116.06473250646144
21.0,825344,2189,45.0,1,0,-0.028551689014761905,43.19051257614046,0.014892578125,0.07044439,0.0001,0.8785784617066383,8.318119049072266,0.2,-0.005830748501466587,12888,-118.44789914306253
-44.5,825856,2382,45.0,1,0,-0.01826735082408959,39.7757451760117,0.01220703125,0.013091684,0.0001,0.9001170173287392,1.7693296670913696,0.2,-0.003967104905314045,12896,-119.30182313900441
-57.5,826368,2571,45.0,1,0,-0.019338933781227752,52.98183263489045,0.01171875,0.0022485484,0.0001,0.8729228079319,5.045929908752441,0.2,-0.005759543375461362,12904,-118.02692814882845
-60.0,826880,2269,45.0,1,0,-0.018572756846310767,27.218530835642014,0.007568359375,0.0012940292,0.0001,0.9410006441175938,1.079054832458496,0.2,-0.0025954082375392318,12912,-116.78205338452011
-59.5,827392,1866,45.0,1,0,-0.03649763118096416,59.13383337110281,0.009765625,0.001204053,0.0001,0.8929047733545303,6.723552227020264,0.2,-0.0032979704647004837,12920,-117.56494362931699
-59.5,827904,2846,45.0,1,0,-0.029384960674974536,26.668419406749308,0.025390625,0.006441898,0.0001,0.9234927222132683,1.5284045934677124,0.2,-0.009954838023986667,12928,-116.53620130598546
-43.5,828416,2564,45.0,1,0,-0.007385010946904913,2.5806314341789403,0.008056640625,0.016850308,0.0001,0.9563457928597927,0.039723679423332214,0.2,-0.003825721954854089,12936,-114.38311438396573
-93.5,828928,2499,45.0,1,0,-0.01325664110845537,16.957386300549842,0.012451171875,0.007458062,0.0001,0.9487280286848545,1.2943081855773926,0.2,-0.002118700391292805,12944,-113.97920641016215
-53.5,829440,2382,45.0,1,0,-0.02247746491957514,89.40299859270453,0.01318359375,0.0016087806,0.0001,0.8490062803030014,14.734737396240234,0.2,-0.0021353426254790975,12952,-114.29312914170325
-82.5,829952,2563,45.0,1,0,-0.016433443959613214,34.30148494290188,0.013916015625,0.0025283855,0.0001,0.8910012692213058,5.029140472412109,0.2,-0.005870425826287828,12960,-114.70025337852537
-105.5,830464,2436,45.0,1,0,-0.024390826851686143,78.09278006851673,0.01611328125,0.0049946336,0.0001,0.8559020608663559,2.9339630603790283,0.2,-0.007856119769712677,12968,-116.04303548306227
-120.5,830976,2607,45.0,1,0,-0.014981069856389695,65.53529731649905,0.01416015625,0.0051284786,0.0001,0.8745762258768082,2.4501166343688965,0.2,-0.0031970302807167172,12976,-117.60076580196619
-143.0,831488,2372,45.0,1,0,-0.017943178619589162,49.09852929785848,0.0087890625,0.0037619055,0.0001,0.9219710826873779,3.2822978496551514,0.2,-0.001547001018479932,12984,-119.86980626128614
-179.0,832000,2600,45.0,1,0,-0.04203644772792359,76.50599556975067,0.013916015625,0.0030375556,0.0001,0.8484641164541245,61.72874450683594,0.2,-0.00363884809485171,12992,-122.19459631077945
-153.5,832512,2579,45.0,1,0,-0.016896120938554304,29.64261066587642,0.0146484375,0.054099455,0.0001,0.9104465320706367,3.4115819931030273,0.2,-0.003374603145857691,13000,-123.63833638388664
-178.5,833024,2619,45.0,1,0,-0.00995515976455863,14.38898882851936,0.00830078125,0.0017665047,0.0001,0.8305843621492386,0.18035544455051422,0.2,-0.0023988014218048193,13008,-125.35064004302025
-108.0,833536,2254,45.0,1,0,-0.021728973417339148,40.214172795880586,0.01318359375,0.0027030313,0.0001,0.8635010421276093,2.7093162536621094,0.2,-0.005712901911465451,13016,-123.29885007448495
-78.0,834048,2020,45.0,1,0,-0.023390718010432465,38.83828491345048,0.007080078125,0.0015981545,0.0001,0.8837950304150581,4.384006977081299,0.2,-0.003253257218602812,13024,-123.5657621435821
-61.0,834560,2508,45.0,1,0,-0.03668130627920618,63.53758179396391,0.015869140625,0.0029881578,0.0001,0.8458932638168335,12.047893524169922,0.2,-0.004385622924019117,13032,-123.9349597203359
18.0,835072,2074,45.0,1,0,-0.02926137566601028,114.01947220228612,0.014404296875,0.0046857568,0.0001,0.8386156409978867,47.49169158935547,0.2,-0.005675968910509255,13040,-126.17461062785237
45.5,835584,2208,45.0,1,0,-0.038821834502414276,126.54347304999828,0.011962890625,0.0014618611,0.0001,0.8532212823629379,40.17099380493164,0.2,-0.005489138551638462,13048,-127.34982748523355
92.5,836096,2075,45.0,1,0,-0.04316965906900805,150.73850987106562,0.013427734375,0.0027754027,0.0001,0.8478777557611465,9.717615127563477,0.2,-0.005108586592541542,13056,-129.5731399367377
182.5,836608,1807,45.0,1,0,-0.054216858459767536,184.83693034946918,0.0166015625,0.0046981378,0.0001,0.7835634350776672,29.596271514892578,0.2,-0.005691983751603402,13064,-128.8041394133866
205.0,837120,2621,45.0,1,0,-0.030697667230924708,39.74296910036355,0.017578125,0.0064461455,0.0001,0.8912730664014816,1.579331398010254,0.2,-0.0052880015082337195,13072,-129.96682866740971
250.5,837632,2276,45.0,1,0,-0.013722247511395835,23.780030224472284,0.01123046875,0.0020326152,0.0001,0.9170536920428276,5.634435653686523,0.2,-0.00457179049772094,13080,-130.3546068744734
203.5,838144,2301,45.0,1,0,-0.013943433167241892,50.192031719721854,0.0068359375,0.0012257718,0.0001,0.8764620274305344,4.533388137817383,0.2,-0.0028115070781495888,13088,-130.93164003230632
199.0,838656,2296,45.0,1,0,-0.02557440194823357,86.98337379842997,0.01318359375,0.010705061,0.0001,0.8433508425951004,7.846002101898193,0.2,0.00036306751280790195,13096,-129.94093395613135
215.5,839168,2446,45.0,1,0,-0.020346792863279006,42.136516405269504,0.015625,0.0042285374,0.0001,0.9001639857888222,2.111849546432495,0.2,-0.005122078291606158,13104,-127.493552342318
199.0,839680,2089,45.0,1,0,-0.023709227945118982,53.15444709546864,0.01611328125,0.0015104847,0.0001,0.8765003010630608,2.9884932041168213,0.2,-0.0052244006510591134,13112,-122.49707775242626
194.0,840192,2439,45.0,1,0,-0.020489835363378006,267.3286627084017,0.009521484375,0.0011305164,0.0001,0.685696929693222,77.8570556640625,0.2,-0.0013481261994456872,13120,-120.17366328723729
214.0,840704,2190,45.0,1,0,-0.02725239117626188,83.72926531545818,0.015869140625,0.003396681,0.0001,0.8806804344058037,5.450080394744873,0.2,-0.002726756712945644,13128,-116.99287548474967
180.0,841216,2690,45.0,1,0,-0.0327434396829176,131.09083228558302,0.014892578125,0.0021778578,0.0001,0.8551143705844879,12.698519706726074,0.2,-0.004679488381952979,13136,-117.10636330690235
132.0,841728,2164,45.0,1,0,-0.0088710341406113,36.780321783269756,0.005859375,0.0005460776,0.0001,0.7689284980297089,0.07579491287469864,0.2,-0.0033941684232559055,13144,-114.2283260205388
108.0,842240,2115,45.0,1,0,-0.009528274628110012,14.617457781831035,0.00732421875,0.000811414,0.0001,0.9126843586564064,0.15302316844463348,0.2,-0.003921305837138789,13152,-113.0729173591733
109.5,842752,2471,45.0,1,0,-0.01608078771982946,33.71829215530306,0.01123046875,0.005758254,0.0001,0.8974026814103127,4.868192672729492,0.2,-0.0023498530408687657,13160,-112.93283030655235
69.0,843264,2412,45.0,1,0,-0.013672358673829876,48.21456873137504,0.0068359375,0.00744254,0.0001,0.8798971623182297,2.2591989040374756,0.2,-0.003638301879618666,13168,-113.49569632980973
41.0,843776,2229,45.0,1,0,-0.018208353659929344,86.50898219831288,0.01416015625,0.0038415007,0.0001,0.813570111989975,32.170684814453125,0.2,-0.005810977425426245,13176,-113.33039703406394
60.0,844288,2176,45.0,1,0,-0.013940687292915754,109.3710993938148,0.0087890625,0.009434474,0.0001,0.8243328034877777,12.786297798156738,0.2,-0.0011400590447010472,13184,-113.95593606915325
87.5,844800,2132,45.0,1,0,-0.0163079137053046,67.71259002760053,0.0048828125,0.0004911276,0.0001,0.7661153078079224,4.416768550872803,0.2,-0.0018164858302043285,13192,-112.85852172471583
86.0,845312,1631,45.0,1,0,-0.02450186545752331,78.01532356441021,0.011962890625,0.0031561847,0.0001,0.8352666199207306,3.7217907905578613,0.2,-0.004641291750886012,13200,-111.74010349895805
111.5,845824,2639,45.0,1,0,-0.025152893143285837,54.8295624461025,0.016845703125,0.0035894783,0.0001,0.7784059345722198,12.466329574584961,0.2,-0.0058472864620853215,13208,-110.28561023484916
111.5,846336,2618,45.0,1,0,-0.009659602481633556,18.293375913752243,0.007080078125,0.0059570204,0.0001,0.8606860339641571,1.5135761499404907,0.2,-0.004427370897246874,13216,-112.33637240588665
161.0,846848,2193,45.0,1,0,-0.010280898597784471,13.42414336046204,0.0048828125,0.0030367936,0.0001,0.9468075484037399,0.743593692779541,0.2,-0.0032242651177512016,13224,-113.00696101509034
161.5,847360,2459,45.0,1,0,-0.020730813952468452,39.90144276060164,0.016357421875,0.021444976,0.0001,0.9197468534111977,26.53932762145996,0.2,-0.00596362476790091,13232,-116.00595940519125
216.5,847872,2358,45.0,1,0,-0.016035903936653995,35.60541826253757,0.006103515625,0.007201316,0.0001,0.9158903658390045,6.446634769439697,0.2,-0.002524980325688375,13240,-116.98077408049255
206.5,848384,2535,45.0,1,0,-0.019061764716070684,47.13422932848334,0.01220703125,0.0035725841,0.0001,0.8679484128952026,5.615861415863037,0.2,-0.0029213366397016216,13248,-116.12927968643606
124.5,848896,2600,45.0,1,0,-0.011327744980235366,37.62617737217806,0.01025390625,0.004678253,0.0001,0.7282114624977112,9.457722663879395,0.2,-0.002236866028397344,13256,-113.33869486879557
91.0,849408,2233,45.0,1,0,-0.013458328605111092,40.39209840790136,0.008544921875,0.002009058,0.0001,0.9084923192858696,0.834592878818512,0.2,-0.003477581725746859,13264,-113.72549759227782
17.5,849920,2423,45.0,1,0,-0.026903152349859738,34.75406984053552,0.012939453125,0.0036429218,0.0001,0.8922944441437721,7.48406982421875,0.2,-0.0036232217025826685,13272,-111.56327637616545
-8.0,850432,2839,45.0,1,0,-0.0159388641602618,40.56457028348814,0.008056640625,0.0014890782,0.0001,0.8470838218927383,0.7206761837005615,0.2,-0.0026890957942669047,13280,-111.59804491329938
-25.5,850944,2744,45.0,1,0,-0.006366026812202108,6.748931427879143,0.006591796875,0.02294744,0.0001,0.8862814605236053,0.12312110513448715,0.2,-0.002899505049754225,13288,-108.76786536309868
-97.0,851456,2308,45.0,1,0,-0.015636874853271365,57.29714787332341,0.011474609375,0.0028526245,0.0001,0.8488486111164093,4.7408366203308105,0.2,-0.004171430304268142,13296,-107.73619179073721
-104.5,851968,2469,45.0,1,0,-0.013947831279892853,35.1887177452445,0.010498046875,0.004066784,0.0001,0.9027983844280243,2.878838539123535,0.2,-0.005499858620169107,13304,-106.03078332085163
-119.0,852480,2441,45.0,1,0,-0.01401688023247516,29.347879007924348,0.0078125,0.0010632381,0.0001,0.889251098036766,2.8495545387268066,0.2,-0.003342094008985441,13312,-105.45741228703409
-68.5,852992,2212,45.0,1,0,-0.011773539756404716,41.138795520411804,0.0107421875,0.007122327,0.0001,0.9063604697585106,4.534627437591553,0.2,-0.004117114993277937,13320,-107.18299008321017
-63.5,853504,2446,45.0,1,0,-0.024044461473067713,81.93913012742996,0.01904296875,0.0044154357,0.0001,0.842655599117279,33.6914176940918,0.2,-0.009405192433405318,13328,-112.45491567071527
-34.0,854016,1957,45.0,1,0,-0.014483309080901563,61.14807032421231,0.0087890625,0.002371103,0.0001,0.8814605548977852,0.5126702785491943,0.2,-0.0030678846887894906,13336,-114.59639424741268
22.0,854528,2536,45.0,1,0,-0.04964865647434635,160.93939605355263,0.02587890625,0.009400703,0.0001,0.8372247070074081,33.289276123046875,0.2,-0.008332067969604395,13344,-120.19273495096714
22.0,855040,2889,45.0,1,0,-0.02408327077591821,38.29843932716176,0.012451171875,0.0018181632,0.0001,0.698242574930191,6.250955104827881,0.2,-0.0031240780504049326,13352,-120.41882774878293
79.5,855552,2188,45.0,1,0,-0.00814543180047167,6.013879687496228,0.01171875,0.0022124387,0.0001,0.8191255927085876,0.06967369467020035,0.2,-0.004334321041824296,13360,-120.48873010832817
61.5,856064,2602,45.0,1,0,-0.031272327361534735,122.84067058563232,0.01904296875,0.0061285426,0.0001,0.8376532196998596,32.57943344116211,0.2,-0.008238022739533335,13368,-122.14055590797216
19.5,856576,2489,45.0,1,0,-0.01397808101546616,26.718191365594976,0.0146484375,0.010808155,0.0001,0.8715651333332062,3.1431562900543213,0.2,-0.005964796517218929,13376,-122.20059798222036
-31.0,857088,2493,45.0,1,0,-0.02593177901951549,100.20683409646153,0.0107421875,0.00408339,0.0001,0.8544918298721313,8.29408073425293,0.2,-0.0002536193060223013,13384,-123.80168386600911
-50.5,857600,2220,45.0,1,0,-0.018718103099445216,52.3540687514469,0.008544921875,0.00708164,0.0001,0.9167364463210106,5.399173259735107,0.2,-0.0026842584229598287,13392,-122.6881988491118
-65.5,858112,2522,45.0,1,0,-0.02722325397462555,125.44258608669043,0.0107421875,0.001323287,0.0001,0.8164721429347992,32.81737518310547,0.2,-0.0039035737063386478,13400,-121.20850029416383
-105.5,858624,2017,45.0,1,0,-0.03281594963129919,83.05286939814687,0.007568359375,0.0015871853,0.0001,0.8436681181192398,42.893463134765625,0.2,-0.0019553627498680726,13408,-120.98862054131925
-126.5,859136,2703,45.0,1,0,-0.06947884854889708,176.60332461446524,0.0126953125,0.00191244,0.0001,0.7720907479524612,22.98539161682129,0.2,-0.005135750659974292,13416,-120.15728904295713
-148.0,859648,2829,45.0,1,0,-0.0184123986978193,15.102039912249893,0.015380859375,0.017020043,0.0001,0.8655405640602112,0.10328753292560577,0.2,-0.005202881613513455,13424,-121.47727095086128
-131.0,860160,2424,45.0,1,0,-0.011214548087536969,28.94322767687845,0.01171875,0.027915966,0.0001,0.8891000300645828,4.181100368499756,0.2,-0.00524582071830082,13432,-122.56398124799132
-94.5,860672,2291,45.0,1,0,-0.01644800420285719,25.40427787019871,0.0126953125,0.007590648,0.0001,0.8616113215684891,2.3361995220184326,0.2,-0.002551078932810924,13440,-121.25185125607997
-45.0,861184,2354,45.0,1,0,-0.012865782508924895,51.909821750596166,0.00634765625,0.0029141079,0.0001,0.8950659036636353,4.947933197021484,0.2,-0.0017887301873997785,13448,-121.01669935029
-4.0,861696,2488,45.0,1,0,-0.025179726353599108,69.22827035933733,0.00927734375,0.0038625929,0.0001,0.8651014417409897,10.212048530578613,0.2,-0.004673370516684372,13456,-122.76512818466873
40.0,862208,1999,45.0,1,0,-0.012780526310052664,44.94994229823351,0.008056640625,0.004517028,0.0001,0.9024548605084419,3.178842782974243,0.2,-0.002372871569605195,13464,-124.32160362388939
63.0,862720,2384,45.0,1,0,-0.027334691279520484,140.4897084608674,0.009521484375,0.002424184,0.0001,0.8431788980960846,26.044015884399414,0.2,-0.0019774830052483594,13472,-126.18161750730127
49.0,863232,1580,45.0,1,0,-0.01952336969134194,80.69314150512218,0.002685546875,0.0049135005,0.0001,0.871278315782547,8.705850601196289,0.2,0.0010634225254761986,13480,-124.84872808933258
99.5,863744,2419,45.0,1,0,-0.05326498738668306,165.33520609047264,0.02685546875,0.0067035276,0.0001,0.829385906457901,21.775432586669922,0.2,-0.005769846491602948,13488,-126.27572971913963
145.5,864256,2301,45.0,1,0,-0.01420289572160982,52.2020676843822,0.008056640625,0.002066964,0.0001,0.7862427830696106,2.3657748699188232,0.2,-0.004210438404697925,13496,-126.6536641529575
163.0,864768,2506,45.0,1,0,-0.028559009401305957,121.82780135795474,0.013671875,0.002694603,0.0001,0.8213420659303665,30.94228172302246,0.2,-0.006197862374392571,13504,-126.77976054366678
157.5,865280,2306,45.0,1,0,-0.010598777673294535,11.89603477763012,0.010009765625,0.0014786016,0.0001,0.9287633821368217,0.6765754818916321,0.2,-0.0029233577060949756,13512,-126.1315298812464
133.5,865792,2246,45.0,1,0,-0.015343925986826434,152.0902893356979,0.01318359375,0.004505694,0.0001,0.8420595824718475,9.941789627075195,0.2,-0.005077291061752476,13520,-126.37702054012567
153.5,866304,2314,45.0,1,0,-0.00915179298408475,28.82939152792096,0.002685546875,0.0006358988,0.0001,0.9265614524483681,1.0645204782485962,0.2,-0.0015160881885094568,13528,-123.80788427848368
162.0,866816,2189,45.0,1,0,-0.014551958458014269,171.09805429913104,0.006103515625,0.0014049174,0.0001,0.8269583284854889,3.841074228286743,0.2,-0.004050032850500429,13536,-121.57759359885007
161.5,867328,2308,45.0,1,0,-0.028733443879445986,99.69984555244446,0.02197265625,0.0039445534,0.0001,0.8536087572574615,27.19472312927246,0.2,-0.005863413487531943,13544,-121.78798484090716
164.5,867840,2202,45.0,1,0,-0.018448667973416377,54.41902674175799,0.00830078125,0.00075257744,0.0001,0.8967845514416695,5.538139820098877,0.2,-0.002797680084768217,13552,-121.58386833693832
135.0,868352,2536,45.0,1,0,-0.026823676845197042,176.0166781693697,0.011474609375,0.0013684927,0.0001,0.7836062461137772,44.486576080322266,0.2,-0.002150630207324866,13560,-120.06052455201745
111.5,868864,2428,45.0,1,0,-0.0023959909644872823,22.171412249999776,0.0,4.4656917e-05,0.0001,0.6417956352233887,0.1119760200381279,0.2,-0.0013167296710889786,13568,-119.43363171692937
94.5,869376,2210,45.0,1,0,-0.015281287847983549,41.951075554359704,0.011962890625,0.005375072,0.0001,0.9021642282605171,33.29295349121094,0.2,0.00023719347882433794,13576,-118.601101921089
90.5,869888,2596,45.0,1,0,-0.01036930647455847,22.292245556600392,0.00732421875,0.004794539,0.0001,0.9230397194623947,1.5065199136734009,0.2,-0.0029879373432777356,13584,-119.4322349827364
47.0,870400,2623,45.0,1,0,-0.00957452162856498,39.054219368612394,0.007080078125,0.0071964865,0.0001,0.9219300746917725,4.309234619140625,0.2,-0.003506406421365682,13592,-117.29758156236261
9.5,870912,2249,45.0,1,0,-0.008874379877397587,39.96590189822018,0.003173828125,0.0007557225,0.0001,0.8631820231676102,5.160126686096191,0.2,-0.0017439995081076631,13600,-117.27876597285271
3.5,871424,2707,45.0,1,0,-0.01595960364079474,167.65340084210038,0.00732421875,0.0012245902,0.0001,0.846184030175209,46.25618362426758,0.2,-0.0032811356941238046,13608,-117.52381120275706
-7.0,871936,1667,45.0,1,0,-0.01731580814703193,22.423543844372034,0.01611328125,0.009556629,0.0001,0.9416393451392651,1.5693836212158203,0.2,-0.008687233839737019,13616,-116.90577832236886
-6.0,872448,2193,45.0,1,0,-0.016173556735338934,83.34211934357882,0.00439453125,0.00058536127,0.0001,0.8493974953889847,31.372159957885742,0.2,-0.002247130629257299,13624,-115.68382914010435
-6.0,872960,2574,45.0,1,0,-0.016006853903490992,117.57254586741328,0.009521484375,0.002856134,0.0001,0.7365727722644806,31.588336944580078,0.2,-0.005084155014628777,13632,-116.49896385282278
-21.5,873472,2330,45.0,1,0,-0.006077523079284219,5.082409869297408,0.006103515625,0.004303799,0.0001,0.9428820610046387,0.1553114652633667,0.2,-0.0039219195568875875,13640,-117.47053475208581
-42.5,873984,2192,45.0,1,0,-0.014760912913061475,54.78794959699735,0.010009765625,0.0080790315,0.0001,0.9231744036078453,1.2604897022247314,0.2,-0.005246776156127453,13648,-120.02191156737507
-59.0,874496,2524,45.0,1,0,-0.0102525863462688,27.407214055536315,0.0078125,0.0011444837,0.0001,0.9230362921953201,1.5474333763122559,0.2,-0.002121874909789767,13656,-121.61768175207078
-56.5,875008,2744,45.0,1,0,-0.0149278738904286,34.679038285510615,0.006103515625,0.0046026455,0.0001,0.9072608277201653,3.0101733207702637,0.2,-0.002926981123891892,13664,-122.20216813191772
-67.5,875520,2049,45.0,1,0,-0.017583643005764316,28.05168537318241,0.013671875,0.010698365,0.0001,0.9305623397231102,37.937435150146484,0.2,-0.00563467060419498,13672,-124.07101704973728
-73.5,876032,2323,45.0,1,0,-0.029646318772392988,60.509610787034035,0.021484375,0.002808069,0.0001,0.9314112439751625,27.51187515258789,0.2,-0.0061449683853425086,13680,-124.30608482588083
-38.0,876544,2111,45.0,1,0,-0.021412496140783333,52.542346644215286,0.006591796875,0.0010290602,0.0001,0.8453516811132431,0.7416380643844604,0.2,-0.002177019588998519,13688,-122.57908198941499
-60.5,877056,2295,45.0,1,0,-0.060446232048889215,231.39624045789242,0.010498046875,0.0019180662,0.0001,0.7395919859409332,76.94071960449219,0.2,-0.0042819459704332985,13696,-121.93299998529255
-60.5,877568,2923,45.0,1,0,-0.021470968177709437,16.436729715089314,0.010986328125,0.010994503,0.0001,0.85367351770401,0.08124028891324997,0.2,-0.003056542467675172,13704,-122.11276326030493
-105.5,878080,2414,45.0,1,0,-0.009929797407380647,32.05802127118386,0.005859375,0.0008290479,0.0001,0.8993833363056183,0.6580029726028442,0.2,-0.002727941686316626,13712,-121.0355473396182
-133.5,878592,2650,45.0,1,0,-0.04183926271366545,34.544377689715475,0.048095703125,0.0067171045,0.0001,0.8588217347860336,3.533275842666626,0.2,-0.006211793129295984,13720,-119.09916033331305
-106.5,879104,2493,45.0,1,0,-0.01380213287143306,48.79304383974522,0.007568359375,0.0037413063,0.0001,0.9011950045824051,5.530213356018066,0.2,-0.002709890139158233,13728,-118.95440933454782
-78.0,879616,2523,45.0,1,0,-0.024466548248483377,37.12438723957166,0.014404296875,0.0047160257,0.0001,0.9074577838182449,2.357175588607788,0.2,-0.003544237246387638,13736,-119.84819474574178
-88.0,880128,2423,45.0,1,0,-0.01706239791246844,32.984406264848076,0.00732421875,0.007475989,0.0001,0.9126715287566185,0.34543323516845703,0.2,-2.8065882361261174e-05,13744,-119.77763335291296
-119.5,880640,2703,45.0,1,0,-0.012970568766263568,51.67494548484683,0.003173828125,0.00090339547,0.0001,0.9171928241848946,9.769918441772461,0.2,-0.0008721776312086149,13752,-119.05409742053598
-54.5,881152,1517,45.0,1,0,-0.010193276770564808,38.73841220914619,0.00537109375,0.005812561,0.0001,0.9247252717614174,1.1595360040664673,0.2,-0.0037034909437352326,13760,-121.30631041709334
-61.0,881664,2646,45.0,1,0,-0.05613312112473068,227.3904288560152,0.021728515625,0.004256675,0.0001,0.8157147914171219,100.98983764648438,0.2,-0.006458190819103038,13768,-124.28643284168095
-37.0,882176,2727,45.0,1,0,-0.01512463620588278,26.52124805020867,0.00927734375,0.00093681586,0.0001,0.8191585391759872,0.16378159821033478,0.2,-0.00255186051435885,13776,-125.37496602740138
-27.5,882688,2498,45.0,1,0,-0.013372864496773218,42.671662973676575,0.005615234375,0.0030596592,0.0001,0.8771234154701233,27.550331115722656,0.2,-0.0038560316679649986,13784,-125.46425404693932
8.0,883200,2528,45.0,1,0,-0.021447634311243746,78.74196667410433,0.006591796875,0.0017880952,0.0001,0.8570536971092224,6.190282821655273,0.2,-0.003681634356325958,13792,-128.49493882775306
-58.5,883712,2093,45.0,1,0,-0.02973329226028909,28.761724216863513,0.01904296875,0.010818629,0.0001,0.940108347684145,0.9808711409568787,0.2,-0.002691442899958929,13800,-128.7732239088416
-61.0,884224,2534,45.0,1,0,-0.06873574103519786,166.91174167394638,0.03955078125,0.014848707,0.0001,0.8640321642160416,34.84276580810547,0.2,-0.010820435323694255,13808,-130.84635972477497
-114.5,884736,2442,45.0,1,0,-0.01019918755253002,55.09361481596716,0.00537109375,0.004813442,0.0001,0.8954938277602196,0.6311891078948975,0.2,-0.0034576935822769883,13816,-131.27111492432653
-143.5,885248,2449,45.0,1,0,-0.022978867437132067,62.64229201339185,0.009033203125,0.0024787085,0.0001,0.8887734860181808,1.5545849800109863,0.2,-0.0037923888448858634,13824,-130.4192680611834
-190.0,885760,2290,45.0,1,0,-0.023569342856717412,66.19649686291814,0.013671875,0.0043859775,0.0001,0.8989868313074112,2.7950551509857178,0.2,-0.007395877459202893,13832,-129.7949329539761
-188.5,886272,2460,45.0,1,0,-0.06726416219316889,313.2172820568085,0.040283203125,0.006699799,0.0001,0.7088941037654877,22.112627029418945,0.2,-0.016561992910283152,13840,-129.10691088873892
-196.5,886784,2482,45.0,1,0,-0.023717887002135285,46.150862141279504,0.017333984375,0.044006187,0.0001,0.7611404955387115,1.0542672872543335,0.2,-0.0006296470673987642,13848,-129.48895791810006
-205.0,887296,2645,45.0,1,0,-0.017066911314941535,64.67462148726918,0.00927734375,0.0021565133,0.0001,0.8385713249444962,10.641162872314453,0.2,-0.005430555662314873,13856,-128.15049491852523
-256.0,887808,2671,45.0,1,0,-0.01033008763261023,17.24558917421382,0.00439453125,0.0021100547,0.0001,0.8905764669179916,1.0326814651489258,0.2,-0.001658113076700829,13864,-126.18727478653193
-219.5,888320,2487,45.0,1,0,-0.028791739436087482,21.136559133883566,0.02685546875,0.007210303,0.0001,0.9435683116316795,0.4172057807445526,0.2,-0.009996913948270958,13872,-127.04233857408165
-232.0,888832,2663,45.0,1,0,-0.01989920871551476,40.50382019765675,0.013671875,0.0046218783,0.0001,0.9399048388004303,5.84681510925293,0.2,-0.005231875311437761,13880,-126.904707197994
-205.0,889344,2517,45.0,1,0,-0.018166233045349145,282.03794414177537,0.00927734375,0.0019225386,0.0001,0.8132855445146561,89.96907806396484,0.2,-0.0035664202769112308,13888,-128.3935989511013
-205.0,889856,2263,45.0,1,0,-0.02631090716545259,50.77762963529676,0.009521484375,0.0025643657,0.0001,0.9093479439616203,0.8382335305213928,0.2,-0.0032348170498153195,13896,-131.3915553759411
-229.5,890368,2544,45.0,1,0,-0.029991415259928544,83.78930960595608,0.016845703125,0.0034637558,0.0001,0.9217098727822304,4.548393726348877,0.2,-0.00262567830941407,13904,-133.6779854227975
-254.0,890880,2850,45.0,1,0,-0.03387415179849995,168.44274293631315,0.016845703125,0.004595911,0.0001,0.8718834519386292,8.700881004333496,0.2,-0.005387865763623267,13912,-134.74426839035004
-271.5,891392,2646,45.0,1,0,-0.011315154572571373,31.45346196211176,0.009033203125,0.00056421687,0.0001,0.6308333575725555,0.2905963659286499,0.2,-0.005025441823818255,13920,-135.70356748659162
-280.0,891904,2494,45.0,1,0,-0.014133182503996977,111.00571680394933,0.00830078125,0.003169029,0.0001,0.8233344405889511,5.810661315917969,0.2,-0.0015957237446855288,13928,-136.7019852436334
-273.5,892416,2604,45.0,1,0,-0.01279418257092857,36.75878580287099,0.0048828125,0.0066405255,0.0001,0.9141291603446007,3.580132484436035,0.2,-0.0038609807343163993,13936,-136.62317180238665
-224.5,892928,2496,45.0,1,0,-0.02515127563265196,45.890223500085995,0.0205078125,0.008323857,0.0001,0.9006481617689133,16.480186462402344,0.2,-0.004119590448681265,13944,-136.65765767402948
-128.5,893440,2254,45.0,1,0,-0.015706625430539134,45.45672299200669,0.015625,0.00326797,0.0001,0.8953553140163422,12.224384307861328,0.2,-0.00310710191479302,13952,-134.31688680276275
-106.0,893952,2326,45.0,1,0,-0.02256276460934714,116.28873361647129,0.007568359375,0.0064492244,0.0001,0.8215593695640564,47.30305862426758,0.2,-0.002445046087814262,13960,-133.19455486107617
-89.0,894464,2191,45.0,1,0,-0.02567002476826019,52.874430001247674,0.01904296875,0.013323647,0.0001,0.8947654068470001,5.430778980255127,0.2,-0.002305773516127374,13968,-132.4734129985422
-89.0,894976,2493,45.0,1,0,-0.03501865532962256,251.8930515050888,0.00927734375,0.001670673,0.0001,0.7764005064964294,23.46576690673828,0.2,-0.004527898148808163,13976,-128.56936049751937
-89.0,895488,2689,45.0,1,0,-0.034520094150025216,37.53669104445726,0.013916015625,0.0017575045,0.0001,0.8872633799910545,0.8100922107696533,0.2,-0.002167701368307462,13984,-129.60686791710555
-87.5,896000,2420,45.0,1,0,-0.005347438449348374,7.232818071031943,0.0048828125,0.009360856,0.0001,0.9051694646477699,0.3138025403022766,0.2,-0.001362846636766335,13992,-129.3135578081757
-69.5,896512,2653,45.0,1,0,-0.022193183102217517,48.12958765681833,0.009765625,0.0021955855,0.0001,0.8909130394458771,4.455807685852051,0.2,-0.004733954505354632,14000,-127.95651636086404
-98.5,897024,2484,45.0,1,0,-0.010194674545232374,28.817367071285844,0.009521484375,0.00567873,0.0001,0.938231535255909,5.203195095062256,0.2,-0.0038631729839835316,14008,-127.07289619341492
-103.5,897536,2533,45.0,1,0,-0.019188960110341213,38.3259603837505,0.012451171875,0.0017120229,0.0001,0.9177615717053413,0.5292662978172302,0.2,-0.001290153509216907,14016,-125.56975192312152
-136.0,898048,2325,45.0,1,0,-0.02048746495756859,101.4120438778773,0.0146484375,0.00505876,0.0001,0.8247590810060501,1.9073842763900757,0.2,-0.0063470194036199246,14024,-122.6548812899366
-170.5,898560,2401,45.0,1,0,-0.028600816925859363,66.97213230933994,0.01025390625,0.0011358086,0.0001,0.8878621906042099,12.07039737701416,0.2,-0.003254084149375558,14032,-120.67252216681838
-144.0,899072,2082,45.0,1,0,-0.014050590184410794,42.29381935670972,0.0068359375,0.0039342726,0.0001,0.9033216536045074,16.034955978393555,0.2,-0.002554397939093178,14040,-118.86874205749481
-126.0,899584,2709,45.0,1,0,-0.05160481785424054,278.2176357805729,0.01416015625,0.000719254,0.0001,0.7965065687894821,138.87350463867188,0.2,-0.005706464835384395,14048,-118.60190753977746
-126.0,900096,2883,45.0,1,0,-0.015370756944435016,12.667462520985282,0.011962890625,0.008708058,0.0001,0.8977055549621582,3.87831711769104,0.2,-0.004072422496392392,14056,-118.61791605867445
-146.0,900608,2566,45.0,1,0,-0.007712292993346637,33.067232973837235,0.0068359375,0.0037674182,0.0001,0.9021885320544243,0.36135560274124146,0.2,-0.0036150991854810854,14064,-119.12993095092476
-123.5,901120,2519,45.0,1,0,-0.016800509675931607,60.68170990119688,0.00927734375,0.005550692,0.0001,0.824520543217659,2.017040491104126,0.2,-0.0035326574834471103,14072,-121.97588396579027
-113.5,901632,2444,45.0,1,0,-0.013195318796419997,33.16877929586917,0.009521484375,0.009199346,0.0001,0.9355742409825325,1.6446897983551025,0.2,-0.003226515834512611,14080,-122.27395094633103
-137.5,902144,2592,45.0,1,0,-0.039834899276002034,54.6891738306731,0.03515625,0.0064944616,0.0001,0.8816602155566216,4.890500068664551,0.2,-0.009450147324969294,14088,-123.70520215336234
-118.0,902656,2125,45.0,1,0,-0.013063770844837563,33.297496583429165,0.010986328125,0.0047078314,0.0001,0.8736139535903931,8.173083305358887,0.2,-0.004239540932758246,14096,-124.81227391529828
-108.0,903168,2348,45.0,1,0,-0.022602248321504703,61.259958151727915,0.010498046875,0.0023064022,0.0001,0.9171858355402946,19.96161651611328,0.2,-0.0042159109289059415,14104,-125.8687293811515
-105.5,903680,1975,45.0,1,0,-0.013214943242701338,43.20038892654702,0.004638671875,0.0005091344,0.0001,0.9220344573259354,1.2046338319778442,0.2,-0.002935671267550788,14112,-126.10829603355378
-82.5,904192,2503,45.0,1,0,-0.06406416468962561,307.10007107257843,0.0244140625,0.007199876,0.0001,0.7563403993844986,45.62382125854492,0.2,-0.011945057234697742,14120,-126.53140071783214
-82.5,904704,2732,45.0,1,0,-0.011462299089203043,7.053891258954536,0.01025390625,0.0100344755,0.0001,0.9494112841784954,0.25807473063468933,0.2,-0.004672417759138625,14128,-126.8795780556649
-56.0,905216,2587,45.0,1,0,-0.014095872081156813,33.43772941478528,0.0107421875,0.00521799,0.0001,0.9317029640078545,7.762035369873047,0.2,-0.0034936323172587436,14136,-127.39298070661724
-49.5,905728,2299,45.0,1,0,-0.015463647395677071,283.96467413636856,0.01220703125,0.005257408,0.0001,0.7497309446334839,2.219897985458374,0.2,-0.00036998412838329386,14144,-129.70582515295595
-38.0,906240,2381,45.0,1,0,-0.018664045901459758,37.55959702283144,0.011962890625,0.007913606,0.0001,0.930534303188324,0.45394477248191833,0.2,-0.0026736426952993497,14152,-130.17096631255
-59.5,906752,2718,45.0,1,0,-0.024086134924800717,92.27919323090464,0.021728515625,0.013997119,0.0001,0.8488045334815979,4.586555480957031,0.2,-0.00710499696288025,14160,-131.15303902048618
-48.5,907264,1907,45.0,1,0,-0.009360956091541084,26.357534391718218,0.007080078125,0.020372799,0.0001,0.7654667496681213,0.453312486410141,0.2,0.0017472030958742835,14168,-130.79798933986575
-33.5,907776,2393,45.0,1,0,-0.03370601526910377,106.65854407474399,0.036376953125,0.015049309,0.0001,0.8172950744628906,42.659828186035156,0.2,-0.0028133796877227724,14176,-130.35222424291075
-51.5,908288,2333,45.0,1,0,-0.01457015285336638,106.6392007805407,0.006591796875,0.001415272,0.0001,0.8704112619161606,54.30411911010742,0.2,-0.004401775311634992,14184,-131.68738512974232
-50.0,908800,2761,45.0,1,0,-0.03182862339122039,159.55830232053995,0.00927734375,0.0014223472,0.0001,0.7863889187574387,44.03931427001953,0.2,-0.0056227047643915284,14192,-127.86035615246743
-56.5,909312,2590,45.0,1,0,-0.008385732523265688,48.05926362145692,0.006103515625,0.004840142,0.0001,0.6843544542789459,0.5109186768531799,0.2,-0.0031928833850543015,14200,-125.54525910053403
-71.0,909824,2552,45.0,1,0,-0.016069185959850074,48.347108805552125,0.010986328125,0.0015354155,0.0001,0.9035538583993912,4.3093342781066895,0.2,-0.006316306396911386,14208,-122.4688258331269
-90.0,910336,2598,45.0,1,0,-0.01145750175055582,41.516807745210826,0.007080078125,0.005151545,0.0001,0.9033522456884384,2.999887228012085,0.2,-0.00293514772420167,14216,-121.73932814631611
-74.5,910848,2486,45.0,1,0,-0.014798339362187107,16.90297955099959,0.015625,0.010266056,0.0001,0.9597840085625648,0.3689299523830414,0.2,-0.007107099074346479,14224,-122.48809707526118
-74.5,911360,2490,45.0,1,0,-0.012976434368624723,35.93924790760502,0.011474609375,0.009661622,0.0001,0.9348992109298706,1.6298768520355225,0.2,-0.0049908874461834785,14232,-122.65018249765039
-65.5,911872,2326,45.0,1,0,-0.013840247831467423,37.4524745636154,0.012939453125,0.0062710205,0.0001,0.9193300753831863,15.834467887878418,0.2,-0.004823513863811968,14240,-123.74735952690244
-80.5,912384,1913,45.0,1,0,-0.0339812328293192,347.3387819454074,0.016845703125,0.011183482,0.0001,0.7156823575496674,9.08389663696289,0.2,-0.002048543799901381,14248,-125.64900519322605
-89.5,912896,2185,45.0,1,0,-0.028240585393177753,138.85554026812315,0.0068359375,0.0012175497,0.0001,0.8577950596809387,70.23644256591797,0.2,-0.0025344159730593674,14256,-126.10650332842022
-85.5,913408,2508,45.0,1,0,-0.03465436307510572,318.1913535296917,0.011962890625,0.0037571143,0.0001,0.7841163575649261,49.82042694091797,0.2,-0.00456322247555363,14264,-129.826377200298
-68.0,913920,2488,45.0,1,0,-0.01224403418075326,55.2977749662241,0.005859375,0.0049962057,0.0001,0.6558928489685059,0.31414419412612915,0.2,-0.004911508858640445,14272,-130.66871323231607
-38.0,914432,2378,45.0,1,0,-0.017069486058744587,43.40757522103377,0.0078125,0.008709935,0.0001,0.887055292725563,0.2644801139831543,0.2,-0.004095761032658629,14280,-129.43224171333014
-51.0,914944,2523,45.0,1,0,-0.01240667465600609,28.049606842221692,0.005126953125,0.0016524267,0.0001,0.9361109435558319,0.9970589280128479,0.2,-0.0016911759669255844,14288,-127.97265066854656
-31.0,915456,2539,45.0,1,0,-0.011981443275885795,56.443266831338406,0.00634765625,0.0030716734,0.0001,0.8685769736766815,4.914036273956299,0.2,-0.0028754196828231215,14296,-129.06369453016669
-50.5,915968,2474,45.0,1,0,-0.009507781978584262,20.013933824375272,0.00732421875,0.005158826,0.0001,0.9485676027834415,1.438355565071106,0.2,-0.002500546946976101,14304,-130.2832564826682
-46.5,916480,2282,45.0,1,0,-0.017437175816269246,16.776911711960565,0.01123046875,0.008050801,0.0001,0.9488535784184933,1.0596991777420044,0.2,-0.005896714108530432,14312,-130.25036727491766
-50.0,916992,1956,45.0,1,0,-0.014335663734811988,43.81585797853768,0.006103515625,0.0038039736,0.0001,0.938098631799221,12.200801849365234,0.2,-0.0005935399312875234,14320,-129.9035571293533
-59.0,917504,2312,45.0,1,0,-0.04081400331688201,172.32577180862427,0.0107421875,0.0014079419,0.0001,0.8678661435842514,41.35798645019531,0.2,-0.004819005775061669,14328,-128.21906832095235
-59.0,918016,2912,45.0,1,0,-0.015358530515129587,53.4132663984783,0.0107421875,0.002131438,0.0001,0.7373303472995758,0.6386740803718567,0.2,-0.005493773896887433,14336,-128.9102957067266
-99.0,918528,2453,45.0,1,0,-0.006932791728047505,4.062756656087004,0.0107421875,0.03738701,0.0001,0.945976447314024,0.14106711745262146,0.2,0.004047609478220693,14344,-129.64708783630283
-104.5,919040,2522,45.0,1,0,-0.010722836572938377,52.87395665049553,0.0068359375,0.0029504276,0.0001,0.9099213033914566,2.0629401206970215,0.2,-0.0034265238136867993,14352,-131.08864747170358
-59.5,919552,2325,45.0,1,0,-0.006465037130624296,6.614742227597162,0.006591796875,0.0014798085,0.0001,0.9640467911958694,2.6519217491149902,0.2,-0.002642984446538321,14360,-130.4847555598989
-75.0,920064,2655,45.0,1,0,-0.016208777254576034,42.990480307489634,0.012939453125,0.00214196,0.0001,0.9115388691425323,2.6762189865112305,0.2,-0.004315515579946805,14368,-128.905909127146
5.0,920576,2140,45.0,1,0,-0.006728150438959801,22.311667332425714,0.0068359375,0.0063345567,0.0001,0.9445128999650478,13.784455299377441,0.2,-0.0036043970121681923,14376,-127.89468543812633
-40.0,921088,2379,45.0,1,0,-0.014333903947886029,129.63900015503168,0.009033203125,0.00305701,0.0001,0.8714193254709244,62.47763442993164,0.2,-0.004192040058114799,14384,-128.33963332369925
-22.5,921600,2069,45.0,1,0,-0.009458702533777341,49.39980776235461,0.005615234375,0.0012449092,0.0001,0.9009637087583542,1.8244049549102783,0.2,-0.001979742151888786,14392,-127.35821227502078
24.5,922112,2454,45.0,1,0,-0.02630990919010401,96.37547506392002,0.00634765625,0.00073949154,0.0001,0.8741194754838943,11.782514572143555,0.2,-0.004445376143848989,14400,-126.03159971609712
22.0,922624,2728,45.0,1,0,-0.01026851576602894,41.614607862138655,0.004638671875,0.0019170542,0.0001,0.7916106134653091,0.6638003587722778,0.2,-0.0027199366013519466,14408,-126.42188403330744
50.0,923136,2358,45.0,1,0,-0.011555721302386246,12.258290177065646,0.010986328125,0.015537014,0.0001,0.9543783590197563,0.1852140724658966,0.2,-0.005818734141939785,14416,-125.9980221926421
94.5,923648,2265,45.0,1,0,-0.014785587194239724,46.78793513495475,0.005615234375,0.0009983097,0.0001,0.8984705805778503,1.026179313659668,0.2,-0.0019419421787461033,14424,-126.26483249247075
62.5,924160,2512,45.0,1,0,-0.017639274904240665,60.647500921506435,0.011962890625,0.0061390446,0.0001,0.9157541319727898,3.9533605575561523,0.2,-0.0018030788414762355,14432,-126.45461062774062
58.5,924672,2540,45.0,1,0,-0.010065934915758135,9.251875859918073,0.011962890625,0.011606548,0.0001,0.9603732451796532,0.4977615177631378,0.2,-0.0059527778103074525,14440,-124.91759144138545
70.0,925184,1996,45.0,1,0,-0.009773647812494346,41.699949441477656,0.009521484375,0.0033759656,0.0001,0.8860780969262123,1.6523164510726929,0.2,-0.004303931953472784,14448,-125.16625810652971
102.5,925696,2409,45.0,1,0,-0.027206122917959874,277.381909199059,0.010498046875,0.0017522243,0.0001,0.8486795723438263,100.54144287109375,0.2,-0.0066286615474382415,14456,-128.57242218881845
123.5,926208,2009,45.0,1,0,-0.014723652540283183,217.88822054117918,0.003662109375,0.00080991304,0.0001,0.8442619889974594,3.6251401901245117,0.2,-0.0018348784487898229,14464,-131.10358636591585
129.0,926720,2189,45.0,1,0,-0.03699805698556702,993.4768513441086,0.013427734375,0.0047565037,0.0001,0.6508027017116547,416.29132080078125,0.2,-0.00571357735680067,14472,-136.0805094254017
105.0,927232,2589,45.0,1,0,-0.009658121958409538,60.31580226542428,0.009521484375,0.012424012,0.0001,0.6912423968315125,0.28973835706710815,0.2,-0.003828752407571301,14480,-137.12057375915347
91.0,927744,2448,45.0,1,0,-0.012731221610295052,30.157980567164486,0.00634765625,0.0012218193,0.0001,0.9262193217873573,2.196108102798462,0.2,-0.0031701880834589247,14488,-137.8814114946872
83.5,928256,2332,45.0,1,0,-0.02001831745110394,88.6871970416978,0.009765625,0.0015411143,0.0001,0.8462515622377396,26.100202560424805,0.2,-0.005130387478857301,14496,-137.29395556271075
79.0,928768,2351,45.0,1,0,-0.008369317497283646,11.993972466443665,0.00244140625,0.00015125237,0.0001,0.9602117277681828,0.386753112077713,0.2,-0.0010801704556797631,14504,-137.47419222664087
70.0,929280,2621,45.0,1,0,-0.013471157306753412,31.910423163557425,0.010009765625,0.0015440567,0.0001,0.9177536964416504,0.16535580158233643,0.2,-0.0031316248678194825,14512,-137.23823724675924
16.0,929792,2151,45.0,1,0,-0.010922941217245352,30.210356784518808,0.010009765625,0.012318097,0.0001,0.8754052296280861,8.351415634155273,0.2,-0.003965214613799617,14520,-133.44596127584578
-2.0,930304,2352,45.0,1,0,-0.01629436235907633,22.422834218479693,0.0107421875,0.0072606155,0.0001,0.9418512992560863,1.3087875843048096,0.2,-0.0049573860997043084,14528,-126.68157376222312
-27.0,930816,2307,45.0,1,0,-0.013977520134176302,51.14223550306633,0.01025390625,0.00590349,0.0001,0.9107569381594658,14.911035537719727,0.2,-0.003907719830749556,14536,-124.51326016776264
-32.5,931328,2677,45.0,1,0,-0.02257266964579685,84.95867134258151,0.007568359375,0.0017279219,0.0001,0.8613431751728058,6.479869842529297,0.2,-0.00041087973659159616,14544,-119.03354452900588
-17.5,931840,2374,45.0,1,0,-0.007613251922919062,22.855508715379983,0.01123046875,0.007652283,0.0001,0.8893603608012199,8.999276161193848,0.2,-0.004146853651036508,14552,-118.375055491291
34.5,932352,2125,45.0,1,0,-0.01841286660237529,23.778850273345597,0.0126953125,0.003422841,0.0001,0.9403701312839985,3.7881155014038086,0.2,-0.005450387954624603,14560,-118.58727422516793
42.0,932864,2560,45.0,1,0,-0.01559378868296335,86.22596149891615,0.00830078125,0.0024263756,0.0001,0.8933552205562592,11.983535766601562,0.2,-0.004347171387053095,14568,-120.28479822199792
40.5,933376,2438,45.0,1,0,-0.011723939806643102,22.89855514629744,0.008056640625,0.010918539,0.0001,0.9495545737445354,1.4365813732147217,0.2,-0.005504198126800475,14576,-123.33294832982124
58.0,933888,2363,45.0,1,0,-0.015249019593738922,287.3072063289583,0.00732421875,0.0018985585,0.0001,0.775976836681366,8.459667205810547,0.2,-0.0033407125520170666,14584,-127.16884185366332
33.5,934400,2236,45.0,1,0,-0.01467134787753821,36.25497414730489,0.009765625,0.010698825,0.0001,0.9212541952729225,5.147640705108643,0.2,-0.0020737931881740224,14592,-129.2140162333101
54.5,934912,2174,45.0,1,0,-0.02021793140806949,811.5318474769592,0.0029296875,0.0005498639,0.0001,0.47639405727386475,210.42578125,0.2,-0.0020305139159972896,14600,-131.8532672829181
59.0,935424,2250,45.0,1,0,-0.026140415197687616,110.4485056810081,0.007568359375,0.00056718884,0.0001,0.8111002594232559,5.599114418029785,0.2,-0.003996833569544833,14608,-130.92109311219303
59.0,935936,2657,45.0,1,0,-0.02137702334448477,50.88432158716023,0.011962890625,0.0072163795,0.0001,0.8768720328807831,2.9137942790985107,0.2,-0.00497503250153386,14616,-129.57798304341733
41.5,936448,2401,45.0,1,0,-0.00669690164744452,18.749211660036963,0.00830078125,0.005867574,0.0001,0.8819360584020615,0.21353787183761597,0.2,-0.003995669887444819,14624,-129.4745945678279
26.0,936960,1913,45.0,1,0,-0.02023322870775246,378.5914937257767,0.0166015625,0.0060732868,0.0001,0.7411428689956665,14.254714012145996,0.2,-0.0075127411250832665,14632,-131.36163288321347
18.0,937472,2412,45.0,1,0,-0.010905784071837843,52.22517745778896,0.010986328125,0.006165337,0.0001,0.8794920891523361,0.9567739367485046,0.2,-0.003492615076538641,14640,-128.38048429172485
-1.0,937984,2692,45.0,1,0,-0.008503404219254662,31.76264689594973,0.0068359375,0.0104504675,0.0001,0.9228213280439377,0.447668194770813,0.2,3.7403318856377155e-05,14648,-126.19851894449442
19.5,938496,2451,45.0,1,0,-0.007356541365766134,10.830058416409884,0.005859375,0.003058795,0.0001,0.9516853764653206,0.45803141593933105,0.2,-0.0032000497667468153,14656,-124.56121936220676
-4.0,939008,2472,45.0,1,0,-0.008754913363191008,22.8540769002866,0.005859375,0.006658026,0.0001,0.9020930752158165,0.4920240640640259,0.2,-0.0022924032964510843,14664,-119.59380758058279
-22.0,939520,2199,45.0,1,0,-0.004574521569395529,25.15476118098013,0.002197265625,0.0006094887,0.0001,0.9431975074112415,0.7238483428955078,0.2,-0.0011077409981226083,14672,-121.17193725001067
-53.5,940032,2534,45.0,1,0,-0.024812078927539005,78.09186730161309,0.009033203125,0.0009767363,0.0001,0.8178738951683044,4.76650333404541,0.2,-0.0015430584098794498,14680,-120.6061077939719
-24.0,940544,2631,45.0,1,0,-0.010536017197239289,27.066021761856973,0.009765625,0.0034498528,0.0001,0.8012251704931259,0.6153367757797241,0.2,-0.0035875358389603207,14688,-120.02060442142188
-17.5,941056,2125,45.0,1,0,-0.00577119545468463,23.22233514022082,0.00244140625,0.0009795282,0.0001,0.7609973698854446,0.33508267998695374,0.2,-0.0019166900456184521,14696,-121.57207458142192
28.0,941568,2435,45.0,1,0,-0.02253880775089101,166.1173121482134,0.01416015625,0.0038616043,0.0001,0.813784584403038,9.263493537902832,0.2,-0.004283091955585405,14704,-121.18705960262567
36.0,942080,2313,45.0,1,0,-0.010452229716293004,23.68542995210737,0.008056640625,0.0048938175,0.0001,0.9213078320026398,1.1354038715362549,0.2,-0.002148627521819435,14712,-122.4396632714197
37.5,942592,2458,45.0,1,0,-0.01424170932295965,109.44098372384906,0.00537109375,0.0027923468,0.0001,0.8468052595853806,7.339138031005859,0.2,-0.0019290555428597145,14720,-127.70539114128798
108.0,943104,2159,45.0,1,0,-0.011505304434365371,26.897794558200985,0.010986328125,0.016662398,0.0001,0.9586360417306423,0.8572960495948792,0.2,-0.0034445342180333682,14728,-130.80116222616286
127.0,943616,2455,45.0,1,0,-0.01451188372351453,143.564464494586,0.008544921875,0.0003580153,0.0001,0.8673538416624069,54.28744125366211,0.2,-0.0022426897176046623,14736,-135.69183045681567
123.0,944128,2155,45.0,1,0,-0.009548565198969072,42.740322889527306,0.005859375,0.00062029203,0.0001,0.9213204830884933,2.8970987796783447,0.2,-0.0012943998735863715,14744,-137.77881586100906
129.5,944640,2451,45.0,1,0,-0.02514166483280178,64.44606905058026,0.009521484375,0.0011188292,0.0001,0.8961151838302612,15.48475456237793,0.2,-0.004509425187279703,14752,-139.92445522543042
153.5,945152,2522,45.0,1,0,-0.00825929284007998,61.80996158113703,0.0068359375,0.008036802,0.0001,0.712363988161087,4.119047164916992,0.2,-0.0016841020624269731,14760,-138.84890520434826
182.0,945664,2190,45.0,1,0,-0.013102218286348943,32.22554208035581,0.009765625,0.0031159688,0.0001,0.9064424633979797,1.0591678619384766,0.2,-0.0025041063036042033,14768,-137.27060238197447
176.5,946176,2290,45.0,1,0,-0.010694507907345496,39.962356980890036,0.005615234375,0.0011865853,0.0001,0.8523670732975006,0.7535864114761353,0.2,-0.002732207540248055,14776,-132.63801348485052
165.0,946688,2510,45.0,1,0,-0.011037666408128644,45.607707826420665,0.00390625,0.0003216865,0.0001,0.9225363507866859,5.753791332244873,0.2,-0.0007847417246011901,14784,-129.07689159683883
187.0,947200,2259,45.0,1,0,-0.008301777107163844,31.545835784636438,0.005859375,0.0072357715,0.0001,0.9150395169854164,0.5831533074378967,0.2,-0.0016044825824792497,14792,-126.4605514440313
198.5,947712,2026,45.0,1,0,-0.006798690469736357,121.75930471345782,0.00634765625,0.0058000884,0.0001,0.8702501952648163,66.6328353881836,0.2,-0.002826667423505569,14800,-124.14838844239712
216.0,948224,2425,45.0,1,0,-0.015177102907784956,289.34582690894604,0.00439453125,0.0013087245,0.0001,0.8108505457639694,29.506223678588867,0.2,-0.003561866889867815,14808,-126.69883187249303
205.5,948736,2263,45.0,1,0,-0.013636886311417129,48.33679306693375,0.006103515625,0.0011714331,0.0001,0.9033733829855919,2.935340166091919,0.2,-0.0022832215909147635,14816,-126.19971258379519
200.5,949248,2530,45.0,1,0,-0.01861421126989171,48.48141778819263,0.00830078125,0.002895221,0.0001,0.9357143566012383,27.35643768310547,0.2,0.0007506206293328432,14824,-127.9501181954518
161.0,949760,2646,45.0,1,0,-0.007153748107896263,28.630168924224563,0.005615234375,0.0006746198,0.0001,0.8773970156908035,2.293565273284912,0.2,-0.001833309212088352,14832,-129.78926533326506
137.0,950272,2535,45.0,1,0,-0.009317712039376147,39.301171179628,0.01123046875,0.014270806,0.0001,0.9286772385239601,0.577207624912262,0.2,-0.005133946817295509,14840,-131.98584357794374
125.5,950784,2265,45.0,1,0,-0.011532037576756693,32.719922799034975,0.01220703125,0.0075148353,0.0001,0.8829926997423172,1.6491144895553589,0.2,-0.004152928573603276,14848,-133.88443054996432
155.0,951296,2461,45.0,1,0,-0.01632610788448119,50.043438378255814,0.008056640625,0.0026917653,0.0001,0.9247900322079659,8.216551780700684,0.2,-0.0035596093839558307,14856,-134.34946243785322
131.0,951808,2268,45.0,1,0,-0.006785335010306426,15.759984562871978,0.00537109375,0.0023208256,0.0001,0.9385037422180176,1.2083572149276733,0.2,-0.0019526604301063344,14864,-132.61707345664502
151.5,952320,2065,45.0,1,0,-0.013332606082144594,86.40876068547368,0.012939453125,0.0015722917,0.0001,0.8955498114228249,13.010292053222656,0.2,-0.005401669208367821,14872,-130.33366158775985
147.0,952832,2239,45.0,1,0,-0.011949979347264161,36.884548760950565,0.0048828125,0.00084478944,0.0001,0.9412716999650002,1.4768521785736084,0.2,-0.0017997363611357287,14880,-130.3897953157127
150.5,953344,2295,45.0,1,0,-0.017639806411807513,63.178033044561744,0.013427734375,0.004368063,0.0001,0.9228097796440125,7.993140697479248,0.2,-0.005000541001209058,14888,-132.77594754997642
156.0,953856,2506,45.0,1,0,-0.019697413767943317,210.8223428502679,0.0107421875,0.0073898733,0.0001,0.8712973743677139,8.755146026611328,0.2,-0.005518122299690731,14896,-134.90935789886862
173.0,954368,2401,45.0,1,0,-0.00435783628779518,33.77054365692311,0.003662109375,0.0027713962,0.0001,0.7821852564811707,4.758876800537109,0.2,-0.0004839971661567688,14904,-135.37634499073027
166.0,954880,2297,45.0,1,0,-0.011379108558543294,42.05631175311282,0.00830078125,0.0022671707,0.0001,0.910341776907444,9.53506088256836,0.2,-0.003246577449317556,14912,-135.25356150135397
158.0,955392,2393,45.0,1,0,-0.010946353999912617,46.53437297604978,0.0107421875,0.006220519,0.0001,0.9155800640583038,2.129509687423706,0.2,-0.004236550041241571,14920,-136.85852186702192
150.0,955904,2384,45.0,1,0,-0.009042698845405539,37.525624044646975,0.009033203125,0.0020538943,0.0001,0.9137997925281525,0.30903658270835876,0.2,-0.00389771320624277,14928,-136.60607190176844
139.5,956416,2265,45.0,1,0,-0.013969446811387343,57.85835091397166,0.011962890625,0.0063042846,0.0001,0.8809012025594711,11.487983703613281,0.2,-0.005910749081522226,14936,-137.9706274229288
96.5,956928,2426,45.0,1,0,-0.013491964256928668,137.68907926231623,0.008544921875,0.0010573069,0.0001,0.8771005421876907,23.317476272583008,0.2,-0.003968103945226176,14944,-135.13810754172505
113.5,957440,2135,45.0,1,0,-0.013016944534996355,13.609815773263108,0.01220703125,0.009904325,0.0001,0.9723520185798407,0.48675593733787537,0.2,-0.0013097579139866866,14952,-132.01752735748886
110.0,957952,2325,45.0,1,0,-0.013246513073681854,46.44740031659603,0.010498046875,0.002575694,0.0001,0.9186511635780334,3.4270317554473877,0.2,-0.0025728971741045825,14960,-126.06244213081897
110.0,958464,2693,45.0,1,0,-0.011380473543454173,17.338486923486926,0.006103515625,0.009734733,0.0001,0.9226213246583939,1.2831671237945557,0.2,-0.004761847088957438,14968,-125.31892128881067
132.0,958976,2218,45.0,1,0,-0.009711689277878577,8.152112730080262,0.0078125,0.0012997428,0.0001,0.9306947216391563,0.17132668197155,0.2,-0.0023827077966416255,14976,-124.85733178582042
179.0,959488,2048,45.0,1,0,-0.013902252312703922,43.76433062646538,0.006591796875,0.0012742811,0.0001,0.932045467197895,0.5269529819488525,0.2,-0.002184682929510018,14984,-127.68708096023649
208.0,960000,2335,45.0,1,0,-0.021512489273675328,211.7501412332058,0.018798828125,0.01563291,0.0001,0.8494593650102615,67.71944427490234,0.2,-0.009577367614838295,14992,-131.27361551217734
242.0,960512,2577,45.0,1,0,-0.011789773256936087,78.77968011051416,0.0087890625,0.0033285036,0.0001,0.900402195751667,0.5584396123886108,0.2,-0.003680998301206273,15000,-133.1333324328065
289.5,961024,1985,45.0,1,0,-0.009353335819838549,77.89654138218611,0.005615234375,0.0014979357,0.0001,0.8751837089657784,35.723209381103516,0.2,-0.003921961069863755,15008,-135.38238635670393
308.0,961536,1735,45.0,1,0,-0.012729804420473556,124.51689069718122,0.004150390625,0.0010508988,0.0001,0.8880347833037376,18.453880310058594,0.2,-0.003945480675611179,15016,-137.77134472139178
352.0,962048,2137,45.0,1,0,-0.01068983772151455,43.32591261994094,0.004638671875,0.0012701328,0.0001,0.9292902499437332,6.3031816482543945,0.2,-0.0023943146952660754,15024,-138.89623264424503
329.5,962560,2433,45.0,1,0,-0.020293987439345074,88.4823420792818,0.010498046875,0.0012980199,0.0001,0.9051550105214119,5.94984245300293,0.2,-0.0048546222315053456,15032,-140.57940938182176
299.5,963072,2865,45.0,1,0,-0.006300156374152266,18.023976353695616,0.006591796875,0.0011698899,0.0001,0.9434791244566441,0.79787278175354,0.2,-0.002903677239373792,15040,-140.43815139535815
254.5,963584,2375,45.0,1,0,-0.0055789942590678265,10.41809649062634,0.004638671875,0.008398106,0.0001,0.9526910185813904,0.05628784000873566,0.2,0.0011818011589639354,15048,-139.51819520432502
185.5,964096,2309,45.0,1,0,-0.012474074891301257,138.8821305371821,0.007568359375,0.0023721866,0.0001,0.8567852824926376,23.696767807006836,0.2,0.005139012708241353,15056,-140.0804094467312
180.0,964608,2410,45.0,1,0,-0.014231330110959561,51.80427658557892,0.007080078125,0.0031937738,0.0001,0.9435494616627693,1.2800171375274658,0.2,-0.0031334177510871086,15064,-136.00833628304304
154.0,965120,2555,45.0,1,0,-0.011759949765249189,35.49798831390217,0.00634765625,0.0029540742,0.0001,0.9179764688014984,4.0317816734313965,0.2,-0.00355616606248077,15072,-134.78698751512914
106.0,965632,2134,45.0,1,0,-0.009060393123249355,20.498338219244033,0.00439453125,0.003314342,0.0001,0.9213244691491127,0.5545153021812439,0.2,-0.0023811074170225766,15080,-133.0129245616123
69.0,966144,2613,45.0,1,0,-0.01627963129243426,57.64657645509578,0.010009765625,0.0020894373,0.0001,0.9380659982562065,6.917089939117432,0.2,-0.0035231664005550556,15088,-132.53860297173262
41.0,966656,2057,45.0,1,0,-0.008666841538115477,24.610427628969774,0.0048828125,0.0017150969,0.0001,0.9509415403008461,3.283769369125366,0.2,-0.002772647558231256,15096,-133.28745857987553
63.5,967168,2635,45.0,1,0,-0.019966635201171812,46.052052485756576,0.0029296875,0.0010007794,0.0001,0.8781069293618202,3.043544292449951,0.2,-0.0028940581250935793,15104,-129.65975301798434
39.5,967680,2330,45.0,1,0,-0.005642162590248745,15.260491254157387,0.0048828125,0.0023717703,0.0001,0.9029377400875092,0.3206339180469513,0.2,-0.0008507649235980352,15112,-128.88922030713408
21.0,968192,2518,45.0,1,0,-0.004673689586681462,13.143923767690922,0.00341796875,0.0036908921,0.0001,0.960078664124012,0.10529038310050964,0.2,-0.0028900304132548627,15120,-128.24940516661852
17.0,968704,2268,45.0,1,0,-0.011557948618616365,61.674845337402076,0.010498046875,0.008387757,0.0001,0.8675511628389359,3.3779609203338623,0.2,-0.004362166433566017,15128,-127.39381345488131
79.0,969216,2058,45.0,1,0,-0.009700951341756081,14.275112551258644,0.01416015625,0.055272482,0.0001,0.9638064540922642,1.8084577322006226,0.2,0.0028771283286914695,15136,-126.7293305331096
88.5,969728,2129,45.0,1,0,-0.031199566345634366,480.6482897400856,0.01953125,0.005992867,0.0001,0.6978729069232941,30.827369689941406,0.2,-0.010393461940111592,15144,-130.61054263673722
167.0,970240,1563,45.0,1,0,-0.015301669998905254,94.54690418764949,0.002685546875,0.0006796719,0.0001,0.8883672133088112,6.187222003936768,0.2,-0.0022691057856718544,15152,-132.5566154654324
205.0,970752,2087,45.0,1,0,-0.01433548818013719,227.97549898922443,0.005615234375,0.0011630795,0.0001,0.7913435399532318,47.79256820678711,0.2,-0.0021537883731070906,15160,-131.47179656907917
172.0,971264,2155,45.0,1,0,-0.018934793076653023,183.4054999575019,0.010498046875,0.0012114224,0.0001,0.7191196382045746,19.204029083251953,0.2,-0.003551583522494184,15168,-134.17716916333885
172.0,971776,2641,45.0,1,0,-0.017072853668139487,969.9506549239159,0.002685546875,0.0008410576,0.0001,0.6610220670700073,137.8599853515625,0.2,-0.0020613185843103565,15176,-144.22913880228995
270.0,972288,2294,45.0,1,0,-0.009950515204877775,88.85024068318307,0.00390625,0.031785462,0.0001,0.7793523222208023,5.469175815582275,0.2,-0.0011648054351098835,15184,-146.9695997273922
303.0,972800,2155,45.0,1,0,-0.012294901362565724,81.22503864392638,0.001953125,0.0002653621,0.0001,0.897190660238266,3.110194683074951,0.2,-0.0006332113916869275,15192,-146.13522172614933
292.5,973312,2514,45.0,1,0,-0.014301256339962265,152.60739916563034,0.003173828125,0.0009447037,0.0001,0.8030237853527069,6.5444488525390625,0.2,-0.0021460712159750983,15200,-148.06386226765812
288.5,973824,2223,45.0,1,0,-0.010361926820223744,26.75805764971301,0.006103515625,0.00060905877,0.0001,0.924274817109108,0.26706185936927795,0.2,-0.003375677742951666,15208,-144.56138936486096
256.0,974336,2194,45.0,1,0,-0.01949471669681202,108.48496715351939,0.00732421875,0.002564499,0.0001,0.8139492124319077,11.91763973236084,0.2,-0.00395312754335464,15216,-142.26663444627076
223.0,974848,2172,45.0,1,0,-0.009731123438854183,55.742945555597544,0.00537109375,0.0008460552,0.0001,0.8985190242528915,0.3583180904388428,0.2,-0.00223624759746599,15224,-139.02389514759182
246.0,975360,2122,45.0,1,0,-0.011774748373966304,145.78348809108138,0.006103515625,0.0005277387,0.0001,0.81368488073349,49.221126556396484,0.2,-0.002996963135956321,15232,-136.4340132262558
247.5,975872,2239,45.0,1,0,-0.015025733212837622,113.52365235984325,0.011962890625,0.0010323151,0.0001,0.8268423974514008,27.279447555541992,0.2,-0.00411979918499128,15240,-134.1701848550141
247.5,976384,2654,45.0,1,0,-0.017427020489492406,55.675898153334856,0.009033203125,0.0031817998,0.0001,0.9161874130368233,14.544081687927246,0.2,-0.003168235569319222,15248,-128.24053188253194
193.5,976896,2559,45.0,1,0,-0.005861506267137884,8.867673361644847,0.00830078125,0.019301018,0.0001,0.932853527367115,0.3083314597606659,0.2,-0.0016066390853666235,15256,-127.86578663222491
159.0,977408,2236,45.0,1,0,-0.01208247776838789,47.6159749890212,0.00927734375,0.0009452839,0.0001,0.9339159652590752,6.0817036628723145,0.2,-0.0036167640255371225,15264,-127.83902124151588
178.5,977920,1708,45.0,1,0,-0.013230243483576487,48.34226081520319,0.010498046875,0.0052693887,0.0001,0.9304169416427612,6.0677289962768555,0.2,-0.003883957466314314,15272,-129.98082068361342
174.0,978432,2271,45.0,1,0,-0.007826350023179884,87.62056225026026,0.006591796875,0.001267131,0.0001,0.8942785710096359,20.170705795288086,0.2,-0.003148054762277752,15280,-133.86824986495077
173.5,978944,2102,45.0,1,0,-0.013700108758939678,57.98316833656281,0.0078125,0.007445641,0.0001,0.877156987786293,34.60014343261719,0.2,-0.001989456854062155,15288,-133.90433238498866
144.0,979456,2434,45.0,1,0,-0.014370751121361991,129.13184456154704,0.008544921875,0.0014001962,0.0001,0.8869614005088806,18.81610107421875,0.2,-0.0032352555526813376,15296,-136.50360923439266
105.0,979968,2039,45.0,1,0,-0.009128160042706668,30.06034053955227,0.00537109375,0.004700776,0.0001,0.9235066175460815,0.6128376722335815,0.2,-0.0026080175666720606,15304,-137.32386410281063
98.0,980480,2412,45.0,1,0,-0.019071681928068074,51.27020093984902,0.009765625,0.0013868357,0.0001,0.8988396599888802,6.832972049713135,0.2,-0.0037054170097690076,15312,-136.80337030775846
123.5,980992,2813,45.0,1,0,-0.011946524615268572,54.870048029813915,0.01025390625,0.0025252248,0.0001,0.8308620005846024,37.44396209716797,0.2,-0.0041860886030917754,15320,-135.32479166250675
125.5,981504,2364,45.0,1,0,-0.005361329624093969,11.089578525112302,0.00634765625,0.0051726336,0.0001,0.8919610232114792,0.15117128193378448,0.2,-0.004235917022015201,15328,-135.06988610118628
126.5,982016,2365,45.0,1,0,-0.009420169824835511,37.830641014967114,0.00390625,0.009529544,0.0001,0.928937554359436,1.3966542482376099,0.2,-0.0012411279276420828,15336,-132.57738351248204
122.5,982528,2493,45.0,1,0,-0.011318292334323132,14.745914340135641,0.00927734375,0.002675571,0.0001,0.945572167634964,1.4260821342468262,0.2,-0.002973713377286913,15344,-130.34501424007118
89.5,983040,2535,45.0,1,0,-0.00776087793818192,70.16886604996398,0.003173828125,0.0015329903,0.0001,0.8585279434919357,6.20957088470459,0.2,-0.001979207361728186,15352,-129.33978018201887
64.0,983552,2297,45.0,1,0,-0.007766551581795511,20.888145805569366,0.007568359375,0.006914581,0.0001,0.9408830404281616,3.8444747924804688,0.2,-0.005068836500868201,15360,-129.40065308481454
85.5,984064,2428,45.0,1,0,-0.008554232435670883,48.27842495124787,0.008056640625,0.004517502,0.0001,0.926332525908947,2.147089958190918,0.2,-0.004147873862166307,15368,-127.88532306365668
111.0,984576,2000,45.0,1,0,-0.013446478858327282,48.768889310304075,0.009765625,0.0046245777,0.0001,0.9189908877015114,0.7597118020057678,0.2,-0.003886519657498866,15376,-128.85017160389572
111.0,985088,2594,45.0,1,0,-0.02029311529656752,97.38553945161402,0.00927734375,0.0013193351,0.0001,0.9200166463851929,11.79489517211914,0.2,-0.002488344965968281,15384,-129.34820907101036
62.0,985600,2873,45.0,1,0,-0.006495940915485221,19.520237256539986,0.003173828125,0.0029459798,0.0001,0.8171689957380295,0.7303537726402283,0.2,-0.0012473445676732808,15392,-129.553949871473
83.5,986112,2264,45.0,1,0,-0.0027378285038253125,10.309794203123147,0.001953125,0.0027987985,0.0001,0.9652839377522469,0.19081850349903107,0.2,-0.0009832555588218383,15400,-129.36909733835608
64.5,986624,2551,45.0,1,0,-0.0055498548553316596,17.705086625937838,0.00244140625,0.0004386279,0.0001,0.916730485856533,0.2803914546966553,0.2,-0.0011315006122458726,15408,-128.1554775821045
85.5,987136,2444,45.0,1,0,-0.009840635347956095,6.3904530188883655,0.00927734375,0.0018253289,0.0001,0.9797836299985647,0.6923944354057312,0.2,-0.0011441630340414122,15416,-127.82984026778489
85.5,987648,2461,45.0,1,0,-0.01033294938747531,31.49871269520372,0.01025390625,0.005637519,0.0001,0.9195592030882835,0.42931273579597473,0.2,-0.0018707460112636909,15424,-126.28394039507955
98.5,988160,1947,45.0,1,0,-0.005798915810544258,6.363846996740904,0.003662109375,0.0016347206,0.0001,0.9647389762103558,0.2360997498035431,0.2,-0.0019140496106047067,15432,-126.1201865676418
121.5,988672,2183,45.0,1,0,-0.01220401568345153,166.52376543730497,0.003662109375,0.002049508,0.0001,0.885591633617878,23.228046417236328,0.2,-0.0021390830443124287,15440,-129.35515517178922
119.0,989184,2050,45.0,1,0,-0.013203620477952427,81.08294601365924,0.015380859375,0.0024529253,0.0001,0.8697888106107712,2.233290195465088,0.2,-0.0063272734587371815,15448,-130.5470808694884
119.0,989696,2634,45.0,1,0,-0.015042242545945328,39.644586469978094,0.00830078125,0.0020848042,0.0001,0.9441840164363384,8.61630916595459,0.2,-0.002666262960701715,15456,-132.16344381712378
119.0,990208,2673,45.0,1,0,-0.003843088316813237,5.346773089258932,0.00244140625,0.00076491956,0.0001,0.9562642797827721,0.1907786726951599,0.2,-0.000597771711909445,15464,-134.17531704913824
119.0,990720,2496,45.0,1,0,-0.004797683849801615,12.45903959334828,0.0029296875,0.0028128554,0.0001,0.9699525889009237,0.5666912794113159,0.2,-0.0011103362612630008,15472,-136.01594838213177
138.0,991232,2397,45.0,1,0,-0.0086962804830506,16.866874779807404,0.0048828125,0.0003089978,0.0001,0.9067049473524094,0.23469477891921997,0.2,-0.001916364999487996,15480,-136.78126090001314
138.0,991744,2327,45.0,1,0,-0.00856863515718942,9.715569901221897,0.00830078125,0.009886313,0.0001,0.9701993968337774,0.8050746917724609,0.2,-0.003534477265930036,15488,-136.7373707441613
148.5,992256,2413,45.0,1,0,-0.012612149680819584,13.463075125473551,0.0068359375,0.0037649896,0.0001,0.9512323588132858,5.994962692260742,0.2,-0.002409764267213177,15496,-135.80543840520085
99.5,992768,2229,45.0,1,0,-0.010588692719338155,74.20713339187205,0.007080078125,0.0007458582,0.0001,0.90447036921978,3.6823246479034424,0.2,-0.0009996379449148662,15504,-135.70010743267835
81.0,993280,2267,45.0,1,0,-0.009415203320884302,49.43211875855923,0.004638671875,0.0011952408,0.0001,0.9281900376081467,2.2032454013824463,0.2,-0.0018124142625310924,15512,-132.38700327150525
81.0,993792,2143,45.0,1,0,-0.023467015168421312,142.71482679620385,0.013916015625,0.0050505507,0.0001,0.8180585652589798,11.122068405151367,0.2,-0.004713688776973868,15520,-132.86221911482514
81.0,994304,2807,45.0,1,0,-0.02307862709811559,31.776278036646545,0.0146484375,0.053872153,0.0001,0.949126597493887,2.317159652709961,0.2,-0.003574480528186541,15528,-132.15089497026057
54.5,994816,2558,45.0,1,0,-0.005838048199954926,4.788715046001016,0.002685546875,0.0013834874,0.0001,0.9516480229794979,0.6299613118171692,0.2,-0.0017249782467843033,15536,-131.63588684897869
56.0,995328,1787,45.0,1,0,-0.008584866670489077,102.3977045326028,0.00537109375,0.004365136,0.0001,0.8743247240781784,0.885404646396637,0.2,-0.00322595612715304,15544,-131.96330496858806
35.5,995840,2541,45.0,1,0,-0.006237766311087967,13.900064532877877,0.003662109375,0.0007117718,0.0001,0.9611562713980675,0.7358973622322083,0.2,-0.0005097315479360987,15552,-133.12783874269576
4.0,996352,2468,45.0,1,0,-0.01370756981432919,14.458672232343815,0.013916015625,0.007851886,0.0001,0.9673641473054886,0.5106054544448853,0.2,0.002663724448211724,15560,-132.7810730698332
22.0,996864,2314,45.0,1,0,-0.020464917691839446,73.50708205509,0.014404296875,0.0047899378,0.0001,0.8807785734534264,5.7849907875061035,0.2,-0.004200062605377752,15568,-135.14515159409493
2.0,997376,2388,45.0,1,0,-0.012243405570536936,110.57856807112694,0.004150390625,0.0008174364,0.0001,0.6233092844486237,6.406095027923584,0.2,-0.002312935142981587,15576,-132.9042824114114
16.5,997888,2210,45.0,1,0,-0.011661402320129355,41.955659630475566,0.0068359375,0.006029994,0.0001,0.9179846942424774,11.368885040283203,0.2,-0.003149963500618469,15584,-133.89044104889035
19.0,998400,2150,45.0,1,0,-0.027459793814834654,127.02192931249738,0.01220703125,0.0048049376,0.0001,0.8528095930814743,46.14562225341797,0.2,-0.004860702025325736,15592,-132.30345150060953
19.0,998912,2712,45.0,1,0,-0.014304432298644087,47.30986590124667,0.01171875,0.00415003,0.0001,0.9342342838644981,6.918154239654541,0.2,-0.004750481257360661,15600,-132.90362310852856
45.5,999424,2415,45.0,1,0,-0.004066612392726654,6.092361877894291,0.006103515625,0.008655378,0.0001,0.9409758597612381,0.13502025604248047,0.2,-0.0021140209237273666,15608,-133.20340006705374
44.0,999936,2270,45.0,1,0,-0.008738363104029645,33.79586806939915,0.002685546875,0.0028117162,0.0001,0.9409447759389877,0.14274127781391144,0.2,-0.0014539854091708548,15616,-132.37084551092238
30.0,1000448,2471,45.0,1,0,-0.008927736949800646,8.205024407972815,0.00634765625,0.0019913972,0.0001,0.9665925949811935,0.09635761380195618,0.2,-0.0028105829787818948,15624,-131.86290409702806
61.5,1000960,2646,45.0,1,0,-0.012393217577169935,16.587140915333293,0.008056640625,0.0043914053,0.0001,0.9538866281509399,1.2719144821166992,0.2,-0.0019197496440028772,15632,-132.46468733906747
42.0,1001472,2286,45.0,1,0,-0.008788773462669042,10.25138475233689,0.0048828125,0.0043734517,0.0001,0.9577941112220287,0.3563493490219116,0.2,-0.004447636718396097,15640,-129.92652276679874
38.5,1001984,2551,45.0,1,0,-0.010643598815590849,26.98606288433075,0.01025390625,0.0044810628,0.0001,0.9255802929401398,1.8723827600479126,0.2,-0.003628367687269929,15648,-130.43545427192004
9.5,1002496,2183,45.0,1,0,-0.013119818150485685,26.47082557203248,0.010498046875,0.008685794,0.0001,0.9449094012379646,0.7117458581924438,0.2,-0.004300532247725641,15656,-130.3749617528543
7.0,1003008,2491,45.0,1,0,-0.017209867562485215,78.08094856608659,0.00830078125,0.0013101887,0.0001,0.8943106085062027,1.8602628707885742,0.2,-0.004216886553876975,15664,-129.33473530802877
7.0,1003520,3001,45.0,1,0,-0.005427888157143457,19.0946797686629,0.001708984375,0.00017103832,0.0001,0.8457824289798737,0.2147640734910965,0.2,-0.0015010300448921043,15672,-127.21170325797051
-19.5,1004032,2493,45.0,1,0,-0.0036310763948890212,5.720542571973056,0.00732421875,0.027526319,0.0001,0.92686527967453,0.3371155858039856,0.2,0.004476346610317705,15680,-127.37143496315926
-40.5,1004544,2488,45.0,1,0,-0.012508102066803417,96.33449128293432,0.00830078125,0.0047196113,0.0001,0.8838831856846809,7.808527946472168,0.2,-0.005192037711822195,15688,-129.40021863453092
-52.0,1005056,1799,45.0,1,0,-0.010056203355361504,19.83594457549043,0.005859375,0.0019423417,0.0001,0.9429102092981339,0.47848382592201233,0.2,-0.0026731756879598834,15696,-131.5139026652649
-67.5,1005568,2711,45.0,1,0,-0.015376004430272872,169.99339604005218,0.013427734375,0.0016688164,0.0001,0.8654427975416183,141.6291961669922,0.2,-0.0033934896910068346,15704,-133.1355093275383
-43.5,1006080,2091,45.0,1,0,-0.007986619913587845,54.24025315779727,0.00146484375,0.00015231268,0.0001,0.893616609275341,4.333258152008057,0.2,-0.0010106860427185893,15712,-137.18671950433404
-43.5,1006592,2634,45.0,1,0,-0.010830918780342813,123.39164685085416,0.002685546875,0.0012081766,0.0001,0.9327292516827583,50.564273834228516,0.2,-0.002083332254187553,15720,-141.60415429402144
-74.5,1007104,2348,45.0,1,0,-0.008433113510903922,25.4681945512566,0.00927734375,0.016945826,0.0001,0.9489692933857441,6.729401111602783,0.2,-0.0029979393802932464,15728,-141.94113979708402
-70.0,1007616,2639,45.0,1,0,-0.019934329899257364,59.33008045516908,0.02392578125,0.014977209,0.0001,0.9280369877815247,2.4768171310424805,0.2,0.004508961910687503,15736,-143.69755068372936
-70.0,1008128,2887,45.0,1,0,-0.013364284978564456,81.97161733482062,0.009765625,0.0030183366,0.0001,0.830560952425003,35.240394592285156,0.2,-0.005525478287381702,15744,-146.6741827237606
-68.0,1008640,2172,45.0,1,0,-0.0026775648447312506,16.824320650630398,0.00048828125,8.312531e-05,0.0001,0.9009285271167755,0.5011242628097534,0.2,-0.00040623785025672987,15752,-146.9385003721714
-88.5,1009152,2735,45.0,1,0,-0.01561392302747322,151.16587984003127,0.0078125,0.0015535855,0.0001,0.8534727692604065,1.1446988582611084,0.2,-0.0012669128846027888,15760,-146.5501075166464
-111.0,1009664,2317,45.0,1,0,-0.007732363282755728,9.918428110948298,0.00439453125,0.001970693,0.0001,0.9747893325984478,0.03037959523499012,0.2,-0.0020449679541343357,15768,-145.86661944441497
-111.0,1010176,2591,45.0,1,0,-0.016694691400203965,70.87127530388534,0.00634765625,0.00081187685,0.0001,0.905965194106102,9.147130966186523,0.2,-0.004814271451323293,15776,-145.84833437804133
-165.5,1010688,2432,45.0,1,0,-0.009135447800503016,30.103117687802296,0.00439453125,0.0019972916,0.0001,0.9399333596229553,2.402519702911377,0.2,0.00047757793072378263,15784,-146.96169409323483
-188.0,1011200,2332,45.0,1,0,-0.01433630723802537,81.65015725791454,0.00341796875,0.00049857935,0.0001,0.9191234707832336,5.096437454223633,0.2,-0.0005080054725112859,15792,-145.66208007413894
-213.0,1011712,2718,45.0,1,0,-0.016382758029820366,54.38909125048667,0.008544921875,0.002325274,0.0001,0.9302728921175003,3.3543202877044678,0.2,-0.005274841433674737,15800,-148.1989328437671
-246.0,1012224,2849,45.0,1,0,-0.012376923919774185,647.5995393022895,0.004638671875,0.0005657718,0.0001,0.7453820109367371,296.2454833984375,0.2,-0.0013671025444637053,15808,-151.18941780608148
-248.0,1012736,2694,45.0,1,0,-0.006991741249635197,19.493632847676054,0.00927734375,0.028196014,0.0001,0.876147635281086,0.27315056324005127,0.2,-0.0009204182533721905,15816,-148.76411341737955
-249.5,1013248,2595,45.0,1,0,-0.007802213810990111,37.84590392559767,0.006103515625,0.0041469308,0.0001,0.9323031604290009,2.7363789081573486,0.2,0.004207354925711115,15824,-147.41295067828148
-226.0,1013760,2266,45.0,1,0,-0.006615895845257569,13.165911128919106,0.007080078125,0.0014353013,0.0001,0.9126276075839996,0.5084658861160278,0.2,-0.00226456779637374,15832,-146.43138926733286
-203.5,1014272,2354,45.0,1,0,-0.01392149683140076,71.7209835308604,0.00830078125,0.004274645,0.0001,0.8959802910685539,2.4057581424713135,0.2,-0.004859536209551152,15840,-146.20801836986095
-191.0,1014784,2626,45.0,1,0,-0.01727685988979033,98.89809152111411,0.005615234375,0.0016587377,0.0001,0.8713738471269608,26.851421356201172,0.2,-0.0011558223777683452,15848,-144.9248533324152
-169.5,1015296,1739,45.0,1,0,-0.013403860109164611,70.13503240223508,0.00830078125,0.006311604,0.0001,0.8720215111970901,10.868959426879883,0.2,-0.006369103978613566,15856,-145.9739099328965
-178.0,1015808,2643,45.0,1,0,-0.012955236741220233,74.89725050330162,0.006591796875,0.0040524,0.0001,0.9323437884449959,13.776693344116211,0.2,-0.0019104477469227277,15864,-147.6318048915267
-177.0,1016320,2671,45.0,1,0,-0.012141285360570464,55.1658354527317,0.01220703125,0.004942239,0.0001,0.9405618347227573,2.1521921157836914,0.2,-0.00600342862890102,15872,-148.09449915293604
-177.0,1016832,2852,45.0,1,0,-0.007172747594239581,71.24666929990053,0.001708984375,0.001988884,0.0001,0.9049519598484039,7.5667033195495605,0.2,-0.002686156511117588,15880,-146.55556398145853
-192.0,1017344,2689,45.0,1,0,-0.00502792302626176,87.78901589220914,0.00244140625,0.0062757167,0.0001,0.8446719795465469,57.78925704956055,0.2,-0.0012173588875157293,15888,-149.03922798223795
-184.5,1017856,2647,45.0,1,0,-0.013363766546149236,36.39285061357077,0.0068359375,0.0017954839,0.0001,0.8938533440232277,7.191312789916992,0.2,-0.001064572272298392,15896,-149.02852715440093
-194.0,1018368,2504,45.0,1,0,-0.004903765666952609,17.468335305689834,0.005859375,0.004764098,0.0001,0.9470436349511147,0.7505690455436707,0.2,-0.0013896317104808986,15904,-150.75041792802512
-194.0,1018880,2248,45.0,1,0,-0.015153083179640703,27.32280068390537,0.009765625,0.001740144,0.0001,0.9357569962739944,0.17034542560577393,0.2,-0.004231253171383287,15912,-149.24999276746064
-193.5,1019392,2447,45.0,1,0,-0.020874228643407378,74.31010942882858,0.011474609375,0.0024137886,0.0001,0.9185600206255913,1.2524943351745605,0.2,-0.003012162371305749,15920,-149.93711676195264
-215.0,1019904,2741,45.0,1,0,-0.02153745029266929,115.49837309122086,0.01123046875,0.005833194,0.0001,0.8617218732833862,67.18952941894531,0.2,-0.005033975001424551,15928,-150.85328919261693
-225.0,1020416,2598,45.0,1,0,-0.009318786453846428,45.635223835590295,0.009033203125,0.008399768,0.0001,0.9563053585588932,4.468033313751221,0.2,-0.0033057893997465726,15936,-150.05281384263188
-222.0,1020928,2785,45.0,1,0,-0.011218188915577798,51.216874243691564,0.0078125,0.0043883873,0.0001,0.9532397165894508,37.31188201904297,0.2,-0.004559044322377304,15944,-148.63804500255733
-222.0,1021440,2758,45.0,1,0,-0.005738247652416817,61.129770745988935,0.005126953125,0.0013150771,0.0001,0.8561983853578568,9.194498062133789,0.2,-0.003201392162736738,15952,-149.88253303691744
-207.0,1021952,2549,45.0,1,0,-0.0059402923731823876,42.52261044550687,0.0029296875,0.00082644436,0.0001,0.9282644540071487,0.5905179381370544,0.2,-0.00219745996491838,15960,-150.37596125021577
-214.5,1022464,2480,45.0,1,0,-0.008166039454749807,28.6301346833352,0.008056640625,0.012090363,0.0001,0.945573266595602,1.038766860961914,0.2,-0.003647499073849758,15968,-152.21812764745206
-178.0,1022976,2258,45.0,1,0,-0.007497095928385988,19.604784701252356,0.004638671875,0.011108276,0.0001,0.921921506524086,0.236604243516922,0.2,-0.0024358476657653227,15976,-151.30275557432324
-157.0,1023488,2547,45.0,1,0,-0.012399498030433165,76.88623590115458,0.0087890625,0.0032301499,0.0001,0.9173358455300331,2.440732002258301,0.2,-0.0037853498943150043,15984,-153.64451262429355
-70.0,1024000,2081,45.0,1,0,-0.010806635926357444,225.88488470809534,0.01123046875,0.043750912,0.0001,0.8133981972932816,52.9634895324707,0.2,-0.0037202369785518385,15992,-153.67028988078238
-19.0,1024512,2061,45.0,1,0,-0.016482502775630792,191.04027203470469,0.00634765625,0.0009395289,0.0001,0.8503894060850143,67.08618927001953,0.2,-0.0022256178526731674,16000,-153.3486670121178
102.5,1025024,2090,45.0,1,0,-0.008958452928681027,111.46727206557989,0.005126953125,0.0024357312,0.0001,0.904155470430851,40.772464752197266,0.2,-0.002458234113873914,16008,-153.17317032102494
173.0,1025536,1765,45.0,1,0,-0.027961039561319012,184.10010689496994,0.0068359375,0.0005315795,0.0001,0.8784327059984207,34.32101821899414,0.2,-0.002506888638890814,16016,-154.34595448892563
173.0,1026048,2912,45.0,1,0,-0.009473236361628778,63.63543403893709,0.00341796875,0.00030509615,0.0001,0.8824447840452194,6.582863807678223,0.2,-0.0012107783113606274,16024,-156.40593710318208
210.0,1026560,2162,45.0,1,0,-0.0052883499274543055,28.43541100434959,0.00537109375,0.0002559356,0.0001,0.8611191511154175,4.299466133117676,0.2,-0.003948412206227658,16032,-154.2162788929045
226.0,1027072,2644,45.0,1,0,-0.013796407038427105,79.10194801352918,0.017578125,0.0061818976,0.0001,0.9183734282851219,16.622272491455078,0.2,-0.004289195134333568,16040,-154.3556432717666
212.0,1027584,2428,45.0,1,0,-0.0073063198270943985,16.175963292829692,0.003173828125,0.000466262,0.0001,0.9450596943497658,0.7468833327293396,0.2,-0.0009755802457220852,16048,-152.45175662454218
212.5,1028096,2583,45.0,1,0,-0.007813766747162276,36.10319879744202,0.005859375,0.0009244884,0.0001,0.8998140469193459,1.2742087841033936,0.2,-0.0023598991065227892,16056,-143.88841723319143
117.5,1028608,2433,45.0,1,0,-0.0085643320475981,32.090933847241104,0.00537109375,0.0011593177,0.0001,0.9062324985861778,1.7328873872756958,0.2,-0.003247240361815784,16064,-141.07864276904613
80.0,1029120,2410,45.0,1,0,-0.007744095007524265,38.43800577707589,0.005615234375,0.0007137292,0.0001,0.9035023003816605,6.483961582183838,0.2,-0.002976822535856627,16072,-134.36924253251402
36.0,1029632,2210,45.0,1,0,-0.013084499037347541,80.5671688974835,0.0078125,0.0011716601,0.0001,0.8756840154528618,24.80874252319336,0.2,-0.0009313782393292058,16080,-131.31624077402054
15.0,1030144,2591,45.0,1,0,-0.022444349706873368,31.78373966831714,0.01513671875,0.004654975,0.0001,0.9405753463506699,3.517943859100342,0.2,-0.002305867921677418,16088,-125.7410704337433
-18.0,1030656,2709,45.0,1,0,-0.005883578597931205,13.877298420062289,0.005615234375,0.0035104933,0.0001,0.8992909118533134,0.15334096550941467,0.2,-0.0020066882789251395,16096,-121.94540476996451
-15.5,1031168,2508,45.0,1,0,-0.008061312632605677,9.504893315519439,0.0107421875,0.0415428,0.0001,0.9577058777213097,0.09455377608537674,0.2,-0.0037467310730789904,16104,-119.92840731266887
3.0,1031680,2165,45.0,1,0,-0.006510057882465503,13.025751478096936,0.00341796875,0.0014061294,0.0001,0.9552918188273907,0.8978938460350037,0.2,-0.0006846443357062526,16112,-120.68383628863842
-26.5,1032192,2455,45.0,1,0,-0.010780703237713851,24.689643129706383,0.005126953125,0.00073251093,0.0001,0.9574295468628407,1.04184091091156,0.2,-0.0016019258873711806,16120,-122.94213537268341
26.5,1032704,2131,45.0,1,0,-0.009762530008288195,28.80257230211282,0.007568359375,0.04520493,0.0001,0.9347791895270348,1.6145256757736206,0.2,-0.0010619197382766288,16128,-125.34827106554062
105.5,1033216,1877,45.0,1,0,-0.020934604884786268,87.7465963801369,0.013427734375,0.0015486818,0.0001,0.8455474972724915,9.302614212036133,0.2,-0.00487062033971597,16136,-127.8567994447425
137.0,1033728,2203,45.0,1,0,-0.0308184009300021,507.41947996616364,0.009033203125,0.0024796778,0.0001,0.7562508434057236,160.38243103027344,0.2,-0.0036757287816726603,16144,-135.52899810656905
146.0,1034240,1658,45.0,1,0,-0.028085068930749912,836.597217977047,0.00390625,0.00051095197,0.0001,0.6072521209716797,376.6490783691406,0.2,-0.002509434005332878,16152,-140.9054307200387
194.0,1034752,2476,45.0,1,0,-0.027173784624437758,178.45193997770548,0.009521484375,0.002159284,0.0001,0.8750993236899376,27.27820587158203,0.2,-0.004648753765650326,16160,-145.6795742760226
225.0,1035264,2338,45.0,1,0,-0.009712736322427418,101.37578707002103,0.007080078125,0.0011661989,0.0001,0.8319782912731171,2.5759761333465576,0.2,-0.0024646763704367913,16168,-149.2037401651591
252.0,1035776,2261,45.0,1,0,-0.013306906508091743,166.61129906773567,0.002197265625,0.00044789084,0.0001,0.8531912267208099,35.49987030029297,0.2,-0.002056014944173512,16176,-149.99738630078733
251.5,1036288,2421,45.0,1,0,-0.018777175385935152,213.2348675429821,0.00830078125,0.00086413533,0.0001,0.8064684718847275,98.51805877685547,0.2,-0.003978269960498437,16184,-153.67304832950234
268.5,1036800,2273,45.0,1,0,-0.01108123558910279,55.042689320631325,0.00830078125,0.0035843942,0.0001,0.9183376133441925,6.69761848449707,0.2,-0.004924506811221363,16192,-154.70849949564786
183.0,1037312,2186,45.0,1,0,-0.009612266027545502,84.54709533601999,0.009033203125,0.006382451,0.0001,0.8837829306721687,8.243614196777344,0.2,-0.004386759926546802,16200,-157.2423906315118
171.5,1037824,2165,45.0,1,0,-0.02338233913650356,236.39468024671078,0.00439453125,0.001485502,0.0001,0.8398154675960541,35.72954177856445,0.2,-0.003423731397560914,16208,-156.64588187143207
148.0,1038336,2235,45.0,1,0,-0.011716011310795693,212.0016842931509,0.005615234375,0.0011442663,0.0001,0.813417062163353,14.939287185668945,0.2,-0.0029374513433140237,16216,-155.00719396233558
140.5,1038848,2397,45.0,1,0,-0.016031178043107275,111.90164380893111,0.00634765625,0.0020554932,0.0001,0.8862396031618118,26.935747146606445,0.2,-0.003910168998118024,16224,-153.1814065489918
115.0,1039360,2890,45.0,1,0,-0.016598180347727975,62.33615206182003,0.010498046875,0.0015275034,0.0001,0.8714689016342163,6.599571228027344,0.2,-0.004436010145582259,16232,-148.4230285353586
130.5,1039872,2156,45.0,1,0,-0.003596027821856751,8.631945239612833,0.005126953125,0.0021181535,0.0001,0.927066445350647,0.28473785519599915,0.2,-0.0027109221646242077,16240,-145.1887135316059
116.5,1040384,2205,45.0,1,0,-0.008717167724512365,37.62348076608032,0.00341796875,0.0013547635,0.0001,0.8766614347696304,0.9868977069854736,0.2,-0.0011717526540451217,16248,-140.5972229237482
117.0,1040896,2664,45.0,1,0,-0.013842074755928024,30.620896702632308,0.0087890625,0.00521268,0.0001,0.9309965893626213,2.48225736618042,0.2,-0.0026770624390337616,16256,-136.05905996322633
148.5,1041408,2260,45.0,1,0,-0.007044670787990981,7.627579570165835,0.00732421875,0.004776598,0.0001,0.9746869020164013,10.235523223876953,0.2,-0.002923086183727719,16264,-134.8090707917884
123.5,1041920,2259,45.0,1,0,-0.01191729983062828,36.64783758786507,0.010009765625,0.0064157373,0.0001,0.9126846492290497,7.717718124389648,0.2,-0.0051798967560898745,16272,-132.5383719884977
99.0,1042432,2275,45.0,1,0,-0.012660140818923082,57.77626009657979,0.00927734375,0.0027115126,0.0001,0.9031405001878738,21.594324111938477,0.2,-0.00467786668377812,16280,-129.74039562728257
64.5,1042944,2246,45.0,1,0,-0.011453408362228856,47.302899598609656,0.007080078125,0.00081904815,0.0001,0.9236574023962021,3.707826852798462,0.2,-0.003034567373106256,16288,-128.6129656480998
64.5,1043456,2437,45.0,1,0,-0.017946388288009985,89.7008034158498,0.014892578125,0.006493222,0.0001,0.8924736529588699,18.680030822753906,0.2,-0.0037111632045707665,16296,-126.94504030872136
64.5,1043968,2908,45.0,1,0,-0.01362692607858662,27.548943952075206,0.006591796875,0.012178967,0.0001,0.8567316979169846,0.6022411584854126,0.2,-0.0022905197183717974,16304,-128.6841971275583
-10.5,1044480,2257,45.0,1,0,-0.004061065834719102,8.576334461395163,0.00439453125,0.0013757773,0.0001,0.9264385849237442,0.07418839633464813,0.2,-0.001722854718536837,16312,-128.8740441126004
-26.5,1044992,2509,45.0,1,0,-0.009887324668937936,31.185422155307606,0.011962890625,0.01711874,0.0001,0.9330470338463783,0.2674923241138458,0.2,-0.0018340934402658604,16320,-129.9233861645311
3.5,1045504,2437,45.0,1,0,-0.007297000557969113,20.940427998430096,0.00537109375,0.0017241127,0.0001,0.9127273932099342,0.2200862169265747,0.2,-0.0028442568618629593,16328,-129.43799954835325
-45.0,1046016,2599,45.0,1,0,-0.007272139849362702,13.566411148291081,0.00537109375,0.004638762,0.0001,0.9370958209037781,0.5802746415138245,0.2,-0.002319695728147053,16336,-129.33785234369338
-49.0,1046528,2353,45.0,1,0,-0.010464902701414758,8.061500741285272,0.0107421875,0.0062779756,0.0001,0.9633947163820267,8.993581771850586,0.2,-0.004577758509185514,16344,-127.17981492094695
-53.5,1047040,2578,45.0,1,0,-0.009619221127309174,59.220703673549,0.005615234375,0.0028071622,0.0001,0.9018344208598137,63.056575775146484,0.2,-0.003211705467037973,16352,-126.32991258531808
-55.5,1047552,2560,45.0,1,0,-0.010090879019315935,47.79094369150698,0.002685546875,0.0030149186,0.0001,0.9214440509676933,2.1759085655212402,0.2,-0.0007496407488361001,16360,-127.73015554539859
-107.5,1048064,2741,45.0,1,0,-0.01711565658922609,64.95102293707896,0.014892578125,0.0043992447,0.0001,0.9183387532830238,2.361680746078491,0.2,-0.004744136342196725,16368,-129.17476501040161
-77.0,1048576,2468,45.0,1,0,-0.007305208104014582,18.203003995644394,0.009033203125,0.0021719579,0.0001,0.8818517029285431,0.7021948099136353,0.2,-0.002707008126890287,16376,-128.9739514738694
-52.5,1049088,2449,45.0,1,0,-0.008180713029616982,23.5582448078203,0.008056640625,0.0042485096,0.0001,0.9405712336301804,0.08144934475421906,0.2,-0.004901492402495933,16384,-130.8315110853687
-26.0,1049600,2433,45.0,1,0,-0.005320423310166689,17.657065644976683,0.00390625,0.0011468648,0.0001,0.9537840373814106,0.4714384078979492,0.2,-0.0018105606650351547,16392,-133.6130147143826
-69.5,1050112,2586,45.0,1,0,-0.006378789753455294,38.02191030536778,0.00537109375,0.0027648655,0.0001,0.9397339560091496,1.3022072315216064,0.2,-0.002589017268292082,16400,-135.5853480919078
-60.0,1050624,2525,45.0,1,0,-0.012194753532895675,35.93408363987692,0.007080078125,0.0028602302,0.0001,0.9265984520316124,0.24341444671154022,0.2,-0.005006220164432307,16408,-138.31346542447807
-60.0,1051136,2193,45.0,1,0,-0.009030869523002139,57.43499687919393,0.011474609375,0.07498942,0.0001,0.8775746524333954,1.0621206760406494,0.2,-0.00048150893053389154,16416,-141.367022023052
-24.0,1051648,2394,45.0,1,0,-0.018373592512659798,281.3396156951785,0.0126953125,0.002632973,0.0001,0.8421645313501358,6.378896713256836,0.2,-0.005185613736102823,16424,-145.07972056403756
39.0,1052160,1549,45.0,1,0,-0.008693159050324084,81.98611811734736,0.0068359375,0.00040541322,0.0001,0.9034000858664513,57.8559455871582,0.2,-0.0014922292557457695,16432,-144.8310003593564
70.0,1052672,2570,45.0,1,0,-0.017130953513060376,70.61252664774656,0.010986328125,0.0037470618,0.0001,0.9128103107213974,5.314990520477295,0.2,-0.004206545396300498,16440,-145.33253525182604
22.5,1053184,2607,45.0,1,0,-0.0029326848973028063,9.846564506413415,0.0029296875,0.0012568682,0.0001,0.9183924943208694,0.03131267428398132,0.2,-0.0012275252884137444,16448,-144.9131812371686
44.5,1053696,2508,45.0,1,0,-0.008450326662853058,25.171885007577657,0.00927734375,0.0049524168,0.0001,0.9085577949881554,0.11039120703935623,0.2,-0.0032398351959272986,16456,-142.98599581688643
38.5,1054208,2478,45.0,1,0,-0.008747260256967593,16.506501571973786,0.00634765625,0.0024282243,0.0001,0.9457400254905224,6.802967548370361,0.2,-0.0030911560861568432,16464,-142.31859340388328
28.5,1054720,2496,45.0,1,0,-0.005536800889814231,12.742952356144087,0.00439453125,0.0010856974,0.0001,0.9591710045933723,0.28327676653862,0.2,-0.0019439110001258086,16472,-141.28861747395248
43.5,1055232,2311,45.0,1,0,-0.011848245843765426,58.259560039266944,0.009765625,0.004512485,0.0001,0.8958437591791153,0.9183515906333923,0.2,-0.0061496081225413946,16480,-140.11523602414877
15.0,1055744,2179,45.0,1,0,-0.017687739439196548,108.34088496584445,0.009033203125,0.0050222045,0.0001,0.9049854204058647,12.663269996643066,0.2,-0.003747040555026615,16488,-141.7697321420908
15.0,1056256,2383,45.0,1,0,-0.015111994441895149,55.23694623634219,0.00732421875,0.0016349433,0.0001,0.9208729639649391,7.444332599639893,0.2,-0.003064912438276224,16496,-139.8401936210692
-9.0,1056768,2436,45.0,1,0,-0.012116303422629926,60.00614050962031,0.008056640625,0.0034114374,0.0001,0.8611752539873123,4.719440460205078,0.2,-0.0037551395544141997,16504,-138.57759894669056
-31.5,1057280,2431,45.0,1,0,-0.015358767179833421,28.828011876204982,0.008056640625,0.0023108777,0.0001,0.9475974999368191,2.6822872161865234,0.2,-0.0042164331230196694,16512,-137.2354105066508
-31.0,1057792,2464,45.0,1,0,-0.0039635270746885,144.6920661967015,0.010498046875,0.01671823,0.0001,0.689582347869873,0.7999107241630554,0.2,0.0022217504283617018,16520,-139.96992364630103
-25.5,1058304,2274,45.0,1,0,-0.010959669066522792,148.8363498155959,0.00732421875,0.0021003447,0.0001,0.824671059846878,0.04248432815074921,0.2,-0.005593942159066501,16528,-142.05702115852387
-26.0,1058816,2358,45.0,1,0,-0.011425108118203298,92.17130181007087,0.004638671875,0.0014296832,0.0001,0.7785725295543671,17.50792694091797,0.2,-0.002267925414344063,16536,-141.77138718683273
42.5,1059328,2408,45.0,1,0,-0.01065950098114854,15.376537878270028,0.009033203125,0.0059614116,0.0001,0.9629485309123993,0.02523304522037506,0.2,-0.0017904764608829282,16544,-141.53508890699595
12.5,1059840,2332,45.0,1,0,-0.008503510675780035,33.289549833745696,0.00537109375,0.003983632,0.0001,0.913220040500164,0.2546345293521881,0.2,-0.003128493648546282,16552,-141.90787606962024
24.5,1060352,2279,45.0,1,0,-0.021404607714799795,54.75681755691767,0.0146484375,0.006237818,0.0001,0.8946978449821472,20.37948989868164,0.2,-0.004734130499855382,16560,-139.1685819562897
32.0,1060864,2129,45.0,1,0,-0.014747708494041945,139.20594145171344,0.004638671875,0.00023488607,0.0001,0.8463256806135178,6.518002510070801,0.2,-0.0023304460055442178,16568,-138.15053580384702
78.0,1061376,2172,45.0,1,0,-0.01949872604996017,262.74037177860737,0.013916015625,0.002963629,0.0001,0.7304153144359589,17.58782196044922,0.2,-0.004770939871377777,16576,-138.96125087354332
78.0,1061888,2819,45.0,1,0,-0.013156417527966369,133.09276943653822,0.0166015625,0.06383201,0.0001,0.8686265349388123,47.90055847167969,0.2,-0.004781616844411474,16584,-141.22104319307954
93.0,1062400,2377,45.0,1,0,-0.004764337890122761,21.042433696551598,0.003662109375,0.005087815,0.0001,0.9148291721940041,0.26234203577041626,0.2,-0.0018247659404551086,16592,-140.08278759215028
116.0,1062912,2139,45.0,1,0,-0.009314534507325334,38.74962272122502,0.00439453125,0.00052434136,0.0001,0.9228046610951424,1.5544642210006714,0.2,-0.0015904795454844134,16600,-139.19246997658163
116.0,1063424,2460,45.0,1,0,-0.015404562120892251,54.24549303390086,0.012451171875,0.007918026,0.0001,0.9143965691328049,1.9785380363464355,0.2,-0.0046261387560662115,16608,-140.2152346913889
116.0,1063936,2528,45.0,1,0,-0.008413208869114897,24.082525237230584,0.005126953125,0.00019167934,0.0001,0.9415745958685875,0.28746211528778076,0.2,-0.001418612100678729,16616,-139.79366964239628
104.0,1064448,2264,45.0,1,0,-0.015086846607914595,43.025425403844565,0.01513671875,0.045877963,0.0001,0.9119352623820305,1.2112641334533691,0.2,-0.004160426171438303,16624,-139.6618806193769
88.0,1064960,2526,45.0,1,0,-0.012080964641512537,74.7576088104397,0.00830078125,0.008568294,0.0001,0.8624524176120758,4.543886661529541,0.2,-0.0038114946364657953,16632,-138.05272356413306
53.0,1065472,2226,45.0,1,0,-0.009436047111961443,53.08902091346681,0.008056640625,0.0012021046,0.0001,0.917126975953579,5.1282172203063965,0.2,-0.003928893983356829,16640,-135.85840146012603
25.0,1065984,2700,45.0,1,0,-0.022667885381167707,59.14757518656552,0.016357421875,0.0069910595,0.0001,0.898587055504322,12.670650482177734,0.2,-0.003863697008455347,16648,-131.98974905632437
22.5,1066496,2905,45.0,1,0,-0.008854016424550082,9.768881391151808,0.007080078125,0.0029870437,0.0001,0.9140889942646027,0.2893511950969696,0.2,-0.003573052556021139,16656,-128.65174261979757
-46.0,1067008,2614,45.0,1,0,-0.004623348742882172,22.24621128653962,0.0068359375,0.0004904611,0.0001,0.7731790989637375,6.241592884063721,0.2,-0.006107842182245804,16664,-126.00336905620992
-46.0,1067520,2502,45.0,1,0,-0.009312616109326655,14.1485522959847,0.00830078125,0.0032948062,0.0001,0.9408263675868511,0.12686626613140106,0.2,-0.0027470260192785645,16672,-122.05028738833964
-101.5,1068032,2731,45.0,1,0,-0.013077525207506824,11.147188083850779,0.022216796875,0.047299817,0.0001,0.9519537463784218,0.5729114413261414,0.2,-0.0030457187440333655,16680,-121.52726671248675
-120.5,1068544,2635,45.0,1,0,-0.006658867108171762,56.13381355814636,0.008056640625,0.0014384347,0.0001,0.9078665897250175,6.536047458648682,0.2,-0.00352739994195872,16688,-122.88372116021812
-132.0,1069056,2337,45.0,1,0,-0.00954351024057587,68.80814743507653,0.008056640625,0.004705624,0.0001,0.9120384082198143,13.419512748718262,0.2,-0.0035152212467437494,16696,-123.61470143530518
-113.5,1069568,2446,45.0,1,0,-0.01046060078661526,54.380052933469415,0.008544921875,0.0031451918,0.0001,0.9225568622350693,17.723203659057617,0.2,-0.005261375026748283,16704,-125.52540051128716
-137.0,1070080,2313,45.0,1,0,-0.016232940148739772,54.05748503562063,0.013671875,0.0035636746,0.0001,0.8627085238695145,7.448791027069092,0.2,-0.004922523788991384,16712,-125.38614577323199
-159.5,1070592,2660,45.0,1,0,-0.016128056717604977,70.81374906934798,0.00634765625,0.0022770602,0.0001,0.8842069879174232,7.715683460235596,0.2,-0.003463954346443643,16720,-127.72133930906654
-136.0,1071104,2932,45.0,1,0,-0.011288716264886034,37.62285532639362,0.0107421875,0.014350603,0.0001,0.8017850518226624,0.3449028432369232,0.2,-0.0022275337178143673,16728,-129.7947227089852
-187.0,1071616,2496,45.0,1,0,-0.006172388238184112,11.866505184676498,0.005615234375,0.014149234,0.0001,0.9262507259845734,0.38018837571144104,0.2,0.0009371981286676601,16736,-131.58708340287208
-224.5,1072128,2758,45.0,1,0,-0.00898245776934914,130.4798905365169,0.007080078125,0.0009894975,0.0001,0.8391928821802139,26.014596939086914,0.2,-0.0031881031427474227,16744,-136.92164850272238
-222.0,1072640,2712,45.0,1,0,-0.009795712447498772,45.907890694215894,0.00830078125,0.0023990157,0.0001,0.8930621519684792,5.017281532287598,0.2,-0.0031353115973615786,16752,-137.04622670918704
-245.5,1073152,2844,45.0,1,0,-0.008783583376128945,44.151670512976125,0.005126953125,0.0013434738,0.0001,0.9232992380857468,4.042285919189453,0.2,-0.0025750244731170824,16760,-138.0006780001521
-290.0,1073664,2376,45.0,1,0,-0.007898199566540143,21.18489458388649,0.0078125,0.031029858,0.0001,0.9397697411477566,4.701828479766846,0.2,-0.0027102927488158457,16768,-138.80484709400685
-336.5,1074176,2705,45.0,1,0,-0.016953035800327143,256.4143648594618,0.007568359375,0.0025809957,0.0001,0.8194366991519928,114.26935577392578,0.2,0.0010328218049835414,16776,-143.7146691634506
-363.0,1074688,2389,45.0,1,0,-0.011392137449433903,47.57985728158383,0.0048828125,0.0007343156,0.0001,0.9382802359759808,13.301139831542969,0.2,-0.0034785127027134877,16784,-147.56042906515302
-370.5,1075200,2609,45.0,1,0,-0.015090911594029421,64.46315972972661,0.003173828125,0.00036445167,0.0001,0.9393228031694889,1.6135913133621216,0.2,-0.0015538133629888762,16792,-150.4552840524167
-370.5,1075712,2877,45.0,1,0,-0.010630027109186813,109.47087887790985,0.007080078125,0.0020956658,0.0001,0.8019774854183197,2.928955554962158,0.2,-0.000604157282396045,16800,-152.91925779428334
-384.0,1076224,2755,45.0,1,0,-0.00914580180992175,17.04403228828778,0.004638671875,0.0031324453,0.0001,0.9116898253560066,0.28742629289627075,0.2,-0.004027328372558259,16808,-153.10277129855007
-375.5,1076736,2529,45.0,1,0,-0.01532719645075531,196.57100406975587,0.0126953125,0.003626125,0.0001,0.8341987133026123,4.419913291931152,0.2,-0.004470570538614993,16816,-152.56720578383656
-379.5,1077248,2558,45.0,1,0,-0.016948685204084768,126.93592886184342,0.010009765625,0.004413718,0.0001,0.7324497997760773,0.32413801550865173,0.2,-0.004874844747973839,16824,-151.94455536488442
-355.5,1077760,2417,45.0,1,0,-0.01862988862276893,67.17401472394704,0.013427734375,0.0026920417,0.0001,0.8827152401208878,4.598055839538574,0.2,-0.00381185750302393,16832,-149.813514915742
-335.0,1078272,2445,45.0,1,0,-0.009493055215529012,149.0656923595816,0.003662109375,0.0012929377,0.0001,0.7466833293437958,1.5958629846572876,0.2,-0.002582181776233483,16840,-149.1286498541385
-335.0,1078784,2731,45.0,1,0,-0.017895076812891375,74.54101251251996,0.013916015625,0.0060297996,0.0001,0.8969118446111679,5.088046550750732,0.2,-0.0001263872254639864,16848,-148.06362323336305
-335.0,1079296,2378,45.0,1,0,-0.017996409036612704,43.64795038510056,0.014892578125,0.006288835,0.0001,0.9424873553216457,1.5041183233261108,0.2,-0.00790003024667385,16856,-146.73574462808668
-332.5,1079808,2839,45.0,1,0,-0.018230564738985322,31.085854911245406,0.0126953125,0.0026394953,0.0001,0.9492282047867775,0.7760391235351562,0.2,-0.0036487248180492315,16864,-146.5554562458396
-332.5,1080320,2796,45.0,1,0,-0.007997964930979151,47.698005423430004,0.00732421875,0.009340401,0.0001,0.9011876657605171,1.0230964422225952,0.2,0.0011737396744138096,16872,-146.4531140850857
-293.0,1080832,2394,45.0,1,0,-0.013418838143252287,27.154916955158114,0.01318359375,0.014643092,0.0001,0.9553313814103603,0.6662812232971191,0.2,-0.0050176834456578945,16880,-146.9164264862612
-272.5,1081344,2669,45.0,1,0,-0.026888809466385055,156.46128480881453,0.008056640625,0.0010105105,0.0001,0.8586277514696121,52.45003890991211,0.2,-0.0036101842451898847,16888,-150.01518555667252
-271.5,1081856,2427,45.0,1,0,-0.012988510122511343,80.37725083436817,0.01171875,0.008520273,0.0001,0.8221313059329987,1.195828914642334,0.2,-0.006707625318085775,16896,-152.1204070822522
-250.0,1082368,2384,45.0,1,0,-0.02956373651585409,649.0714181810617,0.01171875,0.0021040263,0.0001,0.7074635028839111,584.2916259765625,0.2,-0.004213784537569154,16904,-156.09271592307834
-235.5,1082880,1816,45.0,1,0,-0.01792990241449388,77.85888217389584,0.00439453125,0.00069779996,0.0001,0.8887670859694481,5.446024417877197,0.2,-0.002800209544147947,16912,-156.4411890470609
-235.5,1083392,2515,45.0,1,0,-0.0210813373153087,509.82456451654434,0.0078125,0.0012943827,0.0001,0.7115243077278137,26.07543182373047,0.2,-0.003838604752672836,16920,-161.4039336561039
-219.5,1083904,2481,45.0,1,0,-0.018360495221998008,105.85911240801215,0.006103515625,0.000526604,0.0001,0.9273762702941895,22.27873420715332,0.2,-0.002762226442428073,16928,-161.96774439644068
-162.5,1084416,2419,45.0,1,0,-0.021015130121782022,92.60666413977742,0.0146484375,0.008573225,0.0001,0.7870978713035583,5.781343936920166,0.2,-0.0025715667907206807,16936,-160.59621806990356
-160.0,1084928,2719,45.0,1,0,-0.013787603243088142,56.7839213963598,0.00830078125,0.0036650593,0.0001,0.7536122798919678,4.676011085510254,0.2,-0.0015311757779272739,16944,-159.16253083001823
-160.5,1085440,2595,45.0,1,0,-0.01505258973003265,32.95003798112157,0.022216796875,0.102626495,0.0001,0.9163055792450905,2.4419655799865723,0.2,-1.041303767124191e-05,16952,-157.53485792469235
-204.0,1085952,2727,45.0,1,0,-0.011753926289173933,69.52298101200722,0.008544921875,0.031113302,0.0001,0.881440058350563,9.614777565002441,0.2,-0.001988200114283245,16960,-156.17576460964978
-199.5,1086464,2547,45.0,1,0,-0.020564719312716306,1016.8528154860251,0.01806640625,0.005366968,0.0001,0.6957142055034637,94.22946166992188,0.2,-0.0017442378084524535,16968,-157.12610320780425
-261.0,1086976,2313,45.0,1,0,-0.018646863215110443,125.46205725520849,0.011474609375,0.0018570441,0.0001,0.8558914959430695,27.57821273803711,0.2,-0.006094711256082519,16976,-157.44289136331528
-268.0,1087488,2658,45.0,1,0,-0.017946193875786776,195.39634259790182,0.01171875,0.005545521,0.0001,0.8258901089429855,14.344392776489258,0.2,-0.0039315423618973,16984,-157.07711990736425
-327.0,1088000,2377,45.0,1,0,-0.02643199635448923,243.79848730191588,0.016845703125,0.0017989962,0.0001,0.7894853204488754,28.20515251159668,0.2,-0.007420812049531378,16992,-155.2544787890464
-332.5,1088512,2807,45.0,1,0,-0.023680806815946198,129.69949354603887,0.01416015625,0.0045279567,0.0001,0.8281386494636536,22.159832000732422,0.2,-0.00500338774145348,17000,-152.972601839751
-389.5,1089024,2913,45.0,1,0,-0.012414328431233912,54.91736374557513,0.0078125,0.0040877457,0.0001,0.8432760834693909,21.696149826049805,0.2,-0.0017961176126846112,17008,-152.45978533621877
-414.0,1089536,2760,45.0,1,0,-0.016556087722747748,19.648764268378727,0.015380859375,0.009447472,0.0001,0.874311625957489,1.0775055885314941,0.2,-0.008735182549571618,17016,-153.6662682023272
-401.0,1090048,2655,45.0,1,0,-0.015406348885647958,36.784050617949106,0.007568359375,0.0051480075,0.0001,0.9480092637240887,4.471197605133057,0.2,-0.004269993492926005,17024,-153.298710475415
-394.0,1090560,2503,45.0,1,0,-0.013826558072594253,30.476698241662234,0.007568359375,0.0032467854,0.0001,0.9060417264699936,0.66569584608078,0.2,-0.004977066503670358,17032,-152.34501286819577
-373.0,1091072,2624,45.0,1,0,-0.015317158627794925,108.77383128041402,0.011962890625,0.0031346404,0.0001,0.8740303218364716,25.275774002075195,0.2,-0.007607219875353621,17040,-149.01849281877278
-336.0,1091584,2334,45.0,1,0,-0.015516958565200412,55.12452462268993,0.012451171875,0.015468298,0.0001,0.8887902423739433,3.6454198360443115,0.2,0.007567629611003213,17048,-148.32029681749643
-300.0,1092096,2482,45.0,1,0,-0.022142025188060188,63.65542882215232,0.008056640625,0.001633984,0.0001,0.9029965251684189,8.851048469543457,0.2,-0.004958553399774246,17056,-146.5462898232043
-246.0,1092608,2295,45.0,1,0,-0.029941552843865793,188.45496763847768,0.013671875,0.0060101366,0.0001,0.8131718039512634,60.07619857788086,0.2,-0.005131530542712426,17064,-146.5642050884664
-246.0,1093120,2787,45.0,1,0,-0.05259742905946041,144.99633512832224,0.021240234375,0.0046952926,0.0001,0.891912005841732,9.416507720947266,0.2,-0.009273465871956432,17072,-153.7602652112022
-246.0,1093632,2989,45.0,1,0,-0.010134852804043248,62.77096173571772,0.00390625,0.007684661,0.0001,0.769860029220581,1.2858903408050537,0.2,-0.002574236837972421,17080,-154.23541743062435
-248.5,1094144,2653,45.0,1,0,-0.014472457555854135,20.35475119738112,0.0126953125,0.002259914,0.0001,0.8299885392189026,0.5309195518493652,0.2,-0.000936464115511626,17088,-153.92430008731782
-242.0,1094656,1886,45.0,1,0,-0.009127380848966027,44.736947784840595,0.00634765625,0.005481587,0.0001,0.9280330017209053,0.22588102519512177,0.2,-0.002054247160685918,17096,-155.24158791936935
-230.0,1095168,2656,45.0,1,0,-0.02196566931249322,43.395517464290606,0.012939453125,0.004567086,0.0001,0.9140386655926704,0.8482521772384644,0.2,-0.005191656742681516,17104,-156.84370678670703
-248.5,1095680,2572,45.0,1,0,-0.013886484184055803,28.981264750356786,0.007080078125,0.0013937259,0.0001,0.9296381920576096,1.844655990600586,0.2,-0.0038211210658118944,17112,-154.4515612768382
-285.5,1096192,2479,45.0,1,0,-0.009914013813315137,104.23382343538105,0.00732421875,0.0031990982,0.0001,0.9047783389687538,4.96504545211792,0.2,-0.0027706972541636787,17120,-154.87672042444348
-309.5,1096704,2396,45.0,1,0,-0.022485083203704903,54.85169791802764,0.0087890625,0.001730644,0.0001,0.9007519707083702,5.360666751861572,0.2,-0.003118836204521358,17128,-153.38183128610254
-304.5,1097216,2560,45.0,1,0,-0.01876627956505672,95.36764165386558,0.008056640625,0.0022075437,0.0001,0.8291310518980026,3.079615354537964,0.2,-0.003735341026185779,17136,-149.54805775806307
-327.0,1097728,2857,45.0,1,0,-0.027172468602884692,107.6438338351436,0.01318359375,0.003988022,0.0001,0.8484823405742645,12.080005645751953,0.2,-0.0047100674237299245,17144,-147.7295739606768
-320.0,1098240,2596,45.0,1,0,-0.008700957868228443,25.228565539007832,0.010009765625,0.0033137323,0.0001,0.8898117989301682,2.963305711746216,0.2,-0.006136042491561966,17152,-147.19957092143596
-309.0,1098752,2652,45.0,1,0,-0.01497163249246114,42.850091542088194,0.009521484375,0.0026088268,0.0001,0.9247894287109375,0.4380614757537842,0.2,-0.002964436851470964,17160,-148.31820507027209
-267.5,1099264,2344,45.0,1,0,-0.005726121561522746,35.864623229485005,0.00341796875,0.0114568565,0.0001,0.9226263538002968,0.34098657965660095,0.2,0.0026425843225297285,17168,-148.82918277032672
-254.5,1099776,2617,45.0,1,0,-0.02100697658960371,41.964087365660816,0.0126953125,0.0026963255,0.0001,0.9292652755975723,21.14714241027832,0.2,-0.006684875259452383,17176,-148.3149528927356
-221.5,1100288,2572,45.0,1,0,-0.012444079539335462,35.49547393049579,0.0126953125,0.014933485,0.0001,0.9410473629832268,0.9128869771957397,0.2,0.008106050969217904,17184,-149.92387242142112
-201.0,1100800,2493,45.0,1,0,-0.013963070630524044,76.25257007405162,0.008544921875,0.004415905,0.0001,0.8685794472694397,8.687548637390137,0.2,-0.0051537680919864215,17192,-148.21195203263312
-216.0,1101312,2531,45.0,1,0,-0.015736322069358266,40.57316496409476,0.010986328125,0.0027635877,0.0001,0.9388432390987873,3.108571767807007,0.2,-0.0026779848485602997,17200,-148.36653898235411
-232.0,1101824,2538,45.0,1,0,-0.019288827113143725,589.3901626169682,0.006103515625,0.00091251836,0.0001,0.5096717774868011,33.553123474121094,0.2,-0.001967050244275015,17208,-149.1715647430718
-229.5,1102336,2942,45.0,1,0,-0.017972687315335634,126.59443725738674,0.00830078125,0.0017693982,0.0001,0.7898130565881729,16.216053009033203,0.2,-0.003226306966098491,17216,-146.59563218392432
-229.5,1102848,2639,45.0,1,0,-0.010824367866632656,13.68922320207821,0.0107421875,0.004661947,0.0001,0.8486298471689224,0.03041173703968525,0.2,-0.004814238563994877,17224,-143.98372448824347
-243.0,1103360,2391,45.0,1,0,-0.018517567987572647,55.13207492445508,0.013427734375,0.020163976,0.0001,0.9093025848269463,7.100533962249756,0.2,-0.003388691613508854,17232,-142.17493122898043
-258.0,1103872,2801,45.0,1,0,-0.013155779234296006,87.15820071846247,0.0068359375,0.0013420073,0.0001,0.8565843999385834,13.002117156982422,0.2,-0.0032739319449319737,17240,-140.0228737932816
-254.0,1104384,2527,45.0,1,0,-0.012745743214452432,16.199054405093193,0.0087890625,0.003681014,0.0001,0.9642483368515968,5.952908515930176,0.2,-0.005914692579608527,17248,-140.19266656901686
-285.5,1104896,2494,45.0,1,0,-0.0169616983195624,45.46387383341789,0.00830078125,0.0018570023,0.0001,0.9543884359300137,2.224064826965332,0.2,-0.004029923040889116,17256,-140.84349178154022
-289.0,1105408,2738,45.0,1,0,-0.018008206965845375,89.23106293659657,0.008056640625,0.0062257145,0.0001,0.8015065044164658,14.761262893676758,0.2,-0.004447131712367991,17264,-140.71319343019277
-288.5,1105920,2453,45.0,1,0,-0.00830624263488744,16.430538167245686,0.002685546875,0.005052109,0.0001,0.9705116264522076,0.2508488893508911,0.2,-0.0003380259640834993,17272,-138.1262031177804
-267.0,1106432,2394,45.0,1,0,-0.019766430031324944,37.105789547087625,0.015869140625,0.0033259047,0.0001,0.9091065898537636,0.623875081539154,0.2,-0.008036636625547544,17280,-138.2519538322091
-267.0,1106944,2823,45.0,1,0,-0.015533918034122962,53.972986152395606,0.009765625,0.0056469617,0.0001,0.8907434865832329,1.64760422706604,0.2,-0.003540619793056976,17288,-139.1937796612829
-228.5,1107456,2304,45.0,1,0,-0.014480825502374728,21.21126807370456,0.010498046875,0.023160946,0.0001,0.8939603641629219,0.06567089259624481,0.2,-0.0034664215654629515,17296,-139.4680850353837
-184.0,1107968,2163,45.0,1,0,-0.02911687989748657,146.6521588563919,0.02587890625,0.0035213672,0.0001,0.7947955131530762,15.205535888671875,0.2,-0.005228527716099052,17304,-139.62399613827466
-134.5,1108480,2375,45.0,1,0,-0.021668427994256945,72.50592610239983,0.0107421875,0.0012686384,0.0001,0.8834983184933662,13.968354225158691,0.2,-0.00494847612662852,17312,-138.61240695208312
-111.5,1108992,2539,45.0,1,0,-0.021522187678783666,187.61718822875991,0.01806640625,0.011709467,0.0001,0.8411567807197571,14.236947059631348,0.2,-0.010642338522302452,17320,-137.57254935652017
-126.5,1109504,2474,45.0,1,0,-0.010470418546248084,42.52173951314762,0.003662109375,0.0029217468,0.0001,0.8966983333230019,0.6855620741844177,0.2,-0.0034514321505412227,17328,-137.3490829733759
-91.0,1110016,2321,45.0,1,0,-0.015949061545597942,88.47036948462483,0.0087890625,0.009451742,0.0001,0.8452399969100952,8.373797416687012,0.2,-0.0039613872904737946,17336,-138.14336537443103
-68.0,1110528,2173,45.0,1,0,-0.017350315241060343,66.16575962118804,0.009765625,0.003512741,0.0001,0.8823965042829514,11.223660469055176,0.2,-0.004196253026748309,17344,-138.84205182157456
-90.5,1111040,2749,45.0,1,0,-0.022276481555309147,54.045957474038005,0.01318359375,0.010865171,0.0001,0.9290501102805138,8.418408393859863,0.2,-0.0048119776365638245,17352,-139.48844766985624
-88.0,1111552,2913,45.0,1,0,-0.008008479764470167,29.18159723386634,0.004638671875,0.0015707875,0.0001,0.8718168884515762,0.2094847857952118,0.2,-0.002450488223985303,17360,-140.17179021816702
-113.0,1112064,2502,45.0,1,0,-0.008412221353239602,6.459815790731227,0.009765625,0.0045068385,0.0001,0.9298290610313416,0.032524120062589645,0.2,-0.004033781515317969,17368,-138.82110637355595
-112.0,1112576,2440,45.0,1,0,-0.009224339485044197,41.593296801671386,0.00634765625,0.0022705954,0.0001,0.8468742221593857,0.21463462710380554,0.2,-0.001710946573439287,17376,-136.83036311656235
-155.0,1113088,2535,45.0,1,0,-0.013228298780035175,68.34083770494908,0.00927734375,0.002334777,0.0001,0.8958406299352646,3.699601173400879,0.2,-0.0028591990121640265,17384,-138.29213188473136
-145.5,1113600,2608,45.0,1,0,-0.018908137857337692,19.040536817454267,0.0146484375,0.0037320417,0.0001,0.960233636200428,0.7988642454147339,0.2,-0.001976085750357015,17392,-133.76053909786046
-109.0,1114112,2412,45.0,1,0,-0.006094561245447494,41.11066946259234,0.011962890625,0.0073014973,0.0001,0.867113009095192,1.0635966062545776,0.2,-0.004145558759773849,17400,-132.20014941781758
-144.5,1114624,2434,45.0,1,0,-0.017809339265539847,170.52129428833723,0.010009765625,0.0027263698,0.0001,0.834530770778656,72.19691467285156,0.2,-0.0069295837256504456,17408,-133.3580790709704
-151.5,1115136,2498,45.0,1,0,-0.010030592362653579,24.63393174961675,0.005859375,0.00055841997,0.0001,0.9234822690486908,0.7916890382766724,0.2,-0.002662776951183332,17416,-132.36604642398655
-154.0,1115648,2792,45.0,1,0,-0.01856196334119886,101.20729626715183,0.0078125,0.0007178099,0.0001,0.87351493537426,25.468217849731445,0.2,-0.00227826039554202,17424,-132.04305652081968
-154.0,1116160,2805,45.0,1,0,-0.003394552355672431,14.66627235582564,0.0029296875,0.0018078306,0.0001,0.8446093499660492,0.38938209414482117,0.2,-0.0013844157601852203,17432,-131.6408031398058
-198.0,1116672,2679,45.0,1,0,-0.008411482142008708,18.856943779042922,0.004638671875,0.0026496728,0.0001,0.9077892974019051,0.46151280403137207,0.2,-0.0026948353988700546,17440,-133.10309383433312
-196.5,1117184,2356,45.0,1,0,-0.012779267177791098,157.4047074560076,0.01171875,0.0054359213,0.0001,0.8600616604089737,25.49839973449707,0.2,0.00018858214389183559,17448,-137.49310658201574
-168.0,1117696,2457,45.0,1,0,-0.01109961759314615,35.83641712227836,0.005615234375,0.004547856,0.0001,0.9335598796606064,0.4218539595603943,0.2,-0.002650815818924457,17456,-139.75039585754274
-178.5,1118208,2575,45.0,1,0,-0.013364212621382876,14.579448828706518,0.0078125,0.0018956257,0.0001,0.9647629223763943,0.2519475221633911,0.2,-0.002434850571262359,17464,-143.02406343895942
-196.5,1118720,2352,45.0,1,0,-0.010618611950008017,16.484488055109978,0.0087890625,0.009870677,0.0001,0.9453531168401241,0.3853214383125305,0.2,-0.0047344421909656376,17472,-145.49877624999732
-189.0,1119232,2721,45.0,1,0,-0.015760496495801135,89.02132984995842,0.008544921875,0.0027860827,0.0001,0.905915841460228,11.433499336242676,0.2,-0.005064454322564416,17480,-146.0941674623266
-193.0,1119744,2654,45.0,1,0,-0.006408663093765199,24.892978106392547,0.00341796875,0.0027149117,0.0001,0.9524122439324856,2.9065489768981934,0.2,-0.0013642623671330512,17488,-148.35583989940585
-193.0,1120256,2764,45.0,1,0,-0.009685867898809875,44.28775264788419,0.008544921875,0.00062788336,0.0001,0.9448654539883137,0.7302475571632385,0.2,-0.0025545128919475246,17496,-150.46937925979495
-165.0,1120768,2340,45.0,1,0,-0.0036177620890498474,25.675350909412373,0.0068359375,0.002238758,0.0001,0.8587601780891418,0.4138147830963135,0.2,-0.0034581861036713235,17504,-151.84419188007712
-158.0,1121280,2557,45.0,1,0,-0.011644131138353941,58.456883679144084,0.005615234375,0.0011368283,0.0001,0.8879574909806252,5.204746246337891,0.2,-0.0027492515728226863,17512,-151.22869635049253
-158.0,1121792,2453,45.0,1,0,-0.007024760120259543,15.019727825332666,0.00537109375,0.0028043077,0.0001,0.9309596791863441,0.327640563249588,0.2,-0.0009775426260603126,17520,-147.84904247496277
-158.0,1122304,2439,45.0,1,0,-0.010635520984919822,12.28981543390546,0.008056640625,0.0032479018,0.0001,0.9781961534172297,0.3550298810005188,0.2,-0.0033293487103946973,17528,-146.38610372561962
-157.5,1122816,2589,45.0,1,0,-0.012164321004974,13.074826215335634,0.006103515625,0.0052034,0.0001,0.96629948168993,0.19773133099079132,0.2,-0.001645790816837689,17536,-145.74233843822032
-177.0,1123328,2561,45.0,1,0,-0.015292501291099825,27.54561837669462,0.014404296875,0.011154899,0.0001,0.9401055052876472,1.2046682834625244,0.2,-0.009484324986260617,17544,-145.7545296362415
-144.0,1123840,2289,45.0,1,0,-0.011535499158242146,13.639733319054358,0.01025390625,0.017452681,0.0001,0.9678815230727196,0.43930256366729736,0.2,-0.0029432345090754097,17552,-143.30161351058632
-123.0,1124352,2519,45.0,1,0,-0.025242981056521785,69.05913586355746,0.01171875,0.002302988,0.0001,0.8775304481387138,7.413049221038818,0.2,-0.004101109310795437,17560,-141.08123865649105
-123.0,1124864,2962,45.0,1,0,-0.017263076550165124,48.5546007649973,0.01171875,0.005126142,0.0001,0.9200683534145355,5.450135707855225,0.2,-0.00555246200383408,17568,-139.43731711864473
-143.5,1125376,2442,45.0,1,0,-0.002614829784590711,10.01593069138471,0.005126953125,0.009966714,0.0001,0.9000389352440834,0.09329487383365631,0.2,-0.002407523392321309,17576,-137.63727721527218
-129.5,1125888,2326,45.0,1,0,-0.010389051990387088,49.95771559025161,0.007080078125,0.0021474236,0.0001,0.9271638914942741,32.75627136230469,0.2,-0.001990251665120013,17584,-139.43341077268124
-142.5,1126400,2587,45.0,1,0,-0.01061934556645383,36.010431779548526,0.005859375,0.0017865743,0.0001,0.9380168281495571,0.9733876585960388,0.2,-0.0037970397534081712,17592,-141.04922747284175
-130.0,1126912,1807,45.0,1,0,-0.0129630902832929,98.94247949472629,0.005859375,0.003771816,0.0001,0.8706486225128174,18.40096092224121,0.2,-0.004255477248079842,17600,-141.58778040479868
-153.5,1127424,2675,45.0,1,0,-0.012215429040651316,37.96983525715768,0.003662109375,0.0013927841,0.0001,0.9319021999835968,10.503870964050293,0.2,-0.002266408202558523,17608,-140.60288364525886
-153.5,1127936,2549,45.0,1,0,-0.010424162547266747,30.088661841698922,0.0048828125,0.0022488944,0.0001,0.9109470099210739,1.4296504259109497,0.2,-0.0035906181401514914,17616,-139.31932372260837
-181.0,1128448,2314,45.0,1,0,-0.008965827827751127,12.747207067615818,0.006103515625,0.0015474919,0.0001,0.974416820332408,1.9417595863342285,0.2,-0.004036098587675951,17624,-139.37611927747727
-202.0,1128960,2642,45.0,1,0,-0.033877283666100766,172.08682112395763,0.017822265625,0.0045617614,0.0001,0.8957244455814362,32.0042839050293,0.2,-0.004083296065800823,17632,-142.3923750687018
-199.5,1129472,2903,45.0,1,0,-0.005656879898822353,15.536730527179316,0.003173828125,0.0003055653,0.0001,0.8399887233972549,0.14993932843208313,0.2,-0.002400241788564017,17640,-144.2836763413623
-217.0,1129984,2616,45.0,1,0,-0.0038359491780397548,5.85683332051849,0.00341796875,0.009484565,0.0001,0.9411465041339397,-0.001493574120104313,0.2,-0.0016178573678189423,17648,-144.62548405356705
-233.0,1130496,2458,45.0,1,0,-0.011770821664043751,60.89947856334038,0.008056640625,0.0019905716,0.0001,0.9135285764932632,1.1658539772033691,0.2,-0.004203723490718403,17656,-144.01071251623333
-222.0,1131008,2379,45.0,1,0,-0.02056284558896948,44.71120222238824,0.0107421875,0.0079147685,0.0001,0.9147732257843018,1.9029927253723145,0.2,-0.005243359628366306,17664,-144.32045752860606
-214.5,1131520,2548,45.0,1,0,-0.020775167140811845,44.91916657285765,0.0146484375,0.0038337284,0.0001,0.9308530390262604,2.01029634475708,0.2,-0.007955830817081733,17672,-142.77259930137544
-179.5,1132032,2257,45.0,1,0,-0.008097117336177462,27.62486136239022,0.007568359375,0.01443165,0.0001,0.9212224036455154,0.09502975642681122,0.2,-0.005557092272283626,17680,-143.0921402627602
-201.5,1132544,2573,45.0,1,0,-0.018369046514749243,78.83020155318081,0.0107421875,0.001692612,0.0001,0.9167731404304504,4.174898624420166,0.2,-0.004104691925022053,17688,-145.42500261541457
-180.0,1133056,2331,45.0,1,0,-0.007537609852363403,25.437323110352736,0.00830078125,0.0029871613,0.0001,0.9447866566479206,0.9924451112747192,0.2,-0.0015846894193600747,17696,-146.0388385815546
-182.5,1133568,2924,45.0,1,0,-0.01971720844517222,109.84002441167831,0.009033203125,0.0025592283,0.0001,0.9065360724925995,8.016630172729492,0.2,-0.00434577144915238,17704,-144.72624247465282
-176.0,1134080,2762,45.0,1,0,-0.007222065878309536,24.718272234371398,0.01123046875,0.047941156,0.0001,0.9093230664730072,2.5698814392089844,0.2,0.004486120211367961,17712,-146.83440286967902
-185.5,1134592,2643,45.0,1,0,-0.007029421953433257,26.075238431163598,0.0068359375,0.012042036,0.0001,0.8528194576501846,10.172341346740723,0.2,-0.003222869669116335,17720,-147.26345475301147
-221.0,1135104,2792,45.0,1,0,-0.008448082858848238,91.43950413656421,0.007568359375,0.002976593,0.0001,0.8745966702699661,0.21491508185863495,0.2,-0.004678254925238434,17728,-146.90061420511455
-308.5,1135616,2456,45.0,1,0,-0.009400420652355024,18.974176536896266,0.006591796875,0.0018539709,0.0001,0.9463773816823959,0.14252977073192596,0.2,-0.00517566150847415,17736,-147.31332767706365
-325.5,1136128,2652,45.0,1,0,-0.006808343837008124,101.85440553870285,0.00439453125,0.0003726827,0.0001,0.8541106879711151,24.533132553100586,0.2,-0.0029769727279926883,17744,-149.36936013210564
-311.5,1136640,2341,45.0,1,0,-0.007653969302538144,69.57764093670994,0.004150390625,0.0013681292,0.0001,0.9005527272820473,9.269769668579102,0.2,-0.0025931777199730277,17752,-149.1291724581644
-310.5,1137152,2814,45.0,1,0,-0.014962953574354287,233.9489687681198,0.00830078125,0.0012700413,0.0001,0.8656255453824997,58.24622344970703,0.2,-0.003962737533584004,17760,-151.885005546771
-357.5,1137664,2590,45.0,1,0,-0.007731612154657341,34.447467246616725,0.005615234375,0.0028737285,0.0001,0.9310648813843727,0.9448757171630859,0.2,-0.00162229024044791,17768,-152.36400578115135
-345.0,1138176,2922,45.0,1,0,-0.013891265579843548,126.38956512138247,0.004150390625,0.00051578926,0.0001,0.8637689799070358,32.65336990356445,0.2,-0.00037032057844044175,17776,-149.9241466594115
-345.0,1138688,2915,45.0,1,0,-0.008054595500766482,88.88647411455167,0.005859375,0.0036099437,0.0001,0.860087051987648,2.2373642921447754,0.2,-0.0020725043359561823,17784,-152.05097818333655
-345.0,1139200,2666,45.0,1,0,-0.008077116892991398,28.44358614794328,0.00439453125,0.00044599385,0.0001,0.8707162886857986,0.827724814414978,0.2,-0.0016557013696001377,17792,-152.93529384214432
-345.0,1139712,2613,45.0,1,0,-0.007321273228967584,12.036118891031947,0.010498046875,0.0048593963,0.0001,0.9669774249196053,0.3550572991371155,0.2,-0.003659704070742009,17800,-153.19535213448108
-345.0,1140224,2541,45.0,1,0,-0.008333605564445179,66.21584915817948,0.007568359375,0.0016778976,0.0001,0.9217720776796341,2.464970827102661,0.2,-0.003202739833795931,17808,-154.12320762217044
-324.0,1140736,2655,45.0,1,0,-0.007506039139485665,14.89499342153431,0.005126953125,0.0011983988,0.0001,0.9647333323955536,0.16259558498859406,0.2,-0.0017948960412468296,17816,-155.55259263902903
-321.5,1141248,2301,45.0,1,0,-0.011492856796593287,75.406943295151,0.010498046875,0.0032753146,0.0001,0.9067169055342674,9.981948852539062,0.2,0.0002844283135345904,17824,-156.76638417050242
-324.0,1141760,2709,45.0,1,0,-0.01580055590099505,72.08166690915823,0.006103515625,0.001080641,0.0001,0.939753532409668,7.586250305175781,0.2,-0.002115846761626017,17832,-156.8289075740427
-309.5,1142272,2726,45.0,1,0,-0.012179497895601799,19.575680860201828,0.009765625,0.001276638,0.0001,0.9618011116981506,2.9652721881866455,0.2,-0.00401281129779818,17840,-157.14700654909015
-309.5,1142784,2845,45.0,1,0,-0.012750017075518372,18.41878197938786,0.005126953125,0.0008682463,0.0001,0.9510929696261883,0.6199537515640259,0.2,-0.0007944974286147044,17848,-156.94212050028145
-302.5,1143296,2717,45.0,1,0,-0.008033137073027774,53.707997329795035,0.003662109375,0.00092914177,0.0001,0.8599998652935028,0.38339924812316895,0.2,-0.0015730455597804394,17856,-154.77915845014155
-291.5,1143808,2277,45.0,1,0,-0.008293134555117376,24.613022754347185,0.00634765625,0.010681986,0.0001,0.9052004441618919,0.5372076630592346,0.2,0.0024606628212495707,17864,-153.7960698596388
-241.5,1144320,2401,45.0,1,0,-0.009690787849365279,13.206492975295987,0.011474609375,0.005460144,0.0001,0.9512550421059132,0.23975199460983276,0.2,-0.002110694111252087,17872,-152.59662397138774
-214.0,1144832,2541,45.0,1,0,-0.011858669540572464,72.9675022047013,0.00341796875,0.0011184642,0.0001,0.9272830933332443,5.27749490737915,0.2,-0.002770625262201065,17880,-153.4295677744597
-181.5,1145344,2439,45.0,1,0,-0.009280459057833923,29.307580649852753,0.007080078125,0.0016207385,0.0001,0.9312216714024544,2.1432344913482666,0.2,-0.004455509661056567,17888,-154.71753652833402
-200.5,1145856,2841,45.0,1,0,-0.01600896800542273,26.000661023310386,0.012451171875,0.003857248,0.0001,0.9574735201895237,1.3291529417037964,0.2,-0.006652818363363622,17896,-153.09932881649584
-190.0,1146368,2470,45.0,1,0,-0.013634777157847111,38.457050145138055,0.008056640625,0.0028694533,0.0001,0.9465966001152992,5.303601264953613,0.2,-0.003452629780440475,17904,-152.4469898587093
-184.0,1146880,2597,45.0,1,0,-0.01516541921992598,36.95403519552201,0.009033203125,0.0043935524,0.0001,0.9578723683953285,0.8484970927238464,0.2,-0.004932034520606976,17912,-153.19374463606627
-196.5,1147392,2929,45.0,1,0,-0.01400138982256749,30.265611946641002,0.018310546875,0.032726917,0.0001,0.9519441984593868,0.7308591604232788,0.2,0.010403105025034165,17920,-154.53494370583445
-180.5,1147904,2494,45.0,1,0,-0.0020485446705151844,8.642960518045584,0.002197265625,0.0064752633,0.0001,0.9404724277555943,0.06723770499229431,0.2,-0.0014317801851575496,17928,-152.76060648921876
-171.5,1148416,2409,45.0,1,0,-0.015642875035609904,44.84965038031805,0.009765625,0.007459619,0.0001,0.9292001649737358,0.21609489619731903,0.2,-0.003158926592732314,17936,-153.59991977933794
-171.5,1148928,2338,45.0,1,0,-0.018650468150610777,214.5622332058847,0.012939453125,0.0018431223,0.0001,0.77928426861763,36.482723236083984,0.2,-0.003595736976421904,17944,-153.7821497354284
-160.0,1149440,2633,45.0,1,0,-0.010403447957941125,43.902759263757616,0.001708984375,0.00016526424,0.0001,0.9232401475310326,1.4013851881027222,0.2,-0.0008166414195329708,17952,-151.9800657946989
-172.0,1149952,2402,45.0,1,0,-0.0080022441136407,12.29635341570247,0.004150390625,0.0043837638,0.0001,0.9647884108126163,0.11785542219877243,0.2,-0.0013480072120728437,17960,-151.180566505529
-154.0,1150464,2685,45.0,1,0,-0.015341648435637012,206.33064410835505,0.0068359375,0.000987931,0.0001,0.8452419191598892,8.630025863647461,0.2,-0.003942216950235888,17968,-151.2482325205952
-148.0,1150976,1702,45.0,1,0,-0.008292445525015069,16.58147721516434,0.005859375,0.001613183,0.0001,0.9753579087555408,0.8977558016777039,0.2,-0.0038117881977086654,17976,-149.93225218694658
-148.0,1151488,2812,45.0,1,0,-0.021398330485737915,140.71978941559792,0.007080078125,0.0012347067,0.0001,0.9076089039444923,19.693830490112305,0.2,-0.002316087542567402,17984,-149.77431228030474
-148.0,1152000,2958,45.0,1,0,-0.006676031479869948,10.779848528036382,0.00537109375,0.011058409,0.0001,0.9114864692091942,0.15186597406864166,0.2,-0.0007587396612507291,17992,-148.15021538749338
-186.0,1152512,2367,45.0,1,0,-0.004038078404306589,4.714742756521446,0.003662109375,0.011876839,0.0001,0.9128889739513397,-0.030614174902439117,0.2,0.0013355153005250031,18000,-147.10840359099208
-176.0,1153024,2746,45.0,1,0,-0.009780468202492898,70.83977913158014,0.005615234375,0.0010796486,0.0001,0.916421428322792,6.5407538414001465,0.2,-0.003590822436990493,18008,-145.31781350918115
-187.5,1153536,2377,45.0,1,0,-0.010095942050924123,15.954589131957619,0.011474609375,0.009046888,0.0001,0.9618155993521214,0.4900471866130829,0.2,-0.001993847314224695,18016,-147.1035104924813
-183.0,1154048,2706,45.0,1,0,-0.018736379979969797,37.81794245704077,0.010498046875,0.0018999599,0.0001,0.9543418027460575,0.6805823445320129,0.2,-0.005235476102825487,18024,-148.44662674900144
-215.0,1154560,2573,45.0,1,0,-0.007720247021424598,18.37021991297661,0.00439453125,0.0026392944,0.0001,0.967006828635931,11.230744361877441,0.2,-0.003569924461771734,18032,-150.0680635298416
-234.0,1155072,2634,45.0,1,0,-0.01196135219208827,22.101326549774967,0.007080078125,0.0020632702,0.0001,0.9575519859790802,0.883639395236969,0.2,-0.0029366487287916243,18040,-148.18740975994618
-248.0,1155584,2426,45.0,1,0,-0.007669232282836447,31.82914142718073,0.001220703125,0.0004981401,0.0001,0.9437964595854282,1.5747404098510742,0.2,-0.0004038805600430351,18048,-150.4820071797818
-248.0,1156096,2767,45.0,1,0,-0.02460197189923008,94.95168898254633,0.009521484375,0.0037369244,0.0001,0.9441993087530136,12.219840049743652,0.2,-0.00329173153386364,18056,-152.27711085360497
-248.0,1156608,2854,45.0,1,0,-0.0030354324994590343,26.39931082278781,0.003173828125,0.0017551198,0.0001,0.7927791029214859,0.033786993473768234,0.2,-0.0017198101995745674,18064,-152.7861330906302
-263.0,1157120,2608,45.0,1,0,-0.005715051898988577,11.008558187866583,0.004638671875,0.0013514446,0.0001,0.9465769603848457,0.26391932368278503,0.2,-0.0034066371345033986,18072,-153.44862214155495
-287.0,1157632,2495,45.0,1,0,-0.014034607760095241,253.8268009275198,0.0107421875,0.00092430797,0.0001,0.744875967502594,0.01453875657171011,0.2,-0.005294364898873027,18080,-152.98185285411776
-330.5,1158144,2658,45.0,1,0,-0.016934267216541343,114.11069525033236,0.017822265625,0.0076211537,0.0001,0.8812088146805763,4.691779613494873,0.2,-0.005591839162661927,18088,-151.73139158882202
-332.0,1158656,2448,45.0,1,0,-0.009206101857472504,21.33740711992141,0.004150390625,0.0010612655,0.0001,0.929234229028225,0.5738493204116821,0.2,-0.0030837275298836175,18096,-148.640446228683
-336.0,1159168,2382,45.0,1,0,-0.00932312458188278,36.597497845068574,0.005615234375,0.0069396677,0.0001,0.9430644810199738,15.115757942199707,0.2,-0.003639801510871621,18104,-149.54162294503303
-317.5,1159680,2577,45.0,1,0,-0.02229566758234114,99.60998857207596,0.009521484375,0.0019381191,0.0001,0.9255922958254814,10.66575813293457,0.2,-0.004533072820777306,18112,-151.5962219868973
-339.0,1160192,2541,45.0,1,0,-0.01778025976065578,100.42903936095536,0.011962890625,0.0028703662,0.0001,0.8424365371465683,1.3762027025222778,0.2,-0.0063636633385613095,18120,-151.40862037722022
-315.0,1160704,2564,45.0,1,0,-0.022235471830327924,120.95557626336813,0.006103515625,0.0025393174,0.0001,0.896415650844574,31.613039016723633,0.2,-0.003689151166327065,18128,-151.19278598889707
-332.5,1161216,2679,45.0,1,0,-0.013112224260012795,129.43722475552931,0.004150390625,0.0004423092,0.0001,0.8256441801786423,1.8370460271835327,0.2,-0.0030296774457383435,18136,-154.78699917785823
-317.0,1161728,2376,45.0,1,0,-0.022657274295767138,64.07903991115745,0.01123046875,0.0035545724,0.0001,0.8821926340460777,30.39262580871582,0.2,-0.006122708718976355,18144,-156.0057528111711
-239.0,1162240,1669,45.0,1,0,-0.014677876120742894,238.20532732829452,0.008056640625,0.0013640503,0.0001,0.7885308563709259,5.30502986907959,0.2,-0.002071035916742403,18152,-158.3648820161447
-193.5,1162752,2284,45.0,1,0,-0.029000437129468537,202.6193304359913,0.023681640625,0.0039962614,0.0001,0.9022121950984001,69.49247741699219,0.2,-0.0075092482948093675,18160,-161.2551061880216
-182.5,1163264,2410,45.0,1,0,-0.026296132039419717,579.2161770612001,0.011474609375,0.002893061,0.0001,0.745630145072937,97.67144775390625,0.2,-0.00361449908814393,18168,-164.4937868674472
-217.0,1163776,2348,45.0,1,0,-0.026667671452145214,280.88503183797,0.009521484375,0.0020954153,0.0001,0.8139317333698273,34.1980094909668,0.2,-0.005448114263344905,18176,-167.21242285504937
-217.0,1164288,2679,45.0,1,0,-0.0370143230700819,689.7156868353486,0.01611328125,0.0018427413,0.0001,0.7387802004814148,81.05955505371094,0.2,-0.006550757465447532,18184,-168.9673359983787
-217.0,1164800,2506,45.0,1,0,-0.013087112596195993,98.74712097784504,0.00732421875,0.00094266457,0.0001,0.7853986024856567,0.8550555109977722,0.2,-0.004120975951082073,18192,-166.86942307733
-216.5,1165312,2756,45.0,1,0,-0.01898603663164522,198.3276748410426,0.014892578125,0.020229075,0.0001,0.8997933566570282,2.3629887104034424,0.2,0.005244714153377572,18200,-165.45585955798626
-226.5,1165824,2676,45.0,1,0,-0.008809047612942322,79.75450276583433,0.009765625,0.007296766,0.0001,0.8454020768404007,1.429829716682434,0.2,-0.00548597796841932,18208,-163.35686276633294
-220.5,1166336,2287,45.0,1,0,-0.007498875173837405,67.591703226557,0.005859375,0.0031320201,0.0001,0.7215317487716675,0.5051373839378357,0.2,-0.0016103196394396946,18216,-159.72372044567018
-239.0,1166848,2381,45.0,1,0,-0.010397971966398245,222.58614678680897,0.005859375,0.00060284464,0.0001,0.8563987761735916,103.35111999511719,0.2,-0.0017546647432027385,18224,-156.40262341201304
-280.5,1167360,2363,45.0,1,0,-0.02160282556792481,52.75497205322608,0.012939453125,0.008284629,0.0001,0.9136718064546585,4.765997886657715,0.2,-0.0065277854264422785,18232,-152.96220609426499
-250.0,1167872,2535,45.0,1,0,-0.010448544653286262,71.35146491625346,0.0029296875,0.0023849166,0.0001,0.7410076260566711,10.800721168518066,0.2,-0.0029421407598420046,18240,-146.6242762467265
-250.0,1168384,2541,45.0,1,0,-0.018391975374782987,121.80924956686795,0.0068359375,0.0032296805,0.0001,0.8356081694364548,28.58510971069336,0.2,-0.0036587962067642366,18248,-142.16331840224564
-250.0,1168896,2593,45.0,1,0,-0.010737875011315623,41.829745006980374,0.008544921875,0.011169959,0.0001,0.9241383373737335,1.509067416191101,0.2,-0.0016250927401415538,18256,-139.0942691201344
-253.5,1169408,2528,45.0,1,0,-0.00922277816206929,83.63313994556665,0.006591796875,0.004529974,0.0001,0.9349288195371628,12.269989967346191,0.2,-0.005580409764661454,18264,-140.20571207590402
-278.0,1169920,2648,45.0,1,0,-0.013101451876025294,164.85366832558066,0.0068359375,0.022328319,0.0001,0.8874493390321732,17.398624420166016,0.2,0.0019602481625042856,18272,-142.5050353332609
-268.0,1170432,2613,45.0,1,0,-0.003910590944798287,28.10277938179206,0.00341796875,0.00086159876,0.0001,0.7956573665142059,0.08939465880393982,0.2,-0.002989842469105497,18280,-142.46712774023413
-275.5,1170944,2407,45.0,1,0,-0.009813593985143143,239.18830892257392,0.005615234375,0.0052856533,0.0001,0.8723084926605225,13.692090034484863,0.2,-0.0023721466864117247,18288,-144.44880904853343
-283.0,1171456,2221,45.0,1,0,-0.0093144977005295,14.916182728717104,0.00439453125,0.0014578679,0.0001,0.9537887685000896,0.7328926920890808,0.2,-0.0025074426375795156,18296,-146.20358358889817
-283.0,1171968,2658,45.0,1,0,-0.014460403390359033,61.091947064123815,0.012451171875,0.014059082,0.0001,0.933957539498806,31.632064819335938,0.2,0.00047097308015509043,18304,-147.44246147736908
-261.5,1172480,1698,45.0,1,0,-0.0077913433653122866,29.49218456132803,0.003662109375,0.001912085,0.0001,0.8688943237066269,0.4977400600910187,0.2,-0.0022417122963815928,18312,-148.95749409914018
-255.5,1172992,2378,45.0,1,0,-0.022235839321467665,134.28191565722227,0.00927734375,0.0018814063,0.0001,0.8829810097813606,10.838127136230469,0.2,-0.006161092329421081,18320,-149.8987228479609
-255.0,1173504,2513,45.0,1,0,-0.02047926619690088,540.6669172458351,0.01025390625,0.008882675,0.0001,0.8057492971420288,16.577274322509766,0.2,-0.0061976928991498426,18328,-151.9888346004486
-251.5,1174016,2663,45.0,1,0,-0.016586070509134743,125.97920956090093,0.010986328125,0.003906853,0.0001,0.9162117540836334,37.98326110839844,0.2,-0.005575016137299826,18336,-150.6030147883296
-223.0,1174528,2725,45.0,1,0,-0.008482427551172123,25.557513881707564,0.006103515625,0.0035860334,0.0001,0.8802074119448662,0.6755151748657227,0.2,-0.0028399568418535637,18344,-148.7730569843948
-217.5,1175040,2455,45.0,1,0,-0.009916239480986633,64.00305849919096,0.010986328125,0.011195394,0.0001,0.8280238211154938,0.42829668521881104,0.2,-0.005404767591244308,18352,-150.52126600444316
-202.5,1175552,2205,45.0,1,0,-0.013607093364157663,247.9250642489642,0.00830078125,0.0018794871,0.0001,0.8615177571773529,2.1621994972229004,0.2,-0.0027605539571595727,18360,-149.82601057343186
-175.0,1176064,2460,45.0,1,0,-0.014834993243681538,63.325455816462636,0.008544921875,0.0063044317,0.0001,0.9126403331756592,0.8706323504447937,0.2,-0.0007543784086010419,18368,-152.8136586880684
-160.0,1176576,2440,45.0,1,0,-0.016553530407037442,238.7695179414004,0.013916015625,0.01519809,0.0001,0.8687553405761719,16.875516891479492,0.2,-0.004563216378301149,18376,-156.92214652597903
-183.0,1177088,2436,45.0,1,0,-0.013830011879718995,116.28871286660433,0.009521484375,0.0009361621,0.0001,0.854366734623909,16.652921676635742,0.2,-0.005720988567190943,18384,-159.15641577251256
-165.5,1177600,1812,45.0,1,0,-0.022299006284498546,397.1237323191017,0.0107421875,0.0011889325,0.0001,0.8439014852046967,485.588623046875,0.2,-0.0031299590427806834,18392,-161.5731062747538
-142.5,1178112,2228,45.0,1,0,-0.021670030799555207,362.73600636422634,0.00830078125,0.0011670118,0.0001,0.789297953248024,22.941650390625,0.2,-0.004133398832891544,18400,-160.8196580518782
-142.5,1178624,2772,45.0,1,0,-0.03081375139913689,644.2916262745857,0.01123046875,0.0014407457,0.0001,0.7656897753477097,358.0699768066406,0.2,-0.0056379777161055245,18408,-164.762860269621
-171.0,1179136,2777,45.0,1,0,-0.0054653079410371674,35.3336271194421,0.0029296875,0.0008645087,0.0001,0.8618007451295853,0.7222908139228821,0.2,-0.001970017967323656,18416,-165.6197873250395
-176.5,1179648,2583,45.0,1,0,-0.006874528314199324,19.831218590745266,0.012451171875,0.0063317483,0.0001,0.8603704422712326,0.0664881244301796,0.2,0.009456218118430115,18424,-163.2080839639157
-185.0,1180160,2192,45.0,1,0,-0.006801527179717937,93.19078167714179,0.004638671875,0.0014909967,0.0001,0.8808355033397675,5.758278846740723,0.2,-0.002199332979216706,18432,-161.23341167919338
-180.5,1180672,2369,45.0,1,0,-0.017683730472555226,48.86485026963055,0.007080078125,0.0028023487,0.0001,0.9456534497439861,3.923398733139038,0.2,-0.005119243076478597,18440,-159.28837459012865
-198.0,1181184,2573,45.0,1,0,-0.016429743252899698,148.30612004175782,0.01123046875,0.0012238871,0.0001,0.8502120226621628,23.341064453125,0.2,-0.005513617855285702,18448,-157.0232308191061
-132.5,1181696,2371,45.0,1,0,-0.005606218515112005,25.272244594874792,0.006103515625,0.0023416749,0.0001,0.9413571767508984,4.416158676147461,0.2,-0.0029049749246041756,18456,-155.79972728230058
-186.5,1182208,2618,45.0,1,0,-0.015351582811007347,116.54502962343395,0.0087890625,0.0014567438,0.0001,0.9309680387377739,6.389265060424805,0.2,-0.003005013983056415,18464,-154.57880572974682
-193.5,1182720,2696,45.0,1,0,-0.0075789462039210775,81.96377077326179,0.002685546875,0.0015821327,0.0001,0.8304624110460281,2.8153512477874756,0.2,-0.0010827806399902329,18472,-148.64460106402635
-193.5,1183232,2846,45.0,1,0,-0.009104282995195945,61.41358485851788,0.00732421875,0.0031055626,0.0001,0.9370660036802292,20.647817611694336,0.2,-0.004239553883053304,18480,-148.02430939309298
-196.0,1183744,2726,45.0,1,0,-0.003208457187426461,13.099938149018271,0.005126953125,0.0035224557,0.0001,0.916272297501564,0.5672258734703064,0.2,-0.004321623360738158,18488,-147.5167128445953
-188.5,1184256,2552,45.0,1,0,-0.01224004609876772,79.42450166353956,0.007568359375,0.003077263,0.0001,0.9071594253182411,0.30442896485328674,0.2,-0.0045856866126996465,18496,-149.2330894961208
-186.5,1184768,2319,45.0,1,0,-0.006829822357076409,43.07278266045614,0.002197265625,0.00045547425,0.0001,0.9344784617424011,0.20021919906139374,0.2,-0.0007276980068127159,18504,-151.21834598202258
-212.5,1185280,2493,45.0,1,0,-0.009142777107967959,22.3136912942864,0.00439453125,0.0011055581,0.0001,0.9410296976566315,0.8274133205413818,0.2,-0.002457944858178962,18512,-148.78675180513412
-190.5,1185792,2306,45.0,1,0,-0.009656404945104669,47.52070827735588,0.005859375,0.0029297154,0.0001,0.8797406107187271,5.221765041351318,0.2,-0.0029063107449474046,18520,-146.12697420977057
-199.5,1186304,2109,45.0,1,0,-0.009597409583292915,908.2072860784829,0.0029296875,0.00025225116,0.0001,0.8050500303506851,370.7796630859375,0.2,-0.0017516415609861724,18528,-148.49127814933658
-183.5,1186816,2660,45.0,1,0,-0.01564143776688809,149.2416112460196,0.009765625,0.008129848,0.0001,0.8585196435451508,3.9956300258636475,0.2,0.0027627577728708275,18536,-146.35655539769678
-169.5,1187328,2648,45.0,1,0,-0.0058984667141004365,48.756084912631195,0.002197265625,0.00026288512,0.0001,0.9210316315293312,0.04865159094333649,0.2,-0.0003374821571924258,18544,-146.76442963112146
-169.5,1187840,2850,45.0,1,0,-0.012759955740932583,42.7944440045394,0.0107421875,0.002287907,0.0001,0.9210775420069695,7.134235382080078,0.2,-0.004760967371112201,18552,-145.43701215919108
-154.0,1188352,2741,45.0,1,0,-0.003996932414864318,20.02035890534171,0.00341796875,0.009585225,0.0001,0.8736075460910797,0.08968641608953476,0.2,-0.0002542002985137515,18560,-145.89794037338345
-153.5,1188864,2133,45.0,1,0,-0.010379713718435823,42.81931730630458,0.01171875,0.01713027,0.0001,0.9032115936279297,2.066551923751831,0.2,-0.0036302303269621916,18568,-144.27599234249442
-162.5,1189376,2466,45.0,1,0,-0.007128710075136269,48.943591439165175,0.00439453125,0.0009381274,0.0001,0.9479678384959698,3.362112522125244,0.2,-0.0019358718864168623,18576,-147.3516093955189
-121.0,1189888,2400,45.0,1,0,-0.010173071606402573,44.036981528275646,0.00830078125,0.0053716805,0.0001,0.9396430999040604,2.2615861892700195,0.2,-0.005008104018997983,18584,-151.20752469297497
-156.0,1190400,2274,45.0,1,0,-0.012632844318318348,66.49565201066434,0.00830078125,0.0015724966,0.0001,0.8447337597608566,20.72161293029785,0.2,-0.00040150571294361725,18592,-151.66745774779469
-171.0,1190912,2444,45.0,1,0,-0.014757807374763843,62.11257323343307,0.005615234375,0.0028220266,0.0001,0.9325280785560608,6.976770877838135,0.2,-0.002915879085776396,18600,-150.19023153003306
-163.5,1191424,2493,45.0,1,0,-0.012732473156773949,96.70311546162702,0.002685546875,0.001161178,0.0001,0.9169010743498802,1.7301146984100342,0.2,-0.0010293681880284566,18608,-152.7959655692801
-163.5,1191936,2749,45.0,1,0,-0.009247600484627583,50.42036257684231,0.00439453125,0.0023629835,0.0001,0.9402140639722347,10.991448402404785,0.2,-0.0022033508103049826,18616,-152.7138377192989
-163.5,1192448,2098,45.0,1,0,-0.008276890744042475,18.910896777524613,0.010498046875,0.008244704,0.0001,0.9244691878557205,1.0343002080917358,0.2,-0.002433286343148211,18624,-151.69353553596883
-191.5,1192960,2662,45.0,1,0,-0.0018202801857114537,4.578258653869852,0.003662109375,0.0010820399,0.0001,0.9650069698691368,0.03692227602005005,0.2,-0.0035505560681485804,18632,-151.71418541107326
-217.0,1193472,2343,45.0,1,0,-0.005378397095455512,13.26050491296337,0.00390625,0.0015411337,0.0001,0.9767035208642483,0.7494924664497375,0.2,-0.0016932868384174071,18640,-151.00014942985027
-215.0,1193984,2649,45.0,1,0,-0.007401410259689101,12.283696777420118,0.00537109375,0.0036493891,0.0001,0.9662518948316574,0.04872549697756767,0.2,-0.0019568270217860118,18648,-147.9466393413767
-258.5,1194496,2584,45.0,1,0,-0.008120899320942954,25.247638232889585,0.005859375,0.0009488424,0.0001,0.9592799544334412,4.012160301208496,0.2,-0.0014436375431614579,18656,-146.82439478509127
-215.5,1195008,2126,45.0,1,0,-0.00857267611718271,19.639009978272952,0.0087890625,0.027484693,0.0001,0.9291073083877563,0.19132140278816223,0.2,-0.0046780568391113775,18664,-146.15621770773083
-208.5,1195520,2626,45.0,1,0,-0.015746295097216034,117.39365846849978,0.010009765625,0.001980808,0.0001,0.9199142456054688,19.40582847595215,0.2,-0.004176917185759521,18672,-146.6101386469975
-213.0,1196032,2364,45.0,1,0,-0.008950224836169696,28.54884449101519,0.01025390625,0.03066545,0.0001,0.9585985355079174,0.581524670124054,0.2,0.015425069970660843,18680,-146.73063133232296
-192.0,1196544,2562,45.0,1,0,-0.018096691298865153,96.29114625230432,0.01220703125,0.009662202,0.0001,0.9234338104724884,10.048396110534668,0.2,-0.004113743190828245,18688,-149.96963083274662
-189.5,1197056,2855,45.0,1,0,-0.009492800568352777,53.53443405311555,0.004150390625,0.0015826889,0.0001,0.8803704604506493,6.9289350509643555,0.2,-0.002371693350141868,18696,-151.99934664182365
-188.5,1197568,2542,45.0,1,0,-0.004895073834660479,17.099120142578613,0.00537109375,0.00105699,0.0001,0.9431973919272423,6.692926406860352,0.2,-0.0035401858372097195,18704,-153.5965851662308
-155.5,1198080,2082,45.0,1,0,-0.007267048813986321,21.853191976319067,0.003173828125,0.0004659011,0.0001,0.9508842304348946,22.09888458251953,0.2,-0.001979664826649241,18712,-153.92063727140427
-167.0,1198592,2619,45.0,1,0,-0.0085041038185949,31.420589540153742,0.010986328125,0.0031317573,0.0001,0.9565689750015736,0.273286372423172,0.2,-0.005365575816540513,18720,-155.88407630980015
-188.0,1199104,2658,45.0,1,0,-0.007782507617960732,15.277422407234553,0.007080078125,0.0030576861,0.0001,0.9679168984293938,0.1939372718334198,0.2,-0.001758162199621438,18728,-155.49718179389833
-197.5,1199616,2104,45.0,1,0,-0.004458866785739701,23.502661349484697,0.001708984375,0.0005093941,0.0001,0.9352043494582176,0.22163110971450806,0.2,-0.0011905542519343726,18736,-155.89330595709384
-203.0,1200128,2348,45.0,1,0,-0.019922136806641788,59.67941663041711,0.017333984375,0.011381922,0.0001,0.9249457716941833,7.9529924392700195,0.2,-0.006623225996008841,18744,-153.66021615032108
-208.5,1200640,2503,45.0,1,0,-0.009284494719963732,92.5106637980789,0.009033203125,0.0017827513,0.0001,0.864221066236496,12.295916557312012,0.2,-0.002064816500933375,18752,-153.49890193354338
-185.5,1201152,2512,45.0,1,0,-0.014171382032174051,42.716241432819515,0.009765625,0.00537741,0.0001,0.9562185443937778,1.309706449508667,0.2,-0.0030929885324439965,18760,-151.32128384783863
-188.0,1201664,2785,45.0,1,0,-0.011875960520882245,91.3920496427454,0.00830078125,0.0052236877,0.0001,0.8631043285131454,61.446048736572266,0.2,-0.003252046284615062,18768,-152.44565514311194
-174.0,1202176,2441,45.0,1,0,-0.010859371973310772,25.788020520703867,0.0068359375,0.015434942,0.0001,0.9351075291633606,0.06638164818286896,0.2,-0.003204701481081429,18776,-152.2295067846775
-189.5,1202688,2380,45.0,1,0,-0.02086833611218708,172.402690410614,0.019775390625,0.010538749,0.0001,0.8673869073390961,19.257444381713867,0.2,-0.007918701366179448,18784,-157.1072966310382
-189.5,1203200,2527,45.0,1,0,-0.016735635494853796,57.34166780626401,0.0126953125,0.002190128,0.0001,0.9435924403369427,4.3400959968566895,0.2,-0.005313904766808264,18792,-157.05482233602552
-189.5,1203712,2666,45.0,1,0,-0.012523901318559183,178.93434711918235,0.004638671875,0.0017850148,0.0001,0.8678144663572311,88.67024230957031,0.2,-0.002991809273225954,18800,-159.2079967148602
-219.0,1204224,2176,45.0,1,0,-0.009077623811378999,40.62312529038172,0.0078125,0.008323361,0.0001,0.9123612120747566,1.1444216966629028,0.2,-0.002337250189157203,18808,-160.46330116450787
-183.5,1204736,2078,45.0,1,0,-0.01495694461630137,249.16563773155212,0.0029296875,0.00085694226,0.0001,0.8905486389994621,71.51485443115234,0.2,-0.0013100591604597867,18816,-164.6796948954463
-161.0,1205248,2376,45.0,1,0,-0.05017017118984768,2951.8053365945816,0.014404296875,0.0021758392,0.0001,0.6438913345336914,1215.173583984375,0.2,-0.005260625468508806,18824,-173.3708316168934
-159.5,1205760,2311,45.0,1,0,-0.02322071958451488,842.7515729665756,0.008544921875,0.0012403665,0.0001,0.7464533448219299,159.00440979003906,0.2,-0.001941234506375622,18832,-180.10385664407164
-133.0,1206272,2464,45.0,1,0,-0.013416936109365452,347.95263025164604,0.001708984375,0.00017881405,0.0001,0.6476191282272339,96.54312133789062,0.2,-0.0016007300146156922,18840,-178.99493936728686
-140.5,1206784,2351,45.0,1,0,-0.016832225730354367,121.45495304651558,0.01220703125,0.0062446888,0.0001,0.8491643816232681,22.406192779541016,0.2,-0.0047773896767466795,18848,-178.00228983797132
-133.0,1207296,2168,45.0,1,0,-0.012826243466633969,121.65626610070467,0.010009765625,0.003480095,0.0001,0.9272740855813026,39.362125396728516,0.2,-0.0038445751160907093,18856,-175.52811841379852
-131.5,1207808,2345,45.0,1,0,-0.015135496713241992,163.46460731327534,0.00732421875,0.0009241316,0.0001,0.9009449109435081,81.57106018066406,0.2,-0.00495897540167789,18864,-176.5394154668972
-133.0,1208320,2502,45.0,1,0,-0.010256517757909478,106.40754346176982,0.00439453125,0.00086942594,0.0001,0.8939895108342171,8.353100776672363,0.2,-0.004287473549993592,18872,-174.5625559393689
-100.5,1208832,1992,45.0,1,0,-0.011745894125226641,136.4851240310818,0.00537109375,0.0017499585,0.0001,0.8746936470270157,3.214529275894165,0.2,-0.0016558859424549155,18880,-174.79824172195046
-137.0,1209344,2484,45.0,1,0,-0.0328480477969606,3198.305435061455,0.016845703125,0.0031182605,0.0001,0.6946237087249756,100.9701156616211,0.2,-0.00616315162187675,18888,-175.2163763379678
-153.5,1209856,2537,45.0,1,0,-0.015893673867310554,124.01832439005375,0.005615234375,0.0025210315,0.0001,0.8684191107749939,8.839638710021973,0.2,-0.0030331353918882087,18896,-168.70039807371796
-201.5,1210368,2682,45.0,1,0,-0.01269786291464925,128.30996117182076,0.00244140625,0.0005416828,0.0001,0.9169131517410278,5.572706699371338,0.2,-0.0003070498987653991,18904,-168.74023282449693
-226.5,1210880,2732,45.0,1,0,-0.0026513905759202316,38.93418789486168,0.0048828125,0.0028868616,0.0001,0.8361557722091675,3.0159754753112793,0.2,-0.0028923581849085167,18912,-169.47391900848598
-266.0,1211392,2431,45.0,1,0,-0.0061197100827996564,22.32605683413567,0.00341796875,0.00069183134,0.0001,0.9181255623698235,0.5597531199455261,0.2,-0.0022859850214445032,18920,-169.4945390705392
-244.0,1211904,1863,45.0,1,0,-0.009720633562125158,115.2670139502734,0.0068359375,0.02021756,0.0001,0.8897852227091789,6.191738128662109,0.2,-0.0008349215622729389,18928,-166.4395884367451
-245.5,1212416,2673,45.0,1,0,-0.008645882623511625,23.438735774252564,0.005126953125,0.009676156,0.0001,0.9552822075784206,0.5537350177764893,0.2,-0.0019388503169466276,18936,-164.69280427578838
-221.0,1212928,2075,45.0,1,0,-0.009721963890029883,66.92614735011011,0.007080078125,0.026117623,0.0001,0.8782095015048981,2.44754958152771,0.2,-0.005708144322852604,18944,-165.5199131019786
-255.0,1213440,2472,45.0,1,0,-0.01035678145848351,5302.099980771542,0.002685546875,0.00020983897,0.0001,0.6782987415790558,512.368408203125,0.2,-0.0009716781460156199,18952,-172.05063102938234
-279.5,1213952,2553,45.0,1,0,-0.012366276891128791,212.42476891726255,0.005126953125,0.000980727,0.0001,0.8515676558017731,23.592439651489258,0.2,-0.0020959604098607088,18960,-165.56906646136196
-265.5,1214464,2803,45.0,1,0,-0.00929301484003986,104.12322387192398,0.0068359375,0.0006492048,0.0001,0.9240052700042725,15.17586898803711,0.2,-0.002593457880720962,18968,-170.42221236094832
-265.5,1214976,3015,45.0,1,0,-0.006332926164617447,27.046250576386228,0.0048828125,0.0011081119,0.0001,0.8963046446442604,0.5810008645057678,0.2,-0.002599184135760879,18976,-168.68132738444953
-265.5,1215488,2762,45.0,1,0,-0.0006968504542612663,10.777744672144763,0.0,2.719462e-07,0.0001,0.9120840132236481,0.3619078993797302,0.2,-5.87332142458763e-05,18984,-168.70082354638726
-254.0,1216000,2538,45.0,1,0,-0.006843219812907364,32.00153370242333,0.007080078125,0.0036446964,0.0001,0.8717695474624634,0.055505044758319855,0.2,-0.0037527544336626306,18992,-168.43995108846576
-283.5,1216512,2527,45.0,1,0,-0.007666431363560378,26.68712824676186,0.008056640625,0.010228485,0.0001,0.9009604454040527,0.2322530597448349,0.2,-0.005200565414270386,19000,-166.243445209153
-283.5,1217024,2757,45.0,1,0,-0.012166879858625634,189.6243687774986,0.00537109375,0.002300861,0.0001,0.7845758348703384,30.469131469726562,0.2,-0.003985101211583242,19008,-168.70672778360546
-294.5,1217536,2155,45.0,1,0,-0.005491866293880321,35.697687393578235,0.003662109375,0.0029009916,0.0001,0.9110729098320007,1.2450535297393799,0.2,-0.003556766039764625,19016,-165.79017356026918
-291.5,1218048,2433,45.0,1,0,-0.01227580613553414,226.72777772694826,0.008544921875,0.0058504194,0.0001,0.8039522767066956,13.844114303588867,0.2,-0.004397371691084118,19024,-154.66918442897497
-288.0,1218560,2386,45.0,1,0,-0.014385748252635722,39.43161665429943,0.0107421875,0.008629812,0.0001,0.9185942560434341,1.0076091289520264,0.2,-0.0025695772856124677,19032,-151.2160954238847
-288.0,1219072,2736,45.0,1,0,-0.01802538058962,112.50321162864566,0.011474609375,0.003755041,0.0001,0.9064201712608337,20.65894889831543,0.2,-0.004770944080519257,19040,-149.7493015383929
-288.0,1219584,2946,45.0,1,0,-0.003519710015268629,13.01099823974073,0.002197265625,0.00027283805,0.0001,0.9518982507288456,16.609785079956055,0.2,-0.0006738843985658605,19048,-149.3825563391298
-288.0,1220096,2635,45.0,1,0,-0.002104572592003251,3.2585574222612195,0.001708984375,0.0007108131,0.0001,0.9841684345155954,0.020305342972278595,0.2,-0.001178222184535116,19056,-149.99318504475056
-286.5,1220608,2467,45.0,1,0,-0.004518989926481254,11.346530537935905,0.005615234375,0.0013817925,0.0001,0.9548902399837971,0.5421103239059448,0.2,-0.0030071538712945767,19064,-151.1995991217345
-286.5,1221120,2721,45.0,1,0,-0.00890931084705926,23.719752218807116,0.007568359375,0.0020869614,0.0001,0.9456449039280415,0.5146625638008118,0.2,-0.0015705131299910136,19072,-152.50227761112154
-285.0,1221632,2553,45.0,1,0,-0.004366922512446081,26.477344527607784,0.001708984375,0.00075809914,0.0001,0.9538637846708298,0.18286851048469543,0.2,-0.0020952041013515554,19080,-153.03900985155255
-295.5,1222144,2347,45.0,1,0,-0.005674710312263187,17.917158769676462,0.00634765625,0.002262126,0.0001,0.936229944229126,0.422781378030777,0.2,-0.0026351549095124938,19088,-151.21617315240204
-306.0,1222656,2264,45.0,1,0,-0.014099534037256944,78.80595564842224,0.009765625,0.01094476,0.0001,0.9066954031586647,13.9873046875,0.2,-0.003570182918338105,19096,-150.3150258778408
-307.5,1223168,1680,45.0,1,0,-0.009751107188364472,26.210196069499943,0.010498046875,0.01122834,0.0001,0.9339163079857826,1.3947410583496094,0.2,-0.002797902766360494,19104,-148.8546910186112
-307.5,1223680,2747,45.0,1,0,-0.01524466528752555,58.62140886555426,0.010498046875,0.007936996,0.0001,0.8999781906604767,10.517974853515625,0.2,-0.003350570654220064,19112,-144.82912020940333
-307.5,1224192,2787,45.0,1,0,-0.0023258060457749252,18.063239454379072,0.001708984375,0.0018675504,0.0001,0.9144186824560165,0.05692078918218613,0.2,-0.00034658992080949247,19120,-143.00311753544958
-307.5,1224704,2488,45.0,1,0,-0.0034101073953252126,3.7444907380267978,0.003173828125,0.000877448,0.0001,0.9833292812108994,0.2227487862110138,0.2,-0.0006648289763688808,19128,-142.22952924538404
-288.5,1225216,2411,45.0,1,0,-0.0018801084225685827,2.527618980151601,0.00146484375,8.47507e-05,0.0001,0.9817520920187235,0.2248232662677765,0.2,-0.001692954647296574,19136,-142.15730399560184
-268.5,1225728,2199,45.0,1,0,-0.01329264315293699,32.056155214319006,0.010498046875,0.027221996,0.0001,0.9386852756142616,2.0436601638793945,0.2,-0.0018979604574269615,19144,-143.51679150946438
-237.0,1226240,2774,45.0,1,0,-0.01042398743287265,58.478512335335836,0.0107421875,0.0016455193,0.0001,0.9324064627289772,6.200124263763428,0.2,-0.005092651394079439,19152,-144.69894485969095
-247.0,1226752,2317,45.0,1,0,-0.007835778171283891,19.786464170259023,0.00927734375,0.015249583,0.0001,0.9315430223941803,2.392695903778076,0.2,-0.003882890479872003,19160,-147.4391055539623
-236.0,1227264,2609,45.0,1,0,-0.008555892544933386,89.88357310928404,0.001953125,0.00032788143,0.0001,0.9239654913544655,7.285526752471924,0.2,-0.0013816681821481325,19168,-148.66825066067278
-252.0,1227776,2767,45.0,1,0,-0.00733407493588345,48.96560987830162,0.00732421875,0.005669225,0.0001,0.9405956529080868,15.639633178710938,0.2,-0.004086304426891729,19176,-152.66311808489263
-252.0,1228288,2567,45.0,1,0,-0.012960035223969157,63.92413241462782,0.009521484375,0.0019500965,0.0001,0.8810362741351128,1.5796087980270386,0.2,-0.004681541951867985,19184,-153.32687823660672
-252.0,1228800,2766,45.0,1,0,-0.005492387007834054,15.394782811039477,0.005859375,0.0050737527,0.0001,0.9334863722324371,0.4993491470813751,0.2,-0.0014418668706639437,19192,-153.6855387444049
-252.0,1229312,2493,45.0,1,0,-0.005295350193449622,5.707117777263193,0.007080078125,0.0042293444,0.0001,0.9718900490552187,2.602940797805786,0.2,-0.0024723326714592986,19200,-153.2124514595419
-315.5,1229824,2446,45.0,1,0,-0.0054540093899646536,9.848777944076573,0.00537109375,0.006292431,0.0001,0.9606120847165585,0.031751714646816254,0.2,-0.0007278359425981762,19208,-152.30986816570163
-301.5,1230336,2466,45.0,1,0,-0.011802489088118762,54.13316866615787,0.009521484375,0.012467485,0.0001,0.9374095275998116,0.9816648364067078,0.2,-0.0046645901529700495,19216,-153.1438132155314
-302.0,1230848,2477,45.0,1,0,-0.013524901555385327,173.39137414842844,0.011474609375,0.0038100258,0.0001,0.8539798110723495,30.397415161132812,0.2,-0.006633600202803791,19224,-153.02648714434355
-332.0,1231360,2579,45.0,1,0,-0.01370203773439016,41.085542693967,0.006591796875,0.0016850607,0.0001,0.9274561181664467,1.2908647060394287,0.2,-0.004161644974374212,19232,-153.70011375706642
-332.0,1231872,2643,45.0,1,0,-0.008660462487242171,35.81270882580429,0.006591796875,0.002730708,0.0001,0.969608711078763,4.557740688323975,0.2,-0.004304850699554663,19240,-155.63807993069292
-335.0,1232384,2490,45.0,1,0,-0.005734362317120656,64.00133088463917,0.001708984375,0.00030600734,0.0001,0.9469775930047035,10.840767860412598,0.2,-0.0011978176880802494,19248,-156.82414429090917
-335.0,1232896,2935,45.0,1,0,-0.009922852442009855,87.47700589615852,0.008056640625,0.0015305215,0.0001,0.8567158728837967,4.4937262535095215,0.2,-0.005930267987423576,19256,-157.82485006414353
-334.0,1233408,2252,45.0,1,0,-0.002058512819274938,3.1260632553003234,0.001953125,0.0036925767,0.0001,0.9682868495583534,0.18208977580070496,0.2,-0.0007891681962064467,19264,-158.15905783571304
-352.5,1233920,2478,45.0,1,0,-0.005216271598989408,19.962115790956886,0.00390625,0.016058277,0.0001,0.9239247590303421,0.5478949546813965,0.2,-0.002186922660257551,19272,-158.69168794974684
-339.5,1234432,2607,45.0,1,0,-0.005336174092448687,11.338120422529755,0.005126953125,0.0016724627,0.0001,0.9648113138973713,0.14345204830169678,0.2,-0.0019436424372543115,19280,-157.35040745802223
-339.5,1234944,2535,45.0,1,0,-0.006678731392241843,35.49718327913433,0.004150390625,0.0007502837,0.0001,0.9196713864803314,0.6705451607704163,0.2,-0.0018141330947401002,19288,-155.00515587873758
-286.5,1235456,2092,45.0,1,0,-0.011270244760403614,19.970297771214973,0.007080078125,0.009899742,0.0001,0.940004039555788,0.5044646859169006,0.2,-0.003983782320574392,19296,-150.33721816904844
-278.0,1235968,2558,45.0,1,0,-0.010640871787927608,1869.2919305711985,0.005126953125,0.00062185084,0.0001,0.6854487955570221,1226.3797607421875,0.2,-0.0017855937985586934,19304,-156.14082575045526
-213.5,1236480,2186,45.0,1,0,-0.007970456268409976,49.829399277456105,0.003662109375,0.013018584,0.0001,0.9354117512702942,0.5607262253761292,0.2,-0.002001635040869587,19312,-152.12883340373637
-189.0,1236992,2562,45.0,1,0,-0.018924712769475605,195.9029790610075,0.006591796875,0.00084117206,0.0001,0.8636415898799896,45.5096435546875,0.2,-0.0028672177650150843,19320,-151.3719344564155
-165.5,1237504,2857,45.0,1,0,-0.007881462328683142,101.1063194591552,0.006103515625,0.0018466376,0.0001,0.8484137207269669,38.12044906616211,0.2,-0.004446417121471313,19328,-152.7253049232438
-158.0,1238016,2606,45.0,1,0,-0.0016626339028249504,15.706121384137077,0.000244140625,0.0023128241,0.0001,0.8977575749158859,0.2784702777862549,0.2,0.0008448304924968397,19336,-154.4167552490905
-115.0,1238528,2378,45.0,1,0,-0.007878333201624343,253.68972643348388,0.0048828125,0.0006330891,0.0001,0.8132020235061646,62.63296890258789,0.2,-0.003309475381684024,19344,-157.85675848465414
-85.5,1239040,2445,45.0,1,0,-0.008266662651301715,51.811963053420186,0.005615234375,0.0013863879,0.0001,0.9368393123149872,4.493489742279053,0.2,-0.0028215311940584797,19352,-161.46489993248136
-100.5,1239552,2611,45.0,1,0,-0.008034346917433766,24.949882947839797,0.00537109375,0.0009618171,0.0001,0.9652826637029648,2.974397897720337,0.2,-0.0021854987062397413,19360,-162.5821840628609
-144.0,1240064,2427,45.0,1,0,-0.0069918300889142415,20.732619046233594,0.005615234375,0.00013579661,0.0001,0.9529215693473816,17.151777267456055,0.2,-0.0016291309020743938,19368,-163.52086271498354
-142.5,1240576,2205,45.0,1,0,-0.008767105337312842,58.266577440313995,0.0048828125,0.0041455473,0.0001,0.9148188531398773,10.125377655029297,0.2,-0.0032611756614642218,19376,-155.99866669852287
-160.5,1241088,2526,45.0,1,0,-0.012407576951794397,84.227822098881,0.007080078125,0.00198612,0.0001,0.8976224958896637,2.585946798324585,0.2,-0.00370158293935674,19384,-156.6185277225077
-206.0,1241600,2480,45.0,1,0,-0.011448196610515993,37.36381809320301,0.00830078125,0.0059960396,0.0001,0.9542196951806545,0.5791036486625671,0.2,-0.004512532825174276,19392,-156.27624768361449
-182.5,1242112,2721,45.0,1,0,-0.0036385151084203926,26.43548795185052,0.00146484375,0.00042333838,0.0001,0.9182344600558281,0.21207305788993835,0.2,-0.0010708158188208472,19400,-153.70292000219226
-187.5,1242624,2567,45.0,1,0,-0.007459539070282517,58.42598340427503,0.004638671875,0.007851646,0.0001,0.9021456763148308,8.208916664123535,0.2,-0.0034699328352871817,19408,-153.75357615321875
-183.5,1243136,2428,45.0,1,0,-0.006963782431796517,89.64240685477853,0.00341796875,0.0045084297,0.0001,0.8905179649591446,99.68677520751953,0.2,-0.00240826107437897,19416,-153.66783303439618
-217.5,1243648,2644,45.0,1,0,-0.010243972467755214,31.467233353178017,0.005615234375,0.0012094249,0.0001,0.9537837915122509,2.164882183074951,0.2,-0.0038618160815531155,19424,-151.86042971856892
-218.5,1244160,2385,45.0,1,0,-0.010213726551548064,261.7104660582845,0.009521484375,0.0020428584,0.0001,0.7863669842481613,11.43541145324707,0.2,-0.00673257210473821,19432,-151.0824674014002
-132.5,1244672,1993,45.0,1,0,-0.007375981171627188,16.77224268275313,0.003173828125,0.0006897792,0.0001,0.9485329426825047,2.2827417850494385,0.2,-0.002681562338693766,19440,-153.2841031897068
-134.0,1245184,2360,45.0,1,0,-0.019889234789992827,178.62225667387247,0.01171875,0.0010859141,0.0001,0.9041500613093376,31.808401107788086,0.2,-0.005682139537384501,19448,-154.7957824923098
-161.0,1245696,2621,45.0,1,0,-0.011888087984694096,48.219106581032975,0.005859375,0.0016350638,0.0001,0.8657013475894928,0.4678322672843933,0.2,-0.002146941827959381,19456,-152.2307680429518
-161.0,1246208,2720,45.0,1,0,-0.010469537986011801,48.83810657210415,0.006591796875,0.007993322,0.0001,0.921281173825264,6.467820167541504,0.2,-0.004286892253730912,19464,-150.05840881198645
-153.5,1246720,2464,45.0,1,0,-0.006002228025920431,22.660803509163088,0.003662109375,0.00044178835,0.0001,0.8994449824094772,0.28743451833724976,0.2,-0.001039509352267487,19472,-149.85715688318015
-138.5,1247232,2477,45.0,1,0,-0.009867301127385986,60.900512031279504,0.0048828125,0.0029098364,0.0001,0.9092374742031097,0.5344835519790649,0.2,-0.0024603467027191073,19480,-151.29727626010776
-152.0,1247744,2529,45.0,1,0,-0.007447746203204986,53.862506391014904,0.003662109375,0.002530307,0.0001,0.9193708002567291,0.8510351181030273,0.2,-0.0026703792414650707,19488,-152.3316279605031
-152.0,1248256,2360,45.0,1,0,-0.005445144877910479,24.405331021989696,0.00244140625,0.0014204975,0.0001,0.9676727503538132,0.42985472083091736,0.2,-0.0007434385397573351,19496,-153.9681916861981
-177.0,1248768,2468,45.0,1,0,-0.00988336579407445,301.8711207844317,0.0078125,0.0033834602,0.0001,0.8750583902001381,2.987682342529297,0.2,-0.005419040793640306,19504,-156.46480989947915
-183.0,1249280,2138,45.0,1,0,-0.010001011792148518,2358.9716696813703,0.00244140625,0.00017493346,0.0001,0.8025694191455841,2041.138671875,0.2,-0.002190477171097882,19512,-162.46570774272084
-145.5,1249792,2073,45.0,1,0,-0.015346148186345943,155.34106789715588,0.00830078125,0.001205181,0.0001,0.894363708794117,11.014513969421387,0.2,-0.002237614717159886,19520,-167.27930361490698
-99.0,1250304,2255,45.0,1,0,-0.01652279724712713,302.169815659523,0.010986328125,0.0026149952,0.0001,0.8041673302650452,29.441740036010742,0.2,-0.005224909822572954,19528,-173.42810977388174
-78.0,1250816,2774,45.0,1,0,-0.019075476312593764,141.46371361613274,0.009033203125,0.0016859975,0.0001,0.8962379842996597,4.314300537109375,0.2,-0.0036283763984101824,19536,-176.97051386307925
-109.0,1251328,2425,45.0,1,0,-0.0050797041939603105,57.892706497766994,0.003662109375,0.003002158,0.0001,0.7055758237838745,0.27113857865333557,0.2,-0.0011665505007840693,19544,-176.40999925326557
-111.0,1251840,2464,45.0,1,0,-0.005835493037963602,77.06155105680227,0.0068359375,0.00414801,0.0001,0.9206164479255676,1.0975494384765625,0.2,-0.0030196344869182212,19552,-176.55674172636122
-90.0,1252352,2589,45.0,1,0,-0.005474992636848697,68.9034364479594,0.002685546875,0.00055488804,0.0001,0.8929845914244652,1.306721568107605,0.2,-0.0024325874182977714,19560,-176.1271589466557
-89.0,1252864,2418,45.0,1,0,-0.0067165323579558844,28.380392967083026,0.00830078125,0.008890605,0.0001,0.9407969787716866,0.6302861571311951,0.2,-0.004217874441565073,19568,-175.27846582662315
-75.5,1253376,2375,45.0,1,0,-0.008041121598992618,113.23331855196739,0.00439453125,0.0006413979,0.0001,0.8823348879814148,18.178544998168945,0.2,-0.002423567420919426,19576,-174.08636410098524
-108.5,1253888,2270,45.0,1,0,-0.01004883491734887,27.41259320732206,0.007568359375,0.003716316,0.0001,0.9355247244238853,0.20664756000041962,0.2,-0.003775421640057175,19584,-165.8743629522249
-85.5,1254400,1596,45.0,1,0,-0.013627781635420888,39.7730524383951,0.011474609375,0.004860336,0.0001,0.9530525617301464,0.31247615814208984,0.2,-0.004236921828123741,19592,-161.764840695858
-93.0,1254912,2519,45.0,1,0,-0.02728827628510544,292.0285021215677,0.02490234375,0.003504477,0.0001,0.7982875257730484,17.62270736694336,0.2,-0.006363996821164619,19600,-160.78855168767274
-114.0,1255424,1857,45.0,1,0,-0.01171959780540277,42.344405441428535,0.009765625,0.0019819927,0.0001,0.8909461945295334,2.0488905906677246,0.2,-0.003945617633689835,19608,-156.51146445564925
-139.0,1255936,2549,45.0,1,0,-0.005005405738494062,6.955480340693612,0.005859375,0.0038291146,0.0001,0.9296230748295784,0.5809566378593445,0.2,-0.004182450189546216,19616,-154.4026080098003
-157.0,1256448,2420,45.0,1,0,-0.0025246920353794167,24.30564764281735,0.00146484375,7.137447e-05,0.0001,0.939332839101553,0.4274349510669708,0.2,-0.0011873901421495248,19624,-149.86673399217426
-157.0,1256960,2568,45.0,1,0,-0.007285169542257108,11.250473489053547,0.0029296875,0.00028851035,0.0001,0.9680325947701931,0.1419246941804886,0.2,-0.0016785057378001511,19632,-147.4807747233659
-152.5,1257472,2600,45.0,1,0,-0.009401804932224422,27.169948472757824,0.007080078125,0.007722545,0.0001,0.9490667507052422,0.19060036540031433,0.2,-0.0034447076207015925,19640,-146.69474160015582
-161.0,1257984,2043,45.0,1,0,-0.012235433605681578,16.512990860734135,0.011962890625,0.008260175,0.0001,0.9649078212678432,0.48031002283096313,0.2,-0.004657740872062277,19648,-148.61342730470002
-164.5,1258496,2667,45.0,1,0,-0.00961681213043164,1957.1278642266989,0.00244140625,0.0004532066,0.0001,0.8299146741628647,402.0821533203125,0.2,-0.0010806224890984595,19656,-155.76070958934724
-239.5,1259008,2426,45.0,1,0,-0.01118577811358179,37.79300565586891,0.00927734375,0.006952295,0.0001,0.95002755895257,1.4498381614685059,0.2,-0.0031808888888917863,19664,-158.07765154514462
-260.5,1259520,2771,45.0,1,0,-0.004873639321747447,119.86724405083805,0.00146484375,0.00011959439,0.0001,0.9079248607158661,14.528716087341309,0.2,-0.0013785649971396197,19672,-157.85533383823932
-260.5,1260032,2960,45.0,1,0,-0.005777497935019582,13.295710673002759,0.0029296875,0.0007327738,0.0001,0.9035159274935722,0.10351010411977768,0.2,-0.0018331791370655992,19680,-158.5296281679347
-237.5,1260544,2453,45.0,1,0,-0.0028841024563508455,2.2168673673877493,0.00439453125,0.0018810419,0.0001,0.9746736101806164,0.24868056178092957,0.2,-0.0023119797515391838,19688,-159.91202929709107
-258.0,1261056,2741,45.0,1,0,-0.006176546484518042,49.41138013731688,0.006591796875,0.0014710851,0.0001,0.865554615855217,4.220771312713623,0.2,-0.0038790322050772374,19696,-160.15905510220676
-228.5,1261568,2464,45.0,1,0,-0.005169038936793768,13.691958156297915,0.00439453125,0.0077977814,0.0001,0.9506272524595261,0.09456875175237656,0.2,-0.0017772425981092965,19704,-160.02615370299668
-230.5,1262080,2639,45.0,1,0,-0.011873906487505081,119.64993864111602,0.008544921875,0.0043257615,0.0001,0.8723335862159729,4.196627616882324,0.2,-0.004423309950652765,19712,-161.60333513457329
-264.0,1262592,2438,45.0,1,0,-0.008740051143226069,73.04597241384909,0.007080078125,0.0044346666,0.0001,0.9195462018251419,41.07085037231445,0.2,-0.0028421539573173504,19720,-164.06693543877452
-253.5,1263104,2546,45.0,1,0,-0.008970791407673318,92.02375002205372,0.004638671875,0.0011558569,0.0001,0.927823469042778,1.4787603616714478,0.2,-0.0035530953919078456,19728,-159.34484035909176
-253.5,1263616,2529,45.0,1,0,-0.00630128493589055,79.79443110525608,0.0078125,0.00407307,0.0001,0.923843540251255,9.664754867553711,0.2,-0.002712824927584734,19736,-161.65878332536667
-253.5,1264128,2647,45.0,1,0,-0.006555837600622283,52.94075234327465,0.00146484375,0.0001342668,0.0001,0.9622654616832733,2.1384222507476807,0.2,-0.002397197074969881,19744,-164.6820500222221
-246.0,1264640,2818,45.0,1,0,-0.004158390274417556,23.504627214744687,0.001953125,0.0014119117,0.0001,0.8266755789518356,0.4521496593952179,0.2,-0.0009777566483535338,19752,-165.81938087601213
-276.5,1265152,2710,45.0,1,0,-0.003892466682891893,40.61265106732026,0.003662109375,0.005040182,0.0001,0.9218439310789108,0.47942715883255005,0.2,-0.002567904542956967,19760,-168.3290420045331
-243.0,1265664,2527,45.0,1,0,-0.004800565693773962,33.23324961413164,0.00439453125,0.011448904,0.0001,0.8382296413183212,0.5766007304191589,0.2,0.0026264530315529555,19768,-168.3285796717182
-257.0,1266176,2512,45.0,1,0,-0.00932013612392879,23.03172619151883,0.006103515625,0.0046937396,0.0001,0.9608162865042686,0.8229042291641235,0.2,-0.004280552049749531,19776,-168.76603301372378
-237.0,1266688,2391,45.0,1,0,-0.0071909208196920815,36.681901362142526,0.007080078125,0.0027008513,0.0001,0.927574060857296,0.06498046964406967,0.2,-0.003299630832771072,19784,-165.82374521594494
-172.5,1267200,2090,45.0,1,0,-0.008988084791955231,29.360130716027925,0.005126953125,0.0065757483,0.0001,0.9429856427013874,0.59938645362854,0.2,-0.0019552616540750023,19792,-163.5704848183319
-172.5,1267712,2405,45.0,1,0,-0.009068286956150473,123.42574642971158,0.005859375,0.0016949684,0.0001,0.9206760823726654,17.680023193359375,0.2,-0.002910069393692538,19800,-162.58320631992072
-128.0,1268224,2573,45.0,1,0,-0.005640193575114694,70.82217206363566,0.00244140625,8.4876665e-05,0.0001,0.9310481548309326,3.459641933441162,0.2,-0.0014342388521981775,19808,-161.63299771532417
-128.0,1268736,2652,45.0,1,0,-0.009933247195132111,32.30359553452581,0.004150390625,0.01152191,0.0001,0.9526750259101391,0.46823278069496155,0.2,-0.001982385729206726,19816,-159.37540952283888
-135.5,1269248,2794,45.0,1,0,-0.004998652948906113,16.460408436192665,0.0029296875,0.00021907385,0.0001,0.9003092646598816,1.766411304473877,0.2,-0.0015771330618008506,19824,-159.0797015819326
-106.0,1269760,2662,45.0,1,0,-0.002760293123895252,20.289137169951573,0.00341796875,0.0165285,0.0001,0.940610159188509,3.199253797531128,0.2,-0.0023705362236796645,19832,-157.75250757429748
-143.0,1270272,2482,45.0,1,0,-0.0075933815375215374,13.109904750832357,0.00732421875,0.0022257126,0.0001,0.9466146305203438,0.7810630798339844,0.2,-0.005465893071232131,19840,-157.44459523756058
-129.0,1270784,2341,45.0,1,0,-0.0065139929294453225,29.608211728278548,0.013671875,0.02578363,0.0001,0.9568565376102924,0.34597745537757874,0.2,-0.00019510771198838484,19848,-156.73958635065705
-152.0,1271296,2717,45.0,1,0,-0.008628256489471298,24.664380664937198,0.00390625,0.0020468973,0.0001,0.9629229418933392,0.25725057721138,0.2,-0.0016542703124287073,19856,-156.9285115655139
-195.0,1271808,2399,45.0,1,0,-0.010131759083879643,9.082689343660604,0.009521484375,0.041167766,0.0001,0.9694517962634563,0.9835091829299927,0.2,-0.002288960607984336,19864,-155.48665092464537
-214.0,1272320,2687,45.0,1,0,-0.010979311530775249,36.88983211806044,0.008056640625,0.0019563963,0.0001,0.9541450291872025,0.5097399950027466,0.2,-0.003144510690617608,19872,-153.57676971163602
-256.5,1272832,2354,45.0,1,0,-0.0074838090216822195,101.08263986976817,0.0029296875,0.0004375195,0.0001,0.8903592973947525,3.798799514770508,0.2,-0.00218358019264997,19880,-152.41462281372398
-244.0,1273344,2910,45.0,1,0,-0.010902652213884423,144.17577014118433,0.003173828125,0.0007913996,0.0001,0.8693180978298187,15.641517639160156,0.2,-0.001801900169084547,19888,-154.3283831281215
-242.5,1273856,2805,45.0,1,0,-0.0022514083014346653,67.93006026589137,0.001708984375,0.00021329953,0.0001,0.8702900558710098,0.17420382797718048,0.2,-0.00186506898899097,19896,-155.72574594296515
-217.5,1274368,2409,45.0,1,0,-0.008708156059851646,66.34000796452165,0.005126953125,0.0068712337,0.0001,0.8738643676042557,0.1268051266670227,0.2,-0.0035333794075995684,19904,-156.83444319345057
-225.0,1274880,2610,45.0,1,0,-0.006379213980341802,103.60421330388635,0.0078125,0.0018994438,0.0001,0.8829732984304428,3.5607333183288574,0.2,-0.003901302260146622,19912,-158.88051023148
-248.5,1275392,2465,45.0,1,0,-0.006529299730559046,12.691475385683589,0.005615234375,0.0012455067,0.0001,0.9698398560285568,0.03645306080579758,0.2,-0.0022903121571289375,19920,-159.13987981248647
-221.5,1275904,2657,45.0,1,0,-0.016276824034704873,148.48845467390493,0.008056640625,0.0013051076,0.0001,0.8702781200408936,35.006736755371094,0.2,-0.005407518798165256,19928,-163.17012532476335
-203.0,1276416,2439,45.0,1,0,-0.008073578290565209,35.968297103769146,0.00439453125,0.00043775793,0.0001,0.9160188585519791,0.572681725025177,0.2,-0.0028685835932265036,19936,-164.58674352999776
-168.0,1276928,2230,45.0,1,0,-0.011338476289919797,49.82738400809467,0.00390625,0.00031239388,0.0001,0.9527750127017498,4.613724231719971,0.2,-0.0022145117945910897,19944,-165.77224643629043
-129.5,1277440,2739,45.0,1,0,-0.013165874843700465,53.07061199191958,0.00732421875,0.0032624712,0.0001,0.942856702953577,3.7323548793792725,0.2,-0.0022336721540341387,19952,-162.92382593031974
-142.0,1277952,2884,45.0,1,0,-0.007544298510151037,57.459621187706944,0.0068359375,0.0059407046,0.0001,0.8452815860509872,0.3660513460636139,0.2,-0.003395153511519311,19960,-164.41049430377782
-136.0,1278464,2526,45.0,1,0,-0.0035402216326527736,8.490833527292125,0.001220703125,0.0003822461,0.0001,0.9436951577663422,0.05404255539178848,0.2,-0.0007384421114693396,19968,-163.07745521984995
-109.5,1278976,2245,45.0,1,0,-0.003342898970764452,28.521718946285546,0.0,2.7940841e-05,0.0001,0.9354985952377319,1.3964285850524902,0.2,-0.0010633274096107925,19976,-162.40145884171127
-124.5,1279488,2348,45.0,1,0,-0.01111345440137157,25.781564974575303,0.010498046875,0.0114327865,0.0001,0.9539816342294216,0.49931082129478455,0.2,-0.0046637722812192806,19984,-162.43384143989533
-115.0,1280000,2579,45.0,1,0,-0.013163198892918615,64.89299070090055,0.009033203125,0.007774802,0.0001,0.9186913222074509,1.0261096954345703,0.2,-0.0035263874669908546,19992,-163.4584857125953
-79.5,1280512,2379,45.0,1,0,-0.015130447794847512,62.30494492687285,0.00732421875,0.0012240491,0.0001,0.9309436157345772,0.2452053427696228,0.2,-0.004240169391778181,20000,-164.40361161295326
-94.5,1281024,2402,45.0,1,0,-0.011002295794190431,40.175257889321074,0.00927734375,0.0019894228,0.0001,0.9463784471154213,1.4480992555618286,0.2,-0.0034553651566966437,20008,-164.68073275897652
-121.0,1281536,2473,45.0,1,0,-0.016268029233607706,34.52472231653519,0.011474609375,0.0029980764,0.0001,0.9570857062935829,1.6869734525680542,0.2,-0.004103628569282591,20016,-164.03708691433073
-145.5,1282048,2621,45.0,1,0,-0.00831772884728288,76.19762357044965,0.0048828125,0.0010736232,0.0001,0.9289995282888412,5.408145427703857,0.2,-0.0031738672623760067,20024,-163.38626179199665
-133.0,1282560,2701,45.0,1,0,-0.004154647736223538,14.346989043988287,0.003173828125,0.00021841028,0.0001,0.9456628486514091,3.8367323875427246,0.2,-0.0016390799560213054,20032,-161.83268642134965
-147.0,1283072,2582,45.0,1,0,-0.004867284409327155,36.58970822280389,0.004150390625,0.0021710922,0.0001,0.9381542578339577,0.11194637417793274,0.2,-0.0029403795651887776,20040,-162.01325578279793
-182.5,1283584,2377,45.0,1,0,-0.012545809975968325,146.77446800860344,0.00537109375,0.0059013776,0.0001,0.8521813005208969,3.408557891845703,0.2,-0.0033263801014982164,20048,-163.42622727766633
-168.5,1284096,2281,45.0,1,0,-0.013008205083988145,115.8802497331053,0.0107421875,0.002990852,0.0001,0.9128662496805191,5.897704601287842,0.2,-0.004846467585593928,20056,-164.17387991160155
-175.0,1284608,2593,45.0,1,0,-0.017155221238013496,110.64382224762812,0.0068359375,0.000816389,0.0001,0.8946094736456871,7.862085342407227,0.2,-0.0033101750177593203,20064,-162.02650682613253
-151.5,1285120,2238,45.0,1,0,-0.014998069453726615,144.1030621305108,0.0048828125,0.0006270823,0.0001,0.8468976318836212,17.040279388427734,0.2,-0.0028685153411061037,20072,-160.94275624688714
-170.5,1285632,2469,45.0,1,0,-0.012981251467124366,38.390060398727655,0.009521484375,0.002568562,0.0001,0.9653523117303848,2.252937078475952,0.2,-0.006183710626373795,20080,-162.0312636232376
-137.0,1286144,2178,45.0,1,0,-0.012635026002637773,66.17056178022176,0.002685546875,0.003586673,0.0001,0.9248237460851669,1.700299859046936,0.2,-0.001475185055824113,20088,-163.55221872784196
-149.5,1286656,2717,45.0,1,0,-0.024002278685475886,121.8435353115201,0.006103515625,0.0021518823,0.0001,0.9183600768446922,8.896716117858887,0.2,-0.002996597077981278,20096,-166.6232072028145
-149.5,1287168,2880,45.0,1,0,-0.007573306282358416,15.247742074941925,0.009033203125,0.010112429,0.0001,0.9244711101055145,0.8722848296165466,0.2,-0.0033672582462713763,20104,-166.806468741782
-173.5,1287680,2685,45.0,1,0,-0.00653391185396579,6.153728548088111,0.005859375,0.010106502,0.0001,0.9705908223986626,0.8350206613540649,0.2,-0.0014155329035929753,20112,-167.94283868551256
-118.0,1288192,2444,45.0,1,0,-0.008372280531224519,22.823104912240524,0.007568359375,0.0033178867,0.0001,0.8670489639043808,0.5469567179679871,0.2,-0.004084165098902304,20120,-163.75357851728796
-139.5,1288704,2451,45.0,1,0,-0.013640402945085839,17.241152518661693,0.008544921875,0.0016844894,0.0001,0.9726528320461512,0.9813244938850403,0.2,-0.0033689351694192737,20128,-162.3510434885323
-117.5,1289216,2500,45.0,1,0,-0.016063780508982717,37.647454228950664,0.00634765625,0.025506195,0.0001,0.9367695823311806,1.1588011980056763,0.2,-0.0017677464511507424,20136,-159.40667979709804
-157.0,1289728,2168,45.0,1,0,-0.012803083322058484,39.96032474801177,0.00732421875,0.0011654879,0.0001,0.9197816103696823,0.9429064989089966,0.2,-0.0029852019688405562,20144,-158.32664743490517
-159.0,1290240,2306,45.0,1,0,-0.01675860777336169,48.26074521522969,0.008544921875,0.0011273627,0.0001,0.9653051570057869,1.2122373580932617,0.2,-0.004128738728468306,20152,-156.53821183245628
-149.5,1290752,2303,45.0,1,0,-0.008526342975599732,31.591542308218777,0.00390625,0.0023580112,0.0001,0.9560737572610378,0.3993053138256073,0.2,-0.0024375490575039294,20160,-157.06551752597093
-140.5,1291264,2614,45.0,1,0,-0.03656563925937917,339.68143942952156,0.0107421875,0.0017213549,0.0001,0.8701227605342865,50.57107162475586,0.2,-0.0038443421326519456,20168,-159.74213483203204
-114.5,1291776,2270,45.0,1,0,-0.012955243042942044,127.37989279208705,0.005126953125,0.0017184883,0.0001,0.7959756255149841,78.2103042602539,0.2,-0.0018916029621323105,20176,-160.20750668216496
-108.0,1292288,2488,45.0,1,0,-0.023920278806528472,117.6879319511354,0.006591796875,0.0017693441,0.0001,0.895191065967083,54.85884094238281,0.2,-0.0032928095733950613,20184,-162.9638966292888
-106.5,1292800,2317,45.0,1,0,-0.012203233533128355,66.11936715757474,0.005859375,0.0026344643,0.0001,0.9165104851126671,10.793116569519043,0.2,-0.0025890870092553087,20192,-164.86023957543074
-117.5,1293312,2247,45.0,1,0,-0.03022901712901671,356.86642238497734,0.00732421875,0.0054092025,0.0001,0.8213478922843933,128.51641845703125,0.2,-0.0049658287498459686,20200,-166.96252471491695
-140.5,1293824,2497,45.0,1,0,-0.014147779746394917,136.82832626625896,0.00830078125,0.0024216953,0.0001,0.9017894938588142,15.802713394165039,0.2,-0.005150114218849922,20208,-172.3636740769446
-120.0,1294336,2379,45.0,1,0,-0.015277584309234982,42.83346812147647,0.0078125,0.0010193149,0.0001,0.9198580980300903,1.051784873008728,0.2,-0.003930425344151445,20216,-172.00435109511017
-105.5,1294848,2349,45.0,1,0,-0.018058865901736,35.97152899752837,0.01025390625,0.0036005564,0.0001,0.9641299806535244,1.8569499254226685,0.2,-0.004854193339269841,20224,-170.7742638801411
-121.5,1295360,2634,45.0,1,0,-0.016964293374257977,69.72193775279447,0.0068359375,0.0011020385,0.0001,0.9068543091416359,0.7195794582366943,0.2,-0.0032074147784442175,20232,-169.94466636642812
-130.5,1295872,2676,45.0,1,0,-0.01853171551306687,55.45501370797865,0.017333984375,0.010432892,0.0001,0.9306529983878136,1.0871130228042603,0.2,-0.00407274617919029,20240,-166.9064854972437
-151.5,1296384,2817,45.0,1,0,-0.009972114932992326,11.906332852871856,0.00537109375,0.00487883,0.0001,0.9609582498669624,0.3906623125076294,0.2,-0.0007843259008950554,20248,-166.23523873958737
-203.0,1296896,2482,45.0,1,0,-0.006820339313748036,145.60466091164562,0.00439453125,0.00016555621,0.0001,0.8624894022941589,10.556474685668945,0.2,-0.002838999344021431,20256,-166.94191538725048
-219.5,1297408,2292,45.0,1,0,-0.00999396348075976,59.35325731802732,0.005126953125,0.0036083334,0.0001,0.9263371527194977,4.404096603393555,0.2,-0.003358300597028574,20264,-166.1419652907178
-253.5,1297920,1868,45.0,1,0,-0.01604882516169681,109.7766411807388,0.010498046875,0.0018575704,0.0001,0.90269785374403,35.05197525024414,0.2,-0.005876519466255559,20272,-165.18415614951402
-238.5,1298432,2400,45.0,1,0,-0.012833543945756531,43.114369980059564,0.01171875,0.010948783,0.0001,0.9469722807407379,1.4143986701965332,0.2,-0.005439837710582651,20280,-166.7376483136043
-217.0,1298944,2418,45.0,1,0,-0.007736815860990731,35.0056450284319,0.002197265625,0.00017801346,0.0001,0.9178950637578964,0.6712568998336792,0.2,-0.0006557310553034768,20288,-166.41541285075246
-238.0,1299456,2387,45.0,1,0,-0.017363375683430604,61.91226704325527,0.006591796875,0.0009837032,0.0001,0.9632590971887112,4.8962602615356445,0.2,-0.0022740556596545503,20296,-165.95124372445048
-238.5,1299968,2835,45.0,1,0,-0.018334017349403098,79.78735974431038,0.007568359375,0.0043414873,0.0001,0.9186947718262672,0.49945273995399475,0.2,-0.004905832633085083,20304,-164.62069922477008
-238.5,1300480,2795,45.0,1,0,-0.011173573885724153,30.79162484497101,0.0068359375,0.00290242,0.0001,0.906885415315628,0.25479477643966675,0.2,-0.0005592881452685106,20312,-163.35335023880006
-238.5,1300992,2627,45.0,1,0,-0.01352409984700742,52.769389538159885,0.009765625,0.007233859,0.0001,0.767486110329628,9.296417236328125,0.2,-0.002505060132534709,20320,-161.3725627836585
-231.5,1301504,2209,45.0,1,0,-0.028255388598317666,611.2824056390673,0.0107421875,0.0022659916,0.0001,0.6436370611190796,297.0039978027344,0.2,-0.001262013269297313,20328,-159.4310856841877
-276.5,1302016,2459,45.0,1,0,-0.024386468327840305,104.98179768188857,0.010009765625,0.00079181,0.0001,0.8734185248613358,23.06105613708496,0.2,-0.004081621607838315,20336,-160.85091724835337
-285.0,1302528,2367,45.0,1,0,-0.024126946622686773,175.37317084521055,0.001953125,0.0018671488,0.0001,0.7871575653553009,75.21636199951172,0.2,0.00036084880275666364,20344,-159.22528565913439
-293.5,1303040,2301,45.0,1,0,-0.03536219890679604,409.7879698574543,0.008544921875,0.0026477021,0.0001,0.8059840500354767,21.70335578918457,0.2,-0.0050392391240166035,20352,-161.38049068510531
-312.5,1303552,2564,45.0,1,0,-0.025257875138848362,72.29226681496948,0.009765625,0.003926439,0.0001,0.9367503151297569,7.877152919769287,0.2,-0.004213413223624229,20360,-163.26765460245312
-340.5,1304064,2367,45.0,1,0,-0.022180154512000172,69.04982743377332,0.00439453125,0.0027963943,0.0001,0.9236621409654617,0.09738967567682266,0.2,-0.004238547568093054,20368,-164.8329859474674
-310.0,1304576,2418,45.0,1,0,-0.03369503758585779,484.01437866687775,0.006103515625,0.0014002083,0.0001,0.7867088615894318,54.025001525878906,0.2,-0.0022792673626099713,20376,-170.65414804831147
-310.0,1305088,2921,45.0,1,0,-0.02666581366754528,110.92121429275721,0.015625,0.0012023371,0.0001,0.8431377112865448,36.55550765991211,0.2,-0.006318568761344068,20384,-173.8982021315396
-310.0,1305600,2602,45.0,1,0,-0.010099438123805982,48.5570110376575,0.002685546875,0.0006931699,0.0001,0.9131259694695473,15.01949405670166,0.2,-0.0024477884680891293,20392,-176.1068561693281
-284.5,1306112,2353,45.0,1,0,-0.018247611878116743,56.746248572017066,0.016845703125,0.0077484036,0.0001,0.9470782838761806,2.796790838241577,0.2,-0.007403670922940364,20400,-176.42005432695152
-270.0,1306624,2393,45.0,1,0,-0.01730605480517511,59.44585317932069,0.009765625,0.0011574142,0.0001,0.9209129139780998,3.7113523483276367,0.2,-0.004616502919816412,20408,-177.18865470170974
-233.0,1307136,2460,45.0,1,0,-0.03978360621658794,168.15068494156003,0.016357421875,0.0039168987,0.0001,0.8953763917088509,30.964372634887695,0.2,-0.005332102849934017,20416,-180.70301625847816
-230.5,1307648,1548,45.0,1,0,-0.032558729390075314,133.0250836033374,0.0126953125,0.002617629,0.0001,0.8508268892765045,8.638437271118164,0.2,-0.005473769968375564,20424,-178.3831165201962
-216.5,1308160,2453,45.0,1,0,-0.029966785406031704,275.0332636386156,0.00732421875,0.0018785723,0.0001,0.8590661883354187,21.77495765686035,0.2,-0.004698299420851981,20432,-179.41567264337093
-198.5,1308672,2323,45.0,1,0,-0.038024948545171355,521.9365611821413,0.013671875,0.0018535538,0.0001,0.811901718378067,71.58576202392578,0.2,-0.002938188597909175,20440,-183.42363591525702
-214.0,1309184,2237,45.0,1,0,-0.044436429687266354,338.1159759759903,0.005126953125,0.0012115279,0.0001,0.7688348144292831,11.3548002243042,0.2,-0.0022560299694305286,20448,-177.9400397357717
-214.0,1309696,2534,45.0,1,0,-0.06467506553599378,790.3950797766447,0.056884765625,0.009954512,0.0001,0.7656883895397186,189.3238067626953,0.2,-0.026060367719765054,20456,-179.65170921135694
-218.0,1310208,2548,45.0,1,0,-0.022325284783164534,114.93425721442327,0.007080078125,0.0013964818,0.0001,0.8669410049915314,14.59368896484375,0.2,-0.0029524785622925265,20464,-179.17819436609744
-227.0,1310720,2334,45.0,1,0,-0.02250146298900546,183.2558751925826,0.008544921875,0.0016568706,0.0001,0.6846668422222137,42.73809051513672,0.2,-0.0035997476370539516,20472,-175.5415838649869
-215.0,1311232,2422,45.0,1,0,-0.012803510107005422,64.53832189412788,0.006103515625,0.0073905033,0.0001,0.9245244264602661,12.460623741149902,0.2,-0.0037167703521845397,20480,-174.25759389057757
-227.0,1311744,2600,45.0,1,0,-0.03755171881516617,121.07263510674238,0.008544921875,0.0012565843,0.0001,0.8960129916667938,49.00889587402344,0.2,-0.004775204575707903,20488,-169.37130167659373
-239.0,1312256,2081,45.0,1,0,-0.01810900738596999,71.79350169701502,0.016357421875,0.01187921,0.0001,0.8690988421440125,1.038213849067688,0.2,0.0011452416329120751,20496,-169.56291300375014
-259.0,1312768,2589,45.0,1,0,-0.024178284277098783,292.4406640045345,0.012939453125,0.0018078958,0.0001,0.875002533197403,24.572528839111328,0.2,0.0027120749691675883,20504,-165.05438097447157
-261.5,1313280,2477,45.0,1,0,-0.014842841545970487,57.65779089555144,0.00439453125,0.0011355289,0.0001,0.9279103502631187,9.76141357421875,0.2,-0.0021743363249697722,20512,-162.78810769170522
-266.5,1313792,2564,45.0,1,0,-0.02088404032488711,40.07610225465032,0.01513671875,0.0026057293,0.0001,0.9431500025093555,0.1756093055009842,0.2,-0.005023949510359671,20520,-164.04532766785474
-259.0,1314304,2673,45.0,1,0,-0.01943259914851936,70.8786325068213,0.01123046875,0.011533175,0.0001,0.7419099807739258,0.6509197354316711,0.2,0.001254906106623821,20528,-157.4181786969304
-259.0,1314816,2433,45.0,1,0,-0.02013055175614653,34.4910169528157,0.009033203125,0.004418866,0.0001,0.8936123624444008,1.6330270767211914,0.2,-0.003321220490761334,20536,-154.42836085576565
-270.5,1315328,2579,45.0,1,0,-0.023925386230352785,79.80880042072386,0.017578125,0.016851459,0.0001,0.8880774602293968,12.671011924743652,0.2,-0.00508634680591058,20544,-154.98135051023215
-252.5,1315840,2207,45.0,1,0,-0.030306194784259333,74.91873120609671,0.011962890625,0.0027051917,0.0001,0.9035436734557152,17.051959991455078,0.2,-0.004797311688889749,20552,-153.57752532657236
-242.0,1316352,2225,45.0,1,0,-0.04476321316451504,576.4711561799049,0.0185546875,0.0016795543,0.0001,0.6903485655784607,261.3077392578125,0.2,-0.009734352723171469,20560,-158.87585484609008
-217.0,1316864,2347,45.0,1,0,-0.03282223876625778,75.80301572568715,0.00634765625,0.0012141316,0.0001,0.8714558780193329,17.775178909301758,0.2,-9.738274093251675e-05,20568,-156.70313763149082
-223.5,1317376,2503,45.0,1,0,-0.02234784288578595,342.45991084724665,0.00634765625,0.0010153682,0.0001,0.8457410484552383,110.6831283569336,0.2,-0.0035039516533288406,20576,-157.08972558401524
-209.0,1317888,2372,45.0,1,0,-0.017505725105209535,69.90974541893229,0.006103515625,0.0057402444,0.0001,0.929765559732914,0.39717862010002136,0.2,-0.0010606678915792145,20584,-160.35675019498913
-185.0,1318400,2616,45.0,1,0,-0.023331012002238083,112.05330402683467,0.0107421875,0.005680144,0.0001,0.928934209048748,52.02854537963867,0.2,-0.0045712635983363725,20592,-163.36237679224462
-196.5,1318912,2802,45.0,1,0,-0.012838771247519531,71.90333555662073,0.0078125,0.0013418368,0.0001,0.7646958529949188,1.388015627861023,0.2,-0.002877556275052484,20600,-165.33739655323328
-182.0,1319424,2256,45.0,1,0,-0.009396120387112461,26.17400228435872,0.0029296875,0.0005873636,0.0001,0.9188181832432747,0.9695452451705933,0.2,-0.0014424554356082808,20608,-163.95827788569034
-153.5,1319936,2350,45.0,1,0,-0.025424005077063327,117.17856801021844,0.010498046875,0.0008656711,0.0001,0.841434121131897,14.957328796386719,0.2,-0.0017360716801704257,20616,-163.36588115420193
-219.5,1320448,2601,45.0,1,0,-0.026034163417911316,95.8361236989731,0.011962890625,0.0040866844,0.0001,0.8868086114525795,3.5876173973083496,0.2,-0.0022971617836446967,20624,-162.6928823485598
-236.5,1320960,2423,45.0,1,0,-0.017779037873189907,44.231055011972785,0.01220703125,0.0066438005,0.0001,0.9226692393422127,1.4089913368225098,0.2,-0.001690802182565676,20632,-158.99534603279085
-261.0,1321472,2504,45.0,1,0,-0.020477916066546697,64.8605543479789,0.009765625,0.0007613207,0.0001,0.8544646501541138,10.511466026306152,0.2,-0.0012944091940880753,20640,-156.1028265560791
-267.0,1321984,2454,45.0,1,0,-0.0169388959996013,84.08635270223022,0.010498046875,0.0020568664,0.0001,0.9055307134985924,2.1803667545318604,0.2,-0.004465161866392009,20648,-149.22901442106814
-266.5,1322496,2426,45.0,1,0,-0.029341694505802707,224.28102276474237,0.003173828125,0.00035643077,0.0001,0.8485471606254578,45.28919982910156,0.2,-0.001208914203743916,20656,-144.61437812600286
-279.0,1323008,2669,45.0,1,0,-0.015594687042622013,45.18153249385068,0.00830078125,0.0017385033,0.0001,0.8595852702856064,4.409235954284668,0.2,-3.597991417336743e-05,20664,-142.9491925374046
-271.5,1323520,2658,45.0,1,0,-0.01374235214773023,20.083230294054374,0.0087890625,0.0020156822,0.0001,0.912857748568058,0.6408856511116028,0.2,-0.004085653041329351,20672,-142.80622209373863
-305.5,1324032,2411,45.0,1,0,-0.007665698174530888,134.18888857448474,0.005859375,0.004471766,0.0001,0.8808185681700706,2.1056482791900635,0.2,-0.0023058390797814354,20680,-147.0661676171422
-240.0,1324544,2440,45.0,1,0,-0.0102267375729852,43.66320470161736,0.00537109375,0.0050354083,0.0001,0.9383110404014587,0.5548912286758423,0.2,-0.002322804444702342,20688,-149.47891620978714
-222.0,1325056,2534,45.0,1,0,-0.01427590649529975,62.42777411080897,0.0048828125,0.0005754746,0.0001,0.93424341827631,1.053631067276001,0.2,-0.0037660875968867913,20696,-151.9936110819876
-156.0,1325568,2361,45.0,1,0,-0.010974277058139137,51.1683286158368,0.005615234375,0.0075269574,0.0001,0.9217657595872879,17.985713958740234,0.2,-0.0017244795599253848,20704,-153.1873585239053
-141.5,1326080,2402,45.0,1,0,-0.011579328405694866,33.304840847849846,0.007568359375,0.0016675893,0.0001,0.9496934860944748,1.2347415685653687,0.2,-0.00377292325720191,20712,-156.7013687185198
-117.5,1326592,2511,45.0,1,0,-0.020086835806651493,105.71635291352868,0.0107421875,0.0026002647,0.0001,0.8362032920122147,1.118557095527649,0.2,-0.003261937895331357,20720,-156.65092864491046
-142.0,1327104,2725,45.0,1,0,-0.01643144289545262,63.10716813150793,0.01611328125,0.015677027,0.0001,0.9181251302361488,1.1567102670669556,0.2,0.005830594556755386,20728,-157.17124704096466
-142.0,1327616,2842,45.0,1,0,-0.009769532885215426,24.973768308293074,0.005859375,0.005281954,0.0001,0.9102707281708717,0.5206090807914734,0.2,-0.004808452518773265,20736,-156.84037808332593
-125.5,1328128,2422,45.0,1,0,-0.010376051637003059,7.927821209246758,0.0107421875,0.0060811434,0.0001,0.965185709297657,0.4854152500629425,0.2,-0.00675674203557719,20744,-156.02358543302864
-114.5,1328640,2497,45.0,1,0,-0.012410104532747823,87.20931184850633,0.004638671875,0.00049538165,0.0001,0.8408965617418289,5.535187721252441,0.2,-0.004465289786821813,20752,-154.55285144653172
-143.5,1329152,2545,45.0,1,0,-0.013018504715043733,16.611741686123423,0.005859375,0.0006114389,0.0001,0.9657180793583393,0.390119343996048,0.2,-0.004102260850231687,20760,-152.42297560017556
-143.5,1329664,2517,45.0,1,0,-0.02110520168824337,47.63505854923278,0.0146484375,0.0098103685,0.0001,0.9291759207844734,1.075346827507019,0.2,-0.0022548043134520412,20768,-152.4562644670531
-209.0,1330176,2353,45.0,1,0,-0.01390572329803419,29.509995750238886,0.0068359375,0.004460618,0.0001,0.9488280452787876,0.02032599225640297,0.2,-0.0043420394522399874,20776,-152.05032202985137
-213.0,1330688,2493,45.0,1,0,-0.019907252985049695,38.68711402290501,0.021728515625,0.005365627,0.0001,0.9491992443799973,0.2367062121629715,0.2,-0.008544805648853071,20784,-154.1056717484072
-214.0,1331200,2377,45.0,1,0,-0.027444446673726475,160.02632365003228,0.003173828125,0.000718424,0.0001,0.8258636593818665,12.649974822998047,0.2,-0.002916721652582055,20792,-156.42113187830896
-192.5,1331712,2487,45.0,1,0,-0.035215196551973804,168.95531758666039,0.0126953125,0.0037604384,0.0001,0.821847453713417,32.681427001953125,0.2,-0.006630319636315107,20800,-157.45122106209396
-180.0,1332224,2775,45.0,1,0,-0.02488943339800187,49.7243243586272,0.018310546875,0.006031558,0.0001,0.9051925763487816,2.8329503536224365,0.2,-0.0033009223952831235,20808,-158.928413400203
-183.0,1332736,2551,45.0,1,0,-0.00933160890609308,16.458542674197815,0.00830078125,0.00068328646,0.0001,0.9497249275445938,0.39377734065055847,0.2,-0.0034298706716526794,20816,-160.06387584619225
-183.0,1333248,2688,45.0,1,0,-0.02124272550235773,194.12601401470602,0.009521484375,0.0020243195,0.0001,0.806935578584671,72.9906234741211,0.2,-0.005011646051571006,20824,-160.37048548601567
-204.5,1333760,2267,45.0,1,0,-0.014838000537521268,25.941211640485562,0.0078125,0.002247298,0.0001,0.954302079975605,0.26128363609313965,0.2,-0.0033560490746822325,20832,-161.50872214458883
-181.5,1334272,2545,45.0,1,0,-0.03195473191917131,53.52254486363381,0.014404296875,0.0046471665,0.0001,0.9482142627239227,2.207232713699341,0.2,-0.005060652329120785,20840,-161.55434535905718
-212.0,1334784,2531,45.0,1,0,-0.013576551743008203,27.57484919653507,0.015625,0.014632981,0.0001,0.9405062422156334,0.39734408259391785,0.2,-0.0059245462507533375,20848,-162.54129113085568
-207.5,1335296,2378,45.0,1,0,-0.019121451982492488,93.00011890847236,0.010986328125,0.0038685557,0.0001,0.9070285111665726,16.609224319458008,0.2,-0.004522200375504326,20856,-161.33359387535603
-222.0,1335808,2747,45.0,1,0,-0.03948769466387603,193.7995092868805,0.008544921875,0.00059795135,0.0001,0.8303461074829102,56.0318603515625,0.2,-0.002522508628317155,20864,-160.30512985851615
-253.5,1336320,2857,45.0,1,0,-0.015931404523210624,55.80559409642592,0.00732421875,0.006721107,0.0001,0.9286938384175301,0.6076497435569763,0.2,-0.0027564346783037763,20872,-161.86650227662176
-246.0,1336832,2650,45.0,1,0,-0.015324871046018096,159.58447317383252,0.012451171875,0.0016493315,0.0001,0.7657324522733688,0.13935115933418274,0.2,-0.011690058836393291,20880,-160.68124923374504
-254.5,1337344,2647,45.0,1,0,-0.009368784923275086,51.94416341910255,0.00390625,0.0040557943,0.0001,0.9325485378503799,2.586031675338745,0.2,-0.0030547491251127212,20888,-162.5743359779939
-265.0,1337856,2368,45.0,1,0,-0.012827816566126415,38.71194733702578,0.005615234375,0.012022512,0.0001,0.9417284578084946,1.0758380889892578,0.2,-0.0009796456506592222,20896,-161.0282806783542
-328.5,1338368,2564,45.0,1,0,-0.041781870499107754,102.96496642474085,0.017578125,0.008309657,0.0001,0.8919197991490364,5.948432445526123,0.2,-0.008555955078918487,20904,-162.84782848510892
-350.0,1338880,2573,45.0,1,0,-0.021813544533032747,113.68314566463232,0.009521484375,0.0026779133,0.0001,0.8577100485563278,1.0661495923995972,0.2,-0.005307735089445487,20912,-162.94910676348954
-375.5,1339392,2614,45.0,1,0,-0.01934457317915772,107.13814876414835,0.00830078125,0.0007712012,0.0001,0.8287160843610764,20.20307159423828,0.2,-0.0006128660606918857,20920,-161.53494657527656
-389.5,1339904,2543,45.0,1,0,-0.01360470195252983,57.70255003354396,0.00732421875,0.0013561355,0.0001,0.9377845749258995,0.557201623916626,0.2,-0.003959297187975608,20928,-163.63792875874788
-398.5,1340416,2748,45.0,1,0,-0.022168225277765963,139.97821748582646,0.008056640625,0.0018661135,0.0001,0.8187684118747711,59.79783630371094,0.2,-0.0030096801619947655,20936,-163.342480613254
-398.5,1340928,2812,45.0,1,0,-0.020887650840964334,55.95150472183013,0.01318359375,0.21757203,0.0001,0.8593304008245468,3.878488779067993,0.2,0.036949130392713414,20944,-160.12346929620952
-398.5,1341440,2659,45.0,1,0,-0.010168603826981482,21.02563551851199,0.006103515625,0.007670371,0.0001,0.9137481227517128,0.2343580424785614,0.2,0.000644086492684437,20952,-162.03630658723415
-386.5,1341952,2642,45.0,1,0,-0.014134223189330442,71.76098058884963,0.00732421875,0.0025801822,0.0001,0.9378319531679153,1.0238457918167114,0.2,-0.004151747405558126,20960,-163.61254068095238
-374.5,1342464,2347,45.0,1,0,-0.012417412694039065,40.281956606311724,0.00732421875,0.0013184464,0.0001,0.9450615495443344,0.2082921266555786,0.2,-0.0013938491683802567,20968,-166.22508312251418
-365.0,1342976,2642,45.0,1,0,-0.031135067282207274,649.5050931200385,0.01025390625,0.0024975839,0.0001,0.6942911744117737,114.85540771484375,0.2,-0.004760276262459229,20976,-167.69622495081276
-366.5,1343488,2560,45.0,1,0,-0.020243363346651222,59.12765483325347,0.010009765625,0.0027368618,0.0001,0.9175881817936897,1.512751579284668,0.2,-0.004069280299518141,20984,-167.9403518403694
-359.0,1344000,2651,45.0,1,0,-0.01949940930815508,87.57953182887286,0.010009765625,0.0016197792,0.0001,0.8854361400008202,1.5046498775482178,0.2,-0.00379988189888536,20992,-168.60901267342268
-340.5,1344512,2498,45.0,1,0,-0.02175192934409864,81.87596660805866,0.008056640625,0.0028154596,0.0001,0.9381780438125134,8.699329376220703,0.2,-0.005570318887293979,21000,-171.17075932685285
-340.5,1345024,2693,45.0,1,0,-0.020802296405872056,213.80956656858325,0.0068359375,0.0007784093,0.0001,0.8887470662593842,24.446304321289062,0.2,-0.004384117812151089,21008,-177.00797645173967
-331.5,1345536,2888,45.0,1,0,-0.015322992862859763,95.08162799698766,0.009033203125,0.003181464,0.0001,0.9019028171896935,1.9847410917282104,0.2,-0.0037506832095459686,21016,-179.7935232917592
-336.5,1346048,2413,45.0,1,0,-0.010154295905145716,40.25221629269072,0.006103515625,0.002219195,0.0001,0.6620040535926819,1.3769428730010986,0.2,-0.0008098901016637683,21024,-179.3085404529795
-346.0,1346560,2728,45.0,1,0,-0.010642219007536369,103.4555208296224,0.008544921875,0.00092367234,0.0001,0.879119873046875,0.028831444680690765,0.2,-0.0038714829552191077,21032,-176.15563861265778
-326.5,1347072,2521,45.0,1,0,-0.007857998429525281,12.993719640915515,0.00390625,0.0012606103,0.0001,0.9711295068264008,0.4154013395309448,0.2,-0.002918998710811138,21040,-174.56439214445652
-325.5,1347584,2514,45.0,1,0,-0.015281994263499854,42.59937373420689,0.0087890625,0.0013954282,0.0001,0.9367325082421303,11.537158012390137,0.2,-0.004289686126867309,21048,-171.40599363319575
-332.0,1348096,2527,45.0,1,0,-0.01826569644861209,67.908549094107,0.006103515625,0.0009421485,0.0001,0.9270000532269478,13.693846702575684,0.2,-0.0053283689180716465,21056,-171.72589776642621
-332.0,1348608,2620,45.0,1,0,-0.013581990938302368,29.368979316204786,0.008544921875,0.0015552586,0.0001,0.9518031142652035,4.5038275718688965,0.2,-0.004874453316006111,21064,-168.8081951074302
-316.0,1349120,2458,45.0,1,0,-0.013528796981738367,56.34971717139706,0.00634765625,0.0072748414,0.0001,0.9418217465281487,2.9937634468078613,0.2,-0.0017106003297158168,21072,-166.9128090237081
-325.0,1349632,2825,45.0,1,0,-0.018386736403464,92.82109558023512,0.007080078125,0.0013073582,0.0001,0.9247350245714188,11.434955596923828,0.2,-0.0022631198226008564,21080,-163.6799361141026
-325.0,1350144,2811,45.0,1,0,-0.008519964825804749,28.976425540844502,0.001953125,0.005120334,0.0001,0.878097377717495,1.4403541088104248,0.2,-0.0023711620524409227,21088,-160.3697939005494
-336.0,1350656,2700,45.0,1,0,-0.013692979899094126,11.596410584705154,0.010986328125,0.038914364,0.0001,0.9473327025771141,0.33242329955101013,0.2,0.00037288341991370544,21096,-160.7419494190812
-359.0,1351168,2654,45.0,1,0,-0.006499027244359468,46.34992245421745,0.004638671875,0.0002842223,0.0001,0.8993620350956917,0.8325943946838379,0.2,-0.0006396552744263317,21104,-161.63733943834902
-395.0,1351680,1930,45.0,1,0,-0.008976646040501635,14.107299466937548,0.0078125,0.004682732,0.0001,0.9743469823151827,1.0654658079147339,0.2,-0.002423036283289548,21112,-161.42439603462816
-385.5,1352192,2686,45.0,1,0,-0.007464152601336593,35.02483453718014,0.00244140625,0.00024426996,0.0001,0.9083401262760162,1.8635388612747192,0.2,-0.0008996388373816444,21120,-158.24478163473307
-383.0,1352704,2282,45.0,1,0,-0.008548092469940372,31.970833830964693,0.0048828125,0.0013588339,0.0001,0.8958872854709625,1.9384195804595947,0.2,-0.0031110390191315673,21128,-155.96045256204903
-372.5,1353216,2563,45.0,1,0,-0.010237651735490516,81.93784183287062,0.00439453125,0.0012143117,0.0001,0.9217919334769249,2.8599414825439453,0.2,-0.0023357522950391285,21136,-156.71271888680755
-380.0,1353728,2681,45.0,1,0,-0.013257485302236915,86.96150514110923,0.0048828125,0.00094801607,0.0001,0.9037092179059982,1.4288026094436646,0.2,-0.004144261714827735,21144,-157.77912667877973
-365.0,1354240,2643,45.0,1,0,-0.010214754243612845,166.08936095796525,0.003662109375,0.0050480044,0.0001,0.8060052543878555,77.1026840209961,0.2,-0.002605820605822373,21152,-158.35673490591347
-372.0,1354752,2806,45.0,1,0,-0.013655589681889069,98.66895900061354,0.008056640625,0.0048845084,0.0001,0.8582081943750381,11.742061614990234,0.2,-0.004521430944805616,21160,-161.59650561608373
-371.0,1355264,2589,45.0,1,0,-0.012283516811706363,26.984276298608165,0.01318359375,0.02284057,0.0001,0.9142638370394707,0.05756227672100067,0.2,-0.002362749284657184,21168,-163.21169118769467
-330.0,1355776,2464,45.0,1,0,-0.0045678094170753525,75.04119437385816,0.0029296875,0.0013040062,0.0001,0.8675677925348282,0.792044997215271,0.2,-0.002363761896504002,21176,-164.92860062725842
-299.0,1356288,2548,45.0,1,0,-0.013650050499748545,40.79765562270768,0.010986328125,0.002472736,0.0001,0.9687740709632635,0.9137231111526489,0.2,-0.0038102589278423693,21184,-168.1845113553107
-286.5,1356800,2427,45.0,1,0,-0.012252601281502962,30.33171265013516,0.00439453125,0.0007301525,0.0001,0.9246559143066406,0.32013893127441406,0.2,-0.0016563136232434772,21192,-170.42225488968194
-267.5,1357312,2482,45.0,1,0,-0.01055555014091425,42.41461926486954,0.006103515625,0.0015329408,0.0001,0.8797335475683212,4.576184272766113,0.2,-0.004518078712862916,21200,-170.27275563720613
-288.5,1357824,2513,45.0,1,0,-0.008979953731575563,28.338879192480817,0.004638671875,0.0023519187,0.0001,0.9571462944149971,0.9977517127990723,0.2,-0.0029719156736973673,21208,-168.86692923832686
-286.5,1358336,2359,45.0,1,0,-0.0077709276347235345,17.03575414401712,0.0068359375,0.00497891,0.0001,0.9718092475086451,0.8639694452285767,0.2,-0.0032966560229397146,21216,-162.84807195562868
-299.0,1358848,2878,45.0,1,0,-0.011295264959827023,194.10767609905452,0.004150390625,0.0019471119,0.0001,0.8160305172204971,31.237171173095703,0.2,-0.003241621467168443,21224,-161.42975502263755
-292.0,1359360,2616,45.0,1,0,-0.006488260190785411,16.484512723691296,0.007080078125,0.0009288504,0.0001,0.8718003332614899,0.057510048151016235,0.2,-0.002939722362498287,21232,-156.66559017941356
-280.0,1359872,2457,45.0,1,0,-0.0043100142584862056,10.872809991589747,0.00244140625,0.0018590975,0.0001,0.9414968565106392,0.06709960848093033,0.2,-0.0018619830316310981,21240,-153.12468076750636
-250.0,1360384,2652,45.0,1,0,-0.005365329529148255,28.63926803402137,0.004150390625,0.010918731,0.0001,0.9537832774221897,0.12062758952379227,0.2,-0.0006938276783330366,21248,-148.14755515236408
-232.0,1360896,2324,45.0,1,0,-0.008137470721507611,13.565063682501204,0.007568359375,0.0038024304,0.0001,0.9624329172074795,0.3032083511352539,0.2,-0.003898068214766681,21256,-146.56286746710538
-194.0,1361408,2559,45.0,1,0,-0.01390521178299764,74.34077576827258,0.009765625,0.002222011,0.0001,0.9090708941221237,5.693846702575684,0.2,-0.004091582799446769,21264,-150.04427060000597
-213.0,1361920,2678,45.0,1,0,-0.01240640502643231,121.41108482889831,0.0078125,0.004415499,0.0001,0.8493026942014694,44.263389587402344,0.2,-0.004724966929643415,21272,-152.0719696684554
-227.5,1362432,2536,45.0,1,0,-0.006674427750397172,43.7999323932454,0.00390625,0.008578209,0.0001,0.9479648657143116,0.3684959411621094,0.2,-0.0024602248067822075,21280,-153.8894814727083
-227.5,1362944,2743,45.0,1,0,-0.008531438042254536,50.06729402951896,0.00146484375,9.345519e-05,0.0001,0.9669958539307117,1.8216909170150757,0.2,-0.0012720363774860743,21288,-155.15981870882214
-227.5,1363456,2752,45.0,1,0,-0.007332184574543987,26.77406459901249,0.008056640625,0.0043978174,0.0001,0.8623237758874893,2.0417532920837402,0.2,-0.0006060430860088672,21296,-154.09447396330535
-227.5,1363968,2757,45.0,1,0,-0.004251670421048459,5.733634320291458,0.004150390625,0.0067803133,0.0001,0.9490356892347336,0.2214108258485794,0.2,-0.0023378383193630725,21304,-153.89198328953236
-245.0,1364480,2438,45.0,1,0,-0.001788324207204539,8.39047148670943,0.001708984375,9.7877346e-05,0.0001,0.9542972333729267,0.019956940785050392,0.2,-0.0011390684248908656,21312,-153.27869837101548
-255.0,1364992,2392,45.0,1,0,-0.010364340052440468,38.24298739852384,0.006591796875,0.00241656,0.0001,0.9249082803726196,0.22422407567501068,0.2,-0.0023490690591643215,21320,-151.50291786614807
-229.5,1365504,2599,45.0,1,0,-0.012329264574873378,34.356379740173,0.00830078125,0.00200139,0.0001,0.9257167354226112,10.474658012390137,0.2,-0.004795961594936671,21328,-151.10965630743652
-213.5,1366016,2173,45.0,1,0,-0.007710842335427515,16.674340378609486,0.00439453125,0.001391009,0.0001,0.9630161337554455,0.41023147106170654,0.2,-0.0017360038555125357,21336,-148.21700679998844
-196.5,1366528,2502,45.0,1,0,-0.014791905752787216,203.8292338391766,0.0126953125,0.011097287,0.0001,0.8304122686386108,59.549964904785156,0.2,-0.0016262313329207245,21344,-148.90917778529226
-179.5,1367040,2590,45.0,1,0,-0.010317858673374758,92.22808552160859,0.01025390625,0.0022564784,0.0001,0.9385221563279629,36.14542770385742,0.2,-0.004550720033876132,21352,-151.4820443256572
-179.5,1367552,2763,45.0,1,0,-0.009167608883231537,82.06837172340602,0.00390625,0.0003483235,0.0001,0.9382977224886417,35.85835266113281,0.2,-0.001734844065595098,21360,-153.24607292208822
-179.5,1368064,2881,45.0,1,0,-0.00784523329809872,11.071123495872598,0.009521484375,0.014621009,0.0001,0.962361566722393,0.3308621644973755,0.2,-0.005675384764344926,21368,-156.94653502769768
-178.5,1368576,2271,45.0,1,0,-0.0047078134637104085,8.577241298698937,0.006591796875,0.0061654346,0.0001,0.9682003892958164,0.30364546179771423,0.2,-0.0026114916345250094,21376,-160.12073933728038
-186.5,1369088,2519,45.0,1,0,-0.00519129707692656,45.16640535881743,0.004638671875,0.0010486337,0.0001,0.9069667756557465,0.19766145944595337,0.2,-0.0028934336658039683,21384,-163.1133142511174
-159.0,1369600,2200,45.0,1,0,-0.009121445024174335,23.16265492234379,0.0048828125,0.00093720946,0.0001,0.9451839029788971,0.08597686141729355,0.2,-0.0020097597443964332,21392,-163.63202641349287
-133.5,1370112,2205,45.0,1,0,-0.01166726528809292,51.12963066622615,0.009033203125,0.0050869705,0.0001,0.9228823035955429,10.758057594299316,0.2,-0.0046557295145248645,21400,-163.69046364914627
-156.0,1370624,2387,45.0,1,0,-0.006509325127556309,65.08871658684802,0.0048828125,0.011299392,0.0001,0.7907361835241318,14.88488483428955,0.2,-0.003915345911991608,21408,-161.35457197856158
-169.5,1371136,2535,45.0,1,0,-0.00944894708437971,70.08884680457413,0.001953125,0.00081665337,0.0001,0.8461481183767319,3.063110828399658,0.2,-0.0009400491326232441,21416,-155.68472301088275
-157.5,1371648,2461,45.0,1,0,-0.007520997982531696,101.68361220881343,0.006591796875,0.022043386,0.0001,0.8561989814043045,3.6145341396331787,0.2,-0.000798582514107693,21424,-156.86933268509804
-126.5,1372160,2620,45.0,1,0,-0.015298635126143267,39.55822874326259,0.012939453125,0.005982594,0.0001,0.9550816863775253,1.7666962146759033,0.2,-0.004917866062896792,21432,-154.93661615751682
-126.5,1372672,2605,45.0,1,0,-0.005042037066235849,21.40200487000402,0.00244140625,0.004679329,0.0001,0.9088886454701424,0.3469439744949341,0.2,-0.0018255218828926445,21440,-153.39878340613097
-144.5,1373184,2541,45.0,1,0,-0.0031933576372473738,5.060819755162811,0.00537109375,0.0030991808,0.0001,0.9730022139847279,0.03569415211677551,0.2,-0.0029560107159340987,21448,-152.4902850000188
-150.0,1373696,2423,45.0,1,0,-0.009699199071256714,44.78078952105716,0.009765625,0.025513485,0.0001,0.9225124418735504,0.6484709978103638,0.2,-0.000792071943578776,21456,-153.06091116242112
-175.5,1374208,2357,45.0,1,0,-0.011265447718418642,120.66137956269085,0.006591796875,0.0017858609,0.0001,0.9166790246963501,17.39471435546875,0.2,-0.003347873302118387,21464,-156.5910901670903
-209.0,1374720,2574,45.0,1,0,-0.005042396238280844,34.72272547380999,0.0029296875,0.0006418275,0.0001,0.9524252451956272,0.8738365769386292,0.2,-0.0020905336205032654,21472,-157.30689590878785
-212.5,1375232,2451,45.0,1,0,-0.008475488046361335,35.32197739323601,0.003662109375,0.0037080953,0.0001,0.8891462534666061,0.35745659470558167,0.2,-0.000997991686745081,21480,-157.5074140251428
-210.0,1375744,2666,45.0,1,0,-0.009160246244832138,22.513330740272067,0.003662109375,0.001230431,0.0001,0.9376215375959873,0.2426164299249649,0.2,-0.002859921673007193,21488,-154.0731051729992
-276.5,1376256,2653,45.0,1,0,-0.007977614726971893,25.09673280431889,0.005859375,0.0032993567,0.0001,0.9367362037301064,0.18272337317466736,0.2,-0.0021437652249005623,21496,-148.0077917987481
-276.5,1376768,2568,45.0,1,0,-0.008528825336437507,23.053473841166124,0.0048828125,0.0016029796,0.0001,0.9347328990697861,0.7013389468193054,0.2,-0.002749851435510209,21504,-146.22989604175092
-276.5,1377280,2765,45.0,1,0,-0.0043414325081005956,6.347678032005206,0.00341796875,0.0018227441,0.0001,0.9414495714008808,0.9084438681602478,0.2,-0.000801626101747388,21512,-143.30801326189192
-266.0,1377792,2709,45.0,1,0,-0.009048510450984537,10.683720840810565,0.007568359375,0.014473554,0.0001,0.94108721986413,0.43642204999923706,0.2,-0.0011983999647782184,21520,-142.53848266948015
-249.5,1378304,2314,45.0,1,0,-0.008706853906266687,21.770374965039082,0.0048828125,0.0066526597,0.0001,0.9333052486181259,0.33536574244499207,0.2,0.002230761110695312,21528,-138.28804782468825
-231.5,1378816,2379,45.0,1,0,-0.01642280496767512,51.64780077512842,0.011962890625,0.004426524,0.0001,0.917086698114872,1.8928428888320923,0.2,-0.004201785521104284,21536,-137.62056307990105
-228.5,1379328,2655,45.0,1,0,-0.015227089899752855,94.53604035358876,0.00537109375,0.002057895,0.0001,0.8893575966358185,0.5463182330131531,0.2,-0.0006132349590188824,21544,-139.89868908386677
-235.5,1379840,2461,45.0,1,0,-0.01844803496220937,27.799902176717296,0.007568359375,0.0031788908,0.0001,0.9529626630246639,2.17555832862854,0.2,-0.0027669619703374337,21552,-145.45376651797443
-227.0,1380352,2120,45.0,1,0,-0.02055565188052455,35.842013478279114,0.01171875,0.0070950375,0.0001,0.9342908188700676,0.3761416971683502,0.2,-0.0048383148496213835,21560,-150.56509696472438
-229.5,1380864,2520,45.0,1,0,-0.026070660972038695,68.1981139620766,0.0087890625,0.0010546497,0.0001,0.9398370273411274,27.06671905517578,0.2,-0.00554339279915439,21568,-155.83861859057097
-229.5,1381376,2701,45.0,1,0,-0.013681716139593902,62.227260676561855,0.001953125,0.0003778456,0.0001,0.9050666317343712,3.5011796951293945,0.2,-0.0012114989003748633,21576,-158.89112355276941
-232.0,1381888,2848,45.0,1,0,-0.015215047000793902,23.668430183664896,0.009033203125,0.0037920228,0.0001,0.8538733720779419,0.10002796351909637,0.2,-0.0013911749738326762,21584,-161.13678470473735
-251.5,1382400,2280,45.0,1,0,-0.011766017202976542,13.114555127744097,0.010986328125,0.003234724,0.0001,0.9482144191861153,0.2713322639465332,0.2,-0.00847210443316726,21592,-161.39399135198445
-274.0,1382912,2515,45.0,1,0,-0.018379776807137205,171.0575454588834,0.010009765625,0.0030461648,0.0001,0.8035420179367065,29.82052993774414,0.2,-0.0031440388556802645,21600,-161.427650670968
-302.0,1383424,2694,45.0,1,0,-0.021368906866911175,66.34429964469746,0.00927734375,0.00218458,0.0001,0.9248225092887878,1.001982569694519,0.2,-0.0050017857502098195,21608,-162.0780970275402
-281.5,1383936,2233,45.0,1,0,-0.008967127459378332,62.34877964342013,0.00439453125,0.002161358,0.0001,0.9065477177500725,0.6458908319473267,0.2,-0.002939090363724972,21616,-159.51808814760298
-278.0,1384448,2576,45.0,1,0,-0.01906562603177342,198.72318360209465,0.005615234375,0.0004546896,0.0001,0.7987489253282547,31.3575439453125,0.2,-0.0016952070964180166,21624,-160.0034279385209
-229.0,1384960,1702,45.0,1,0,-0.013434733349548367,53.68271543132141,0.0078125,0.002724759,0.0001,0.9544285051524639,2.190676212310791,0.2,-0.004766674985148711,21632,-160.86978347878903
-229.0,1385472,2679,45.0,1,0,-0.051304052384580245,442.22492203116417,0.017822265625,0.0024349305,0.0001,0.8436510860919952,97.28467559814453,0.2,-0.008211528416723013,21640,-163.529916004017
-229.0,1385984,2873,45.0,1,0,-0.025897849588936595,245.5363991735503,0.016845703125,0.018539222,0.0001,0.8274903893470764,1.3184819221496582,0.2,-0.00960600276448531,21648,-169.91302010633052
-203.0,1386496,2611,45.0,1,0,-0.005473419259088175,35.937399585862295,0.0009765625,0.00051150087,0.0001,0.8501040637493134,0.7271270155906677,0.2,0.0007456786934199044,21656,-171.5963888888806
-217.5,1387008,2596,45.0,1,0,-0.006185936171721806,30.167497353602812,0.0068359375,0.0067314547,0.0001,0.9428424686193466,1.5252310037612915,0.2,-0.0030512885459756944,21664,-172.21011538900436
-204.5,1387520,2479,45.0,1,0,-0.009384799348799433,26.80521725473227,0.004638671875,0.0007361565,0.0001,0.9331761226058006,1.5636895895004272,0.2,-0.003049761067813961,21672,-171.09099806688727
-195.0,1388032,2459,45.0,1,0,-0.00911427482147431,51.25742901931517,0.00390625,0.00043898833,0.0001,0.9186285138130188,0.4532405138015747,0.2,-0.003085346081206808,21680,-168.2570882987231
-229.5,1388544,2377,45.0,1,0,-0.004735988544199543,49.290247186712804,0.00244140625,0.00038436404,0.0001,0.8830993622541428,0.703061580657959,0.2,-0.002428915075142868,21688,-163.81291506566106
-214.0,1389056,2634,45.0,1,0,-0.012258368105129591,94.75790690630674,0.006103515625,0.0007952688,0.0001,0.8253281712532043,17.082796096801758,0.2,-0.003988238950114464,21696,-159.3740265352279
-233.0,1389568,2446,45.0,1,0,-0.011095628284303771,30.797988143807743,0.00732421875,0.014209421,0.0001,0.9372860863804817,0.47050029039382935,0.2,-0.0021705373910663184,21704,-156.54498964451253
-233.0,1390080,2777,45.0,1,0,-0.022209389116767397,77.92408695723861,0.011474609375,0.0019905902,0.0001,0.9184455573558807,15.704985618591309,0.2,-0.0027199363976251334,21712,-147.52730740524828
-256.5,1390592,2609,45.0,1,0,-0.0026301417133787197,7.368272254709154,0.00146484375,7.0058275e-05,0.0001,0.9618663154542446,0.2418944388628006,0.2,-0.0006270734302233905,21720,-146.09767429865897
-239.5,1391104,2765,45.0,1,0,-0.006212735300538341,5.5367685999081,0.006591796875,0.0711882,0.0001,0.9830214940011501,0.2244531363248825,0.2,-0.0024548885694457567,21728,-145.06518251437694
-245.5,1391616,2730,45.0,1,0,-0.00867893150119059,51.740612580557354,0.009033203125,0.002376197,0.0001,0.9155549928545952,10.165703773498535,0.2,-0.005070199575129664,21736,-148.56333588454874
-337.0,1392128,2581,45.0,1,0,-0.006753224178565276,31.712184058269486,0.00439453125,0.0014205427,0.0001,0.9585981480777264,1.042664647102356,0.2,-0.002441691174681182,21744,-150.19988695774228
-346.5,1392640,2669,45.0,1,0,-0.010544302079503964,55.26658098993357,0.0068359375,0.0043414813,0.0001,0.9280696958303452,0.46328088641166687,0.2,-0.0023444927646778524,21752,-153.77828925978392
-340.0,1393152,2433,45.0,1,0,-0.005306549417500861,16.294227262827917,0.004150390625,0.0012372822,0.0001,0.9448159150779247,0.37378764152526855,0.2,-0.0019354146352270618,21760,-156.11256805058568
-340.0,1393664,2623,45.0,1,0,-0.008674510359838905,92.62322984915227,0.00439453125,0.0020774344,0.0001,0.897205539047718,0.9246025085449219,0.2,-0.0022575507246074267,21768,-159.01076081700623
-365.5,1394176,2618,45.0,1,0,-0.01350988998031255,47.544976686360314,0.00830078125,0.0017490118,0.0001,0.9085721522569656,0.07836010307073593,0.2,-0.0034897476507467218,21776,-157.16471056606622
-365.5,1394688,2673,45.0,1,0,-0.01918426675022289,59.97198978764936,0.01025390625,0.0014422334,0.0001,0.9000608697533607,0.663676381111145,0.2,-0.0035419203486526385,21784,-153.3270803135261
-365.5,1395200,2821,45.0,1,0,-0.008187247427018818,4.420497977771447,0.00732421875,0.0027890452,0.0001,0.9702943488955498,0.04632509872317314,0.2,-0.004944827696817811,21792,-151.88541257645934
-363.0,1395712,2806,45.0,1,0,-0.006659306321278535,25.546756670053583,0.006591796875,0.0044778,0.0001,0.8996291011571884,0.08222490549087524,0.2,-0.0030910094442333502,21800,-150.90946192011236
-341.5,1396224,2474,45.0,1,0,-0.004716258789636996,12.377393973583821,0.00390625,0.030012257,0.0001,0.9505992531776428,0.2112659364938736,0.2,-0.002368638593907235,21808,-150.2275509019196
-236.0,1396736,2337,45.0,1,0,-0.010089073672459037,26.19241354148835,0.0048828125,0.002419172,0.0001,0.9582790695130825,1.0701088905334473,0.2,-0.002425162167128292,21816,-150.94645367480814
-245.5,1397248,2741,45.0,1,0,-0.013719311890522334,141.85120631754398,0.009521484375,0.0028300658,0.0001,0.8808324933052063,30.4512996673584,0.2,-0.0030686311147292145,21824,-152.52505430079998
-225.0,1397760,2263,45.0,1,0,-0.009365702513377983,33.871447765035555,0.008544921875,0.002569084,0.0001,0.9305444434285164,16.27016258239746,0.2,-0.003985731911598123,21832,-156.95980853963644
-214.5,1398272,2555,45.0,1,0,-0.013795668097849045,85.08185752481222,0.00439453125,0.001094229,0.0001,0.9404944963753223,36.51650619506836,0.2,-0.0022296760107565206,21840,-161.8077866673097
-201.0,1398784,2487,45.0,1,0,-0.008101670970862784,85.59615810308605,0.002197265625,0.0003939143,0.0001,0.9253418520092964,8.879392623901367,0.2,-0.0013976982245367253,21848,-165.59498982671647
-201.0,1399296,2713,45.0,1,0,-0.01528345650207008,113.8460846748203,0.009765625,0.00073852215,0.0001,0.9119203686714172,11.152212142944336,0.2,-0.002604623579827603,21856,-170.69861038614064
-201.0,1399808,2773,45.0,1,0,-0.0026582855852375076,37.54091787894049,0.0009765625,4.113873e-05,0.0001,0.73753821849823,0.2601848840713501,0.2,-0.0004829156750929542,21864,-171.3278451140225
-190.0,1400320,2496,45.0,1,0,-0.004514362507917369,16.192706337285927,0.00146484375,0.0006709128,0.0001,0.8975091427564621,0.07554085552692413,0.2,-0.00038495469198096544,21872,-169.76888843007384
-192.5,1400832,2558,45.0,1,0,-0.0044635257103884385,19.02022944530472,0.001220703125,0.00036861235,0.0001,0.9450526013970375,0.16044260561466217,0.2,-0.0006914943196534296,21880,-165.81123685084285
-211.5,1401344,2449,45.0,1,0,-0.006736493038564717,16.72996138065355,0.0029296875,0.00517282,0.0001,0.9639615975320339,0.4056365489959717,0.2,-0.0017511329424451105,21888,-162.2957770793885
-192.5,1401856,2283,45.0,1,0,-0.007354934343181796,34.883910602889955,0.00537109375,0.0042563174,0.0001,0.9268915057182312,0.7177507877349854,0.2,-0.0026478445943212137,21896,-157.37080741934477
-190.0,1402368,2483,45.0,1,0,-0.012759053605336135,25.911705701146275,0.00927734375,0.018165773,0.0001,0.9058941602706909,0.40771397948265076,0.2,-0.0027105419021609123,21904,-149.06375570721923
-207.0,1402880,2640,45.0,1,0,-0.009965783028548003,92.21508937538601,0.006103515625,0.007072975,0.0001,0.8965670019388199,3.532027244567871,0.2,-0.0018310028681298718,21912,-147.41043318275362
-220.5,1403392,2295,45.0,1,0,-0.012474235323420402,81.91439297725447,0.007568359375,0.0018115405,0.0001,0.919891856610775,0.10481178760528564,0.2,-0.005059713235823438,21920,-145.62553546298295
-220.5,1403904,2696,45.0,1,0,-0.007943916213546842,19.22187215462327,0.001708984375,0.0008686341,0.0001,0.9515810385346413,0.6765298247337341,0.2,-0.0017653142699600721,21928,-142.47999722242355
-220.5,1404416,2778,45.0,1,0,-0.0017853008671870896,4.431887540209573,0.00146484375,0.00011405232,0.0001,0.9650659039616585,0.8107247948646545,0.2,-0.0015877843070484232,21936,-142.00994587425143
-223.0,1404928,2470,45.0,1,0,-0.004421247248775018,3.3258810504339635,0.00439453125,0.009813721,0.0001,0.9842978343367577,0.3666025996208191,0.2,-0.0012613133803824894,21944,-142.80983102601022
-236.0,1405440,2556,45.0,1,0,-0.005617286678289091,14.212943588383496,0.002197265625,0.0010516916,0.0001,0.9640200696885586,0.052618175745010376,0.2,-0.0015864299966779072,21952,-144.94825793158262
-259.5,1405952,2560,45.0,1,0,-0.0063109279620015,17.253705959170475,0.004150390625,0.007988051,0.0001,0.9629733003675938,0.26123037934303284,0.2,-0.0006356621161103249,21960,-146.42858840372412
-246.5,1406464,2334,45.0,1,0,-0.011638322691101877,56.407536973885726,0.015625,0.013897987,0.0001,0.9205629900097847,0.6581217646598816,0.2,-0.004426308776601218,21968,-150.4394002423808
-231.0,1406976,2617,45.0,1,0,-0.015616790767637667,164.41259102523327,0.009765625,0.0023825106,0.0001,0.9167602211236954,19.897693634033203,0.2,-0.00026830366550711915,21976,-155.819221499525
-223.5,1407488,2538,45.0,1,0,-0.008366181749927648,21.53648246935336,0.0078125,0.00062282465,0.0001,0.9784293677657843,2.9870994091033936,0.2,-0.0035741567917284556,21984,-156.97539609469473
-223.5,1408000,2847,45.0,1,0,-0.007406076078162016,41.10849992308067,0.002685546875,0.0008438622,0.0001,0.9486534483730793,2.4760634899139404,0.2,-0.0026929307696264004,21992,-157.26373393528164
-186.5,1408512,2662,45.0,1,0,-0.006112751321484922,14.843634267119342,0.005615234375,0.005011532,0.0001,0.942451722919941,0.21598105132579803,0.2,-0.002346915000998706,22000,-158.88893524762244
-184.0,1409024,2623,45.0,1,0,-0.006054078611221314,92.36823483300395,0.003173828125,0.0009207486,0.0001,0.7438585162162781,7.0592122077941895,0.2,-0.0012737796823785175,22008,-160.5992598062381
-196.0,1409536,2705,45.0,1,0,-0.009660248456196285,86.03742340934696,0.00732421875,0.0043891035,0.0001,0.8712622821331024,9.164173126220703,0.2,-0.003962518094340339,22016,-163.3069860767573
-196.0,1410048,2468,45.0,1,0,-0.005570696666573838,11.614214931672905,0.00927734375,0.015359506,0.0001,0.9736599549651146,0.1785721480846405,0.2,-0.005171130103917676,22024,-164.08565542250872
-153.5,1410560,2359,45.0,1,0,-0.0052704079405785365,14.162847434403375,0.0068359375,0.0015058625,0.0001,0.9739222638309002,0.8663971424102783,0.2,-0.0018324981019759434,22032,-165.48563203077762
-187.5,1411072,2353,45.0,1,0,-0.011675607903018914,44.20695878751576,0.009765625,0.0023902142,0.0001,0.935195192694664,5.590530872344971,0.2,-0.0030984052646090277,22040,-165.299938432239
-184.0,1411584,2454,45.0,1,0,-0.014303597585303862,126.10794433578849,0.009521484375,0.0025594495,0.0001,0.9164971485733986,18.797348022460938,0.2,-0.004030089607113041,22048,-166.1492037313059
-184.0,1412096,2739,45.0,1,0,-0.010924938411637442,26.900356142781675,0.00537109375,0.008722747,0.0001,0.9697982408106327,0.5631441473960876,0.2,-0.002142636170901824,22056,-166.53868918195366
-184.0,1412608,2550,45.0,1,0,-0.01009850755691133,21.616936574224383,0.005859375,0.0014461934,0.0001,0.9685144424438477,0.5353636145591736,0.2,-0.004210511731798761,22064,-167.14057539112866
-184.0,1413120,2921,45.0,1,0,-0.0052651184316943045,47.366674672055524,0.003173828125,0.0012691387,0.0001,0.8263648599386215,0.892967939376831,0.2,-0.0016369046852560132,22072,-166.65680735133589
-184.0,1413632,2648,45.0,1,0,-0.0032430446537787816,6.5484710873206495,0.00341796875,0.014239168,0.0001,0.9665597826242447,0.18425920605659485,0.2,-0.0017764084614100284,22080,-165.8700882550329
-160.5,1414144,2268,45.0,1,0,-0.006337549106827822,12.99652997549856,0.007080078125,0.0031558387,0.0001,0.9487876035273075,0.11419731378555298,0.2,-0.0022648808917438146,22088,-163.54427585896104
-160.5,1414656,2289,45.0,1,0,-0.012827926454519911,37.071618270128965,0.0087890625,0.0037936205,0.0001,0.9608200788497925,3.41253399848938,0.2,-0.004869850561590283,22096,-164.2367428323254
-210.0,1415168,2476,45.0,1,0,-0.007039243221578673,73.00019918463659,0.004150390625,0.0010839538,0.0001,0.8881204500794411,10.208032608032227,0.2,-0.0018918928180937655,22104,-165.54564731761812
-221.0,1415680,2216,45.0,1,0,-0.011489724885192842,8.284288194656256,0.013916015625,0.0071173934,0.0001,0.9837901555001736,0.1430630087852478,0.2,-0.004502103482991515,22112,-165.19900954615323
-228.5,1416192,2595,45.0,1,0,-0.015547912234183059,92.30346454679966,0.0087890625,0.018317472,0.0001,0.9352397620677948,31.4951114654541,0.2,-0.003501534598399303,22120,-161.6166331839934
-197.5,1416704,2610,45.0,1,0,-0.010233950679680248,69.1318628443405,0.005615234375,0.0013340529,0.0001,0.937506940215826,5.348559856414795,0.2,-0.0030670587457279908,22128,-161.47317156661302
-228.0,1417216,2749,45.0,1,0,-0.010852843924187283,33.11035878607072,0.005859375,0.0045434097,0.0001,0.9666432216763496,9.999617576599121,0.2,-0.0027414253909228137,22136,-163.59319995064288
-234.5,1417728,2640,45.0,1,0,-0.00704605702987493,27.53021166851977,0.004638671875,0.0004950863,0.0001,0.8706612288951874,0.5792123079299927,0.2,-0.0013636516232509166,22144,-163.97445872236042
-257.0,1418240,2627,45.0,1,0,-0.010063532964917243,6.326748894905904,0.014892578125,0.038383175,0.0001,0.9758534077554941,2.903864622116089,0.2,-0.0016556918926653452,22152,-164.59328512419015
-280.5,1418752,2847,45.0,1,0,-0.003179352698861493,7.28926370566478,0.00341796875,0.0012546808,0.0001,0.9621731452643871,0.12672723829746246,0.2,-0.0010410204486106522,22160,-163.17539635259658
-259.5,1419264,1750,45.0,1,0,-0.006880038964750312,10.286379069526447,0.01025390625,0.008726433,0.0001,0.9795798398554325,0.0907818078994751,0.2,-0.006101703314016049,22168,-162.25359246958047
-248.5,1419776,2324,45.0,1,0,-0.008934946816047784,20.909185183118097,0.004150390625,0.00035573845,0.0001,0.9637284092605114,0.5097006559371948,0.2,-0.0018621999843162484,22176,-159.58162489153446
-297.0,1420288,2592,45.0,1,0,-0.011070218941199528,31.309243926312774,0.008056640625,0.0063685956,0.0001,0.9305118769407272,0.9493388533592224,0.2,-0.003964535795603297,22184,-158.82661802638322
-318.0,1420800,2454,45.0,1,0,-0.016835793539613064,58.25793471839279,0.010009765625,0.0029566116,0.0001,0.9261658638715744,1.7810858488082886,0.2,-0.0032265660320263123,22192,-154.81766639776527
-332.0,1421312,2748,45.0,1,0,-0.004200827648510597,16.346266826236388,0.001220703125,3.3046934e-05,0.0001,0.9759891349822283,0.11594166606664658,0.2,-0.0007464621885446832,22200,-151.84553806588053
-332.0,1421824,2883,45.0,1,0,-0.012463596285371636,17.476933374913642,0.0107421875,0.01416644,0.0001,0.9665069058537483,1.1151686906814575,0.2,-0.005488255184900481,22208,-151.48486870765686
-334.5,1422336,2816,45.0,1,0,-0.0069017497796064475,3.6713414051919244,0.005859375,0.003927174,0.0001,0.9665156379342079,0.4260222315788269,0.2,-0.002608405327919172,22216,-151.7886145463586
-321.5,1422848,2448,45.0,1,0,-0.006603804468264585,11.128357497371326,0.0048828125,0.024032239,0.0001,0.9658281914889812,0.17565305531024933,0.2,-0.0030665579633932794,22224,-152.77326572477818
-308.5,1423360,2398,45.0,1,0,-0.014218256772078774,41.379593298595864,0.010498046875,0.015082214,0.0001,0.943579126149416,0.13113677501678467,0.2,-0.003784562235523481,22232,-155.541441655159
-309.5,1423872,2548,45.0,1,0,-0.011145375955010195,10.450452304285136,0.00927734375,0.009382554,0.0001,0.9838298261165619,0.1315709948539734,0.2,-0.001925787903019227,22240,-157.9360423552245
-360.0,1424384,2766,45.0,1,0,-0.026246290991835508,133.1214132849127,0.01318359375,0.0024202373,0.0001,0.9018358662724495,2.38777756690979,0.2,-0.00494167427677894,22248,-162.20199284810573
-360.5,1424896,2616,45.0,1,0,-0.010943139218335673,50.28931263415143,0.014404296875,0.025673408,0.0001,0.9239261671900749,2.978121757507324,0.2,-0.0020897354788758093,22256,-166.5053650982678
-346.0,1425408,2262,45.0,1,0,-0.024464062136985376,493.1042017787695,0.00390625,0.00029533252,0.0001,0.7519656419754028,94.17174530029297,0.2,-0.0025717195676406845,22264,-170.2895147717744
-353.0,1425920,2661,45.0,1,0,-0.050164391250291374,559.3496353328228,0.0126953125,0.0011730291,0.0001,0.7486068308353424,214.83108520507812,0.2,-0.005815611799334874,22272,-177.57201518509538
-324.0,1426432,2533,45.0,1,0,-0.03462050860616728,91.62822224199772,0.02001953125,0.0041843774,0.0001,0.9095421582460403,2.0930140018463135,0.2,-0.006161168343169265,22280,-177.90407486654817
-326.5,1426944,2584,45.0,1,0,-0.02577278031933794,143.6177243553102,0.0087890625,0.0011371116,0.0001,0.7771762162446976,21.290658950805664,0.2,-0.003089556079430622,22288,-179.00330877371132
-339.5,1427456,2433,45.0,1,0,-0.01847812349183897,63.518106990959495,0.007568359375,0.0015053619,0.0001,0.8844614326953888,0.22199824452400208,0.2,-0.003018598879862111,22296,-179.97881384320556
-378.5,1427968,2607,45.0,1,0,-0.013894319786366793,33.489755825838074,0.00537109375,0.0005742973,0.0001,0.9455370232462883,0.23235724866390228,0.2,-0.002509703754185466,22304,-178.95829394381494
-378.0,1428480,2706,45.0,1,0,-0.048149868147447705,112.60449004452676,0.03955078125,0.011976238,0.0001,0.9066664129495621,2.603184461593628,0.2,-0.005737986852182075,22312,-180.30818478185682
-377.0,1428992,2345,45.0,1,0,-0.01752570938345066,103.36682406021282,0.00732421875,0.0010397848,0.0001,0.9225670322775841,46.55149459838867,0.2,-0.003556407773430692,22320,-179.09622431810945
-367.5,1429504,2590,45.0,1,0,-0.0358516055639484,153.63611228391528,0.00341796875,0.00072207337,0.0001,0.8840941041707993,47.973663330078125,0.2,-0.002418515181489056,22328,-181.23543012972922
-367.5,1430016,1687,45.0,1,0,-0.03192161257490511,363.9701005220413,0.017333984375,0.0050968886,0.0001,0.8621267229318619,22.327266693115234,0.2,-0.007944909564685076,22336,-184.3367787399888
-384.0,1430528,2724,45.0,1,0,-0.04737941046914784,475.637632727623,0.00341796875,0.00096498535,0.0001,0.819210484623909,130.57908630371094,0.2,-0.0019363094088475918,22344,-183.46932361759247
-381.0,1431040,2796,45.0,1,0,-0.020478466524536998,121.69554672576487,0.00732421875,0.00060308026,0.0001,0.8831609934568405,14.473770141601562,0.2,-0.005193672437599162,22352,-184.1531126999855
-371.0,1431552,2529,45.0,1,0,-0.009716455864905882,56.962277158978395,0.01220703125,0.045715287,0.0001,0.8046072721481323,1.3265116214752197,0.2,-0.0007386287725239526,22360,-184.21106777183712
-382.0,1432064,2779,45.0,1,0,-0.02813814821635674,111.88395554944873,0.013671875,0.0036006018,0.0001,0.8816656097769737,17.23687171936035,0.2,-0.00871168381490861,22368,-183.87388775162398
-379.0,1432576,2417,45.0,1,0,-0.018222465785115105,45.62263057823293,0.01513671875,0.009484248,0.0001,0.9175943955779076,0.5850179195404053,0.2,0.000648653760435991,22376,-181.82349109936504
-400.0,1433088,2530,45.0,1,0,-0.03436748593350103,96.15504554100335,0.018798828125,0.0041677835,0.0001,0.9304160848259926,3.6149823665618896,0.2,-0.007621763943461701,22384,-180.39571984685958
-364.5,1433600,2482,45.0,1,0,-0.030879431350598452,205.57009879127145,0.010009765625,0.0021388726,0.0001,0.8161420375108719,25.9819278717041,0.2,-0.005621652793706744,22392,-178.34312227211893
-356.5,1434112,2436,45.0,1,0,-0.029361390569192736,206.56881852447987,0.0068359375,0.0012038944,0.0001,0.8613777011632919,9.93925952911377,0.2,-0.0033699131336106802,22400,-180.16607770882547
-380.0,1434624,2448,45.0,1,0,-0.01759432975736175,160.40072019398212,0.005615234375,0.00088280626,0.0001,0.9134443923830986,11.52673053741455,0.2,-0.0036800104135181755,22408,-176.62390658613293
-360.0,1435136,2733,45.0,1,0,-0.03729740714334184,137.11329452879727,0.004638671875,0.0006186125,0.0001,0.933460958302021,16.58341407775879,0.2,-0.0020813451483263634,22416,-178.30920802425592
-363.0,1435648,2803,45.0,1,0,-0.017916359337242227,115.98640354117379,0.00341796875,0.00044997025,0.0001,0.8441876322031021,24.76549530029297,0.2,-0.002301994762092363,22424,-179.1999307032302
-363.5,1436160,2704,45.0,1,0,-0.014996951766544697,34.5835882497322,0.00439453125,0.0022446052,0.0001,0.9128288701176643,0.7408158183097839,0.2,0.00030449629048234783,22432,-180.8431926980242
-366.5,1436672,2735,45.0,1,0,-0.022891924157111276,118.15714694967028,0.0087890625,0.0016116841,0.0001,0.828711599111557,6.541207790374756,0.2,-0.0007702927941863891,22440,-180.23178658809513
-379.0,1437184,2498,45.0,1,0,-0.016095214042341155,57.57496215600986,0.0068359375,0.0009173149,0.0001,0.9153318479657173,0.9475598931312561,0.2,-0.0011619750075624324,22448,-180.44422720957547
-376.5,1437696,2302,45.0,1,0,-0.03868071285408803,101.37745704129338,0.0166015625,0.0036136596,0.0001,0.9202666208148003,3.2889044284820557,0.2,-0.007769127158098854,22456,-180.41130843125285
-355.0,1438208,2316,45.0,1,0,-0.023686045301133163,514.4787800628692,0.008056640625,0.0020667547,0.0001,0.7759883999824524,6.810164928436279,0.2,-0.003603455215852591,22464,-183.68475724160672
-363.5,1438720,2679,45.0,1,0,-0.03552601073338124,266.7266937419772,0.0126953125,0.0008285871,0.0001,0.8662474155426025,76.69802856445312,0.2,-0.004614390676579205,22472,-181.55578901708125
-383.0,1439232,2651,45.0,1,0,-0.022325049469564817,101.83534659910947,0.00341796875,0.00041499885,0.0001,0.9250429794192314,18.45020294189453,0.2,-0.0008608595280747977,22480,-177.6275864125788
-397.0,1439744,2604,45.0,1,0,-0.022349271685015992,97.74209536798298,0.005615234375,0.0012652543,0.0001,0.8639635890722275,4.7479352951049805,0.2,-0.0004878953732259106,22488,-173.31849391892553
-395.5,1440256,2807,45.0,1,0,-0.02107463357165784,79.96740247146226,0.006103515625,0.0011783226,0.0001,0.8573600500822067,8.518077850341797,0.2,-0.0032013638538046507,22496,-170.60946839258074
-393.0,1440768,2643,45.0,1,0,-0.012857465279811464,49.52332545895479,0.010009765625,0.008164876,0.0001,0.8834926560521126,3.016416072845459,0.2,-0.0035231226647738367,22504,-172.0932348881662
-393.0,1441280,2723,45.0,1,0,-0.011077501500110998,22.534660831312067,0.0078125,0.0026463151,0.0001,0.9356439188122749,4.717637538909912,0.2,-0.001804319904294971,22512,-170.14495375745
-379.0,1441792,1829,45.0,1,0,-0.026802623638744194,26.03325933290762,0.032958984375,0.017990101,0.0001,0.972407715395093,2.0183706283569336,0.2,-0.015321814908020315,22520,-171.4981508843601
-417.0,1442304,2556,45.0,1,0,-0.031096353301720114,122.73715067282319,0.013671875,0.0023479667,0.0001,0.9120713099837303,44.22071075439453,0.2,-0.007363755285041407,22528,-172.40663553658874
-411.0,1442816,2667,45.0,1,0,-0.014181090505442029,63.22601640596986,0.005126953125,0.00046767714,0.0001,0.897109791636467,5.733386516571045,0.2,-0.0005593016285274643,22536,-167.94466732412576
-378.5,1443328,2558,45.0,1,0,-0.018791938740751135,102.64247807208449,0.00634765625,0.0017394609,0.0001,0.874229833483696,18.829669952392578,0.2,-0.0016153311007656157,22544,-165.9222996211052
-353.0,1443840,2559,45.0,1,0,-0.025235975809380307,90.63181148841977,0.009765625,0.0018102255,0.0001,0.8524695932865143,4.502542495727539,0.2,-0.003848014515824616,22552,-160.04760535739362
-363.0,1444352,2851,45.0,1,0,-0.02793843149940045,94.31948128622025,0.010498046875,0.00087548106,0.0001,0.7968126535415649,3.579793930053711,0.2,-0.0022517030556628015,22560,-157.1722154238075
-363.0,1444864,2620,45.0,1,0,-0.011762206310308443,18.174884795538674,0.007080078125,0.0031682355,0.0001,0.9159933552145958,0.17716524004936218,0.2,-0.004038808585391962,22568,-156.4026362300664
-324.5,1445376,2283,45.0,1,0,-0.016429756396640016,16.905279294180218,0.017578125,0.02846526,0.0001,0.92860908806324,0.07084644585847855,0.2,-0.00047096391790546477,22576,-152.04305470697582
-302.5,1445888,2654,45.0,1,0,-0.019755446438466606,376.3624557852745,0.00830078125,0.0036507146,0.0001,0.7821311205625534,21.081483840942383,0.2,-0.0032305468048434705,22584,-154.58913676708937
-278.5,1446400,2318,45.0,1,0,-0.004496880262884417,60.990532055613585,0.00048828125,6.345194e-05,0.0001,0.9442312866449356,3.6872003078460693,0.2,-0.0003431214536249172,22592,-155.0086270149797
-221.5,1446912,2289,45.0,1,0,-0.010492988866147357,101.88910108618438,0.0048828125,0.0020640702,0.0001,0.8929056525230408,4.008862495422363,0.2,-0.003994884522398934,22600,-154.31536471046508
-230.0,1447424,2562,45.0,1,0,-0.026495900002402095,169.97671093791723,0.01220703125,0.005828073,0.0001,0.8800454959273338,13.393608093261719,0.2,-0.005787906105979346,22608,-154.50304582539945
-255.0,1447936,2436,45.0,1,0,-0.023908502566229117,85.51290978677571,0.013916015625,0.005393746,0.0001,0.9424451068043709,2.673698663711548,0.2,-0.004003968831966631,22616,-159.47162265542894
-238.0,1448448,2865,45.0,1,0,-0.017361738055349463,67.34310805611312,0.006103515625,0.0014982995,0.0001,0.9454101324081421,3.1576719284057617,0.2,-0.0012613669896381907,22624,-165.24655257280915
-238.0,1448960,2437,45.0,1,0,-0.009615362674345818,65.20107763588021,0.0068359375,0.02754318,0.0001,0.883905902504921,5.203789710998535,0.2,0.00043305240251356736,22632,-168.21226209908724
-238.0,1449472,2166,45.0,1,0,-0.007076072270237432,13.469379164951533,0.0146484375,0.014215819,0.0001,0.9243815466761589,0.8789035677909851,0.2,-0.0022298113799479324,22640,-169.23181672286242
-254.0,1449984,2589,45.0,1,0,-0.013333559852078736,56.924327453562,0.00537109375,0.003386878,0.0001,0.894365943968296,1.2568279504776,0.2,0.0019065893065999262,22648,-169.72350653331728
-233.0,1450496,2409,45.0,1,0,-0.010966962984589657,36.58918115036795,0.0009765625,0.00018478942,0.0001,0.8988160863518715,5.090442180633545,0.2,-0.0009099036324187182,22656,-163.40875915762038
-233.0,1451008,2571,45.0,1,0,-0.010121691296994584,48.82872911915183,0.008544921875,0.0012804092,0.0001,0.9234107062220573,1.254474401473999,0.2,-0.004168094077613205,22664,-159.73582242950798
-244.5,1451520,2229,45.0,1,0,-0.01152890227443848,17.470737916475628,0.007080078125,0.002200984,0.0001,0.9407632313668728,0.588263750076294,0.2,-0.004860666074819164,22672,-156.0674313286692
-240.5,1452032,2355,45.0,1,0,-0.046676153389682895,173.95986545458436,0.02685546875,0.008931685,0.0001,0.8264385461807251,35.954132080078125,0.2,-0.011937324419704964,22680,-155.61823365785182
-205.5,1452544,2453,45.0,1,0,-0.023573845853206876,117.97721230983734,0.009765625,0.0045197792,0.0001,0.899249866604805,11.364171981811523,0.2,-0.004120166622669785,22688,-153.72839276760817
-205.0,1453056,2635,45.0,1,0,-0.02789609405158089,37.491341799497604,0.01611328125,0.005911622,0.0001,0.9576120413839817,0.5407673716545105,0.2,-0.006633129123656545,22696,-155.68551280949265
-205.0,1453568,2814,45.0,1,0,-0.03118830814520379,86.10919629316777,0.013916015625,0.004018569,0.0001,0.8993626683950424,9.319700241088867,0.2,-0.0075618081166339834,22704,-157.69997541882097
-202.5,1454080,2536,45.0,1,0,-0.008975708290424933,20.791248115012422,0.0068359375,0.0010260886,0.0001,0.9133516401052475,0.8517312407493591,0.2,0.00029708728834521025,22712,-158.73850478999316
-198.0,1454592,2485,45.0,1,0,-0.01162268804417721,21.487884862930514,0.009033203125,0.0014007785,0.0001,0.914377897977829,0.46140387654304504,0.2,0.004513269028393552,22720,-158.06256779678165
-198.0,1455104,2520,45.0,1,0,-0.027004023560195378,53.43141935952008,0.018310546875,0.0026782276,0.0001,0.920025922358036,0.8506921529769897,0.2,-0.006741725104802754,22728,-157.04630059987306
-231.0,1455616,2536,45.0,1,0,-0.00978499551763079,67.29821901232935,0.01025390625,0.016226403,0.0001,0.8623678833246231,3.8616089820861816,0.2,-0.006579134322237223,22736,-157.91389050785452
-221.5,1456128,2498,45.0,1,0,-0.017170996607408284,105.034284228459,0.001708984375,0.00031206198,0.0001,0.6239102482795715,28.380043029785156,0.2,-0.0010457355383550748,22744,-153.85631092797965
-234.5,1456640,2444,45.0,1,0,-0.031097898213772623,82.12905585765839,0.020751953125,0.0037555373,0.0001,0.8053140938282013,4.751663684844971,0.2,-0.006259165333176497,22752,-149.44431467805057
-246.5,1457152,2285,45.0,1,0,-0.022142870211705912,50.75964397517964,0.01416015625,0.0019646385,0.0001,0.8982789665460587,8.82927131652832,0.2,-0.0038371999362425413,22760,-142.56536636441945
-255.0,1457664,2841,45.0,1,0,-0.05044739674031007,96.42457729950547,0.011962890625,0.001699252,0.0001,0.8572977632284164,6.374006271362305,0.2,0.0006157568968774285,22768,-136.20405289046465
-255.0,1458176,2700,45.0,1,0,-0.01663452308183011,46.949900783001794,0.009521484375,0.0035397206,0.0001,0.8226036131381989,0.27776628732681274,0.2,0.0021737824790761806,22776,-131.83324271418155
-269.0,1458688,2621,45.0,1,0,-0.010304310793516791,20.415785866905935,0.010009765625,0.01033351,0.0001,0.9491107948124409,3.1273412704467773,0.2,-0.007342233118833974,22784,-131.90213103167713
-282.5,1459200,2402,45.0,1,0,-0.022058474889018242,115.08222977258265,0.010009765625,0.0029701786,0.0001,0.8503296375274658,4.283685684204102,0.2,-0.006264104258661973,22792,-134.0862233538553
-273.0,1459712,2359,45.0,1,0,-0.02741446516556323,81.8115278892219,0.009521484375,0.0056176763,0.0001,0.9313488602638245,0.8014225363731384,0.2,-0.0028150399011792615,22800,-140.2624301115796
-271.0,1460224,2305,45.0,1,0,-0.019167080868868425,52.20585065707564,0.014404296875,0.0029207072,0.0001,0.9312778264284134,0.6965765953063965,0.2,-0.006427154523407808,22808,-145.27007967595011
-290.5,1460736,2077,45.0,1,0,-0.03238176825896488,51.224338276544586,0.0078125,0.00068141776,0.0001,0.9298654496669769,1.596729040145874,0.2,-0.003506207613099832,22816,-151.46455022681505
-296.5,1461248,2341,45.0,1,0,-0.025375185385215104,85.8439037874341,0.0087890625,0.0023680993,0.0001,0.8769344836473465,7.14715051651001,0.2,-0.0041968155856011435,22824,-153.60427238512784
-313.0,1461760,2648,45.0,1,0,-0.025832945965134968,50.557072965893894,0.0078125,0.0027339263,0.0001,0.9000566974282265,4.205592632293701,0.2,-0.0010700116163206985,22832,-155.04844281956554
-313.0,1462272,2768,45.0,1,0,-0.028778068786664335,68.97827685484663,0.00830078125,0.001635566,0.0001,0.7786803394556046,0.7611514925956726,0.2,1.792546026990749e-05,22840,-156.7224917986244
-313.0,1462784,1943,45.0,1,0,-0.023023195185043477,28.162176042911597,0.02099609375,0.009785897,0.0001,0.896440751850605,0.4120742082595825,0.2,-0.012418578662163782,22848,-155.6981786993891
-326.5,1463296,2429,45.0,1,0,-0.02194861043164309,66.26069114584243,0.01611328125,0.002246257,0.0001,0.8643065690994263,9.746903419494629,0.2,0.001033817396091763,22856,-155.32562601618469
-339.0,1463808,2572,45.0,1,0,-0.013584207134282877,33.42982103477698,0.00830078125,0.0073229065,0.0001,0.9132590070366859,1.9458731412887573,0.2,-0.0047747726493980736,22864,-152.5642972553149
-356.5,1464320,2475,45.0,1,0,-0.010914046444995051,30.599862841394497,0.01025390625,0.02940644,0.0001,0.9464730508625507,0.7620689272880554,0.2,-0.0056884037621784955,22872,-148.22761255849153
-326.5,1464832,2153,45.0,1,0,-0.016757461149936148,70.0424065683037,0.013427734375,0.006098359,0.0001,0.8954824581742287,3.3422317504882812,0.2,-0.00569190413079923,22880,-146.44392194382846
-316.5,1465344,2380,45.0,1,0,-0.03526965720205055,60.56110209506005,0.0126953125,0.0016836047,0.0001,0.9034910574555397,15.313953399658203,0.2,-0.004088445923116524,22888,-146.4374083611369
-300.5,1465856,2430,45.0,1,0,-0.0234128919593104,92.74291791114956,0.009521484375,0.001508458,0.0001,0.9189046546816826,1.3840961456298828,0.2,-0.0037546031326201046,22896,-148.37613349676133
-253.5,1466368,2566,45.0,1,0,-0.03845913315990401,142.8716104440391,0.010009765625,0.0024922662,0.0001,0.8931634873151779,27.160015106201172,0.2,-0.0047239224732038565,22904,-152.36157220698894
-241.0,1466880,2776,45.0,1,0,-0.022828346575089142,97.40904114826117,0.0068359375,0.0004413653,0.0001,0.8980750143527985,3.5823006629943848,0.2,-0.0044909539792570285,22912,-155.76080127246678
-233.5,1467392,2583,45.0,1,0,-0.011414818456259468,89.20791957806796,0.0029296875,0.000556411,0.0001,0.8216522634029388,4.4117255210876465,0.2,-0.002986337432957953,22920,-158.20185031823814
-220.0,1467904,2737,45.0,1,0,-0.010669959229161918,44.330745909246616,0.0078125,0.0010746731,0.0001,0.8385641276836395,8.068360328674316,0.2,-0.005135057865118142,22928,-157.1406647451222
-245.5,1468416,2761,45.0,1,0,-0.008281298797939485,37.99744332715636,0.007568359375,0.0020030555,0.0001,0.9294710606336594,2.260449171066284,0.2,-0.0031386244227178395,22936,-156.56115204852074
-253.0,1468928,2578,45.0,1,0,-0.00883104316368133,58.32536674977746,0.0078125,0.0026087514,0.0001,0.9066421762108803,3.114666223526001,0.2,0.0032154145683307434,22944,-156.0507866140455
-288.5,1469440,2481,45.0,1,0,-0.017327793619820397,43.00959756784141,0.014404296875,0.0040754895,0.0001,0.9393132887780666,1.554425835609436,0.2,-0.004477791913814144,22952,-155.86647580698133
-303.5,1469952,2410,45.0,1,0,-0.018694990762845975,64.79227326344699,0.00439453125,0.0016677103,0.0001,0.8592958301305771,3.8869550228118896,0.2,-0.0016288219776470214,22960,-149.83804251689463
-320.5,1470464,2440,45.0,1,0,-0.020673494915598667,65.75738633121364,0.011962890625,0.006859997,0.0001,0.9163449481129646,1.199096441268921,0.2,-0.005412951151811285,22968,-147.84361962731927
-333.0,1470976,2878,45.0,1,0,-0.019533770077607926,97.32497183606029,0.007568359375,0.0007580564,0.0001,0.8860261961817741,5.025263786315918,0.2,-0.0026553829084150493,22976,-144.70757369648666
-334.0,1471488,2819,45.0,1,0,-0.018165596931730477,30.000138781142596,0.007080078125,0.0021357108,0.0001,0.8677319288253784,3.3842716217041016,0.2,0.0033572942338651046,22984,-141.46485696226358
-340.0,1472000,2623,45.0,1,0,-0.011175453241456523,18.041523889289238,0.009765625,0.0045218375,0.0001,0.9221458062529564,0.017396118491888046,0.2,-0.0022942280338611454,22992,-142.10406322274358
-339.0,1472512,2617,45.0,1,0,-0.03815242869160329,22.884790903888643,0.04443359375,0.005987755,0.0001,0.9569055512547493,0.8147973418235779,0.2,-0.01554992744786432,23000,-145.08124857086688
-345.5,1473024,2666,45.0,1,0,-0.020257514896705686,23.133364101930056,0.014404296875,0.003435447,0.0001,0.9506067112088203,0.8482964038848877,0.2,-0.005086579021735815,23008,-146.79204946216197
-376.5,1473536,2564,45.0,1,0,-0.011756657824768979,74.18640859564766,0.005615234375,0.0011065772,0.0001,0.9108586832880974,3.786151885986328,0.2,-0.0015515244158450514,23016,-149.55002151291816
-384.0,1474048,1800,45.0,1,0,-0.04223600390913873,112.3587831929326,0.0205078125,0.0026557564,0.0001,0.8635682314634323,3.9125750064849854,0.2,-0.006171855442516971,23024,-153.47753252286464
-384.5,1474560,2656,45.0,1,0,-0.02025707482974326,64.64743250608444,0.011474609375,0.0023776873,0.0001,0.915860503911972,0.6695303916931152,0.2,-0.002651169976161327,23032,-157.51838672373444
-416.0,1475072,2515,45.0,1,0,-0.027877939931158835,54.95448407600634,0.010986328125,0.01297955,0.0001,0.940886527299881,23.932106018066406,0.2,-0.0041007963263837155,23040,-160.79603515081106
-414.5,1475584,2845,45.0,1,0,-0.033417448972613784,52.75013509904966,0.01171875,0.0028335357,0.0001,0.8867191970348358,4.453866481781006,0.2,-0.0020527289452729747,23048,-158.0958594282344
-433.5,1476096,2636,45.0,1,0,-0.013222723061197428,24.362693194299936,0.006591796875,0.0036319136,0.0001,0.9218623414635658,3.5319387912750244,0.2,-0.004512771087320289,23056,-160.70115687966347
-430.0,1476608,2866,45.0,1,0,-0.007786692188112454,5.626612465304788,0.00732421875,0.0027343994,0.0001,0.9744014516472816,0.14685772359371185,0.2,-0.002909779376750521,23064,-160.61264360830188
-431.0,1477120,2881,45.0,1,0,-0.008878663192852798,19.709549984661862,0.009033203125,0.017126191,0.0001,0.9391695261001587,0.07202620804309845,0.2,-0.006820299585797329,23072,-159.91828327614814
-434.5,1477632,2773,45.0,1,0,-0.010111737008294597,30.9705687618698,0.005615234375,0.016026514,0.0001,0.9155190363526344,2.4649624824523926,0.2,-0.0026067153785334085,23080,-159.29091210592537
-383.0,1478144,2478,45.0,1,0,-0.008508198606335782,17.19668802060187,0.008544921875,0.0029322193,0.0001,0.9567677862942219,0.062021177262067795,0.2,-0.0016155529519892298,23088,-157.34872998908162
-368.0,1478656,2430,45.0,1,0,-0.01549696310715376,88.24626389797777,0.00634765625,0.0005757535,0.0001,0.7638636082410812,4.436377048492432,0.2,-0.0024928742368501844,23096,-151.9072058947757
-383.0,1479168,2565,45.0,1,0,-0.020188831827510967,57.45711178611964,0.009033203125,0.002554971,0.0001,0.8816519379615784,7.147054195404053,0.2,-0.0034018856604234315,23104,-151.98044259246439
-356.5,1479680,2399,45.0,1,0,-0.01645994243861537,96.44914667924604,0.00927734375,0.0032432466,0.0001,0.8593791425228119,0.5497738122940063,0.2,-0.003923745231077191,23112,-151.70918070416897
-358.0,1480192,2893,45.0,1,0,-0.01565231329972505,107.05379070015624,0.007080078125,0.0010369484,0.0001,0.8616243153810501,0.2938354015350342,0.2,-0.002001458124141209,23120,-154.50745501179247
-309.0,1480704,2650,45.0,1,0,-0.008317063839342609,90.11474012010149,0.003662109375,0.0024132608,0.0001,0.8727403432130814,0.33303675055503845,0.2,-0.0026983288844348863,23128,-156.85947375733406
-304.0,1481216,2686,45.0,1,0,-0.009157298626703891,28.093101176142227,0.00830078125,0.0038228617,0.0001,0.9400244206190109,3.0925207138061523,0.2,-0.004877275459875818,23136,-157.39729785393922
-255.5,1481728,2464,45.0,1,0,-0.010675580638547899,90.85531214799266,0.005859375,0.009251887,0.0001,0.8792116865515709,11.402392387390137,0.2,-0.0009458952627028339,23144,-158.24407631713896
-256.5,1482240,2745,45.0,1,0,-0.01454678710875612,189.4080571271479,0.005126953125,0.00073060475,0.0001,0.8023370206356049,21.749584197998047,0.2,-0.0021181312880571568,23152,-161.25152917224915
-248.5,1482752,2238,45.0,1,0,-0.008523071042972674,48.35524592996808,0.002197265625,0.00041456986,0.0001,0.9322961643338203,0.5803763270378113,0.2,-0.0012364240174065344,23160,-160.502542007342
-181.0,1483264,2397,45.0,1,0,-0.022116035260950184,245.34900418296456,0.0107421875,0.0025054647,0.0001,0.734592467546463,52.24311447143555,0.2,-0.005933691682002973,23168,-164.4391171151027
-176.0,1483776,2417,45.0,1,0,-0.014808006549088759,97.84053589776158,0.006591796875,0.000779961,0.0001,0.8972778618335724,5.820549964904785,0.2,-0.002679195757082198,23176,-162.50145686853676
-146.0,1484288,2247,45.0,1,0,-0.015130859361207172,62.71007709566766,0.005615234375,0.0008262164,0.0001,0.9246141836047173,6.940384864807129,0.2,-0.0031898692386675975,23184,-160.69717833805828
-146.0,1484800,2921,45.0,1,0,-0.023695433308532188,72.34991087252274,0.011962890625,0.0037033781,0.0001,0.9106523171067238,10.1225004196167,0.2,-0.003920684801414609,23192,-160.46439720403404
-152.5,1485312,2496,45.0,1,0,-0.004980107974134285,53.788326965825036,0.00146484375,0.00029417744,0.0001,0.9114030301570892,0.31212812662124634,0.2,-0.0009909970472108398,23200,-161.29303252067416
-147.0,1485824,2556,45.0,1,0,-0.011838907833023882,48.71317970613018,0.00537109375,0.00026308745,0.0001,0.914370208978653,2.3798582553863525,0.2,-0.003126034351225826,23208,-162.7018858773634
-147.0,1486336,2460,45.0,1,0,-0.013015681129061818,258.850823616609,0.00341796875,0.00024551095,0.0001,0.8552547097206116,1.443355917930603,0.2,-0.0024328947401954792,23216,-166.95128647815437
-147.0,1486848,2647,45.0,1,0,-0.015852373566389133,107.18360358476639,0.0078125,0.010829065,0.0001,0.9158975929021835,4.723906993865967,0.2,-0.0036474426997301634,23224,-169.8043936977908
-170.5,1487360,2027,45.0,1,0,-0.011306794938789722,48.86774694925407,0.001953125,0.00035102933,0.0001,0.9116718620061874,0.7815130352973938,0.2,-0.000875947174790781,23232,-170.38629126384853
-166.5,1487872,2619,45.0,1,0,-0.025463471794694215,210.9235998019576,0.008056640625,0.0018545978,0.0001,0.7933975607156754,23.516891479492188,0.2,-0.0042692047372838715,23240,-170.48251312289386
-156.5,1488384,2481,45.0,1,0,-0.02057918568331729,45.28478258452378,0.013427734375,0.0042311675,0.0001,0.913421280682087,5.363778591156006,0.2,-0.0022950337879592553,23248,-169.25357303079218
-198.0,1488896,2497,45.0,1,0,-0.023970548321344154,53.62398283369839,0.012451171875,0.0012285459,0.0001,0.892890676856041,2.0669448375701904,0.2,-0.0009931643071467988,23256,-166.14434286024422
-198.0,1489408,2919,45.0,1,0,-0.021804245455740556,82.25686557404697,0.0078125,0.0007005455,0.0001,0.8239233940839767,4.427664756774902,0.2,-0.0020879020376014523,23264,-161.31369554009288
-232.5,1489920,2981,45.0,1,0,-0.006796762459039485,10.290729099768214,0.00927734375,0.026064605,0.0001,0.9378221817314625,0.4018923044204712,0.2,-0.004233315625697287,23272,-157.9797215568647
-237.5,1490432,2809,45.0,1,0,-0.006151745064229885,15.442982090462465,0.00732421875,0.0007365731,0.0001,0.9420716464519501,0.3662300407886505,0.2,-0.002197453479311662,23280,-152.3394108152762
-288.5,1490944,2726,45.0,1,0,-0.017072409912429976,52.17353902332252,0.009765625,0.0054743825,0.0001,0.8920401707291603,2.121868371963501,0.2,-0.0011227091672481038,23288,-147.98364014526828
-287.0,1491456,2551,45.0,1,0,-0.007733906193081452,19.92755422621849,0.0029296875,0.00037320575,0.0001,0.9546709321439266,2.2291417121887207,0.2,-0.0023488918268412817,23296,-142.98467643534764
-343.5,1491968,2344,45.0,1,0,-0.016540912850047107,74.62070936593227,0.00634765625,0.00037621765,0.0001,0.8992115557193756,9.186365127563477,0.2,0.0015353482740465552,23304,-144.07805072234945
-376.0,1492480,2669,45.0,1,0,-0.014775864679435813,114.93534541875124,0.010986328125,0.0013495096,0.0001,0.9090211018919945,16.248842239379883,0.2,-0.0031066964602359803,23312,-146.64491967400537
-402.5,1492992,2502,45.0,1,0,-0.02918758618424988,30.295061896147672,0.01806640625,0.0054358398,0.0001,0.9639750458300114,0.4052169919013977,0.2,-0.0030882136525178794,23320,-151.00136487884447
-400.0,1493504,2794,45.0,1,0,-0.033330209872076466,557.4362548440695,0.005615234375,0.001146786,0.0001,0.7508231401443481,167.89320373535156,0.2,-0.0036092112204642035,23328,-155.2442261906527
-408.5,1494016,2695,45.0,1,0,-0.012701932281274253,64.69926607853267,0.006103515625,0.0032357175,0.0001,0.885117918252945,7.044096946716309,0.2,0.0016166050736501347,23336,-158.07175262628124
-411.0,1494528,2659,45.0,1,0,-0.013343775870026775,48.17169986316003,0.00537109375,0.004547937,0.0001,0.8934163674712181,1.0772156715393066,0.2,-0.0020968059834558517,23344,-161.38964639021083
-401.5,1495040,2766,45.0,1,0,-0.009002944965402548,117.25047891226131,0.00439453125,0.0010884592,0.0001,0.8765392526984215,1.8119388818740845,0.2,-0.0028178676293464378,23352,-164.33042798882352
-397.5,1495552,2580,45.0,1,0,-0.030586937187536023,40.54368574189721,0.008056640625,0.0012406859,0.0001,0.8970831632614136,2.4327781200408936,0.2,-0.004894572397461161,23360,-163.74862790916114
-392.5,1496064,2508,45.0,1,0,-0.011596838649523988,43.67377107113134,0.003662109375,0.00037736108,0.0001,0.9271452501416206,0.8694975972175598,0.2,-0.0024911646753480454,23368,-164.86273606583475
-403.5,1496576,2300,45.0,1,0,-0.02269725233352915,69.6277620352339,0.009765625,0.0050372942,0.0001,0.88446194678545,1.0049238204956055,0.2,-0.003233543066016864,23376,-164.3541083580628
-401.5,1497088,2469,45.0,1,0,-0.03314709920232417,170.03089106827974,0.00830078125,0.0018578697,0.0001,0.8553644716739655,14.398407936096191,0.2,-0.0020768347967532463,23384,-163.4730911817029
-429.0,1497600,1859,45.0,1,0,-0.02119688637321815,142.76553075853735,0.003662109375,0.0028375774,0.0001,0.7874852418899536,37.963436126708984,0.2,-0.0013585417545982637,23392,-163.74822517495602
-434.5,1498112,2623,45.0,1,0,-0.048102858223501244,171.49713662080467,0.013916015625,0.001666402,0.0001,0.8315476477146149,43.526798248291016,0.2,-0.004773560223839013,23400,-162.61935915309937
-434.5,1498624,2678,45.0,1,0,-0.01435560647782097,159.9829157977947,0.001953125,0.00064751913,0.0001,0.7965757101774216,1.6437753438949585,0.2,-0.0026891161051025847,23408,-164.42428854111583
-432.0,1499136,2794,45.0,1,0,-0.011769302753137367,30.279438008437864,0.005126953125,0.0007808353,0.0001,0.9070596322417259,0.33463719487190247,0.2,-0.004154048259806586,23416,-163.3543776364997
-408.0,1499648,2597,45.0,1,0,-0.015812012621736926,20.471062096650712,0.0078125,0.0024330872,0.0001,0.9548407942056656,1.326769232749939,0.2,-0.0019596910296968417,23424,-163.62825424257665
-405.5,1500160,2707,45.0,1,0,-0.022469478617566097,29.928380832177936,0.01611328125,0.010246048,0.0001,0.928377665579319,0.019796151667833328,0.2,-0.002205105498433113,23432,-165.17303096156567
-420.0,1500672,2633,45.0,1,0,-0.013172927162159453,75.41564396662397,0.01025390625,0.0015969514,0.0001,0.9122483134269714,15.718779563903809,0.2,-0.006116598720836919,23440,-166.14294237535447
-402.0,1501184,2357,45.0,1,0,-0.021807611221717593,79.1326594799757,0.01123046875,0.0011300818,0.0001,0.9262103736400604,15.22382640838623,0.2,-0.005505552362592425,23448,-167.84817048817874
-396.5,1501696,2759,45.0,1,0,-0.03825828575617152,309.80653796344995,0.01171875,0.0039574453,0.0001,0.8355459868907928,108.19767761230469,0.2,-0.004313563484174665,23456,-171.31052588436754
-371.5,1502208,2515,45.0,1,0,-0.020256177563624078,46.39636769192293,0.0048828125,0.0007917327,0.0001,0.9480182006955147,1.0034791231155396,0.2,-0.003493381696898723,23464,-171.68223425690084
-373.0,1502720,2751,45.0,1,0,-0.032369442863810605,222.3744029123336,0.008056640625,0.00050415425,0.0001,0.8608478158712387,8.019095420837402,0.2,-0.0019242247071815655,23472,-175.2187157449499
-380.5,1503232,2813,45.0,1,0,-0.0064527967816161436,36.170835086668376,0.008056640625,0.009419741,0.0001,0.9282039180397987,1.1441577672958374,0.2,-0.004030779577078647,23480,-173.69500682037324
-386.5,1503744,2685,45.0,1,0,-0.014620301870266417,10.670671764251892,0.015380859375,0.003193351,0.0001,0.9603208638727665,0.01236744225025177,0.2,-0.0057563321388443,23488,-172.9959721025452
-413.5,1504256,2930,45.0,1,0,-0.007518636219188579,30.021155019756407,0.009765625,0.0010109878,0.0001,0.9425311833620071,1.0964441299438477,0.2,-0.004297504503483651,23496,-171.69353590976448
-419.0,1504768,2446,45.0,1,0,-0.006354180196211701,17.378053377266042,0.00537109375,0.0036327941,0.0001,0.9106767177581787,0.09620386362075806,0.2,-0.0028584264182427432,23504,-169.61878658529372
-421.0,1505280,2667,45.0,1,0,-0.010680911852674058,34.17304470768431,0.009765625,0.004991286,0.0001,0.9579789452254772,1.716676115989685,0.2,-0.004473491069802549,23512,-166.58262563463302
-434.0,1505792,2674,45.0,1,0,-0.0067565714587800585,148.49144493602216,0.00439453125,0.008387408,0.0001,0.8050219118595123,19.509363174438477,0.2,-0.0004761230366057134,23520,-163.94168748449533
-434.0,1506304,2804,45.0,1,0,-0.011696002479880008,36.86638028558809,0.005126953125,0.006435836,0.0001,0.9446619115769863,1.241235375404358,0.2,-0.002514455536584137,23528,-159.67050639875234
-429.5,1506816,2769,45.0,1,0,-0.009612764673903484,20.570433066226542,0.00732421875,0.005575457,0.0001,0.9652621708810329,0.839213490486145,0.2,-0.0032990341387630906,23536,-156.08766277436166
-429.5,1507328,2491,45.0,1,0,-0.007452593654029727,68.71030469983816,0.004150390625,0.0002789658,0.0001,0.8959935531020164,2.1186249256134033,0.2,-0.001057210204180592,23544,-153.52586837057024
-429.5,1507840,2550,45.0,1,0,-0.005596687970140124,10.138020995276747,0.010009765625,0.0213947,0.0001,0.9584873616695404,0.031666480004787445,0.2,-0.0019061230468651047,23552,-151.9370100504905
-432.0,1508352,2551,45.0,1,0,-0.006593778198773492,10.838531593501102,0.008056640625,0.011299835,0.0001,0.9534003250300884,0.2933964431285858,0.2,-0.000544985115993768,23560,-151.0103748587519
-429.5,1508864,2880,45.0,1,0,-0.016576090694897516,45.440591613267316,0.012451171875,0.037468426,0.0001,0.9417124204337597,0.4266953766345978,0.2,-0.002425639819193748,23568,-151.99177046515047
-427.0,1509376,2649,45.0,1,0,-0.01582593562557122,11.04083313170122,0.01416015625,0.015233324,0.0001,0.9458453096449375,0.2300412654876709,0.2,0.0014966946910135448,23576,-153.46833745107054
-473.0,1509888,2519,45.0,1,0,-0.022223665467890896,45.716743593104184,0.010009765625,0.00070203026,0.0001,0.9500733762979507,1.726989984512329,0.2,0.001980594190172269,23584,-154.01283504590393
-467.5,1510400,2690,45.0,1,0,-0.044827707514286885,69.71843032957986,0.00830078125,0.0010572249,0.0001,0.9198182672262192,18.295307159423828,0.2,-0.0019596273959905375,23592,-158.3636272455752
-468.0,1510912,2222,45.0,1,0,-0.022210035937689554,72.84420491347555,0.00634765625,0.0027426155,0.0001,0.9398417919874191,0.79474276304245,0.2,-0.0008206546535802772,23600,-162.8692689499259
-485.5,1511424,2798,45.0,1,0,-0.05294504986522952,132.7235875017941,0.010009765625,0.00089265057,0.0001,0.9262472093105316,24.686494827270508,0.2,-0.0037456416939676274,23608,-166.03662465106697
-492.5,1511936,2968,45.0,1,0,-0.018943489467524444,65.71874112205114,0.006103515625,0.001068462,0.0001,0.869852602481842,1.8141250610351562,0.2,-0.002930747694335878,23616,-167.9836977344379
-494.0,1512448,2834,45.0,1,0,-0.01158554774458409,9.295968751917826,0.010009765625,0.009780399,0.0001,0.9244309142231941,0.05923721194267273,0.2,-0.005036607902638934,23624,-168.28210855685174
-506.0,1512960,2679,45.0,1,0,-0.013103378058218595,9.233624234249874,0.0126953125,0.003908354,0.0001,0.9654298387467861,0.5232157111167908,0.2,-0.0017871226300485432,23632,-169.81367529593408
-503.0,1513472,2525,45.0,1,0,-0.02992980639828602,252.04256460350007,0.0029296875,0.00039659312,0.0001,0.8393044471740723,24.138465881347656,0.2,-0.0030553973629139364,23640,-173.14374838225544
-513.5,1513984,2681,45.0,1,0,-0.021271543433094564,98.19506352115422,0.006103515625,0.0021030821,0.0001,0.8223009705543518,21.24864387512207,0.2,-0.00044467711995821446,23648,-173.60434736184777
-483.0,1514496,2405,45.0,1,0,-0.020406826017278945,96.49018560443074,0.0048828125,0.001368807,0.0001,0.89578478038311,1.993189811706543,0.2,-0.0031912763733998872,23656,-175.53211366605012
-481.5,1515008,2271,45.0,1,0,-0.031541452499595835,481.6098545156419,0.008544921875,0.0012579601,0.0001,0.8347976356744766,13.384312629699707,0.2,-0.0038011065626051277,23664,-179.74171033602207
-499.0,1515520,2495,45.0,1,0,-0.032338402064851834,194.67886225506663,0.005859375,0.00096765463,0.0001,0.8425191193819046,4.98980188369751,0.2,-0.0028233736084075645,23672,-177.21132889423518
-494.5,1516032,2565,45.0,1,0,-0.0620406480084057,152.4859637543559,0.00634765625,0.0015752814,0.0001,0.8775157928466797,9.879219055175781,0.2,-0.004719803124316968,23680,-180.49901836201548
-485.0,1516544,2923,45.0,1,0,-0.026598674486599805,34.94559742585989,0.02783203125,0.012722345,0.0001,0.9272608906030655,0.19012749195098877,0.2,-0.015498986052989494,23688,-181.42392926439643
-477.5,1517056,2753,45.0,1,0,-0.007517201561377362,19.127056422526948,0.007568359375,0.0018618389,0.0001,0.920502319931984,0.0939987525343895,0.2,-0.005407559846389631,23696,-183.5835448653996
-467.0,1517568,2795,45.0,1,0,-0.011745311103680933,18.77455062151421,0.009033203125,0.0005764429,0.0001,0.9660972766578197,4.647834777832031,0.2,-0.004786538760527037,23704,-185.68927542373538
-474.5,1518080,2709,45.0,1,0,-0.02272101099028845,55.79720649600495,0.01953125,0.016008772,0.0001,0.9089356437325478,4.340434551239014,0.2,-0.006061707910703262,23712,-181.67524820491673
-436.0,1518592,2460,45.0,1,0,-0.007828798623677358,19.57819348492194,0.00341796875,0.00040546025,0.0001,0.9630679227411747,0.5433475375175476,0.2,-0.0040299555421370314,23720,-179.3506674971804
-417.5,1519104,2191,45.0,1,0,-0.024234966692851856,49.93732381868176,0.01220703125,0.005285807,0.0001,0.8743776082992554,4.3549699783325195,0.2,-0.004780575181939639,23728,-174.4130013124272
-414.0,1519616,2424,45.0,1,0,-0.02184525699075124,70.1787564670667,0.015380859375,0.0020978963,0.0001,0.9015670865774155,1.1028459072113037,0.2,-0.00010253843720420264,23736,-164.99108683642
-350.5,1520128,2322,45.0,1,0,-0.030900316559986152,65.4760635169223,0.007080078125,0.001856216,0.0001,0.9073976799845695,56.12770462036133,0.2,-0.0033613816449360456,23744,-160.25436844728887
-352.0,1520640,2780,45.0,1,0,-0.025011475005264572,109.59280313830823,0.006591796875,0.00072769995,0.0001,0.805827260017395,23.725555419921875,0.2,-0.003149959371512523,23752,-153.82108717340975
-326.0,1521152,2595,45.0,1,0,-0.012394307619800315,36.45579393679509,0.0126953125,0.0053711073,0.0001,0.8298467993736267,1.728560209274292,0.2,-0.0002716245835472364,23760,-149.89284260232
-328.5,1521664,2732,45.0,1,0,-0.01756452631698835,38.74415652442258,0.01025390625,0.036092214,0.0001,0.8901262134313583,0.3231278657913208,0.2,-0.005050159158145107,23768,-148.5472655949369
-300.5,1522176,2638,45.0,1,0,-0.015093816999012688,290.3518151134922,0.00732421875,0.0011968287,0.0001,0.6931290030479431,44.86808395385742,0.2,-0.0018696787883527577,23776,-147.73369466893374
-300.5,1522688,2564,45.0,1,0,-0.02902389852179965,84.40880518191261,0.006103515625,0.0011167335,0.0001,0.8679677397012711,2.9936935901641846,0.2,-0.003489087481284514,23784,-148.08745761878788
-296.0,1523200,2576,45.0,1,0,-0.013157204275074719,12.623655075934948,0.005859375,0.006758147,0.0001,0.9723719507455826,0.510753333568573,0.2,-0.003065482680540299,23792,-150.36508193679154
-306.5,1523712,2622,45.0,1,0,-0.030317936343294605,72.96068431809545,0.01904296875,0.004708939,0.0001,0.9363773018121719,3.6120445728302,0.2,-0.010042362249805592,23800,-156.16412457026541
-296.5,1524224,2666,45.0,1,0,-0.017259866724032236,116.18828605301678,0.0068359375,0.00047232443,0.0001,0.8983213976025581,1.144982933998108,0.2,-0.00232367403441458,23808,-159.53322106529026
-311.5,1524736,2527,45.0,1,0,-0.024981593211094832,37.93012065964285,0.01416015625,0.0034264952,0.0001,0.949085108935833,0.7581716179847717,0.2,-0.00528422466277334,23816,-161.67802394270896
-314.0,1525248,2649,45.0,1,0,-0.02527719596665179,63.979242937639356,0.0068359375,0.0015519249,0.0001,0.9246611520648003,4.397755146026611,0.2,-0.0016130519798025489,23824,-165.07894061625004
-332.5,1525760,2679,45.0,1,0,-0.014473618148826972,28.2641002003802,0.010986328125,0.0068971515,0.0001,0.8455933183431625,0.16308675706386566,0.2,-0.0005892763074371032,23832,-164.63473979353904
-328.5,1526272,2733,45.0,1,0,-0.01734881444113512,23.213325179880485,0.02978515625,0.015336465,0.0001,0.883074127137661,0.1708393096923828,0.2,-0.0019928641413571313,23840,-163.94528834182768
-349.5,1526784,2709,45.0,1,0,-0.01092886911419555,21.55222707496432,0.004638671875,0.0005275733,0.0001,0.9531158208847046,0.4542788863182068,0.2,-0.001995122598600574,23848,-161.5250141826272
-349.0,1527296,2711,45.0,1,0,-0.01343512462739227,70.3646657357749,0.00732421875,0.008223854,0.0001,0.9071933180093765,0.32431018352508545,0.2,-0.006669700837392156,23856,-161.95041425280272
-329.0,1527808,2136,45.0,1,0,-0.008736880039236894,13.918440919020213,0.009765625,0.0043762177,0.0001,0.9736687559634447,0.2593577206134796,0.2,-0.007081015194671636,23864,-160.74992340408267
-335.5,1528320,2637,45.0,1,0,-0.020229779702646056,41.007509253919125,0.0087890625,0.0014923464,0.0001,0.957480251789093,9.3555326461792,0.2,-0.0031203425423882436,23872,-159.6780999831483
-340.0,1528832,2602,45.0,1,0,-0.013879876191381868,66.49299284850713,0.00830078125,0.003180854,0.0001,0.9320801794528961,1.1276121139526367,0.2,-0.0006848636840004474,23880,-161.43435274645685
-323.0,1529344,2400,45.0,1,0,-0.023797637979413366,105.93138550384901,0.017578125,0.0031624828,0.0001,0.931022010743618,28.461214065551758,0.2,-0.006441839621402323,23888,-167.86694527462126
-320.5,1529856,2955,45.0,1,0,-0.021575229204430002,116.52168339118361,0.010498046875,0.0012188039,0.0001,0.8974036052823067,5.438220024108887,0.2,-0.0039495855307905,23896,-169.37053166002036
-320.5,1530368,2547,45.0,1,0,-0.004673009730069566,21.249428271134093,0.00390625,0.0002559604,0.0001,0.8803891316056252,0.2598608732223511,0.2,-0.0032338331948267296,23904,-172.88481210380792
-322.0,1530880,2161,45.0,1,0,-0.015480647790653279,81.55009724362753,0.0068359375,0.0033062769,0.0001,0.8646655231714249,2.0677921772003174,0.2,-0.004172059079792234,23912,-176.97937593784184
-308.5,1531392,2709,45.0,1,0,-0.01860277899156415,49.9455128046684,0.00830078125,0.0033723463,0.0001,0.9545244723558426,32.100730895996094,0.2,-0.004085221507921233,23920,-180.3962671300769
-318.5,1531904,2515,45.0,1,0,-0.01853031339818756,66.11806536499716,0.0048828125,0.0006609481,0.0001,0.7693713009357452,7.061997413635254,0.2,-0.0021843225913471542,23928,-177.380988801606
-352.0,1532416,2451,45.0,1,0,-0.02108206837503701,34.4900615485094,0.010986328125,0.023877949,0.0001,0.9375710859894753,0.0016536712646484375,0.2,-0.0007024444403214147,23936,-175.0745198822394
-357.5,1532928,2705,45.0,1,0,-0.025133712713369505,157.11557023227215,0.013916015625,0.0022534542,0.0001,0.8519435077905655,13.278962135314941,0.2,-0.0009323543617938412,23944,-173.85327361878007
-392.5,1533440,2278,45.0,1,0,-0.02502015925183798,40.76659767772071,0.006591796875,0.0012098236,0.0001,0.9528858996927738,0.36431750655174255,0.2,-0.0038235003266891,23952,-171.73810551591217
-399.0,1533952,2616,45.0,1,0,-0.04758278101871838,202.46702652424574,0.005615234375,0.0007835041,0.0001,0.8515697121620178,91.07012176513672,0.2,-0.0011825751098513138,23960,-165.57400896675884
-386.5,1534464,2559,45.0,1,0,-0.02975734927495921,84.14018707712967,0.0205078125,0.0023250135,0.0001,0.8737305700778961,5.671014308929443,0.2,-0.007786009846313391,23968,-164.03808605261148
-386.5,1534976,2862,45.0,1,0,-0.01691529563905192,157.71133922412992,0.006591796875,0.0041888272,0.0001,0.8287738412618637,62.22661209106445,0.2,-0.004207561531075044,23976,-163.4244607401639
-388.5,1535488,2610,45.0,1,0,-0.015158928300422758,57.80609983182512,0.012939453125,0.008647547,0.0001,0.8787629678845406,0.7596443295478821,0.2,-0.0009786594382603653,23984,-162.62134508043528
-394.0,1536000,1837,45.0,1,0,-0.03597567293881809,128.97576868685428,0.02197265625,0.0035309691,0.0001,0.8966942504048347,12.775351524353027,0.2,-0.007286757173460501,23992,-163.86997941032052
