raw/gen/time/iterations,raw/gen/time/fps,raw/gen/time/time_elapsed,raw/gen/rollout/ep_rew_mean,raw/gen/time/total_timesteps,raw/gen/rollout/ep_len_mean,raw/gen/train/loss,raw/gen/train/approx_kl,raw/gen/rollout/ep_rew_wrapped_mean,raw/gen/train/entropy_loss,raw/gen/train/n_updates,raw/gen/train/clip_fraction,raw/gen/train/learning_rate,raw/gen/train/clip_range,raw/gen/train/value_loss,raw/gen/train/explained_variance,raw/gen/train/policy_gradient_loss
1,1930,0,-354.5454406738281,512,45.0,,,,,,,,,,,
1,1750,0,-325.0,1024,45.0,-0.02219664305448532,0.0073595033,2.1594875630160626,-1.6062862742692232,8,0.038818359375,0.0001,0.2,0.041843068531306926,0.35730433464050293,-0.014907086468156194
1,2040,0,-316.1764831542969,1536,45.0,0.04300545156002045,0.0042674784,-2.6123721257952806,-1.6008247379213572,16,0.001220703125,0.0001,0.2,0.6730123225133866,-0.37310612201690674,-0.00799915663083084
1,2482,0,-338.8888854980469,2048,45.0,0.6082467436790466,0.00723033,-7.495878182159847,-1.5985042937099934,24,0.029296875,0.0001,0.2,3.655751862563193,0.32760363817214966,-0.007657120433577802
1,2345,0,-372.3214416503906,2560,45.0,2.052881956100464,0.0011921428,-12.062348867311245,-1.5978445746004581,32,0.0,0.0001,0.2,9.008628773503006,0.3266422748565674,-0.00218376713746693
1,2160,0,-402.941162109375,3072,45.0,6.299302577972412,0.00021032686,-17.496726486449397,-1.593374602496624,40,0.0,0.0001,0.2,28.941611032932997,0.4109199643135071,-0.0011184582981513813
1,2229,0,-427.8481140136719,3584,45.0,30.141265869140625,3.1141448e-05,-24.619034425423973,-1.5896626058965921,48,0.0,0.0001,0.2,106.64148971438408,0.27630096673965454,-0.0006318834966805298
1,2294,0,-462.6373596191406,4096,45.0,54.14341735839844,8.195057e-06,-31.047725875272498,-1.590253695845604,56,0.0,0.0001,0.2,175.14516532421112,0.1049351692199707,-0.0003198326776328031
1,1966,0,-476.0,4608,45.0,91.47028350830078,3.5809353e-07,-37.71886819151773,-1.5937524437904358,64,0.0,0.0001,0.2,264.3474065065384,0.027658939361572266,-4.2716281313914806e-05
1,1434,0,-515.0,5120,45.0,160.11276245117188,1.252396e-06,-44.409997256686914,-1.5917418655008078,72,0.0,0.0001,0.2,350.54761493206024,0.010046243667602539,-6.753588240826502e-05
1,2186,0,-539.5,5632,45.0,182.20118713378906,2.6006019e-06,-55.11979850046337,-1.5937109310179949,80,0.0,0.0001,0.2,407.9402422904968,0.00483018159866333,-0.00012206121027702466
1,2101,0,-534.0,6144,45.0,202.63487243652344,1.364504e-06,-65.82672612830997,-1.5912416065111756,88,0.0,0.0001,0.2,453.04296350479126,-0.0005049705505371094,-0.00011379622446838766
1,1822,0,-540.0,6656,45.0,180.3502655029297,2.2123568e-06,-74.26326954552438,-1.5903261499479413,96,0.0,0.0001,0.2,475.5685203075409,-0.0024261474609375,-0.00017054822092177346
1,2188,0,-571.5,7168,45.0,139.48939514160156,4.541478e-06,-80.38677066668403,-1.5890657100826502,104,0.0,0.0001,0.2,445.5651307106018,-0.0020596981048583984,-0.000279077110462822
1,2261,0,-557.0,7680,45.0,315.6103515625,2.4945475e-06,-87.04639900130685,-1.5878539383411407,112,0.0,0.0001,0.2,684.2888870239258,-0.0010745525360107422,-0.00020309517276473343
1,2168,0,-526.5,8192,45.0,215.1770477294922,1.53773e-06,-92.91821915449108,-1.5908568855375051,120,0.0,0.0001,0.2,658.8240647315979,-0.00046122074127197266,-0.0001093264581868425
1,2145,0,-514.0,8704,45.0,299.6242370605469,1.5170081e-06,-97.29772753055673,-1.5895366817712784,128,0.0,0.0001,0.2,624.5365116596222,-0.000400543212890625,-0.00011269134847680107
1,1993,0,-484.5,9216,45.0,262.7926330566406,4.265574e-06,-99.74421419964638,-1.591195865534246,136,0.0,0.0001,0.2,593.1383986473083,-0.0006630420684814453,-0.0003338516762596555
1,2149,0,-449.0,9728,45.0,274.87457275390625,1.6770908e-05,-101.39828121241648,-1.5846126517280936,144,0.0,0.0001,0.2,556.0658264160156,-0.0003809928894042969,-0.0006955199060030282
1,2009,0,-425.5,10240,45.0,230.90713500976562,8.376432e-06,-104.21001615269576,-1.587261851876974,152,0.0,0.0001,0.2,624.3709599971771,-0.0003871917724609375,-0.00037413147219922394
1,2320,0,-459.5,10752,45.0,184.7345733642578,6.5743225e-06,-105.35233145578299,-1.58902249019593,160,0.0,0.0001,0.2,478.64656591415405,-0.00010120868682861328,-0.00030754849285585806
1,2180,0,-482.5,11264,45.0,236.68174743652344,8.983538e-06,-110.04167600678048,-1.5910944240167737,168,0.0,0.0001,0.2,582.4363496303558,0.00025457143783569336,-0.00024051623768173158
1,2278,0,-462.0,11776,45.0,219.174072265625,2.9025832e-05,-115.13138973214431,-1.588523623533547,176,0.0,0.0001,0.2,528.2230179309845,0.0001532435417175293,-0.0006558712484547868
1,2242,0,-445.0,12288,45.0,198.41336059570312,4.311523e-05,-115.67087344147963,-1.59091857355088,184,0.0,0.0001,0.2,416.06455540657043,0.00017815828323364258,-0.0006066666464903392
1,2225,0,-440.5,12800,45.0,184.42721557617188,1.562154e-05,-115.43036612585885,-1.5892837960273027,192,0.0,0.0001,0.2,393.27433586120605,0.00027382373809814453,-0.0005113936786074191
1,2332,0,-439.0,13312,45.0,138.78472900390625,8.155382e-05,-115.2631589463423,-1.585213577374816,200,0.0,0.0001,0.2,271.61304891109467,8.809566497802734e-05,-0.0014360272471094504
1,2364,0,-453.5,13824,45.0,133.09469604492188,5.7627563e-05,-114.36337671953021,-1.5866294652223587,208,0.0,0.0001,0.2,277.20299899578094,0.00010472536087036133,-0.0006730770619469695
1,2151,0,-493.5,14336,45.0,115.52391815185547,3.5021338e-05,-113.16694579105591,-1.5908022318035364,216,0.0,0.0001,0.2,295.08848547935486,-7.18832015991211e-05,-0.0007272976581589319
1,2192,0,-511.5,14848,45.0,107.52813720703125,0.000104395906,-111.52644918440609,-1.5841172663494945,224,0.0,0.0001,0.2,288.2415865659714,-0.00019824504852294922,-0.0016970836368273012
1,1650,0,-508.0,15360,45.0,151.0619354248047,0.00023497676,-110.61376188947587,-1.5844879308715463,232,0.0,0.0001,0.2,354.92918622493744,-7.331371307373047e-05,-0.002245699186460115
1,1789,0,-460.0,15872,45.0,196.93887329101562,4.5681023e-05,-111.08963512497954,-1.585548878647387,240,0.0,0.0001,0.2,506.09284567832947,-0.0001418590545654297,-0.0008975745622592513
1,2111,0,-454.5,16384,45.0,309.8783264160156,0.000119220815,-111.56266577735543,-1.5800366532057524,248,0.0,0.0001,0.2,644.8448367118835,-6.604194641113281e-05,-0.0012633874284802005
1,2253,0,-460.5,16896,45.0,443.4537658691406,4.841271e-05,-115.4729879520461,-1.5798189714550972,256,0.0,0.0001,0.2,802.3077697753906,-4.2438507080078125e-05,-0.0009168052602035459
1,2381,0,-479.5,17408,45.0,512.7611083984375,2.9363437e-05,-121.28657804824412,-1.5806165020912886,264,0.0,0.0001,0.2,1033.531482219696,-1.823902130126953e-05,-0.0006377254831022583
1,2220,0,-450.5,17920,45.0,453.2836608886719,1.982553e-05,-127.7959030151926,-1.5843727635219693,272,0.0,0.0001,0.2,1084.7413458824158,-6.222724914550781e-05,-0.0004877685641986318
1,1920,0,-438.5,18432,45.0,453.6961975097656,6.532681e-05,-134.91728824859484,-1.5786944525316358,280,0.0,0.0001,0.2,1051.5247588157654,-3.1828880310058594e-05,-0.0013172743420000188
1,2280,0,-425.0,18944,45.0,323.98675537109375,0.00012514624,-138.06939031362535,-1.5685847392305732,288,0.0,0.0001,0.2,733.7170357704163,-2.753734588623047e-05,-0.0015410714986501262
1,2256,0,-442.0,19456,45.0,344.5987854003906,6.497104e-05,-141.97544699597174,-1.5799521654844284,296,0.0,0.0001,0.2,887.6465182304382,-5.412101745605469e-05,-0.0007591812172904611
1,2457,0,-428.0,19968,45.0,453.12200927734375,8.37812e-05,-148.4785093053151,-1.576874733902514,304,0.0,0.0001,0.2,800.0004620552063,-2.396106719970703e-05,-0.0009730690071592107
1,2280,0,-451.5,20480,45.0,360.1165466308594,0.00011227967,-150.99566845073366,-1.578331713564694,312,0.0,0.0001,0.2,775.4261507987976,1.4007091522216797e-05,-0.0011270582617726177
1,2090,0,-451.5,20992,45.0,316.95794677734375,0.00015826186,-153.47604825593532,-1.575231697410345,320,0.0,0.0001,0.2,733.2216539382935,2.866983413696289e-05,-0.001468355578253977
1,1655,0,-449.0,21504,45.0,146.40438842773438,0.0004455048,-151.1248229023721,-1.5667828200384974,328,0.0,0.0001,0.2,392.62507724761963,-4.220008850097656e-05,-0.0026082951517309994
1,2480,0,-468.0,22016,45.0,193.6683349609375,0.0008212322,-147.0367017508205,-1.562433822080493,336,0.0,0.0001,0.2,418.63187623023987,-2.8133392333984375e-05,-0.004481229072553106
1,2157,0,-474.0,22528,45.0,169.9590301513672,0.0020803418,-143.6594326931145,-1.5526430141180754,344,0.0,0.0001,0.2,349.8696390390396,3.826618194580078e-05,-0.006597914689336903
1,2201,0,-473.0,23040,45.0,180.22457885742188,0.005808805,-139.19650139543228,-1.5248508220538497,352,0.030029296875,0.0001,0.2,284.4649246931076,-5.0187110900878906e-05,-0.01159161043324275
1,2071,0,-456.0,23552,45.0,71.48680877685547,0.007868596,-132.7168530337978,-1.490525420755148,360,0.0498046875,0.0001,0.2,152.07367986440659,-7.331371307373047e-05,-0.01164696789419395
1,2476,0,-457.5,24064,45.0,38.54243087768555,0.009406919,-127.08500193297863,-1.4518586164340377,368,0.054931640625,0.0001,0.2,79.42747569084167,-8.571147918701172e-05,-0.0149670639220858
1,2175,0,-448.0,24576,45.0,34.21514892578125,0.014779801,-119.9729345686757,-1.3778729429468513,376,0.24609375,0.0001,0.2,71.26529596745968,-4.291534423828125e-05,-0.03150448508677073
1,1973,0,-441.5,25088,45.0,145.83578491210938,0.013657158,-109.20559920532861,-1.2435697447508574,384,0.1103515625,0.0001,0.2,157.38202023506165,-4.684925079345703e-05,-0.01762509119726019
1,1773,0,-444.5,25600,45.0,37.88336944580078,0.019367917,-102.50154533714755,-1.2269230941310525,392,0.1787109375,0.0001,0.2,81.99828977882862,-3.0994415283203125e-05,-0.019075076139415614
1,2019,0,-426.0,26112,45.0,12.292951583862305,0.023746103,-96.86565792442532,-1.0524863619357347,400,0.14892578125,0.0001,0.2,78.53423857688904,-2.753734588623047e-05,-0.022328796359943226
1,1765,0,-378.0,26624,45.0,77.5823745727539,0.017408544,-87.60718819985864,-0.9079998414963484,408,0.09814453125,0.0001,0.2,142.39658671617508,-2.4437904357910156e-05,-0.01768693127814913
1,1402,0,-339.0,27136,45.0,63.4902229309082,0.011096577,-78.59903578778962,-0.8151781549677253,416,0.042236328125,0.0001,0.2,126.160349547863,-1.2993812561035156e-05,-0.006618206214625388
1,1709,0,-335.5,27648,45.0,37.5793571472168,0.004627019,-73.67212562181405,-0.6357576292939484,424,0.019775390625,0.0001,0.2,94.8839339017868,-4.172325134277344e-06,-0.007614464062498882
1,1760,0,-309.5,28160,45.0,40.979530334472656,0.013266255,-71.44703085385495,-0.5492524511646479,432,0.044189453125,0.0001,0.2,107.02122128009796,3.24249267578125e-05,-0.010247421409076196
1,1823,0,-287.0,28672,45.0,17.609045028686523,0.006936445,-68.51559934775578,-0.49863608134910464,440,0.0810546875,0.0001,0.2,44.5434979647398,7.849931716918945e-05,-0.0056757949641905725
1,1712,0,-232.0,29184,45.0,17.74513816833496,0.0016831063,-65.76337504134513,-0.5127017328049988,448,0.005126953125,0.0001,0.2,37.515809148550034,0.09094101190567017,-0.007057434017042397
1,1752,0,-195.5,29696,45.0,6.02030611038208,0.0020101168,-66.66675871004351,-0.5218439875170588,456,0.028564453125,0.0001,0.2,35.744620747864246,-0.1836003065109253,-0.005836335301864892
1,1794,0,-177.5,30208,45.0,16.448823928833008,0.0013143363,-64.79707071007229,-0.4292819737456739,464,0.013427734375,0.0001,0.2,57.478041887283325,0.40213578939437866,-0.003780589897360187
1,1428,0,-140.5,30720,45.0,25.47317123413086,0.010435334,-65.52378084621859,-0.4973216934595257,472,0.065185546875,0.0001,0.2,42.76820385456085,-0.4734795093536377,-0.0073771989773376845
1,1710,0,-138.0,31232,45.0,10.124220848083496,0.0029997225,-64.37520495427307,-0.4826816788408905,480,0.015380859375,0.0001,0.2,44.16756729781628,0.247796893119812,-0.0048663144843885675
1,1801,0,-132.5,31744,45.0,10.922614097595215,0.005497258,-64.45346607318847,-0.5368414875119925,488,0.04931640625,0.0001,0.2,31.514469299465418,0.41401660442352295,-0.01019462843760266
1,1893,0,-95.0,32256,45.0,8.936644554138184,0.0031140868,-62.753945929526814,-0.5116430323105305,496,0.009521484375,0.0001,0.2,33.84178176522255,0.5206856727600098,-0.005651735005812952
1,1793,0,-80.5,32768,45.0,25.085933685302734,0.005435543,-59.50612170031993,-0.5603481465950608,504,0.05419921875,0.0001,0.2,54.792309269309044,0.4654843211174011,-0.010739177858340554
1,2185,0,-69.0,33280,45.0,12.829094886779785,0.004273107,-56.738470743529035,-0.6437157485634089,512,0.041748046875,0.0001,0.2,48.19415172189474,0.41869014501571655,-0.012183552295027766
1,1863,0,-112.0,33792,45.0,26.180612564086914,0.0034460803,-50.26144574434264,-0.6021423423662782,520,0.025634765625,0.0001,0.2,56.68204027414322,0.5166996419429779,-0.009073105218703859
1,2056,0,-104.0,34304,45.0,20.273786544799805,0.004873338,-45.11961353162071,-0.6521777524612844,528,0.029541015625,0.0001,0.2,63.26165457069874,0.4677894711494446,-0.007278976707311813
1,2231,0,-126.5,34816,45.0,20.170122146606445,0.0028101583,-40.660221628670115,-0.6636352823115885,536,0.020751953125,0.0001,0.2,56.25485824048519,0.6672431826591492,-0.008286113705253229
1,2155,0,-139.5,35328,45.0,9.676189422607422,0.0061008967,-35.221952816282865,-0.6919928602874279,544,0.050048828125,0.0001,0.2,28.821144931018353,0.4592808485031128,-0.012002390467387158
1,1716,0,-178.5,35840,45.0,4.851468086242676,0.006483741,-31.70750614459277,-0.7109542498365045,552,0.068359375,0.0001,0.2,29.55942741036415,0.4360271692276001,-0.015346227955888025
1,2128,0,-189.0,36352,45.0,2.0882530212402344,0.016751435,-28.37884676094982,-0.7530615315772593,560,0.081787109375,0.0001,0.2,9.607194853946567,0.09353101253509521,-0.009311221998359542
1,2436,0,-195.0,36864,45.0,3.5051987171173096,0.011622864,-27.19289560913923,-0.8782709557563066,568,0.1435546875,0.0001,0.2,11.796777065843344,0.6073835790157318,-0.021708118616516003
1,2348,0,-187.0,37376,45.0,1.066606044769287,0.032944713,-25.69142013732402,-0.8735447856597602,576,0.33154296875,0.0001,0.2,6.786988560110331,0.5157804787158966,-0.0241979706188431
1,2554,0,-179.0,37888,45.0,1.3671739101409912,0.024196144,-24.324680287037626,-0.8311428274028003,584,0.504638671875,0.0001,0.2,4.81275150924921,0.2081354856491089,-0.037009122330346145
1,2468,0,-180.0,38400,45.0,1.431502103805542,0.014889715,-24.185345557174298,-0.7683621072210371,592,0.331787109375,0.0001,0.2,4.044695729389787,-0.28600966930389404,-0.037063532741740346
1,2628,0,-197.5,38912,45.0,0.9360969066619873,0.028276175,-23.819837066326873,-0.6441761623136699,600,0.38671875,0.0001,0.2,2.732774643227458,-0.17841005325317383,-0.047556277946569026
1,2730,0,-207.5,39424,45.0,0.5769604444503784,0.0486473,-24.060684621779366,-0.5091885852161795,608,0.335693359375,0.0001,0.2,2.3901211572811007,0.04360383749008179,-0.046373613993637264
1,2316,0,-201.5,39936,45.0,0.7643097043037415,0.071986794,-25.04098419047834,-0.31895542726852,616,0.12890625,0.0001,0.2,2.0720418840646744,0.06953674554824829,-0.029599633387988433
1,2473,0,-178.5,40448,45.0,1.5683157444000244,0.0019626522,-25.893372823511598,-0.1813683268846944,624,0.0283203125,0.0001,0.2,3.2333629932254553,-0.08139944076538086,-0.004438324496732093
1,2318,0,-218.0,40960,45.0,2.3795688152313232,0.0015057708,-28.535106103121652,-0.1625799883622676,632,0.0224609375,0.0001,0.2,9.183164728805423,0.01991748809814453,-0.003729249507159693
1,2784,0,-217.5,41472,45.0,4.763024806976318,0.0015058058,-31.289952599869576,-0.16510825318982825,640,0.0068359375,0.0001,0.2,17.66094860062003,0.04765695333480835,-0.0007414187493850477
1,2866,0,-252.5,41984,45.0,12.830495834350586,0.0010596167,-36.77738210687181,-0.11607785703381523,648,0.010009765625,0.0001,0.2,41.62883072346449,0.06840169429779053,-0.001936811808263883
1,2411,0,-274.5,42496,45.0,12.945171356201172,0.00063898764,-43.42995045594638,-0.11304363427916542,656,0.002685546875,0.0001,0.2,53.26590522378683,-0.00045812129974365234,-0.0008306067102239467
1,2658,0,-270.0,43008,45.0,17.054933547973633,0.0005591647,-51.560102631684856,-0.11232081631897017,664,0.001708984375,0.0001,0.2,72.37877070903778,0.05670195817947388,-0.0012255232359166257
1,2756,0,-305.0,43520,45.0,20.25292205810547,0.00034616364,-59.803954805170655,-0.08746092388173565,672,0.001953125,0.0001,0.2,72.711734816432,0.12515395879745483,-0.0007605543196405051
1,2613,0,-335.0,44032,45.0,27.59446907043457,5.278422e-05,-69.21783075375482,-0.07706910214619711,680,0.0,0.0001,0.2,95.1814589202404,0.20083683729171753,-8.899983367882669e-05
1,2677,0,-345.5,44544,45.0,30.48252296447754,5.2987016e-05,-77.28106801672838,-0.08387670712545514,688,0.000244140625,0.0001,0.2,150.96196347475052,0.36398595571517944,-0.000289755411358783
1,2495,0,-359.5,45056,45.0,40.79460144042969,0.00015913893,-85.44785561808385,-0.08950939285568893,696,0.000244140625,0.0001,0.2,186.6270918250084,0.33833760023117065,-0.0005114783998578787
1,2520,0,-329.0,45568,45.0,50.00706100463867,8.359889e-05,-93.96243613056373,-0.095773208537139,704,0.0,0.0001,0.2,200.93696922063828,0.2004750370979309,-0.00041674849489936605
1,2575,0,-312.5,46080,45.0,72.57954406738281,0.00010904553,-98.56447097040247,-0.0863403448020108,712,0.0009765625,0.0001,0.2,205.14158636331558,0.13350129127502441,-0.0010833712403837126
1,2656,0,-311.5,46592,45.0,61.80048370361328,8.340017e-05,-103.47571661512833,-0.09465683839516714,720,0.0009765625,0.0001,0.2,199.49295043945312,0.40006107091903687,-0.0007276984251802787
1,2348,0,-301.5,47104,45.0,73.46220397949219,0.00014571298,-106.54440470531117,-0.10154282895382494,728,0.00048828125,0.0001,0.2,168.9958212375641,0.275848388671875,-0.0007574801493319683
1,2622,0,-318.0,47616,45.0,31.638669967651367,0.00012977212,-107.78732157482766,-0.10155684978235513,736,0.0,0.0001,0.2,121.95142847299576,0.1270713210105896,-0.0004340771702118218
1,2643,0,-309.5,48128,45.0,38.17965316772461,0.00011331355,-110.68771033099387,-0.10520023049321026,744,0.0,0.0001,0.2,119.99734246730804,0.1657976508140564,-0.000718301220331341
1,2677,0,-284.5,48640,45.0,28.585954666137695,0.0001540936,-110.94083442953881,-0.11594072735169902,752,0.000732421875,0.0001,0.2,90.11867019534111,0.08682399988174438,-0.0010382780128566083
1,2407,0,-246.5,49152,45.0,19.106807708740234,0.00032050686,-112.62661865962669,-0.10353380138985813,760,0.001220703125,0.0001,0.2,66.57710218429565,0.2012118697166443,-0.0011099163821199909
1,1928,0,-237.5,49664,45.0,12.505497932434082,0.00014651078,-111.73792084612883,-0.1040105361607857,768,0.001953125,0.0001,0.2,56.228368520736694,0.1219891905784607,-0.0009184998416458257
1,2430,0,-244.5,50176,45.0,10.692729949951172,0.00077383127,-110.66719775268342,-0.11395351210376248,776,0.011962890625,0.0001,0.2,40.46431456506252,0.34900176525115967,-0.0029709903974435292
1,2606,0,-265.5,50688,45.0,13.945484161376953,0.0004203848,-110.68023633462843,-0.11218844208633527,784,0.002685546875,0.0001,0.2,45.15102677047253,0.29683440923690796,-0.001498826954048127
1,2626,0,-257.5,51200,45.0,11.380764961242676,0.00029279385,-109.3633650166681,-0.10024866025196388,792,0.001220703125,0.0001,0.2,42.18649645149708,0.5363766252994537,-0.0007090140716172755
1,2566,0,-258.5,51712,45.0,19.963642120361328,6.698747e-05,-108.22332310067024,-0.09501417103456333,800,0.001220703125,0.0001,0.2,52.0580807775259,0.45476943254470825,-0.00044600622277357616
1,2542,0,-235.5,52224,45.0,27.726839065551758,0.0002641267,-107.74418589280452,-0.10491655062651262,808,0.000732421875,0.0001,0.2,51.745866537094116,0.5607233047485352,-0.0007023505640972871
1,2466,0,-246.0,52736,45.0,11.278732299804688,0.00018696603,-106.8011200476205,-0.11925511574372649,816,0.00048828125,0.0001,0.2,44.656713515520096,0.365545392036438,-0.0009925194244715385
1,2548,0,-287.5,53248,45.0,19.359228134155273,0.00023212074,-107.11889568012674,-0.1341172152897343,824,0.001708984375,0.0001,0.2,48.08022937178612,0.37943392992019653,-0.0009280359881813638
1,2587,0,-318.0,53760,45.0,17.27113914489746,0.00028069213,-106.96165355587378,-0.13703915616497397,832,0.002197265625,0.0001,0.2,63.89355531334877,0.38652944564819336,-0.0011516039521666244
1,2735,0,-329.0,54272,45.0,30.87669563293457,0.0004175282,-108.34584895179141,-0.1469607106409967,840,0.001220703125,0.0001,0.2,83.95456713438034,0.5034489631652832,-0.0013656527626153547
1,2570,0,-360.5,54784,45.0,35.69894027709961,0.0006133681,-110.49464921026956,-0.13046119781211019,848,0.006591796875,0.0001,0.2,92.7972129881382,0.4144049286842346,-0.0026744065835373476
1,2496,0,-335.5,55296,45.0,34.41460418701172,0.00054334814,-114.10675050939899,-0.12216296209953725,856,0.004150390625,0.0001,0.2,110.57879066467285,0.32395434379577637,-0.0021525106058106758
1,2548,0,-349.0,55808,45.0,41.73825454711914,0.00045724027,-117.4214957877947,-0.1227078657830134,864,0.004150390625,0.0001,0.2,122.58374553918839,0.33465707302093506,-0.0017470316743128933
1,2658,0,-366.5,56320,45.0,75.2783432006836,0.0007778187,-121.83706408740953,-0.13118173473048955,872,0.00927734375,0.0001,0.2,134.90194490551949,0.191356360912323,-0.0025004124036058784
1,2708,0,-349.0,56832,45.0,66.86775207519531,0.0007681056,-126.38470456993207,-0.15076641173800454,880,0.0029296875,0.0001,0.2,149.160526573658,0.08943849802017212,-0.0018109437078237534
1,2549,0,-347.0,57344,45.0,65.31966400146484,0.0006546603,-130.62590648666026,-0.15654000942595303,888,0.017578125,0.0001,0.2,168.5978502035141,0.04979121685028076,-0.0065037246167776175
1,2811,0,-369.5,57856,45.0,57.823326110839844,0.0003966866,-133.59268234524876,-0.15744260291103274,896,0.003173828125,0.0001,0.2,154.47792041301727,0.11797088384628296,-0.0014384707537828945
1,2730,0,-356.0,58368,45.0,54.73370361328125,0.00088572723,-138.62533460825682,-0.1879560259403661,904,0.02392578125,0.0001,0.2,142.60841017961502,0.059425532817840576,-0.0035686708288267255
1,2451,0,-360.0,58880,45.0,47.11647415161133,0.00067592144,-143.44218052488287,-0.19825847796164453,912,0.01318359375,0.0001,0.2,143.72092187404633,0.08888000249862671,-0.0018610004844958894
1,2613,0,-350.0,59392,45.0,45.30659103393555,0.00088933983,-143.7413082312187,-0.2398208820959553,920,0.01513671875,0.0001,0.2,121.64280068874359,0.07655990123748779,-0.001967061441973783
1,2689,0,-397.0,59904,45.0,38.3111686706543,0.001524591,-144.23010188179558,-0.26881289877928793,928,0.04345703125,0.0001,0.2,109.85305613279343,0.44073379039764404,-0.0036598730184778105
1,2463,0,-366.0,60416,45.0,29.14533805847168,0.0020433003,-145.7157306491211,-0.29778931534383446,936,0.0400390625,0.0001,0.2,91.49314177036285,0.19989413022994995,-0.005890190521313343
1,2780,0,-324.5,60928,45.0,38.43613815307617,0.0028595272,-144.18645197481382,-0.33421933511272073,944,0.0400390625,0.0001,0.2,118.67205742001534,0.19758868217468262,-0.006352227297611535
1,2505,0,-328.0,61440,45.0,26.15761375427246,0.0020910492,-143.67916283615398,-0.3808768622111529,952,0.069091796875,0.0001,0.2,90.49338871240616,0.36604344844818115,-0.008238916117988992
1,2856,0,-326.5,61952,45.0,42.57228469848633,0.0043194946,-143.31637891805266,-0.4169084576424211,960,0.088134765625,0.0001,0.2,93.27421140670776,0.45350104570388794,-0.007909602216386702
1,2671,0,-303.5,62464,45.0,23.782075881958008,0.0035638502,-143.0770493294159,-0.4964360552839935,968,0.13134765625,0.0001,0.2,58.58684927225113,0.27626103162765503,-0.01662602534634061
1,2599,0,-303.5,62976,45.0,22.358444213867188,0.0048887236,-142.2624161035614,-0.5977306850254536,976,0.14794921875,0.0001,0.2,69.01292088627815,0.28357231616973877,-0.023052709715557285
1,2525,0,-308.5,63488,45.0,20.51332664489746,0.038267534,-141.09350947134664,-0.6483139959163964,984,0.218505859375,0.0001,0.2,66.49878263473511,0.2384539246559143,-0.01989418317680247
1,2338,0,-296.5,64000,45.0,11.172492980957031,0.022228973,-139.2570069818059,-0.7168185743503273,992,0.4140625,0.0001,0.2,36.99735037982464,0.21289348602294922,-0.043566047854255885
1,2361,0,-286.5,64512,45.0,31.90907096862793,0.019848257,-134.52993025078905,-0.7314185630530119,1000,0.49462890625,0.0001,0.2,60.15627205371857,0.4246683716773987,-0.04243166310334345
1,2369,0,-324.5,65024,45.0,43.727500915527344,0.019865885,-127.02223604464903,-0.7014091908931732,1008,0.423583984375,0.0001,0.2,115.62104496359825,0.4800013303756714,-0.044489140491350554
1,2359,0,-336.0,65536,45.0,64.48585510253906,0.009455904,-119.89554410248064,-0.6536769843660295,1016,0.1640625,0.0001,0.2,178.35432481765747,0.6182176172733307,-0.02255488279479323
1,2548,0,-353.5,66048,45.0,114.24853515625,0.0071588946,-108.33635358850472,-0.5938724330626428,1024,0.087890625,0.0001,0.2,269.0376121997833,0.5427055060863495,-0.013882984880183358
1,2081,0,-333.5,66560,45.0,74.89708709716797,0.03265702,-99.93854992536828,-0.503561289049685,1032,0.177978515625,0.0001,0.2,123.45654180645943,0.47181349992752075,-0.025662062729679747
1,2272,0,-323.5,67072,45.0,146.05282592773438,0.0054013245,-86.03365624204278,-0.529387577669695,1040,0.070556640625,0.0001,0.2,295.9050672054291,0.6900927126407623,-0.015149122657021508
1,2183,0,-314.0,67584,45.0,51.84032440185547,0.0047762273,-73.50173890229314,-0.46382242743857205,1048,0.048095703125,0.0001,0.2,235.75647443532944,0.6601373553276062,-0.013189329278247897
1,2330,0,-314.0,68096,45.0,53.007240295410156,0.0048437826,-63.40761259671301,-0.43257245677523315,1056,0.067138671875,0.0001,0.2,279.7681594491005,0.39991897344589233,-0.014495150750008179
1,2444,0,-320.0,68608,45.0,18.25261688232422,0.005042277,-55.317365933237596,-0.3578770428430289,1064,0.050048828125,0.0001,0.2,143.01641768217087,0.4193442463874817,-0.010767294006654993
1,1969,0,-295.0,69120,45.0,20.402942657470703,0.0065510534,-49.66507925651036,-0.32550314243417233,1072,0.059814453125,0.0001,0.2,80.51310360431671,-0.30220139026641846,-0.01253702867688844
1,1927,0,-300.0,69632,45.0,37.455596923828125,0.005882104,-45.16351813402958,-0.3799783936701715,1080,0.07958984375,0.0001,0.2,116.62110957503319,0.24355024099349976,-0.014739002224814612
1,1995,0,-270.5,70144,45.0,25.22260856628418,0.004470722,-43.05188472093083,-0.43438890553079545,1088,0.034912109375,0.0001,0.2,106.12091514468193,0.24863630533218384,-0.01147347352525685
1,1402,0,-234.5,70656,45.0,27.309593200683594,0.0033151668,-40.68337967841886,-0.4088042723014951,1096,0.02197265625,0.0001,0.2,125.86946919560432,-0.1292285919189453,-0.00529442271363223
1,1986,0,-261.5,71168,45.0,33.03145217895508,0.0051303804,-36.03833798429929,-0.42208750476129353,1104,0.041748046875,0.0001,0.2,115.47767299413681,0.15009427070617676,-0.006914988465723582
1,1663,0,-244.5,71680,45.0,10.192070007324219,0.007212634,-38.65954731009901,-0.40083838999271393,1112,0.06005859375,0.0001,0.2,37.98328922688961,-0.24302756786346436,-0.013678974006325006
1,1829,0,-285.5,72192,45.0,8.999942779541016,0.0146059515,-38.548806349672375,-0.5272778028156608,1120,0.07373046875,0.0001,0.2,40.29884284734726,0.5018478333950043,-0.017829126642027404
1,1676,0,-254.5,72704,45.0,18.673681259155273,0.010649375,-40.79418906480074,-0.6296966637019068,1128,0.05419921875,0.0001,0.2,39.373639985919,0.4472486972808838,-0.014330846039229073
1,1731,0,-240.5,73216,45.0,23.554685592651367,0.0075778225,-40.95379494501278,-0.7324100960977376,1136,0.052490234375,0.0001,0.2,59.007415264844894,0.362277626991272,-0.015338445489760488
1,1904,0,-263.5,73728,45.0,3.3943371772766113,0.008088533,-42.49212562650442,-0.689179539680481,1144,0.05322265625,0.0001,0.2,31.857516605407,0.4041127562522888,-0.011078703239036258
1,2359,0,-282.5,74240,45.0,15.340835571289062,0.008587851,-43.29535392379388,-0.6983607113361359,1152,0.102783203125,0.0001,0.2,44.16934318840504,0.4617467522621155,-0.016974411802948453
1,2352,0,-336.0,74752,45.0,8.109413146972656,0.005335144,-42.43343648593873,-0.5357250208035111,1160,0.051025390625,0.0001,0.2,34.2066458389163,0.593881368637085,-0.013243511973996647
1,1581,0,-403.5,75264,45.0,4.138951301574707,0.007766665,-43.49053349537775,-0.5255517698824406,1168,0.068359375,0.0001,0.2,38.41735354065895,0.6306662261486053,-0.020738518382131588
1,2319,0,-410.0,75776,45.0,6.831313133239746,0.007773597,-44.61020421460271,-0.607547591207549,1176,0.0673828125,0.0001,0.2,24.080650921911,0.5828894078731537,-0.020403055379574653
1,2248,0,-416.5,76288,45.0,5.264867305755615,0.007880677,-43.998964303284886,-0.5839795803185552,1184,0.08642578125,0.0001,0.2,16.272652305662632,0.24764084815979004,-0.022202132291567978
1,2564,0,-432.5,76800,45.0,2.857308864593506,0.038460277,-43.06863884887658,-0.6588596252258867,1192,0.115234375,0.0001,0.2,9.713937813416123,0.4519864320755005,-0.020900873409118503
1,2444,0,-488.5,77312,45.0,0.7823954224586487,0.011099242,-41.07726754751988,-0.7020172020420432,1200,0.133056640625,0.0001,0.2,2.272372100967914,0.15960007905960083,-0.02343707538966555
1,2621,0,-500.0,77824,45.0,0.818283200263977,0.050245617,-39.67087590177543,-0.7924159499816597,1208,0.255126953125,0.0001,0.2,2.5224885856732726,0.30715006589889526,-0.03546907200507121
1,2405,0,-499.5,78336,45.0,0.9416347742080688,0.036720894,-37.52667033380829,-0.8223600150085986,1216,0.43408203125,0.0001,0.2,1.4803217519074678,0.17961186170578003,-0.04194933066901285
1,2421,0,-490.0,78848,45.0,0.8477464914321899,0.025221491,-36.822318524234,-0.8194889849983156,1224,0.542724609375,0.0001,0.2,1.917102667503059,0.4719470143318176,-0.059874562692129984
1,2239,0,-488.5,79360,45.0,2.1176233291625977,0.018317804,-36.956498575042936,-0.757027574814856,1232,0.408935546875,0.0001,0.2,4.633068947121501,0.1356220841407776,-0.042118508092244156
1,2315,0,-462.5,79872,45.0,1.2663781642913818,0.029807525,-36.99873313026503,-0.6717387153767049,1240,0.340576171875,0.0001,0.2,2.2554940711706877,0.016844511032104492,-0.04306673348764889
1,2646,0,-454.5,80384,45.0,1.5845059156417847,0.014106462,-37.58879358170554,-0.5940201235935092,1248,0.185302734375,0.0001,0.2,6.850711385719478,-0.03585803508758545,-0.02145559957352816
1,2456,0,-479.5,80896,45.0,3.215008497238159,0.07589792,-38.56466644451022,-0.440513804089278,1256,0.176513671875,0.0001,0.2,4.7417141404002905,-0.09879958629608154,-0.03219879874814069
1,2514,0,-473.0,81408,45.0,2.653364896774292,0.0046426626,-39.179817775683475,-0.34217568999156356,1264,0.069580078125,0.0001,0.2,7.848524165339768,0.23470139503479004,-0.013454451342113316
1,2606,0,-459.5,81920,45.0,1.4843319654464722,0.006163438,-41.140342781664806,-0.2814601107966155,1272,0.064453125,0.0001,0.2,6.43179008923471,-0.06535124778747559,-0.015972427223459817
1,2683,0,-449.5,82432,45.0,3.5198516845703125,0.0014302557,-44.063675579810514,-0.2588647643569857,1280,0.01025390625,0.0001,0.2,16.5974092297256,0.15301352739334106,-0.004101736874872586
1,2648,0,-452.0,82944,45.0,7.210244178771973,0.0030423766,-47.940887999357656,-0.22172229713760316,1288,0.0234375,0.0001,0.2,23.76982719451189,0.1457502245903015,-0.007201462263765279
1,2295,0,-473.5,83456,45.0,6.692526817321777,0.0010926776,-53.73971558998339,-0.17643543786834925,1296,0.004638671875,0.0001,0.2,27.844936452805996,-0.04381215572357178,-0.001445593239623122
1,2804,0,-454.0,83968,45.0,8.030811309814453,0.0007786235,-60.093436733139676,-0.18491741095203906,1304,0.002685546875,0.0001,0.2,36.464092306792736,0.11375552415847778,-0.000600324674451258
1,2441,0,-426.0,84480,45.0,11.947395324707031,0.0015432104,-67.46091391162015,-0.17413224739721045,1312,0.01611328125,0.0001,0.2,46.27604751288891,0.08356618881225586,-0.0012277182831894606
1,2610,0,-404.0,84992,45.0,26.438068389892578,0.00037709437,-73.93089225958101,-0.2184138612356037,1320,0.001708984375,0.0001,0.2,107.18591246008873,-0.006161332130432129,-0.002173712433432229
1,2698,0,-406.5,85504,45.0,11.72138500213623,0.000966121,-79.88936877210625,-0.18581216991879046,1328,0.00634765625,0.0001,0.2,73.0907249301672,0.38122671842575073,-0.0047638326868764125
1,2390,0,-386.0,86016,45.0,11.902935028076172,0.0014667452,-87.50387028739787,-0.172031203052029,1336,0.005615234375,0.0001,0.2,35.15941005945206,0.2897840738296509,-0.0031358539854409173
1,2221,0,-365.5,86528,45.0,49.38200378417969,0.0017293647,-91.72543768540025,-0.29244722542352974,1344,0.01611328125,0.0001,0.2,54.06768983602524,0.2122172713279724,-0.010026914220361505
1,2405,0,-342.5,87040,45.0,38.809471130371094,0.0008604451,-92.05273606929929,-0.3343734657391906,1352,0.005615234375,0.0001,0.2,131.36509002745152,0.5008112192153931,-0.005537149612791836
1,2801,0,-341.0,87552,45.0,47.2300910949707,0.0005967219,-93.86683940850199,-0.2712112164590508,1360,0.002197265625,0.0001,0.2,85.633146032691,0.5481383800506592,-0.005093516423585243
1,2244,0,-329.5,88064,45.0,0.9397022128105164,0.005223907,-94.60740627167746,-0.17272193066310138,1368,0.019287109375,0.0001,0.2,7.134066024795175,0.5932523012161255,-0.008633267985715065
1,2499,0,-338.0,88576,45.0,26.858726501464844,0.0009673331,-92.47693032657727,-0.28922013915143907,1376,0.010009765625,0.0001,0.2,62.211450688540936,0.4478049874305725,-0.00807010178323253
1,2270,0,-358.0,89088,45.0,0.906993567943573,0.0032358672,-89.62416316241026,-0.21879179892130196,1384,0.02001953125,0.0001,0.2,7.939015056937933,0.5565933883190155,-0.008933133882237598
1,2403,0,-331.0,89600,45.0,14.126912117004395,0.0016757449,-87.79072477370501,-0.30092592642176896,1392,0.016357421875,0.0001,0.2,24.394038880243897,0.684837818145752,-0.007320969898501062
1,2072,0,-328.5,90112,45.0,3.174023151397705,0.0038970604,-84.66265184883028,-0.2805711288237944,1400,0.037353515625,0.0001,0.2,22.187878735363483,0.578966349363327,-0.011959769295572187
1,2485,0,-349.5,90624,45.0,12.37582778930664,0.0017172273,-80.57986205473543,-0.31326776661444455,1408,0.01708984375,0.0001,0.2,59.50946503505111,0.5384134352207184,-0.00936461968376534
1,2170,0,-323.5,91136,45.0,0.4505094289779663,0.006562463,-80.36894401581027,-0.23342261684592813,1416,0.037109375,0.0001,0.2,4.651293441245798,-1.268986463546753,-0.015069835637405049
1,2270,0,-335.0,91648,45.0,28.689565658569336,0.0021752152,-80.23772504095919,-0.4236682887421921,1424,0.015869140625,0.0001,0.2,59.933257572352886,0.41800040006637573,-0.010963599779643118
1,2102,0,-303.0,92160,45.0,13.885581016540527,0.0035259002,-78.860489598969,-0.37306179059669375,1432,0.03173828125,0.0001,0.2,31.68815378844738,0.49061667919158936,-0.01745219913937035
1,2284,0,-317.0,92672,45.0,18.09395980834961,0.0037574936,-76.83247100843117,-0.4258964513428509,1440,0.030517578125,0.0001,0.2,35.57852593064308,0.5641159415245056,-0.011864084357512183
1,2029,0,-258.5,93184,45.0,20.755937576293945,0.006395448,-79.19494372796267,-0.36326332192402333,1448,0.037109375,0.0001,0.2,26.158130645751953,0.5057183802127838,-0.014874293228785973
1,2262,0,-250.0,93696,45.0,24.719158172607422,0.003223375,-78.3382141584158,-0.4179876344278455,1456,0.02587890625,0.0001,0.2,49.75638697296381,0.5080558359622955,-0.010163298939005472
1,1975,0,-242.0,94208,45.0,5.094178199768066,0.005351784,-79.94176934758201,-0.43697207351215184,1464,0.04296875,0.0001,0.2,30.623887486755848,0.5540948212146759,-0.015344198312959634
1,1841,0,-185.5,94720,45.0,23.435680389404297,0.0016290297,-80.40969658296555,-0.45598673331551254,1472,0.01611328125,0.0001,0.2,62.23617119342089,0.6102178394794464,-0.009656430389441084
1,2108,0,-159.0,95232,45.0,76.19551086425781,0.0017219494,-78.45830299867318,-0.5723525418434292,1480,0.0107421875,0.0001,0.2,139.64874567091465,0.5925950407981873,-0.009915141949022654
1,2107,0,-231.5,95744,45.0,17.338396072387695,0.00437663,-79.16324118459598,-0.4966439362615347,1488,0.04296875,0.0001,0.2,28.274091377854347,0.6059587895870209,-0.016351248654245865
1,2158,0,-217.5,96256,45.0,21.226110458374023,0.0052962466,-80.15391852883621,-0.5231897179037333,1496,0.083251953125,0.0001,0.2,26.129793217405677,0.5817835628986359,-0.02141483580635395
1,2325,0,-270.5,96768,45.0,23.723520278930664,0.012239458,-78.696772730276,-0.5549135613255203,1504,0.09619140625,0.0001,0.2,27.65094479173422,0.7122073471546173,-0.02440460003708722
1,1935,0,-291.0,97280,45.0,0.4151952266693115,0.0052996296,-78.6407705332525,-0.5649484822060913,1512,0.066650390625,0.0001,0.2,18.99732062127441,0.6581472754478455,-0.01417519591996097
1,1734,0,-310.0,97792,45.0,40.94369888305664,0.0037015073,-75.44135801731609,-0.6902986960485578,1520,0.047607421875,0.0001,0.2,58.910174541175365,0.6679794490337372,-0.010758828153484501
1,1863,0,-307.5,98304,45.0,51.73998260498047,0.007467214,-71.15007210441865,-0.8269788650795817,1528,0.044677734375,0.0001,0.2,91.0994988232851,0.6978245079517365,-0.01820936767035164
1,1636,0,-344.0,98816,45.0,43.278865814208984,0.005462935,-68.23398766276426,-0.6714130425825715,1536,0.042236328125,0.0001,0.2,58.922415643930435,0.6508241891860962,-0.014943650934583275
1,1724,0,-394.5,99328,45.0,16.846654891967773,0.0054562,-67.40154777429066,-0.7885007355362177,1544,0.03955078125,0.0001,0.2,67.67023615539074,0.6600547730922699,-0.012476014515414136
1,1657,0,-384.5,99840,45.0,10.583169937133789,0.008538736,-66.16555974352174,-0.7954285400919616,1552,0.092529296875,0.0001,0.2,33.1057139262557,0.6604675650596619,-0.020484291977481917
1,1538,0,-388.5,100352,45.0,12.236407279968262,0.0060874713,-65.8277264600154,-0.8422692837193608,1560,0.05517578125,0.0001,0.2,29.397209856659174,0.5008858144283295,-0.01559987042855937
1,1673,0,-366.0,100864,45.0,3.6732075214385986,0.012989162,-65.19541828732007,-0.7390854684635997,1568,0.07763671875,0.0001,0.2,10.173880685120821,0.5534153580665588,-0.02143588302715216
1,1676,0,-291.0,101376,45.0,7.603272438049316,0.015165678,-65.56703787348233,-0.9734625830315053,1576,0.132080078125,0.0001,0.2,21.438707523047924,0.32124656438827515,-0.023033242840028834
1,1723,0,-240.5,101888,45.0,15.807026863098145,0.012496006,-66.66137382435612,-0.9497522450983524,1584,0.153076171875,0.0001,0.2,33.77777802944183,0.3389371633529663,-0.026615104943630286
1,1755,0,-222.0,102400,45.0,13.441707611083984,0.0076474324,-69.972483330518,-0.8679607659578323,1592,0.056884765625,0.0001,0.2,34.280631218105555,0.4807388186454773,-0.013262750799185596
1,1664,0,-186.0,102912,45.0,7.116769790649414,0.0067656348,-71.83339588217437,-0.8848603894002736,1600,0.05908203125,0.0001,0.2,27.871491976082325,0.27056604623794556,-0.01704228820017306
1,1826,0,-177.0,103424,45.0,14.439598083496094,0.010852044,-72.57776401760057,-0.8674616413190961,1608,0.114990234375,0.0001,0.2,28.03220395743847,0.3109881281852722,-0.02352692034037318
1,1804,0,-144.0,103936,45.0,10.169356346130371,0.011405938,-73.8106664495822,-0.8270231354981661,1616,0.10009765625,0.0001,0.2,32.8274215683341,0.4540039896965027,-0.021707760341087123
1,1309,0,-169.5,104448,45.0,8.079000473022461,0.0143936435,-73.54607840850018,-0.8448476064950228,1624,0.1025390625,0.0001,0.2,34.61551808565855,0.3669382929801941,-0.02651606534345774
1,1968,0,-132.0,104960,45.0,6.689204216003418,0.014000736,-71.10751645366662,-0.7424415675923228,1632,0.140625,0.0001,0.2,22.803342059254646,0.5314248502254486,-0.02323087274999125
1,2065,0,-139.5,105472,45.0,13.057391166687012,0.016613182,-68.17094142741524,-0.7495645387098193,1640,0.193603515625,0.0001,0.2,21.43011624366045,0.37476301193237305,-0.022147741561639123
1,2051,0,-149.0,105984,45.0,15.795560836791992,0.009913002,-63.73214644297026,-0.6255474095232785,1648,0.1318359375,0.0001,0.2,25.703536212444305,0.4860445261001587,-0.019778870751906652
1,2122,0,-163.0,106496,45.0,6.529499530792236,0.011652201,-58.93804260830395,-0.6169612291269004,1656,0.09716796875,0.0001,0.2,20.30118916928768,0.1358376145362854,-0.015502952090173494
1,2204,0,-182.5,107008,45.0,7.195565223693848,0.009203602,-56.49649469782598,-0.5968685518018901,1664,0.117919921875,0.0001,0.2,16.428596403449774,0.4096441864967346,-0.02132614055153681
1,2209,0,-190.5,107520,45.0,3.099125385284424,0.019674174,-54.57438813990913,-0.5096306358464062,1672,0.166015625,0.0001,0.2,10.128710720688105,0.04034245014190674,-0.028420405818906147
1,2103,0,-222.0,108032,45.0,2.6577184200286865,0.0050882013,-52.17324024147354,-0.39689532620832324,1680,0.0439453125,0.0001,0.2,9.495448663830757,0.0518302321434021,-0.010693319003621582
1,2176,0,-242.0,108544,45.0,2.2955994606018066,0.017679734,-51.89863321166486,-0.4020000812597573,1688,0.1064453125,0.0001,0.2,8.340240761637688,0.319108247756958,-0.026674765984353144
1,2201,0,-242.0,109056,45.0,0.6336528062820435,0.009903792,-50.81538966014981,-0.3090828948188573,1696,0.078857421875,0.0001,0.2,5.083711225539446,-0.3315380811691284,-0.02067969304334838
1,2133,0,-246.0,109568,45.0,1.2033826112747192,0.008000357,-50.40031466273591,-0.2934826164273545,1704,0.0673828125,0.0001,0.2,4.907687288708985,0.06342273950576782,-0.014804538936004974
1,2395,0,-286.5,110080,45.0,5.335421562194824,0.0042148684,-49.621771014742556,-0.3131163564976305,1712,0.050537109375,0.0001,0.2,19.895601145923138,0.228401780128479,-0.012104041081329342
1,2320,0,-258.5,110592,45.0,2.5392282009124756,0.0018380227,-49.36771450769156,-0.22024162451270968,1720,0.017578125,0.0001,0.2,12.038658704608679,0.4718382954597473,-0.008827239136735443
1,2319,0,-276.0,111104,45.0,3.662461757659912,0.0037980243,-47.64001481804997,-0.23596850433386862,1728,0.02880859375,0.0001,0.2,8.891410043463111,0.5394555032253265,-0.008981354665593244
1,2176,0,-292.5,111616,45.0,6.387847900390625,0.0052529275,-45.895964304506776,-0.23060165491187945,1736,0.036376953125,0.0001,0.2,11.141100307926536,0.36101335287094116,-0.0077796861151000485
1,2231,0,-287.0,112128,45.0,4.700450420379639,0.0044959686,-42.95995266575366,-0.26152325118891895,1744,0.053466796875,0.0001,0.2,16.35152437351644,0.4505719542503357,-0.015253519377438352
1,2105,0,-265.0,112640,45.0,2.064051389694214,0.0056033535,-39.89143370611593,-0.23038172943051904,1752,0.041015625,0.0001,0.2,8.523705193772912,0.5619734227657318,-0.012852903484599665
1,1744,0,-238.0,113152,45.0,1.5927058458328247,0.00816284,-36.44783020762727,-0.18342908151680604,1760,0.036376953125,0.0001,0.2,6.249875702895224,0.5814995169639587,-0.007984170646523125
1,2075,0,-196.0,113664,45.0,5.359577178955078,0.004441944,-33.576395121738315,-0.28705907927360386,1768,0.0419921875,0.0001,0.2,17.839937349781394,0.5843362808227539,-0.013113849636283703
1,2168,0,-169.0,114176,45.0,2.953191041946411,0.002826585,-31.192948674242942,-0.255195161444135,1776,0.02099609375,0.0001,0.2,15.981152353808284,0.6386551856994629,-0.007541041151853278
1,2033,0,-189.0,114688,45.0,10.080432891845703,0.0022239788,-28.67149238405749,-0.2020997521467507,1784,0.019775390625,0.0001,0.2,24.07276801019907,0.694313108921051,-0.0077149410572019406
1,2025,0,-150.0,115200,45.0,18.5384464263916,0.003284065,-28.450431374590845,-0.2422440751688555,1792,0.03466796875,0.0001,0.2,30.317874025553465,0.6379084885120392,-0.013554436067352071
1,1895,0,-93.5,115712,45.0,7.404540061950684,0.004387395,-27.438736729584633,-0.2686560658039525,1800,0.049072265625,0.0001,0.2,24.334477066993713,0.6417528390884399,-0.015098007028427674
1,2396,0,-29.5,116224,45.0,8.681010246276855,0.005697707,-26.871061892006548,-0.35472265479620546,1808,0.054443359375,0.0001,0.2,27.626868445426226,0.4919027090072632,-0.012716776556771947
1,2414,0,-57.0,116736,45.0,6.9883623123168945,0.0016686269,-26.508682286608963,-0.15127218479756266,1816,0.025634765625,0.0001,0.2,11.692475836724043,0.23879045248031616,-0.005478541657794267
1,2136,0,-55.0,117248,45.0,4.324301719665527,0.005656275,-26.076867110431195,-0.17085748937097378,1824,0.044677734375,0.0001,0.2,9.10179752856493,-0.2960702180862427,-0.007091410727298353
1,2244,0,-65.5,117760,45.0,2.1123156547546387,0.009306401,-25.544293084517122,-0.20121588790789247,1832,0.055908203125,0.0001,0.2,10.860406398773193,-0.04059123992919922,-0.011421108269132674
1,2384,0,-84.5,118272,45.0,3.8624463081359863,0.009061696,-24.94747184161097,-0.16637671427452005,1840,0.056884765625,0.0001,0.2,8.556557131931186,0.20874899625778198,-0.017216015497979242
1,1913,0,-13.5,118784,45.0,2.844029426574707,0.0047378917,-26.618080243710427,-0.1639283827971667,1848,0.048583984375,0.0001,0.2,8.298265066929162,0.3073050379753113,-0.01683214165677782
1,2319,0,-12.0,119296,45.0,9.167086601257324,0.007560694,-27.18475159237161,-0.2995518846437335,1856,0.082763671875,0.0001,0.2,21.171066600829363,0.0860452651977539,-0.015217764899716713
1,2288,0,-9.0,119808,45.0,0.9562835693359375,0.0026447177,-29.213486142847685,-0.13748926258995198,1864,0.021728515625,0.0001,0.2,9.491021707654,0.4971328377723694,-0.0069476717471843585
1,2195,0,-17.0,120320,45.0,4.733427047729492,0.002498314,-31.395083939712496,-0.14183925098041072,1872,0.019287109375,0.0001,0.2,21.489066146314144,0.42763686180114746,-0.010061391985800583
1,2447,0,-72.5,120832,45.0,6.090059280395508,0.0025645802,-33.39022067014128,-0.14073925040429458,1880,0.022216796875,0.0001,0.2,23.274375591427088,0.7614029496908188,-0.008224327913922025
1,2347,0,-33.0,121344,45.0,2.436429738998413,0.0029993858,-35.94527349304408,-0.08694048580946401,1888,0.013671875,0.0001,0.2,14.84296315908432,0.15923774242401123,-0.007491009324439801
1,2009,0,-15.0,121856,45.0,1.3001347780227661,0.0043761423,-38.279766669683156,-0.10242054486298002,1896,0.02392578125,0.0001,0.2,9.134417668916285,-0.0844869613647461,-0.008942222077166662
1,2200,0,-12.0,122368,45.0,5.922700881958008,0.0038972609,-39.4701789210178,-0.12379349488765001,1904,0.035400390625,0.0001,0.2,10.653963785618544,0.36906343698501587,-0.013037920376518741
1,2509,0,-60.5,122880,45.0,1.0024410486221313,0.0022387328,-39.68478566931561,-0.08493078041647095,1912,0.01953125,0.0001,0.2,7.232431028969586,0.49933212995529175,-0.0052961356050218455
1,2355,0,-113.5,123392,45.0,1.367577314376831,0.0015737503,-37.86369520753622,-0.06403457841952331,1920,0.013671875,0.0001,0.2,6.125193855725229,-0.0017566680908203125,-6.763670535292476e-05
1,2273,0,-119.5,123904,45.0,1.799437165260315,0.0014763027,-36.231107054650785,-0.06066176218155306,1928,0.0185546875,0.0001,0.2,4.365677949972451,0.6010507345199585,-0.006705807558319066
1,2347,0,-125.0,124416,45.0,2.408193588256836,0.0055398303,-33.87889346791431,-0.12245562457246706,1936,0.0263671875,0.0001,0.2,9.05419088806957,0.42790526151657104,-0.009960529445379507
1,2076,0,-114.0,124928,45.0,0.9374521374702454,0.013157786,-31.45291031556204,-0.09491228297702037,1944,0.027587890625,0.0001,0.2,4.415470375679433,0.07269179821014404,-0.010462140169693157
1,2248,0,-86.5,125440,45.0,3.3821563720703125,0.0057090716,-29.409671898372473,-0.14651777275139466,1952,0.056396484375,0.0001,0.2,8.318822692148387,0.3772139549255371,-0.01375533375539817
1,2153,0,-55.0,125952,45.0,2.738619327545166,0.0016653829,-27.102400953806935,-0.09504571880097501,1960,0.013427734375,0.0001,0.2,13.611210932489485,0.3862881660461426,-0.006856477808469208
1,1607,0,-81.0,126464,45.0,4.453884601593018,0.005038985,-25.57761770348996,-0.10232844614074565,1968,0.02392578125,0.0001,0.2,10.136097305454314,0.5194781422615051,-0.008743756625335664
1,2237,0,-35.5,126976,45.0,7.195075511932373,0.0093452865,-25.432206472251565,-0.13716028738417663,1976,0.04296875,0.0001,0.2,15.93639712035656,0.4194074273109436,-0.015686112838011468
1,2281,0,76.0,127488,45.0,3.4206011295318604,0.005452981,-25.106884762514383,-0.09290965346735902,1984,0.019287109375,0.0001,0.2,11.925879434682429,0.5797265470027924,-0.004076810029800981
1,2134,0,113.5,128000,45.0,6.531388282775879,0.0014415416,-24.700764330057428,-0.07003408281889278,1992,0.01220703125,0.0001,0.2,13.95451035629958,0.43139201402664185,-0.00736808068540995
1,2147,0,63.5,128512,45.0,2.3299105167388916,0.02148795,-24.88411720723845,-0.11023318485240452,2000,0.042724609375,0.0001,0.2,6.027654237579554,0.4186122417449951,-0.015903159153822344
1,1899,0,71.0,129024,45.0,4.291842460632324,0.002044144,-24.912640701700003,-0.10402801696909592,2008,0.015380859375,0.0001,0.2,9.383921224623919,0.5340365767478943,-0.00473427170800278
1,2153,0,39.0,129536,45.0,1.5085338354110718,0.0041665486,-24.2940138383396,-0.10143796383636072,2016,0.0244140625,0.0001,0.2,8.525945827364922,0.4305611252784729,-0.011736771430150839
1,2027,0,62.0,130048,45.0,2.271458864212036,0.0047593527,-24.12276041585952,-0.10069463544641621,2024,0.033203125,0.0001,0.2,9.54885489679873,0.43210750818252563,-0.011504660491482355
1,1982,0,40.5,130560,45.0,4.218019008636475,0.0039928756,-23.340521933436392,-0.11153404763899744,2032,0.027099609375,0.0001,0.2,11.58375834301114,0.497810423374176,-0.009235431527486071
1,2296,0,15.0,131072,45.0,7.528075695037842,0.0047100363,-23.075712836710736,-0.1280288471316453,2040,0.03662109375,0.0001,0.2,10.578818426001817,0.5929135978221893,-0.009006059572129743
1,1876,0,4.0,131584,45.0,3.781026840209961,0.007462928,-22.0511088631209,-0.08690525591373444,2048,0.03759765625,0.0001,0.2,6.615725015755743,0.5645354986190796,-0.010885593052080367
1,2334,0,-71.0,132096,45.0,3.1928939819335938,0.0042306622,-22.13783225459978,-0.13270445831585675,2056,0.0302734375,0.0001,0.2,16.694836797192693,0.4329986572265625,-0.007375306806352455
1,2106,0,-38.0,132608,45.0,0.8577271103858948,0.009593763,-23.308693149937316,-0.0988626671169186,2064,0.029052734375,0.0001,0.2,4.761643906123936,0.6046867370605469,-0.007929932893603109
1,1722,0,134.0,133120,45.0,8.944525718688965,0.0034150006,-23.47378551329486,-0.13660447613801807,2072,0.03857421875,0.0001,0.2,17.27646430581808,0.4288414716720581,-0.010443603896419518
1,1558,0,156.5,133632,45.0,12.786503791809082,0.0019887215,-23.417552733328193,-0.21761010732734576,2080,0.026123046875,0.0001,0.2,24.083504501730204,0.3646726608276367,-0.0077349385974230245
1,1999,0,167.5,134144,45.0,5.4012651443481445,0.01015819,-24.954617627365515,-0.17006507836049423,2088,0.04541015625,0.0001,0.2,12.67441898304969,0.1961084008216858,-0.009208964758727234
1,2232,0,167.5,134656,45.0,2.5143120288848877,0.0034496947,-26.268542734468355,-0.1470952568051871,2096,0.03076171875,0.0001,0.2,9.373162388801575,-0.0864948034286499,-0.008091809460893273
1,2150,0,103.5,135168,45.0,0.6706399321556091,0.008819899,-27.400223355824128,-0.12609871997847222,2104,0.052734375,0.0001,0.2,4.61667875899002,0.3407158851623535,-0.01572189954458736
1,1849,0,147.5,135680,45.0,3.9976298809051514,0.010096069,-29.83332586914301,-0.21572740218834952,2112,0.055419921875,0.0001,0.2,25.908619232475758,-0.19236600399017334,-0.008542439143639058
1,1943,0,165.0,136192,45.0,6.000265598297119,0.00723933,-31.29491691108793,-0.27554004930425435,2120,0.06005859375,0.0001,0.2,19.028362568467855,0.3458753228187561,-0.02315405438275775
1,2031,0,244.5,136704,45.0,1.674544095993042,0.007873502,-32.24865332099609,-0.20198903110576794,2128,0.0556640625,0.0001,0.2,7.85937796253711,-0.11242759227752686,-0.014911612212017644
1,1974,0,194.0,137216,45.0,21.332517623901367,0.011968606,-33.30545691168867,-0.20711367490002885,2136,0.08447265625,0.0001,0.2,15.838150264695287,0.38320767879486084,-0.016103502304758877
1,2040,0,109.0,137728,45.0,1.8598887920379639,0.012766279,-34.3809573265817,-0.164141628483776,2144,0.077880859375,0.0001,0.2,8.222608003765345,0.3141077756881714,-0.019071807779255323
1,2025,0,135.0,138240,45.0,4.422131538391113,0.003083443,-35.22282693842426,-0.14536145038437098,2152,0.033447265625,0.0001,0.2,7.594783888664097,-0.13419365882873535,-0.008906368773750728
1,2080,0,177.0,138752,45.0,2.112058162689209,0.0045525557,-34.74251708558761,-0.1497514953953214,2160,0.03857421875,0.0001,0.2,7.643104255199432,0.094821035861969,-0.010621308640111238
1,2260,0,183.5,139264,45.0,6.354854583740234,0.004533899,-34.98625947107561,-0.10586486785905436,2168,0.02587890625,0.0001,0.2,9.82353069074452,0.3164920210838318,-0.006646673271461623
1,1890,0,192.5,139776,45.0,1.0393729209899902,0.0022262433,-35.37175787748769,-0.07253374220454134,2176,0.02880859375,0.0001,0.2,7.457532312255353,0.44984960556030273,-0.00671364239678951
1,1477,0,158.5,140288,45.0,3.8169686794281006,0.0023466977,-33.867332100514325,-0.09956369281280786,2184,0.0205078125,0.0001,0.2,16.221059193834662,0.3797500729560852,-0.007416121048663626
1,2156,0,130.0,140800,45.0,3.1651997566223145,0.0015466175,-32.96318199764937,-0.08795907192688901,2192,0.0146484375,0.0001,0.2,13.700990566052496,0.44763123989105225,-0.005766608301200904
1,2012,0,237.5,141312,45.0,3.2222964763641357,0.0025353008,-32.805147922877225,-0.09021486062556505,2200,0.01806640625,0.0001,0.2,12.367175292223692,0.23258203268051147,-0.010833135584107367
1,2134,0,279.5,141824,45.0,5.152640342712402,0.0018524517,-31.49327714559622,-0.10364032794313971,2208,0.0185546875,0.0001,0.2,18.143309500068426,0.3858962655067444,-0.0065839824765134836
1,2191,0,207.5,142336,45.0,1.373909592628479,0.0038080546,-30.592857199078427,-0.08652491250541061,2216,0.016845703125,0.0001,0.2,14.036169497296214,0.5254788398742676,-0.003931934177671792
1,2052,0,218.5,142848,45.0,12.161020278930664,0.0032598842,-31.051348841870205,-0.07386683925869875,2224,0.01904296875,0.0001,0.2,9.350945207290351,0.047441720962524414,-0.0053277788538252935
1,2219,0,185.5,143360,45.0,3.5763087272644043,0.0029413148,-30.151524344058707,-0.10607359473942779,2232,0.01953125,0.0001,0.2,12.589498611167073,0.31309062242507935,-0.009103045134907006
1,1817,0,263.0,143872,45.0,1.3331235647201538,0.00784432,-29.78514836777933,-0.0960935306356987,2240,0.035400390625,0.0001,0.2,5.264127321541309,-0.08479917049407959,-0.006486846708867233
1,2474,0,264.0,144384,45.0,5.456789016723633,0.002369452,-29.154259511688725,-0.15808131764060818,2248,0.03173828125,0.0001,0.2,13.205377804115415,0.11273658275604248,-0.007861558351578424
1,2022,0,214.5,144896,45.0,0.3485148251056671,0.007769706,-29.05693199926056,-0.06335912810754962,2256,0.019287109375,0.0001,0.2,3.9104796308092773,0.14790105819702148,-0.007556336127890972
1,2109,0,246.0,145408,45.0,4.064847946166992,0.007808768,-29.314618792934343,-0.1806593057117425,2264,0.03515625,0.0001,0.2,6.749505917541683,0.31888043880462646,-0.012090434967831243
1,1892,0,257.0,145920,45.0,1.337204933166504,0.0052537424,-29.361422114865853,-0.20991556771332398,2272,0.039794921875,0.0001,0.2,7.877575251273811,0.398834228515625,-0.010248143538774457
1,2071,0,185.0,146432,45.0,8.243473052978516,0.0061472175,-30.022425315901636,-0.23975599266123027,2280,0.072998046875,0.0001,0.2,23.0550320148468,0.25293534994125366,-0.018071154816425405
1,2234,0,181.5,146944,45.0,0.8748146295547485,0.014660569,-30.669476153207942,-0.20403821289073676,2288,0.10546875,0.0001,0.2,7.056653928942978,0.34625762701034546,-0.02291790609524469
1,2128,0,220.0,147456,45.0,1.2224425077438354,0.0039113285,-29.922194415321574,-0.08033718625665642,2296,0.030029296875,0.0001,0.2,5.227553605684079,-1.417053461074829,-0.011871687209350057
1,2143,0,239.0,147968,45.0,2.4806952476501465,0.001782985,-29.49398440659046,-0.07229904827545397,2304,0.014404296875,0.0001,0.2,6.146868072915822,0.08377319574356079,-0.008310420493216952
1,1755,0,138.0,148480,45.0,2.3962454795837402,0.0026180476,-29.56622754033655,-0.07621390481654089,2312,0.01513671875,0.0001,0.2,9.925660150125623,0.46077245473861694,-0.005796842098789057
1,1933,0,207.0,148992,45.0,9.46842098236084,0.000727145,-30.475977537101134,-0.056093647406669334,2320,0.006591796875,0.0001,0.2,11.127419915050268,0.34969252347946167,-0.0031824130928725936
1,2324,0,170.0,149504,45.0,6.6023993492126465,0.0015458765,-30.188456676295026,-0.07913841675326694,2328,0.013916015625,0.0001,0.2,12.503496980294585,0.5235223174095154,-0.00378240313148126
1,2271,0,181.5,150016,45.0,2.6805338859558105,0.00469034,-30.104144451413305,-0.07528539648046717,2336,0.017822265625,0.0001,0.2,6.375485755968839,0.1441858410835266,-0.006278525384914246
1,1966,0,253.5,150528,45.0,2.578970432281494,0.0022471126,-29.438007505349816,-0.07950903303571977,2344,0.017578125,0.0001,0.2,9.179884593002498,0.5873880684375763,-0.008388967049540952
1,2041,0,270.5,151040,45.0,2.795100688934326,0.0026264796,-28.178401317643,-0.10776184414862655,2352,0.024658203125,0.0001,0.2,15.745870720595121,0.5118803381919861,-0.005942964147834573
1,2248,0,309.5,151552,45.0,1.641939401626587,0.0015692555,-27.56912465033587,-0.11141790787223727,2360,0.010986328125,0.0001,0.2,18.45383838005364,0.5149439871311188,-0.004668570392823312
1,1866,0,305.5,152064,45.0,0.7563154697418213,0.003487219,-28.167603647578506,-0.07314641620905604,2368,0.017333984375,0.0001,0.2,4.1274098304566,-2.586747646331787,-0.006158128946481156
1,2101,0,310.5,152576,45.0,8.43064022064209,0.0054885754,-28.95572970476933,-0.18093438903451897,2376,0.068115234375,0.0001,0.2,15.957722276449203,0.15585702657699585,-0.015406990663905162
1,2063,0,398.5,153088,45.0,0.7909809350967407,0.010976324,-28.72046980101615,-0.12489100199309178,2384,0.05126953125,0.0001,0.2,5.918841922655702,0.0558781623840332,-0.013429867874947377
1,2082,0,447.0,153600,45.0,0.6292581558227539,0.0023244368,-27.215016082478687,-0.1132193329394795,2392,0.019775390625,0.0001,0.2,8.184583996422589,0.25929462909698486,-0.006805682998674456
1,2230,0,499.0,154112,45.0,1.2986162900924683,0.0020395163,-26.30348092566244,-0.1034199079440441,2400,0.021728515625,0.0001,0.2,7.917600063607097,0.40206819772720337,-0.003939466587326024
1,2236,0,479.0,154624,45.0,1.6946014165878296,0.0044042235,-25.4287104243855,-0.0891692036530003,2408,0.019287109375,0.0001,0.2,5.651419662171975,0.019517064094543457,-0.004645891702239169
1,2464,0,348.5,155136,45.0,1.8578189611434937,0.001887817,-25.335874298035634,-0.07656049281649757,2416,0.011474609375,0.0001,0.2,7.372195994947106,0.3981308937072754,-0.00525883688533213
1,2100,0,348.5,155648,45.0,1.910449504852295,0.002775826,-26.52155132503947,-0.07069824749487452,2424,0.01806640625,0.0001,0.2,5.344263592734933,0.004706084728240967,-0.006795983925258042
1,1906,0,355.0,156160,45.0,3.654843330383301,0.0032926872,-26.3049210833502,-0.13122718612430617,2432,0.029296875,0.0001,0.2,12.271677387878299,0.4246922731399536,-0.01255300831689965
1,1975,0,284.0,156672,45.0,3.0913002490997314,0.0052334964,-26.514311374470125,-0.16492137085879222,2440,0.05810546875,0.0001,0.2,15.297399207949638,0.3268480896949768,-0.012584887810589862
1,1897,0,339.0,157184,45.0,5.838969707489014,0.0032515454,-26.36880894148955,-0.12851142522413284,2448,0.021484375,0.0001,0.2,18.498183447867632,0.4676123857498169,-0.006103051266109105
1,1878,0,377.5,157696,45.0,8.193838119506836,0.0041140094,-25.801533615696243,-0.1869690160965547,2456,0.037109375,0.0001,0.2,19.153739482164383,0.5498150289058685,-0.013173587241908535
1,2388,0,246.0,158208,45.0,8.316014289855957,0.007894861,-26.096475306763313,-0.17189196654362604,2464,0.0478515625,0.0001,0.2,24.24759803339839,0.5589216649532318,-0.01378996061248472
1,2294,0,186.0,158720,45.0,2.331477642059326,0.0023316974,-27.486288559376263,-0.06739285330695566,2472,0.0166015625,0.0001,0.2,9.604347381740808,-0.3972475528717041,-0.002035534809692763
1,2138,0,152.5,159232,45.0,1.968782901763916,0.006984203,-27.117558813826182,-0.0790229522244772,2480,0.02783203125,0.0001,0.2,5.723172459751368,0.12423461675643921,-0.010910604232776677
1,2141,0,232.0,159744,45.0,2.3187811374664307,0.005147797,-26.921891209729946,-0.09556356818939094,2488,0.027587890625,0.0001,0.2,6.401659790426493,0.4018145203590393,-0.005695492516679224
1,2018,0,292.5,160256,45.0,3.746999979019165,0.0024925023,-24.97208998615388,-0.10793980190646835,2496,0.025634765625,0.0001,0.2,12.827501142397523,0.4018341302871704,-0.007500943185732467
1,1988,0,357.0,160768,45.0,1.5227047204971313,0.0044779712,-23.832606294876896,-0.11739911150652915,2504,0.025390625,0.0001,0.2,6.571493138559163,0.31380486488342285,-0.007024995133178891
1,1750,0,289.0,161280,45.0,3.3775455951690674,0.0038040024,-22.293958002864382,-0.12514364908565767,2512,0.0283203125,0.0001,0.2,9.590837555006146,0.48690885305404663,-0.006054456389392726
1,1890,0,286.0,161792,45.0,3.2954354286193848,0.005709647,-23.535958505216986,-0.19749110093107447,2520,0.047119140625,0.0001,0.2,12.152005698531866,0.41104578971862793,-0.010203736193943769
1,1980,0,304.5,162304,45.0,5.725786209106445,0.005254497,-22.584475578954443,-0.15677242877427489,2528,0.0361328125,0.0001,0.2,14.165916811674833,0.18095797300338745,-0.010484458718565293
1,2086,0,378.5,162816,45.0,2.8232178688049316,0.003978285,-22.03147294966504,-0.12494523043278605,2536,0.04052734375,0.0001,0.2,8.93290876224637,0.13142400979995728,-0.012643134770769393
1,2300,0,369.5,163328,45.0,5.362922191619873,0.009318275,-21.6087883571838,-0.14491598663153127,2544,0.05029296875,0.0001,0.2,10.17066957987845,0.36729079484939575,-0.016960906134045217
1,2253,0,375.0,163840,45.0,2.1695892810821533,0.00644036,-21.61056743403431,-0.07167322636087192,2552,0.0361328125,0.0001,0.2,6.922334075905383,0.2717357873916626,-0.0123369017674122
1,2726,0,256.0,164352,45.0,2.3402445316314697,0.003703006,-22.143962042457424,-0.08581315810442902,2560,0.031005859375,0.0001,0.2,6.125383335631341,0.4431781768798828,-0.00785306377656525
1,2097,0,193.0,164864,45.0,0.4746198058128357,0.020341812,-23.64524457576219,-0.0536247721320251,2568,0.033203125,0.0001,0.2,0.9918624468846247,0.4101606607437134,-0.015479178837267682
1,1700,0,244.5,165376,45.0,1.4574888944625854,0.004627735,-25.00512265933212,-0.11529434920521453,2576,0.041259765625,0.0001,0.2,16.03225629311055,0.3161168098449707,-0.013011738345085178
1,1418,0,255.5,165888,45.0,11.662007331848145,0.00457665,-25.310588573736606,-0.19961267680628225,2584,0.036376953125,0.0001,0.2,31.97979748249054,0.3853456377983093,-0.008295154504594393
1,1549,0,291.0,166400,45.0,8.556488037109375,0.0024742903,-24.789749479102902,-0.13877070767921396,2592,0.02685546875,0.0001,0.2,31.518869273364544,0.5770551562309265,-0.006139010612969287
1,2253,0,241.5,166912,45.0,42.075077056884766,0.0064107906,-24.92796053954633,-0.1690738438628614,2600,0.03955078125,0.0001,0.2,59.03051021695137,0.5525892078876495,-0.010805748737766407
1,1897,0,290.0,167424,45.0,4.894560813903809,0.0071448935,-24.805528118808287,-0.1066824862282374,2608,0.048828125,0.0001,0.2,15.527264297008514,0.44747310876846313,-0.010081372282002121
1,2113,0,292.5,167936,45.0,3.867562770843506,0.006580199,-23.97260325429961,-0.13729606877313927,2616,0.02294921875,0.0001,0.2,14.778279423713684,0.4831356406211853,-0.008557716595532838
1,1877,0,409.0,168448,45.0,3.902646780014038,0.0034418157,-22.845035173948855,-0.09710054312017746,2624,0.0263671875,0.0001,0.2,10.938650984317064,0.626458078622818,-0.00778706311393762
1,1906,0,532.0,168960,45.0,2.8706648349761963,0.006846055,-20.717207611752674,-0.1326069566712249,2632,0.03076171875,0.0001,0.2,9.722266603261232,0.35619252920150757,-0.01109692346653901
1,2148,0,495.5,169472,45.0,2.2712819576263428,0.014159871,-18.24444749851711,-0.15488948399433866,2640,0.06396484375,0.0001,0.2,7.5939588863402605,-0.26185500621795654,-0.019706764418515377
1,2066,0,467.5,169984,45.0,2.177663803100586,0.008216229,-16.906324517186732,-0.12510006898082793,2648,0.046875,0.0001,0.2,4.687319903634489,-0.2762002944946289,-0.010701039238483645
1,2177,0,432.0,170496,45.0,1.0854527950286865,0.010644536,-16.05738987251185,-0.10960722991148941,2656,0.04833984375,0.0001,0.2,3.7919031409546733,0.11902284622192383,-0.012006943812593818
1,1952,0,343.0,171008,45.0,1.2109930515289307,0.005125396,-15.776431193780153,-0.08269177870533895,2664,0.027099609375,0.0001,0.2,2.3924133187392727,0.4292587637901306,-0.011678540649882052
1,2286,0,356.5,171520,45.0,0.9640539288520813,0.0028182222,-17.076454512290656,-0.12005883964593522,2672,0.03173828125,0.0001,0.2,4.862783746793866,0.34295064210891724,-0.010032618680270389
1,2239,0,272.5,172032,45.0,1.0487902164459229,0.003175737,-17.664756176834928,-0.08169976217322983,2680,0.015869140625,0.0001,0.2,6.35760173201561,0.4498617649078369,-0.004173904839262832
1,2140,0,237.0,172544,45.0,3.2510902881622314,0.005188453,-20.47851766031701,-0.10806259926175699,2688,0.031494140625,0.0001,0.2,10.792257938534021,0.10544180870056152,-0.004543660077615641
1,1973,0,242.5,173056,45.0,8.143438339233398,0.003619045,-23.99287620858755,-0.1413797698187409,2696,0.03369140625,0.0001,0.2,12.872634679079056,0.24271684885025024,-0.008381496401852928
1,1598,0,221.5,173568,45.0,3.5652825832366943,0.0021665983,-26.091535585601815,-0.1064057850453537,2704,0.018310546875,0.0001,0.2,11.160115910694003,0.3714541792869568,-0.006734111211699201
1,2036,0,247.0,174080,45.0,5.2851386070251465,0.0060999086,-28.07578324933071,-0.10237006592797115,2712,0.02587890625,0.0001,0.2,11.14141273777932,0.5854251384735107,-0.010565881873844774
1,2234,0,171.0,174592,45.0,2.700880527496338,0.003202918,-29.283570814295672,-0.07345515774795786,2720,0.020263671875,0.0001,0.2,7.4164525074884295,0.5778543055057526,-0.005462313529278617
1,1724,0,235.5,175104,45.0,1.0811870098114014,0.009259792,-30.074649268710054,-0.06733176270790864,2728,0.02099609375,0.0001,0.2,3.159335669828579,-0.41839873790740967,-0.007439328473992646
1,1915,0,251.0,175616,45.0,3.183434247970581,0.0027796729,-29.630095842103472,-0.13912296353373677,2736,0.030029296875,0.0001,0.2,5.680905235931277,0.5421866178512573,-0.006273771890846547
1,2061,0,312.5,176128,45.0,1.7584630250930786,0.0069776336,-28.94558012524154,-0.13115045538870618,2744,0.046142578125,0.0001,0.2,7.303782613016665,0.5634470283985138,-0.012265822464541998
1,1894,0,395.5,176640,45.0,4.369136333465576,0.0051626004,-27.045132751013153,-0.1208877160679549,2752,0.033203125,0.0001,0.2,10.357629243284464,0.27651679515838623,-0.013646329622133635
1,2188,0,405.0,177152,45.0,6.164131164550781,0.006373486,-24.286082395571285,-0.12649377531488426,2760,0.036376953125,0.0001,0.2,10.40304327569902,0.28808629512786865,-0.012376733635392156
1,1740,0,380.0,177664,45.0,1.3720922470092773,0.006498391,-22.312783859889024,-0.10977161137270741,2768,0.035888671875,0.0001,0.2,3.081697329413146,0.3959450125694275,-0.015097968822374241
1,1731,0,445.5,178176,45.0,1.1378566026687622,0.005225901,-21.025170229352078,-0.16593289782758802,2776,0.037109375,0.0001,0.2,11.599280327558517,0.4473469853401184,-0.010857424887944944
1,2143,0,431.5,178688,45.0,5.283964157104492,0.0037481065,-19.036497666435316,-0.15812976250890642,2784,0.047119140625,0.0001,0.2,13.693191081285477,0.5621906220912933,-0.014151225543173496
1,1963,0,538.0,179200,45.0,5.27658224105835,0.011800392,-18.676364843919874,-0.11501669156132266,2792,0.043212890625,0.0001,0.2,6.584460998419672,0.3794323205947876,-0.010277205765305553
1,1481,0,445.5,179712,45.0,3.645890951156616,0.006393861,-17.58452709091827,-0.11840790123096667,2800,0.0380859375,0.0001,0.2,8.208436146378517,0.15011298656463623,-0.011294733863906004
1,1992,0,450.0,180224,45.0,1.5645270347595215,0.011621179,-18.082420971691608,-0.11812007945263758,2808,0.0478515625,0.0001,0.2,3.216745859477669,0.17586463689804077,-0.014072180492803454
1,1771,0,524.5,180736,45.0,3.553359031677246,0.004666309,-18.69523823365569,-0.12665353718330152,2816,0.032958984375,0.0001,0.2,6.0809045964851975,0.1469031572341919,-0.008945110530476086
1,1881,0,559.0,181248,45.0,4.2067694664001465,0.0037230384,-18.4483215846261,-0.14697135836468078,2824,0.025390625,0.0001,0.2,10.698977718129754,0.1862809658050537,-0.009089193714316934
1,1731,0,668.0,181760,45.0,3.1750550270080566,0.0040344014,-18.748085760693066,-0.11485614668345079,2832,0.019287109375,0.0001,0.2,5.410181529819965,0.4718804955482483,-0.007711496487900149
1,2181,0,580.5,182272,45.0,1.8783797025680542,0.004478027,-18.59325880706776,-0.11373759622802027,2840,0.0361328125,0.0001,0.2,8.981469802558422,0.48226481676101685,-0.009407600289705442
1,1942,0,531.0,182784,45.0,1.257899522781372,0.004066368,-20.212541603781283,-0.07860687923675869,2848,0.024169921875,0.0001,0.2,5.229983672499657,0.5766222476959229,-0.008710526546565234
1,1971,0,541.5,183296,45.0,1.1408579349517822,0.0064809043,-21.666394009608776,-0.09473046545463149,2856,0.029296875,0.0001,0.2,7.060057814233005,-0.20057713985443115,-0.01043061664677225
1,1854,0,602.5,183808,45.0,1.6794021129608154,0.0028147718,-22.823737134281547,-0.09962269340758212,2864,0.033203125,0.0001,0.2,7.0575772086158395,0.3078312277793884,-0.009488792406045832
1,1827,0,683.5,184320,45.0,3.547328472137451,0.0036360223,-23.6749843743816,-0.12052613121340983,2872,0.029052734375,0.0001,0.2,8.635782693512738,0.2744320034980774,-0.0063044897906365804
1,1922,0,630.5,184832,45.0,4.12844181060791,0.0024473206,-23.62317085750401,-0.10866878344677389,2880,0.017333984375,0.0001,0.2,11.10372211318463,0.2141742706298828,-0.005036550322984112
1,1843,0,646.5,185344,45.0,2.249197483062744,0.0024491344,-24.10941071460955,-0.1130588720261585,2888,0.03076171875,0.0001,0.2,14.91255147755146,0.25479817390441895,-0.007814773656718899
1,1698,0,658.0,185856,45.0,3.4629178047180176,0.0027066064,-23.666134580923245,-0.09795330101042055,2896,0.022705078125,0.0001,0.2,11.290161145851016,0.2891347408294678,-0.005281922189169563
1,1755,0,681.5,186368,45.0,2.5074925422668457,0.0043210755,-23.652761684432626,-0.12863837977056392,2904,0.04052734375,0.0001,0.2,11.166758688166738,0.42474812269210815,-0.012429762187821325
1,1986,0,777.0,186880,45.0,5.197707653045654,0.0036561904,-22.95670810555108,-0.08346129544952419,2912,0.021728515625,0.0001,0.2,12.804603513330221,0.4151831865310669,-0.008369049590328359
1,1729,0,794.5,187392,45.0,1.1331605911254883,0.0038796565,-22.12822498369962,-0.08714441892516334,2920,0.02783203125,0.0001,0.2,5.108116824179888,0.6459952890872955,-0.008402601051784586
1,1676,0,844.5,187904,45.0,2.872222661972046,0.0062770257,-21.1906027864106,-0.10962731472682208,2928,0.025146484375,0.0001,0.2,9.194897716864944,0.20722967386245728,-0.007672702791751362
1,1704,0,821.0,188416,45.0,3.2657470703125,0.006152507,-20.519771503023804,-0.11971689999336377,2936,0.0517578125,0.0001,0.2,10.56195468083024,0.2559773921966553,-0.012805025580746587
1,1566,0,852.0,188928,45.0,2.813847303390503,0.0077569014,-19.44505295043811,-0.10269511170918122,2944,0.02880859375,0.0001,0.2,4.9947580164298415,0.40172481536865234,-0.0082233771609026
1,1816,0,916.5,189440,45.0,7.063079357147217,0.0065652654,-20.027684380114078,-0.15839976948336698,2952,0.041015625,0.0001,0.2,16.067817851901054,0.08865118026733398,-0.008978265643236227
1,1860,0,840.5,189952,45.0,5.7174601554870605,0.0036141959,-19.67946925619617,-0.09773731157474685,2960,0.018310546875,0.0001,0.2,7.462101625278592,-0.12447595596313477,-0.0051509801123756915
1,1314,0,757.5,190464,45.0,1.3561204671859741,0.008201118,-20.07808898480609,-0.06726186479500029,2968,0.02685546875,0.0001,0.2,5.2727610524743795,0.4564400911331177,-0.01016640018497128
1,1948,0,784.5,190976,45.0,2.2689943313598633,0.0063287737,-21.027389791775494,-0.112893885205267,2976,0.029541015625,0.0001,0.2,8.160049682483077,0.5392630398273468,-0.008065656984399538
1,1901,0,743.5,191488,45.0,2.001650094985962,0.004769703,-21.216598427956924,-0.09519784808799159,2984,0.038330078125,0.0001,0.2,6.128196517005563,0.45088446140289307,-0.010099260209244676
1,2014,0,695.0,192000,45.0,1.789999008178711,0.009939795,-21.602432599402963,-0.12025174091104418,2992,0.050537109375,0.0001,0.2,6.400404492393136,0.5310873687267303,-0.01762360353313852
1,2243,0,549.0,192512,45.0,1.4557130336761475,0.0034790705,-21.820699720103292,-0.0747618684254121,3000,0.024658203125,0.0001,0.2,2.694975889287889,-2.084151268005371,-0.006514984197565354
1,2162,0,482.0,193024,45.0,1.9314930438995361,0.0013740853,-22.997813364672474,-0.05748590528673958,3008,0.02587890625,0.0001,0.2,3.233233720995486,0.18031704425811768,-0.009171074081677943
1,2020,0,440.5,193536,45.0,4.789278030395508,0.0026560947,-24.992697789934464,-0.0666445723400102,3016,0.017333984375,0.0001,0.2,11.367052091285586,0.25277453660964966,-0.0032813345023896545
1,1952,0,376.0,194048,45.0,6.8502302169799805,0.0027338509,-24.755577519829384,-0.073526482534362,3024,0.0126953125,0.0001,0.2,17.883097771555185,0.21811288595199585,-0.006703755283524515
1,2042,0,364.5,194560,45.0,7.13815975189209,0.0033319036,-25.141206124010495,-0.10229718455229886,3032,0.02197265625,0.0001,0.2,22.87782484292984,0.5922099947929382,-0.006167811850900762
1,1980,0,386.0,195072,45.0,8.195223808288574,0.0034212414,-25.91056683528237,-0.07532268231443595,3040,0.022705078125,0.0001,0.2,25.669932946562767,0.5373297929763794,-0.008653519846120616
1,1858,0,433.5,195584,45.0,6.57192325592041,0.0009301228,-25.431123245554044,-0.06427653867285699,3048,0.008056640625,0.0001,0.2,20.021954249590635,0.5943105220794678,-0.0028587555134436116
1,1893,0,515.0,196096,45.0,5.71347713470459,0.0013919794,-25.00356556436047,-0.07755267953325529,3056,0.017333984375,0.0001,0.2,25.46023876592517,0.6456798017024994,-0.00618412924814038
1,1353,0,601.0,196608,45.0,11.126300811767578,0.0060604615,-24.67860271414742,-0.09635154134593904,3064,0.031005859375,0.0001,0.2,21.277120411396027,0.679146021604538,-0.01020856760442257
1,2072,0,641.0,197120,45.0,3.7918663024902344,0.0043463437,-23.477117027165367,-0.11222873417864321,3072,0.03076171875,0.0001,0.2,17.70628723502159,0.6533929109573364,-0.00911118204385275
1,2014,0,627.5,197632,45.0,2.196585178375244,0.00492734,-23.235235703862273,-0.10088583681499586,3080,0.031005859375,0.0001,0.2,9.831567133776844,0.005624234676361084,-0.007997085340321064
1,1781,0,601.0,198144,45.0,1.536928415298462,0.005716687,-21.830451012714764,-0.08852267648035195,3088,0.03662109375,0.0001,0.2,7.503198374062777,0.514560729265213,-0.010251335115754046
1,2001,0,656.0,198656,45.0,1.9117698669433594,0.010617877,-21.225619026659988,-0.13196599572256673,3096,0.0537109375,0.0001,0.2,7.462642423808575,-1.371175765991211,-0.014248564890294801
1,1977,0,654.0,199168,45.0,1.9232579469680786,0.0036138147,-19.859129574717954,-0.0782707077160012,3104,0.041259765625,0.0001,0.2,8.659890349954367,0.02503204345703125,-0.00927153235534206
1,1807,0,651.5,199680,45.0,2.927725076675415,0.008094342,-18.991180407373466,-0.11896441952558234,3112,0.04736328125,0.0001,0.2,7.483725469559431,0.04224127531051636,-0.01160519113909686
1,1909,0,567.5,200192,45.0,3.0487253665924072,0.0071578254,-19.135143292617286,-0.13520216260803863,3120,0.050048828125,0.0001,0.2,7.969781816005707,0.36884450912475586,-0.01047278214537073
1,1998,0,561.0,200704,45.0,1.232591152191162,0.019424418,-19.46496717415401,-0.12222561211092398,3128,0.0458984375,0.0001,0.2,4.332445826381445,-0.046178340911865234,-0.010026623273006408
1,2128,0,506.0,201216,45.0,2.2704827785491943,0.0022843094,-19.439806428007433,-0.08919446821528254,3136,0.030029296875,0.0001,0.2,6.850983634591103,0.10686588287353516,-0.006764655430743005
1,2005,0,540.5,201728,45.0,1.0618866682052612,0.0015621242,-19.54383276987879,-0.04290674239018699,3144,0.00732421875,0.0001,0.2,6.010929617099464,0.26213186979293823,-0.005016058908950072
1,2029,0,591.0,202240,45.0,4.047968864440918,0.006114264,-18.646342870807857,-0.05030770905432291,3152,0.026611328125,0.0001,0.2,7.021190884523094,0.5622797012329102,-0.01013292140851263
1,1514,0,634.5,202752,45.0,5.828009128570557,0.0050178696,-18.83495084341208,-0.06956757578154793,3160,0.01318359375,0.0001,0.2,12.797805555164814,0.5029719471931458,-0.0069874332984909415
1,2035,0,598.5,203264,45.0,4.746315956115723,0.006945239,-19.071801308836438,-0.08766050598205766,3168,0.03955078125,0.0001,0.2,11.261471038684249,0.6478782296180725,-0.009532350624795072
1,2037,0,597.0,203776,45.0,8.910216331481934,0.0020976462,-19.825138683892437,-0.09099976321158465,3176,0.020263671875,0.0001,0.2,17.604897502809763,0.49992048740386963,-0.006752101129677612
1,1936,0,587.0,204288,45.0,6.2077107429504395,0.0052938582,-20.72388611815346,-0.11606176212080754,3184,0.0341796875,0.0001,0.2,23.140430111438036,0.3457977771759033,-0.01183667989607784
1,2116,0,638.5,204800,45.0,7.445916652679443,0.0017003486,-21.05510085339134,-0.10620400005427655,3192,0.01611328125,0.0001,0.2,15.509323980659246,0.5216401815414429,-0.006703930495859822
1,1726,0,640.0,205312,45.0,3.34889817237854,0.006896367,-21.412644218676142,-0.09255268362903735,3200,0.033203125,0.0001,0.2,13.095093179494143,0.4131487011909485,-0.011729385198123055
1,1509,0,590.0,205824,45.0,3.4242210388183594,0.009540059,-21.61424795162864,-0.18054815020877868,3208,0.0546875,0.0001,0.2,14.223197564482689,0.4203835725784302,-0.01466100925608771
1,1719,0,600.5,206336,45.0,5.767770290374756,0.013166536,-22.456282214634122,-0.20301876962184906,3216,0.06787109375,0.0001,0.2,10.883289035409689,0.397331178188324,-0.020785661195986904
1,1761,0,611.5,206848,45.0,5.589570999145508,0.01469426,-22.928477174644357,-0.1854037901503034,3224,0.0693359375,0.0001,0.2,9.368623265996575,0.1643531322479248,-0.01396723696961999
1,1668,0,743.5,207360,45.0,2.239798069000244,0.009825438,-23.080936937953812,-0.21154530291096307,3232,0.076171875,0.0001,0.2,8.186792122200131,-0.16104817390441895,-0.018762997300655115
1,1295,0,741.0,207872,45.0,1.3120572566986084,0.0099783,-21.87046934702201,-0.18426413519773632,3240,0.082275390625,0.0001,0.2,7.163859196007252,0.3534841537475586,-0.014091412282141391
1,1680,0,797.0,208384,45.0,2.7801756858825684,0.016606027,-21.347641178912017,-0.2237502493080683,3248,0.06640625,0.0001,0.2,10.812336172908545,0.45207440853118896,-0.014738418620254379
1,1744,0,828.5,208896,45.0,4.538341045379639,0.003529083,-20.14878155062208,-0.16529073618585244,3256,0.050537109375,0.0001,0.2,9.985169583931565,0.19175434112548828,-0.01276685929769883
1,1644,0,852.0,209408,45.0,3.792992115020752,0.007976824,-19.787736160370986,-0.20217882428551093,3264,0.067138671875,0.0001,0.2,7.353035569190979,0.3883934020996094,-0.008858063018124085
1,1666,0,905.0,209920,45.0,3.321526527404785,0.004984319,-18.91919619112392,-0.1923526405589655,3272,0.05322265625,0.0001,0.2,10.782599046826363,0.17953991889953613,-0.012576030341733713
1,1786,0,961.0,210432,45.0,3.4076666831970215,0.007154625,-18.027616040037245,-0.18736828328110278,3280,0.050537109375,0.0001,0.2,8.608311735093594,0.12228184938430786,-0.012292630890442524
1,1645,0,1057.5,210944,45.0,2.759742021560669,0.0084606195,-17.80368568466627,-0.16727131168590859,3288,0.049560546875,0.0001,0.2,9.255718529224396,0.489665687084198,-0.015969710220815614
1,1910,0,1033.5,211456,45.0,2.134075164794922,0.00599937,-16.376049138183006,-0.14633023177157156,3296,0.038330078125,0.0001,0.2,8.689659485593438,0.4433632493019104,-0.008401181257795542
1,1817,0,957.0,211968,45.0,2.41125226020813,0.006355245,-15.624766385768307,-0.14615865887026303,3304,0.04248046875,0.0001,0.2,6.34653428196907,0.4583509564399719,-0.011549601091246586
1,1455,0,880.5,212480,45.0,2.879383087158203,0.0059896684,-15.495689777840163,-0.1388935936265625,3312,0.05322265625,0.0001,0.2,5.263247197493911,0.5870554149150848,-0.012853276788518997
1,1428,0,906.0,212992,45.0,1.2448797225952148,0.008781837,-15.310045349303401,-0.11014975197031163,3320,0.04833984375,0.0001,0.2,4.170215423218906,0.4150756001472473,-0.011794820144132245
1,1903,0,799.0,213504,45.0,0.5561923980712891,0.0063655158,-14.688173828157014,-0.1198265923303552,3328,0.029541015625,0.0001,0.2,4.045360758900642,0.12626391649246216,-0.009174685663310811
1,1900,0,736.0,214016,45.0,0.593202531337738,0.008023691,-14.705866633955738,-0.10313471661356743,3336,0.04296875,0.0001,0.2,2.0319779741112143,0.5909648239612579,-0.011817815335234627
1,1929,0,672.5,214528,45.0,1.5257859230041504,0.01166946,-14.823429295776295,-0.15271779760951176,3344,0.062255859375,0.0001,0.2,3.567109711933881,0.474381685256958,-0.015306338558730204
1,1940,0,625.0,215040,45.0,1.4829357862472534,0.0049997633,-14.374266877171467,-0.10197324707405642,3352,0.03515625,0.0001,0.2,4.232775024138391,0.20511668920516968,-0.01201729024251108
1,1882,0,521.5,215552,45.0,3.0372354984283447,0.0027524699,-14.223828775738948,-0.09073699037253391,3360,0.01611328125,0.0001,0.2,7.930364994332194,0.4429212808609009,-0.006310445234703366
1,1917,0,556.5,216064,45.0,4.789933681488037,0.002797383,-15.347647881296579,-0.07609171311196405,3368,0.024169921875,0.0001,0.2,9.73980281315744,0.23986250162124634,-0.01033615598862525
1,2060,0,564.0,216576,45.0,3.6712443828582764,0.0024055988,-15.734239916948718,-0.08695302081468981,3376,0.014892578125,0.0001,0.2,10.667678840458393,0.5654763579368591,-0.005421234331151936
1,1932,0,639.5,217088,45.0,6.363589286804199,0.004814674,-16.452094961302937,-0.06734221354417969,3384,0.018310546875,0.0001,0.2,10.397790947929025,0.42520737648010254,-0.007739874421531567
1,1756,0,634.0,217600,45.0,2.7585089206695557,0.004822514,-17.077584494171315,-0.09541416820138693,3392,0.03662109375,0.0001,0.2,9.397640889510512,0.5677153468132019,-0.011117302332422696
1,1232,0,702.5,218112,45.0,3.86618971824646,0.005355578,-17.78374297203496,-0.1464209182013292,3400,0.03369140625,0.0001,0.2,11.162198588252068,0.5255471765995026,-0.010435789336042944
1,1868,0,764.0,218624,45.0,3.508187770843506,0.0053946483,-17.326137649035083,-0.17663343128515407,3408,0.046630859375,0.0001,0.2,8.7765693385154,0.4806820750236511,-0.011951477157708723
1,2180,0,701.5,219136,45.0,2.2694361209869385,0.007890908,-17.051884910032385,-0.1263315454707481,3416,0.040283203125,0.0001,0.2,5.545672874897718,0.5468940138816833,-0.012331230114796199
1,2052,0,766.0,219648,45.0,1.5453490018844604,0.019076455,-17.006551463758807,-0.07952209214272443,3424,0.043212890625,0.0001,0.2,4.449146032333374,-0.18386054039001465,-0.0125878393810126
1,1717,0,776.0,220160,45.0,0.8196352124214172,0.009836772,-16.01288710697554,-0.10781071819656063,3432,0.041015625,0.0001,0.2,4.162932859733701,-0.4173663854598999,-0.015131769054278266
1,1751,0,822.0,220672,45.0,2.174922227859497,0.008179603,-15.71162068062462,-0.17928124498575926,3440,0.0673828125,0.0001,0.2,7.609691210091114,0.16707700490951538,-0.016081696463515982
1,1544,0,794.0,221184,45.0,1.8786635398864746,0.011004011,-14.7764635089878,-0.12176676929811947,3448,0.0546875,0.0001,0.2,6.360448859632015,0.20196396112442017,-0.014342242691782303
1,2000,0,832.0,221696,45.0,2.959156036376953,0.0076735853,-15.529994655735791,-0.23693025024840608,3456,0.0576171875,0.0001,0.2,9.605763982981443,0.3520618677139282,-0.016031185557949357
1,1894,0,747.0,222208,45.0,0.5219523310661316,0.008537183,-14.490923684474547,-0.11371287588553969,3464,0.048583984375,0.0001,0.2,5.050392615608871,0.5431069433689117,-0.01400462789752055
1,1952,0,657.0,222720,45.0,1.0638246536254883,0.010310206,-15.288361584527884,-0.1480929575918708,3472,0.0732421875,0.0001,0.2,9.647399386391044,0.4966370463371277,-0.018009282648563385
1,2276,0,595.0,223232,45.0,1.1528136730194092,0.011698991,-16.535834327866322,-0.11941216159902979,3480,0.05419921875,0.0001,0.2,4.7211246327497065,0.4649168848991394,-0.013059693097602576
1,2179,0,607.5,223744,45.0,0.5617358684539795,0.0039279694,-17.55667499630712,-0.07953580401954241,3488,0.03857421875,0.0001,0.2,2.31927607068792,0.5693167448043823,-0.0135951479387586
1,2159,0,520.5,224256,45.0,1.166561484336853,0.0034883434,-19.310718381283806,-0.05803466554789338,3496,0.02392578125,0.0001,0.2,3.7268291860818863,0.17252284288406372,-0.006337767496006563
1,2212,0,374.0,224768,45.0,3.561462879180908,0.005199425,-21.21883114768192,-0.06265986067228368,3504,0.024658203125,0.0001,0.2,8.683839570730925,0.2640918493270874,-0.007550479560450185
1,2346,0,294.0,225280,45.0,2.6707375049591064,0.0039558043,-23.419305221997202,-0.0725629312073579,3512,0.01708984375,0.0001,0.2,9.541140725836158,0.12987983226776123,-0.003743835499335546
1,2101,0,238.5,225792,45.0,5.512545108795166,0.0029606144,-26.160148518914358,-0.0779758682292595,3520,0.024658203125,0.0001,0.2,12.615115705877542,0.08737039566040039,-0.007251551440276671
1,2090,0,259.0,226304,45.0,9.934233665466309,0.0016245851,-27.631080033546315,-0.07440629803750198,3528,0.015625,0.0001,0.2,19.91360328346491,0.23811691999435425,-0.006296597442997154
1,2051,0,274.5,226816,45.0,5.478799819946289,0.0010191194,-29.44233937663026,-0.07495299150468782,3536,0.011962890625,0.0001,0.2,19.02387872710824,0.417915403842926,-0.0054964512564765755
1,2076,0,282.0,227328,45.0,5.65509557723999,0.0047206264,-29.856362677728757,-0.07588305928766204,3544,0.023193359375,0.0001,0.2,18.41219623014331,0.45446521043777466,-0.00724013322906103
1,1970,0,365.5,227840,45.0,3.9598429203033447,0.0025602402,-30.0587058660388,-0.07341498375899391,3552,0.018798828125,0.0001,0.2,18.529740881174803,0.5656906366348267,-0.009305165000114357
1,2240,0,295.5,228352,45.0,2.90082049369812,0.0041680494,-29.488326459173113,-0.11635665307403542,3560,0.024658203125,0.0001,0.2,20.145168036222458,0.6556523442268372,-0.010689247093978338
1,1251,0,390.0,228864,45.0,3.690075159072876,0.018533278,-29.80969603687525,-0.08869182606576942,3568,0.0458984375,0.0001,0.2,9.82538475561887,0.30557048320770264,-0.016748649533838034
1,1619,0,548.5,229376,45.0,7.42477560043335,0.0047931317,-27.786672351248562,-0.1727044234285131,3576,0.02880859375,0.0001,0.2,17.11520789563656,0.6105445027351379,-0.00936612006262294
1,1621,0,639.5,229888,45.0,4.950262546539307,0.0066152755,-24.850708884750492,-0.1505105524265673,3584,0.035400390625,0.0001,0.2,13.65471931733191,0.7103490233421326,-0.010172227939619916
1,1940,0,551.0,230400,45.0,2.2402772903442383,0.004978225,-22.568691831720063,-0.18680675199721009,3592,0.044189453125,0.0001,0.2,16.153704416006804,0.35820966958999634,-0.00815081888140412
1,2008,0,529.0,230912,45.0,3.9490814208984375,0.015012331,-22.56484579818789,-0.17876761767547578,3600,0.113525390625,0.0001,0.2,12.080682313069701,-0.5075377225875854,-0.02097969780152198
1,1682,0,551.5,231424,45.0,2.485396385192871,0.0069336593,-21.347099545919335,-0.13852898255572654,3608,0.05224609375,0.0001,0.2,7.040301762521267,0.27901941537857056,-0.011886129308550153
1,1682,0,564.0,231936,45.0,4.572417259216309,0.009039406,-21.53156412065029,-0.18837512005120516,3616,0.065673828125,0.0001,0.2,8.752831706777215,-0.6753476858139038,-0.016683619367540814
1,1646,0,622.5,232448,45.0,3.6860311031341553,0.009425808,-22.23012843415141,-0.2249637203058228,3624,0.0908203125,0.0001,0.2,12.890299256891012,0.28647589683532715,-0.02069150994066149
1,1897,0,697.0,232960,45.0,9.726033210754395,0.0066309385,-23.287393672554753,-0.21365401666844264,3632,0.051025390625,0.0001,0.2,22.405385248363018,0.5001031756401062,-0.014613502171414439
1,1708,0,713.5,233472,45.0,1.791348934173584,0.006768816,-22.804210576647893,-0.11618265866127331,3640,0.040283203125,0.0001,0.2,6.642361010424793,0.5617900490760803,-0.010274728865624638
1,1876,0,690.5,233984,45.0,1.2521016597747803,0.0063183904,-25.22890302846674,-0.18098791118245572,3648,0.04638671875,0.0001,0.2,10.718714524060488,0.571283221244812,-0.012470953624870162
1,2388,0,579.0,234496,45.0,5.516472816467285,0.007000424,-27.326002114829606,-0.1348776787344832,3656,0.051025390625,0.0001,0.2,10.633364604786038,0.6314994990825653,-0.012963947156094946
1,2010,0,556.5,235008,45.0,0.255185604095459,0.009274667,-27.600456987251526,-0.05933549780274916,3664,0.02734375,0.0001,0.2,2.5753848089370877,0.5541844964027405,-0.004203617725579534
1,1649,0,539.0,235520,45.0,1.1586164236068726,0.005963927,-27.657376246959902,-0.09797009974136017,3672,0.060302734375,0.0001,0.2,4.909001081250608,0.6391139924526215,-0.01209844018012518
1,2155,0,527.0,236032,45.0,1.8106389045715332,0.007829167,-28.01111504929606,-0.05795772367127938,3680,0.0263671875,0.0001,0.2,3.2385573571082205,0.048463642597198486,-0.007185469716205262
1,2031,0,493.5,236544,45.0,0.595221996307373,0.014483005,-26.525031001521274,-0.07323014354187762,3688,0.0390625,0.0001,0.2,3.048833828419447,-0.14040815830230713,-0.009443867609661538
1,2142,0,461.5,237056,45.0,2.239739418029785,0.0021925662,-25.17127981940517,-0.07454273612893303,3696,0.019775390625,0.0001,0.2,8.925137626938522,0.29669463634490967,-0.005759741870861035
1,1781,0,436.5,237568,45.0,2.4105896949768066,0.0042542326,-24.580035142062698,-0.03645832184520259,3704,0.01416015625,0.0001,0.2,9.439131560735404,0.5279147624969482,-0.006150196582893841
1,2152,0,373.0,238080,45.0,7.506014823913574,0.005073622,-24.513835780071094,-0.09725597502256278,3712,0.032470703125,0.0001,0.2,16.975180249661207,0.5389034748077393,-0.009843029518378899
1,1945,0,361.5,238592,45.0,4.903408050537109,0.0025298207,-23.62776458497159,-0.05145732425080496,3720,0.018310546875,0.0001,0.2,12.216069545596838,0.6267322599887848,-0.0059679106416297145
1,2110,0,408.5,239104,45.0,3.464324712753296,0.003647226,-22.729434165358544,-0.08854946766223293,3728,0.029052734375,0.0001,0.2,17.759773766621947,0.5941627025604248,-0.009479661150180618
1,2149,0,430.0,239616,45.0,7.271724700927734,0.001655836,-22.77145772051532,-0.08184410439571366,3736,0.017822265625,0.0001,0.2,16.50877290032804,0.41645556688308716,-0.007902955963800196
1,1970,0,458.0,240128,45.0,8.205658912658691,0.0037287145,-22.48564754517749,-0.07786762643081602,3744,0.018798828125,0.0001,0.2,17.811852982267737,0.28144371509552,-0.00569430196628673
1,1859,0,420.5,240640,45.0,5.174370765686035,0.0066985064,-23.172256205016748,-0.10844261459715199,3752,0.037841796875,0.0001,0.2,13.198516054078937,0.5683488845825195,-0.007762807628751034
1,2095,0,393.0,241152,45.0,4.374364852905273,0.0051460126,-22.695455083891282,-0.12083050815272145,3760,0.025634765625,0.0001,0.2,16.738476417958736,0.6365588307380676,-0.00805731246509822
1,1790,0,412.5,241664,45.0,1.4952317476272583,0.008610841,-23.177418588909788,-0.06049657198309433,3768,0.0244140625,0.0001,0.2,7.521740154363215,-0.22288906574249268,-0.00786398428317625
1,1493,0,388.0,242176,45.0,3.0807907581329346,0.009506392,-23.242323193051853,-0.1237763854151126,3776,0.03369140625,0.0001,0.2,14.286278650164604,0.37169110774993896,-0.005594953108811751
1,1827,0,407.0,242688,45.0,3.191709518432617,0.008147085,-23.003281625134406,-0.09390404728765134,3784,0.038818359375,0.0001,0.2,8.027151593007147,0.38929861783981323,-0.010477316252945457
1,1980,0,406.0,243200,45.0,3.025557279586792,0.008317878,-22.478983927273656,-0.11221698134613689,3792,0.0419921875,0.0001,0.2,6.74822152685374,0.21894866228103638,-0.013706828773138113
1,2003,0,427.5,243712,45.0,1.7185397148132324,0.012783546,-22.264388950970023,-0.09034567733033327,3800,0.041748046875,0.0001,0.2,4.694651045836508,-0.16211342811584473,-0.01111487633897923
1,1765,0,592.0,244224,45.0,4.5103302001953125,0.006418475,-22.69745207583532,-0.11955947133537848,3808,0.043212890625,0.0001,0.2,12.283383900299668,0.2736932039260864,-0.013887626773794182
1,1473,0,661.0,244736,45.0,6.406618118286133,0.0029557915,-21.84524048605119,-0.10954299695731606,3816,0.03173828125,0.0001,0.2,10.674560815095901,0.46605658531188965,-0.01017333340132609
1,1898,0,692.5,245248,45.0,3.8549137115478516,0.0078734,-22.321107785786737,-0.14149979065405205,3824,0.046630859375,0.0001,0.2,9.64108637906611,0.30853092670440674,-0.011461365134891821
1,1804,0,714.0,245760,45.0,2.579498052597046,0.0076483935,-22.370404469525674,-0.06710664630190877,3832,0.02197265625,0.0001,0.2,6.494552720338106,0.4018082022666931,-0.006479626143118367
1,1844,0,705.0,246272,45.0,3.2202556133270264,0.002866651,-22.088634978788903,-0.10085986960621085,3840,0.026123046875,0.0001,0.2,9.422254864126444,0.46583789587020874,-0.012540155199531
1,2082,0,694.5,246784,45.0,0.9587262272834778,0.008473588,-22.377595572962893,-0.09580114023992792,3848,0.0517578125,0.0001,0.2,8.747408485040069,0.5398846566677094,-0.0129296047562093
1,1401,0,712.5,247296,45.0,1.9012516736984253,0.0070145465,-22.244742883990984,-0.07097114331190824,3856,0.035888671875,0.0001,0.2,7.454938413575292,0.4148109555244446,-0.010296384265529923
1,2197,0,657.5,247808,45.0,4.118651866912842,0.007357473,-21.89529566622572,-0.08140752996405354,3864,0.031982421875,0.0001,0.2,7.097601522691548,0.08617478609085083,-0.008706563101441134
1,2258,0,593.5,248320,45.0,0.2163156419992447,0.0046308814,-21.8243209928181,-0.0403414910824722,3872,0.018310546875,0.0001,0.2,3.9185657429043204,0.12019085884094238,-0.005929867471422767
1,2022,0,440.5,248832,45.0,0.8239172697067261,0.003607809,-22.079703007080823,-0.0524415627351118,3880,0.020751953125,0.0001,0.2,5.448739351239055,0.26146644353866577,-0.012373702626064187
1,2057,0,395.5,249344,45.0,1.632865071296692,0.0046702046,-22.840542678331257,-0.06506402007107681,3888,0.021728515625,0.0001,0.2,5.869499905966222,0.16722100973129272,-0.006478285682533169
1,1944,0,422.5,249856,45.0,5.160229682922363,0.005253592,-23.074968780502676,-0.05235869957868999,3896,0.015869140625,0.0001,0.2,9.092070962302387,0.21656256914138794,-0.0032682707387721166
1,2047,0,367.0,250368,45.0,7.416182041168213,0.0021128694,-23.225265128242317,-0.07162210747264908,3904,0.02294921875,0.0001,0.2,14.954546678811312,0.22937703132629395,-0.007363492521108128
1,2041,0,318.5,250880,45.0,2.6845216751098633,0.006682216,-24.06922088187421,-0.06316788606818591,3912,0.025390625,0.0001,0.2,11.32814246788621,0.3833799362182617,-0.009863651583145838
1,1905,0,326.0,251392,45.0,3.6836729049682617,0.0020115739,-24.61728809637716,-0.07319334084604634,3920,0.017578125,0.0001,0.2,13.155448745936155,0.4678521156311035,-0.006818138444941724
1,2051,0,327.5,251904,45.0,6.172169208526611,0.00410255,-25.032605468567926,-0.0716346912777226,3928,0.025390625,0.0001,0.2,16.263755653053522,0.47592097520828247,-0.008545180469809566
1,2259,0,305.0,252416,45.0,8.320038795471191,0.00666108,-25.38175739597762,-0.06280099562354735,3936,0.024658203125,0.0001,0.2,16.120863042771816,0.49372851848602295,-0.00857309328057454
1,1384,0,374.0,252928,45.0,1.168550968170166,0.014379049,-26.127986637748545,-0.049847139467601664,3944,0.027099609375,0.0001,0.2,10.842364195268601,0.19546693563461304,-0.007364899596723262
1,1789,0,393.5,253440,45.0,5.961240291595459,0.0059157116,-25.63509564283071,-0.1344016895745881,3952,0.0380859375,0.0001,0.2,12.149706134572625,0.4391801357269287,-0.011805313661170658
1,1537,0,425.5,253952,45.0,11.600144386291504,0.013593774,-25.946390435833017,-0.12834290946193505,3960,0.06787109375,0.0001,0.2,18.68750934302807,-0.38107216358184814,-0.022317832939734217
1,1637,0,450.0,254464,45.0,1.6635087728500366,0.011068143,-25.608038224066842,-0.08417171575274551,3968,0.04052734375,0.0001,0.2,5.942143076099455,0.008512496948242188,-0.01073647461089422
1,1868,0,525.5,254976,45.0,4.313754081726074,0.01586091,-25.54571894109482,-0.1499216796073597,3976,0.0673828125,0.0001,0.2,9.58154078386724,0.33280009031295776,-0.011366596365405712
1,1896,0,586.5,255488,45.0,2.637019157409668,0.011010292,-25.130333468432074,-0.10982551112829242,3984,0.046142578125,0.0001,0.2,6.881570314988494,0.3451051115989685,-0.015867772242927458
1,1840,0,591.0,256000,45.0,1.5403239727020264,0.013909362,-23.95980982359033,-0.08362683598534204,3992,0.037109375,0.0001,0.2,5.835143692791462,0.08944737911224365,-0.009386809928400908
1,2191,0,545.5,256512,45.0,5.137336254119873,0.004379303,-23.72951206568163,-0.072968871507328,4000,0.01904296875,0.0001,0.2,7.74988579750061,0.5144056081771851,-0.005828578861837741
1,1509,0,668.0,257024,45.0,1.8593738079071045,0.022902705,-22.94928225018724,-0.0771232941551716,4008,0.0390625,0.0001,0.2,5.4493169486522675,0.1717318892478943,-0.010440784280945081
1,1602,0,730.5,257536,45.0,1.6250722408294678,0.010153538,-23.270312779999223,-0.15936716692522168,4016,0.059326171875,0.0001,0.2,7.89471286162734,0.3259474039077759,-0.01435604481230257
1,2005,0,760.0,258048,45.0,5.315850734710693,0.013577435,-23.07206763555296,-0.13017025707813445,4024,0.05224609375,0.0001,0.2,10.51925814151764,0.1635739803314209,-0.012006616554572247
1,1964,0,794.0,258560,45.0,1.0590767860412598,0.01493689,-21.752955640461295,-0.09291819999634754,4032,0.045654296875,0.0001,0.2,5.184495368972421,0.5046222805976868,-0.005534387564694043
1,1401,0,791.0,259072,45.0,3.1164777278900146,0.004700395,-20.929918675719527,-0.05540864263457479,4040,0.02001953125,0.0001,0.2,7.065161289647222,0.5405462682247162,-0.005736651455663377
1,1895,0,790.0,259584,45.0,2.7557015419006348,0.010885732,-20.452340185754,-0.10823522711871192,4048,0.039794921875,0.0001,0.2,8.178379342891276,0.22123253345489502,-0.008957194302638527
1,1909,0,747.5,260096,45.0,1.3348742723464966,0.014883139,-20.300403939906975,-0.0929073183942819,4056,0.03857421875,0.0001,0.2,4.711174291558564,0.15724700689315796,-0.005917186907026917
1,1637,0,800.0,260608,45.0,0.5927993059158325,0.0039874273,-19.758905263643246,-0.08043458810425363,4064,0.033203125,0.0001,0.2,3.119768370874226,0.21276193857192993,-0.0067027936456725
1,1688,0,903.0,261120,45.0,7.427730560302734,0.0146830045,-20.279503859670367,-0.11023349859169684,4072,0.049560546875,0.0001,0.2,13.60780899040401,0.24228394031524658,-0.01244013255200116
1,2147,0,853.0,261632,45.0,1.1964643001556396,0.007906073,-19.79527924066002,-0.08516548150510062,4080,0.0302734375,0.0001,0.2,5.3951217364519835,-0.03693127632141113,-0.008135476906318218
1,2065,0,786.5,262144,45.0,0.4683332145214081,0.0012311128,-18.46629342899716,-0.030162752956130134,4088,0.00634765625,0.0001,0.2,4.663413172354922,0.22030621767044067,-0.0037171437179495115
1,2141,0,742.0,262656,45.0,2.2231812477111816,0.010335958,-18.76989256649511,-0.05491823691772879,4096,0.035888671875,0.0001,0.2,5.091239478439093,0.26301121711730957,-0.010303694289177656
1,2038,0,667.0,263168,45.0,1.8434962034225464,0.004045979,-18.96519713287242,-0.046720051224838244,4104,0.0205078125,0.0001,0.2,6.535676785744727,0.18251585960388184,-0.00433665399759775
1,1826,0,691.5,263680,45.0,2.002882957458496,0.0065711206,-19.2525966712879,-0.05986212724383222,4112,0.0244140625,0.0001,0.2,7.043093574233353,0.3562336564064026,-0.007821007253369316
1,1955,0,677.0,264192,45.0,2.3993122577667236,0.005211713,-18.95151051041903,-0.06071078802415286,4120,0.032470703125,0.0001,0.2,5.695123163051903,0.33383816480636597,-0.010329692464438267
1,2016,0,704.5,264704,45.0,1.0851027965545654,0.0033327378,-19.75958635015646,-0.0820306070818333,4128,0.031005859375,0.0001,0.2,7.556520448997617,0.1484365463256836,-0.010226066504401388
1,2041,0,570.0,265216,45.0,3.7080914974212646,0.0031923298,-19.79459248609608,-0.06367285011219792,4136,0.024169921875,0.0001,0.2,12.281961482018232,0.4293546676635742,-0.007300944365852047
1,2208,0,511.0,265728,45.0,3.7084031105041504,0.0054281177,-20.87485817419132,-0.08536381214798894,4144,0.037109375,0.0001,0.2,9.185259466990829,0.009858250617980957,-0.00935819954611361
1,1744,0,565.0,266240,45.0,2.049207925796509,0.0076920716,-22.441471048642416,-0.040513325343908946,4152,0.0146484375,0.0001,0.2,6.706197245046496,0.34605008363723755,-0.0043949488463113084
1,1779,0,631.5,266752,45.0,5.389438629150391,0.0034431205,-23.001437067587393,-0.08235230107675306,4160,0.025390625,0.0001,0.2,8.996856436133385,0.3369908332824707,-0.006485354751930572
1,1907,0,662.5,267264,45.0,1.1626520156860352,0.012494741,-23.061996907915454,-0.10946392401092453,4168,0.037353515625,0.0001,0.2,7.509859336540103,0.4163717031478882,-0.007138635395676829
1,1893,0,708.5,267776,45.0,2.1360926628112793,0.017433565,-23.063589133371135,-0.0662879765877733,4176,0.03564453125,0.0001,0.2,8.481564309448004,0.41059374809265137,-0.011052853373257676
1,1768,0,739.0,268288,45.0,3.7016870975494385,0.0057890257,-23.592867140388115,-0.08272348849277478,4184,0.03271484375,0.0001,0.2,9.754714719951153,0.3301931619644165,-0.010264280979754403
1,1686,0,731.5,268800,45.0,1.4234508275985718,0.007514737,-23.902337206881494,-0.0715366727381479,4192,0.037841796875,0.0001,0.2,7.171426022425294,0.4949859380722046,-0.010423257161164656
1,1650,0,849.0,269312,45.0,1.4918217658996582,0.007346472,-23.976757548381574,-0.10829476054641418,4200,0.0419921875,0.0001,0.2,5.927948672324419,0.4339437484741211,-0.012619161454495043
1,1925,0,850.5,269824,45.0,0.8331440091133118,0.011045865,-23.242634384720585,-0.11864065079134889,4208,0.04443359375,0.0001,0.2,5.968888765200973,0.616704672574997,-0.007373308937530965
1,1898,0,830.5,270336,45.0,1.6406468152999878,0.018943582,-22.947271508902777,-0.08364922244800255,4216,0.045654296875,0.0001,0.2,4.91376699320972,0.2186192274093628,-0.013129633065545931
1,1964,0,741.5,270848,45.0,1.0175628662109375,0.016064927,-21.803502748149914,-0.06560591680317884,4224,0.032958984375,0.0001,0.2,4.712870710529387,0.1375083327293396,-0.01056639865055331
1,1997,0,713.0,271360,45.0,2.0182414054870605,0.009654881,-21.643376568050588,-0.0943276851758128,4232,0.046875,0.0001,0.2,4.376627217978239,0.248820960521698,-0.010794453854032326
1,1827,0,690.0,271872,45.0,1.5401933193206787,0.01640014,-21.093392430755774,-0.09765582837280817,4240,0.048828125,0.0001,0.2,3.7440639506094158,-0.010695934295654297,-0.008178194359061308
1,1996,0,653.0,272384,45.0,0.8661128282546997,0.01477444,-20.709309829196428,-0.12520328172831796,4248,0.052978515625,0.0001,0.2,4.768285105936229,0.4573217034339905,-0.014403188724827487
1,1641,0,686.5,272896,45.0,1.1486107110977173,0.0067025265,-19.704186966766137,-0.09290947077533929,4256,0.037109375,0.0001,0.2,5.591159343719482,0.4984028935432434,-0.01537629209633451
1,1841,0,633.5,273408,45.0,2.526463508605957,0.011495756,-18.671281848174985,-0.1613394024898298,4264,0.053955078125,0.0001,0.2,6.678455078974366,0.36675208806991577,-0.014610024751164019
1,1678,0,669.0,273920,45.0,0.4854602515697479,0.006905908,-18.19294039434055,-0.09503896909154719,4272,0.0400390625,0.0001,0.2,4.781636729137972,0.17623722553253174,-0.010855948225071188
1,1844,0,768.5,274432,45.0,1.0544612407684326,0.009177536,-17.554711553968954,-0.13738843239843845,4280,0.046142578125,0.0001,0.2,4.857871404848993,0.25943464040756226,-0.009998664996601292
1,1288,0,892.0,274944,45.0,1.2104395627975464,0.009616518,-16.10184235235909,-0.10281633434351534,4288,0.03857421875,0.0001,0.2,4.542945455294102,0.38841867446899414,-0.013337503201910295
1,1347,0,1027.0,275456,45.0,1.790054440498352,0.0043235575,-15.288043513356243,-0.09418054928391939,4296,0.02783203125,0.0001,0.2,4.200422090478241,0.5801781117916107,-0.005942844371020328
1,1642,0,1071.5,275968,45.0,1.206216812133789,0.011860332,-14.265818801636343,-0.07383297196429339,4304,0.04443359375,0.0001,0.2,2.8986467563081533,0.7155210971832275,-0.012427998368366389
1,1841,0,1157.5,276480,45.0,0.6820147037506104,0.012523691,-14.240088313722516,-0.09798724002030212,4312,0.051513671875,0.0001,0.2,3.1051889662630856,0.5762609541416168,-0.010256899200612679
1,1522,0,1226.0,276992,45.0,2.5492539405822754,0.0063318904,-14.486558485480492,-0.10374155767203774,4320,0.03369140625,0.0001,0.2,6.780502811074257,0.2231493592262268,-0.011616736228461377
1,1884,0,1205.5,277504,45.0,1.6043356657028198,0.0038279518,-14.398971690193285,-0.13281541038304567,4328,0.039306640625,0.0001,0.2,5.791856590658426,0.3536399006843567,-0.013095433489070274
1,1945,0,1156.5,278016,45.0,1.179221749305725,0.017020162,-15.219080238237511,-0.11582347340299748,4336,0.060302734375,0.0001,0.2,2.32050658413209,0.012565433979034424,-0.013242187691503204
1,1708,0,1127.0,278528,45.0,0.2237728238105774,0.010348786,-16.07730529140914,-0.07737669239577372,4344,0.04833984375,0.0001,0.2,3.7233586637303233,0.2022373080253601,-0.013747431607043836
1,1777,0,1098.5,279040,45.0,3.043968677520752,0.004003534,-16.643669263189658,-0.1046033192469622,4352,0.02880859375,0.0001,0.2,8.373554531484842,-0.1472008228302002,-0.008913284833397483
1,1788,0,968.0,279552,45.0,2.4624593257904053,0.008735008,-17.083331662239505,-0.12799290590919554,4360,0.064697265625,0.0001,0.2,7.008010134100914,0.3341134190559387,-0.01501739619197906
1,1403,0,974.0,280064,45.0,0.5788148641586304,0.0051143914,-17.467963145799004,-0.07882361341762589,4368,0.02880859375,0.0001,0.2,4.9598484402522445,0.2394130825996399,-0.00842674260638887
1,1700,0,948.0,280576,45.0,0.6450932621955872,0.0060478128,-17.292458884706722,-0.09063845599303022,4376,0.024169921875,0.0001,0.2,3.7807172629982233,0.2753713130950928,-0.007804041655617766
1,1764,0,977.0,281088,45.0,1.2493404150009155,0.009879816,-16.78985424059676,-0.1062146113399649,4384,0.052490234375,0.0001,0.2,4.959153174422681,0.4673978090286255,-0.010593307502858806
1,1885,0,937.0,281600,45.0,1.0812232494354248,0.0039678775,-15.823946185384411,-0.09180975738854613,4392,0.02490234375,0.0001,0.2,4.387861909344792,0.5931085050106049,-0.008599283544754144
1,1670,0,1097.0,282112,45.0,0.1953730434179306,0.02334344,-14.960299056235236,-0.06804697178449715,4400,0.037841796875,0.0001,0.2,2.2360011553391814,0.39770787954330444,-0.012234503337822389
1,1433,0,1110.5,282624,45.0,1.71807062625885,0.019491106,-13.222334436990787,-0.1039464895875426,4408,0.06689453125,0.0001,0.2,5.684451051987708,0.188626229763031,-0.016552129316551145
1,1772,0,1149.5,283136,45.0,2.2618112564086914,0.010998856,-11.245691250024828,-0.08383050478005316,4416,0.053466796875,0.0001,0.2,4.777837837580591,0.46264010667800903,-0.017894351120048668
1,1913,0,1190.0,283648,45.0,0.9705203771591187,0.009993022,-9.8893537991005,-0.0873895196855301,4424,0.037109375,0.0001,0.2,6.3690591817721725,0.45166611671447754,-0.008262323219241807
1,1697,0,1298.0,284160,45.0,0.46481284499168396,0.005504974,-8.805961763912347,-0.06114298864849843,4432,0.029296875,0.0001,0.2,2.4727284144610167,0.43573737144470215,-0.011195807128387969
1,1929,0,1205.0,284672,45.0,4.0473856925964355,0.011758478,-7.570969329478685,-0.09946305259654764,4440,0.04736328125,0.0001,0.2,4.576046673581004,0.39458227157592773,-0.008274696223452338
1,1676,0,1171.0,285184,45.0,1.225890040397644,0.005906965,-7.137915728404186,-0.07812471822398948,4448,0.0302734375,0.0001,0.2,3.0065596480853856,0.36199629306793213,-0.008538988746295217
1,1773,0,1179.5,285696,45.0,3.035245180130005,0.0063095824,-6.105857544597239,-0.09470519863680238,4456,0.032958984375,0.0001,0.2,3.9053506962955,0.5281018912792206,-0.009960895375115797
1,1759,0,1126.5,286208,45.0,0.9356799721717834,0.009111349,-5.552105781901628,-0.0476049706194317,4464,0.015380859375,0.0001,0.2,2.604210590943694,0.21855849027633667,-0.008029842829273548
1,1612,0,1067.5,286720,45.0,2.7431113719940186,0.009922185,-5.707044676796068,-0.059786114892631304,4472,0.029052734375,0.0001,0.2,4.202365969307721,0.263258695602417,-0.008737662945350166
1,1650,0,1084.0,287232,45.0,1.795758605003357,0.016052336,-5.628999215993099,-0.06360731182212476,4480,0.039794921875,0.0001,0.2,2.7152057744096965,0.3744046092033386,-0.008214130990381818
1,1973,0,1068.0,287744,45.0,0.3904312252998352,0.007041746,-5.765843309496995,-0.050035336265864316,4488,0.021484375,0.0001,0.2,1.5787686454714276,0.6321063935756683,-0.009194476537231822
1,1793,0,1057.0,288256,45.0,0.6411022543907166,0.003659886,-6.328523007102777,-0.04790656556724571,4496,0.01806640625,0.0001,0.2,3.798653625883162,0.49104416370391846,-0.005344381042959867
1,2303,0,947.0,288768,45.0,0.5224732160568237,0.009840023,-6.636096696937456,-0.07784091748908395,4504,0.048828125,0.0001,0.2,1.9979150898288935,0.3879798650741577,-0.01436490941705415
1,1736,0,1063.0,289280,45.0,0.08213287591934204,0.01029005,-7.401764616523869,-0.032376549708715174,4512,0.013671875,0.0001,0.2,0.8455202212207951,0.6111408770084381,0.0008299253968289122
1,1470,0,1078.5,289792,45.0,0.8251327872276306,0.006724497,-7.775063216346316,-0.07333648490021005,4520,0.036376953125,0.0001,0.2,3.9495509266853333,0.12433278560638428,-0.007326304985326715
1,1711,0,1057.5,290304,45.0,0.8565447926521301,0.010288607,-8.433690728656948,-0.0758986282889964,4528,0.04345703125,0.0001,0.2,3.374577849637717,0.41608119010925293,-0.00922724764677696
1,1718,0,1104.5,290816,45.0,0.7870874404907227,0.0054336605,-9.297234817680437,-0.0825020410848083,4536,0.033203125,0.0001,0.2,3.818025224842131,0.09672307968139648,-0.010135858046851354
1,1469,0,1097.0,291328,45.0,0.5944516062736511,0.012558306,-9.698638812435092,-0.11700857192045078,4544,0.049072265625,0.0001,0.2,2.506811839295551,0.45904266834259033,-0.01400369173643412
1,1709,0,1126.5,291840,45.0,0.7736499905586243,0.0081044,-10.221535826047184,-0.09054009897226933,4552,0.035888671875,0.0001,0.2,2.067647706484422,0.4023657441139221,-0.008184158301446587
1,1892,0,1133.0,292352,45.0,0.7855679988861084,0.007881333,-10.674772370263236,-0.06479474958177889,4560,0.041748046875,0.0001,0.2,1.906817387090996,0.631361573934555,-0.00825074927706737
1,1671,0,1207.5,292864,45.0,0.9517498016357422,0.004152015,-10.882253419916378,-0.05528598758246517,4568,0.02734375,0.0001,0.2,1.8346929140388966,0.34989863634109497,-0.008451271511148661
1,1645,0,1324.0,293376,45.0,2.5676429271698,0.0075244815,-11.039622295437148,-0.07998549251351506,4576,0.038818359375,0.0001,0.2,3.4566117469221354,0.396203875541687,-0.007966198008944048
1,1964,0,1313.5,293888,45.0,0.7685801386833191,0.011923768,-10.565554429794428,-0.0712101562821772,4584,0.040283203125,0.0001,0.2,2.008716143667698,0.7027898132801056,-0.010448229040775914
1,1827,0,1366.0,294400,45.0,0.32593169808387756,0.006760079,-10.611438525182894,-0.0769568689429434,4592,0.025634765625,0.0001,0.2,2.133238328387961,0.3249052166938782,-0.010635798927978612
1,1249,0,1402.0,294912,45.0,0.7781695127487183,0.04683546,-10.37955939349602,-0.14319808190339245,4600,0.07763671875,0.0001,0.2,2.2159816704224795,0.3745540976524353,-0.012658843043027446
1,1869,0,1328.0,295424,45.0,1.9069077968597412,0.04183761,-9.907786880241474,-0.34493765607476234,4608,0.203857421875,0.0001,0.2,2.0934555465355515,0.5879437327384949,-0.009887906933727209
1,1659,0,1369.5,295936,45.0,1.5220738649368286,0.02698812,-10.18123054599855,-0.41751076513901353,4616,0.10400390625,0.0001,0.2,6.90009031817317,-0.0652228593826294,-0.021213388856267557
1,1736,0,1399.0,296448,45.0,1.211431622505188,0.013257712,-10.100454948870466,-0.3081481229746714,4624,0.0537109375,0.0001,0.2,3.9851371413096786,-1.1094770431518555,-0.008649235678603873
1,1721,0,1389.0,296960,45.0,1.1894426345825195,0.015523771,-10.61253846487729,-0.3432499805931002,4632,0.115234375,0.0001,0.2,3.175856413319707,0.11263936758041382,-0.01072986908184248
1,1762,0,1296.0,297472,45.0,0.6954071521759033,0.008315614,-10.6772460283502,-0.3529208372347057,4640,0.05859375,0.0001,0.2,3.189860129263252,0.11634910106658936,-0.008197037568606902
1,1917,0,1265.5,297984,45.0,1.9737718105316162,0.014470198,-11.710958613946568,-0.3662411686964333,4648,0.05419921875,0.0001,0.2,5.332333248108625,0.44628727436065674,-0.007876702984503936
1,1696,0,1208.5,298496,45.0,1.165570855140686,0.014803372,-12.86346142640803,-0.3822088458109647,4656,0.09814453125,0.0001,0.2,4.611924544908106,0.42964887619018555,-0.004692207294283435
1,1769,0,1226.0,299008,45.0,2.641080617904663,0.0063918643,-13.866005165625829,-0.3245954044396058,4664,0.043212890625,0.0001,0.2,8.536631766706705,0.4832667112350464,-0.004169376024947269
1,1328,0,1237.0,299520,45.0,2.6308231353759766,0.011983458,-15.052900650610681,-0.32547707005869597,4672,0.1142578125,0.0001,0.2,5.747740903869271,0.5128816366195679,-0.008462929843517486
1,1757,0,1306.0,300032,45.0,2.117858648300171,0.011149012,-16.361787920126226,-0.3193185447016731,4680,0.08251953125,0.0001,0.2,6.3403192684054375,0.6782978773117065,-0.006679448320937809
1,1563,0,1315.5,300544,45.0,2.5393247604370117,0.0013378296,-17.111499568866567,-0.3353832922875881,4688,0.010498046875,0.0001,0.2,9.158733580261469,0.6465522944927216,-0.0027718710734916385
1,1892,0,1245.5,301056,45.0,4.653759002685547,0.015263794,-18.11619037319906,-0.26986896828748286,4696,0.072265625,0.0001,0.2,10.144252598285675,0.5976113677024841,-0.012559506423713174
1,1780,0,1305.0,301568,45.0,4.02628231048584,0.008852907,-19.528802935513667,-0.36270990525372326,4704,0.05859375,0.0001,0.2,14.362183786928654,0.5787934958934784,-0.0057205875345971435
1,1864,0,1276.0,302080,45.0,2.5356855392456055,0.0058929184,-20.659832584206015,-0.3534336604643613,4712,0.0185546875,0.0001,0.2,9.340273348614573,0.6494344174861908,-0.0024401986520388164
1,1825,0,1357.0,302592,45.0,3.8159074783325195,0.014491367,-22.04625384560786,-0.379429031861946,4720,0.06494140625,0.0001,0.2,8.194124441593885,0.7069422900676727,-0.01298383585526608
1,1696,0,1349.5,303104,45.0,1.1519654989242554,0.007995877,-22.77030821973458,-0.30983971641398966,4728,0.04638671875,0.0001,0.2,5.676137810572982,0.7375456094741821,-0.008351301326911198
1,1410,0,1344.0,303616,45.0,2.583192825317383,0.009609818,-23.313412480363624,-0.2707363098161295,4736,0.028076171875,0.0001,0.2,8.112902172841132,0.7031984627246857,-0.0077847794236731716
1,1229,0,1330.0,304128,45.0,3.45186448097229,0.004991554,-23.12152955434285,-0.29469352134037763,4744,0.027587890625,0.0001,0.2,7.60030865855515,0.7450544834136963,-0.0037024039702373557
1,1652,0,1348.0,304640,45.0,1.9549134969711304,0.004273926,-22.970598526569084,-0.22897531429771334,4752,0.029052734375,0.0001,0.2,5.510715149343014,0.7996026575565338,-0.005702194168407004
1,1621,0,1327.5,305152,45.0,1.1091452836990356,0.016843598,-22.76250478124246,-0.21154039353132248,4760,0.026611328125,0.0001,0.2,3.68898562528193,0.8203376084566116,-0.00541549102490535
1,1616,0,1411.0,305664,45.0,0.8768365383148193,0.0099374,-22.17460997526534,-0.23264092422323301,4768,0.033203125,0.0001,0.2,5.726251058280468,0.7785260081291199,-0.00816171529731946
1,1794,0,1402.0,306176,45.0,0.9464053511619568,0.011782476,-20.721276506278663,-0.22749810200184584,4776,0.023193359375,0.0001,0.2,7.163443295285106,0.7600601613521576,-0.00593197005946422
1,1783,0,1384.5,306688,45.0,2.0967609882354736,0.00721407,-19.849276199257,-0.22580193099565804,4784,0.022705078125,0.0001,0.2,6.969109166413546,0.6707063615322113,-0.0037637917048414238
1,1655,0,1283.0,307200,45.0,2.438502311706543,0.007342091,-19.026053165309133,-0.18505651189479977,4792,0.016845703125,0.0001,0.2,6.618327820673585,0.7887641042470932,-0.003977647384090233
1,1579,0,1335.0,307712,45.0,4.356084823608398,0.03560236,-18.876900462899357,-0.251596845802851,4800,0.0791015625,0.0001,0.2,9.33207424543798,0.644892007112503,-0.00815464451443404
1,1748,0,1262.0,308224,45.0,3.6952602863311768,0.014474569,-18.15090613511391,-0.27854045026469976,4808,0.068115234375,0.0001,0.2,7.702347948215902,0.7349710166454315,-0.011268474772805348
1,1600,0,1265.5,308736,45.0,1.5958162546157837,0.024169648,-18.656851542918012,-0.28899122844450176,4816,0.031005859375,0.0001,0.2,8.710361905395985,0.7808686345815659,-0.006196300906594843
1,1628,0,1277.0,309248,45.0,1.2248787879943848,0.029351752,-18.258342617163436,-0.20363038423238322,4824,0.08349609375,0.0001,0.2,5.728251160122454,0.8075223416090012,-0.011578058249142487
1,1603,0,1321.5,309760,45.0,1.1142456531524658,0.010704232,-17.776356565076856,-0.1659368632826954,4832,0.04052734375,0.0001,0.2,3.7993861259892583,0.832015261054039,-0.007950944058393361
1,1479,0,1229.5,310272,45.0,1.1836705207824707,0.0048865853,-17.634942358974367,-0.1419717268727254,4840,0.03955078125,0.0001,0.2,3.1325999908149242,0.893534705042839,-0.008665548852150096
1,1564,0,1308.0,310784,45.0,1.6933621168136597,0.016449833,-18.64526825705543,-0.22202840039972216,4848,0.04736328125,0.0001,0.2,7.172576198354363,0.5922904312610626,-0.009298103381297551
1,1559,0,1299.0,311296,45.0,1.5475963354110718,0.0053318823,-18.24147527044639,-0.15289569838205352,4856,0.04443359375,0.0001,0.2,4.176458806730807,0.7499289810657501,-0.007451696012140019
1,1437,0,1392.5,311808,45.0,2.293489456176758,0.012870729,-18.969229975640772,-0.18187040241900831,4864,0.055419921875,0.0001,0.2,5.781331547535956,0.7040311694145203,-0.010989449605403934
1,1295,0,1358.5,312320,45.0,2.2149667739868164,0.009105682,-18.846760721523314,-0.11360167412203737,4872,0.038330078125,0.0001,0.2,5.637125254608691,0.7765809297561646,-0.009594687442586292
1,1667,0,1433.0,312832,45.0,1.412389874458313,0.01675605,-19.52599144399166,-0.15313073893776163,4880,0.04638671875,0.0001,0.2,4.444094960577786,0.7582891881465912,-0.009375667847052682
1,1622,0,1404.5,313344,45.0,0.9298323392868042,0.010571562,-19.634498844221234,-0.17035299661802128,4888,0.046142578125,0.0001,0.2,3.658453905954957,0.8371575623750687,-0.008235240275098477
1,1762,0,1332.0,313856,45.0,1.0724611282348633,0.008609738,-20.863206402640788,-0.1573390433914028,4896,0.03173828125,0.0001,0.2,4.610753819346428,0.8019331842660904,-0.005564853679970838
1,1698,0,1351.5,314368,45.0,1.828079342842102,0.010432615,-22.800194921139628,-0.14750618522521108,4904,0.0390625,0.0001,0.2,6.819337064865977,0.6371555626392365,-0.012212390669446904
1,1791,0,1389.5,314880,45.0,1.0121463537216187,0.008741876,-24.375667103957383,-0.15308536612428725,4912,0.052490234375,0.0001,0.2,2.9707371979020536,0.8004155308008194,-0.01005274248382193
1,1663,0,1436.5,315392,45.0,2.1919384002685547,0.004562345,-25.40005660461262,-0.14491706865374,4920,0.02587890625,0.0001,0.2,5.713326947763562,0.6659742593765259,-0.007031973625998944
1,1658,0,1500.0,315904,45.0,0.581904947757721,0.012697568,-26.654591473415493,-0.14335558988386765,4928,0.036865234375,0.0001,0.2,3.086666672024876,0.7785848379135132,-0.0049862271480378695
1,1871,0,1451.5,316416,45.0,2.4687273502349854,0.006993583,-28.03305450681597,-0.15370218973839656,4936,0.030517578125,0.0001,0.2,4.03092716820538,0.7786743938922882,-0.0043572472932282835
1,1703,0,1419.0,316928,45.0,1.7245534658432007,0.011919969,-30.20456341523677,-0.16403624071972445,4944,0.029052734375,0.0001,0.2,11.162307541817427,0.5258688628673553,-0.007225279512567795
1,1616,0,1383.5,317440,45.0,5.112581729888916,0.0032603247,-32.17380410948768,-0.17743267654441297,4952,0.017578125,0.0001,0.2,11.110530115664005,0.33394181728363037,-0.0057761382922763005
1,1731,0,1374.5,317952,45.0,1.3955782651901245,0.004062183,-33.514765009135004,-0.13696254504611716,4960,0.026123046875,0.0001,0.2,6.804823577404022,0.6196063160896301,-0.006426338153687539
1,1472,0,1398.5,318464,45.0,4.296433448791504,0.010097529,-34.045261976160106,-0.14596374455140904,4968,0.0283203125,0.0001,0.2,9.873890342190862,0.6847557127475739,-0.005219340440817177
1,1573,0,1421.5,318976,45.0,3.8648316860198975,0.012094085,-33.51847870972008,-0.1742578507401049,4976,0.0498046875,0.0001,0.2,9.551505420356989,0.7448095679283142,-0.00968953498522751
1,1854,0,1414.0,319488,45.0,4.302967071533203,0.0043109,-33.15464283216745,-0.218939260172192,4984,0.038818359375,0.0001,0.2,10.223235612735152,0.8101645410060883,-0.004818774359591771
1,1733,0,1317.0,320000,45.0,3.247803211212158,0.0057504363,-33.07707958474755,-0.2838955109473318,4992,0.02294921875,0.0001,0.2,9.285819189622998,0.8110913187265396,-0.005500271276105195
1,1529,0,1320.0,320512,45.0,4.921020984649658,0.0049322452,-33.21620296150446,-0.22855764848645777,5000,0.027099609375,0.0001,0.2,10.441204618662596,0.7148164808750153,-0.00966309344948968
1,1775,0,1332.5,321024,45.0,1.4425933361053467,0.016276445,-31.880750035941603,-0.19379466900136322,5008,0.049072265625,0.0001,0.2,5.3166957926005125,0.8081251829862595,-0.007335465823416598
1,1724,0,1353.5,321536,45.0,2.9071691036224365,0.025604604,-30.56167971752584,-0.302223646780476,5016,0.10205078125,0.0001,0.2,5.276663626078516,0.8054313361644745,-0.011461194015282672
1,1644,0,1369.5,322048,45.0,1.4307892322540283,0.0104725305,-28.71523898985237,-0.2868225732818246,5024,0.0595703125,0.0001,0.2,3.701455159112811,0.8268246054649353,-0.010006097676523495
1,1637,0,1423.5,322560,45.0,2.440525770187378,0.005078807,-27.278860571309924,-0.1989801855525002,5032,0.04443359375,0.0001,0.2,5.629690307192504,0.7742533683776855,-0.008593742051743902
1,1658,0,1360.5,323072,45.0,2.692812919616699,0.0054398007,-26.4554493207857,-0.23570727778133005,5040,0.0341796875,0.0001,0.2,6.417706154286861,0.7152126431465149,-0.00523835946660256
1,1534,0,1408.0,323584,45.0,2.6793136596679688,0.021224452,-26.029499265924095,-0.2820386718958616,5048,0.0625,0.0001,0.2,5.927089883945882,0.6658482253551483,-0.01346299681608798
1,1620,0,1452.0,324096,45.0,0.41049882769584656,0.013533665,-25.153385485596957,-0.2509921173332259,5056,0.0537109375,0.0001,0.2,3.206449895631522,0.8354056477546692,-0.00859998363739578
1,1553,0,1464.0,324608,45.0,2.12636137008667,0.017868105,-24.16148662570864,-0.27577800606377423,5064,0.120849609375,0.0001,0.2,3.454130021855235,0.7822278738021851,-0.006762190481822472
1,1834,0,1427.0,325120,45.0,0.6438822746276855,0.013534324,-23.629901020489633,-0.21793094713939354,5072,0.032470703125,0.0001,0.2,3.212675677612424,0.8083392083644867,-0.006496267240436282
1,1223,0,1474.5,325632,45.0,1.7006703615188599,0.009342149,-23.923407758921385,-0.2976140846731141,5080,0.032958984375,0.0001,0.2,4.33123430237174,0.7519221156835556,-0.00781576589361066
1,1623,0,1527.0,326144,45.0,1.7496702671051025,0.004400933,-23.697162247598172,-0.21320331236347556,5088,0.017578125,0.0001,0.2,3.602312784641981,0.7087414562702179,-0.003945423861296149
1,1685,0,1547.5,326656,45.0,0.8177024722099304,0.03744388,-23.958689637109636,-0.23213291366118938,5096,0.047607421875,0.0001,0.2,3.650070259347558,0.7119452357292175,-0.009160883488220861
1,1632,0,1586.0,327168,45.0,0.6264368891716003,0.01560596,-24.619637424722313,-0.2644958195160143,5104,0.111083984375,0.0001,0.2,2.298128001857549,0.8548443019390106,-0.004651664317862014
1,1647,0,1626.5,327680,45.0,1.2440285682678223,0.022118084,-24.71558873217553,-0.275995085015893,5112,0.097412109375,0.0001,0.2,3.829809163697064,0.8035669773817062,-0.007597850519232452
1,1614,0,1608.0,328192,45.0,0.5396319031715393,0.0062052477,-24.870807718522848,-0.29504019720479846,5120,0.041015625,0.0001,0.2,3.28543697996065,0.8013715595006943,-0.005450877451949054
1,1706,0,1568.0,328704,45.0,3.798882007598877,0.013023343,-25.259379103221,-0.2759402202209458,5128,0.04443359375,0.0001,0.2,8.158223796635866,0.7242365777492523,-0.006420051697205054
1,1603,0,1617.0,329216,45.0,1.0974969863891602,0.013959957,-25.126028343476356,-0.2997303018346429,5136,0.040771484375,0.0001,0.2,4.375889350660145,0.8012864887714386,-0.009392882220708998
1,1527,0,1623.0,329728,45.0,2.0321829319000244,0.009521309,-24.28331404827535,-0.2749680515844375,5144,0.1064453125,0.0001,0.2,3.483949963003397,0.8576646596193314,-0.007145320116251241
1,1446,0,1574.0,330240,45.0,0.9886970520019531,0.010506122,-23.036662610135973,-0.24627715558744967,5152,0.091064453125,0.0001,0.2,4.136557805351913,0.8340792953968048,-0.008606066978245508
1,1663,0,1584.5,330752,45.0,3.8645572662353516,0.009151964,-22.06065717291087,-0.35732801514677703,5160,0.048583984375,0.0001,0.2,5.7322723884135485,0.7964620143175125,-0.005528735331608914
1,1629,0,1608.0,331264,45.0,0.9776086807250977,0.010944658,-20.386964412815868,-0.2825299247633666,5168,0.04248046875,0.0001,0.2,3.274951608851552,0.8783254399895668,-0.004758212926390115
1,1472,0,1562.0,331776,45.0,1.0283257961273193,0.010148231,-19.080138835087418,-0.2540496541187167,5176,0.04345703125,0.0001,0.2,4.120159836485982,0.8227885663509369,-0.007013455578999128
1,1559,0,1581.5,332288,45.0,1.7318474054336548,0.016438037,-18.653331533186137,-0.2625126964994706,5184,0.06396484375,0.0001,0.2,5.190524259582162,0.7259182631969452,-0.009927871305990266
1,1638,0,1560.0,332800,45.0,0.9360992908477783,0.0140217375,-17.54876512899995,-0.24436981714097783,5192,0.065185546875,0.0001,0.2,3.158084142021835,0.7565535753965378,-0.006679623929812806
1,1215,0,1582.5,333312,45.0,1.0543769598007202,0.014250148,-16.94347586017102,-0.24179955443833023,5200,0.043212890625,0.0001,0.2,2.6032282635569572,0.8260929882526398,-0.0028140631038695574
1,1551,0,1611.5,333824,45.0,2.7770133018493652,0.007958964,-17.45141294363886,-0.2089069013018161,5208,0.0234375,0.0001,0.2,7.254993017762899,0.5767923593521118,-0.008018067201192025
1,1516,0,1626.0,334336,45.0,0.8767826557159424,0.010560231,-18.343720147423447,-0.2564857954857871,5216,0.093017578125,0.0001,0.2,2.3105275142006576,0.6946746706962585,-0.008253503401647322
1,1882,0,1643.5,334848,45.0,3.038658618927002,0.03627476,-19.68302751187235,-0.2249310500919819,5224,0.06787109375,0.0001,0.2,6.7425885470584035,0.4157158136367798,-0.015153148415265605
1,1725,0,1582.5,335360,45.0,0.49112793803215027,0.0071819634,-21.41062691040337,-0.26609225652646273,5232,0.029052734375,0.0001,0.2,3.6958593418821692,0.5146169662475586,-0.009292248891142663
1,1406,0,1557.0,335872,45.0,1.427517294883728,0.02702041,-22.876793615557254,-0.229886325832922,5240,0.048828125,0.0001,0.2,6.209781579207629,0.5457622110843658,-0.007236842167912982
1,1765,0,1531.0,336384,45.0,1.2482352256774902,0.0062728967,-24.53069266516715,-0.28993505518883467,5248,0.052490234375,0.0001,0.2,4.833074256777763,0.6778514087200165,-0.003990317381976638
1,1517,0,1490.5,336896,45.0,1.5875961780548096,0.014964804,-25.60430159818381,-0.3357359960209578,5256,0.084228515625,0.0001,0.2,6.129167483188212,0.26047223806381226,-0.009378205220855307
1,1762,0,1486.5,337408,45.0,1.361354112625122,0.008675789,-26.304672580584885,-0.27798282785806805,5264,0.0322265625,0.0001,0.2,3.364798375405371,0.7053105235099792,-0.007959711449075257
1,1165,0,1439.5,337920,45.0,0.8453753590583801,0.022055168,-26.80400511417538,-0.34426699683535844,5272,0.184814453125,0.0001,0.2,4.870991227217019,0.7753919661045074,-0.010301048518158495
1,1708,0,1408.0,338432,45.0,1.674798607826233,0.0057146647,-26.291691119857134,-0.3049160559894517,5280,0.099365234375,0.0001,0.2,6.05395903903991,0.7466196417808533,-0.004967629673046758
1,1704,0,1429.0,338944,45.0,1.310113787651062,0.013043276,-26.326436069011688,-0.3558604874415323,5288,0.081298828125,0.0001,0.2,5.093047451227903,0.7958120852708817,-0.005909440958930645
1,1498,0,1435.5,339456,45.0,4.084195137023926,0.013774985,-25.550644455216826,-0.3252665331820026,5296,0.12255859375,0.0001,0.2,5.60724386619404,0.7623331695795059,-0.009606263221940026
1,1762,0,1425.0,339968,45.0,1.1052576303482056,0.028196856,-24.196061518229545,-0.271003452478908,5304,0.059814453125,0.0001,0.2,4.670244660228491,0.7714240103960037,-0.008407498626183951
1,1611,0,1397.5,340480,45.0,1.197519302368164,0.06525126,-23.316816295534373,-0.27380917267873883,5312,0.10791015625,0.0001,0.2,4.996535861864686,0.6918082237243652,-0.01768395776161924
1,1657,0,1485.0,340992,45.0,1.9739785194396973,0.016423512,-21.906432971954345,-0.18924842204432935,5320,0.06396484375,0.0001,0.2,4.5386709198355675,0.6430537104606628,-0.010396239485999104
1,1617,0,1527.5,341504,45.0,1.119432806968689,0.012495083,-20.65284688282758,-0.14880950807128102,5328,0.049072265625,0.0001,0.2,4.260637518018484,0.6043607890605927,-0.008705817597729038
1,1243,0,1558.5,342016,45.0,3.6818578243255615,0.008339888,-20.461754838973285,-0.17827263794606552,5336,0.07568359375,0.0001,0.2,15.73964711651206,0.2945619821548462,-0.013702255520911422
1,1735,0,1603.5,342528,45.0,4.645723342895508,0.005912301,-20.085880530662834,-0.15040532406419516,5344,0.038330078125,0.0001,0.2,11.628959443420172,-0.08757996559143066,-0.009102634809096344
1,1626,0,1559.0,343040,45.0,2.9923763275146484,0.0067165876,-19.599235618524254,-0.16283671068958938,5352,0.049560546875,0.0001,0.2,13.047286465764046,0.07586228847503662,-0.0103228269435931
1,1743,0,1545.5,343552,45.0,5.760852813720703,0.009052884,-19.571265832856298,-0.19619839428924024,5360,0.05712890625,0.0001,0.2,16.064144171774387,0.4368465542793274,-0.013659995544003323
1,1667,0,1530.5,344064,45.0,3.5322303771972656,0.006712868,-19.105850042700766,-0.15405926073435694,5368,0.03173828125,0.0001,0.2,14.664347518235445,0.650501936674118,-0.007203878813015763
1,1836,0,1512.5,344576,45.0,5.104977607727051,0.007364546,-18.994847316779197,-0.16693492693593726,5376,0.045654296875,0.0001,0.2,14.400239508599043,0.346973717212677,-0.008838320365612162
1,1840,0,1503.5,345088,45.0,2.601515769958496,0.005114791,-17.72658459316939,-0.17166969907702878,5384,0.052490234375,0.0001,0.2,8.988429054617882,0.22957825660705566,-0.01185229128896026
1,1910,0,1446.5,345600,45.0,0.8617941737174988,0.014999678,-16.798538637459277,-0.15229536592960358,5392,0.0400390625,0.0001,0.2,5.378560462966561,0.14614272117614746,-0.007210367104562465
1,1967,0,1360.0,346112,45.0,1.0372973680496216,0.0053720665,-15.588494387492538,-0.1667003541951999,5400,0.0390625,0.0001,0.2,3.424912749789655,-0.6764531135559082,-0.0051310958006069995
1,1957,0,1262.5,346624,45.0,0.5186718702316284,0.012190292,-13.815840402953327,-0.1728018921567127,5408,0.047119140625,0.0001,0.2,1.7763293769676238,0.455234169960022,-0.007378626163699664
1,1357,0,1269.0,347136,45.0,0.8528345823287964,0.010765123,-12.381148690916598,-0.16181119566317648,5416,0.04248046875,0.0001,0.2,2.610629953444004,0.6321759819984436,-0.010714888572692871
1,1725,0,1298.0,347648,45.0,2.033306837081909,0.014424257,-11.258519784547389,-0.14792235876666382,5424,0.04345703125,0.0001,0.2,4.741537380963564,0.6508000791072845,-0.013576317385741277
1,1877,0,1207.0,348160,45.0,0.8719731569290161,0.004663355,-10.172444058693946,-0.147290644061286,5432,0.040771484375,0.0001,0.2,5.19557617790997,0.7033651173114777,-0.010194963062531315
1,1757,0,1254.0,348672,45.0,2.4886281490325928,0.0056285057,-9.334852206334471,-0.12770928550162353,5440,0.036865234375,0.0001,0.2,6.659225350245833,0.7858447432518005,-0.010082967452035518
1,1696,0,1225.0,349184,45.0,3.807246685028076,0.0048267148,-8.741497952714562,-0.15620937093626708,5448,0.0439453125,0.0001,0.2,7.89914492238313,0.6989229917526245,-0.011487613548524678
1,1703,0,1263.0,349696,45.0,3.7263309955596924,0.0060591395,-9.302267532274128,-0.1600051767891273,5456,0.03466796875,0.0001,0.2,6.139814614318311,0.6260995268821716,-0.007375311033683829
1,1519,0,1359.0,350208,45.0,1.4818425178527832,0.025239993,-9.979654722847044,-0.14438077923841774,5464,0.037841796875,0.0001,0.2,3.9988962854258716,0.5463871657848358,-0.008841612150717992
1,1729,0,1401.5,350720,45.0,1.3732033967971802,0.0059073195,-11.022324456945062,-0.13735157271730714,5472,0.027587890625,0.0001,0.2,5.652030839584768,0.23102480173110962,-0.006236445220565656
1,1774,0,1429.0,351232,45.0,1.0302019119262695,0.009781625,-12.37691377006471,-0.12958058121148497,5480,0.04541015625,0.0001,0.2,5.181009807623923,-0.23709940910339355,-0.014098392752202926
1,1724,0,1403.5,351744,45.0,1.1316090822219849,0.007021071,-13.308150285966695,-0.11592167633352801,5488,0.03955078125,0.0001,0.2,6.010799428448081,0.3194684386253357,-0.012738369568978669
1,1623,0,1403.0,352256,45.0,2.508265733718872,0.010551985,-14.102243729829787,-0.14026596753683407,5496,0.05322265625,0.0001,0.2,4.187366000376642,0.19619405269622803,-0.012510543383541517
1,1723,0,1457.5,352768,45.0,1.4416658878326416,0.011681362,-14.551660474501551,-0.13536663408740424,5504,0.047119140625,0.0001,0.2,5.897758130915463,0.24504142999649048,-0.010036941643193131
1,1796,0,1471.5,353280,45.0,1.1462631225585938,0.007635763,-14.615392992384733,-0.1505144378170371,5512,0.04736328125,0.0001,0.2,3.2447181325405836,0.32875972986221313,-0.010651616008544806
1,1728,0,1474.0,353792,45.0,0.9805210828781128,0.031549178,-14.06097942199558,-0.14367844158550724,5520,0.0556640625,0.0001,0.2,2.6157553270459175,-0.13689208030700684,-0.014312020761281019
1,1767,0,1420.0,354304,45.0,0.5116780996322632,0.01305556,-13.161988803707063,-0.2115469689015299,5528,0.055419921875,0.0001,0.2,2.4444099217653275,-0.5611183643341064,-0.00660246450570412
1,1882,0,1299.5,354816,45.0,0.6466899514198303,0.0102706,-12.166510001346468,-0.17598820955026895,5536,0.049072265625,0.0001,0.2,1.6396599588915706,0.47370320558547974,-0.011056018927774858
1,1791,0,1292.5,355328,45.0,0.10616075992584229,0.012003403,-10.642345100902022,-0.1606832286925055,5544,0.0517578125,0.0001,0.2,1.842274434166029,0.6731882095336914,-0.007646717640454881
1,1847,0,1315.0,355840,45.0,0.3105718195438385,0.015796572,-8.687327501438558,-0.14528934506233782,5552,0.046630859375,0.0001,0.2,1.5378345232456923,0.725805401802063,-0.013310685782926157
1,1814,0,1269.5,356352,45.0,0.9676960706710815,0.00797782,-7.122964197807014,-0.12772988685173914,5560,0.045166015625,0.0001,0.2,1.5958735236199573,0.7386679649353027,-0.01181854020251194
1,1865,0,1173.0,356864,45.0,0.26706886291503906,0.006647678,-6.261922551989556,-0.13856550768832676,5568,0.0537109375,0.0001,0.2,1.6848958587506786,0.6898835897445679,-0.010883855204156134
1,1814,0,1120.0,357376,45.0,2.3280935287475586,0.0138655845,-5.597984172552824,-0.13519319033366628,5576,0.044677734375,0.0001,0.2,2.6180842304602265,0.6431725919246674,-0.009781396402104292
1,1885,0,1114.0,357888,45.0,0.27021148800849915,0.014987256,-5.57060748487711,-0.10637143786880188,5584,0.035888671875,0.0001,0.2,2.0693935931194574,0.7565483748912811,-0.007471963719581254
1,1908,0,1058.0,358400,45.0,0.469356507062912,0.0062143942,-5.5586539549380545,-0.0826807537523564,5592,0.026123046875,0.0001,0.2,2.5032906010746956,0.6878989040851593,-0.008643860048323404
1,1900,0,1098.0,358912,45.0,0.6919697523117065,0.012620848,-6.255597364120185,-0.0785229412431363,5600,0.033203125,0.0001,0.2,2.378101478330791,0.739764928817749,-0.008033681093365885
1,1577,0,1125.5,359424,45.0,0.3577633798122406,0.0038478235,-6.999462627284228,-0.06730477287783287,5608,0.014892578125,0.0001,0.2,2.314000701997429,0.6958861649036407,-0.005299811506120022
1,1851,0,1083.5,359936,45.0,1.091357707977295,0.017278126,-8.232955067940056,-0.14987185364589095,5616,0.06640625,0.0001,0.2,5.640358733944595,0.2754596471786499,-0.012076328421244398
1,1867,0,1083.5,360448,45.0,1.0530471801757812,0.0108026415,-9.513609926477075,-0.09633369883522391,5624,0.03759765625,0.0001,0.2,3.3119236901402473,0.3953295946121216,-0.011399121071008267
1,1266,0,1146.5,360960,45.0,0.769801676273346,0.020113505,-10.662001045010983,-0.11581238970393315,5632,0.043701171875,0.0001,0.2,2.1645554448477924,0.49350351095199585,-0.012134849013818894
1,1444,0,1217.0,361472,45.0,0.5893031358718872,0.0066073816,-11.538109904490412,-0.1205685263266787,5640,0.035888671875,0.0001,0.2,1.8313087355345488,0.5146614611148834,-0.007846697284549009
1,1663,0,1277.5,361984,45.0,0.7019817233085632,0.011709617,-12.804007135145365,-0.10875811862933915,5648,0.041015625,0.0001,0.2,2.616505336482078,0.33235257863998413,-0.012420350147294812
1,1713,0,1335.5,362496,45.0,0.7100311517715454,0.0080786515,-13.723472470641136,-0.14175294878077693,5656,0.0419921875,0.0001,0.2,1.6302918791770935,0.4096718430519104,-0.009740016634168569
1,1536,0,1302.5,363008,45.0,0.5287458896636963,0.011657428,-14.879396644495428,-0.1377235810214188,5664,0.03564453125,0.0001,0.2,2.45580919040367,0.1446913480758667,-0.009404828248079866
1,1732,0,1339.0,363520,45.0,1.1411668062210083,0.01503038,-15.955037907771766,-0.1477883069892414,5672,0.052734375,0.0001,0.2,2.519311720505357,0.4181572198867798,-0.01108202450996032
1,1764,0,1384.0,364032,45.0,0.828794002532959,0.010141043,-16.69288371551782,-0.11386327836953569,5680,0.040283203125,0.0001,0.2,1.5699537978507578,0.3064483404159546,-0.010350339231081307
1,1868,0,1326.5,364544,45.0,1.0127832889556885,0.013863962,-16.763267891071738,-0.11338234524009749,5688,0.053955078125,0.0001,0.2,2.3387240185402334,0.24339157342910767,-0.012147784387707361
1,1440,0,1309.0,365056,45.0,2.7418549060821533,0.0047230157,-17.38315791781992,-0.1343351977702696,5696,0.033203125,0.0001,0.2,5.960398873314261,0.2518170475959778,-0.010086377027619164
1,1811,0,1274.0,365568,45.0,1.136542558670044,0.0067843846,-17.678055083230138,-0.11743235736503266,5704,0.044189453125,0.0001,0.2,3.8375458635855466,0.24545818567276,-0.01000978011143161
1,1671,0,1258.0,366080,45.0,0.6035385131835938,0.006569209,-17.45797583412379,-0.10385079204570502,5712,0.029541015625,0.0001,0.2,1.606844478752464,0.34134751558303833,-0.007209095361758955
1,1662,0,1238.5,366592,45.0,1.2710545063018799,0.014352759,-17.31955504167825,-0.1391489819798153,5720,0.052001953125,0.0001,0.2,3.534378067124635,0.2570036053657532,-0.014759111771127209
1,1892,0,1151.5,367104,45.0,2.9527809619903564,0.016140833,-16.725847190022467,-0.13394562338362448,5728,0.04931640625,0.0001,0.2,3.4384852764196694,0.3950583338737488,-0.010291831385984551
1,1806,0,1162.0,367616,45.0,1.27546226978302,0.01433021,-16.22847448974848,-0.11221931895124726,5736,0.06103515625,0.0001,0.2,1.9432996541727334,-0.17633259296417236,-0.013093848017888376
1,1631,0,1124.5,368128,45.0,1.1613752841949463,0.0046443474,-15.526101658418774,-0.11712649262335617,5744,0.029296875,0.0001,0.2,5.675412589684129,0.42351818084716797,-0.009746740142873023
1,2007,0,1109.0,368640,45.0,1.357197642326355,0.00902421,-15.103067936711014,-0.10377021193562541,5752,0.037841796875,0.0001,0.2,2.6631743758916855,-0.2779883146286011,-0.009175470906484406
1,1618,0,1250.5,369152,45.0,0.2973814606666565,0.007462779,-14.647002834789454,-0.10121984721627086,5760,0.04296875,0.0001,0.2,2.084024441661313,0.31070125102996826,-0.009295711592130829
1,1278,0,1290.0,369664,45.0,0.47869229316711426,0.008941837,-13.45684209831059,-0.1134895877330564,5768,0.03564453125,0.0001,0.2,1.6434185531688854,0.3784269690513611,-0.006336101665510796
1,1732,0,1369.0,370176,45.0,1.5505030155181885,0.01264824,-12.758876811936497,-0.131747620733222,5776,0.04296875,0.0001,0.2,2.8991507063619792,0.5591749250888824,-0.009404686483321711
1,1733,0,1373.5,370688,45.0,1.0502674579620361,0.006296873,-12.290899184383452,-0.11678443526034243,5784,0.03759765625,0.0001,0.2,2.457067755050957,0.4819992780685425,-0.008367356458620634
1,1669,0,1401.0,371200,45.0,1.9707748889923096,0.0062314933,-12.196157980039716,-0.16201432090019807,5792,0.049560546875,0.0001,0.2,4.567509940825403,0.49177706241607666,-0.011951222899369895
1,1892,0,1429.0,371712,45.0,1.0603303909301758,0.0075292583,-12.076501067988575,-0.11993141353013925,5800,0.043212890625,0.0001,0.2,3.848658837378025,0.4553683400154114,-0.011742910073735402
1,1803,0,1459.0,372224,45.0,0.8692534565925598,0.007702239,-12.068706284500658,-0.08225135390239302,5808,0.027587890625,0.0001,0.2,3.7734344294294715,0.14125794172286987,-0.009113726227951702
1,1821,0,1440.0,372736,45.0,1.4392244815826416,0.0030338257,-12.24455561771989,-0.11277699997299351,5816,0.023681640625,0.0001,0.2,4.394721954129636,0.25693410634994507,-0.00792261142123607
1,1944,0,1433.5,373248,45.0,0.8966397047042847,0.004364762,-12.46185758087784,-0.10040233947802335,5824,0.036865234375,0.0001,0.2,3.44490152457729,0.4165527820587158,-0.010484010032087099
1,1511,0,1278.0,373760,45.0,1.3184700012207031,0.018541005,-12.837412150837482,-0.08587251479912084,5832,0.0244140625,0.0001,0.2,2.142297266749665,-0.012474894523620605,-0.01115258394565899
1,1796,0,1240.0,374272,45.0,1.4197232723236084,0.00766454,-13.538237661905587,-0.09808986136340536,5840,0.028564453125,0.0001,0.2,3.0983218867331743,-0.04156959056854248,-0.008811974672426004
1,1954,0,1162.5,374784,45.0,0.6239538192749023,0.0064306497,-13.979887353405356,-0.13156073543359526,5848,0.0458984375,0.0001,0.2,2.755871495231986,-0.046816468238830566,-0.011170761339599267
1,1856,0,1153.5,375296,45.0,0.35478344559669495,0.0075893574,-14.178587432131172,-0.08272356658562785,5856,0.03759765625,0.0001,0.2,2.327110387850553,-0.11209642887115479,-0.013403128286881838
1,1791,0,1121.5,375808,45.0,0.6509466767311096,0.016394937,-13.864128601327538,-0.09398818285990274,5864,0.041748046875,0.0001,0.2,1.9364203694276512,0.04467540979385376,-0.004936514880682807
1,1714,0,1176.5,376320,45.0,0.9269125461578369,0.006497698,-13.81002172999084,-0.09659058519173414,5872,0.02978515625,0.0001,0.2,2.150072852615267,0.35843944549560547,-0.009857369564997498
1,1810,0,1140.0,376832,45.0,0.31860777735710144,0.013886113,-13.07591351211071,-0.1016547245089896,5880,0.052734375,0.0001,0.2,2.415883322712034,0.14871323108673096,-0.010034847480710596
1,1783,0,1112.5,377344,45.0,0.45408424735069275,0.00817927,-12.349583228230477,-0.12328120472375304,5888,0.039794921875,0.0001,0.2,2.653232960496098,0.2754734754562378,-0.011846639114082791
1,1910,0,1165.0,377856,45.0,0.9139939546585083,0.011185453,-11.821877824924886,-0.12114614475285634,5896,0.032958984375,0.0001,0.2,2.6092682890594006,0.5985228419303894,-0.009725469262775732
1,1836,0,1154.0,378368,45.0,0.5016843676567078,0.0031811525,-10.803555477783084,-0.0917908908741083,5904,0.0185546875,0.0001,0.2,2.3955051044467837,0.26547372341156006,-0.007489065261324868
1,1404,0,1145.5,378880,45.0,0.6107865571975708,0.0098877195,-9.964464912079274,-0.10656706333975308,5912,0.0263671875,0.0001,0.2,1.7163620707578957,0.5256515741348267,-0.0070091191155370325
1,1813,0,1100.0,379392,45.0,1.5008376836776733,0.008545759,-8.965678361728788,-0.12063905343529768,5920,0.031982421875,0.0001,0.2,2.1662339898757637,0.5281344652175903,-0.007215621903014835
1,1866,0,1051.5,379904,45.0,0.5860608816146851,0.016236547,-8.593883508890867,-0.1420034216134809,5928,0.046875,0.0001,0.2,3.413475332316011,0.21351909637451172,-0.008161881116393488
1,1936,0,1003.0,380416,45.0,1.2789815664291382,0.011621676,-7.734922005608678,-0.15434782591182739,5936,0.03662109375,0.0001,0.2,2.517466188641265,0.29482656717300415,-0.010170352921704762
1,1669,0,948.0,380928,45.0,0.8017498850822449,0.0024323894,-7.54583711951971,-0.16502048244001344,5944,0.027587890625,0.0001,0.2,3.1554759507998824,0.31559449434280396,-0.00503595180271077
1,1884,0,982.0,381440,45.0,1.3702460527420044,0.011521678,-7.72454074319452,-0.17870949354255572,5952,0.05419921875,0.0001,0.2,3.9830833598971367,0.3120471239089966,-0.012391377422318328
1,1819,0,926.5,381952,45.0,0.5710421204566956,0.044412814,-7.710408875718713,-0.2676665282342583,5960,0.148193359375,0.0001,0.2,3.0222984761931,0.443082332611084,-0.012425152810465079
1,1786,0,992.5,382464,45.0,1.2466216087341309,0.0065247435,-8.008553556203843,-0.2877199634676799,5968,0.03564453125,0.0001,0.2,3.3169522150419652,0.3770632743835449,-0.007335372552915942
1,1764,0,1011.0,382976,45.0,1.1223608255386353,0.019082375,-8.202315850630402,-0.30379731790162623,5976,0.067138671875,0.0001,0.2,3.7812083400785923,0.3544333577156067,-0.006615254926146008
1,1406,0,1077.0,383488,45.0,0.8520559668540955,0.0066525275,-8.869270675927401,-0.3178240538109094,5984,0.02294921875,0.0001,0.2,4.454144791699946,0.4957387447357178,-0.006431305959267775
1,1788,0,1090.5,384000,45.0,2.1238131523132324,0.0065637864,-9.24485237043351,-0.3267411213601008,5992,0.029052734375,0.0001,0.2,6.063447275198996,0.5501821637153625,-0.005633164953906089
1,1934,0,1156.5,384512,45.0,1.9404155015945435,0.0038968525,-10.185742622092366,-0.3323068143799901,6000,0.01953125,0.0001,0.2,8.639369923621416,0.44676369428634644,-0.008023891889024526
1,1876,0,1184.0,385024,45.0,2.3984172344207764,0.0047176774,-11.262961238585412,-0.3735583717934787,6008,0.072998046875,0.0001,0.2,6.536691715940833,0.6218158304691315,-0.005420815046818461
1,1695,0,1203.5,385536,45.0,4.561758041381836,0.010582881,-12.0462773630023,-0.34073971933685243,6016,0.031494140625,0.0001,0.2,6.7537498297169805,0.576409637928009,-0.008159137432812713
1,1651,0,1238.0,386048,45.0,3.1732940673828125,0.0059160613,-12.46033637136221,-0.29134282463928685,6024,0.03125,0.0001,0.2,6.204990286380053,0.6501944959163666,-0.00814726842509117
1,1568,0,1302.5,386560,45.0,1.7973214387893677,0.0053141657,-12.896840833984315,-0.2694543849211186,6032,0.0712890625,0.0001,0.2,6.596606632694602,0.5387634336948395,-0.0075364782169344835
1,1927,0,1228.5,387072,45.0,3.9869844913482666,0.037784394,-13.852803826443852,-0.23834396142046899,6040,0.12890625,0.0001,0.2,13.192759303376079,0.26564908027648926,-0.027177811294677667
1,1856,0,1269.5,387584,45.0,1.1015607118606567,0.010445925,-15.122053031660617,-0.23799218761269003,6048,0.080322265625,0.0001,0.2,5.367283000610769,0.5368002653121948,-0.010241284508083481
1,1701,0,1220.5,388096,45.0,0.3015648126602173,0.0026889672,-15.52950257051736,-0.18788459652569145,6056,0.01171875,0.0001,0.2,4.694299824070185,0.32141929864883423,-0.004922937165247276
1,1676,0,1271.5,388608,45.0,1.8707126379013062,0.005605175,-16.481388484239577,-0.1769332325202413,6064,0.032958984375,0.0001,0.2,5.6830034432932734,0.42542630434036255,-0.006585834380530287
1,1695,0,1258.5,389120,45.0,0.42728689312934875,0.008840612,-15.996001815125346,-0.17324956669472158,6072,0.045166015625,0.0001,0.2,2.206794706173241,0.6036652624607086,-0.008419344663707307
1,1618,0,1265.0,389632,45.0,2.1221840381622314,0.009003501,-16.47159254591912,-0.14236144948517904,6080,0.056640625,0.0001,0.2,3.9035370172932744,0.3423604369163513,-0.007950983628688846
1,1806,0,1185.0,390144,45.0,0.8948045969009399,0.0049625495,-16.482768759913743,-0.13980452992836945,6088,0.0439453125,0.0001,0.2,2.7377197640016675,0.22945332527160645,-0.007397167271847138
1,1721,0,1289.0,390656,45.0,0.5085668563842773,0.01680064,-17.164842650964857,-0.13739141629775986,6096,0.06396484375,0.0001,0.2,4.076897920109332,0.11533486843109131,-0.01361916121095419
1,1806,0,1264.0,391168,45.0,0.7861928939819336,0.018126024,-16.824316268973053,-0.09936176013434306,6104,0.03271484375,0.0001,0.2,1.9352093297056854,0.12431502342224121,-0.0052284653174865525
1,1644,0,1355.5,391680,45.0,0.7025644183158875,0.012569655,-15.942487782202662,-0.11668055510381237,6112,0.047607421875,0.0001,0.2,2.0647911243140697,0.22833603620529175,-0.009867631997622084
1,1905,0,1325.0,392192,45.0,0.7089713215827942,0.06536972,-14.717110462170094,-0.10129036215948872,6120,0.0537109375,0.0001,0.2,1.6277972278185189,0.391052782535553,-0.00752562462730566
1,1452,0,1290.0,392704,45.0,0.6829617619514465,0.016282268,-13.834529832433908,-0.05706829039263539,6128,0.011962890625,0.0001,0.2,2.121287311427295,0.3607676029205322,-0.003956295873649651
1,1767,0,1279.0,393216,45.0,0.682888925075531,0.008491695,-12.998501853700727,-0.05252205808938015,6136,0.021484375,0.0001,0.2,2.1786143756471574,0.1339011788368225,-0.005060977189714322
1,1825,0,1214.5,393728,45.0,0.5388268232345581,0.01168033,-12.401026443839074,-0.08322731868247502,6144,0.031005859375,0.0001,0.2,2.221805924549699,0.041015684604644775,-0.005722708869143389
1,1711,0,1281.0,394240,45.0,0.8088698387145996,0.013269404,-11.343850405011326,-0.0922200321656419,6152,0.03759765625,0.0001,0.2,2.0073145576752722,0.16095060110092163,-0.008533305343007669
1,1661,0,1335.0,394752,45.0,1.2719889879226685,0.015165972,-10.294958637859672,-0.08005141318426467,6160,0.035400390625,0.0001,0.2,2.209073911421001,-0.09376275539398193,-0.008430193185631651
1,1828,0,1217.5,395264,45.0,1.1561853885650635,0.007464552,-9.127134206257761,-0.09115210677555297,6168,0.041259765625,0.0001,0.2,2.751118014100939,0.20988446474075317,-0.010491509638086427
1,1664,0,1243.5,395776,45.0,1.1236892938613892,0.0058153626,-8.780610639769584,-0.07888607216591481,6176,0.0234375,0.0001,0.2,2.92398152500391,0.268352746963501,-0.007074716420902405
1,1683,0,1290.5,396288,45.0,0.8663172721862793,0.014314858,-8.370528373662383,-0.09557484945980832,6184,0.044921875,0.0001,0.2,1.8736948969308287,0.4825136661529541,-0.010081961401738226
1,1314,0,1293.5,396800,45.0,0.46467041969299316,0.011175704,-8.095424484051764,-0.08606453184620477,6192,0.03466796875,0.0001,0.2,1.4753000589553267,0.544768214225769,-0.009978298665373586
1,1909,0,1322.5,397312,45.0,1.047470211982727,0.0063995365,-8.109002554900945,-0.06206750187993748,6200,0.030517578125,0.0001,0.2,2.537003462202847,0.6303350329399109,-0.005844724488270003
1,1788,0,1286.0,397824,45.0,1.4695310592651367,0.0065440657,-8.233838498964905,-0.07810667306330288,6208,0.029541015625,0.0001,0.2,2.9284116982016712,0.5280033349990845,-0.008659348408400547
1,1686,0,1378.0,398336,45.0,0.9215254187583923,0.0033414261,-8.414338993579149,-0.047446423457586206,6216,0.0166015625,0.0001,0.2,3.1849032510071993,0.4700148105621338,-0.005913734275964089
1,1760,0,1396.5,398848,45.0,0.9385994076728821,0.009866035,-8.640141696464271,-0.04177225294552045,6224,0.022705078125,0.0001,0.2,1.7828313382342458,0.5005565881729126,-0.002151544307707809
1,1723,0,1363.5,399360,45.0,0.27449831366539,0.0062817573,-8.886368582788855,-0.06126409502758179,6232,0.01904296875,0.0001,0.2,2.284813324920833,0.4894487261772156,-0.0067418657017697114
1,1716,0,1397.5,399872,45.0,1.2169827222824097,0.0076571484,-9.456859823428095,-0.06711292832915206,6240,0.032958984375,0.0001,0.2,2.6131923804059625,0.42019349336624146,-0.008569540237658657
1,1812,0,1376.5,400384,45.0,1.2855303287506104,0.002951121,-10.088523268476129,-0.05883917520259274,6248,0.02392578125,0.0001,0.2,4.087013681884855,0.070057213306427,-0.007137159362173406
1,1780,0,1344.0,400896,45.0,0.9620972871780396,0.006678449,-10.620775120183826,-0.06643711547076236,6256,0.02685546875,0.0001,0.2,2.181019631680101,-0.14836335182189941,-0.006455883565649856
1,1806,0,1356.5,401408,45.0,0.3908279836177826,0.007920039,-11.201202051900328,-0.04816980291434447,6264,0.02294921875,0.0001,0.2,1.558248972054571,0.2191750407218933,-0.004725144295662176
1,1296,0,1368.5,401920,45.0,0.985828697681427,0.0062200027,-11.49816319698468,-0.057466062367893755,6272,0.02099609375,0.0001,0.2,1.934557895641774,0.30687135457992554,-0.006332969351205975
1,1733,0,1447.5,402432,45.0,0.5673843622207642,0.0090761455,-11.49803278407082,-0.057219512353185564,6280,0.020263671875,0.0001,0.2,1.88722417014651,-0.014526724815368652,-0.00483199859445449
1,1772,0,1368.5,402944,45.0,1.189130425453186,0.010565905,-11.893966385424138,-0.06338418419181835,6288,0.02978515625,0.0001,0.2,2.5971964057534933,0.2541128993034363,-0.008705712127266452
1,1368,0,1316.5,403456,45.0,0.7363086342811584,0.0062439432,-12.065692657586187,-0.07131379939528415,6296,0.023193359375,0.0001,0.2,2.4370001242496073,-0.18482649326324463,-0.0033906396747624967
1,1723,0,1263.5,403968,45.0,0.8471667766571045,0.033741213,-11.990659139715135,-0.08842776175879408,6304,0.053955078125,0.0001,0.2,1.6977739320136607,0.2488008737564087,-0.009158436561847338
1,1892,0,1188.5,404480,45.0,0.28346729278564453,0.016325174,-12.059189201779663,-0.08117310747184092,6312,0.058837890625,0.0001,0.2,1.2914394401013851,0.2953609228134155,-0.012379477288050111
1,1796,0,1209.0,404992,45.0,0.19737091660499573,0.018318975,-11.595945052932947,-0.06656188375200145,6320,0.02783203125,0.0001,0.2,0.7150488685583696,-0.9902514219284058,-0.008038174470129889
1,2000,0,1116.5,405504,45.0,1.486137866973877,0.011891868,-12.211866208221764,-0.384206130169332,6328,0.248779296875,0.0001,0.2,4.19233279582113,0.21584969758987427,0.0009075191483134404
1,1842,0,1072.0,406016,45.0,1.528126835823059,0.008499324,-13.089916245210915,-0.39898610999807715,6336,0.027099609375,0.0001,0.2,4.575208184309304,0.3990136384963989,-0.0020910686398565304
1,1974,0,979.5,406528,45.0,1.6756595373153687,0.008640072,-13.874870963543653,-0.36271150899119675,6344,0.077880859375,0.0001,0.2,6.962885210290551,0.4080635905265808,-0.00779950141441077
1,1510,0,952.5,407040,45.0,2.1708381175994873,0.005232729,-15.346823343914002,-0.36627360130660236,6352,0.021240234375,0.0001,0.2,7.478724725544453,0.5829109847545624,-0.005686211698048282
1,1839,0,872.5,407552,45.0,3.143725872039795,0.009619014,-17.026434301771225,-0.3486234489828348,6360,0.076416015625,0.0001,0.2,16.150354873389006,0.32196593284606934,-0.006681168219074607
1,1714,0,891.0,408064,45.0,3.3764896392822266,0.00539844,-18.217945952955635,-0.3122784411534667,6368,0.01416015625,0.0001,0.2,12.393858179450035,0.49921292066574097,-0.00311729800523608
1,1584,0,915.0,408576,45.0,4.527283191680908,0.0065630423,-19.25108081098646,-0.23835975641850382,6376,0.0458984375,0.0001,0.2,14.193107232451439,0.6635010242462158,-0.005551159156311769
1,1622,0,946.5,409088,45.0,2.156024217605591,0.0055587823,-19.753370527215303,-0.2399974794825539,6384,0.048583984375,0.0001,0.2,14.751871962100267,0.6608178019523621,-0.008103889733320102
1,1743,0,1060.0,409600,45.0,4.2233967781066895,0.0038990164,-20.334720564652233,-0.1989415856078267,6392,0.05126953125,0.0001,0.2,9.251221599057317,0.8016681224107742,-0.00807753346816753
1,1717,0,1103.0,410112,45.0,2.9615628719329834,0.005090131,-19.170240311585367,-0.15910690685268492,6400,0.0517578125,0.0001,0.2,6.77439549472183,0.8380146771669388,-0.00688978644029703
1,1527,0,1183.5,410624,45.0,2.82737398147583,0.009423037,-18.184451842457054,-0.1461816587834619,6408,0.041259765625,0.0001,0.2,5.043603607453406,0.8439582139253616,-0.005776865973530221
1,1517,0,1260.5,411136,45.0,3.7481815814971924,0.005908369,-16.743496165014804,-0.08717464737128466,6416,0.021728515625,0.0001,0.2,5.297225811518729,0.6838555932044983,-0.004822552575205918
1,1689,0,1304.0,411648,45.0,1.8439217805862427,0.0021012356,-15.225660279914736,-0.09472271375125274,6424,0.01416015625,0.0001,0.2,4.642914612777531,0.6309307217597961,-0.004618587656295858
1,1644,0,1445.0,412160,45.0,1.7599074840545654,0.010208193,-13.344097276087851,-0.1135696162818931,6432,0.02685546875,0.0001,0.2,5.186452358961105,0.4673622250556946,-0.007994351981324144
1,1789,0,1441.0,412672,45.0,1.6124504804611206,0.01476344,-11.463918062485755,-0.09818194279796444,6440,0.0400390625,0.0001,0.2,5.115509104914963,0.3669148087501526,-0.00848145588679472
1,1740,0,1434.0,413184,45.0,1.7071386575698853,0.0022877392,-10.154362263102085,-0.08647230186033994,6448,0.014404296875,0.0001,0.2,6.235715122893453,-0.23206102848052979,-0.0031977958060451783
1,1756,0,1362.0,413696,45.0,5.763518333435059,0.012774147,-8.778480747789144,-0.08631965453969315,6456,0.031005859375,0.0001,0.2,11.285954173654318,0.03224384784698486,-0.005323993467754917
1,1529,0,1323.5,414208,45.0,3.052536725997925,0.0089019025,-7.915430047549307,-0.1121097776631359,6464,0.03857421875,0.0001,0.2,6.993603739887476,0.054978787899017334,-0.00652361514949007
1,1732,0,1295.5,414720,45.0,1.814082384109497,0.0075193765,-7.064196980334819,-0.10754867672221735,6472,0.024658203125,0.0001,0.2,5.744871587492526,-0.14605379104614258,-0.005880457458260935
1,1376,0,1298.5,415232,45.0,1.4330317974090576,0.009985822,-6.695017028786242,-0.12205083633307368,6480,0.039794921875,0.0001,0.2,3.78237890265882,0.23523610830307007,-0.005840190358867403
1,1665,0,1332.5,415744,45.0,1.2913087606430054,0.018812442,-6.158154817409813,-0.15988727333024144,6488,0.05810546875,0.0001,0.2,3.4160191137343645,0.016664206981658936,-0.007202315980975982
1,1367,0,1304.0,416256,45.0,0.6869933605194092,0.005652711,-5.485591762866825,-0.12754412888898514,6496,0.04736328125,0.0001,0.2,2.5885025802999735,0.48468124866485596,-0.011969332615990425
1,1613,0,1314.5,416768,45.0,0.9017373919487,0.0059417095,-5.145470344945789,-0.12713312898995355,6504,0.042236328125,0.0001,0.2,2.240832757903263,0.41497546434402466,-0.009223283293977147
1,1602,0,1377.0,417280,45.0,0.6248566508293152,0.01290297,-4.835137618184089,-0.17278535471996292,6512,0.0546875,0.0001,0.2,1.820893159834668,0.45257192850112915,-0.01160743795480812
1,1711,0,1397.0,417792,45.0,0.5899757146835327,0.017477762,-5.350625629443675,-0.14908940630266443,6520,0.058349609375,0.0001,0.2,2.8179769958369434,0.5606086254119873,-0.014251925676944666
1,1610,0,1480.0,418304,45.0,1.1736890077590942,0.009218076,-5.907326794750989,-0.11426702662720345,6528,0.037353515625,0.0001,0.2,3.460373758338392,0.19468575716018677,-0.013226825372839812
1,1659,0,1486.5,418816,45.0,0.3231859505176544,0.010247407,-6.422178342342376,-0.1355978088104166,6536,0.055908203125,0.0001,0.2,2.260397662874311,0.48275572061538696,-0.007803344418789493
1,1631,0,1536.5,419328,45.0,1.0703928470611572,0.010087892,-7.503088045194745,-0.11345388743211515,6544,0.035888671875,0.0001,0.2,2.9955285657197237,0.49586808681488037,-0.00694856968766544
1,1754,0,1465.5,419840,45.0,0.9489165544509888,0.009548208,-8.362043839506805,-0.1050922702634125,6552,0.025634765625,0.0001,0.2,1.7418951229192317,0.43537622690200806,-0.005025047939852811
1,1360,0,1373.5,420352,45.0,1.0890133380889893,0.0058958204,-9.674511192515492,-0.1206114849774167,6560,0.03466796875,0.0001,0.2,2.005009614629671,0.06816935539245605,-0.006409039335267153
1,1745,0,1358.0,420864,45.0,0.8824299573898315,0.018473547,-11.42556732993573,-0.09575474850134924,6568,0.04052734375,0.0001,0.2,1.4604686994571239,0.3453682065010071,-0.009712877545098308
1,1702,0,1332.5,421376,45.0,0.6420660614967346,0.0050627673,-12.449437928535044,-0.11767722359218169,6576,0.0390625,0.0001,0.2,1.4760156439151615,0.2614254355430603,-0.008550266560632735
1,1555,0,1297.5,421888,45.0,0.44014477729797363,0.0069730487,-13.15926706213504,-0.12345048021234106,6584,0.04931640625,0.0001,0.2,1.5294995515141636,0.3080163598060608,-0.007791763564455323
1,1743,0,1265.0,422400,45.0,0.38185054063796997,0.005864788,-13.65873884126544,-0.12445719272363931,6592,0.0390625,0.0001,0.2,1.5119316498748958,0.4097279906272888,-0.008185328333638608
1,1599,0,1248.0,422912,45.0,0.7148097157478333,0.009189355,-13.975794045142829,-0.08048390099429525,6600,0.02587890625,0.0001,0.2,2.7872686879709363,0.4330745339393616,-0.005469955081935041
1,1603,0,1271.5,423424,45.0,0.10492008924484253,0.020644672,-13.799077184014022,-0.1023815377993742,6608,0.042236328125,0.0001,0.2,1.0337546257069334,0.5316651165485382,-0.009879798701149411
1,1650,0,1270.5,423936,45.0,0.6640231609344482,0.0059638014,-13.690020790211856,-0.11937600714736618,6616,0.03564453125,0.0001,0.2,2.7417614636942744,0.5309333801269531,-0.008470142543956172
1,1348,0,1338.5,424448,45.0,0.537540078163147,0.008148484,-13.058028507232667,-0.11098562410916202,6624,0.0341796875,0.0001,0.2,1.5742492808494717,0.6138009130954742,-0.007455343471519882
1,1805,0,1338.5,424960,45.0,0.6698266863822937,0.0062844325,-11.818463772684336,-0.07879851454345044,6632,0.0302734375,0.0001,0.2,1.343061303254217,0.6822304129600525,-0.008304533552291105
1,1885,0,1242.5,425472,45.0,0.2794630527496338,0.01237107,-10.847617448605597,-0.07421237815287896,6640,0.027587890625,0.0001,0.2,0.8441225654678419,0.4625018835067749,-0.006301376739429543
1,1758,0,1334.0,425984,45.0,0.42336714267730713,0.012358686,-10.33101566877216,-0.07863940988318063,6648,0.035888671875,0.0001,0.2,1.8289802686776966,0.44523829221725464,-0.012273045555048157
1,1778,0,1324.0,426496,45.0,0.6843629479408264,0.0054887147,-9.33966709330678,-0.06536005326051963,6656,0.01953125,0.0001,0.2,1.1438086894340813,0.40865153074264526,-0.004456110647879541
1,1766,0,1343.5,427008,45.0,1.1001328229904175,0.0054357676,-8.676381037048996,-0.06369774288032204,6664,0.0322265625,0.0001,0.2,1.42080794647336,0.5406559109687805,-0.007469073399988702
1,1835,0,1353.5,427520,45.0,0.7443585395812988,0.023459885,-8.533406135812402,-0.06882796377612976,6672,0.048583984375,0.0001,0.2,1.5946307019330561,0.5015068054199219,-0.010463106169481762
1,1589,0,1365.0,428032,45.0,1.7654461860656738,0.008535434,-8.746268641799688,-0.08184584838454612,6680,0.036376953125,0.0001,0.2,3.1498187156394124,0.28308582305908203,-0.009569081223162357
1,1294,0,1292.5,428544,45.0,1.0464575290679932,0.00442598,-9.088700363561511,-0.08474919621949084,6688,0.044189453125,0.0001,0.2,3.2895591044798493,0.14265161752700806,-0.009187126241158694
1,1661,0,1310.0,429056,45.0,1.1685817241668701,0.00612982,-9.605638410300017,-0.057477266775094904,6696,0.0302734375,0.0001,0.2,2.8790591871365905,0.21132850646972656,-0.006745335762389004
1,1650,0,1345.0,429568,45.0,0.7595090270042419,0.0045635016,-10.334274969436228,-0.09012752199487295,6704,0.03125,0.0001,0.2,5.332012196071446,0.14876002073287964,-0.0072247174102813005
1,1742,0,1404.0,430080,45.0,0.4910028576850891,0.0015552104,-10.639363739900292,-0.036088627675781026,6712,0.0126953125,0.0001,0.2,1.8987853301223367,0.22038418054580688,-0.004295545331842732
1,1851,0,1392.0,430592,45.0,1.1750309467315674,0.0071315505,-11.134485483765602,-0.04619931730121607,6720,0.02587890625,0.0001,0.2,4.467655467800796,0.08924716711044312,-0.004570481229166035
1,1745,0,1419.5,431104,45.0,1.80739426612854,0.0054464345,-11.730767679363488,-0.04557779525202932,6728,0.02099609375,0.0001,0.2,2.1570707126520574,0.31336939334869385,-0.00835164501768304
1,1664,0,1441.0,431616,45.0,0.623593270778656,0.011647062,-12.028568520210683,-0.04916677510482259,6736,0.026123046875,0.0001,0.2,1.9106463936623186,0.14431995153427124,-0.008129993264446966
1,1701,0,1434.5,432128,45.0,0.4669678211212158,0.01171394,-11.77902813937515,-0.04046492287670844,6744,0.025146484375,0.0001,0.2,1.1006912558805197,0.3540206551551819,-0.007028751057077898
1,1839,0,1437.5,432640,45.0,0.711599588394165,0.0154654635,-11.380877892933785,-0.03597118900870555,6752,0.022705078125,0.0001,0.2,1.7357284943573177,0.5162563025951385,-0.007858003562432714
1,1862,0,1465.0,433152,45.0,0.22462153434753418,0.017740969,-10.624612343534828,-0.03712552047363715,6760,0.019287109375,0.0001,0.2,1.5199788166210055,0.05078238248825073,-0.00665015621780185
1,1768,0,1518.5,433664,45.0,0.33311039209365845,0.0032302246,-9.808311569429934,-0.023100482576410286,6768,0.01025390625,0.0001,0.2,1.184149862267077,0.3611379861831665,-0.0021839475084561855
1,1336,0,1497.0,434176,45.0,0.2505643963813782,0.011105085,-8.68131444387138,-0.03980765306914691,6776,0.015380859375,0.0001,0.2,1.2516984115354717,0.22322404384613037,-0.004861663204792421
1,1562,0,1554.5,434688,45.0,0.4102001488208771,0.0046570003,-8.040207954868674,-0.030653804213216063,6784,0.016845703125,0.0001,0.2,0.9907172203529626,0.436542809009552,-0.0042471485867281444
1,1897,0,1523.0,435200,45.0,0.3086188733577728,0.0062445654,-6.920321763865649,-0.027396901608881308,6792,0.01123046875,0.0001,0.2,0.8505829880014062,0.5166744291782379,-0.0032160883420147
1,1659,0,1555.5,435712,45.0,0.7527197003364563,0.0085908,-6.167004269696772,-0.03833895910793217,6800,0.02099609375,0.0001,0.2,1.6089658641722053,0.057900190353393555,-0.005558888253290206
1,1510,0,1485.0,436224,45.0,0.43320903182029724,0.009455363,-5.407755751237273,-0.043516553843801375,6808,0.015380859375,0.0001,0.2,1.2488045748323202,0.3565000891685486,-0.0031304376725529437
1,1652,0,1470.0,436736,45.0,1.1755863428115845,0.18746114,-5.185969987511635,-0.05454763143643504,6816,0.060791015625,0.0001,0.2,4.438360563479364,0.23247545957565308,-0.022800404229201376
1,1922,0,1432.5,437248,45.0,0.43770378828048706,0.015154682,-4.947364880368114,-0.06660181555344025,6824,0.031005859375,0.0001,0.2,1.4730270700529218,0.08773314952850342,-0.008157624899467919
1,2022,0,1343.0,437760,45.0,0.6037670969963074,0.007211364,-5.158785220980644,-0.042997652482881676,6832,0.016357421875,0.0001,0.2,1.2318573058582842,0.07838386297225952,-0.005323349625541596
1,1473,0,1412.5,438272,45.0,0.16684380173683167,0.020514121,-5.843353989459574,-0.0375521891110111,6840,0.025146484375,0.0001,0.2,1.1531999057042412,0.36170822381973267,-0.009174271908705123
1,1760,0,1351.5,438784,45.0,0.3601069748401642,0.010662738,-6.392196432650089,-0.0682414637558395,6848,0.03466796875,0.0001,0.2,1.5820064551662654,0.1891709566116333,-0.00583192182239145
1,1664,0,1288.5,439296,45.0,0.52316814661026,0.0038007826,-7.0118321096897125,-0.0442336553678615,6856,0.018798828125,0.0001,0.2,1.9563747805077583,0.4006462097167969,-0.007403211489872774
1,1818,0,1293.5,439808,45.0,0.4731539189815521,0.00520932,-8.000661196000873,-0.059084094609715976,6864,0.02587890625,0.0001,0.2,1.6249024155549705,0.1478785276412964,-0.008195064539904706
1,1697,0,1278.0,440320,45.0,1.0255465507507324,0.016812202,-8.88454729218036,-0.054269498334178934,6872,0.03515625,0.0001,0.2,1.5483707464300096,0.18747276067733765,-0.009509301075013354
1,1644,0,1293.0,440832,45.0,0.17208003997802734,0.009764016,-9.833790156655013,-0.054110161359858466,6880,0.032470703125,0.0001,0.2,1.2273862645961344,0.3602190613746643,-0.007921572148916312
1,1673,0,1280.5,441344,45.0,0.8927354216575623,0.01368349,-10.545779754519463,-0.06043730628880439,6888,0.02587890625,0.0001,0.2,2.323828165885061,0.09469562768936157,-0.007810082963260356
1,1586,0,1377.0,441856,45.0,0.7187596559524536,0.0054755136,-11.117152510620654,-0.06261672808614094,6896,0.0263671875,0.0001,0.2,1.1227297661826015,0.3237859606742859,-0.0073122223548125476
1,1723,0,1403.5,442368,45.0,0.5551381707191467,0.06850866,-11.13557229451835,-0.07095353725890163,6904,0.06103515625,0.0001,0.2,2.8313102275133133,0.38569021224975586,-0.010593949431495275
1,1336,0,1307.5,442880,45.0,0.49666616320610046,0.0046407054,-11.20662308562547,-0.05904386330439593,6912,0.025634765625,0.0001,0.2,2.532321932259947,0.3527600169181824,-0.008155625953804702
1,1892,0,1304.5,443392,45.0,0.7669330835342407,0.0034847404,-11.094404268711806,-0.042418865788931726,6920,0.01318359375,0.0001,0.2,1.9432223620824516,0.21900945901870728,-0.004712590132839978
1,1595,0,1386.0,443904,45.0,0.41807714104652405,0.010233548,-10.902928637340665,-0.03697137535709771,6928,0.027099609375,0.0001,0.2,1.1784692048095167,-0.3570897579193115,-0.009881821963062976
1,1884,0,1452.0,444416,45.0,0.4944321811199188,0.0071585122,-10.402527552843093,-0.034710426385572646,6936,0.02197265625,0.0001,0.2,1.2228695719968528,-0.10290300846099854,-0.0039689561490376946
1,1776,0,1469.0,444928,45.0,0.355120450258255,0.009904947,-9.419476889707148,-0.04129699808254372,6944,0.01416015625,0.0001,0.2,0.901585380313918,0.40705960988998413,-0.0036145809572190046
1,1718,0,1482.5,445440,45.0,0.2959055006504059,0.0036702887,-8.608184508755803,-0.064046216692077,6952,0.02001953125,0.0001,0.2,1.0966347095090896,0.4772794842720032,-0.0032955495771602727
1,1663,0,1432.5,445952,45.0,0.5840100646018982,0.0014109437,-7.924953103251755,-0.0357610668434063,6960,0.01025390625,0.0001,0.2,2.0624348586425185,0.2947772145271301,-0.002524166244256776
1,1773,0,1423.5,446464,45.0,1.1276583671569824,0.018874407,-7.853941695727408,-0.0609342266980093,6968,0.029296875,0.0001,0.2,3.4731213650666177,0.39235812425613403,-0.007536091448855586
1,1749,0,1476.5,446976,45.0,0.6157779693603516,0.0044742604,-7.590935294479132,-0.051737659639911726,6976,0.01953125,0.0001,0.2,2.234566246625036,0.5558893978595734,-0.003049336180993123
1,1792,0,1554.0,447488,45.0,1.6674270629882812,0.021503594,-7.01638779964298,-0.05677560631011147,6984,0.02099609375,0.0001,0.2,2.3648623309563845,0.6345743834972382,-0.006889005453558639
1,1767,0,1560.0,448000,45.0,1.3742923736572266,0.0067840153,-6.692065447233618,-0.05241077703249175,6992,0.019287109375,0.0001,0.2,2.8596416166983545,0.6581356525421143,-0.005735225680837175
1,1737,0,1557.5,448512,45.0,1.0437169075012207,0.008316875,-6.594753038771451,-0.042901751105091535,7000,0.013427734375,0.0001,0.2,3.411179558839649,0.5688557922840118,-0.0036067968740098877
1,1647,0,1564.5,449024,45.0,0.6523237824440002,0.0029854972,-6.301310309618711,-0.05231094234477496,7008,0.014892578125,0.0001,0.2,2.4099856289103627,0.41302490234375,-0.0025641068732511485
1,1529,0,1607.0,449536,45.0,0.2787845730781555,0.020844344,-6.294431812688709,-0.07253196953388397,7016,0.037841796875,0.0001,0.2,2.1618160787038505,0.5221065878868103,-0.00871737670240691
1,1820,0,1622.5,450048,45.0,0.6454824805259705,0.02423484,-6.218060959093273,-0.06801048065972282,7024,0.0380859375,0.0001,0.2,1.3469821228645742,0.5814884305000305,-0.006866362993605435
1,1629,0,1584.0,450560,45.0,0.2563347816467285,0.010772656,-5.8839782842434944,-0.030681061220093397,7032,0.013427734375,0.0001,0.2,0.8736942543182522,0.36585015058517456,-0.0020127189782215282
1,1642,0,1637.0,451072,45.0,0.3557729721069336,0.00755808,-5.812831172328442,-0.07062786925962428,7040,0.034423828125,0.0001,0.2,1.8386292150244117,0.052524030208587646,-0.008557351033232408
1,1759,0,1569.0,451584,45.0,0.509555459022522,0.015562912,-5.488551382608712,-0.05158343900257023,7048,0.033935546875,0.0001,0.2,1.5249519690405577,-0.9992408752441406,-0.00903341065713903
1,1223,0,1586.5,452096,45.0,0.9239966869354248,0.010085208,-5.577435369100422,-0.05346145222938503,7056,0.0263671875,0.0001,0.2,2.2552714995108545,0.0768159031867981,-0.005986633492284454
1,1825,0,1553.0,452608,45.0,1.0290653705596924,0.01973064,-5.919703655336052,-0.057575308572268113,7064,0.0244140625,0.0001,0.2,3.095780562609434,0.2774689197540283,-0.004747800652694423
1,1765,0,1495.0,453120,45.0,0.2922840714454651,0.00448029,-6.202952929940075,-0.04068357028518221,7072,0.022216796875,0.0001,0.2,1.8499824632890522,0.6004597246646881,-0.0035953748592874035
1,1935,0,1398.5,453632,45.0,0.32492905855178833,0.011006558,-6.570500507038087,-0.05199733264817041,7080,0.033447265625,0.0001,0.2,1.3330047084018588,0.6005417108535767,-0.0060301247431198135
1,1887,0,1289.0,454144,45.0,0.34589511156082153,0.0018022786,-6.6365189210884274,-0.03104890540271299,7088,0.014404296875,0.0001,0.2,1.0663706378545612,0.5219795107841492,-0.0004265363750164397
1,1783,0,1279.0,454656,45.0,0.2404903769493103,0.0155823175,-6.891340155061334,-0.043916410100791836,7096,0.02197265625,0.0001,0.2,0.6655866421060637,0.35804450511932373,-0.005633691565890331
1,1965,0,1285.5,455168,45.0,0.2559831440448761,0.021622064,-7.448698597997427,-0.0508063857560046,7104,0.031005859375,0.0001,0.2,1.8235450938809663,0.3148900866508484,-0.007132632425054908
1,1742,0,1217.0,455680,45.0,0.6977275609970093,0.0027835947,-7.806342462394387,-0.0347451618690684,7112,0.01513671875,0.0001,0.2,1.8235478191636503,0.18903189897537231,-0.005527807021280751
1,1649,0,1279.0,456192,45.0,0.4698941111564636,0.0006864001,-8.507874834146351,-0.032003331052692374,7120,0.00830078125,0.0001,0.2,1.816064305137843,0.2366858720779419,-0.00347184733254835
1,1855,0,1241.5,456704,45.0,0.5199759006500244,0.0052075107,-8.381956874765455,-0.037898239152127644,7128,0.0146484375,0.0001,0.2,1.7877656556665897,0.37034815549850464,-0.003847502637654543
1,1793,0,1299.0,457216,45.0,1.3878601789474487,0.0071871695,-8.377308809570968,-0.03899091315543046,7136,0.01171875,0.0001,0.2,3.1037217900156975,0.5177126526832581,-0.0038777737827331293
1,1693,0,1322.0,457728,45.0,0.9750220775604248,0.0014875993,-8.449132363833487,-0.03367696206260007,7144,0.0087890625,0.0001,0.2,2.3911152542568743,0.6593994796276093,-0.0027169881577719934
1,1883,0,1429.5,458240,45.0,1.412651538848877,0.0032177996,-8.365291600339114,-0.035221237791120075,7152,0.010009765625,0.0001,0.2,2.6939438059926033,0.747106283903122,-0.004816861874132883
1,1956,0,1397.5,458752,45.0,1.108740210533142,0.00071107957,-8.346495072357357,-0.027406006891396828,7160,0.00439453125,0.0001,0.2,1.570791992591694,0.819629043340683,-0.0024757632563705556
1,1663,0,1398.0,459264,45.0,0.7496340870857239,0.008697705,-8.4343570291996,-0.03260626920382492,7168,0.01220703125,0.0001,0.2,2.609998780535534,0.6270537078380585,-0.0035718768849619664
1,1725,0,1423.0,459776,45.0,1.3369966745376587,0.001190979,-8.137114146910609,-0.030221221702959156,7176,0.00830078125,0.0001,0.2,2.4637063732370734,0.6518875956535339,-0.002389395856880583
1,1715,0,1437.0,460288,45.0,0.6854451894760132,0.022088002,-7.681210701167584,-0.05479182155977469,7184,0.0302734375,0.0001,0.2,1.909900724189356,0.37758904695510864,-0.005841103473358089
1,1919,0,1328.5,460800,45.0,0.42155617475509644,0.011935512,-7.264946364276111,-0.04933186604466755,7192,0.025634765625,0.0001,0.2,1.4263870905851945,0.4482361078262329,-0.0073760314407991245
1,1870,0,1310.0,461312,45.0,0.5488414764404297,0.009655875,-7.7336386073380705,-0.04743060202599736,7200,0.03173828125,0.0001,0.2,2.096763979876414,0.11244851350784302,-0.009511307329375995
1,1351,0,1289.5,461824,45.0,0.457870215177536,0.018903645,-7.550106923282146,-0.04183379291862366,7208,0.02978515625,0.0001,0.2,1.7101002000272274,0.13944405317306519,-0.005342459102394059
1,1826,0,1329.0,462336,45.0,0.40989041328430176,0.00667917,-7.842151855528354,-0.0347005634503148,7216,0.017333984375,0.0001,0.2,1.7802653099643067,0.20437335968017578,-0.007180889006122015
1,1571,0,1239.5,462848,45.0,0.3068792521953583,0.0041813287,-7.8631498021259905,-0.043217136177190696,7224,0.019775390625,0.0001,0.2,1.4572391635738313,0.387053906917572,-0.00454576106130844
1,1709,0,1375.5,463360,45.0,0.48112645745277405,0.019843794,-8.445554808452725,-0.04899630237923702,7232,0.0322265625,0.0001,0.2,1.8022425835952163,0.3946313261985779,-0.005173369205294875
1,1723,0,1346.0,463872,45.0,0.7347965240478516,0.004205624,-8.388291240409016,-0.03651690443075495,7240,0.018310546875,0.0001,0.2,1.9302094904705882,0.3119649291038513,-0.004655058823118452
1,1747,0,1340.5,464384,45.0,1.1740379333496094,0.0034511467,-8.995120842382311,-0.05624230723333312,7248,0.017822265625,0.0001,0.2,3.883093634620309,0.3502647280693054,-0.00563559139118297
1,1615,0,1332.5,464896,45.0,1.3825050592422485,0.008635273,-9.30045316811651,-0.04973420357782743,7256,0.02734375,0.0001,0.2,2.839440036099404,0.4026716947555542,-0.0057238033405155875
1,1792,0,1394.0,465408,45.0,1.7785441875457764,0.003980291,-9.582646248191596,-0.07490661517658737,7264,0.037841796875,0.0001,0.2,3.1618605945259333,0.46905267238616943,-0.007054029294522479
1,1758,0,1383.0,465920,45.0,0.9087150692939758,0.007952154,-9.166326062064618,-0.04625836564810015,7272,0.02880859375,0.0001,0.2,2.3898750303778797,0.44760245084762573,-0.00650975890312111
1,1318,0,1337.5,466432,45.0,0.6080307960510254,0.007258278,-8.984683618638664,-0.04939113083310076,7280,0.024658203125,0.0001,0.2,2.442196629475802,0.3932911157608032,-0.007265322898092563
1,1799,0,1367.5,466944,45.0,0.47437572479248047,0.00354742,-8.91311155648902,-0.03975674361572601,7288,0.024658203125,0.0001,0.2,1.4225644408725202,0.4453797936439514,-0.006406470949514187
1,1810,0,1331.5,467456,45.0,0.42613473534584045,0.007051272,-8.771188052427023,-0.04155006193104782,7296,0.02734375,0.0001,0.2,1.6401045394595712,-0.12727892398834229,-0.005212945594394114
1,1632,0,1368.5,467968,45.0,0.6315496563911438,0.008050376,-8.662819197494537,-0.05688288526653196,7304,0.0263671875,0.0001,0.2,2.238034675596282,0.11241179704666138,-0.0070607383458991535
1,1747,0,1408.0,468480,45.0,0.4939872622489929,0.0038566934,-8.228464149087667,-0.04014690267285914,7312,0.017578125,0.0001,0.2,1.2253999116364866,0.3162500858306885,-0.005764131456089672
1,1685,0,1375.5,468992,45.0,0.17461255192756653,0.015545447,-7.970070196688175,-0.030656028729936224,7320,0.027099609375,0.0001,0.2,1.56689061911311,0.23316740989685059,-0.005915288485994097
1,1809,0,1349.5,469504,45.0,1.0937507152557373,0.0012689165,-8.30697841309011,-0.03837014401869965,7328,0.01171875,0.0001,0.2,3.541090321727097,0.06847280263900757,-0.002956285221443977
1,1780,0,1392.5,470016,45.0,0.25983697175979614,0.007277952,-8.235940138734877,-0.039080156057025306,7336,0.02392578125,0.0001,0.2,1.443570781731978,-0.42026662826538086,-0.0075518270659813425
1,1875,0,1455.0,470528,45.0,0.3873089849948883,0.010243198,-8.51985838694498,-0.029817762009770377,7344,0.024658203125,0.0001,0.2,1.120007797027938,0.34430015087127686,-0.006720665300235851
1,1321,0,1428.0,471040,45.0,0.4524212181568146,0.0049611717,-9.087018464338035,-0.02764243270848965,7352,0.014404296875,0.0001,0.2,2.510673393495381,0.23331469297409058,-0.005153799669642467
1,1838,0,1487.5,471552,45.0,0.38076815009117126,0.009723077,-9.458802942428738,-0.031635627876312356,7360,0.021484375,0.0001,0.2,1.1137397750280797,0.1702340841293335,-0.005333981025614776
1,1824,0,1449.5,472064,45.0,0.15186049044132233,0.0019227915,-9.436092445161194,-0.023237693263581605,7368,0.00927734375,0.0001,0.2,0.7145461910404265,0.6069328486919403,-0.0014480309910140932
1,1687,0,1440.5,472576,45.0,0.8516082763671875,0.0054379576,-9.591156312767417,-0.028829785631387495,7376,0.01708984375,0.0001,0.2,3.7365224878303707,0.24862051010131836,-0.0022415853854909074
1,1850,0,1421.0,473088,45.0,0.18727467954158783,0.00053643284,-9.400441285632551,-0.018826431884008343,7384,0.005859375,0.0001,0.2,1.0603456278331578,0.5938789248466492,-0.0020869773579761386
1,1713,0,1418.0,473600,45.0,0.6264529228210449,0.104165286,-9.205864505525678,-0.03915205801240518,7392,0.03955078125,0.0001,0.2,3.2211619219742715,0.24543732404708862,-0.016403517445723992
1,1820,0,1417.5,474112,45.0,0.08837532997131348,0.011284345,-8.667636498007923,-0.031001638342786464,7400,0.025146484375,0.0001,0.2,1.0727459887275472,0.4704676866531372,-0.006396235774445813
1,1981,0,1306.5,474624,45.0,1.4567865133285522,0.007604266,-8.458050410505384,-0.020960826352165896,7408,0.011962890625,0.0001,0.2,3.0328693150077015,0.42027831077575684,-0.0024208326140069403
1,1776,0,1354.5,475136,45.0,0.5450634956359863,0.005338759,-8.365336483325809,-0.024974198342533782,7416,0.015869140625,0.0001,0.2,2.309570725541562,0.16983455419540405,-0.004832935614103917
1,1389,0,1366.0,475648,45.0,0.33837610483169556,0.013420318,-7.684074236247689,-0.020372992197735584,7424,0.009033203125,0.0001,0.2,1.045717944856733,0.5129580199718475,-0.0022703717768308707
1,1796,0,1269.0,476160,45.0,1.8214713335037231,0.0011150283,-7.609414302092046,-0.02206524336725124,7432,0.00732421875,0.0001,0.2,2.596208528848365,0.38116389513015747,-0.0033108169554907363
1,1673,0,1321.0,476672,45.0,0.47412174940109253,0.0019438606,-7.931547524053603,-0.0220039891282795,7440,0.004638671875,0.0001,0.2,2.4526493409648538,0.3359512686729431,-0.0007734651189821307
1,1622,0,1304.0,477184,45.0,0.8759098052978516,0.013095848,-7.899826727230102,-0.0470899696010747,7448,0.033935546875,0.0001,0.2,2.213116222526878,0.6092580556869507,-0.004901147836790187
1,1653,0,1352.0,477696,45.0,1.0225681066513062,0.0051848404,-8.359324999283999,-0.029515678730604122,7456,0.012451171875,0.0001,0.2,2.6355249215848744,0.5618177354335785,-0.0036437888702494092
1,1770,0,1416.5,478208,45.0,0.7549639344215393,0.009103503,-8.593980842828751,-0.037261083747580415,7464,0.019287109375,0.0001,0.2,2.5829845340922475,0.38803404569625854,-0.005718203603464644
1,1853,0,1449.5,478720,45.0,0.3291047513484955,0.006874529,-8.969406159110367,-0.026544935102720046,7472,0.014404296875,0.0001,0.2,1.1929000134114176,0.16331368684768677,-0.0034051808834192343
1,1687,0,1558.0,479232,45.0,1.161867618560791,0.0046327887,-8.701751953139901,-0.02884114152038819,7480,0.01025390625,0.0001,0.2,2.5475057144649327,0.42021530866622925,-0.005569434313656529
1,1671,0,1552.0,479744,45.0,1.7736742496490479,0.0096799005,-8.65151782181114,-0.0379447851992154,7488,0.0283203125,0.0001,0.2,4.83886697422713,0.23581445217132568,-0.007069150888128206
1,1329,0,1627.0,480256,45.0,1.4452457427978516,0.011273088,-8.999543451126664,-0.04924479026522022,7496,0.03125,0.0001,0.2,4.022534938529134,0.276115357875824,-0.008796027090284042
1,1721,0,1631.5,480768,45.0,2.801561117172241,0.0039852033,-8.69756417904049,-0.033150388317153556,7504,0.012939453125,0.0001,0.2,4.260549918748438,0.5203925371170044,-0.004404680716106668
1,1732,0,1623.0,481280,45.0,1.907931923866272,0.005713519,-8.434309706911444,-0.0428018264574348,7512,0.023681640625,0.0001,0.2,4.216832864098251,0.5074878931045532,-0.006075286157283699
1,1774,0,1603.0,481792,45.0,0.9165225625038147,0.003796489,-8.114460378028452,-0.03452391105747665,7520,0.01025390625,0.0001,0.2,3.596455305814743,0.3382818102836609,-0.0036122305173194036
1,1582,0,1609.0,482304,45.0,0.24714350700378418,0.012297893,-7.547315984517336,-0.03732136735925451,7528,0.0224609375,0.0001,0.2,1.758177116047591,0.000699162483215332,-0.00869169934594538
1,1703,0,1557.0,482816,45.0,0.35460636019706726,0.009641751,-7.1340770265087485,-0.06291866188985296,7536,0.015869140625,0.0001,0.2,2.5047120673116297,0.2718413472175598,-0.005073261367215309
1,1687,0,1590.0,483328,45.0,0.6827954649925232,0.010334096,-6.860742730721832,-0.04758171879075235,7544,0.0283203125,0.0001,0.2,1.7987979087047279,0.3261382579803467,-0.004659588052163599
1,1897,0,1545.0,483840,45.0,0.9299966096878052,0.005462657,-6.744321077130735,-0.04016026172757847,7552,0.017578125,0.0001,0.2,2.173182595986873,0.3948124051094055,-0.004328803508542478
1,1479,0,1499.5,484352,45.0,0.7980767488479614,0.004632921,-6.618163956627249,-0.02473890027613379,7560,0.010009765625,0.0001,0.2,1.8645065841265023,0.26025640964508057,-0.004091238479304593
1,1237,0,1519.5,484864,45.0,0.5421651601791382,0.036261648,-6.449556106161326,-0.054393915605032817,7568,0.044677734375,0.0001,0.2,1.7901497418060899,0.3696593642234802,-0.0034448174774297513
1,1836,0,1527.0,485376,45.0,0.5940788984298706,0.009250089,-6.347589683234691,-0.0479384054960974,7576,0.03076171875,0.0001,0.2,1.31178572983481,0.7106793820858002,-0.007974162697792053
1,1738,0,1503.0,485888,45.0,0.6333523392677307,0.01096583,-6.5639605181664225,-0.038679660188790876,7584,0.022705078125,0.0001,0.2,2.9565391102805734,0.4108738303184509,-0.0018430869349685963
1,1640,0,1514.5,486400,45.0,1.1783859729766846,0.0077850786,-6.970372544787824,-0.03777150876703672,7592,0.02392578125,0.0001,0.2,3.3228232096880674,0.35743248462677,-0.006992469219767372
1,1632,0,1494.5,486912,45.0,1.0426422357559204,0.0093961675,-7.5426677766814825,-0.04569842443743255,7600,0.02978515625,0.0001,0.2,3.4597116326913238,0.46629369258880615,-0.004572213008941617
1,1553,0,1511.0,487424,45.0,0.6555278301239014,0.04218893,-8.137521860487759,-0.05226924650196452,7608,0.0380859375,0.0001,0.2,2.864748138934374,0.4002591371536255,-0.0068107448241789825
1,1614,0,1516.5,487936,45.0,3.875277280807495,0.005716678,-8.574237056002021,-0.07658905443531694,7616,0.03076171875,0.0001,0.2,5.8036421672441065,0.12417858839035034,-0.010102264503075276
1,1678,0,1494.0,488448,45.0,1.6872977018356323,0.007893227,-8.742838367447257,-0.060310363696771674,7624,0.027099609375,0.0001,0.2,2.7697191266342998,0.2595389485359192,-0.005271919082588283
1,1571,0,1537.0,488960,45.0,4.0781354904174805,0.0021696726,-9.72922343045473,-0.050311945502471644,7632,0.0166015625,0.0001,0.2,12.381484433077276,0.11736607551574707,-0.003572436125978129
1,1729,0,1571.5,489472,45.0,0.7891867756843567,0.008534625,-9.685828234627843,-0.045569842637632973,7640,0.02197265625,0.0001,0.2,2.002937846351415,-0.2368316650390625,-0.004534904539468698
1,1708,0,1582.0,489984,45.0,0.5187684893608093,0.020220764,-9.790162288285792,-0.042681088281824486,7648,0.03515625,0.0001,0.2,1.2939195577055216,0.10285443067550659,-0.007646637684956659
1,1870,0,1532.0,490496,45.0,0.10575614124536514,0.01478628,-9.412703995332121,-0.03498105096514337,7656,0.019287109375,0.0001,0.2,1.3086063952650875,0.17476266622543335,-0.004342359316069633
1,1719,0,1523.5,491008,45.0,0.18966460227966309,0.012029356,-9.1254220046103,-0.032612317485472886,7664,0.016357421875,0.0001,0.2,1.022191513562575,0.22231394052505493,-0.005220008504693396
1,1821,0,1472.5,491520,45.0,0.3291332423686981,0.016360201,-8.365924950912595,-0.04353523776808288,7672,0.030517578125,0.0001,0.2,0.9312334562418982,0.19322508573532104,-0.004463510547793703
1,1750,0,1432.0,492032,45.0,0.5159122943878174,0.008732597,-7.779527545198798,-0.03914617023838218,7680,0.016845703125,0.0001,0.2,1.514981699641794,0.12455391883850098,-0.005020064694690518
1,1824,0,1359.5,492544,45.0,0.3254021108150482,0.012240913,-7.564858097285033,-0.04589072015369311,7688,0.028564453125,0.0001,0.2,1.1716231440659612,0.41531360149383545,-0.005824529122037347
1,1803,0,1319.5,493056,45.0,5.550783634185791,0.0038402076,-7.672115551903844,-0.04311612727906322,7696,0.010986328125,0.0001,0.2,35.21332253701985,0.13058090209960938,-0.000708467880031094
1,1774,0,1255.5,493568,45.0,31.00619888305664,0.00045268086,-7.784705451242626,-0.034482715142075904,7704,0.001953125,0.0001,0.2,35.69433986674994,0.5176531970500946,-0.0020002224991912954
1,1734,0,1166.5,494080,45.0,0.21733978390693665,0.0021306681,-7.51687528450042,-0.02998902805848047,7712,0.01123046875,0.0001,0.2,4.144165588542819,-0.7464672327041626,-0.004856125211517792
1,1843,0,1102.0,494592,45.0,8.838249206542969,0.032724764,-8.995615272037686,-0.05438788815808948,7720,0.025634765625,0.0001,0.2,36.274146352894604,0.35892850160598755,-0.011553701318916865
1,1860,0,1109.0,495104,45.0,0.6124906539916992,0.00904524,-9.210225454494356,-0.026182956557022408,7728,0.015625,0.0001,0.2,2.8254671809263527,-0.1244807243347168,-0.004909998937364435
1,2061,0,1001.5,495616,45.0,3.523833990097046,0.0008128667,-10.326173854731023,-0.0216460513365746,7736,0.007080078125,0.0001,0.2,27.23097419552505,0.5136485695838928,-0.002387755681411363
1,1839,0,979.5,496128,45.0,0.32986390590667725,0.0047367644,-11.021768793836236,-0.022909075330971973,7744,0.008056640625,0.0001,0.2,2.7103678684215993,-0.7471405267715454,-0.0037651733509846963
1,1799,0,999.5,496640,45.0,2.1825711727142334,0.0061624963,-11.647303497940301,-0.02543256180433673,7752,0.010009765625,0.0001,0.2,4.4855950409546494,0.04969745874404907,-0.0030988460493972525
1,1799,0,1025.0,497152,45.0,0.7622126936912537,0.0054576113,-11.8597248358652,-0.02359070880629588,7760,0.009765625,0.0001,0.2,1.652018477441743,0.3740454316139221,-0.002235494277556427
1,1799,0,959.0,497664,45.0,1.0202518701553345,0.012362826,-11.579107201397418,-0.03972348086244892,7768,0.0283203125,0.0001,0.2,1.907150718383491,0.4764431118965149,-0.006348196249746252
1,1980,0,895.0,498176,45.0,0.7959568500518799,0.008777886,-11.586321307048202,-0.02620853814732982,7776,0.012939453125,0.0001,0.2,2.156544467434287,0.4760212302207947,-0.0035765040811384097
1,1507,0,928.5,498688,45.0,0.7794666290283203,0.03950642,-12.269085208028555,-0.1001018273527734,7784,0.083251953125,0.0001,0.2,1.9578537293709815,0.5100924074649811,-0.009182585286907852
1,1759,0,947.0,499200,45.0,1.6086395978927612,0.0076195775,-11.465102507211268,-0.263307717978023,7792,0.0771484375,0.0001,0.2,5.033416856080294,0.5459177196025848,-0.006142044170701411
1,1797,0,965.0,499712,45.0,3.7088990211486816,0.034390975,-12.73363243497908,-0.25987620814703405,7800,0.0712890625,0.0001,0.2,8.155662378296256,0.46526026725769043,-0.006768370818463154
1,1939,0,991.5,500224,45.0,3.5974459648132324,0.005649076,-12.931518819406628,-0.33485323761124164,7808,0.080322265625,0.0001,0.2,9.522355576977134,0.5877909958362579,-0.0023343433713307604
1,1680,0,1067.0,500736,45.0,3.520512342453003,0.013285425,-14.057142089903355,-0.32229903992265463,7816,0.077880859375,0.0001,0.2,11.280627872794867,0.7354873418807983,-0.009973022402846254
1,1718,0,1025.0,501248,45.0,1.4549282789230347,0.0026501142,-13.79896662246436,-0.19506934087257832,7824,0.0361328125,0.0001,0.2,6.555795107036829,0.7051957249641418,-0.00551799558888888
1,1732,0,1120.0,501760,45.0,5.477564334869385,0.0070986575,-13.720479066297411,-0.19591680844314396,7832,0.084228515625,0.0001,0.2,10.885377414524555,0.6971134841442108,-0.011834940780317993
1,1752,0,1233.5,502272,45.0,1.6270345449447632,0.0028605754,-12.956378109008075,-0.14476774085778743,7840,0.042236328125,0.0001,0.2,4.664070188999176,0.8226717114448547,-0.005237172415945679
1,1769,0,1277.5,502784,45.0,2.78183913230896,0.030025974,-11.930995671115816,-0.11134386176127009,7848,0.056396484375,0.0001,0.2,4.368139361962676,0.7747072130441666,-0.01085991474246839
1,1264,0,1310.0,503296,45.0,1.0409059524536133,0.007910278,-10.77182089202106,-0.04656225032522343,7856,0.013671875,0.0001,0.2,2.4329985845834017,0.8262076675891876,-0.005684318493877072
1,1744,0,1363.0,503808,45.0,0.6099505424499512,0.0060570557,-8.843997708149255,-0.05584163320600055,7864,0.03125,0.0001,0.2,2.5381459295749664,0.7769044190645218,-0.005951865408860613
1,1780,0,1421.5,504320,45.0,1.0838416814804077,0.013107756,-7.240726967714727,-0.047570657916367054,7872,0.02587890625,0.0001,0.2,3.0996359512209892,0.560151994228363,-0.00591010296557215
1,1706,0,1457.5,504832,45.0,0.8983147144317627,0.0048550908,-5.550074419900775,-0.03936764363606926,7880,0.01611328125,0.0001,0.2,2.6296015549451113,0.41864490509033203,-0.003962584938562941
1,1931,0,1371.0,505344,45.0,1.1107860803604126,0.01206488,-3.7729364304989574,-0.048784289028844796,7888,0.026611328125,0.0001,0.2,2.7285198378376663,0.35730570554733276,-0.00571225514067919
1,1640,0,1359.5,505856,45.0,0.8146408200263977,0.0173322,-3.320784834958613,-0.04482104300768697,7896,0.035888671875,0.0001,0.2,2.122240855358541,-0.3404664993286133,-0.0051079765253234655
1,1925,0,1269.5,506368,45.0,0.5542201995849609,0.014214402,-3.0292015462741255,-0.03837512839163537,7904,0.0244140625,0.0001,0.2,1.5396724911406636,0.14672785997390747,-0.005568437791225733
1,1720,0,1295.5,506880,45.0,0.2759758234024048,0.007009457,-3.8133448296040298,-0.031772570768225705,7912,0.020263671875,0.0001,0.2,1.447698120959103,0.24364429712295532,-0.0036412954177649226
1,1712,0,1334.0,507392,45.0,0.252657413482666,0.005818398,-4.4580252072587605,-0.023541333661341923,7920,0.011474609375,0.0001,0.2,1.4160305201075971,0.30461227893829346,-0.003469682611466851
1,1778,0,1325.5,507904,45.0,0.673146665096283,0.008284724,-6.013373488076031,-0.04662830207234947,7928,0.024658203125,0.0001,0.2,1.4358192703220993,0.30008095502853394,-0.005496674340975005
1,1744,0,1295.0,508416,45.0,0.41728475689888,0.0063637737,-7.142915332764387,-0.05794980352220591,7936,0.042724609375,0.0001,0.2,1.444006721721962,0.3114781379699707,-0.006874112666992005
1,1627,0,1312.0,508928,45.0,0.7892503142356873,0.0051019285,-8.116071488745511,-0.04000144341989653,7944,0.016845703125,0.0001,0.2,2.003821219317615,0.5182889699935913,-0.005309650208801031
1,1759,0,1364.5,509440,45.0,0.8353617191314697,0.008408046,-8.909195697680115,-0.06342082554328954,7952,0.038330078125,0.0001,0.2,2.470621924381703,0.21853172779083252,-0.009724018367705867
1,1659,0,1504.0,509952,45.0,0.6189011335372925,0.00881494,-9.493725520856678,-0.045150098732847255,7960,0.026123046875,0.0001,0.2,1.2891876467037946,0.3378707766532898,-0.006091555456805509
1,1644,0,1469.0,510464,45.0,0.22894474864006042,0.017707948,-9.739882160834968,-0.045025058614555746,7968,0.026123046875,0.0001,0.2,1.0870303241536021,0.5704510807991028,-0.004222739371471107
1,1664,0,1572.0,510976,45.0,0.7631399631500244,0.016251886,-9.958665557354689,-0.07047902284830343,7976,0.046875,0.0001,0.2,1.7330641262233257,0.0052100419998168945,-0.01055318268481642
1,1714,0,1577.5,511488,45.0,0.507647693157196,0.013406926,-9.588764958158135,-0.05649242745130323,7984,0.038818359375,0.0001,0.2,1.5246524484828115,-0.0009548664093017578,-0.01007899872638518
1,1706,0,1468.5,512000,45.0,0.36637234687805176,0.006793078,-9.163386480547487,-0.04120793779293308,7992,0.02294921875,0.0001,0.2,1.3528440007939935,-0.02199685573577881,-0.006465186343120877
1,1249,0,1462.5,512512,45.0,1.4268797636032104,0.023118341,-8.588816091120243,-0.0574875457023154,8000,0.035400390625,0.0001,0.2,2.3714991291053593,-0.05346262454986572,-0.006060950019673328
1,1811,0,1431.0,513024,45.0,1.684687852859497,0.013591884,-8.410483492352068,-0.0685120660928078,8008,0.045654296875,0.0001,0.2,4.191235672682524,0.08709609508514404,-0.008407850113144377
1,1980,0,1335.5,513536,45.0,0.10246855765581131,0.00807992,-7.981148752272129,-0.036131316806859104,8016,0.0185546875,0.0001,0.2,1.3445053430041298,0.06697404384613037,-0.004978946621122304
1,1766,0,1278.0,514048,45.0,0.39397183060646057,0.012196872,-8.068141478411853,-0.03422394949666341,8024,0.02392578125,0.0001,0.2,0.8288775927503593,0.31953907012939453,-0.00655212549463613
1,1862,0,1222.0,514560,45.0,0.9144243597984314,0.0028383792,-7.7933680384606125,-0.038008775849448284,8032,0.02001953125,0.0001,0.2,1.4967625788412988,0.5520789325237274,-0.006105387037678156
1,1738,0,1284.0,515072,45.0,1.3612446784973145,0.0030524638,-8.093434172831476,-0.040663150924956426,8040,0.01123046875,0.0001,0.2,3.498318054713309,0.5297583639621735,-0.0033891236889758147
1,1619,0,1265.0,515584,45.0,0.6830053329467773,0.0050255894,-7.781958553753793,-0.051796061834465945,8048,0.0263671875,0.0001,0.2,2.859031004831195,0.5668018758296967,-0.00762531346117612
1,1811,0,1246.5,516096,45.0,1.6885393857955933,0.004771257,-8.014792919009924,-0.06367347682680702,8056,0.028564453125,0.0001,0.2,2.971471718046814,0.6581758856773376,-0.005320675278198905
1,1769,0,1256.0,516608,45.0,2.3242523670196533,0.0025252914,-8.229990637823938,-0.05879526663920842,8064,0.019287109375,0.0001,0.2,6.7534620659425855,0.47318464517593384,-0.0036007321905344725
1,1858,0,1215.0,517120,45.0,0.6202049255371094,0.00867664,-8.35864512167871,-0.05225371738197282,8072,0.024169921875,0.0001,0.2,2.423423800384626,0.6389955282211304,-0.004455261645489372
1,1707,0,1189.0,517632,45.0,1.0790687799453735,0.007886028,-8.31614450570196,-0.04275109300942859,8080,0.020751953125,0.0001,0.2,2.317298813490197,0.4005501866340637,-0.005216005421971204
1,1715,0,1237.5,518144,45.0,0.4692929983139038,0.018939782,-8.174892355389893,-0.06500997037801426,8088,0.033203125,0.0001,0.2,2.3014418091624975,0.46998029947280884,-0.004863997799475328
1,1524,0,1238.0,518656,45.0,0.35615429282188416,0.005345189,-8.115952859148383,-0.04980606985191116,8096,0.023681640625,0.0001,0.2,1.6535677823703736,0.5433452427387238,-0.004417643358465284
1,1747,0,1218.5,519168,45.0,0.45260679721832275,0.008762583,-8.015042614527047,-0.06558056306676008,8104,0.03076171875,0.0001,0.2,1.4867053048219532,0.5726659893989563,-0.00952044684527209
1,1555,0,1225.5,519680,45.0,0.32307058572769165,0.018047592,-7.899467329196632,-0.05415692605311051,8112,0.037841796875,0.0001,0.2,0.9950814207550138,0.5632882416248322,-0.008408005171077093
1,1872,0,1178.0,520192,45.0,0.49437373876571655,0.011945168,-8.190368817076086,-0.06486917322035879,8120,0.044921875,0.0001,0.2,2.6375052710063756,0.18524926900863647,-0.010335183214920107
1,1694,0,1200.5,520704,45.0,0.3648551404476166,0.005023627,-8.153025621287524,-0.04342215660290094,8128,0.020751953125,0.0001,0.2,1.2263109511695802,-0.13443982601165771,-0.006303628368186764
1,1634,0,1247.5,521216,45.0,1.030190110206604,0.009640377,-8.430325443260372,-0.0692435566597851,8136,0.039306640625,0.0001,0.2,6.09751480165869,0.15536725521087646,-0.0077872109759482555
1,1306,0,1288.0,521728,45.0,0.7489075660705566,0.0043921415,-8.471899455152451,-0.07135364603891503,8144,0.025634765625,0.0001,0.2,3.1557469847612083,0.24703383445739746,-0.0029048668693576474
1,1626,0,1338.0,522240,45.0,1.4962719678878784,0.011408424,-8.837594338953496,-0.0408888658239448,8152,0.025146484375,0.0001,0.2,3.284949252381921,0.1921669840812683,-0.006497679998574313
1,1720,0,1293.5,522752,45.0,0.44609346985816956,0.018551087,-9.143070408552886,-0.06910314384003868,8160,0.034912109375,0.0001,0.2,1.2567206423263997,0.3605288863182068,-0.009580404672306031
1,1778,0,1307.5,523264,45.0,1.6552009582519531,0.01141911,-9.233588274791837,-0.07172141056435066,8168,0.03955078125,0.0001,0.2,2.4283174839802086,0.3376399874687195,-0.006706110769300722
1,1704,0,1336.0,523776,45.0,0.8506268858909607,0.009502981,-9.589975663349032,-0.03944066650001332,8176,0.016845703125,0.0001,0.2,2.02198579069227,0.3105584383010864,-0.0043348663675715216
1,1921,0,1267.0,524288,45.0,0.7523269057273865,0.0080304835,-9.538931869454682,-0.06709370706084883,8184,0.029052734375,0.0001,0.2,2.3933175038546324,0.2337479591369629,-0.00817474633367965
1,1758,0,1230.5,524800,45.0,1.6266405582427979,0.029462209,-9.858516905754804,-0.07069209702967783,8192,0.03125,0.0001,0.2,10.725030029192567,0.32417428493499756,-0.006892360466736136
1,1635,0,1308.0,525312,45.0,0.40968579053878784,0.0020950865,-9.917661727331579,-0.04098552403593203,8200,0.016845703125,0.0001,0.2,1.5229918698314577,-0.25991928577423096,-0.004871756260399707
1,2066,0,1189.0,525824,45.0,0.5303805470466614,0.011845535,-9.135823830105364,-0.0516106365575979,8208,0.03515625,0.0001,0.2,1.8697010243777186,-0.21250104904174805,-0.007644800629350357
1,1406,0,1178.0,526336,45.0,0.319600373506546,0.007528051,-9.173343363329769,-0.052256321330787614,8216,0.0419921875,0.0001,0.2,1.7979119215160608,0.21684718132019043,-0.007970293401740491
1,1704,0,1166.0,526848,45.0,0.2946367561817169,0.002479155,-8.9033474470675,-0.039350079281575745,8224,0.012939453125,0.0001,0.2,1.4814273887313902,-0.420448899269104,-0.004660721628169995
1,1844,0,1130.5,527360,45.0,1.1470402479171753,0.009063025,-9.062483000978828,-0.06291410826088395,8232,0.031005859375,0.0001,0.2,3.4423844777047634,0.18260526657104492,-0.008481010874675121
1,1800,0,1174.0,527872,45.0,0.8006041646003723,0.0030225916,-9.034575262516737,-0.03656340207271569,8240,0.01708984375,0.0001,0.2,2.290179865900427,0.3998064398765564,-0.0054734714576625265
1,1848,0,1101.5,528384,45.0,1.853540062904358,0.0036576102,-8.838848423138261,-0.03593313108285656,8248,0.015869140625,0.0001,0.2,2.8354950062930584,0.5028365254402161,-0.004111574438866228
1,1758,0,1175.0,528896,45.0,1.011417269706726,0.011447639,-8.919066544473171,-0.06005314250069205,8256,0.033935546875,0.0001,0.2,3.231604738160968,0.3897092342376709,-0.011691882202285342
1,1809,0,1216.0,529408,45.0,1.0181711912155151,0.006305561,-8.557665907740592,-0.050596697295986814,8264,0.021484375,0.0001,0.2,3.945729472208768,0.32075732946395874,-0.0067733260766544845
1,1883,0,1169.0,529920,45.0,0.35352522134780884,0.0073990272,-8.543204503059387,-0.03884273586299969,8272,0.018310546875,0.0001,0.2,1.0970805292017758,0.4405806064605713,-0.005087889319838723
1,1695,0,1237.0,530432,45.0,1.037506341934204,0.007490229,-8.73510062135756,-0.051133232191205025,8280,0.026611328125,0.0001,0.2,2.089515674393624,0.35263681411743164,-0.0033312877858406864
1,1211,0,1298.5,530944,45.0,0.8801982998847961,0.011634806,-8.576750533729792,-0.05093190210754983,8288,0.0263671875,0.0001,0.2,2.6827811375260353,0.18903756141662598,-0.007049898667901289
1,1905,0,1232.5,531456,45.0,0.6772308349609375,0.020439377,-8.331752818003297,-0.05787200737540843,8296,0.049560546875,0.0001,0.2,2.2992208641953766,0.31154608726501465,-0.012052311838488095
1,1673,0,1240.5,531968,45.0,0.20894134044647217,0.016275164,-8.059523942731321,-0.038282733388768975,8304,0.025390625,0.0001,0.2,2.430826234165579,0.11752951145172119,-0.008201577125873882
1,1725,0,1285.0,532480,45.0,0.43420371413230896,0.014074471,-8.050963258333503,-0.046901298035663785,8312,0.032958984375,0.0001,0.2,1.4646161126438528,-0.04489302635192871,-0.0058541802027320955
1,1672,0,1278.5,532992,45.0,0.2908252477645874,0.013644531,-7.777460773512721,-0.0286055103988474,8320,0.0126953125,0.0001,0.2,1.0695987151702866,0.5841721594333649,-0.0018670300669327844
1,1712,0,1220.0,533504,45.0,0.5849500298500061,0.011704059,-7.709331489019096,-0.03959636438412417,8328,0.02880859375,0.0001,0.2,1.317254984518513,0.28068459033966064,-0.008559804591641296
1,1780,0,1247.0,534016,45.0,0.46931561827659607,0.009423075,-7.779454220980406,-0.053608898175298236,8336,0.03515625,0.0001,0.2,2.3375361100770533,0.04924231767654419,-0.008329816942932666
1,1695,0,1240.0,534528,45.0,0.5341977477073669,0.008470442,-7.811210168972611,-0.02177319481597806,8344,0.017333984375,0.0001,0.2,1.4098377847112715,0.24212437868118286,-0.006317766878055409
1,1742,0,1250.5,535040,45.0,0.5704191327095032,0.011758899,-7.95396878760308,-0.03149149162527465,8352,0.019287109375,0.0001,0.2,1.1068682759068906,0.41253191232681274,-0.006104024265368935
1,1925,0,1095.0,535552,45.0,0.2541029453277588,0.010757771,-8.386293626949191,-0.028963298896997003,8360,0.019775390625,0.0001,0.2,1.149147002841346,0.11153215169906616,-0.006505588928121142
1,1368,0,1144.5,536064,45.0,0.4923534393310547,0.0062140143,-9.638358964435756,-0.0314932067594782,8368,0.01806640625,0.0001,0.2,2.0351815968751907,0.36107659339904785,-0.006634006014792249
1,1772,0,1147.5,536576,45.0,0.6989336013793945,0.004577276,-10.082807903029025,-0.04369016820601246,8376,0.02001953125,0.0001,0.2,2.1061854790896177,-0.09012293815612793,-0.005875733633729396
1,1840,0,1045.5,537088,45.0,0.8122380971908569,0.0075141136,-10.466113400310277,-0.04135281852722983,8384,0.02490234375,0.0001,0.2,1.9314755161758512,0.4452452063560486,-0.005229719674389344
1,1666,0,1049.0,537600,45.0,0.7768973112106323,0.005646429,-11.479202845059335,-0.03974370617652312,8392,0.018798828125,0.0001,0.2,2.343635842204094,0.23594915866851807,-0.00464894579272368
1,1759,0,1075.5,538112,45.0,0.8624268770217896,0.0049111666,-12.002187237665057,-0.041055930181755684,8400,0.022216796875,0.0001,0.2,3.1810820470564067,0.19370794296264648,-0.005607584462268278
1,1797,0,1133.0,538624,45.0,0.8458156585693359,0.0053204,-11.996780129000545,-0.04203234466694994,8408,0.025634765625,0.0001,0.2,2.760451843496412,0.3773910403251648,-0.004368713955045678
1,1753,0,1175.5,539136,45.0,1.0296474695205688,0.009184379,-11.753133926317096,-0.04568209174613003,8416,0.03076171875,0.0001,0.2,2.559688522480428,0.6726733446121216,-0.00708321577985771
1,1784,0,1189.0,539648,45.0,1.3879377841949463,0.0049101086,-11.524375089257955,-0.05060121085261926,8424,0.031005859375,0.0001,0.2,2.1437697908841074,0.7419857680797577,-0.006986198426602641
1,1733,0,1316.5,540160,45.0,0.7606839537620544,0.0044087274,-10.84018957350403,-0.04083559641003376,8432,0.0205078125,0.0001,0.2,3.433138235239312,0.5897696614265442,-0.004554000097414246
1,1758,0,1337.0,540672,45.0,0.49210643768310547,0.012128099,-9.690188113376498,-0.0444115884056373,8440,0.025390625,0.0001,0.2,1.8036518888548017,0.7072721719741821,-0.00506904781650519
1,1998,0,1318.0,541184,45.0,0.9426206350326538,0.010379208,-9.042289815470577,-0.040948248544737,8448,0.022705078125,0.0001,0.2,2.0618185056373477,0.6678680181503296,-0.005771451840701047
1,1836,0,1341.0,541696,45.0,0.8635708093643188,0.0030930769,-8.515005594193935,-0.029363493784330785,8456,0.011474609375,0.0001,0.2,2.8463908624835312,-0.18172907829284668,-0.004630876050214283
1,1718,0,1330.5,542208,45.0,0.7920376062393188,0.007120407,-7.812786783389747,-0.044913301837368635,8464,0.020751953125,0.0001,0.2,2.6231530932709575,0.3006860017776489,-0.0047774828744877595
1,1776,0,1312.5,542720,45.0,0.6986895203590393,0.010923341,-7.4142160184308885,-0.051319821875949856,8472,0.029052734375,0.0001,0.2,2.1363946134224534,0.31867027282714844,-0.0047547992144245654
1,1553,0,1283.5,543232,45.0,0.7752499580383301,0.0109590925,-7.227734566703439,-0.05099574525956996,8480,0.02880859375,0.0001,0.2,1.6708392228465527,-0.18796050548553467,-0.010665568479453214
1,1725,0,1294.5,543744,45.0,0.29774099588394165,0.027739326,-7.500715342871845,-0.054462320757011184,8488,0.04736328125,0.0001,0.2,1.25559999817051,0.2377861738204956,-0.010841479743248783
1,1604,0,1321.0,544256,45.0,0.8944611549377441,0.014699992,-7.427597329132259,-0.052723850447364384,8496,0.037109375,0.0001,0.2,1.5078497568611056,0.5100062191486359,-0.008454045062535442
1,1584,0,1254.5,544768,45.0,0.3943783640861511,0.0055144345,-7.817172790393233,-0.04364237627123657,8504,0.028076171875,0.0001,0.2,2.187591653317213,0.37884193658828735,-0.008215919908252545
1,1618,0,1231.0,545280,45.0,0.6076303124427795,0.013919549,-8.505465321466327,-0.056886537284299266,8512,0.024658203125,0.0001,0.2,1.0612093320814893,0.5068005919456482,-0.007679369060497265
1,1135,0,1260.0,545792,45.0,0.696638286113739,0.006503016,-8.788304618783295,-0.042819224028789904,8520,0.0224609375,0.0001,0.2,1.7803027846384794,0.4883267879486084,-0.005077374302345561
1,1501,0,1295.5,546304,45.0,0.28029322624206543,0.01642943,-9.325702419504523,-0.050803696121874964,8528,0.043212890625,0.0001,0.2,1.4614942761836573,0.4962483048439026,-0.006304520647972822
1,1681,0,1341.5,546816,45.0,2.109295129776001,0.0040451423,-9.735646071992814,-0.04912439144027303,8536,0.026123046875,0.0001,0.2,3.944047613069415,0.15701836347579956,-0.006933942473551724
1,1535,0,1391.0,547328,45.0,0.7166995406150818,0.006336308,-9.722973611392081,-0.04604658375865256,8544,0.019775390625,0.0001,0.2,2.2618323091883212,0.3786624073982239,-0.004149961881921627
1,1856,0,1364.5,547840,45.0,0.4509935677051544,0.007634462,-9.705866101384164,-0.04257628212144482,8552,0.018310546875,0.0001,0.2,2.460292236879468,0.2808484435081482,-0.00499860783747863
1,1705,0,1343.0,548352,45.0,0.3300219178199768,0.009089314,-9.58385690394789,-0.03460930062647094,8560,0.02490234375,0.0001,0.2,1.6152864303439856,0.5146667659282684,-0.0027007130065612728
1,1842,0,1324.0,548864,45.0,0.24580128490924835,0.02069245,-9.484223357997834,-0.04633397561337915,8568,0.03076171875,0.0001,0.2,2.1426125017460436,0.482197105884552,-0.006276689004153013
1,1800,0,1323.0,549376,45.0,0.7482383251190186,0.006229383,-9.310536475852132,-0.032388548552262364,8576,0.018310546875,0.0001,0.2,2.0190007723867893,0.42107051610946655,-0.005466531467391178
1,1538,0,1326.5,549888,45.0,0.637961208820343,0.011453323,-9.054869226440788,-0.06499876584348385,8584,0.039794921875,0.0001,0.2,1.817347870208323,0.4080398678779602,-0.009477841646003071
1,1263,0,1360.0,550400,45.0,0.9352673888206482,0.005582694,-8.787675552032887,-0.07901569790556096,8592,0.038330078125,0.0001,0.2,3.8068786365911365,0.427678644657135,-0.007566582906292751
1,1758,0,1324.0,550912,45.0,0.6284653544425964,0.011713516,-8.440243386738002,-0.055668050543317804,8600,0.033203125,0.0001,0.2,1.7769626583904028,0.5934212803840637,-0.007059071933326777
1,1497,0,1376.0,551424,45.0,1.670080542564392,0.0039805323,-8.231906387023628,-0.05512454952986445,8608,0.014892578125,0.0001,0.2,2.4556288020685315,0.3025715947151184,-0.006187164512084564
1,1478,0,1407.0,551936,45.0,0.9372497797012329,0.008019927,-8.53233121354133,-0.06459326494223205,8616,0.02734375,0.0001,0.2,3.1690477607771754,0.44138866662979126,-0.005513197349500842
1,1774,0,1351.0,552448,45.0,0.3607895076274872,0.014775248,-8.419441336728632,-0.049645940174741554,8624,0.029052734375,0.0001,0.2,1.0640294281765819,0.34874457120895386,-0.005827956949360669
1,1968,0,1311.5,552960,45.0,0.9834391474723816,0.019638069,-8.810967133380473,-0.07532426806574222,8632,0.04345703125,0.0001,0.2,2.336916748434305,0.008350491523742676,-0.00895534079609206
1,1811,0,1281.5,553472,45.0,0.4061661660671234,0.02196201,-8.783467249125243,-0.03663684567800374,8640,0.025146484375,0.0001,0.2,1.335732264444232,-0.3003183603286743,-0.007418894965667278
1,1668,0,1373.0,553984,45.0,1.1078704595565796,0.0038278627,-8.787416440285742,-0.034489758840209106,8648,0.015625,0.0001,0.2,2.0030391183681786,0.30037862062454224,-0.005133440834470093
1,1705,0,1416.0,554496,45.0,0.6833229064941406,0.013099607,-8.812706275321544,-0.04579181552253431,8656,0.031005859375,0.0001,0.2,1.4866428994573653,-0.004772067070007324,-0.007003900900599547
1,1357,0,1424.5,555008,45.0,0.20264385640621185,0.007773089,-9.022154566347599,-0.046546400837542024,8664,0.027099609375,0.0001,0.2,0.9165881825610995,0.18963879346847534,-0.007575497918878682
1,1759,0,1398.5,555520,45.0,1.0612355470657349,0.003567788,-9.061916986107827,-0.04119017290940974,8672,0.02294921875,0.0001,0.2,1.5685121207498014,0.13011151552200317,-0.008143572128574306
1,1716,0,1380.0,556032,45.0,0.21972137689590454,0.09448175,-8.705264932624996,-0.07857263097685063,8680,0.06787109375,0.0001,0.2,0.7625196616863832,0.24796158075332642,-0.010258516274916474
1,1757,0,1400.5,556544,45.0,5.695796489715576,0.013467109,-10.675329516865313,-0.2700486573157832,8688,0.14501953125,0.0001,0.2,21.372383680194616,0.09448480606079102,-0.00781837354588788
1,1919,0,1371.5,557056,45.0,9.352914810180664,0.012081986,-13.384415590651333,-0.3254558731568977,8696,0.093017578125,0.0001,0.2,29.62630384787917,0.4295617938041687,-0.005019428455852903
1,1788,0,1331.0,557568,45.0,9.003814697265625,0.006500799,-17.094132566824555,-0.39420404413249344,8704,0.042236328125,0.0001,0.2,28.020039580762386,0.46276992559432983,-0.001199477817863226
1,1611,0,1410.5,558080,45.0,9.417675971984863,0.002353624,-20.522065595388412,-0.3569439322454855,8712,0.05224609375,0.0001,0.2,31.281132370233536,0.47402411699295044,-0.0041712161037139595
1,1647,0,1340.5,558592,45.0,4.885509967803955,0.007670969,-21.962824632562697,-0.22962790576275438,8720,0.092041015625,0.0001,0.2,15.622788812965155,0.6961363255977631,-0.008904493450245354
1,1641,0,1294.5,559104,45.0,3.3182499408721924,0.011390607,-23.952725974544883,-0.29725705133751035,8728,0.10302734375,0.0001,0.2,14.839819766581059,0.738895058631897,-0.0101905151605024
1,1355,0,1263.0,559616,45.0,6.735671043395996,0.019034684,-25.607612184472384,-0.2700563471298665,8736,0.199951171875,0.0001,0.2,11.430679973214865,0.7772176265716553,-0.01389545516576618
1,1400,0,1338.5,560128,45.0,2.5271596908569336,0.014744312,-26.26258783914149,-0.20601713354699314,8744,0.115966796875,0.0001,0.2,5.241390154697001,0.8303990215063095,-0.015076409334142227
1,1367,0,1319.0,560640,45.0,1.3140130043029785,0.0025435989,-25.664236958026887,-0.14386303786886856,8752,0.050048828125,0.0001,0.2,2.617180859670043,0.8996301740407944,-0.008066498197877081
1,1490,0,1419.0,561152,45.0,1.9246498346328735,0.0364143,-23.333435087651015,-0.12645296816481277,8760,0.06396484375,0.0001,0.2,5.924070419743657,0.6459984481334686,-0.012329391989624128
1,1754,0,1458.0,561664,45.0,1.2855507135391235,0.002857543,-19.20503341462463,-0.08506504553952254,8768,0.020263671875,0.0001,0.2,4.787796650081873,0.7652805745601654,-0.004280285887944046
1,1765,0,1484.0,562176,45.0,2.459245204925537,0.005805188,-14.606048310995101,-0.07308824911888223,8776,0.022216796875,0.0001,0.2,8.038360519334674,0.4133753180503845,-0.0030107683487585746
1,1673,0,1480.0,562688,45.0,1.6152613162994385,0.0016085516,-11.346450414322316,-0.05690093927842099,8784,0.010498046875,0.0001,0.2,6.977116849273443,0.5455561280250549,-0.0015391807537525892
1,1806,0,1512.0,563200,45.0,1.0940308570861816,0.0125570325,-8.7381274850294,-0.07501575068454258,8792,0.027587890625,0.0001,0.2,5.109243196435273,0.4780340790748596,-0.0046702653271495365
1,1827,0,1493.0,563712,45.0,1.4284671545028687,0.0061252452,-6.124706376045943,-0.05258034662983846,8800,0.01611328125,0.0001,0.2,4.615799121558666,0.39580368995666504,-0.003755145429749973
1,1367,0,1460.5,564224,45.0,0.9952218532562256,0.006575742,-4.340387705303729,-0.04007825825829059,8808,0.01611328125,0.0001,0.2,3.4115989170968533,0.290224552154541,-0.0023631539079360664
1,1704,0,1457.0,564736,45.0,1.1280133724212646,0.026259094,-3.411667048856616,-0.0661221618502168,8816,0.030517578125,0.0001,0.2,2.471647895872593,0.2249550223350525,-0.006566222757101059
1,1711,0,1413.0,565248,45.0,0.3263782262802124,0.009401446,-3.619114221967757,-0.051156211709894706,8824,0.03076171875,0.0001,0.2,1.6197570767253637,0.35825663805007935,-0.007735340841463767
1,1683,0,1379.5,565760,45.0,0.3512088358402252,0.023470106,-4.080683054663241,-0.040149741907953285,8832,0.029296875,0.0001,0.2,1.227190142730251,0.44116950035095215,-0.006546208678628318
1,1585,0,1440.0,566272,45.0,0.4578484892845154,0.0112125585,-5.2282679475098846,-0.048728431764175184,8840,0.030029296875,0.0001,0.2,2.5854366631247103,0.2690625786781311,-0.004742454690131126
1,1658,0,1437.5,566784,45.0,0.49231988191604614,0.007290152,-6.438767265714705,-0.04356792292310274,8848,0.026611328125,0.0001,0.2,1.2844385192729533,0.6072984933853149,-0.00786743075150298
1,1692,0,1426.0,567296,45.0,0.47165223956108093,0.0130272815,-8.00094809666276,-0.044179529199027456,8856,0.025146484375,0.0001,0.2,1.5637673265300691,0.5476232469081879,-0.005652511317748576
1,1797,0,1372.0,567808,45.0,0.5156161189079285,0.0039913594,-9.198244192712009,-0.02736949548489065,8864,0.009033203125,0.0001,0.2,2.098019029945135,0.5364058911800385,-0.004295774462661939
1,1289,0,1381.5,568320,45.0,2.623105049133301,0.026082205,-10.789730374775827,-0.049595893167861504,8872,0.03662109375,0.0001,0.2,2.167529617319815,0.3323119282722473,-0.007592660425871145
1,1640,0,1456.0,568832,45.0,0.412596195936203,0.018321082,-11.700711466893553,-0.03549524685877259,8880,0.02392578125,0.0001,0.2,1.5287114498205483,0.13756781816482544,-0.0067130599745723885
1,1750,0,1438.0,569344,45.0,1.4099912643432617,0.007012074,-12.443016496449708,-0.04647139957160107,8888,0.035888671875,0.0001,0.2,2.8678666094783694,0.3507513403892517,-0.006980181493418058
1,1619,0,1495.0,569856,45.0,0.38094040751457214,0.00962309,-12.558595098815859,-0.03570273352670483,8896,0.019775390625,0.0001,0.2,1.2334478322882205,0.4008883833885193,-0.005243750430963701
1,1761,0,1484.5,570368,45.0,0.5751484632492065,0.021934237,-12.436938222199679,-0.03713981256078114,8904,0.02294921875,0.0001,0.2,1.2031325679272413,0.2301347255706787,-0.008638121864350978
1,1626,0,1497.5,570880,45.0,0.5033907294273376,0.012167982,-12.318965227492154,-0.045513500310335075,8912,0.02685546875,0.0001,0.2,2.0037862029857934,0.019608736038208008,-0.007580202141980408
1,1791,0,1575.0,571392,45.0,0.8754019141197205,0.005500798,-11.889256651699544,-0.07120061662863009,8920,0.029052734375,0.0001,0.2,2.650241184514016,0.10584026575088501,-0.00743986383167794
1,1588,0,1561.5,571904,45.0,0.4895598590373993,0.011508967,-11.10425590556115,-0.0457080429441703,8928,0.030517578125,0.0001,0.2,2.0328357201069593,0.13785314559936523,-0.005410318553913385
1,1612,0,1656.0,572416,45.0,0.7103980779647827,0.0053810147,-10.371800118461252,-0.04822681072255364,8936,0.019287109375,0.0001,0.2,2.479369703680277,0.19726824760437012,-0.004647702342481352
1,1414,0,1614.5,572928,45.0,1.4098376035690308,0.0039882064,-9.12483755659312,-0.06961599183341605,8944,0.02734375,0.0001,0.2,2.9870054945349693,0.18057960271835327,-0.006798779861128423
1,1651,0,1608.5,573440,45.0,0.78988116979599,0.007196187,-8.465319771505893,-0.05702443784866773,8952,0.0234375,0.0001,0.2,2.1742458222433925,0.037568867206573486,-0.004363330750493333
1,1678,0,1561.5,573952,45.0,0.8970060348510742,0.013917311,-7.8765667871013285,-0.0933949446407496,8960,0.0654296875,0.0001,0.2,3.0159908132627606,0.3579406142234802,-0.0110308990770136
1,1599,0,1535.0,574464,45.0,1.01047682762146,0.009949786,-8.044125868752598,-0.05509597859418136,8968,0.025390625,0.0001,0.2,2.6804236993193626,0.4083676338195801,-0.004467938400921412
1,1730,0,1580.0,574976,45.0,1.1919528245925903,0.008649411,-7.788382073268294,-0.07033505586514366,8976,0.044677734375,0.0001,0.2,2.761056108865887,0.3575137257575989,-0.007859757541154977
1,1648,0,1537.5,575488,45.0,0.6364313960075378,0.005678891,-7.220053437054157,-0.046466781222989084,8984,0.0146484375,0.0001,0.2,2.5323538864031434,0.1306612491607666,-0.002169013601815095
1,1620,0,1529.5,576000,45.0,0.7523767948150635,0.008333128,-7.261714282929898,-0.05642883401014842,8992,0.0400390625,0.0001,0.2,2.573022238910198,0.3221120834350586,-0.008512089189025573
1,1705,0,1510.5,576512,45.0,1.5200289487838745,0.02983122,-7.89432618137449,-0.05453173429123126,9000,0.0400390625,0.0001,0.2,2.2908782763406634,0.44122880697250366,-0.009282603285100777
1,2001,0,1442.0,577024,45.0,0.19249039888381958,0.0091166105,-8.281631367355585,-0.041892497703884146,9008,0.016845703125,0.0001,0.2,1.4588606981560588,0.41084009408950806,-0.004006451279565226
1,1746,0,1444.0,577536,45.0,0.4229242503643036,0.006507842,-8.394035800248384,-0.023209842895084876,9016,0.009765625,0.0001,0.2,0.9766601915471256,0.5592387914657593,-0.004673394541896414
1,1611,0,1486.0,578048,45.0,0.3583836257457733,0.009976437,-8.438802791126072,-0.026713301076597418,9024,0.01708984375,0.0001,0.2,1.492213640594855,0.5315839052200317,-0.004531711576419184
1,1905,0,1491.5,578560,45.0,0.7344405651092529,0.019121394,-8.729191821999848,-0.045935405061754864,9032,0.03515625,0.0001,0.2,1.6015744130127132,0.5486376583576202,-0.007621786804520525
1,1748,0,1435.0,579072,45.0,0.45334047079086304,0.0011893885,-8.490225608125328,-0.036177931651764084,9040,0.0126953125,0.0001,0.2,1.1665646972833201,0.11324805021286011,-0.002217973531514872
1,1860,0,1347.0,579584,45.0,0.2329682558774948,0.0070707574,-8.285575975999237,-0.0358688197848096,9048,0.016357421875,0.0001,0.2,1.8542231782339513,-0.04804039001464844,-0.0058031773660331964
1,1373,0,1326.5,580096,45.0,0.3969506323337555,0.010901805,-8.575602073408664,-0.048580386261164676,9056,0.029052734375,0.0001,0.2,2.888564352877438,0.12979066371917725,-0.008540291826648172
1,1905,0,1250.0,580608,45.0,0.879222571849823,0.010212025,-8.109856917895376,-0.03747964836657047,9064,0.018310546875,0.0001,0.2,2.5334440651349723,0.1459503173828125,-0.0026604936538205948
1,1766,0,1266.5,581120,45.0,1.1142566204071045,0.0055461945,-8.477132848873735,-0.03344873050082242,9072,0.01611328125,0.0001,0.2,3.653129395097494,0.31173408031463623,-0.002867223884095438
1,1797,0,1319.0,581632,45.0,2.234959363937378,0.0012473672,-8.432020598761737,-0.03684015829639975,9080,0.015380859375,0.0001,0.2,4.377686113119125,0.4277624487876892,-0.003537694785336498
1,1375,0,1326.0,582144,45.0,1.4110163450241089,0.004709242,-8.889812572970987,-0.03314575276453979,9088,0.013427734375,0.0001,0.2,2.473764549475163,0.254550039768219,-0.006627781127463095
1,1940,0,1264.0,582656,45.0,1.0254285335540771,0.00227966,-9.030294052548706,-0.021916155947110383,9096,0.010986328125,0.0001,0.2,3.1802402026951313,0.24192380905151367,-0.001939446428878
1,1734,0,1283.5,583168,45.0,0.29374435544013977,0.013112474,-9.278610017374158,-0.03190348186035408,9104,0.010009765625,0.0001,0.2,2.0153787820599973,0.21476352214813232,-0.006235394397663185
1,1655,0,1316.5,583680,45.0,1.524979591369629,0.008628846,-9.604153439775109,-0.03465570390835637,9112,0.0234375,0.0001,0.2,3.3277194183319807,0.35863637924194336,-0.0050387644514557905
1,1852,0,1400.5,584192,45.0,0.9788979291915894,0.0045651626,-9.934742567576468,-0.033430156188842375,9120,0.01513671875,0.0001,0.2,3.991728752385825,0.5174890756607056,-0.005032804012444103
1,1702,0,1437.5,584704,45.0,0.8690410852432251,0.0021099658,-10.130322445891798,-0.0316673791348876,9128,0.012451171875,0.0001,0.2,2.4795026204083115,0.44429272413253784,-0.004784144155564718
1,1747,0,1446.0,585216,45.0,0.6289006471633911,0.004064096,-10.421744493953884,-0.037217370205326006,9136,0.014404296875,0.0001,0.2,3.504261082969606,0.3833109140396118,-0.00350988262653118
1,1671,0,1492.5,585728,45.0,0.43354758620262146,0.0015536227,-10.2759944576025,-0.03809708539483836,9144,0.0107421875,0.0001,0.2,2.104457126930356,0.48874104022979736,-0.002999292733875336
1,1665,0,1487.0,586240,45.0,1.2909492254257202,0.001987941,-10.044151854664086,-0.03791908572020475,9152,0.013671875,0.0001,0.2,2.506496294401586,0.5691471993923187,-0.003882445475028362
1,1420,0,1456.0,586752,45.0,1.1591089963912964,0.017946126,-9.894096472300589,-0.036237368840374984,9160,0.019775390625,0.0001,0.2,3.368073026649654,0.5350609719753265,-0.004402257363835815
1,1698,0,1448.5,587264,45.0,0.7377750873565674,0.0043547037,-9.584802663438023,-0.04504279097818653,9168,0.019287109375,0.0001,0.2,2.7160065164789557,0.2570227384567261,-0.0033085476352425758
1,1649,0,1518.5,587776,45.0,0.6533925533294678,0.01176217,-8.92040870912373,-0.034333945463004056,9176,0.013916015625,0.0001,0.2,1.5449276631698012,0.2852323055267334,-0.0037948826829961035
1,1732,0,1492.5,588288,45.0,0.6243960857391357,0.024570458,-8.515909334011376,-0.04455229291488649,9184,0.02734375,0.0001,0.2,1.610218886518851,0.407157838344574,-0.009099492759560235
1,1725,0,1455.5,588800,45.0,0.7025392651557922,0.021628525,-8.375364915877581,-0.04543795251811389,9192,0.037109375,0.0001,0.2,2.675760931801051,0.2204674482345581,-0.009754419443197548
1,1795,0,1417.5,589312,45.0,0.7575721740722656,0.013325014,-7.978510591946542,-0.03971449845994357,9200,0.034912109375,0.0001,0.2,1.806094691157341,0.006329476833343506,-0.00803265773356543
1,1692,0,1397.0,589824,45.0,0.38792479038238525,0.010382563,-7.52452108707279,-0.02750534281221917,9208,0.020751953125,0.0001,0.2,1.1618050248362124,-0.012357115745544434,-0.0030325580446515232
1,1722,0,1428.0,590336,45.0,0.22171595692634583,0.011686318,-7.39563117492944,-0.04357343185074569,9216,0.031494140625,0.0001,0.2,0.9027598255779594,0.16510462760925293,-0.005833621227793628
1,1715,0,1378.5,590848,45.0,0.20371368527412415,0.013730755,-7.225185722596944,-0.024935159814049257,9224,0.0107421875,0.0001,0.2,0.8335759403416887,0.5186699628829956,-0.0025605782684579026
1,1226,0,1448.5,591360,45.0,1.4699572324752808,0.02223887,-7.18682938106358,-0.04517937771015568,9232,0.02392578125,0.0001,0.2,2.873028958681971,0.1903911828994751,-0.00865296720439801
1,1746,0,1487.0,591872,45.0,0.4176734387874603,0.03900113,-7.221015536375344,-0.05372012560474104,9240,0.041748046875,0.0001,0.2,1.4416110781021416,0.22552722692489624,-0.009182728121231776
1,1625,0,1499.5,592384,45.0,0.16945475339889526,0.009521687,-7.294887274727225,-0.0299843849716126,9248,0.01904296875,0.0001,0.2,2.0001912012230605,0.278603196144104,-0.006458867235778598
1,1784,0,1465.0,592896,45.0,1.0739578008651733,0.022420645,-7.500391706749797,-0.046463010214210954,9256,0.03662109375,0.0001,0.2,2.652890516910702,0.35172075033187866,-0.006217958720299066
1,2018,0,1419.5,593408,45.0,0.3273499608039856,0.0043492215,-7.64619726896286,-0.03820675042516086,9264,0.0185546875,0.0001,0.2,1.061248242505826,0.440716028213501,-0.004433679387148004
1,1736,0,1445.0,593920,45.0,1.2552977800369263,0.009516077,-8.022018108703197,-0.03410725393041503,9272,0.01953125,0.0001,0.2,3.022667814278975,0.12563657760620117,-0.006092870309657883
1,1669,0,1428.5,594432,45.0,0.7423146367073059,0.0049324986,-8.318935656622052,-0.04728918508044444,9280,0.02197265625,0.0001,0.2,1.3810235857963562,0.15922582149505615,-0.00556672068341868
1,1825,0,1358.5,594944,45.0,0.7695745825767517,0.007049411,-8.718940887190401,-0.03552513702015858,9288,0.017822265625,0.0001,0.2,2.201686085667461,0.3881964087486267,-0.0032129673709277995
1,1644,0,1415.0,595456,45.0,0.6168187856674194,0.009890132,-9.070503281801939,-0.03850206028073444,9296,0.028564453125,0.0001,0.2,1.4409604666288942,0.33867043256759644,-0.005802189116366208
1,1375,0,1358.5,595968,45.0,0.3656010925769806,0.0039892625,-8.976926299892366,-0.038618451544607524,9304,0.0166015625,0.0001,0.2,1.5823927843011916,0.2763330340385437,-0.002278461142850574
1,1774,0,1318.5,596480,45.0,0.42886805534362793,0.0072681075,-9.144861220680177,-0.02113418408043799,9312,0.011474609375,0.0001,0.2,1.773254171013832,0.31887370347976685,-0.0033449415714130737
1,1676,0,1282.0,596992,45.0,1.1684703826904297,0.043028936,-9.357585646137595,-0.042309820080845384,9320,0.050537109375,0.0001,0.2,1.348555346718058,0.08935201168060303,-0.009140076988842338
1,1766,0,1288.0,597504,45.0,0.3420964479446411,0.005211432,-9.14533521130681,-0.04808293969472288,9328,0.023193359375,0.0001,0.2,0.7654628322925419,0.4243122339248657,-0.003883440440404229
1,1827,0,1275.5,598016,45.0,0.3611215353012085,0.01564175,-8.813094109110533,-0.043403518033301225,9336,0.02294921875,0.0001,0.2,1.3079755182843655,0.5409985780715942,-0.008571185298933415
1,1725,0,1237.0,598528,45.0,0.2593361437320709,0.01126772,-8.464607176445424,-0.02451744168138248,9344,0.0166015625,0.0001,0.2,0.8656633023638278,0.5419857800006866,-0.005760006908531068
1,1738,0,1279.5,599040,45.0,0.1889815628528595,0.0059045074,-8.268907778896391,-0.04510274009226123,9352,0.023681640625,0.0001,0.2,1.125160634284839,0.5030762851238251,-0.004318714061810169
1,1741,0,1256.5,599552,45.0,0.7200719714164734,0.003788337,-7.43362822175026,-0.04015289854214643,9360,0.010986328125,0.0001,0.2,2.0975400963798165,0.6665753126144409,-0.0030951327571528964
1,1441,0,1274.0,600064,45.0,0.5147570371627808,0.0089806095,-7.224685054719448,-0.051823171219439246,9368,0.0234375,0.0001,0.2,1.7478599869646132,0.5432100296020508,-0.005799784537884989
1,1775,0,1296.0,600576,45.0,0.7109545469284058,0.0051438245,-6.994956483095884,-0.05479020745042362,9376,0.02490234375,0.0001,0.2,1.684087461559102,0.6027192175388336,-0.004359107264463091
1,1636,0,1270.0,601088,45.0,0.759520411491394,0.0038670343,-6.944140422530472,-0.04533014395201462,9384,0.02294921875,0.0001,0.2,2.49339285842143,0.47965896129608154,-0.004906187823507935
1,1802,0,1223.0,601600,45.0,0.6871934533119202,0.005058387,-6.819453457184136,-0.04169074583842303,9392,0.02001953125,0.0001,0.2,1.956022267229855,0.5467468500137329,-0.006901159285916947
1,1567,0,1294.0,602112,45.0,1.436346411705017,0.006045753,-6.996368681713939,-0.03953621619803016,9400,0.0283203125,0.0001,0.2,2.0014472170732915,0.33400028944015503,-0.0049088496634794865
1,1614,0,1369.0,602624,45.0,1.4884215593338013,0.013971631,-7.297330347150564,-0.056158595314627746,9408,0.034912109375,0.0001,0.2,2.7275285916402936,0.2534633278846741,-0.0032268210416077636
1,1740,0,1336.0,603136,45.0,0.37271520495414734,0.007394735,-7.5482594978436826,-0.057153771973389667,9416,0.03564453125,0.0001,0.2,1.20602390402928,0.3101484775543213,-0.0068043059363844804
1,1417,0,1318.5,603648,45.0,0.6123690605163574,0.020504285,-8.20031548436731,-0.0450504268919758,9424,0.039794921875,0.0001,0.2,1.8597081303596497,0.2360450029373169,-0.005620832285785582
1,1747,0,1412.5,604160,45.0,0.8585940003395081,0.021741485,-9.214955857396125,-0.059672064204278286,9432,0.035400390625,0.0001,0.2,2.131839537061751,-0.05102896690368652,-0.00576153753354447
1,1755,0,1365.5,604672,45.0,0.5809666514396667,0.015454508,-9.608522582650185,-0.02852689982682932,9440,0.031005859375,0.0001,0.2,1.5899586756713688,-0.04136788845062256,-0.006445936024647381
1,1311,0,1372.5,605184,45.0,0.23830941319465637,0.01018656,-10.074695971645415,-0.04437379434421018,9448,0.033447265625,0.0001,0.2,1.0661288003902882,0.07985711097717285,-0.010678228311007842
1,1717,0,1413.5,605696,45.0,0.40167689323425293,0.013339691,-10.337781034894288,-0.03475039340355579,9456,0.029541015625,0.0001,0.2,1.6877155385445803,0.1519666314125061,-0.00480901443734183
1,1814,0,1448.5,606208,45.0,0.575235903263092,0.005868909,-10.368741398081184,-0.03957272791012656,9464,0.01806640625,0.0001,0.2,1.8317553782835603,0.02051323652267456,-0.003892844688380137
1,1923,0,1400.5,606720,45.0,0.3796815574169159,0.010350795,-9.964514255523682,-0.02134908126299706,9472,0.010009765625,0.0001,0.2,1.4173964980291203,-0.1321932077407837,-0.0023622121225344017
1,1708,0,1309.5,607232,45.0,0.08332626521587372,0.02362407,-9.796059686280786,-0.03365855841548182,9480,0.023193359375,0.0001,0.2,1.100158404908143,0.17773836851119995,-0.006391326802258845
1,1646,0,1366.0,607744,45.0,0.6134047508239746,0.0019928543,-9.6968005643785,-0.024369068107262137,9488,0.007080078125,0.0001,0.2,2.044745388906449,0.09103208780288696,-0.0018813740680343471
1,1726,0,1300.0,608256,45.0,0.8631246089935303,0.0018843749,-8.908677747547626,-0.021166928702768928,9496,0.00634765625,0.0001,0.2,1.992135155480355,0.31149137020111084,-0.0023746436927467585
1,1630,0,1293.0,608768,45.0,0.39509665966033936,0.009459653,-8.147083548642694,-0.03740873109563836,9504,0.0166015625,0.0001,0.2,2.1103596100583673,0.4821111559867859,-0.0035607554600574076
1,1687,0,1293.5,609280,45.0,2.0527937412261963,0.005427494,-7.5776288390159605,-0.04299551658095879,9512,0.015625,0.0001,0.2,6.537697874009609,0.45611244440078735,-0.006725360115524381
1,1804,0,1346.5,609792,45.0,1.538130283355713,0.0041762586,-7.301542098335922,-0.02920633311441634,9520,0.009765625,0.0001,0.2,6.047903539612889,0.5356829762458801,-0.0020525637664832175
1,1671,0,1300.5,610304,45.0,2.203524351119995,0.0015677805,-6.841452308259904,-0.0234206071945664,9528,0.007080078125,0.0001,0.2,5.163840679451823,0.5976744294166565,-0.002890663487050915
1,1693,0,1319.0,610816,45.0,1.741613507270813,0.0047100326,-6.924646879136563,-0.041219194421501015,9536,0.01806640625,0.0001,0.2,4.252772774081677,0.5787306129932404,-0.003174958845193032
1,1691,0,1391.0,611328,45.0,0.26553747057914734,0.0066039627,-7.092833696343004,-0.021152120014448883,9544,0.01025390625,0.0001,0.2,1.9768954650498927,0.47262829542160034,-0.0018842932186089456
1,2033,0,1293.5,611840,45.0,0.9381896257400513,0.030105729,-7.144410238862037,-0.02472793541255669,9552,0.021240234375,0.0001,0.2,2.6978980167768896,0.16725921630859375,-0.005094423846458085
1,1649,0,1352.0,612352,45.0,0.9145172834396362,0.0059118895,-7.597911247722805,-0.02643850935555747,9560,0.014404296875,0.0001,0.2,2.5639021890237927,-0.9837931394577026,-0.0035088494114461355
1,1519,0,1335.0,612864,45.0,0.5286835432052612,0.032308232,-7.948390497751534,-0.02725083257246297,9568,0.02197265625,0.0001,0.2,1.567539690528065,0.20897144079208374,-0.005706580781406956
1,1643,0,1372.5,613376,45.0,2.2792279720306396,0.015422376,-8.544941418357194,-0.045482702564186184,9576,0.02978515625,0.0001,0.2,4.260887596290559,0.2634873390197754,-0.008761745230003726
1,1711,0,1316.5,613888,45.0,0.7709982991218567,0.0039164023,-8.600245188213885,-0.032233582767730695,9584,0.017822265625,0.0001,0.2,1.9560571366455406,0.10322564840316772,-0.0028531540374387987
1,1392,0,1297.5,614400,45.0,0.49063313007354736,0.004134172,-9.067640818208456,-0.038577904173507704,9592,0.0224609375,0.0001,0.2,4.139865540433675,0.2662631869316101,-0.005669624159054365
1,1661,0,1288.5,614912,45.0,1.7062276601791382,0.009028521,-8.954326198250055,-0.034446344629031955,9600,0.0205078125,0.0001,0.2,4.476467293687165,0.3224738836288452,-0.004671446109568933
1,1754,0,1277.0,615424,45.0,0.43385207653045654,0.007975832,-8.891979915350676,-0.0310856306750793,9608,0.020751953125,0.0001,0.2,1.9308491386473179,0.19976192712783813,-0.0072971827030414715
1,1723,0,1323.0,615936,45.0,0.566303551197052,0.0052137375,-8.70929514206946,-0.028631132031478046,9616,0.020751953125,0.0001,0.2,1.4519398669945076,0.5926586091518402,-0.004911112078843871
1,1806,0,1410.0,616448,45.0,0.9669759273529053,0.009598549,-8.588721288777888,-0.025890960569995514,9624,0.01708984375,0.0001,0.2,1.96012788801454,0.5650987029075623,-0.005187943946111773
1,1730,0,1373.5,616960,45.0,0.544793426990509,0.010862961,-8.144803272522985,-0.038837998697999865,9632,0.0205078125,0.0001,0.2,3.7800629413686693,0.36243367195129395,-0.007309220240131253
1,1736,0,1353.0,617472,45.0,1.2844504117965698,0.0033234349,-7.916266256943345,-0.031897194526209205,9640,0.009033203125,0.0001,0.2,3.2316612103022635,0.4789208769798279,-0.0018869327832362615
1,1818,0,1308.5,617984,45.0,0.8079414963722229,0.0133363055,-8.196503110304475,-0.03689736779415398,9648,0.022216796875,0.0001,0.2,3.419828155077994,0.2067657709121704,-0.006395168813469354
1,1735,0,1336.5,618496,45.0,1.8084540367126465,0.01380677,-8.539211315251887,-0.03699872561082884,9656,0.028076171875,0.0001,0.2,2.830317887943238,-0.0414891242980957,-0.009580633086443413
1,1699,0,1329.5,619008,45.0,0.27729687094688416,0.009111802,-8.60277815964073,-0.03565798348063254,9664,0.023193359375,0.0001,0.2,1.940106893889606,0.37468594312667847,-0.0023117032287700567
1,1646,0,1345.5,619520,45.0,2.333313465118408,0.0043090708,-8.962050274796784,-0.0464468697355187,9672,0.034423828125,0.0001,0.2,4.1170195220038295,0.2856346368789673,-0.008209825820813421
1,1667,0,1350.5,620032,45.0,0.3738703429698944,0.01216028,-9.517255747541785,-0.04495077113460866,9680,0.020263671875,0.0001,0.2,1.4121210831217468,0.03492647409439087,-0.003982856771472143
1,1684,0,1379.5,620544,45.0,0.7043092250823975,0.0035876604,-9.733723548725248,-0.03650198467039445,9688,0.023193359375,0.0001,0.2,2.1993483265396208,0.2981119155883789,-0.00585548797971569
1,1565,0,1423.0,621056,45.0,0.48044177889823914,0.0043224907,-9.708830494247376,-0.04329109627724392,9696,0.02294921875,0.0001,0.2,1.6124061478767544,0.22463124990463257,-0.005901691281906096
1,1589,0,1430.0,621568,45.0,0.79471755027771,0.02740762,-9.65263919699937,-0.07331984240590828,9704,0.0419921875,0.0001,0.2,1.7331878466065973,0.18803250789642334,-0.006706600503093796
1,1779,0,1431.0,622080,45.0,0.5206886529922485,0.012486853,-9.607763107530772,-0.05018460613428033,9712,0.03076171875,0.0001,0.2,2.3521770178340375,0.013648748397827148,-0.006280228913965402
1,1697,0,1476.5,622592,45.0,1.0818458795547485,0.006067651,-9.17295451913029,-0.036929271959706966,9720,0.024169921875,0.0001,0.2,1.77857183245942,0.17504185438156128,-0.004702839854871854
1,1741,0,1521.5,623104,45.0,0.2564125061035156,0.0075727864,-8.414563507772982,-0.047779871254533646,9728,0.027587890625,0.0001,0.2,1.2786112984176725,0.10107725858688354,-0.006176800285174977
1,1260,0,1524.5,623616,45.0,0.5847946405410767,0.0067843935,-8.188969988152385,-0.037397523075924255,9736,0.02001953125,0.0001,0.2,2.1839000857435167,0.25311803817749023,-0.004313557386922184
1,1768,0,1518.5,624128,45.0,0.6479682326316833,0.009983577,-7.553252963349223,-0.047400198029208696,9744,0.0244140625,0.0001,0.2,2.064417479094118,0.22141140699386597,-0.004014519538031891
1,1887,0,1506.5,624640,45.0,1.3717544078826904,0.0039378717,-7.319124560393393,-0.034627305783942575,9752,0.018310546875,0.0001,0.2,2.282394529785961,0.11671185493469238,-0.006984888315855642
1,1566,0,1473.0,625152,45.0,0.40664851665496826,0.0070660617,-7.1854893859475855,-0.04705906293929729,9760,0.024169921875,0.0001,0.2,0.8687522041145712,0.4302334189414978,-0.0022337235131999478
1,1795,0,1401.5,625664,45.0,0.8390730619430542,0.007621199,-7.307238726839423,-0.06876625055338081,9768,0.02783203125,0.0001,0.2,2.334478563629091,0.3598286509513855,-0.006358578631989076
1,1837,0,1361.0,626176,45.0,0.5615363717079163,0.0204232,-7.685767205432057,-0.052428096014409675,9776,0.033935546875,0.0001,0.2,1.3761822844389826,0.3978692293167114,-0.010700447353883646
1,1707,0,1353.5,626688,45.0,1.180604100227356,0.016616497,-8.08518409293145,-0.04430689692708256,9784,0.0244140625,0.0001,0.2,2.6166838007047772,0.34791094064712524,-0.00719698223110754
1,1547,0,1371.0,627200,45.0,0.36526477336883545,0.016266257,-8.891296047680079,-0.05005789024653495,9792,0.032470703125,0.0001,0.2,2.757090097758919,0.23280155658721924,-0.00838137700338848
1,1308,0,1396.0,627712,45.0,0.5951099991798401,0.014070511,-9.399186248034239,-0.04345504654702381,9800,0.0302734375,0.0001,0.2,2.578051444608718,0.184223473072052,-0.007286303392902482
1,1523,0,1438.5,628224,45.0,0.843307614326477,0.015639065,-9.867854734919966,-0.06024095961765852,9808,0.04052734375,0.0001,0.2,2.012182764708996,0.35058730840682983,-0.011660143638437148
1,1692,0,1400.5,628736,45.0,0.39529862999916077,0.007445464,-10.218441855981945,-0.04994741562495619,9816,0.033935546875,0.0001,0.2,1.719848392298445,0.44278568029403687,-0.005309887756084208
1,1605,0,1419.5,629248,45.0,0.587695837020874,0.010358395,-10.713502538278698,-0.05668461410459713,9824,0.032470703125,0.0001,0.2,2.5943670691922307,0.14179939031600952,-0.00931489838694688
1,1576,0,1434.5,629760,45.0,1.2902443408966064,0.013114527,-11.119446701407433,-0.07692613150720717,9832,0.048583984375,0.0001,0.2,2.5677492497488856,0.4249480962753296,-0.013178355678974185
1,1696,0,1494.0,630272,45.0,1.9185764789581299,0.008793688,-11.192183955796063,-0.0867998438043287,9840,0.04541015625,0.0001,0.2,4.394153652712703,0.2922612428665161,-0.009637141218263423
1,1715,0,1512.5,630784,45.0,0.49023935198783875,0.021552175,-11.255656558275223,-0.06630058075097622,9848,0.046142578125,0.0001,0.2,2.2692925832234323,0.12881386280059814,-0.012098579602024984
1,1782,0,1505.5,631296,45.0,0.5993350148200989,0.016602807,-10.88463616028428,-0.05545031337533146,9856,0.03125,0.0001,0.2,1.5910014112014323,-0.21831607818603516,-0.0066200278961332515
1,1848,0,1465.5,631808,45.0,0.5292514562606812,0.009381965,-10.499873636290431,-0.06708272430114448,9864,0.042236328125,0.0001,0.2,2.032204899005592,0.22405600547790527,-0.01056204573251307
1,1446,0,1376.5,632320,45.0,0.566511869430542,0.012229353,-10.515358333811164,-0.055985194579989184,9872,0.02880859375,0.0001,0.2,1.4370251756627113,0.24200892448425293,-0.006862989528599428
1,1873,0,1347.5,632832,45.0,0.3724677860736847,0.014991014,-10.175022450350225,-0.04115079792245524,9880,0.03759765625,0.0001,0.2,1.5722954673692584,0.25435876846313477,-0.007275148840562906
1,1723,0,1284.5,633344,45.0,0.7729319334030151,0.0030849425,-9.780690619461238,-0.037605769426590996,9888,0.021728515625,0.0001,0.2,1.3962725750170648,0.1743021011352539,-0.005466988899570424
1,1815,0,1221.5,633856,45.0,0.691818118095398,0.014567295,-9.621637013219297,-0.041057147307583364,9896,0.024658203125,0.0001,0.2,1.7943108095787466,0.038623034954071045,-0.006652658266830258
1,1724,0,1207.0,634368,45.0,0.5455030798912048,0.00897147,-9.236986017301678,-0.04202092983541661,9904,0.03076171875,0.0001,0.2,1.4035839366260916,0.2783384919166565,-0.007375335098913638
1,1956,0,1163.5,634880,45.0,0.2497909665107727,0.011019386,-8.587489299736918,-0.04376789884736354,9912,0.03173828125,0.0001,0.2,1.0898287030868232,0.058251917362213135,-0.006403772640624084
1,1732,0,1173.5,635392,45.0,0.45370593667030334,0.008993128,-8.765648895837366,-0.03192101184322382,9920,0.017578125,0.0001,0.2,2.7299921298399568,0.3501785397529602,-0.007229902163089719
1,1659,0,1145.5,635904,45.0,0.5718304514884949,0.0055053374,-9.076655206866562,-0.03615996035296121,9928,0.014892578125,0.0001,0.2,2.3662981991656125,0.5134287178516388,-0.004027020047942642
1,1806,0,1202.0,636416,45.0,1.2275446653366089,0.0027164887,-8.616162302978337,-0.042849499455769546,9936,0.0146484375,0.0001,0.2,3.4718042304739356,0.49325573444366455,-0.004556347383186221
1,1733,0,1257.5,636928,45.0,2.4206299781799316,0.0014632862,-8.422524670772255,-0.0702060680341674,9944,0.00830078125,0.0001,0.2,4.709232181310654,0.6307544112205505,-0.0027315785409882665
1,1723,0,1221.0,637440,45.0,3.75241756439209,0.008102392,-8.948708063475788,-0.10756392849725671,9952,0.0400390625,0.0001,0.2,9.035165581852198,0.6157379150390625,-0.007289389926881995
1,1740,0,1266.5,637952,45.0,1.1190835237503052,0.0093848435,-9.16664173219353,-0.09022769326111302,9960,0.033935546875,0.0001,0.2,4.9742663549259305,0.6739058196544647,-0.00909869863971835
1,1634,0,1319.5,638464,45.0,0.7109119892120361,0.0038086434,-8.912503221742808,-0.06913141570112202,9968,0.014892578125,0.0001,0.2,3.3827491751872003,0.808947429060936,-0.003913094049494248
1,1682,0,1355.0,638976,45.0,0.5803952217102051,0.01463067,-9.148244106248022,-0.056082540068018716,9976,0.033447265625,0.0001,0.2,2.069063530769199,0.690066009759903,-0.008141586178680882
1,1724,0,1482.0,639488,45.0,0.8599124550819397,0.012714569,-9.72210873760283,-0.062198976480431156,9984,0.03564453125,0.0001,0.2,2.1907897870987654,-0.07923281192779541,-0.006124010673374869
1,1741,0,1420.5,640000,45.0,0.5249412655830383,0.0024493758,-9.608568126112223,-0.05099304903342272,9992,0.018310546875,0.0001,0.2,2.187952275853604,0.0260770320892334,-0.005271031997835962
1,1838,0,1388.5,640512,45.0,0.8165813684463501,0.010002516,-10.258495314344763,-0.07442890868333052,10000,0.0478515625,0.0001,0.2,3.7625321336090565,-0.02714836597442627,-0.007330023145186715
1,1720,0,1395.5,641024,45.0,1.1678617000579834,0.0021293294,-10.408280029818416,-0.036411384424354765,10008,0.0107421875,0.0001,0.2,3.150018874555826,0.45464152097702026,-0.003297394527180586
1,1882,0,1279.0,641536,45.0,1.414914846420288,0.009000335,-10.490995181761683,-0.05968823107650678,10016,0.0263671875,0.0001,0.2,4.083911580964923,0.6064954102039337,-0.006015895989548881
1,1771,0,1291.0,642048,45.0,1.549394130706787,0.006814245,-10.39679084226489,-0.04701822141214507,10024,0.02734375,0.0001,0.2,4.317703026346862,0.4734930992126465,-0.00995548238279298
1,1675,0,1298.5,642560,45.0,1.7102545499801636,0.0035626872,-10.44398207206279,-0.06593109881941928,10032,0.0302734375,0.0001,0.2,4.53816387988627,0.5803766250610352,-0.009061689153895713
1,1581,0,1316.0,643072,45.0,1.2341537475585938,0.0047039306,-10.620629534572362,-0.05671745121435379,10040,0.02587890625,0.0001,0.2,2.1954438115935773,0.41539257764816284,-0.005105120784719475
1,1823,0,1236.0,643584,45.0,1.6556345224380493,0.019129083,-10.308437986150384,-0.048892530670855194,10048,0.02685546875,0.0001,0.2,2.310300518758595,-0.8132196664810181,-0.009219121006026398
1,1783,0,1206.0,644096,45.0,0.6728744506835938,0.011612077,-9.985500686056913,-0.04945527687232243,10056,0.0283203125,0.0001,0.2,1.4263713923282921,0.23304015398025513,-0.007310390872589778
1,1905,0,1208.0,644608,45.0,1.900093674659729,0.004590298,-9.253506732173264,-0.04815144240092195,10064,0.025146484375,0.0001,0.2,2.79669284587726,0.36405086517333984,-0.0058013104971905705
1,1920,0,1128.0,645120,45.0,0.8403658270835876,0.0029423952,-9.130595894418656,-0.04373984033554734,10072,0.018798828125,0.0001,0.2,3.475785213522613,0.596651554107666,-0.0055230376674444415
1,1643,0,1159.5,645632,45.0,2.0559139251708984,0.002070779,-9.081955024264753,-0.04136438314890256,10080,0.019287109375,0.0001,0.2,6.346036976203322,0.4488053321838379,-0.006623111235967372
1,1210,0,1248.5,646144,45.0,2.231569528579712,0.0035642597,-8.97748446892947,-0.058833237328144605,10088,0.01953125,0.0001,0.2,4.446287621743977,0.5476829409599304,-0.004955566208082018
1,1652,0,1284.0,646656,45.0,1.6164298057556152,0.0052319625,-9.12166707802564,-0.06643668502510991,10096,0.04052734375,0.0001,0.2,5.9219246711581945,0.46924257278442383,-0.010669184383004904
1,1674,0,1269.0,647168,45.0,1.9081499576568604,0.002712505,-9.195598212778568,-0.04989518736147147,10104,0.027587890625,0.0001,0.2,4.20992164965719,0.12485384941101074,-0.005100647838844452
1,1664,0,1205.5,647680,45.0,0.5246725678443909,0.017914224,-9.295429358184338,-0.03752943724612123,10112,0.027099609375,0.0001,0.2,2.0650413611438125,0.33231639862060547,-0.008216145375627093
1,1447,0,1223.5,648192,45.0,1.253066062927246,0.03273852,-10.180145332962274,-0.058116412081290036,10120,0.030517578125,0.0001,0.2,3.335042609833181,-0.2617011070251465,-0.006524463366076816
1,1713,0,1229.0,648704,45.0,0.38834044337272644,0.010141166,-10.552185997217894,-0.04517262261470023,10128,0.0283203125,0.0001,0.2,2.5734441224485636,0.3337022066116333,-0.007134417865017895
1,1609,0,1233.0,649216,45.0,1.5033677816390991,0.008769626,-11.321380433291196,-0.06411493239284027,10136,0.03271484375,0.0001,0.2,5.4309042282402515,0.19957846403121948,-0.00994223933230387
1,1614,0,1321.0,649728,45.0,1.3062381744384766,0.00621543,-11.464157644808292,-0.04463812573158066,10144,0.01708984375,0.0001,0.2,2.5271049779839814,0.05896902084350586,-0.005614314210106386
1,1663,0,1250.5,650240,45.0,0.74416583776474,0.015835594,-11.04682716831565,-0.06281373612000607,10152,0.029296875,0.0001,0.2,2.202184244990349,-0.1915189027786255,-0.0034508420067140833
1,1405,0,1198.5,650752,45.0,0.5954815745353699,0.011365354,-10.966306823045015,-0.064679791474191,10160,0.034912109375,0.0001,0.2,1.982747299131006,0.20699936151504517,-0.01148712290887488
1,1586,0,1200.0,651264,45.0,0.22735431790351868,0.007089437,-10.171549020782113,-0.06849454599432647,10168,0.037353515625,0.0001,0.2,1.1621808905620128,-0.5894888639450073,-0.006069750765163917
1,1715,0,1213.5,651776,45.0,0.3672134578227997,0.08981292,-9.212861442938447,-0.2553377676085802,10176,0.298828125,0.0001,0.2,1.894799030618742,0.412384033203125,-0.03184464445075719
1,1713,0,1210.5,652288,45.0,14.081954002380371,0.009705858,-11.116614928245545,-0.35031778714619577,10184,0.1591796875,0.0001,0.2,35.35384828597307,0.20162034034729004,-0.015178720990661532
1,1632,0,1182.5,652800,45.0,6.7264275550842285,0.0083016325,-12.190669261962176,-0.32620853348635137,10192,0.097900390625,0.0001,0.2,22.51864119619131,0.5363824963569641,-0.008993896655738354
1,1791,0,1149.0,653312,45.0,6.8910346031188965,0.006702503,-13.149877506457269,-0.3005252801813185,10200,0.092041015625,0.0001,0.2,17.675418451428413,0.6113140285015106,-0.005932419560849667
1,1625,0,1197.0,653824,45.0,6.2616729736328125,0.0054891165,-14.27485378947109,-0.2507125858683139,10208,0.091796875,0.0001,0.2,18.1292488835752,0.632093757390976,-0.011451007550931536
1,1744,0,1226.5,654336,45.0,2.427544355392456,0.007668237,-15.172659206055105,-0.2064843590487726,10216,0.05322265625,0.0001,0.2,12.19722656533122,0.7023156881332397,-0.0065143185056513175
1,1656,0,1277.0,654848,45.0,4.789469242095947,0.03461951,-16.409973367266357,-0.1641789231216535,10224,0.062255859375,0.0001,0.2,10.485959062352777,0.7700895518064499,-0.011425564982346259
1,1255,0,1308.5,655360,45.0,2.671581506729126,0.006807808,-17.54688076224178,-0.08648244055802934,10232,0.029541015625,0.0001,0.2,5.642654085531831,0.7357387840747833,-0.00702456064755097
1,1667,0,1329.5,655872,45.0,1.0144976377487183,0.014384385,-18.406577822230755,-0.0837994847970549,10240,0.037109375,0.0001,0.2,3.4683934580534697,0.7569608986377716,-0.009234181939973496
1,1732,0,1360.0,656384,45.0,3.5524027347564697,0.007416307,-19.262365020997823,-0.07786071341251954,10248,0.035400390625,0.0001,0.2,5.036199901252985,0.5816832184791565,-0.006529464189952705
1,1634,0,1366.0,656896,45.0,1.113885760307312,0.0060629062,-17.098719076626004,-0.05623542657122016,10256,0.02001953125,0.0001,0.2,3.267018750309944,0.12285596132278442,-0.005754131212597713
1,1650,0,1419.5,657408,45.0,1.0364419221878052,0.0067048543,-15.963873369768262,-0.04680532892962219,10264,0.01953125,0.0001,0.2,2.2024782774969935,0.635983794927597,-0.005245319654932246
1,1675,0,1444.5,657920,45.0,1.878437876701355,0.005934052,-14.496614344790578,-0.08833596267504618,10272,0.031494140625,0.0001,0.2,5.122209545224905,-0.1415344476699829,-0.009119461727095768
1,1725,0,1426.5,658432,45.0,0.9126062989234924,0.008373702,-13.327130745500327,-0.05414110940910177,10280,0.030029296875,0.0001,0.2,3.79389435518533,-0.009997844696044922,-0.0034547193135949783
1,1785,0,1351.5,658944,45.0,1.0944864749908447,0.0096905455,-12.562516505047679,-0.05917762079843669,10288,0.032958984375,0.0001,0.2,4.344855794683099,-0.03588449954986572,-0.005812640654767165
1,1712,0,1374.5,659456,45.0,1.2273056507110596,0.004944403,-10.970764232575894,-0.038831527388538234,10296,0.01318359375,0.0001,0.2,3.6763158701360226,-0.053255438804626465,-0.0027971689523837995
1,1860,0,1292.5,659968,45.0,1.0490750074386597,0.023560304,-9.601826343797148,-0.0430931392875209,10304,0.02490234375,0.0001,0.2,3.091768345795572,0.12729132175445557,-0.006401349164661951
1,1790,0,1310.5,660480,45.0,0.7730860114097595,0.0047582295,-8.813068856038154,-0.03330355233993032,10312,0.014404296875,0.0001,0.2,2.4303170228376985,0.19940102100372314,-0.002714630485570524
1,1915,0,1293.0,660992,45.0,0.509788453578949,0.02008726,-7.9442408522590995,-0.05413335819321219,10320,0.034912109375,0.0001,0.2,1.6720157312229276,0.3821685314178467,-0.009137535074842162
1,1961,0,1132.5,661504,45.0,0.37394583225250244,0.010939841,-7.4299889360740785,-0.037061544289827,10328,0.025146484375,0.0001,0.2,0.9103034450672567,0.353502094745636,-0.005683675335603766
1,1872,0,1116.0,662016,45.0,0.2634948790073395,0.017294563,-7.236278512664139,-0.048975866699038306,10336,0.028564453125,0.0001,0.2,1.866133346222341,0.5215617120265961,-0.007144331058952957
1,1811,0,1098.0,662528,45.0,0.8502359390258789,0.0036935918,-6.951468081809581,-0.05101702369211125,10344,0.024658203125,0.0001,0.2,2.692670780234039,0.5917857587337494,-0.0059697028482332826
1,1872,0,1117.5,663040,45.0,1.2560083866119385,0.0064143306,-7.047474691160023,-0.05287460068939254,10352,0.039794921875,0.0001,0.2,4.4547864040359855,0.5978197753429413,-0.01076572197052883
1,1855,0,1058.0,663552,45.0,1.704545497894287,0.004088167,-7.853706956915557,-0.054081007841887185,10360,0.02490234375,0.0001,0.2,5.276121782138944,0.45142704248428345,-0.006126731408585329
1,1724,0,1083.5,664064,45.0,1.3535438776016235,0.006087267,-9.16879865951836,-0.06826737293522456,10368,0.025146484375,0.0001,0.2,6.856632838957012,0.42670321464538574,-0.005911448984988965
1,1803,0,1069.0,664576,45.0,2.140113353729248,0.0052888794,-10.096282219290734,-0.07152991319162538,10376,0.02783203125,0.0001,0.2,6.942528937011957,0.47092896699905396,-0.009159814573649783
1,1808,0,1078.5,665088,45.0,0.6328173279762268,0.0067003006,-11.27790708348155,-0.0630041412623541,10384,0.030029296875,0.0001,0.2,3.5044103828258812,0.5987491011619568,-0.006818464979005512
1,1720,0,1140.0,665600,45.0,1.1263426542282104,0.0063800304,-12.12419733323157,-0.06005295643990394,10392,0.024169921875,0.0001,0.2,2.6389891882427037,0.31044358015060425,-0.008098582984530367
1,1707,0,1146.0,666112,45.0,1.8724403381347656,0.0072607845,-12.9121983050555,-0.09768362414615694,10400,0.03662109375,0.0001,0.2,4.56676575448364,0.15731751918792725,-0.008269549485703465
1,1699,0,1270.5,666624,45.0,0.9559073448181152,0.012782645,-13.400731150321663,-0.06368844377720961,10408,0.03515625,0.0001,0.2,4.115184869617224,0.14721786975860596,-0.0075010997607023455
1,1640,0,1251.5,667136,45.0,0.2983807921409607,0.017546339,-13.224677690155804,-0.05833616404197528,10416,0.03173828125,0.0001,0.2,2.05109138879925,0.2287347912788391,-0.007925836929643992
1,1672,0,1302.0,667648,45.0,1.3357912302017212,0.0063004554,-13.224218896478414,-0.06546258131129434,10424,0.030517578125,0.0001,0.2,3.45400364510715,0.11047762632369995,-0.006884896436531562
1,1767,0,1370.0,668160,45.0,1.2454981803894043,0.008339074,-12.484837876930833,-0.06521745706049842,10432,0.041259765625,0.0001,0.2,4.080195526126772,0.2691924571990967,-0.00828730310240644
1,1650,0,1422.0,668672,45.0,0.6074821352958679,0.0048260633,-11.469838232323527,-0.03658281389289186,10440,0.015625,0.0001,0.2,2.937947564292699,0.3750073313713074,-0.006008034019032493
1,1868,0,1403.5,669184,45.0,1.6574890613555908,0.004108795,-10.61463287435472,-0.04200763976041344,10448,0.021484375,0.0001,0.2,3.040978475473821,0.0799131989479065,-0.0055034601282386575
1,1445,0,1333.0,669696,45.0,1.1046910285949707,0.004671932,-9.494440895020961,-0.03916227971785702,10456,0.019287109375,0.0001,0.2,2.75581381842494,0.15450668334960938,-0.003908866056008264
1,1800,0,1323.0,670208,45.0,1.8807317018508911,0.01390058,-8.590253091603518,-0.04476901115413057,10464,0.034912109375,0.0001,0.2,4.0495179537683725,0.2149653434753418,-0.006620673833822366
1,1882,0,1336.0,670720,45.0,1.2254478931427002,0.014197577,-7.564181624874473,-0.031161672330199508,10472,0.016845703125,0.0001,0.2,3.1794892232865095,0.12328118085861206,-0.00468633406853769
1,1744,0,1232.0,671232,45.0,0.4095107316970825,0.0054490534,-7.233061230294407,-0.03777619522224995,10480,0.01611328125,0.0001,0.2,2.223164507187903,0.3413882851600647,-0.005291355570079759
1,1717,0,1205.5,671744,45.0,0.9774845838546753,0.011068153,-7.202540747784078,-0.040407288826827426,10488,0.025390625,0.0001,0.2,2.3800750775262713,-0.00791478157043457,-0.006176809409225825
1,1665,0,1253.5,672256,45.0,0.282834529876709,0.0068049817,-6.630131104066968,-0.03191754327053786,10496,0.017578125,0.0001,0.2,1.3173831292660907,-0.8889892101287842,-0.003757989725272637
1,1930,0,1109.0,672768,45.0,1.022714376449585,0.008932837,-6.267870854660869,-0.04644413596543018,10504,0.024169921875,0.0001,0.2,1.7651307058986276,0.4699475169181824,-0.005435636114270892
1,1688,0,1069.5,673280,45.0,0.6204540133476257,0.007643768,-6.695289297401905,-0.04258552839019103,10512,0.015869140625,0.0001,0.2,3.1091222958639264,0.3284671902656555,-0.006735352333635092
1,1668,0,1162.0,673792,45.0,1.5894278287887573,0.009144981,-7.393877519145608,-0.050932591104356106,10520,0.027587890625,0.0001,0.2,3.731878684833646,0.43428516387939453,-0.006913848505064379
1,1826,0,1187.0,674304,45.0,0.9844284057617188,0.008384218,-7.643673248812556,-0.05499256944312947,10528,0.02490234375,0.0001,0.2,3.6569095691666007,0.6228945553302765,-0.003602282660722267
1,1344,0,1183.0,674816,45.0,1.2995736598968506,0.0071903924,-8.17817268550396,-0.05456491651420947,10536,0.030029296875,0.0001,0.2,4.378898651339114,0.406971275806427,-0.008200455296901055
1,1808,0,1224.5,675328,45.0,3.5310041904449463,0.0044519543,-9.295959709882736,-0.055401917539711576,10544,0.02392578125,0.0001,0.2,5.694507240317762,0.15011286735534668,-0.005701152593246661
1,1802,0,1264.5,675840,45.0,0.5325857400894165,0.009900564,-10.185965196378529,-0.0327654607463046,10552,0.01513671875,0.0001,0.2,2.278707565739751,0.3591834306716919,-0.004518066576565616
1,1618,0,1306.0,676352,45.0,0.2953432500362396,0.00314483,-10.891837083734572,-0.030774359020142583,10560,0.013671875,0.0001,0.2,2.0366364899091423,0.2864673137664795,-0.004007634372101165
1,1590,0,1329.0,676864,45.0,0.76793372631073,0.0089605795,-12.072621981538832,-0.04035347464014194,10568,0.029296875,0.0001,0.2,1.917833315441385,0.08622992038726807,-0.005538824672839837
1,1929,0,1343.5,677376,45.0,0.48191729187965393,0.018453155,-13.149124537035823,-0.03966724607744254,10576,0.02978515625,0.0001,0.2,1.2070395824266598,-0.6555427312850952,-0.007477035673218779
1,1755,0,1427.5,677888,45.0,0.4648032486438751,0.045186833,-13.787514391615987,-0.032161634082513046,10584,0.027099609375,0.0001,0.2,1.9027340951142833,0.268942654132843,-0.007675962122448254
1,1729,0,1387.5,678400,45.0,0.4448348879814148,0.0082213385,-13.502917554602027,-0.03156425004635821,10592,0.015380859375,0.0001,0.2,1.595760867698118,-0.20314252376556396,-0.0030305417967610992
1,1646,0,1368.0,678912,45.0,0.8232279419898987,0.038898993,-13.640087276473642,-0.0567678872612305,10600,0.028564453125,0.0001,0.2,2.3507024275604635,0.35579460859298706,-0.007924212022771826
1,1315,0,1439.5,679424,45.0,0.774857223033905,0.0110553,-13.168687691092492,-0.04502097282784234,10608,0.01953125,0.0001,0.2,2.1606297683902085,0.4418121576309204,-0.007175625614763703
1,1744,0,1435.5,679936,45.0,1.3788150548934937,0.00086428854,-11.371858419626951,-0.036978709126742615,10616,0.00732421875,0.0001,0.2,3.290711354929954,0.5143173635005951,-0.0017836432489275467
1,1856,0,1431.5,680448,45.0,0.7151249647140503,0.00404214,-9.958626568950713,-0.03661927528810338,10624,0.019287109375,0.0001,0.2,2.2321383736561984,0.5765814483165741,-0.0049334316499880515
1,1780,0,1346.5,680960,45.0,0.6277057528495789,0.001327767,-8.517709108553827,-0.025054988811461953,10632,0.0068359375,0.0001,0.2,1.6899677570909262,0.5214850306510925,-0.001923486175655853
1,1709,0,1398.5,681472,45.0,0.2737962603569031,0.015470037,-6.978797004781663,-0.045224580560898175,10640,0.022216796875,0.0001,0.2,1.4412538311444223,0.50923952460289,-0.006083410538849421
1,1619,0,1407.5,681984,45.0,0.4446775019168854,0.014139917,-5.422571285739541,-0.05498890456510708,10648,0.018798828125,0.0001,0.2,1.3011389612220228,0.5952567756175995,-0.004067533009219915
1,1565,0,1456.5,682496,45.0,0.6182904243469238,0.007513482,-4.2981986081600185,-0.07924877836194355,10656,0.033935546875,0.0001,0.2,2.433342886622995,0.39975762367248535,-0.008117321558529511
1,1810,0,1464.5,683008,45.0,0.6467190384864807,0.008228202,-3.727212762162089,-0.05497467438544845,10664,0.027099609375,0.0001,0.2,2.333590537775308,0.49921566247940063,-0.00808442060406378
1,1631,0,1418.5,683520,45.0,0.5739474892616272,0.032039132,-3.804708781540394,-0.04777573604042118,10672,0.044921875,0.0001,0.2,1.2424230681499466,-0.10414636135101318,-0.010856994274945464
1,1239,0,1356.5,684032,45.0,0.4067212641239166,0.010776814,-4.309155768528581,-0.05438230558502255,10680,0.0361328125,0.0001,0.2,1.4293214599601924,0.12313759326934814,-0.009738518408994423
1,1950,0,1284.5,684544,45.0,0.806705117225647,0.010978327,-5.521604889035225,-0.06936409450281644,10688,0.036865234375,0.0001,0.2,2.3562655397690833,0.35302722454071045,-0.009966783742129337
1,1657,0,1319.0,685056,45.0,0.4373903274536133,0.016109161,-6.781215438619256,-0.03489632961827738,10696,0.022705078125,0.0001,0.2,1.676060696830973,0.11320358514785767,-0.005660124515998177
1,1545,0,1315.0,685568,45.0,0.8274757862091064,0.007593588,-8.292768088541925,-0.057704929720785,10704,0.0283203125,0.0001,0.2,2.3885222864337265,0.48288196325302124,-0.00825774114127853
1,1603,0,1344.0,686080,45.0,0.8232577443122864,0.0014279776,-9.354123917333782,-0.04088947988930158,10712,0.01025390625,0.0001,0.2,2.0426996587775648,0.1337888240814209,-0.00279282771225553
1,1722,0,1407.0,686592,45.0,1.0484633445739746,0.0062915944,-10.670115358419716,-0.05521371849317802,10720,0.027587890625,0.0001,0.2,4.576209717430174,0.27351605892181396,-0.007469174888683483
1,1712,0,1371.5,687104,45.0,0.5143839120864868,0.0066447416,-11.057262073270977,-0.03923158527322812,10728,0.019287109375,0.0001,0.2,1.537154142279178,0.08766663074493408,-0.005402708578913007
1,1620,0,1369.5,687616,45.0,1.0549308061599731,0.0077833678,-11.665948050878942,-0.037826340358151356,10736,0.02587890625,0.0001,0.2,2.196488964371383,0.42146605253219604,-0.0055187561629281845
1,1729,0,1415.0,688128,45.0,0.5321217179298401,0.0020750212,-11.214753995351494,-0.03222503272081667,10744,0.01171875,0.0001,0.2,1.7984575955197215,0.5051323473453522,-0.0033210821566171944
1,1760,0,1436.0,688640,45.0,2.214925765991211,0.0028114538,-10.982569510377944,-0.041446136727245175,10752,0.015625,0.0001,0.2,3.054147368762642,0.4042450189590454,-0.003935047971936001
1,1683,0,1544.0,689152,45.0,0.4173089563846588,0.0027973223,-10.08274346601218,-0.044426949258195236,10760,0.015869140625,0.0001,0.2,1.4884993403684348,0.5703481137752533,-0.004566585208522156
1,1614,0,1533.5,689664,45.0,0.19180166721343994,0.0136172585,-9.213860082030296,-0.054744902616221225,10768,0.030517578125,0.0001,0.2,0.7455423231003806,0.7784361690282822,-0.006170478241983801
1,1551,0,1562.5,690176,45.0,0.36769261956214905,0.010629669,-8.13370925795287,-0.061969010981556494,10776,0.03466796875,0.0001,0.2,1.9314510913100094,0.42781704664230347,-0.008547095494577661
1,1638,0,1532.5,690688,45.0,0.2737603783607483,0.00977786,-7.340153158195317,-0.056702733934798744,10784,0.026123046875,0.0001,0.2,1.4814421508926898,0.5014396905899048,-0.005434201488242252
1,1751,0,1512.5,691200,45.0,1.5924842357635498,0.0060901223,-6.826007233671844,-0.06822070357156917,10792,0.032470703125,0.0001,0.2,4.167224640958011,0.15464425086975098,-0.007905209968157578
1,1696,0,1532.0,691712,45.0,0.5632730722427368,0.006168919,-6.501775091961026,-0.0469137638938264,10800,0.02197265625,0.0001,0.2,1.9159836950711906,-0.005665183067321777,-0.004817702487343922
1,1621,0,1564.5,692224,45.0,0.638737142086029,0.010998555,-6.685969513505698,-0.04622092824138235,10808,0.0263671875,0.0001,0.2,2.2886772314086556,0.31794363260269165,-0.0058760064202942885
1,1177,0,1590.5,692736,45.0,1.3266732692718506,0.007040897,-7.119467747360468,-0.06479483021394117,10816,0.02734375,0.0001,0.2,2.548627701587975,0.6468749642372131,-0.005599414831522154
1,1610,0,1636.0,693248,45.0,0.8933801054954529,0.008749314,-7.701794922798872,-0.06514839958981611,10824,0.02978515625,0.0001,0.2,2.5093906321562827,0.7490059435367584,-0.00931474425306078
1,1745,0,1599.0,693760,45.0,1.7398955821990967,0.0063976,-8.610146917551756,-0.06117214644837077,10832,0.03759765625,0.0001,0.2,4.836124021559954,0.682491809129715,-0.008044311864068732
1,1634,0,1623.5,694272,45.0,1.2650389671325684,0.011733819,-9.2731419551,-0.06051068610759103,10840,0.02685546875,0.0001,0.2,2.04303576098755,0.7900993525981903,-0.006161105331557337
1,1784,0,1541.5,694784,45.0,1.7221245765686035,0.011391488,-10.265979650430381,-0.07075647180317901,10848,0.05126953125,0.0001,0.2,3.423491531983018,0.7091119587421417,-0.009629592794226483
1,1811,0,1493.5,695296,45.0,0.321898877620697,0.0063596657,-10.638868670202791,-0.059280574419972254,10856,0.024658203125,0.0001,0.2,1.609369994373992,0.7584563940763474,-0.006818858841143083
1,1769,0,1498.0,695808,45.0,0.18316665291786194,0.024612114,-10.445706953927875,-0.03776165865929215,10864,0.03076171875,0.0001,0.2,1.0539066668134183,0.5019902884960175,-0.005811180380987935
1,1771,0,1430.0,696320,45.0,1.1393464803695679,0.005045805,-10.521227543465793,-0.05812303082529979,10872,0.021728515625,0.0001,0.2,1.905001402599737,0.5386523306369781,-0.0033594897686270997
1,1514,0,1415.5,696832,45.0,1.1293624639511108,0.0075133694,-10.643499281071126,-0.049465886063444486,10880,0.030029296875,0.0001,0.2,3.2088425867259502,0.24491441249847412,-0.006146947736851871
1,1689,0,1404.0,697344,45.0,1.0686678886413574,0.007933371,-9.648039059750737,-0.04231676681229146,10888,0.023681640625,0.0001,0.2,2.1857226975262165,-0.007437586784362793,-0.0065252635249635205
1,1791,0,1298.5,697856,45.0,2.078028440475464,0.0037974,-8.941372367478907,-0.046827477801343775,10896,0.021728515625,0.0001,0.2,4.013145516626537,0.2909640669822693,-0.003730899770744145
1,1679,0,1339.0,698368,45.0,2.2953150272369385,0.0030614822,-8.706127835772932,-0.03213015526307572,10904,0.0087890625,0.0001,0.2,4.228932668454945,0.3207520842552185,-0.003493147640256211
1,1911,0,1175.5,698880,45.0,0.8729217052459717,0.00688102,-8.19479680929333,-0.04996187796496088,10912,0.022705078125,0.0001,0.2,3.368127162568271,0.5037433505058289,-0.0058584015860105865
1,1687,0,1244.5,699392,45.0,2.271596670150757,0.0068608965,-8.524226947240532,-0.037992828747519525,10920,0.0234375,0.0001,0.2,4.521877221763134,0.28453177213668823,-0.007259353136760183
1,1683,0,1272.0,699904,45.0,0.5763444304466248,0.00810767,-8.900686766915022,-0.0582406912035367,10928,0.027587890625,0.0001,0.2,3.8093073735944927,0.15247303247451782,-0.00369879528079764
1,1681,0,1324.0,700416,45.0,2.2945663928985596,0.006751881,-9.56034351989627,-0.05643386538577033,10936,0.030517578125,0.0001,0.2,4.738354977220297,0.33004045486450195,-0.006462960569479037
1,1738,0,1299.0,700928,45.0,0.7352133393287659,0.006716302,-9.80310920856893,-0.046842523330269614,10944,0.026123046875,0.0001,0.2,1.9449272560887039,0.42276811599731445,-0.00489435087365564
1,1367,0,1318.0,701440,45.0,0.7034661769866943,0.0076323273,-10.581059842258691,-0.041760057996725664,10952,0.0244140625,0.0001,0.2,2.6053475327789783,0.14921271800994873,-0.005207550209888723
1,2045,0,1249.5,701952,45.0,0.17854127287864685,0.008874134,-11.152048996053637,-0.023257441533132805,10960,0.0166015625,0.0001,0.2,0.6703940518200397,0.4794629216194153,-0.0030595349162467755
1,1786,0,1305.5,702464,45.0,0.27711203694343567,0.014645607,-11.650301679112017,-0.023763779430737486,10968,0.01806640625,0.0001,0.2,0.653722845367156,0.2865126132965088,-0.0035071067650278565
1,1738,0,1241.5,702976,45.0,0.4332481324672699,0.0064521995,-11.632962876372039,-0.03581292299077177,10976,0.024169921875,0.0001,0.2,1.1812842292711139,0.35449254512786865,-0.0058824404168262845
1,1563,0,1369.0,703488,45.0,0.5229036808013916,0.0029197582,-11.384917203001677,-0.03760721614162321,10984,0.015625,0.0001,0.2,1.4843207565136254,0.09281259775161743,-0.005200963227252942
1,1605,0,1435.5,704000,45.0,0.6325190663337708,0.0013097677,-10.533103071786464,-0.031065856383065693,10992,0.01025390625,0.0001,0.2,1.7438411966431886,0.37896931171417236,-0.00241897207160946
1,1539,0,1502.5,704512,45.0,0.6763195395469666,0.01172368,-9.955868228338659,-0.04925012059538858,11000,0.031982421875,0.0001,0.2,1.358893194468692,0.4987375736236572,-0.004132836053031497
1,1664,0,1502.0,705024,45.0,0.6850168108940125,0.006748921,-9.054956553764642,-0.04851470759240328,11008,0.024169921875,0.0001,0.2,1.64343977952376,0.3234313726425171,-0.0031525298400083557
1,1791,0,1465.0,705536,45.0,0.44030749797821045,0.034855098,-8.35520231384784,-0.04075777906655276,11016,0.025390625,0.0001,0.2,1.147835690760985,0.5069613754749298,-0.006032243622030364
1,1832,0,1475.0,706048,45.0,0.2646283507347107,0.007016921,-7.566220029219985,-0.03827099391583033,11024,0.01904296875,0.0001,0.2,2.214032269315794,0.3693394660949707,-0.005844947118021082
1,1654,0,1487.5,706560,45.0,0.3307116627693176,0.009347012,-7.1785792155563835,-0.018924932257505134,11032,0.017578125,0.0001,0.2,0.8812055892776698,0.5072871446609497,-0.003633980410086224
1,1900,0,1404.0,707072,45.0,0.553561270236969,0.005927483,-7.24594789467752,-0.0359466163408797,11040,0.014404296875,0.0001,0.2,2.0740728727541864,0.1990705132484436,-0.0029763854254269972
1,1823,0,1395.0,707584,45.0,0.3082626461982727,0.011108937,-7.518182049170137,-0.0378157106879371,11048,0.023681640625,0.0001,0.2,1.724202357698232,0.5679754614830017,-0.006801439965784084
1,1707,0,1402.0,708096,45.0,0.7892557382583618,0.0052050557,-7.931080872267485,-0.05990710380501696,11056,0.046875,0.0001,0.2,2.469687254168093,0.5341507494449615,-0.01199592058401322
1,1834,0,1312.5,708608,45.0,0.5690574049949646,0.0037875492,-8.466123914942145,-0.03336658484204236,11064,0.014892578125,0.0001,0.2,1.7024881248362362,0.4886013865470886,-0.005659482593728171
1,2008,0,1147.0,709120,45.0,0.1531253308057785,0.016630532,-8.927280272319912,-0.041096961962466594,11072,0.026123046875,0.0001,0.2,1.3101391285890713,0.5300059616565704,-0.006849722296465188
1,1712,0,1160.5,709632,45.0,0.5922003984451294,0.014611528,-9.79264762148261,-0.03713472200706747,11080,0.0263671875,0.0001,0.2,1.567499263677746,0.4830843210220337,-0.0060979300033068284
1,1722,0,1160.5,710144,45.0,0.49744880199432373,0.0032956055,-10.061855604574085,-0.02879667968954891,11088,0.017333984375,0.0001,0.2,1.856557474238798,-0.2061324119567871,-0.0034606279732543044
1,1833,0,1179.5,710656,45.0,0.27404388785362244,0.009360432,-10.212385379970074,-0.028640329393965658,11096,0.020751953125,0.0001,0.2,1.0044577966909856,0.489446759223938,-0.002770817092823563
1,1292,0,1127.5,711168,45.0,0.7523948550224304,0.004823794,-10.473703207075596,-0.03361559254517488,11104,0.01708984375,0.0001,0.2,1.9747785492800176,0.4148210883140564,-0.004080774873727933
1,1700,0,1208.0,711680,45.0,1.7980961799621582,0.0026110644,-10.412513278834522,-0.040713650994803174,11112,0.02099609375,0.0001,0.2,3.3888783948495984,0.5810628235340118,-0.005858050259121228
1,1861,0,1193.0,712192,45.0,1.0032583475112915,0.0068256995,-9.940610830895602,-0.03266306124533003,11120,0.021484375,0.0001,0.2,2.3932337192818522,0.7462883591651917,-0.005311279390298296
1,1720,0,1155.5,712704,45.0,3.7719452381134033,0.008080456,-9.620703247450292,-0.048387277929577976,11128,0.025146484375,0.0001,0.2,5.095499724149704,0.6616423428058624,-0.006128653047198895
1,1637,0,1248.0,713216,45.0,1.9516102075576782,0.005975577,-9.347474668510259,-0.04368196064569929,11136,0.02294921875,0.0001,0.2,3.2025453113019466,0.7206736207008362,-0.006595761700737057
1,1685,0,1331.0,713728,45.0,0.9008499979972839,0.009845974,-8.468902414180338,-0.05348947467064136,11144,0.02587890625,0.0001,0.2,2.3790950174443424,0.7921968847513199,-0.004793192143552005
1,1618,0,1359.5,714240,45.0,2.9615840911865234,0.00809364,-8.125029791109263,-0.05694161201972747,11152,0.032470703125,0.0001,0.2,4.689532862976193,0.4935527443885803,-0.008328376741701504
1,1695,0,1337.0,714752,45.0,0.30407994985580444,0.010263176,-8.082776383124292,-0.05524711954058148,11160,0.030029296875,0.0001,0.2,2.972735287155956,0.517725020647049,-0.006870949553558603
1,1731,0,1407.0,715264,45.0,3.4003050327301025,0.0075718747,-8.084065600968897,-0.04867786384784267,11168,0.030517578125,0.0001,0.2,4.212159323506057,0.059018492698669434,-0.005632632788547198
1,1454,0,1376.5,715776,45.0,1.2008384466171265,0.010561679,-7.5089499183744195,-0.025770229383851984,11176,0.017578125,0.0001,0.2,2.1652741711586714,-0.014858603477478027,-0.00499643509829184
1,1935,0,1331.5,716288,45.0,1.0367612838745117,0.013213169,-7.3036083225905895,-0.03468966826039832,11184,0.02490234375,0.0001,0.2,2.225864553358406,-0.12076723575592041,-0.005856632320501376
1,1987,0,1364.5,716800,45.0,0.8036003708839417,0.009093874,-6.801249686107039,-0.02848457397431048,11192,0.019775390625,0.0001,0.2,2.0177259701304138,0.1929904818534851,-0.0024367137302760966
1,1766,0,1232.0,717312,45.0,0.773494303226471,0.0070433933,-6.350821770206093,-0.03436018068623525,11200,0.0244140625,0.0001,0.2,1.6335913096554577,0.3166999816894531,-0.005628582752251532
1,1800,0,1107.5,717824,45.0,0.7538867592811584,0.003080831,-6.523277442082763,-0.029318730692466488,11208,0.017822265625,0.0001,0.2,1.6471824934706092,0.1653902530670166,-0.004176834270765539
1,1869,0,1100.5,718336,45.0,0.20154806971549988,0.0034924038,-6.757784345373511,-0.02654695849196287,11216,0.021484375,0.0001,0.2,1.0511130527593195,-5.555152893066406e-05,-0.005124702583998442
1,2115,0,951.0,718848,45.0,0.4097404181957245,0.01279022,-7.009506574496627,-0.028285769164540397,11224,0.02783203125,0.0001,0.2,1.476537264417857,0.1954708695411682,-0.008909545576898381
1,1751,0,928.0,719360,45.0,0.5207542777061462,0.018491223,-7.711934369653464,-0.026008549453763408,11232,0.020263671875,0.0001,0.2,2.640507770702243,0.2926402688026428,-0.00553904762637103
1,1886,0,900.5,719872,45.0,1.6486631631851196,0.0051288465,-8.038400332853199,-0.027587799067987362,11240,0.018798828125,0.0001,0.2,3.271598745137453,0.464127779006958,-0.004622028836820391
1,1922,0,868.0,720384,45.0,2.150055170059204,0.002763585,-8.80105002321303,-0.020434095818927744,11248,0.01318359375,0.0001,0.2,6.869878049939871,0.6300662755966187,-0.0035489173387759365
1,1887,0,917.0,720896,45.0,5.708372592926025,0.0039459313,-9.798576464876533,-0.01893507708064135,11256,0.01025390625,0.0001,0.2,9.746415868401527,0.5882037878036499,-0.0057225095661124215
1,1227,0,936.5,721408,45.0,1.700040578842163,0.005635596,-10.669825333729387,-0.028365255493554287,11264,0.00927734375,0.0001,0.2,7.08562427572906,0.6510805189609528,-0.005380690512538422
1,1732,0,1043.0,721920,45.0,3.227066993713379,0.00837331,-10.886288541629911,-0.04813029214710696,11272,0.023193359375,0.0001,0.2,6.3912882739678025,0.611212283372879,-0.008091315801721066
1,2014,0,987.0,722432,45.0,0.7300732135772705,0.0031626131,-10.795157789736987,-0.05267425053170882,11280,0.018798828125,0.0001,0.2,4.228368381038308,0.7839318662881851,-0.00491876425803639
1,1757,0,1092.5,722944,45.0,2.2955119609832764,0.008271582,-11.159057989493013,-0.02541504692817398,11288,0.017822265625,0.0001,0.2,4.213764042360708,0.635351300239563,-0.004412264504935592
1,1589,0,1238.5,723456,45.0,0.5936746001243591,0.007520605,-10.371368153616785,-0.032872390091142734,11296,0.023193359375,0.0001,0.2,1.5491489260457456,0.8358599096536636,-0.0050020135822705925
1,1673,0,1219.0,723968,45.0,0.8947263956069946,0.021941148,-9.221933529451489,-0.06269392551257624,11304,0.038818359375,0.0001,0.2,1.846188790164888,0.8069709837436676,-0.010613902959448751
1,1195,0,1307.0,724480,45.0,0.7270948886871338,0.02725888,-8.6500592648983,-0.0501654633499129,11312,0.02099609375,0.0001,0.2,1.7539030010811985,0.6868877112865448,-0.005807889374409569
1,1530,0,1389.0,724992,45.0,0.9085057973861694,0.013573524,-7.772345185577869,-0.08002054457028862,11320,0.0537109375,0.0001,0.2,2.8145818528719246,0.4622294306755066,-0.004195583089313004
1,1209,0,1398.0,725504,45.0,0.9336591362953186,0.012206558,-7.270349978134036,-0.06373011090181535,11328,0.037353515625,0.0001,0.2,1.766323220450431,0.4227999448776245,-0.007864579973102082
1,1629,0,1465.0,726016,45.0,0.66804039478302,0.026794516,-7.146586216986179,-0.08340232637419831,11336,0.04541015625,0.0001,0.2,1.9294249177910388,0.4529552459716797,-0.006948534435650799
1,1528,0,1518.5,726528,45.0,0.736659586429596,0.019437086,-7.500682908892632,-0.07343759918876458,11344,0.041259765625,0.0001,0.2,1.7329127846751362,0.19909405708312988,-0.009475778504565824
1,1662,0,1577.5,727040,45.0,1.8375269174575806,0.025541753,-8.354080791957676,-0.09549705917015672,11352,0.045654296875,0.0001,0.2,4.5193871865049005,0.26412492990493774,-0.008557915378332837
1,1582,0,1551.5,727552,45.0,0.40868696570396423,0.011728963,-8.811430309265852,-0.06626400889945216,11360,0.03125,0.0001,0.2,2.3006547545082867,0.32049405574798584,-0.0012849210397689603
1,1652,0,1567.5,728064,45.0,1.306402325630188,0.018727038,-10.089890205413104,-0.07966084083454916,11368,0.052490234375,0.0001,0.2,4.5702198669314384,0.49878889322280884,-0.01299307065346511
1,1738,0,1515.5,728576,45.0,0.754237711429596,0.011874889,-11.187422893941402,-0.05882967621437274,11376,0.0283203125,0.0001,0.2,3.371070759370923,0.5474199950695038,-0.009435520991246449
1,1707,0,1524.5,729088,45.0,1.037845492362976,0.0090768915,-11.830047893859446,-0.049808866604507784,11384,0.030517578125,0.0001,0.2,2.3660174310207367,0.5612257719039917,-0.008634133908344666
1,1635,0,1482.5,729600,45.0,0.45968425273895264,0.0065241065,-12.284403013214469,-0.0388564193071943,11392,0.021728515625,0.0001,0.2,2.9402507464401424,0.5271590054035187,-0.005471522184961941
1,1189,0,1447.5,730112,45.0,0.4714741110801697,0.011773085,-12.27736320786178,-0.06323462848376948,11400,0.040283203125,0.0001,0.2,2.0627223271876574,0.569073349237442,-0.010971630847052438
1,1853,0,1376.5,730624,45.0,0.5266907811164856,0.022074789,-12.46187967121601,-0.036086898971916526,11408,0.028076171875,0.0001,0.2,2.054457900347188,0.43828827142715454,-0.006954759708605707
1,1863,0,1296.0,731136,45.0,0.37623244524002075,0.012548866,-12.283119135797024,-0.04674348085063684,11416,0.037109375,0.0001,0.2,1.39587346999906,0.431510865688324,-0.011832317068183329
1,1714,0,1271.0,731648,45.0,0.39739400148391724,0.0054293866,-11.471895844899118,-0.02892846161057605,11424,0.022216796875,0.0001,0.2,1.1456414132844657,-0.8202990293502808,1.737134880386293e-06
1,1882,0,1189.0,732160,45.0,0.5937512516975403,0.020254241,-11.102260250374675,-0.018339463449592586,11432,0.02001953125,0.0001,0.2,2.207706179469824,0.08400899171829224,-0.008541367318684934
1,2089,0,1103.5,732672,45.0,0.4595996141433716,0.016955202,-9.941955973654986,-0.033352678831761295,11440,0.018310546875,0.0001,0.2,1.516463805688545,-0.02656388282775879,-0.005407000884588342
1,1947,0,1050.5,733184,45.0,1.2553750276565552,0.007559202,-9.651799689754844,-0.024659939985212986,11448,0.01318359375,0.0001,0.2,2.318586573936045,0.42705482244491577,-0.004034411584143527
1,1903,0,967.5,733696,45.0,1.032668113708496,0.0061059576,-9.59213505204767,-0.025754533397957857,11456,0.015869140625,0.0001,0.2,3.5070129223167896,0.4645789861679077,-0.002932546747615561
1,1715,0,979.0,734208,45.0,0.5106311440467834,0.0026412518,-9.158737535476684,-0.025660605276243587,11464,0.006103515625,0.0001,0.2,2.827395202126354,0.5168215930461884,-0.0016018056776374578
1,1844,0,1016.5,734720,45.0,1.1970733404159546,0.0036814753,-9.242979838252067,-0.052503954586427426,11472,0.02587890625,0.0001,0.2,4.39897018391639,0.6395781934261322,-0.0077808916757931
1,1329,0,1034.0,735232,45.0,1.1510101556777954,0.01156286,-9.04149684265256,-0.033189909658176475,11480,0.01708984375,0.0001,0.2,3.6450123749673367,0.6080467402935028,-0.005003486498026177
1,1925,0,1056.0,735744,45.0,1.450830340385437,0.022185447,-8.807146098911762,-0.04676984121033456,11488,0.03076171875,0.0001,0.2,3.5362279885448515,0.718729704618454,-0.008701167804247234
1,1678,0,1058.5,736256,45.0,2.790651321411133,0.0034694276,-9.001299548894167,-0.03903333947164356,11496,0.020751953125,0.0001,0.2,3.986781185027212,0.5700048506259918,-0.007819249556632712
1,1802,0,1139.5,736768,45.0,0.5927177667617798,0.0069367625,-9.127108182422816,-0.0427285680998466,11504,0.027587890625,0.0001,0.2,2.9253963867668062,0.3676324486732483,-0.006380707876814995
1,1674,0,1299.5,737280,45.0,0.5232686996459961,0.013531901,-9.460462788380683,-0.03885318409447791,11512,0.02099609375,0.0001,0.2,1.288963105995208,0.342035174369812,-0.007843726540158968
1,1857,0,1229.0,737792,45.0,1.1806635856628418,0.025376348,-9.349541785642504,-0.05589541219524108,11520,0.036865234375,0.0001,0.2,2.071901605464518,-0.08130264282226562,-0.009486087368713925
1,1406,0,1370.5,738304,45.0,0.6359675526618958,0.008433135,-9.590268184393643,-0.050021276856568875,11528,0.034912109375,0.0001,0.2,1.819895310793072,0.16826075315475464,-0.006107402259658556
1,1731,0,1332.0,738816,45.0,0.8806126117706299,0.0029668834,-9.539681049659848,-0.04333766486706736,11536,0.0185546875,0.0001,0.2,2.9420232106931508,0.1854926347732544,-0.004614382021827623
1,1893,0,1326.5,739328,45.0,0.2962585985660553,0.003716339,-9.634382066056132,-0.031270427447452676,11544,0.01611328125,0.0001,0.2,1.4423691695556045,0.03408557176589966,-0.002479131842846982
1,1444,0,1327.5,739840,45.0,1.023491382598877,0.0030263436,-9.639037736691535,-0.04527037575826398,11552,0.021484375,0.0001,0.2,2.090052763465792,0.30172163248062134,-0.0031304340045608114
1,1943,0,1277.0,740352,45.0,0.45670440793037415,0.017038567,-9.524911841712893,-0.04624427141425258,11560,0.03955078125,0.0001,0.2,1.4436257290653884,0.3994755148887634,-0.006605893147934694
1,1961,0,1214.0,740864,45.0,0.3574502170085907,0.0036784047,-9.34066439077258,-0.025546630574353912,11568,0.017333984375,0.0001,0.2,0.9597103958949447,0.027967214584350586,-0.008143366758304182
1,1963,0,1142.5,741376,45.0,0.2698153853416443,0.012543117,-8.926098582148551,-0.02247643093323859,11576,0.0126953125,0.0001,0.2,0.6344092761282809,0.11619359254837036,-0.0038030490632081637
1,1747,0,1186.0,741888,45.0,0.06780664622783661,0.006272044,-8.473249412812292,-0.029960235776343325,11584,0.021728515625,0.0001,0.2,0.5246049775159918,0.2787069082260132,-0.0047713033491163515
1,2097,0,1127.0,742400,45.0,0.2801707088947296,0.007968171,-8.067629418112338,-0.03539776414618245,11592,0.021728515625,0.0001,0.2,0.8791662203148007,0.533329039812088,-0.004551345635263715
1,1773,0,1091.5,742912,45.0,0.870625913143158,0.0037889564,-8.13658507104963,-0.026520290763073717,11600,0.0126953125,0.0001,0.2,2.5159480376169086,0.45734262466430664,-0.0038295253543765284
1,1798,0,1147.0,743424,45.0,0.5116721391677856,0.009028964,-7.787421096004546,-0.037418828233057866,11608,0.01904296875,0.0001,0.2,2.191749376244843,0.6994847357273102,-0.006465830680099316
1,1829,0,1172.0,743936,45.0,0.5393601059913635,0.0107806465,-7.663051978014409,-0.021208604899584316,11616,0.0078125,0.0001,0.2,2.430290156044066,0.7764512598514557,-0.0026638802883098833
1,1714,0,1220.0,744448,45.0,1.9314110279083252,0.003998328,-7.7250740385055545,-0.03579411770624574,11624,0.015625,0.0001,0.2,5.502214333973825,0.6526064276695251,-0.005854567556525581
1,1474,0,1248.5,744960,45.0,1.5014939308166504,0.005182518,-7.494596326947212,-0.0436547509925731,11632,0.012939453125,0.0001,0.2,4.875002214685082,0.6850346922874451,-0.0048103316948981956
1,1783,0,1333.5,745472,45.0,2.8932580947875977,0.005089286,-8.008846192508935,-0.028310196379607078,11640,0.010986328125,0.0001,0.2,5.615589638240635,0.40423572063446045,-0.004582514418871142
1,1670,0,1406.0,745984,45.0,0.4093058407306671,0.011104098,-8.136111399978398,-0.030630175828264328,11648,0.016357421875,0.0001,0.2,1.9114711158908904,0.6783283352851868,-0.006532262832479319
1,1797,0,1391.5,746496,45.0,0.5327193140983582,0.035433024,-8.350194286182523,-0.050044379979226505,11656,0.04736328125,0.0001,0.2,0.949414256028831,0.7887776494026184,-0.011323582937620813
1,1770,0,1498.5,747008,45.0,1.0317802429199219,0.009126335,-8.794041297957301,-0.03879711352601589,11664,0.032958984375,0.0001,0.2,1.5869511691853404,0.5362138748168945,-0.005665604963724036
1,1757,0,1433.0,747520,45.0,0.5183505415916443,0.008594672,-8.734258980862796,-0.029989811539053335,11672,0.01904296875,0.0001,0.2,1.4496491523459554,0.1966559886932373,-0.00522902311058715
1,1866,0,1424.0,748032,45.0,0.6040167808532715,0.0031917626,-9.095656653381884,-0.028986917202928453,11680,0.01318359375,0.0001,0.2,2.289196384139359,-0.05441105365753174,-0.0026478961644897936
1,1785,0,1405.5,748544,45.0,1.0063344240188599,0.036665887,-9.09586236357689,-0.032578621607171954,11688,0.02294921875,0.0001,0.2,2.5022252248600125,-0.015043377876281738,-0.004974490286258515
1,1814,0,1448.5,749056,45.0,0.6914161443710327,0.008755943,-9.423638655766844,-0.042065610283316346,11696,0.028076171875,0.0001,0.2,5.430736870504916,0.18194341659545898,-0.005376004679419566
1,1395,0,1475.5,749568,45.0,1.0003337860107422,0.0063494053,-9.678880967721343,-0.033378905689460225,11704,0.018798828125,0.0001,0.2,3.3173040375113487,0.6915920078754425,-0.006794652046664851
1,1712,0,1454.0,750080,45.0,0.61258465051651,0.0066313813,-9.154865555614233,-0.026000494694017107,11712,0.01318359375,0.0001,0.2,2.5576239498332143,0.5541926026344299,-0.004550741239654599
1,2041,0,1345.5,750592,45.0,0.5713981986045837,0.0037243282,-8.897873554341494,-0.02101085117465118,11720,0.008544921875,0.0001,0.2,2.9747982677072287,0.3927329182624817,-0.004000269691459835
1,1863,0,1278.0,751104,45.0,0.5178441405296326,0.0026978292,-8.611491269506514,-0.02043294482427882,11728,0.010498046875,0.0001,0.2,2.161513842176646,0.07905685901641846,-0.0053568905241263565
1,1886,0,1220.5,751616,45.0,0.15834051370620728,0.008210133,-8.319330081157386,-0.03157478288085258,11736,0.0205078125,0.0001,0.2,1.2246290969196707,-0.3753777742385864,-0.003579733704100363
1,1893,0,1229.5,752128,45.0,0.5815238356590271,0.011754057,-8.166647203415632,-0.030874076484906254,11744,0.024658203125,0.0001,0.2,2.3753448604838923,0.1765863299369812,-0.006371180239511887
1,1495,0,1215.0,752640,45.0,0.7474040389060974,0.008417495,-8.028232273831964,-0.03301594297772681,11752,0.015625,0.0001,0.2,1.91890601022169,0.3558913469314575,-0.003851308581943158
1,1627,0,1229.0,753152,45.0,1.0648956298828125,0.0036227552,-8.04693519834429,-0.03644908500973543,11760,0.017822265625,0.0001,0.2,3.8020134326070547,0.3621758222579956,-0.005422926253231708
1,1855,0,1138.0,753664,45.0,0.7425611019134521,0.014475506,-7.5704090564325455,-0.03658051744059776,11768,0.0234375,0.0001,0.2,2.864883264526725,0.616959422826767,-0.0046071091055637226
1,1680,0,1183.5,754176,45.0,1.3452268838882446,0.0029808835,-7.577576259784401,-0.029255943569296505,11776,0.00830078125,0.0001,0.2,3.8656826419755816,0.6818903684616089,-0.002440925069095101
1,1308,0,1199.0,754688,45.0,1.3441821336746216,0.0023299088,-7.381452656425536,-0.03237508725942462,11784,0.016845703125,0.0001,0.2,3.4272563965059817,0.7525087893009186,-0.004171349137322977
1,1737,0,1260.5,755200,45.0,1.4207090139389038,0.003335396,-7.822091374322772,-0.03510991767325322,11792,0.0146484375,0.0001,0.2,4.155194203369319,0.5831340551376343,-0.005056341760791838
1,1595,0,1315.0,755712,45.0,0.6530721187591553,0.02303665,-8.581345694363117,-0.034954016577103175,11800,0.02978515625,0.0001,0.2,2.623018247773871,0.21450155973434448,-0.007485418989745085
1,1778,0,1313.5,756224,45.0,0.8235981464385986,0.020846946,-8.88403764910996,-0.03691279946906434,11808,0.027099609375,0.0001,0.2,5.288990590721369,0.3274425268173218,-0.005663226656906772
1,1755,0,1347.0,756736,45.0,0.554598867893219,0.0032679124,-9.022875722013413,-0.03666210862502339,11816,0.017822265625,0.0001,0.2,1.5905528608709574,0.36353498697280884,-0.006054847326595336
1,1672,0,1386.0,757248,45.0,0.4693177342414856,0.009499065,-8.808305965326726,-0.03152438351025921,11824,0.02001953125,0.0001,0.2,2.188371915370226,-0.03671610355377197,-0.00543364123768697
1,1794,0,1429.5,757760,45.0,1.0105706453323364,0.014487897,-9.05617831569165,-0.03712761642236728,11832,0.027587890625,0.0001,0.2,2.3712936327792704,0.20507806539535522,-0.006704161496600136
1,1614,0,1423.0,758272,45.0,0.5670487284660339,0.019848712,-8.820432076305151,-0.037559844966381206,11840,0.030029296875,0.0001,0.2,1.5167649704962969,0.21859383583068848,-0.00888764457340585
1,1366,0,1357.5,758784,45.0,0.37462982535362244,0.00901145,-9.061050776615739,-0.04192833763954695,11848,0.02734375,0.0001,0.2,1.3066851033363491,0.11132866144180298,-0.003470844563707942
1,1784,0,1325.5,759296,45.0,0.42739781737327576,0.038788263,-9.149670974090695,-0.03001677443717199,11856,0.02685546875,0.0001,0.2,1.2823479385115206,0.3818439245223999,-0.005241289036348462
1,1628,0,1317.0,759808,45.0,1.2870970964431763,0.012338376,-8.633974862024187,-0.04770873987217783,11864,0.0380859375,0.0001,0.2,3.389166481792927,0.1710774302482605,-0.005226830860920018
1,1712,0,1308.5,760320,45.0,0.25927412509918213,0.027531661,-8.455827424526214,-0.05276874263472564,11872,0.047119140625,0.0001,0.2,6.854443218093365,0.1874428391456604,-0.015854503828450106
1,1584,0,1394.5,760832,45.0,2.321932554244995,0.017002067,-8.074641225636006,-0.03681532488917583,11880,0.02490234375,0.0001,0.2,4.314320417121053,0.6634877324104309,-0.005335260681022191
1,1760,0,1381.0,761344,45.0,1.4288628101348877,0.0035890252,-7.766017371602357,-0.03060514887329191,11888,0.02392578125,0.0001,0.2,2.4404823016375303,0.14562177658081055,-0.004383649156807223
1,1747,0,1379.5,761856,45.0,0.9367107152938843,0.02494264,-7.66452314760536,-0.03780017499229871,11896,0.03759765625,0.0001,0.2,2.603247981518507,0.2815166115760803,-0.009404830256244168
1,1771,0,1351.5,762368,45.0,0.7575231194496155,0.011247151,-7.576284349262714,-0.035394223139519454,11904,0.02490234375,0.0001,0.2,1.7865697124507278,0.44992321729660034,-0.006860471039544791
1,1656,0,1343.0,762880,45.0,1.1469932794570923,0.003553112,-8.076891350969673,-0.028839879094448406,11912,0.016845703125,0.0001,0.2,2.1578063489869237,0.3272768259048462,-0.005017406576371286
1,1372,0,1413.0,763392,45.0,1.3570209741592407,0.017520355,-7.91554086856544,-0.04519477126086713,11920,0.033447265625,0.0001,0.2,5.671226764563471,0.4035096764564514,-0.0061163183927419595
1,1502,0,1452.0,763904,45.0,0.4438196122646332,0.0089125205,-8.012479503378271,-0.030166069444931054,11928,0.024658203125,0.0001,0.2,1.3581121421884745,0.32888346910476685,-0.0052596090208680835
1,1758,0,1442.5,764416,45.0,1.34866464138031,0.008222668,-7.889734526202083,-0.0509978347690776,11936,0.0322265625,0.0001,0.2,4.326728742569685,0.3820497393608093,-0.005935112159932032
1,1881,0,1386.0,764928,45.0,0.41892844438552856,0.038471814,-7.613732127472758,-0.042005984108982375,11944,0.033203125,0.0001,0.2,0.9882714853156358,0.4152302145957947,-0.007136504689697176
1,1690,0,1331.0,765440,45.0,0.20564691722393036,0.014603473,-7.442106193006039,-0.04750027068257623,11952,0.03173828125,0.0001,0.2,1.3122816337272525,0.3756183385848999,-0.0074470566178206354
1,1688,0,1362.0,765952,45.0,0.8940972089767456,0.037419006,-7.669320915639401,-0.06136472470825538,11960,0.056640625,0.0001,0.2,2.1246091593056917,0.1856684684753418,-0.006863011971290689
1,1500,0,1337.5,766464,45.0,0.5582157373428345,0.008724246,-7.642501424960792,-0.06375819941604277,11968,0.033203125,0.0001,0.2,1.6659177814144641,0.3965299129486084,-0.0051414263507467695
1,1742,0,1388.0,766976,45.0,0.126748725771904,0.013894031,-7.325535584501922,-0.037646183283868595,11976,0.033203125,0.0001,0.2,0.7645094965118915,0.6349504590034485,-0.0051556614562286995
1,1626,0,1431.0,767488,45.0,0.8437213897705078,0.0067553166,-7.043889896161854,-0.03357046078417625,11984,0.0166015625,0.0001,0.2,1.1714898031204939,0.5428697466850281,-0.0017757727473508567
1,1423,0,1417.0,768000,45.0,0.8201699256896973,0.0073740534,-7.204115190990269,-0.04438045612550923,11992,0.030517578125,0.0001,0.2,1.4265779629349709,0.40638190507888794,-0.007494488738302607
1,1953,0,1297.0,768512,45.0,0.28896385431289673,0.002909745,-7.424861114099622,-0.031854323049628874,12000,0.02099609375,0.0001,0.2,0.8636889515910298,-0.16223430633544922,-0.002548841577663552
1,1762,0,1333.0,769024,45.0,0.14283782243728638,0.0043071876,-8.25835741467774,-0.03311007753654849,12008,0.029541015625,0.0001,0.2,1.4004259807989001,0.42214328050613403,-0.004780232055054512
1,1722,0,1315.0,769536,45.0,0.3699665665626526,0.0061650686,-8.774421627521514,-0.02766652668287861,12016,0.01953125,0.0001,0.2,1.3214663108810782,-0.007428526878356934,-0.001918518690217752
1,1583,0,1381.0,770048,45.0,0.31886616349220276,0.0061001945,-9.369252764731646,-0.030882942914104206,12024,0.020263671875,0.0001,0.2,2.0960212028585374,0.2020118236541748,-0.003613003049395047
1,1721,0,1408.5,770560,45.0,0.5268158912658691,0.0028227393,-9.54849808946252,-0.031524895012807974,12032,0.01025390625,0.0001,0.2,2.4257022491656244,0.33168864250183105,-0.002953698167402763
1,1626,0,1459.0,771072,45.0,0.3870851993560791,0.011918685,-10.12401000071317,-0.03897683401737595,12040,0.031982421875,0.0001,0.2,1.1915412303060293,0.48618364334106445,-0.008194168629415799
1,1833,0,1397.5,771584,45.0,0.39887717366218567,0.005386317,-10.88185233760625,-0.03613301890072762,12048,0.013916015625,0.0001,0.2,2.2687467036303133,0.4602416157722473,-0.004258444540027995
1,1317,0,1386.5,772096,45.0,0.9484463334083557,0.014081683,-11.744739180468024,-0.0446968031283177,12056,0.027099609375,0.0001,0.2,3.5357788358815014,0.0004221796989440918,-0.009359072460938478
1,1902,0,1387.5,772608,45.0,1.754751205444336,0.008196287,-12.143257132135332,-0.055494434578577057,12064,0.038818359375,0.0001,0.2,3.8463358217850327,0.006127715110778809,-0.004528957819275092
1,1688,0,1430.5,773120,45.0,1.117079734802246,0.0042652236,-12.38846456181258,-0.04154729853325989,12072,0.029052734375,0.0001,0.2,4.306307343300432,0.3553929924964905,-0.005722927664464805
1,1777,0,1451.0,773632,45.0,2.794154405593872,0.004494997,-12.32898066136986,-0.05154098891580361,12080,0.026611328125,0.0001,0.2,5.551749578677118,-0.22895193099975586,-0.006088139376515755
1,1735,0,1433.5,774144,45.0,0.6813700199127197,0.004024327,-12.51404090281576,-0.034685970242207986,12088,0.021484375,0.0001,0.2,3.016495347954333,0.3856040835380554,-0.0046577772045566235
1,1679,0,1394.5,774656,45.0,1.4809144735336304,0.01730846,-12.156368265263737,-0.037890729421633296,12096,0.02587890625,0.0001,0.2,3.257633659057319,0.38998013734817505,-0.0052195746029610746
1,1647,0,1451.0,775168,45.0,0.38959261775016785,0.0114655765,-11.695391405932606,-0.04995223135483684,12104,0.026123046875,0.0001,0.2,1.7347561134956777,0.3450325131416321,-0.004950303380610421
1,1705,0,1401.5,775680,45.0,2.0739126205444336,0.008296499,-11.184668105356396,-0.0461472889619472,12112,0.0263671875,0.0001,0.2,3.387718329206109,0.32305198907852173,-0.00885813802233315
1,1732,0,1485.5,776192,45.0,0.5029436349868774,0.004868118,-9.715975115932524,-0.04048654720099876,12120,0.019775390625,0.0001,0.2,2.1225081686861813,-0.002912163734436035,-0.006076241472328547
1,1320,0,1413.0,776704,45.0,0.5372778177261353,0.010334626,-8.462208175249398,-0.02825278700038325,12128,0.022216796875,0.0001,0.2,1.9156118547543883,0.20633631944656372,-0.007417509055812843
1,1726,0,1489.5,777216,45.0,0.5921227335929871,0.013312793,-7.24506120543927,-0.029035737925369176,12136,0.01953125,0.0001,0.2,1.7750325084198266,0.39537978172302246,-0.0043984259173157625
1,1719,0,1434.0,777728,45.0,0.8770685195922852,0.0028120005,-6.663300001509487,-0.04150527955607686,12144,0.021240234375,0.0001,0.2,1.8806489184498787,0.11294823884963989,-0.005422240632469766
1,1640,0,1447.0,778240,45.0,1.1264874935150146,0.0025946388,-6.358281467780471,-0.025903963748532988,12152,0.0146484375,0.0001,0.2,1.9475380850490183,0.23861712217330933,-0.003924912918591872
1,1771,0,1455.0,778752,45.0,0.7125852704048157,0.022253267,-5.916270773783326,-0.04810892790192156,12160,0.037109375,0.0001,0.2,2.226890583988279,0.2733590006828308,-0.00862453047739109
1,1929,0,1431.0,779264,45.0,0.22642982006072998,0.0063489536,-5.650809279531241,-0.030518117305291526,12168,0.019775390625,0.0001,0.2,1.1382308951579034,-0.03361809253692627,-0.005605259682852193
1,1795,0,1358.5,779776,45.0,0.35809361934661865,0.009041134,-5.595821837708354,-0.020132039659984002,12176,0.01416015625,0.0001,0.2,0.6937609112355858,0.45641767978668213,-0.0039267074716917705
1,1708,0,1346.0,780288,45.0,1.1567186117172241,0.012682738,-5.573093256130814,-0.04475611604357255,12184,0.03759765625,0.0001,0.2,2.0358288413845003,0.25269585847854614,-0.007246543398650829
1,1359,0,1315.5,780800,45.0,0.3044767379760742,0.0042615742,-6.018740743547678,-0.02548753980863694,12192,0.01611328125,0.0001,0.2,1.367726334836334,0.35527801513671875,-0.0034783037917804904
1,1775,0,1276.0,781312,45.0,0.2477482408285141,0.007412041,-6.75766859523952,-0.028177708875773533,12200,0.018798828125,0.0001,0.2,1.0679114998783916,0.38155901432037354,-0.005062340385848074
1,1872,0,1278.5,781824,45.0,0.8624062538146973,0.008117627,-7.277889239788055,-0.024635540067720285,12208,0.01416015625,0.0001,0.2,2.014777650590986,0.23144680261611938,-0.004422349538799608
1,1799,0,1313.0,782336,45.0,0.22579458355903625,0.004475336,-7.578677053228021,-0.024882444117793057,12216,0.020751953125,0.0001,0.2,1.2287898866925389,0.4358937740325928,-0.006045221343811136
1,1695,0,1337.0,782848,45.0,0.439266175031662,0.0066419337,-7.715983444526792,-0.02363371439241746,12224,0.015625,0.0001,0.2,1.5867347258608788,0.5702326595783234,-0.005529359026695602
1,1849,0,1338.5,783360,45.0,0.3655180335044861,0.0034208864,-7.952153352573514,-0.026562681572613656,12232,0.013916015625,0.0001,0.2,1.5592475952580571,0.5864914357662201,-0.003458223924099002
1,1928,0,1348.5,783872,45.0,0.6536284685134888,0.011781178,-8.629876993894577,-0.02625463398271677,12240,0.02587890625,0.0001,0.2,1.922111030202359,0.48542970418930054,-0.005537481472856598
1,1668,0,1412.5,784384,45.0,0.4263336956501007,0.0057400963,-9.04365646481514,-0.02064709135083831,12248,0.010009765625,0.0001,0.2,2.1926666982471943,0.5378308594226837,-0.003292194858659059
1,1708,0,1373.5,784896,45.0,0.7475341558456421,0.016308196,-9.467585609927774,-0.026738020895209047,12256,0.018310546875,0.0001,0.2,2.1846468872390687,0.30289578437805176,-0.0046322286580107175
1,1741,0,1435.5,785408,45.0,0.6011107563972473,0.0062332223,-10.21742262274027,-0.03851314611893031,12264,0.02685546875,0.0001,0.2,3.1751755652949214,0.5025410950183868,-0.0073110078810714185
1,1387,0,1474.5,785920,45.0,0.48939669132232666,0.013454258,-10.406163758784533,-0.030151989585647243,12272,0.0166015625,0.0001,0.2,1.2617231912445277,0.5149056911468506,-0.003025593003258109
1,1686,0,1527.5,786432,45.0,1.8929749727249146,0.0134062655,-10.61919683240354,-0.03464646516567882,12280,0.024658203125,0.0001,0.2,1.9357562707737088,0.5960077345371246,-0.005481037092977203
1,1614,0,1543.5,786944,45.0,0.45588037371635437,0.01183042,-10.75390166465193,-0.03812093141277728,12288,0.040283203125,0.0001,0.2,1.5629299201536924,0.6388601064682007,-0.008891886544006411
1,1864,0,1468.0,787456,45.0,0.8809256553649902,0.019642055,-10.806168950982391,-0.054311548643454444,12296,0.0517578125,0.0001,0.2,1.9710682411678135,0.1747056245803833,-0.00840874429741234
1,1840,0,1448.0,787968,45.0,0.3525824248790741,0.009804338,-10.681308333463967,-0.02773831652939407,12304,0.018310546875,0.0001,0.2,1.0083331689238548,0.2587903141975403,-0.005695745086995885
1,1675,0,1528.5,788480,45.0,0.3692537248134613,0.016452575,-10.514163655005396,-0.03803705256905232,12312,0.03125,0.0001,0.2,1.4564957255497575,-0.013922572135925293,-0.006477298000390874
1,1847,0,1444.5,788992,45.0,0.6633068919181824,0.02040226,-10.19061589308083,-0.03467194900440518,12320,0.033935546875,0.0001,0.2,1.426065230742097,0.3920443058013916,-0.006679431673546787
1,1523,0,1486.0,789504,45.0,0.410946786403656,0.039883576,-10.36746749125421,-0.052528533327858895,12328,0.0380859375,0.0001,0.2,1.2432484719902277,0.4304574728012085,-0.008672021576785482
1,1296,0,1387.5,790016,45.0,0.6429256200790405,0.018977627,-10.055677662491798,-0.0660665651812451,12336,0.043212890625,0.0001,0.2,2.003075806889683,0.43154776096343994,-0.010468338386999676
1,1905,0,1358.5,790528,45.0,0.8421497941017151,0.018553497,-10.066085319854318,-0.05993306441814639,12344,0.0380859375,0.0001,0.2,2.2375017846934497,0.44999438524246216,-0.007225272052892251
1,1661,0,1400.0,791040,45.0,0.5338577032089233,0.013588766,-10.02325098555535,-0.03669301002537395,12352,0.0244140625,0.0001,0.2,1.8008599863387644,0.6688962876796722,-0.005259317167656263
1,1785,0,1373.0,791552,45.0,0.4524194300174713,0.011101904,-9.966453146934509,-0.05375533779442776,12360,0.03515625,0.0001,0.2,1.6408568371552974,0.5272043943405151,-0.0066101273041567765
1,1656,0,1437.5,792064,45.0,0.40974685549736023,0.0056517688,-9.957553624883294,-0.0310660634386295,12368,0.019287109375,0.0001,0.2,1.1305046214256436,0.40882211923599243,-0.004653313975722995
1,1714,0,1469.0,792576,45.0,0.8818730711936951,0.0058920197,-10.356793051473796,-0.04152044096917962,12376,0.025634765625,0.0001,0.2,1.649220545310527,0.32737505435943604,-0.007557512177299941
1,1717,0,1456.0,793088,45.0,0.5630707740783691,0.0052254153,-10.5210405202955,-0.05328324343281565,12384,0.038330078125,0.0001,0.2,2.0351430252194405,0.2512943148612976,-0.005240294769464526
1,1877,0,1517.0,793600,45.0,0.7560442090034485,0.007338899,-10.307395844385027,-0.036356797405005636,12392,0.01806640625,0.0001,0.2,2.3491047129500657,0.057708919048309326,-0.0034970809538208414
1,1711,0,1526.5,794112,45.0,0.22163860499858856,0.0047257673,-10.296626243144274,-0.023715381545116543,12400,0.01611328125,0.0001,0.2,1.477185725234449,0.3237510323524475,-0.004379412763228174
1,1281,0,1632.5,794624,45.0,1.2529504299163818,0.008131379,-10.118832456097007,-0.038940992302741506,12408,0.02490234375,0.0001,0.2,3.1682292888872325,0.36098742485046387,-0.007636224101588596
1,1770,0,1592.0,795136,45.0,0.7900962233543396,0.0024892539,-9.302459220699966,-0.030288652799754345,12416,0.0107421875,0.0001,0.2,2.7114296914078295,0.45350712537765503,-0.004768749655340798
1,1877,0,1522.5,795648,45.0,0.7316297292709351,0.009577569,-8.834703017137945,-0.04394152240638505,12424,0.031982421875,0.0001,0.2,3.7807124932296574,0.4465038776397705,-0.005966860766420723
1,1738,0,1477.0,796160,45.0,0.4430348575115204,0.003615667,-8.528619604669512,-0.024427679251857626,12432,0.016357421875,0.0001,0.2,2.1586804972030222,0.4846370220184326,-0.00432703429760295
1,1712,0,1431.5,796672,45.0,1.4799894094467163,0.009651646,-8.170581072606147,-0.03860953511502885,12440,0.024169921875,0.0001,0.2,2.769443515688181,0.4435642957687378,-0.007096532885043416
1,1824,0,1466.5,797184,45.0,0.6686964631080627,0.005073282,-7.431095730401576,-0.03495576533714484,12448,0.01611328125,0.0001,0.2,2.807662825100124,0.3773048520088196,-0.003578985095373355
1,1743,0,1468.5,797696,45.0,0.2773308753967285,0.011200363,-7.065969927422702,-0.030547278505764552,12456,0.022705078125,0.0001,0.2,1.005306921666488,0.5036133229732513,-0.004916254594718339
1,1808,0,1479.5,798208,45.0,0.4677180349826813,0.003776113,-6.813636231161654,-0.02396948430168777,12464,0.013671875,0.0001,0.2,1.0099658287363127,0.5026505291461945,-0.0033504636485304218
1,1752,0,1412.0,798720,45.0,0.31584632396698,0.011630161,-6.641680358983576,-0.027140376796523924,12472,0.0146484375,0.0001,0.2,1.104699626332149,0.321247398853302,-0.0045939290430396795
1,1366,0,1407.5,799232,45.0,0.7288732528686523,0.021319758,-7.00412157420069,-0.03922486744886555,12480,0.031005859375,0.0001,0.2,1.5617019049823284,0.04681134223937988,-0.005273193055472802
1,1884,0,1420.5,799744,45.0,0.3547690212726593,0.006856263,-7.471078828535974,-0.027561111760405765,12488,0.022705078125,0.0001,0.2,1.63118513696827,0.11444652080535889,-0.006075789857277414
1,1758,0,1484.0,800256,45.0,0.738946259021759,0.012399959,-7.650396613404155,-0.024146681363163225,12496,0.01513671875,0.0001,0.2,1.6561702284961939,0.36046797037124634,-0.004749655694467947
1,1795,0,1530.0,800768,45.0,0.5645852088928223,0.013191651,-7.993957190103829,-0.02920567675937491,12504,0.02685546875,0.0001,0.2,1.7268021800555289,0.35412442684173584,-0.005438309926830698
1,1754,0,1531.5,801280,45.0,1.3574986457824707,0.006354766,-8.4297915706411,-0.034475797136110486,12512,0.021484375,0.0001,0.2,2.1357147227972746,0.4151530861854553,-0.006837936361989705
1,1803,0,1472.5,801792,45.0,0.14638268947601318,0.008620746,-8.633453801646828,-0.018133931437660067,12520,0.010498046875,0.0001,0.2,0.648427547654137,0.21643251180648804,-0.0019493338259053417
1,1737,0,1390.0,802304,45.0,0.3825429677963257,0.015721569,-9.112875023111702,-0.024539735824873787,12528,0.02880859375,0.0001,0.2,1.26556699979119,0.5001460313796997,-0.007948168710754544
1,1713,0,1419.0,802816,45.0,0.4996170699596405,0.0141386185,-9.685617561601102,-0.031272670112230117,12536,0.017578125,0.0001,0.2,1.5020494684576988,0.44229716062545776,-0.005200278967095073
1,1778,0,1474.5,803328,45.0,0.18329861760139465,0.0149230035,-9.860859422422946,-0.037081310165376635,12544,0.02490234375,0.0001,0.2,0.8841977412812412,0.3732175827026367,-0.005778863120212918
1,1512,0,1411.5,803840,45.0,0.21501268446445465,0.036437448,-9.704376607127488,-0.024591060583588842,12552,0.01708984375,0.0001,0.2,1.045197453466244,0.23292285203933716,-0.0050514407266746275
1,1896,0,1336.0,804352,45.0,0.30024251341819763,0.016487453,-9.992100446410477,-0.020975830560473696,12560,0.021240234375,0.0001,0.2,0.8846325189806521,-0.16034090518951416,-0.005000364522857126
1,1677,0,1299.5,804864,45.0,0.2834199368953705,0.013787327,-10.041617240905762,-0.0342625405128274,12568,0.023681640625,0.0001,0.2,1.1901596367824823,0.352191686630249,-0.0057781345676630735
1,1891,0,1276.5,805376,45.0,0.5115092396736145,0.175072,-10.133311981521548,-0.053768017824040726,12576,0.08251953125,0.0001,0.2,3.37446368066594,0.20925813913345337,-0.025084349559620023
1,1931,0,1223.5,805888,45.0,0.2266373187303543,0.0050853095,-10.260221380628645,-0.015177109252363152,12584,0.00830078125,0.0001,0.2,1.3459080588072538,-0.3464357852935791,-0.0035764735857810592
1,1625,0,1319.5,806400,45.0,0.363421767950058,0.003232625,-10.362327438481152,-0.01852739320793262,12592,0.015380859375,0.0001,0.2,1.4875132346060127,0.24279487133026123,-0.004951460650772788
1,1848,0,1275.5,806912,45.0,0.522702157497406,0.007303999,-10.405154219977558,-0.021152786160655523,12600,0.015869140625,0.0001,0.2,2.3412401638925076,0.36607909202575684,-0.0032982020384224597
1,1991,0,1159.5,807424,45.0,1.30098557472229,0.015995244,-10.609637954458595,-0.024303455643803318,12608,0.015380859375,0.0001,0.2,2.3865474509075284,0.3546682596206665,-0.003804860814852873
1,1940,0,1080.5,807936,45.0,0.46681490540504456,0.021075975,-11.073749561831356,-0.0226373040186445,12616,0.019287109375,0.0001,0.2,2.9236771697178483,-0.0462186336517334,-0.0053313556127250195
1,1719,0,1180.0,808448,45.0,0.5299288034439087,0.007629183,-11.762182455211878,-0.02512663774905377,12624,0.021728515625,0.0001,0.2,1.9500021948479116,0.38732606172561646,-0.007738014151982497
1,1406,0,1217.5,808960,45.0,1.3682191371917725,0.006758622,-11.526924239695072,-0.04132878053633249,12632,0.025146484375,0.0001,0.2,2.3044410347938538,0.309173583984375,-0.005548670204007067
1,1137,0,1189.5,809472,45.0,0.9477152824401855,0.0068227164,-11.560674374550581,-0.02780866075636368,12640,0.021728515625,0.0001,0.2,2.5781307376455516,0.4950997233390808,-0.006905994730914244
1,1394,0,1223.0,809984,45.0,0.4253699481487274,0.003932746,-11.331019693166018,-0.048158397075894754,12648,0.028076171875,0.0001,0.2,1.9074330064468086,0.5255720317363739,-0.0038969680972513743
1,1761,0,1352.0,810496,45.0,2.716106653213501,0.00688978,-11.177334477677942,-0.04171758904340095,12656,0.015380859375,0.0001,0.2,2.970951832830906,0.42840826511383057,-0.00503503903382807
1,1767,0,1343.0,811008,45.0,0.8264784216880798,0.0017097283,-10.393058249726892,-0.03135882252627198,12664,0.011962890625,0.0001,0.2,2.1333987810648978,0.6967858374118805,-0.002387400010775309
1,1601,0,1359.0,811520,45.0,2.5655696392059326,0.0045217224,-10.208182758316397,-0.029902362975008145,12672,0.017578125,0.0001,0.2,4.441601305268705,0.34745997190475464,-0.00523514047745266
1,1799,0,1488.0,812032,45.0,0.8393139839172363,0.013882503,-9.776065780520439,-0.04565500417811563,12680,0.02685546875,0.0001,0.2,2.8263352238573134,0.5299268364906311,-0.004443422694748733
1,1738,0,1573.5,812544,45.0,1.0213651657104492,0.011918195,-8.949348905906081,-0.04014343389553687,12688,0.034912109375,0.0001,0.2,2.6251045716926455,0.24875134229660034,-0.006534424872370437
1,1378,0,1573.0,813056,45.0,0.9206547737121582,0.011134777,-8.39703404597938,-0.0487675643644252,12696,0.029052734375,0.0001,0.2,2.5096273394301534,0.3798849582672119,-0.008355225894774776
1,1552,0,1634.0,813568,45.0,1.2581695318222046,0.019612849,-8.322875599637628,-0.042049761505040806,12704,0.0322265625,0.0001,0.2,2.7659000465646386,-0.06380200386047363,-0.0064624178485246375
1,1670,0,1634.0,814080,45.0,0.4164188802242279,0.007825797,-8.461366469413042,-0.05093588467752852,12712,0.023681640625,0.0001,0.2,2.6936448984779418,-0.12280511856079102,-0.006520313814689871
1,1647,0,1615.0,814592,45.0,0.7514461278915405,0.0035626306,-8.579220119938254,-0.05097322589426767,12720,0.024169921875,0.0001,0.2,2.665595685131848,0.47172701358795166,-0.005548679975618143
1,1666,0,1566.0,815104,45.0,0.7796260118484497,0.020199304,-8.939574408754707,-0.05562106008983392,12728,0.03662109375,0.0001,0.2,3.6615161122754216,-0.01513969898223877,-0.009220487365382724
1,1789,0,1513.0,815616,45.0,1.1516902446746826,0.020563615,-9.40915342181921,-0.07622205314328312,12736,0.043212890625,0.0001,0.2,2.646148330066353,0.519934207201004,-0.013489959164871834
1,1654,0,1536.5,816128,45.0,0.32771584391593933,0.0052441973,-9.268021920248867,-0.042579580389428884,12744,0.025634765625,0.0001,0.2,1.6744464905932546,0.6677312850952148,-0.005161066575965378
1,1808,0,1526.0,816640,45.0,0.7106525897979736,0.015679374,-9.270431581288577,-0.04593867764742754,12752,0.03466796875,0.0001,0.2,1.5886395405977964,0.6179257333278656,-0.007714437822869513
1,1335,0,1476.0,817152,45.0,1.231542706489563,0.014239443,-9.507504226639867,-0.049569462327781366,12760,0.037353515625,0.0001,0.2,2.6249657636508346,0.6049022376537323,-0.007526352099375799
1,1815,0,1456.0,817664,45.0,0.3728053569793701,0.002919789,-10.032201182693242,-0.0426414352541542,12768,0.02197265625,0.0001,0.2,1.5380390845239162,0.555401474237442,-0.006202886899700388
1,1694,0,1408.5,818176,45.0,0.9077694416046143,0.015566588,-9.90721623748541,-0.047789641152121476,12776,0.028076171875,0.0001,0.2,1.8426412274129689,0.534207671880722,-0.005971110669634072
1,1697,0,1450.0,818688,45.0,0.6127505898475647,0.018996967,-10.310251140445471,-0.042518806142652465,12784,0.036376953125,0.0001,0.2,2.9473803034052253,0.3334328532218933,-0.006806470810261089
1,1682,0,1412.5,819200,45.0,0.9218401908874512,0.0060848785,-10.746494481563568,-0.03901489266536373,12792,0.023681640625,0.0001,0.2,2.996034322772175,0.42085880041122437,-0.006604888334550196
1,1799,0,1414.0,819712,45.0,1.6571332216262817,0.025109462,-10.922595833539964,-0.03990741722009261,12800,0.029052734375,0.0001,0.2,3.165857317391783,0.215512216091156,-0.007374840839474928
1,1936,0,1397.5,820224,45.0,0.8757448792457581,0.0062486003,-10.955955147966742,-0.03179523172912013,12808,0.01806640625,0.0001,0.2,1.6413523340597749,0.003439664840698242,-0.0029520614407374524
1,1704,0,1389.0,820736,45.0,0.7103593349456787,0.03533118,-10.894871917665006,-0.029122715937774046,12816,0.024169921875,0.0001,0.2,1.1322187801706605,0.26394087076187134,-0.006075127803342184
1,1824,0,1432.5,821248,45.0,0.6088058948516846,0.01193927,-10.788484547659754,-0.03609976153165917,12824,0.03076171875,0.0001,0.2,2.2862431691028178,0.18914788961410522,-0.008056293525442015
1,1699,0,1461.0,821760,45.0,0.6143105030059814,0.003233858,-10.246211544647814,-0.021934330150543246,12832,0.011962890625,0.0001,0.2,1.1607481259852648,0.13152962923049927,-0.004369123118522111
1,1818,0,1456.5,822272,45.0,0.4908638596534729,0.036525868,-9.655277071669698,-0.03436522945230536,12840,0.03173828125,0.0001,0.2,1.2281433218158782,0.2931860089302063,-0.008106641740596388
1,1708,0,1419.5,822784,45.0,0.1977176070213318,0.007378507,-8.966945000663399,-0.0509643464392866,12848,0.030517578125,0.0001,0.2,0.9749568074475974,0.5358326137065887,-0.008140258658386301
1,1707,0,1384.0,823296,45.0,0.5980159640312195,0.024666537,-8.59375430136919,-0.06307831522281049,12856,0.052978515625,0.0001,0.2,1.3808367042802274,0.5892627835273743,-0.010974687218549661
1,1767,0,1411.0,823808,45.0,2.2611896991729736,0.022017254,-8.172555001080037,-0.05070228811018751,12864,0.028564453125,0.0001,0.2,2.6475069620646536,0.3462517261505127,-0.007037317533104215
1,1691,0,1448.0,824320,45.0,0.5797061920166016,0.03987051,-7.672280644029379,-0.030157917281030677,12872,0.01708984375,0.0001,0.2,1.2048719773301855,0.30666404962539673,-0.006030125474353554
1,1945,0,1459.0,824832,45.0,1.4103120565414429,0.03690873,-8.09527203835547,-0.02744249175520963,12880,0.021484375,0.0001,0.2,1.8928283043205738,0.4002642035484314,-0.004965200656442903
1,1897,0,1393.0,825344,45.0,1.0223455429077148,0.018575557,-8.327389757260681,-0.027063480600190815,12888,0.015625,0.0001,0.2,2.3463576403446496,0.22888189554214478,-0.003775332668737974
1,1836,0,1334.0,825856,45.0,0.6084257960319519,0.008191565,-9.065785776004196,-0.026045356406029896,12896,0.017822265625,0.0001,0.2,1.6175372716970742,-0.042609333992004395,-0.006129373185103759
1,1388,0,1289.0,826368,45.0,0.6795201897621155,0.004787667,-9.81721071265638,-0.023789099121131585,12904,0.013427734375,0.0001,0.2,2.2727987985126674,0.3506242036819458,-0.004050608702527825
1,1730,0,1340.5,826880,45.0,1.271618366241455,0.011947103,-10.707643999457359,-0.030529839355040167,12912,0.022705078125,0.0001,0.2,2.506449888460338,0.16048777103424072,-0.006514401648018975
1,1822,0,1351.0,827392,45.0,1.231629729270935,0.003342409,-11.225968792811036,-0.02813248868096707,12920,0.0126953125,0.0001,0.2,3.7528337743133307,0.28694719076156616,-0.004998429547413252
1,1811,0,1391.0,827904,45.0,1.6322846412658691,0.00887871,-12.005071444809436,-0.025509447514195926,12928,0.016357421875,0.0001,0.2,3.7349136667326093,0.3764493465423584,-0.004244419316819403
1,1799,0,1363.5,828416,45.0,1.608490228652954,0.027297102,-12.237717955484987,-0.019063280007685535,12936,0.007080078125,0.0001,0.2,1.811120644211769,0.5362337529659271,-0.003707264389959164
1,1874,0,1292.5,828928,45.0,1.4512300491333008,0.0064652544,-12.60153725847602,-0.03981761374234338,12944,0.015869140625,0.0001,0.2,3.5888105081394315,0.3148581385612488,-0.007629455816640984
1,1758,0,1341.0,829440,45.0,0.6395103931427002,0.006821345,-12.637840823531151,-0.031566773393933545,12952,0.0234375,0.0001,0.2,1.8258425297681242,0.5954380035400391,-0.005314210808137432
1,1747,0,1314.5,829952,45.0,1.0568718910217285,0.01065832,-12.175644041970372,-0.0371727100937278,12960,0.026611328125,0.0001,0.2,2.138699274510145,0.5282220840454102,-0.008993082810775377
1,1668,0,1371.5,830464,45.0,0.5367451906204224,0.008208688,-11.92628452681005,-0.03504041227279231,12968,0.01904296875,0.0001,0.2,1.5881178602576256,0.6247373521327972,-0.00221497250822722
1,1897,0,1378.0,830976,45.0,1.090899109840393,0.0046941694,-11.171329673156142,-0.032929231001617154,12976,0.021728515625,0.0001,0.2,2.0908119240775704,0.4878889322280884,-0.005754555219027679
1,1348,0,1323.0,831488,45.0,0.5074476599693298,0.0046775304,-10.521994686573743,-0.022227675079193432,12984,0.01806640625,0.0001,0.2,1.7647767760790884,0.41979628801345825,-0.005193129687540932
1,1837,0,1271.5,832000,45.0,0.3249531388282776,0.016476516,-9.965886052697897,-0.04198270441702334,12992,0.03076171875,0.0001,0.2,2.859882871620357,0.4593285322189331,-0.009154094448604155
1,1720,0,1248.5,832512,45.0,0.47629842162132263,0.019379904,-9.057062482908368,-0.0313511321110127,13000,0.021728515625,0.0001,0.2,1.2743102326057851,0.46277350187301636,-0.0070108756044646725
1,1838,0,1273.0,833024,45.0,0.36003944277763367,0.007244346,-8.385252418890595,-0.03174408777340432,13008,0.013916015625,0.0001,0.2,2.1214896752499044,0.44024574756622314,-0.0038654098170809448
1,1894,0,1264.5,833536,45.0,1.1152352094650269,0.021801442,-8.043514110296965,-0.03564596822252497,13016,0.02099609375,0.0001,0.2,2.8813730818219483,0.1309819221496582,-0.0055311639662249945
1,1740,0,1324.0,834048,45.0,1.5602033138275146,0.014085396,-7.968615687191487,-0.0272371619612386,13024,0.018798828125,0.0001,0.2,2.363460238557309,0.11682122945785522,-0.008466897335893009
1,1795,0,1342.5,834560,45.0,1.0562248229980469,0.0020119608,-7.685733146816492,-0.01846215499972459,13032,0.0068359375,0.0001,0.2,1.9209249462001026,-0.08274126052856445,-0.0018040447612293065
1,1797,0,1328.0,835072,45.0,0.25661346316337585,0.007636921,-7.6168112257868055,-0.03001573217625264,13040,0.013671875,0.0001,0.2,1.0509105469100177,0.31020551919937134,-0.004425689170602709
1,1728,0,1376.0,835584,45.0,0.7072873115539551,0.02245859,-8.13049475364387,-0.0367046862411371,13048,0.023193359375,0.0001,0.2,2.858320373110473,0.14504700899124146,-0.004518135465332307
1,1737,0,1430.0,836096,45.0,1.2079122066497803,0.009447525,-8.468503753766418,-0.03396229509962723,13056,0.021728515625,0.0001,0.2,1.4406559965573251,0.277238667011261,-0.005749366631789599
1,1467,0,1470.5,836608,45.0,0.39572882652282715,0.0082855895,-8.956362425982952,-0.039406161286024144,13064,0.03076171875,0.0001,0.2,2.0753786265850067,0.46112173795700073,-0.008680214748892467
1,1774,0,1442.5,837120,45.0,0.2545492351055145,0.0046270816,-9.30612274326384,-0.034500988433137536,13072,0.01416015625,0.0001,0.2,1.491885863011703,0.5897522270679474,-0.004269946490239818
1,1825,0,1478.5,837632,45.0,0.3255545496940613,0.0025684265,-9.679081866070629,-0.028525941510451958,13080,0.00927734375,0.0001,0.2,1.2473961964715272,0.34328705072402954,-0.0019847707808366977
1,1678,0,1526.5,838144,45.0,0.26289159059524536,0.048515886,-9.370238541588186,-0.017933262464794097,13088,0.013427734375,0.0001,0.2,0.9060791425872594,0.3844462037086487,-0.0037396850530058146
1,1762,0,1462.5,838656,45.0,0.3310495913028717,0.015036757,-9.488489286527038,-0.037544995266216574,13096,0.024658203125,0.0001,0.2,1.2563142876606435,0.38979899883270264,-0.0057337581311003305
1,1981,0,1448.5,839168,45.0,0.30229291319847107,0.0059108376,-9.352658918723463,-0.020155156815235387,13104,0.011474609375,0.0001,0.2,0.7645920692011714,-0.36870884895324707,-0.003372424325789325
1,1892,0,1427.5,839680,45.0,0.36679574847221375,0.01214359,-9.332717789039016,-0.021429571643238887,13112,0.01025390625,0.0001,0.2,0.599447074753698,0.30899637937545776,-0.0027382627231418155
1,1925,0,1352.5,840192,45.0,0.428394615650177,0.013809912,-9.041657587215305,-0.032111953285493655,13120,0.02294921875,0.0001,0.2,1.714343803934753,0.20450925827026367,-0.006882847566885175
1,1500,0,1243.5,840704,45.0,0.6263406276702881,0.003310483,-8.715639780759812,-0.020175210389425047,13128,0.01416015625,0.0001,0.2,1.7636087564751506,0.5091535747051239,-0.004426403589604888
1,1867,0,1164.0,841216,45.0,1.0892313718795776,0.011830228,-8.44830156594515,-0.027712737075489713,13136,0.02099609375,0.0001,0.2,3.2674928102642298,0.5453272759914398,-0.006543341678479919
1,1737,0,1240.0,841728,45.0,3.361696720123291,0.009259706,-8.546570318713783,-0.04189837414014619,13144,0.020751953125,0.0001,0.2,6.762274505570531,0.2737276554107666,-0.0061887668271083385
1,1710,0,1279.0,842240,45.0,0.7181745767593384,0.0044005113,-8.321763114482165,-0.021412361798866186,13152,0.009033203125,0.0001,0.2,1.8720171037130058,0.665438175201416,-0.002724654827034101
1,1769,0,1244.0,842752,45.0,1.0295939445495605,0.004952442,-7.938204756751657,-0.02650440973957302,13160,0.01318359375,0.0001,0.2,2.9959172662347555,0.7410092949867249,-0.0035704177898878697
1,1850,0,1177.5,843264,45.0,0.47904929518699646,0.007852795,-7.805030358731747,-0.03339933023744379,13168,0.02099609375,0.0001,0.2,2.2460161582566798,0.6691100299358368,-0.00615138254215708
1,1564,0,1170.0,843776,45.0,0.32164639234542847,0.008402932,-8.247483190745115,-0.02987356471021485,13176,0.021240234375,0.0001,0.2,1.5076805071439594,0.5345210134983063,-0.007126862423319835
1,1680,0,1286.0,844288,45.0,0.8656523823738098,0.002960363,-8.545140421390533,-0.0403163638584374,13184,0.01904296875,0.0001,0.2,1.8353682192973793,0.42202091217041016,-0.006347759259369923
1,1778,0,1358.0,844800,45.0,1.1205521821975708,0.008387895,-8.320000859051943,-0.037350802074797684,13192,0.03173828125,0.0001,0.2,1.650406988337636,0.5331403315067291,-0.006575972627615556
1,1211,0,1425.0,845312,45.0,0.35412776470184326,0.03775871,-8.654184317365289,-0.0430173276217829,13200,0.0302734375,0.0001,0.2,1.4754660313483328,0.08019572496414185,-0.008984388885437511
1,1681,0,1542.5,845824,45.0,0.6793007850646973,0.015387113,-9.293125558197499,-0.051429075789201306,13208,0.036376953125,0.0001,0.2,3.571077823638916,0.08570951223373413,-0.00895984256931115
1,1821,0,1433.0,846336,45.0,0.5979743599891663,0.00949789,-9.339381880015134,-0.05067248994600959,13216,0.03076171875,0.0001,0.2,1.886703236028552,0.27563172578811646,-0.0055319860693998635
1,1650,0,1431.5,846848,45.0,0.3181334435939789,0.018363984,-9.755352460071444,-0.04733007014692703,13224,0.03369140625,0.0001,0.2,1.485653321025893,0.2654356360435486,-0.004912262913421728
1,1653,0,1492.0,847360,45.0,0.7929815649986267,0.015952991,-10.610177272930741,-0.04083437097688147,13232,0.02880859375,0.0001,0.2,2.903321943245828,0.3212664723396301,-0.007241847008117475
1,1727,0,1549.5,847872,45.0,0.6304700970649719,0.0036059585,-10.712401153147221,-0.030483679147437215,13240,0.01220703125,0.0001,0.2,2.141939157154411,0.28053951263427734,-0.004621460713678971
1,1788,0,1581.5,848384,45.0,1.1005414724349976,0.009057425,-10.444087127149105,-0.03585502629903203,13248,0.027587890625,0.0001,0.2,2.3249676134437323,0.35070788860321045,-0.008269678692158777
1,1685,0,1571.5,848896,45.0,0.6235177516937256,0.01747284,-10.127166794985532,-0.034720371520961635,13256,0.023193359375,0.0001,0.2,1.6722415816038847,0.5021958351135254,-0.005967308847175445
1,1281,0,1571.5,849408,45.0,0.6145907640457153,0.026296698,-9.844823035486042,-0.04357134100609983,13264,0.029296875,0.0001,0.2,1.4835625938139856,0.40684860944747925,-0.00688670645467937
1,1781,0,1533.5,849920,45.0,0.4997798204421997,0.030689903,-9.032487257309258,-0.03413312980956107,13272,0.02783203125,0.0001,0.2,1.3837585411965847,0.16851311922073364,-0.0059789719598484226
1,1720,0,1522.0,850432,45.0,0.3242083191871643,0.008944412,-8.200265454761684,-0.041058862654608674,13280,0.02587890625,0.0001,0.2,1.0108134280890226,0.355360746383667,-0.0061612600984517485
1,1697,0,1642.0,850944,45.0,0.20891772210597992,0.010473304,-7.269119719602168,-0.030564478947781026,13288,0.020751953125,0.0001,0.2,1.1048835769761354,0.16277086734771729,-0.006389173831848893
1,1656,0,1605.0,851456,45.0,0.3577894866466522,0.0035809814,-6.586766705028713,-0.02751515683848993,13296,0.016845703125,0.0001,0.2,0.9502214216627181,0.30514854192733765,-0.003933161751774605
1,1622,0,1619.0,851968,45.0,0.2226562201976776,0.029104326,-5.9573857527598735,-0.03570485668024048,13304,0.03857421875,0.0001,0.2,0.737729134503752,0.5262002944946289,-0.009633346890041139
1,1834,0,1643.0,852480,45.0,0.6410582065582275,0.009525626,-5.7314257453754545,-0.04404340858309297,13312,0.0244140625,0.0001,0.2,1.7137279980815947,0.1854214072227478,-0.008390012531890534
1,1829,0,1619.0,852992,45.0,0.5421052575111389,0.0068065827,-5.831132748387754,-0.024530068626518187,13320,0.01416015625,0.0001,0.2,1.2912386222742498,0.36407750844955444,-0.004288506104785483
1,1801,0,1572.0,853504,45.0,0.7324962615966797,0.017419092,-6.477266050130129,-0.02632865162922826,13328,0.016357421875,0.0001,0.2,1.8559327709954232,0.40565139055252075,-0.005960287613561377
1,1352,0,1570.0,854016,45.0,0.352321594953537,0.006253155,-7.065929457172752,-0.020142502015005448,13336,0.013916015625,0.0001,0.2,1.0330615545390174,0.4289242625236511,-0.006731793248036411
1,1737,0,1597.0,854528,45.0,0.8796346187591553,0.0038380711,-8.240210833549499,-0.031008154783194186,13344,0.0205078125,0.0001,0.2,2.7480698749423027,0.24862051010131836,-0.007131689919333439
1,1923,0,1577.5,855040,45.0,0.6363315582275391,0.004745352,-8.956342024058104,-0.026664809174690163,13352,0.0126953125,0.0001,0.2,1.6509578267578036,0.3750803470611572,-0.0030182432601577602
1,1770,0,1508.5,855552,45.0,0.31483006477355957,0.005820134,-9.900540371760727,-0.021868515101232333,13360,0.014892578125,0.0001,0.2,0.7777144882129505,0.46898365020751953,-0.0028394278706400655
1,1752,0,1432.5,856064,45.0,0.18096698820590973,0.0020466198,-10.731842703968287,-0.011444799092714675,13368,0.006103515625,0.0001,0.2,0.6920832816977054,0.48875486850738525,-0.0022790185757912695
1,1822,0,1370.5,856576,45.0,0.2885367274284363,0.018176846,-11.051277294158936,-0.0211190019017522,13376,0.018310546875,0.0001,0.2,0.9207653258927166,0.44707709550857544,-0.006105764528911095
1,1704,0,1354.0,857088,45.0,0.7684482932090759,0.0061155455,-11.362616686597466,-0.021818095819980954,13384,0.01806640625,0.0001,0.2,1.5337884782347828,0.2602282762527466,-0.005545507417991757
1,1459,0,1305.5,857600,45.0,0.5084346532821655,0.005930887,-11.23176101014018,-0.014651777874860272,13392,0.01025390625,0.0001,0.2,1.8071736269630492,0.16582143306732178,-0.0029692785028601065
1,1744,0,1341.5,858112,45.0,0.5626410245895386,0.013725732,-11.051449445709586,-0.03557185113095329,13400,0.02685546875,0.0001,0.2,2.4749771649949253,0.38185781240463257,-0.008032163481402677
1,1350,0,1366.0,858624,45.0,0.6603116989135742,0.009292288,-10.445968972444534,-0.02210848622780759,13408,0.016357421875,0.0001,0.2,1.3969216250116006,0.37246835231781006,-0.005148846914380556
1,1824,0,1397.5,859136,45.0,0.16817159950733185,0.02129087,-9.64134967021644,-0.02270727245741,13416,0.02294921875,0.0001,0.2,1.530226836213842,0.44399720430374146,-0.0035641233844216913
1,1673,0,1512.0,859648,45.0,0.6810885667800903,0.006762461,-8.578238170295954,-0.023025383470667293,13424,0.011962890625,0.0001,0.2,1.6724334727041423,0.6400497257709503,-0.0029109910392435268
1,1675,0,1509.5,860160,45.0,0.29745277762413025,0.0039411676,-7.685942159369588,-0.02637025159492623,13432,0.017333984375,0.0001,0.2,2.1034302276093513,0.6089745461940765,-0.0031182644415821414
1,1729,0,1564.0,860672,45.0,1.1245534420013428,0.016246215,-7.158885080292821,-0.0349316181273025,13440,0.021728515625,0.0001,0.2,2.1290303564164788,0.6014355421066284,-0.005081705141492421
1,1882,0,1527.5,861184,45.0,0.6059343218803406,0.010935425,-6.985020785704255,-0.04646215164393652,13448,0.029541015625,0.0001,0.2,1.864307343494147,0.14082008600234985,-0.008715407151612453
1,1780,0,1548.5,861696,45.0,0.7184808254241943,0.010201405,-7.025861425921321,-0.034868451723014005,13456,0.019287109375,0.0001,0.2,1.9017738632392138,0.4707144498825073,-0.003023133598617278
1,1698,0,1614.0,862208,45.0,0.3919212818145752,0.0029255464,-6.784410546123982,-0.026994015381205827,13464,0.008544921875,0.0001,0.2,1.5276950516272336,0.06272053718566895,-0.00303470383369131
1,1965,0,1550.0,862720,45.0,0.5623658895492554,0.012844859,-6.7459771692752835,-0.04584186495776521,13472,0.026123046875,0.0001,0.2,2.2951973215676844,0.21041429042816162,-0.007993298466317356
1,1917,0,1458.0,863232,45.0,0.32254597544670105,0.02814665,-7.043280004262924,-0.03127293445140822,13480,0.016845703125,0.0001,0.2,2.123993216198869,0.08940470218658447,-0.006028920717653818
1,1839,0,1393.5,863744,45.0,0.6070061922073364,0.0055600293,-7.812980406172573,-0.04347512352978811,13488,0.025390625,0.0001,0.2,1.3100667138351128,0.30626773834228516,-0.006810286453401204
1,1715,0,1342.5,864256,45.0,0.17670956254005432,0.29009143,-8.651251907013357,-0.11598670767853037,13496,0.105224609375,0.0001,0.2,0.9746625906554982,-0.2047964334487915,-0.007445394607202616
1,1742,0,1366.5,864768,45.0,0.6114105582237244,0.028476726,-9.745631276853382,-0.266270732274279,13504,0.1005859375,0.0001,0.2,3.4662769259884953,0.3217850923538208,-0.008219325434765778
1,1634,0,1415.0,865280,45.0,1.213897705078125,0.00720427,-10.917225890643895,-0.2657757269917056,13512,0.079345703125,0.0001,0.2,2.4038373031653464,0.27165281772613525,-0.00011975689994869754
1,1803,0,1416.0,865792,45.0,1.495221495628357,0.0051340517,-12.560516732670367,-0.2633540572132915,13520,0.0341796875,0.0001,0.2,5.602029802277684,0.25407105684280396,-0.00022853688278701156
1,1750,0,1429.5,866304,45.0,4.939235210418701,0.0058684982,-15.410466965027153,-0.3054196076700464,13528,0.054931640625,0.0001,0.2,15.02142845839262,0.21138131618499756,-0.006131271278718486
1,1946,0,1381.0,866816,45.0,6.682392120361328,0.009527307,-19.446484642587603,-0.27896940847858787,13536,0.03759765625,0.0001,0.2,22.738245256245136,0.3136891722679138,-0.0020681367241195403
1,1712,0,1389.5,867328,45.0,15.577753067016602,0.0071682725,-24.567482918687165,-0.36088240530807525,13544,0.0595703125,0.0001,0.2,52.21891960501671,0.31666380167007446,-0.005356486813980155
1,1327,0,1512.0,867840,45.0,12.338935852050781,0.014917076,-29.1716396458447,-0.3302524887258187,13552,0.078857421875,0.0001,0.2,60.02835391461849,0.3434517979621887,-0.005386455493862741
1,1851,0,1553.0,868352,45.0,8.477588653564453,0.0071611907,-33.31222188219428,-0.29277779639232904,13560,0.1259765625,0.0001,0.2,30.518142715096474,0.7095053493976593,-0.012322231727011967
1,1668,0,1544.5,868864,45.0,11.756224632263184,0.009451037,-37.718992090970275,-0.35109458852093667,13568,0.195556640625,0.0001,0.2,46.4596970975399,0.485956609249115,-0.022223715292057022
1,1620,0,1591.0,869376,45.0,6.066202640533447,0.00944188,-39.728535764217376,-0.2976067450363189,13576,0.18896484375,0.0001,0.2,20.35210081189871,0.6716923713684082,-0.0174135368943098
1,1652,0,1566.5,869888,45.0,5.18129301071167,0.016700938,-40.205509204939005,-0.2209164375672117,13584,0.2158203125,0.0001,0.2,12.210757743567228,0.7872241884469986,-0.023656639910768718
1,1655,0,1602.0,870400,45.0,1.9785622358322144,0.041314438,-39.32689885884523,-0.1400011943478603,13592,0.16259765625,0.0001,0.2,8.531143128871918,0.732686460018158,-0.024582443074905314
1,1632,0,1624.5,870912,45.0,3.5073843002319336,0.0025150701,-35.49984766699374,-0.08702499032369815,13600,0.0244140625,0.0001,0.2,12.14108044654131,0.6769099235534668,-0.005542831699131057
1,1440,0,1601.0,871424,45.0,8.327008247375488,0.0051138164,-30.85251298803836,-0.0857779874058906,13608,0.025634765625,0.0001,0.2,16.143569134175777,0.5623840391635895,-0.005934396242082585
1,1954,0,1506.0,871936,45.0,5.356473922729492,0.005403081,-24.785022120215,-0.06350617884891108,13616,0.020263671875,0.0001,0.2,19.696767777204514,0.06686145067214966,-0.0006004564856993966
1,1419,0,1411.0,872448,45.0,5.969973087310791,0.0068510203,-17.626185074858366,-0.07235397200565785,13624,0.0185546875,0.0001,0.2,27.938823349773884,-0.17731082439422607,-0.0032416118774563074
1,1834,0,1417.0,872960,45.0,4.330810070037842,0.0037266004,-12.796215509884059,-0.04340001083619427,13632,0.015625,0.0001,0.2,19.113948311656713,0.14963477849960327,-0.00512708215683233
1,1722,0,1439.5,873472,45.0,3.4584779739379883,0.0016282081,-6.849589797407389,-0.0397301255579805,13640,0.005859375,0.0001,0.2,12.098002664744854,-0.09470498561859131,-0.0023449818254448473
1,1797,0,1419.5,873984,45.0,1.2511906623840332,0.0050530103,-3.720937180034816,-0.033591726547456346,13648,0.016845703125,0.0001,0.2,6.424459423869848,0.00827866792678833,-0.0038347056761267595
1,1661,0,1399.0,874496,45.0,0.9770006537437439,0.008648928,-1.7976457043364644,-0.03689950378611684,13656,0.017822265625,0.0001,0.2,3.190874413587153,0.2523496747016907,-0.005899078558286419
1,1882,0,1354.0,875008,45.0,0.9316621422767639,0.0119747985,-0.6789110624417662,-0.03699722210876644,13664,0.028076171875,0.0001,0.2,2.915086418390274,0.3945816159248352,-0.006764583144104108
1,1794,0,1391.5,875520,45.0,0.4499441385269165,0.015245108,-1.0576182013377546,-0.02798145532142371,13672,0.023193359375,0.0001,0.2,1.5276635114569217,0.7041557133197784,-0.007035248141619377
1,1486,0,1451.0,876032,45.0,0.33311280608177185,0.008174851,-1.8031875193491578,-0.035693006953806616,13680,0.0244140625,0.0001,0.2,1.1319058395456523,0.8158189207315445,-0.006607574501686031
1,1328,0,1528.5,876544,45.0,0.628937840461731,0.0028587012,-3.0461690193787216,-0.04127664944098797,13688,0.025146484375,0.0001,0.2,2.843941136263311,0.5602723360061646,-0.0035702164168469608
1,1745,0,1564.5,877056,45.0,1.087255835533142,0.01608436,-5.441387877203524,-0.03885886316129472,13696,0.023681640625,0.0001,0.2,2.9981912951916456,0.5573040843009949,-0.00681368236837443
1,1878,0,1543.5,877568,45.0,0.7758426666259766,0.008534417,-7.111181091293693,-0.034068975557602243,13704,0.02001953125,0.0001,0.2,2.2922418192029,0.6910490989685059,-0.005429449760413263
1,1865,0,1492.5,878080,45.0,0.3091217279434204,0.015254695,-8.965924484282732,-0.03253434078578721,13712,0.022216796875,0.0001,0.2,1.5247828180436045,0.5721778571605682,-0.008676571829710156
1,1660,0,1485.0,878592,45.0,0.6581596732139587,0.015796833,-11.11435679640621,-0.029977008583955467,13720,0.020263671875,0.0001,0.2,1.5051674966234714,0.3171765208244324,-0.007581895773910219
1,1554,0,1419.5,879104,45.0,0.24274316430091858,0.0058552967,-12.566949947327375,-0.03143271038061357,13728,0.015869140625,0.0001,0.2,1.2387061100453138,0.23632782697677612,-0.003931380710127996
1,1730,0,1477.5,879616,45.0,0.5000085234642029,0.05581741,-13.853092380017042,-0.03704891452616721,13736,0.03466796875,0.0001,0.2,2.031034960411489,0.32332825660705566,-0.008627744187833741
1,1706,0,1473.0,880128,45.0,0.3374849259853363,0.022894068,-14.73436284713447,-0.021210363487625727,13744,0.021728515625,0.0001,0.2,1.0148561492096633,0.17009234428405762,-0.004324617206293624
1,1811,0,1502.0,880640,45.0,0.8992505669593811,0.0120144375,-15.067908570766448,-0.03866751534405921,13752,0.021728515625,0.0001,0.2,1.9773260746151209,0.37322646379470825,-0.005419784341938794
1,1397,0,1480.5,881152,45.0,0.5562053918838501,0.015360476,-15.079079893305897,-0.023716221390714054,13760,0.0205078125,0.0001,0.2,1.8012705752626061,0.10015010833740234,-0.005191623786231503
1,1914,0,1414.0,881664,45.0,0.4232763350009918,0.0040509496,-13.936812343746423,-0.019090979867542046,13768,0.0107421875,0.0001,0.2,1.7283199322409928,0.07574111223220825,-0.0038318047154461965
1,1904,0,1404.0,882176,45.0,0.7735965847969055,0.01037797,-12.796443580538034,-0.0316306667518802,13776,0.014404296875,0.0001,0.2,1.8371931482106447,0.18177270889282227,-0.0045018921518931165
1,1801,0,1400.0,882688,45.0,0.42695745825767517,0.0037020273,-11.162106081843376,-0.018590734627650818,13784,0.0087890625,0.0001,0.2,1.4016700414940715,0.23759615421295166,-0.003404832103115041
1,1700,0,1387.5,883200,45.0,0.40415218472480774,0.009799136,-9.085463320575654,-0.02008948304137448,13792,0.0107421875,0.0001,0.2,2.0624653990380466,0.3628472685813904,-0.0037843970276298933
1,1732,0,1437.5,883712,45.0,0.6506554484367371,0.008877829,-7.3488240804895755,-0.03344817753713869,13800,0.019287109375,0.0001,0.2,1.220292107667774,0.7422876954078674,-0.0020066601173311938
1,1797,0,1387.5,884224,45.0,0.4695577621459961,0.0020825146,-5.724403668269515,-0.021831946878592134,13808,0.008056640625,0.0001,0.2,1.906392548698932,0.7490702271461487,-0.0031198183860396966
1,1856,0,1344.0,884736,45.0,0.3501462936401367,0.005906699,-4.599345144107938,-0.03136874263145728,13816,0.01953125,0.0001,0.2,1.1740941812749952,0.6490828990936279,-0.007211414846096886
1,1672,0,1401.5,885248,45.0,0.2512775659561157,0.0086495485,-3.9410300394147635,-0.030531900956702884,13824,0.01611328125,0.0001,0.2,0.8171069980598986,0.46061450242996216,-0.006235179083887488
1,1302,0,1402.5,885760,45.0,0.4217511713504791,0.013836905,-3.538407300487161,-0.039773136195435654,13832,0.029052734375,0.0001,0.2,0.9777585270348936,0.7138477563858032,-0.00805781722010579
1,1684,0,1509.0,886272,45.0,0.4229082763195038,0.011426565,-3.578944765999913,-0.026936208007100504,13840,0.0185546875,0.0001,0.2,1.1779211608227342,0.5073763430118561,-0.006602236033359077
1,1601,0,1520.0,886784,45.0,0.20882195234298706,0.022049861,-4.05960852690041,-0.03462144334662298,13848,0.025390625,0.0001,0.2,0.9787261348683387,0.13803976774215698,-0.0058064957411261275
1,1820,0,1522.0,887296,45.0,0.2661907374858856,0.009655869,-5.116418909505009,-0.034154015191234066,13856,0.021728515625,0.0001,0.2,0.6614109459333122,0.44190168380737305,-0.004629508082871325
1,1721,0,1529.5,887808,45.0,0.9351854920387268,0.020878825,-6.325026442408562,-0.03329647596547147,13864,0.030029296875,0.0001,0.2,1.7536386272404343,0.18380343914031982,-0.007544604733993765
1,1571,0,1518.5,888320,45.0,0.4103691875934601,0.014246025,-7.875267456322908,-0.06478000806964701,13872,0.052978515625,0.0001,0.2,1.589907419634983,0.49235016107559204,-0.011770985292969272
1,1592,0,1507.5,888832,45.0,0.46924248337745667,0.01132765,-9.220653455145657,-0.06277340438828105,13880,0.0390625,0.0001,0.2,1.3127418078947812,0.5708272457122803,-0.007336763766943477
1,1645,0,1528.0,889344,45.0,1.0733177661895752,0.006654584,-10.357663415558637,-0.06710157230918412,13888,0.034423828125,0.0001,0.2,3.0119269588030875,0.5272198021411896,-0.00991486160637578
1,1318,0,1556.0,889856,45.0,0.6533904671669006,0.0030882675,-11.71203724283725,-0.06255289270120556,13896,0.0224609375,0.0001,0.2,3.2832767688669264,0.6201278269290924,-0.006305285649432335
1,1420,0,1541.5,890368,45.0,0.3297748267650604,0.008472599,-12.537639043703676,-0.05339609820111946,13904,0.03271484375,0.0001,0.2,1.6309809570666403,0.6922336518764496,-0.009139968744420912
1,1621,0,1551.5,890880,45.0,0.46007880568504333,0.009252466,-13.655799520537258,-0.06487726359409862,13912,0.0205078125,0.0001,0.2,2.8655646056868136,0.690299928188324,-0.005144650182046462
1,1756,0,1508.5,891392,45.0,0.7477548122406006,0.004309395,-14.47699431322515,-0.08046513974841218,13920,0.02490234375,0.0001,0.2,4.647260136902332,0.6516035199165344,-0.006744318437995389
1,1799,0,1486.5,891904,45.0,0.5135641098022461,0.013545552,-14.748569111414254,-0.050953277219377924,13928,0.02734375,0.0001,0.2,4.06488335179165,0.5456817448139191,-0.004818302048079204
1,1879,0,1410.0,892416,45.0,0.20647962391376495,0.013858769,-14.147338477112353,-0.037986193119650125,13936,0.0224609375,0.0001,0.2,1.2780325805069879,-0.09561407566070557,-0.006736773299053311
1,1861,0,1336.0,892928,45.0,0.4525876045227051,0.014745329,-13.772920944578946,-0.03027017712520319,13944,0.025390625,0.0001,0.2,1.024522619554773,0.6011128127574921,-0.0075668179779313505
1,1882,0,1334.5,893440,45.0,0.45342645049095154,0.018183835,-13.020171687677502,-0.04781991864365409,13952,0.036376953125,0.0001,0.2,1.6075063017196953,0.3291066288948059,-0.00953085400215059
1,1706,0,1289.5,893952,45.0,0.5693450570106506,0.0053144987,-12.167494037523866,-0.028915139654600353,13960,0.0185546875,0.0001,0.2,1.2907969448715448,-0.44339072704315186,-0.006533444975502789
1,1852,0,1225.5,894464,45.0,0.5904316902160645,0.00592429,-10.836625244878233,-0.04277435428775789,13968,0.017578125,0.0001,0.2,1.700333767104894,0.09183758497238159,-0.006698121098452248
1,1864,0,1257.0,894976,45.0,0.30217766761779785,0.016196627,-9.917064746282994,-0.04711846424834221,13976,0.02783203125,0.0001,0.2,2.1921308506280184,0.3570592403411865,-0.008837774774292484
1,1910,0,1261.0,895488,45.0,0.3653790354728699,0.004939859,-8.52823047440499,-0.03284334968520852,13984,0.017578125,0.0001,0.2,2.086023857817054,0.612203985452652,-0.0034364744406047976
1,1563,0,1305.0,896000,45.0,1.2225247621536255,0.0032184385,-7.655212617404759,-0.034609598471433856,13992,0.0146484375,0.0001,0.2,2.5168435289524496,0.42141854763031006,-0.004145189366681734
1,1670,0,1353.0,896512,45.0,0.7819298505783081,0.008148709,-6.965189274027944,-0.0633720541081857,14000,0.025146484375,0.0001,0.2,3.351784552913159,0.4491010904312134,-0.005297112733387621
1,1694,0,1364.5,897024,45.0,0.558801531791687,0.0133491345,-7.107052275836468,-0.043908110426855274,14008,0.0341796875,0.0001,0.2,1.8159896158613265,0.5009537041187286,-0.007266593947861111
1,1834,0,1387.0,897536,45.0,0.7304182648658752,0.02215255,-7.58360998865217,-0.0713499061530456,14016,0.049560546875,0.0001,0.2,2.3948930273763835,0.03673464059829712,-0.012219842166814487
1,1719,0,1462.0,898048,45.0,0.5945459008216858,0.021750417,-8.214464818276465,-0.04636786571245466,14024,0.031005859375,0.0001,0.2,2.008930837037042,0.20085036754608154,-0.006518358313769568
1,1751,0,1479.0,898560,45.0,0.6918185949325562,0.0046209535,-9.35975013975054,-0.03802900063965353,14032,0.016845703125,0.0001,0.2,1.9180542989633977,0.5391287505626678,-0.0048772631234896835
1,1367,0,1570.5,899072,45.0,1.3122113943099976,0.006619973,-10.742734640724956,-0.028227458398760064,14040,0.0185546875,0.0001,0.2,2.624498824123293,0.6114533245563507,-0.004540909740171628
1,1833,0,1517.5,899584,45.0,0.880279004573822,0.00439243,-11.584872994050384,-0.023079059542396863,14048,0.015869140625,0.0001,0.2,2.7577255717478693,0.666848361492157,-0.004105688065465074
1,1803,0,1504.5,900096,45.0,0.706744372844696,0.0074820425,-12.369943153783678,-0.032684858995708055,14056,0.020263671875,0.0001,0.2,2.1331098405644298,0.7339003682136536,-0.00691935694339918
1,1746,0,1428.5,900608,45.0,0.9596276879310608,0.016136443,-13.21797648664564,-0.03339652941576787,14064,0.0205078125,0.0001,0.2,2.4871584358625114,0.7450056374073029,-0.004980855839676224
1,1841,0,1452.5,901120,45.0,0.44619229435920715,0.015312189,-13.550521672032774,-0.039474371458709356,14072,0.02685546875,0.0001,0.2,1.5518454583361745,0.61930912733078,-0.004553321141429478
1,1780,0,1442.5,901632,45.0,0.641914427280426,0.010245504,-13.364979987666011,-0.023828863360904506,14080,0.0107421875,0.0001,0.2,1.5841792155988514,0.5898380279541016,-0.0036340590595500544
1,2023,0,1415.5,902144,45.0,0.37100234627723694,0.0057636504,-12.859489279687404,-0.04102922522906738,14088,0.023193359375,0.0001,0.2,1.5122691388241947,0.053220272064208984,-0.006052576798538212
1,2116,0,1294.0,902656,45.0,0.44994133710861206,0.008914446,-11.979404693692922,-0.019179056625944213,14096,0.013916015625,0.0001,0.2,1.5686810772167519,-0.4408442974090576,-0.004749288549646735
1,1813,0,1286.0,903168,45.0,0.2762845754623413,0.011126292,-10.598028088361025,-0.030673550303617958,14104,0.023193359375,0.0001,0.2,1.8189091859385371,0.03097635507583618,-0.0052448731803451665
1,1387,0,1263.0,903680,45.0,0.8370254039764404,0.0077436427,-9.806623852029443,-0.02425317650886427,14112,0.016845703125,0.0001,0.2,1.9242238451261073,0.2343267798423767,-0.005500246705196332
1,1957,0,1272.0,904192,45.0,0.3597038686275482,0.005652014,-8.580092558600008,-0.026636495415914396,14120,0.021728515625,0.0001,0.2,1.5947972000576556,0.5135076344013214,-0.006053156663256232
1,1972,0,1138.0,904704,45.0,0.5179490447044373,0.013504914,-7.853817477524281,-0.023612670810507552,14128,0.01806640625,0.0001,0.2,1.9953544400632381,0.6213018298149109,-0.005033207686210517
1,2114,0,1075.0,905216,45.0,1.948776364326477,0.0074253473,-7.867294407933951,-0.03593382633607689,14136,0.020263671875,0.0001,0.2,7.626470558345318,0.229603111743927,-0.009232985859853216
1,1935,0,1018.0,905728,45.0,0.3018842935562134,0.004144577,-8.207451851069926,-0.017961146831112274,14144,0.013671875,0.0001,0.2,2.466669126879424,-0.12711036205291748,-0.005360450340958778
1,1923,0,929.5,906240,45.0,0.9189121723175049,0.007203114,-8.243515520468355,-0.023300781730085873,14152,0.018798828125,0.0001,0.2,2.3434259640052915,0.43903279304504395,-0.0054065548538346775
1,1720,0,1011.5,906752,45.0,0.7332675457000732,0.0037238896,-8.748893229141832,-0.027542138759599766,14160,0.012451171875,0.0001,0.2,2.72965917410329,0.47102105617523193,-0.0036883162683807313
1,1487,0,1085.0,907264,45.0,0.6527652144432068,0.010318674,-9.010271103903651,-0.022784999368013814,14168,0.01318359375,0.0001,0.2,3.0655635981820524,0.577731192111969,-0.005799481994472444
1,1862,0,1044.0,907776,45.0,0.8085809350013733,0.005215229,-9.30774528451264,-0.031386939555886784,14176,0.01123046875,0.0001,0.2,2.1707981075160205,0.6662118136882782,-0.004910100731649436
1,1570,0,1053.0,908288,45.0,0.6781566143035889,0.016576018,-10.101712988913059,-0.026628535926192853,14184,0.021728515625,0.0001,0.2,2.6783865904435515,0.5110087394714355,-0.007856325632019434
1,1298,0,1159.0,908800,45.0,0.5361810326576233,0.009067534,-10.57575352601707,-0.04530051475740038,14192,0.029541015625,0.0001,0.2,1.5708092076238245,0.7150629162788391,-0.005984264207654633
1,1665,0,1277.5,909312,45.0,0.6469218134880066,0.008376189,-11.125559907630086,-0.046708546578884125,14200,0.030029296875,0.0001,0.2,1.2725996153894812,0.6678195297718048,-0.008117570923786843
1,1779,0,1363.5,909824,45.0,0.5384843945503235,0.017825905,-10.82809619523585,-0.05179550266257138,14208,0.0341796875,0.0001,0.2,1.7304991253186017,0.4484482407569885,-0.006295298131590243
1,1747,0,1436.5,910336,45.0,1.1371821165084839,0.009082651,-11.015330262184143,-0.04347797657646879,14216,0.02685546875,0.0001,0.2,2.180816860636696,0.13209617137908936,-0.007585928637126926
1,1822,0,1548.0,910848,45.0,0.2978380024433136,0.009218924,-11.420661454573274,-0.041027204653801164,14224,0.0361328125,0.0001,0.2,1.1067024976946414,-0.08147692680358887,-0.007035981630906463
1,1765,0,1517.5,911360,45.0,0.489787757396698,0.014846522,-11.466302539184689,-0.027685996652508038,14232,0.015625,0.0001,0.2,1.3438212086912245,0.35742729902267456,-0.005475365192978643
1,1716,0,1469.5,911872,45.0,0.8713728189468384,0.022715565,-11.850350412726403,-0.05553453156971955,14240,0.039794921875,0.0001,0.2,2.254184652119875,0.2697674036026001,-0.009057925428351155
1,1756,0,1431.0,912384,45.0,1.216111183166504,0.021471927,-12.445209330394864,-0.048939864140265854,14248,0.047119140625,0.0001,0.2,3.783786819316447,0.3296794295310974,-0.01331809690600494
1,1719,0,1453.5,912896,45.0,1.1098244190216064,0.017144265,-12.493866292610765,-0.05411906407243805,14256,0.0380859375,0.0001,0.2,2.8506126971915364,0.4754420518875122,-0.008472209170577116
1,1470,0,1406.0,913408,45.0,0.663564145565033,0.006380611,-12.688011150024831,-0.04688624825939769,14264,0.02978515625,0.0001,0.2,2.876993710640818,0.6117960512638092,-0.00811621529283002
1,1652,0,1411.0,913920,45.0,0.595093846321106,0.008964574,-12.326816145218908,-0.027884363391422085,14272,0.013671875,0.0001,0.2,1.6955297430977225,0.4749245047569275,-0.003962364346079994
1,1713,0,1369.0,914432,45.0,0.3146437406539917,0.013200916,-11.779875258170069,-0.03026250808943587,14280,0.02783203125,0.0001,0.2,1.2401950820349157,0.5744428336620331,-0.005631618103507208
1,1886,0,1258.5,914944,45.0,0.5885329842567444,0.019595137,-11.050138725563883,-0.03710718130969326,14288,0.0224609375,0.0001,0.2,1.9379543350078166,0.3244253396987915,-0.005777147882326972
1,1709,0,1237.0,915456,45.0,0.7677509188652039,0.011533801,-10.136358152031898,-0.03972638058485245,14296,0.028564453125,0.0001,0.2,1.8472096372861415,0.3909686207771301,-0.00796762500249315
1,1871,0,1230.0,915968,45.0,0.1920097917318344,0.0105799055,-9.249787286892534,-0.02813817687183473,14304,0.017333984375,0.0001,0.2,1.0117262147832662,-0.06536102294921875,-0.004060075858433265
1,1870,0,1254.5,916480,45.0,0.6012239456176758,0.0074170507,-8.328923166431487,-0.032160320825823874,14312,0.020263671875,0.0001,0.2,1.0999347565229982,0.41413676738739014,-0.00406096500591957
1,1759,0,1265.0,916992,45.0,0.30557867884635925,0.0028111916,-7.304553319774568,-0.0240711402980196,14320,0.0146484375,0.0001,0.2,1.6680753079708666,0.06978970766067505,-0.004658891561120981
1,2093,0,1159.0,917504,45.0,0.2416752427816391,0.013251524,-6.283455244712531,-0.025092794515330752,14328,0.019775390625,0.0001,0.2,1.2171210665255785,0.3057160973548889,-0.005372741459723329
1,1409,0,1116.0,918016,45.0,0.48073244094848633,0.00599339,-5.880268000513315,-0.030402532199786947,14336,0.02099609375,0.0001,0.2,1.0730839893221855,0.24139845371246338,-0.006074337237805594
1,1789,0,1102.5,918528,45.0,0.24741993844509125,0.024136465,-5.765109440684318,-0.03044617446084885,14344,0.015625,0.0001,0.2,1.7881545575801283,0.5116329491138458,-0.0033356335625285283
1,2005,0,1094.5,919040,45.0,0.9834259152412415,0.014070023,-5.618133231252432,-0.03605923661416455,14352,0.01904296875,0.0001,0.2,1.9255951216910034,0.5062799453735352,-0.006110390750109218
1,1828,0,1147.5,919552,45.0,0.7984998226165771,0.008776991,-6.158264467380941,-0.02994671548731276,14360,0.01953125,0.0001,0.2,2.3863234748132527,0.39249396324157715,-0.004491157880693208
1,1908,0,1107.5,920064,45.0,0.33926957845687866,0.0018967392,-6.758809101469815,-0.026959341882047738,14368,0.010498046875,0.0001,0.2,2.1650291117839515,0.5998763740062714,-0.0032727187772252364
1,1831,0,1005.5,920576,45.0,0.5953043699264526,0.0072210496,-7.66292587261647,-0.029415187202403104,14376,0.021728515625,0.0001,0.2,2.5417297882959247,0.21379590034484863,-0.006049010138667654
1,2160,0,907.5,921088,45.0,1.8410271406173706,0.005329565,-9.258303030394018,-0.04933099538175156,14384,0.02392578125,0.0001,0.2,5.583191632293165,0.24133169651031494,-0.007378227404842619
1,1779,0,939.0,921600,45.0,0.9527001976966858,0.006858835,-10.549381559342146,-0.0311318033459429,14392,0.02001953125,0.0001,0.2,2.5954624642618,-0.14786434173583984,-0.005724444919906091
1,1888,0,939.0,922112,45.0,0.7450518608093262,0.0025554176,-11.562739305272698,-0.03311348949409876,14400,0.01611328125,0.0001,0.2,2.6152527241501957,0.3556441068649292,-0.0043824778076668736
1,1725,0,947.0,922624,45.0,0.42996785044670105,0.007830845,-12.611843986064196,-0.03576652339688735,14408,0.022705078125,0.0001,0.2,2.273457324830815,0.15609949827194214,-0.008178272859368008
1,1323,0,977.0,923136,45.0,0.7696261405944824,0.010331338,-13.851553306281566,-0.05330701117418357,14416,0.027587890625,0.0001,0.2,2.78244987456128,0.2056376338005066,-0.00845947574271122
1,1842,0,1032.5,923648,45.0,0.6325008869171143,0.018240258,-14.443701889663934,-0.054542722077712824,14424,0.03076171875,0.0001,0.2,2.3436881725210696,0.11578762531280518,-0.007259537851496134
1,1792,0,1085.0,924160,45.0,0.7656016945838928,0.011234464,-14.583937446177005,-0.04311618961401109,14432,0.017578125,0.0001,0.2,2.1310540528502315,0.08062517642974854,-0.005835025487613166
1,1676,0,1178.0,924672,45.0,0.49572503566741943,0.0074482607,-14.66658991523087,-0.03519791041708231,14440,0.0234375,0.0001,0.2,2.0156392413191497,0.18387705087661743,-0.007059009119984694
1,1994,0,1191.5,925184,45.0,1.3215231895446777,0.012296824,-14.094147558361293,-0.0416141620835333,14448,0.029296875,0.0001,0.2,3.192323743365705,0.16601651906967163,-0.005192205670027761
1,1782,0,1301.5,925696,45.0,0.5790770649909973,0.031265978,-13.315763814821839,-0.03023660143617235,14456,0.028564453125,0.0001,0.2,2.269009184325114,0.2225704789161682,-0.008484404068440199
1,1768,0,1276.0,926208,45.0,0.5228424668312073,0.005607848,-12.283712811022998,-0.04503026988095371,14464,0.02490234375,0.0001,0.2,1.7734258510172367,0.4611990451812744,-0.0073054808817687444
1,1886,0,1348.5,926720,45.0,0.9414072036743164,0.0067983964,-11.402070837467909,-0.06274852010392351,14472,0.0390625,0.0001,0.2,2.856646455824375,0.08976137638092041,-0.007600652344990522
1,1652,0,1314.0,927232,45.0,0.3632355034351349,0.005691353,-10.228211461231112,-0.04552378593234607,14480,0.024169921875,0.0001,0.2,2.6151449428871274,0.33000123500823975,-0.006890714863402536
1,1241,0,1352.0,927744,45.0,1.0893925428390503,0.0095121,-8.725540154725314,-0.0743030258527142,14488,0.0380859375,0.0001,0.2,3.423338226508349,0.42480963468551636,-0.01049232260993449
1,1785,0,1396.5,928256,45.0,1.0876342058181763,0.0073361467,-7.903241917192936,-0.049137879112095106,14496,0.01806640625,0.0001,0.2,3.39689564332366,0.5491554141044617,-0.00590129841111775
1,1596,0,1392.0,928768,45.0,0.5030049085617065,0.010658655,-7.307001681476831,-0.05304257867464912,14504,0.032470703125,0.0001,0.2,2.631687067914754,0.3087242841720581,-0.007769841729896143
1,1610,0,1419.0,929280,45.0,0.7652469277381897,0.009559374,-7.336284555047751,-0.06207905172050232,14512,0.03466796875,0.0001,0.2,1.9802146514412016,0.07275664806365967,-0.00880970792422886
1,1745,0,1496.5,929792,45.0,0.492255836725235,0.011878343,-7.199715844616294,-0.0818147434911225,14520,0.041015625,0.0001,0.2,3.3065635384991765,-0.07069921493530273,-0.012609602243173867
1,1840,0,1426.5,930304,45.0,1.1651480197906494,0.014304569,-7.885830142423511,-0.049081991011917125,14528,0.031494140625,0.0001,0.2,3.806364028248936,0.005113661289215088,-0.008591260637331288
1,1775,0,1511.0,930816,45.0,2.7346010208129883,0.006008741,-8.960907237157226,-0.0572452914348105,14536,0.029541015625,0.0001,0.2,3.58624595310539,0.44014251232147217,-0.009109461963817012
1,1819,0,1475.5,931328,45.0,1.1576299667358398,0.020987373,-9.517968714833259,-0.05489825741824461,14544,0.0302734375,0.0001,0.2,2.8347250344231725,0.404982328414917,-0.006031136988895014
1,1847,0,1422.0,931840,45.0,0.5051069855690002,0.030151524,-10.06914039246738,-0.04170779525884427,14552,0.02685546875,0.0001,0.2,1.68836545269005,0.25514864921569824,-0.00671067152870819
1,1354,0,1419.0,932352,45.0,0.3000815808773041,0.01741776,-10.848434525430202,-0.05581538718979573,14560,0.0341796875,0.0001,0.2,1.9630697194952518,0.2596001625061035,-0.006597026131203165
1,1860,0,1358.5,932864,45.0,1.227526068687439,0.018040169,-11.427668066024781,-0.0643801035676006,14568,0.037841796875,0.0001,0.2,2.1357829975895584,0.006836116313934326,-0.009402200128533877
1,1740,0,1345.5,933376,45.0,0.24570977687835693,0.016254803,-11.546401040256024,-0.04520673640399764,14576,0.029052734375,0.0001,0.2,1.481102848192677,-0.22625255584716797,-0.006708438719215337
1,1718,0,1301.5,933888,45.0,0.2890002429485321,0.010533663,-11.55350572988391,-0.044254047228605486,14584,0.02734375,0.0001,0.2,1.5430622643325478,0.18512016534805298,-0.0069479152116400655
1,1961,0,1262.0,934400,45.0,1.1971341371536255,0.011875419,-11.050734348371625,-0.047821670148550766,14592,0.026611328125,0.0001,0.2,1.8683964791707695,0.33422327041625977,-0.007192687276983634
1,1865,0,1255.5,934912,45.0,0.9599784016609192,0.017331827,-10.918077582716942,-0.05586068509001052,14600,0.032470703125,0.0001,0.2,2.7940219920128584,0.11707621812820435,-0.005503513180883601
1,1739,0,1243.5,935424,45.0,0.5011131167411804,0.0016901313,-10.050207250490784,-0.028807848942960845,14608,0.0126953125,0.0001,0.2,2.4098519142717123,0.19120609760284424,-0.0031453347401111387
1,1616,0,1291.0,935936,45.0,0.3535330593585968,0.0029705628,-9.567897795289754,-0.04006583217778825,14616,0.01513671875,0.0001,0.2,1.6665928268339485,0.4436216354370117,-0.004544553568848642
1,1761,0,1346.0,936448,45.0,0.43063899874687195,0.015470553,-9.27773827701807,-0.0354749755388184,14624,0.02392578125,0.0001,0.2,1.8313390235416591,0.4088818430900574,-0.004039430325065041
1,1281,0,1435.0,936960,45.0,0.6944602131843567,0.013506269,-9.361467089951038,-0.04170882988910307,14632,0.0341796875,0.0001,0.2,1.9407301344908774,0.3776577115058899,-0.008535095788829494
1,1839,0,1409.0,937472,45.0,2.0526206493377686,0.014958404,-9.214470728933811,-0.056330034416532726,14640,0.033447265625,0.0001,0.2,4.563313546590507,0.3238522410392761,-0.010694345415686257
1,1575,0,1392.5,937984,45.0,0.971792995929718,0.0045393175,-9.357104271650314,-0.030154196479998063,14648,0.01806640625,0.0001,0.2,3.4398745922371745,0.328956663608551,-0.005702497333913925
1,1709,0,1347.5,938496,45.0,1.2756502628326416,0.011421569,-9.272982178628444,-0.05246711947620497,14656,0.037109375,0.0001,0.2,2.961690295021981,0.4196772575378418,-0.006380471582815517
1,1654,0,1389.5,939008,45.0,0.17820841073989868,0.023444984,-9.312128549739718,-0.03387667763490754,14664,0.02587890625,0.0001,0.2,1.0646910755895078,0.47897869348526,-0.004207430869428208
1,1716,0,1445.5,939520,45.0,0.5462573766708374,0.010814494,-9.09643218267709,-0.049831604987048195,14672,0.0341796875,0.0001,0.2,1.1703158244490623,0.5193998515605927,-0.009686379664344713
1,1731,0,1466.0,940032,45.0,1.2313300371170044,0.026546633,-9.252613568864763,-0.05282737895322498,14680,0.048583984375,0.0001,0.2,2.2150173587724566,0.028406143188476562,-0.009104418408242054
1,1601,0,1488.5,940544,45.0,0.7789085507392883,0.00579567,-9.086440966203808,-0.04303289412200684,14688,0.02685546875,0.0001,0.2,1.641041380353272,0.25009268522262573,-0.005159904103493318
1,1342,0,1434.5,941056,45.0,0.9988041520118713,0.015720382,-9.236296009346843,-0.05780425720877247,14696,0.033935546875,0.0001,0.2,3.2787815518677235,0.08572322130203247,-0.008886999981768895
1,1667,0,1412.5,941568,45.0,0.7679235935211182,0.0045317,-8.759582976177335,-0.04203360495012021,14704,0.027099609375,0.0001,0.2,1.3883361923508346,0.14275985956192017,-0.00690421480248915
1,1839,0,1450.0,942080,45.0,0.4356602132320404,0.011388765,-8.495025853328407,-0.046897394596271624,14712,0.029541015625,0.0001,0.2,2.0481188879348338,0.4320300221443176,-0.005654842920193914
1,1878,0,1441.5,942592,45.0,0.46709591150283813,0.006517202,-8.271475455611943,-0.03868121452433115,14720,0.021240234375,0.0001,0.2,1.7144669801928103,0.5506949722766876,-0.006616511971515138
1,1854,0,1474.0,943104,45.0,0.45860105752944946,0.0092437705,-8.191176704317332,-0.032657619814926875,14728,0.018310546875,0.0001,0.2,1.2265980052761734,0.6675552427768707,-0.0039899462717585266
1,1844,0,1385.0,943616,45.0,1.1449155807495117,0.00992151,-8.066352810114623,-0.032256794730074034,14736,0.02197265625,0.0001,0.2,2.2591899181716144,0.6396825313568115,-0.006709127614158206
1,1944,0,1289.0,944128,45.0,0.572267472743988,0.014218081,-7.82371762547642,-0.04420807668429916,14744,0.030029296875,0.0001,0.2,1.9424092296976596,0.5610339939594269,-0.0076286521725705825
1,2025,0,1201.0,944640,45.0,0.9617409110069275,0.026585285,-7.727088126055897,-0.03913609641858784,14752,0.0380859375,0.0001,0.2,0.9740239511011168,0.6561754047870636,-0.013248926275991835
1,1836,0,1183.5,945152,45.0,0.5081827044487,0.028700897,-8.344637815281748,-0.04350049412369117,14760,0.031005859375,0.0001,0.2,1.9924113082233816,0.5420615673065186,-0.00895621022755222
1,2130,0,1123.0,945664,45.0,0.6975080966949463,0.0068097804,-8.856103558391332,-0.0453405635234958,14768,0.02197265625,0.0001,0.2,2.242187089752406,-0.18153035640716553,-0.00432889843796147
1,1483,0,1020.5,946176,45.0,0.9773722887039185,0.002419022,-10.147817965522409,-0.03179429953706858,14776,0.010498046875,0.0001,0.2,4.384288392961025,0.15392959117889404,-0.0040263983682962134
1,1793,0,1038.0,946688,45.0,1.8743114471435547,0.0029768678,-11.261622443422675,-0.05014723469139426,14784,0.015869140625,0.0001,0.2,5.674510512501001,0.3352360129356384,-0.0036930526184733026
1,1873,0,1054.5,947200,45.0,1.3542768955230713,0.0023812866,-12.164928218834103,-0.03826836167172587,14792,0.015625,0.0001,0.2,4.864883279427886,0.5721368789672852,-0.004479015457036439
1,1751,0,1038.0,947712,45.0,2.1422617435455322,0.0061267447,-12.581652560792863,-0.045633885985807865,14800,0.018798828125,0.0001,0.2,4.9887776635587215,0.7062289118766785,-0.007215003573946888
1,2088,0,1039.0,948224,45.0,2.3532297611236572,0.0032564886,-13.343969917409122,-0.05919060336964321,14808,0.022705078125,0.0001,0.2,6.406827598810196,0.5798631012439728,-0.0075237987184664235
1,1944,0,1047.5,948736,45.0,0.680179238319397,0.007326458,-14.043408147729933,-0.0335951955848941,14816,0.021484375,0.0001,0.2,2.6238282304257154,0.5345148146152496,-0.006976282449613791
1,1909,0,1037.0,949248,45.0,0.8022511601448059,0.007374698,-14.211916677169501,-0.035807235588436015,14824,0.019775390625,0.0001,0.2,2.3079825113527477,0.5982813835144043,-0.006808644386183005
1,2001,0,1011.0,949760,45.0,0.9647753238677979,0.01354637,-13.860586137361825,-0.044742250778654125,14832,0.027099609375,0.0001,0.2,3.0801841178908944,0.446963369846344,-0.009566110995365307
1,1820,0,1063.5,950272,45.0,0.8022251129150391,0.011705117,-13.108205642811955,-0.04461509247266804,14840,0.02392578125,0.0001,0.2,2.7002871674485505,0.15041667222976685,-0.005088380945380777
1,1694,0,1138.5,950784,45.0,0.9608378410339355,0.0081748115,-12.22016963582486,-0.057601377648097696,14848,0.02783203125,0.0001,0.2,3.0454105301760137,-0.4117279052734375,-0.0066428622376406565
1,1442,0,1141.5,951296,45.0,0.5059203505516052,0.055834163,-11.79851704981178,-0.06110986627754755,14856,0.048095703125,0.0001,0.2,5.586037566885352,0.0743817687034607,-0.013391202533966862
1,1712,0,1124.0,951808,45.0,0.38447076082229614,0.010799806,-11.268450755253435,-0.04317185833133408,14864,0.02734375,0.0001,0.2,3.4242492341436446,0.10181564092636108,-0.008108056674245745
1,1818,0,1182.0,952320,45.0,0.5026015043258667,0.0056083617,-11.00294141381979,-0.036146718241980125,14872,0.0224609375,0.0001,0.2,1.5737211047671735,0.04363548755645752,-0.008517529189703055
1,1876,0,1253.0,952832,45.0,0.19916099309921265,0.004299828,-10.303900504782796,-0.027785884588411136,14880,0.0126953125,0.0001,0.2,1.0370539429131895,0.4037013649940491,-0.005199623979933676
1,1801,0,1283.0,953344,45.0,1.148167610168457,0.010046208,-9.43035584911704,-0.023424682680342812,14888,0.015869140625,0.0001,0.2,2.32899891003035,0.2732177972793579,-0.005265382595098345
1,1920,0,1243.5,953856,45.0,1.7898231744766235,0.0060361945,-9.223247327581047,-0.04812995959218824,14896,0.028564453125,0.0001,0.2,3.3656469266861677,0.34076082706451416,-0.008456351792119676
1,1801,0,1315.5,954368,45.0,0.7816271781921387,0.0080127595,-9.202001381590962,-0.034768843035635655,14904,0.021484375,0.0001,0.2,2.8785838955082,0.25053125619888306,-0.0051821055421896745
1,1889,0,1356.0,954880,45.0,0.5665658116340637,0.013892032,-8.990288837850095,-0.03308483301816523,14912,0.02197265625,0.0001,0.2,1.547780156135559,0.5514676570892334,-0.005488670863996958
1,1698,0,1342.5,955392,45.0,0.540006697177887,0.025028931,-8.817592062205076,-0.024418107097062602,14920,0.0234375,0.0001,0.2,0.894532197737135,0.6507468819618225,-0.0076865607443323825
1,1366,0,1433.5,955904,45.0,0.41285428404808044,0.0039352486,-8.018876034319401,-0.020975220588752563,14928,0.011962890625,0.0001,0.2,2.137465716805309,0.6215176582336426,-0.004155103462835541
1,1933,0,1405.0,956416,45.0,0.9260562062263489,0.018547093,-7.9034604597091676,-0.036065925206457905,14936,0.028076171875,0.0001,0.2,2.120667479466647,0.6116944849491119,-0.006533458348712884
1,1645,0,1467.0,956928,45.0,1.059056043624878,0.021233236,-8.183636834248901,-0.029925797669420717,14944,0.032470703125,0.0001,0.2,2.0060735980514437,0.500152587890625,-0.010927331091806991
1,1707,0,1461.0,957440,45.0,0.17835021018981934,0.011937371,-8.208158494308591,-0.03460145098506473,14952,0.02392578125,0.0001,0.2,0.825023255427368,0.5555330216884613,-0.0062199840212997515
1,1886,0,1455.5,957952,45.0,0.5544331073760986,0.010989417,-8.453652214109898,-0.028863682437076932,14960,0.025146484375,0.0001,0.2,1.2147704000817612,0.5528116226196289,-0.005941779523709556
1,1870,0,1519.5,958464,45.0,0.20400498807430267,0.015037064,-8.635898042693734,-0.032429114609840326,14968,0.026611328125,0.0001,0.2,1.1841649154666811,0.2242068648338318,-0.004342431253462564
1,1808,0,1475.5,958976,45.0,0.316250205039978,0.008123919,-8.528882945403456,-0.020568887264744262,14976,0.010498046875,0.0001,0.2,0.8868226916529238,0.13532888889312744,-0.003626874957262771
1,1874,0,1425.5,959488,45.0,1.7097872495651245,0.03527656,-8.92677756626159,-0.052164567801810335,14984,0.053955078125,0.0001,0.2,2.4573719105683267,0.19875836372375488,-0.012042043024848681
1,1835,0,1407.5,960000,45.0,0.2706666588783264,0.006223581,-9.153428354896604,-0.029399914094028645,14992,0.017822265625,0.0001,0.2,0.9900516560301185,0.30565792322158813,-0.006910643242008518
1,1828,0,1367.5,960512,45.0,0.4035907983779907,0.009578232,-9.363641762472689,-0.03359491862465802,15000,0.02294921875,0.0001,0.2,0.8642149069346488,0.40905964374542236,-0.0075897504029853735
1,1937,0,1314.5,961024,45.0,0.2885211110115051,0.041260034,-9.58428206499666,-0.029084762549700827,15008,0.02978515625,0.0001,0.2,0.8670131633989513,0.5254954695701599,-0.008271154183603358
1,1834,0,1278.0,961536,45.0,0.12373606115579605,0.0066986457,-9.526444114409387,-0.021258093854157778,15016,0.01806640625,0.0001,0.2,0.564296192897018,0.42366844415664673,-0.005932462627242785
1,1916,0,1276.5,962048,45.0,0.16729772090911865,0.014495425,-9.850348022170365,-0.019904424279047817,15024,0.01220703125,0.0001,0.2,0.7770401603775099,0.31118762493133545,-0.004540052987067611
1,1839,0,1270.5,962560,45.0,0.23610785603523254,0.0026005679,-9.934641556702553,-0.01541478642320726,15032,0.006103515625,0.0001,0.2,0.6835410129278898,0.3114720582962036,-0.0018009729174082167
1,1790,0,1239.0,963072,45.0,0.2845087945461273,0.0031205732,-10.341839221157134,-0.021021062423187686,15040,0.0146484375,0.0001,0.2,1.3514601059723645,0.35865044593811035,-0.005505169305251911
1,1805,0,1325.0,963584,45.0,0.47091007232666016,0.00086910697,-10.758005223535001,-0.022529050605044176,15048,0.006591796875,0.0001,0.2,1.6938067919109017,-0.15663599967956543,-0.0028196739658596925
1,1862,0,1373.5,964096,45.0,0.6975721716880798,0.0046842517,-10.75571065530181,-0.02448970007344542,15056,0.0146484375,0.0001,0.2,1.4962262464687228,0.3171679377555847,-0.0021539930821745656
1,1971,0,1268.0,964608,45.0,0.5710142850875854,0.0045892345,-10.92834802351892,-0.02151469536966033,15064,0.017822265625,0.0001,0.2,3.1088742171414196,0.32435858249664307,-0.0065679836297931615
1,1748,0,1349.5,965120,45.0,1.4906991720199585,0.0064288825,-11.428514802381397,-0.028363832200739125,15072,0.0205078125,0.0001,0.2,4.518736574798822,0.2701914310455322,-0.00557030804338865
1,1442,0,1298.0,965632,45.0,0.5663308501243591,0.0029368552,-11.266773326545954,-0.028818857211263094,15080,0.015380859375,0.0001,0.2,3.5350019447505474,0.2740257978439331,-0.004927072892314754
1,1970,0,1212.5,966144,45.0,1.8776192665100098,0.002965831,-11.528052193261683,-0.035275446805826505,15088,0.013671875,0.0001,0.2,3.679925095755607,0.46621352434158325,-0.004452019169548294
1,1950,0,1093.0,966656,45.0,0.5688307881355286,0.009043222,-11.33058838184923,-0.027363760706066387,15096,0.01904296875,0.0001,0.2,2.4269811850972474,0.24245792627334595,-0.005238711280981079
1,1698,0,1141.0,967168,45.0,1.1755427122116089,0.009156743,-11.575046786256134,-0.03107471410476137,15104,0.021484375,0.0001,0.2,3.129978056065738,0.2163010835647583,-0.004162297482253052
1,2111,0,1049.5,967680,45.0,1.7589664459228516,0.010963004,-11.142857837565243,-0.04165871972509194,15112,0.02392578125,0.0001,0.2,4.056536163203418,0.12533831596374512,-0.005959962370980065
1,1758,0,1046.0,968192,45.0,0.6247206926345825,0.0027663107,-11.094110566414892,-0.029175962754379725,15120,0.0185546875,0.0001,0.2,1.6609352310188115,0.076687753200531,-0.005726883169700159
1,1873,0,1041.5,968704,45.0,0.8275885581970215,0.0028756561,-10.73685833271593,-0.03072891367264674,15128,0.01953125,0.0001,0.2,1.9098143368028104,0.5147591531276703,-0.007080988223606255
1,1690,0,1098.5,969216,45.0,0.6422615051269531,0.0071197622,-10.731982096470892,-0.03056749203824438,15136,0.01611328125,0.0001,0.2,2.5510978014208376,0.4462323784828186,-0.004191607844404643
1,1754,0,1015.5,969728,45.0,1.26697838306427,0.0038969999,-9.810230602286756,-0.044154042790978565,15144,0.016357421875,0.0001,0.2,4.79288947256282,0.15053075551986694,-0.003456868558714632
1,1943,0,1030.5,970240,45.0,0.8713390231132507,0.0031888946,-9.480833808593452,-0.03902573444429436,15152,0.02197265625,0.0001,0.2,2.6851617973297834,0.37893378734588623,-0.00510862151713809
1,1891,0,1109.0,970752,45.0,1.0705232620239258,0.01957243,-9.488998943679034,-0.03588557904095069,15160,0.03369140625,0.0001,0.2,3.5467977318912745,0.04959970712661743,-0.009253117990738247
1,1588,0,1206.0,971264,45.0,1.2388414144515991,0.0060500507,-9.379053763709962,-0.02063228119550331,15168,0.0126953125,0.0001,0.2,3.818180799484253,-0.22161579132080078,-0.0031335063176811673
1,1754,0,1183.0,971776,45.0,0.3341394364833832,0.004243257,-9.188122000358998,-0.05308397123735631,15176,0.0263671875,0.0001,0.2,2.6634205230511725,0.21589094400405884,-0.003733950150490273
1,1845,0,1247.5,972288,45.0,0.8858124613761902,0.01646706,-9.624850311614573,-0.03628693869904964,15184,0.02294921875,0.0001,0.2,2.165775333996862,0.19199204444885254,-0.005404472678492311
1,1839,0,1211.5,972800,45.0,0.5103356242179871,0.0053819753,-9.393751103840769,-0.040649596176081104,15192,0.028076171875,0.0001,0.2,1.7821460110135376,0.37522798776626587,-0.006236512810573913
1,1674,0,1296.0,973312,45.0,0.41819944977760315,0.007226078,-9.58068350892514,-0.03729301981002209,15200,0.020751953125,0.0001,0.2,1.6844551931135356,0.35467928647994995,-0.004385885458759731
1,1606,0,1307.0,973824,45.0,0.6307657957077026,0.010011899,-9.18480084847659,-0.031797071620530915,15208,0.022216796875,0.0001,0.2,1.6295429640449584,0.03847473859786987,-0.004442912912054453
1,1815,0,1298.0,974336,45.0,0.4031332731246948,0.010508057,-9.460286599062384,-0.04423229388521577,15216,0.030029296875,0.0001,0.2,1.3737524491734803,0.19414794445037842,-0.007287305263162125
1,1354,0,1393.0,974848,45.0,0.21320714056491852,0.009868359,-9.636850311122835,-0.04525994641153375,15224,0.037109375,0.0001,0.2,1.731533093843609,0.3243468403816223,-0.009724906405608635
1,1873,0,1426.0,975360,45.0,1.0578386783599854,0.007258457,-9.048085038363933,-0.03493538206748781,15232,0.024169921875,0.0001,0.2,1.9717479539103806,-0.05692398548126221,-0.006767488128389232
1,1733,0,1410.0,975872,45.0,0.2280590683221817,0.012997823,-8.723186204954981,-0.02067074226852128,15240,0.018798828125,0.0001,0.2,1.015739006223157,0.35997825860977173,-0.005775114506832324
1,1861,0,1336.5,976384,45.0,0.5513159036636353,0.007660345,-8.157319802939892,-0.02314071130740558,15248,0.01708984375,0.0001,0.2,1.710276573896408,0.30197805166244507,-0.003811905895418022
1,1657,0,1367.5,976896,45.0,0.4203706383705139,0.015339719,-7.804831461235881,-0.029483460167284647,15256,0.03076171875,0.0001,0.2,1.2829730082303286,0.36754029989242554,-0.008250982646131888
1,1548,0,1376.5,977408,45.0,0.21010392904281616,0.0067865886,-7.42244879797101,-0.02298981691365043,15264,0.011474609375,0.0001,0.2,0.638605821528472,0.623539388179779,-0.004984474027878605
1,1815,0,1351.0,977920,45.0,0.24250638484954834,0.018798241,-7.158592281341552,-0.02233437151153339,15272,0.019287109375,0.0001,0.2,1.2545019856188446,0.5386850237846375,-0.006671793918940239
1,1814,0,1331.0,978432,45.0,0.4932069480419159,0.0050158855,-7.337934192046523,-0.02725450606612867,15280,0.01416015625,0.0001,0.2,1.363439408596605,0.1467280387878418,-0.0047907748630677816
1,1778,0,1325.5,978944,45.0,0.6084496974945068,0.003965615,-7.4284602200239895,-0.031641420987398305,15288,0.0234375,0.0001,0.2,1.3707856899127364,0.35326236486434937,-0.004960572190611856
1,1479,0,1266.5,979456,45.0,0.6758220791816711,0.016196521,-8.001414047926664,-0.05679311242420226,15296,0.03076171875,0.0001,0.2,2.041072365362197,0.26996105909347534,-0.007082580283167772
1,1768,0,1267.5,979968,45.0,0.24271723628044128,0.00482124,-8.564799588993191,-0.02553046581488161,15304,0.01953125,0.0001,0.2,1.1507803746499121,0.4200451374053955,-0.00400607140181819
1,1631,0,1308.0,980480,45.0,0.796821117401123,0.0134289805,-9.23391864053905,-0.04740081947056751,15312,0.031982421875,0.0001,0.2,1.6593493046239018,0.29457128047943115,-0.005344499861166696
1,1695,0,1412.5,980992,45.0,0.6706994771957397,0.030182444,-9.945702941417695,-0.05793909551721299,15320,0.042724609375,0.0001,0.2,1.3717832181137055,0.42523157596588135,-0.00565470411311253
1,1774,0,1364.5,981504,45.0,0.08606414496898651,0.0014311826,-10.195563806667924,-0.02932733899615414,15328,0.0078125,0.0001,0.2,0.7097295980202034,0.5120032131671906,-0.0010418500642117579
1,1927,0,1349.5,982016,45.0,0.7180363535881042,0.007814385,-11.108733696863055,-0.05744811435579322,15336,0.041015625,0.0001,0.2,2.4114159322343767,0.31319087743759155,-0.010258959027851233
1,1669,0,1424.5,982528,45.0,0.4054420292377472,0.011244642,-11.643040581718088,-0.035881073910786654,15344,0.025146484375,0.0001,0.2,1.6279527978040278,-0.09283185005187988,-0.0033424582397856284
1,1742,0,1422.5,983040,45.0,0.07228903472423553,0.006841821,-11.769862544238567,-0.03619688759681594,15352,0.029052734375,0.0001,0.2,0.5525967978755943,0.3346679210662842,-0.0067919632492703386
1,1765,0,1472.5,983552,45.0,0.38225629925727844,0.0031036758,-11.926519944816828,-0.0679967761188891,15360,0.022216796875,0.0001,0.2,1.68316417792812,0.14011043310165405,-0.004451590531971306
1,1733,0,1498.0,984064,45.0,1.2281478643417358,0.0064037805,-11.881416304372252,-0.03394489680613333,15368,0.023681640625,0.0001,0.2,2.6139273471198976,0.1646866798400879,-0.006749236705218209
1,1868,0,1436.5,984576,45.0,0.3996680676937103,0.013183872,-11.657418808601797,-0.061643437220482156,15376,0.03173828125,0.0001,0.2,1.5991704305633903,0.19686073064804077,-0.006066926034691278
1,1798,0,1460.0,985088,45.0,1.2816652059555054,0.016839277,-11.733520590998232,-0.03775891871009662,15384,0.02490234375,0.0001,0.2,2.5233822162263095,0.45361071825027466,-0.007402874668514414
1,1907,0,1392.5,985600,45.0,1.643710732460022,0.0018152046,-11.911324731819331,-0.04645265040380764,15392,0.02978515625,0.0001,0.2,2.7034402722492814,0.508260577917099,-0.006802938543842174
1,1847,0,1388.0,986112,45.0,0.28032031655311584,0.038593255,-11.860725376717745,-0.04305803005809139,15400,0.025634765625,0.0001,0.2,1.1302413616795093,0.5774152874946594,-0.007528684713179246
1,1986,0,1401.5,986624,45.0,0.624602198600769,0.008874232,-11.702921759597958,-0.05354966026425245,15408,0.03076171875,0.0001,0.2,0.9684916087426245,0.5118975341320038,-0.004499301190662663
1,1883,0,1295.5,987136,45.0,0.5378175377845764,0.008461879,-11.461550453864039,-0.033712264360474364,15416,0.0224609375,0.0001,0.2,0.7988043542718515,0.331881582736969,-0.005681988675860339
1,1832,0,1312.0,987648,45.0,0.49512434005737305,0.025348576,-11.818670227192342,-0.049191244865141925,15424,0.039794921875,0.0001,0.2,1.85351825482212,0.2657100558280945,-0.010147773347853217
1,1998,0,1224.5,988160,45.0,1.2054322957992554,0.028704163,-11.931110517866909,-0.05751247882290045,15432,0.04931640625,0.0001,0.2,2.1827005948871374,0.242961585521698,-0.00962745967990486
1,1400,0,1261.5,988672,45.0,0.7546297311782837,0.0038530033,-12.295424491539597,-0.054429740503110224,15440,0.02783203125,0.0001,0.2,3.4333290620706975,0.030356287956237793,-0.004905598118057242
1,1748,0,1304.5,989184,45.0,1.647824764251709,0.032292582,-13.09126611404121,-0.08990126516437158,15448,0.051513671875,0.0001,0.2,11.049824476242065,0.38745707273483276,-0.009149612062174128
1,1708,0,1294.5,989696,45.0,0.8943052887916565,0.010680744,-12.801926129460334,-0.04759077378548682,15456,0.027099609375,0.0001,0.2,3.3196072224527597,-0.06643760204315186,-0.00518285150610609
1,1829,0,1306.5,990208,45.0,0.9094805121421814,0.0057595437,-12.49095176897943,-0.03851828458755335,15464,0.0166015625,0.0001,0.2,3.5861753122881055,0.5823081135749817,-0.005833193441503681
1,1567,0,1365.0,990720,45.0,0.4949904680252075,0.005591148,-12.372828245311975,-0.047129795008004294,15472,0.02001953125,0.0001,0.2,2.0301547651179135,0.6988984942436218,-0.0057109573535854
1,1909,0,1339.5,991232,45.0,2.5070202350616455,0.008473982,-11.56794468127191,-0.0685505553810799,15480,0.0361328125,0.0001,0.2,4.194841121323407,0.5999372899532318,-0.008475262402498629
1,1898,0,1310.0,991744,45.0,1.2399057149887085,0.010071142,-11.498734700605274,-0.04717307651844749,15488,0.024169921875,0.0001,0.2,2.8572032060474157,0.5621549785137177,-0.007253492534800898
1,1704,0,1337.5,992256,45.0,1.1194080114364624,0.004073223,-10.918158937171102,-0.042227673262459575,15496,0.01318359375,0.0001,0.2,3.247639737324789,0.14107495546340942,-0.004342116582847666
1,1673,0,1375.0,992768,45.0,0.5908622741699219,0.0181283,-10.389799802303314,-0.05668951493134955,15504,0.033447265625,0.0001,0.2,1.9008391913957894,0.3521804213523865,-0.006829243855463574
1,1430,0,1349.0,993280,45.0,1.0716100931167603,0.07571544,-8.981706351488828,-0.061634375368157635,15512,0.031005859375,0.0001,0.2,3.1399726578965783,0.3074536919593811,-0.006609607684367802
1,1638,0,1354.0,993792,45.0,0.3793807029724121,0.015929878,-8.664963964372873,-0.04103072014186182,15520,0.0322265625,0.0001,0.2,1.149918188340962,0.17204004526138306,-0.009669190709246323
1,1789,0,1368.5,994304,45.0,0.2634007930755615,0.012941904,-8.72743839584291,-0.03809533853200264,15528,0.028564453125,0.0001,0.2,1.653250062605366,0.22903621196746826,-0.008204842823033687
1,1899,0,1352.5,994816,45.0,0.4348064959049225,0.017727831,-8.874236566126347,-0.043075597437564284,15536,0.0283203125,0.0001,0.2,1.367515052901581,0.16891640424728394,-0.007530397095251828
1,1742,0,1265.5,995328,45.0,0.3101000487804413,0.011542953,-8.707406824119388,-0.03440922964091442,15544,0.02392578125,0.0001,0.2,1.2209016073029488,0.3499082922935486,-0.006565467698237626
1,1865,0,1214.5,995840,45.0,0.29605695605278015,0.018885719,-9.351355547867716,-0.040560487228503916,15552,0.037353515625,0.0001,0.2,1.155814075609669,0.3354145288467407,-0.007550516511400929
1,1717,0,1250.5,996352,45.0,1.434913992881775,0.04472923,-9.873337522409857,-0.05049349248838553,15560,0.035888671875,0.0001,0.2,4.328115237876773,0.3074852228164673,-0.008711980284715537
1,1771,0,1248.0,996864,45.0,0.5732852816581726,0.0049463753,-9.98012949232012,-0.037586019509035395,15568,0.02001953125,0.0001,0.2,1.847261055605486,0.023183465003967285,-0.005398734218033496
1,1423,0,1187.0,997376,45.0,1.0936825275421143,0.012237967,-9.971569283418358,-0.03733788166027807,15576,0.02392578125,0.0001,0.2,1.746277432423085,0.30383777618408203,-0.00574162238262943
1,1800,0,1286.5,997888,45.0,0.9867329001426697,0.021239765,-10.377558702789248,-0.033696623740524956,15584,0.03125,0.0001,0.2,1.4005830115638673,0.2040453553199768,-0.007439162396622123
1,1915,0,1166.5,998400,45.0,0.258882611989975,0.0055531487,-10.694786609113216,-0.03757691028386034,15592,0.0263671875,0.0001,0.2,1.1268028118647635,0.23228085041046143,-0.006120591722719837
1,1745,0,1170.0,998912,45.0,0.3792349100112915,0.007004341,-10.858326925188303,-0.029940875460852112,15600,0.019287109375,0.0001,0.2,0.9990378411021084,0.13413387537002563,-0.005656846595229581
1,1942,0,1169.5,999424,45.0,0.36932846903800964,0.00708818,-10.762581925988197,-0.028116639874497196,15608,0.020751953125,0.0001,0.2,1.4438463374972343,0.49217259883880615,-0.0037213205796433613
1,1876,0,1187.5,999936,45.0,0.9868756532669067,0.0022413102,-10.801253225021064,-0.030086129017036,15616,0.012939453125,0.0001,0.2,2.861201064661145,0.4281899929046631,-0.0035801186750177294
1,1725,0,1261.0,1000448,45.0,1.1816461086273193,0.0041310177,-10.563201439790427,-0.036512500547360105,15624,0.016357421875,0.0001,0.2,2.5846260553225875,0.5066870748996735,-0.005570211818849202
1,1928,0,1209.5,1000960,45.0,0.42506304383277893,0.010358892,-9.835264121182263,-0.030288110053334094,15632,0.02099609375,0.0001,0.2,1.896333233686164,0.6356364190578461,-0.006200341842486523
1,1954,0,1195.0,1001472,45.0,0.6249060034751892,0.014521306,-9.391425862647592,-0.03289804012865716,15640,0.026611328125,0.0001,0.2,1.1137950823176652,0.6630884408950806,-0.009147671778919175
1,1879,0,1233.0,1001984,45.0,0.7344980835914612,0.007125222,-9.265024722777307,-0.025809678402310965,15648,0.015380859375,0.0001,0.2,1.4938592640683055,0.655211329460144,-0.0064570991235086694
1,1453,0,1195.5,1002496,45.0,0.29905954003334045,0.006066313,-8.608669955804944,-0.035766023820542614,15656,0.0244140625,0.0001,0.2,2.2898747883737087,0.48028331995010376,-0.005522710613149684
1,1940,0,1213.5,1003008,45.0,0.3547150790691376,0.0016657304,-8.195491409674286,-0.01785776453971266,15664,0.007080078125,0.0001,0.2,0.9320149975828826,0.5568727254867554,-0.0019111635119770654
1,1868,0,1214.5,1003520,45.0,0.8286882638931274,0.01721339,-8.163480250388384,-0.033441841630519775,15672,0.023193359375,0.0001,0.2,1.84779982897453,0.39678966999053955,-0.00538795778675194
1,1895,0,1260.5,1004032,45.0,0.15563851594924927,0.008814992,-8.119809063151479,-0.028607702131012047,15680,0.023681640625,0.0001,0.2,0.6990249890368432,0.6057370901107788,-0.005496798927197233
1,1888,0,1175.0,1004544,45.0,0.6031113266944885,0.006724634,-8.367745166420937,-0.0338829340457778,15688,0.0205078125,0.0001,0.2,1.2612141834106296,0.7031403481960297,-0.0043511035983101465
1,1907,0,1194.5,1005056,45.0,0.6171836853027344,0.0117881335,-8.746049475744366,-0.03624817824766069,15696,0.031005859375,0.0001,0.2,1.572118982905522,0.6394630968570709,-0.006092109855671879
1,1557,0,1134.0,1005568,45.0,0.27070170640945435,0.00501315,-8.914760852456093,-0.028754507359735726,15704,0.01806640625,0.0001,0.2,1.2740804327186197,0.6766026020050049,-0.0056153376717702486
1,1717,0,1201.0,1006080,45.0,1.1084294319152832,0.0046214657,-9.115307240486144,-0.030395759969906067,15712,0.0185546875,0.0001,0.2,1.9651407143101096,0.6560990512371063,-0.0054456931466120295
1,1819,0,1174.5,1006592,45.0,0.5723720192909241,0.011232922,-9.591847346499563,-0.030404996117795235,15720,0.01904296875,0.0001,0.2,1.6327883990015835,0.5802769362926483,-0.00455917458384647
1,1760,0,1190.5,1007104,45.0,0.2975822985172272,0.0023755122,-9.973471546880901,-0.03856836817431031,15728,0.017822265625,0.0001,0.2,1.427433738252148,0.29357045888900757,-0.004970239358954132
1,1821,0,1238.0,1007616,45.0,0.4686124622821808,0.0064823534,-10.515739023797215,-0.02287752961865408,15736,0.017822265625,0.0001,0.2,0.8605494627263397,0.1526482105255127,-0.0056518275596317835
1,1829,0,1231.0,1008128,45.0,0.5831453204154968,0.009063005,-10.499420156143605,-0.03124467980615009,15744,0.0234375,0.0001,0.2,1.029455485753715,0.1924201250076294,-0.006110625894507393
1,1855,0,1242.5,1008640,45.0,0.30186572670936584,0.0041514807,-10.688078720085322,-0.030102526819064224,15752,0.019775390625,0.0001,0.2,1.1996457306668162,0.17439371347427368,-0.004816580643819179
1,1806,0,1372.5,1009152,45.0,0.3868016004562378,0.0066898586,-10.58399914149195,-0.02353384898378863,15760,0.018798828125,0.0001,0.2,1.1374918853398412,0.1873285174369812,-0.005045731784775853
1,1693,0,1398.0,1009664,45.0,0.5369098782539368,0.0015486499,-10.376547314338387,-0.015978264051227598,15768,0.008056640625,0.0001,0.2,1.1004557146225125,0.3464128375053406,-0.002383429276960669
1,1834,0,1374.5,1010176,45.0,0.8390194177627563,0.01819059,-10.379364011026919,-0.03765447112982656,15776,0.029541015625,0.0001,0.2,2.5919387913309038,0.25800466537475586,-0.006126831522124121
1,1816,0,1329.5,1010688,45.0,0.32893693447113037,0.0051433863,-10.720411258898675,-0.02179611257270153,15784,0.0126953125,0.0001,0.2,1.0764524118276313,-0.49320995807647705,-0.004300040662201354
1,1822,0,1398.5,1011200,45.0,0.12905971705913544,0.0478413,-10.585505545251072,-0.021861081520455627,15792,0.018798828125,0.0001,0.2,1.062053275294602,0.3060135245323181,-0.005807241119327955
1,1827,0,1353.0,1011712,45.0,0.41800105571746826,0.010134355,-10.148695695400239,-0.023416990516125225,15800,0.013916015625,0.0001,0.2,1.303989687236026,-0.5173537731170654,-0.004089987720362842
1,1791,0,1389.5,1012224,45.0,0.7082553505897522,0.0066814506,-9.565927503705025,-0.019590751460782485,15808,0.013427734375,0.0001,0.2,1.8691484895534813,0.4046441912651062,-0.0020956895623385208
1,1844,0,1419.0,1012736,45.0,0.2916933596134186,0.004489175,-9.19590420179069,-0.028253532565940986,15816,0.023193359375,0.0001,0.2,2.039992803474888,0.5281057357788086,-0.005036570326410583
1,1812,0,1451.5,1013248,45.0,1.4420145750045776,0.0043333233,-8.426629535779357,-0.024338223824088345,15824,0.0234375,0.0001,0.2,1.7197873662225902,0.7670494168996811,-0.004943038817145862
1,1696,0,1460.5,1013760,45.0,3.179980754852295,0.0042685918,-8.231110172122717,-0.03782578236769041,15832,0.021728515625,0.0001,0.2,3.454526239540428,0.6560046374797821,-0.004035193443996832
1,1809,0,1382.0,1014272,45.0,3.0873756408691406,0.0037617667,-8.176159108579158,-0.03416021109751455,15840,0.01953125,0.0001,0.2,5.731148866005242,0.501867413520813,-0.0042111977527383715
1,1952,0,1375.0,1014784,45.0,0.3229290544986725,0.005818848,-8.403171547539532,-0.03295080410225637,15848,0.0205078125,0.0001,0.2,2.724973359145224,0.4329957365989685,-0.005529515627131332
1,1836,0,1383.0,1015296,45.0,0.6339176297187805,0.007874619,-8.459492283426226,-0.02764859521175822,15856,0.017333984375,0.0001,0.2,1.8448065370321274,-0.05610978603363037,-0.004277096631994937
1,1696,0,1411.5,1015808,45.0,1.5279432535171509,0.010805174,-8.514191084094346,-0.035396684743318474,15864,0.01904296875,0.0001,0.2,2.832781574688852,0.32515472173690796,-0.0034931868576677516
1,1384,0,1409.0,1016320,45.0,0.9771276116371155,0.0034097598,-9.145603728108108,-0.030279496357252356,15872,0.010498046875,0.0001,0.2,3.2636009179987013,0.30963605642318726,-0.0020773396390723065
1,1815,0,1426.0,1016832,45.0,0.6758555173873901,0.0037478716,-9.650723419748246,-0.030764980093408667,15880,0.01025390625,0.0001,0.2,1.909053559647873,0.09153741598129272,-0.0030038195836823434
1,1857,0,1385.5,1017344,45.0,0.9492989778518677,0.009516848,-10.21388893533498,-0.046297350818349514,15888,0.02783203125,0.0001,0.2,3.654792508110404,0.07502543926239014,-0.00657186260286835
1,1720,0,1353.5,1017856,45.0,0.4803515672683716,0.011978954,-10.31126723062247,-0.02946632530711213,15896,0.015625,0.0001,0.2,1.86614027665928,-0.020462751388549805,-0.004928672678943258
1,2062,0,1300.5,1018368,45.0,1.4719054698944092,0.03184172,-9.897463906295597,-0.04956983145166305,15904,0.046630859375,0.0001,0.2,2.2595881938468665,0.41439515352249146,-0.008429946985415881
1,1869,0,1309.5,1018880,45.0,0.4438968002796173,0.009701112,-9.555156080685556,-0.029495349608623656,15912,0.017578125,0.0001,0.2,1.4911883672466502,0.5275461375713348,-0.005293214926496148
1,1895,0,1308.5,1019392,45.0,0.7246077656745911,0.02737283,-8.781524133235216,-0.04338412615470588,15920,0.03369140625,0.0001,0.2,1.594258066965267,0.5078127682209015,-0.0032760956091806293
1,1838,0,1302.5,1019904,45.0,0.16940265893936157,0.39158595,-8.148441610485316,-0.08670339021773543,15928,0.08984375,0.0001,0.2,1.730276531772688,0.6061117053031921,-0.011402728065149859
1,1810,0,1255.5,1020416,45.0,15.193785667419434,0.002311257,-11.280649650916457,-0.20102769520599395,15936,0.023681640625,0.0001,0.2,55.739175245165825,0.30239683389663696,-0.0015304662811104208
1,1753,0,1226.5,1020928,45.0,16.439762115478516,0.0023727692,-14.379008577466012,-0.19352649536449462,15944,0.031982421875,0.0001,0.2,67.91189321875572,0.48070859909057617,-0.003497984762361739
1,1710,0,1248.5,1021440,45.0,17.865253448486328,0.0021137912,-19.205279240459205,-0.1865174297709018,15952,0.02294921875,0.0001,0.2,75.64609380066395,0.5988976359367371,-0.0032517650943191256
1,1802,0,1209.0,1021952,45.0,40.26759719848633,0.0010564837,-23.772298297435047,-0.20516587456222624,15960,0.00830078125,0.0001,0.2,132.03023105859756,0.47293174266815186,-0.004646386798413005
1,1915,0,1171.0,1022464,45.0,35.66872787475586,0.0015780508,-30.27400800012052,-0.18848599726334214,15968,0.016845703125,0.0001,0.2,110.89664006233215,0.46506351232528687,-0.002822568603733089
1,1717,0,1218.5,1022976,45.0,37.87127685546875,0.003356672,-37.361759552508595,-0.2604100927710533,15976,0.031005859375,0.0001,0.2,129.05519354343414,0.6045648455619812,-0.006438074058678467
1,1696,0,1252.0,1023488,45.0,21.76880645751953,0.00469045,-42.90807801879942,-0.2238877225900069,15984,0.02587890625,0.0001,0.2,78.6290721744299,0.5885434448719025,-0.002522304821468424
1,1731,0,1337.5,1024000,45.0,14.65570068359375,0.002707474,-49.02486553348601,-0.23784027935471386,15992,0.026611328125,0.0001,0.2,60.462948843836784,0.6722009778022766,-0.0037333820437197573
1,1845,0,1313.5,1024512,45.0,7.641347408294678,0.011311747,-52.58000318005681,-0.2574913325952366,16000,0.090576171875,0.0001,0.2,35.204026870429516,0.6542881429195404,-0.0077756449063599575
1,1615,0,1361.5,1025024,45.0,11.280052185058594,0.009363364,-53.434539561495185,-0.3713033163221553,16008,0.18408203125,0.0001,0.2,21.82323594763875,0.747325986623764,-0.015441875031683594
1,1444,0,1352.0,1025536,45.0,4.400687217712402,0.011405572,-51.619640490338206,-0.21493146603461355,16016,0.20703125,0.0001,0.2,12.253830295056105,0.8180030286312103,-0.01514666235743789
1,1764,0,1316.0,1026048,45.0,4.132716655731201,0.012427296,-49.528841453641654,-0.3412097506225109,16024,0.300048828125,0.0001,0.2,13.209797114133835,0.8148423284292221,-0.024216049947426654
1,1715,0,1346.0,1026560,45.0,4.703489303588867,0.013456412,-47.0104680403322,-0.28037461172789335,16032,0.20556640625,0.0001,0.2,11.148497425019741,0.8580610007047653,-0.019183832839189563
1,1695,0,1443.5,1027072,45.0,5.315095901489258,0.010362882,-42.05633974812925,-0.1997675396851264,16040,0.088623046875,0.0001,0.2,14.973376363515854,0.7936312258243561,-0.015064893101225607
1,1550,0,1483.0,1027584,45.0,6.76653528213501,0.03268353,-35.51603703781962,-0.14202047418802977,16048,0.071533203125,0.0001,0.2,17.318271055817604,0.737939715385437,-0.013515254948288202
1,1733,0,1426.5,1028096,45.0,3.4855568408966064,0.0055970307,-29.425239870920777,-0.13039970106910914,16056,0.03076171875,0.0001,0.2,20.47661181166768,0.7815337628126144,-0.007464002352207899
1,1620,0,1425.5,1028608,45.0,9.095805168151855,0.019105785,-23.78229324616492,-0.08147798993741162,16064,0.037841796875,0.0001,0.2,23.200040128082037,0.6658040583133698,-0.007988272711372701
1,1528,0,1506.5,1029120,45.0,2.190605401992798,0.010924252,-18.902440034523607,-0.08361492431140505,16072,0.02294921875,0.0001,0.2,14.168221283704042,0.7446658313274384,-0.004285424383851932
1,1395,0,1459.0,1029632,45.0,3.626753091812134,0.0073664803,-14.291437988579274,-0.08189546459470876,16080,0.0283203125,0.0001,0.2,11.967142121866345,0.7079615890979767,-0.0064864795276662335
1,1672,0,1439.0,1030144,45.0,5.105570316314697,0.009139989,-11.651645618379115,-0.07510358038416598,16088,0.021728515625,0.0001,0.2,13.193844843655825,0.5291843712329865,-0.00590378578635864
1,1620,0,1468.0,1030656,45.0,3.586768627166748,0.016081179,-9.120531050860881,-0.10246546810958534,16096,0.040771484375,0.0001,0.2,9.922493087127805,0.5663489103317261,-0.008017465137527324
1,1477,0,1449.0,1031168,45.0,3.540262460708618,0.013396747,-7.972211372479796,-0.09585522612906061,16104,0.053466796875,0.0001,0.2,6.721258854493499,0.39852309226989746,-0.010543743905145675
1,1630,0,1447.0,1031680,45.0,4.136515140533447,0.023389183,-8.625988582149148,-0.12791216420009732,16112,0.057373046875,0.0001,0.2,10.188875067979097,0.16536098718643188,-0.010562687763012946
1,1738,0,1349.5,1032192,45.0,2.3197925090789795,0.009881888,-9.352688074186444,-0.08295260572049301,16120,0.0283203125,0.0001,0.2,6.869050584733486,-0.5281654596328735,-0.005487154980073683
1,1879,0,1383.5,1032704,45.0,3.0437004566192627,0.0067876293,-10.953509432300926,-0.0697782602510415,16128,0.02392578125,0.0001,0.2,8.743450697511435,-0.1405552625656128,-0.0060409405996324494
1,1659,0,1348.0,1033216,45.0,2.935445785522461,0.0049285693,-11.687946553826333,-0.04736904176752432,16136,0.02197265625,0.0001,0.2,9.032241180539131,0.09794056415557861,-0.0053879354454693384
1,1335,0,1346.0,1033728,45.0,3.9052047729492188,0.010549285,-13.268906609863043,-0.06717506387940375,16144,0.038818359375,0.0001,0.2,7.47341139242053,0.2720903754234314,-0.009575669129844755
1,1764,0,1412.0,1034240,45.0,1.3236758708953857,0.026084604,-13.904904564619065,-0.06704839093436021,16152,0.03759765625,0.0001,0.2,6.422252334654331,-0.25264430046081543,-0.00848161889007315
1,1861,0,1309.5,1034752,45.0,2.2326133251190186,0.0038143138,-14.612381310611964,-0.041970584101363784,16160,0.015625,0.0001,0.2,7.958332719281316,0.12519532442092896,-0.00619055877905339
1,1692,0,1345.0,1035264,45.0,1.325137734413147,0.0114958845,-14.124297336786986,-0.05581435214844532,16168,0.038818359375,0.0001,0.2,5.907660129480064,-0.015478014945983887,-0.00879495657136431
1,1804,0,1299.5,1035776,45.0,1.080033779144287,0.0045716567,-12.890789292603731,-0.033669062479020795,16176,0.01806640625,0.0001,0.2,4.068662078585476,-0.40778303146362305,-0.005151214369107038
1,1949,0,1215.5,1036288,45.0,1.7527728080749512,0.013948992,-10.87315335739404,-0.04687756345811067,16184,0.028076171875,0.0001,0.2,3.421135085634887,0.09788799285888672,-0.006786040863516973
1,1850,0,1358.0,1036800,45.0,0.8183682560920715,0.006326849,-9.662994137071074,-0.04333131513703847,16192,0.0283203125,0.0001,0.2,2.551252228207886,0.10498064756393433,-0.0042133450297114905
1,2047,0,1291.0,1037312,45.0,1.55457603931427,0.007053935,-8.172984933145344,-0.030235922346037114,16200,0.0263671875,0.0001,0.2,2.514586869161576,0.41873395442962646,-0.005221852756221779
1,1863,0,1275.5,1037824,45.0,0.2311439961194992,0.0145537015,-7.517594117633998,-0.046530682584489114,16208,0.03515625,0.0001,0.2,1.4058742027264088,0.5079782009124756,-0.007976217872055713
1,1796,0,1181.0,1038336,45.0,1.293689250946045,0.0031865407,-6.1881722389534115,-0.04779319742010557,16216,0.0224609375,0.0001,0.2,3.604756573215127,0.18430525064468384,-0.008000693902431522
1,1891,0,1162.0,1038848,45.0,0.9032382965087891,0.008585112,-6.068241338096559,-0.06313686946123198,16224,0.026611328125,0.0001,0.2,4.115107572637498,0.5308834314346313,-0.007592869209474884
1,2109,0,1128.5,1039360,45.0,0.6959015727043152,0.0051085404,-6.219130683206021,-0.050824653833842603,16232,0.029296875,0.0001,0.2,2.9916816418990493,0.46816301345825195,-0.006874507871543756
1,1785,0,1129.5,1039872,45.0,0.9688066244125366,0.006907621,-6.791086803041399,-0.049542804208613234,16240,0.029052734375,0.0001,0.2,3.963243681471795,0.5276939570903778,-0.00868064535461599
1,1832,0,1129.5,1040384,45.0,0.6076922416687012,0.03089577,-7.574385345578194,-0.04418705153693736,16248,0.027099609375,0.0001,0.2,2.515236715786159,0.7173868417739868,-0.006472286848293152
1,1875,0,1144.0,1040896,45.0,1.203102707862854,0.009448883,-7.937872595489025,-0.04850189806165872,16256,0.023193359375,0.0001,0.2,2.2204446271061897,0.7351544201374054,-0.007073017710354179
1,1749,0,1091.5,1041408,45.0,0.38959428668022156,0.008579121,-8.56956460081041,-0.046283548213978065,16264,0.029052734375,0.0001,0.2,3.4042988237924874,0.6220968961715698,-0.005762431617768016
1,1578,0,1181.0,1041920,45.0,1.3128098249435425,0.011256119,-9.120536886304617,-0.04762394155841321,16272,0.033203125,0.0001,0.2,2.5748098976910114,0.7039963006973267,-0.008515480149071664
1,1590,0,1253.5,1042432,45.0,1.0335233211517334,0.031248998,-9.386500081792473,-0.07876022851996822,16280,0.041748046875,0.0001,0.2,1.8625535767059773,0.661953866481781,-0.00802586123245419
1,1308,0,1271.0,1042944,45.0,0.9898660182952881,0.020194672,-9.551059652939438,-0.06281182492239168,16288,0.042236328125,0.0001,0.2,1.9799699443392456,0.3768969178199768,-0.009259659011149779
1,1686,0,1338.0,1043456,45.0,2.752119302749634,0.01214701,-10.531317825540901,-0.11431783580337651,16296,0.0439453125,0.0001,0.2,6.468631647527218,-0.30445361137390137,-0.01132252483512275
1,1592,0,1394.0,1043968,45.0,1.2454452514648438,0.017120784,-10.54396798454225,-0.07137611100188224,16304,0.037353515625,0.0001,0.2,3.682396133430302,0.29650187492370605,-0.014408629613171797
1,1710,0,1396.0,1044480,45.0,0.801635205745697,0.029611042,-10.169102448746562,-0.09175281479838304,16312,0.052978515625,0.0001,0.2,3.2893783459439874,0.35373473167419434,-0.014505350234685466
1,1740,0,1391.5,1044992,45.0,1.202228307723999,0.021255659,-10.470741293132305,-0.08226850671053398,16320,0.06396484375,0.0001,0.2,3.826447892934084,0.2995491027832031,-0.014718666796397883
1,1746,0,1441.0,1045504,45.0,0.7875204682350159,0.020044219,-10.734666002690792,-0.07167479526833631,16328,0.037109375,0.0001,0.2,3.4201786844059825,0.5493519604206085,-0.008535753029718762
1,1534,0,1487.0,1046016,45.0,1.8221482038497925,0.011896226,-11.071955557391048,-0.075232110437355,16336,0.032958984375,0.0001,0.2,6.669963013380766,0.5271730422973633,-0.010244052733469289
1,1729,0,1439.5,1046528,45.0,2.65801739692688,0.0054484736,-12.054694904312491,-0.0654645587419509,16344,0.035888671875,0.0001,0.2,7.596456847153604,0.6167571544647217,-0.011287635759799741
1,1403,0,1394.5,1047040,45.0,2.384519100189209,0.0051896786,-12.585686055198313,-0.06903023986524204,16352,0.028076171875,0.0001,0.2,9.877923605963588,0.5654759705066681,-0.008106101260636933
1,1845,0,1421.0,1047552,45.0,0.6485601663589478,0.01767027,-12.244653099402786,-0.04797179499655613,16360,0.01611328125,0.0001,0.2,4.084944560658187,0.5474008619785309,-0.0040521480405004695
1,1783,0,1400.0,1048064,45.0,1.133918285369873,0.008382615,-11.956161495447159,-0.050380796779791126,16368,0.035888671875,0.0001,0.2,2.192990486510098,0.7092068791389465,-0.008872113132383674
1,1717,0,1432.5,1048576,45.0,1.2547293901443481,0.0069102743,-12.146618187502026,-0.05695619037578581,16376,0.036865234375,0.0001,0.2,5.019987418316305,0.5435324907302856,-0.011631000350462273
1,1950,0,1366.0,1049088,45.0,1.2475690841674805,0.015246796,-12.151632480025292,-0.07247885646938812,16384,0.047119140625,0.0001,0.2,2.934188273269683,0.601529598236084,-0.009423971736396197
1,1832,0,1356.5,1049600,45.0,0.2380770593881607,0.009298126,-11.932129649743437,-0.04933880365570076,16392,0.02490234375,0.0001,0.2,1.3655610964633524,0.2823271155357361,-0.008975482764071785
1,2155,0,1322.0,1050112,45.0,0.7750165462493896,0.0062251394,-11.508426434025168,-0.04425863370124716,16400,0.028076171875,0.0001,0.2,2.261608602013439,0.02928394079208374,-0.0071383187678293325
1,1938,0,1263.5,1050624,45.0,0.325289785861969,0.014689534,-11.27058904528618,-0.038727897006538115,16408,0.036376953125,0.0001,0.2,1.5887039694935083,0.23821789026260376,-0.010190702982072253
1,1917,0,1278.5,1051136,45.0,0.8948941826820374,0.012256404,-10.404298071414232,-0.037651771810487844,16416,0.017333984375,0.0001,0.2,2.400745505001396,0.33300894498825073,-0.005382707713579293
1,2042,0,1201.5,1051648,45.0,0.29876452684402466,0.10477625,-9.566506127491593,-0.10562073237815639,16424,0.109619140625,0.0001,0.2,2.080741968471557,0.031084895133972168,-0.013087123843433801
1,1438,0,1198.0,1052160,45.0,8.427199363708496,0.014411328,-12.422705214619636,-0.36961625167168677,16432,0.168212890625,0.0001,0.2,34.717733442783356,0.22557491064071655,-0.010987930072587915
1,1950,0,1218.5,1052672,45.0,19.3990478515625,0.014218649,-14.694882171154022,-0.3191723715281114,16440,0.1142578125,0.0001,0.2,31.33368157595396,0.3744138479232788,-0.009039950222359039
1,2000,0,1112.5,1053184,45.0,7.858956336975098,0.046119493,-16.248814164325594,-0.20204642316093668,16448,0.108154296875,0.0001,0.2,15.021186534315348,0.6081363260746002,-0.01496803042391548
1,2045,0,1074.5,1053696,45.0,1.765924334526062,0.048049748,-17.219678189754486,-0.10359713778598234,16456,0.049560546875,0.0001,0.2,5.904533747583628,0.5816333591938019,-0.014900435753588681
1,1815,0,1105.0,1054208,45.0,0.6661156415939331,0.010146099,-18.28258604362607,-0.0484612930304138,16464,0.0283203125,0.0001,0.2,4.476836438290775,0.4428379535675049,-0.009051209257449955
1,1949,0,1117.0,1054720,45.0,2.658893585205078,0.010849129,-19.108282797336578,-0.045620674260135274,16472,0.020263671875,0.0001,0.2,3.5971454801037908,0.49759232997894287,-0.004070818882610183
1,1768,0,1168.0,1055232,45.0,0.905130922794342,0.009442851,-20.04200196646154,-0.05537998709769454,16480,0.0302734375,0.0001,0.2,4.931954624131322,0.5035288035869598,-0.00636767966352636
1,2044,0,1142.0,1055744,45.0,0.629234254360199,0.0046093483,-20.77321964174509,-0.03544245554076042,16488,0.022705078125,0.0001,0.2,2.0217032560613006,0.7123389542102814,-0.005961940762063023
1,1916,0,1149.5,1056256,45.0,0.4117431938648224,0.011305481,-21.49002795010805,-0.03573096849504509,16496,0.01904296875,0.0001,0.2,1.995817206799984,0.4863857626914978,-0.005577595657086931
1,1809,0,1151.5,1056768,45.0,0.947121262550354,0.0067830407,-19.466893712207675,-0.04417898442261503,16504,0.028076171875,0.0001,0.2,3.1556243654340506,0.17574650049209595,-0.008334847618243657
1,1399,0,1201.0,1057280,45.0,1.224821925163269,0.011069216,-17.741588060706853,-0.041735687304026214,16512,0.021484375,0.0001,0.2,2.209294736967422,0.36380791664123535,-0.005881134842638858
1,1774,0,1261.0,1057792,45.0,1.0130168199539185,0.015054069,-16.841914484649898,-0.04001625848468393,16520,0.022216796875,0.0001,0.2,2.2435254133306444,0.5601421594619751,-0.007863721701141912
1,1731,0,1287.0,1058304,45.0,0.4105950593948364,0.025742367,-15.943153509572149,-0.04539116365776863,16528,0.041259765625,0.0001,0.2,1.643840430304408,0.37727493047714233,-0.010220197000307962
1,1825,0,1255.0,1058816,45.0,0.7983955144882202,0.0071477816,-14.795114163532853,-0.042980417572834995,16536,0.01708984375,0.0001,0.2,2.392909035552293,0.4475520849227905,-0.0047034378731041215
1,1808,0,1315.0,1059328,45.0,0.9992251396179199,0.00828326,-14.107459037452935,-0.03581953239699942,16544,0.015869140625,0.0001,0.2,3.763378217816353,-0.12194991111755371,-0.003523707200656645
1,1750,0,1354.5,1059840,45.0,1.0401132106781006,0.009094125,-12.35362077742815,-0.03695942081321846,16552,0.01953125,0.0001,0.2,3.175389801617712,0.3663473129272461,-0.00457882782939123
1,2018,0,1300.5,1060352,45.0,1.363240361213684,0.0017560669,-10.865604446083307,-0.03250836255392642,16560,0.013671875,0.0001,0.2,2.6469422224909067,0.32208192348480225,-0.005514169024536386
1,1812,0,1412.0,1060864,45.0,0.6913008093833923,0.004375322,-9.376302363350987,-0.028245921630514204,16568,0.01611328125,0.0001,0.2,2.3359856251627207,0.24055826663970947,-0.005057726020822884
1,1824,0,1414.0,1061376,45.0,0.9982816576957703,0.0028005787,-7.714095674082637,-0.02627608057082398,16576,0.01220703125,0.0001,0.2,1.4642777806147933,0.3597606420516968,-0.004881511922576465
1,1288,0,1415.0,1061888,45.0,0.5329481959342957,0.0064496747,-6.97466233484447,-0.024639279190523666,16584,0.016357421875,0.0001,0.2,2.6341318474151194,0.582698404788971,-0.00644211312464904
1,1788,0,1448.5,1062400,45.0,2.3314058780670166,0.004421572,-6.790227504894137,-0.04598783649271354,16592,0.022705078125,0.0001,0.2,5.9854027181863785,0.5770098865032196,-0.005929382787144277
1,1733,0,1531.5,1062912,45.0,0.7233208417892456,0.0043521486,-6.924882414788008,-0.04805725999176502,16600,0.030517578125,0.0001,0.2,3.494090700522065,0.6900442540645599,-0.0060111093989689834
1,1765,0,1547.5,1063424,45.0,0.7974240183830261,0.004854855,-7.333196701034904,-0.04611459887019009,16608,0.0224609375,0.0001,0.2,3.6346580712124705,0.6978161633014679,-0.007060502663080115
1,1777,0,1544.0,1063936,45.0,0.9298495650291443,0.018345445,-7.29212833352387,-0.03825641654111678,16616,0.017333984375,0.0001,0.2,2.4591411417350173,0.6078850328922272,-0.0063882654103508685
1,1790,0,1561.5,1064448,45.0,0.5855806469917297,0.015234481,-8.056187201812863,-0.053766309487400576,16624,0.034423828125,0.0001,0.2,1.7107181614264846,0.0677109956741333,-0.007221355739602586
1,1928,0,1575.0,1064960,45.0,0.6373089551925659,0.011854386,-8.505124867483973,-0.03171131210910971,16632,0.018798828125,0.0001,0.2,1.9239047560840845,0.21778476238250732,-0.0063592890874133445
1,1583,0,1564.5,1065472,45.0,0.8724527955055237,0.005655055,-8.97438943721354,-0.04989576369553106,16640,0.024169921875,0.0001,0.2,2.9134759064763784,-0.2225862741470337,-0.004545873642200604
1,1788,0,1554.0,1065984,45.0,1.218502163887024,0.017916398,-9.818481580838561,-0.050484412400692236,16648,0.027099609375,0.0001,0.2,3.7168725468218327,0.10459452867507935,-0.00900613750127377
1,1364,0,1555.0,1066496,45.0,1.1489100456237793,0.028341161,-10.182933141887188,-0.047169820059934864,16656,0.0244140625,0.0001,0.2,3.7275430532172322,0.4464613199234009,-0.007738637519651093
1,1727,0,1571.0,1067008,45.0,1.306300163269043,0.010957519,-10.069465517103673,-0.034643070694073685,16664,0.02880859375,0.0001,0.2,4.201916238293052,0.51710245013237,-0.006598909676540643
1,1571,0,1568.5,1067520,45.0,1.117050290107727,0.006256053,-9.863541371747852,-0.028227472241269425,16672,0.01123046875,0.0001,0.2,2.984902437776327,0.37359070777893066,-0.003971131423895713
1,1771,0,1577.0,1068032,45.0,0.7031742334365845,0.012231747,-9.608523450046778,-0.026193955696726334,16680,0.02099609375,0.0001,0.2,2.462012119591236,0.35648345947265625,-0.0046949864699854515
1,1686,0,1577.0,1068544,45.0,0.31593114137649536,0.004736522,-9.37286314368248,-0.034210512621939415,16688,0.013427734375,0.0001,0.2,1.2470675985096022,-0.22909140586853027,-0.00409931261674501
1,1954,0,1537.5,1069056,45.0,0.40229806303977966,0.001288108,-9.070487433597446,-0.02888759872803348,16696,0.01416015625,0.0001,0.2,1.3838378398213536,0.1343783140182495,-0.0019468817081360612
1,1912,0,1555.5,1069568,45.0,0.739124596118927,0.0063299034,-8.974319774657488,-0.026894889244431397,16704,0.018798828125,0.0001,0.2,1.0447200988419354,0.317651629447937,-0.005670709600963164
1,1690,0,1516.0,1070080,45.0,0.39511638879776,0.017021364,-8.617487436234951,-0.04461089298638399,16712,0.0322265625,0.0001,0.2,1.2410470254253596,0.2029416561126709,-0.005409896031778771
1,1796,0,1452.5,1070592,45.0,0.5247400999069214,0.01748696,-8.078606382161379,-0.04812682091869647,16720,0.029052734375,0.0001,0.2,1.5906451144255698,0.20707368850708008,-0.006199112860485911
1,1762,0,1438.5,1071104,45.0,0.8637775182723999,0.006023099,-7.562936323583126,-0.03240026629282511,16728,0.020751953125,0.0001,0.2,2.5487871658988297,0.3123164772987366,-0.0034871652933361474
1,1784,0,1394.0,1071616,45.0,5.560240745544434,0.0154913,-7.1559037107229235,-0.04387445267275325,16736,0.03271484375,0.0001,0.2,5.562428265810013,0.255653977394104,-0.010922805347945541
1,2054,0,1242.0,1072128,45.0,0.838600218296051,0.006155347,-7.201721643656493,-0.04898028096067719,16744,0.022705078125,0.0001,0.2,4.296624151058495,0.3186894655227661,-0.00711202285674517
1,1660,0,1258.5,1072640,45.0,0.7436387538909912,0.010561893,-7.742707383185625,-0.03728371552097087,16752,0.02978515625,0.0001,0.2,2.051309240749106,0.09269225597381592,-0.0075989240140188485
1,1757,0,1195.5,1073152,45.0,0.721885621547699,0.005667078,-8.340208396688103,-0.05657205181341851,16760,0.02197265625,0.0001,0.2,2.0167709512170404,-0.06740450859069824,-0.005138872826137231
1,1803,0,1148.5,1073664,45.0,0.4869052469730377,0.008343336,-9.257097436934709,-0.060850341702462174,16768,0.029296875,0.0001,0.2,2.1213926877826452,0.12346833944320679,-0.00524702639086172
1,1720,0,1183.5,1074176,45.0,0.24231399595737457,0.016054638,-10.313507030457258,-0.05169548838966875,16776,0.033203125,0.0001,0.2,2.1465433058328927,0.15543287992477417,-0.008271694248833228
1,1720,0,1243.0,1074688,45.0,0.4423072636127472,0.016152082,-11.176755243688822,-0.04884259164100513,16784,0.033203125,0.0001,0.2,1.5773759633302689,0.05392175912857056,-0.00861165793321561
1,1372,0,1288.5,1075200,45.0,0.1364857703447342,0.046429947,-11.767315772846342,-0.05788425247374107,16792,0.061767578125,0.0001,0.2,1.33106655231677,0.044512927532196045,-0.018456854468240635
1,1812,0,1283.5,1075712,45.0,0.7329692840576172,0.009879478,-12.600695951506495,-0.03160591026971815,16800,0.024169921875,0.0001,0.2,1.7250336441211402,0.3250311613082886,-0.004937575107760495
1,1815,0,1378.0,1076224,45.0,0.3705085515975952,0.0048069954,-13.082038298249245,-0.044393928303179564,16808,0.02294921875,0.0001,0.2,2.4837558045983315,0.36617714166641235,-0.006008406442560954
1,1703,0,1447.0,1076736,45.0,0.43029698729515076,0.013308113,-13.082162133604289,-0.03366246348923596,16816,0.0244140625,0.0001,0.2,1.4505323241464794,0.14091473817825317,-0.007500420942960773
1,1915,0,1380.0,1077248,45.0,0.5214336514472961,0.023467734,-12.8718807785213,-0.04517768998630345,16824,0.031005859375,0.0001,0.2,1.9357308957260102,0.22241592407226562,-0.011806542926933616
1,1783,0,1409.0,1077760,45.0,0.30615606904029846,0.0063010436,-12.392476620301604,-0.03291875539071043,16832,0.020263671875,0.0001,0.2,1.0831907143583521,0.23857170343399048,-0.004856881809246261
1,1835,0,1450.5,1078272,45.0,1.340346097946167,0.008592826,-11.822439606636763,-0.041126869447907666,16840,0.024169921875,0.0001,0.2,2.4057434191927314,0.3698515295982361,-0.006653729476965964
1,1942,0,1408.5,1078784,45.0,0.3783375024795532,0.005135571,-10.859840715974569,-0.028517604485386983,16848,0.01171875,0.0001,0.2,2.0350563302636147,0.072742760181427,-0.002748828432231676
1,1780,0,1365.0,1079296,45.0,0.4566146731376648,0.022598647,-9.854245186895133,-0.03445756395194621,16856,0.0283203125,0.0001,0.2,1.0297503005713224,0.12759441137313843,-0.005830592199345119
1,1441,0,1245.5,1079808,45.0,0.47768303751945496,0.014219061,-8.867331854254008,-0.023891571152489632,16864,0.012451171875,0.0001,0.2,1.526568601373583,0.3005126118659973,-0.0040142892039511935
1,1877,0,1223.5,1080320,45.0,1.168384075164795,0.016955297,-7.782148763462901,-0.02652982033396256,16872,0.02783203125,0.0001,0.2,2.337247489253059,0.39376354217529297,-0.007665766253921902
1,1919,0,1149.0,1080832,45.0,0.7086796760559082,0.007106545,-7.060782561898232,-0.04337740264600143,16880,0.02294921875,0.0001,0.2,1.9909558745566756,0.33712083101272583,-0.005466587379487464
1,1880,0,1081.5,1081344,45.0,0.5675837397575378,0.008046609,-6.809580554366112,-0.037792294340761146,16888,0.028564453125,0.0001,0.2,1.5866280522895977,0.3638216257095337,-0.0041559377204976045
1,1905,0,1205.5,1081856,45.0,0.7765129804611206,0.005996519,-6.844482818543911,-0.027702316649083514,16896,0.014892578125,0.0001,0.2,2.0446770689450204,0.17493629455566406,-0.004331238007580396
1,1731,0,1230.0,1082368,45.0,0.6638951897621155,0.015590241,-6.975949079468847,-0.03727364533915534,16904,0.023193359375,0.0001,0.2,3.382912884000689,0.23893457651138306,-0.007756176064503961
1,1679,0,1172.5,1082880,45.0,0.9390013217926025,0.0036928405,-7.154876620844006,-0.042969776110112434,16912,0.016845703125,0.0001,0.2,2.394779995083809,-0.10291337966918945,-0.00438303901864856
1,1913,0,1169.0,1083392,45.0,0.429295152425766,0.013257455,-7.659693369939923,-0.044981148588703945,16920,0.02880859375,0.0001,0.2,1.2929844022728503,0.24764126539230347,-0.003964004994486459
1,1817,0,1208.0,1083904,45.0,0.9784290790557861,0.009779967,-8.963332060799003,-0.04295003529477981,16928,0.020751953125,0.0001,0.2,5.086811480578035,0.03242450952529907,-0.0062374740264203865
1,1810,0,1264.0,1084416,45.0,0.7352404594421387,0.0033292524,-9.867219440639019,-0.036071827878004115,16936,0.025390625,0.0001,0.2,2.113275015959516,0.09794110059738159,-0.006751667795469984
1,1863,0,1299.5,1084928,45.0,0.6959001421928406,0.004169232,-10.549260129705072,-0.04703767891442112,16944,0.018798828125,0.0001,0.2,2.08686603163369,0.17067384719848633,-0.007997676708328072
1,1848,0,1392.0,1085440,45.0,0.305065393447876,0.014257968,-11.373804950863123,-0.03894662086713652,16952,0.021484375,0.0001,0.2,1.5808991820085794,0.36470288038253784,-0.006156669092888478
1,1758,0,1394.5,1085952,45.0,0.6490216851234436,0.008621389,-11.973448205664754,-0.03672453411491006,16960,0.021728515625,0.0001,0.2,1.8586873388849199,0.04191112518310547,-0.00674579645783524
1,1706,0,1380.0,1086464,45.0,0.919526994228363,0.008399621,-12.587433011308313,-0.05925749634479871,16968,0.0390625,0.0001,0.2,3.3644822435453534,0.060366034507751465,-0.011271174111243454
1,1632,0,1414.5,1086976,45.0,0.38589373230934143,0.053818695,-12.979742376208305,-0.04522358363828971,16976,0.051513671875,0.0001,0.2,2.1197444098070264,0.265771746635437,-0.006622191991482396
1,1758,0,1438.5,1087488,45.0,0.20430517196655273,0.042177312,-13.391684269458056,-0.05173024749092292,16984,0.048583984375,0.0001,0.2,1.1348484992049634,0.43666642904281616,-0.00459683296867297
1,1714,0,1533.0,1088000,45.0,0.3196452260017395,0.015263236,-13.3908537004143,-0.0358568811789155,16992,0.030029296875,0.0001,0.2,1.1826990658883005,0.3400185704231262,-0.006554991487064399
1,1816,0,1520.0,1088512,45.0,0.43780478835105896,0.02650925,-12.812718668282033,-0.04540809162608639,17000,0.0341796875,0.0001,0.2,1.433363604126498,0.25774484872817993,-0.006327559785859194
1,1315,0,1504.5,1089024,45.0,0.5405768752098083,0.005238155,-12.075957410559058,-0.023839225030314992,17008,0.00927734375,0.0001,0.2,1.7605859893374145,0.40673828125,-0.0028024465100315865
1,1787,0,1521.0,1089536,45.0,1.0444778203964233,0.011279667,-11.594797656983138,-0.04622691539225343,17016,0.03173828125,0.0001,0.2,2.3428294733166695,0.2627747654914856,-0.01199091216767556
1,1606,0,1544.0,1090048,45.0,0.4566926658153534,0.014496634,-11.019328677356244,-0.053647534813990205,17024,0.037353515625,0.0001,0.2,2.2598960378672928,0.4333178400993347,-0.009403643634868786
1,1722,0,1581.5,1090560,45.0,0.9325041770935059,0.01057824,-10.80296176031232,-0.043846571585163474,17032,0.034912109375,0.0001,0.2,3.572344155050814,0.433508038520813,-0.0071399017760995775
1,1673,0,1605.0,1091072,45.0,1.3048779964447021,0.0066419253,-10.187818414717913,-0.0471386042991071,17040,0.02685546875,0.0001,0.2,10.790419911965728,0.401283323764801,-0.008296329953736858
1,1608,0,1597.0,1091584,45.0,4.1125993728637695,0.006591583,-9.963652599155903,-0.037616936324411654,17048,0.015869140625,0.0001,0.2,5.023011779412627,0.3570970892906189,-0.006139204015198629
1,1783,0,1608.0,1092096,45.0,3.0656590461730957,0.0039694244,-9.899083561897278,-0.06715160121166264,17056,0.02392578125,0.0001,0.2,9.579560238867998,0.3473660945892334,-0.009797236420126865
1,1776,0,1560.5,1092608,45.0,0.5771119594573975,0.0044629686,-9.554888718649744,-0.02733792027356685,17064,0.016845703125,0.0001,0.2,2.239255204098299,0.07256138324737549,-0.003837947839201661
1,1408,0,1537.0,1093120,45.0,0.5516310334205627,0.0045401063,-9.272306813374161,-0.037760653958685,17072,0.020263671875,0.0001,0.2,3.560706286225468,0.10072273015975952,-0.007104385826096404
1,1770,0,1518.5,1093632,45.0,0.32071688771247864,0.01788177,-9.282689633220434,-0.021731940191784815,17080,0.02197265625,0.0001,0.2,2.150346926180646,0.0022832751274108887,-0.005601289551123045
1,1783,0,1574.5,1094144,45.0,0.6395009160041809,0.005949794,-9.49493253827095,-0.04191929544140294,17088,0.019287109375,0.0001,0.2,2.47434882260859,0.35743212699890137,-0.005756579470471479
1,1723,0,1516.0,1094656,45.0,0.808623194694519,0.015304714,-9.55507964298129,-0.026979928547461896,17096,0.026123046875,0.0001,0.2,2.060523862717673,0.09248602390289307,-0.00438832983491011
1,1781,0,1438.5,1095168,45.0,0.519790530204773,0.016172258,-9.762187633514404,-0.03736927979025495,17104,0.019775390625,0.0001,0.2,1.4171673790551722,0.49548983573913574,-0.005123227238073014
1,1790,0,1407.5,1095680,45.0,1.2187227010726929,0.0017565179,-9.757269213199615,-0.02940407828828029,17112,0.0126953125,0.0001,0.2,3.2646167632192373,0.5046928524971008,-0.003284613587311469
1,1616,0,1472.5,1096192,45.0,0.5669099688529968,0.0055645527,-10.237039163783193,-0.031156266803009203,17120,0.015625,0.0001,0.2,2.4703712444752455,0.34795522689819336,-0.004319858126109466
1,2001,0,1379.0,1096704,45.0,0.7833734750747681,0.019142179,-10.347702761366964,-0.03733365050675275,17128,0.0302734375,0.0001,0.2,3.0668037589639425,0.3815980553627014,-0.003677117590996204
1,1680,0,1461.0,1097216,45.0,0.4000547528266907,0.016099509,-10.982492600306868,-0.02515108749321371,17136,0.017578125,0.0001,0.2,1.466548320138827,0.6893947124481201,-0.004992728325305507
1,1319,0,1460.5,1097728,45.0,1.0835627317428589,0.014600729,-11.932096418216824,-0.0384542273113766,17144,0.023193359375,0.0001,0.2,5.567226108163595,0.3896021842956543,-0.005901111577259144
1,1742,0,1525.0,1098240,45.0,0.7020456790924072,0.0053175846,-12.399914036616684,-0.04555073885603633,17152,0.024658203125,0.0001,0.2,3.333267418667674,0.21870505809783936,-0.005866622312169056
1,1859,0,1529.0,1098752,45.0,0.41908740997314453,0.0036638137,-12.43121815994382,-0.02936147773743869,17160,0.015869140625,0.0001,0.2,1.915605103597045,-0.250325083732605,-0.004385159860248677
1,1916,0,1466.5,1099264,45.0,0.8295901417732239,0.0067339055,-12.240698146671058,-0.0305717007995554,17168,0.02392578125,0.0001,0.2,1.4600150021724403,0.16642475128173828,-0.001677500908044749
1,1746,0,1503.5,1099776,45.0,0.5168512463569641,0.008238722,-11.691963718608022,-0.025703730700115557,17176,0.017578125,0.0001,0.2,1.1748247013892978,0.3156701326370239,-0.0053978977593942545
1,1849,0,1527.0,1100288,45.0,1.2528748512268066,0.0070947977,-11.207945912033319,-0.03932431281191384,17184,0.03173828125,0.0001,0.2,1.8924900500569493,0.4341343641281128,-0.008814007949695224
1,1734,0,1508.5,1100800,45.0,0.2583446502685547,0.0069029117,-10.639474684670567,-0.027628757510910873,17192,0.015869140625,0.0001,0.2,3.784794806037098,0.28067338466644287,-0.0062205622816691175
1,1558,0,1554.5,1101312,45.0,1.091084599494934,0.01819939,-10.178819904848933,-0.05212008613489161,17200,0.03369140625,0.0001,0.2,2.7454296750947833,0.14001888036727905,-0.0077021390534355305
1,1747,0,1530.5,1101824,45.0,0.6155074238777161,0.023822516,-10.03108926601708,-0.05230829788342817,17208,0.03271484375,0.0001,0.2,2.5309163234196603,0.18600857257843018,-0.011420659895520657
1,1655,0,1456.0,1102336,45.0,0.7437050342559814,0.015581256,-9.624678637757897,-0.053467585417820374,17216,0.03955078125,0.0001,0.2,1.9972545884083956,0.4555935263633728,-0.008773082139668986
1,1716,0,1388.5,1102848,45.0,0.6039033532142639,0.028238423,-9.686113072410226,-0.05011185360854142,17224,0.039794921875,0.0001,0.2,2.394826609408483,0.3446158170700073,-0.003050832099688705
1,1899,0,1342.5,1103360,45.0,0.2695603370666504,0.01307271,-9.844349871352314,-0.03316505115799373,17232,0.027099609375,0.0001,0.2,2.6780143342912197,0.41709381341934204,-0.0071018388007360045
1,1727,0,1370.0,1103872,45.0,0.8348607420921326,0.0108272405,-10.182837846204638,-0.035086910896097834,17240,0.030517578125,0.0001,0.2,2.1143439288716763,0.4555971622467041,-0.010237712958769407
1,1839,0,1349.0,1104384,45.0,0.7186703085899353,0.018264445,-10.330447543486953,-0.03627523291925172,17248,0.033203125,0.0001,0.2,2.1715838531963527,0.4680824875831604,-0.0068788139906246215
1,1957,0,1318.5,1104896,45.0,0.8477171063423157,0.016276103,-10.656989754736424,-0.035893258856049215,17256,0.025390625,0.0001,0.2,2.0956766279414296,0.5962242782115936,-0.006005249047120742
1,1771,0,1382.0,1105408,45.0,0.24017655849456787,0.03613697,-10.677496613189579,-0.02128702905292812,17264,0.024169921875,0.0001,0.2,0.7826209235936403,0.5313519835472107,-0.0059127885979251005
1,1868,0,1386.5,1105920,45.0,0.5819675326347351,0.0060043167,-10.188810388669372,-0.01977259642762874,17272,0.0126953125,0.0001,0.2,1.8055672929622233,0.4376975893974304,-0.004467150385607965
1,1387,0,1401.0,1106432,45.0,0.11245077103376389,0.009380496,-9.863881480544805,-0.01874363129672929,17280,0.012451171875,0.0001,0.2,0.8633433161303401,0.26319748163223267,-0.0028458482993301004
1,1649,0,1459.0,1106944,45.0,0.4365256130695343,0.011456346,-9.471141670867802,-0.02802972531389969,17288,0.017333984375,0.0001,0.2,1.7362239356152713,0.19979721307754517,-0.006657158731286472
1,1668,0,1425.5,1107456,45.0,0.5956359505653381,0.0022869962,-8.991673895567656,-0.03279845549695892,17296,0.015625,0.0001,0.2,1.871650610351935,0.07024228572845459,-0.005003479258448351
1,1778,0,1476.5,1107968,45.0,1.604709267616272,0.005416173,-9.003953934386372,-0.03609495540877106,17304,0.02490234375,0.0001,0.2,3.0927514918148518,0.20035070180892944,-0.00605783294304274
1,1974,0,1459.0,1108480,45.0,0.7025635838508606,0.0083640395,-8.84788249656558,-0.022619408696300525,17312,0.016357421875,0.0001,0.2,2.099411318078637,-0.022861599922180176,-0.003990025756138493
1,1836,0,1456.0,1108992,45.0,1.043398380279541,0.011640726,-8.895339954420924,-0.0328104605732733,17320,0.021484375,0.0001,0.2,2.3854985614307225,0.29192274808883667,-0.007956770710734418
1,1940,0,1430.0,1109504,45.0,1.282987356185913,0.00083255034,-8.380682467967272,-0.015872644496994326,17328,0.0107421875,0.0001,0.2,1.6505171321332455,-0.1376042366027832,-0.0026498518636799417
1,1933,0,1347.5,1110016,45.0,0.5415135025978088,0.008029966,-8.36096203841269,-0.015962773916271544,17336,0.00927734375,0.0001,0.2,1.3796929495874792,0.4001477360725403,-0.004149459662585286
1,1864,0,1253.5,1110528,45.0,0.5063384175300598,0.0052865106,-8.806536322757601,-0.0274784323332824,17344,0.010498046875,0.0001,0.2,3.3831289475783706,0.3499943017959595,-0.0040183603632613085
1,1417,0,1283.5,1111040,45.0,0.6357563734054565,0.0099575,-9.297546859160066,-0.03300658612215557,17352,0.015869140625,0.0001,0.2,1.781526356935501,-0.060312509536743164,-0.003045542111067334
1,1832,0,1335.5,1111552,45.0,0.46301642060279846,0.0031586331,-9.410374582782389,-0.021629018443491077,17360,0.0146484375,0.0001,0.2,1.669598963810131,0.37915778160095215,-0.0043468543226481415
1,1764,0,1290.5,1112064,45.0,0.28340062499046326,0.005462425,-9.567466223984956,-0.02598268133624515,17368,0.020263671875,0.0001,0.2,1.4209281574003398,0.1702602505683899,-0.0037219777950667776
1,1763,0,1354.0,1112576,45.0,0.8051860928535461,0.004832532,-9.68606108956039,-0.027426426685451588,17376,0.01953125,0.0001,0.2,3.0012301593087614,0.23914694786071777,-0.004234787455061451
1,1953,0,1267.5,1113088,45.0,0.5439413189888,0.009945884,-9.767060074284673,-0.024352886737688095,17384,0.021728515625,0.0001,0.2,2.0763977952301502,0.3737696409225464,-0.006546403315951466
1,1944,0,1227.5,1113600,45.0,0.446363627910614,0.009809982,-9.919291110411287,-0.025892145361467556,17392,0.01611328125,0.0001,0.2,1.6292307917028666,0.3836787939071655,-0.004793900039658183
1,1933,0,1250.5,1114112,45.0,0.5618237853050232,0.04238413,-10.329111754223705,-0.03429001139193133,17400,0.03369140625,0.0001,0.2,1.6236903979443014,0.41381680965423584,-0.007559271492937114
1,1724,0,1304.5,1114624,45.0,0.06687071174383163,0.002852309,-10.2670033583045,-0.02092299842297507,17408,0.010009765625,0.0001,0.2,0.4409631470334716,0.3931201100349426,-0.0024409192774328403
1,1916,0,1348.5,1115136,45.0,0.49213629961013794,0.05644066,-10.191125594601035,-0.05113747341238195,17416,0.05859375,0.0001,0.2,2.6664002023171633,0.3483973741531372,-0.012034437379043084
1,2026,0,1257.5,1115648,45.0,0.11426661908626556,0.007990934,-10.194121465086937,-0.026065485758408613,17424,0.01611328125,0.0001,0.2,0.9415727887535468,0.40796715021133423,-0.004213732332573272
1,1352,0,1280.0,1116160,45.0,0.282139390707016,0.0075852405,-10.072981879115105,-0.013682392302371227,17432,0.01025390625,0.0001,0.2,1.1081402584677562,0.3507561683654785,-0.003973508079070598
1,1877,0,1238.5,1116672,45.0,1.3476462364196777,0.007906675,-10.243876776397228,-0.03629748270850541,17440,0.031982421875,0.0001,0.2,2.276432075537741,0.4965691566467285,-0.0050339135887043085
1,1849,0,1103.5,1117184,45.0,0.20041657984256744,0.008586803,-10.353525462076067,-0.045776145769195864,17448,0.02783203125,0.0001,0.2,1.510024457005784,0.21461695432662964,-0.006727517162289587
1,1827,0,1112.0,1117696,45.0,0.46057602763175964,0.009357367,-10.52407515861094,-0.028655065650127653,17456,0.019287109375,0.0001,0.2,1.6173111023381352,-0.1055147647857666,-0.006247860030271113
1,1569,0,1198.0,1118208,45.0,0.8063192367553711,0.008279472,-10.860235991999508,-0.03729616440250538,17464,0.034912109375,0.0001,0.2,3.7295560287311673,0.23481810092926025,-0.010268198449921329
1,1674,0,1226.0,1118720,45.0,0.384114533662796,0.006768278,-10.737608620524407,-0.029139251048036385,17472,0.017578125,0.0001,0.2,2.0269064852036536,0.27226150035858154,-0.004218952602968784
1,1719,0,1179.0,1119232,45.0,1.0514527559280396,0.00761488,-10.806905672177672,-0.03675705481418845,17480,0.025634765625,0.0001,0.2,2.19021673547104,0.5206960141658783,-0.006616690898226807
1,1837,0,1264.5,1119744,45.0,0.6344169974327087,0.009977843,-10.826228478997946,-0.026045885107123468,17488,0.015869140625,0.0001,0.2,2.9268323653377593,0.32471150159835815,-0.003931247287255246
1,1770,0,1353.5,1120256,45.0,0.6424369215965271,0.004137812,-10.703500289171934,-0.026458884199655586,17496,0.01611328125,0.0001,0.2,1.1184294166741893,0.40512847900390625,-0.0053535806328000035
1,1792,0,1351.0,1120768,45.0,0.2863174080848694,0.007721208,-10.359437847584486,-0.03537636907003616,17504,0.02392578125,0.0001,0.2,1.2601754474453628,0.5903796553611755,-0.003990535682532936
1,1890,0,1452.5,1121280,45.0,2.1234259605407715,0.011416505,-10.53940896898508,-0.04356692709643539,17512,0.036376953125,0.0001,0.2,4.623508273623884,-0.20575642585754395,-0.012582597730215639
1,1893,0,1516.0,1121792,45.0,0.450181782245636,0.01069138,-10.219787004664541,-0.02245741481647201,17520,0.01513671875,0.0001,0.2,0.9767773924395442,0.3746490478515625,-0.0026068565639434382
1,1902,0,1557.0,1122304,45.0,0.3180072009563446,0.016910555,-10.051669818088412,-0.03837955114158831,17528,0.031005859375,0.0001,0.2,1.1657187212258577,-0.003638148307800293,-0.006066990208637435
1,1750,0,1583.0,1122816,45.0,0.30294814705848694,0.015914695,-9.680635938048363,-0.02444215149023421,17536,0.0205078125,0.0001,0.2,1.0881707514636219,0.505741149187088,-0.0029259580915095285
1,1828,0,1571.0,1123328,45.0,0.9121043086051941,0.0045264987,-9.664653393179178,-0.03884458293123316,17544,0.0234375,0.0001,0.2,1.9125624476000667,0.4258570075035095,-0.00550462122191675
1,1733,0,1589.0,1123840,45.0,0.23222102224826813,0.0040392475,-9.330092883706094,-0.02298099201561854,17552,0.0146484375,0.0001,0.2,0.9160778649384156,0.4356769323348999,-0.0033417040031054057
1,1623,0,1538.0,1124352,45.0,0.38367027044296265,0.011049879,-9.104233352914452,-0.027992237158741773,17560,0.02392578125,0.0001,0.2,1.0486544478917494,0.42680835723876953,-0.007659840484848246
1,1253,0,1522.5,1124864,45.0,0.5099344849586487,0.009750184,-9.099039425179363,-0.03696548081643414,17568,0.0234375,0.0001,0.2,1.5929113717284054,0.23498594760894775,-0.007159394306654576
1,1694,0,1507.0,1125376,45.0,1.5381464958190918,0.011257755,-8.76785211995244,-0.0476643108886492,17576,0.021728515625,0.0001,0.2,4.9504023510962725,0.08570951223373413,-0.005517040670383722
1,1673,0,1467.5,1125888,45.0,0.667961835861206,0.005389653,-8.51752889327705,-0.03529772587080515,17584,0.0185546875,0.0001,0.2,2.523748090490699,0.3768426179885864,-0.004933205433189869
1,1751,0,1477.5,1126400,45.0,1.4743099212646484,0.0028479875,-8.836978214159608,-0.036077728949749144,17592,0.0244140625,0.0001,0.2,3.6441551065072417,0.2853028178215027,-0.007711474179814104
1,1662,0,1470.5,1126912,45.0,1.7267249822616577,0.0060532913,-9.249267524853348,-0.05080286594784411,17600,0.025390625,0.0001,0.2,3.1706499233841896,0.29979097843170166,-0.007715608677244745
1,1845,0,1420.0,1127424,45.0,0.8140852451324463,0.0062800944,-9.715074838846922,-0.030363209907591227,17608,0.01171875,0.0001,0.2,2.170284945052117,-0.19811952114105225,-0.004253517254255712
1,1746,0,1377.0,1127936,45.0,0.6062422394752502,0.016712049,-10.294717018231749,-0.048517476410779636,17616,0.032470703125,0.0001,0.2,1.8429638990201056,-0.0883721113204956,-0.008660606981720775
1,1868,0,1361.0,1128448,45.0,0.553453266620636,0.012844946,-10.828685879930854,-0.0382998333834621,17624,0.02734375,0.0001,0.2,1.6696010490413755,0.26163846254348755,-0.00208963258046424
1,1732,0,1365.0,1128960,45.0,0.45554500818252563,0.009149099,-11.077688068076968,-0.028698311531115905,17632,0.018310546875,0.0001,0.2,0.7958527609007433,0.5903471410274506,-0.003559498851245735
1,1387,0,1377.5,1129472,45.0,0.2818627655506134,0.024251366,-11.588560761138798,-0.0427864055527607,17640,0.029541015625,0.0001,0.2,1.462000822648406,0.28829634189605713,-0.007210749321529875
1,1676,0,1365.0,1129984,45.0,0.37364625930786133,0.027433451,-12.367814741358162,-0.04093984306928178,17648,0.036865234375,0.0001,0.2,1.40318518364802,0.4037966728210449,-0.007820539402018767
1,1527,0,1391.5,1130496,45.0,0.8784036636352539,0.010416014,-12.527176776081324,-0.041816976777226955,17656,0.031494140625,0.0001,0.2,2.645356707274914,0.15281033515930176,-0.008447525382507592
1,1759,0,1437.0,1131008,45.0,0.27181437611579895,0.005511974,-11.88878223389387,-0.03622276387613965,17664,0.02587890625,0.0001,0.2,1.2685401770286262,-0.21253204345703125,-0.004672558148740791
1,1778,0,1434.0,1131520,45.0,0.4152626693248749,0.013978285,-11.235082917138934,-0.023339023786320467,17672,0.019775390625,0.0001,0.2,1.2837868966162205,0.350771427154541,-0.007030304514046293
1,1622,0,1432.5,1132032,45.0,0.48676425218582153,0.005478617,-10.54258161790669,-0.03062977034915093,17680,0.019287109375,0.0001,0.2,1.6548790079541504,0.1639125943183899,-0.004925947621813975
1,1860,0,1440.0,1132544,45.0,1.1089863777160645,0.0028038488,-9.668019086942076,-0.044170723243951215,17688,0.024658203125,0.0001,0.2,2.295479961670935,0.24027276039123535,-0.006285337374720257
1,1802,0,1465.0,1133056,45.0,1.2825464010238647,0.0021183388,-9.176639028564095,-0.025990137128701463,17696,0.015869140625,0.0001,0.2,2.624100517015904,0.12021118402481079,-0.004418500626343302
1,1929,0,1470.0,1133568,45.0,0.55021733045578,0.0045982846,-8.748483120352029,-0.029122929725872382,17704,0.009521484375,0.0001,0.2,2.609065819066018,0.25691401958465576,-0.0035546641520340927
1,2035,0,1412.0,1134080,45.0,0.4745038151741028,0.0033402992,-8.48380341604352,-0.022039524899355456,17712,0.00732421875,0.0001,0.2,1.714431385975331,0.31456345319747925,-0.0013881776903872378
1,1812,0,1435.0,1134592,45.0,0.17741866409778595,0.0044184104,-8.057989835962653,-0.02025651686881247,17720,0.01416015625,0.0001,0.2,1.5092581699136645,-0.17097032070159912,-0.003378886598511599
1,1975,0,1395.0,1135104,45.0,0.6279637217521667,0.008855058,-7.938588204830885,-0.03404513616260374,17728,0.0205078125,0.0001,0.2,1.1586278600152582,-0.12811970710754395,-0.005675466680258978
1,1842,0,1401.0,1135616,45.0,1.006058692932129,0.009249279,-8.255420497953892,-0.024873223869235517,17736,0.01904296875,0.0001,0.2,1.7100918113719672,0.35738450288772583,-0.006162971178127918
1,1967,0,1332.5,1136128,45.0,0.7824804186820984,0.000979034,-8.35324873931706,-0.01786728175557073,17744,0.008544921875,0.0001,0.2,1.4422533633187413,0.47369831800460815,-0.0029074742005832377
1,1932,0,1325.5,1136640,45.0,0.772544264793396,0.0075746705,-9.00908387966454,-0.022326550706566195,17752,0.0078125,0.0001,0.2,1.7361325435340405,0.53409144282341,-0.0026162680005654693
1,1850,0,1294.0,1137152,45.0,0.46739959716796875,0.0042713536,-9.053225584775209,-0.0231666679655973,17760,0.012451171875,0.0001,0.2,1.2670833552256227,0.5145449042320251,-0.00406643447058741
1,1931,0,1247.0,1137664,45.0,1.4663994312286377,0.005303649,-9.41681743979454,-0.02652077011498477,17768,0.012451171875,0.0001,0.2,2.8841758475173265,0.20667028427124023,-0.003069731690629851
1,1771,0,1216.0,1138176,45.0,0.5945242643356323,0.0037387414,-9.461265808790921,-0.020224317816428083,17776,0.01220703125,0.0001,0.2,1.8293639682233334,0.25349628925323486,-0.003107491625996772
1,1964,0,1238.5,1138688,45.0,0.7949468493461609,0.007470912,-9.409494728595018,-0.02954471442353679,17784,0.021484375,0.0001,0.2,2.276590055320412,0.2586238384246826,-0.005755463978857733
1,1437,0,1210.5,1139200,45.0,0.15084026753902435,0.0020704414,-9.685623956918716,-0.029843971020454774,17792,0.015869140625,0.0001,0.2,1.759495626669377,0.32387787103652954,-0.0048853657353902236
1,1892,0,1238.5,1139712,45.0,1.1517329216003418,0.0064837583,-9.649474814683199,-0.030706021791957028,17800,0.0205078125,0.0001,0.2,3.1690256372094154,0.3535286784172058,-0.005789354378066491
1,1692,0,1204.5,1140224,45.0,0.5259360671043396,0.011513425,-9.660315965786577,-0.02774254193877823,17808,0.023681640625,0.0001,0.2,0.9446396976709366,0.029495656490325928,-0.0052609211998060346
1,2002,0,1274.5,1140736,45.0,0.7383016347885132,0.0022282917,-9.73948630966246,-0.029425113246361434,17816,0.01513671875,0.0001,0.2,1.988384640775621,0.3754151463508606,-0.0033478224686405156
1,1701,0,1331.0,1141248,45.0,0.5199026465415955,0.009014629,-9.581752245277166,-0.022800065973569872,17824,0.01708984375,0.0001,0.2,2.1603222908452153,0.46349525451660156,-0.004989374996512197
1,1670,0,1407.0,1141760,45.0,0.850503146648407,0.0033859853,-9.700458982735872,-0.03677984896194175,17832,0.0205078125,0.0001,0.2,2.809379955753684,0.27660220861434937,-0.007724710783804767
1,1794,0,1415.5,1142272,45.0,0.3277023136615753,0.01640704,-9.622601315155626,-0.03930675228002656,17840,0.0244140625,0.0001,0.2,1.4643001563381404,0.4469492435455322,-0.005765808844444109
1,1755,0,1492.0,1142784,45.0,0.5368734002113342,0.007763449,-9.61418606452644,-0.039642977651055844,17848,0.023193359375,0.0001,0.2,2.3675083750858903,0.3199843764305115,-0.006441607270971872
1,1266,0,1542.0,1143296,45.0,0.992956817150116,0.011223822,-9.857441221922636,-0.04094003388672718,17856,0.029296875,0.0001,0.2,1.692113729659468,0.3340733051300049,-0.010099896986503154
1,1891,0,1543.0,1143808,45.0,1.227946162223816,0.007888677,-10.409500966817141,-0.04662551471119514,17864,0.0234375,0.0001,0.2,3.053549272939563,0.26810222864151,-0.004759389052196639
1,1771,0,1586.0,1144320,45.0,0.4871833324432373,0.026352014,-10.78948758110404,-0.03610545649644337,17872,0.032470703125,0.0001,0.2,1.1380441843066365,-0.36755359172821045,-0.00499776475771796
1,1771,0,1615.0,1144832,45.0,0.34043556451797485,0.0072966013,-11.071013562753796,-0.04696457346835814,17880,0.028076171875,0.0001,0.2,1.1810709214769304,0.31682366132736206,-0.008877216700057033
1,1766,0,1639.0,1145344,45.0,0.6779142022132874,0.00282893,-11.386591940671206,-0.043532182622584514,17888,0.02197265625,0.0001,0.2,1.654445854946971,0.1554812788963318,-0.006102225212089252
1,1434,0,1654.0,1145856,45.0,0.39897334575653076,0.013498799,-11.480399635508656,-0.0521373830124503,17896,0.03955078125,0.0001,0.2,2.076366734690964,0.3358495831489563,-0.008203147070162231
1,1772,0,1616.5,1146368,45.0,1.1505850553512573,0.006871903,-11.176661841869354,-0.04162831743815332,17904,0.017822265625,0.0001,0.2,2.2791847637854517,0.27125388383865356,-0.005752284923801199
1,1618,0,1609.0,1146880,45.0,0.42402902245521545,0.027229328,-10.93031936198473,-0.0376142512250226,17912,0.02587890625,0.0001,0.2,1.9424531627446413,0.2178415060043335,-0.008164397535438184
1,1301,0,1584.5,1147392,45.0,1.0745196342468262,0.0035715476,-10.305007441267371,-0.03454258112287789,17920,0.01904296875,0.0001,0.2,3.401125119999051,0.36173534393310547,-0.005824463252793066
1,1745,0,1546.0,1147904,45.0,0.5144776701927185,0.011549267,-9.771028530970217,-0.04779464208149875,17928,0.02783203125,0.0001,0.2,2.323366397060454,-0.29010140895843506,-0.0069287211808841676
1,1909,0,1542.0,1148416,45.0,0.8633884191513062,0.0078062564,-9.334577044397593,-0.03167243864163538,17936,0.01171875,0.0001,0.2,1.7842906916048378,-0.10970103740692139,-0.004200797018711455
1,1758,0,1535.5,1148928,45.0,0.4735912084579468,0.019387137,-8.900116611272097,-0.03673991324194503,17944,0.031005859375,0.0001,0.2,1.65476910979487,0.2523684501647949,-0.007720907749899197
1,1813,0,1555.5,1149440,45.0,0.8504703640937805,0.021264013,-8.774206475913525,-0.027320472177962074,17952,0.022705078125,0.0001,0.2,2.713611570186913,0.45636892318725586,-0.0038399520854
1,1645,0,1508.5,1149952,45.0,0.6885080337524414,0.003593239,-8.402950677573681,-0.022481536676423275,17960,0.01025390625,0.0001,0.2,2.6725825499743223,0.13897818326950073,-0.0027106700581498444
1,1859,0,1479.5,1150464,45.0,1.0461623668670654,0.0031210715,-8.281494329869748,-0.03434328492585337,17968,0.01611328125,0.0001,0.2,2.5732624889351428,0.3965374231338501,-0.0030466248535958584
1,1548,0,1392.5,1150976,45.0,0.7790791392326355,0.004615521,-8.287899603173138,-0.034203503875232855,17976,0.017822265625,0.0001,0.2,2.837909526191652,0.2731781601905823,-0.003931301333068404
1,1844,0,1317.0,1151488,45.0,0.18776999413967133,0.014811263,-8.420706260949373,-0.02737068787746466,17984,0.017333984375,0.0001,0.2,0.7489249305799603,0.17606526613235474,-0.005347743826860096
1,1752,0,1230.0,1152000,45.0,0.45955392718315125,0.0045608827,-8.186705044358968,-0.019758607299081632,17992,0.010498046875,0.0001,0.2,1.0042519482667558,0.11650538444519043,-0.0030036063326406293
1,2030,0,1094.0,1152512,45.0,0.5013576149940491,0.0073751607,-8.219586566314101,-0.03264327743636386,18000,0.01953125,0.0001,0.2,1.7949233134277165,0.4000287652015686,-0.00861660002192366
1,1725,0,1080.0,1153024,45.0,0.4425448179244995,0.012405952,-7.874346254914999,-0.031624960201042995,18008,0.0283203125,0.0001,0.2,1.9102715629851446,0.13261789083480835,-0.008468667794659268
1,2045,0,975.0,1153536,45.0,0.4075450897216797,0.0018971637,-7.613159385249019,-0.02673941098873911,18016,0.014404296875,0.0001,0.2,3.235367896966636,0.17921489477157593,-0.003938380985346157
1,1657,0,925.5,1154048,45.0,0.29568782448768616,0.013646738,-7.648332187980413,-0.031390019556965854,18024,0.028076171875,0.0001,0.2,1.6777992877177894,0.2514187693595886,-0.0072234495673910715
1,2075,0,876.5,1154560,45.0,0.9382579922676086,0.0007939773,-7.153834713995456,-0.02530845398632664,18032,0.009765625,0.0001,0.2,2.2456794921308756,0.49647289514541626,-0.004244413263222668
1,1909,0,916.5,1155072,45.0,1.6326045989990234,0.0023341465,-7.886964047476649,-0.032907390002719694,18040,0.01416015625,0.0001,0.2,4.643547262996435,0.3668414354324341,-0.004887835450062994
1,1980,0,934.5,1155584,45.0,1.4063630104064941,0.0049130223,-8.59362866319716,-0.0349643418139749,18048,0.01416015625,0.0001,0.2,5.530354351736605,0.5383553206920624,-0.004727004939923063
1,1859,0,1016.0,1156096,45.0,1.2804226875305176,0.0071092537,-9.373232659175992,-0.04694891490134978,18056,0.031494140625,0.0001,0.2,5.39134203735739,0.614067018032074,-0.007738570471701678
1,1785,0,1130.5,1156608,45.0,1.1540303230285645,0.0015754534,-9.988689911067485,-0.030353371671481,18064,0.0107421875,0.0001,0.2,5.042231649160385,0.6050688624382019,-0.004723851481685415
1,1916,0,1209.5,1157120,45.0,1.2223329544067383,0.005403114,-10.490280912667513,-0.029952142343063315,18072,0.017822265625,0.0001,0.2,2.626926640048623,0.761520579457283,-0.0028126056495239027
1,1277,0,1202.0,1157632,45.0,0.25316086411476135,0.010894513,-11.078841049745678,-0.03533597132991417,18080,0.0224609375,0.0001,0.2,2.0321211689151824,0.42827361822128296,-0.005065421588369645
1,1688,0,1323.5,1158144,45.0,1.4513075351715088,0.019046236,-11.878286145180464,-0.06013671839173185,18088,0.044921875,0.0001,0.2,2.6934103504754603,0.25810807943344116,-0.010490043532627169
1,1651,0,1362.0,1158656,45.0,0.2349017709493637,0.012382275,-12.07430132098496,-0.0392974461956328,18096,0.02197265625,0.0001,0.2,0.9289174436125904,0.4286844730377197,-0.0051210296514909714
1,1554,0,1399.5,1159168,45.0,1.7835341691970825,0.012319727,-12.611106653809548,-0.0604947171304957,18104,0.034912109375,0.0001,0.2,2.937789492541924,0.07270336151123047,-0.00839608626847621
1,1588,0,1477.0,1159680,45.0,0.6161215305328369,0.0075255297,-12.502398337349296,-0.04370232797737117,18112,0.029052734375,0.0001,0.2,1.3100382518023252,0.32282328605651855,-0.006130943871539785
1,1713,0,1559.0,1160192,45.0,1.4514459371566772,0.011478268,-12.366153016835451,-0.08067791249777656,18120,0.05078125,0.0001,0.2,3.4328994462266564,0.087086021900177,-0.014323345356388018
1,1783,0,1480.5,1160704,45.0,0.7618270516395569,0.01593164,-12.454341792911292,-0.05919636197359068,18128,0.0361328125,0.0001,0.2,2.1388542517088354,0.2893611192703247,-0.00844255146876094
1,1720,0,1452.5,1161216,45.0,1.6118797063827515,0.0052814307,-12.63036246433854,-0.06273551319827675,18136,0.029541015625,0.0001,0.2,3.295468010008335,0.39458775520324707,-0.008371261872525793
1,1354,0,1515.5,1161728,45.0,2.036717176437378,0.009884654,-12.701524924337864,-0.043726046535084606,18144,0.027587890625,0.0001,0.2,3.1158180627971888,0.5326628088951111,-0.005920788347793859
1,1708,0,1513.5,1162240,45.0,0.9683305621147156,0.014096058,-12.02919062115252,-0.042992111146304524,18152,0.016845703125,0.0001,0.2,2.4691304489970207,0.4285351634025574,-0.005715828119718935
1,1687,0,1526.5,1162752,45.0,7.035221576690674,0.012918035,-12.425152472481132,-0.06978201501260628,18160,0.04248046875,0.0001,0.2,15.143216028809547,0.1811959147453308,-0.015457004286872689
1,1796,0,1490.5,1163264,45.0,1.0683828592300415,0.0066525247,-12.01417412251234,-0.06317749831760011,18168,0.030029296875,0.0001,0.2,3.6276383604854345,0.3759373426437378,-0.008910912707506213
1,1752,0,1483.0,1163776,45.0,0.6767296195030212,0.0061624697,-11.663870772793889,-0.05702575104442076,18176,0.02685546875,0.0001,0.2,2.3615989559330046,0.7016729712486267,-0.009277186931285542
1,1773,0,1497.0,1164288,45.0,0.5562593340873718,0.00794295,-11.011018417328597,-0.04171520897853043,18184,0.0263671875,0.0001,0.2,1.6887022708542645,0.30058038234710693,-0.005428804681287147
1,1706,0,1468.5,1164800,45.0,0.6329723000526428,0.0068353293,-10.345357086583972,-0.03543432888909592,18192,0.01904296875,0.0001,0.2,3.7707206662744284,0.31275951862335205,-0.007596292154630646
1,1648,0,1409.5,1165312,45.0,0.8044925332069397,0.013603628,-10.067174417823553,-0.06701423314734711,18200,0.0478515625,0.0001,0.2,2.723239396698773,0.4177137017250061,-0.010179858072660863
1,1990,0,1413.0,1165824,45.0,0.7759276032447815,0.010306558,-9.863703658357263,-0.05361654116495629,18208,0.03271484375,0.0001,0.2,1.8645395410712808,0.6341822743415833,-0.007204827368695987
1,1555,0,1346.5,1166336,45.0,0.5131233334541321,0.005307541,-9.305627946853638,-0.030017830352335295,18216,0.014892578125,0.0001,0.2,1.347237086854875,-0.11257791519165039,-0.003310527310532052
1,1871,0,1292.5,1166848,45.0,0.6546807885169983,0.0067881644,-9.34953666239977,-0.044493326622614404,18224,0.026123046875,0.0001,0.2,2.184614253696054,0.2987939119338989,-0.007606717186718015
1,2212,0,1227.0,1167360,45.0,0.9238682389259338,0.0028484634,-8.625652472749353,-0.03338850658474257,18232,0.015380859375,0.0001,0.2,2.61881903745234,0.22278070449829102,-0.0037894543711445294
1,2196,0,1174.0,1167872,45.0,0.3544488549232483,0.0039461222,-8.748023268431425,-0.026977338519827754,18240,0.012939453125,0.0001,0.2,1.3142446563579142,0.0020290017127990723,-0.004677478013036307
1,2112,0,1057.0,1168384,45.0,0.5273810625076294,0.003095388,-8.795204885676503,-0.024604654960057815,18248,0.013671875,0.0001,0.2,2.2882947083562613,0.12119793891906738,-0.005147635394678218
1,1995,0,951.5,1168896,45.0,0.6859662532806396,0.004439698,-9.225219758227468,-0.025848654033325147,18256,0.013916015625,0.0001,0.2,2.159077330492437,0.21881800889968872,-0.004648891615943285
1,1902,0,961.5,1169408,45.0,1.5830835103988647,0.007553755,-9.814902109652758,-0.03464098447966535,18264,0.018798828125,0.0001,0.2,3.9491413859650493,0.04179728031158447,-0.005332526739948662
1,2158,0,897.0,1169920,45.0,1.2773836851119995,0.0025800965,-9.721801469698548,-0.02729131303021859,18272,0.01708984375,0.0001,0.2,3.3477220912463963,0.1982213854789734,-0.004682140934164636
1,2126,0,894.0,1170432,45.0,1.513055443763733,0.0038364013,-10.348500606864691,-0.02718555083629326,18280,0.01806640625,0.0001,0.2,4.994301571510732,0.3079352378845215,-0.0052713272598339245
1,1922,0,915.0,1170944,45.0,2.20908260345459,0.0076849284,-11.026952966749668,-0.031438887725016684,18288,0.02294921875,0.0001,0.2,4.843416891992092,0.40164244174957275,-0.004626966067007743
1,1968,0,895.0,1171456,45.0,1.0938271284103394,0.004153759,-11.374014647081495,-0.027108488089652383,18296,0.0205078125,0.0001,0.2,3.630546621978283,0.46364134550094604,-0.00633072419805103
1,1525,0,941.0,1171968,45.0,1.7482174634933472,0.008242197,-12.078328329771757,-0.03660551985922211,18304,0.026123046875,0.0001,0.2,6.17380222864449,0.40458524227142334,-0.006161016135592945
1,1939,0,948.0,1172480,45.0,1.3938703536987305,0.0035139504,-12.421621996164323,-0.03603258880866633,18312,0.021728515625,0.0001,0.2,3.540379044599831,0.5604145228862762,-0.0033477265169494785
1,1707,0,1027.5,1172992,45.0,1.268417477607727,0.0015492757,-12.626398854553699,-0.020859283801655693,18320,0.010498046875,0.0001,0.2,2.519514478277415,0.4349655508995056,-0.004129171997192316
1,1768,0,1142.5,1173504,45.0,0.7971662878990173,0.00657341,-13.016062490940094,-0.04656368474388728,18328,0.01904296875,0.0001,0.2,2.933009192813188,0.4188652038574219,-0.005475568081692472
1,2025,0,1164.0,1174016,45.0,1.8097021579742432,0.0033871029,-12.99701146043837,-0.03488855013893044,18336,0.021484375,0.0001,0.2,2.7231096969917417,0.361908495426178,-0.00462744987453334
1,1938,0,1200.0,1174528,45.0,0.032944776117801666,0.01952647,-13.310796905979513,-0.01957271544597461,18344,0.023681640625,0.0001,0.2,1.4347958890721202,0.3498579263687134,-0.006771087231754791
1,1941,0,1261.5,1175040,45.0,1.1194466352462769,0.009483578,-13.683108354732394,-0.0367999146837974,18352,0.021484375,0.0001,0.2,1.9655500836670399,-0.27171969413757324,-0.005854515446117148
1,1930,0,1244.5,1175552,45.0,0.7631629109382629,0.008711724,-13.598723434135318,-0.024463697256578598,18360,0.01318359375,0.0001,0.2,1.7046790674794465,0.24525707960128784,-0.004534761977993185
1,1948,0,1235.5,1176064,45.0,0.7520855069160461,0.007266001,-13.490545525178312,-0.026482291734282626,18368,0.017333984375,0.0001,0.2,1.6350865655113012,0.2995334267616272,-0.005863699305336922
1,1840,0,1269.0,1176576,45.0,0.37313124537467957,0.024388919,-13.372938167750835,-0.03834948602161603,18376,0.025390625,0.0001,0.2,1.207275777356699,0.06588482856750488,-0.006473000834375853
1,1838,0,1306.5,1177088,45.0,0.39841607213020325,0.004165437,-12.661732069924474,-0.030243650184274884,18384,0.015625,0.0001,0.2,2.12854944053106,0.34178411960601807,-0.004587954881571932
1,1847,0,1271.0,1177600,45.0,0.17282244563102722,0.020559786,-11.904696309044958,-0.044315366096270736,18392,0.031494140625,0.0001,0.2,2.7139482761267573,0.37033557891845703,-0.00832371359138051
1,1941,0,1246.0,1178112,45.0,0.8861541748046875,0.004301202,-11.126444033682347,-0.0280970599342254,18400,0.014404296875,0.0001,0.2,3.457440002821386,0.5604588985443115,-0.004766676242070389
1,1764,0,1270.5,1178624,45.0,0.4234940707683563,0.0118009765,-9.97717784665525,-0.04045203537680209,18408,0.0244140625,0.0001,0.2,2.826391961425543,0.5345276296138763,-0.006867186595627572
1,1710,0,1333.0,1179136,45.0,1.0290348529815674,0.087881744,-8.90724419951439,-0.11929086595773697,18416,0.09619140625,0.0001,0.2,6.534278686158359,0.4170733094215393,-0.009674173743405845
1,1965,0,1268.0,1179648,45.0,6.713763236999512,0.01397544,-9.883495413661002,-0.27007264277199283,18424,0.185546875,0.0001,0.2,21.2867926992476,0.48398077487945557,-0.01428031152317999
1,1876,0,1348.0,1180160,45.0,14.813287734985352,0.01274878,-12.853800629600883,-0.3715129275806248,18432,0.201416015625,0.0001,0.2,41.45400297641754,0.33537566661834717,-0.013953449437394738
1,1710,0,1425.0,1180672,45.0,7.798638343811035,0.009161023,-14.787433229833841,-0.27806882467120886,18440,0.093994140625,0.0001,0.2,18.387629993259907,0.5434912145137787,-0.0118754536670167
1,1320,0,1407.5,1181184,45.0,9.62199878692627,0.009846475,-17.155856776833534,-0.251185217872262,18448,0.101806640625,0.0001,0.2,22.399903066456318,0.6119406521320343,-0.007919757248600945
1,1803,0,1407.5,1181696,45.0,2.560407876968384,0.06077994,-19.22068296581507,-0.1351329586468637,18456,0.231689453125,0.0001,0.2,10.915099814534187,0.540259063243866,-0.03309209624421783
1,1669,0,1392.0,1182208,45.0,1.3225630521774292,0.030755628,-20.9280329875648,-0.08951347341644578,18464,0.05322265625,0.0001,0.2,5.539755506440997,0.23716729879379272,-0.014604952997615328
1,1764,0,1461.5,1182720,45.0,1.1594321727752686,0.009426098,-22.36659137777984,-0.05506391293602064,18472,0.02587890625,0.0001,0.2,3.0686918711289763,0.6064141988754272,-0.006201745014550397
1,1991,0,1441.5,1183232,45.0,0.6672736406326294,0.0060801217,-23.56981290228665,-0.05454224770801375,18480,0.03076171875,0.0001,0.2,2.309806501958519,0.5812044441699982,-0.0074994091628468595
1,1815,0,1402.5,1183744,45.0,0.5485075116157532,0.013285906,-23.89030995078385,-0.048594367486657575,18488,0.02587890625,0.0001,0.2,2.940793686080724,0.11699724197387695,-0.007070416359056253
1,1699,0,1468.0,1184256,45.0,1.71587073802948,0.0058122836,-23.0027670121938,-0.04827389675483573,18496,0.031494140625,0.0001,0.2,6.32620451040566,0.3223192095756531,-0.011685590376146138
1,1685,0,1471.5,1184768,45.0,0.8951955437660217,0.0015990403,-19.5512808894366,-0.028881139669465483,18504,0.011962890625,0.0001,0.2,4.6296905009076,0.4253726005554199,-0.001387408614391461
1,1785,0,1442.5,1185280,45.0,2.6519315242767334,0.0083858585,-17.23556171156466,-0.0527107132729725,18512,0.043212890625,0.0001,0.2,9.330839272588491,0.18056118488311768,-0.010130960785318166
1,1766,0,1452.5,1185792,45.0,2.2264223098754883,0.009212229,-14.707866421490907,-0.04665086320892442,18520,0.0341796875,0.0001,0.2,4.315445939078927,-0.15944290161132812,-0.010653189885488246
1,1826,0,1519.0,1186304,45.0,1.5785655975341797,0.004324465,-12.606075216308236,-0.04130417479973403,18528,0.0166015625,0.0001,0.2,3.3496618820354342,0.3401727080345154,-0.0048471894588146824
1,1743,0,1486.5,1186816,45.0,1.6351628303527832,0.004875427,-10.708351857960224,-0.02934888852178119,18536,0.01025390625,0.0001,0.2,3.124286964535713,0.4692143201828003,-0.0021899886487517506
1,1752,0,1479.5,1187328,45.0,0.8924902677536011,0.004157377,-9.49991061784327,-0.03512274629611056,18544,0.011962890625,0.0001,0.2,2.789611960761249,0.4274384379386902,-0.004259175533661619
1,2009,0,1434.0,1187840,45.0,0.31255415081977844,0.009360339,-8.739935709312558,-0.03245166380293085,18552,0.02197265625,0.0001,0.2,1.39162639179267,0.5068571865558624,-0.003478795653791167
1,1819,0,1458.0,1188352,45.0,0.7542232275009155,0.0193213,-8.424190541133285,-0.03697044101863867,18560,0.029296875,0.0001,0.2,1.9842676776461303,0.13469666242599487,-0.007602289755595848
1,1882,0,1399.5,1188864,45.0,1.038750410079956,0.014862828,-8.19896947555244,-0.03854593967116671,18568,0.02880859375,0.0001,0.2,3.2619716352783144,0.3309154510498047,-0.009068590559763834
1,1777,0,1429.5,1189376,45.0,0.27853259444236755,0.03181397,-8.67197398521006,-0.03930022528402333,18576,0.027587890625,0.0001,0.2,1.4523336477577686,0.4037407636642456,-0.005379733363952255
1,1433,0,1439.0,1189888,45.0,0.41818171739578247,0.005350964,-8.455035431310534,-0.029117546378984116,18584,0.016357421875,0.0001,0.2,1.1392132628243417,0.40109783411026,-0.004348353832028806
1,1740,0,1476.5,1190400,45.0,0.7718186974525452,0.0023233197,-9.022399121820927,-0.04593556652253028,18592,0.01220703125,0.0001,0.2,1.5286243045702577,0.4533804655075073,-0.005090812497655861
1,1859,0,1432.5,1190912,45.0,2.5387489795684814,0.089894846,-10.37331312417984,-0.05690466421219753,18600,0.044921875,0.0001,0.2,5.610332116484642,0.3650190234184265,-0.01004958915291354
1,1927,0,1350.5,1191424,45.0,0.5305792093276978,0.012125668,-11.250826378837228,-0.04357808690110687,18608,0.023193359375,0.0001,0.2,1.8799025025218725,0.21040964126586914,-0.0077972792569198646
1,1755,0,1357.0,1191936,45.0,0.4367620646953583,0.016732113,-12.148414713144302,-0.040365590328292456,18616,0.020751953125,0.0001,0.2,1.5452956608496606,0.19440215826034546,-0.006461415694502648
1,1759,0,1384.5,1192448,45.0,0.6154246926307678,0.0029855762,-12.357006064727903,-0.03373223059497832,18624,0.013916015625,0.0001,0.2,2.4981377753429115,0.005066215991973877,-0.0033445639746787492
1,1943,0,1289.0,1192960,45.0,0.46878013014793396,0.006442225,-12.283305536285043,-0.029857342600735137,18632,0.01123046875,0.0001,0.2,1.4221909674815834,0.4897499680519104,-0.005513323572813533
1,1850,0,1383.0,1193472,45.0,0.8097392916679382,0.020393562,-11.914454003199936,-0.05199594741498004,18640,0.03955078125,0.0001,0.2,2.4012322332710028,0.07927566766738892,-0.010112186333572026
1,1681,0,1347.5,1193984,45.0,0.5640328526496887,0.016677454,-11.60875034891069,-0.043519694367205375,18648,0.03564453125,0.0001,0.2,2.198341707699001,0.1994573473930359,-0.004154146183282137
1,1391,0,1321.5,1194496,45.0,1.4158025979995728,0.0042830533,-11.701465600430966,-0.05330065843008924,18656,0.030029296875,0.0001,0.2,9.137386037036777,0.19925624132156372,-0.007246124783705454
1,1798,0,1303.0,1195008,45.0,0.868760883808136,0.010586066,-11.655702144429087,-0.044286584579822375,18664,0.038818359375,0.0001,0.2,5.820191922597587,0.21934360265731812,-0.009770701799425296
1,1957,0,1292.5,1195520,45.0,1.9701707363128662,0.002399351,-11.062198382988573,-0.05646337874895835,18672,0.021240234375,0.0001,0.2,7.447474690154195,0.3043769598007202,-0.005698831777408486
1,1781,0,1344.0,1196032,45.0,0.442972868680954,0.003376686,-10.55122888185084,-0.027779160078353016,18680,0.013427734375,0.0001,0.2,1.8507082485593855,-0.24155962467193604,-0.0020092152772122063
1,1818,0,1342.5,1196544,45.0,1.4483364820480347,0.007944839,-10.445416661202907,-0.053646441008822876,18688,0.030029296875,0.0001,0.2,3.7749656117521226,0.3991376757621765,-0.009176818915875629
1,1925,0,1305.0,1197056,45.0,1.6773300170898438,0.006594762,-10.290256308540702,-0.03520500166268903,18696,0.02783203125,0.0001,0.2,2.886185827665031,0.17968255281448364,-0.00709017998087802
1,1994,0,1309.0,1197568,45.0,0.24582403898239136,0.008454526,-10.113654530420899,-0.03129058803096996,18704,0.01708984375,0.0001,0.2,1.2402041016612202,0.1615806221961975,-0.004027417329780292
1,1906,0,1220.5,1198080,45.0,0.48930397629737854,0.004607807,-9.85948695488274,-0.03680629779773881,18712,0.017578125,0.0001,0.2,1.7240289016626775,-0.2310786247253418,-0.005269735625915928
1,2076,0,1138.5,1198592,45.0,0.5895107388496399,0.01387739,-9.809739072546362,-0.03264852728352707,18720,0.0341796875,0.0001,0.2,1.000123848207295,-0.30461037158966064,-0.0069746356894029304
1,1524,0,1163.5,1199104,45.0,0.6711453199386597,0.0058507435,-9.219422733187676,-0.02563296922653535,18728,0.017333984375,0.0001,0.2,1.743477332405746,0.18084180355072021,-0.006867531050374964
1,2173,0,1094.0,1199616,45.0,0.8837701678276062,0.0011615613,-8.98089608669281,-0.017163244998300797,18736,0.010009765625,0.0001,0.2,2.2534107405226678,0.4288328289985657,-0.0032841847350937314
1,1877,0,1171.0,1200128,45.0,0.10526740550994873,0.0018184908,-8.846507183760405,-0.01630565891173319,18744,0.01513671875,0.0001,0.2,1.3368126236600801,0.48087430000305176,-0.004454377209185623
1,2021,0,1177.5,1200640,45.0,0.39642733335494995,0.010883812,-8.86187434785068,-0.03271160252916161,18752,0.02294921875,0.0001,0.2,1.3037161205429584,0.5806824862957001,-0.005941934810834937
1,1971,0,1207.0,1201152,45.0,0.623193085193634,0.008784231,-8.915685686990619,-0.023185206242487766,18760,0.010498046875,0.0001,0.2,2.141548373736441,0.6085518002510071,-0.003721761237102328
1,1992,0,1212.5,1201664,45.0,1.82819402217865,0.005024642,-9.040818609446287,-0.01595489985720633,18768,0.01025390625,0.0001,0.2,3.4233210626989603,0.6126095056533813,-0.004675779979152139
1,1985,0,1197.5,1202176,45.0,1.4468457698822021,0.0048782458,-9.437913814336062,-0.023805805703887017,18776,0.0146484375,0.0001,0.2,3.3252650192007422,0.6504335403442383,-0.004347861569840461
1,1845,0,1212.5,1202688,45.0,3.295612096786499,0.005084937,-9.906709261089564,-0.023361495179415215,18784,0.0146484375,0.0001,0.2,3.3474484900943935,0.637185275554657,-0.007384873108094325
1,1938,0,1211.0,1203200,45.0,0.9060037136077881,0.0062441146,-10.06396152086556,-0.03359130661738163,18792,0.01953125,0.0001,0.2,2.543804991990328,0.611935555934906,-0.006154144804895623
1,1604,0,1283.0,1203712,45.0,0.3322635591030121,0.018961322,-9.930407716408371,-0.023902772201836342,18800,0.017333984375,0.0001,0.2,1.5663884242530912,0.6510781049728394,-0.00362232332554413
1,1312,0,1301.5,1204224,45.0,0.6980832815170288,0.0037642852,-9.60769020602107,-0.015600201678353187,18808,0.006591796875,0.0001,0.2,1.3796793827787042,0.7979221194982529,-0.0015586641238769516
1,1820,0,1327.0,1204736,45.0,0.5489417314529419,0.018734902,-9.566381371915341,-0.05191722580275382,18816,0.035888671875,0.0001,0.2,2.3787286651786417,0.5456918478012085,-0.008697160345036536
1,1848,0,1269.0,1205248,45.0,0.3084939122200012,0.0076685515,-9.323087601140141,-0.02597528069782129,18824,0.019287109375,0.0001,0.2,0.7129589449614286,0.5437019467353821,-0.004400640253152233
1,1736,0,1298.5,1205760,45.0,0.6716235280036926,0.018560268,-9.478560271188616,-0.03653264808417589,18832,0.034912109375,0.0001,0.2,1.3117232096847147,0.24612462520599365,-0.006506739777250914
1,1931,0,1360.0,1206272,45.0,0.9744091033935547,0.015383626,-9.674838924482465,-0.03298340599940275,18840,0.0244140625,0.0001,0.2,2.4941282621584833,-0.05001676082611084,-0.007816538029146614
1,1827,0,1413.5,1206784,45.0,0.5786524415016174,0.03563031,-9.544851820990443,-0.03582281860690273,18848,0.04443359375,0.0001,0.2,1.3472832490224391,0.18319547176361084,-0.0046269770682556555
1,1830,0,1485.5,1207296,45.0,0.8305254578590393,0.005642727,-10.121884693652392,-0.027117836950083074,18856,0.015869140625,0.0001,0.2,1.6920658983290195,0.3776625394821167,-0.004121573976590298
1,1720,0,1508.5,1207808,45.0,0.5316359400749207,0.004930781,-10.173732103779912,-0.028664026693604683,18864,0.020751953125,0.0001,0.2,1.3983098377939314,0.2604299783706665,-0.005918053197092377
1,1826,0,1503.0,1208320,45.0,0.7767519354820251,0.015687082,-11.040503008961677,-0.03214932146056526,18872,0.025146484375,0.0001,0.2,3.209180024918169,0.23568886518478394,-0.009537349880702095
1,1447,0,1465.5,1208832,45.0,1.276323914527893,0.0048886687,-11.742028773427009,-0.04961983632074407,18880,0.026611328125,0.0001,0.2,3.058453989215195,0.3409271836280823,-0.005344057863112539
1,2051,0,1400.0,1209344,45.0,0.2866956889629364,0.0068617444,-12.231292098909616,-0.04906025900345412,18888,0.024169921875,0.0001,0.2,1.8914887900464237,0.40416139364242554,-0.00897910566891369
1,2041,0,1382.0,1209856,45.0,0.47833842039108276,0.0067885886,-12.177348447591067,-0.037302611252016504,18896,0.02490234375,0.0001,0.2,1.1769346178043634,0.23758816719055176,-0.007402224888210185
1,2011,0,1349.0,1210368,45.0,0.13703075051307678,0.0023124383,-11.561197083219886,-0.015876417035997292,18904,0.00927734375,0.0001,0.2,1.1359856298658997,-1.0383424758911133,-0.0038766015713918023
1,2038,0,1309.0,1210880,45.0,0.7441957592964172,0.022559416,-11.011080925315618,-0.015140304356691558,18912,0.014892578125,0.0001,0.2,2.137559022055939,0.10302597284317017,-0.008493931130942656
1,1993,0,1240.0,1211392,45.0,0.22898967564105988,0.008907782,-10.78118029847741,-0.03720797091409622,18920,0.02685546875,0.0001,0.2,2.1443549131508917,-0.0014520883560180664,-0.004193706701698829
1,1951,0,1222.0,1211904,45.0,0.5283033847808838,0.008088975,-10.115808300152421,-0.012910841977827658,18928,0.01513671875,0.0001,0.2,1.5519673305097967,0.455871045589447,-0.0033253796136705205
1,1905,0,1194.0,1212416,45.0,0.29945462942123413,0.005090031,-9.565015659928322,-0.01944715606759928,18936,0.01123046875,0.0001,0.2,1.9397249317262322,0.5711269378662109,-0.006164745889691403
1,2002,0,1182.5,1212928,45.0,1.0466548204421997,0.002723366,-8.822436418905854,-0.014620415507351936,18944,0.009521484375,0.0001,0.2,3.879556665197015,0.6132944822311401,-0.003871934528433485
1,1808,0,1209.5,1213440,45.0,2.4078421592712402,0.009118697,-8.615680064037441,-0.026362917053120327,18952,0.014404296875,0.0001,0.2,5.055006310343742,0.5063589811325073,-0.007421915579470806
1,1428,0,1275.5,1213952,45.0,0.9780251979827881,0.0058416277,-8.074311712235213,-0.022004867445161835,18960,0.009521484375,0.0001,0.2,3.182465375866741,0.6403726041316986,-0.0027849979924212676
1,1794,0,1222.5,1214464,45.0,1.1198716163635254,0.0062213275,-8.160550719201565,-0.019508071425207163,18968,0.017578125,0.0001,0.2,3.4236877765506506,0.6149878799915314,-0.006496436086308677
1,1766,0,1309.0,1214976,45.0,0.8493784070014954,0.006166396,-8.741959259659051,-0.02911565840258845,18976,0.015869140625,0.0001,0.2,2.0081529985181987,0.7045422494411469,-0.0046807100261503365
1,1870,0,1303.5,1215488,45.0,0.6826708912849426,0.003998391,-9.027702821716666,-0.028657019591264543,18984,0.01611328125,0.0001,0.2,2.0635133958421648,0.5901293754577637,-0.004109911680643563
1,1959,0,1302.5,1216000,45.0,0.3632272481918335,0.014805685,-9.378323571532965,-0.03360429041003954,18992,0.021240234375,0.0001,0.2,1.2945442646741867,0.07385271787643433,-0.005243122577667236
1,1778,0,1269.5,1216512,45.0,0.37251049280166626,0.016771292,-9.8577354490757,-0.029063371368465596,19000,0.018310546875,0.0001,0.2,1.1614649719558656,0.4080442190170288,-0.006684608462819597
1,1875,0,1290.5,1217024,45.0,0.7462636828422546,0.0048795263,-10.459838607013225,-0.043307924301188905,19008,0.028076171875,0.0001,0.2,2.338193259201944,0.24632155895233154,-0.009503289948042948
1,1760,0,1358.5,1217536,45.0,0.328750878572464,0.0027644914,-11.166932544633745,-0.019176567059730587,19016,0.008056640625,0.0001,0.2,1.420855765696615,0.5271649062633514,-0.0021286638293531723
1,1718,0,1305.5,1218048,45.0,0.24409158527851105,0.0077712387,-10.754573783576488,-0.04037656607124518,19024,0.02294921875,0.0001,0.2,1.3963127271272242,0.40864837169647217,-0.004764179695484927
1,1391,0,1320.5,1218560,45.0,1.8589197397232056,0.012383701,-11.367265030890703,-0.06110750896004902,19032,0.029541015625,0.0001,0.2,3.6497247819788754,-0.03392624855041504,-0.009206233233271632
1,1914,0,1312.5,1219072,45.0,0.5993251204490662,0.011016007,-11.466919425204397,-0.05011041500256397,19040,0.03955078125,0.0001,0.2,1.9830444157123566,0.4789735674858093,-0.010424224128655624
1,1981,0,1253.5,1219584,45.0,0.7437813878059387,0.004483978,-11.349409644156694,-0.03725572351322626,19048,0.01806640625,0.0001,0.2,1.9235595599748194,0.27196574211120605,-0.006227673227840569
1,1760,0,1290.5,1220096,45.0,0.6993418335914612,0.009505563,-11.329616112113,-0.04387937600404257,19056,0.027587890625,0.0001,0.2,2.0725228427909315,0.13325285911560059,-0.005753367204306414
1,1763,0,1321.0,1220608,45.0,0.5291628241539001,0.009354249,-10.581813503801822,-0.04287720305273979,19064,0.02294921875,0.0001,0.2,2.102981887757778,0.0032945871353149414,-0.006664529457339086
1,1732,0,1350.0,1221120,45.0,1.8264423608779907,0.012429396,-10.377091093733906,-0.06236735916900216,19072,0.0302734375,0.0001,0.2,3.833609370049089,0.28649842739105225,-0.008630003016151022
1,1751,0,1322.5,1221632,45.0,0.6501546502113342,0.005444094,-9.804078562185168,-0.04214628918634844,19080,0.022705078125,0.0001,0.2,1.9876940820831805,-0.19500231742858887,-0.006039979416527785
1,1775,0,1342.0,1222144,45.0,0.7801012396812439,0.0076633045,-9.565270640552043,-0.04808473315279116,19088,0.02685546875,0.0001,0.2,2.284798405598849,0.08315879106521606,-0.006563807211932726
1,1921,0,1330.0,1222656,45.0,0.6857173442840576,0.00673611,-9.547535781413316,-0.03420918468873424,19096,0.02734375,0.0001,0.2,2.7678988203406334,0.28031694889068604,-0.005323173012584448
1,1406,0,1347.0,1223168,45.0,0.29772406816482544,0.01214635,-8.91681772738695,-0.025696654588500678,19104,0.0146484375,0.0001,0.2,1.1062747579999268,0.12659460306167603,-0.004972241233190289
1,1922,0,1302.5,1223680,45.0,0.2889360189437866,0.015356099,-8.557579123824835,-0.031398030934724375,19112,0.02978515625,0.0001,0.2,1.1162716784747317,-0.11750936508178711,-0.008740692283026874
1,1716,0,1384.5,1224192,45.0,0.35494792461395264,0.013407225,-8.738903426602484,-0.04105725129602433,19120,0.034423828125,0.0001,0.2,1.208785156486556,0.08043205738067627,-0.00671708117442904
1,1799,0,1435.0,1224704,45.0,0.6274042725563049,0.014381652,-9.200316549390555,-0.051635713220548496,19128,0.033447265625,0.0001,0.2,2.082548391073942,0.28338247537612915,-0.009749855737027247
1,1936,0,1383.5,1225216,45.0,1.1425535678863525,0.014036448,-9.701106002554297,-0.028953385048225755,19136,0.030029296875,0.0001,0.2,3.124736032448709,0.2420506477355957,-0.00868785685088369
1,1746,0,1355.0,1225728,45.0,0.6941168308258057,0.002809904,-9.663161224350333,-0.025151331350571127,19144,0.0146484375,0.0001,0.2,1.8771580883767456,0.046139538288116455,-0.004488297643547412
1,2108,0,1330.0,1226240,45.0,0.9543699622154236,0.0022198833,-10.231498659774662,-0.03483922359623648,19152,0.02294921875,0.0001,0.2,3.055430523119867,0.17628902196884155,-0.004210638770018704
1,2038,0,1262.5,1226752,45.0,0.3515417277812958,0.009819107,-10.329725399687886,-0.02712782523781243,19160,0.019775390625,0.0001,0.2,1.103272767039016,0.42006880044937134,-0.006569212280737702
1,2032,0,1207.5,1227264,45.0,0.1107666939496994,0.023473116,-10.61899737522006,-0.03160254905060356,19168,0.027587890625,0.0001,0.2,0.7799396361224353,0.3323478698730469,-0.008539553644368425
1,1578,0,1146.0,1227776,45.0,0.20663276314735413,0.002267862,-10.845102831199766,-0.012571312849559035,19176,0.0068359375,0.0001,0.2,0.85017850168515,0.13521814346313477,-0.004404171142596169
1,1820,0,1157.0,1228288,45.0,0.49254360795021057,0.009162772,-10.93104260519147,-0.025037797599907208,19184,0.015869140625,0.0001,0.2,1.841840298147872,0.09149044752120972,-0.005730640288675204
1,2001,0,1065.5,1228800,45.0,0.40179941058158875,0.010305669,-10.357407915219664,-0.03602216614308418,19192,0.018798828125,0.0001,0.2,1.7402162328362465,0.18879717588424683,-0.0048245974976453
1,1970,0,1022.5,1229312,45.0,1.3484679460525513,0.002894123,-9.802293666452169,-0.017021339502434785,19200,0.009521484375,0.0001,0.2,5.1156516736373305,0.3486262559890747,-0.004285079361579847
1,1778,0,1124.0,1229824,45.0,0.7592432498931885,0.0015009356,-9.974493592232466,-0.015516456295245007,19208,0.009033203125,0.0001,0.2,4.110734366811812,0.5460687279701233,-0.003559617282007821
1,1715,0,1195.5,1230336,45.0,1.8073248863220215,0.0019414003,-9.659548824504018,-0.033965097872396655,19216,0.015869140625,0.0001,0.2,2.872599221765995,0.5839394629001617,-0.0053618889942299575
1,1906,0,1238.0,1230848,45.0,1.0635603666305542,0.0027198954,-9.169034326970577,-0.03202097321832298,19224,0.01318359375,0.0001,0.2,3.028724412433803,0.7506873905658722,-0.0026607260115270037
1,1823,0,1265.0,1231360,45.0,0.7342050671577454,0.003992228,-9.1044344265759,-0.03540501701036192,19232,0.013916015625,0.0001,0.2,2.6712315129116178,0.6863672137260437,-0.0063376970174431335
1,1958,0,1318.5,1231872,45.0,0.9833642840385437,0.0066943336,-9.2140705858171,-0.035558899617171846,19240,0.013427734375,0.0001,0.2,2.722171907313168,0.4215993881225586,-0.0033062890979635995
1,1453,0,1354.0,1232384,45.0,0.5022465586662292,0.011204858,-9.411917122527957,-0.02592893983137401,19248,0.0234375,0.0001,0.2,1.3904938865453005,0.29380160570144653,-0.00733402042533271
1,1798,0,1346.5,1232896,45.0,0.2997674345970154,0.0026205545,-9.851922210678458,-0.028851556650806742,19256,0.017333984375,0.0001,0.2,0.9686481461394578,0.020032405853271484,-0.003966513446357567
1,1858,0,1409.5,1233408,45.0,0.8449108004570007,0.015260835,-10.705617172643542,-0.05236021764903853,19264,0.032470703125,0.0001,0.2,3.063484576996416,-0.08912062644958496,-0.009487093731877394
1,1824,0,1344.0,1233920,45.0,0.7269058227539062,0.0025807237,-10.72981915473938,-0.026430210364196682,19272,0.00927734375,0.0001,0.2,2.135604777839035,0.1619497537612915,-0.003818234985374147
1,1857,0,1266.5,1234432,45.0,0.5746556520462036,0.026124898,-10.664793368801474,-0.039998732068852405,19280,0.032470703125,0.0001,0.2,1.8128479216247797,0.1409698724746704,-0.005925637487962376
1,1692,0,1271.0,1234944,45.0,0.6680436730384827,0.012158847,-10.76122302658856,-0.02989373104810511,19288,0.022705078125,0.0001,0.2,1.5598965371027589,0.47466450929641724,-0.004158420859312173
1,1843,0,1269.0,1235456,45.0,0.8989660143852234,0.0077624265,-10.75663775615394,-0.03809215245928499,19296,0.020263671875,0.0001,0.2,2.60774837853387,0.22303026914596558,-0.005529211965040304
1,1767,0,1317.5,1235968,45.0,0.7707883715629578,0.008318828,-10.42498999580741,-0.04795492556968384,19304,0.023193359375,0.0001,0.2,1.8987462082877755,-0.39419710636138916,-0.004659746518882457
1,1798,0,1268.5,1236480,45.0,0.3660038709640503,0.010998016,-9.637421121522785,-0.04765562922329991,19312,0.02880859375,0.0001,0.2,0.9097456084564328,0.19690030813217163,-0.007021825258561876
1,1359,0,1237.5,1236992,45.0,0.5659055709838867,0.0088321315,-8.966011106520892,-0.038997350437966816,19320,0.026123046875,0.0001,0.2,1.5645717766601592,0.3253623843193054,-0.005651512310578255
1,1883,0,1196.0,1237504,45.0,0.8054096698760986,0.0057135476,-8.13415744677186,-0.03725845500230207,19328,0.01416015625,0.0001,0.2,2.2122502252459526,0.4088476896286011,-0.004204495449812384
1,1858,0,1224.0,1238016,45.0,1.0023950338363647,0.002606025,-7.152775048241019,-0.03303918950041407,19336,0.0185546875,0.0001,0.2,1.6249200582969934,0.4355785846710205,-0.0033421936313970946
1,1876,0,1266.5,1238528,45.0,0.6452971696853638,0.010347046,-6.997548330873251,-0.04129292269499274,19344,0.030029296875,0.0001,0.2,1.8389576426707208,0.647000789642334,-0.008768319021328352
1,1717,0,1308.0,1239040,45.0,0.32387247681617737,0.009743538,-6.919016758799553,-0.04056518947254517,19352,0.023193359375,0.0001,0.2,2.0929147703573108,0.572994202375412,-0.007224916174891405
1,1748,0,1298.0,1239552,45.0,0.5598198175430298,0.003956791,-7.526073602661491,-0.056171907108364394,19360,0.02490234375,0.0001,0.2,2.6923853596672416,0.17334693670272827,-0.007466576320439344
1,1739,0,1266.5,1240064,45.0,0.5712273716926575,0.0059246705,-7.649232682362199,-0.049236305112572154,19368,0.030029296875,0.0001,0.2,2.6405841344967484,0.17351150512695312,-0.007628824467246886
1,1772,0,1270.5,1240576,45.0,0.8844776153564453,0.007856352,-8.7462953671813,-0.0426222921560111,19376,0.025634765625,0.0001,0.2,3.9984003575518727,0.2929776906967163,-0.005406970543845091
1,1321,0,1343.0,1241088,45.0,0.9638010263442993,0.0063877073,-9.90517057865858,-0.03775788657731027,19384,0.017578125,0.0001,0.2,2.7093007722869515,0.28638607263565063,-0.004368643203633837
1,1688,0,1417.5,1241600,45.0,0.8802679777145386,0.010452115,-10.809572831615805,-0.04900952005664294,19392,0.027099609375,0.0001,0.2,3.066863582469523,-0.018712878227233887,-0.008177995430742158
1,1772,0,1466.5,1242112,45.0,0.9794330596923828,0.00863271,-12.491362386122345,-0.044265716989684734,19400,0.0205078125,0.0001,0.2,4.162769630551338,0.17034173011779785,-0.005844403924129438
1,1863,0,1486.5,1242624,45.0,0.7324678897857666,0.0045249294,-13.305787073150277,-0.03891042150280555,19408,0.02197265625,0.0001,0.2,2.7864537155255675,0.23625493049621582,-0.005794807475467678
1,1928,0,1474.5,1243136,45.0,0.5653034448623657,0.0033891653,-13.898402862474322,-0.029128950140147936,19416,0.012939453125,0.0001,0.2,1.728158060926944,0.31914955377578735,-0.0035337022054591216
1,1704,0,1523.0,1243648,45.0,0.7130513191223145,0.002227276,-13.854321679770946,-0.026719844405306503,19424,0.009765625,0.0001,0.2,2.5588165801018476,0.10573160648345947,-0.003160586355079431
1,2066,0,1414.0,1244160,45.0,0.534442126750946,0.0067404266,-13.333041427060962,-0.036844022067271,19432,0.019775390625,0.0001,0.2,1.9641104177571833,0.2612907886505127,-0.005765310284914449
1,2022,0,1454.0,1244672,45.0,0.8831416964530945,0.020021869,-12.58467657200992,-0.024724186268940684,19440,0.023193359375,0.0001,0.2,1.9386368850246072,0.13641059398651123,-0.0019601136264100205
1,2150,0,1394.0,1245184,45.0,0.30241698026657104,0.009859015,-11.509801865667106,-0.02326541398815607,19448,0.01708984375,0.0001,0.2,1.4298234609887004,0.2597528100013733,-0.004270749333954882
1,1980,0,1277.5,1245696,45.0,1.1250535249710083,0.007767347,-10.468743083700538,-0.030020430284821487,19456,0.0185546875,0.0001,0.2,2.7737246118485928,0.3120408058166504,-0.006445324710512068
1,1969,0,1123.5,1246208,45.0,0.5908902883529663,0.018163305,-9.223288912698626,-0.03869816601581988,19464,0.028564453125,0.0001,0.2,1.9723472613841295,0.2986345887184143,-0.009780877953744493
1,2076,0,1062.5,1246720,45.0,1.2447845935821533,0.0035754363,-8.068571549952031,-0.029500128636755107,19472,0.015869140625,0.0001,0.2,1.9589662642683834,-0.10101938247680664,-0.006696020136587322
1,1812,0,1063.0,1247232,45.0,0.4205200970172882,0.008083905,-7.26352011077106,-0.027621109454457837,19480,0.022705078125,0.0001,0.2,0.9701513379113749,-0.07846176624298096,-0.006431506582885049
1,1887,0,1028.5,1247744,45.0,1.5763919353485107,0.0038699952,-6.885619723498821,-0.035756933024458704,19488,0.0185546875,0.0001,0.2,2.949361879378557,0.4173852205276489,-0.006631775380810723
1,1977,0,947.5,1248256,45.0,1.6380780935287476,0.0024883274,-6.706206526309252,-0.03904422301457089,19496,0.01806640625,0.0001,0.2,4.167144224047661,0.23394078016281128,-0.005816580007376615
1,1805,0,1011.5,1248768,45.0,0.2488406002521515,0.01295349,-6.988472923561931,-0.031383758534502704,19504,0.014892578125,0.0001,0.2,1.8495139321312308,0.4925813674926758,-0.004828334276680835
1,2026,0,963.5,1249280,45.0,1.195762038230896,0.0056673023,-7.548943676352501,-0.035358819590328494,19512,0.0146484375,0.0001,0.2,4.032240668311715,0.32172590494155884,-0.0067849178303731605
1,1874,0,1024.0,1249792,45.0,2.3070907592773438,0.00481922,-8.530209383144975,-0.036096224927405274,19520,0.013916015625,0.0001,0.2,5.221771472133696,0.2386949062347412,-0.0040850246587069705
1,1895,0,1047.5,1250304,45.0,0.7198758125305176,0.004744745,-9.477343718856574,-0.026284311143626837,19528,0.021728515625,0.0001,0.2,2.1177846980281174,0.2935810685157776,-0.0036472371939453296
1,1450,0,1189.5,1250816,45.0,0.4126153886318207,0.0027304653,-10.286224042177201,-0.024120944996866456,19536,0.014892578125,0.0001,0.2,1.4832981207873672,0.11831337213516235,-0.003007067774888128
1,1889,0,1246.5,1251328,45.0,0.7630161046981812,0.0047928267,-11.214334185570479,-0.03312629045058202,19544,0.01953125,0.0001,0.2,2.1124452967196703,0.2029743790626526,-0.006025987895554863
1,1810,0,1222.0,1251840,45.0,1.0940446853637695,0.003270422,-12.113857539445162,-0.03778725824349749,19552,0.021728515625,0.0001,0.2,3.7114671654999256,0.4085777997970581,-0.0069940771427354775
1,1974,0,1276.0,1252352,45.0,1.252134084701538,0.002893164,-12.590640305727721,-0.032973473505990114,19560,0.023681640625,0.0001,0.2,2.638330732937902,-0.044214487075805664,-0.005136985273566097
1,1797,0,1267.0,1252864,45.0,1.1932576894760132,0.003099651,-12.487953684553505,-0.03081745536383096,19568,0.01806640625,0.0001,0.2,1.9318440249189734,0.34568214416503906,-0.0033438281607232057
1,2032,0,1231.5,1253376,45.0,0.4527779519557953,0.011012762,-12.818528010174632,-0.044886986068377155,19576,0.0341796875,0.0001,0.2,2.565463423728943,0.28848129510879517,-0.007659752784093143
1,1910,0,1247.5,1253888,45.0,0.46271637082099915,0.012077592,-12.586395011544228,-0.028861504396900273,19584,0.028564453125,0.0001,0.2,1.4554642899893224,0.33679312467575073,-0.008526577226803056
1,1967,0,1195.5,1254400,45.0,0.7246392369270325,0.014944861,-11.874592649862171,-0.03147837289043309,19592,0.02978515625,0.0001,0.2,2.2520519515965134,0.19334542751312256,-0.007980042551935185
1,1817,0,1190.5,1254912,45.0,0.7087252140045166,0.0141289225,-11.215394641608,-0.027389315847813123,19600,0.014404296875,0.0001,0.2,1.7227958892472088,0.22954928874969482,-0.004159150877967477
1,1463,0,1140.0,1255424,45.0,0.569230318069458,0.014183538,-10.729548852741718,-0.04134595575851563,19608,0.02783203125,0.0001,0.2,1.7905611852183938,0.5158831477165222,-0.0066094420762965456
1,1833,0,1145.5,1255936,45.0,0.9171519875526428,0.0048307097,-9.409692603871227,-0.030024340292584384,19616,0.012451171875,0.0001,0.2,2.200205573346466,0.599491149187088,-0.002576194950961508
1,1931,0,1156.0,1256448,45.0,0.8319584727287292,0.0016150262,-8.436447541341186,-0.021362968845096475,19624,0.01123046875,0.0001,0.2,2.1082388539798558,0.7001812160015106,-0.0026865145046031103
1,1927,0,1198.0,1256960,45.0,0.4325004518032074,0.003008817,-8.307965006306768,-0.024608578042716545,19632,0.009033203125,0.0001,0.2,2.0456039912533015,0.4051682949066162,-0.0032398987459600903
1,1696,0,1241.0,1257472,45.0,0.5165987610816956,0.0048002754,-8.061281059235334,-0.02005047702095908,19640,0.01171875,0.0001,0.2,2.8725291623268276,0.5523808598518372,-0.002387548920523841
1,1865,0,1328.5,1257984,45.0,1.0837122201919556,0.005026156,-7.970376398563385,-0.031996425461329636,19648,0.013916015625,0.0001,0.2,2.6770590161904693,0.5818504393100739,-0.0052436924815992825
1,1884,0,1365.0,1258496,45.0,0.5024349689483643,0.002861987,-8.713839236721396,-0.03234390907891793,19656,0.0126953125,0.0001,0.2,3.465786612825468,0.32338565587997437,-0.0033714531527948566
1,2028,0,1366.5,1259008,45.0,0.7757171988487244,0.0039009016,-9.308204721137882,-0.03024656473644427,19664,0.01708984375,0.0001,0.2,1.7992132941726595,0.35222387313842773,-0.004030975469504483
1,2025,0,1325.0,1259520,45.0,0.6601340174674988,0.024473406,-10.473447829261422,-0.03402024973729567,19672,0.026611328125,0.0001,0.2,3.065505821723491,-0.21661138534545898,-0.007512849544582423
1,1884,0,1287.0,1260032,45.0,0.3761135935783386,0.02356572,-11.339311313778161,-0.03650799959723372,19680,0.02294921875,0.0001,0.2,1.036862522130832,0.23275309801101685,-0.005918378763453802
1,1473,0,1265.5,1260544,45.0,0.9688739776611328,0.0065298034,-12.152257893681526,-0.03216995013281121,19688,0.02001953125,0.0001,0.2,2.9671773854643106,0.24183285236358643,-0.005839114124682965
1,2024,0,1206.0,1261056,45.0,0.7083208560943604,0.025355555,-12.532370323240757,-0.06263702758951695,19696,0.035400390625,0.0001,0.2,3.042451267829165,0.15704196691513062,-0.00697692544417805
1,1895,0,1166.5,1261568,45.0,25.840219497680664,0.0072565135,-16.849688550680877,-0.3830328690819442,19704,0.196533203125,0.0001,0.2,66.12644252181053,0.12329322099685669,0.0006196444337547291
1,1968,0,1094.0,1262080,45.0,19.751649856567383,0.01216013,-20.343246924206614,-0.32467357988934964,19712,0.185791015625,0.0001,0.2,52.54117123782635,0.44157344102859497,-0.016156678299012128
1,1718,0,1094.0,1262592,45.0,12.366719245910645,0.025679579,-22.891940030828117,-0.28791027108673006,19720,0.254638671875,0.0001,0.2,28.86013761907816,0.5883778929710388,-0.02482040824543219
1,1904,0,1115.0,1263104,45.0,5.414154529571533,0.027803889,-23.88778002843261,-0.16224993631476536,19728,0.08984375,0.0001,0.2,18.6995857283473,0.6027600169181824,-0.015011609473731369
1,1755,0,1131.0,1263616,45.0,4.449453830718994,0.044712245,-24.269025511294604,-0.0887415184697602,19736,0.04541015625,0.0001,0.2,10.484024196863174,0.6444788873195648,-0.014016028755577281
1,1586,0,1201.5,1264128,45.0,3.035182476043701,0.008576141,-23.854277275279163,-0.06425394471443724,19744,0.02099609375,0.0001,0.2,6.100830961018801,0.7309056520462036,-0.006417846248950809
1,1466,0,1263.5,1264640,45.0,1.8802653551101685,0.008932305,-23.779959982186554,-0.06693231446115533,19752,0.030029296875,0.0001,0.2,3.746177952736616,0.7830743193626404,-0.006544093277625507
1,1232,0,1319.5,1265152,45.0,1.1529209613800049,0.0034056855,-23.799012010991575,-0.04520083297393285,19760,0.01708984375,0.0001,0.2,3.315176167525351,0.82852803170681,-0.005997244603349827
1,1741,0,1297.5,1265664,45.0,0.522815465927124,0.017882429,-22.918074350059033,-0.06723137025983306,19768,0.0361328125,0.0001,0.2,4.355409051291645,0.7546420991420746,-0.010588606048258953
1,1738,0,1269.5,1266176,45.0,1.34816312789917,0.01046265,-20.080776864886285,-0.08101825950870989,19776,0.039306640625,0.0001,0.2,5.326885133981705,0.48885512351989746,-0.012472289497964084
1,1757,0,1245.0,1266688,45.0,2.74955677986145,0.0072380053,-17.56020523764193,-0.07456412304600235,19784,0.040771484375,0.0001,0.2,6.564615337178111,0.44104403257369995,-0.011529605551913846
1,1501,0,1226.0,1267200,45.0,1.4297670125961304,0.008083371,-15.819531694948672,-0.08932157025265042,19792,0.04296875,0.0001,0.2,4.685618721880019,0.08807128667831421,-0.010339617481804453
1,1616,0,1244.0,1267712,45.0,1.5840359926223755,0.039847746,-15.699601635709405,-0.09623162908246741,19800,0.085205078125,0.0001,0.2,6.6878278311342,-0.0030220746994018555,-0.012721741280984133
1,1790,0,1228.0,1268224,45.0,4.428529262542725,0.015520451,-15.373366305530071,-0.07156188577209832,19808,0.0400390625,0.0001,0.2,14.249765180051327,-0.05051898956298828,-0.01658766630134778
1,1804,0,1125.0,1268736,45.0,1.3815650939941406,0.006356164,-14.966669721454382,-0.0467285473132506,19816,0.022705078125,0.0001,0.2,4.158237835392356,0.15097546577453613,-0.008548825768230017
1,2076,0,1056.5,1269248,45.0,1.2543987035751343,0.012012027,-14.454010685533285,-0.06237708316621138,19824,0.033447265625,0.0001,0.2,4.394690084271133,0.1178852915763855,-0.006317228086118121
1,1743,0,1006.0,1269760,45.0,1.4068968296051025,0.0042968676,-13.522983560338616,-0.04377715307782637,19832,0.016845703125,0.0001,0.2,5.594049247913063,-0.005290985107421875,-0.004467782608116977
1,1941,0,1034.5,1270272,45.0,0.6338057518005371,0.0037243944,-12.671166791617871,-0.04191178302789922,19840,0.022216796875,0.0001,0.2,3.634291115216911,0.05341273546218872,-0.007364985074673314
1,1778,0,1073.5,1270784,45.0,1.608046054840088,0.007581244,-11.37031225696206,-0.04475244090644992,19848,0.026611328125,0.0001,0.2,6.287532726302743,0.05244177579879761,-0.007171342142100912
1,1661,0,1148.0,1271296,45.0,2.03305721282959,0.036912568,-10.078567280843854,-0.06642828587791882,19856,0.044189453125,0.0001,0.2,4.481572120450437,0.18705105781555176,-0.015584737004246563
1,1823,0,1016.0,1271808,45.0,0.7997859716415405,0.0060540806,-8.757727057188749,-0.04355918314831797,19864,0.023193359375,0.0001,0.2,2.5564716504886746,-0.49996185302734375,-0.006260654336074367
1,1618,0,986.5,1272320,45.0,0.33773770928382874,0.019444436,-7.459258457645774,-0.04357628057732654,19872,0.03369140625,0.0001,0.2,1.4113749923417345,0.3970029950141907,-0.009451412108319346
1,1831,0,941.5,1272832,45.0,0.6815986633300781,0.057089776,-7.072620329335332,-0.0797990881401347,19880,0.037353515625,0.0001,0.2,4.325010848697275,0.4286459684371948,-0.010523508484766353
1,1842,0,981.5,1273344,45.0,3.223236560821533,0.004365774,-7.190338924005627,-0.05355622017850692,19888,0.022216796875,0.0001,0.2,6.832838837057352,0.20864838361740112,-0.009147239063167945
1,1756,0,1072.0,1273856,45.0,1.335464358329773,0.0058290106,-7.500792148634791,-0.03087317309109494,19896,0.021484375,0.0001,0.2,3.9241989655420184,0.43506771326065063,-0.00612041245403816
1,1419,0,1119.5,1274368,45.0,1.6512348651885986,0.009969693,-8.290054803267122,-0.031856588317168644,19904,0.017578125,0.0001,0.2,4.870401064865291,0.5338820815086365,-0.005684144292899873
1,1726,0,1162.0,1274880,45.0,1.0291790962219238,0.004758566,-9.044328189492226,-0.03774921497824835,19912,0.01708984375,0.0001,0.2,3.7760115126147866,0.6757643222808838,-0.005103559349663556
1,1678,0,1241.0,1275392,45.0,0.46842649579048157,0.009824464,-10.024941805228591,-0.057256919812061824,19920,0.031005859375,0.0001,0.2,2.248752187471837,0.35795021057128906,-0.008613152203906793
1,1912,0,1212.0,1275904,45.0,1.297728180885315,0.0102934465,-10.793293745666743,-0.04958828119924874,19928,0.023193359375,0.0001,0.2,3.859331821091473,0.5485394597053528,-0.006043320543540176
1,1864,0,1352.5,1276416,45.0,0.2759304940700531,0.01614097,-11.735876513719559,-0.042279502988094464,19936,0.03076171875,0.0001,0.2,1.7522628421429545,-0.02054452896118164,-0.009318038253695704
1,1674,0,1352.0,1276928,45.0,0.7954031229019165,0.01500091,-12.749726176261902,-0.05317462288803654,19944,0.044189453125,0.0001,0.2,2.8366235913708806,-0.0027399063110351562,-0.009044572754646651
1,1552,0,1365.5,1277440,45.0,2.178103446960449,0.0071421545,-13.378577607423066,-0.07970654882956296,19952,0.055419921875,0.0001,0.2,5.10891664866358,0.3550381660461426,-0.014691940545162652
1,1766,0,1408.5,1277952,45.0,1.1650398969650269,0.0127798775,-14.223756817355753,-0.07176446493394906,19960,0.046630859375,0.0001,0.2,3.2057639602571726,0.3184911012649536,-0.011612328460614663
1,1904,0,1376.0,1278464,45.0,2.0765445232391357,0.008147141,-14.60366547524929,-0.06107800463178137,19968,0.031982421875,0.0001,0.2,4.858484090305865,0.4477872848510742,-0.007287402375368401
1,1435,0,1365.0,1278976,45.0,1.2773336172103882,0.009885168,-14.116539795100689,-0.04569019568953081,19976,0.029541015625,0.0001,0.2,2.8822848610579967,0.44445472955703735,-0.007026069673884194
1,2053,0,1302.5,1279488,45.0,1.0455191135406494,0.0144935455,-13.795988876372576,-0.044787686225390644,19984,0.030517578125,0.0001,0.2,2.824955692514777,0.37898051738739014,-0.00943584446577006
1,1908,0,1276.5,1280000,45.0,0.6073111891746521,0.01676399,-12.819933692663907,-0.048610888476105174,19992,0.020751953125,0.0001,0.2,1.779720748309046,0.35678088665008545,-0.005207775458984543
1,2135,0,1167.0,1280512,45.0,0.4759793281555176,0.0064636497,-12.573709689453244,-0.036284212403188576,20000,0.0244140625,0.0001,0.2,1.2090092601720244,0.43959271907806396,-0.004487229394726455
1,1865,0,1161.0,1281024,45.0,0.35992205142974854,0.01510146,-12.186042884141207,-0.05306767739239149,20008,0.043212890625,0.0001,0.2,1.3144247587770224,0.529117077589035,-0.008542243689589668
1,2065,0,1089.5,1281536,45.0,0.49526289105415344,0.007604231,-11.08331238090992,-0.044682437789560936,20016,0.02099609375,0.0001,0.2,2.529220984550193,0.08270907402038574,-0.00643729046714725
1,2048,0,1117.0,1282048,45.0,1.02769935131073,0.0044361297,-10.383417293205857,-0.029691215186176123,20024,0.016357421875,0.0001,0.2,1.6399704427458346,-0.41833531856536865,-0.005892193192266859
1,1950,0,1095.5,1282560,45.0,0.6703604459762573,0.0071210596,-9.951012752205134,-0.03331131955928868,20032,0.016357421875,0.0001,0.2,1.6347848812583834,0.24109500646591187,-0.005467770577524789
1,1763,0,1102.0,1283072,45.0,0.8344911336898804,0.021293417,-9.480178659930825,-0.1161073211915209,20040,0.12451171875,0.0001,0.2,2.6583846984431148,0.5600543022155762,-0.013039755584031809
1,2059,0,1063.0,1283584,45.0,8.295814514160156,0.0047067963,-11.151454624682664,-0.2003521277802065,20048,0.08251953125,0.0001,0.2,21.276675432920456,0.3912932276725769,-0.010873864383029286
1,1907,0,1022.0,1284096,45.0,11.180839538574219,0.025335707,-13.10009532123804,-0.19502109137829393,20056,0.078125,0.0001,0.2,24.63562212139368,0.4467209577560425,-0.014539549796609208
1,1824,0,1025.0,1284608,45.0,3.59543514251709,0.008655972,-14.104748732075095,-0.11523981974460185,20064,0.051513671875,0.0001,0.2,12.44217123836279,0.6364308893680573,-0.01061927111732075
1,2082,0,1025.5,1285120,45.0,3.560671806335449,0.013742635,-14.992397668659686,-0.06633983309438918,20072,0.0224609375,0.0001,0.2,9.820819174870849,0.47240424156188965,-0.009331378489150666
1,1815,0,1110.0,1285632,45.0,1.5772478580474854,0.004320263,-16.025500922352077,-0.05622055835556239,20080,0.018310546875,0.0001,0.2,6.412954677827656,0.33857476711273193,-0.007232344494696008
1,1752,0,1152.0,1286144,45.0,0.9010661244392395,0.0027545057,-16.41464088521898,-0.0463440796957002,20088,0.016845703125,0.0001,0.2,3.2076019677333534,0.43676263093948364,-0.005398436904215487
1,1588,0,1185.5,1286656,45.0,1.6242235898971558,0.010947571,-16.738918612375855,-0.03921313667524373,20096,0.018798828125,0.0001,0.2,3.0154438707977533,0.7010894119739532,-0.00668885908453376
1,1781,0,1203.5,1287168,45.0,0.6976360082626343,0.017691372,-17.184208255261183,-0.046003528081200784,20104,0.0419921875,0.0001,0.2,3.3078721803613007,0.5534778535366058,-0.009226899906934705
1,1716,0,1200.0,1287680,45.0,0.5713275074958801,0.0040912423,-16.97633225440979,-0.02753394681349164,20112,0.017333984375,0.0001,0.2,1.643390940502286,0.7208173871040344,-0.0030135527485981584
1,1911,0,1253.5,1288192,45.0,0.7359558343887329,0.019253755,-16.54774320162833,-0.04326540058173123,20120,0.029052734375,0.0001,0.2,1.6532214805483818,-0.11973190307617188,-0.006983136627241038
1,1679,0,1305.0,1288704,45.0,0.7494069337844849,0.012341404,-15.30528414413333,-0.05551199964611442,20128,0.033935546875,0.0001,0.2,2.8322199527174234,0.110759437084198,-0.006931325217010453
1,1815,0,1255.5,1289216,45.0,0.5688629746437073,0.01847051,-14.45643204897642,-0.058779901066372986,20136,0.04296875,0.0001,0.2,2.37667888822034,0.3650205135345459,-0.0036958758064429276
1,1618,0,1357.0,1289728,45.0,0.5111685991287231,0.005955605,-13.856448846459388,-0.022853451842820505,20144,0.010498046875,0.0001,0.2,2.179143640678376,-0.05387520790100098,-0.00284601554449182
1,1805,0,1350.0,1290240,45.0,0.43652835488319397,0.01785375,-12.852293098196387,-0.04557766944708419,20152,0.024169921875,0.0001,0.2,2.0440782005898654,0.18663305044174194,-0.004343881380918901
1,1885,0,1249.0,1290752,45.0,0.7352716326713562,0.012524985,-11.979284586682915,-0.042458548699869425,20160,0.031982421875,0.0001,0.2,2.9964978587813675,0.32424259185791016,-0.006378785350534599
1,1933,0,1171.0,1291264,45.0,0.801911473274231,0.0067249415,-11.360855758041144,-0.029850555938537582,20168,0.02392578125,0.0001,0.2,2.944863524287939,0.017986595630645752,-0.006152736590593122
1,1771,0,1105.5,1291776,45.0,0.7230015397071838,0.017972413,-10.47453512236476,-0.04297172850056086,20176,0.030517578125,0.0001,0.2,2.509193321224302,0.0413394570350647,-0.006050057738320902
1,1799,0,1114.0,1292288,45.0,0.40451955795288086,0.011519431,-9.793384268954396,-0.035129736255839816,20184,0.0244140625,0.0001,0.2,1.7752861292101443,0.2615724205970764,-0.006411240123270545
1,1793,0,1146.5,1292800,45.0,0.659574031829834,0.006868696,-8.681822293996811,-0.032470281053065264,20192,0.02490234375,0.0001,0.2,2.1601667548529804,0.3759881854057312,-0.005573758931859629
1,1313,0,1237.0,1293312,45.0,1.7636239528656006,0.013634261,-7.866697642505169,-0.03452163279598608,20200,0.022705078125,0.0001,0.2,3.744546175468713,0.4556986689567566,-0.006664620610536076
1,1568,0,1217.0,1293824,45.0,0.6900267004966736,0.0046659424,-7.431636309325695,-0.03770996861203457,20208,0.01708984375,0.0001,0.2,2.425306231714785,0.6188523769378662,-0.005185102367249783
1,1688,0,1244.5,1294336,45.0,1.5629441738128662,0.0056991484,-7.102217586115002,-0.05044636874117714,20216,0.02880859375,0.0001,0.2,3.191784927621484,0.5950178802013397,-0.006309407413937151
1,1755,0,1219.5,1294848,45.0,0.7183824777603149,0.0039625247,-6.767912227064371,-0.04251038668007823,20224,0.018310546875,0.0001,0.2,2.4919640119187534,0.692986398935318,-0.004319908330217004
1,2013,0,1252.5,1295360,45.0,0.6224234700202942,0.011155007,-7.356022506505251,-0.0410111325327307,20232,0.02685546875,0.0001,0.2,4.695300583727658,0.24893927574157715,-0.005284486549498979
1,1808,0,1303.5,1295872,45.0,0.9090126156806946,0.0063031465,-7.88973902143538,-0.03149528322319384,20240,0.016845703125,0.0001,0.2,2.2406456952448934,-0.34213531017303467,-0.005492701515322551
1,1715,0,1351.5,1296384,45.0,0.5683818459510803,0.009530284,-8.659717849120497,-0.02623384734215506,20248,0.015869140625,0.0001,0.2,2.3210729099810123,0.22914451360702515,-0.00402538512571482
1,1745,0,1342.5,1296896,45.0,0.5524172782897949,0.042031474,-9.184292623624206,-0.04103350646983017,20256,0.043701171875,0.0001,0.2,2.3352580475620925,0.2930620312690735,-0.001007082057185471
1,1643,0,1309.0,1297408,45.0,0.4563240110874176,0.011200294,-9.878619347438216,-0.039722121042359504,20264,0.0302734375,0.0001,0.2,1.5715434160083532,-0.10211837291717529,-0.00864270990496152
1,1188,0,1278.5,1297920,45.0,0.7799752354621887,0.006650774,-10.193864183723926,-0.06563817115238635,20272,0.038818359375,0.0001,0.2,2.9595139315351844,-0.3265361785888672,-0.008581440837588161
1,1732,0,1267.0,1298432,45.0,1.888231635093689,0.0048873764,-10.571862640157342,-0.04360780592469382,20280,0.019775390625,0.0001,0.2,4.031639649532735,-0.08630061149597168,-0.006276310097746318
1,1707,0,1272.5,1298944,45.0,0.5192055106163025,0.08005384,-10.987909183725714,-0.06136439626425272,20288,0.03466796875,0.0001,0.2,1.4133407461922616,0.1544826626777649,-0.006008609947457444
1,1765,0,1289.0,1299456,45.0,4.007700443267822,0.027805593,-11.679859928563237,-0.05117853554838803,20296,0.047119140625,0.0001,0.2,6.034186857752502,0.174735426902771,-0.013523704059480224
1,1558,0,1384.0,1299968,45.0,0.8807383179664612,0.06073881,-11.447625647187232,-0.038869374206115026,20304,0.042724609375,0.0001,0.2,3.3995155384764075,0.337067186832428,-0.013891808179323561
1,1859,0,1307.0,1300480,45.0,1.2897560596466064,0.0050046737,-11.30691256172955,-0.03735472760490666,20312,0.03173828125,0.0001,0.2,3.1738113299943507,0.3939517140388489,-0.007070989937346894
1,1754,0,1312.5,1300992,45.0,0.6672430038452148,0.012349866,-10.938270831853151,-0.033187159679073375,20320,0.026611328125,0.0001,0.2,2.9478505421429873,0.42508941888809204,-0.006355782614264172
1,1704,0,1345.5,1301504,45.0,0.6255502104759216,0.0035949305,-10.671372796371578,-0.027513698707480216,20328,0.013916015625,0.0001,0.2,3.251402111724019,0.27955949306488037,-0.0036115617313043913
1,1714,0,1321.5,1302016,45.0,1.4866602420806885,0.006661147,-10.210430302023887,-0.03591776692337589,20336,0.029296875,0.0001,0.2,3.62517421413213,0.2551324963569641,-0.007862443271733355
1,2031,0,1244.0,1302528,45.0,0.5947144627571106,0.015315332,-10.000597858503461,-0.03764429705188377,20344,0.02392578125,0.0001,0.2,1.6917911409400403,0.2968692183494568,-0.006644350454735104
1,1746,0,1284.0,1303040,45.0,1.1508409976959229,0.0041430634,-9.631310176253319,-0.03111904788420361,20352,0.019775390625,0.0001,0.2,3.139486732892692,0.2530919909477234,-0.007890032866271213
1,2024,0,1205.0,1303552,45.0,1.1632579565048218,0.018525822,-8.83667240731418,-0.04932553607795853,20360,0.03076171875,0.0001,0.2,4.378300323151052,0.2967650294303894,-0.0065775441835285164
1,1821,0,1207.5,1304064,45.0,0.20256826281547546,0.006143394,-8.306631362885236,-0.018902438907389296,20368,0.0126953125,0.0001,0.2,2.014632206177339,-0.18510949611663818,-0.003862217730784323
1,1791,0,1231.0,1304576,45.0,0.7024833559989929,0.015335612,-7.749516160413623,-0.032189045939958305,20376,0.0263671875,0.0001,0.2,2.351854471024126,0.0536310076713562,-0.0061534089254564606
1,2000,0,1196.5,1305088,45.0,1.0133827924728394,0.012588973,-7.455272392332554,-0.03783516332077852,20384,0.029052734375,0.0001,0.2,3.3311132295057178,0.2094852328300476,-0.007536988334322814
1,1944,0,1175.5,1305600,45.0,0.35321295261383057,0.0047091893,-7.888213558271527,-0.04030830147348752,20392,0.019287109375,0.0001,0.2,3.655843465588987,0.32740044593811035,-0.00556918557958852
1,1972,0,1157.0,1306112,45.0,0.5675416588783264,0.002733803,-7.847104722484946,-0.021871542105145636,20400,0.010986328125,0.0001,0.2,2.0295696994289756,0.3424046039581299,-0.0026879958750214428
1,1865,0,1157.5,1306624,45.0,0.6784385442733765,0.0045102714,-8.302023872584105,-0.032452116854983615,20408,0.013427734375,0.0001,0.2,2.750667347572744,0.28469038009643555,-0.003335132554639131
1,1373,0,1187.5,1307136,45.0,0.5830895304679871,0.0072659245,-8.856971365064382,-0.03720519195849192,20416,0.017822265625,0.0001,0.2,1.8989292182959616,0.510392963886261,-0.005484999033797067
1,1818,0,1124.5,1307648,45.0,0.2746666669845581,0.00429464,-9.688617201074958,-0.032612400806101505,20424,0.017822265625,0.0001,0.2,1.7660123109817505,0.4064214825630188,-0.005607643117400585
1,1602,0,1192.0,1308160,45.0,0.48533591628074646,0.012847907,-10.328147420212627,-0.04723878574259288,20432,0.03173828125,0.0001,0.2,2.51383920526132,0.2980934977531433,-0.012473225317080505
1,1813,0,1141.0,1308672,45.0,0.48909327387809753,0.0092551205,-11.085203350633384,-0.03572396656818455,20440,0.01806640625,0.0001,0.2,1.8139296481385827,0.4635179042816162,-0.004622486056177877
1,1795,0,1125.5,1309184,45.0,1.1375943422317505,0.013616029,-12.138223767578602,-0.062488971818311256,20448,0.029052734375,0.0001,0.2,2.594217066653073,0.45070648193359375,-0.009669497580034658
1,1576,0,1210.5,1309696,45.0,0.6633532643318176,0.013788851,-12.540157860964536,-0.038356489945726935,20456,0.026123046875,0.0001,0.2,1.7208238700404763,0.3526540994644165,-0.0061634365119971335
1,1862,0,1173.0,1310208,45.0,0.3116986155509949,0.02134954,-12.702672850564122,-0.03611942867792095,20464,0.021484375,0.0001,0.2,1.2080389073234983,0.5741444826126099,-0.006641082538408227
1,1643,0,1221.0,1310720,45.0,0.4662490487098694,0.008722162,-13.171210486590862,-0.04428603808992193,20472,0.0283203125,0.0001,0.2,1.7513516591861844,0.023402512073516846,-0.00778696348243102
1,1559,0,1229.5,1311232,45.0,0.929191529750824,0.009485231,-13.069888212233781,-0.05454586790438043,20480,0.039306640625,0.0001,0.2,1.895772836636752,0.4278653860092163,-0.008522888809238793
1,1309,0,1315.0,1311744,45.0,1.031781792640686,0.02374304,-12.858918504565954,-0.0949490701459581,20488,0.066162109375,0.0001,0.2,2.496103547513485,0.5155248641967773,-0.00823181106352422
1,1754,0,1360.0,1312256,45.0,0.6302224397659302,0.011578772,-12.271769108325243,-0.050363266753265634,20496,0.0302734375,0.0001,0.2,1.8421510537154973,0.3014061450958252,-0.007210794661659747
1,1640,0,1312.5,1312768,45.0,0.19946466386318207,0.025263287,-11.898603487983346,-0.07320860249456018,20504,0.05615234375,0.0001,0.2,1.8771505723707378,0.5176971554756165,-0.008089527909760363
1,1580,0,1348.5,1313280,45.0,0.5609913468360901,0.02161428,-11.437839586511254,-0.07399009052096517,20512,0.04296875,0.0001,0.2,1.843979211524129,0.35002392530441284,-0.008815782028250396
1,1674,0,1387.5,1313792,45.0,0.9518958926200867,0.014634032,-10.725396584942937,-0.06284136407339247,20520,0.04638671875,0.0001,0.2,1.6395415326114744,0.44675034284591675,-0.006672796991551877
1,1356,0,1452.0,1314304,45.0,0.8864508867263794,0.012393549,-10.20436408020556,-0.0507359096845903,20528,0.034423828125,0.0001,0.2,1.6749678384512663,0.07013386487960815,-0.00491026683448581
1,1634,0,1504.5,1314816,45.0,0.3871843218803406,0.014677748,-10.118546832427382,-0.07100545231514843,20536,0.0390625,0.0001,0.2,1.1138825681991875,0.06580305099487305,-0.008245666125731077
1,1699,0,1480.5,1315328,45.0,0.821157693862915,0.0055300114,-9.848863854035734,-0.06719927497761091,20544,0.02880859375,0.0001,0.2,2.2909101429395378,0.18965017795562744,-0.006485475634690374
1,1779,0,1491.5,1315840,45.0,1.147519826889038,0.01138104,-10.064067011326552,-0.0637638478219742,20552,0.030517578125,0.0001,0.2,2.0789490612223744,0.4306948781013489,-0.008565893236664124
1,1814,0,1423.5,1316352,45.0,0.26568159461021423,0.01382212,-10.360381900072097,-0.05456229177980276,20560,0.030517578125,0.0001,0.2,1.3314331965520978,0.5767765939235687,-0.005041739343141671
1,1458,0,1418.0,1316864,45.0,0.5084948539733887,0.004085073,-10.654358354508878,-0.06758984266707557,20568,0.019287109375,0.0001,0.2,2.041143343783915,0.6025644242763519,-0.004597973074851325
1,1759,0,1393.5,1317376,45.0,0.6657978892326355,0.011151001,-10.840706543102861,-0.06926663097328856,20576,0.04541015625,0.0001,0.2,3.228692445438355,0.59927037358284,-0.008808781421976164
1,1827,0,1323.0,1317888,45.0,2.1153578758239746,0.009688731,-11.672814341038466,-0.0823597117268946,20584,0.04833984375,0.0001,0.2,4.001414985395968,0.5905237793922424,-0.013539972231228603
1,1932,0,1216.0,1318400,45.0,1.4816381931304932,0.004426519,-11.846090360954404,-0.0480523553887906,20592,0.019775390625,0.0001,0.2,1.9053864148445427,0.3495602607727051,-0.005512786447070539
1,1679,0,1194.0,1318912,45.0,0.3970230221748352,0.0053347438,-11.90590455159545,-0.042954432681654,20600,0.023193359375,0.0001,0.2,2.017197602894157,0.5529201030731201,-0.006987390297581442
1,1791,0,1086.5,1319424,45.0,0.5640184879302979,0.0060052243,-11.886543419361114,-0.06613339912291849,20608,0.03759765625,0.0001,0.2,3.235680738463998,0.3024270534515381,-0.010957744732877472
1,2071,0,983.0,1319936,45.0,1.3975952863693237,0.0125234695,-11.708736970797181,-0.1006611742923269,20616,0.05078125,0.0001,0.2,2.791768664494157,0.35767412185668945,-0.009601849313185085
1,1426,0,961.5,1320448,45.0,0.2746434211730957,0.012521947,-11.722077953293919,-0.05081737324690039,20624,0.02294921875,0.0001,0.2,1.466534284176305,0.2747570872306824,-0.007803009597409982
1,1962,0,966.0,1320960,45.0,1.308614730834961,0.0073122475,-11.293414072841406,-0.05458090598040144,20632,0.03662109375,0.0001,0.2,3.4497803542762995,-0.034206271171569824,-0.00823279720498249
1,1799,0,1044.0,1321472,45.0,1.6744781732559204,0.0027074963,-11.027045311629772,-0.040220067981863394,20640,0.017333984375,0.0001,0.2,5.04982946254313,0.06718361377716064,-0.007110621554602403
1,1947,0,1009.5,1321984,45.0,0.7079228162765503,0.013645656,-10.145929516851902,-0.045422297587720095,20648,0.02001953125,0.0001,0.2,3.274644071701914,0.29235535860061646,-0.004739772790344432
1,2162,0,977.0,1322496,45.0,1.8073917627334595,0.0054830657,-9.95788116671145,-0.035448076496322756,20656,0.015869140625,0.0001,0.2,4.095797120593488,0.35985827445983887,-0.004832889972021803
1,1832,0,1036.5,1323008,45.0,0.7885087728500366,0.0029800208,-10.414758580848575,-0.027183805801541894,20664,0.018798828125,0.0001,0.2,3.458733177278191,0.4931790828704834,-0.005815488490043208
1,1768,0,982.5,1323520,45.0,0.728346049785614,0.008832016,-10.831812289208173,-0.040730090433498845,20672,0.0234375,0.0001,0.2,4.170808914117515,0.20916134119033813,-0.0061119442179915495
1,1857,0,1083.5,1324032,45.0,1.9562649726867676,0.0027503213,-10.92558998286724,-0.04755142526482814,20680,0.015869140625,0.0001,0.2,6.074649436399341,0.2354450225830078,-0.004907737464236561
1,1887,0,1090.0,1324544,45.0,1.8197842836380005,0.0033041644,-10.921712409555912,-0.031087387182196835,20688,0.012451171875,0.0001,0.2,4.00798471737653,0.426612913608551,-0.0047741721937200055
1,2038,0,1061.5,1325056,45.0,3.183706283569336,0.0025013709,-11.105554164275526,-0.04175095332720957,20696,0.01806640625,0.0001,0.2,3.636363193858415,0.4284893870353699,-0.006222144584171474
1,2078,0,959.5,1325568,45.0,0.9291932582855225,0.0030844065,-11.650846321955322,-0.041091477844929614,20704,0.014404296875,0.0001,0.2,3.458334949798882,-0.012951016426086426,-0.006122755672549829
1,1912,0,898.5,1326080,45.0,0.8551003932952881,0.007911161,-12.06537293113768,-0.04128665161988465,20712,0.018310546875,0.0001,0.2,2.236244889209047,0.005738377571105957,-0.00516080490888271
1,1967,0,879.0,1326592,45.0,0.6427655220031738,0.0051929667,-12.337917283922433,-0.03966021225278382,20720,0.0263671875,0.0001,0.2,2.1750911283306777,0.1419101357460022,-0.0070169957834878005
1,2194,0,902.0,1327104,45.0,0.4387889802455902,0.018199986,-12.613802628144622,-0.05091225570140523,20728,0.036865234375,0.0001,0.2,1.4588361526839435,0.285004198551178,-0.008389044560317416
1,1929,0,879.5,1327616,45.0,2.0727951526641846,0.012393294,-12.721733536794781,-0.06223713786312146,20736,0.0458984375,0.0001,0.2,5.355176838580519,0.2921437621116638,-0.015304989705327898
1,1977,0,868.0,1328128,45.0,1.0052833557128906,0.010015136,-12.671935273036361,-0.04766229451888648,20744,0.02880859375,0.0001,0.2,3.6024331874214113,-0.2431873083114624,-0.009794536395929754
1,1721,0,980.0,1328640,45.0,0.24290166795253754,0.045732107,-11.895260063111783,-0.035264834157715086,20752,0.02783203125,0.0001,0.2,1.47537368000485,0.41566789150238037,-0.005483760665811133
1,1647,0,1031.5,1329152,45.0,0.7577325105667114,0.0024346244,-11.093025193065404,-0.04270485088454734,20760,0.0146484375,0.0001,0.2,2.356937177479267,0.6810779869556427,-0.0027301602422085125
1,1637,0,1136.5,1329664,45.0,1.1727278232574463,0.04133115,-10.456205426082015,-0.051743951669777744,20768,0.025146484375,0.0001,0.2,3.363826561719179,0.6376859843730927,-0.007947105401399313
1,1448,0,1192.5,1330176,45.0,0.4908964931964874,0.012100049,-9.481836514472961,-0.06215012863322045,20776,0.0419921875,0.0001,0.2,2.1899843215942383,0.7283381223678589,-0.006421341990062501
1,1868,0,1303.0,1330688,45.0,1.7190802097320557,0.0038611544,-9.235742869824172,-0.046510017547916505,20784,0.022705078125,0.0001,0.2,3.409622167237103,0.5270876884460449,-0.003879749263433041
1,1527,0,1371.0,1331200,45.0,0.5512498617172241,0.0047499933,-8.850724992975593,-0.03071389404249203,20792,0.0205078125,0.0001,0.2,1.6851421126630157,0.3189197778701782,-0.008412295203015674
1,1600,0,1442.5,1331712,45.0,0.7040772438049316,0.003403419,-8.605566109120845,-0.061731606045213994,20800,0.03466796875,0.0001,0.2,2.086265949998051,0.20023983716964722,-0.0074774372624233365
1,1812,0,1467.0,1332224,45.0,0.6369920969009399,0.020376936,-8.751341849118472,-0.06905824601562927,20808,0.04833984375,0.0001,0.2,2.3379776736255735,0.009258627891540527,-0.006169469896121882
1,1774,0,1464.5,1332736,45.0,0.5289241075515747,0.013454424,-9.347555278167128,-0.04578593500627903,20816,0.02880859375,0.0001,0.2,2.1247315732762218,0.03676372766494751,-0.009762589223100804
1,1700,0,1416.0,1333248,45.0,0.6839412450790405,0.004893818,-9.820863418281078,-0.05464859661879018,20824,0.027099609375,0.0001,0.2,2.218534752726555,0.48970305919647217,-0.00636425973061705
1,1759,0,1371.5,1333760,45.0,1.1456544399261475,0.009823396,-10.592488914057613,-0.03696247904008487,20832,0.020263671875,0.0001,0.2,3.00804743450135,0.49675726890563965,-0.006480541800556239
1,1781,0,1332.5,1334272,45.0,1.0667144060134888,0.0073286393,-11.228915559872984,-0.04803908483518171,20840,0.024169921875,0.0001,0.2,2.8008939838036895,0.6335448324680328,-0.0070900821083341725
1,1296,0,1314.0,1334784,45.0,1.255614995956421,0.008784881,-11.627405770495534,-0.031788542997674085,20848,0.02392578125,0.0001,0.2,3.2644124729558825,0.5002974271774292,-0.008954619690484833
1,1723,0,1378.0,1335296,45.0,0.3436453342437744,0.012375018,-12.023135440275073,-0.03174408514314564,20856,0.0185546875,0.0001,0.2,1.2480888755526394,0.5386596322059631,-0.0058354557877464686
1,1790,0,1290.5,1335808,45.0,0.5062377452850342,0.009812231,-12.31703590132296,-0.03896140473170817,20864,0.025634765625,0.0001,0.2,1.4717044396093115,0.5606379508972168,-0.0065064947921200655
1,1800,0,1238.0,1336320,45.0,0.3396233022212982,0.005419423,-12.216539325639605,-0.03154865158649045,20872,0.0166015625,0.0001,0.2,1.1026257523335516,0.2654426693916321,-0.005153750847966876
1,1529,0,1235.0,1336832,45.0,1.4391087293624878,0.0053554615,-12.161733708754182,-0.04141918982986681,20880,0.024658203125,0.0001,0.2,4.8924420066177845,0.06969630718231201,-0.007566492618934717
1,1357,0,1249.0,1337344,45.0,1.27613365650177,0.0056036892,-11.885285387262702,-0.04577545244683279,20888,0.0244140625,0.0001,0.2,2.627342068590224,0.2627987265586853,-0.006537291061249562
1,1678,0,1282.5,1337856,45.0,0.6032214164733887,0.027250443,-12.013934728130698,-0.03036509193589154,20896,0.0234375,0.0001,0.2,2.770899043418467,0.2468113899230957,-0.006075585147300444
1,1854,0,1321.5,1338368,45.0,1.0338232517242432,0.0033141058,-11.834769801571966,-0.036743754157214426,20904,0.019775390625,0.0001,0.2,2.3605979871936142,0.22384119033813477,-0.004429717329912819
1,1761,0,1358.5,1338880,45.0,0.639918863773346,0.0022087637,-11.385931401774288,-0.02863644466333426,20912,0.010986328125,0.0001,0.2,3.039048872422427,0.25476813316345215,-0.004162235316471197
1,1235,0,1357.0,1339392,45.0,0.6727769374847412,0.17433979,-11.306953924149274,-0.042047157212437014,20920,0.02734375,0.0001,0.2,1.8633122448809445,0.15741068124771118,-0.007691945320402738
1,1621,0,1364.0,1339904,45.0,1.1749544143676758,0.0038522943,-11.024595362320543,-0.03542963851487002,20928,0.01416015625,0.0001,0.2,2.6421526172198355,0.2712467312812805,-0.003571375596948201
1,1704,0,1454.5,1340416,45.0,0.6511024236679077,0.0055284654,-10.376386565566063,-0.040424259339488344,20936,0.020263671875,0.0001,0.2,1.9500491144135594,0.2853645086288452,-0.003275377268437296
1,1583,0,1468.0,1340928,45.0,1.0722746849060059,0.011395999,-9.978458345010877,-0.06278154631218058,20944,0.049072265625,0.0001,0.2,2.808206060901284,0.031518638134002686,-0.009322569872892927
1,1807,0,1407.5,1341440,45.0,0.7835924625396729,0.021419583,-9.387328028380871,-0.039752855068400095,20952,0.021728515625,0.0001,0.2,2.820194938685745,0.2889963984489441,-0.006857228159788065
1,1692,0,1383.5,1341952,45.0,0.2899783253669739,0.008711288,-8.870399025306106,-0.041941508679883555,20960,0.029052734375,0.0001,0.2,2.12177895498462,-0.03755593299865723,-0.00871089452994056
1,1803,0,1316.0,1342464,45.0,0.17704884707927704,0.00509781,-8.906435308158398,-0.03279062492720186,20968,0.014892578125,0.0001,0.2,1.3183580802287906,0.27235329151153564,-0.0052685443151858635
1,1651,0,1327.0,1342976,45.0,0.23343372344970703,0.002965428,-8.81158059835434,-0.022207014619198162,20976,0.01123046875,0.0001,0.2,1.4911658510100096,-0.11713910102844238,-0.0030454016850853804
1,1889,0,1267.5,1343488,45.0,0.1537315845489502,0.03495754,-9.057358322665095,-0.04388845221910742,20984,0.048095703125,0.0001,0.2,2.0080786179751158,0.09528189897537231,-0.01941033243201673
1,2037,0,1205.5,1344000,45.0,0.5401625633239746,0.0067597153,-9.17320741213858,-0.026706376239872043,20992,0.0185546875,0.0001,0.2,1.0830316413193941,0.27286845445632935,-0.005331718464731239
1,1524,0,1094.5,1344512,45.0,1.0405709743499756,0.001947768,-9.528494324758649,-0.01889818889912931,21000,0.010986328125,0.0001,0.2,1.9643231518566608,0.30066680908203125,-0.0033215097137144767
1,1996,0,928.0,1345024,45.0,1.4112944602966309,0.0078636445,-10.631889095678925,-0.02775539174899677,21008,0.020263671875,0.0001,0.2,2.6891380064189434,0.1804085373878479,-0.007950104107294464
1,1707,0,867.0,1345536,45.0,1.240572452545166,0.007959833,-11.427208717390895,-0.026163680890476826,21016,0.0185546875,0.0001,0.2,3.0153943141922355,0.03498190641403198,-0.004204702432616614
1,1910,0,829.5,1346048,45.0,2.1072776317596436,0.0028499085,-11.93826444387436,-0.03462483748762679,21024,0.020263671875,0.0001,0.2,4.214642081409693,0.335565447807312,-0.0039477744794567116
1,1736,0,888.5,1346560,45.0,1.0006887912750244,0.0026858011,-12.616724603623151,-0.02903726607110002,21032,0.01513671875,0.0001,0.2,5.0561178755015135,0.4039801359176636,-0.004232094259350561
1,1586,0,893.0,1347072,45.0,2.557244062423706,0.006226442,-11.928196759000421,-0.034622923544702644,21040,0.019775390625,0.0001,0.2,6.248871701769531,0.5805374383926392,-0.005119104615005199
1,1764,0,871.0,1347584,45.0,1.486656904220581,0.0047430852,-11.803582697436214,-0.04193071321151365,21048,0.014892578125,0.0001,0.2,7.095833572559059,0.6829838454723358,-0.006640873472861131
1,1757,0,835.0,1348096,45.0,1.9268852472305298,0.0058334502,-11.394299044162034,-0.03749014259119576,21056,0.026123046875,0.0001,0.2,6.223844730295241,0.7207119464874268,-0.009021540798130445
1,1685,0,958.5,1348608,45.0,1.2721706628799438,0.0034686218,-11.104030637070537,-0.048210214037681,21064,0.022216796875,0.0001,0.2,6.30965231359005,0.6227880120277405,-0.007516126497648656
1,1851,0,955.5,1349120,45.0,0.6556331515312195,0.002624665,-10.028710501417518,-0.03161454312430578,21072,0.015380859375,0.0001,0.2,2.386381598189473,0.701608419418335,-0.0035668184391397517
1,1425,0,1088.0,1349632,45.0,0.3509223759174347,0.019141905,-9.557182059064507,-0.03311617978670256,21080,0.02734375,0.0001,0.2,2.157496117055416,0.48643726110458374,-0.00802147705690004
1,1764,0,1140.0,1350144,45.0,0.3720923662185669,0.007012263,-8.92261317409575,-0.039849625602982996,21088,0.025634765625,0.0001,0.2,1.761225197231397,0.190940260887146,-0.008029602729948238
1,1936,0,1156.5,1350656,45.0,0.5235571265220642,0.0022607972,-8.326597831323744,-0.019030961370390287,21096,0.006591796875,0.0001,0.2,1.785003803204745,0.1968308687210083,-0.002595530459075235
1,1972,0,1108.0,1351168,45.0,0.5264163613319397,0.0037240875,-8.223035007491708,-0.03820660749624949,21104,0.0205078125,0.0001,0.2,1.920790889300406,-0.15056943893432617,-0.006630012358073145
1,1765,0,1051.0,1351680,45.0,0.4316504895687103,0.043511797,-8.60345385208726,-0.03353385025366151,21112,0.02685546875,0.0001,0.2,1.5078999772667885,0.24745720624923706,-0.006171961358631961
1,1595,0,1176.0,1352192,45.0,0.3210265040397644,0.012994245,-9.035508186891676,-0.03518332329531404,21120,0.02587890625,0.0001,0.2,1.5000443048775196,-0.20679080486297607,-0.0038217150686250534
1,1748,0,1229.0,1352704,45.0,0.2183258980512619,0.0067814006,-8.934830909147859,-0.022626947140452103,21128,0.015869140625,0.0001,0.2,0.8412567441118881,-0.016043424606323242,-0.004554133687634021
1,1733,0,1163.5,1353216,45.0,0.22239364683628082,0.012084448,-9.308784603774548,-0.023878829341356322,21136,0.018310546875,0.0001,0.2,0.5989584012422711,0.4373931884765625,-0.005414979092165595
1,1812,0,1149.5,1353728,45.0,1.4146924018859863,0.013246971,-10.203639785423874,-0.033641062155993495,21144,0.02685546875,0.0001,0.2,2.5838417164050043,0.10876315832138062,-0.008704881551238941
1,1751,0,1083.5,1354240,45.0,0.5830556750297546,0.005746897,-10.450606246814132,-0.03411588882590877,21152,0.0224609375,0.0001,0.2,2.4043276496231556,0.12477695941925049,-0.005785570452644606
1,1321,0,1072.0,1354752,45.0,0.9561029672622681,0.0059501156,-10.762527354881167,-0.04038150085489178,21160,0.024658203125,0.0001,0.2,2.6808077697642148,0.31597477197647095,-0.00653666140169662
1,1723,0,1133.0,1355264,45.0,0.6050668954849243,0.008969666,-11.15115507632494,-0.03445199819179834,21168,0.024169921875,0.0001,0.2,2.0633353581652045,0.2746489644050598,-0.004933849395456491
1,1743,0,1147.0,1355776,45.0,0.24940021336078644,0.0054877456,-10.722108239755034,-0.03339441908428853,21176,0.018310546875,0.0001,0.2,2.1383299028966576,0.4664389491081238,-0.005808931040519383
1,1705,0,1164.0,1356288,45.0,1.2472689151763916,0.0046864515,-10.92772981286049,-0.03258726208832741,21184,0.02880859375,0.0001,0.2,3.8670562370680273,0.5568473637104034,-0.008935929959989153
1,1807,0,1084.5,1356800,45.0,1.12361741065979,0.0025656726,-11.310338318571448,-0.03812600665696664,21192,0.014404296875,0.0001,0.2,4.805316531099379,0.5231014788150787,-0.004311243121264852
1,1659,0,1128.5,1357312,45.0,1.3188663721084595,0.0072379042,-11.332144817262888,-0.02864363433673134,21200,0.017333984375,0.0001,0.2,4.041123376693577,0.45622801780700684,-0.0055014801255310886
1,1761,0,1119.5,1357824,45.0,0.974382221698761,0.0030692383,-11.38262918293476,-0.035234089028563176,21208,0.017822265625,0.0001,0.2,5.73720614053309,0.35773658752441406,-0.004008200505268178
1,1768,0,1177.5,1358336,45.0,1.323573350906372,0.0013377308,-11.262336472347378,-0.0377194518378019,21216,0.014892578125,0.0001,0.2,3.6942834896035492,0.4181329011917114,-0.003095230740655097
1,1687,0,1248.0,1358848,45.0,0.506541907787323,0.008199346,-10.870852514430881,-0.03057416148840275,21224,0.014404296875,0.0001,0.2,2.6297712516970932,0.46798062324523926,-0.004596097634930629
1,2054,0,1215.5,1359360,45.0,0.38515302538871765,0.013261335,-10.592479489967227,-0.03355411090888083,21232,0.022216796875,0.0001,0.2,1.4872867374215275,0.5742051899433136,-0.0064922822602966335
1,1482,0,1170.0,1359872,45.0,0.4182862937450409,0.013671774,-10.317509534209966,-0.04430784691999179,21240,0.02880859375,0.0001,0.2,1.7042048461735249,0.2001093626022339,-0.009412519470060943
1,1702,0,1212.5,1360384,45.0,0.5253809094429016,0.0183918,-10.248532174900173,-0.043185358599657775,21248,0.029541015625,0.0001,0.2,1.302316618617624,0.296980082988739,-0.0059334420948289335
1,1736,0,1241.5,1360896,45.0,0.27507129311561584,0.0057986984,-9.741066161841154,-0.030316603117171326,21256,0.02392578125,0.0001,0.2,2.200630148174241,0.39524340629577637,-0.005161547967873048
1,1752,0,1269.0,1361408,45.0,0.2913888394832611,0.0036906092,-8.93278738476336,-0.028273536211145256,21264,0.01220703125,0.0001,0.2,1.3865650231018662,0.45680296421051025,-0.0032934974988165777
1,1730,0,1165.5,1361920,45.0,0.31212911009788513,0.009027833,-8.45832893177867,-0.035029968758863106,21272,0.023681640625,0.0001,0.2,1.7367446380667388,0.541191041469574,-0.006307511677732691
1,1961,0,1193.0,1362432,45.0,0.11385123431682587,0.009122811,-8.278605753779411,-0.020227383711699076,21280,0.014404296875,0.0001,0.2,1.0492017667856999,0.4395376443862915,-0.006182672550494317
1,1714,0,1101.0,1362944,45.0,0.4546509087085724,0.004811586,-8.261248916909098,-0.02063418497436942,21288,0.017333984375,0.0001,0.2,1.5219666021876037,0.18616235256195068,-0.006258020470340853
1,1864,0,1119.5,1363456,45.0,0.5513293743133545,0.012853907,-8.425278950929641,-0.03768031297113339,21296,0.03564453125,0.0001,0.2,1.6452599770855159,0.302437961101532,-0.01047331080189906
1,1695,0,1172.5,1363968,45.0,0.24896414577960968,0.016443372,-8.616366366669535,-0.03726302206359833,21304,0.036376953125,0.0001,0.2,1.1124280635267496,0.6419788599014282,-0.008637881968752481
1,1943,0,1157.0,1364480,45.0,0.5622702836990356,0.024532996,-8.782094420641661,-0.037262370917233056,21312,0.025146484375,0.0001,0.2,2.288009338080883,0.5597151219844818,-0.0050981668318854645
1,1151,0,1129.0,1364992,45.0,1.135627031326294,0.0144640915,-9.44495973996818,-0.03505985145829982,21320,0.025390625,0.0001,0.2,2.2863854821771383,0.3354816436767578,-0.0065065905182564165
1,1508,0,1067.0,1365504,45.0,0.8323867321014404,0.0067471024,-10.011983800753951,-0.02380005475697544,21328,0.01318359375,0.0001,0.2,2.811109776608646,0.40069836378097534,-0.005822503022500314
1,1525,0,1077.5,1366016,45.0,2.298978328704834,0.007028651,-10.593368871435523,-0.04059590302131255,21336,0.021484375,0.0001,0.2,4.5744218258187175,0.4889340400695801,-0.006040052638127236
1,1636,0,1223.5,1366528,45.0,0.42724522948265076,0.0052538654,-11.137296196818351,-0.03773132264177548,21344,0.0185546875,0.0001,0.2,1.9966354430653155,0.7287394106388092,-0.006447460153140128
1,1754,0,1251.0,1367040,45.0,0.6967820525169373,0.0025237075,-11.201257272958756,-0.024304785940330476,21352,0.014404296875,0.0001,0.2,2.199800486676395,0.7688176780939102,-0.0033881637173180934
1,1659,0,1317.5,1367552,45.0,1.0350430011749268,0.013288895,-11.357952781915664,-0.03256984364634263,21360,0.021240234375,0.0001,0.2,3.649582769256085,0.453612744808197,-0.006911670338013209
1,1622,0,1317.0,1368064,45.0,0.7076420187950134,0.016955331,-11.10883602336049,-0.04564002196821093,21368,0.031982421875,0.0001,0.2,1.7626329362392426,0.7215130925178528,-0.006415522722818423
1,1629,0,1304.5,1368576,45.0,0.5027502179145813,0.015985101,-11.12710523225367,-0.05245873797866807,21376,0.044189453125,0.0001,0.2,2.955607322975993,0.35270291566848755,-0.0127224826355814
1,1122,0,1416.5,1369088,45.0,0.7564709782600403,0.010207722,-11.500552526041865,-0.034396448794723256,21384,0.02001953125,0.0001,0.2,1.8840450239367783,0.23745137453079224,-0.00267775133397663
1,1760,0,1442.5,1369600,45.0,1.7192769050598145,0.0081423465,-11.287432697489857,-0.035577076701883925,21392,0.01904296875,0.0001,0.2,3.849865703843534,0.20401132106781006,-0.003340678602398839
1,1732,0,1462.5,1370112,45.0,1.28316330909729,0.02050001,-11.409301505461336,-0.054389539540352416,21400,0.03662109375,0.0001,0.2,3.0539940763264894,0.11707925796508789,-0.005938795831752941
1,1586,0,1485.5,1370624,45.0,1.0870529413223267,0.006399704,-10.943213372007012,-0.024966134351416258,21408,0.015380859375,0.0001,0.2,3.4337320663034916,0.2127845287322998,-0.004147746331000235
1,1592,0,1543.5,1371136,45.0,4.860240459442139,0.008226685,-11.488533834218979,-0.04936794399327482,21416,0.02587890625,0.0001,0.2,10.660396810621023,0.18125146627426147,-0.008049735431995941
1,1407,0,1545.0,1371648,45.0,1.9274612665176392,0.0060816146,-11.293988888561726,-0.040066269799353904,21424,0.031494140625,0.0001,0.2,4.931145824491978,0.31019121408462524,-0.006283974580583163
1,1917,0,1461.0,1372160,45.0,1.1059329509735107,0.006404568,-11.022445054873824,-0.05015667078350816,21432,0.03125,0.0001,0.2,3.9221850419417024,0.4859796166419983,-0.006132197308033938
1,1615,0,1473.0,1372672,45.0,0.7709400653839111,0.0078123612,-10.433468067869544,-0.033255375547923904,21440,0.0224609375,0.0001,0.2,3.594924855977297,0.507060319185257,-0.007280566504050512
1,1533,0,1449.0,1373184,45.0,0.5669121146202087,0.0047292453,-9.818501734137534,-0.03165572971556685,21448,0.01416015625,0.0001,0.2,2.4458175147883594,0.05775094032287598,-0.0027606720868789125
1,1674,0,1422.0,1373696,45.0,2.505905866622925,0.009521807,-9.556762080192566,-0.04970539996611478,21456,0.02978515625,0.0001,0.2,4.322160399518907,0.2799818515777588,-0.012260424584383145
1,2101,0,1340.0,1374208,45.0,0.3182840049266815,0.00988025,-8.798779012262822,-0.030984770526174543,21464,0.02392578125,0.0001,0.2,1.4816160744521767,-0.42709219455718994,-0.006189880587044172
1,1686,0,1338.5,1374720,45.0,0.1853610724210739,0.020330437,-8.489390964210033,-0.025680564900540048,21472,0.02294921875,0.0001,0.2,0.7747009740269277,0.2922683358192444,-0.005459981231979327
1,1468,0,1323.5,1375232,45.0,0.8208441138267517,0.006212939,-8.499225218743085,-0.036978489103148604,21480,0.024658203125,0.0001,0.2,3.2511893599294126,0.16473913192749023,-0.00504710493987659
1,1560,0,1325.5,1375744,45.0,0.5449930429458618,0.012529637,-7.775783185511828,-0.030129397479868203,21488,0.02294921875,0.0001,0.2,2.1693349317647517,0.25961118936538696,-0.005117003995110281
1,1600,0,1285.0,1376256,45.0,0.7720062732696533,0.016798636,-7.780092606619,-0.04610605272682733,21496,0.0302734375,0.0001,0.2,1.8470726513769478,0.32831060886383057,-0.008869936522387434
1,1495,0,1336.5,1376768,45.0,1.5877420902252197,0.0063120183,-8.673820572867989,-0.03723047209405195,21504,0.01904296875,0.0001,0.2,2.9886559387668967,0.21021896600723267,-0.00648402003935189
1,1745,0,1276.5,1377280,45.0,0.6622825860977173,0.008916638,-9.60828637048602,-0.03392980885655561,21512,0.026123046875,0.0001,0.2,1.8935830935370177,0.16182482242584229,-0.0056536875454185065
1,1307,0,1301.5,1377792,45.0,0.19295474886894226,0.005376768,-10.719785931557418,-0.030526582671882352,21520,0.020751953125,0.0001,0.2,1.1387582037132233,0.4289778470993042,-0.005628985600196756
1,1692,0,1304.0,1378304,45.0,1.0638374090194702,0.02156099,-11.68891619734466,-0.04132972784282174,21528,0.03125,0.0001,0.2,2.7174352793954313,0.21515995264053345,-0.005705638472136343
1,1771,0,1356.5,1378816,45.0,3.653385639190674,0.005301442,-12.496296611502766,-0.036968091232665756,21536,0.016357421875,0.0001,0.2,5.860787082463503,0.07793205976486206,-0.005874001792108174
1,1697,0,1262.5,1379328,45.0,0.6575335264205933,0.006014154,-13.205358137711883,-0.03264504042635963,21544,0.0224609375,0.0001,0.2,1.9881639080122113,-0.2674570083618164,-0.0046635262260679156
1,1839,0,1170.5,1379840,45.0,0.44206926226615906,0.0039011645,-13.100501190125943,-0.035253309053587145,21552,0.017822265625,0.0001,0.2,1.4028492466313764,0.13282954692840576,-0.0033319132053293288
1,1700,0,1131.5,1380352,45.0,0.19739672541618347,0.0086478405,-13.087925840914249,-0.03313133515530353,21560,0.021728515625,0.0001,0.2,1.0147807395551354,-0.11348211765289307,-0.0055660536600044
1,1575,0,1128.5,1380864,45.0,4.333889484405518,0.01043771,-12.904553282484413,-0.04888559398750658,21568,0.03076171875,0.0001,0.2,6.367713030427694,0.05802839994430542,-0.005519076017662883
1,1766,0,1063.0,1381376,45.0,0.606490969657898,0.010119088,-12.079967769533395,-0.03318743180534511,21576,0.0205078125,0.0001,0.2,2.7550106761045754,0.07411789894104004,-0.006115436481195502
1,1741,0,1040.0,1381888,45.0,0.7511483430862427,0.009024126,-11.177175798788667,-0.040820407427418104,21584,0.024169921875,0.0001,0.2,1.803981811972335,0.39010149240493774,-0.007345751922912314
1,1379,0,1053.5,1382400,45.0,2.2335753440856934,0.009969227,-10.455842883065342,-0.04860190395584141,21592,0.040283203125,0.0001,0.2,2.577728385804221,0.14051496982574463,-0.014162624360324116
1,1254,0,1102.0,1382912,45.0,1.3302385807037354,0.0008174089,-8.970878662541509,-0.020256996826788054,21600,0.007080078125,0.0001,0.2,2.6755353522021323,0.14144277572631836,-0.002957957000035094
1,1769,0,1062.5,1383424,45.0,1.377515196800232,0.0077416874,-8.248382247537375,-0.0465195270426193,21608,0.025146484375,0.0001,0.2,3.921504361089319,0.35366857051849365,-0.006147520001832163
1,1695,0,1115.0,1383936,45.0,0.5848936438560486,0.026820164,-7.890284281373024,-0.029523426153446053,21616,0.0263671875,0.0001,0.2,2.2479095596354455,0.42415177822113037,-0.008014989591174526
1,1803,0,1080.0,1384448,45.0,0.748191773891449,0.0087016225,-8.121167931109667,-0.039257084172277246,21624,0.016845703125,0.0001,0.2,2.6014155126176775,-0.0069348812103271484,-0.0031359262429759838
1,2010,0,1045.0,1384960,45.0,1.0722984075546265,0.010411237,-8.598400061503053,-0.0416440556255111,21632,0.021484375,0.0001,0.2,2.765067500062287,0.0885654091835022,-0.006754215519322315
1,1787,0,1050.5,1385472,45.0,0.8972201347351074,0.004266771,-8.845223019793629,-0.025954217013122616,21640,0.01123046875,0.0001,0.2,1.8156168526038527,0.3206052780151367,-0.00356872034171829
1,1559,0,1144.5,1385984,45.0,0.3366125226020813,0.026723534,-9.579218489527703,-0.034242665067722555,21648,0.0244140625,0.0001,0.2,1.2798267111647874,0.3128567934036255,-0.006489025363407563
1,1735,0,1102.5,1386496,45.0,1.2477710247039795,0.012124805,-10.006245886683464,-0.05239513930064277,21656,0.034423828125,0.0001,0.2,4.165686719119549,0.285530686378479,-0.008229877530538943
1,1751,0,1071.0,1387008,45.0,1.555604338645935,0.010900101,-10.674687983319163,-0.057250193621257495,21664,0.043701171875,0.0001,0.2,3.1932983016595244,0.28912287950515747,-0.00948077037173789
1,1784,0,1055.5,1387520,45.0,1.423213243484497,0.0047113076,-11.370762243941426,-0.04984876169874042,21672,0.029052734375,0.0001,0.2,4.689159389585257,0.3873668313026428,-0.00725600701480289
1,1792,0,1097.5,1388032,45.0,1.7592639923095703,0.0067149084,-12.033633916079998,-0.04377953098537546,21680,0.026611328125,0.0001,0.2,4.380631385371089,0.5268220603466034,-0.0046149305562721565
1,1594,0,1098.0,1388544,45.0,0.3961401879787445,0.005197182,-12.378096960112453,-0.03700599192779919,21688,0.025634765625,0.0001,0.2,2.633268689736724,0.5634951889514923,-0.009580191312124953
1,1231,0,1143.5,1389056,45.0,1.3753901720046997,0.013585727,-12.117036159485579,-0.04555541870468005,21696,0.02490234375,0.0001,0.2,2.836538504809141,0.4774298071861267,-0.00767983561672736
1,1675,0,1217.0,1389568,45.0,0.8770638108253479,0.007846649,-11.922767374962568,-0.05859723986577592,21704,0.03759765625,0.0001,0.2,4.3636404434219,0.34591418504714966,-0.010844881850061938
1,1511,0,1222.0,1390080,45.0,0.5834562182426453,0.0065053985,-12.05861588999629,-0.05030646006707684,21712,0.026611328125,0.0001,0.2,2.9063393333926797,0.002969980239868164,-0.007512409436458256
1,1798,0,1204.5,1390592,45.0,0.9780312180519104,0.015306532,-12.22365885347128,-0.04385258024558425,21720,0.03125,0.0001,0.2,2.711101758759469,0.06077831983566284,-0.005533189701964147
1,1720,0,1249.0,1391104,45.0,0.46479734778404236,0.0140114715,-12.172606249675155,-0.032495926403043995,21728,0.026611328125,0.0001,0.2,1.556946030817926,0.3228934407234192,-0.0053336233395384625
1,1818,0,1233.5,1391616,45.0,1.9934238195419312,0.09543868,-12.054402623549104,-0.03826517762536241,21736,0.026611328125,0.0001,0.2,3.6526561519131064,0.3758261799812317,-0.0062771352677373216
1,1775,0,1183.5,1392128,45.0,0.7283189296722412,0.022104815,-12.01867866963148,-0.03337460020520666,21744,0.022705078125,0.0001,0.2,2.2686572279781103,0.5493505001068115,-0.0048003276460804045
1,1670,0,1163.5,1392640,45.0,1.2985175848007202,0.011526555,-11.820523952245713,-0.04978174212283193,21752,0.04150390625,0.0001,0.2,4.024608886800706,0.44905585050582886,-0.005430555942439241
1,1748,0,1163.5,1393152,45.0,0.7201403379440308,0.0114121325,-11.59019494332373,-0.03791318847970615,21760,0.02197265625,0.0001,0.2,2.418285623192787,0.25772321224212646,-0.006285645391471917
1,1641,0,1221.0,1393664,45.0,0.9058524966239929,0.007398559,-11.306151617988943,-0.030160472432726237,21768,0.01318359375,0.0001,0.2,2.206249467562884,0.1340838074684143,-0.002181507385103032
1,1821,0,1180.0,1394176,45.0,0.677935004234314,0.0051543457,-10.625169496536255,-0.03696631595448707,21776,0.021728515625,0.0001,0.2,2.954747621435672,-0.278594970703125,-0.004577184015943203
1,1694,0,1236.0,1394688,45.0,0.5162039399147034,0.0130024925,-9.688550076335668,-0.027435003820301063,21784,0.018798828125,0.0001,0.2,3.959529997780919,0.22865533828735352,-0.005712979404052021
1,1721,0,1249.0,1395200,45.0,0.4094623625278473,0.010265078,-8.435908916592599,-0.0363383665130641,21792,0.028564453125,0.0001,0.2,1.3753383457660675,0.3068873882293701,-0.007939535997138591
1,1881,0,1191.5,1395712,45.0,0.5771373510360718,0.0041183475,-7.625546542182565,-0.024147916456058738,21800,0.018310546875,0.0001,0.2,1.6645410475321114,0.35669606924057007,-0.0031573520027450286
1,1761,0,1271.5,1396224,45.0,0.6472513675689697,0.008231811,-6.923995201066137,-0.02713995184922169,21808,0.027587890625,0.0001,0.2,2.3512640334665775,0.5442850291728973,-0.0074832145546679385
1,1872,0,1183.0,1396736,45.0,1.3668007850646973,0.0042239297,-6.107786919176578,-0.027331879670782655,21816,0.01513671875,0.0001,0.2,1.8882812806405127,0.6540316641330719,-0.005206161709793378
1,1307,0,1207.0,1397248,45.0,0.7618937492370605,0.0066481894,-5.9450537664443255,-0.03326215857623538,21824,0.021728515625,0.0001,0.2,2.3862440488301218,0.2877354621887207,-0.004898030798358377
1,1606,0,1200.0,1397760,45.0,0.45900365710258484,0.013731762,-5.904936142265797,-0.031921907845571695,21832,0.028076171875,0.0001,0.2,1.904844663105905,0.5186273455619812,-0.006913874611200299
1,1966,0,1141.5,1398272,45.0,1.1450085639953613,0.008674762,-6.306668413728476,-0.033803032882133266,21840,0.02099609375,0.0001,0.2,2.4946960667148232,0.5642721056938171,-0.005414856488641817
1,1702,0,1163.5,1398784,45.0,0.7652890682220459,0.010347651,-6.966737471148372,-0.021684114727577253,21848,0.01806640625,0.0001,0.2,1.8778031393885612,0.30200183391571045,-0.0067540182717493735
1,1806,0,1113.5,1399296,45.0,0.5733449459075928,0.010380884,-8.095181886330247,-0.04725853265790647,21856,0.0224609375,0.0001,0.2,3.954183181747794,0.3033713102340698,-0.005048353290476371
1,1824,0,1090.0,1399808,45.0,1.0031750202178955,0.0040356186,-9.044036219343543,-0.03736183892851841,21864,0.0166015625,0.0001,0.2,2.379073001910001,0.25489675998687744,-0.0043747108829848
1,1775,0,1062.5,1400320,45.0,0.66499924659729,0.0037699258,-10.251840847283601,-0.032111785976667306,21872,0.020263671875,0.0001,0.2,1.8589234752580523,0.31743377447128296,-0.005034283389250049
1,1732,0,1099.5,1400832,45.0,0.6800307631492615,0.06747169,-11.431746536940336,-0.04247326225595316,21880,0.02587890625,0.0001,0.2,2.0071787401102483,0.07240134477615356,-0.004183694523817394
1,1724,0,1215.5,1401344,45.0,1.0989282131195068,0.005643676,-12.331776055246591,-0.052753276209841715,21888,0.03125,0.0001,0.2,3.766719493083656,0.36187487840652466,-0.007563545310404152
1,1319,0,1205.0,1401856,45.0,0.43056726455688477,0.010701152,-12.865386923700571,-0.05750082444774307,21896,0.031005859375,0.0001,0.2,1.934101747814566,0.5914230048656464,-0.007229621292935917
1,1705,0,1207.0,1402368,45.0,0.5346161723136902,0.039913483,-13.127412267550826,-0.04695519623965083,21904,0.03466796875,0.0001,0.2,2.5157032220158726,0.5563008785247803,-0.01005937055015238
1,1859,0,1244.5,1402880,45.0,0.27917879819869995,0.0024685161,-13.36527650244534,-0.047093489634789876,21912,0.021728515625,0.0001,0.2,1.2658284620847553,0.7260755002498627,-0.005588282678218093
1,1668,0,1306.0,1403392,45.0,0.12784835696220398,0.008487371,-13.452930674180388,-0.039293936129979556,21920,0.025634765625,0.0001,0.2,0.7808025451377034,0.6419162154197693,-0.007721949248661986
1,1622,0,1425.5,1403904,45.0,0.719656229019165,0.005217292,-13.004131481051445,-0.04335570309376635,21928,0.023681640625,0.0001,0.2,1.7287111713085324,0.5361063480377197,-0.004531886719632894
1,1669,0,1444.0,1404416,45.0,0.5803751349449158,0.009733066,-12.102053815275431,-0.04029502394769224,21936,0.02783203125,0.0001,0.2,1.7752762588206679,0.5904111564159393,-0.007282617832970573
1,1697,0,1504.5,1404928,45.0,0.2577773928642273,0.005267966,-11.479861802831293,-0.03171688208794876,21944,0.0146484375,0.0001,0.2,1.118998161982745,0.5314449369907379,-0.005698853514331859
1,1546,0,1509.0,1405440,45.0,1.1780166625976562,0.0026642084,-11.223256165906786,-0.05322450828680303,21952,0.015380859375,0.0001,0.2,3.0988908703438938,0.46361666917800903,-0.0057944679792854
1,1731,0,1496.5,1405952,45.0,0.3868775963783264,0.009532093,-10.621454808041454,-0.05432797302091785,21960,0.0263671875,0.0001,0.2,3.0855760173872113,0.3013794422149658,-0.006668634916422889
1,1100,0,1552.5,1406464,45.0,0.447248637676239,0.011521259,-10.11729709662497,-0.05478326034062775,21968,0.03662109375,0.0001,0.2,1.5829903027042747,-0.20993506908416748,-0.00926223957867478
1,1667,0,1521.0,1406976,45.0,0.5084291696548462,0.017382326,-9.70834593050182,-0.05827081677125534,21976,0.046142578125,0.0001,0.2,1.7195397238247097,0.3521384596824646,-0.009362477649119683
1,1654,0,1504.5,1407488,45.0,1.1591806411743164,0.016212793,-9.694937043339014,-0.052565907972166315,21984,0.028076171875,0.0001,0.2,3.829451479949057,0.010845720767974854,-0.007056494789139833
1,1720,0,1480.5,1408000,45.0,0.46927839517593384,0.01144124,-9.79168122559786,-0.0401359823281382,21992,0.01708984375,0.0001,0.2,1.5388513230718672,0.3772868514060974,-0.004033866563986521
1,1640,0,1458.5,1408512,45.0,1.4844999313354492,0.0060549537,-9.988169178515673,-0.03829828012203507,22000,0.0224609375,0.0001,0.2,2.889764469116926,0.3025118112564087,-0.005956748394964961
1,1379,0,1457.5,1409024,45.0,1.457638144493103,0.0050720344,-10.187002185732126,-0.053317618258006405,22008,0.027099609375,0.0001,0.2,3.0506370551884174,0.3911917805671692,-0.009126785138505511
1,1689,0,1399.0,1409536,45.0,1.5403369665145874,0.014935022,-10.515108025297522,-0.0469079792201228,22016,0.032958984375,0.0001,0.2,3.4010850698687136,0.4673895239830017,-0.008471333130728453
1,1517,0,1453.0,1410048,45.0,0.2955777645111084,0.013682848,-10.916160405725241,-0.05242353626090335,22024,0.0283203125,0.0001,0.2,2.2921413304284215,0.5455626547336578,-0.007514449942391366
1,1641,0,1446.5,1410560,45.0,1.0688319206237793,0.008732092,-11.12572797641158,-0.06472814599692356,22032,0.025146484375,0.0001,0.2,3.5034822337329388,-0.2256169319152832,-0.006729091466695536
1,1744,0,1400.0,1411072,45.0,0.848107635974884,0.01158059,-10.94228367485106,-0.0707698757032631,22040,0.03271484375,0.0001,0.2,3.3214019257575274,0.13658356666564941,-0.0088256365415873
1,1810,0,1370.5,1411584,45.0,1.1280779838562012,0.011354633,-10.471279528662562,-0.06412474488752196,22048,0.046142578125,0.0001,0.2,2.941536196973175,0.0010277628898620605,-0.010668732298654504
1,1770,0,1448.0,1412096,45.0,1.267645239830017,0.008269092,-10.404269033223391,-0.04635735221836512,22056,0.028076171875,0.0001,0.2,2.895892150234431,0.3132435083389282,-0.007406709253700683
1,1675,0,1393.0,1412608,45.0,0.9863699674606323,0.008114412,-10.053287979736924,-0.043648610220770934,22064,0.025146484375,0.0001,0.2,2.5576269265729934,0.2570653557777405,-0.00686157720429037
1,1679,0,1392.5,1413120,45.0,0.4427720904350281,0.01140328,-10.091532057449221,-0.07034474556712667,22072,0.036865234375,0.0001,0.2,1.9890566007234156,0.11557978391647339,-0.007814651977241738
1,1582,0,1422.5,1413632,45.0,0.5191525816917419,0.0075904485,-10.383310238867999,-0.052927538758012815,22080,0.0302734375,0.0001,0.2,2.3805490822996944,0.2878217101097107,-0.007351546497375239
1,1674,0,1410.5,1414144,45.0,2.4278063774108887,0.008691382,-10.523976475596427,-0.0650796958943829,22088,0.031982421875,0.0001,0.2,6.348680274095386,0.23049557209014893,-0.005412846912804525
1,1630,0,1340.5,1414656,45.0,0.6438247561454773,0.0131270755,-10.679525328055025,-0.07216368040099042,22096,0.051513671875,0.0001,0.2,1.696301406249404,0.597631961107254,-0.014366358547704294
1,1233,0,1341.5,1415168,45.0,0.5291318893432617,0.019616172,-11.620774910822512,-0.07542410679161549,22104,0.046630859375,0.0001,0.2,2.9313985076732934,0.5964889526367188,-0.006764680794731248
1,1750,0,1338.0,1415680,45.0,0.9741074442863464,0.009683691,-12.852382759451865,-0.06507763591798721,22112,0.049560546875,0.0001,0.2,3.4764501871541142,0.5902700424194336,-0.0153942956821993
1,1651,0,1276.5,1416192,45.0,0.4086328446865082,0.015847297,-13.715886142998933,-0.05269945298459788,22120,0.040283203125,0.0001,0.2,1.2918054065667093,0.6861558258533478,-0.013271141833683942
1,1643,0,1298.5,1416704,45.0,0.5330483913421631,0.0070599127,-14.152087439224124,-0.050728441747196484,22128,0.034912109375,0.0001,0.2,1.350047476356849,0.5823281109333038,-0.0070540528249694034
1,1637,0,1316.0,1417216,45.0,0.5494523644447327,0.007964706,-14.031569091677666,-0.0399740109241975,22136,0.0185546875,0.0001,0.2,1.9377479597460479,0.41759949922561646,-0.0021453737426782027
1,1734,0,1277.5,1417728,45.0,1.1106560230255127,0.0139273405,-13.965967421010136,-0.04443311756767798,22144,0.032470703125,0.0001,0.2,2.298931677825749,0.20576882362365723,-0.007180892782344017
1,1579,0,1281.5,1418240,45.0,0.9898186326026917,0.013420246,-13.283863335698843,-0.0493495744849497,22152,0.02880859375,0.0001,0.2,2.533483105711639,0.29574525356292725,-0.008127444394631311
1,1610,0,1307.0,1418752,45.0,0.8013496994972229,0.004078403,-12.971309722661973,-0.07275001828020322,22160,0.040771484375,0.0001,0.2,2.826584327965975,0.200126051902771,-0.009776866412721574
1,1709,0,1341.5,1419264,45.0,0.596554160118103,0.0055813766,-12.745033984333277,-0.05143085090094246,22168,0.03076171875,0.0001,0.2,2.115104974247515,0.3034147620201111,-0.0064524383524258155
1,1252,0,1392.0,1419776,45.0,0.28878727555274963,0.01300329,-12.05714399881661,-0.051870868577680085,22176,0.020751953125,0.0001,0.2,2.053852222394198,-0.006884455680847168,-0.007515221986977849
1,1591,0,1440.5,1420288,45.0,0.38338324427604675,0.006224379,-11.631908395290374,-0.05825106135216629,22184,0.016357421875,0.0001,0.2,3.1994285257533193,0.13194602727890015,-0.0058916187699651346
1,1596,0,1509.0,1420800,45.0,1.6475194692611694,0.014679624,-11.964122783914208,-0.0622576910755015,22192,0.0400390625,0.0001,0.2,2.643160921987146,0.30729228258132935,-0.010702813320676796
1,1686,0,1559.5,1421312,45.0,0.49857276678085327,0.0030272584,-12.065808658748866,-0.03913941882092331,22200,0.02001953125,0.0001,0.2,1.940418317914009,0.4163101315498352,-0.005221242070547305
1,1729,0,1583.5,1421824,45.0,0.660819411277771,0.0036535678,-12.302141380235552,-0.03556363386451267,22208,0.02001953125,0.0001,0.2,1.4687704381067306,0.5825464129447937,-0.0037396087282104418
1,1634,0,1592.5,1422336,45.0,0.5126094818115234,0.01193846,-12.940100930035115,-0.03896960669771943,22216,0.031982421875,0.0001,0.2,1.8919681396801025,0.5172876119613647,-0.010784940459416248
1,1759,0,1609.0,1422848,45.0,0.642011821269989,0.005426114,-13.451477301120757,-0.06058553287948598,22224,0.028076171875,0.0001,0.2,2.3902520053088665,0.42164015769958496,-0.004681625643570442
1,1655,0,1577.0,1423360,45.0,0.19578087329864502,0.007032043,-13.481721007749439,-0.026470946282643126,22232,0.010986328125,0.0001,0.2,2.5311123214196414,0.2967684864997864,-0.0032664098143868614
1,1649,0,1590.5,1423872,45.0,0.5192724466323853,0.003581714,-13.147471895739436,-0.03465563585268683,22240,0.013427734375,0.0001,0.2,2.49457989144139,0.28479254245758057,-0.004280992936401162
1,1228,0,1625.5,1424384,45.0,1.4257553815841675,0.005117006,-12.66506398409605,-0.0312439951376291,22248,0.013916015625,0.0001,0.2,2.5035211199428886,0.3195894956588745,-0.0038568433956243098
1,1616,0,1576.0,1424896,45.0,0.21677473187446594,0.0053308764,-11.898483565822243,-0.0360846601324738,22256,0.0224609375,0.0001,0.2,1.82147076446563,0.2320360541343689,-0.004479132454434875
1,1708,0,1478.5,1425408,45.0,0.37919506430625916,0.011397258,-10.611933166459202,-0.04930103711376432,22264,0.040283203125,0.0001,0.2,1.1537848603911698,0.21036577224731445,-0.006779963667213451
1,2008,0,1353.0,1425920,45.0,0.30602848529815674,0.011111834,-9.592692415565253,-0.035718094597541494,22272,0.023681640625,0.0001,0.2,1.5047535116318613,0.47363388538360596,-0.006151388290163595
1,1628,0,1304.5,1426432,45.0,0.41871142387390137,0.004299919,-8.714890153482557,-0.028665601157626952,22280,0.0146484375,0.0001,0.2,1.6058902202639729,0.3019421100616455,-0.00601143267340376
1,1756,0,1290.0,1426944,45.0,1.3303251266479492,0.009780914,-7.973889575079084,-0.04900933402677765,22288,0.025146484375,0.0001,0.2,3.610457773320377,-0.064750075340271,-0.008152240894560236
1,1665,0,1225.5,1427456,45.0,2.4054927825927734,0.0062708724,-7.487320316135883,-0.03987466345097346,22296,0.025390625,0.0001,0.2,3.977944758720696,0.010737121105194092,-0.00426707317274122
1,1524,0,1245.0,1427968,45.0,0.18083186447620392,0.019189328,-7.2537747659534215,-0.045576583563160966,22304,0.037841796875,0.0001,0.2,1.627252846956253,0.11779665946960449,-0.008511013118550181
1,1804,0,1187.0,1428480,45.0,1.2448551654815674,0.007527869,-7.406246189028025,-0.052995796359027736,22312,0.02685546875,0.0001,0.2,3.6871605291962624,0.23081552982330322,-0.010243768061627634
1,1274,0,1196.5,1428992,45.0,1.2347910404205322,0.01960708,-8.303378389328719,-0.042706581987658865,22320,0.032958984375,0.0001,0.2,2.5149844232946634,0.30880463123321533,-0.009412418265128508
1,1879,0,1186.0,1429504,45.0,0.8539720773696899,0.0062270095,-9.169790081307292,-0.053506253512750845,22328,0.03515625,0.0001,0.2,3.436989188194275,0.3753637671470642,-0.005679534646333195
1,1729,0,1261.0,1430016,45.0,0.35985177755355835,0.0054352917,-10.250638213306665,-0.04181318643168197,22336,0.019287109375,0.0001,0.2,3.3552059452049434,0.07697314023971558,-0.00482070440921234
1,1925,0,1279.5,1430528,45.0,0.6261492967605591,0.0034274375,-11.460509908273815,-0.035953006423369516,22344,0.018310546875,0.0001,0.2,2.449448033235967,-0.01707935333251953,-0.005855947521922644
1,2037,0,1181.0,1431040,45.0,1.447322130203247,0.008567876,-12.837885639593004,-0.047065831797226565,22352,0.028564453125,0.0001,0.2,2.5508546619676054,0.423442542552948,-0.007727810363576282
1,1780,0,1213.0,1431552,45.0,0.5473224520683289,0.0036415327,-13.51032481327653,-0.03323329698469024,22360,0.019775390625,0.0001,0.2,1.7743103622924536,-0.09079170227050781,-0.007476969010895118
1,1708,0,1276.0,1432064,45.0,0.9321992993354797,0.0070145205,-13.753634880557657,-0.03718046617359505,22368,0.0205078125,0.0001,0.2,2.362514171283692,-0.2302846908569336,-0.004326268117438303
1,1863,0,1219.5,1432576,45.0,0.48682260513305664,0.0025346845,-14.200016015321017,-0.04506584664341062,22376,0.01708984375,0.0001,0.2,2.166219164384529,0.42527252435684204,-0.005971151025732979
1,1841,0,1249.0,1433088,45.0,1.0758697986602783,0.003884193,-14.079626797735692,-0.03505674975167494,22384,0.020263671875,0.0001,0.2,3.8455148208886385,0.2884678840637207,-0.007208531686046626
1,1771,0,1206.5,1433600,45.0,0.616627037525177,0.009291396,-13.772818115949631,-0.04497535801056074,22392,0.023681640625,0.0001,0.2,2.0155140492133796,0.24811315536499023,-0.00781432928670256
1,1372,0,1204.0,1434112,45.0,0.6150978207588196,0.0010997461,-13.231026463732123,-0.03050497096410254,22400,0.008544921875,0.0001,0.2,2.0331108178943396,0.34103429317474365,-0.0039002615740173496
1,1645,0,1219.0,1434624,45.0,0.2865879535675049,0.011782134,-12.615964832901955,-0.044186060957144946,22408,0.030029296875,0.0001,0.2,2.0607321735005826,0.2837762236595154,-0.006034941994585097
1,1878,0,1234.5,1435136,45.0,1.012796401977539,0.005671389,-11.615899068564177,-0.025396266970346915,22416,0.01220703125,0.0001,0.2,2.3574895637575537,0.6292790174484253,-0.0046052980396780185
1,1841,0,1254.0,1435648,45.0,0.3433210551738739,0.015283899,-10.74141903936863,-0.03663431754466728,22424,0.025634765625,0.0001,0.2,2.4902406255714595,-0.4063979387283325,-0.008608967014879454
1,1724,0,1307.0,1436160,45.0,1.155448079109192,0.012219032,-10.35021005615592,-0.023729003289190587,22432,0.01953125,0.0001,0.2,2.9286079294979572,0.31029272079467773,-0.006200018666277174
1,1800,0,1339.5,1436672,45.0,0.5809168219566345,0.014802157,-10.468510687425733,-0.026711820288255694,22440,0.01806640625,0.0001,0.2,1.6428431270178407,-0.28050100803375244,-0.005659626414853847
1,1729,0,1343.0,1437184,45.0,1.2422263622283936,0.0051506776,-10.131763701736928,-0.02319365955918329,22448,0.012939453125,0.0001,0.2,2.0260867471806705,-0.0018204450607299805,-0.003709315504238475
1,1728,0,1399.5,1437696,45.0,0.5373099446296692,0.021155702,-10.501475136876106,-0.04333401840995066,22456,0.028564453125,0.0001,0.2,2.509844407904893,0.13633990287780762,-0.006951203213247936
1,1852,0,1423.0,1438208,45.0,0.5491546988487244,0.0011198323,-10.463566367104649,-0.02500975657676463,22464,0.011962890625,0.0001,0.2,1.763662297045812,-0.08875918388366699,-0.0022020993346814066
1,1311,0,1412.0,1438720,45.0,1.776635766029358,0.039196063,-10.902805979400874,-0.037480334565771045,22472,0.0322265625,0.0001,0.2,2.2389685458038002,0.30842387676239014,-0.01135226440965198
1,1730,0,1417.5,1439232,45.0,0.987000048160553,0.0070453067,-11.288491680249571,-0.05550904555275338,22480,0.035400390625,0.0001,0.2,5.110561519861221,0.1359732747077942,-0.006982724902627524
1,1597,0,1442.5,1439744,45.0,1.1098427772521973,0.003611197,-11.527551970034837,-0.04397192109900061,22488,0.026123046875,0.0001,0.2,2.6141695040278137,0.280808687210083,-0.0070830669865245
1,1912,0,1423.0,1440256,45.0,0.8583329319953918,0.0054276604,-11.267583678290247,-0.05413781498100434,22496,0.021728515625,0.0001,0.2,2.166114814579487,0.23186570405960083,-0.005654505628626794
1,1894,0,1358.5,1440768,45.0,0.5432506203651428,0.005489004,-11.433968794718385,-0.03367774146863667,22504,0.022216796875,0.0001,0.2,3.315635020378977,0.33089423179626465,-0.005631467171042459
1,1768,0,1291.5,1441280,45.0,6.3620924949646,0.0073505524,-12.244062932580709,-0.05555480017210357,22512,0.040283203125,0.0001,0.2,20.952055463567376,0.19425904750823975,-0.018744619032077026
1,1779,0,1225.5,1441792,45.0,1.3590307235717773,0.0024578483,-11.944194245487452,-0.03588120618769608,22520,0.013916015625,0.0001,0.2,3.6552895340137184,0.14562785625457764,-0.004894476420304272
1,1841,0,1149.5,1442304,45.0,1.2176724672317505,0.009055423,-11.77625897206366,-0.05647167754796101,22528,0.02734375,0.0001,0.2,3.8704847949557006,0.11709237098693848,-0.007488109164114576
1,1696,0,1117.0,1442816,45.0,0.6935370564460754,0.0031948371,-12.347403224334121,-0.03716369389439933,22536,0.01708984375,0.0001,0.2,3.128539004828781,0.4312129020690918,-0.0022073008767620195
1,1663,0,1150.0,1443328,45.0,1.4139643907546997,0.0032130207,-12.224357167780399,-0.036188902190588124,22544,0.01806640625,0.0001,0.2,2.7131726290099323,0.3850797414779663,-0.004786392404639628
1,1278,0,1106.0,1443840,45.0,1.3345494270324707,0.0067722816,-11.714315561801195,-0.027384624693695514,22552,0.018798828125,0.0001,0.2,3.396460042335093,0.3155785799026489,-0.005270910776744131
1,1796,0,1105.0,1444352,45.0,1.6087028980255127,0.011008562,-11.765646506473422,-0.046158676232153084,22560,0.025146484375,0.0001,0.2,4.1598243014886975,0.30629509687423706,-0.006276364852965344
1,1749,0,1190.0,1444864,45.0,0.8788639307022095,0.003261745,-11.676794421523809,-0.0326487096845085,22568,0.013916015625,0.0001,0.2,2.1809148648753762,0.13699889183044434,-0.003913417844159994
1,1703,0,1200.0,1445376,45.0,1.0675609111785889,0.0041937707,-10.700755250900984,-0.018243544869619654,22576,0.00732421875,0.0001,0.2,2.366924450499937,0.3677138090133667,-0.003003453035489656
1,1711,0,1218.0,1445888,45.0,0.2831709086894989,0.0074850456,-9.760794362947344,-0.02706145312095032,22584,0.015625,0.0001,0.2,2.358161916024983,0.29788172245025635,-0.00631754528512829
1,1632,0,1293.5,1446400,45.0,0.31679704785346985,0.003699387,-9.705638758987188,-0.022258473149122437,22592,0.010498046875,0.0001,0.2,1.3854387754108757,0.21514183282852173,-0.00261899836914381
1,1705,0,1303.0,1446912,45.0,0.6057789921760559,0.013163716,-9.273553557693958,-0.03141947980020632,22600,0.021728515625,0.0001,0.2,1.0377418055431917,0.05099552869796753,-0.005755289337685099
1,1741,0,1364.5,1447424,45.0,0.20080655813217163,0.011928247,-9.1469356700778,-0.03271460986434249,22608,0.02294921875,0.0001,0.2,0.9696886725723743,0.43584924936294556,-0.008536452060070587
1,1600,0,1357.5,1447936,45.0,0.8197482824325562,0.008365231,-9.14432443678379,-0.031553300567793485,22616,0.02197265625,0.0001,0.2,1.7332690174225718,0.32104402780532837,-0.0034969773187185638
1,1253,0,1425.0,1448448,45.0,0.5335859656333923,0.004090551,-9.851314726918936,-0.023533329678230075,22624,0.013916015625,0.0001,0.2,2.5993184642866254,0.23298001289367676,-0.005644404256599955
1,1636,0,1528.5,1448960,45.0,1.45834481716156,0.0017930547,-10.203080547824502,-0.027336028534591605,22632,0.016357421875,0.0001,0.2,2.487620720639825,0.35953378677368164,-0.0033429962568334304
1,1410,0,1464.0,1449472,45.0,0.37432268261909485,0.006662646,-10.832056071013213,-0.034167744714977744,22640,0.02099609375,0.0001,0.2,1.3402956845238805,0.5009677112102509,-0.007749439133476699
1,1631,0,1473.5,1449984,45.0,0.57576984167099,0.004589782,-11.261958347409964,-0.03086825532864168,22648,0.0263671875,0.0001,0.2,1.627944611478597,0.6122355759143829,-0.006059202838514466
1,1660,0,1485.0,1450496,45.0,0.5426401495933533,0.010373909,-11.493703866526484,-0.040019942656726926,22656,0.02490234375,0.0001,0.2,1.671674523036927,0.3939204812049866,-0.006358703889418393
1,1704,0,1495.5,1451008,45.0,0.4128270149230957,0.004685598,-11.339032803028822,-0.030279357781182625,22664,0.0205078125,0.0001,0.2,1.7159913915675133,0.12138718366622925,-0.005415521169197746
1,1615,0,1487.0,1451520,45.0,0.41424882411956787,0.005734212,-10.988527617529035,-0.03252646420332894,22672,0.022705078125,0.0001,0.2,1.5608699624426663,0.3466566801071167,-0.005555017360165948
1,1622,0,1499.5,1452032,45.0,0.5419667363166809,0.010126004,-10.319980681687593,-0.030143412486268062,22680,0.01513671875,0.0001,0.2,2.552236888092011,0.23136985301971436,-0.0027754723523685243
1,1582,0,1532.5,1452544,45.0,0.4170498847961426,0.0094663,-9.553948661759495,-0.03558425170376722,22688,0.018798828125,0.0001,0.2,2.0133041432127357,0.20905303955078125,-0.0059493648950592615
1,1287,0,1480.5,1453056,45.0,0.40570297837257385,0.0067058317,-9.029822164773941,-0.036252620400773594,22696,0.021484375,0.0001,0.2,1.2910407285671681,0.3244023323059082,-0.006792168907850282
1,1705,0,1471.0,1453568,45.0,0.4526479244232178,0.0073664924,-8.554691701829434,-0.03593288622687396,22704,0.029052734375,0.0001,0.2,3.1875574495643377,0.14821308851242065,-0.005180943480809219
1,1752,0,1519.5,1454080,45.0,0.4246160387992859,0.005448559,-8.111936770305038,-0.03109289243002422,22712,0.01708984375,0.0001,0.2,1.475470432313159,-0.11753582954406738,-0.005258654102362925
1,1748,0,1472.5,1454592,45.0,0.23765897750854492,0.0074953777,-7.701345399096608,-0.03491491528120605,22720,0.02587890625,0.0001,0.2,1.6527240363648161,0.23998671770095825,-0.00836306103883544
1,1669,0,1502.0,1455104,45.0,0.8493734002113342,0.0052128853,-7.670934369340539,-0.0349321374505962,22728,0.021484375,0.0001,0.2,1.7605053018778563,0.4052674174308777,-0.008039639400521992
1,1683,0,1518.0,1455616,45.0,1.8483692407608032,0.004193186,-7.767440980300307,-0.03871805204835255,22736,0.0244140625,0.0001,0.2,2.9455433217808604,0.29727494716644287,-0.005518933347048005
1,1560,0,1521.5,1456128,45.0,0.3761305510997772,0.007741937,-8.51043961457908,-0.033980808519118,22744,0.021728515625,0.0001,0.2,1.8852680835407227,0.2779332399368286,-0.006926682715857169
1,1593,0,1504.5,1456640,45.0,1.1740456819534302,0.009321565,-9.086592299863696,-0.04083293199437321,22752,0.021728515625,0.0001,0.2,1.821376513922587,0.3589850664138794,-0.004540366750006797
1,1649,0,1480.5,1457152,45.0,1.516168475151062,0.013054983,-9.678064824342728,-0.04446318225564028,22760,0.03564453125,0.0001,0.2,2.8975327177904546,0.4053660035133362,-0.007211622054455802
1,1226,0,1516.0,1457664,45.0,0.5793876051902771,0.013127146,-10.030052298009396,-0.03588968161147932,22768,0.028564453125,0.0001,0.2,1.6276376892346889,0.437034547328949,-0.006929792631126475
1,1673,0,1546.0,1458176,45.0,0.7464042901992798,0.0024220254,-10.384164666309953,-0.048327100805181544,22776,0.022216796875,0.0001,0.2,2.3933488978073,0.2958199977874756,-0.004691670692409389
1,1731,0,1543.5,1458688,45.0,0.5905147194862366,0.016392725,-10.838822005912661,-0.025588440749743313,22784,0.017822265625,0.0001,0.2,1.518027676967904,-0.10760414600372314,-0.005631425337924156
1,1618,0,1572.5,1459200,45.0,0.31248316168785095,0.01369722,-11.26319968752563,-0.03534578783683173,22792,0.027587890625,0.0001,0.2,1.3165573794394732,0.34928256273269653,-0.007664061504328856
1,1745,0,1475.0,1459712,45.0,0.4949057698249817,0.00923088,-11.907300756052136,-0.052178718924551504,22800,0.03125,0.0001,0.2,2.2147770491428673,0.2123585343360901,-0.00842990270757582
1,1674,0,1508.5,1460224,45.0,0.5604214072227478,0.012973186,-11.846946441307663,-0.033626471029947425,22808,0.03125,0.0001,0.2,1.4490059418603778,0.36920875310897827,-0.008820558585284743
1,1792,0,1521.0,1460736,45.0,1.056999683380127,0.012937595,-11.729541908279062,-0.028118353184254374,22816,0.013916015625,0.0001,0.2,3.0632833559066057,0.4025958776473999,-0.003994837119535077
1,1724,0,1466.5,1461248,45.0,0.38992956280708313,0.0047404114,-11.67343839906156,-0.01968053382393009,22824,0.010009765625,0.0001,0.2,1.8512212820351124,0.6146941483020782,-0.003607183331041597
1,1903,0,1424.5,1461760,45.0,2.5972673892974854,0.024077158,-11.264532727450133,-0.03331977339985315,22832,0.02392578125,0.0001,0.2,3.3894451740197837,0.27103090286254883,-0.008021037770959083
1,1644,0,1428.5,1462272,45.0,0.3994233012199402,0.024867747,-10.593906914964318,-0.02654947119640383,22840,0.023681640625,0.0001,0.2,1.258845176314935,0.6554280817508698,-0.007197102764621377
1,1748,0,1373.5,1462784,45.0,0.31996414065361023,0.019432435,-10.294924630597233,-0.02897423409513067,22848,0.019287109375,0.0001,0.2,1.4264608612284064,0.11267787218093872,-0.004575623868731782
1,1895,0,1318.0,1463296,45.0,0.5361580848693848,0.0047983667,-9.744085031300783,-0.021138863086889614,22856,0.016357421875,0.0001,0.2,2.172377137467265,0.01591777801513672,-0.0037262511323206127
1,1740,0,1251.0,1463808,45.0,0.4406070113182068,0.0036486522,-9.243355765268207,-0.030766065124794295,22864,0.02001953125,0.0001,0.2,1.781405203975737,0.08651089668273926,-0.0034127526632801164
1,1655,0,1277.0,1464320,45.0,0.7834566831588745,0.008676094,-8.969200069606304,-0.05526013516191597,22872,0.039306640625,0.0001,0.2,2.187577717471868,-0.029827594757080078,-0.009179060642054537
1,1878,0,1244.5,1464832,45.0,2.318575859069824,0.0070651816,-9.246724595054983,-0.04285272599554446,22880,0.025390625,0.0001,0.2,6.145717041566968,0.198833167552948,-0.006215872159373248
1,1599,0,1200.0,1465344,45.0,1.0552453994750977,0.007112674,-9.512481600865721,-0.031679045426244556,22888,0.017578125,0.0001,0.2,3.610957818105817,-0.27499067783355713,-0.006615143225644715
1,1743,0,1189.0,1465856,45.0,0.787855863571167,0.009036429,-9.725046873539686,-0.03648821816932468,22896,0.0234375,0.0001,0.2,2.2619732869789004,0.31475645303726196,-0.005069991955679143
1,1689,0,1204.5,1466368,45.0,1.1309973001480103,0.0062660226,-10.3965185379982,-0.04095538098226825,22904,0.019287109375,0.0001,0.2,3.899782072752714,0.2602052092552185,-0.005875804155948572
1,1748,0,1161.5,1466880,45.0,1.1897767782211304,0.015260949,-11.289329454153776,-0.037840905344637576,22912,0.02978515625,0.0001,0.2,3.605717553757131,0.06267458200454712,-0.006420774137950502
1,1285,0,1150.0,1467392,45.0,0.5186437964439392,0.0067009674,-12.199732174798847,-0.04659545460890513,22920,0.025634765625,0.0001,0.2,2.1003950040321797,0.34493881464004517,-0.00597176086739637
1,1508,0,1280.0,1467904,45.0,0.8749765753746033,0.012870632,-13.510439689233898,-0.04631446292660257,22928,0.025634765625,0.0001,0.2,3.1228023497387767,0.46294450759887695,-0.006617005587031599
1,1694,0,1302.5,1468416,45.0,1.8512905836105347,0.008451786,-14.195537830218672,-0.048153377343624015,22936,0.03271484375,0.0001,0.2,3.6980596678331494,0.04298067092895508,-0.0077059499599272385
1,1565,0,1302.5,1468928,45.0,0.35927316546440125,0.0055308184,-14.523142201825976,-0.037377574717538664,22944,0.022705078125,0.0001,0.2,1.6886939243413508,0.17054903507232666,-0.004803628376976121
1,1168,0,1338.5,1469440,45.0,1.119319200515747,0.013082832,-14.475846622660756,-0.031969102508128344,22952,0.030029296875,0.0001,0.2,3.377727289684117,0.2784575819969177,-0.006717867050610948
1,1657,0,1312.0,1469952,45.0,0.8023862242698669,0.009779281,-14.029508427232503,-0.032644333739881404,22960,0.019775390625,0.0001,0.2,2.296155795454979,-0.006651520729064941,-0.004463040044356603
1,1705,0,1395.5,1470464,45.0,1.1733601093292236,0.008274572,-13.54529020562768,-0.03391924050674788,22968,0.02001953125,0.0001,0.2,3.5023796064779162,0.11585992574691772,-0.0052371797937667
1,1792,0,1397.0,1470976,45.0,0.5283175110816956,0.0020362516,-12.569886908903719,-0.03145904870234517,22976,0.010009765625,0.0001,0.2,2.581062588840723,0.2762221693992615,-0.0018693796519073658
1,1349,0,1357.5,1471488,45.0,0.3935692608356476,0.007081126,-11.37962770447135,-0.023647919686482055,22984,0.019775390625,0.0001,0.2,3.862993280403316,0.3738561272621155,-0.004910373485472519
1,1750,0,1416.5,1472000,45.0,0.6356692910194397,0.010467881,-10.409140743389726,-0.040901571072026854,22992,0.029541015625,0.0001,0.2,2.235763192176819,-0.14258205890655518,-0.005719992142985575
1,1542,0,1364.5,1472512,45.0,0.4746624827384949,0.0049645132,-9.017307818606495,-0.036868270066406694,23000,0.026123046875,0.0001,0.2,1.9192655314691365,0.4177801012992859,-0.00685972927021794
1,1589,0,1359.5,1473024,45.0,1.049065113067627,0.009360641,-8.431791718229652,-0.044240740844543325,23008,0.02734375,0.0001,0.2,2.9618189921602607,-0.12866318225860596,-0.0068979096540715545
1,1552,0,1392.0,1473536,45.0,1.3071857690811157,0.01108969,-7.80215975575149,-0.058998598800826585,23016,0.026123046875,0.0001,0.2,3.2126238076016307,0.2747820019721985,-0.007650687715795357
1,1385,0,1431.0,1474048,45.0,2.144519329071045,0.0030961633,-7.558821919336915,-0.051629407971631736,23024,0.016357421875,0.0001,0.2,4.376839957199991,0.2865791916847229,-0.0036534600003506057
1,1878,0,1358.0,1474560,45.0,1.6514098644256592,0.006533428,-7.615805968344212,-0.047302006987592904,23032,0.029541015625,0.0001,0.2,5.885584620758891,0.20118039846420288,-0.006092187217291212
1,1811,0,1338.5,1475072,45.0,0.4518289864063263,0.01573971,-7.91729238897562,-0.04881266990923905,23040,0.031982421875,0.0001,0.2,1.9819585625082254,0.1569284200668335,-0.00512046324001858
1,1813,0,1355.0,1475584,45.0,0.7924051284790039,0.017879046,-8.868269896283746,-0.047000770277008996,23048,0.043212890625,0.0001,0.2,1.7124895784072578,0.4054224491119385,-0.006459600801463239
1,1438,0,1306.5,1476096,45.0,0.6464221477508545,0.023601176,-9.51271508090198,-0.05870508962470922,23056,0.0478515625,0.0001,0.2,1.5531126835849136,0.5022955238819122,-0.010493171252164757
1,1932,0,1160.0,1476608,45.0,0.16846200823783875,0.013254501,-10.179541364982724,-0.045446455504134065,23064,0.029296875,0.0001,0.2,1.402563831070438,0.5680902898311615,-0.007901574303105008
1,1665,0,1171.5,1477120,45.0,0.6562084555625916,0.013866417,-11.453928653523326,-0.09168127987777552,23072,0.064453125,0.0001,0.2,4.7356213624589145,0.35807979106903076,-0.008026564035390038
1,2007,0,1091.5,1477632,45.0,1.4670019149780273,0.018290706,-12.038093328103423,-0.10313903767382726,23080,0.072265625,0.0001,0.2,3.047967975027859,0.4227297902107239,-0.013903732397011481
1,1734,0,1050.0,1478144,45.0,0.7979822158813477,0.011511051,-12.642702012509108,-0.06874075402447488,23088,0.04296875,0.0001,0.2,4.159899250604212,0.3115620017051697,-0.012354788806987926
1,1475,0,916.0,1478656,45.0,0.9368906021118164,0.0056380094,-13.232094304040075,-0.06363334912748542,23096,0.0302734375,0.0001,0.2,3.4116554837673903,0.02701336145401001,-0.008329146970936563
1,1799,0,921.5,1479168,45.0,0.5112124681472778,0.009020314,-13.627705977782608,-0.03586366877243563,23104,0.029296875,0.0001,0.2,1.9879390562418848,-0.3576946258544922,-0.009026712679769844
1,1568,0,870.5,1479680,45.0,1.4535247087478638,0.012689292,-13.882124935612083,-0.06259122441406362,23112,0.03466796875,0.0001,0.2,3.347141651902348,0.11100375652313232,-0.012274308865016792
1,2090,0,868.5,1480192,45.0,1.0914151668548584,0.026448686,-14.230073465779423,-0.06746648296393687,23120,0.0498046875,0.0001,0.2,4.340804861858487,0.054781317710876465,-0.013949176427558996
1,1757,0,924.0,1480704,45.0,2.2986843585968018,0.004077074,-15.00638512827456,-0.025581221001175436,23128,0.013427734375,0.0001,0.2,4.350015953183174,0.40830421447753906,-0.005142673158843536
1,1813,0,1002.0,1481216,45.0,1.9164843559265137,0.002938235,-15.328839111477137,-0.034418734730934375,23136,0.012939453125,0.0001,0.2,6.303938010707498,0.17926770448684692,-0.005560809615417384
1,1788,0,1053.0,1481728,45.0,2.237778663635254,0.0023703193,-14.948302804976702,-0.03144572797418732,23144,0.012939453125,0.0001,0.2,6.450121899135411,0.2993515729904175,-0.005512407391506713
1,1921,0,1080.5,1482240,45.0,1.058424949645996,0.013101477,-14.828969280645252,-0.03659070673802489,23152,0.0166015625,0.0001,0.2,3.976063482929021,0.4583113193511963,-0.005394295847509056
1,1899,0,1000.0,1482752,45.0,1.690649390220642,0.003411051,-15.087270428165793,-0.03447674395511058,23160,0.01416015625,0.0001,0.2,5.383785259909928,0.12487256526947021,-0.004758082213811576
1,1767,0,1035.5,1483264,45.0,1.3496731519699097,0.0033194716,-15.074500349238514,-0.033883269946272776,23168,0.01708984375,0.0001,0.2,3.756105068838224,0.20581144094467163,-0.0061463086276489776
1,1905,0,1010.5,1483776,45.0,1.8642092943191528,0.008360878,-14.834479656219482,-0.04219718402782746,23176,0.023681640625,0.0001,0.2,3.668097543530166,0.23275595903396606,-0.006550392048666254
1,1717,0,1040.5,1484288,45.0,1.3413939476013184,0.0050277743,-14.142463604211807,-0.03366352325065236,23184,0.022216796875,0.0001,0.2,3.043372851330787,0.27751725912094116,-0.005395102176407818
1,1702,0,1101.0,1484800,45.0,0.8113017678260803,0.008720592,-13.318479368239641,-0.03972981208607962,23192,0.020263671875,0.0001,0.2,3.773415840230882,0.1448054313659668,-0.006406708351278212
1,1871,0,1002.0,1485312,45.0,2.636087417602539,0.008484956,-11.948349915146828,-0.03480968360508996,23200,0.018798828125,0.0001,0.2,3.7314398251473904,0.4232419729232788,-0.005139669989148388
1,1603,0,1039.0,1485824,45.0,1.0764241218566895,0.0085496195,-11.300270456448198,-0.03563131972987321,23208,0.017822265625,0.0001,0.2,3.0181591669097543,0.3923115134239197,-0.005247499073448125
1,1386,0,957.5,1486336,45.0,1.3441978693008423,0.005158019,-10.346513732895255,-0.05245172079412441,23216,0.02783203125,0.0001,0.2,3.2786274757236242,0.4849194884300232,-0.00593583557929378
1,1730,0,1062.0,1486848,45.0,1.239672064781189,0.018125145,-9.656607768908144,-0.04255663655294484,23224,0.03173828125,0.0001,0.2,4.781953061930835,0.2173292636871338,-0.009593888073140988
1,1704,0,1111.5,1487360,45.0,0.6041020154953003,0.004742941,-8.42484255976975,-0.034495635656639934,23232,0.02294921875,0.0001,0.2,1.9800874826032668,0.1722622513771057,-0.005048287464887835
1,1717,0,1210.0,1487872,45.0,0.7040166258811951,0.0075260913,-8.068422422558069,-0.03548896983375016,23240,0.0224609375,0.0001,0.2,1.7738465692382306,0.28600502014160156,-0.005437694748252397
1,1642,0,1275.5,1488384,45.0,0.38306623697280884,0.01746138,-7.924884285628796,-0.03186737258329231,23248,0.02490234375,0.0001,0.2,1.2860431900480762,0.5008541345596313,-0.007645090383448405
1,1793,0,1278.5,1488896,45.0,0.33773738145828247,0.011852747,-7.9187869941443205,-0.033407838654966326,23256,0.023681640625,0.0001,0.2,2.1867789060343057,0.15003854036331177,-0.0056296979819308035
1,1828,0,1258.5,1489408,45.0,0.35706061124801636,0.016806275,-8.259608822017908,-0.036757481284439564,23264,0.0234375,0.0001,0.2,2.1542875226587057,0.05423814058303833,-0.005451872528283275
1,1705,0,1319.5,1489920,45.0,0.9549269080162048,0.0061130924,-8.580544967502355,-0.025298185013525654,23272,0.019775390625,0.0001,0.2,1.4432228696532547,-0.09459507465362549,-0.0054188446592888795
1,1706,0,1304.5,1490432,45.0,0.5171721577644348,0.015099184,-8.963704465553164,-0.03343728643540089,23280,0.0283203125,0.0001,0.2,2.375848153606057,0.11460530757904053,-0.005912492131756153
1,1274,0,1348.0,1490944,45.0,0.38776764273643494,0.00959423,-9.382621168196202,-0.024317575239365397,23288,0.023681640625,0.0001,0.2,1.3889860110357404,-0.22931432723999023,-0.0044443165006669005
1,1707,0,1334.5,1491456,45.0,0.2667170763015747,0.0059839035,-9.321909617707133,-0.016654726488013694,23296,0.007080078125,0.0001,0.2,1.3962876714067534,0.16189545392990112,-0.0024487477348884568
1,1729,0,1286.0,1491968,45.0,1.659200668334961,0.0077272854,-9.849917281419039,-0.027823306005302584,23304,0.021240234375,0.0001,0.2,2.4578946572728455,0.1816803216934204,-0.0073548048312659375
1,1702,0,1281.5,1492480,45.0,1.7775167226791382,0.0029485584,-9.862878775298595,-0.02316740439982823,23312,0.010498046875,0.0001,0.2,4.805509306490421,0.23174124956130981,-0.0017528804237372242
1,1689,0,1300.0,1492992,45.0,1.0715981721878052,0.017437711,-9.298182756602763,-0.04480794276969391,23320,0.034423828125,0.0001,0.2,1.9810528275556862,0.38672351837158203,-0.005095687840366736
1,1770,0,1334.5,1493504,45.0,0.44657838344573975,0.013790454,-9.152319906949996,-0.02589684576196305,23328,0.020751953125,0.0001,0.2,1.473493438679725,0.40702956914901733,-0.003950732039811555
1,1653,0,1314.5,1494016,45.0,0.16974270343780518,0.004181008,-8.323941066190601,-0.03633394287680858,23336,0.024658203125,0.0001,0.2,2.217695970321074,0.5011267066001892,-0.0061174123038654216
1,1673,0,1326.5,1494528,45.0,0.4759143888950348,0.010806635,-8.11149007037282,-0.0354234662700037,23344,0.03076171875,0.0001,0.2,1.5522554349154234,0.6204970479011536,-0.006129556601081276
1,1716,0,1370.0,1495040,45.0,1.8105775117874146,0.0072542247,-7.767285060063005,-0.02579110897386272,23352,0.01318359375,0.0001,0.2,2.6284671928733587,0.5315907001495361,-0.002846249408321455
1,1829,0,1334.5,1495552,45.0,0.43652719259262085,0.006699692,-7.636309686601162,-0.03440524305278814,23360,0.021728515625,0.0001,0.2,2.1971794520504773,0.2668002247810364,-0.006078340935346205
1,1567,0,1352.0,1496064,45.0,0.37829673290252686,0.017518394,-8.156844681501388,-0.04146965405197989,23368,0.02392578125,0.0001,0.2,2.7709158533252776,-0.5058811902999878,-0.007085455050400924
1,1616,0,1428.0,1496576,45.0,0.754873514175415,0.007471104,-7.9480337680131194,-0.05707113992320956,23376,0.04052734375,0.0001,0.2,2.764173923060298,0.02129805088043213,-0.009754326689289883
1,1640,0,1400.0,1497088,45.0,0.5844060182571411,0.0070203235,-8.179822797775268,-0.032231389688604395,23384,0.02099609375,0.0001,0.2,1.732253662776202,0.3663938045501709,-0.007715221037869924
1,1636,0,1394.0,1497600,45.0,0.8190054297447205,0.03422044,-8.913801316395402,-0.03895753327560669,23392,0.03564453125,0.0001,0.2,1.8235386859159917,0.046728312969207764,-0.006908855262736324
1,1690,0,1468.5,1498112,45.0,0.5195289850234985,0.013273202,-9.566997761949898,-0.0363411425587401,23400,0.026123046875,0.0001,0.2,2.9593415004201233,0.10208499431610107,-0.006733635520504322
1,1796,0,1437.0,1498624,45.0,0.5777204632759094,0.010237986,-10.364378935545682,-0.04271700197023165,23408,0.023681640625,0.0001,0.2,2.473852621857077,0.07473516464233398,-0.00748016588477185
1,1667,0,1382.0,1499136,45.0,0.5858871340751648,0.0030935209,-10.802970834895968,-0.02593067482484912,23416,0.01318359375,0.0001,0.2,1.068648991174996,0.13926464319229126,-0.0026513086195336655
1,1243,0,1438.0,1499648,45.0,0.5639969110488892,0.0064871535,-11.553050594180823,-0.04525906878734531,23424,0.03173828125,0.0001,0.2,2.644427916035056,0.4398055672645569,-0.007713608516496606
1,1869,0,1400.5,1500160,45.0,0.9772920608520508,0.018433668,-11.865820987448096,-0.04829844333289657,23432,0.028564453125,0.0001,0.2,1.4804913280531764,0.6015227735042572,-0.006855920757516287
1,1735,0,1389.5,1500672,45.0,0.3723229467868805,0.045149133,-11.534164573177696,-0.021894625769164122,23440,0.025634765625,0.0001,0.2,1.7745364187285304,0.6836194396018982,-0.007208528029877925
1,1832,0,1401.0,1501184,45.0,0.8972591161727905,0.008973408,-12.054873860999942,-0.031239421902682807,23448,0.0146484375,0.0001,0.2,3.7883297917433083,0.5159876048564911,-0.0047350642234960105
1,1826,0,1361.5,1501696,45.0,0.5333866477012634,0.005897736,-12.070974081456662,-0.03727271969728463,23456,0.01953125,0.0001,0.2,4.742664128541946,0.26398998498916626,-0.006259537552978145
1,1786,0,1302.0,1502208,45.0,0.7325692176818848,0.0061759264,-12.181302684992552,-0.03606281595648397,23464,0.02294921875,0.0001,0.2,1.946946521755308,0.43900924921035767,-0.003592124950955622
1,1810,0,1306.5,1502720,45.0,2.855294942855835,0.008337308,-12.006535356789827,-0.029043114102023537,23472,0.022216796875,0.0001,0.2,7.31128597073257,0.24948906898498535,-0.005540812877370627
1,1718,0,1361.0,1503232,45.0,0.5136187672615051,0.0021944367,-11.632359064593912,-0.021382195533533377,23480,0.011962890625,0.0001,0.2,1.7637484683655202,0.004511654376983643,-0.006062139931600541
1,1658,0,1345.0,1503744,45.0,0.3660085201263428,0.015649032,-11.225133269056677,-0.01360215897307171,23488,0.015869140625,0.0001,0.2,2.667353056371212,0.3273121118545532,-0.005244573032541666
1,1215,0,1391.0,1504256,45.0,0.768437922000885,0.0025509158,-10.533930198848248,-0.018882918352119304,23496,0.01025390625,0.0001,0.2,2.2785424338653684,0.35813605785369873,-0.002421687044261489
1,1580,0,1442.5,1504768,45.0,1.9403679370880127,0.0066807973,-10.33113390855491,-0.014761421740558944,23504,0.01025390625,0.0001,0.2,4.161119650118053,0.4394630789756775,-0.0033770608097256627
1,1709,0,1419.5,1505280,45.0,0.8008883595466614,0.00051393674,-9.667242556065322,-0.01564817923508599,23512,0.00390625,0.0001,0.2,2.7959903990849853,0.5821563005447388,-0.0014835590118309483
1,1877,0,1430.0,1505792,45.0,1.7357536554336548,0.0019858442,-9.150849022716283,-0.02095610112655777,23520,0.009765625,0.0001,0.2,2.5016115913167596,0.483619749546051,-0.002411806464806432
1,1913,0,1387.5,1506304,45.0,0.8795129656791687,0.0025791398,-9.122640885263682,-0.019706772817698948,23528,0.0146484375,0.0001,0.2,1.7699677004711702,0.5955568253993988,-0.003993040241766721
1,1801,0,1411.0,1506816,45.0,0.47781869769096375,0.00813501,-9.08867870286107,-0.021206109467129863,23536,0.01513671875,0.0001,0.2,2.8849259435664862,0.19952011108398438,-0.007898742223915178
1,1763,0,1360.0,1507328,45.0,0.5254867076873779,0.004315053,-9.011447593420744,-0.021090407247811527,23544,0.017333984375,0.0001,0.2,1.1260157430078834,0.3242868185043335,-0.0033116170270659495
1,1453,0,1377.0,1507840,45.0,1.9162909984588623,0.0057742037,-9.686071458235382,-0.030942115393827407,23552,0.02197265625,0.0001,0.2,4.7132418770343065,0.24046552181243896,-0.00562801716478134
1,1470,0,1423.5,1508352,45.0,0.3418084383010864,0.0022400143,-10.103075238093734,-0.02780157704364683,23560,0.012939453125,0.0001,0.2,2.037972464924678,0.3669295310974121,-0.001198173027660232
1,1159,0,1408.5,1508864,45.0,0.851394534111023,0.013562661,-10.612737923935056,-0.025062987139790494,23568,0.025390625,0.0001,0.2,2.5197156509384513,0.3252292275428772,-0.007514169730711728
1,1726,0,1363.0,1509376,45.0,0.2890629172325134,0.0032949382,-11.27631645552814,-0.027211194626943325,23576,0.013916015625,0.0001,0.2,3.117993793915957,0.14246582984924316,-0.004764220811921405
1,1804,0,1270.0,1509888,45.0,1.9340137243270874,0.009861311,-11.736426617503167,-0.0345298446900415,23584,0.030029296875,0.0001,0.2,3.6420012386515737,0.16988807916641235,-0.006792174441216048
1,1353,0,1277.5,1510400,45.0,0.6281542181968689,0.0065988516,-12.230230368599296,-0.02437519417526346,23592,0.014404296875,0.0001,0.2,1.8184702089056373,0.052868664264678955,-0.0030265471091297513
1,1541,0,1373.0,1510912,45.0,0.5128137469291687,0.0034674937,-12.233370011672378,-0.02823842149700795,23600,0.0185546875,0.0001,0.2,1.8426999785006046,0.04944866895675659,-0.00435679430484015
1,1656,0,1372.0,1511424,45.0,0.7018647193908691,0.013349047,-11.813615009784698,-0.028135770210610644,23608,0.02392578125,0.0001,0.2,1.8694433309137821,0.1558246612548828,-0.004811287428310607
1,1669,0,1401.0,1511936,45.0,0.9538971185684204,0.004836105,-11.170682944357395,-0.024890485986361455,23616,0.018798828125,0.0001,0.2,1.907721240306273,0.2971982955932617,-0.003577424038667232
1,1488,0,1394.5,1512448,45.0,0.4267996847629547,0.0057590865,-10.47818845115602,-0.02636254903882218,23624,0.02001953125,0.0001,0.2,2.1971104505937546,0.2068607211112976,-0.004401177251565969
1,1456,0,1374.5,1512960,45.0,0.8514719605445862,0.0060170186,-10.076152839735151,-0.0326103865118057,23632,0.0263671875,0.0001,0.2,1.8131597149185836,0.44289708137512207,-0.006154675096695428
1,1532,0,1433.0,1513472,45.0,1.497482419013977,0.005087928,-9.423424251899123,-0.042578819951813784,23640,0.0185546875,0.0001,0.2,7.54329953994602,0.32879287004470825,-0.00638574015465565
1,1230,0,1410.5,1513984,45.0,0.34607163071632385,0.004255708,-9.0154853733629,-0.03944333585241111,23648,0.01220703125,0.0001,0.2,6.954124731011689,0.12147605419158936,-0.002962669692351483
1,1442,0,1499.5,1514496,45.0,0.7704545259475708,0.015846463,-8.631484015733003,-0.03173691191295802,23656,0.02685546875,0.0001,0.2,2.039368779398501,0.442585289478302,-0.006690211332170293
1,1684,0,1427.5,1515008,45.0,0.45592445135116577,0.016051156,-8.399074416905641,-0.02938509758678265,23664,0.01513671875,0.0001,0.2,1.6193354548886418,0.22455424070358276,-0.004228598241752479
1,1553,0,1393.5,1515520,45.0,0.9461002945899963,0.008711185,-8.599543734863401,-0.046402405518165324,23672,0.02978515625,0.0001,0.2,3.3242652914486825,-0.1981717348098755,-0.006295628103544004
1,1574,0,1380.5,1516032,45.0,2.2394402027130127,0.012955746,-8.767362009733915,-0.03342135722959938,23680,0.021728515625,0.0001,0.2,2.8591092824935913,0.34933584928512573,-0.004315129190217704
1,1650,0,1411.5,1516544,45.0,0.7976526618003845,0.0067057316,-9.208053532466293,-0.04205582884242176,23688,0.03173828125,0.0001,0.2,2.8333929653745145,0.2604171633720398,-0.009068128558283206
1,1809,0,1345.0,1517056,45.0,1.6788884401321411,0.0077326735,-10.380574043765664,-0.059484159137355164,23696,0.047119140625,0.0001,0.2,6.289795784279704,0.09639519453048706,-0.011080637206760002
1,1636,0,1301.0,1517568,45.0,0.6039889454841614,0.008134048,-10.931850707158446,-0.0345682368620146,23704,0.021728515625,0.0001,0.2,2.204078988172114,0.2541581988334656,-0.006779113715310814
1,1740,0,1315.0,1518080,45.0,0.9227406978607178,0.002207926,-11.900194460377097,-0.024136528138114954,23712,0.00830078125,0.0001,0.2,3.8115352177992463,0.202789306640625,-0.0018970491464642691
1,1168,0,1340.0,1518592,45.0,0.9656099677085876,0.003380743,-12.073037648126483,-0.022896748440871306,23720,0.00830078125,0.0001,0.2,2.13323689927347,0.06018000841140747,-0.002815218977048062
1,1825,0,1250.5,1519104,45.0,1.2013405561447144,0.017987672,-12.50924966700375,-0.07046126086788718,23728,0.05029296875,0.0001,0.2,3.4298924985341728,0.17491763830184937,-0.0117482813730021
1,1643,0,1325.0,1519616,45.0,0.6138787269592285,0.01011887,-12.810743678212166,-0.03997241382876382,23736,0.026123046875,0.0001,0.2,3.1769481697119772,0.3422481417655945,-0.00403912569527165
1,1411,0,1287.5,1520128,45.0,1.0886194705963135,0.007661478,-12.464732635244728,-0.05997742402541917,23744,0.04345703125,0.0001,0.2,4.717158897779882,0.4523765444755554,-0.008867958855262259
1,1813,0,1175.0,1520640,45.0,0.7982679009437561,0.008089468,-12.206833426356315,-0.04438359653977386,23752,0.02587890625,0.0001,0.2,2.8676617848686874,-0.2006831169128418,-0.008609146912931465
1,1702,0,1154.0,1521152,45.0,0.6576775312423706,0.007575264,-11.639704428166151,-0.04769084881354502,23760,0.030029296875,0.0001,0.2,3.3966709496453404,0.13207322359085083,-0.009940784893842647
1,1602,0,1254.5,1521664,45.0,1.3148304224014282,0.018845014,-10.740254281982779,-0.04212765620468417,23768,0.03125,0.0001,0.2,2.1934472683351487,0.11505383253097534,-0.009218077044351958
1,1665,0,1225.5,1522176,45.0,1.037238359451294,0.010651821,-10.350918393433094,-0.0610462917611585,23776,0.05078125,0.0001,0.2,4.238861201331019,0.20386290550231934,-0.012308921697695041
1,1188,0,1232.5,1522688,45.0,0.4482268691062927,0.031364582,-9.840363546684385,-0.03981119434138236,23784,0.0341796875,0.0001,0.2,1.3036289364099503,0.23858892917633057,-0.008673033975355793
1,1503,0,1242.5,1523200,45.0,0.6402889490127563,0.0058665643,-9.321421932056547,-0.04351464758110524,23792,0.022216796875,0.0001,0.2,1.8445768896490335,0.3369731307029724,-0.006282365087827202
1,1494,0,1301.0,1523712,45.0,2.2364861965179443,0.011397693,-9.377619118914009,-0.03071773699412006,23800,0.0166015625,0.0001,0.2,4.645475992001593,0.010202288627624512,-0.004283919777662959
1,1688,0,1365.5,1524224,45.0,0.865349292755127,0.012328417,-9.884956612363458,-0.03996022808132693,23808,0.027099609375,0.0001,0.2,3.274583950638771,0.16668903827667236,-0.007190879616246093
1,1845,0,1396.5,1524736,45.0,0.47398021817207336,0.011245979,-10.16727323256433,-0.028947075407813827,23816,0.022216796875,0.0001,0.2,1.3069822755642235,0.397566556930542,-0.005799207934614969
1,1626,0,1547.5,1525248,45.0,0.8050321936607361,0.0069233617,-11.014450025334954,-0.05032259004019579,23824,0.0361328125,0.0001,0.2,1.9793186511378735,0.5329292118549347,-0.005856211959326174
1,1794,0,1517.5,1525760,45.0,1.282025694847107,0.009221191,-11.556830250769854,-0.042592568567215494,23832,0.027099609375,0.0001,0.2,2.8405616011004895,0.2929033041000366,-0.007511684641940519
1,1779,0,1401.5,1526272,45.0,1.397773027420044,0.0074529364,-12.153073715940117,-0.04187999756504723,23840,0.030517578125,0.0001,0.2,2.489182418677956,0.19625574350357056,-0.0043414028332335874
1,1547,0,1388.0,1526784,45.0,0.5751806497573853,0.0059429863,-12.552320378795265,-0.06240326449551503,23848,0.037841796875,0.0001,0.2,1.6123454724438488,-0.05754554271697998,-0.0070287279595504515
1,1301,0,1329.0,1527296,45.0,0.772828221321106,0.0038126097,-12.83583325445652,-0.05696047333185561,23856,0.024169921875,0.0001,0.2,1.692377886036411,-0.14373624324798584,-0.0053389247332233936
1,1611,0,1288.5,1527808,45.0,0.29886960983276367,0.016237354,-13.098932793810963,-0.041705829489728785,23864,0.035888671875,0.0001,0.2,1.1167369682807475,0.3186699151992798,-0.007856671043555252
1,1731,0,1202.0,1528320,45.0,1.9174647331237793,0.0053192773,-12.890739258080721,-0.05757898893352831,23872,0.030029296875,0.0001,0.2,3.2291483357548714,0.2104271650314331,-0.008117195815430023
1,1721,0,1147.0,1528832,45.0,1.7071220874786377,0.0040014237,-12.230655022412538,-0.06459329325298313,23880,0.0322265625,0.0001,0.2,2.793170301709324,0.058216989040374756,-0.006743458085111342
1,1632,0,1213.0,1529344,45.0,1.3717122077941895,0.013788438,-12.132188995480538,-0.05441325726769719,23888,0.031005859375,0.0001,0.2,2.2124637810047716,0.0687175989151001,-0.011707180667144712
1,1609,0,1185.0,1529856,45.0,0.22029803693294525,0.012278378,-11.735363529026507,-0.056508697129174834,23896,0.033935546875,0.0001,0.2,1.2605614552740008,0.09041625261306763,-0.009830024428083561
1,1659,0,1284.5,1530368,45.0,0.6600775718688965,0.01181218,-11.057749951928853,-0.0484313107226626,23904,0.0234375,0.0001,0.2,1.5251031122170389,0.17380750179290771,-0.007357389280514326
1,1666,0,1350.5,1530880,45.0,0.5476499199867249,0.004582136,-10.306441378816963,-0.04619268660644593,23912,0.027099609375,0.0001,0.2,2.045538925100118,0.28585106134414673,-0.006192955479491502
1,1663,0,1331.0,1531392,45.0,0.3716430962085724,0.0055966033,-9.972714610770344,-0.06877334414457437,23920,0.032958984375,0.0001,0.2,2.7010584785602987,0.3289673924446106,-0.006326683458610205
1,1694,0,1333.0,1531904,45.0,0.5841082334518433,0.010957942,-10.146052062287927,-0.060791229174355976,23928,0.03857421875,0.0001,0.2,3.312506248243153,0.15887105464935303,-0.009134164720308036
1,1784,0,1349.5,1532416,45.0,0.3572130501270294,0.011597278,-10.067434079945087,-0.05335408512110007,23936,0.02978515625,0.0001,0.2,1.230725268367678,0.03393512964248657,-0.00875034111959394
1,1897,0,1428.0,1532928,45.0,1.148823618888855,0.02472394,-10.484680813625454,-0.035924080061704444,23944,0.027587890625,0.0001,0.2,1.8120341361500323,0.35168856382369995,-0.00815554907421756
1,1619,0,1391.5,1533440,45.0,0.6056396961212158,0.0030138576,-10.747596398741006,-0.048315810349777166,23952,0.022216796875,0.0001,0.2,1.8925773371011019,0.5679932832717896,-0.004256420401361538
1,1771,0,1352.5,1533952,45.0,0.22517850995063782,0.010360157,-10.738188229724765,-0.05809962905550492,23960,0.027099609375,0.0001,0.2,1.3629981956910342,0.363935649394989,-0.005538473309570691
1,1801,0,1283.0,1534464,45.0,0.7939288020133972,0.0051381155,-10.537142712399364,-0.0375685768067342,23968,0.02294921875,0.0001,0.2,1.8551985695958138,-0.14314639568328857,-0.0013683252109331079
1,1672,0,1262.0,1534976,45.0,0.7247766852378845,0.01217842,-10.714841267317533,-0.040974183649268525,23976,0.027587890625,0.0001,0.2,2.0796316862106323,0.2103443145751953,-0.006910537813382689
1,1941,0,1139.0,1535488,45.0,1.4015454053878784,0.00820308,-10.426795029193164,-0.029412863306333747,23984,0.01416015625,0.0001,0.2,1.9120491312351078,0.31358999013900757,-0.0030505678842018824
1,1827,0,1116.0,1536000,45.0,0.7243099212646484,0.003616997,-10.153268567919731,-0.03239982796185359,23992,0.0166015625,0.0001,0.2,2.650158534059301,0.11002159118652344,-0.002632405848999042
1,1537,0,1128.0,1536512,45.0,0.7359599471092224,0.0043261354,-9.78976349696517,-0.03949723609366629,24000,0.023193359375,0.0001,0.2,1.8638069836888462,-0.0836724042892456,-0.00763775176164927
1,1757,0,1151.5,1537024,45.0,0.35001498460769653,0.02855381,-9.646511504799127,-0.029921367521637876,24008,0.021728515625,0.0001,0.2,1.7819134118035436,0.29138004779815674,-0.006494761822978035
1,1750,0,1129.5,1537536,45.0,0.6125035285949707,0.015212636,-9.58331641279161,-0.04457508385530673,24016,0.027587890625,0.0001,0.2,1.2742068690713495,0.34350132942199707,-0.0055596339734620415
1,1916,0,1101.5,1538048,45.0,1.6765538454055786,0.0028683892,-9.629937690421938,-0.034780721289280336,24024,0.017333984375,0.0001,0.2,4.652486163191497,0.11752116680145264,-0.005797828966024099
1,1833,0,1055.5,1538560,45.0,2.3945274353027344,0.0061764205,-10.465271552354098,-0.03981800021028903,24032,0.024169921875,0.0001,0.2,4.035295830108225,0.2860114574432373,-0.006950245220650686
1,2016,0,990.5,1539072,45.0,0.38171806931495667,0.0062772026,-11.351509844139219,-0.026459928500116803,24040,0.020751953125,0.0001,0.2,2.472256845328957,0.17757874727249146,-0.004186899604974315
1,1955,0,902.5,1539584,45.0,1.6588016748428345,0.015312914,-11.89255458213389,-0.024834859384100127,24048,0.018798828125,0.0001,0.2,2.8133719484321773,0.3423553705215454,-0.006207107471709605
1,1669,0,1030.5,1540096,45.0,0.9817151427268982,0.0047203484,-12.971824820563198,-0.027664609175644728,24056,0.0146484375,0.0001,0.2,2.8147706370800734,0.27894943952560425,-0.004733478195703356
1,1714,0,1007.0,1540608,45.0,1.0500906705856323,0.0055055944,-13.380829197317361,-0.0292390213253384,24064,0.018310546875,0.0001,0.2,2.7209242447279394,0.3867266774177551,-0.005775797602836974
1,1719,0,1049.5,1541120,45.0,1.0659546852111816,0.003426492,-13.412314573302865,-0.025167561891066725,24072,0.013671875,0.0001,0.2,4.124386035837233,0.5986637473106384,-0.0037754727636638563
1,1296,0,960.0,1541632,45.0,2.8156590461730957,0.005412588,-13.37191672205925,-0.0376660689671553,24080,0.0234375,0.0001,0.2,6.602437111549079,0.462926983833313,-0.006520766488392837
1,1552,0,1069.5,1542144,45.0,1.3344846963882446,0.0047607385,-13.040232078880072,-0.06595041394029977,24088,0.037109375,0.0001,0.2,5.651440969668329,0.5553857982158661,-0.008068526258284692
1,1659,0,1210.5,1542656,45.0,1.6385829448699951,0.0023351829,-12.55713522478938,-0.039013165844153264,24096,0.019775390625,0.0001,0.2,4.668512371368706,0.6078351140022278,-0.0047014108968141954
1,1630,0,1257.0,1543168,45.0,0.35733526945114136,0.01150596,-11.900619033351541,-0.03658427462505642,24104,0.030517578125,0.0001,0.2,2.247929929755628,0.6079840362071991,-0.0057661119135445915
1,1663,0,1374.5,1543680,45.0,1.39240562915802,0.017341388,-11.348388768136502,-0.04512034151775879,24112,0.031005859375,0.0001,0.2,3.347200517076999,0.5408905446529388,-0.004976993448508438
1,1521,0,1409.5,1544192,45.0,0.3796166777610779,0.026886541,-10.834387967512011,-0.05676418251277937,24120,0.041748046875,0.0001,0.2,1.5378019399940968,0.17701119184494019,-0.010401605104561895
1,1743,0,1414.5,1544704,45.0,1.1308931112289429,0.012371443,-10.998381909802555,-0.07744491186167579,24128,0.048583984375,0.0001,0.2,6.004690781235695,-0.09779906272888184,-0.010098565515363589
1,1622,0,1437.0,1545216,45.0,1.1906037330627441,0.016957406,-11.004627437666059,-0.035117640161843156,24136,0.023681640625,0.0001,0.2,5.33192802220583,0.3289695978164673,-0.007548623018010403
1,1750,0,1413.0,1545728,45.0,1.1289767026901245,0.007905224,-11.594927477389573,-0.0374224800916636,24144,0.0185546875,0.0001,0.2,4.368267133831978,0.3716145157814026,-0.007346277991018724
1,1666,0,1434.5,1546240,45.0,0.6845559477806091,0.0027669547,-12.192062552571297,-0.0389013295807672,24152,0.017822265625,0.0001,0.2,3.139729688875377,0.5230971872806549,-0.006362385945976712
1,1780,0,1327.0,1546752,45.0,1.3069864511489868,0.01816469,-12.283986404016614,-0.057564063699828694,24160,0.052001953125,0.0001,0.2,3.4462526999413967,0.5226657688617706,-0.012018065688607749
1,1768,0,1250.0,1547264,45.0,1.9862176179885864,0.011911787,-12.878441822752357,-0.04576293105492368,24168,0.02880859375,0.0001,0.2,3.9031002768315375,0.3993830680847168,-0.009313296497566625
1,1925,0,1240.5,1547776,45.0,0.35216739773750305,0.016585972,-12.685854410901666,-0.046693092072928266,24176,0.03271484375,0.0001,0.2,1.4175453309435397,-0.5745682716369629,-0.00917299654247472
1,1909,0,1150.5,1548288,45.0,0.5265799760818481,0.0038576087,-12.629077527970075,-0.02047289704114519,24184,0.00927734375,0.0001,0.2,1.2706984127871692,0.13890767097473145,-0.003787788620684296
1,1753,0,1174.5,1548800,45.0,1.185098648071289,0.017014835,-12.52769498385489,-0.03946941953836358,24192,0.030029296875,0.0001,0.2,2.512188810389489,0.25806325674057007,-0.004451964698091615
1,1715,0,1144.5,1549312,45.0,0.7641929984092712,0.014448387,-11.848975694701075,-0.030652988756628474,24200,0.017822265625,0.0001,0.2,2.9550130255520344,0.3704370856285095,-0.005948323814664036
1,1760,0,1116.0,1549824,45.0,1.9161689281463623,0.0046988623,-11.156415080577135,-0.038539340459465166,24208,0.019287109375,0.0001,0.2,4.261463393457234,0.5427245199680328,-0.004444284209967009
1,1598,0,1182.5,1550336,45.0,2.1522557735443115,0.009517694,-10.59970577456057,-0.025595713283109944,24216,0.01171875,0.0001,0.2,4.24074315559119,0.6358653008937836,-0.003802306830039015
1,1298,0,1202.5,1550848,45.0,1.155797004699707,0.0028358232,-9.914202825725079,-0.02493534994118818,24224,0.010009765625,0.0001,0.2,2.9835197161883116,0.6750410795211792,-0.003678766301163705
1,1716,0,1275.5,1551360,45.0,1.0086513757705688,0.00790763,-9.67507863394916,-0.04318278120445029,24232,0.02978515625,0.0001,0.2,5.270482060499489,0.5423069596290588,-0.009045882794453064
1,1802,0,1313.0,1551872,45.0,1.1009525060653687,0.012432066,-9.481098779141902,-0.032996826165799575,24240,0.025390625,0.0001,0.2,3.46256103226915,0.45146286487579346,-0.007956773868500022
1,1624,0,1346.0,1552384,45.0,0.6070803999900818,0.008378314,-9.610516337677836,-0.01954578897857573,24248,0.017333984375,0.0001,0.2,1.4288421587552875,0.6152072548866272,-0.0042603432448231615
1,1741,0,1487.0,1552896,45.0,3.263465642929077,0.013075455,-9.537044348791241,-0.04201167280552909,24256,0.030029296875,0.0001,0.2,3.556407231837511,0.45946282148361206,-0.004173892713879468
1,1551,0,1533.5,1553408,45.0,0.2707696557044983,0.012505712,-9.314239287748933,-0.039259657609363785,24264,0.02783203125,0.0001,0.2,0.9619622260797769,0.32215189933776855,-0.0053682175785070285
1,1553,0,1571.5,1553920,45.0,0.20232389867305756,0.013636131,-9.608253031224013,-0.051450285802275175,24272,0.032958984375,0.0001,0.2,0.7862173991743475,0.024944603443145752,-0.007614140398800373
1,1503,0,1566.5,1554432,45.0,0.39666616916656494,0.014188247,-9.857389248907566,-0.04827683191979304,24280,0.029296875,0.0001,0.2,1.030646915314719,0.20370197296142578,-0.008323584788740845
1,1142,0,1525.0,1554944,45.0,0.9801075458526611,0.012764306,-10.592767023593188,-0.10159245952672791,24288,0.0546875,0.0001,0.2,1.9584123105742037,0.4127858281135559,-0.009456272760871798
1,1460,0,1520.0,1555456,45.0,0.4754210114479065,0.008289516,-11.070080658569932,-0.09856411410146393,24296,0.0390625,0.0001,0.2,1.9913390898145735,0.40388721227645874,-0.00748309213668108
1,1674,0,1534.0,1555968,45.0,2.940206289291382,0.0060636215,-11.90997664861381,-0.07885791407898068,24304,0.037353515625,0.0001,0.2,7.197912539355457,0.1815413236618042,-0.006860093562863767
1,1567,0,1426.5,1556480,45.0,1.2056134939193726,0.012978765,-12.10002394221723,-0.07409845440997742,24312,0.04150390625,0.0001,0.2,2.1983749624341726,0.651971697807312,-0.009548070564051159
1,1531,0,1462.0,1556992,45.0,1.3314166069030762,0.0037118683,-12.12928912356496,-0.05578058640094241,24320,0.02197265625,0.0001,0.2,4.528462877497077,0.5978945195674896,-0.005465669637487736
1,1596,0,1396.0,1557504,45.0,0.6382242441177368,0.013477894,-12.789739059731364,-0.08217731190597988,24328,0.04638671875,0.0001,0.2,1.9983584750443697,0.7662987560033798,-0.011349895336024929
1,1632,0,1388.5,1558016,45.0,2.458085536956787,0.006976754,-13.293934990242123,-0.0837534953316208,24336,0.03662109375,0.0001,0.2,5.0087523413822055,0.729716420173645,-0.008530773986421991
1,1618,0,1414.0,1558528,45.0,0.7091977000236511,0.008409027,-13.223185541331768,-0.07068541032640496,24344,0.035400390625,0.0001,0.2,3.145649777725339,0.7067997753620148,-0.009192922381771496
1,1232,0,1446.0,1559040,45.0,1.2592198848724365,0.003404751,-13.314004238173366,-0.06167162059136899,24352,0.020751953125,0.0001,0.2,3.3859170260839164,0.5769413709640503,-0.004736004662845517
1,1469,0,1497.5,1559552,45.0,0.35009196400642395,0.008732357,-13.00783566609025,-0.05721201520100294,24360,0.034423828125,0.0001,0.2,2.442703852429986,0.7134137749671936,-0.009751603582117241
1,1585,0,1537.0,1560064,45.0,0.36893171072006226,0.004713605,-12.757600194737314,-0.05587500005640322,24368,0.02880859375,0.0001,0.2,2.3033863296732306,0.6664189696311951,-0.008515869478287641
1,1565,0,1554.5,1560576,45.0,0.35968631505966187,0.0087455055,-12.14880788832903,-0.04807665307816933,24376,0.029052734375,0.0001,0.2,1.2589760893024504,0.5897019505500793,-0.00844231338123791
1,1728,0,1461.0,1561088,45.0,1.0749306678771973,0.0123977475,-12.307312930300832,-0.04908966677066928,24384,0.03173828125,0.0001,0.2,3.8268796945922077,0.5231684148311615,-0.006727749758283608
1,1483,0,1479.5,1561600,45.0,0.7620178461074829,0.0023888093,-12.126300034075975,-0.04145255347066268,24392,0.01513671875,0.0001,0.2,3.4140388602390885,0.5778045952320099,-0.006002605594403576
1,1621,0,1566.0,1562112,45.0,1.9097697734832764,0.008337477,-11.791017732918263,-0.06210414784072782,24400,0.0302734375,0.0001,0.2,3.814006474800408,0.4897270202636719,-0.008718291559489444
1,1701,0,1479.0,1562624,45.0,0.4167903661727905,0.0090941535,-11.221578451767563,-0.022690164254981937,24408,0.01171875,0.0001,0.2,1.5646501558367163,0.47974276542663574,-0.0020981748239137232
1,1674,0,1407.5,1563136,45.0,0.8326185345649719,0.0052003693,-10.719744689017535,-0.04692515432543587,24416,0.018310546875,0.0001,0.2,3.791204759851098,0.2322554588317871,-0.00813453397131525
1,1752,0,1365.5,1563648,45.0,0.2519746422767639,0.014355592,-10.385970540195704,-0.04324546606767399,24424,0.03125,0.0001,0.2,1.778044318780303,0.30217301845550537,-0.006222843119758181
1,1649,0,1305.5,1564160,45.0,0.3712122142314911,0.0026502055,-9.967298951596021,-0.026962627563079877,24432,0.017333984375,0.0001,0.2,1.5731154910754412,-0.2589987516403198,-0.005087736128189135
1,1792,0,1247.0,1564672,45.0,0.9396973252296448,0.012086848,-9.777722509875893,-0.04134112965948589,24440,0.031494140625,0.0001,0.2,2.7619661525823176,0.08768635988235474,-0.010226500176941045
1,1853,0,1203.0,1565184,45.0,0.5321946740150452,0.010195339,-9.545642544701696,-0.023407475465319294,24448,0.01513671875,0.0001,0.2,2.0073751960881054,0.20773530006408691,-0.005800903421913972
1,1704,0,1313.0,1565696,45.0,0.8459272384643555,0.007972717,-9.501512886434794,-0.03207353017387504,24456,0.023193359375,0.0001,0.2,2.2747436510398984,0.2049439549446106,-0.008160990189935546
1,1698,0,1251.0,1566208,45.0,0.5570906400680542,0.009459965,-9.607733240127564,-0.04891921445960179,24464,0.032958984375,0.0001,0.2,2.6371654281392694,0.29486560821533203,-0.010298823417542735
1,1685,0,1207.5,1566720,45.0,0.4565351605415344,0.0057423995,-9.502366273701192,-0.039347472250483406,24472,0.020751953125,0.0001,0.2,2.120204101316631,0.3577615022659302,-0.006268127654038835
1,1706,0,1209.5,1567232,45.0,0.26361605525016785,0.010906388,-9.932269635125994,-0.0439534431507127,24480,0.027099609375,0.0001,0.2,1.5315327383577824,0.14810967445373535,-0.008561988193832804
1,1907,0,1196.0,1567744,45.0,0.4486597180366516,0.008786168,-10.617669585049152,-0.039461567098442174,24488,0.0234375,0.0001,0.2,1.4577173420693725,0.30675268173217773,-0.00714097455056617
1,1278,0,1237.5,1568256,45.0,0.28386762738227844,0.010171442,-11.066447795182466,-0.03768477803350834,24496,0.027099609375,0.0001,0.2,1.4400805064942688,0.15036576986312866,-0.006924227570380026
1,1751,0,1249.0,1568768,45.0,0.24838949739933014,0.012242103,-11.622528910189867,-0.03172516906306555,24504,0.016845703125,0.0001,0.2,1.634493537247181,0.2773367762565613,-0.003656313147075707
1,1681,0,1298.5,1569280,45.0,0.28999215364456177,0.011788653,-11.458362228050827,-0.03288887256712769,24512,0.0244140625,0.0001,0.2,1.5349582596682012,0.13887912034988403,-0.006164985323266592
1,1698,0,1303.5,1569792,45.0,1.3499549627304077,0.008676339,-11.57042965091765,-0.03605586884623335,24520,0.031494140625,0.0001,0.2,2.937604056671262,0.2865338921546936,-0.009152356391496141
1,1779,0,1333.0,1570304,45.0,1.3272662162780762,0.0023820112,-11.347045553997159,-0.023780324243489304,24528,0.00927734375,0.0001,0.2,2.3269498590379953,0.23164314031600952,-0.0022514053125632927
1,1754,0,1375.0,1570816,45.0,1.2904201745986938,0.0045668012,-10.65250155724585,-0.029283018344358425,24536,0.013916015625,0.0001,0.2,2.5080066258087754,0.30256718397140503,-0.004382554288895335
1,1614,0,1403.0,1571328,45.0,0.9838326573371887,0.0050088484,-10.326734116524458,-0.0379636120487703,24544,0.020263671875,0.0001,0.2,3.8339284397661686,0.24466872215270996,-0.007504010656703031
1,1653,0,1454.5,1571840,45.0,0.9466987252235413,0.013137205,-9.420422719046474,-0.031758563323819544,24552,0.016845703125,0.0001,0.2,3.3456774074584246,0.23335224390029907,-0.006264577357796952
1,1272,0,1453.5,1572352,45.0,0.9945982694625854,0.004963589,-8.997858503684402,-0.04732077849075722,24560,0.027587890625,0.0001,0.2,2.3713328004814684,0.15272432565689087,-0.0067251986474730074
1,1616,0,1479.5,1572864,45.0,0.7231733202934265,0.012772642,-8.429417084529996,-0.03386681504889566,24568,0.02099609375,0.0001,0.2,1.804366982774809,0.08605688810348511,-0.005672616804076824
1,1678,0,1491.5,1573376,45.0,0.4403265416622162,0.008579275,-8.060960897505284,-0.03388252149852633,24576,0.0146484375,0.0001,0.2,2.221978885587305,-0.18923592567443848,-0.003355083339556586
1,1644,0,1502.0,1573888,45.0,1.489537239074707,0.014151174,-8.525738648474217,-0.05427178716126946,24584,0.036376953125,0.0001,0.2,2.588905011303723,0.017752885818481445,-0.008880386943928897
1,1713,0,1476.0,1574400,45.0,0.24798080325126648,0.0038675666,-8.31898273549974,-0.0330250441802491,24592,0.020751953125,0.0001,0.2,1.8566220072098076,0.1606806516647339,-0.006915668251167517
1,1801,0,1403.0,1574912,45.0,0.6133506298065186,0.016310735,-8.42765751771629,-0.04526892808644334,24600,0.03125,0.0001,0.2,1.681155314669013,0.2612552046775818,-0.0048693112657929305
1,1561,0,1416.0,1575424,45.0,0.5105745792388916,0.0037129,-8.555904599800705,-0.03247032266790484,24608,0.016357421875,0.0001,0.2,1.423085845541209,0.32484668493270874,-0.0038471245643449947
1,1668,0,1337.0,1575936,45.0,0.7828145623207092,0.015979271,-8.808592467084527,-0.0357319411032222,24616,0.02978515625,0.0001,0.2,1.7086096566636115,0.1486884355545044,-0.005994641665893141
1,1604,0,1354.5,1576448,45.0,0.38132941722869873,0.010229007,-9.088230186626316,-0.041669591366371606,24624,0.029296875,0.0001,0.2,1.1948880590498447,0.4450918436050415,-0.004818103287107078
1,1283,0,1317.5,1576960,45.0,0.8460566997528076,0.007398935,-9.160509422123432,-0.038151052463945234,24632,0.024169921875,0.0001,0.2,1.6771766797173768,0.44001245498657227,-0.00818295293720439
1,1685,0,1276.0,1577472,45.0,0.9157333970069885,0.008702761,-9.61464466229081,-0.046690748415130656,24640,0.026123046875,0.0001,0.2,1.8628433977719396,0.3924412131309509,-0.008214172892621718
1,1650,0,1306.0,1577984,45.0,0.31467142701148987,0.006632223,-9.443323386982083,-0.04391032807234296,24648,0.02685546875,0.0001,0.2,1.7395796987693757,0.26968127489089966,-0.007841711179935373
1,1807,0,1253.0,1578496,45.0,0.8642494082450867,0.0028221803,-9.358820535242558,-0.03581066488595752,24656,0.015625,0.0001,0.2,1.8999290487263352,0.1662745475769043,-0.004117616979783634
1,1664,0,1342.5,1579008,45.0,0.10702881217002869,0.0025355206,-9.539229513779283,-0.0344143793818148,24664,0.016845703125,0.0001,0.2,1.2787313347216696,0.1680411696434021,-0.00592756767582614
1,1617,0,1394.0,1579520,45.0,0.6603995561599731,0.005502109,-9.293425425961614,-0.033620316045471554,24672,0.0205078125,0.0001,0.2,1.4541130787692964,0.25728875398635864,-0.0036693912334158085
1,1713,0,1395.5,1580032,45.0,0.5148718953132629,0.0074592032,-9.346241899728774,-0.02875760665301641,24680,0.025146484375,0.0001,0.2,1.37736034556292,0.37248581647872925,-0.004601843742420897
1,1737,0,1405.0,1580544,45.0,0.7454155683517456,0.0109564625,-9.363292151093482,-0.04417172651301371,24688,0.029541015625,0.0001,0.2,2.047428849618882,0.5141761302947998,-0.006647261787293246
1,1849,0,1358.5,1581056,45.0,1.0460652112960815,0.010387098,-9.650086261928081,-0.03215054715747101,24696,0.01953125,0.0001,0.2,2.077764660352841,0.44186586141586304,-0.006165207563753938
1,1341,0,1388.0,1581568,45.0,1.5891623497009277,0.010912559,-9.709644666090608,-0.027970741816716327,24704,0.017822265625,0.0001,0.2,2.363609733991325,0.34688347578048706,-0.00756920956337126
1,1709,0,1421.0,1582080,45.0,0.6407760977745056,0.0063478537,-9.95431096881628,-0.03871182210059487,24712,0.02099609375,0.0001,0.2,2.429610133636743,0.47514528036117554,-0.00675080048313248
1,1707,0,1388.0,1582592,45.0,0.3807169497013092,0.014636762,-10.138504081219434,-0.025518161302443332,24720,0.021240234375,0.0001,0.2,1.1401349557563663,0.4278467297554016,-0.002957955715828575
1,1861,0,1387.5,1583104,45.0,0.3051042854785919,0.0055101453,-9.875029945746064,-0.030338226961703185,24728,0.02587890625,0.0001,0.2,0.9807034217519686,0.3594551086425781,-0.006310654258413706
1,1579,0,1378.0,1583616,45.0,0.09444241970777512,0.015267739,-10.067530077770352,-0.02626878583873804,24736,0.021728515625,0.0001,0.2,0.782019259291701,0.5718265771865845,-0.006042646818968933
1,1753,0,1312.0,1584128,45.0,0.5724367499351501,0.010799202,-10.450483985617756,-0.041208727463526884,24744,0.02392578125,0.0001,0.2,2.2516146695706993,-0.034892916679382324,-0.004780526145623298
1,1650,0,1293.0,1584640,45.0,0.3158453404903412,0.003957888,-10.76088632375002,-0.032886647915802314,24752,0.017578125,0.0001,0.2,1.5412450784351677,0.05456948280334473,-0.004018572115455754
1,1729,0,1295.5,1585152,45.0,0.36421647667884827,0.0057786517,-11.086965746134519,-0.039948469089722494,24760,0.029052734375,0.0001,0.2,1.3364265352720395,0.29609566926956177,-0.006724815633788239
1,1769,0,1305.5,1585664,45.0,0.38852810859680176,0.016986052,-11.134002016410232,-0.03793835143551405,24768,0.026611328125,0.0001,0.2,1.6767295055324212,0.44606393575668335,-0.008674439653987065
1,1316,0,1343.5,1586176,45.0,0.46332570910453796,0.008547487,-11.130060760825872,-0.025509999114092352,24776,0.019775390625,0.0001,0.2,1.3651530800852925,0.4054785966873169,-0.007739205670077354
1,1639,0,1276.0,1586688,45.0,0.663328230381012,0.006347624,-11.027820524349808,-0.02570788923458167,24784,0.020751953125,0.0001,0.2,1.345269146375358,0.4736515283584595,-0.004031917422253173
1,1765,0,1339.0,1587200,45.0,0.8857245445251465,0.0061183292,-11.215902421325445,-0.04845176192702638,24792,0.022705078125,0.0001,0.2,3.887750554829836,0.21366310119628906,-0.007346298669290263
1,1677,0,1366.0,1587712,45.0,1.032233715057373,0.0042575193,-11.341662259846926,-0.03516394878442952,24800,0.016845703125,0.0001,0.2,2.6062624275218695,-0.15415751934051514,-0.004998463671654463
1,1661,0,1410.5,1588224,45.0,0.40850141644477844,0.010780615,-11.459926863163709,-0.035612412714726815,24808,0.02978515625,0.0001,0.2,1.4866803041659296,0.43950188159942627,-0.008260776809038362
1,1703,0,1406.5,1588736,45.0,0.9026065468788147,0.02884341,-11.436556529402733,-0.054635608114040224,24816,0.03759765625,0.0001,0.2,3.0590090337209404,0.33384615182876587,-0.009399118316650856
1,1888,0,1359.0,1589248,45.0,0.4686238169670105,0.00652379,-11.3057247146219,-0.05344042063734378,24824,0.023193359375,0.0001,0.2,2.1249225672800094,0.3888939619064331,-0.007193832483608276
1,1677,0,1423.5,1589760,45.0,0.38186541199684143,0.00537539,-11.38216099061072,-0.04220767761762545,24832,0.022705078125,0.0001,0.2,1.501372925704345,0.21534472703933716,-0.007048289917293005
1,1579,0,1479.0,1590272,45.0,1.0163921117782593,0.011115992,-11.230151267796755,-0.034837869212424266,24840,0.027099609375,0.0001,0.2,1.8599539876449853,0.4734957814216614,-0.008490570871799719
1,1241,0,1417.0,1590784,45.0,2.4151878356933594,0.006356166,-10.926764334142208,-0.06203595965052955,24848,0.02001953125,0.0001,0.2,9.320678391493857,0.033930957317352295,-0.00668146823591087
1,1672,0,1438.5,1591296,45.0,1.3589860200881958,0.0066222907,-10.762633943930268,-0.07575406944670249,24856,0.043701171875,0.0001,0.2,4.248081819619983,-0.05357158184051514,-0.009685049721156247
1,1617,0,1379.0,1591808,45.0,0.7076653838157654,0.004323062,-10.719211589694023,-0.061517100300989114,24864,0.02392578125,0.0001,0.2,2.678157885558903,0.17138886451721191,-0.004871299679507501
1,1534,0,1375.0,1592320,45.0,0.5345686674118042,0.0051854188,-10.77812479019165,-0.04863512575684581,24872,0.025146484375,0.0001,0.2,2.1616870630532503,0.01412355899810791,-0.008521215073415078
1,1545,0,1385.5,1592832,45.0,3.630838632583618,0.0077555813,-10.655163074061274,-0.08910125285910908,24880,0.03564453125,0.0001,0.2,5.8554614735767245,0.03683120012283325,-0.013641683392052073
1,1681,0,1384.0,1593344,45.0,0.8576233983039856,0.008567252,-10.523759035989642,-0.05966730781074148,24888,0.031494140625,0.0001,0.2,2.217531890142709,-0.3460730314254761,-0.007517301379266428
1,1677,0,1454.5,1593856,45.0,0.9478002786636353,0.011105253,-10.653031966760755,-0.05950126252719201,24896,0.031494140625,0.0001,0.2,1.7224111496470869,0.3572142720222473,-0.008857665161485784
1,1702,0,1428.5,1594368,45.0,0.7861364483833313,0.0063728257,-10.651106923073531,-0.059193149874772644,24904,0.02734375,0.0001,0.2,2.40289264684543,0.23856472969055176,-0.006545025040395558
1,1362,0,1359.5,1594880,45.0,0.4742336869239807,0.009248418,-10.543243425488471,-0.050957197756360983,24912,0.032958984375,0.0001,0.2,1.7001665234565735,0.5238893032073975,-0.008259551948867738
1,1814,0,1311.0,1595392,45.0,0.7032827734947205,0.0125188045,-10.084684856906533,-0.05892767328987247,24920,0.03466796875,0.0001,0.2,2.1990422722883523,0.6596794724464417,-0.009282977036491502
1,1564,0,1228.5,1595904,45.0,1.0333510637283325,0.0059592444,-9.688712589070201,-0.034150236191635486,24928,0.014404296875,0.0001,0.2,2.9585681152530015,0.6156832873821259,-0.005877214374777395
1,1747,0,1244.5,1596416,45.0,0.3972611427307129,0.016966397,-9.405217255055904,-0.053647985976567725,24936,0.027099609375,0.0001,0.2,1.7440461127553135,0.46724098920822144,-0.00587740645823942
1,1794,0,1188.0,1596928,45.0,0.507133424282074,0.0078521585,-9.523156548142433,-0.05765323965169955,24944,0.032470703125,0.0001,0.2,2.146914782235399,0.5653468072414398,-0.008191853936295956
1,2156,0,1039.5,1597440,45.0,0.7649884223937988,0.0066091823,-9.616758946105838,-0.047195758341331384,24952,0.031494140625,0.0001,0.2,2.566989320330322,0.4954144358634949,-0.008209055471525062
1,1708,0,1048.0,1597952,45.0,0.5657803416252136,0.031833954,-9.939917897284031,-0.031591611717885826,24960,0.026611328125,0.0001,0.2,2.8671175451017916,0.35633087158203125,-0.008832417135636206
1,1945,0,921.0,1598464,45.0,0.8023211359977722,0.0027271565,-10.35623879790306,-0.03648301251450903,24968,0.015625,0.0001,0.2,3.6182775292545557,0.033423662185668945,-0.005189063485886436
1,1532,0,914.0,1598976,45.0,1.06715726852417,0.008050673,-10.587450755015016,-0.029450828946210095,24976,0.021240234375,0.0001,0.2,4.95355580560863,0.0563657283782959,-0.004650512710213661
1,1881,0,939.5,1599488,45.0,2.6249358654022217,0.005907978,-11.11469272658229,-0.03329294126160676,24984,0.016357421875,0.0001,0.2,8.399798829108477,0.3168330192565918,-0.0050463795705582015
1,1442,0,934.5,1600000,45.0,0.9595839381217957,0.0073187486,-12.192904357761144,-0.03478303600786603,24992,0.012939453125,0.0001,0.2,4.546822936274111,0.3214351534843445,-0.006148841741378419
1,1713,0,958.0,1600512,45.0,2.010636568069458,0.008523441,-13.515541913360357,-0.031679991610872094,25000,0.022216796875,0.0001,0.2,4.992605715058744,0.4681031107902527,-0.006744456506567076
1,1888,0,942.5,1601024,45.0,1.2314519882202148,0.0022567604,-14.261287678554654,-0.04390475788022741,25008,0.011474609375,0.0001,0.2,5.870698026847094,0.49318748712539673,-0.004608369876223151
1,1666,0,933.5,1601536,45.0,1.5672696828842163,0.008414276,-14.838643263876438,-0.03470152700538165,25016,0.024658203125,0.0001,0.2,3.6984025929123163,0.1936957836151123,-0.005860698172909906
1,1879,0,941.0,1602048,45.0,0.5910980701446533,0.057868693,-14.565669130384922,-0.08101401651583728,25024,0.051025390625,0.0001,0.2,2.994275670964271,0.48208993673324585,-0.010969990187732037
1,2131,0,851.5,1602560,45.0,33.5782470703125,0.014975557,-19.443162178099154,-0.579042351571843,25032,0.18115234375,0.0001,0.2,86.44070994853973,0.19759070873260498,0.006806972764024977
1,2041,0,873.5,1603072,45.0,30.737104415893555,0.010700332,-25.971338899806142,-0.7035186155699193,25040,0.227294921875,0.0001,0.2,110.43371015787125,0.28987693786621094,-0.0020403426460688934
1,1765,0,835.5,1603584,45.0,21.463031768798828,0.011188367,-31.894921922683714,-0.6547499354928732,25048,0.17626953125,0.0001,0.2,76.06132665276527,0.3992205858230591,-0.01112851955986116
1,1616,0,880.5,1604096,45.0,18.37148094177246,0.008961735,-37.72858680211007,-0.5241649320814759,25056,0.07861328125,0.0001,0.2,70.58995786309242,0.5591909289360046,-0.001821058918721974
1,2062,0,830.5,1604608,45.0,19.69307518005371,0.0095183775,-42.362716068178415,-0.5548661160282791,25064,0.108154296875,0.0001,0.2,91.33683753013611,0.49914002418518066,-0.0077779798084520735
1,1689,0,776.0,1605120,45.0,23.837722778320312,0.005484472,-49.47632882237434,-0.7112598889507353,25072,0.101318359375,0.0001,0.2,82.95885209739208,0.6198507845401764,-0.006136743766546715
1,1224,0,788.0,1605632,45.0,13.262086868286133,0.006667031,-55.00346210993826,-0.4834283997770399,25080,0.16064453125,0.0001,0.2,61.54639729857445,0.6860498487949371,-0.012385295005515218
1,1658,0,827.0,1606144,45.0,14.304842948913574,0.012559414,-58.58275049433112,-0.4224474118091166,25088,0.22509765625,0.0001,0.2,42.79865013808012,0.6384324133396149,-0.02161314491968369
1,1839,0,875.0,1606656,45.0,9.552350044250488,0.027308771,-59.85537456229329,-0.3199668306624517,25096,0.249267578125,0.0001,0.2,26.387657769024372,0.7483667433261871,-0.022446609189501032
1,1842,0,909.5,1607168,45.0,7.539242267608643,0.03290629,-56.5151893465966,-0.27673595503438264,25104,0.111328125,0.0001,0.2,21.57195195928216,0.8034777045249939,-0.020789639922440983
1,1603,0,996.0,1607680,45.0,9.311338424682617,0.018516328,-51.36663533121347,-0.17398784833494574,25112,0.076171875,0.0001,0.2,22.05364327132702,0.7526308447122574,-0.016969772783340886
1,1700,0,1100.5,1608192,45.0,11.35847282409668,0.0036790986,-44.28807141765952,-0.09563904764945619,25120,0.0302734375,0.0001,0.2,29.931617379188538,0.708206295967102,-0.00845837825909257
1,1613,0,1172.5,1608704,45.0,5.932299613952637,0.0047270204,-37.973834806382655,-0.0845087866182439,25128,0.03271484375,0.0001,0.2,14.471223250031471,0.8260225206613541,-0.007624247249623295
1,1680,0,1189.5,1609216,45.0,6.659060478210449,0.012389633,-30.864400966763498,-0.07122518426331226,25136,0.027587890625,0.0001,0.2,16.14114698395133,0.8070908039808273,-0.008418625133344904
1,1654,0,1236.0,1609728,45.0,5.636346817016602,0.006241008,-23.074100195392965,-0.07042763788194861,25144,0.024658203125,0.0001,0.2,18.33065529540181,0.6134420931339264,-0.008141082587826531
1,1327,0,1232.5,1610240,45.0,5.011193752288818,0.007401618,-17.761234614029526,-0.06504820797999855,25152,0.017578125,0.0001,0.2,19.202972944825888,0.47893965244293213,-0.00688233609253075
1,1813,0,1170.5,1610752,45.0,5.030144691467285,0.015835986,-13.780593651905656,-0.06773917397367768,25160,0.025146484375,0.0001,0.2,14.274394039064646,0.02070683240890503,-0.008360521031136159
1,1843,0,1195.0,1611264,45.0,4.72350549697876,0.0029125172,-12.050010515376925,-0.06672745711694006,25168,0.021240234375,0.0001,0.2,14.736613295972347,0.21754324436187744,-0.0060501800835481845
1,1673,0,1280.0,1611776,45.0,2.8700778484344482,0.0063241906,-9.998140398561954,-0.061405843269312754,25176,0.017822265625,0.0001,0.2,9.886731078848243,0.1422709822654724,-0.003039711606106721
1,1975,0,1144.5,1612288,45.0,2.87148380279541,0.0055818567,-9.75052687831223,-0.07035661218833411,25184,0.033935546875,0.0001,0.2,8.659198049455881,-0.10926198959350586,-0.009126013486820739
1,1780,0,1105.5,1612800,45.0,3.021587371826172,0.012466341,-10.837935195937753,-0.04976890447142068,25192,0.02783203125,0.0001,0.2,7.281844712793827,0.24818634986877441,-0.008970950228103902
1,1669,0,1083.5,1613312,45.0,1.7345784902572632,0.010802116,-11.899968218430876,-0.0600508713760064,25200,0.016357421875,0.0001,0.2,5.390815004706383,0.3304729461669922,-0.006454120404669084
1,1758,0,1105.5,1613824,45.0,3.6632087230682373,0.0034521823,-13.608944912329315,-0.1273946396249812,25208,0.0458984375,0.0001,0.2,10.351676428690553,0.4580800533294678,-0.010899375287408475
1,1687,0,1094.5,1614336,45.0,1.9647213220596313,0.010163493,-13.840893133580686,-0.10513869367423467,25216,0.034912109375,0.0001,0.2,7.549776704981923,0.5436054766178131,-0.0062041555502219126
1,1195,0,1210.0,1614848,45.0,1.3655447959899902,0.010464622,-13.712632564529777,-0.0703281243913807,25224,0.021484375,0.0001,0.2,5.411446904763579,0.7347061336040497,-0.0042043471039505675
1,1572,0,1291.5,1615360,45.0,2.8400230407714844,0.019497663,-13.846736663877964,-0.08257266948930919,25232,0.04541015625,0.0001,0.2,7.384656060487032,0.3549345135688782,-0.013071919442154467
1,1558,0,1335.0,1615872,45.0,1.0643996000289917,0.0032020889,-12.864007154926657,-0.03556186723653809,25240,0.00830078125,0.0001,0.2,5.760870898142457,0.6902004480361938,-0.003288353473180905
1,1694,0,1340.0,1616384,45.0,1.916039228439331,0.010693975,-12.36905959032476,-0.07342227813205682,25248,0.039794921875,0.0001,0.2,7.691377509385347,0.1706828474998474,-0.00879963263287209
1,1633,0,1431.5,1616896,45.0,1.927938461303711,0.022846874,-11.319312595278024,-0.03764690664684167,25256,0.019775390625,0.0001,0.2,5.8563312804326415,-0.4867974519729614,-0.004982512728020083
1,1515,0,1490.5,1617408,45.0,1.8041619062423706,0.00743516,-11.009178931936622,-0.03119476488791406,25264,0.02099609375,0.0001,0.2,4.1391935152933,-0.41092777252197266,-0.004988832191884285
1,1574,0,1527.0,1617920,45.0,1.4290581941604614,0.0108321635,-10.660958201661707,-0.03086976283339027,25272,0.01904296875,0.0001,0.2,4.068543577566743,0.19763493537902832,-0.006067982889362611
1,1603,0,1526.5,1618432,45.0,1.5180790424346924,0.030714765,-9.50024971961975,-0.057792152590991464,25280,0.032958984375,0.0001,0.2,4.4430952705442905,0.17636150121688843,-0.010109470684255939
1,1774,0,1510.0,1618944,45.0,1.6095480918884277,0.010384355,-9.135339808166027,-0.04197055078475387,25288,0.022705078125,0.0001,0.2,4.218596902675927,0.23229950666427612,-0.006317114370176569
1,1186,0,1490.0,1619456,45.0,2.031202793121338,0.0035873365,-9.566684590354562,-0.03283646146519459,25296,0.02001953125,0.0001,0.2,4.430041344836354,0.24842560291290283,-0.004855485902226064
1,1871,0,1436.0,1619968,45.0,2.187803268432617,0.011010095,-9.554460133463145,-0.04991909311138443,25304,0.028564453125,0.0001,0.2,4.233858792111278,0.3956371545791626,-0.006762016884749755
1,1537,0,1429.5,1620480,45.0,0.5424989461898804,0.0074559576,-9.904291342273355,-0.03019211030095903,25312,0.018798828125,0.0001,0.2,1.9919874141924083,0.07258981466293335,-0.004944851600157563
1,1597,0,1488.5,1620992,45.0,0.8540776371955872,0.0048465226,-9.52110496148467,-0.03544061682623578,25320,0.019287109375,0.0001,0.2,2.4353413260541856,0.13517749309539795,-0.0040402759914286435
1,1681,0,1466.5,1621504,45.0,0.43027424812316895,0.01960279,-9.652708232924342,-0.045168093834945466,25328,0.033203125,0.0001,0.2,2.480713479220867,0.4148421883583069,-0.00883672963391291
1,1724,0,1353.0,1622016,45.0,1.0271703004837036,0.017320875,-9.732647367045283,-0.043871499443412176,25336,0.02197265625,0.0001,0.2,3.447395180352032,0.2675771117210388,-0.0056178619342972524
1,1765,0,1281.5,1622528,45.0,1.408837914466858,0.010602631,-9.97120552919805,-0.03232611341627489,25344,0.021240234375,0.0001,0.2,4.707524495199323,0.10754925012588501,-0.005342902102711378
1,1721,0,1306.5,1623040,45.0,0.4431397616863251,0.01285856,-10.281581024006009,-0.04619846948480699,25352,0.043212890625,0.0001,0.2,1.8822347472887486,0.2828303575515747,-0.011487126401334535
1,1907,0,1211.5,1623552,45.0,0.4601629972457886,0.0063281036,-10.679440598189831,-0.0368431437163963,25360,0.021240234375,0.0001,0.2,2.035837681731209,0.1662278175354004,-0.005908896979235578
1,1198,0,1224.0,1624064,45.0,0.6453977823257446,0.01877842,-10.887043110132218,-0.038415076462115394,25368,0.027099609375,0.0001,0.2,1.5159616203745827,0.07585448026657104,-0.006956389865081292
1,1615,0,1246.5,1624576,45.0,0.9643871784210205,0.010416996,-11.031833404004574,-0.03870945631933864,25376,0.024169921875,0.0001,0.2,2.898210121318698,0.17030209302902222,-0.007895023192759254
1,1619,0,1227.0,1625088,45.0,0.42149996757507324,0.01743307,-12.089453741014005,-0.042865254246862605,25384,0.023193359375,0.0001,0.2,4.153780655469745,0.26486510038375854,-0.00827751682663802
1,1640,0,1221.5,1625600,45.0,0.5910879373550415,0.010165587,-12.877142122387886,-0.056123055543139344,25392,0.029052734375,0.0001,0.2,2.0912302201613784,-0.8053765296936035,-0.01180649244633969
1,1686,0,1209.5,1626112,45.0,0.6145119071006775,0.023845255,-13.51095045223832,-0.060620579944952624,25400,0.040771484375,0.0001,0.2,2.0538627128116786,0.38173818588256836,-0.012916216102894396
1,1592,0,1265.0,1626624,45.0,1.263981580734253,0.014850655,-13.768083988502621,-0.08650308770302217,25408,0.0458984375,0.0001,0.2,3.903926440514624,0.00012940168380737305,-0.007893375113781076
1,1588,0,1351.0,1627136,45.0,1.2119383811950684,0.009208046,-13.867155201137066,-0.071874201126775,25416,0.044677734375,0.0001,0.2,2.6103285355493426,0.2912474274635315,-0.011347535935783526
1,1574,0,1301.5,1627648,45.0,0.9591765999794006,0.01533783,-13.971617771312594,-0.0632470152049791,25424,0.03076171875,0.0001,0.2,3.8208262510597706,0.21298784017562866,-0.01105206734064268
1,1387,0,1347.5,1628160,45.0,2.5543274879455566,0.012292496,-14.588760142996907,-0.09355565396981547,25432,0.051513671875,0.0001,0.2,6.689493769779801,0.1782408356666565,-0.014087777395616286
1,1512,0,1388.0,1628672,45.0,0.5013651251792908,0.016110875,-14.698497140482068,-0.04997501121761161,25440,0.031982421875,0.0001,0.2,2.036198105663061,0.32870715856552124,-0.010239119539619423
1,1683,0,1449.5,1629184,45.0,4.480909824371338,0.0054970626,-14.804581721648574,-0.07170278431294719,25448,0.052978515625,0.0001,0.2,6.556489780545235,0.3432503938674927,-0.01256256360647967
1,1672,0,1420.5,1629696,45.0,0.822170615196228,0.0021840087,-14.521830747798084,-0.04629880778156803,25456,0.013671875,0.0001,0.2,4.887287477962673,0.4917756915092468,-0.004112802394956816
1,1666,0,1392.0,1630208,45.0,1.7934716939926147,0.0059672594,-14.378931145220996,-0.05401243724554661,25464,0.029296875,0.0001,0.2,4.672761210240424,0.11639106273651123,-0.00904135514429072
1,1587,0,1369.0,1630720,45.0,1.346602201461792,0.0016486676,-14.18436886973679,-0.04850327768690477,25472,0.017333984375,0.0001,0.2,4.023217737674713,0.4789355993270874,-0.004766202342580073
1,1662,0,1329.0,1631232,45.0,1.6647058725357056,0.03388899,-14.292167622968554,-0.08424102504432085,25480,0.0517578125,0.0001,0.2,7.3548343582078815,0.4089825749397278,-0.016648492150125094
1,1652,0,1309.0,1631744,45.0,1.4511127471923828,0.0071827257,-13.901840073168279,-0.0691934775095433,25488,0.025390625,0.0001,0.2,4.167127374559641,0.23466753959655762,-0.009768151314347051
1,1793,0,1388.0,1632256,45.0,0.602311909198761,0.0062327967,-13.333169530779124,-0.04921236150039476,25496,0.02734375,0.0001,0.2,2.860389680135995,-0.12462687492370605,-0.008094990742392838
1,1377,0,1379.0,1632768,45.0,1.6927732229232788,0.011935521,-12.358602042123675,-0.0559231724437268,25504,0.038330078125,0.0001,0.2,4.327646904624999,0.30121463537216187,-0.013138912683643866
1,1692,0,1262.5,1633280,45.0,1.200992465019226,0.010818358,-11.924250266999007,-0.07583371947475825,25512,0.048583984375,0.0001,0.2,4.280313673429191,-0.07159829139709473,-0.014809434811468236
1,1434,0,1227.5,1633792,45.0,0.8431062698364258,0.007854724,-11.03944903075695,-0.05230191772170656,25520,0.034912109375,0.0001,0.2,3.2359326789155602,0.39855480194091797,-0.011326026266033296
1,1727,0,1196.0,1634304,45.0,2.914759874343872,0.011059288,-10.717903504148126,-0.058280615900002886,25528,0.029296875,0.0001,0.2,6.434302360750735,0.2710142135620117,-0.009031910456542391
1,1617,0,1202.0,1634816,45.0,1.4557448625564575,0.027551806,-10.71199604190886,-0.06114827427518321,25536,0.03515625,0.0001,0.2,2.57514580572024,0.15240800380706787,-0.009329233544121962
1,1539,0,1277.5,1635328,45.0,1.6238590478897095,0.011848364,-10.345740849599242,-0.04233770542850834,25544,0.026123046875,0.0001,0.2,3.9104334702715278,0.2853226661682129,-0.0073300082149216905
1,1777,0,1282.0,1635840,45.0,0.8898918032646179,0.0052703004,-10.585166031196714,-0.05645356165769044,25552,0.029296875,0.0001,0.2,5.605165366083384,0.20639514923095703,-0.0072365834639640525
1,1585,0,1310.5,1636352,45.0,0.9004429578781128,0.007006116,-10.982913711667061,-0.05590920089161955,25560,0.02197265625,0.0001,0.2,2.843580127460882,-0.253275990486145,-0.007491909993404988
1,1610,0,1307.5,1636864,45.0,1.1204971075057983,0.025039727,-11.41963730059564,-0.052695183376272325,25568,0.026123046875,0.0001,0.2,2.2765301526524127,0.13798147439956665,-0.005166590908629587
1,1218,0,1361.5,1637376,45.0,1.413883090019226,0.0072715566,-11.908011675402522,-0.056092032322339946,25576,0.037353515625,0.0001,0.2,2.6482816135976464,0.2264784574508667,-0.009709538193419576
1,1780,0,1368.0,1637888,45.0,0.9451487064361572,0.016455773,-12.631922432184219,-0.06803022852545837,25584,0.045166015625,0.0001,0.2,3.6296533523127437,0.2728103995323181,-0.01138654317765031
1,1929,0,1350.5,1638400,45.0,0.3151947259902954,0.008909892,-12.814777734279632,-0.049736691944417544,25592,0.035400390625,0.0001,0.2,2.2049259786726907,0.023920178413391113,-0.007173593985498883
1,1562,0,1306.5,1638912,45.0,0.11554833501577377,0.019719327,-13.088949596881866,-0.04704906008009857,25600,0.036376953125,0.0001,0.2,1.35446095734369,0.4377669095993042,-0.008446730549621861
1,1682,0,1325.0,1639424,45.0,1.5672260522842407,0.008726889,-13.795109732151031,-0.10219990015320946,25608,0.052978515625,0.0001,0.2,3.8912880374118686,0.3537834882736206,-0.007448190110153519
1,1949,0,1219.0,1639936,45.0,0.1685996949672699,0.015583146,-13.79595870412886,-0.03876654117630096,25616,0.030517578125,0.0001,0.2,1.3119027859065682,0.7221026122570038,-0.008546194621885661
1,1676,0,1131.0,1640448,45.0,0.35416609048843384,0.011791211,-13.70591640740633,-0.03679079014727904,25624,0.021728515625,0.0001,0.2,1.5388472423655912,0.5785660743713379,-0.007783047491102479
1,1834,0,1041.0,1640960,45.0,0.16471663117408752,0.018446464,-13.99610937833786,-0.04726846058838419,25632,0.034912109375,0.0001,0.2,0.9747305087512359,0.7140697836875916,-0.009984376134525519
1,1671,0,1065.0,1641472,45.0,0.9430471658706665,0.00784923,-14.370664488449693,-0.06364330060387147,25640,0.04150390625,0.0001,0.2,1.5764450174756348,0.5277359187602997,-0.008321394154336303
1,1567,0,1094.5,1641984,45.0,0.2947627902030945,0.01255125,-14.431889610141516,-0.045812498188752215,25648,0.025390625,0.0001,0.2,1.79186921287328,0.41046327352523804,-0.007060116891807411
1,1760,0,1150.5,1642496,45.0,1.259877324104309,0.0029668068,-14.222260666638613,-0.043598247779300436,25656,0.01708984375,0.0001,0.2,2.768121259752661,0.2622889280319214,-0.00472396832992672
1,1603,0,1131.0,1643008,45.0,1.976109504699707,0.0034890496,-14.114831928387284,-0.040635585888594505,25664,0.0185546875,0.0001,0.2,3.1993983234278858,0.05106288194656372,-0.005012631050703931
1,1622,0,1128.0,1643520,45.0,1.0697969198226929,0.008590575,-13.983934151008725,-0.05436094656397472,25672,0.03076171875,0.0001,0.2,3.312743583228439,0.13255268335342407,-0.010553126925515244
1,1752,0,1080.5,1644032,45.0,0.39221885800361633,0.0098320395,-13.447670252323151,-0.048386474383733,25680,0.02490234375,0.0001,0.2,3.4419356191065162,0.31775152683258057,-0.00839129358791979
1,1667,0,1201.0,1644544,45.0,2.976072311401367,0.0050201146,-12.74396019384265,-0.0399021818775509,25688,0.021240234375,0.0001,0.2,3.8530089296400547,0.07794749736785889,-0.006748625230102334
1,1916,0,1221.5,1645056,45.0,0.45263466238975525,0.015720775,-12.167332106605173,-0.043438371150841704,25696,0.033203125,0.0001,0.2,2.746855098521337,0.4618433117866516,-0.008354159836017061
1,1774,0,1244.5,1645568,45.0,0.3240012526512146,0.0041231457,-11.593882779330015,-0.023451140045835928,25704,0.01806640625,0.0001,0.2,1.5915600407170132,-0.5194324254989624,-0.0059198753369855694
1,1578,0,1278.5,1646080,45.0,0.6134474277496338,0.009880188,-10.938351830616593,-0.04153185682844196,25712,0.028564453125,0.0001,0.2,1.5736933397129178,0.24787932634353638,-0.009361223972518928
1,1859,0,1225.0,1646592,45.0,0.8033133745193481,0.005692776,-10.277919023856521,-0.05525860672696581,25720,0.02001953125,0.0001,0.2,4.1517214216291904,0.11538100242614746,-0.005833399623952573
1,1275,0,1233.5,1647104,45.0,1.1599026918411255,0.011598943,-9.721021953076125,-0.037954952695599786,25728,0.028564453125,0.0001,0.2,3.4100651810877025,0.2861025333404541,-0.00679922241033637
1,1733,0,1360.5,1647616,45.0,1.540492296218872,0.0054006297,-9.599300372898579,-0.05797130481005297,25736,0.016845703125,0.0001,0.2,6.597792815417051,0.2818087339401245,-0.004970878115273081
1,1852,0,1351.5,1648128,45.0,2.243767023086548,0.0024742712,-9.514785970970989,-0.05332273945714405,25744,0.015380859375,0.0001,0.2,7.995304448530078,0.03322041034698486,-0.0052422857042984106
1,1654,0,1357.0,1648640,45.0,0.43905213475227356,0.0059202425,-9.627873583883048,-0.048157257868297165,25752,0.029541015625,0.0001,0.2,1.6063058407744393,0.3344932198524475,-0.007361984775343444
1,1899,0,1239.0,1649152,45.0,0.7776743769645691,0.0086424295,-10.429810731336474,-0.05241453209600877,25760,0.0302734375,0.0001,0.2,5.476311053149402,0.4551897644996643,-0.005871824956557248
1,2158,0,1124.0,1649664,45.0,2.1827456951141357,0.023377277,-11.163563522398471,-0.04289215209792019,25768,0.0341796875,0.0001,0.2,3.084005856420845,0.16474103927612305,-0.008227595015341649
1,1467,0,1066.0,1650176,45.0,0.21650764346122742,0.011551162,-11.533526760414242,-0.03469353498962846,25776,0.0302734375,0.0001,0.2,0.889977505124989,-0.04392099380493164,-0.011983048578258604
1,1989,0,989.0,1650688,45.0,0.4556693136692047,0.011691915,-12.048952458277345,-0.0649038718720476,25784,0.0390625,0.0001,0.2,3.9530400284565985,0.1344848871231079,-0.004939661119351513
1,2005,0,871.0,1651200,45.0,1.2121779918670654,0.0043219114,-12.678300522193313,-0.044982378949498525,25792,0.021728515625,0.0001,0.2,2.50450222985819,0.04059368371963501,-0.00829122806317173
1,1734,0,762.5,1651712,45.0,0.8566264510154724,0.007368113,-13.665169232040643,-0.03498973666137317,25800,0.021728515625,0.0001,0.2,2.6737304851412773,0.213645339012146,-0.007623372817761265
1,1900,0,735.0,1652224,45.0,1.420807123184204,0.0093008485,-14.193792776912451,-0.06470437840971499,25808,0.02587890625,0.0001,0.2,3.683858039788902,0.09271907806396484,-0.007553346709755715
1,1412,0,704.5,1652736,45.0,1.1786450147628784,0.0054983613,-14.103391801938415,-0.046818558912491426,25816,0.0234375,0.0001,0.2,4.547590899281204,0.46881866455078125,-0.005257504479232011
1,1773,0,680.5,1653248,45.0,2.3841559886932373,0.0068412847,-15.369709231108427,-0.039373305074605014,25824,0.017822265625,0.0001,0.2,8.646224083378911,0.3756517767906189,-0.00616827928024577
1,1913,0,758.0,1653760,45.0,5.0823073387146,0.0024163327,-15.1341630076617,-0.0479910840795128,25832,0.015625,0.0001,0.2,8.671367393806577,0.43154168128967285,-0.005938848964433419
1,1846,0,800.5,1654272,45.0,1.983776330947876,0.007450004,-15.596446519419551,-0.037787929102705675,25840,0.0205078125,0.0001,0.2,8.887211794033647,0.5703109800815582,-0.005889183972612955
1,1647,0,865.5,1654784,45.0,4.314824104309082,0.003288602,-16.20983177125454,-0.03994305095056916,25848,0.01953125,0.0001,0.2,8.526725379750133,0.5574789345264435,-0.0072933138435473666
1,1750,0,965.0,1655296,45.0,1.3756023645401,0.0036372798,-15.508039894700051,-0.05481184814925655,25856,0.019775390625,0.0001,0.2,6.773889632895589,0.6174237728118896,-0.007650596737221349
1,1800,0,1006.5,1655808,45.0,1.866477370262146,0.037480686,-15.556437117904425,-0.0642505778728264,25864,0.0615234375,0.0001,0.2,3.8169905331451446,0.5182459652423859,-0.006884882306621876
1,1798,0,996.5,1656320,45.0,0.6537920236587524,0.017652659,-15.477707982584834,-0.06570389340049587,25872,0.05029296875,0.0001,0.2,2.425176089629531,0.3454911708831787,-0.009720010712044314
1,1616,0,1046.0,1656832,45.0,1.8985763788223267,0.013244712,-15.613694754317402,-0.08887614568084246,25880,0.04736328125,0.0001,0.2,3.4359200205653906,0.020242154598236084,-0.01236122220143443
1,1787,0,1059.5,1657344,45.0,1.6070045232772827,0.009171282,-15.319714224264025,-0.11089239330613054,25888,0.046142578125,0.0001,0.2,3.9535754853859544,0.008214056491851807,-0.012149092799518257
1,1209,0,1047.0,1657856,45.0,1.2265899181365967,0.010219405,-14.300258660241962,-0.04650857993874524,25896,0.02978515625,0.0001,0.2,4.170157180167735,0.04178744554519653,-0.007469552161637694
1,1572,0,1114.0,1658368,45.0,1.3942341804504395,0.039899725,-14.0585282073915,-0.07576016042003175,25904,0.054443359375,0.0001,0.2,4.0910235065966845,-0.03543531894683838,-0.014389504220162053
1,1747,0,1146.5,1658880,45.0,1.281052589416504,0.0030012147,-12.997673728764058,-0.0525924235353159,25912,0.020751953125,0.0001,0.2,3.696404249407351,0.09559351205825806,-0.004146073086303659
1,1889,0,1058.5,1659392,45.0,1.5109280347824097,0.009200545,-12.637110106498003,-0.04117095799847448,25920,0.020751953125,0.0001,0.2,3.400533977895975,0.2861250042915344,-0.006640994432018488
1,2085,0,937.0,1659904,45.0,0.741100549697876,0.0154914,-12.895425024777651,-0.045808292282345064,25928,0.02880859375,0.0001,0.2,1.8873833145480603,0.32826513051986694,-0.007158729451475665
1,1685,0,943.0,1660416,45.0,0.8960042595863342,0.014353208,-12.6638432328403,-0.03359494253254525,25936,0.023193359375,0.0001,0.2,2.0434844123665243,0.2777891159057617,-0.009632529225200415
1,1924,0,920.0,1660928,45.0,1.6600254774093628,0.016820673,-13.202342531532048,-0.07164715852559311,25944,0.040283203125,0.0001,0.2,2.6401027468964458,0.3161746859550476,-0.008906178918550722
1,1664,0,984.5,1661440,45.0,1.0152884721755981,0.009379206,-13.111313192099333,-0.05589645282452693,25952,0.033203125,0.0001,0.2,2.317424270324409,0.25051623582839966,-0.008887599324225448
1,1767,0,928.5,1661952,45.0,1.3677681684494019,0.005496028,-12.670617147907615,-0.04757023802449112,25960,0.022705078125,0.0001,0.2,3.211289595812559,-0.14234459400177002,-0.0063356570826726966
1,1714,0,912.5,1662464,45.0,1.6566811800003052,0.005443559,-12.704879621267319,-0.03557081801955064,25968,0.017578125,0.0001,0.2,4.118196613620967,0.29649388790130615,-0.005276085506920936
1,1689,0,799.0,1662976,45.0,3.5346336364746094,0.010157953,-12.505862829014658,-0.0483876916441659,25976,0.02880859375,0.0001,0.2,3.7657760214060545,0.4715980887413025,-0.008526535566488747
1,1205,0,811.5,1663488,45.0,6.066267490386963,0.0021694603,-12.510248670503497,-0.05556268783584528,25984,0.015869140625,0.0001,0.2,11.440709812566638,0.3331231474876404,-0.007829626600141637
1,1842,0,807.5,1664000,45.0,2.434413433074951,0.0053921347,-11.791382256671787,-0.060922461530935834,25992,0.021240234375,0.0001,0.2,7.469743452966213,0.5373207330703735,-0.0067032288570771925
1,1230,0,837.0,1664512,45.0,2.942640781402588,0.003620584,-12.449464277625085,-0.05617403596625081,26000,0.020263671875,0.0001,0.2,10.251800361089408,0.11223214864730835,-0.007364650198724121
1,1606,0,904.5,1665024,45.0,0.8038293123245239,0.008606607,-12.17890139736235,-0.0406033977487823,26008,0.02001953125,0.0001,0.2,4.669118040241301,0.6109320819377899,-0.009955313689715695
1,1514,0,1043.5,1665536,45.0,1.2504210472106934,0.009936202,-11.533795127123595,-0.038943840336287394,26016,0.021240234375,0.0001,0.2,4.386899280361831,0.48727327585220337,-0.0043544982854655245
1,1576,0,1065.0,1666048,45.0,1.690689206123352,0.004234183,-11.330821887105703,-0.07836725558081525,26024,0.035400390625,0.0001,0.2,8.072233943268657,0.5326921939849854,-0.008364773759240052
1,1929,0,1092.5,1666560,45.0,0.8745635151863098,0.0037959104,-12.25030916005373,-0.06870134900418634,26032,0.027099609375,0.0001,0.2,7.914125336334109,0.07160806655883789,-0.00814779479696881
1,598,0,1155.5,1667072,45.0,0.7106370329856873,0.005663691,-12.920030530393124,-0.042774567380547523,26040,0.0185546875,0.0001,0.2,1.6998945109080523,0.037391722202301025,-0.00669912406738149
1,1732,0,1150.5,1667584,45.0,4.981298446655273,0.0075181588,-13.991623078435659,-0.0729371739726048,26048,0.03076171875,0.0001,0.2,29.341326102614403,0.10432857275009155,-0.014168724665069021
1,1363,0,1156.0,1668096,45.0,14.033035278320312,0.0036889452,-15.731612675487995,-0.10888148989761248,26056,0.031005859375,0.0001,0.2,35.42242665216327,0.40316641330718994,-0.01256443360762205
1,494,1,1272.0,1668608,45.0,0.3823285400867462,0.009121097,-16.56223329357803,-0.049402685068344,26064,0.02783203125,0.0001,0.2,2.6935671838000417,-0.40187394618988037,-0.007082273717969656
1,1604,0,1252.0,1669120,45.0,6.878063201904297,0.029154366,-16.075836524292825,-0.06863065562356496,26072,0.0478515625,0.0001,0.2,8.756488408893347,0.2759546637535095,-0.015316251585318241
1,1799,0,1226.5,1669632,45.0,1.4886868000030518,0.01232291,-16.015138907507062,-0.056054287088045385,26080,0.03466796875,0.0001,0.2,4.056479866616428,-0.29201972484588623,-0.008771471453655977
1,1545,0,1237.5,1670144,45.0,1.3434048891067505,0.0073738564,-15.626519240215421,-0.041641574945970206,26088,0.027587890625,0.0001,0.2,2.5382980862632394,0.07804197072982788,-0.008272135630249977
1,2089,0,1156.0,1670656,45.0,2.415008783340454,0.008908274,-14.666147895380854,-0.04082728946741554,26096,0.02587890625,0.0001,0.2,5.2107185600325465,0.1621893048286438,-0.006682002371235285
1,1727,0,1214.0,1671168,45.0,0.46117931604385376,0.0069213375,-13.731265742331743,-0.044258565751079004,26104,0.021240234375,0.0001,0.2,2.5094745503738523,-0.03298461437225342,-0.008920235879486427
1,1821,0,1198.0,1671680,45.0,0.984005868434906,0.008604458,-12.799177551940083,-0.05129608880815795,26112,0.02099609375,0.0001,0.2,3.8594845863990486,0.1250157356262207,-0.007441252593707759
1,1471,0,1259.5,1672192,45.0,0.5694723129272461,0.03372012,-11.108169436976313,-0.29511354739952367,26120,0.2685546875,0.0001,0.2,2.3305952181108296,0.12678176164627075,-0.01357366364391055
1,1849,0,1279.0,1672704,45.0,7.437609672546387,0.03106313,-11.743427051603794,-0.28916637238580734,26128,0.090087890625,0.0001,0.2,22.502864971756935,0.2432510256767273,-0.013105270787491463
1,1274,0,1257.5,1673216,45.0,18.091777801513672,0.008924981,-14.126545510590077,-0.2838398445164785,26136,0.102294921875,0.0001,0.2,32.839285120368004,0.24896448850631714,-0.013849187700543553
1,1691,0,1294.5,1673728,45.0,4.2392401695251465,0.028732384,-15.204813160970808,-0.13746281247586012,26144,0.075439453125,0.0001,0.2,13.20693764090538,0.4725489616394043,-0.015329532943724189
1,1672,0,1253.5,1674240,45.0,2.7776551246643066,0.0135557065,-16.22464897505939,-0.07091798339388333,26152,0.03515625,0.0001,0.2,10.303452376276255,0.5408044159412384,-0.010929010495601688
1,1654,0,1280.5,1674752,45.0,3.1506600379943848,0.010815458,-17.691644314974546,-0.07246868943911977,26160,0.035888671875,0.0001,0.2,7.719962574541569,0.4365595579147339,-0.011264749922702322
1,1597,0,1461.5,1675264,45.0,1.4165008068084717,0.0057579754,-18.1979336155951,-0.0502166821170249,26168,0.0166015625,0.0001,0.2,3.40227965824306,0.5397103428840637,-0.006133504837634973
1,1737,0,1453.0,1675776,45.0,1.2712349891662598,0.012733387,-18.476828819736838,-0.06002222004462965,26176,0.028076171875,0.0001,0.2,3.9401579331606627,0.5848443806171417,-0.005375771605031332
1,1803,0,1422.5,1676288,45.0,0.85019451379776,0.007830921,-19.12752937346697,-0.0582325814611977,26184,0.020263671875,0.0001,0.2,5.345155622810125,0.5563337802886963,-0.007365885780018289
1,1576,0,1421.5,1676800,45.0,1.3346595764160156,0.006422558,-19.188863461464642,-0.04329134693398373,26192,0.01806640625,0.0001,0.2,3.76236689183861,0.4304094910621643,-0.007683223477215506
1,1170,0,1370.5,1677312,45.0,2.2629973888397217,0.01017859,-17.45496156409383,-0.07623512138525257,26200,0.043212890625,0.0001,0.2,13.335671519860625,0.047374188899993896,-0.011752163671189919
1,1513,0,1369.0,1677824,45.0,2.8607397079467773,0.0046969755,-14.7224441614002,-0.06279886214906583,26208,0.020263671875,0.0001,0.2,7.410262793302536,-0.13402199745178223,-0.007087436657457147
1,1618,0,1375.5,1678336,45.0,1.2227121591567993,0.0073623406,-13.292798008173705,-0.07747501543053659,26216,0.03271484375,0.0001,0.2,4.235054675489664,-0.08362042903900146,-0.008584018221881706
1,1680,0,1333.5,1678848,45.0,1.659406065940857,0.04992063,-12.721758442446589,-0.06557809107471257,26224,0.050537109375,0.0001,0.2,5.410784916952252,-0.017791032791137695,-0.01260438314784551
1,1594,0,1238.0,1679360,45.0,2.6851868629455566,0.0068516973,-11.662466950640082,-0.05345820729417028,26232,0.0234375,0.0001,0.2,5.224870406091213,-0.03139054775238037,-0.006298952801444102
1,1686,0,1219.0,1679872,45.0,2.3335986137390137,0.010062127,-11.825585942715406,-0.07347686307912227,26240,0.040283203125,0.0001,0.2,6.816072935238481,0.14606702327728271,-0.010364789253799245
1,1608,0,1250.0,1680384,45.0,4.10113000869751,0.005318591,-11.892894529774786,-0.06337160304974532,26248,0.026611328125,0.0001,0.2,8.398463478311896,0.2580384612083435,-0.00985661217418965
1,1580,0,1257.5,1680896,45.0,2.5788636207580566,0.007946061,-11.586255271807312,-0.06148659204336582,26256,0.03662109375,0.0001,0.2,6.99038184247911,-0.0007795095443725586,-0.009023681432154262
1,0,920,1328.0,1681408,45.0,2.1814119815826416,0.0069019664,-11.419626931846143,-0.07075624037679518,26264,0.032958984375,0.0001,0.2,6.885056352242827,-0.07581567764282227,-0.008628147457784507
1,1796,0,1412.0,1681920,45.0,1.332740306854248,0.014837058,-11.25528374426067,-0.05336717598765972,26272,0.047119140625,0.0001,0.2,5.140249251388013,0.25102317333221436,-0.010533843331359094
1,1721,0,1418.0,1682432,45.0,1.647036075592041,0.0031490568,-11.701995493620634,-0.042750751479616156,26280,0.021728515625,0.0001,0.2,9.273023226298392,0.16338962316513062,-0.0049650683358777314
1,1711,0,1352.5,1682944,45.0,1.5722776651382446,0.0057899887,-11.61136216558516,-0.050916738186060684,26288,0.023193359375,0.0001,0.2,4.17689832765609,0.04977428913116455,-0.005204714398132637
1,1180,0,1468.0,1683456,45.0,0.7345255613327026,0.010457916,-11.67765634045005,-0.062117937861330574,26296,0.034912109375,0.0001,0.2,4.477904696017504,0.22673147916793823,-0.00781825433659833
1,1617,0,1475.5,1683968,45.0,1.7130920886993408,0.0043101367,-11.928880945593118,-0.04519449481085758,26304,0.0185546875,0.0001,0.2,3.7628912054933608,0.21041405200958252,-0.005970164253085386
1,1637,0,1454.5,1684480,45.0,1.9087060689926147,0.0070959805,-12.119383033066988,-0.040648405883985106,26312,0.022705078125,0.0001,0.2,5.331408147700131,0.40292888879776,-0.00652687756519299
1,1603,0,1463.5,1684992,45.0,1.250261902809143,0.0066877687,-11.706870226114988,-0.05866624158443301,26320,0.02978515625,0.0001,0.2,4.510870296508074,0.4029628038406372,-0.008830155798932537
1,1492,0,1456.5,1685504,45.0,2.872605562210083,0.0052795284,-11.9182760566473,-0.05241976457182318,26328,0.02685546875,0.0001,0.2,7.3596030324697495,0.4039103388786316,-0.00809965749795083
1,1514,0,1438.0,1686016,45.0,1.4239848852157593,0.0054109767,-12.181003469303251,-0.05482142018445302,26336,0.01806640625,0.0001,0.2,6.419177995994687,0.5059570372104645,-0.006024521768267732
1,1676,0,1460.5,1686528,45.0,2.3664605617523193,0.01302816,-12.437411196529865,-0.06778173890779726,26344,0.044677734375,0.0001,0.2,6.314218496903777,0.6420104801654816,-0.012272372197912773
1,1832,0,1405.0,1687040,45.0,1.5124988555908203,0.009384578,-12.411690991744399,-0.055685766696115024,26352,0.031982421875,0.0001,0.2,7.250816535204649,0.5723785161972046,-0.008271415634226287
1,1757,0,1457.5,1687552,45.0,0.9324268102645874,0.009665908,-12.109541000649333,-0.044886090596264694,26360,0.031005859375,0.0001,0.2,3.681320977397263,-0.12185275554656982,-0.009142636044998653
1,1914,0,1349.5,1688064,45.0,0.43808913230895996,0.013833497,-11.550488787069916,-0.026767923423903994,26368,0.02001953125,0.0001,0.2,1.5548365679569542,0.6111726760864258,-0.005494955672475044
1,1792,0,1368.0,1688576,45.0,0.752410352230072,0.016386867,-11.265340757071971,-0.032648447104293155,26376,0.0224609375,0.0001,0.2,2.550495383795351,0.6730505228042603,-0.006482079676061403
1,1654,0,1314.0,1689088,45.0,0.7719964385032654,0.015043048,-10.742495208233596,-0.03972397233246738,26384,0.02685546875,0.0001,0.2,2.030111762229353,0.5151050388813019,-0.006804124706832226
1,1695,0,1318.5,1689600,45.0,0.4927978515625,0.009760365,-10.69073432855308,-0.05199926151908585,26392,0.02734375,0.0001,0.2,1.8546274525579065,0.41801220178604126,-0.006856486361357383
1,1869,0,1256.0,1690112,45.0,1.2928129434585571,0.006379066,-10.071468717455865,-0.04244057529285783,26400,0.0302734375,0.0001,0.2,2.249283048324287,-0.05161011219024658,-0.0091819105509785
1,1380,0,1207.5,1690624,45.0,0.5559669137001038,0.007080395,-9.579678862020373,-0.051532786224925076,26408,0.022216796875,0.0001,0.2,2.5809442354366183,-0.06207382678985596,-0.008034524347749539
1,2090,0,1169.5,1691136,45.0,1.7882249355316162,0.008475576,-9.353963210210203,-0.05594128424854716,26416,0.0283203125,0.0001,0.2,4.355846275575459,0.2995477318763733,-0.006858910383016337
1,1714,0,1170.0,1691648,45.0,1.3158565759658813,0.012631547,-9.65999391682446,-0.045709511197856045,26424,0.033935546875,0.0001,0.2,3.565811955370009,0.09339040517807007,-0.009615912698791362
1,1518,0,1163.0,1692160,45.0,0.7669867873191833,0.014082339,-10.330475139394402,-0.045030602020233346,26432,0.02392578125,0.0001,0.2,3.523339666426182,0.250116229057312,-0.004800101523869671
1,1865,0,1103.0,1692672,45.0,0.8374027013778687,0.010305682,-11.182226199433208,-0.04721567345040967,26440,0.0283203125,0.0001,0.2,3.1389297270216048,0.3319167494773865,-0.008012317317479756
1,1759,0,1145.0,1693184,45.0,0.7398803234100342,0.01795937,-11.945127829089762,-0.0351670007694338,26448,0.02294921875,0.0001,0.2,2.286310355644673,0.19063800573349,-0.004834105871850625
1,1719,0,1131.0,1693696,45.0,1.3426618576049805,0.003480129,-12.37072156831622,-0.04862673757634184,26456,0.02001953125,0.0001,0.2,4.198236736468971,0.20636481046676636,-0.008110121816571336
1,1793,0,1075.0,1694208,45.0,0.9878275394439697,0.00491433,-12.816643992736935,-0.04109412675097701,26464,0.019775390625,0.0001,0.2,2.9716250288765877,0.16362565755844116,-0.006658383943431545
1,1702,0,1099.5,1694720,45.0,0.5614305138587952,0.01066315,-12.963771163001656,-0.0472644506044162,26472,0.0263671875,0.0001,0.2,2.191393225453794,0.013377845287322998,-0.007853062226786278
1,1220,0,1154.0,1695232,45.0,1.234729528427124,0.014101771,-13.378305078744889,-0.051641260826727375,26480,0.022216796875,0.0001,0.2,4.760304796975106,0.24631518125534058,-0.006750548978743609
1,1457,0,1244.5,1695744,45.0,1.6076223850250244,0.006916256,-13.139260958656669,-0.07088483108964283,26488,0.031005859375,0.0001,0.2,4.122568694408983,-0.1968909502029419,-0.006839537643827498
1,1655,0,1266.5,1696256,45.0,0.7449027895927429,0.011680378,-12.48178321428597,-0.06800427891721483,26496,0.04541015625,0.0001,0.2,2.928013945464045,-0.22777974605560303,-0.011284215273917653
1,1561,0,1196.5,1696768,45.0,0.5138583779335022,0.016563307,-11.865642243027686,-0.07191086741659092,26504,0.052978515625,0.0001,0.2,2.898433981463313,-0.12557828426361084,-0.014005651788465912
1,1733,0,1265.5,1697280,45.0,1.9193252325057983,0.014787439,-12.156878226920963,-0.08816542859131005,26512,0.043212890625,0.0001,0.2,4.476823716424406,-0.15497291088104248,-0.00807090342277661
1,1582,0,1337.5,1697792,45.0,0.949980616569519,0.0087424815,-12.333903174847364,-0.06634307414060459,26520,0.044189453125,0.0001,0.2,4.414391062222421,0.32603442668914795,-0.010523000368266366
1,1615,0,1394.5,1698304,45.0,1.9725483655929565,0.007500469,-12.431232292205095,-0.053855137157370336,26528,0.03125,0.0001,0.2,4.073420005850494,0.4683612585067749,-0.008089181683317292
1,1480,0,1456.0,1698816,45.0,1.6456449031829834,0.008488866,-12.815002997666598,-0.059457154959090985,26536,0.031005859375,0.0001,0.2,9.288982633501291,0.46801263093948364,-0.006653140226262622
1,1292,0,1402.0,1699328,45.0,3.3207881450653076,0.0121116005,-13.39133581712842,-0.0759147374483291,26544,0.04296875,0.0001,0.2,10.766336811706424,0.47590988874435425,-0.012836531648645177
1,1464,0,1357.0,1699840,45.0,7.688248157501221,0.006036018,-13.31859513528645,-0.06600094382883981,26552,0.031494140625,0.0001,0.2,11.178242845460773,0.5618575811386108,-0.00969422550406307
1,1669,0,1370.0,1700352,45.0,3.2014782428741455,0.013130723,-13.952003458365798,-0.0838358547189273,26560,0.0439453125,0.0001,0.2,13.089064233005047,0.450857937335968,-0.008435976247710641
1,1674,0,1342.0,1700864,45.0,2.9374589920043945,0.0055805896,-13.622545366436244,-0.06181196514444309,26568,0.034423828125,0.0001,0.2,7.768908686935902,0.3292957544326782,-0.0090208529290976
1,1852,0,1299.5,1701376,45.0,1.5194505453109741,0.0096810805,-12.661479412093758,-0.06581232051394181,26576,0.029052734375,0.0001,0.2,3.6588791059330106,0.594510555267334,-0.005989060904539656
1,1623,0,1323.5,1701888,45.0,0.7806165814399719,0.0063358,-10.71116458453238,-0.0450389712350443,26584,0.02734375,0.0001,0.2,2.9841989409178495,0.2790113091468811,-0.007408565186779015
1,1734,0,1298.5,1702400,45.0,1.0479885339736938,0.032989386,-9.39349704347551,-0.1562982881005155,26592,0.1220703125,0.0001,0.2,2.713906087912619,0.29556912183761597,-0.011721600727469195
1,1631,0,1285.5,1702912,45.0,41.09857177734375,0.011310842,-13.033187291622163,-0.36635022866539657,26600,0.163330078125,0.0001,0.2,117.59526777267456,-0.027701258659362793,-0.01740177080500871
1,1741,0,1298.5,1703424,45.0,16.73210334777832,0.013398148,-15.506911207437515,-0.27584035880863667,26608,0.12255859375,0.0001,0.2,43.08601711690426,0.2815566062927246,-0.010233887020149268
1,1254,0,1378.0,1703936,45.0,16.241104125976562,0.028579824,-18.104825424402954,-0.2792559773661196,26616,0.135009765625,0.0001,0.2,48.05469790101051,0.20620954036712646,-0.022710512253979687
1,1658,0,1373.0,1704448,45.0,5.47613525390625,0.0053192927,-19.581458452120422,-0.19286407780600712,26624,0.071533203125,0.0001,0.2,18.043848603963852,0.3228779435157776,-0.012473983202653471
1,1789,0,1303.5,1704960,45.0,6.100293159484863,0.017391529,-21.78812480658293,-0.14193829288706183,26632,0.057373046875,0.0001,0.2,15.330734595656395,0.4645918607711792,-0.013873792413505726
1,1921,0,1319.0,1705472,45.0,3.772045612335205,0.03298517,-24.078008116260172,-0.08421299429028295,26640,0.041259765625,0.0001,0.2,8.44472317956388,0.3885367512702942,-0.013389497456955723
1,1687,0,1312.0,1705984,45.0,0.6899769902229309,0.015632361,-25.914185693711044,-0.05346349437604658,26648,0.030029296875,0.0001,0.2,2.528452136553824,0.22087889909744263,-0.010578632725810166
1,1701,0,1284.5,1706496,45.0,0.6726697683334351,0.007841942,-27.528009239137173,-0.05004596432263497,26656,0.0234375,0.0001,0.2,2.0576229714788496,0.5256266295909882,-0.006522328385472065
1,1471,0,1303.0,1707008,45.0,0.6351820826530457,0.008837327,-28.125768025815486,-0.05449742735072505,26664,0.025634765625,0.0001,0.2,2.9035058114677668,0.21959006786346436,-0.007080590141413268
1,1863,0,1208.0,1707520,45.0,0.2939471900463104,0.016047213,-24.06483718633652,-0.04404201119177742,26672,0.0244140625,0.0001,0.2,2.3778965626843274,0.4345431923866272,-0.004635168799723033
1,1595,0,1217.0,1708032,45.0,0.7224729657173157,0.00902317,-21.90624639250338,-0.03778073137800675,26680,0.02197265625,0.0001,0.2,2.9397395569831133,0.2988428473472595,-0.007004163442616118
1,1279,0,1184.0,1708544,45.0,2.139009475708008,0.002653306,-18.515755002647637,-0.044836912013124675,26688,0.01904296875,0.0001,0.2,7.347420129925013,0.2765769958496094,-0.005083965159428772
1,1786,0,1231.5,1709056,45.0,1.1913355588912964,0.0069848546,-15.990351424068212,-0.05063175289251376,26696,0.024169921875,0.0001,0.2,5.211885500699282,0.3851209282875061,-0.00771118151533301
1,1563,0,1220.0,1709568,45.0,0.40243279933929443,0.019424874,-13.189835262075066,-0.042831302340346156,26704,0.0244140625,0.0001,0.2,2.3385721761733294,0.5168650150299072,-0.002862344674213091
1,1545,0,1261.0,1710080,45.0,1.1402837038040161,0.0031786477,-11.279910880923271,-0.04962440669260104,26712,0.029541015625,0.0001,0.2,2.6719833463430405,0.518895834684372,-0.006507909380161436
1,1538,0,1289.5,1710592,45.0,0.8404562473297119,0.01334392,-9.765094801187516,-0.044177857096656226,26720,0.03564453125,0.0001,0.2,2.192888653371483,0.42643028497695923,-0.011628067310084589
1,1575,0,1291.0,1711104,45.0,1.9898183345794678,0.003956966,-8.895479540377856,-0.059074835531646386,26728,0.0361328125,0.0001,0.2,3.955873817205429,0.4141885042190552,-0.00862599346874049
1,1585,0,1342.5,1711616,45.0,0.47938281297683716,0.009985367,-8.17119636900723,-0.06296369089614018,26736,0.03271484375,0.0001,0.2,1.8582311975769699,0.52662792801857,-0.009758295680512674
1,1516,0,1448.0,1712128,45.0,0.484935998916626,0.010133876,-7.552736208289861,-0.053159400486038066,26744,0.02490234375,0.0001,0.2,2.5764667093753815,0.5757801532745361,-0.0074609032744774595
1,1695,0,1379.5,1712640,45.0,0.851356565952301,0.0077146254,-7.738686406165361,-0.0614227204459894,26752,0.032958984375,0.0001,0.2,2.369556567631662,0.3955431580543518,-0.010419722209917381
1,1264,0,1343.5,1713152,45.0,1.5560592412948608,0.013056662,-7.848339098468423,-0.0746982650962309,26760,0.0517578125,0.0001,0.2,3.0987397390417755,-0.4485400915145874,-0.015635719755664468
1,1716,0,1366.0,1713664,45.0,0.7084088921546936,0.01305767,-9.072174996137619,-0.06158685011178022,26768,0.03369140625,0.0001,0.2,2.7138714380562305,0.16492974758148193,-0.009939418210706208
1,1780,0,1313.5,1714176,45.0,0.9531610608100891,0.011821687,-10.444886020421983,-0.06668815436569275,26776,0.03173828125,0.0001,0.2,3.0679212966933846,0.36116892099380493,-0.009810644754907116
1,1907,0,1314.5,1714688,45.0,1.0738531351089478,0.010954066,-11.741257945820688,-0.06811374302924378,26784,0.035888671875,0.0001,0.2,3.8107135095633566,0.5402655005455017,-0.009552896844979841
1,1779,0,1268.0,1715200,45.0,2.367445707321167,0.020168783,-13.110897206664085,-0.058030001224324224,26792,0.054931640625,0.0001,0.2,3.534700064919889,0.5469042062759399,-0.014934203180018812
1,1548,0,1166.5,1715712,45.0,0.36551523208618164,0.011741893,-13.85170027859509,-0.049731954393791966,26800,0.032958984375,0.0001,0.2,3.433569922344759,0.3525516986846924,-0.010393663542345166
1,1766,0,1119.0,1716224,45.0,0.7697057723999023,0.008311086,-14.882758543491363,-0.04277013282990083,26808,0.030517578125,0.0001,0.2,2.830254186410457,0.19318097829818726,-0.006230698038052651
1,1729,0,1091.0,1716736,45.0,0.26787853240966797,0.00455438,-15.622243220359087,-0.04293907891042181,26816,0.02197265625,0.0001,0.2,2.9975062150042504,-0.2158193588256836,-0.006448105748859234
1,1799,0,1184.0,1717248,45.0,1.6346380710601807,0.009775545,-15.774996573030949,-0.055227454504347406,26824,0.0341796875,0.0001,0.2,3.806856649927795,0.10678666830062866,-0.008958756097854348
1,1961,0,1098.5,1717760,45.0,0.9498927593231201,0.0035947438,-15.78728317156434,-0.03938375584766618,26832,0.0205078125,0.0001,0.2,4.163645416498184,0.3639644980430603,-0.005467765096909716
1,1633,0,1188.0,1718272,45.0,2.8580493927001953,0.0030971407,-15.741898863390087,-0.0326136945932376,26840,0.015869140625,0.0001,0.2,5.098700428381562,0.13499301671981812,-0.004838177730562165
1,1815,0,1165.5,1718784,45.0,0.8097933530807495,0.010796264,-14.703527985438704,-0.04481233639307902,26848,0.0224609375,0.0001,0.2,3.963128485251218,0.4527949094772339,-0.003599408875743393
1,1712,0,1250.0,1719296,45.0,0.3896762430667877,0.004738209,-14.649075810685753,-0.0321609264210565,26856,0.0185546875,0.0001,0.2,5.606415419373661,0.22190475463867188,-0.0069523795682471246
1,1340,0,1281.0,1719808,45.0,0.5889674425125122,0.029555416,-13.717415805310011,-0.030580785974962055,26864,0.026123046875,0.0001,0.2,3.6742961080744863,0.4832676649093628,-0.008255666885816026
1,1675,0,1269.5,1720320,45.0,0.7870811820030212,0.006775336,-13.664073922634124,-0.04864213140717766,26872,0.02685546875,0.0001,0.2,5.48574840137735,-0.09713196754455566,-0.00925531343818875
1,1585,0,1311.5,1720832,45.0,0.5891921520233154,0.00268475,-13.296139021739364,-0.03979078783231671,26880,0.019775390625,0.0001,0.2,3.5422082152217627,0.22181564569473267,-0.005543087812839076
1,1700,0,1294.0,1721344,45.0,0.6168069839477539,0.006334511,-12.75854977875948,-0.05137809667576221,26888,0.029052734375,0.0001,0.2,2.342004368081689,-0.13860130310058594,-0.007668255948374281
1,1742,0,1323.5,1721856,45.0,0.5968901515007019,0.013612587,-12.446031294241548,-0.050441432918887585,26896,0.039794921875,0.0001,0.2,1.97222547698766,0.21343129873275757,-0.007704662246396765
1,1798,0,1314.0,1722368,45.0,0.7821064591407776,0.006946248,-12.240490494295955,-0.03653340338496491,26904,0.02294921875,0.0001,0.2,4.049299844540656,0.11089986562728882,-0.007826119915989693
1,1785,0,1215.0,1722880,45.0,1.7803996801376343,0.014053156,-11.555980900228024,-0.03848102926258434,26912,0.02392578125,0.0001,0.2,2.989906134083867,0.3896036744117737,-0.00540135689516319
1,1246,0,1279.0,1723392,45.0,1.077278971672058,0.0053158533,-11.094210136532784,-0.03564153140723647,26920,0.01904296875,0.0001,0.2,2.7759353080764413,0.4426215887069702,-0.006592297962924931
1,1847,0,1202.0,1723904,45.0,0.9977588653564453,0.0037996361,-10.09074572622776,-0.049563296568521764,26928,0.021484375,0.0001,0.2,5.336395964026451,-0.05137968063354492,-0.005124742750922451
1,1634,0,1265.5,1724416,45.0,1.1909936666488647,0.0051794657,-9.562885451987386,-0.03595415839663474,26936,0.014404296875,0.0001,0.2,1.8854119954630733,-0.460080623626709,-0.0040744410835031886
1,1593,0,1205.0,1724928,45.0,0.3733302354812622,0.011948489,-8.200752623826265,-0.03309638853897923,26944,0.015625,0.0001,0.2,1.3961474450770766,0.05524039268493652,-0.0038489360667881556
1,1566,0,1277.0,1725440,45.0,0.6274274587631226,0.025323348,-7.521668710187077,-0.05298546222911682,26952,0.03759765625,0.0001,0.2,2.3993651550263166,0.5218420028686523,-0.009749629458383424
1,1679,0,1258.0,1725952,45.0,0.6663314700126648,0.012311901,-6.629068091809749,-0.042909404408419505,26960,0.031982421875,0.0001,0.2,4.100169182755053,0.6201665997505188,-0.009945320551196346
1,1915,0,1197.0,1726464,45.0,2.0630006790161133,0.0057247854,-6.128516847193241,-0.05254769458042574,26968,0.024169921875,0.0001,0.2,5.302426213398576,0.4865736961364746,-0.00845106682390906
1,1818,0,1204.0,1726976,45.0,0.8683341145515442,0.00769577,-6.155421661585569,-0.03685590224813495,26976,0.021484375,0.0001,0.2,3.4288692250847816,0.23721688985824585,-0.008079239010839956
1,1620,0,1309.5,1727488,45.0,0.4635978937149048,0.002791637,-6.473932411894202,-0.040019347939960426,26984,0.0166015625,0.0001,0.2,2.201808183453977,0.6059728562831879,-0.0045804142791894265
1,1597,0,1268.5,1728000,45.0,0.4337826073169708,0.053884972,-6.7667592334747315,-0.06849657775819651,26992,0.05712890625,0.0001,0.2,2.046690353192389,0.5334039330482483,-0.01152651509619318
1,1523,0,1306.0,1728512,45.0,1.30256986618042,0.019261278,-7.973838314637542,-0.08873798399872612,27000,0.057861328125,0.0001,0.2,3.0029212990775704,-0.17480671405792236,-0.013524968377168989
1,1610,0,1278.0,1729024,45.0,0.6789032220840454,0.016799152,-9.001130976602434,-0.08611137446860084,27008,0.054931640625,0.0001,0.2,2.789906735997647,-0.0639272928237915,-0.011015161780960625
1,1517,0,1343.5,1729536,45.0,1.8021022081375122,0.012191494,-10.919230447486044,-0.07878126251307549,27016,0.038330078125,0.0001,0.2,4.710382818244398,0.10917508602142334,-0.00942379018306383
1,1509,0,1342.0,1730048,45.0,0.510667622089386,0.015157641,-12.528540257513523,-0.05295892371486843,27024,0.03662109375,0.0001,0.2,2.9673810792155564,0.28611451387405396,-0.011717071465682238
1,1567,0,1369.0,1730560,45.0,1.8564575910568237,0.00618911,-14.421808310747146,-0.06734479738224763,27032,0.03369140625,0.0001,0.2,3.226923645939678,0.34837085008621216,-0.009625683378544636
1,1295,0,1491.0,1731072,45.0,0.24277731776237488,0.011850551,-15.389921445846557,-0.06163037067744881,27040,0.029052734375,0.0001,0.2,2.1255181612214074,0.39754801988601685,-0.00828799342707498
1,1556,0,1505.0,1731584,45.0,0.8586810827255249,0.0077296267,-15.891169777289033,-0.057572507565055275,27048,0.031982421875,0.0001,0.2,3.650153605733067,0.4827587604522705,-0.011559972379473038
1,1830,0,1492.5,1732096,45.0,1.151806116104126,0.01097427,-16.933734365329148,-0.07463825729792006,27056,0.0458984375,0.0001,0.2,8.965515127405524,0.20994561910629272,-0.011490958127978956
1,1686,0,1599.5,1732608,45.0,0.5852065682411194,0.006973557,-16.86101793035865,-0.0480760639802611,27064,0.031982421875,0.0001,0.2,1.7911736578680575,0.5294389724731445,-0.005331548571120948
1,1683,0,1560.5,1733120,45.0,1.3061853647232056,0.01752153,-15.84162706129253,-0.044819370117693325,27072,0.027099609375,0.0001,0.2,3.9727173149585724,0.37777501344680786,-0.00922216106846463
1,1576,0,1593.5,1733632,45.0,0.6853514909744263,0.005346752,-14.952429571598769,-0.04605788420303725,27080,0.01708984375,0.0001,0.2,2.612050652038306,-0.27625370025634766,-0.004622977641702164
1,1694,0,1534.5,1734144,45.0,1.9753971099853516,0.00863463,-13.349568146020173,-0.05859845421218779,27088,0.03125,0.0001,0.2,3.502970302477479,-0.04994058609008789,-0.007336735543503892
1,1822,0,1532.0,1734656,45.0,0.8725928068161011,0.006183514,-11.852822796180844,-0.04967448285606224,27096,0.03369140625,0.0001,0.2,4.125859956257045,0.17503035068511963,-0.008321791592607042
1,1786,0,1470.0,1735168,45.0,0.3376776874065399,0.018193884,-10.33122029542923,-0.03489779657320469,27104,0.0263671875,0.0001,0.2,2.103347412776202,-0.061564087867736816,-0.008519892446201993
1,1289,0,1414.0,1735680,45.0,0.8609346747398376,0.0035858206,-9.483316350057722,-0.028571910188475158,27112,0.01904296875,0.0001,0.2,2.17201794590801,0.13471972942352295,-0.005021667584514944
1,1928,0,1394.5,1736192,45.0,0.47241538763046265,0.00801257,-9.227811999693513,-0.0247351035632164,27120,0.014892578125,0.0001,0.2,2.018193670315668,0.2705451250076294,-0.004867905685387086
1,1839,0,1322.0,1736704,45.0,0.23884564638137817,0.0027085065,-8.546265593618154,-0.02083469872832211,27128,0.009765625,0.0001,0.2,1.7630624022567645,0.44653111696243286,-0.004641509727662196
1,1906,0,1247.5,1737216,45.0,0.5304276347160339,0.012306104,-8.874930339232087,-0.03594644782606338,27136,0.028564453125,0.0001,0.2,1.6776660634204745,0.35037118196487427,-0.008120751852402464
1,1754,0,1200.0,1737728,45.0,0.20267747342586517,0.0030502542,-9.060304957851768,-0.02157686852478946,27144,0.01220703125,0.0001,0.2,1.1587129749823362,0.4143770933151245,-0.004561635680147447
1,2019,0,1124.5,1738240,45.0,0.8674048781394958,0.0087949615,-10.218097947984933,-0.04100802545690385,27152,0.029541015625,0.0001,0.2,2.4455987410619855,0.35957086086273193,-0.007595043032779358
1,1837,0,1126.0,1738752,45.0,0.2849178910255432,0.011098219,-10.756656650081277,-0.019987097677585552,27160,0.011962890625,0.0001,0.2,0.7896400837926194,0.44150739908218384,-0.0043819685524795204
1,1793,0,1134.0,1739264,45.0,0.7212910652160645,0.024938617,-11.567134212777018,-0.050802209461835446,27168,0.032958984375,0.0001,0.2,1.963784811552614,0.27368438243865967,-0.007660581100935815
1,1825,0,1091.5,1739776,45.0,2.0197315216064453,0.0026545383,-12.121202626675368,-0.037588528262858745,27176,0.006591796875,0.0001,0.2,3.0708830398507416,0.3118094205856323,-0.00237297826242866
1,1507,0,1118.0,1740288,45.0,3.170647144317627,0.011918787,-12.731832323744893,-0.04832149083085824,27184,0.025390625,0.0001,0.2,4.9809381775557995,0.16602003574371338,-0.00709127203663229
1,1822,0,1105.0,1740800,45.0,0.9721589684486389,0.008155514,-12.450550563558936,-0.038436824768723454,27192,0.0224609375,0.0001,0.2,2.7721178345382214,0.2897818684577942,-0.008188705738575663
1,1774,0,1116.0,1741312,45.0,0.48672041296958923,0.006132584,-12.245328026488423,-0.03282727189071011,27200,0.019287109375,0.0001,0.2,2.743748319800943,0.4566013813018799,-0.00431385565752862
1,1812,0,1120.0,1741824,45.0,1.1234289407730103,0.0091561135,-12.278251514062285,-0.06107321795570897,27208,0.05712890625,0.0001,0.2,3.709022323600948,0.45904266834259033,-0.018015070832916535
1,1884,0,1078.0,1742336,45.0,1.7381490468978882,0.0063323956,-12.395944425836205,-0.040797426350764,27216,0.017333984375,0.0001,0.2,6.240274789743125,0.13448894023895264,-0.005767157847003546
1,1722,0,1032.0,1742848,45.0,2.1758968830108643,0.008449054,-12.522771671712398,-0.023422415146342246,27224,0.01025390625,0.0001,0.2,3.274208331014961,0.4897874593734741,-0.002981389614433283
1,1758,0,1024.5,1743360,45.0,0.6796333193778992,0.011037191,-12.39939093694091,-0.04552982280074502,27232,0.017578125,0.0001,0.2,3.3497840822674334,-0.36415135860443115,-0.006889544725709129
1,1877,0,1017.0,1743872,45.0,0.8316881656646729,0.0126798935,-12.502919203862549,-0.032848478313098894,27240,0.0234375,0.0001,0.2,3.3221839172765613,0.2619292736053467,-0.008204811958421487
1,1474,0,1007.5,1744384,45.0,0.6237295269966125,0.0059212395,-12.2692179415375,-0.025196618284098804,27248,0.01806640625,0.0001,0.2,2.233704077079892,0.30743247270584106,-0.00616348348739848
1,1548,0,1071.5,1744896,45.0,0.8085834980010986,0.002451676,-11.988425896093249,-0.020539174559417006,27256,0.009521484375,0.0001,0.2,3.1854780591093004,0.3214839696884155,-0.005637361398839857
1,1812,0,1058.5,1745408,45.0,0.789699137210846,0.0060689603,-11.909609671235085,-0.03416845266110613,27264,0.018798828125,0.0001,0.2,2.544281968846917,0.3040577173233032,-0.005569449771428481
1,1291,0,1088.0,1745920,45.0,0.5285001993179321,0.012018639,-12.144030404016375,-0.01597351781197176,27272,0.017822265625,0.0001,0.2,2.2569270052481443,0.5272660851478577,-0.00414531911155791
1,1564,0,1211.5,1746432,45.0,1.0575816631317139,0.012722595,-11.910849600657821,-0.03224752401547448,27280,0.026123046875,0.0001,0.2,2.2288237060420215,0.6274538338184357,-0.00503483504144242
1,1819,0,1260.5,1746944,45.0,1.2087119817733765,0.005688412,-11.204435168355703,-0.04644261054636445,27288,0.037109375,0.0001,0.2,3.885292947757989,0.5921738743782043,-0.012234213558258489
1,1753,0,1311.0,1747456,45.0,0.991649329662323,0.006773809,-10.89160928890109,-0.03244361629913328,27296,0.0224609375,0.0001,0.2,2.771033424884081,0.5931718051433563,-0.008383158645301592
1,1567,0,1390.0,1747968,45.0,1.2033112049102783,0.00503204,-10.391099592000247,-0.0446713227120199,27304,0.028564453125,0.0001,0.2,3.6599402157589793,0.43884027004241943,-0.006164018104755087
1,1725,0,1449.5,1748480,45.0,0.8877087831497192,0.0073187863,-9.721040262952448,-0.0431534384333645,27312,0.021484375,0.0001,0.2,2.423147513065487,0.6748422980308533,-0.005878839030629024
1,1550,0,1511.5,1748992,45.0,0.938823938369751,0.0107291145,-9.25773332491517,-0.04486199606981245,27320,0.031982421875,0.0001,0.2,2.467803622595966,0.5524357557296753,-0.009382154938066378
1,1746,0,1523.0,1749504,45.0,0.23544341325759888,0.013946004,-9.116089196354151,-0.03925864674965851,27328,0.028076171875,0.0001,0.2,1.3095842918846756,0.3960999846458435,-0.0026544086940702982
1,1570,0,1542.5,1750016,45.0,0.4899106025695801,0.012269996,-9.298086671158671,-0.03212307764533762,27336,0.020751953125,0.0001,0.2,1.2443363138008863,0.058319091796875,-0.0034794466591847595
1,1639,0,1512.5,1750528,45.0,0.6890650987625122,0.009103406,-9.462507981359959,-0.055265877534111496,27344,0.02880859375,0.0001,0.2,2.6492156968452036,0.15500688552856445,-0.011204342947166879
1,1483,0,1441.5,1751040,45.0,0.7587229609489441,0.039257415,-9.526366701126099,-0.039582349421834806,27352,0.0263671875,0.0001,0.2,1.7105504614301026,-0.3468519449234009,-0.006121582249761559
1,1775,0,1352.0,1751552,45.0,0.973288893699646,0.0150229465,-10.075575191825628,-0.0369298611949489,27360,0.03125,0.0001,0.2,3.2769779511727393,0.3398512601852417,-0.009115963395743165
1,1814,0,1357.0,1752064,45.0,1.0772913694381714,0.015024666,-10.558381984084845,-0.03888287793370182,27368,0.0224609375,0.0001,0.2,3.766495242714882,0.6059655547142029,-0.007294574104889762
1,1888,0,1341.5,1752576,45.0,0.9109047651290894,0.008426612,-10.894844575598835,-0.042512978327067685,27376,0.021240234375,0.0001,0.2,2.06469319621101,0.6705142557621002,-0.00641976409315248
1,2079,0,1252.0,1753088,45.0,0.8463696241378784,0.009482323,-11.459881837889553,-0.038260736909705884,27384,0.021728515625,0.0001,0.2,2.369467430282384,0.5876043736934662,-0.00787741394015029
1,2249,0,1098.5,1753600,45.0,0.4487164318561554,0.01408776,-11.881568173393607,-0.045497862694901414,27392,0.033935546875,0.0001,0.2,1.6208496578037739,0.6072760224342346,-0.008678133122884901
1,2018,0,919.5,1754112,45.0,0.4203933775424957,0.0039067892,-12.176707541570067,-0.03598353102188412,27400,0.0244140625,0.0001,0.2,1.0578656271100044,-0.1817411184310913,-0.006186648941366002
1,1915,0,869.5,1754624,45.0,1.0670069456100464,0.0067748437,-12.319782330915332,-0.04120834211289548,27408,0.023681640625,0.0001,0.2,1.682789346203208,0.14226418733596802,-0.0059472609354997985
1,1596,0,812.5,1755136,45.0,2.492910623550415,0.0073400005,-12.127588645964861,-0.060479419626062736,27416,0.0380859375,0.0001,0.2,4.3163554687052965,0.23541045188903809,-0.011220848882658174
1,1974,0,812.0,1755648,45.0,0.9231073260307312,0.0052204616,-12.117942133769393,-0.03913115414525237,27424,0.0166015625,0.0001,0.2,3.227777300402522,0.45710766315460205,-0.004435056718648411
1,1854,0,827.0,1756160,45.0,1.7879186868667603,0.004402376,-12.03885817669332,-0.03328690748730878,27432,0.0126953125,0.0001,0.2,6.352691989392042,0.5205548405647278,-0.0041579514218028635
1,1723,0,778.5,1756672,45.0,5.587177753448486,0.004270034,-11.985031402036547,-0.05382143256247218,27440,0.0244140625,0.0001,0.2,14.027665387839079,0.27651458978652954,-0.011317305696138646
1,1955,0,742.0,1757184,45.0,4.2852067947387695,0.001519086,-11.571316715925931,-0.04721379220745803,27448,0.015380859375,0.0001,0.2,13.551961636170745,0.35153329372406006,-0.005634633413137635
1,1734,0,921.5,1757696,45.0,2.08365797996521,0.0042499998,-11.529056023433805,-0.03866545242999564,27456,0.01416015625,0.0001,0.2,7.124909583479166,0.45175325870513916,-0.006680538401269587
1,1876,0,962.0,1758208,45.0,1.5768823623657227,0.0067376425,-11.241832032352686,-0.038573634094973386,27464,0.0234375,0.0001,0.2,3.430337649770081,0.561982274055481,-0.00451479932962684
1,1831,0,1045.5,1758720,45.0,0.5458356142044067,0.00739541,-11.64668858654797,-0.044314863679574046,27472,0.02392578125,0.0001,0.2,3.872313506435603,0.10201191902160645,-0.0066082059347536415
1,1822,0,1018.5,1759232,45.0,0.5579357147216797,0.006251815,-11.85242548532784,-0.03897909811803402,27480,0.0234375,0.0001,0.2,3.1022146469913423,-0.3350602388381958,-0.007794154316798085
1,1993,0,1031.5,1759744,45.0,2.9899938106536865,0.0105749555,-12.10184315726161,-0.06027383104446926,27488,0.029052734375,0.0001,0.2,5.87520067486912,-0.0008254051208496094,-0.009564356681948993
1,2115,0,916.5,1760256,45.0,1.1274011135101318,0.0067738914,-11.938320069611073,-0.03610385687670714,27496,0.021240234375,0.0001,0.2,2.6057049529626966,-0.5395963191986084,-0.007807325717294589
1,2016,0,869.5,1760768,45.0,0.4994259476661682,0.024656441,-12.353527885973454,-0.04763310850921698,27504,0.03564453125,0.0001,0.2,2.0334819057025015,0.330141544342041,-0.012980141982552595
1,1295,0,895.0,1761280,45.0,0.7648869156837463,0.0042268187,-12.18161285430193,-0.045910521957921446,27512,0.0185546875,0.0001,0.2,3.2690424052998424,-0.2754143476486206,-0.004134913293455611
1,1849,0,896.0,1761792,45.0,0.6248297095298767,0.019240296,-12.619105366393924,-0.05644647243934742,27520,0.041748046875,0.0001,0.2,2.719111076090485,0.3386151194572449,-0.011838213773444295
1,1597,0,916.0,1762304,45.0,2.4028170108795166,0.007053753,-12.709117807820439,-0.035850485817718436,27528,0.028076171875,0.0001,0.2,4.10165826138109,0.354378342628479,-0.005934316515777027
1,1647,0,948.5,1762816,45.0,0.9907395243644714,0.007462471,-12.119848225861787,-0.0497086070390651,27536,0.020751953125,0.0001,0.2,4.091874095611274,0.5466887950897217,-0.006763113640772644
1,1599,0,1004.5,1763328,45.0,0.7640825510025024,0.0038411408,-11.787101676091552,-0.03666594680544222,27544,0.021240234375,0.0001,0.2,2.6182722388766706,0.8133075535297394,-0.006617584433115553
1,1529,0,1065.5,1763840,45.0,1.5633354187011719,0.0033272363,-11.64999990440905,-0.050247068917087745,27552,0.015380859375,0.0001,0.2,5.260527390986681,0.5460453927516937,-0.006330521006020717
1,1738,0,1094.0,1764352,45.0,2.7035884857177734,0.006109738,-10.826615685001016,-0.08015170572616626,27560,0.048583984375,0.0001,0.2,6.695669963955879,0.6445591151714325,-0.009933985929819755
1,1512,0,1248.5,1764864,45.0,4.833183765411377,0.003627798,-10.870811321809889,-0.0651268403926224,27568,0.025390625,0.0001,0.2,10.805014992132783,0.30563533306121826,-0.008572319558879826
1,1351,0,1313.0,1765376,45.0,5.085886478424072,0.008202767,-10.746085289046169,-0.07413405521947425,27576,0.032470703125,0.0001,0.2,9.320956835523248,-0.5851954221725464,-0.007838554098270833
1,1720,0,1389.5,1765888,45.0,1.5688718557357788,0.0063650263,-10.873868567720056,-0.04663107993656013,27584,0.028564453125,0.0001,0.2,4.707939497195184,-0.420365571975708,-0.007441513967933133
1,1750,0,1378.0,1766400,45.0,1.1133358478546143,0.036168203,-10.806174274608493,-0.03425224430975504,27592,0.023193359375,0.0001,0.2,6.03190128877759,0.0926099419593811,-0.008980513746791985
1,1740,0,1325.5,1766912,45.0,3.019482135772705,0.008916905,-11.340237646251916,-0.033256915614401805,27600,0.01953125,0.0001,0.2,10.960819778963923,0.23072612285614014,-0.00633328095136676
1,1688,0,1336.0,1767424,45.0,4.390648365020752,0.004212351,-11.67104036360979,-0.052956566149077844,27608,0.022216796875,0.0001,0.2,10.931956904008985,0.5110021233558655,-0.0070315876582753845
1,1605,0,1352.5,1767936,45.0,1.089112639427185,0.009695508,-11.516684683859348,-0.030169872028636746,27616,0.013427734375,0.0001,0.2,4.064108827151358,0.2248215675354004,-0.005388798424974084
1,1709,0,1338.5,1768448,45.0,1.0698466300964355,0.0049957344,-11.608697031214833,-0.061454493465134874,27624,0.02490234375,0.0001,0.2,8.834062421694398,0.5475185513496399,-0.007677183464693371
1,1948,0,1279.5,1768960,45.0,4.210753917694092,0.00588409,-12.668323131874203,-0.06205633199715521,27632,0.024169921875,0.0001,0.2,10.543236002326012,0.41702836751937866,-0.007435648687533103
1,1760,0,1267.0,1769472,45.0,0.24139800667762756,0.5503493,-12.261988048106431,-0.13565678678787663,27640,0.214111328125,0.0001,0.2,1.9775246274657547,0.10408872365951538,-0.02367652486282168
1,1746,0,1289.0,1769984,45.0,40.29339599609375,0.010511004,-18.437819844037293,-0.34154196502640843,27648,0.16455078125,0.0001,0.2,204.80408322811127,-0.08411693572998047,-0.015367368963779882
1,1346,0,1178.5,1770496,45.0,28.804323196411133,0.008364143,-24.295880058705805,-0.3453548097750172,27656,0.1005859375,0.0001,0.2,83.73365373909473,0.31381988525390625,-0.007873454589571338
1,1779,0,1132.0,1771008,45.0,33.879207611083984,0.013068525,-31.336554697155954,-0.4184557250700891,27664,0.210205078125,0.0001,0.2,117.59533789753914,0.2760874032974243,-0.020559869044518564
1,1673,0,1213.0,1771520,45.0,22.315980911254883,0.0074481247,-36.179739259257914,-0.3401429911609739,27672,0.076904296875,0.0001,0.2,76.30152496695518,0.4451802372932434,-0.00879440287098987
1,1823,0,1120.5,1772032,45.0,15.153239250183105,0.020586554,-39.66761531896889,-0.24861738295294344,27680,0.168701171875,0.0001,0.2,42.86231345683336,0.6080769002437592,-0.02264049357472686
1,1712,0,1146.5,1772544,45.0,16.657604217529297,0.025189018,-42.95192567229271,-0.21327050600666553,27688,0.096923828125,0.0001,0.2,27.7283962816,0.6433718502521515,-0.01696987832110608
1,1765,0,1115.0,1773056,45.0,3.100740432739258,0.005658903,-42.999843181818726,-0.13444915361469612,27696,0.038330078125,0.0001,0.2,12.980158194899559,0.7954849749803543,-0.009671987871115562
1,1841,0,1198.0,1773568,45.0,4.502931118011475,0.029671565,-43.69178303599357,-0.07172310931491666,27704,0.034912109375,0.0001,0.2,13.77644295990467,0.6956900358200073,-0.014785450737690553
1,1721,0,1162.5,1774080,45.0,2.773805856704712,0.0071559,-42.754970895051954,-0.06037008423299994,27712,0.02197265625,0.0001,0.2,7.1336585860699415,0.7005364298820496,-0.004674932821217226
1,1671,0,1164.5,1774592,45.0,2.5042645931243896,0.0037355856,-34.7533298651874,-0.061809580540284514,27720,0.01708984375,0.0001,0.2,9.12946455180645,0.6660276353359222,-0.006256527933146572
1,1306,0,1211.5,1775104,45.0,4.319111347198486,0.0051292162,-28.47657755918801,-0.054808231310744304,27728,0.0234375,0.0001,0.2,10.872675403952599,0.5862940549850464,-0.007117920045857318
1,1894,0,1154.5,1775616,45.0,2.1551105976104736,0.010132968,-22.45014299221337,-0.04214906968627474,27736,0.01904296875,0.0001,0.2,8.352155070751905,0.5114641487598419,-0.006017285617417656
1,1618,0,1080.5,1776128,45.0,3.8954267501831055,0.009226484,-17.1126096136868,-0.05284455528817489,27744,0.02197265625,0.0001,0.2,10.070628676563501,0.20390063524246216,-0.0042418639932293445
1,1771,0,1143.5,1776640,45.0,3.7307915687561035,0.008931883,-13.865409366860986,-0.04933784623426618,27752,0.02294921875,0.0001,0.2,8.524850390851498,-0.005634903907775879,-0.005963065857940819
1,1791,0,1147.5,1777152,45.0,1.8916417360305786,0.0015892353,-10.576625208258628,-0.031254797029760084,27760,0.0126953125,0.0001,0.2,6.420785455033183,0.2352808117866516,-0.002299857878824696
1,1863,0,1153.5,1777664,45.0,1.7895495891571045,0.0059766965,-9.390365143865347,-0.04881275425577769,27768,0.019775390625,0.0001,0.2,7.339399790391326,0.18112468719482422,-0.007906521706900094
1,1826,0,1145.0,1778176,45.0,0.8570122718811035,0.005799042,-8.309206018075347,-0.039323954728388344,27776,0.025634765625,0.0001,0.2,3.892205100506544,0.5251167416572571,-0.00703329512180062
1,1610,0,1176.5,1778688,45.0,1.09844970703125,0.003680305,-8.314364010840654,-0.03470958898469689,27784,0.013671875,0.0001,0.2,3.3494820864871144,0.5895989537239075,-0.004884665653662523
1,1502,0,1180.5,1779200,45.0,2.354257345199585,0.0076524913,-8.675922042727471,-0.05255432274134364,27792,0.032958984375,0.0001,0.2,7.484599919989705,0.4315078854560852,-0.010555983462836593
1,1383,0,1160.0,1779712,45.0,1.423901915550232,0.005696219,-8.401800689697266,-0.05725462847658491,27800,0.02490234375,0.0001,0.2,4.137258822564036,0.7190684676170349,-0.0054381386580644175
1,1759,0,1149.0,1780224,45.0,0.610712468624115,0.010698913,-9.239812998175621,-0.036781281494768336,27808,0.024658203125,0.0001,0.2,3.576443864032626,0.5878089368343353,-0.007174412108724937
1,1654,0,1190.5,1780736,45.0,0.520038902759552,0.01660385,-9.738960022851824,-0.050537569313746644,27816,0.030029296875,0.0001,0.2,3.1243677441962063,0.507681667804718,-0.01021198109810939
1,1700,0,1134.5,1781248,45.0,0.5506987571716309,0.0052775783,-10.295656675696373,-0.047498668400294264,27824,0.0224609375,0.0001,0.2,2.2407780680805445,0.6189959943294525,-0.007670635153772309
1,1749,0,1190.5,1781760,45.0,0.9517092704772949,0.0110759875,-10.926497291699052,-0.045780355560054886,27832,0.029296875,0.0001,0.2,2.6870792428962886,0.37200433015823364,-0.006130824138381286
1,1632,0,1234.0,1782272,45.0,0.5212008357048035,0.0054432433,-11.497661312669516,-0.04648957066638104,27840,0.032958984375,0.0001,0.2,2.0622225268743932,0.4604705572128296,-0.008617887793661794
1,1569,0,1286.5,1782784,45.0,0.7380763292312622,0.013417748,-12.229503435641528,-0.06261196427294635,27848,0.046875,0.0001,0.2,2.8115536491386592,0.30324679613113403,-0.010817938367836177
1,1825,0,1172.5,1783296,45.0,0.7886050939559937,0.0114268875,-12.55365852445364,-0.05058875845497823,27856,0.037109375,0.0001,0.2,2.2795026381500065,0.2476043701171875,-0.008740770485019311
1,1726,0,1072.0,1783808,45.0,1.5883783102035522,0.00994316,-13.066021982505918,-0.05122559920528147,27864,0.03369140625,0.0001,0.2,3.410980529151857,0.06933742761611938,-0.006828408459114144
1,1888,0,1127.5,1784320,45.0,2.2854621410369873,0.015707053,-14.212036125808954,-0.07216846077790251,27872,0.0576171875,0.0001,0.2,6.533333024941385,0.04650968313217163,-0.018096523261192488
1,1751,0,1112.0,1784832,45.0,0.9254721403121948,0.002521182,-13.813163827285171,-0.04374445813982675,27880,0.012939453125,0.0001,0.2,4.174302716739476,0.4338822364807129,-0.003326778816699516
1,1749,0,1075.0,1785344,45.0,1.5828319787979126,0.0060576596,-13.477952360659838,-0.03951110792422696,27888,0.02294921875,0.0001,0.2,5.004609114490449,0.2763359546661377,-0.007729280288913287
1,1587,0,1021.5,1785856,45.0,1.2148040533065796,0.018123327,-13.437356570139528,-0.060537488185218535,27896,0.03173828125,0.0001,0.2,4.312193755060434,0.5542312264442444,-0.009099706687266007
1,2060,0,903.0,1786368,45.0,1.2910040616989136,0.01016286,-13.085647794753314,-0.04575556355212029,27904,0.0263671875,0.0001,0.2,3.0842789206653833,0.3921450972557068,-0.005651291859976482
1,1747,0,875.5,1786880,45.0,0.580181896686554,0.00417911,-12.810262342318893,-0.03542408734301716,27912,0.025634765625,0.0001,0.2,1.4252814310602844,0.3181682229042053,-0.009307797852670774
1,1762,0,844.0,1787392,45.0,2.2626395225524902,0.0051856623,-12.40603037185967,-0.046446184807791724,27920,0.031982421875,0.0001,0.2,3.718621955718845,0.08497267961502075,-0.008435006013314705
1,1606,0,987.0,1787904,45.0,1.1498658657073975,0.002149432,-11.792413360849023,-0.03239874996324943,27928,0.01220703125,0.0001,0.2,5.363450393546373,-0.08110976219177246,-0.0035715051781153306
1,1434,0,1041.5,1788416,45.0,0.8785397410392761,0.01197705,-11.108991968035697,-0.04258510729960108,27936,0.03125,0.0001,0.2,3.160654017701745,0.34086495637893677,-0.0068475740918074735
1,1278,0,1060.0,1788928,45.0,1.4685641527175903,0.011908978,-10.137089119628072,-0.04273607800678292,27944,0.024169921875,0.0001,0.2,4.845737020485103,0.46400976181030273,-0.007642551994649693
1,1770,0,1128.5,1789440,45.0,1.5974918603897095,0.00782367,-10.18559367403388,-0.05030495532264467,27952,0.028564453125,0.0001,0.2,5.640217908425257,-0.013455033302307129,-0.007454787151800701
1,1669,0,1109.5,1789952,45.0,1.3374743461608887,0.020974236,-10.148613673150539,-0.034665514695007005,27960,0.03369140625,0.0001,0.2,2.7203794405795634,0.31875717639923096,-0.007004608411079971
1,1857,0,1142.5,1790464,45.0,0.7270505428314209,0.008885894,-10.093195931687951,-0.058895769019727595,27968,0.029541015625,0.0001,0.2,3.872023032512516,-0.12273645401000977,-0.008143705592374317
1,1860,0,1177.5,1790976,45.0,0.8689127564430237,0.013493482,-10.713050686493515,-0.03376873378329037,27976,0.02734375,0.0001,0.2,1.5792309116804972,0.08501935005187988,-0.00869371929729823
1,1955,0,1175.0,1791488,45.0,0.7914589047431946,0.0058865724,-11.11531591668725,-0.05236432834135485,27984,0.040283203125,0.0001,0.2,2.6399864754639566,0.07753294706344604,-0.00767078184071579
1,1685,0,1109.5,1792000,45.0,0.48960667848587036,0.003391052,-11.525223393440246,-0.03371301182414754,27992,0.01611328125,0.0001,0.2,1.571928603341803,0.2677695155143738,-0.00485645568187465
1,1688,0,1089.5,1792512,45.0,0.8200511336326599,0.026996722,-12.0435478990525,-0.05235243977222126,28000,0.0400390625,0.0001,0.2,2.74118943605572,-0.028763175010681152,-0.009303708124207333
1,1679,0,1013.0,1793024,45.0,0.644864559173584,0.016145213,-12.858219320178032,-0.04415435458395223,28008,0.028076171875,0.0001,0.2,1.7115649960469455,0.3099808096885681,-0.011551077321200864
1,1744,0,957.0,1793536,45.0,1.1043260097503662,0.011945759,-13.713027460500598,-0.07321711394615704,28016,0.0390625,0.0001,0.2,7.63044145423919,0.2074717879295349,-0.012730655558698345
1,1612,0,1046.0,1794048,45.0,0.6138438582420349,0.015912723,-14.013771646916867,-0.05839196367014665,28024,0.03515625,0.0001,0.2,3.3324377611279488,0.21827006340026855,-0.008146715146722272
1,1606,0,1045.5,1794560,45.0,0.7803292274475098,0.0064090053,-14.060752118229866,-0.053294882527552545,28032,0.020263671875,0.0001,0.2,4.953724132850766,-0.32270359992980957,-0.008393202428123914
1,1689,0,1091.0,1795072,45.0,0.993208110332489,0.017983196,-14.225656252205372,-0.09209520187869202,28040,0.038330078125,0.0001,0.2,3.7094907322898507,0.15508294105529785,-0.01441100100055337
1,1823,0,1153.0,1795584,45.0,0.7006568312644958,0.026277635,-13.82885439299047,-0.05564158974812017,28048,0.052001953125,0.0001,0.2,4.1089256620034575,0.1241486668586731,-0.013233287761977408
1,1621,0,1243.5,1796096,45.0,0.18464136123657227,0.0055337176,-13.423432267531753,-0.0393198066185505,28056,0.021728515625,0.0001,0.2,1.7064972727093846,-0.2988862991333008,-0.006118738361692522
1,1838,0,1272.5,1796608,45.0,0.6095688343048096,0.00649153,-12.709470700770616,-0.033740799115548725,28064,0.02197265625,0.0001,0.2,1.6666714048478752,0.48205292224884033,-0.006837930133769987
1,1808,0,1155.0,1797120,45.0,0.9591030478477478,0.011918046,-11.918954583331942,-0.04390187986973615,28072,0.02734375,0.0001,0.2,2.7037391369231045,0.3384407162666321,-0.00848857052915264
1,1846,0,1153.0,1797632,45.0,0.49726203083992004,0.016923144,-10.942627485767007,-0.04768957390842843,28080,0.03173828125,0.0001,0.2,2.7134510977193713,0.15954118967056274,-0.008469955166219734
1,1312,0,1201.5,1798144,45.0,0.501751720905304,0.0038837949,-10.59314458809793,-0.049088206606029416,28088,0.020263671875,0.0001,0.2,2.2257220060564578,0.1883070468902588,-0.007871149455240811
1,1755,0,1121.0,1798656,45.0,0.6951370239257812,0.024743577,-10.433643476217986,-0.0489285112817015,28096,0.032958984375,0.0001,0.2,2.51566450484097,0.31599748134613037,-0.010383472756075207
1,1979,0,1105.0,1799168,45.0,1.087670087814331,0.0068114665,-10.307503750398755,-0.057519173718901584,28104,0.02294921875,0.0001,0.2,3.6487307716161013,0.2609174847602844,-0.007431204547174275
1,2005,0,1037.5,1799680,45.0,0.30833008885383606,0.004813533,-10.524327548071742,-0.03988932819447655,28112,0.016357421875,0.0001,0.2,1.437481044093147,0.19556403160095215,-0.0044194541333126836
1,1878,0,971.5,1800192,45.0,1.680761694908142,0.0030264915,-11.016492098793387,-0.04801346207023016,28120,0.018798828125,0.0001,0.2,4.258867334574461,0.1624947190284729,-0.006027291659847833
1,1973,0,869.0,1800704,45.0,1.3389627933502197,0.0035256327,-11.49785958841443,-0.05762388628863846,28128,0.021728515625,0.0001,0.2,3.8576371679082513,0.10081487894058228,-0.006453857025917387
1,1684,0,926.5,1801216,45.0,0.9994779229164124,0.007481227,-12.419774413704872,-0.0262948712988873,28136,0.015869140625,0.0001,0.2,1.940002944553271,0.40480202436447144,-0.0038831511701573618
1,1683,0,966.5,1801728,45.0,1.3289976119995117,0.0073530115,-13.245856516584753,-0.05128709567361511,28144,0.03173828125,0.0001,0.2,6.040583160705864,0.26184624433517456,-0.008076816411630716
1,1747,0,987.0,1802240,45.0,1.9767353534698486,0.009074116,-14.616673836782574,-0.05411692435154691,28152,0.019287109375,0.0001,0.2,6.511126643978059,0.10585927963256836,-0.006500737079477403
1,1783,0,950.0,1802752,45.0,1.5255300998687744,0.0020844252,-14.360842389687896,-0.033466250213677995,28160,0.013671875,0.0001,0.2,5.384882857091725,0.14434337615966797,-0.004925636611005757
1,1693,0,1002.0,1803264,45.0,0.9391481876373291,0.0067714406,-14.425147176086902,-0.0422865588334389,28168,0.019287109375,0.0001,0.2,4.807947521097958,0.39659810066223145,-0.007631499425770016
1,1894,0,936.0,1803776,45.0,1.5456722974777222,0.0021974219,-14.055041977763176,-0.038052253828936955,28176,0.01904296875,0.0001,0.2,4.292461297940463,0.5935192108154297,-0.007004568906268105
1,1865,0,1008.0,1804288,45.0,1.2051031589508057,0.007745337,-14.081829817444087,-0.0485005474947684,28184,0.03271484375,0.0001,0.2,4.357408636715263,0.6109769940376282,-0.00846588490094291
1,1705,0,1090.0,1804800,45.0,1.8168226480484009,0.0073829866,-13.950526680871844,-0.03133308900396514,28192,0.01806640625,0.0001,0.2,4.939686152152717,0.5190487205982208,-0.007243466890940908
1,1822,0,1087.5,1805312,45.0,1.716253399848938,0.0028513293,-13.088038167729973,-0.030046116189623717,28200,0.01220703125,0.0001,0.2,4.324247065465897,0.47408056259155273,-0.005246781569439918
1,1706,0,1100.0,1805824,45.0,1.927753210067749,0.0048796637,-12.339916357770562,-0.035952431990153855,28208,0.02783203125,0.0001,0.2,4.482782729901373,0.5678141117095947,-0.008016119740204886
1,1676,0,1186.0,1806336,45.0,1.9036529064178467,0.0067037893,-11.454168027415871,-0.03632764728899929,28216,0.036376953125,0.0001,0.2,5.881534074433148,0.5700439810752869,-0.006624323537835153
1,1639,0,1218.5,1806848,45.0,1.6878398656845093,0.013046242,-10.571500215530396,-0.033625247049712925,28224,0.029541015625,0.0001,0.2,3.758973062504083,0.6462328732013702,-0.008971963485237211
1,1772,0,1241.0,1807360,45.0,0.6627612113952637,0.0089632785,-10.999627681672573,-0.031572218189467094,28232,0.02197265625,0.0001,0.2,2.7176081323996186,0.2254834771156311,-0.005343475146219134
1,1733,0,1265.0,1807872,45.0,1.5560866594314575,0.011056211,-11.394414723590016,-0.029797778270221897,28240,0.016357421875,0.0001,0.2,3.863312898669392,-0.1773298978805542,-0.005008828244172037
1,1666,0,1303.5,1808384,45.0,1.5227376222610474,0.008057782,-11.423947202861308,-0.027628862638266583,28248,0.01806640625,0.0001,0.2,2.6350118503905833,0.1282622218132019,-0.0060112507926533
1,1716,0,1279.5,1808896,45.0,0.23908841609954834,0.025259051,-11.564438490644097,-0.02358790988637338,28256,0.01611328125,0.0001,0.2,1.5730872293934226,0.06797289848327637,-0.006287498072197195
1,1634,0,1309.0,1809408,45.0,1.0016905069351196,0.009784694,-11.481344503238796,-0.029629428766838828,28264,0.019287109375,0.0001,0.2,5.440149539150298,0.11300992965698242,-0.007371834690275136
1,1761,0,1323.5,1809920,45.0,2.2638769149780273,0.0050403774,-11.725906547904014,-0.036045581673988636,28272,0.01416015625,0.0001,0.2,3.2823213767260313,-0.22893106937408447,-0.002865368493075948
1,1906,0,1272.5,1810432,45.0,0.45778852701187134,0.009226682,-11.999762253537774,-0.03270524006211417,28280,0.019287109375,0.0001,0.2,1.7929982733912766,0.2003803849220276,-0.006355117766361218
1,1732,0,1228.5,1810944,45.0,0.9336820840835571,0.012722634,-12.003509685695171,-0.027158055203017284,28288,0.017578125,0.0001,0.2,1.7615507747977972,0.27125370502471924,-0.004540724272374064
1,1823,0,1267.5,1811456,45.0,0.62664794921875,0.015334917,-11.720206673368812,-0.03578803681102727,28296,0.029541015625,0.0001,0.2,2.134175131097436,0.2698030471801758,-0.007318428419239353
1,1779,0,1178.0,1811968,45.0,0.532058596611023,0.00991952,-11.082621836289764,-0.029555523325598188,28304,0.02001953125,0.0001,0.2,1.4547468973323703,0.22197765111923218,-0.00559198093105806
1,1246,0,1195.0,1812480,45.0,0.286300927400589,0.014345521,-10.603985552117228,-0.04225145991767931,28312,0.02734375,0.0001,0.2,1.4872559162322432,0.19228947162628174,-0.006311353226919891
1,1578,0,1298.0,1812992,45.0,0.8487839102745056,0.006167255,-10.055900152400136,-0.04058610089668946,28320,0.028564453125,0.0001,0.2,2.2898972425609827,0.22951626777648926,-0.009195373160764575
1,1662,0,1247.5,1813504,45.0,0.35330796241760254,0.005195101,-9.518665673956274,-0.03614583426315221,28328,0.01708984375,0.0001,0.2,2.3578738605137914,0.20719337463378906,-0.005690385580237489
1,1656,0,1279.0,1814016,45.0,0.8700599074363708,0.03558593,-9.500491288527847,-0.04155102701679425,28336,0.0322265625,0.0001,0.2,2.369641193188727,0.310149610042572,-0.01177530345012201
1,1588,0,1351.0,1814528,45.0,1.3750509023666382,0.014319463,-9.275850607454776,-0.0517887985984089,28344,0.033447265625,0.0001,0.2,3.3252511667087674,-0.009004354476928711,-0.009882669046419323
1,1732,0,1363.0,1815040,45.0,0.7953580021858215,0.0083879735,-9.735796369984746,-0.04731746259767533,28352,0.029052734375,0.0001,0.2,5.615211226977408,0.22135275602340698,-0.004530121041170787
1,1655,0,1387.5,1815552,45.0,0.6857367157936096,0.0036434904,-10.198170883581042,-0.03324236458502128,28360,0.013427734375,0.0001,0.2,2.872784516774118,-0.14328086376190186,-0.0041491751217108686
1,1532,0,1403.0,1816064,45.0,0.4370448589324951,0.030533288,-10.622413787022232,-0.03354996924281295,28368,0.035400390625,0.0001,0.2,1.5141337097156793,0.23759609460830688,-0.005926004145294428
1,1735,0,1411.5,1816576,45.0,1.482035756111145,0.0068911333,-11.355650691390037,-0.03980515889088565,28376,0.0263671875,0.0001,0.2,3.2274883505888283,0.23561465740203857,-0.010052858011476928
1,1987,0,1342.0,1817088,45.0,1.511448860168457,0.007928401,-11.953293279111385,-0.034655029156510864,28384,0.021484375,0.0001,0.2,4.247406805865467,0.07299298048019409,-0.006416055686713662
1,1722,0,1312.0,1817600,45.0,0.6575211882591248,0.01648945,-12.422799565345048,-0.02323807823313473,28392,0.018798828125,0.0001,0.2,2.1175111626507714,0.2181469202041626,-0.0053914148738840595
1,1508,0,1412.0,1818112,45.0,0.9381063580513,0.0066287126,-12.578958291262389,-0.029817185880347097,28400,0.0146484375,0.0001,0.2,2.161909546935931,0.3860870599746704,-0.004574492308165645
1,1863,0,1363.0,1818624,45.0,0.9353017210960388,0.0026845548,-12.738106776624917,-0.036591659242276364,28408,0.015869140625,0.0001,0.2,4.3232399499975145,0.03843575716018677,-0.006713610309816431
1,1730,0,1311.0,1819136,45.0,0.657372772693634,0.005309332,-12.132747613638639,-0.02460191254840538,28416,0.017333984375,0.0001,0.2,1.8808745702262968,0.1475425362586975,-0.004433155841979897
1,1791,0,1301.5,1819648,45.0,0.2549494504928589,0.0050571505,-11.684967650324106,-0.03439908569180261,28424,0.01708984375,0.0001,0.2,2.2201036512851715,-0.020894885063171387,-0.007196555983682629
1,2117,0,1203.0,1820160,45.0,1.3734649419784546,0.005589945,-11.054485259875655,-0.03743482207210036,28432,0.017578125,0.0001,0.2,5.253525415901095,0.276544988155365,-0.006536288186907768
1,1571,0,1217.5,1820672,45.0,0.37954971194267273,0.019102065,-10.273474313914775,-0.026879086258759344,28440,0.02294921875,0.0001,0.2,1.2351617701351643,0.03343534469604492,-0.004917628277326003
1,1661,0,1242.0,1821184,45.0,0.8080338835716248,0.003517433,-9.711589097827673,-0.031106311833354994,28448,0.017578125,0.0001,0.2,2.440775920636952,-0.1967695951461792,-0.004672627115724026
1,1644,0,1336.0,1821696,45.0,0.5801482796669006,0.01541326,-8.777939603999258,-0.04905017103737919,28456,0.042724609375,0.0001,0.2,2.339229952543974,-0.23047399520874023,-0.013030143469222821
1,1695,0,1420.0,1822208,45.0,1.3844752311706543,0.0066952477,-8.106775865480303,-0.04462301558669424,28464,0.027099609375,0.0001,0.2,2.2457832698710263,0.0611003041267395,-0.006232710751646664
1,1783,0,1401.0,1822720,45.0,0.3139851689338684,0.006166018,-7.986193042695522,-0.02652252655434495,28472,0.016845703125,0.0001,0.2,1.1232141060754657,0.45472830533981323,-0.004251973245118279
1,1713,0,1390.0,1823232,45.0,0.4844280779361725,0.015890047,-7.566191508769989,-0.03549582191044465,28480,0.024658203125,0.0001,0.2,1.008485670783557,0.5292099118232727,-0.010248083475744352
1,1608,0,1436.0,1823744,45.0,0.450695276260376,0.01779877,-7.8684300562739375,-0.03714906519144279,28488,0.027099609375,0.0001,0.2,1.352116279071197,0.251924991607666,-0.007902870456746314
1,1889,0,1448.5,1824256,45.0,1.4917359352111816,0.0050742067,-7.828782919421792,-0.0398468932871765,28496,0.01904296875,0.0001,0.2,3.3880063979886472,0.35140711069107056,-0.00504283675491024
1,1624,0,1524.0,1824768,45.0,0.1650146096944809,0.019273883,-8.19777971215546,-0.030325394711326226,28504,0.0283203125,0.0001,0.2,1.0432094202842563,0.31714004278182983,-0.007632166732946644
1,1749,0,1520.5,1825280,45.0,1.8577126264572144,0.0075453017,-8.871445893794299,-0.044715673081554996,28512,0.029052734375,0.0001,0.2,3.3496883111074567,0.3221450448036194,-0.006960103128221817
1,1298,0,1500.5,1825792,45.0,0.6874818801879883,0.008200778,-9.825495792552829,-0.044195217938977294,28520,0.02685546875,0.0001,0.2,3.0271186735481024,0.13320690393447876,-0.009579903540725354
1,1675,0,1497.0,1826304,45.0,0.5560563206672668,0.0035450459,-10.763691923394799,-0.03185972592746111,28528,0.019775390625,0.0001,0.2,2.69273613858968,0.3008752465248108,-0.005322178849382908
1,1701,0,1412.5,1826816,45.0,0.5317803025245667,0.004732956,-11.610009196251632,-0.04146163621044252,28536,0.02197265625,0.0001,0.2,1.446878886432387,0.475771427154541,-0.0050936857842316385
1,1719,0,1336.5,1827328,45.0,0.3940182030200958,0.011824705,-12.400197146087885,-0.03604862431984657,28544,0.027587890625,0.0001,0.2,1.8217323757708073,0.21065449714660645,-0.006685987798846327
1,1661,0,1331.5,1827840,45.0,0.70328688621521,0.006323815,-13.202116548120976,-0.04174490157402033,28552,0.02685546875,0.0001,0.2,2.98438211530447,0.35083848237991333,-0.007232786316308193
1,1778,0,1283.5,1828352,45.0,3.150676965713501,0.017387621,-13.92356943294406,-0.05920087015920217,28560,0.041259765625,0.0001,0.2,4.505598618648946,0.319763720035553,-0.01134185822593281
1,1726,0,1248.5,1828864,45.0,0.5264999270439148,0.031182464,-13.932987568154932,-0.0371444560096279,28568,0.024658203125,0.0001,0.2,1.7792000470217317,-0.1478792428970337,-0.0071989980060607195
1,1886,0,1141.0,1829376,45.0,1.8087421655654907,0.011350384,-14.177861115410924,-0.055286101371166296,28576,0.028564453125,0.0001,0.2,5.994768634438515,0.24836957454681396,-0.009162421949440613
1,1644,0,1132.5,1829888,45.0,2.2678768634796143,0.006255747,-13.778717997223138,-0.029560325688180455,28584,0.019775390625,0.0001,0.2,4.316550330724567,0.0904703140258789,-0.005702794289391022
1,1685,0,1083.0,1830400,45.0,0.4697533845901489,0.0057813404,-12.798714017942547,-0.03649404879161011,28592,0.023681640625,0.0001,0.2,2.3133540246635675,0.14228111505508423,-0.008467499843391124
1,1838,0,1064.5,1830912,45.0,0.8523217439651489,0.00884375,-12.062304847836494,-0.04409069796429321,28600,0.02880859375,0.0001,0.2,2.0500940061174333,0.3787459135055542,-0.00637348660529824
1,1684,0,1106.5,1831424,45.0,0.43042969703674316,0.009031583,-11.211646587029099,-0.024502937830675364,28608,0.019287109375,0.0001,0.2,2.15215700189583,0.4250405430793762,-0.004981637648597825
1,1748,0,1071.5,1831936,45.0,0.4106006622314453,0.005366845,-10.06563642591238,-0.038036400673263415,28616,0.021728515625,0.0001,0.2,3.406846419442445,0.40979915857315063,-0.007937164000395569
1,1747,0,1126.0,1832448,45.0,1.1372613906860352,0.009249648,-9.307777332365513,-0.05489300516455842,28624,0.03271484375,0.0001,0.2,2.9306544743012637,0.3074854016304016,-0.010738518678408582
1,1781,0,1127.0,1832960,45.0,0.6685990691184998,0.019623324,-8.442804741635918,-0.03355812516747392,28632,0.0400390625,0.0001,0.2,1.9014120737556368,0.6706523001194,-0.009377031215990428
1,1831,0,1172.0,1833472,45.0,1.1995346546173096,0.007712026,-8.292118395417928,-0.03963068220036803,28640,0.0224609375,0.0001,0.2,3.742035770788789,0.4911367893218994,-0.00695639151672367
1,1462,0,1267.5,1833984,45.0,1.13631272315979,0.002352194,-7.936273611187935,-0.025418835381969984,28648,0.012451171875,0.0001,0.2,3.4086555000394583,0.315260648727417,-0.005318304101820104
1,1692,0,1171.0,1834496,45.0,0.40915873646736145,0.006449399,-8.596977727487683,-0.04024327973911568,28656,0.027099609375,0.0001,0.2,3.9920203438960016,0.21257621049880981,-0.007249647889693733
1,1585,0,1223.0,1835008,45.0,0.7233915328979492,0.0047155,-9.484591653943061,-0.035476251544423576,28664,0.02197265625,0.0001,0.2,2.2823865809477866,0.05315196514129639,-0.00550088561794837
1,1617,0,1194.5,1835520,45.0,0.9819382429122925,0.014849387,-10.031332322731615,-0.04970988330387627,28672,0.0380859375,0.0001,0.2,2.7143566445447505,0.17467105388641357,-0.007615424357936718
1,1654,0,1204.5,1836032,45.0,0.4155574440956116,0.014000567,-11.482627376616001,-0.05018116272549378,28680,0.02880859375,0.0001,0.2,3.0077481060288846,0.28588467836380005,-0.009828481764998287
1,1659,0,1204.5,1836544,45.0,3.6205084323883057,0.010083202,-12.242419403642415,-0.039783036055268894,28688,0.02490234375,0.0001,0.2,7.168369154445827,0.1700689196586609,-0.004977704720658949
1,1643,0,1208.0,1837056,45.0,2.9448020458221436,0.008491252,-13.596128051578999,-0.06957801962016674,28696,0.029541015625,0.0001,0.2,6.6427504904568195,0.3956836462020874,-0.007525652734329924
1,1933,0,1173.0,1837568,45.0,1.6214805841445923,0.0032238294,-14.400821907743811,-0.04569672510297096,28704,0.01708984375,0.0001,0.2,4.400802772026509,-0.10721611976623535,-0.005290195680572651
1,1635,0,1238.5,1838080,45.0,0.3381483554840088,0.010427843,-14.862564513459802,-0.030447884001659986,28712,0.025634765625,0.0001,0.2,1.6915536832530051,0.1537739634513855,-0.005892553162993863
1,1550,0,1252.5,1838592,45.0,2.227389335632324,0.0042022094,-14.629980990216136,-0.048393479854894395,28720,0.019287109375,0.0001,0.2,5.1431788224726915,0.3069816827774048,-0.006049035000614822
1,1419,0,1306.0,1839104,45.0,1.3566175699234009,0.006014467,-13.65767441302538,-0.03688584892279323,28728,0.0205078125,0.0001,0.2,3.8816213589161634,-0.05614471435546875,-0.004155743819865165
1,900,0,1286.0,1839616,45.0,0.7652734518051147,0.0067445165,-12.78626939676702,-0.056146715653085266,28736,0.0283203125,0.0001,0.2,5.3334682625718415,0.047939181327819824,-0.008670783747220412
1,1663,0,1345.5,1840128,45.0,0.9010239839553833,0.010290004,-12.531484498754144,-0.04370331890640955,28744,0.02978515625,0.0001,0.2,3.6624082336202264,0.04563981294631958,-0.006049694202374667
1,1687,0,1250.5,1840640,45.0,0.5525394678115845,0.0069299936,-11.75056093737483,-0.050332942303157324,28752,0.02880859375,0.0001,0.2,1.5716318793129176,0.24089115858078003,-0.0059652098098013084
1,1640,0,1323.5,1841152,45.0,2.022615671157837,0.003916108,-11.652790024280549,-0.06503163969409798,28760,0.037109375,0.0001,0.2,14.76503406278789,0.08726340532302856,-0.01612355376346386
1,1780,0,1276.0,1841664,45.0,1.4922395944595337,0.0073303804,-10.687445507794619,-0.04715414252041228,28768,0.024658203125,0.0001,0.2,3.4041090314276516,-0.403934121131897,-0.007671836341614835
1,1581,0,1266.0,1842176,45.0,1.673738956451416,0.008378715,-10.52778447471559,-0.057957333392550936,28776,0.03173828125,0.0001,0.2,3.3474942287430167,0.5081391632556915,-0.008893952573998831
1,1687,0,1165.5,1842688,45.0,2.9044318199157715,0.008540556,-11.696067644283175,-0.09011150463629747,28784,0.04541015625,0.0001,0.2,8.57724148966372,0.3699687123298645,-0.01366593418060802
1,1745,0,1145.5,1843200,45.0,1.6589282751083374,0.010719869,-12.886266845539213,-0.06750392188405385,28792,0.043212890625,0.0001,0.2,8.4196936506778,0.4240066409111023,-0.010495339338376652
1,1605,0,1196.0,1843712,45.0,2.6651811599731445,0.0064722,-13.949374540448188,-0.05668860370951734,28800,0.0283203125,0.0001,0.2,4.427303980104625,0.5447250306606293,-0.007460080298187677
1,1357,0,1183.0,1844224,45.0,1.2751731872558594,0.012066984,-14.669821883291005,-0.0453188445435444,28808,0.02294921875,0.0001,0.2,5.113832802511752,0.17797541618347168,-0.008588116095779696
1,1758,0,1138.0,1844736,45.0,0.7870469093322754,0.0064336117,-15.16560346275568,-0.038454825391454506,28816,0.021484375,0.0001,0.2,2.4144159115385264,0.5230117440223694,-0.007543310624896549
1,1653,0,1199.5,1845248,45.0,1.6222912073135376,0.08652849,-15.504772552624345,-0.03522706941294018,28824,0.025390625,0.0001,0.2,2.5270189372822642,0.4036579132080078,-0.007079934766807128
1,1800,0,1120.5,1845760,45.0,1.607664704322815,0.01832564,-15.245195842385293,-0.05595658090169309,28832,0.0341796875,0.0001,0.2,4.794324868824333,0.28283172845840454,-0.011699187274643918
1,1920,0,1101.0,1846272,45.0,0.6504483222961426,0.010499761,-15.406112808287144,-0.05051461036237015,28840,0.02880859375,0.0001,0.2,2.4427657704800367,0.24479907751083374,-0.008258857040345902
1,1799,0,1167.0,1846784,45.0,0.6837725639343262,0.00955011,-15.682317851111293,-0.0492676295034471,28848,0.03662109375,0.0001,0.2,3.297997403424233,0.3519636392593384,-0.010166202922846423
1,1802,0,1169.0,1847296,45.0,1.683605670928955,0.006026578,-14.563183322623372,-0.04468831594931544,28856,0.02587890625,0.0001,0.2,4.12705263402313,0.2158237099647522,-0.006000559471431188
1,1824,0,1146.5,1847808,45.0,0.7783205509185791,0.008038297,-13.429794299453498,-0.03108716335373174,28864,0.012939453125,0.0001,0.2,4.859426408074796,0.08251810073852539,-0.0032895546792133246
1,1799,0,1132.0,1848320,45.0,0.9943887591362,0.009392578,-13.403636682778597,-0.046637876261229394,28872,0.022705078125,0.0001,0.2,3.5921835880726576,0.0832834243774414,-0.007107620273018256
1,1683,0,1120.5,1848832,45.0,2.0397679805755615,0.0026006359,-12.908806333765387,-0.038757432128477376,28880,0.01904296875,0.0001,0.2,3.3459858363494277,0.27919888496398926,-0.004803452276973985
1,1291,0,1143.5,1849344,45.0,0.5004217624664307,0.010581406,-13.088738105222582,-0.04736639012480737,28888,0.033203125,0.0001,0.2,2.956798038445413,0.3993679881095886,-0.00791861058678478
1,1861,0,1149.5,1849856,45.0,1.6669212579727173,0.00436508,-13.11739820100367,-0.04406788727555977,28896,0.0234375,0.0001,0.2,7.645481284707785,0.057889461517333984,-0.008015163599338848
1,1721,0,1182.5,1850368,45.0,2.10231876373291,0.013372334,-12.947609628364443,-0.050980019146663835,28904,0.031982421875,0.0001,0.2,4.372947017662227,0.07786393165588379,-0.01194286861573346
1,1870,0,1188.0,1850880,45.0,1.2846412658691406,0.0055943155,-12.513199832066894,-0.03828932212036307,28912,0.01953125,0.0001,0.2,2.7469314080663025,-0.2853580713272095,-0.005983513161481824
1,1722,0,1165.0,1851392,45.0,1.7438639402389526,0.009816643,-12.55805972278118,-0.04083227122100652,28920,0.029541015625,0.0001,0.2,2.8881735228933394,0.1407846212387085,-0.0074116373507422395
1,1603,0,1143.0,1851904,45.0,1.6558358669281006,0.0032966821,-12.526742457970977,-0.04610203738047858,28928,0.025634765625,0.0001,0.2,5.352679697796702,-0.17789053916931152,-0.007209385175883654
1,1688,0,1187.0,1852416,45.0,1.7875937223434448,0.003957358,-12.341506610587238,-0.043908431220188504,28936,0.027099609375,0.0001,0.2,7.677465718239546,0.06834524869918823,-0.0071720703126629815
1,1780,0,1194.5,1852928,45.0,1.655946969985962,0.016622843,-11.716183640062809,-0.037209419617283856,28944,0.026123046875,0.0001,0.2,5.60156839992851,-0.1455463171005249,-0.008633810728497338
1,1650,0,1208.5,1853440,45.0,0.586617112159729,0.15805613,-10.80097968839109,-0.14270220058097038,28952,0.14453125,0.0001,0.2,1.977950714994222,0.5340408384799957,-0.010966481400828343
1,1331,0,1202.0,1853952,45.0,23.56484603881836,0.009829905,-13.723547701835633,-0.319399883155711,28960,0.115966796875,0.0001,0.2,48.63481630384922,0.21889561414718628,-0.0058943147378158756
1,1822,0,1172.0,1854464,45.0,30.540395736694336,0.010827165,-16.486185563653706,-0.3483129608212039,28968,0.202880859375,0.0001,0.2,76.11944156885147,0.3447728753089905,-0.018937316854135133
1,1750,0,1208.0,1854976,45.0,20.627199172973633,0.009896077,-21.111631088480355,-0.35513668914791197,28976,0.17626953125,0.0001,0.2,55.638094037771225,0.4027280807495117,-0.016073670660261996
1,1632,0,1268.5,1855488,45.0,9.398161888122559,0.009930115,-24.102607872262595,-0.2649541146820411,28984,0.111328125,0.0001,0.2,38.39089785516262,0.5167693793773651,-0.017955187788174953
1,1907,0,1296.5,1856000,45.0,5.985339164733887,0.049605075,-25.724078002944587,-0.15512729797046632,28992,0.099853515625,0.0001,0.2,20.29630220681429,0.7234794497489929,-0.019982656958745793
1,1618,0,1306.0,1856512,45.0,1.3474767208099365,0.042860564,-26.819182239323855,-0.07398866282892413,29000,0.03466796875,0.0001,0.2,9.61401972360909,0.245857834815979,-0.018061039692838676
1,1648,0,1285.5,1857024,45.0,2.741969108581543,0.00936072,-27.31729927316308,-0.04722337621205952,29008,0.02734375,0.0001,0.2,6.383747421205044,0.6435700058937073,-0.008582649621530436
1,1454,0,1318.5,1857536,45.0,2.0918359756469727,0.009669377,-28.15577555321157,-0.055814783278037794,29016,0.028076171875,0.0001,0.2,5.817174253985286,0.5905404388904572,-0.009572833034326322
1,1168,0,1331.0,1858048,45.0,1.0548012256622314,0.01311719,-28.066967040896415,-0.06542368495138362,29024,0.03173828125,0.0001,0.2,4.4580681547522545,0.5462770462036133,-0.008942149594076909
1,1533,0,1379.5,1858560,45.0,1.0581374168395996,0.011388477,-25.041702981069683,-0.05861295521026477,29032,0.034423828125,0.0001,0.2,2.8170937998220325,0.7391444444656372,-0.008211002321331762
1,1501,0,1438.5,1859072,45.0,1.505682110786438,0.0046726405,-22.495288555026054,-0.07073265982762678,29040,0.036865234375,0.0001,0.2,5.127633709460497,0.1837819218635559,-0.009456473122554598
1,1415,0,1432.5,1859584,45.0,0.98836350440979,0.008552161,-18.351276213750243,-0.061740837583784014,29048,0.029052734375,0.0001,0.2,3.6840420961380005,0.48420608043670654,-0.006170986460347194
1,1531,0,1413.5,1860096,45.0,1.1887446641921997,0.020425666,-15.550374719426037,-0.09149055724265054,29056,0.05712890625,0.0001,0.2,5.610393950715661,0.1883838176727295,-0.015608273730322253
1,1513,0,1447.5,1860608,45.0,1.611046552658081,0.013246961,-14.586247368082404,-0.07242844099891954,29064,0.02685546875,0.0001,0.2,5.205376310274005,-0.11697375774383545,-0.01015607619046932
1,1520,0,1340.0,1861120,45.0,2.8790535926818848,0.0111176595,-14.293281974643469,-0.07691852570496849,29072,0.050048828125,0.0001,0.2,6.918468816205859,0.19957274198532104,-0.013965816506242845
1,1522,0,1352.5,1861632,45.0,4.2482686042785645,0.00698175,-14.762966668382287,-0.09039278202544665,29080,0.034423828125,0.0001,0.2,11.041606755927205,0.3511046767234802,-0.009857506556727458
1,1141,0,1308.5,1862144,45.0,3.0858376026153564,0.004101145,-14.94388769902289,-0.06656564410877763,29088,0.02197265625,0.0001,0.2,9.279362192377448,0.5727332830429077,-0.005273652339383261
1,1623,0,1326.0,1862656,45.0,10.779973983764648,0.0118925255,-15.581175016611814,-0.09016281400545267,29096,0.05859375,0.0001,0.2,23.790214523673058,0.4654977321624756,-0.012746957887429744
1,1767,0,1295.5,1863168,45.0,4.1357645988464355,0.0016470989,-15.715104049816727,-0.05546597090869909,29104,0.011962890625,0.0001,0.2,13.62325362674892,0.4660388231277466,-0.0038192630490812007
1,1576,0,1318.0,1863680,45.0,3.249945640563965,0.0013626943,-14.782253787070513,-0.04331972486033919,29112,0.013916015625,0.0001,0.2,8.924044236540794,0.6171258389949799,-0.005027677652833518
1,1406,0,1348.5,1864192,45.0,3.310828685760498,0.003087637,-14.983737016692757,-0.053157183654548135,29120,0.014404296875,0.0001,0.2,9.317102128639817,0.6138907074928284,-0.004752955159347039
1,1501,0,1335.0,1864704,45.0,2.8327438831329346,0.012307221,-15.259398458227516,-0.06876114477199735,29128,0.041748046875,0.0001,0.2,6.723798420280218,0.6724118292331696,-0.008134488911309745
1,1757,0,1371.5,1865216,45.0,4.4578423500061035,0.0073908814,-15.7152024448663,-0.0618040880690387,29136,0.0341796875,0.0001,0.2,12.018175926059484,0.5151037573814392,-0.008675276891153771
1,1178,0,1427.0,1865728,45.0,1.3416550159454346,0.0045880238,-14.471070679053664,-0.0359071946459153,29144,0.017822265625,0.0001,0.2,5.427448124624789,0.6279302537441254,-0.00476867508405121
1,1834,0,1472.5,1866240,45.0,1.4478622674942017,0.0036037643,-14.021066555380822,-0.0465772683664909,29152,0.025146484375,0.0001,0.2,4.1857966324314475,0.703983336687088,-0.005668371362844482
1,1666,0,1493.0,1866752,45.0,2.0142946243286133,0.007336464,-13.467743558287621,-0.044695648190099746,29160,0.01904296875,0.0001,0.2,5.786010637879372,0.6483509242534637,-0.005560515885008499
1,1752,0,1457.0,1867264,45.0,1.5662256479263306,0.0134532405,-12.107954296767712,-0.04358475026674569,29168,0.03173828125,0.0001,0.2,4.742622947320342,0.6120546460151672,-0.009992149902245728
1,1681,0,1442.5,1867776,45.0,0.9022765755653381,0.015905147,-11.34220980025828,-0.03639232923160307,29176,0.0224609375,0.0001,0.2,3.612728092353791,0.5496412217617035,-0.006399559002602473
1,1718,0,1417.0,1868288,45.0,1.6723037958145142,0.007141631,-11.206431827545167,-0.034188794203146244,29184,0.025390625,0.0001,0.2,3.144398996606469,0.5887608826160431,-0.00806349702179432
1,1740,0,1387.0,1868800,45.0,0.592279314994812,0.0035806126,-10.78223456993699,-0.038328663129505,29192,0.01611328125,0.0001,0.2,2.2153732527513057,0.4709397554397583,-0.005316368064086419
1,1784,0,1406.5,1869312,45.0,0.47460100054740906,0.0059959763,-9.608220703601837,-0.036318106957878626,29200,0.02294921875,0.0001,0.2,1.7745311541948467,0.12829387187957764,-0.0034338159384788014
1,2059,0,1267.5,1869824,45.0,0.6085396409034729,0.011381337,-8.830820483639837,-0.02904344259241043,29208,0.03173828125,0.0001,0.2,1.4729519486427307,-0.07982814311981201,-0.006567596523382235
1,1810,0,1239.5,1870336,45.0,0.5288897156715393,0.020163514,-9.285469705983996,-0.03191662644894677,29216,0.025390625,0.0001,0.2,2.493816902860999,0.24439400434494019,-0.006947454690816812
1,1353,0,1242.0,1870848,45.0,0.9254364967346191,0.007345545,-8.713322875201703,-0.04556441042223014,29224,0.02392578125,0.0001,0.2,3.4360034414567053,-0.3024359941482544,-0.006911266689712647
1,1920,0,1242.0,1871360,45.0,1.257835865020752,0.00449119,-8.907736516743899,-0.03581493622823473,29232,0.018798828125,0.0001,0.2,4.5189272575080395,-0.051311612129211426,-0.0087058233548305
1,1773,0,1188.0,1871872,45.0,0.8288998603820801,0.0033351826,-9.251941812857986,-0.024066430025413865,29240,0.01318359375,0.0001,0.2,4.933393554762006,0.2769424319267273,-0.005712254023819696
1,1727,0,1176.5,1872384,45.0,1.9660160541534424,0.0138172265,-10.222513620108366,-0.04591137248189625,29248,0.023681640625,0.0001,0.2,4.033814247697592,-0.218011736869812,-0.004750067466375185
1,1678,0,1134.0,1872896,45.0,0.665565550327301,0.007718337,-10.96470277801156,-0.031285350654798094,29256,0.015625,0.0001,0.2,3.217632930725813,0.1094517707824707,-0.006294800288742408
1,1587,0,1130.0,1873408,45.0,1.0577402114868164,0.0068319393,-11.872350282371045,-0.026881023042733432,29264,0.014404296875,0.0001,0.2,4.296043927781284,0.23811429738998413,-0.005257517937934608
1,1781,0,1182.5,1873920,45.0,1.55916166305542,0.00794422,-12.520053821653129,-0.04869774672351923,29272,0.032470703125,0.0001,0.2,3.4492341959849,-0.02622354030609131,-0.006368907841533655
1,1862,0,1239.0,1874432,45.0,0.4745838940143585,0.0047711004,-12.781375817060471,-0.021134571501534083,29280,0.007080078125,0.0001,0.2,2.6580541040748358,0.5537168383598328,-0.0026390462880954146
1,1623,0,1255.5,1874944,45.0,0.48794853687286377,0.0066696233,-13.035519868060947,-0.044468783285992686,29288,0.026123046875,0.0001,0.2,2.6263087990228087,0.11594969034194946,-0.008462128280370962
1,1381,0,1175.0,1875456,45.0,0.849937915802002,0.020035213,-12.920672127231956,-0.04413193053005671,29296,0.040283203125,0.0001,0.2,2.2352734305895865,0.25165843963623047,-0.009850461159658153
1,1628,0,1183.5,1875968,45.0,2.55289888381958,0.011018711,-13.025068719685077,-0.05597034073070972,29304,0.037353515625,0.0001,0.2,5.285527134779841,-0.36929333209991455,-0.011004334781318903
1,1566,0,1226.0,1876480,45.0,2.3090662956237793,0.007176905,-12.773635965809227,-0.04433740617605508,29312,0.03369140625,0.0001,0.2,4.355400674045086,0.12754684686660767,-0.009291666792705655
1,1652,0,1260.0,1876992,45.0,1.818928837776184,0.0097967945,-12.368317556828261,-0.05884911946304783,29320,0.044189453125,0.0001,0.2,4.016015102155507,0.3574647903442383,-0.00869376473565353
1,1704,0,1242.5,1877504,45.0,1.2479922771453857,0.023724843,-11.868930204883219,-0.06487473612651229,29328,0.0478515625,0.0001,0.2,3.1015148339793086,0.2703222632408142,-0.011345472004904877
1,1595,0,1246.5,1878016,45.0,3.0047500133514404,0.03747547,-11.552421889230608,-0.07024031432229094,29336,0.054931640625,0.0001,0.2,7.346552385017276,0.4137747883796692,-0.013474144936481025
1,1754,0,1199.5,1878528,45.0,1.32472562789917,0.008963715,-11.50276974864304,-0.0716765408651554,29344,0.036865234375,0.0001,0.2,5.224084292538464,0.4416379928588867,-0.009328781779913697
1,1877,0,1199.5,1879040,45.0,2.5357725620269775,0.012409844,-11.646993614286185,-0.07382559554389445,29352,0.033935546875,0.0001,0.2,6.606205750256777,0.5037317872047424,-0.012967594477231614
1,1670,0,1198.0,1879552,45.0,0.5077412128448486,0.004302446,-11.234404503703118,-0.037140709813684225,29360,0.021484375,0.0001,0.2,2.1547748744487762,0.7565997391939163,-0.006526256016513798
1,1266,0,1202.5,1880064,45.0,0.9624274373054504,0.03257756,-11.391824642047286,-0.05620179077232024,29368,0.06005859375,0.0001,0.2,3.698557348921895,0.452251136302948,-0.014037501125130802
1,1805,0,1129.0,1880576,45.0,0.24867181479930878,0.027831132,-10.598055094853043,-0.06687360770592932,29376,0.03564453125,0.0001,0.2,2.354931451380253,-0.10357666015625,-0.010339602238673251
1,1814,0,1109.0,1881088,45.0,76.62095642089844,0.010833204,-18.835464957430958,-0.31669463647995144,29384,0.287353515625,0.0001,0.2,287.1070683002472,-0.08387148380279541,0.030543590983143076
1,1746,0,1105.5,1881600,45.0,61.80729293823242,0.009600579,-26.45359269246459,-0.43081205524504185,29392,0.0830078125,0.0001,0.2,246.61569595336914,0.293340265750885,-0.00827814954573114
1,1757,0,1145.0,1882112,45.0,45.40985107421875,0.009143783,-33.56220787674189,-0.39609229704365134,29400,0.1591796875,0.0001,0.2,169.36007928848267,0.4863906502723694,-0.017373757989844307
1,1786,0,1093.0,1882624,45.0,36.688194274902344,0.008134587,-38.35861546650529,-0.36678678181488067,29408,0.111572265625,0.0001,0.2,123.27211102843285,0.4733777642250061,-0.009769168333150446
1,1617,0,1163.5,1883136,45.0,27.786020278930664,0.019105133,-43.396362566575405,-0.3468726078281179,29416,0.197265625,0.0001,0.2,97.59911884367466,0.623076468706131,-0.01563518550756271
1,1638,0,1228.0,1883648,45.0,13.77319049835205,0.024799503,-45.98956865869462,-0.20300895342370495,29424,0.176025390625,0.0001,0.2,48.89673654735088,0.5791281163692474,-0.020231281414453406
1,1155,0,1271.0,1884160,45.0,10.233221054077148,0.07803086,-48.42359645195305,-0.11302300498937257,29432,0.072998046875,0.0001,0.2,24.180655039846897,0.6327986419200897,-0.02406046112992044
1,1640,0,1351.0,1884672,45.0,4.353111267089844,0.009597611,-49.427954257056115,-0.08575264358660206,29440,0.05224609375,0.0001,0.2,18.47362581640482,0.4205300211906433,-0.012891687903902493
1,1798,0,1420.5,1885184,45.0,1.699275255203247,0.0044917036,-49.22936571016908,-0.054904749711568,29448,0.02001953125,0.0001,0.2,10.851537436246872,0.6318668127059937,-0.004690349629527191
1,1694,0,1399.0,1885696,45.0,4.079533576965332,0.005569672,-41.14358056075871,-0.043824952492286684,29456,0.02294921875,0.0001,0.2,10.278714995831251,0.622601717710495,-0.0050741050217766315
1,1641,0,1387.5,1886208,45.0,3.1036455631256104,0.0046629556,-32.789276359453794,-0.0481904298903828,29464,0.020751953125,0.0001,0.2,12.56049994006753,0.45139676332473755,-0.004125585805013543
1,1581,0,1509.5,1886720,45.0,5.212106227874756,0.005184628,-27.277469924613833,-0.04375699060619809,29472,0.021728515625,0.0001,0.2,13.7370021417737,0.18289965391159058,-0.0040505551878595725
1,1516,0,1485.5,1887232,45.0,3.527278423309326,0.003839661,-21.063368900194764,-0.04548803050784045,29480,0.02587890625,0.0001,0.2,10.966962181031704,0.035743653774261475,-0.007061582073220052
1,1725,0,1479.5,1887744,45.0,3.0491628646850586,0.006418377,-17.59175078332424,-0.06151436500658747,29488,0.028076171875,0.0001,0.2,11.722832307219505,0.0033481717109680176,-0.007110492995707318
1,1882,0,1375.5,1888256,45.0,4.407859802246094,0.01214613,-14.935294944271446,-0.04405263050830399,29496,0.023681640625,0.0001,0.2,13.813206564635038,-0.08048892021179199,-0.005809823946037795
1,1363,0,1332.5,1888768,45.0,5.872406482696533,0.0068260375,-12.247084936797618,-0.050284489425393986,29504,0.033935546875,0.0001,0.2,12.964992929250002,0.10216629505157471,-0.007248482033901382
1,1630,0,1306.0,1889280,45.0,2.390665292739868,0.0052975584,-11.38785907573998,-0.0389193595146935,29512,0.017578125,0.0001,0.2,9.015390733256936,0.11147278547286987,-0.0035041391965933144
1,1671,0,1360.0,1889792,45.0,1.2228946685791016,0.010209981,-10.664458206295967,-0.04636564386419195,29520,0.023193359375,0.0001,0.2,4.4198668375611305,0.08922022581100464,-0.005978827262879349
1,1818,0,1291.0,1890304,45.0,0.8665924072265625,0.0016328932,-10.44700759395957,-0.031240142250680947,29528,0.011962890625,0.0001,0.2,3.1889756312593818,0.11644715070724487,-0.001864150555775268
1,1835,0,1249.5,1890816,45.0,1.1669155359268188,0.008719167,-10.596181305348873,-0.03591030847746879,29536,0.0234375,0.0001,0.2,2.546647314913571,0.24082791805267334,-0.006980573631153675
1,1919,0,1154.0,1891328,45.0,0.6526015996932983,0.009003567,-10.799750663340092,-0.03975441028524074,29544,0.028076171875,0.0001,0.2,3.3368473849259317,0.21523255109786987,-0.009460832241529715
1,1913,0,1147.5,1891840,45.0,2.094543695449829,0.010700064,-11.611706098541617,-0.04931151570781367,29552,0.02880859375,0.0001,0.2,5.417797441594303,0.039489567279815674,-0.011465675372164696
1,1817,0,1170.5,1892352,45.0,0.473935604095459,0.41893917,-11.424200290814042,-0.11102817087521544,29560,0.1005859375,0.0001,0.2,2.918947394704446,0.512358695268631,-0.012807762839656789
1,1807,0,1153.5,1892864,45.0,93.65167236328125,0.0046296516,-23.047884338721634,-0.3674115234753117,29568,0.04296875,0.0001,0.2,592.6473518610001,0.1503506898880005,-0.0015506287309108302
1,1836,0,1115.5,1893376,45.0,164.5464630126953,0.009538438,-36.28214381180704,-0.45335318706929684,29576,0.077392578125,0.0001,0.2,695.5431966781616,0.3928689956665039,-0.006527355537400581
1,1380,0,1065.5,1893888,45.0,179.2999725341797,0.0048695197,-47.42858913205564,-0.4573421170935035,29584,0.048583984375,0.0001,0.2,461.9039056301117,0.513944536447525,-0.00530220297514461
1,1866,0,1074.0,1894400,45.0,117.32483673095703,0.0056875967,-58.65639277152717,-0.4732111105695367,29592,0.10400390625,0.0001,0.2,363.029166162014,0.5234284102916718,-0.010612418132950552
1,1698,0,1195.5,1894912,45.0,43.36102294921875,0.009607101,-68.48719206571579,-0.5261070989072323,29600,0.18017578125,0.0001,0.2,223.36794918775558,0.6100435853004456,-0.018478273843356874
1,1638,0,1156.5,1895424,45.0,31.704015731811523,0.010035198,-75.7618240981549,-0.38326444546692073,29608,0.201171875,0.0001,0.2,127.99229168891907,0.6332245171070099,-0.013571225274063181
1,1827,0,1129.5,1895936,45.0,14.931078910827637,0.0116548985,-81.36730069212615,-0.3605242115445435,29616,0.229248046875,0.0001,0.2,57.37292829155922,0.8145769387483597,-0.027488042425829917
1,1637,0,1098.5,1896448,45.0,10.256325721740723,0.02148216,-85.52577331788838,-0.37893653381615877,29624,0.30859375,0.0001,0.2,49.82108688354492,0.7245270013809204,-0.027055987979110796
1,1774,0,1070.0,1896960,45.0,20.795106887817383,0.04412125,-87.1820930454135,-0.21738449553959072,29632,0.1396484375,0.0001,0.2,46.08349534869194,0.7467938661575317,-0.01976193547307048
1,1573,0,1176.5,1897472,45.0,21.58455467224121,0.003720318,-76.46437026768923,-0.18071829731343314,29640,0.044921875,0.0001,0.2,47.82499560713768,0.7004339694976807,-0.005833425919263391
1,1731,0,1270.5,1897984,45.0,10.91617202758789,0.0044881487,-63.396194680035116,-0.12879372434690595,29648,0.037353515625,0.0001,0.2,39.894265450537205,0.7152808606624603,-0.010007230168412207
1,1219,0,1318.0,1898496,45.0,7.314178466796875,0.0070698396,-52.14722921811044,-0.11279642334557138,29656,0.03857421875,0.0001,0.2,41.91664509475231,0.7185790538787842,-0.009171522899123374
1,1742,0,1292.0,1899008,45.0,10.829719543457031,0.021979481,-40.96929350189865,-0.08679267260595225,29664,0.03515625,0.0001,0.2,28.566527388989925,0.8002692610025406,-0.007382190431599156
1,1661,0,1310.0,1899520,45.0,11.643893241882324,0.004225501,-30.06380299426615,-0.10093198282993399,29672,0.0302734375,0.0001,0.2,35.018923848867416,0.7300304770469666,-0.006188809471495915
1,1612,0,1341.0,1900032,45.0,6.539944171905518,0.004811366,-21.650196141675114,-0.07191859668819234,29680,0.016845703125,0.0001,0.2,29.915283024311066,0.6716290414333344,-0.004450001619261457
1,1764,0,1344.5,1900544,45.0,9.493626594543457,0.0111486465,-16.524388613700868,-0.07275417841447052,29688,0.01904296875,0.0001,0.2,22.214679934084415,0.7029598951339722,-0.004945552555000177
1,1547,0,1387.0,1901056,45.0,4.797684192657471,0.010893846,-11.545089540928602,-0.063480330441962,29696,0.0302734375,0.0001,0.2,18.63898579031229,0.45131903886795044,-0.009188973475829698
1,1767,0,1360.5,1901568,45.0,5.1333842277526855,0.005078475,-9.032935439199209,-0.0660323627962498,29704,0.020263671875,0.0001,0.2,13.036628846079111,0.627390444278717,-0.004654634889448062
1,1555,0,1310.0,1902080,45.0,3.8745839595794678,0.0071397377,-8.734913673102856,-0.07448614871827886,29712,0.025390625,0.0001,0.2,13.18520063906908,0.5901645123958588,-0.006516662913782056
1,1242,0,1334.0,1902592,45.0,1.9711543321609497,0.008527558,-9.770253955200314,-0.07877234995248728,29720,0.029052734375,0.0001,0.2,8.701742891222239,0.6625460386276245,-0.008184362330212025
1,1670,0,1303.0,1903104,45.0,2.1204333305358887,0.011015097,-10.587654765695333,-0.07246041136386339,29728,0.0361328125,0.0001,0.2,7.899970110505819,0.7599998116493225,-0.00766946734074736
1,1638,0,1317.5,1903616,45.0,5.5601701736450195,0.004833376,-12.608982639983296,-0.05876623657968594,29736,0.02099609375,0.0001,0.2,10.886831182986498,0.5465129315853119,-0.005556856009206967
1,1819,0,1311.0,1904128,45.0,2.54976749420166,0.008084289,-13.908262676596642,-0.053683130790886935,29744,0.0234375,0.0001,0.2,7.437589652836323,0.5520535111427307,-0.006967051514948253
1,1837,0,1309.5,1904640,45.0,1.920972228050232,0.0054843132,-15.005605367124081,-0.044978010628256015,29752,0.02587890625,0.0001,0.2,10.211606927216053,-0.0190352201461792,-0.007299046919797547
1,1684,0,1320.5,1905152,45.0,3.662492275238037,0.010356052,-15.2764536562562,-0.05405072849680437,29760,0.028564453125,0.0001,0.2,11.102512599900365,-0.02194833755493164,-0.00523435341892764
1,1682,0,1343.5,1905664,45.0,1.4802541732788086,0.0069334307,-15.18469541914761,-0.051819881355186226,29768,0.02685546875,0.0001,0.2,7.409086756408215,0.1619710922241211,-0.004113334776775446
1,1541,0,1428.0,1906176,45.0,2.7275445461273193,0.007482514,-14.606070437058806,-0.04684181541233556,29776,0.016845703125,0.0001,0.2,8.1622763145715,0.20902812480926514,-0.004615642592398217
1,1795,0,1400.5,1906688,45.0,2.3206379413604736,0.011855897,-13.560041921511292,-0.04176194889441831,29784,0.02392578125,0.0001,0.2,6.9873109348118305,0.3002307415008545,-0.004584146765409969
1,1332,0,1377.5,1907200,45.0,3.6660022735595703,0.008560345,-12.53553445197642,-0.061440193210728467,29792,0.033935546875,0.0001,0.2,6.546850671991706,0.29602330923080444,-0.00546760052384343
1,1532,0,1320.5,1907712,45.0,1.9109934568405151,0.0052196295,-11.130811206623912,-0.0394993859808892,29800,0.017578125,0.0001,0.2,5.299160557799041,0.005832970142364502,-0.005329716070264112
1,1599,0,1366.0,1908224,45.0,1.7517309188842773,0.0050389604,-10.466250488609075,-0.06709026099269977,29808,0.02978515625,0.0001,0.2,6.169553346931934,-0.015514016151428223,-0.008602525093010627
1,1606,0,1366.5,1908736,45.0,0.6759175658226013,0.0057202782,-9.917237967029214,-0.04473976588269579,29816,0.021484375,0.0001,0.2,3.5770919155329466,-0.057528018951416016,-0.005663952306349529
1,1673,0,1370.0,1909248,45.0,0.9329118132591248,0.0069132545,-9.154596928134561,-0.05100930775370216,29824,0.021728515625,0.0001,0.2,3.337470192462206,0.3612307906150818,-0.006261598318815231
1,1535,0,1393.0,1909760,45.0,3.0289647579193115,0.006257344,-8.968555619716645,-0.04323696480423678,29832,0.0234375,0.0001,0.2,5.310457076877356,0.36265361309051514,-0.00587895316130016
1,1741,0,1374.5,1910272,45.0,2.761237382888794,0.010314702,-8.833903539553285,-0.03739766682701884,29840,0.0205078125,0.0001,0.2,6.5378228118643165,0.37534594535827637,-0.0056954469946504105
1,1826,0,1339.5,1910784,45.0,0.6386426687240601,0.0039742975,-9.121896979138254,-0.037639293248503236,29848,0.020263671875,0.0001,0.2,2.6386043932288885,0.2565390467643738,-0.005727940784709062
1,1035,0,1443.5,1911296,45.0,0.8221145272254944,0.005193998,-9.354967429339887,-0.04226718463905854,29856,0.01953125,0.0001,0.2,2.503289124928415,0.5199308693408966,-0.007315641651075566
1,1661,0,1424.0,1911808,45.0,2.224152088165283,0.034553908,-9.75842217475176,-0.06931616534711793,29864,0.03662109375,0.0001,0.2,8.930228645913303,0.06296652555465698,-0.013659976204507984
1,1735,0,1436.0,1912320,45.0,0.8499016761779785,0.007048217,-9.826760231629015,-0.050045470692566596,29872,0.0185546875,0.0001,0.2,3.4135098485276103,0.006340503692626953,-0.0062436695152428
1,1691,0,1386.0,1912832,45.0,0.9534075260162354,0.01958707,-9.814186724349856,-0.060365739176631905,29880,0.035400390625,0.0001,0.2,3.4081847555935383,-0.14110946655273438,-0.011874298153998097
1,1738,0,1326.5,1913344,45.0,2.844871997833252,0.011270443,-10.221222368553281,-0.059396091171947774,29888,0.037841796875,0.0001,0.2,4.888352354057133,-0.3873180150985718,-0.008788560786342714
1,1890,0,1300.5,1913856,45.0,0.9354624152183533,0.017201878,-10.20365533620119,-0.04277496436043293,29896,0.025634765625,0.0001,0.2,2.8024751292541623,-0.23159313201904297,-0.007884135004132986
1,1640,0,1290.0,1914368,45.0,0.47492116689682007,0.0034582606,-10.007987834066153,-0.041067719997954555,29904,0.0185546875,0.0001,0.2,2.412638201843947,0.28999924659729004,-0.005337053407856729
1,1884,0,1196.0,1914880,45.0,0.5120387673377991,0.014942458,-9.888088221848012,-0.048985175882990006,29912,0.02685546875,0.0001,0.2,2.6752964528277516,0.11763942241668701,-0.007671551815292332
1,1745,0,1153.0,1915392,45.0,0.8867909908294678,0.008430546,-9.929927722290158,-0.053160763203777606,29920,0.03759765625,0.0001,0.2,2.5690753234084696,0.1974327564239502,-0.010756155825220048
1,1555,0,1071.5,1915904,45.0,1.2462574243545532,0.009949109,-10.403843655437232,-0.05794627268187469,29928,0.0390625,0.0001,0.2,3.213629897683859,0.15848588943481445,-0.01067604240597575
1,1661,0,1137.0,1916416,45.0,1.0978895425796509,0.009243945,-10.695349556058645,-0.07221777451923117,29936,0.044189453125,0.0001,0.2,7.076253743842244,0.07721924781799316,-0.013720537674089428
1,1649,0,1193.0,1916928,45.0,1.7721168994903564,0.16804689,-10.930906445235014,-0.11434646144334693,29944,0.100830078125,0.0001,0.2,4.0935158506035805,-0.17038464546203613,-0.012076589082425926
1,1679,0,1196.0,1917440,45.0,34.41568374633789,0.008569168,-17.95696534730494,-0.2870961084263399,29952,0.10400390625,0.0001,0.2,203.6680242419243,0.08315497636795044,-0.006348451628582552
1,1557,0,1228.0,1917952,45.0,28.94120979309082,0.012784287,-22.521972371861338,-0.3147969238925725,29960,0.142578125,0.0001,0.2,100.9013760983944,0.347784161567688,-0.014418382445001043
1,1553,0,1317.5,1918464,45.0,20.037870407104492,0.010181388,-27.237111349180342,-0.25309465709142387,29968,0.109375,0.0001,0.2,73.34722167253494,0.44169461727142334,-0.014741324310307391
1,1535,0,1330.0,1918976,45.0,7.757477760314941,0.013752516,-30.311852811276914,-0.21910443861270323,29976,0.067138671875,0.0001,0.2,40.97463618963957,0.5188407599925995,-0.011214183214178775
1,1576,0,1421.0,1919488,45.0,5.999849796295166,0.04837189,-32.55973631709814,-0.1252940623089671,29984,0.14013671875,0.0001,0.2,17.40418914332986,0.6839117407798767,-0.022880129217810463
1,1645,0,1423.0,1920000,45.0,7.136746883392334,0.018729014,-33.56363522894681,-0.05697217708802782,29992,0.032470703125,0.0001,0.2,10.177080889232457,0.618204653263092,-0.012033947365125641
1,1611,0,1504.0,1920512,45.0,3.4292385578155518,0.007258885,-34.56772277355194,-0.07852085614285897,30000,0.03955078125,0.0001,0.2,8.538172639906406,0.20095044374465942,-0.01155567004752811
1,1597,0,1456.0,1921024,45.0,1.9727067947387695,0.004542672,-34.34632430173457,-0.059353729120630305,30008,0.0205078125,0.0001,0.2,7.345092799514532,0.4660305976867676,-0.006716618670907337
1,1623,0,1478.0,1921536,45.0,3.4503519535064697,0.014429386,-33.281270164623855,-0.08755953047511866,30016,0.04150390625,0.0001,0.2,8.404963538050652,0.26606059074401855,-0.012760122881445568
1,1415,0,1463.5,1922048,45.0,3.0008137226104736,0.012053715,-26.432438705712556,-0.06878635550674517,30024,0.035888671875,0.0001,0.2,9.68747128173709,0.2746821641921997,-0.007953753971378319
1,1506,0,1481.5,1922560,45.0,2.4250004291534424,0.0045274943,-21.57052838727832,-0.07815387249866035,30032,0.030517578125,0.0001,0.2,9.38634042814374,0.23955172300338745,-0.008281277321657399
1,1582,0,1457.0,1923072,45.0,1.6486616134643555,0.0095896935,-17.669395626559854,-0.0861038113507675,30040,0.046142578125,0.0001,0.2,7.666667336598039,0.15273958444595337,-0.01183912341366522
1,1668,0,1392.0,1923584,45.0,3.3413593769073486,0.013206467,-14.65509200192988,-0.06261833375901915,30048,0.031005859375,0.0001,0.2,14.006849749013782,0.028127849102020264,-0.008442302016192116
1,1346,0,1409.5,1924096,45.0,1.9781986474990845,0.007478089,-12.031056796088814,-0.04214967240113765,30056,0.015869140625,0.0001,0.2,7.189696421846747,-0.17886579036712646,-0.004092241601028945
1,1633,0,1400.0,1924608,45.0,1.5214693546295166,0.007885367,-10.567303576990962,-0.03663036861689761,30064,0.018310546875,0.0001,0.2,6.002880605868995,-0.03239905834197998,-0.004914280438242713
1,1754,0,1399.5,1925120,45.0,3.2730917930603027,0.008065872,-9.276002976298333,-0.047273029729694827,30072,0.0224609375,0.0001,0.2,5.687141707167029,0.01610666513442993,-0.007906739811005536
1,1553,0,1410.5,1925632,45.0,1.192922592163086,0.0033758162,-8.689033919349313,-0.04436610338598257,30080,0.018798828125,0.0001,0.2,3.7209144681692123,-0.015458226203918457,-0.006241652434255229
1,1713,0,1430.0,1926144,45.0,1.1464451551437378,0.00961719,-8.461133362054825,-0.06969471589763998,30088,0.046875,0.0001,0.2,4.807962904684246,0.16031527519226074,-0.012484332626627292
1,1332,0,1436.5,1926656,45.0,1.1678215265274048,0.013163036,-8.640998201817274,-0.053289277566364035,30096,0.038818359375,0.0001,0.2,3.6713483287021518,0.08985191583633423,-0.010106433830515016
1,1675,0,1449.5,1927168,45.0,1.4626067876815796,0.013228012,-9.423671783208848,-0.051164250551664736,30104,0.031005859375,0.0001,0.2,4.617160042747855,0.3122921586036682,-0.010262032410537358
1,1627,0,1456.0,1927680,45.0,0.70978182554245,0.007649809,-9.774151590168476,-0.05436175909926533,30112,0.030517578125,0.0001,0.2,2.7354619638063014,0.3101198077201843,-0.008423397157457657
1,1656,0,1467.0,1928192,45.0,1.6819305419921875,0.010077063,-10.650207280889154,-0.07387933926656842,30120,0.033203125,0.0001,0.2,5.381289226002991,0.43131768703460693,-0.01248103868420003
1,1342,0,1419.5,1928704,45.0,0.633186399936676,0.001621987,-11.844139813259243,-0.040086105533191585,30128,0.009765625,0.0001,0.2,4.011717713903636,-0.12031006813049316,-0.005636876117023348
1,1640,0,1453.5,1929216,45.0,3.5608363151550293,0.011127174,-13.144127751886845,-0.05639022192917764,30136,0.030029296875,0.0001,0.2,4.5171953570097685,0.1032763123512268,-0.007399524623906473
1,1731,0,1426.0,1929728,45.0,1.4469728469848633,0.018845998,-13.879224509075284,-0.066879737401905,30144,0.045166015625,0.0001,0.2,3.133249605540186,0.4539105296134949,-0.012841532930906396
1,1853,0,1392.5,1930240,45.0,2.02138614654541,0.009577088,-14.756353603601456,-0.05264139194332529,30152,0.0263671875,0.0001,0.2,3.8112962283194065,0.35506993532180786,-0.008302435562654864
1,1732,0,1395.5,1930752,45.0,0.6137387752532959,0.0030988683,-15.01019136376679,-0.04019358132609341,30160,0.01318359375,0.0001,0.2,1.6694202329963446,-0.2897622585296631,-0.005534344876650721
1,1667,0,1416.0,1931264,45.0,0.6549831628799438,0.0050801975,-14.893348154723645,-0.036979899363359436,30168,0.02001953125,0.0001,0.2,2.449051198316738,0.039464712142944336,-0.005797755053208675
1,1580,0,1461.0,1931776,45.0,1.5867890119552612,0.0076829917,-14.100671124681831,-0.034054604551783996,30176,0.02978515625,0.0001,0.2,3.1620820718817413,0.3827613592147827,-0.009505128640739713
1,1949,0,1420.5,1932288,45.0,1.2471855878829956,0.0067835674,-13.515805305838585,-0.05003862649209623,30184,0.03466796875,0.0001,0.2,4.3349766014143825,0.010476112365722656,-0.007786229012708645
1,1620,0,1423.0,1932800,45.0,0.7911695241928101,0.0069733667,-12.523337211087346,-0.03475427023295197,30192,0.021728515625,0.0001,0.2,2.3019980103708804,0.394386351108551,-0.007338246068684384
1,1155,0,1462.5,1933312,45.0,0.7636943459510803,0.0014162088,-11.439252192750573,-0.03624455713361385,30200,0.0126953125,0.0001,0.2,3.0756597137078643,0.5372301638126373,-0.005502804679053952
1,1622,0,1492.5,1933824,45.0,0.8007473945617676,0.0035879547,-10.183281713947654,-0.025283721026426065,30208,0.01123046875,0.0001,0.2,2.646618108730763,0.17021602392196655,-0.004926629335386679
1,1240,0,1463.5,1934336,45.0,0.7210511565208435,0.006455468,-9.351869296059013,-0.0419478927487944,30216,0.0185546875,0.0001,0.2,2.935504612978548,-0.3900167942047119,-0.007529424365202431
1,1577,0,1466.5,1934848,45.0,1.1958355903625488,0.0053329,-9.174924932718277,-0.04439543845728622,30224,0.019775390625,0.0001,0.2,3.235248340293765,-0.11127781867980957,-0.005332331093086395
1,1833,0,1420.5,1935360,45.0,0.7320746779441833,0.0038965568,-9.333074177131056,-0.058877174160443246,30232,0.021728515625,0.0001,0.2,5.071454543620348,0.15111982822418213,-0.008711416321602883
1,1729,0,1302.5,1935872,45.0,0.8807364106178284,0.0067765913,-9.373957119584084,-0.04340643683099188,30240,0.0263671875,0.0001,0.2,2.8275267430581152,-0.20067822933197021,-0.007072265791066457
1,1790,0,1293.0,1936384,45.0,0.9297084212303162,0.013849293,-10.17998266108334,-0.07147107688797405,30248,0.047119140625,0.0001,0.2,4.058854992501438,0.10199552774429321,-0.01044573810941074
1,1753,0,1249.5,1936896,45.0,0.6458707451820374,0.017269656,-10.217020038217306,-0.04307580276599765,30256,0.02685546875,0.0001,0.2,2.1025569392368197,0.12212646007537842,-0.0067892708466388285
1,1694,0,1276.0,1937408,45.0,0.790642499923706,0.004257163,-10.802420826926827,-0.0529401503608824,30264,0.022216796875,0.0001,0.2,2.3498969664797187,0.2745196223258972,-0.005685826217813883
1,1247,0,1283.0,1937920,45.0,2.0050671100616455,0.008644718,-11.359124168232084,-0.037038937275610806,30272,0.022705078125,0.0001,0.2,3.2597994175739586,0.016478896141052246,-0.008520765681168996
1,1793,0,1215.5,1938432,45.0,1.1303632259368896,0.007906469,-11.309900350123645,-0.043163530237507075,30280,0.02685546875,0.0001,0.2,3.512722314801067,0.1973494291305542,-0.007953189298859797
1,1865,0,1185.0,1938944,45.0,1.4280591011047363,0.0061367108,-11.37852683030069,-0.035097358348139096,30288,0.022705078125,0.0001,0.2,2.6722828808706254,-0.11648523807525635,-0.006917801147210412
1,1893,0,1189.5,1939456,45.0,0.7869887948036194,0.02063954,-10.805044863373041,-0.04294179703720147,30296,0.03173828125,0.0001,0.2,2.3947856300510466,-0.04180443286895752,-0.009606876392354025
1,1705,0,1174.0,1939968,45.0,1.2625004053115845,0.0032279221,-10.577147701978683,-0.0317765945874271,30304,0.013427734375,0.0001,0.2,4.55698692984879,0.11953961849212646,-0.003926752833649516
1,1682,0,1184.5,1940480,45.0,0.3886539936065674,0.004591583,-10.491208419129253,-0.0604951613186131,30312,0.0263671875,0.0001,0.2,2.0711941393092275,-0.0244673490524292,-0.008787835606199224
1,1665,0,1231.0,1940992,45.0,1.8832637071609497,0.008843949,-9.67029234945774,-0.057300713218864985,30320,0.037841796875,0.0001,0.2,3.7959398506209254,0.19017165899276733,-0.010042586043709889
1,1748,0,1276.0,1941504,45.0,1.2479007244110107,0.006572903,-9.734941429197788,-0.054209207752137445,30328,0.019775390625,0.0001,0.2,3.478125966154039,0.11927324533462524,-0.005750521479058079
1,1838,0,1207.5,1942016,45.0,1.2449427843093872,0.004435777,-9.726036805212498,-0.0497387456598517,30336,0.0302734375,0.0001,0.2,1.9944276630412787,0.38558125495910645,-0.009989961676183157
1,1250,0,1085.5,1942528,45.0,0.18104228377342224,0.011112065,-9.925105349868536,-0.07213448662878363,30344,0.040771484375,0.0001,0.2,1.1536587106529623,0.3141191005706787,-0.010206203929556068
1,1700,0,1055.5,1943040,45.0,0.7860007286071777,0.013832558,-10.87530436500907,-0.08894953851995524,30352,0.048583984375,0.0001,0.2,3.8889505993574858,0.18931448459625244,-0.014170560854836367
1,1613,0,1153.0,1943552,45.0,1.2877254486083984,0.003173124,-10.969375078901649,-0.059081550483824685,30360,0.026611328125,0.0001,0.2,3.0569534562528133,-0.26900148391723633,-0.00758461351506412
1,1695,0,1223.0,1944064,45.0,1.4030262231826782,0.009451911,-11.564893948286771,-0.06529705152934184,30368,0.0322265625,0.0001,0.2,4.736801660619676,0.15844249725341797,-0.010615572002279805
1,1601,0,1243.0,1944576,45.0,0.7324984073638916,0.0076700305,-11.913244556337595,-0.04968486342477263,30376,0.029052734375,0.0001,0.2,2.125259245513007,-0.6378253698348999,-0.006856439460534602
1,1649,0,1318.0,1945088,45.0,0.5019146800041199,0.009078577,-12.473202643617988,-0.06252542912807257,30384,0.044921875,0.0001,0.2,2.675249634543434,0.2022985816001892,-0.009345964863314293
1,1714,0,1272.0,1945600,45.0,1.0859546661376953,0.015288575,-13.217286076918244,-0.05866460227116477,30392,0.043701171875,0.0001,0.2,2.4979509375989437,0.2560940384864807,-0.012719754595309496
1,1912,0,1263.0,1946112,45.0,0.9313499331474304,0.011338767,-13.837590322121978,-0.0674295467651973,30400,0.03173828125,0.0001,0.2,2.927885910961777,0.539003849029541,-0.012121957031922648
1,1283,0,1245.5,1946624,45.0,0.9194601774215698,0.0049106316,-13.863103903457523,-0.05075434741956997,30408,0.029296875,0.0001,0.2,3.6040071342140436,0.4825090169906616,-0.010004991465393687
1,1769,0,1271.5,1947136,45.0,1.480438470840454,0.013359142,-14.035983337908982,-0.06471673803025624,30416,0.033447265625,0.0001,0.2,4.224825840909034,0.22740936279296875,-0.01035970613884274
1,1809,0,1255.5,1947648,45.0,0.46273037791252136,0.012287896,-13.736913205012678,-0.057092288750027365,30424,0.04248046875,0.0001,0.2,2.15281220106408,0.45234620571136475,-0.010581066329905298
1,2032,0,1080.0,1948160,45.0,1.0695987939834595,0.020890031,-13.526206714361907,-0.06792998241871828,30432,0.0439453125,0.0001,0.2,4.127743256743997,0.4943501353263855,-0.012455747717467602
1,1674,0,1014.5,1948672,45.0,0.3658702075481415,0.00840793,-13.26777655094862,-0.04573937513941928,30440,0.0302734375,0.0001,0.2,1.6797464478295296,-0.54677414894104,-0.009674933804490138
1,1811,0,976.5,1949184,45.0,1.0730093717575073,0.0035171683,-12.745054080039262,-0.05493254974135198,30448,0.022705078125,0.0001,0.2,2.1851870636455715,-0.10892796516418457,-0.007897370065620635
1,1738,0,980.5,1949696,45.0,2.9015281200408936,0.023045272,-12.260877406224608,-0.05191172290506074,30456,0.0361328125,0.0001,0.2,3.537139176391065,0.09825128316879272,-0.00874203159037279
1,1954,0,930.5,1950208,45.0,2.414198875427246,0.007354986,-12.031762098148466,-0.057814438272544066,30464,0.026123046875,0.0001,0.2,8.55337233748287,0.0797959566116333,-0.009825132321566343
1,1734,0,910.5,1950720,45.0,1.308890700340271,0.0036780834,-11.617766705378891,-0.027536673533177236,30472,0.010986328125,0.0001,0.2,4.543778274208307,0.26941436529159546,-0.004078441266756272
1,1936,0,914.5,1951232,45.0,2.5365982055664062,0.00736291,-11.27317945048213,-0.04663542774324014,30480,0.024169921875,0.0001,0.2,5.184765902347863,0.3781970143318176,-0.007188878764281981
1,1309,0,986.0,1951744,45.0,2.1423656940460205,0.012161525,-11.413509950488805,-0.04609969885859755,30488,0.022216796875,0.0001,0.2,5.704199939034879,0.4059022068977356,-0.010759355762274936
1,1777,0,1054.0,1952256,45.0,1.9342259168624878,0.0040961793,-11.3575895139575,-0.03798340761568397,30496,0.012451171875,0.0001,0.2,6.279546265490353,0.4061746597290039,-0.0034351521826465614
1,1871,0,1122.5,1952768,45.0,0.8076401352882385,0.0035712211,-11.544170634672046,-0.029753774866549065,30504,0.010009765625,0.0001,0.2,5.735131474211812,0.5204092860221863,-0.005627680224279175
1,1696,0,1135.5,1953280,45.0,0.9434083104133606,0.0054446273,-12.111559152975678,-0.05126162818123703,30512,0.02783203125,0.0001,0.2,4.478786050342023,0.13486731052398682,-0.00799650078988634
1,1993,0,1155.5,1953792,45.0,1.1038846969604492,0.0090518175,-12.906633220463991,-0.03319250016647857,30520,0.0224609375,0.0001,0.2,2.8339399015530944,0.3962915539741516,-0.006099695834564045
1,1549,0,1153.5,1954304,45.0,1.2118465900421143,0.028910644,-13.070679154321551,-0.05664182305736176,30528,0.0439453125,0.0001,0.2,3.735536568565294,-0.09431242942810059,-0.015164748445386067
1,1610,0,1262.5,1954816,45.0,1.2228779792785645,0.023196843,-14.05203353971243,-0.07854825088725192,30536,0.05126953125,0.0001,0.2,2.61999541381374,0.07022237777709961,-0.011586243897909299
1,1575,0,1194.5,1955328,45.0,0.7888733744621277,0.007416242,-14.228205940946937,-0.04101092897326453,30544,0.02587890625,0.0001,0.2,2.4383796914480627,0.06307405233383179,-0.006476007416495122
1,1657,0,1322.0,1955840,45.0,0.6603893041610718,0.0062885033,-14.498280507475137,-0.07645773477997864,30552,0.0380859375,0.0001,0.2,2.7791649787686765,0.35771334171295166,-0.008372582524316385
1,1331,0,1299.0,1956352,45.0,0.5176142454147339,0.0066106087,-14.07374754063785,-0.053572096340758435,30560,0.025634765625,0.0001,0.2,2.9768865634687245,-0.3081568479537964,-0.006669005833828123
1,1627,0,1343.5,1956864,45.0,0.8545323610305786,0.010037219,-14.014808594956994,-0.0538550209494133,30568,0.0302734375,0.0001,0.2,2.3988536717370152,0.18354856967926025,-0.009007827116874978
1,1831,0,1338.0,1957376,45.0,1.8890020847320557,0.006758257,-13.356664736717939,-0.044547225574206095,30576,0.02197265625,0.0001,0.2,3.8606841983273625,0.1052936315536499,-0.00790316561324289
1,1527,0,1358.5,1957888,45.0,1.0563139915466309,0.00906621,-12.26145035676658,-0.06375724532699678,30584,0.0263671875,0.0001,0.2,3.0101713011972606,0.0011182427406311035,-0.008752500187256373
1,2060,0,1271.5,1958400,45.0,1.3437769412994385,0.01444172,-11.267345668524504,-0.07056517169985455,30592,0.041259765625,0.0001,0.2,2.9525590650737286,0.308884859085083,-0.009621673769288464
1,1511,0,1278.0,1958912,45.0,0.5426486730575562,0.013220025,-9.896193675026298,-0.05592226348926488,30600,0.028076171875,0.0001,0.2,1.8769613592885435,0.4462955594062805,-0.008636286147520877
1,1783,0,1279.5,1959424,45.0,1.286289930343628,0.008268442,-8.972876148968934,-0.05164092760242056,30608,0.0322265625,0.0001,0.2,3.680843024980277,0.3173167109489441,-0.00951659138809191
1,1623,0,1336.5,1959936,45.0,2.544480323791504,0.006338033,-8.71038842447102,-0.06549603954863414,30616,0.039794921875,0.0001,0.2,3.203807999845594,0.295602023601532,-0.012022497790894704
1,1851,0,1250.0,1960448,45.0,0.4944092929363251,0.00897285,-8.396968965306877,-0.08137501403325587,30624,0.0517578125,0.0001,0.2,5.1960118766874075,0.3345235586166382,-0.01047010666661663
1,1758,0,1214.5,1960960,45.0,0.3380327820777893,0.012811191,-8.747226510345936,-0.05775604493828723,30632,0.03125,0.0001,0.2,2.9423863822594285,0.28831547498703003,-0.01067253210931085
1,1943,0,1126.0,1961472,45.0,0.48290103673934937,0.012627247,-8.83321657679975,-0.05842225843662163,30640,0.03125,0.0001,0.2,2.076393811032176,-0.2774707078933716,-0.009260125712899026
1,1816,0,1164.5,1961984,45.0,1.1958614587783813,0.012761783,-9.673679847493768,-0.05691062012556358,30648,0.036376953125,0.0001,0.2,3.2450071312487125,0.21451926231384277,-0.009603322152543114
1,1895,0,1133.5,1962496,45.0,1.3933424949645996,0.003958465,-9.839603603184223,-0.053527755379036535,30656,0.0244140625,0.0001,0.2,2.4328340333886445,0.13737750053405762,-0.004417883923451882
1,1656,0,1150.0,1963008,45.0,0.5794879198074341,0.007281834,-11.005925194770098,-0.06044661376654403,30664,0.0283203125,0.0001,0.2,3.91739075537771,-0.04229235649108887,-0.007638795315870084
1,1806,0,1135.0,1963520,45.0,1.8660759925842285,0.00817304,-11.941395225003362,-0.08228380844957428,30672,0.03662109375,0.0001,0.2,6.594264753162861,0.21300357580184937,-0.011348612155416049
1,1727,0,1152.0,1964032,45.0,0.715570867061615,0.010265145,-12.53344351619482,-0.08401305046572816,30680,0.0283203125,0.0001,0.2,3.0619030194357038,0.46055203676223755,-0.009218254854204133
1,1675,0,1107.0,1964544,45.0,11.122296333312988,0.004693386,-13.923450016453863,-0.16880916489753872,30688,0.073974609375,0.0001,0.2,23.767205201089382,0.4039202332496643,-0.0012147948291385546
1,1824,0,1088.0,1965056,45.0,19.594724655151367,0.008182032,-15.022600562721491,-0.17658997443504632,30696,0.0556640625,0.0001,0.2,28.543892070651054,0.3509443998336792,-0.013848163667717017
1,1751,0,1006.5,1965568,45.0,6.786568641662598,0.06767073,-16.973296608775854,-0.09699031297350302,30704,0.0537109375,0.0001,0.2,16.099649000912905,0.3278588056564331,-0.021211495470197406
1,1368,0,1058.5,1966080,45.0,2.0282692909240723,0.0070672315,-18.057772610709073,-0.06722907602670603,30712,0.037841796875,0.0001,0.2,6.072226073592901,0.27066463232040405,-0.010621414738125168
1,1697,0,996.5,1966592,45.0,1.1346255540847778,0.011207506,-18.042912145406007,-0.07290814912994392,30720,0.024658203125,0.0001,0.2,4.47895706538111,0.09795516729354858,-0.007727765463641845
1,1778,0,1042.5,1967104,45.0,0.5611761808395386,0.016746368,-18.924576930627225,-0.08868647928466089,30728,0.045166015625,0.0001,0.2,3.070768808014691,0.23718953132629395,-0.012325596013397444
1,1766,0,1059.0,1967616,45.0,0.5146728754043579,0.005160908,-18.82769863411784,-0.05337153309301357,30736,0.023193359375,0.0001,0.2,2.324708617758006,0.19609755277633667,-0.0070587029858870665
1,1543,0,1114.5,1968128,45.0,0.710907518863678,0.010836905,-18.537376173064114,-0.05384637974202633,30744,0.029541015625,0.0001,0.2,2.193950526881963,0.3680686950683594,-0.008173294510925189
1,1643,0,1121.0,1968640,45.0,0.687440037727356,0.0053718123,-18.497363697588444,-0.052354146508150734,30752,0.017578125,0.0001,0.2,3.3211257881484926,0.32477766275405884,-0.004687940112489741
1,1786,0,1183.0,1969152,45.0,2.816307306289673,0.0039035464,-17.220431987941264,-0.08058552930015139,30760,0.03515625,0.0001,0.2,5.640819113701582,0.25227004289627075,-0.007704906536673661
1,1640,0,1196.5,1969664,45.0,1.6390964984893799,0.0046763215,-16.45479197591543,-0.07696777542878408,30768,0.029296875,0.0001,0.2,3.239999007433653,0.03779226541519165,-0.00766791270871181
1,1357,0,1337.0,1970176,45.0,1.43817937374115,0.009163467,-15.71288773752749,-0.09056571234759758,30776,0.04443359375,0.0001,0.2,4.883185751736164,0.3506619334220886,-0.014490544992440846
1,1234,0,1346.5,1970688,45.0,1.1476167440414429,0.004303163,-15.21460128955543,-0.06591249004122801,30784,0.025390625,0.0001,0.2,5.689095287583768,0.33656877279281616,-0.008081800806394313
1,1473,0,1395.5,1971200,45.0,0.9661173224449158,0.0032253587,-15.32695123873651,-0.05148462512624974,30792,0.012451171875,0.0001,0.2,3.9295445876196027,0.6120986640453339,-0.0046347426978172734
1,1715,0,1414.0,1971712,45.0,1.611038327217102,0.00739687,-14.941841314285993,-0.0702065394143574,30800,0.0419921875,0.0001,0.2,5.418009703978896,0.3294872045516968,-0.010472505106008612
1,1740,0,1392.0,1972224,45.0,1.5628684759140015,0.0024892967,-14.602606780305505,-0.05812893923575757,30808,0.0166015625,0.0001,0.2,4.4891984956339,0.2717847228050232,-0.007428379638440674
1,1566,0,1409.5,1972736,45.0,1.217899203300476,0.009967394,-14.426455246731638,-0.06365560096310219,30816,0.041259765625,0.0001,0.2,3.485049791634083,0.3317321538925171,-0.01073117577470839
1,1956,0,1315.0,1973248,45.0,1.7746280431747437,0.01277346,-13.905665263161064,-0.06927300085226307,30824,0.042236328125,0.0001,0.2,6.3272875510156155,0.15521258115768433,-0.009510814696113812
1,1479,0,1313.0,1973760,45.0,0.8788571357727051,0.017075215,-13.322598710656166,-0.04727905282925349,30832,0.029296875,0.0001,0.2,2.6782372086308897,0.37882620096206665,-0.00794178656542499
1,1779,0,1325.0,1974272,45.0,0.5709316730499268,0.014807972,-12.36311736561358,-0.07338487080050982,30840,0.046875,0.0001,0.2,3.280176468193531,0.39897316694259644,-0.015189973630185705
1,1959,0,1229.0,1974784,45.0,0.8474316000938416,0.039289426,-11.351529835760594,-0.057348007892869646,30848,0.02880859375,0.0001,0.2,2.4310459359548986,0.3699001669883728,-0.00802963288151659
1,1325,0,1220.5,1975296,45.0,0.2558259069919586,0.028433835,-10.206323898881674,-0.03730045228439849,30856,0.024169921875,0.0001,0.2,1.136426412151195,-0.24230849742889404,-0.0061826696546631865
1,1767,0,1251.5,1975808,45.0,1.0637871026992798,0.009147359,-9.507734962776304,-0.05484591655113036,30864,0.03515625,0.0001,0.2,2.5667280580382794,0.3305850028991699,-0.009384745702845976
1,2098,0,1179.0,1976320,45.0,1.9185343980789185,0.013470391,-8.92874675437808,-0.055942171606147895,30872,0.029541015625,0.0001,0.2,3.0057370085269213,0.3841676712036133,-0.010538517773966305
1,1615,0,1222.0,1976832,45.0,0.9196159243583679,0.009007448,-9.007670307680964,-0.051140092429704964,30880,0.01904296875,0.0001,0.2,2.570776332868263,0.07761359214782715,-0.006272725411690772
1,1833,0,1252.0,1977344,45.0,1.6338434219360352,0.004621936,-9.014033042266965,-0.07830063617439009,30888,0.01953125,0.0001,0.2,4.308168678544462,-0.160652756690979,-0.009140048954577651
1,1566,0,1287.5,1977856,45.0,2.8279664516448975,0.0043166364,-9.330902383700014,-0.05331996671156958,30896,0.02490234375,0.0001,0.2,7.187332762405276,0.14535528421401978,-0.006346601352561265
1,1604,0,1319.0,1978368,45.0,0.9744481444358826,0.0058613047,-10.063241022899748,-0.06213506159838289,30904,0.02783203125,0.0001,0.2,3.763519902713597,0.44148939847946167,-0.010588061370071955
1,1758,0,1296.5,1978880,45.0,4.113760948181152,0.0031841893,-10.786676398590208,-0.05586388672963949,30912,0.020263671875,0.0001,0.2,4.3520981799811125,0.255246639251709,-0.0070878612823435105
1,1963,0,1258.0,1979392,45.0,1.0630743503570557,0.004296865,-11.593865225985645,-0.06305172937572934,30920,0.028076171875,0.0001,0.2,4.22177898325026,0.29430264234542847,-0.007404345717077376
1,1258,0,1316.5,1979904,45.0,1.6860744953155518,0.0052768737,-13.170232397019863,-0.04561514095257735,30928,0.025390625,0.0001,0.2,4.625403901562095,0.10195660591125488,-0.007895610790001228
1,1757,0,1328.5,1980416,45.0,0.9019454717636108,0.010935169,-14.307477186918259,-0.06868711997594801,30936,0.031982421875,0.0001,0.2,2.6845160950906575,0.31463342905044556,-0.008060116262640804
1,1696,0,1423.5,1980928,45.0,0.3316931426525116,0.017316118,-15.323572274595499,-0.06726720727965585,30944,0.03759765625,0.0001,0.2,1.6887875692918897,0.4189973473548889,-0.010793250163260382
1,1703,0,1431.5,1981440,45.0,1.588637351989746,0.011275488,-15.950983937606216,-0.07872887035046006,30952,0.051513671875,0.0001,0.2,3.868461620528251,0.38502979278564453,-0.012309082445426611
1,1672,0,1396.5,1981952,45.0,0.7213588953018188,0.011415258,-16.653810162171723,-0.05693531277938746,30960,0.0322265625,0.0001,0.2,1.9956118646077812,0.5828790068626404,-0.007807274239894468
1,1825,0,1386.5,1982464,45.0,0.7180729508399963,0.008705119,-16.96634055711329,-0.06610759673640132,30968,0.043212890625,0.0001,0.2,2.840540283359587,0.414686381816864,-0.007894322701758938
1,1859,0,1289.5,1982976,45.0,0.5930348634719849,0.019350322,-16.52265405975282,-0.04288030874704418,30976,0.026611328125,0.0001,0.2,1.546030281111598,0.5104347467422485,-0.008261091301392298
1,1921,0,1293.5,1983488,45.0,0.6362942457199097,0.014209098,-16.578614639118314,-0.048788798429086455,30984,0.033447265625,0.0001,0.2,2.2123935860581696,0.5137555003166199,-0.007515095247072168
1,2186,0,1271.0,1984000,45.0,0.33510977029800415,0.008121273,-15.912951132208109,-0.04074644238335168,30992,0.027099609375,0.0001,0.2,1.4438904328271747,0.11613303422927856,-0.006929426788701676
1,1787,0,1216.5,1984512,45.0,0.4255162477493286,0.008353982,-14.936735709607602,-0.0342950117556029,31000,0.022705078125,0.0001,0.2,1.212277215672657,0.4919503331184387,-0.009157535274425754
1,1353,0,1187.0,1985024,45.0,0.45260655879974365,0.023844838,-13.874106354117394,-0.05124294433517207,31008,0.04248046875,0.0001,0.2,1.2761068863328546,0.33260291814804077,-0.01002765210432699
1,1648,0,1177.0,1985536,45.0,1.0842453241348267,0.015652345,-12.96740544475615,-0.049508704356412636,31016,0.032470703125,0.0001,0.2,2.111448851414025,0.2599155902862549,-0.009323285572463647
1,1675,0,1138.5,1986048,45.0,0.6731809377670288,0.0059657646,-11.69240424066782,-0.058708770160592394,31024,0.03662109375,0.0001,0.2,3.418195266276598,0.3240503668785095,-0.008545963468350237
1,1628,0,1179.5,1986560,45.0,0.81476891040802,0.0051572067,-10.829203395619988,-0.0715232805305277,31032,0.0283203125,0.0001,0.2,5.161201763898134,0.34876954555511475,-0.008323201082021114
1,1674,0,1239.5,1987072,45.0,0.6617645621299744,0.014074411,-9.45320683285594,-0.07102315075462684,31040,0.046875,0.0001,0.2,2.308741933433339,0.5881872177124023,-0.01085660463286331
1,1696,0,1277.0,1987584,45.0,1.282889723777771,0.07125284,-8.9254816827178,-0.04257141094421968,31048,0.03076171875,0.0001,0.2,4.810844616964459,0.6045267879962921,-0.0068446056357061025
1,1809,0,1347.0,1988096,45.0,0.7547032237052917,0.008787348,-8.38307467162609,-0.05472835608088644,31056,0.024169921875,0.0001,0.2,3.7971682883799076,0.51185542345047,-0.005321964414179092
1,1720,0,1433.5,1988608,45.0,0.20022006332874298,0.031958807,-8.237953255698084,-0.03658389617339708,31064,0.033447265625,0.0001,0.2,1.880890085361898,0.6612702012062073,-0.007429000088450266
1,1288,0,1469.5,1989120,45.0,1.623903751373291,0.014042043,-8.601509501934052,-0.0405843061307678,31072,0.023681640625,0.0001,0.2,4.2426990531384945,0.06209331750869751,-0.007145623392716516
1,1774,0,1410.5,1989632,45.0,1.6830191612243652,0.0041585686,-9.372089913636446,-0.055214294781762874,31080,0.031005859375,0.0001,0.2,2.5355881163850427,0.31773585081100464,-0.009431812835828168
1,1924,0,1370.0,1990144,45.0,3.0239999294281006,0.012410731,-10.703024710714818,-0.05788264883085503,31088,0.028564453125,0.0001,0.2,7.8873396860435605,0.30821627378463745,-0.010323180482373573
1,1685,0,1373.0,1990656,45.0,0.2415902018547058,0.01090634,-11.774378726705908,-0.056113601371180266,31096,0.034912109375,0.0001,0.2,1.8356634385418147,0.3598170280456543,-0.010676559762941906
1,1783,0,1382.5,1991168,45.0,0.9894692897796631,0.011179905,-12.711910370588303,-0.06638614915209473,31104,0.0341796875,0.0001,0.2,4.787456719204783,0.43071067333221436,-0.010206988979916787
1,1693,0,1325.5,1991680,45.0,1.3440288305282593,0.0053751906,-14.267243999615312,-0.0536160438114166,31112,0.0205078125,0.0001,0.2,4.091353706549853,0.0819515585899353,-0.006966662460399675
1,1644,0,1296.0,1992192,45.0,0.7108001112937927,0.0069872094,-15.311075274273753,-0.06103025018819608,31120,0.029052734375,0.0001,0.2,3.223262547980994,0.42382144927978516,-0.00967443706576887
1,1500,0,1312.0,1992704,45.0,4.911426544189453,0.0044651697,-15.88469828620553,-0.06155326673615491,31128,0.031005859375,0.0001,0.2,9.511165473610163,0.2294129729270935,-0.007834005235054065
1,1866,0,1263.5,1993216,45.0,0.7129423022270203,0.009419147,-16.041885706707834,-0.06541132978600217,31136,0.026611328125,0.0001,0.2,6.472001891583204,-0.11820697784423828,-0.01075205898450804
1,1874,0,1276.0,1993728,45.0,0.38904523849487305,0.010571579,-15.49128055550158,-0.042777516740898136,31144,0.01953125,0.0001,0.2,2.1449975728755817,0.029334187507629395,-0.00672743673203513
1,1633,0,1300.0,1994240,45.0,1.3903383016586304,0.048402436,-14.318258807957172,-0.19163989926164504,31152,0.183837890625,0.0001,0.2,2.1993730918038636,0.12336075305938721,-0.01249290754640242
1,1583,0,1367.0,1994752,45.0,11.799297332763672,0.0064873365,-15.42987207658589,-0.2462662203470245,31160,0.07763671875,0.0001,0.2,42.04681117832661,0.08618885278701782,-0.015938378739519976
1,1664,0,1445.5,1995264,45.0,10.530564308166504,0.005630536,-15.399807264059781,-0.19385115429759026,31168,0.065185546875,0.0001,0.2,19.954926386475563,0.33171528577804565,-0.012593102459504735
1,1734,0,1465.5,1995776,45.0,4.637600421905518,0.008630386,-15.543215939104558,-0.15040898363804445,31176,0.06005859375,0.0001,0.2,15.464343462139368,0.5241923630237579,-0.012468946293665795
1,1684,0,1599.5,1996288,45.0,5.164753437042236,0.06503733,-15.503731203749776,-0.09802373073762283,31184,0.05419921875,0.0001,0.2,10.36847448348999,0.5517389476299286,-0.020688559881818946
1,1680,0,1587.5,1996800,45.0,0.6146321892738342,0.004133333,-15.020720126777887,-0.04439590377296554,31192,0.016845703125,0.0001,0.2,3.832287904806435,0.39648640155792236,-0.006876687482872512
1,1707,0,1502.5,1997312,45.0,3.2752792835235596,0.0027221846,-14.673612740039825,-0.06633055567363044,31200,0.0244140625,0.0001,0.2,8.972301381640136,0.09634321928024292,-0.009920202119246824
1,1646,0,1554.0,1997824,45.0,1.4677789211273193,0.006315802,-15.03431137777865,-0.06400545340147801,31208,0.031982421875,0.0001,0.2,4.582219557836652,-0.07533895969390869,-0.009093682536331471
1,1670,0,1528.0,1998336,45.0,1.801687240600586,0.005912074,-16.61047254741192,-0.0893154728692025,31216,0.04296875,0.0001,0.2,14.0997831877321,0.31557780504226685,-0.010805341436935123
1,1753,0,1555.5,1998848,45.0,5.035590171813965,0.0043008467,-17.4837627684325,-0.0808851880065049,31224,0.0263671875,0.0001,0.2,14.3610735014081,0.3714103102684021,-0.009234884426405188
1,1677,0,1536.5,1999360,45.0,3.0678446292877197,0.012114886,-16.57641139008105,-0.05722439369128551,31232,0.03076171875,0.0001,0.2,9.270795488730073,0.48945170640945435,-0.00962798910222773
1,1594,0,1519.5,1999872,45.0,1.318659782409668,0.004175757,-16.405050017759205,-0.0727180236390268,31240,0.034912109375,0.0001,0.2,8.119716184213758,0.4616410732269287,-0.0074811727172345854
1,1721,0,1500.0,2000384,45.0,1.6276222467422485,0.013068404,-15.761028266325592,-0.06334494117982103,31248,0.03271484375,0.0001,0.2,3.5316112618893385,-0.12337636947631836,-0.0061451994042727165
1,1681,0,1442.5,2000896,45.0,0.5477097630500793,0.009755002,-15.128629191219806,-0.05162003426812589,31256,0.0283203125,0.0001,0.2,4.332146185915917,0.08675092458724976,-0.006202657918038312
1,1684,0,1443.0,2001408,45.0,1.8329052925109863,0.008487051,-15.459093872308731,-0.06241898591906647,31264,0.03369140625,0.0001,0.2,3.2866339813917875,0.0062441229820251465,-0.009937808034010231
1,1844,0,1462.0,2001920,45.0,0.8719322085380554,0.006624215,-15.592452922314406,-0.06300504477985669,31272,0.0283203125,0.0001,0.2,3.4360061921179295,0.45108771324157715,-0.00819567123107845
1,1243,0,1426.5,2002432,45.0,0.9909758567810059,0.0044287876,-15.344589574337006,-0.051235680881291046,31280,0.02197265625,0.0001,0.2,3.7265690576750785,0.2758617401123047,-0.008257435081759468
1,1626,0,1385.5,2002944,45.0,0.3599397838115692,0.015380075,-14.580865659117698,-0.0736882974197215,31288,0.03759765625,0.0001,0.2,2.3962567541748285,0.10826808214187622,-0.012497653537138831
1,1625,0,1319.5,2003456,45.0,0.45629337430000305,0.025784504,-13.787507135346532,-0.06432594772923039,31296,0.046875,0.0001,0.2,2.6223212657496333,0.25294560194015503,-0.013041985155723523
1,1678,0,1279.0,2003968,45.0,1.8246837854385376,0.0043089213,-12.53256812311709,-0.07685038936324418,31304,0.02880859375,0.0001,0.2,6.352863730862737,0.0810210108757019,-0.007612352004798595
1,1850,0,1251.5,2004480,45.0,1.751105546951294,0.0035538606,-11.903278742060065,-0.048391577358415816,31312,0.021240234375,0.0001,0.2,4.240324454382062,-0.002917051315307617,-0.005623251043289201
1,1737,0,1204.5,2004992,45.0,1.2876991033554077,0.0036262288,-11.432391429170966,-0.039345153236354236,31320,0.019775390625,0.0001,0.2,3.0650076866149902,0.2904679775238037,-0.007235464443510864
1,1806,0,1222.0,2005504,45.0,0.47169655561447144,0.0070420248,-11.67515049688518,-0.06557263732975116,31328,0.025634765625,0.0001,0.2,4.641285473480821,0.1711825728416443,-0.007737686904874863
1,1833,0,1234.5,2006016,45.0,1.152531623840332,0.0118676275,-11.282315792813897,-0.052652371166914236,31336,0.03271484375,0.0001,0.2,3.8727347180247307,0.24518847465515137,-0.010233710556349251
1,1675,0,1257.0,2006528,45.0,1.138145089149475,0.018949572,-11.401491907536984,-0.04226384913636139,31344,0.027587890625,0.0001,0.2,2.891377604100853,0.27533888816833496,-0.010324540020519635
1,1369,0,1284.5,2007040,45.0,1.3024935722351074,0.005601068,-11.282309106141328,-0.058026850238093175,31352,0.02099609375,0.0001,0.2,5.81827665772289,-0.08566105365753174,-0.006904908110300312
1,1594,0,1272.5,2007552,45.0,2.1975812911987305,0.0057718568,-11.676753612980246,-0.057343534710526,31360,0.021240234375,0.0001,0.2,6.761489883065224,0.12540453672409058,-0.00755538707744563
1,1581,0,1346.5,2008064,45.0,2.2033534049987793,0.006280858,-12.492028713822364,-0.08096391207072884,31368,0.033935546875,0.0001,0.2,8.920586260035634,0.16292566061019897,-0.008652504940982908
1,1727,0,1392.0,2008576,45.0,2.8059632778167725,0.010265183,-13.70542473897338,-0.07652639010848361,31376,0.036865234375,0.0001,0.2,6.909560691565275,0.03801310062408447,-0.009861901680778828
1,1607,0,1363.5,2009088,45.0,1.7547473907470703,0.0066218986,-14.403810608685017,-0.043414172119810246,31384,0.026123046875,0.0001,0.2,3.758090649265796,0.3508320450782776,-0.007577496562589658
1,1706,0,1429.5,2009600,45.0,0.4647217094898224,0.009489533,-15.326331398636103,-0.06354674435715424,31392,0.03271484375,0.0001,0.2,4.078535192180425,0.5696497857570648,-0.008040954708121717
1,1610,0,1453.5,2010112,45.0,0.8901064991950989,0.011219688,-15.843692134097218,-0.0582072471624997,31400,0.02490234375,0.0001,0.2,2.564079334028065,0.31582385301589966,-0.00702755417660228
1,1665,0,1431.0,2010624,45.0,1.0072640180587769,0.00939159,-16.803620218262076,-0.07912045031844173,31408,0.03564453125,0.0001,0.2,3.924546887166798,0.4863656163215637,-0.012154358675616095
1,1347,0,1414.5,2011136,45.0,2.673633098602295,0.0034168023,-16.856121565699578,-0.0696836114366306,31416,0.02734375,0.0001,0.2,4.925927147269249,0.4827970266342163,-0.007884065664256923
1,1655,0,1472.5,2011648,45.0,0.9774277806282043,0.010778926,-16.559532462507487,-0.06035774835618213,31424,0.036376953125,0.0001,0.2,2.9489715532399714,0.0027173757553100586,-0.007006360203376971
1,1624,0,1491.0,2012160,45.0,1.0537625551223755,0.0082790945,-15.366791464164853,-0.06564493035693886,31432,0.0390625,0.0001,0.2,3.011736324056983,0.3227311372756958,-0.00812880702324037
1,1895,0,1418.5,2012672,45.0,0.5881878137588501,0.020463903,-14.379552642852069,-0.07182977245247457,31440,0.045654296875,0.0001,0.2,3.2244200352579355,0.17796200513839722,-0.009836983062996296
1,1704,0,1369.5,2013184,45.0,0.4769929051399231,0.0040798946,-12.96187634922564,-0.0639195166513673,31448,0.0244140625,0.0001,0.2,2.721797020640224,-0.15005552768707275,-0.009319044722360559
1,1750,0,1317.0,2013696,45.0,0.6831515431404114,0.008954825,-11.634149059429765,-0.07108891742973356,31456,0.036376953125,0.0001,0.2,4.081108788959682,0.12709510326385498,-0.010357469735026825
1,1865,0,1230.0,2014208,45.0,0.5659836530685425,0.03301253,-10.519532991871237,-0.06998162540912745,31464,0.052734375,0.0001,0.2,2.272788248024881,0.24082601070404053,-0.012844254059018567
1,1752,0,1213.5,2014720,45.0,1.9789743423461914,0.013303451,-9.816962001994252,-0.09768493961018976,31472,0.06005859375,0.0001,0.2,4.3349423706531525,0.190382719039917,-0.013978514944028575
1,1831,0,1251.5,2015232,45.0,0.6971313953399658,0.015111266,-8.476414370387793,-0.06370025396972778,31480,0.043212890625,0.0001,0.2,2.856512377038598,0.04054802656173706,-0.01119092453882331
1,1307,0,1311.0,2015744,45.0,1.4494551420211792,0.007864022,-8.43154101409018,-0.07480441978623276,31488,0.02978515625,0.0001,0.2,5.119054636918008,0.25318241119384766,-0.010685124900192022
1,1588,0,1275.0,2016256,45.0,1.1247682571411133,0.0062278593,-8.784673904404045,-0.05804851576431247,31496,0.0361328125,0.0001,0.2,2.2569265498314053,0.32293182611465454,-0.004529981146333739
1,1763,0,1215.0,2016768,45.0,1.3109769821166992,0.014732024,-9.788949882090092,-0.06468190939631313,31504,0.036376953125,0.0001,0.2,3.2112331935204566,0.2118992805480957,-0.013390537700615823
1,1646,0,1236.0,2017280,45.0,1.5150930881500244,0.0057370504,-11.441538677960635,-0.06638557062251493,31512,0.02685546875,0.0001,0.2,12.255246803164482,0.2781517505645752,-0.007157382002333179
1,1754,0,1251.0,2017792,45.0,0.7203624248504639,0.0041931057,-12.668474748656154,-0.07161406468367204,31520,0.031982421875,0.0001,0.2,2.4084806446917355,0.3333306312561035,-0.008478928306431044
1,1736,0,1280.0,2018304,45.0,0.5686160922050476,0.007633677,-13.815813759341836,-0.06337476500266348,31528,0.034912109375,0.0001,0.2,2.778108539059758,0.495904803276062,-0.009534580873150844
1,1703,0,1363.5,2018816,45.0,0.40538984537124634,0.006521118,-14.86863932184875,-0.045992043658770854,31536,0.029541015625,0.0001,0.2,1.2265807278454304,0.4849890470504761,-0.009058049516170286
1,1659,0,1369.5,2019328,45.0,0.47812655568122864,0.01877725,-15.318168172240258,-0.05650415187119506,31544,0.042724609375,0.0001,0.2,2.415353612974286,0.4559990167617798,-0.011219380749025731
1,1360,0,1365.0,2019840,45.0,0.24124009907245636,0.034521446,-16.382027189582587,-0.045506997797929216,31552,0.041015625,0.0001,0.2,0.8051109032239765,0.6991622149944305,-0.00745743381412467
1,1036,0,1309.0,2020352,45.0,0.806542158126831,0.006796717,-16.570816445946694,-0.04851494653485133,31560,0.031005859375,0.0001,0.2,3.74061874859035,0.532447338104248,-0.00591006582180853
1,1668,0,1391.0,2020864,45.0,1.4451099634170532,0.0074255792,-17.02710332110524,-0.04418765519585577,31568,0.031494140625,0.0001,0.2,4.524597471579909,0.5315569043159485,-0.007998807588592172
1,1692,0,1458.0,2021376,45.0,0.4834400415420532,0.0012811143,-16.391409247666598,-0.03176232175428595,31576,0.015380859375,0.0001,0.2,3.2248816885985434,0.4488353133201599,-0.003728126435817103
1,1835,0,1478.0,2021888,45.0,0.5187246203422546,0.009097474,-15.331333132982254,-0.051327737604879076,31584,0.023193359375,0.0001,0.2,3.5519615882076323,0.43790215253829956,-0.00874782349637826
1,1910,0,1494.0,2022400,45.0,0.7274370193481445,0.008636681,-14.509685515016317,-0.054418785559391836,31592,0.03173828125,0.0001,0.2,2.83304338529706,0.3844141960144043,-0.009755707114891266
1,1785,0,1447.0,2022912,45.0,0.9712991714477539,0.013242125,-13.873745507821441,-0.04125178521462658,31600,0.031494140625,0.0001,0.2,4.3248761193826795,0.4341432452201843,-0.008819627793855034
1,1784,0,1376.0,2023424,45.0,1.7548253536224365,0.0046619857,-13.31236382625997,-0.027434537776571233,31608,0.01171875,0.0001,0.2,5.771323672495782,0.32982099056243896,-0.003935424680094002
1,1842,0,1348.5,2023936,45.0,1.5516283512115479,0.010111947,-12.718586790338158,-0.0486174780089641,31616,0.02001953125,0.0001,0.2,5.814958677627146,0.2374623417854309,-0.00683543219929561
1,1848,0,1311.5,2024448,45.0,1.702663540840149,0.0036531682,-12.116266372725368,-0.048996849925060815,31624,0.023193359375,0.0001,0.2,3.808525361120701,0.17008554935455322,-0.005825392277984065
1,1351,0,1300.0,2024960,45.0,1.3517374992370605,0.0031282338,-11.22859504789114,-0.035422252564785595,31632,0.02099609375,0.0001,0.2,4.196600782684982,0.16360080242156982,-0.006308674841420725
1,1847,0,1226.5,2025472,45.0,1.2484731674194336,0.0058998307,-10.80830697350204,-0.0501299666648265,31640,0.028076171875,0.0001,0.2,4.581992004998028,0.33592480421066284,-0.008489893338264665
1,1797,0,1177.5,2025984,45.0,0.8492555022239685,0.010051828,-10.562650346681476,-0.040680860001884867,31648,0.02392578125,0.0001,0.2,4.895367973484099,0.3230218291282654,-0.006380695573170669
1,1782,0,1121.0,2026496,45.0,1.1157301664352417,0.0099004675,-10.270479684472084,-0.043717601147363894,31656,0.034912109375,0.0001,0.2,3.189998272806406,0.026821434497833252,-0.013635476912895683
1,1725,0,1124.0,2027008,45.0,2.2880711555480957,0.0021927413,-10.514906156659126,-0.05201251112703176,31664,0.016845703125,0.0001,0.2,6.768924958538264,0.18214398622512817,-0.005265035029879073
1,1757,0,1118.5,2027520,45.0,0.6528507471084595,0.0016644457,-10.359002563357354,-0.03725936418049969,31672,0.010498046875,0.0001,0.2,5.159435602836311,0.05682653188705444,-0.005018147006921936
1,1737,0,1151.0,2028032,45.0,1.2157306671142578,0.009190029,-10.506632463261486,-0.02659673928428674,31680,0.019287109375,0.0001,0.2,3.468332292512059,0.24041831493377686,-0.007700761787418742
1,1904,0,1095.0,2028544,45.0,1.7621347904205322,0.007097256,-10.903899660483003,-0.056194830693129916,31688,0.017578125,0.0001,0.2,5.739713524468243,0.23780643939971924,-0.0013097682385705411
1,1812,0,1099.0,2029056,45.0,0.824339747428894,0.00429297,-11.675276707485319,-0.05428616873177816,31696,0.0302734375,0.0001,0.2,3.1939405845478177,-0.041303038597106934,-0.008591717811214039
1,2055,0,1082.0,2029568,45.0,0.5420376062393188,0.007524283,-12.313400216028095,-0.03165830594662111,31704,0.02392578125,0.0001,0.2,1.8385714667383581,0.2216162085533142,-0.005800245657155756
1,1774,0,1130.0,2030080,45.0,0.3419674038887024,0.0081363935,-13.11202545620501,-0.04824765271769138,31712,0.0361328125,0.0001,0.2,1.6092550796456635,0.2620807886123657,-0.009479603926592972
1,1789,0,1123.5,2030592,45.0,0.7463716268539429,0.016737713,-13.282679338157177,-0.04380947254321654,31720,0.0205078125,0.0001,0.2,4.330586194526404,0.13199537992477417,-0.0066145708042313345
1,1572,0,1219.5,2031104,45.0,0.8655035495758057,0.00483057,-14.124157880321144,-0.0626463754051656,31728,0.03076171875,0.0001,0.2,4.63856026250869,0.2609040141105652,-0.010025955985838664
1,1666,0,1261.5,2031616,45.0,3.4108834266662598,0.005745026,-13.980067261084914,-0.058932461572112516,31736,0.0263671875,0.0001,0.2,8.091420678421855,0.3073575496673584,-0.008511336738592945
1,1648,0,1278.5,2032128,45.0,0.6570442318916321,0.0036616563,-14.00226284071803,-0.03488451840530615,31744,0.010498046875,0.0001,0.2,3.774113235063851,-0.16856920719146729,-0.0040921248437371105
1,1684,0,1316.0,2032640,45.0,0.5795597434043884,0.009937752,-13.88264363348484,-0.04002732461412961,31752,0.02685546875,0.0001,0.2,3.005692971404642,0.47727280855178833,-0.007776122627547011
1,1816,0,1329.0,2033152,45.0,0.6420807242393494,0.0036607971,-13.28680212803185,-0.03258230578194343,31760,0.01416015625,0.0001,0.2,2.5494570615701377,0.5670123100280762,-0.004818588378839195
1,1769,0,1404.0,2033664,45.0,1.2245999574661255,0.0067489967,-13.065698786377906,-0.04033146096389828,31768,0.018310546875,0.0001,0.2,3.237139560515061,0.10430240631103516,-0.006603931113204453
1,1821,0,1439.5,2034176,45.0,0.6174964904785156,0.01299315,-12.480668999552726,-0.037946688115880534,31776,0.02685546875,0.0001,0.2,2.1772990443278104,0.3622129559516907,-0.006367101181240287
1,1310,0,1467.5,2034688,45.0,1.726558804512024,0.011833628,-12.415127846747637,-0.06135153618379263,31784,0.0341796875,0.0001,0.2,3.210834969067946,0.09830719232559204,-0.008717608827282675
1,1579,0,1539.0,2035200,45.0,1.0499141216278076,0.008730801,-12.356323634013533,-0.06734175935707754,31792,0.039306640625,0.0001,0.2,2.827220942126587,0.16634440422058105,-0.008280891284812242
1,1756,0,1513.0,2035712,45.0,1.0496262311935425,0.0061677354,-11.944298208355903,-0.07699416334799025,31800,0.033203125,0.0001,0.2,5.112352826632559,0.18237054347991943,-0.006840269048552727
1,1614,0,1509.0,2036224,45.0,0.5841583609580994,0.01848833,-12.68472828619182,-0.058512396539299516,31808,0.036376953125,0.0001,0.2,1.8612454356625676,0.37822049856185913,-0.011811369127826765
1,1624,0,1521.0,2036736,45.0,1.0147751569747925,0.0070419484,-12.877357319816946,-0.057491670253511984,31816,0.028076171875,0.0001,0.2,5.069600832648575,0.35151803493499756,-0.007005291332461638
1,1812,0,1472.5,2037248,45.0,2.8307790756225586,0.0039217146,-13.509032893627882,-0.08357168489601463,31824,0.02685546875,0.0001,0.2,8.708589777350426,0.18677067756652832,-0.008146244661475066
1,1872,0,1449.0,2037760,45.0,0.42092522978782654,0.008666834,-13.399557435140014,-0.0462615264877968,31832,0.03466796875,0.0001,0.2,2.395384578499943,0.07848340272903442,-0.00898886220966233
1,1710,0,1421.5,2038272,45.0,0.6136318445205688,0.00573129,-12.757491076365113,-0.044624718928389484,31840,0.017578125,0.0001,0.2,2.1986703786533326,0.3181580901145935,-0.005302933546772692
1,1346,0,1442.5,2038784,45.0,0.5814659595489502,0.007963046,-12.666976152732968,-0.047393451362950145,31848,0.020751953125,0.0001,0.2,2.5690747941844165,0.416495680809021,-0.007250605103763519
1,1804,0,1406.0,2039296,45.0,0.9515435099601746,0.009898536,-12.454096989035607,-0.06458716861925495,31856,0.0283203125,0.0001,0.2,2.8679391276091337,0.4365186095237732,-0.009861996193649247
1,1890,0,1303.5,2039808,45.0,0.3687782287597656,0.00607477,-12.609291659519076,-0.06650725490544573,31864,0.025634765625,0.0001,0.2,4.379799427930266,0.682745486497879,-0.008614198515715543
1,1676,0,1275.5,2040320,45.0,1.9707640409469604,0.013246442,-12.225023572444917,-0.05163878602616023,31872,0.03466796875,0.0001,0.2,3.3324711876921356,0.34456318616867065,-0.013193524860980688
1,1729,0,1175.5,2040832,45.0,0.6265740990638733,0.0054908684,-12.136027586832643,-0.0882617157039931,31880,0.03173828125,0.0001,0.2,2.997760133817792,0.6314921975135803,-0.007966546574607491
1,1772,0,1165.0,2041344,45.0,0.6480496525764465,0.19416675,-11.860454717874527,-0.14016218230244704,31888,0.115478515625,0.0001,0.2,2.7255210601724684,0.4130597710609436,-0.00979116542293923
1,1694,0,1101.0,2041856,45.0,81.46955108642578,0.010171359,-18.70790019914508,-0.4016420857515186,31896,0.19287109375,0.0001,0.2,230.47461140155792,-0.1894146203994751,-0.012328156080911867
1,1781,0,1104.5,2042368,45.0,27.592529296875,0.015271909,-24.832418017312886,-0.3775508679682389,31904,0.193603515625,0.0001,0.2,155.77541121840477,0.24379855394363403,-0.014210444991476834
1,1570,0,1077.0,2042880,45.0,26.978069305419922,0.011706207,-29.832786712870003,-0.36476366757415235,31912,0.232421875,0.0001,0.2,84.15186154842377,0.39635175466537476,-0.01625006574613508
1,1534,0,1135.0,2043392,45.0,29.367639541625977,0.019288778,-33.4324585967511,-0.25045021140249446,31920,0.139892578125,0.0001,0.2,65.8024397790432,0.35130465030670166,-0.01896959144505672
1,1521,0,1185.0,2043904,45.0,10.449838638305664,0.058130495,-35.13535658039152,-0.1466549470787868,31928,0.0673828125,0.0001,0.2,26.063614644110203,0.6520183384418488,-0.018666485375433695
1,1694,0,1251.0,2044416,45.0,8.792304039001465,0.005761142,-34.907445662468675,-0.08753445264301263,31936,0.02294921875,0.0001,0.2,13.433325810357928,0.5973852574825287,-0.008807875186903402
1,1525,0,1239.5,2044928,45.0,1.5033276081085205,0.008165777,-35.66941898941994,-0.08376574185967911,31944,0.033203125,0.0001,0.2,8.779783302918077,0.5255000591278076,-0.00906182896142127
1,1548,0,1351.0,2045440,45.0,2.051741600036621,0.009666252,-36.47249857030809,-0.12606050036265515,31952,0.044921875,0.0001,0.2,5.918571257963777,0.08990806341171265,-0.012130855488067027
1,1737,0,1440.5,2045952,45.0,1.6298155784606934,0.0080342665,-35.79089149929583,-0.09707438226178056,31960,0.027587890625,0.0001,0.2,6.8185769114643335,0.17831659317016602,-0.010527337348321453
1,1727,0,1432.0,2046464,45.0,2.713998317718506,0.01773016,-30.727545591816305,-0.0926603135667392,31968,0.05126953125,0.0001,0.2,6.714388996362686,-0.1561133861541748,-0.01345316934020957
1,1643,0,1449.5,2046976,45.0,2.948178768157959,0.007336633,-26.976216322332622,-0.07844194804056315,31976,0.037109375,0.0001,0.2,9.283516507595778,0.08924859762191772,-0.01230949525051983
1,1734,0,1439.0,2047488,45.0,3.6890664100646973,0.010701289,-23.8179202824831,-0.0852959831681801,31984,0.045166015625,0.0001,0.2,10.831160867586732,0.19622790813446045,-0.009772355362656526
1,1295,0,1362.5,2048000,45.0,2.029587984085083,0.0057434198,-21.153112783133984,-0.10090392749407329,31992,0.045654296875,0.0001,0.2,7.822491463273764,0.16871380805969238,-0.010199171862041112
