raw/gen/time/total_timesteps,raw/gen/time/fps,raw/gen/rollout/ep_rew_mean,raw/gen/time/time_elapsed,raw/gen/time/iterations,raw/gen/rollout/ep_len_mean,raw/gen/train/loss,raw/gen/train/learning_rate,raw/gen/train/n_updates,raw/gen/train/policy_gradient_loss,raw/gen/train/entropy_loss,raw/gen/train/value_loss,raw/gen/train/explained_variance,raw/gen/train/clip_range,raw/gen/train/approx_kl,raw/gen/rollout/ep_rew_wrapped_mean,raw/gen/train/clip_fraction
512,2017,-495.4545593261719,0,1,45.0,,,,,,,,,,,
1024,2263,-534.0908813476562,0,1,45.0,-0.02938944846391678,0.0001,8,-0.015858577462495305,-1.6071301633492112,0.04097889017430134,0.12067681550979614,0.2,0.006618077,2.1918891448188913,0.019775390625
1536,1791,-398.5294189453125,0,1,45.0,0.03557200729846954,0.0001,16,-0.018029259117611218,-1.598172596655786,0.5602682130411267,-0.3416140079498291,0.2,0.013489276,-2.087386109527539,0.046630859375
2048,2124,-416.6666564941406,0,1,45.0,0.3929905891418457,0.0001,24,-0.0063424875916098244,-1.5836274549365044,3.291257237549871,0.21330589056015015,0.2,0.004910231,-6.894095653065426,0.001708984375
2560,1860,-450.8928527832031,0,1,45.0,1.64690101146698,0.0001,32,-0.002183542208513245,-1.5774914491921663,10.391067462041974,0.3676624894142151,0.2,0.00090450095,-12.067920245023238,0.0
3072,1788,-422.79412841796875,0,1,45.0,9.064756393432617,0.0001,40,-0.0014584118616767228,-1.5690164621919394,33.332889284938574,0.516296774148941,0.2,0.0001803973,-18.0066808099925,0.0
3584,1446,-429.746826171875,0,1,45.0,22.554933547973633,0.0001,48,-0.0008800391806289554,-1.5715383002534509,89.51428185403347,0.3952469825744629,0.2,5.2827178e-05,-24.878619735704405,0.0
4096,1969,-410.4395751953125,0,1,45.0,119.54058074951172,0.0001,56,-0.0005969418580207275,-1.573276435956359,247.04213225841522,0.1314905881881714,0.2,1.4990219e-05,-32.50722973932854,0.0
4608,1963,-435.0,0,1,45.0,124.26557159423828,0.0001,64,-0.00027381021209293976,-1.5707836225628853,375.962819814682,0.058010756969451904,0.2,8.888077e-06,-40.63819065262246,0.0
5120,2016,-440.0,0,1,45.0,207.0554962158203,0.0001,72,-0.00015696043192292564,-1.5742258476093411,456.2022531032562,0.02677386999130249,0.2,2.3114262e-06,-48.38416057366878,0.0
5632,2247,-451.5,0,1,45.0,208.70346069335938,0.0001,80,-9.692217281553894e-05,-1.5748584363609552,443.4308695793152,0.0175321102142334,0.2,1.2185192e-06,-60.21170316599309,0.0
6144,2120,-467.0,0,1,45.0,178.59329223632812,0.0001,88,-0.00021149772146600299,-1.580649352632463,409.79577898979187,0.0034216642379760742,0.2,4.3821055e-06,-71.24607844769955,0.0
6656,1968,-468.0,0,1,45.0,173.87493896484375,0.0001,96,-0.0002964733212138526,-1.5745856426656246,403.2354391813278,0.0006895065307617188,0.2,8.291798e-06,-80.3018366949074,0.0
7168,1961,-479.0,0,1,45.0,107.71708679199219,0.0001,104,-0.0006628659684793092,-1.572045967914164,314.2057526111603,-0.0016429424285888672,0.2,2.4222303e-05,-86.99782273283228,0.0
7680,2204,-480.0,0,1,45.0,147.83677673339844,0.0001,112,-0.0005890840257052332,-1.5737713929265738,363.99214029312134,-0.0017497539520263672,0.2,2.7929782e-05,-92.47883878483437,0.0
8192,1901,-479.0,0,1,45.0,194.1563720703125,0.0001,120,-0.0003556033843779005,-1.5801260201260448,378.2892361879349,-0.0010080337524414062,0.2,7.866067e-06,-96.69641465935857,0.0
8704,1858,-481.0,0,1,45.0,171.97523498535156,0.0001,128,-0.001562023717269767,-1.5717085199430585,383.1662836074829,-0.0012350082397460938,0.2,0.00011610112,-96.73328173458576,0.0
9216,1329,-448.0,0,1,45.0,90.94999694824219,0.0001,136,-0.002893082710215822,-1.5684218984097242,336.475035071373,-0.0012331008911132812,0.2,0.00034216838,-95.02634806171059,0.0
9728,2188,-441.5,0,1,45.0,186.38853454589844,0.0001,144,-0.0019126184342894703,-1.56402594037354,459.1362156867981,-9.417533874511719e-05,0.2,0.00011381833,-94.95486906183417,0.0
10240,2238,-444.5,0,1,45.0,241.49061584472656,0.0001,152,-0.00032831254065968096,-1.5758982729166746,618.4956250190735,0.00023090839385986328,0.2,6.6129724e-06,-98.02492563297507,0.0
10752,1993,-430.0,0,1,45.0,314.1999816894531,0.0001,160,-0.00022472631826531142,-1.5794640136882663,693.7415006160736,0.0004610419273376465,0.2,4.6141213e-06,-101.45677035247441,0.0
11264,1892,-423.5,0,1,45.0,240.7516632080078,0.0001,168,-0.00046624004608020186,-1.5685416627675295,554.4410643577576,-0.00021779537200927734,0.2,3.2361946e-05,-104.10362202338176,0.0
11776,2081,-421.5,0,1,45.0,293.95501708984375,0.0001,176,-0.0007869685578043573,-1.5708061046898365,709.1230347156525,0.000334322452545166,0.2,3.962929e-05,-109.87357374461601,0.0
12288,2133,-416.0,0,1,45.0,350.8331298828125,0.0001,184,-0.0005843811959493905,-1.5751668754965067,700.6468760967255,0.0005963444709777832,0.2,1.7541344e-05,-115.30389665545198,0.0
12800,1880,-414.0,0,1,45.0,114.24197387695312,0.0001,192,-0.0012026523909298703,-1.5766036994755268,345.175577044487,-0.0001500844955444336,0.2,5.6392862e-05,-117.31503558431984,0.0
13312,1878,-412.5,0,1,45.0,111.53716278076172,0.0001,200,-0.002718183066463098,-1.5685954578220844,280.0642554759979,7.94529914855957e-05,0.2,0.00043264695,-118.66798620143207,0.0
13824,2147,-452.5,0,1,45.0,218.0400390625,0.0001,208,-0.0016000069335859735,-1.5658456180244684,558.930148601532,0.0005519986152648926,0.2,0.00013372989,-125.17968085528584,0.0
14336,2276,-454.0,0,1,45.0,122.85009002685547,0.0001,216,-0.001314652541623218,-1.5798386353999376,308.4133529663086,0.0006545782089233398,0.2,0.00012173178,-125.19042923798551,0.0
14848,1595,-456.0,0,1,45.0,76.21977996826172,0.0001,224,-0.002343656578887021,-1.5809246571734548,220.74878478050232,3.248453140258789e-05,0.2,0.00025563175,-122.70333250131225,0.0
15360,2299,-459.5,0,1,45.0,90.18505096435547,0.0001,232,-0.005441185559902806,-1.57394477725029,190.7789230942726,-7.414817810058594e-05,0.2,0.0010528922,-118.05614524132339,0.0
15872,1902,-468.5,0,1,45.0,140.01004028320312,0.0001,240,-0.0027101334708277136,-1.5770942149683833,299.5738651752472,-0.0001513957977294922,0.2,0.00029765116,-115.38965138268424,0.0
16384,2218,-464.5,0,1,45.0,142.38221740722656,0.0001,248,-0.003706662177137332,-1.5620743101462722,282.903843998909,-0.00013816356658935547,0.2,0.00071790954,-111.7582381423167,0.0
16896,1974,-474.0,0,1,45.0,151.4467315673828,0.0001,256,-0.002510163678380195,-1.5708305956795812,380.02904510498047,-0.00016498565673828125,0.2,0.00019453093,-109.16084870288381,0.0
17408,1792,-478.0,0,1,45.0,192.84088134765625,0.0001,264,-0.0024308634019689634,-1.5590185150504112,465.3676424026489,-8.273124694824219e-05,0.2,0.0003864253,-110.87162261861842,0.0
17920,1898,-478.5,0,1,45.0,237.24327087402344,0.0001,272,-0.0019560356304282323,-1.5603516502305865,493.51601934432983,-9.918212890625e-05,0.2,0.00027459476,-111.69563249982428,0.0
18432,2212,-464.0,0,1,45.0,266.3317565917969,0.0001,280,-0.0013647996966028586,-1.5256891595199704,523.1089451313019,-8.237361907958984e-05,0.2,0.00014562916,-111.55154303541174,0.0
18944,2191,-463.0,0,1,45.0,304.5377502441406,0.0001,288,-0.001236227159097325,-1.5494485395029187,660.8612079620361,-9.524822235107422e-05,0.2,8.283835e-05,-114.40662114382489,0.0
19456,2108,-462.0,0,1,45.0,399.6730041503906,0.0001,296,-0.0006853876730019692,-1.559266454540193,794.0396332740784,-4.363059997558594e-05,0.2,3.986829e-05,-118.95868446906796,0.0
19968,2190,-467.5,0,1,45.0,253.96517944335938,0.0001,304,-0.003152188546664547,-1.5449019689112902,633.6112818717957,-5.8770179748535156e-05,0.2,0.0007320136,-124.46775177583797,0.0
20480,2056,-452.5,0,1,45.0,180.67413330078125,0.0001,312,-0.0008710093643458094,-1.5336226634681225,482.1812701225281,-5.1140785217285156e-05,0.2,9.02107e-05,-127.84048111102894,0.0
20992,1636,-471.5,0,1,45.0,152.48907470703125,0.0001,320,-0.0071768776360841,-1.4951064120978117,338.52237355709076,-7.677078247070312e-05,0.2,0.003433722,-129.17747766722343,0.0
21504,2233,-472.0,0,1,45.0,135.08255004882812,0.0001,328,-0.01050611947721336,-1.4744944358244538,273.53880405426025,-9.119510650634766e-05,0.2,0.0064591104,-130.83030324323684,0.00634765625
22016,1990,-458.0,0,1,45.0,79.44599914550781,0.0001,336,-0.002395291205175454,-1.4563468527048826,236.11697220802307,-5.7220458984375e-05,0.2,0.0009890172,-129.47359564356623,0.0
22528,2479,-474.5,0,1,45.0,48.36003494262695,0.0001,344,-0.014423691682168283,-1.3512231959030032,108.5123941898346,-9.739398956298828e-05,0.2,0.020248892,-123.51979382330668,0.125
23040,2076,-489.5,0,1,45.0,45.0119743347168,0.0001,352,-0.013200642730225809,-1.378857840783894,113.93390610814095,-8.0108642578125e-05,0.2,0.016238071,-119.36392001318629,0.08984375
23552,2283,-480.0,0,1,45.0,61.02659225463867,0.0001,360,-0.0173268984653987,-1.0996090238913894,100.58404266834259,-9.59634780883789e-05,0.2,0.025277829,-111.02668619337375,0.22998046875
24064,2164,-478.0,0,1,45.0,64.9223861694336,0.0001,368,-0.012858698937634472,-1.1003656955435872,93.03180602192879,-6.29425048828125e-05,0.2,0.0113421045,-101.84167571158963,0.267578125
24576,2035,-458.0,0,1,45.0,32.822509765625,0.0001,376,-0.012562720752612222,-0.9739883663132787,62.97495658695698,-3.4689903259277344e-05,0.2,0.014162565,-94.95437522936496,0.239013671875
25088,1706,-444.5,0,1,45.0,10.224675178527832,0.0001,384,-0.013314122545125429,-0.9227805742993951,31.199506789445877,-7.152557373046875e-06,0.2,0.013014713,-87.92066880432888,0.141845703125
25600,1477,-421.5,0,1,45.0,13.80881118774414,0.0001,392,-0.014624692339566536,-0.7430398878641427,35.85712065547705,-1.537799835205078e-05,0.2,0.013336919,-83.63389364922419,0.087890625
26112,2040,-424.5,0,1,45.0,38.23676300048828,0.0001,400,-0.019087097607553005,-0.7512894431129098,57.62211658060551,3.039836883544922e-05,0.2,0.010128967,-78.11292094319127,0.12841796875
26624,2052,-402.5,0,1,45.0,10.006778717041016,0.0001,408,-0.011748959201213438,-0.651125420583412,18.16963652893901,2.9742717742919922e-05,0.2,0.029745743,-75.20667097708676,0.084716796875
27136,1796,-361.0,0,1,45.0,10.521637916564941,0.0001,416,-0.009088540347875096,-0.5554576017893851,26.891259126365185,9.757280349731445e-05,0.2,0.0075066206,-73.01170549274364,0.072509765625
27648,2097,-350.5,0,1,45.0,23.233381271362305,0.0001,424,-0.0063639847649028525,-0.5561063103377819,33.851388320326805,0.00016105175018310547,0.2,0.011356141,-72.59366160578037,0.0712890625
28160,2097,-342.0,0,1,45.0,17.699134826660156,0.0001,432,-0.012036943582643289,-0.6919065951369703,37.99127072095871,0.00041043758392333984,0.2,0.013399693,-71.83717558463977,0.081298828125
28672,2173,-352.5,0,1,45.0,3.5717334747314453,0.0001,440,-0.011489064680063166,-0.7195257158018649,21.6326222717762,-0.002129673957824707,0.2,0.005061766,-69.20073293122405,0.059814453125
29184,2068,-332.0,0,1,45.0,5.320664405822754,0.0001,448,-0.008855365282215644,-0.7247404586523771,24.21481015533209,0.20792555809020996,0.2,0.0043249815,-65.41732894240354,0.04052734375
29696,2302,-329.5,0,1,45.0,6.440984725952148,0.0001,456,-0.012325185423833318,-0.7703117462806404,20.2223118878901,-0.015018343925476074,0.2,0.009983575,-60.72877527021279,0.05517578125
30208,2341,-327.0,0,1,45.0,12.085858345031738,0.0001,464,-0.008390689770749304,-0.7370385210961103,25.05720615014434,0.38469672203063965,0.2,0.0053629186,-56.167076167705815,0.0439453125
30720,1825,-328.5,0,1,45.0,7.348149299621582,0.0001,472,-0.011685509800372529,-0.7783100507222116,21.56823419779539,0.31653445959091187,0.2,0.009293631,-50.65179919102171,0.060791015625
31232,2549,-355.5,0,1,45.0,7.1472625732421875,0.0001,480,-0.00419320280343527,-0.7704961784183979,17.496606167405844,-0.07398366928100586,0.2,0.006314787,-45.16363265181833,0.016845703125
31744,2796,-392.5,0,1,45.0,3.55830454826355,0.0001,488,-0.0062134121981216595,-0.7695150449872017,14.184481393545866,0.05316781997680664,0.2,0.004131794,-39.28063293794636,0.017333984375
32256,2612,-373.0,0,1,45.0,2.6767261028289795,0.0001,496,-0.007768952695187181,-0.776237138081342,9.158391688019037,-0.11451661586761475,0.2,0.011625133,-32.544685319648124,0.0791015625
32768,2613,-390.0,0,1,45.0,2.158898115158081,0.0001,504,-0.008142248869262403,-0.7694708607159555,5.6385569758713245,-0.24168884754180908,0.2,0.014280783,-28.61654944597278,0.03955078125
33280,2565,-397.0,0,1,45.0,1.1108112335205078,0.0001,512,-0.012621428882994223,-0.7333300486207008,3.7598853250965476,-0.04054522514343262,0.2,0.016170254,-26.124929796920625,0.125
33792,2405,-411.0,0,1,45.0,0.8466731905937195,0.0001,520,-0.012138556892750785,-0.6802514102309942,2.3833567379042506,-0.10151851177215576,0.2,0.015445632,-24.05916550378082,0.13134765625
34304,2753,-420.5,0,1,45.0,0.2508380115032196,0.0001,528,-0.01581995594096952,-0.6225839648395777,2.15427554724738,0.2815929055213928,0.2,0.01285537,-23.358941339205487,0.15478515625
34816,2648,-431.0,0,1,45.0,0.060420453548431396,0.0001,536,-0.03714469791157171,-0.39242466702125967,0.521942859981209,-0.38831067085266113,0.2,0.08011964,-23.511424430393962,0.2509765625
35328,2767,-435.5,0,1,45.0,0.5527186989784241,0.0001,544,-0.010219060375675326,-0.30581409321166575,0.8614583887392655,0.213944673538208,0.2,0.0040653963,-24.960112321781345,0.056884765625
35840,2927,-435.5,0,1,45.0,1.1455103158950806,0.0001,552,-0.005015126931539271,-0.2547005150699988,2.7873246809467673,0.19255465269088745,0.2,0.000993386,-27.559452794766404,0.015625
36352,2722,-433.5,0,1,45.0,2.8490688800811768,0.0001,560,-0.0016880759794730693,-0.2526409192942083,6.3696754444390535,0.08876579999923706,0.2,0.0008546385,-31.665000350414193,0.02490234375
36864,2739,-411.0,0,1,45.0,4.110159397125244,0.0001,568,-0.0026966537079715636,-0.2585733236046508,13.542054396122694,0.13510358333587646,0.2,0.0020213039,-36.448564723499004,0.025146484375
37376,2882,-443.5,0,1,45.0,9.267619132995605,0.0001,576,-0.0008785574609646574,-0.2514720447361469,28.554461903870106,0.20284485816955566,0.2,0.000740019,-42.64111000063771,0.00146484375
37888,2562,-442.5,0,1,45.0,11.431999206542969,0.0001,584,-0.002157690512831323,-0.2014378283638507,38.126963913440704,0.04868060350418091,0.2,0.0014526655,-49.95749188596324,0.012939453125
38400,2449,-398.5,0,1,45.0,15.520893096923828,0.0001,592,-0.0017364711966365576,-0.22733048407826573,53.79944157600403,0.18085628747940063,0.2,0.00019670709,-56.34128567421751,0.002685546875
38912,2756,-394.5,0,1,45.0,23.906949996948242,0.0001,600,-0.0005447146686492488,-0.2332243014825508,84.97389620542526,0.3815768361091614,0.2,7.0738606e-05,-63.71045810516225,0.0
39424,2571,-388.0,0,1,45.0,19.88120460510254,0.0001,608,-0.002124115162587259,-0.2084948733681813,122.17663741111755,0.3957740068435669,0.2,0.0007202949,-71.76152579870308,0.003662109375
39936,2700,-362.5,0,1,45.0,66.61106872558594,0.0001,616,-0.0007009618639131077,-0.24147815711330622,154.58189421892166,0.4996662139892578,0.2,6.164308e-05,-79.84959120998391,0.0
40448,2677,-362.5,0,1,45.0,79.9898910522461,0.0001,624,-0.006474320915003773,-0.23923472908791155,228.19168156385422,0.3062015771865845,0.2,0.001068674,-86.73198851919034,0.009521484375
40960,2663,-362.5,0,1,45.0,65.01517486572266,0.0001,632,-0.00010416447912575677,-0.2107735382160172,193.78170347213745,0.44703400135040283,0.2,1.1783326e-05,-93.81804049726809,0.0
41472,2695,-386.5,0,1,45.0,55.05729675292969,0.0001,640,-0.0024807623922242783,-0.2452775260899216,164.10020089149475,0.2707068920135498,0.2,0.00045770896,-99.824683633768,0.00341796875
41984,2773,-386.5,0,1,45.0,34.7127685546875,0.0001,648,-0.0015106894352356903,-0.23950811091344804,132.9107260107994,0.20917946100234985,0.2,0.0002821798,-104.19212258966174,0.0
42496,2503,-377.0,0,1,45.0,42.78990173339844,0.0001,656,-0.000984614307526499,-0.2265413257991895,110.51037621498108,0.24248510599136353,0.2,0.00024405727,-107.09915271577891,0.00048828125
43008,2384,-365.5,0,1,45.0,27.393413543701172,0.0001,664,-0.009983768075471744,-0.28263277921359986,96.14010998606682,0.27760493755340576,0.2,0.0022605993,-107.30214167102706,0.020263671875
43520,2617,-363.0,0,1,45.0,34.70259094238281,0.0001,672,-0.009865918516879901,-0.31653129414189607,100.79617437720299,0.4028136730194092,0.2,0.0019076704,-106.68902894853615,0.02197265625
44032,2534,-373.5,0,1,45.0,31.9580020904541,0.0001,680,-0.007095105196640361,-0.30267589853610843,72.18429026007652,0.6022666394710541,0.2,0.0015396214,-105.41965736270882,0.02197265625
44544,2759,-372.5,0,1,45.0,18.407014846801758,0.0001,688,-0.005381856542953756,-0.3246157079702243,54.40370547771454,0.6227605640888214,0.2,0.0015241739,-104.0210428551538,0.0263671875
45056,2589,-354.0,0,1,45.0,25.75735855102539,0.0001,696,-0.005986347881844267,-0.3271481916308403,64.11397330462933,0.5328660011291504,0.2,0.0010519502,-102.4174331324501,0.012451171875
45568,2405,-359.0,0,1,45.0,34.649330139160156,0.0001,704,-0.0035127470473526046,-0.3372094100341201,76.9265948832035,0.30426210165023804,0.2,0.00062054873,-99.81312564888503,0.002197265625
46080,2557,-352.0,0,1,45.0,18.461654663085938,0.0001,712,-0.010378060902439756,-0.384908702224493,61.30147834867239,0.09232306480407715,0.2,0.0028441357,-98.19507186024916,0.0556640625
46592,2467,-313.0,0,1,45.0,7.845264911651611,0.0001,720,-0.00872609540965641,-0.4216832653619349,48.52381972968578,0.5408870279788971,0.2,0.0041223415,-94.64242883739061,0.058837890625
47104,2338,-319.5,0,1,45.0,25.859630584716797,0.0001,728,-0.013662565921549685,-0.4657976068556309,84.22917839884758,0.5601239204406738,0.2,0.0044130534,-92.32591660315637,0.07568359375
47616,2240,-344.0,0,1,45.0,21.52408218383789,0.0001,736,-0.004925937852021889,-0.5116312589962035,92.75663570314646,0.5713381171226501,0.2,0.0019683158,-90.81415149573702,0.008544921875
48128,2379,-324.5,0,1,45.0,46.8578987121582,0.0001,744,-0.009801647258427693,-0.5466071011032909,124.07466641068459,0.3988687992095947,0.2,0.0043181004,-88.69754680653568,0.04541015625
48640,2364,-333.5,0,1,45.0,15.41284465789795,0.0001,752,-0.016118739105877466,-0.5567389945499599,40.98085821419954,0.6133541166782379,0.2,0.006844273,-86.98642761379946,0.1044921875
49152,2221,-332.0,0,1,45.0,26.058338165283203,0.0001,760,-0.013100119451337378,-0.5946610732935369,43.294428491964936,0.5322027206420898,0.2,0.012697596,-85.07285626625642,0.179931640625
49664,2114,-339.0,0,1,45.0,45.31256866455078,0.0001,768,-0.008673237949551549,-0.6434835521504283,71.07290945202112,0.6522505581378937,0.2,0.0141870715,-81.90120396643877,0.165771484375
50176,2067,-306.0,0,1,45.0,31.93311882019043,0.0001,776,-0.013941126482677646,-0.6353772529400885,107.36261206120253,0.5609539747238159,0.2,0.013268389,-78.1275721534621,0.133544921875
50688,2023,-277.5,0,1,45.0,19.69021224975586,0.0001,784,-0.01300052304941346,-0.647092985920608,116.30650228261948,0.6778349280357361,0.2,0.010864193,-73.09856713058427,0.04833984375
51200,1502,-280.5,0,1,45.0,10.999750137329102,0.0001,792,-0.008714923002116848,-0.606980777811259,54.560322269797325,0.8601773530244827,0.2,0.009108601,-68.77631059712265,0.030029296875
51712,1898,-278.0,0,1,45.0,48.475860595703125,0.0001,800,-0.007568827524664812,-0.5372860620263964,104.80327412486076,0.66776242852211,0.2,0.007046639,-65.50445646861569,0.045654296875
52224,1923,-292.0,0,1,45.0,51.379905700683594,0.0001,808,-0.007006083658779971,-0.5820465167053044,122.59521010518074,0.40716564655303955,0.2,0.004613265,-63.00886395220645,0.02294921875
52736,1935,-305.5,0,1,45.0,34.851531982421875,0.0001,816,-0.016143920307513326,-0.45776309771463275,100.09437572956085,0.4891544580459595,0.2,0.0073783775,-60.8325826363638,0.06005859375
53248,1732,-282.0,0,1,45.0,21.258058547973633,0.0001,824,-0.015193437815469224,-0.5446441061794758,66.1845733821392,0.5800589621067047,0.2,0.010056233,-58.766598973348735,0.076171875
53760,1864,-253.5,0,1,45.0,12.995756149291992,0.0001,832,-0.01293515528232092,-0.4697617101483047,41.61225265264511,0.4072909355163574,0.2,0.0108115515,-56.825122853112404,0.0390625
54272,1829,-228.0,0,1,45.0,4.190505027770996,0.0001,840,-0.014827759870968293,-0.49951171036809683,20.801759034395218,-1.2894363403320312,0.2,0.01501226,-54.5525802958617,0.06787109375
54784,1360,-229.5,0,1,45.0,7.043198585510254,0.0001,848,-0.015922690654406324,-0.6053336136974394,27.975213430821896,0.15308016538619995,0.2,0.021838738,-55.21124111234676,0.12548828125
55296,1833,-234.0,0,1,45.0,7.286831378936768,0.0001,856,-0.014600805698137265,-0.6996541656553745,18.5679700858891,0.3937895894050598,0.2,0.01579852,-56.170413277060725,0.091796875
55808,1800,-244.5,0,1,45.0,9.319199562072754,0.0001,864,-0.014229598622478079,-0.6415801723487675,40.51672474294901,0.5467287600040436,0.2,0.006429458,-54.33777551990468,0.041015625
56320,1737,-238.5,0,1,45.0,21.851337432861328,0.0001,872,-0.014145403234579135,-0.6218370283022523,58.15724170207977,0.5490919649600983,0.2,0.0061300006,-54.8905584238423,0.050048828125
56832,2031,-237.0,0,1,45.0,9.14098072052002,0.0001,880,-0.011020286969142035,-0.6431056854780763,42.75233018398285,0.7187769412994385,0.2,0.0045047794,-54.525854186718355,0.037109375
57344,1981,-261.0,0,1,45.0,10.723027229309082,0.0001,888,-0.01916356183210155,-0.6125586349517107,59.259488351643085,0.35499751567840576,0.2,0.007097541,-52.008482130342166,0.080322265625
57856,1928,-266.0,0,1,45.0,10.214775085449219,0.0001,896,-0.010266645724186674,-0.6495733708143234,48.12260064482689,0.5872970223426819,0.2,0.0036798283,-49.125332171400075,0.049560546875
58368,1846,-291.5,0,1,45.0,13.0829439163208,0.0001,904,-0.013372780005738605,-0.6163959596306086,59.38880816847086,0.665644645690918,0.2,0.007431851,-46.85829347913153,0.05419921875
58880,1534,-336.0,0,1,45.0,37.281890869140625,0.0001,912,-0.010563486262981314,-0.6844843765720725,70.90805496275425,0.5932212769985199,0.2,0.004926747,-44.49763302243315,0.040771484375
59392,2177,-385.5,0,1,45.0,18.2314510345459,0.0001,920,-0.01748048105946509,-0.7006167904473841,51.19108860939741,0.5719313323497772,0.2,0.0057402924,-41.61073026335798,0.067626953125
59904,1614,-401.0,0,1,45.0,13.36962890625,0.0001,928,-0.013856346828106325,-0.6970405215397477,26.76460136473179,0.48036855459213257,0.2,0.009484818,-39.692939475467426,0.052734375
60416,2164,-411.0,0,1,45.0,26.83782958984375,0.0001,936,-0.017908431822434068,-0.6514061605557799,39.99012419395149,0.640279233455658,0.2,0.008547661,-39.36196263489313,0.07666015625
60928,2035,-458.5,0,1,45.0,2.6943464279174805,0.0001,944,-0.021490080471266992,-0.6714835283346474,15.05827167071402,0.6217073798179626,0.2,0.015806902,-38.324875689120965,0.1005859375
61440,2293,-468.5,0,1,45.0,15.054174423217773,0.0001,952,-0.018073578852636274,-0.7263258234597743,32.690112775191665,0.6744696795940399,0.2,0.008448143,-38.428690417530014,0.097900390625
61952,2420,-483.5,0,1,45.0,0.831007719039917,0.0001,960,-0.03219030358013697,-0.8061533011496067,3.710366810206324,0.6782812178134918,0.2,0.023035025,-39.858368596294895,0.332763671875
62464,2265,-489.0,0,1,45.0,0.30779674649238586,0.0001,968,-0.0272430408076616,-0.746212596539408,7.9340701615437865,0.8279243260622025,0.2,0.0132684065,-40.82643663204275,0.184326171875
62976,2441,-509.0,0,1,45.0,1.410974383354187,0.0001,976,-0.025671197479823604,-0.8341045659035444,11.170863691251725,-0.5621120929718018,0.2,0.029059835,-41.761991903539744,0.2900390625
63488,2191,-504.5,0,1,45.0,0.6602640151977539,0.0001,984,-0.031880279937468003,-0.8246247451752424,3.5921289674006402,0.48460888862609863,0.2,0.02076592,-41.05538135882933,0.51318359375
64000,2308,-506.5,0,1,45.0,2.187152147293091,0.0001,992,-0.04139328598830616,-0.8430239190347493,2.9884117166511714,0.5672480165958405,0.2,0.026072938,-41.298778937202876,0.44775390625
64512,2332,-511.0,0,1,45.0,0.766028106212616,0.0001,1000,-0.04412546578532783,-0.7721834387630224,1.9079602896235883,0.6188264787197113,0.2,0.025667889,-40.59655675076414,0.358154296875
65024,2545,-515.0,0,1,45.0,0.948323130607605,0.0001,1008,-0.03974657298022066,-0.6030832419637591,2.243479619268328,0.4694937467575073,0.2,0.05300913,-40.65395737553481,0.333740234375
65536,2214,-493.5,0,1,45.0,0.5339612364768982,0.0001,1016,-0.029281972922035493,-0.4322894890792668,1.772011593915522,0.6033073663711548,0.2,0.018089624,-40.71330965033267,0.148193359375
66048,2617,-499.5,0,1,45.0,1.242824912071228,0.0001,1024,-0.023437986259523313,-0.4988304013386369,3.909324277192354,0.33235710859298706,0.2,0.014792491,-40.24659728464205,0.1279296875
66560,2393,-472.5,0,1,45.0,2.0032103061676025,0.0001,1032,-0.00905393933862797,-0.3783766799606383,8.475851707160473,0.06035393476486206,0.2,0.0054977275,-41.716666430537586,0.05126953125
67072,1767,-479.5,0,1,45.0,6.16879940032959,0.0001,1040,-0.011229702962737065,-0.395089244004339,22.648592576384544,-0.20539987087249756,0.2,0.004330595,-43.8296887612855,0.0390625
67584,2654,-475.0,0,1,45.0,6.479544639587402,0.0001,1048,-0.01216967216168996,-0.393860638840124,32.368612952530384,-0.09375345706939697,0.2,0.0064739613,-47.35615652438719,0.06201171875
68096,2521,-462.5,0,1,45.0,14.815644264221191,0.0001,1056,-0.003961224632803351,-0.271918028825894,39.50959452241659,0.042870402336120605,0.2,0.0013546727,-51.72652303481475,0.00830078125
68608,2838,-477.0,0,1,45.0,13.033109664916992,0.0001,1064,-0.003680715584778227,-0.30822159023955464,46.32518298923969,0.031272828578948975,0.2,0.0021655736,-57.72852777477354,0.011474609375
69120,2298,-445.5,0,1,45.0,7.768558502197266,0.0001,1072,-0.0028657943184953183,-0.2372343665920198,58.08659164607525,0.08046305179595947,0.2,0.0007148619,-64.89335983567871,0.008056640625
69632,2465,-448.0,0,1,45.0,40.42745590209961,0.0001,1080,-0.002225399250164628,-0.34230016462970525,96.28900867700577,0.2968321442604065,0.2,0.0006089329,-69.20557828624733,0.001220703125
70144,2246,-438.5,0,1,45.0,9.76393985748291,0.0001,1088,-0.005147953525010962,-0.3284476585686207,64.67276568710804,0.25912195444107056,0.2,0.0013375634,-74.91706965267659,0.0029296875
70656,2147,-417.0,0,1,45.0,24.59145736694336,0.0001,1096,-0.003844524449959863,-0.36091773048974574,70.27142350375652,0.43639957904815674,0.2,0.0011960296,-78.57494214994833,0.00634765625
71168,2454,-416.0,0,1,45.0,27.161134719848633,0.0001,1104,-0.009279108438931871,-0.38156128162518144,71.05334278941154,0.5800575315952301,0.2,0.0025008097,-81.67232432112098,0.018310546875
71680,2440,-389.0,0,1,45.0,16.130674362182617,0.0001,1112,-0.0054029298917157575,-0.2773314967053011,69.14954014122486,0.5624437630176544,0.2,0.0011471804,-85.64383958631196,0.00439453125
72192,2238,-375.0,0,1,45.0,28.29756736755371,0.0001,1120,-0.010830210987478495,-0.31625950895249844,74.23406940698624,0.2657622694969177,0.2,0.0018699471,-87.15047020042316,0.01953125
72704,2417,-359.0,0,1,45.0,6.282225608825684,0.0001,1128,-0.004375437674752902,-0.3239922187058255,48.69478669017553,0.5243525207042694,0.2,0.0014946782,-88.40410445435904,0.00830078125
73216,2607,-353.0,0,1,45.0,5.953845500946045,0.0001,1136,-0.016761490136559587,-0.3232889745850116,26.14415866881609,0.12530910968780518,0.2,0.005867318,-88.7997520333156,0.041015625
73728,1883,-247.5,0,1,45.0,9.195223808288574,0.0001,1144,-0.015766785611049272,-0.2992328975815326,17.03862142842263,0.5445431470870972,0.2,0.0051927045,-87.16190803910605,0.036865234375
74240,2053,-174.0,0,1,45.0,51.2415885925293,0.0001,1152,-0.006270295889407862,-0.5217538240831345,57.41863175481558,0.5532581806182861,0.2,0.0035435557,-84.46422499770298,0.014892578125
74752,2061,-100.0,0,1,45.0,27.834383010864258,0.0001,1160,-0.013408653161604889,-0.4966088361106813,86.42694714665413,0.596608430147171,0.2,0.0051915813,-80.28636332525872,0.04052734375
75264,2162,-80.5,0,1,45.0,19.214160919189453,0.0001,1168,-0.017054645613825414,-0.46097859903238714,66.33493299782276,0.7253177464008331,0.2,0.004644051,-78.42365633306093,0.052978515625
75776,2073,-81.5,0,1,45.0,23.021703720092773,0.0001,1176,-0.013921576690336224,-0.4204681213013828,42.600441448390484,0.5734767913818359,0.2,0.0046857903,-76.88424202075228,0.042236328125
76288,1970,-43.5,0,1,45.0,10.655381202697754,0.0001,1184,-0.009119394788285717,-0.47675261297263205,37.9241913408041,0.6529445350170135,0.2,0.0040321173,-74.71401173086836,0.039306640625
76800,1922,-3.0,0,1,45.0,11.572664260864258,0.0001,1192,-0.012778385120327584,-0.5512815432157367,40.3050922639668,0.5871267318725586,0.2,0.002887225,-72.26880443724804,0.037841796875
77312,2259,22.0,0,1,45.0,14.114248275756836,0.0001,1200,-0.012029239755065646,-0.5187042739707977,40.82165554910898,0.535404771566391,0.2,0.0064357044,-70.48515080501325,0.04150390625
77824,2134,31.5,0,1,45.0,9.175713539123535,0.0001,1208,-0.024513917953299824,-0.46067309915088117,39.21637476980686,0.614643007516861,0.2,0.008745512,-68.46824866196141,0.132080078125
78336,1766,-33.5,0,1,45.0,6.34029483795166,0.0001,1216,-0.016373777914850507,-0.4979070024564862,21.35443837568164,0.7868465036153793,0.2,0.0058170115,-66.98699467734434,0.076171875
78848,1686,-37.5,0,1,45.0,32.097537994384766,0.0001,1224,-0.01115085529818316,-0.5642714367713779,54.792606472969055,0.6223473250865936,0.2,0.0055158255,-68.91359512822703,0.029052734375
79360,1928,-77.0,0,1,45.0,8.067012786865234,0.0001,1232,-0.009046124727319693,-0.6126843490637839,31.648168563842773,0.7120850086212158,0.2,0.004439449,-69.33671935719438,0.050048828125
79872,2061,-65.5,0,1,45.0,10.041298866271973,0.0001,1240,-0.012383864370349329,-0.5406241994351149,40.35144004970789,0.5911981761455536,0.2,0.003436331,-69.83371018307284,0.030029296875
80384,1847,-15.0,0,1,45.0,6.999044895172119,0.0001,1248,-0.018249918612127658,-0.5619457769207656,23.53315970301628,0.5693571865558624,0.2,0.009113483,-69.39117293003015,0.08935546875
80896,1892,-48.5,0,1,45.0,4.600823879241943,0.0001,1256,-0.01474723015417112,-0.6359391468577087,43.491204883903265,0.4580584168434143,0.2,0.0077389437,-67.66311232100242,0.07958984375
81408,1718,-26.0,0,1,45.0,11.580084800720215,0.0001,1264,-0.009686453766335035,-0.5800226323772222,34.78310130536556,0.13456201553344727,0.2,0.0043726945,-67.94428480481729,0.06689453125
81920,1749,-6.5,0,1,45.0,8.802051544189453,0.0001,1272,-0.017008538234222215,-0.6245390260592103,31.072353221476078,0.3996945023536682,0.2,0.0069821132,-67.18602107105777,0.114501953125
82432,1929,-32.0,0,1,45.0,9.766167640686035,0.0001,1280,-0.01869924178754445,-0.625678057782352,28.208519518375397,0.5131449997425079,0.2,0.007911612,-66.11133810446597,0.121826171875
82944,1414,-28.5,0,1,45.0,4.972805976867676,0.0001,1288,-0.011538176091562491,-0.650745659135282,18.699876073747873,0.33106881380081177,0.2,0.009398625,-65.29634173460305,0.071533203125
83456,1793,-33.5,0,1,45.0,13.061847686767578,0.0001,1296,-0.013398934457654832,-0.6410041395574808,34.91261575371027,0.6316318511962891,0.2,0.008602345,-64.23750340867788,0.064453125
83968,1758,-28.5,0,1,45.0,13.825414657592773,0.0001,1304,-0.012805447018763516,-0.5962891620583832,33.01817347481847,0.23008400201797485,0.2,0.007387314,-63.82188849260099,0.049072265625
84480,1930,-54.0,0,1,45.0,32.887168884277344,0.0001,1312,-0.01071797441545641,-0.6118714665062726,67.61377835273743,0.6602648198604584,0.2,0.00566535,-61.941766067286956,0.052001953125
84992,1961,-46.0,0,1,45.0,9.515362739562988,0.0001,1320,-0.020954233601514716,-0.6356849176809192,27.974503248929977,0.2911163568496704,0.2,0.014816742,-60.676822345601394,0.166748046875
85504,1869,-52.0,0,1,45.0,13.21281909942627,0.0001,1328,-0.017112936126068234,-0.6172717292793095,60.17574851214886,0.3465203046798706,0.2,0.010016769,-57.91981524272822,0.0908203125
86016,1685,-63.0,0,1,45.0,14.985227584838867,0.0001,1336,-0.01927561863340088,-0.6187875289469957,39.16885870695114,0.6054961681365967,0.2,0.016207032,-56.332636394491416,0.11083984375
86528,1329,-67.0,0,1,45.0,9.26939868927002,0.0001,1344,-0.017835835125879385,-0.5800062618218362,53.51366716623306,0.4455522894859314,0.2,0.008668682,-53.93576343229041,0.0908203125
87040,1852,-80.0,0,1,45.0,10.365549087524414,0.0001,1352,-0.02087993738678051,-0.6504388353787363,23.996466115117073,0.5520728528499603,0.2,0.017007552,-51.269065353851765,0.101806640625
87552,1900,-118.5,0,1,45.0,9.575176239013672,0.0001,1360,-0.013582745574240107,-0.7228309256024659,38.587495639920235,0.6221239566802979,0.2,0.008380568,-48.623337249998,0.048828125
88064,1710,-168.5,0,1,45.0,5.700416088104248,0.0001,1368,-0.017879404505947605,-0.7077588932588696,28.019248135387897,0.6550375521183014,0.2,0.01634765,-46.385064148958776,0.13232421875
88576,1641,-202.5,0,1,45.0,10.996094703674316,0.0001,1376,-0.015007996320491657,-0.7332416521385312,29.407846562564373,0.7310265004634857,0.2,0.008925799,-43.88393220236525,0.097900390625
89088,1930,-237.5,0,1,45.0,6.826186180114746,0.0001,1384,-0.020192486379528418,-0.7355936178937554,25.946787390857935,0.7950174063444138,0.2,0.012309693,-41.74416555140167,0.1015625
89600,1902,-273.5,0,1,45.0,7.417668342590332,0.0001,1392,-0.00869481086556334,-0.648409222252667,33.48338622972369,0.7482438683509827,0.2,0.0114012435,-38.92222272548825,0.0732421875
90112,1813,-268.5,0,1,45.0,7.262413024902344,0.0001,1400,-0.015735902787127998,-0.6412363853305578,30.223880499601364,0.670138031244278,0.2,0.008525725,-37.12594686258584,0.08740234375
90624,1470,-315.5,0,1,45.0,14.74734878540039,0.0001,1408,-0.00830777167720953,-0.6882777200080454,50.38381023705006,0.7321497797966003,0.2,0.0048798467,-35.85508822131902,0.0419921875
91136,1983,-341.0,0,1,45.0,11.880614280700684,0.0001,1416,-0.010381971813330892,-0.6332890251651406,49.12385034561157,0.702753335237503,0.2,0.0044367756,-34.323851643055676,0.026123046875
91648,1857,-346.0,0,1,45.0,11.704059600830078,0.0001,1424,-0.011193850743438816,-0.6254183701239526,40.142750058323145,0.7178669571876526,0.2,0.00859869,-34.23450332824141,0.038818359375
92160,1951,-342.5,0,1,45.0,23.571367263793945,0.0001,1432,-0.017030461320246104,-0.708422671072185,33.887875363230705,0.8233771920204163,0.2,0.00794436,-34.38203567299992,0.061767578125
92672,1870,-370.5,0,1,45.0,5.555972576141357,0.0001,1440,-0.015510671511947294,-0.6717493291944265,37.784463707357645,0.7435880601406097,0.2,0.0057924427,-35.87855087006464,0.052978515625
93184,2083,-371.0,0,1,45.0,2.7942264080047607,0.0001,1448,-0.02439826050249394,-0.7449978548102081,18.47301827557385,0.6803907454013824,0.2,0.012533838,-37.37686359355226,0.09130859375
93696,2116,-387.5,0,1,45.0,5.841522216796875,0.0001,1456,-0.018426677474053577,-0.6168310747016221,17.638330841436982,0.7277622222900391,0.2,0.009527262,-38.29942923802882,0.129150390625
94208,2030,-382.0,0,1,45.0,6.204710006713867,0.0001,1464,-0.012463142687920481,-0.6609910679981112,17.69183002319187,0.6312974393367767,0.2,0.015181154,-39.47834764074534,0.09521484375
94720,1652,-427.5,0,1,45.0,1.4231103658676147,0.0001,1472,-0.012721545761451125,-0.7186408834531903,11.805233111605048,0.7613124549388885,0.2,0.008635196,-41.3246266310662,0.069091796875
95232,1700,-429.5,0,1,45.0,1.06749427318573,0.0001,1480,-0.01897575651673833,-0.7815094478428364,10.259215014055371,0.7224733233451843,0.2,0.012321813,-42.261262681633234,0.09765625
95744,2281,-448.5,0,1,45.0,0.6325864195823669,0.0001,1488,-0.020076090084330644,-0.5305987258907408,3.3458091602660716,0.6501153111457825,0.2,0.013646759,-43.3381020630151,0.09716796875
96256,2083,-486.0,0,1,45.0,0.78623366355896,0.0001,1496,-0.0155350161367096,-0.62137720733881,2.241949941031635,0.7898755222558975,0.2,0.013673363,-44.2429846252501,0.11865234375
96768,2072,-477.0,0,1,45.0,1.3345787525177002,0.0001,1504,-0.018825765168003272,-0.7010355568490922,2.448265912476927,0.7595252245664597,0.2,0.008460404,-43.748865415900944,0.092041015625
97280,2141,-497.5,0,1,45.0,0.4173138737678528,0.0001,1512,-0.016036652763432357,-0.6271710928995162,1.809502951335162,0.6905967593193054,0.2,0.013565662,-43.99195486351848,0.109375
97792,2455,-497.5,0,1,45.0,0.4878948926925659,0.0001,1520,-0.021529307254240848,-0.6778097758069634,2.6191558241844177,0.6120029091835022,0.2,0.015324462,-43.010092431753876,0.135498046875
98304,2285,-507.0,0,1,45.0,0.19614733755588531,0.0001,1528,-0.013245584115793463,-0.547221542103216,1.2646895092912018,0.18902719020843506,0.2,0.010527018,-42.994542548507454,0.081298828125
98816,2268,-514.5,0,1,45.0,0.37947970628738403,0.0001,1536,-0.01124509210785618,-0.5960513199679554,0.9681978160515428,0.3608776330947876,0.2,0.010984566,-42.55640109866857,0.094970703125
99328,2223,-530.0,0,1,45.0,0.33835569024086,0.0001,1544,-0.013109412437188439,-0.6770892585627735,1.191349983215332,-0.2688276767730713,0.2,0.012796447,-41.97165916845202,0.114013671875
99840,2283,-540.5,0,1,45.0,0.3943984806537628,0.0001,1552,-0.011471435820567422,-0.716834292281419,1.2829975625500083,-0.5323399305343628,0.2,0.0061276746,-41.00885819815099,0.103759765625
100352,2599,-540.0,0,1,45.0,0.7820518612861633,0.0001,1560,-0.013633336857310496,-0.7280198778025806,2.7404625485651195,0.09263551235198975,0.2,0.009034487,-40.79971198499203,0.11962890625
100864,2130,-543.5,0,1,45.0,0.8061205148696899,0.0001,1568,-0.00960028990812134,-0.7150688930414617,3.1077782101929188,0.07484495639801025,0.2,0.01527872,-41.23360814973712,0.06787109375
101376,2226,-550.5,0,1,45.0,1.191389799118042,0.0001,1576,-0.01856179946116754,-0.7947993949055672,5.353376146405935,0.18917548656463623,0.2,0.007860603,-41.11564746014774,0.1630859375
101888,1993,-543.5,0,1,45.0,0.9102533459663391,0.0001,1584,-0.009831968232902,-0.735269873868674,4.762615862302482,0.2105887532234192,0.2,0.0052401964,-42.14054581582546,0.051025390625
102400,2201,-526.0,0,1,45.0,2.5379509925842285,0.0001,1592,-0.014222465462808032,-0.6978170680813491,7.488842003047466,0.46611207723617554,0.2,0.0074070506,-42.73121726265177,0.084716796875
102912,2482,-529.0,0,1,45.0,3.8221993446350098,0.0001,1600,-0.015710662242781837,-0.73436150373891,9.38545149937272,0.4713548421859741,0.2,0.007821754,-44.641890563275666,0.092041015625
103424,1832,-506.0,0,1,45.0,2.0340700149536133,0.0001,1608,-0.010144012434466276,-0.6964220050722361,8.975739801302552,0.3725789785385132,0.2,0.012387801,-46.77059269232675,0.052978515625
103936,1916,-487.0,0,1,45.0,4.152500629425049,0.0001,1616,-0.018983867375936825,-0.7156971655786037,12.011056371033192,0.1350187063217163,0.2,0.008447895,-48.817461213003845,0.078369140625
104448,1950,-472.5,0,1,45.0,0.8777329325675964,0.0001,1624,-0.011878390505444258,-0.6222607744857669,6.183040766976774,0.427540123462677,0.2,0.0073515316,-50.612463799621906,0.06005859375
104960,2013,-462.5,0,1,45.0,1.227342128753662,0.0001,1632,-0.013779583998257294,-0.5918687805533409,7.165009550750256,0.542332261800766,0.2,0.0135788,-52.229594123419375,0.0810546875
105472,1822,-435.0,0,1,45.0,0.43586432933807373,0.0001,1640,-0.016244453923718538,-0.548780923942104,4.324920845218003,0.10684692859649658,0.2,0.013536827,-52.84559193471446,0.103759765625
105984,2035,-415.0,0,1,45.0,0.5798686146736145,0.0001,1648,-0.01064198068343103,-0.5367720648646355,3.5455517703667283,0.4779292345046997,0.2,0.00736258,-53.53220132222399,0.066162109375
106496,1878,-403.0,0,1,45.0,2.034420967102051,0.0001,1656,-0.015853722441534046,-0.5094361952506006,6.5330316964536905,-0.06039440631866455,0.2,0.013301907,-53.39527203552425,0.094970703125
107008,1986,-420.5,0,1,45.0,2.815744400024414,0.0001,1664,-0.013397329028521199,-0.529299289220944,9.650867057964206,0.39594656229019165,0.2,0.008435576,-53.62205450005829,0.057373046875
107520,1670,-414.0,0,1,45.0,8.998096466064453,0.0001,1672,-0.01647261050675297,-0.5066424116957933,21.063270691782236,0.6431557834148407,0.2,0.011316104,-52.1936538951844,0.06982421875
108032,1998,-421.5,0,1,45.0,7.580574035644531,0.0001,1680,-0.0055789673497201875,-0.3481538575142622,25.30578664690256,0.7690130919218063,0.2,0.001772897,-48.900720416530966,0.008056640625
108544,1974,-438.0,0,1,45.0,7.193343639373779,0.0001,1688,-0.010092748350871261,-0.4150848218705505,26.172491796314716,0.7095881104469299,0.2,0.0034091244,-46.91230774911121,0.0185546875
109056,2215,-444.0,0,1,45.0,15.799649238586426,0.0001,1696,-0.011076128655986395,-0.4344928703503683,29.67997471243143,0.7439805269241333,0.2,0.0041096583,-44.80658191245049,0.02392578125
109568,2235,-448.0,0,1,45.0,14.821699142456055,0.0001,1704,-0.015020914463093504,-0.4102860775310546,30.06980659812689,0.7971662729978561,0.2,0.0077087246,-42.95044585831463,0.0595703125
110080,2136,-464.0,0,1,45.0,10.496060371398926,0.0001,1712,-0.015626977477950277,-0.3631731044733897,17.26455312781036,0.8119432032108307,0.2,0.008291023,-40.75538684479892,0.03662109375
110592,1886,-471.0,0,1,45.0,12.413838386535645,0.0001,1720,-0.01346737431231304,-0.42347351973876357,19.517442021518946,0.8476048707962036,0.2,0.0045586247,-39.64146115567535,0.030029296875
111104,1973,-482.5,0,1,45.0,4.240575313568115,0.0001,1728,-0.01366193813009886,-0.458741640439257,18.094059351831675,0.7732904553413391,0.2,0.0051874816,-39.54128803301602,0.031982421875
111616,2226,-496.5,0,1,45.0,28.92250633239746,0.0001,1736,-0.012782025776687078,-0.3648874806240201,28.151181884109974,0.6576546728610992,0.2,0.0054810303,-39.19573680073023,0.050537109375
112128,2376,-506.5,0,1,45.0,0.8821609020233154,0.0001,1744,-0.01422171134618111,-0.2339773544226773,4.837024104781449,0.8352250307798386,0.2,0.006505884,-40.23238936118781,0.06298828125
112640,1947,-517.0,0,1,45.0,1.2103699445724487,0.0001,1752,-0.005761471489677206,-0.2496087682666257,4.5163218369707465,0.6740162074565887,0.2,0.0055917404,-41.54960194438696,0.04736328125
113152,2481,-516.0,0,1,45.0,2.948359727859497,0.0001,1760,-0.014657913525297772,-0.3882820780854672,10.491273906081915,0.3725082278251648,0.2,0.0071628885,-42.6608516010642,0.07373046875
113664,2389,-512.0,0,1,45.0,1.3230005502700806,0.0001,1768,-0.013637778567499481,-0.2435082809533924,10.865421203896403,0.16402584314346313,0.2,0.0055907136,-43.57071571212262,0.03857421875
114176,1401,-517.0,0,1,45.0,15.04006576538086,0.0001,1776,-0.005216106921579922,-0.2953763511031866,23.463824555277824,0.48919469118118286,0.2,0.0031019305,-46.76535940665752,0.034423828125
114688,2180,-527.0,0,1,45.0,4.7716803550720215,0.0001,1784,-0.012951211443578359,-0.42976615531370044,20.59527262672782,0.301679790019989,0.2,0.0056320205,-47.835138147715476,0.0380859375
115200,2136,-520.0,0,1,45.0,2.4182932376861572,0.0001,1792,-0.016361436566512566,-0.3450366911711171,14.516885119490325,0.3843337893486023,0.2,0.008009374,-50.33956587480381,0.055419921875
115712,2274,-523.5,0,1,45.0,2.1779589653015137,0.0001,1800,-0.014791346540732775,-0.32720675447490066,7.339259654283524,0.7606980353593826,0.2,0.005538764,-51.50770429469645,0.05224609375
116224,2175,-516.5,0,1,45.0,3.0455892086029053,0.0001,1808,-0.00547256904974347,-0.29134753509424627,17.98437074571848,0.7851762175559998,0.2,0.0017770276,-52.70627459863201,0.015380859375
116736,2427,-516.5,0,1,45.0,3.2321135997772217,0.0001,1816,-0.015665740094846115,-0.2893597522052005,13.162200829945505,0.8035124838352203,0.2,0.009977016,-53.647156633678826,0.081298828125
117248,2041,-519.0,0,1,45.0,1.4684396982192993,0.0001,1824,-0.015203068542177789,-0.23038882052060217,6.206176648847759,0.7686896920204163,0.2,0.010545724,-52.97312134038657,0.064453125
117760,2337,-518.0,0,1,45.0,8.000061988830566,0.0001,1832,-0.013270343835756648,-0.3420359066221863,21.094171181321144,0.629664808511734,0.2,0.00327572,-52.97637689450756,0.05078125
118272,2332,-516.0,0,1,45.0,2.3994877338409424,0.0001,1840,-0.007618211926455842,-0.2387957198661752,16.029206385836005,0.71439990401268,0.2,0.0032511558,-50.80281998937949,0.017822265625
118784,1998,-508.5,0,1,45.0,3.397867441177368,0.0001,1848,-0.019796652828517836,-0.20953940058825538,12.28376729413867,0.6670701205730438,0.2,0.00722645,-47.2484172183834,0.0517578125
119296,2395,-506.0,0,1,45.0,2.862487316131592,0.0001,1856,-0.0211989407252986,-0.3697866213042289,18.701682709157467,0.6787106096744537,0.2,0.010165716,-46.487423045262695,0.072265625
119808,2241,-513.0,0,1,45.0,1.8281826972961426,0.0001,1864,-0.01432165241567418,-0.22319391480414197,8.285244720056653,0.8629350811243057,0.2,0.0058669616,-43.57515054957941,0.047119140625
120320,1658,-513.0,0,1,45.0,10.703694343566895,0.0001,1872,-0.010959683859255165,-0.3208373087691143,20.13316633924842,0.7693881392478943,0.2,0.0048901713,-41.885811693388966,0.04833984375
120832,2420,-507.0,0,1,45.0,5.506014823913574,0.0001,1880,-0.008460701146759675,-0.24057917791651562,12.116401715320535,0.869166687130928,0.2,0.0026932016,-40.18299058146775,0.0400390625
121344,2029,-507.0,0,1,45.0,6.22678279876709,0.0001,1888,-0.013659589938470162,-0.2555184706579894,9.17288853507489,0.8570417612791061,0.2,0.0062514115,-39.07580789435655,0.0400390625
121856,2057,-500.0,0,1,45.0,4.582943439483643,0.0001,1896,-0.012811356973543297,-0.23086620488902554,8.179927195888013,0.6845915913581848,0.2,0.0034281886,-39.50591281119734,0.034423828125
122368,2537,-506.0,0,1,45.0,1.62521493434906,0.0001,1904,-0.01373624006373575,-0.28963702521286905,20.698486607521772,0.3603280186653137,0.2,0.0055381977,-38.865116864349694,0.0546875
122880,2571,-519.0,0,1,45.0,2.9642980098724365,0.0001,1912,-0.012815650119591737,-0.21979269426083192,7.029358841478825,0.6981450021266937,0.2,0.0038379766,-40.597272140942515,0.03662109375
123392,2249,-522.0,0,1,45.0,1.251042366027832,0.0001,1920,-0.012269470345927402,-0.24260057898936793,4.608994102105498,0.6336743831634521,0.2,0.0066382447,-42.1095046781376,0.0458984375
123904,2155,-519.5,0,1,45.0,1.136768102645874,0.0001,1928,-0.019637904973933473,-0.349937355495058,5.704543950036168,0.6867897808551788,0.2,0.012404613,-44.59642690150067,0.0859375
124416,2065,-505.0,0,1,45.0,2.510105609893799,0.0001,1936,-0.019327909336425364,-0.38218163093551993,7.909729467704892,0.6931491196155548,0.2,0.006850535,-46.18709698582068,0.082275390625
124928,2389,-481.5,0,1,45.0,8.035533905029297,0.0001,1944,-0.02003159901141771,-0.486858659889549,17.560396822169423,0.7191632091999054,0.2,0.009526355,-47.28493277387693,0.05908203125
125440,2507,-494.5,0,1,45.0,9.6168212890625,0.0001,1952,-0.017726525544276228,-0.41601935075595975,10.790409080684185,0.8194489926099777,0.2,0.016699225,-48.073014112953096,0.095458984375
125952,2511,-497.0,0,1,45.0,9.831223487854004,0.0001,1960,-0.013820615262375213,-0.4569113622419536,14.226633337559178,0.7285706102848053,0.2,0.0057561947,-48.285082317423075,0.054443359375
126464,2492,-504.5,0,1,45.0,0.23456543684005737,0.0001,1968,-0.013717649586396874,-0.4607822501566261,2.846697577042505,0.4911839962005615,0.2,0.06309221,-48.12318564934656,0.085205078125
126976,2653,-508.0,0,1,45.0,0.6496618986129761,0.0001,1976,-0.009702256698801648,-0.5356524190865457,5.168616469250992,0.49538499116897583,0.2,0.007403299,-47.925239182151856,0.078857421875
127488,2472,-507.5,0,1,45.0,1.0827093124389648,0.0001,1984,-0.01986410957033513,-0.6149076605215669,2.763801017892547,0.6770661175251007,0.2,0.020223755,-46.97351097717881,0.081298828125
128000,2396,-509.0,0,1,45.0,0.3564564287662506,0.0001,1992,-0.014383721914782654,-0.5855881462339312,1.7661239098524675,0.5984977185726166,0.2,0.009353081,-45.97702889047563,0.081298828125
128512,2343,-501.5,0,1,45.0,1.407810926437378,0.0001,2000,-0.020901587788102916,-0.5874376159626991,2.513120729709044,0.774336963891983,0.2,0.008252789,-44.97826274054125,0.110595703125
129024,2120,-515.0,0,1,45.0,0.7383926510810852,0.0001,2008,-0.019241235364461318,-0.5813769570086151,2.1818606657907367,0.7901506870985031,0.2,0.0137561,-44.28569276919588,0.127197265625
129536,2642,-528.5,0,1,45.0,1.3189512491226196,0.0001,2016,-0.018965152994496748,-0.522487381240353,6.639131562318653,0.6557756066322327,0.2,0.029070226,-44.163865432646126,0.119873046875
130048,2585,-517.0,0,1,45.0,1.7155059576034546,0.0001,2024,-0.011926422339456622,-0.32322171120904386,2.6016240045428276,0.6623563170433044,0.2,0.010442445,-43.956537049170585,0.090576171875
130560,2489,-513.5,0,1,45.0,1.8188767433166504,0.0001,2032,-0.018584563469630666,-0.3479716710280627,6.555435484275222,0.6595029532909393,0.2,0.0105032995,-44.63253244480118,0.098388671875
131072,2673,-511.0,0,1,45.0,0.572385847568512,0.0001,2040,-0.008193857145670336,-0.2530685302335769,3.8646107017993927,0.5461461544036865,0.2,0.004629534,-46.238174232393504,0.0654296875
131584,2731,-511.0,0,1,45.0,0.644948422908783,0.0001,2048,-0.012976815607544268,-0.233298966079019,2.6426469096913934,0.7066177725791931,0.2,0.009528438,-47.956015579923985,0.064208984375
132096,2353,-499.5,0,1,45.0,0.8177498579025269,0.0001,2056,-0.00790146642975742,-0.23610304144676775,2.340168716851622,0.6814003884792328,0.2,0.007644382,-49.42165528066457,0.050537109375
132608,2086,-498.5,0,1,45.0,1.7838963270187378,0.0001,2064,-0.012181817492091795,-0.22812171251280233,4.224180932156742,0.29809802770614624,0.2,0.0046983114,-50.17397571325302,0.037353515625
133120,2425,-493.5,0,1,45.0,1.1347805261611938,0.0001,2072,-0.014963113600970246,-0.2979919008212164,7.7076032273471355,0.5242323577404022,0.2,0.0069078957,-50.734668113216756,0.044921875
133632,2679,-481.5,0,1,45.0,0.7302871346473694,0.0001,2080,-0.012622739748621825,-0.21946538460906595,2.7054940327070653,0.5339615643024445,0.2,0.010305897,-50.750687946900726,0.04931640625
134144,2213,-454.0,0,1,45.0,0.22103556990623474,0.0001,2088,-0.01566975023888517,-0.1602475883846637,1.7518660083878785,0.47584694623947144,0.2,0.016277263,-50.99942610319704,0.04345703125
134656,2740,-454.0,0,1,45.0,2.0382227897644043,0.0001,2096,-0.013525954629585613,-0.238675627799239,8.844161782413721,0.38709884881973267,0.2,0.004376267,-50.4814019029215,0.04052734375
135168,2571,-447.5,0,1,45.0,0.13042838871479034,0.0001,2104,-0.015805317132617347,-0.10368702234700322,0.5821477796998806,0.29125481843948364,0.2,0.0118529275,-49.992585433460775,0.047119140625
135680,2707,-451.5,0,1,45.0,0.1839180886745453,0.0001,2112,-0.019629675100077293,-0.12719606250175275,1.7189840918872505,0.6329377591609955,0.2,0.015658798,-49.3302807700634,0.06298828125
136192,2795,-451.5,0,1,45.0,0.6625144481658936,0.0001,2120,-0.0071239841054193676,-0.10670892604684923,1.4875974837923422,0.1884412169456482,0.2,0.0073048146,-47.94387313138694,0.031005859375
136704,2194,-456.5,0,1,45.0,0.23510611057281494,0.0001,2128,-0.01897440684842877,-0.11310017323557986,1.0181357382098213,0.6962114572525024,0.2,0.017661428,-46.764674617908895,0.04296875
137216,2384,-456.5,0,1,45.0,0.4815486967563629,0.0001,2136,-0.008582016827858752,-0.21857315144734457,3.379936814773828,0.51314976811409,0.2,0.004731277,-46.09911126434803,0.0283203125
137728,2321,-458.5,0,1,45.0,1.1382477283477783,0.0001,2144,-0.022101425027358346,-0.20525272941449657,3.2919888482429087,0.7271848917007446,0.2,0.009369165,-45.3347926691547,0.0634765625
138240,2562,-463.0,0,1,45.0,0.22719921171665192,0.0001,2152,-0.01013350566245208,-0.16917961373110302,3.7599566394928843,0.37969744205474854,0.2,0.0026644175,-44.310243736058474,0.0341796875
138752,2303,-462.0,0,1,45.0,0.4388999044895172,0.0001,2160,-0.02437891384761315,-0.17745606528478675,2.974490233231336,0.576750248670578,0.2,0.008245593,-43.44479362305254,0.05712890625
139264,2859,-462.0,0,1,45.0,0.2824738621711731,0.0001,2168,-0.0166151944140438,-0.2099093590513803,4.518899847753346,0.6912775337696075,0.2,0.0048426487,-43.41720979982987,0.060791015625
139776,2717,-472.0,0,1,45.0,0.7364130020141602,0.0001,2176,-0.008161929330526618,-0.05678087096021045,0.9522817225661129,-0.5812563896179199,0.2,0.009413548,-42.71542366854847,0.02197265625
140288,2487,-467.0,0,1,45.0,0.25570148229599,0.0001,2184,-0.0072608608461450785,-0.07524334589106729,0.42245418968377635,0.43472880125045776,0.2,0.0068944753,-42.25878044489771,0.03173828125
140800,2564,-467.0,0,1,45.0,0.47877055406570435,0.0001,2192,-0.01389789746463066,-0.19020884175552055,2.7092896422254853,0.6831353902816772,0.2,0.0063805566,-42.56367153283209,0.044677734375
141312,2364,-475.5,0,1,45.0,0.17956465482711792,0.0001,2200,-0.009360814572573872,-0.1227260682353517,1.2599875578889623,0.8581681400537491,0.2,0.012573963,-42.994515154939144,0.049072265625
141824,2517,-471.5,0,1,45.0,0.6630004048347473,0.0001,2208,-0.005992946640617447,-0.21794973171199672,4.2086659129709005,0.641320675611496,0.2,0.004506195,-43.11431094223634,0.031982421875
142336,2677,-472.5,0,1,45.0,0.39315345883369446,0.0001,2216,-0.010216425856924616,-0.1475394549925113,2.1034957316005602,0.5333568155765533,0.2,0.0038964665,-43.06116235249676,0.025146484375
142848,2396,-486.5,0,1,45.0,0.5509124994277954,0.0001,2224,-0.01332134687982034,-0.09360743495926727,1.0515336939133704,0.21079003810882568,0.2,0.007371054,-43.77857842502184,0.03271484375
143360,2528,-500.0,0,1,45.0,0.9109123945236206,0.0001,2232,-0.015886707209574524,-0.1632735245366348,3.390280365012586,0.4481181502342224,0.2,0.0046098195,-43.52064649295993,0.041015625
143872,2762,-502.5,0,1,45.0,2.148268461227417,0.0001,2240,-0.011763575193981524,-0.08125972889683908,3.0977619796758518,0.5669486820697784,0.2,0.0063128253,-43.57860762053169,0.0263671875
144384,2749,-494.0,0,1,45.0,0.33375462889671326,0.0001,2248,-0.007823299853043864,-0.05896112120899488,2.000450699822977,0.6318158209323883,0.2,0.0026301304,-44.0846146824304,0.013916015625
144896,2337,-463.0,0,1,45.0,2.5898125171661377,0.0001,2256,-0.009588434055331163,-0.0662287425075192,2.172236862126738,-0.9638866186141968,0.2,0.004030221,-44.48267775125802,0.02294921875
145408,2473,-454.5,0,1,45.0,2.9562666416168213,0.0001,2264,-0.013232317854999565,-0.21375771384919062,4.102686015423387,0.29773080348968506,0.2,0.0041229744,-43.74845116510987,0.050048828125
145920,2349,-454.0,0,1,45.0,0.41790613532066345,0.0001,2272,-0.018239460288896225,-0.11146607340197079,1.9050818480318412,-0.415899395942688,0.2,0.008471737,-43.32702569959685,0.0517578125
146432,2370,-441.5,0,1,45.0,2.121067523956299,0.0001,2280,-0.008378888473089319,-0.19905198487685993,4.506109740119427,0.30784058570861816,0.2,0.004730374,-43.29791996547952,0.03466796875
146944,2499,-428.5,0,1,45.0,1.1962908506393433,0.0001,2288,-0.008756591305427719,-0.18513758550398052,3.7000653026625514,-0.6284520626068115,0.2,0.00833882,-43.03830646556802,0.03564453125
147456,2214,-418.5,0,1,45.0,1.3645837306976318,0.0001,2296,-0.009169600343739148,-0.11364606049028225,2.4414165974594653,0.20378053188323975,0.2,0.004323605,-41.99271986039356,0.026123046875
147968,2730,-409.0,0,1,45.0,2.123457908630371,0.0001,2304,-0.01159771672973875,-0.20712033152813092,5.076624045148492,0.4608299732208252,0.2,0.008792337,-41.30793817924336,0.033203125
148480,2054,-396.5,0,1,45.0,1.1855987310409546,0.0001,2312,-0.011293775653030025,-0.1020079736263142,3.5204519275575876,0.31842613220214844,0.2,0.0024223654,-40.01627506651916,0.024169921875
148992,2656,-405.0,0,1,45.0,0.5756648182868958,0.0001,2320,-0.006013095277012326,-0.0394063876956352,1.362717461772263,0.10662078857421875,0.2,0.0038605677,-38.64109440159984,0.014892578125
149504,2780,-435.5,0,1,45.0,0.35002464056015015,0.0001,2328,-0.008294597500935197,-0.06405496692605084,1.456494839163497,-0.8778196573257446,0.2,0.0038190843,-37.38365064550191,0.020751953125
150016,2442,-430.0,0,1,45.0,0.07312974333763123,0.0001,2336,-0.0072066933680616785,-0.06425480722100474,0.8772614278859692,0.096188485622406,0.2,0.0073555894,-36.84022485231981,0.0244140625
150528,2555,-430.5,0,1,45.0,4.053197383880615,0.0001,2344,-0.0069748840178363025,-0.16045547359681223,20.498428744263947,0.05779749155044556,0.2,0.002452461,-35.59764861757867,0.018798828125
151040,2169,-423.5,0,1,45.0,4.160382270812988,0.0001,2352,-0.0076581769390031695,-0.10760593640588922,15.504416545387357,0.5316700637340546,0.2,0.001141696,-34.560592307038604,0.015380859375
151552,2569,-416.5,0,1,45.0,7.492964267730713,0.0001,2360,-0.007683661278861109,-0.24145158985629678,35.595631927251816,0.6215575337409973,0.2,0.0018395806,-32.382706727012994,0.017822265625
152064,2476,-410.5,0,1,45.0,3.8516225814819336,0.0001,2368,-0.0071519808479934,-0.1201139239128679,33.057855853810906,0.5727989971637726,0.2,0.0017899096,-31.88762342897244,0.017578125
152576,2795,-413.0,0,1,45.0,0.6167995929718018,0.0001,2376,-0.0036419670504983515,-0.10223877681710292,9.939614042639732,0.675171971321106,0.2,0.0007684756,-31.336225339164958,0.010498046875
153088,2463,-407.0,0,1,45.0,0.41689687967300415,0.0001,2384,-0.013784327311441302,-0.06908455282245995,3.431711266632192,-0.6559461355209351,0.2,0.007625896,-31.52899483734742,0.02587890625
153600,2440,-382.0,0,1,45.0,1.7948641777038574,0.0001,2392,-0.006845514923043083,-0.09198898862814531,8.282912212889642,0.4906674027442932,0.2,0.0064534456,-31.299376648571343,0.019287109375
154112,2486,-380.0,0,1,45.0,0.6301009654998779,0.0001,2400,-0.00593743321223883,-0.12775440560653806,4.854369098320603,0.06545346975326538,0.2,0.008079888,-31.176838400997223,0.033935546875
154624,2383,-359.0,0,1,45.0,2.160842180252075,0.0001,2408,-0.00868173042908893,-0.10113447860931046,8.855028251186013,0.09754908084869385,0.2,0.0018637949,-31.39879297543317,0.0166015625
155136,2252,-347.0,0,1,45.0,1.5153568983078003,0.0001,2416,-0.00517631633374549,-0.12378453474957496,8.496443344280124,0.1632397174835205,0.2,0.0020334038,-31.02859701897949,0.01220703125
155648,2104,-324.5,0,1,45.0,1.761762261390686,0.0001,2424,-0.01629768968996359,-0.16828312948928215,5.916312402114272,0.22411233186721802,0.2,0.006346494,-31.29034956375137,0.041015625
156160,2438,-320.0,0,1,45.0,9.206273078918457,0.0001,2432,-0.015769978264870588,-0.18083250627387315,19.06847969070077,0.3321121335029602,0.2,0.0036802483,-32.7186428816244,0.03759765625
156672,2528,-317.5,0,1,45.0,0.8604005575180054,0.0001,2440,-0.010953589480777737,-0.14970695757074282,3.723751548677683,-0.49893999099731445,0.2,0.01235305,-33.663550146175545,0.033447265625
157184,2742,-281.0,0,1,45.0,0.4447406232357025,0.0001,2448,-0.010681500993086956,-0.10392838282132288,2.975434143212624,0.5151195824146271,0.2,0.0028328192,-33.9484246184025,0.023681640625
157696,2870,-298.0,0,1,45.0,0.9137096405029297,0.0001,2456,-0.006395114563929383,-0.055301013417192735,3.952003747661365,0.3793599605560303,0.2,0.004532207,-33.97903654756956,0.011962890625
158208,2507,-295.0,0,1,45.0,0.08409177511930466,0.0001,2464,-0.004355622542789206,-0.03101999747013906,1.7535937244538218,0.11460798978805542,0.2,0.004244336,-34.57876786591485,0.0087890625
158720,2320,-295.0,0,1,45.0,0.17347612977027893,0.0001,2472,-0.0043985117808915675,-0.03833210267475806,2.4281318361172453,0.13947701454162598,0.2,0.0013278106,-35.18818774498999,0.013427734375
159232,2381,-295.5,0,1,45.0,6.078428745269775,0.0001,2480,-0.007168127347540576,-0.10323404675000347,10.538570775650442,0.48316270112991333,0.2,0.001958564,-35.5717920640111,0.014892578125
159744,2358,-314.5,0,1,45.0,5.369712829589844,0.0001,2488,-0.004852007929002866,-0.08256992667156737,15.744348166510463,0.6144504249095917,0.2,0.00136565,-35.756879369197414,0.010498046875
160256,2371,-309.5,0,1,45.0,3.1101362705230713,0.0001,2496,-0.008196403083275072,-0.13378531589114573,11.767586008645594,0.6155220866203308,0.2,0.0026421577,-35.05766805356368,0.01708984375
160768,2568,-326.0,0,1,45.0,9.745790481567383,0.0001,2504,-0.0050213432041346096,-0.11719148693373427,17.916681861504912,0.5107689499855042,0.2,0.0016726289,-34.35474929915741,0.016357421875
161280,2753,-311.5,0,1,45.0,3.4825263023376465,0.0001,2512,-0.016247564628429245,-0.11732842966739554,5.399054781999439,-0.8451467752456665,0.2,0.0064720195,-34.079747135452926,0.04443359375
161792,2774,-324.0,0,1,45.0,0.19423402845859528,0.0001,2520,-0.0037931374681647867,-0.0415956942451885,3.0729199019260705,0.5118615925312042,0.2,0.0020683403,-33.21055644886568,0.013427734375
162304,2783,-324.0,0,1,45.0,0.7424216270446777,0.0001,2528,-0.005870886310731294,-0.031547857899568044,3.0047825516667217,0.7140338122844696,0.2,0.0012328906,-32.70501896820962,0.01123046875
162816,2537,-297.5,0,1,45.0,0.832468569278717,0.0001,2536,-0.004673462870414369,-0.025346692418679595,2.7818666673265398,0.3912088871002197,0.2,0.0014846803,-32.13655399560928,0.007080078125
163328,2737,-306.5,0,1,45.0,0.3828558921813965,0.0001,2544,-0.013776139610854443,-0.08840704005706357,3.5883667322341353,-0.07219696044921875,0.2,0.007599622,-31.491253173742443,0.04443359375
163840,2524,-311.0,0,1,45.0,6.01052713394165,0.0001,2552,-0.005669129532179795,-0.037577262381091714,5.946115251717856,-0.1917722225189209,0.2,0.0006687115,-31.072992886407302,0.0078125
164352,2453,-279.5,0,1,45.0,3.9290084838867188,0.0001,2560,-0.007158055486797821,-0.05790421385609079,7.44308514543809,0.602324903011322,0.2,0.0028004514,-31.055131612764672,0.019287109375
164864,2625,-266.0,0,1,45.0,5.3260178565979,0.0001,2568,-0.006259845642489381,-0.10244679889001418,16.323918571695685,0.50950488448143,0.2,0.0017372612,-31.1196526640933,0.0224609375
165376,2586,-238.5,0,1,45.0,15.619182586669922,0.0001,2576,-0.009114601587498328,-0.05488213256467134,13.299776975996792,0.47111988067626953,0.2,0.0029742487,-31.067387254489585,0.017333984375
165888,2786,-239.0,0,1,45.0,5.459033489227295,0.0001,2584,-0.005049632804002613,-0.07068091817200184,9.922478201799095,0.2509368062019348,0.2,0.0013246512,-30.70103474332951,0.0126953125
166400,2807,-238.0,0,1,45.0,2.4319100379943848,0.0001,2592,-0.0032848326009116136,-0.018972265817865264,8.864309370983392,0.6100892126560211,0.2,0.00049745815,-31.433565336875617,0.003662109375
166912,2812,-247.5,0,1,45.0,2.4539053440093994,0.0001,2600,-0.0015193301587714814,-0.01576682794984663,4.492102708900347,0.6783792078495026,0.2,0.00023837457,-32.62109021101147,0.003662109375
167424,2722,-242.5,0,1,45.0,0.9260151982307434,0.0001,2608,-0.0015565468165732455,-0.026168255899392534,3.957614472368732,0.2537567615509033,0.2,0.00035684486,-33.88861029197462,0.0048828125
167936,2867,-253.0,0,1,45.0,2.283186197280884,0.0001,2616,-0.0070408020037575625,-0.04104125562298577,5.744851432740688,0.644076019525528,0.2,0.0011700643,-34.35493550689891,0.01416015625
168448,2583,-248.5,0,1,45.0,0.23995351791381836,0.0001,2624,-0.001343378648016369,-0.02288852845231304,4.389299785485491,0.6449617445468903,0.2,0.0006365989,-35.856754149701445,0.005859375
168960,1722,-229.5,0,1,45.0,2.181908369064331,0.0001,2632,-0.004655756245483644,-0.03277593190432526,8.469282783567905,0.6774913370609283,0.2,0.0024777548,-36.147692438755186,0.00830078125
169472,2768,-236.0,0,1,45.0,7.313648700714111,0.0001,2640,-0.007261836180987302,-0.07898598373139976,20.001440968364477,0.6443054974079132,0.2,0.0014612782,-35.81363587105647,0.012939453125
169984,2676,-252.0,0,1,45.0,0.9274868965148926,0.0001,2648,-0.0029012046707066474,-0.03108459699433297,11.579953541106079,0.22497743368148804,0.2,0.00046663254,-35.790421291692184,0.00390625
170496,2673,-270.5,0,1,45.0,0.3104805648326874,0.0001,2656,-0.0028211262833792716,-0.02913563903712202,3.710915783420205,0.35848569869995117,0.2,0.0038188435,-35.74074546596967,0.00537109375
171008,2907,-270.5,0,1,45.0,0.27970510721206665,0.0001,2664,-0.000878233044204535,-0.025266078984714113,2.0412155147641897,0.6429846882820129,0.2,0.001038734,-35.20343770951964,0.00390625
171520,2243,-254.0,0,1,45.0,0.5435911417007446,0.0001,2672,-0.002994347392814234,-0.02206124571239343,2.3160078250803053,0.550489753484726,0.2,0.0033379034,-34.16175350879319,0.00537109375
172032,2691,-222.5,0,1,45.0,8.658673286437988,0.0001,2680,-0.009262929896067362,-0.11942416100646369,21.217865612357855,0.34457385540008545,0.2,0.0040783333,-32.40132860195823,0.027099609375
172544,2184,-145.5,0,1,45.0,1.0026928186416626,0.0001,2688,-0.0038956241114647128,-0.05863894888898358,8.56364441011101,0.6484413146972656,0.2,0.0021695704,-30.500295689897612,0.013427734375
173056,1959,-161.5,0,1,45.0,22.181249618530273,0.0001,2696,-0.004471998516237363,-0.08677482770872302,42.04406316578388,0.6208843886852264,0.2,0.0014273821,-27.893324307436124,0.00830078125
173568,1728,-110.5,0,1,45.0,3.041271209716797,0.0001,2704,-0.003948621935705887,-0.0634356209775433,8.82040490489453,0.6286523640155792,0.2,0.0020742249,-27.12448180581443,0.012451171875
174080,2592,-109.0,0,1,45.0,9.30105209350586,0.0001,2712,-0.007513283861044329,-0.12597845919663087,45.5023999735713,0.5583895742893219,0.2,0.0022691325,-25.685885448120533,0.016357421875
174592,2700,-107.0,0,1,45.0,4.162813186645508,0.0001,2720,-0.007872778041928541,-0.06979655992472544,11.482961760368198,-0.3085970878601074,0.2,0.011106346,-24.915956937139853,0.01953125
175104,2720,-94.5,0,1,45.0,1.3407129049301147,0.0001,2728,-0.0015969341329764575,-0.031770409950695466,3.691198404878378,0.028617024421691895,0.2,0.002326313,-24.66094740524888,0.005859375
175616,2578,-94.5,0,1,45.0,0.5463664531707764,0.0001,2736,-0.002731291846430395,-0.03341000486398116,2.5266370940953493,0.4065452814102173,0.2,0.002558317,-24.320756276054308,0.008056640625
176128,2324,-97.5,0,1,45.0,0.16081495583057404,0.0001,2744,-0.005782337062555598,-0.033269226136326324,2.023860655259341,0.38244378566741943,0.2,0.0051198127,-24.14166713588871,0.011962890625
176640,2416,-107.5,0,1,45.0,0.35382595658302307,0.0001,2752,-0.003939953472581692,-0.06953059850638965,11.958111857995391,0.5175942182540894,0.2,0.003031501,-24.13830275980756,0.0146484375
177152,2456,-117.5,0,1,45.0,3.891433000564575,0.0001,2760,-0.008832198254822288,-0.09330841548216995,16.74261124478653,0.6737347543239594,0.2,0.0015412836,-24.03845067928545,0.028564453125
177664,2521,-127.5,0,1,45.0,11.527144432067871,0.0001,2768,-0.005037881228417973,-0.05944875282875728,22.606074618175626,0.6225866675376892,0.2,0.0023614406,-24.1731834113691,0.017578125
178176,2069,-159.0,0,1,45.0,7.225398063659668,0.0001,2776,-0.0012900354995508678,-0.0751810497167753,22.35904742500861,0.2188563346862793,0.2,0.0033281846,-24.910008375504987,0.017822265625
178688,1838,-165.5,0,1,45.0,19.62029266357422,0.0001,2784,-0.005157532454177272,-0.11646771135565359,38.81405268609524,0.5681973397731781,0.2,0.00341733,-24.671191192381084,0.0205078125
179200,2577,-128.5,0,1,45.0,3.7663283348083496,0.0001,2792,-0.005623052245937288,-0.10443328563997056,16.377953212708235,0.5218374133110046,0.2,0.0038843611,-24.94445758651942,0.024658203125
179712,2324,-117.0,0,1,45.0,1.0730808973312378,0.0001,2800,-0.005368396135054354,-0.05563554391846992,13.755622365162708,0.32229602336883545,0.2,0.002030677,-24.60809797885828,0.010009765625
180224,2691,-128.5,0,1,45.0,6.984060764312744,0.0001,2808,-0.008228449216403533,-0.09408591031387914,17.850131757557392,0.6376206576824188,0.2,0.002824114,-23.981625889819114,0.0224609375
180736,2203,-96.5,0,1,45.0,0.6630667448043823,0.0001,2816,-0.007473470475815702,-0.038994978574919514,7.942975984420627,0.0160520076751709,0.2,0.0042098416,-24.229280604915694,0.017578125
181248,2271,-108.5,0,1,45.0,2.816488027572632,0.0001,2824,-0.007950993916892912,-0.11278371507069096,17.68067873828113,0.5545667707920074,0.2,0.002803058,-24.191540484661235,0.024169921875
181760,2067,-112.5,0,1,45.0,5.6736955642700195,0.0001,2832,-0.008227445527154487,-0.09184430449386127,8.904520923271775,0.7650227844715118,0.2,0.005557009,-24.366604187712074,0.017578125
182272,2160,-120.5,0,1,45.0,5.347972393035889,0.0001,2840,-0.007830918424588162,-0.12286362695158459,22.76566018164158,0.547941118478775,0.2,0.0055417,-24.362227422390134,0.029541015625
182784,2319,-195.5,0,1,45.0,4.982052803039551,0.0001,2848,-0.007558164121292066,-0.15702337402035482,10.968853916972876,0.4294598698616028,0.2,0.008697345,-24.672457428555937,0.041015625
183296,2158,-245.5,0,1,45.0,1.2204498052597046,0.0001,2856,-0.012766755855409428,-0.1397066389909014,4.9929710743017495,-4.16997766494751,0.2,0.009617181,-27.060637520793826,0.04345703125
183808,2215,-236.5,0,1,45.0,0.4662817418575287,0.0001,2864,-0.024749084346694872,-0.21568450977792963,3.2075598165392876,-0.7930693626403809,0.2,0.012082976,-28.550997288906945,0.065185546875
184320,2384,-251.0,0,1,45.0,0.8533331155776978,0.0001,2872,-0.014189648129104171,-0.1994081431766972,4.514195531606674,-0.1541459560394287,0.2,0.012637183,-28.556683530695736,0.067626953125
184832,2352,-263.0,0,1,45.0,2.4896469116210938,0.0001,2880,-0.015432073225383647,-0.1619698684080504,2.5124046893324703,0.4187604784965515,0.2,0.0077374675,-29.62089963604696,0.039306640625
185344,2365,-270.5,0,1,45.0,0.46776142716407776,0.0001,2888,-0.01985033253004076,-0.15571132165496238,2.872519046301022,0.39651983976364136,0.2,0.009258143,-30.583982817577198,0.064697265625
185856,1823,-269.5,0,1,45.0,0.15664854645729065,0.0001,2896,-0.02034180104965344,-0.2002787367964629,2.878137929714285,0.5628232359886169,0.2,0.011704203,-31.98067776267417,0.0732421875
186368,2185,-208.5,0,1,45.0,0.7369056940078735,0.0001,2904,-0.010915242339251563,-0.12491534237051383,5.633939831983298,0.0711662769317627,0.2,0.0032403145,-33.63702325775288,0.031494140625
186880,2320,-192.5,0,1,45.0,4.732405185699463,0.0001,2912,-0.011192485657375073,-0.13704452765523456,12.049600413069129,0.2024019956588745,0.2,0.00466616,-34.42335246297531,0.02587890625
187392,2404,-158.0,0,1,45.0,1.6679000854492188,0.0001,2920,-0.013353435475437436,-0.1461340952082537,8.189946791157126,0.3852505683898926,0.2,0.005484526,-35.01534792848863,0.042724609375
187904,2435,-131.0,0,1,45.0,1.4811826944351196,0.0001,2928,-0.012972174718015594,-0.10540553600003477,7.522827210370451,0.27712494134902954,0.2,0.0064108614,-35.30832462784834,0.032958984375
188416,2768,-116.0,0,1,45.0,0.5621136426925659,0.0001,2936,-0.007389219015749404,-0.11148160288576037,3.316929042339325,0.1483667492866516,0.2,0.0015186842,-35.31154249547049,0.023193359375
188928,2497,-103.5,0,1,45.0,0.38298624753952026,0.0001,2944,-0.007634127978235483,-0.042074465127370786,2.7443508454598486,0.33206939697265625,0.2,0.0036159349,-35.856017814036456,0.015869140625
189440,2501,-94.0,0,1,45.0,3.58235764503479,0.0001,2952,-0.00538405037150369,-0.10739904087677132,10.074313544202596,0.5582365691661835,0.2,0.0029830872,-35.64428558426909,0.020751953125
189952,2428,-44.0,0,1,45.0,4.4289870262146,0.0001,2960,-0.005195522266149055,-0.08824936423479812,11.879513687454164,0.24710756540298462,0.2,0.0018657263,-35.84763388657942,0.01611328125
190464,2238,-19.5,0,1,45.0,1.802502155303955,0.0001,2968,-0.004649493333999999,-0.11617895725066774,4.94576077349484,0.6609281301498413,0.2,0.002751802,-34.73608201465104,0.0078125
190976,2471,-42.0,0,1,45.0,2.4010870456695557,0.0001,2976,-0.009512285054370295,-0.09117168036755174,14.802833562716842,0.6986590623855591,0.2,0.0014168514,-33.59601066358853,0.013671875
191488,1991,-25.5,0,1,45.0,7.162596702575684,0.0001,2984,-0.0066684427874861285,-0.06792408505862113,7.725814739707857,0.29042714834213257,0.2,0.0015246586,-32.669573370204304,0.016357421875
192000,2433,-17.5,0,1,45.0,4.35042142868042,0.0001,2992,-0.012172424358141143,-0.23549449449637905,8.671686162240803,0.42678195238113403,0.2,0.0051507284,-32.05532101386692,0.042724609375
192512,2559,14.0,0,1,45.0,1.112778902053833,0.0001,3000,-0.008220413139497396,-0.09523078067286406,7.045803833752871,0.5079893469810486,0.2,0.0027641673,-30.646062436527572,0.031494140625
193024,2470,15.5,0,1,45.0,3.931101083755493,0.0001,3008,-0.009303748342063045,-0.08052855958521832,7.275007494725287,0.2544959783554077,0.2,0.0031197635,-28.85599240713287,0.0224609375
193536,2715,10.5,0,1,45.0,2.486539840698242,0.0001,3016,-0.01198295386711834,-0.09550566760299262,9.703102816827595,0.48875826597213745,0.2,0.0021344032,-27.192916028560138,0.022216796875
194048,2272,-7.0,0,1,45.0,2.7179529666900635,0.0001,3024,-0.00704972425228334,-0.04426579506980488,3.6034972053021193,0.4707067608833313,0.2,0.00165448,-25.479990487922915,0.0107421875
194560,2089,33.0,0,1,45.0,3.0077977180480957,0.0001,3032,-0.008652247430291027,-0.11689354228292359,9.573731751646847,0.5528595149517059,0.2,0.0032043536,-24.192362348414026,0.029052734375
195072,2284,-3.5,0,1,45.0,12.07154369354248,0.0001,3040,-0.008803213422652334,-0.14671795119647868,25.80310983210802,0.571646511554718,0.2,0.0015261708,-21.613725108015352,0.0166015625
195584,2437,1.0,0,1,45.0,3.817559003829956,0.0001,3048,-0.007783531505992869,-0.11942957752035,25.25048376619816,0.5493422448635101,0.2,0.002204868,-21.178796971510163,0.0166015625
196096,1961,-59.5,0,1,45.0,6.723931312561035,0.0001,3056,-0.008692667845025426,-0.10144558562024031,16.18685882911086,0.7176352441310883,0.2,0.0025241137,-20.920605221143923,0.0224609375
196608,2326,-77.0,0,1,45.0,22.35378074645996,0.0001,3064,-0.012867692239524331,-0.20864915382117033,47.44676533900201,0.5712406933307648,0.2,0.004083747,-19.32927342243027,0.060302734375
197120,2558,-75.0,0,1,45.0,11.734514236450195,0.0001,3072,-0.01066199268825585,-0.12329529263661243,14.416260763071477,0.7269860208034515,0.2,0.002407936,-18.950021328642034,0.0361328125
197632,2337,-110.5,0,1,45.0,1.0167802572250366,0.0001,3080,-0.011621575176832266,-0.09311109340342227,7.770839195232838,-0.2589690685272217,0.2,0.0077507664,-19.503907298063858,0.046630859375
198144,2304,-123.0,0,1,45.0,2.7394490242004395,0.0001,3088,-0.01388225286063971,-0.14559698330413084,8.272853356320411,0.4421786069869995,0.2,0.0045187594,-20.632111478568987,0.03564453125
198656,2106,-102.0,0,1,45.0,0.48430681228637695,0.0001,3096,-0.01436975403339602,-0.17618153447983786,3.483848977368325,-0.43028461933135986,0.2,0.0096840905,-21.78466756806709,0.06396484375
199168,2165,-82.5,0,1,45.0,1.5227460861206055,0.0001,3104,-0.02158697526465403,-0.21620686614187434,4.3303973958827555,0.12879657745361328,0.2,0.011613157,-23.18514372097794,0.0654296875
199680,2378,-103.0,0,1,45.0,2.5597236156463623,0.0001,3112,-0.017018792641465552,-0.2025854479870759,11.745942598208785,0.1684911847114563,0.2,0.0069482997,-23.80293667844031,0.0615234375
200192,2201,-105.0,0,1,45.0,0.9878342747688293,0.0001,3120,-0.010780843778775306,-0.1003782768821111,4.159415064845234,-0.5663679838180542,0.2,0.005820375,-24.72183702001814,0.025634765625
200704,2149,-90.0,0,1,45.0,1.4680372476577759,0.0001,3128,-0.015373720743809827,-0.16451669760863297,4.183500482235104,0.27474498748779297,0.2,0.007916713,-25.37725342239719,0.05517578125
201216,2473,-76.0,0,1,45.0,0.3159658908843994,0.0001,3136,-0.01615739618864609,-0.16512793517904356,9.631765800062567,0.33323460817337036,0.2,0.0054389285,-26.85660102793481,0.048828125
201728,2818,-101.0,0,1,45.0,2.452526330947876,0.0001,3144,-0.014639655655628303,-0.09023828188946936,6.955495723173954,0.07896256446838379,0.2,0.0062966687,-27.07617342806887,0.02587890625
202240,2509,-73.5,0,1,45.0,1.5294755697250366,0.0001,3152,-0.0010756843657873105,-0.01552650587836979,2.6902812032785732,-0.20920729637145996,0.2,0.00025669928,-27.119727440662682,0.001708984375
202752,2430,-59.5,0,1,45.0,1.9073175191879272,0.0001,3160,-0.004220648101181723,-0.06591548741562292,4.254701384808868,0.309459388256073,0.2,0.007541439,-27.184473995026202,0.028076171875
203264,2282,-84.0,0,1,45.0,5.527899742126465,0.0001,3168,-0.009671826541307382,-0.1016611851991911,9.403007200919092,0.5924150347709656,0.2,0.0023047542,-27.39063133239746,0.028564453125
203776,2094,-80.0,0,1,45.0,14.657394409179688,0.0001,3176,-0.004367110173916444,-0.14805237739346921,30.58009346947074,0.5952896475791931,0.2,0.0010605281,-27.348934471914546,0.0126953125
204288,2138,-82.0,0,1,45.0,2.6132497787475586,0.0001,3184,-0.004108411645574961,-0.0555023362612701,14.352132447063923,0.6807092130184174,0.2,0.0008513541,-27.994454819196836,0.008056640625
204800,2314,-50.5,0,1,45.0,17.726186752319336,0.0001,3192,-0.0047969596344046295,-0.0988683423929615,29.57720734924078,0.6553823351860046,0.2,0.0013233663,-28.02532985956408,0.0087890625
205312,2174,6.5,0,1,45.0,8.63023567199707,0.0001,3200,-0.0057705828512553126,-0.12774252040253486,29.708481233567,0.6524923741817474,0.2,0.0012423695,-27.55472156855278,0.009033203125
205824,2445,22.0,0,1,45.0,9.401538848876953,0.0001,3208,-0.008127448954837746,-0.14241063711233437,27.567586909979582,0.7515067905187607,0.2,0.0022303776,-26.74519525770098,0.017822265625
206336,2718,-0.5,0,1,45.0,8.847790718078613,0.0001,3216,-0.005994362756609917,-0.06661990810243879,17.26370141049847,0.48682600259780884,0.2,0.000537741,-27.243906821934505,0.010009765625
206848,2469,10.0,0,1,45.0,0.7938570976257324,0.0001,3224,-0.003459256622591056,-0.029151200455089565,4.687417686800472,-1.4412498474121094,0.2,0.0018909391,-28.09479798191227,0.004638671875
207360,2408,7.0,0,1,45.0,0.20996446907520294,0.0001,3232,-0.007432363221596461,-0.10210098943207413,6.271283134585246,0.41680455207824707,0.2,0.002727317,-27.941649558013307,0.017578125
207872,2140,-3.5,0,1,45.0,3.7435429096221924,0.0001,3240,-0.017707993429212365,-0.11845532458391972,4.756858179112896,0.2268398404121399,0.2,0.019550081,-28.304075719751417,0.05078125
208384,2483,-30.5,0,1,45.0,3.857236862182617,0.0001,3248,-0.010644844544003718,-0.2186196141410619,8.525496058166027,0.4135400652885437,0.2,0.010781288,-29.317805813886224,0.0478515625
208896,2173,-11.5,0,1,45.0,0.8352410793304443,0.0001,3256,-0.005539494453842053,-0.07952762510103639,4.61483160010539,0.4190099835395813,0.2,0.0035753543,-29.478185503734277,0.0224609375
209408,2116,29.5,0,1,45.0,4.754953384399414,0.0001,3264,-0.009442393275094219,-0.1360057682322804,7.158685016445816,0.6048350632190704,0.2,0.0035786252,-29.582285603564234,0.03662109375
209920,2596,-5.0,0,1,45.0,0.9926668405532837,0.0001,3272,-0.015436755340488162,-0.2106962085235864,5.654451575130224,0.5592828392982483,0.2,0.0077749724,-29.864169586999342,0.0517578125
210432,2369,-9.5,0,1,45.0,2.6959197521209717,0.0001,3280,-0.009801456544664688,-0.05847925946727628,4.8076959571335465,-0.11320841312408447,0.2,0.005349042,-30.270352334966883,0.02392578125
210944,2920,-30.5,0,1,45.0,0.8705387711524963,0.0001,3288,-0.004616954298398923,-0.08963637906708755,2.752294816542417,-0.1847362518310547,0.2,0.0072888997,-30.255844744071364,0.022216796875
211456,2527,-46.5,0,1,45.0,0.18691250681877136,0.0001,3296,-0.004803213989362121,-0.01760061391541967,0.5732262457895558,0.10284864902496338,0.2,0.003725255,-30.03329456228763,0.006591796875
211968,2389,-19.5,0,1,45.0,1.0847382545471191,0.0001,3304,-0.00878959713736549,-0.12551168876234442,3.3118513863300905,0.259707510471344,0.2,0.0109053105,-29.934884991468863,0.03759765625
212480,2324,-13.0,0,1,45.0,3.6669130325317383,0.0001,3312,-0.014040180009033065,-0.11011826238245703,7.864242230542004,0.4348493218421936,0.2,0.0044238055,-28.990510534355415,0.043212890625
212992,2343,-5.5,0,1,45.0,4.398343563079834,0.0001,3320,-0.008302866750454996,-0.13642895958037116,11.389101991429925,0.5988319218158722,0.2,0.003521795,-28.32664241292514,0.02685546875
213504,2573,-54.5,0,1,45.0,2.5952529907226562,0.0001,3328,-0.006035354432242457,-0.10376926047320012,10.973321177996695,0.5818355083465576,0.2,0.0025199382,-28.014525768468157,0.014892578125
214016,2041,-58.5,0,1,45.0,1.8475717306137085,0.0001,3336,-0.006629108616834856,-0.07456343645026209,5.240907202940434,0.3079710602760315,0.2,0.0054162564,-28.171490281056613,0.026611328125
214528,2501,-70.0,0,1,45.0,3.5770697593688965,0.0001,3344,-0.011111834610346705,-0.2650837239343673,15.803068924695253,0.4779397249221802,0.2,0.0045285663,-27.437244467195125,0.04638671875
215040,2663,-90.0,0,1,45.0,0.29853156208992004,0.0001,3352,-0.013648121079313569,-0.08449035234662006,6.401450434233993,0.4766274094581604,0.2,0.0053681745,-28.007115855114534,0.031494140625
215552,2444,-82.0,0,1,45.0,0.12440168857574463,0.0001,3360,-0.01425829270738177,-0.06869210407603532,2.821081353351474,-0.8483749628067017,0.2,0.015377282,-28.542035269886256,0.0244140625
216064,2273,-53.0,0,1,45.0,1.8506956100463867,0.0001,3368,-0.015845936381083447,-0.184285987081239,5.2744534441735595,-0.6459800004959106,0.2,0.009760449,-29.87387010309845,0.06103515625
216576,2402,-131.0,0,1,45.0,1.1315605640411377,0.0001,3376,-0.024403242125117686,-0.30280624580336735,6.255818084347993,0.08747291564941406,0.2,0.009113909,-30.439845431316645,0.088623046875
217088,2519,-150.5,0,1,45.0,2.2031800746917725,0.0001,3384,-0.024407751196122263,-0.2089309602160938,4.402712965384126,-0.45454418659210205,0.2,0.012934946,-32.23587912349031,0.07861328125
217600,2333,-200.0,0,1,45.0,0.8368035554885864,0.0001,3392,-0.009167015112325316,-0.14622767979744822,3.7987395368982106,0.5272026658058167,0.2,0.004295977,-33.73917479049415,0.0341796875
218112,2473,-188.5,0,1,45.0,0.9069753885269165,0.0001,3400,-0.01035330356535269,-0.20541650231461972,4.338405019138008,-0.05262041091918945,0.2,0.0056167645,-35.02016422507353,0.04443359375
218624,2044,-191.0,0,1,45.0,1.4157378673553467,0.0001,3408,-0.010436552758619655,-0.1479054641458788,4.563823598204181,-0.20819580554962158,0.2,0.011581045,-35.75779191180132,0.0361328125
219136,2503,-177.0,0,1,45.0,3.774721622467041,0.0001,3416,-0.013203587477619294,-0.27734540309756994,10.396115945652127,0.2453656792640686,0.2,0.0043094875,-37.32018890394829,0.052978515625
219648,2368,-171.0,0,1,45.0,0.5679665207862854,0.0001,3424,-0.016409975687565748,-0.10378537370706908,2.1615169951692224,-0.8034199476242065,0.2,0.012014113,-37.52389993920922,0.044921875
220160,2428,-161.0,0,1,45.0,1.988986611366272,0.0001,3432,-0.021885101290536113,-0.19612081738887355,6.378949983045459,0.12081903219223022,0.2,0.007909543,-37.991394691932946,0.070068359375
220672,2466,-174.5,0,1,45.0,0.12475648522377014,0.0001,3440,-0.012757155549479648,-0.1753978983615525,2.6614358870428987,0.10458117723464966,0.2,0.006404844,-38.12412255921401,0.043212890625
221184,2444,-152.5,0,1,45.0,2.596890687942505,0.0001,3448,-0.02595378788828384,-0.16475381673080847,8.317889181431383,0.48902928829193115,0.2,0.008522954,-38.59204267100431,0.0751953125
221696,2613,-144.5,0,1,45.0,1.523555874824524,0.0001,3456,-0.01737345999572426,-0.15465144337213133,5.2707222029566765,0.45882296562194824,0.2,0.004126569,-38.74369793872349,0.055908203125
222208,2634,-111.5,0,1,45.0,0.6964435577392578,0.0001,3464,-0.007618936579092406,-0.09030823132343357,2.0180703649821226,-0.5516452789306641,0.2,0.004032803,-38.32458311277442,0.022705078125
222720,2338,-149.0,0,1,45.0,0.2151726633310318,0.0001,3472,-0.012850926228566095,-0.09693977767892648,3.054197956225835,-1.626542091369629,0.2,0.005810977,-37.67484370158985,0.032958984375
223232,2288,-123.0,0,1,45.0,1.9580333232879639,0.0001,3480,-0.010132409712241497,-0.11831500327389222,7.769353166222572,0.08062136173248291,0.2,0.0026776888,-37.17663798283785,0.037841796875
223744,2585,-142.0,0,1,45.0,5.300662994384766,0.0001,3488,-0.010731730348197743,-0.16519527829950675,10.631260415539145,0.3684488534927368,0.2,0.0030472092,-36.65459425615147,0.031005859375
224256,2693,-157.5,0,1,45.0,0.46021685004234314,0.0001,3496,-0.014334834333567414,-0.07182009774260223,3.6391588863916695,0.5691944360733032,0.2,0.0061271135,-35.7803276195284,0.022216796875
224768,2160,-126.0,0,1,45.0,0.7777020931243896,0.0001,3504,-0.014632843696745113,-0.10524414642713964,2.48276385711506,0.5179609060287476,0.2,0.0040093414,-35.578676201300695,0.03564453125
225280,2238,-120.0,0,1,45.0,1.4398244619369507,0.0001,3512,-0.005864242388270213,-0.12209618522319943,4.042083719978109,0.5956208109855652,0.2,0.0026830235,-34.70781405145303,0.016845703125
225792,2559,-97.5,0,1,45.0,3.8619437217712402,0.0001,3520,-0.020601473021088168,-0.17019242758397013,8.516209917142987,0.24254584312438965,0.2,0.0067781825,-33.82079385859892,0.066162109375
226304,2529,-83.0,0,1,45.0,1.9836708307266235,0.0001,3528,-0.012868105670349905,-0.12157989147817716,3.6524639385170303,0.6381427645683289,0.2,0.004239127,-33.08786866359413,0.031005859375
226816,2213,-67.5,0,1,45.0,1.157882809638977,0.0001,3536,-0.01662765247601783,-0.10637133059208281,6.290842982241884,0.2919955253601074,0.2,0.008513872,-32.81417399533093,0.060302734375
227328,2396,-51.0,0,1,45.0,1.3753691911697388,0.0001,3544,-0.010268604695738759,-0.13670071691740304,7.726770395413041,0.21343117952346802,0.2,0.0032879803,-32.63221738830209,0.03662109375
227840,2585,-93.5,0,1,45.0,0.4890565872192383,0.0001,3552,-0.007153245172958123,-0.12113251199480146,7.713615684770048,0.40265291929244995,0.2,0.0025547303,-32.5963256832771,0.01806640625
228352,2538,-93.5,0,1,45.0,2.194334030151367,0.0001,3560,-0.007551797425549012,-0.08831681562878657,2.94517503248062,0.5054803192615509,0.2,0.006027934,-33.1197635926865,0.0283203125
228864,2853,-75.0,0,1,45.0,0.49650838971138,0.0001,3568,-0.01011031827511033,-0.09457289033161942,2.815405014611315,0.29048460721969604,0.2,0.0080288835,-33.13643739327788,0.02783203125
229376,2246,-58.0,0,1,45.0,0.7111968994140625,0.0001,3576,-0.006249356007174356,-0.05442311025399249,1.2288214773288928,0.004644215106964111,0.2,0.004927258,-32.90413048634306,0.016357421875
229888,2647,-82.0,0,1,45.0,3.3063619136810303,0.0001,3584,-0.01823978198808618,-0.1750413128756918,11.598332088906318,0.20386016368865967,0.2,0.009713853,-33.125055846199395,0.0537109375
230400,2364,-64.5,0,1,45.0,0.4320051670074463,0.0001,3592,-0.01223144003233756,-0.081034259594162,1.8457017312466633,-0.12170302867889404,0.2,0.0054280125,-33.54997958594933,0.043701171875
230912,2370,-107.0,0,1,45.0,1.2888946533203125,0.0001,3600,-0.006186119535414036,-0.13020689703989774,6.018871462903917,0.0753394365310669,0.2,0.0018883932,-33.36823770137969,0.02099609375
231424,2606,-83.0,0,1,45.0,3.530601978302002,0.0001,3608,-0.008892549129086547,-0.11509510854375549,11.193058632314205,-0.03126800060272217,0.2,0.0021315373,-33.210020046834835,0.019775390625
231936,2077,-102.5,0,1,45.0,0.058279652148485184,0.0001,3616,-0.010373572040407453,-0.07634499545019935,1.7487359178485349,0.40556442737579346,0.2,0.009400628,-33.33667435357347,0.024658203125
232448,2260,-32.0,0,1,45.0,2.2875492572784424,0.0001,3624,-0.02122690181749931,-0.2662685663672164,16.25208491459489,0.19262778759002686,0.2,0.010169464,-34.10432890880387,0.08740234375
232960,2498,20.5,0,1,45.0,1.7501509189605713,0.0001,3632,-0.01445640097517753,-0.1770424412097782,8.8942511244677,-0.03206992149353027,0.2,0.0062249093,-33.46006276847329,0.038330078125
233472,2784,-17.5,0,1,45.0,0.8836289644241333,0.0001,3640,-0.004731319317215821,-0.092024469813623,6.724701089784503,0.3738659620285034,0.2,0.00395744,-32.747254946841856,0.020263671875
233984,1910,-34.5,0,1,45.0,0.4072340130805969,0.0001,3648,-0.008104881570034195,-0.05759073180524865,2.199121437894064,0.32410871982574463,0.2,0.009281235,-32.81809199593496,0.021728515625
234496,2409,-4.5,0,1,45.0,0.8340563774108887,0.0001,3656,-0.0093580163520528,-0.10142577494843863,3.258355011465028,0.3191746473312378,0.2,0.0058308016,-32.36555775319692,0.035400390625
235008,2732,-37.5,0,1,45.0,4.030986309051514,0.0001,3664,-0.00912108353622898,-0.11089725686906604,6.913977766176686,0.5753026604652405,0.2,0.0068489974,-31.607043302496894,0.0361328125
235520,2393,-24.5,0,1,45.0,0.03954532369971275,0.0001,3672,-0.007762362627545372,-0.050532761932117864,1.6344329762505367,0.5565037727355957,0.2,0.011103913,-31.798374161561952,0.01416015625
236032,2428,-31.0,0,1,45.0,0.6028791666030884,0.0001,3680,-0.008597157822805457,-0.09527854180487338,4.969613500405103,0.44504934549331665,0.2,0.004359521,-31.393225690377875,0.014892578125
236544,2080,-15.0,0,1,45.0,1.16471529006958,0.0001,3688,-0.005745782244048314,-0.06281635811319575,8.144915570970625,0.5364817380905151,0.2,0.0024429816,-31.207006183071062,0.016357421875
237056,2456,-8.5,0,1,45.0,3.9445040225982666,0.0001,3696,-0.005735849641496316,-0.14251904064440168,16.60409247688949,0.5041706264019012,0.2,0.0013456973,-30.1699433029769,0.012939453125
237568,2563,-26.0,0,1,45.0,8.230841636657715,0.0001,3704,-0.005221027706284076,-0.09928222827147692,11.140878573991358,0.618778645992279,0.2,0.0032918076,-30.194676888678224,0.02001953125
238080,2547,-7.0,0,1,45.0,0.5206544399261475,0.0001,3712,-0.00562515965430066,-0.07636409316910431,6.987485229270533,0.3346517086029053,0.2,0.0018275266,-30.82939918216318,0.010498046875
238592,2644,-2.0,0,1,45.0,0.31179165840148926,0.0001,3720,-0.007193527659183019,-0.08371645957231522,6.052394286729395,0.4270760416984558,0.2,0.0029822157,-30.94157736954279,0.022705078125
239104,2314,42.5,0,1,45.0,0.22989678382873535,0.0001,3728,-0.008835626744257752,-0.0653511123964563,3.3111224539461546,0.12818533182144165,0.2,0.015074604,-31.139339469159022,0.0263671875
239616,2487,65.5,0,1,45.0,1.8226597309112549,0.0001,3736,-0.010120655802893452,-0.1159056817414239,4.850874855648726,0.36859744787216187,0.2,0.004839453,-31.449560112599283,0.03125
240128,2355,78.5,0,1,45.0,1.0528653860092163,0.0001,3744,-0.005007914078305475,-0.08494799344043713,2.399780734675005,0.6836300790309906,0.2,0.01122185,-31.14398168781772,0.023681640625
240640,2535,86.5,0,1,45.0,2.2238235473632812,0.0001,3752,-0.005732309291488491,-0.07608239175169729,6.443060050718486,0.49535107612609863,0.2,0.0029548742,-31.780371966063978,0.01953125
241152,2092,103.5,0,1,45.0,0.2340438961982727,0.0001,3760,-0.004883464473095955,-0.06544090659008361,5.691165399271995,0.5839634835720062,0.2,0.0036488278,-31.44638204067014,0.013671875
241664,2471,71.5,0,1,45.0,2.3296749591827393,0.0001,3768,-0.007049543331959285,-0.12454647143022157,7.394197904504836,0.07667827606201172,0.2,0.0039594034,-31.827277619866653,0.02392578125
242176,2782,30.0,0,1,45.0,0.24382299184799194,0.0001,3776,-0.010818291593750473,-0.08218460906937253,4.581865678308532,0.6339479088783264,0.2,0.0032593685,-31.56901432669256,0.024169921875
242688,1811,26.5,0,1,45.0,0.420712947845459,0.0001,3784,-0.008024028627914959,-0.05164485998102464,2.0638105556135997,0.2502128481864929,0.2,0.007190658,-31.16675811099354,0.015625
243200,2220,100.0,0,1,45.0,0.7009119987487793,0.0001,3792,-0.005293091431667563,-0.10654294700361788,6.502727491315454,0.2596811056137085,0.2,0.018720036,-30.147968612140975,0.024658203125
243712,2328,108.5,0,1,45.0,4.062664985656738,0.0001,3800,-0.008968525726231746,-0.11918091075494885,17.298062905669212,0.5678153336048126,0.2,0.0016883096,-28.57254786006175,0.017822265625
244224,2423,122.0,0,1,45.0,1.1998693943023682,0.0001,3808,-0.010135865297343116,-0.08621332045004237,8.578953095944598,0.7443704605102539,0.2,0.003074423,-27.56790733927861,0.020263671875
244736,2264,104.0,0,1,45.0,0.8091197609901428,0.0001,3816,-0.009988214857003186,-0.09532821382163092,6.8252050573937595,0.569664478302002,0.2,0.0052586817,-27.00467937684618,0.0244140625
245248,2367,126.0,0,1,45.0,2.520336389541626,0.0001,3824,-0.005688495621143375,-0.10101647916599177,6.739442038349807,0.47777318954467773,0.2,0.0021835456,-26.516351709831508,0.0205078125
245760,1812,66.0,0,1,45.0,0.5483192801475525,0.0001,3832,-0.005556125288421754,-0.08251558952906635,8.358788884012029,0.6741997599601746,0.2,0.00080899533,-25.642369487765244,0.010498046875
246272,2292,80.5,0,1,45.0,0.8451324701309204,0.0001,3840,-0.0067387465096544474,-0.11713994911406189,11.342844045720994,0.6525428593158722,0.2,0.0033222763,-26.171538711148315,0.018798828125
246784,2631,134.5,0,1,45.0,0.7725624442100525,0.0001,3848,-0.005943474079685984,-0.10149376372282859,7.36946536321193,0.352441668510437,0.2,0.003161635,-26.044399476526305,0.02099609375
247296,2575,97.5,0,1,45.0,0.7609336972236633,0.0001,3856,-0.006266087519179564,-0.06521254021208733,6.603869819344254,0.40027064085006714,0.2,0.002130542,-25.893905100924894,0.01123046875
247808,2570,16.5,0,1,45.0,0.34952017664909363,0.0001,3864,-0.005947289653704502,-0.06602698782808147,3.5042582010501064,0.6369834542274475,0.2,0.0057689445,-27.134715399360285,0.0205078125
248320,2489,-11.0,0,1,45.0,0.3853566348552704,0.0001,3872,-0.0069197710872686,-0.08640489965910092,2.117616683244705,-0.06607484817504883,0.2,0.0033818008,-29.1242394818319,0.025634765625
248832,2370,-59.5,0,1,45.0,2.994218111038208,0.0001,3880,-0.006937929105333751,-0.09097043931251392,10.56029077526182,0.4975631833076477,0.2,0.0038046208,-30.34128054171335,0.02099609375
249344,2340,-40.0,0,1,45.0,1.223117470741272,0.0001,3888,-0.007817932055331767,-0.10233430992229842,6.383080758154392,0.45550721883773804,0.2,0.007041732,-31.67616374169942,0.028564453125
249856,2312,-23.5,0,1,45.0,4.457817554473877,0.0001,3896,-0.005561424899497069,-0.08946468695648946,9.39825467672199,0.36374330520629883,0.2,0.0018676665,-32.37049811759498,0.0146484375
250368,2461,18.0,0,1,45.0,3.293972969055176,0.0001,3904,-0.0057037620863411576,-0.11159453185973689,10.822848404757679,0.6257200539112091,0.2,0.002487654,-32.616634211526254,0.01806640625
250880,1746,17.0,0,1,45.0,3.314096212387085,0.0001,3912,-0.005318489605997456,-0.11795789876487106,9.479831187054515,0.7834688723087311,0.2,0.002742677,-32.27339336870704,0.016845703125
251392,2730,6.0,0,1,45.0,4.935281753540039,0.0001,3920,-0.005345143023987475,-0.15594880149001256,12.742316974326968,0.5617117285728455,0.2,0.0035621636,-31.784868516447023,0.027099609375
251904,2455,-9.0,0,1,45.0,2.8161349296569824,0.0001,3928,-0.010418043071695138,-0.14499262074241415,5.545512934215367,-0.17929339408874512,0.2,0.011510786,-31.866669298000634,0.0205078125
252416,2321,0.0,0,1,45.0,0.35171976685523987,0.0001,3936,-0.017193873674841598,-0.28691514499951154,5.034578958526254,-0.37615883350372314,0.2,0.02077649,-31.494072662848048,0.07666015625
252928,2088,69.5,0,1,45.0,2.3022654056549072,0.0001,3944,-0.0241239414554002,-0.2832973935874179,9.729453071020544,0.4084765911102295,0.2,0.022918018,-30.62174689197447,0.113037109375
253440,2286,67.0,0,1,45.0,4.034768581390381,0.0001,3952,-0.019178007129085017,-0.36430023703724146,15.936286331154406,0.46944135427474976,0.2,0.045649007,-29.355980077921412,0.1337890625
253952,2249,106.0,0,1,45.0,2.165174961090088,0.0001,3960,-0.013727484292758163,-0.41492340969853103,8.177044094074517,-0.11425590515136719,0.2,0.027845997,-28.983279055352323,0.15576171875
254464,2109,87.0,0,1,45.0,6.1391143798828125,0.0001,3968,-0.009522123749775346,-0.34628674387931824,13.09704862255603,0.40780574083328247,0.2,0.0049964963,-28.443437710958534,0.0615234375
254976,2574,56.5,0,1,45.0,1.1067075729370117,0.0001,3976,-0.014342633876367472,-0.31052827544044703,8.927386356052011,0.4282899498939514,0.2,0.0067197727,-28.752788901417517,0.052978515625
255488,2520,18.5,0,1,45.0,0.4623931646347046,0.0001,3984,-0.01165462802782713,-0.21810576575808227,6.290909024886787,0.34888339042663574,0.2,0.030872986,-29.286001604800113,0.06396484375
256000,2130,83.5,0,1,45.0,0.5903973579406738,0.0001,3992,-0.009714466104924213,-0.13105746114160866,7.111817197408527,0.03951060771942139,0.2,0.01654211,-30.76327355805319,0.045654296875
256512,2253,111.0,0,1,45.0,0.30420994758605957,0.0001,4000,-0.006898761399497744,-0.12799550488125533,5.612737728166394,-0.18612909317016602,0.2,0.002978788,-30.957439477415754,0.01953125
257024,2336,105.5,0,1,45.0,4.3082356452941895,0.0001,4008,-0.016017107060179114,-0.14029803511220962,7.230778829194605,0.2541978359222412,0.2,0.006916194,-31.273633225755766,0.04052734375
257536,2703,67.5,0,1,45.0,2.5464043617248535,0.0001,4016,-0.006871052130009048,-0.09354702211567201,8.812325180741027,0.42450106143951416,0.2,0.0022596498,-31.65017562927678,0.022705078125
258048,2271,32.5,0,1,45.0,0.2781657874584198,0.0001,4024,-0.008851257785863709,-0.08449377634678967,2.7074235659092665,0.7011739611625671,0.2,0.008229885,-32.682414422445,0.030517578125
258560,2483,-6.5,0,1,45.0,2.2267332077026367,0.0001,4032,-0.008681988620082848,-0.12491168384440243,7.991885375231504,0.3380765914916992,0.2,0.0041416977,-32.791273386050015,0.031005859375
259072,2015,5.5,0,1,45.0,1.2229342460632324,0.0001,4040,-0.008057831619225908,-0.07775667548412457,5.951555714942515,0.4838584065437317,0.2,0.0019841124,-33.00809359110426,0.015869140625
259584,2563,34.0,0,1,45.0,4.208072662353516,0.0001,4048,-0.010185067585553043,-0.14380228822119534,23.318264067173004,0.5586797893047333,0.2,0.002636097,-32.00132466783281,0.02197265625
260096,2693,37.5,0,1,45.0,2.3120996952056885,0.0001,4056,-0.0034084984836226795,-0.07112664844316896,8.844435987994075,0.3439103364944458,0.2,0.00047987024,-31.726034683943727,0.00341796875
260608,2490,51.5,0,1,45.0,0.5202955603599548,0.0001,4064,-0.008797156340733636,-0.058605612081009895,7.657076933130156,0.2857248783111572,0.2,0.0059736716,-31.200308749047107,0.0244140625
261120,2480,36.5,0,1,45.0,1.7271828651428223,0.0001,4072,-0.00451255315419985,-0.06123861150990706,6.4784771495033056,0.6581878662109375,0.2,0.0011988657,-30.48039800698869,0.012451171875
261632,2321,40.0,0,1,45.0,0.801231861114502,0.0001,4080,-0.00869153420717339,-0.07033067042357288,6.601216343813576,0.6444524228572845,0.2,0.009557411,-29.83319925595075,0.029052734375
262144,2480,61.5,0,1,45.0,2.8555657863616943,0.0001,4088,-0.004321746579080354,-0.06559599746833555,9.812179224565625,0.6768114268779755,0.2,0.0020364267,-28.872905689184552,0.012939453125
262656,2320,76.0,0,1,45.0,2.1704328060150146,0.0001,4096,-0.007928005674330052,-0.0731801189831458,4.902211601962335,0.5488831698894501,0.2,0.0054211006,-28.476518576596863,0.023681640625
263168,2429,87.0,0,1,45.0,2.5412564277648926,0.0001,4104,-0.010370130723458715,-0.07217684619536158,9.464499312802218,0.5263610482215881,0.2,0.009982574,-28.280131180896422,0.033447265625
263680,2167,112.5,0,1,45.0,0.49640583992004395,0.0001,4112,-0.006317625848168973,-0.06329291335714515,6.105322247603908,0.5421923398971558,0.2,0.003650846,-28.126957684177906,0.01806640625
264192,2415,92.0,0,1,45.0,1.8939350843429565,0.0001,4120,-0.006263158553338144,-0.09119949353043921,6.753233129973523,0.5180009007453918,0.2,0.0026284927,-28.687248771479354,0.02197265625
264704,2664,123.5,0,1,45.0,1.6421692371368408,0.0001,4128,-0.00912305508973077,-0.07527929272328038,9.227423765696585,0.3128918409347534,0.2,0.00333195,-29.283505470743403,0.021728515625
265216,2402,111.0,0,1,45.0,1.0133424997329712,0.0001,4136,-0.008207205075450474,-0.04638973672990687,5.592809415771626,-0.06176352500915527,0.2,0.00089279166,-29.34343073875643,0.013916015625
265728,2578,108.0,0,1,45.0,0.2325952798128128,0.0001,4144,-0.011354428999766242,-0.08979077650292311,9.03252946480643,0.3344966769218445,0.2,0.015725201,-29.91245568852406,0.032470703125
266240,2500,67.5,0,1,45.0,1.7154598236083984,0.0001,4152,-0.010755282900390739,-0.07588178141304525,5.54396159586031,0.08624547719955444,0.2,0.0070868935,-31.275659475410357,0.037109375
266752,2276,125.0,0,1,45.0,0.24644343554973602,0.0001,4160,-0.003821427257207688,-0.05927894387423294,6.080513712135144,0.6315341293811798,0.2,0.0034186586,-32.0856492323149,0.01611328125
267264,1541,164.0,0,1,45.0,0.9931293725967407,0.0001,4168,-0.010542642536165658,-0.06653855730837677,4.343953460920602,0.4408181309700012,0.2,0.007774086,-31.81712820374407,0.031005859375
267776,2460,139.0,0,1,45.0,1.8429008722305298,0.0001,4176,-0.005133536382345483,-0.099934463534737,11.546703618951142,0.6297672986984253,0.2,0.0037346603,-31.46690321105998,0.013916015625
268288,2204,163.0,0,1,45.0,4.10860013961792,0.0001,4184,-0.006358234772051219,-0.052570870728231966,12.524238666519523,0.7090277671813965,0.2,0.0013071431,-31.652036004322582,0.01171875
268800,2332,208.0,0,1,45.0,3.4941275119781494,0.0001,4192,-0.006438372494812938,-0.06690662412438542,17.816094215027988,0.76486836373806,0.2,0.0016489106,-31.00912345440127,0.018310546875
269312,2630,208.0,0,1,45.0,8.688108444213867,0.0001,4200,-0.0037793705851072446,-0.06012728983478155,17.190649101510644,0.639775812625885,0.2,0.0012528297,-29.90790063851513,0.007568359375
269824,2557,193.5,0,1,45.0,0.2876809239387512,0.0001,4208,-0.0014402448941837065,-0.02913313497265335,7.464047557441518,0.2072662115097046,0.2,0.00047590374,-29.365399658503012,0.001708984375
270336,2437,223.5,0,1,45.0,0.7101345062255859,0.0001,4216,-0.009558746769471327,-0.06440265249693766,5.383600558154285,0.174233078956604,0.2,0.006593823,-28.481024678638207,0.017822265625
270848,2332,249.5,0,1,45.0,0.19350901246070862,0.0001,4224,-0.004940092308970634,-0.05810971021128353,3.385308156721294,0.4098357558250427,0.2,0.019842962,-27.3020431872271,0.028076171875
271360,2323,210.0,0,1,45.0,1.5688989162445068,0.0001,4232,-0.002991481793287676,-0.047755836640135385,8.685652600135654,0.6320492327213287,0.2,0.0021286234,-26.585726507846267,0.0078125
271872,2350,208.0,0,1,45.0,0.8012686967849731,0.0001,4240,-0.005439972041131114,-0.05094203101180028,3.2526827906258404,0.6647625267505646,0.2,0.0049988786,-26.440368007891813,0.017578125
272384,2398,232.0,0,1,45.0,1.1782751083374023,0.0001,4248,-0.0024618832976557314,-0.040835955791408196,7.946026483783498,-0.006760239601135254,0.2,0.0012908794,-26.551880790297872,0.00732421875
272896,2421,206.5,0,1,45.0,1.1814178228378296,0.0001,4256,-0.004341379793913802,-0.035180238730390556,6.821260307915509,0.5823655426502228,0.2,0.0020409618,-26.1751986273448,0.009765625
273408,2504,164.5,0,1,45.0,0.6467265486717224,0.0001,4264,-0.0035842700463035726,-0.02800089420634322,7.475215994985774,0.5826921761035919,0.2,0.0011279843,-26.54829815366538,0.005859375
273920,2684,123.5,0,1,45.0,1.1344867944717407,0.0001,4272,-0.0011282346276857425,-0.03431468841154128,6.152029976481572,0.3858562111854553,0.2,0.006523708,-27.20763771696249,0.010009765625
274432,2557,123.0,0,1,45.0,0.36417844891548157,0.0001,4280,-0.0034996963513549417,-0.03391640064000967,3.60639634472318,0.5737284719944,0.2,0.008238784,-27.788854926119093,0.01123046875
274944,2267,166.5,0,1,45.0,0.6088289618492126,0.0001,4288,-0.0038345293651218526,-0.05450441755965585,4.2907815768849105,0.5867770910263062,0.2,0.0020947596,-28.445079285793472,0.011474609375
275456,2379,149.5,0,1,45.0,3.326871871948242,0.0001,4296,-0.009658779468736611,-0.08328091572911944,14.59565029386431,0.411116361618042,0.2,0.0033766553,-28.380779991925227,0.02099609375
275968,2198,151.0,0,1,45.0,3.734891891479492,0.0001,4304,-0.003587144808989251,-0.05591161706979619,8.343485417310148,0.665542870759964,0.2,0.0036086596,-29.3369294277695,0.0166015625
276480,2528,122.5,0,1,45.0,2.074021816253662,0.0001,4312,-0.0062835954304318875,-0.08788930105220061,10.456074437126517,0.5922687947750092,0.2,0.002898982,-30.27199424601393,0.0224609375
276992,2089,76.5,0,1,45.0,0.19752256572246552,0.0001,4320,-0.004953602452587802,-0.0475664372133906,3.2605268151964992,0.49172842502593994,0.2,0.0026280475,-30.844473599076736,0.01025390625
277504,2299,72.0,0,1,45.0,9.045186042785645,0.0001,4328,-0.006674982992990408,-0.1055092764145229,18.225689809769392,0.4594117999076843,0.2,0.0018695063,-31.061583726434037,0.02197265625
278016,2342,84.5,0,1,45.0,5.234422206878662,0.0001,4336,-0.007233024578454206,-0.0772083967749495,12.310014099813998,0.571276068687439,0.2,0.0009743691,-31.033443391108886,0.013916015625
278528,2475,102.0,0,1,45.0,0.8756710886955261,0.0001,4344,-0.0047697301633888856,-0.05325321600685129,6.141359402681701,0.5939582884311676,0.2,0.0024745218,-31.07610522392206,0.009033203125
279040,2510,94.5,0,1,45.0,0.9216111898422241,0.0001,4352,-0.00701769373335992,-0.05742654134519398,6.6939764795824885,0.5330076217651367,0.2,0.0060255267,-30.920305729280226,0.022705078125
279552,2273,67.0,0,1,45.0,0.44087234139442444,0.0001,4360,-0.011904113209311618,-0.07073498739191564,3.554909860016778,0.5660472512245178,0.2,0.0063008945,-30.674857599767858,0.028564453125
280064,2445,100.0,0,1,45.0,2.715711832046509,0.0001,4368,-0.005507612364453962,-0.06395209142647218,6.210783782880753,0.6317290663719177,0.2,0.004204988,-30.82229420747608,0.021484375
280576,2322,85.0,0,1,45.0,0.3209024667739868,0.0001,4376,-0.010858533805730985,-0.06889256658178056,6.169370950432494,0.5664068758487701,0.2,0.0031730589,-30.07732690568082,0.043701171875
281088,2334,97.0,0,1,45.0,0.6558638215065002,0.0001,4384,-0.00988646431505913,-0.06389399737963686,9.198240819387138,-0.25102925300598145,0.2,0.0072388714,-29.046484662843866,0.0234375
281600,2181,130.0,0,1,45.0,4.57197380065918,0.0001,4392,-0.002639132690092083,-0.03541880285774823,11.06011136318557,0.6449523568153381,0.2,0.0014085766,-28.166584243578836,0.006103515625
282112,2463,116.5,0,1,45.0,2.6780383586883545,0.0001,4400,-0.007228414164274,-0.06268821201229002,12.33779763057828,0.5216931700706482,0.2,0.0033556428,-27.035844155754894,0.01806640625
282624,2578,105.5,0,1,45.0,0.217073455452919,0.0001,4408,-0.00456769536685897,-0.04139944403868867,7.435481378110126,0.6070106327533722,0.2,0.0039041429,-26.21415812931955,0.00830078125
283136,2358,129.5,0,1,45.0,1.6469922065734863,0.0001,4416,-0.006675347329291981,-0.06528764619724825,10.663297275081277,0.31743282079696655,0.2,0.0023208088,-25.47956117382273,0.024658203125
283648,2297,159.5,0,1,45.0,1.75321626663208,0.0001,4424,-0.007413715436996426,-0.09601626856601797,4.970581650733948,0.4915560483932495,0.2,0.009764342,-24.859770717420616,0.0341796875
284160,2356,177.0,0,1,45.0,3.2677290439605713,0.0001,4432,-0.005329450381395873,-0.07601429164060391,7.463350395672023,0.1124652624130249,0.2,0.0053906357,-24.232650253442117,0.031005859375
284672,2482,169.5,0,1,45.0,0.9626403450965881,0.0001,4440,-0.007527049303462263,-0.0643742765460047,7.2660663013812155,0.6549420356750488,0.2,0.004806564,-23.659629329624586,0.0205078125
285184,2409,141.0,0,1,45.0,2.577286720275879,0.0001,4448,-0.004301699020288652,-0.055173495900817215,8.4685950120911,0.6683927178382874,0.2,0.0008493953,-23.561783143724316,0.010498046875
285696,2466,139.0,0,1,45.0,1.7243478298187256,0.0001,4456,-0.005087697660201229,-0.058646669815061614,11.244542808737606,0.08514636754989624,0.2,0.0016645476,-24.366480686231515,0.01318359375
286208,2175,148.5,0,1,45.0,0.18892018496990204,0.0001,4464,-0.003784075208386639,-0.051756554832536494,6.062792313518003,0.6125654578208923,0.2,0.0014203832,-25.09576305880677,0.0087890625
286720,2299,158.5,0,1,45.0,0.6069813370704651,0.0001,4472,-0.0035987375595141202,-0.06710275691875722,7.0739859151653945,0.6048365533351898,0.2,0.0039337585,-26.368823128226214,0.0146484375
287232,2671,142.5,0,1,45.0,0.25980302691459656,0.0001,4480,-0.006537187837238889,-0.0890925842395518,7.322707334998995,0.4299180507659912,0.2,0.0074117333,-27.7250505658146,0.03271484375
287744,2217,153.5,0,1,45.0,0.03163585066795349,0.0001,4488,-0.012001091294223443,-0.057598927822255064,2.773643056250876,-0.02701592445373535,0.2,0.0150478985,-28.115681578991936,0.029052734375
288256,2222,132.0,0,1,45.0,0.9571449160575867,0.0001,4496,-0.009599950011761393,-0.10398189001716673,9.780397617258132,0.31977516412734985,0.2,0.009580706,-28.823699750290253,0.045654296875
288768,2132,95.0,0,1,45.0,0.8401174545288086,0.0001,4504,-0.0011416153456593747,-0.09976315771928057,4.444546994287521,0.6559824645519257,0.2,0.009713918,-29.41994971044827,0.0390625
289280,2381,84.0,0,1,45.0,0.7640174627304077,0.0001,4512,-0.013049334658717271,-0.08898932591546327,5.77857544622384,0.44635844230651855,0.2,0.009983463,-30.435457049338147,0.03564453125
289792,2056,61.0,0,1,45.0,3.9420993328094482,0.0001,4520,-0.01724767252744641,-0.11894849569944199,5.8448615776142105,0.3627551198005676,0.2,0.0052824724,-31.28660253523849,0.048828125
290304,1721,82.0,0,1,45.0,3.8730485439300537,0.0001,4528,-0.015451936993486015,-0.13950178865343332,11.907121445983648,0.36364078521728516,0.2,0.0044671744,-32.31328126351815,0.04833984375
290816,2400,56.5,0,1,45.0,2.146080732345581,0.0001,4536,-0.010238890543405432,-0.10245535471767653,5.559759736992419,0.47424978017807007,0.2,0.0041419,-32.33957840886433,0.031005859375
291328,2433,72.5,0,1,45.0,0.6254584193229675,0.0001,4544,-0.015025387052446604,-0.07755484437802806,3.8405339850578457,-1.7697391510009766,0.2,0.011327961,-32.91611793872435,0.031005859375
291840,2514,66.5,0,1,45.0,0.14966797828674316,0.0001,4552,-0.008464057278615655,-0.06771673959156033,2.6268254725728184,0.22909235954284668,0.2,0.0046449094,-32.352186976880766,0.01904296875
292352,2209,98.5,0,1,45.0,0.5507611632347107,0.0001,4560,-0.010451903286593733,-0.059817038680193946,3.1058133844053373,0.3470463752746582,0.2,0.004118093,-31.72393374725245,0.02294921875
292864,2384,112.5,0,1,45.0,1.6784600019454956,0.0001,4568,-0.007513564378314186,-0.11713522276841104,8.07085466105491,0.20598000288009644,0.2,0.0038614105,-31.471261716457082,0.027587890625
293376,2211,166.5,0,1,45.0,0.8974634408950806,0.0001,4576,-0.007716612180956872,-0.05894655074735056,4.9362879225518554,0.4700777530670166,0.2,0.004518059,-30.68007376580499,0.014892578125
293888,2467,204.5,0,1,45.0,1.9427484273910522,0.0001,4584,-0.004246416880050674,-0.07050047872326104,6.327557917218655,0.6505878865718842,0.2,0.003603648,-29.368800686886534,0.02001953125
294400,2510,148.0,0,1,45.0,0.5269726514816284,0.0001,4592,-0.005995481460558949,-0.04712958023446845,2.3327579967444763,0.7986091673374176,0.2,0.0062578768,-27.575060412660243,0.020751953125
294912,2139,137.5,0,1,45.0,1.4503289461135864,0.0001,4600,-0.008302397825900698,-0.046835486547934124,5.7830347600393,-0.30063295364379883,0.2,0.0049718684,-26.846148747918196,0.019287109375
295424,2649,119.5,0,1,45.0,1.507308840751648,0.0001,4608,-0.010788582352688536,-0.10526441306865308,7.789606905542314,0.41182971000671387,0.2,0.0057056844,-26.12874509300571,0.049560546875
295936,2344,123.5,0,1,45.0,0.1477898508310318,0.0001,4616,-0.0018409644490020582,-0.03347565511103312,2.1792580451001413,0.5375667810440063,0.2,0.0029329108,-26.010580727509222,0.015625
296448,2626,87.0,0,1,45.0,1.0141890048980713,0.0001,4624,-0.009278822031774325,-0.06038670398265822,6.732007034122944,0.4115641117095947,0.2,0.004422227,-26.250448421747425,0.02197265625
296960,2648,66.5,0,1,45.0,0.13858836889266968,0.0001,4632,-0.003704538892634446,-0.027750182076488272,3.223676639026962,0.6004964709281921,0.2,0.0024102246,-26.98384158276487,0.00634765625
297472,2364,23.0,0,1,45.0,0.6655684113502502,0.0001,4640,-0.005458179490233306,-0.03701481510142912,3.606627384200692,0.40963804721832275,0.2,0.0031857793,-27.682804824304768,0.01220703125
297984,2216,12.5,0,1,45.0,0.7771629691123962,0.0001,4648,-0.00506615398262511,-0.05034685178907239,6.308235767297447,0.4790726900100708,0.2,0.0033410797,-29.104050695057957,0.013916015625
298496,1665,33.5,0,1,45.0,0.6789851188659668,0.0001,4656,-0.0043306814404786564,-0.04286640738428105,4.152701189741492,0.7887674868106842,0.2,0.0027457997,-29.957985202325506,0.01416015625
299008,2488,63.5,0,1,45.0,1.1839221715927124,0.0001,4664,-0.006693792838632362,-0.04955959998187609,5.3435945264063776,0.7462114989757538,0.2,0.0070215557,-30.997716303355993,0.0185546875
299520,2206,100.0,0,1,45.0,0.8417879939079285,0.0001,4672,-0.006749062733433675,-0.044370181512931595,7.909495541360229,0.6161757409572601,0.2,0.0015647826,-31.05270256428048,0.011962890625
300032,2469,82.5,0,1,45.0,5.910161018371582,0.0001,4680,-0.00898890654934803,-0.07782522207708098,9.40495009580627,0.5618854463100433,0.2,0.006895151,-31.68943285202142,0.03662109375
300544,2593,85.5,0,1,45.0,1.1437523365020752,0.0001,4688,-0.002581378608738305,-0.04441022375249304,6.23761205910705,0.14539778232574463,0.2,0.0043377955,-31.986116525228134,0.024169921875
301056,2289,102.5,0,1,45.0,0.731589674949646,0.0001,4696,-0.009629052212858369,-0.03481634729541838,5.720098017714918,0.21386796236038208,0.2,0.0031378511,-32.18645516126416,0.018310546875
301568,2312,159.0,0,1,45.0,0.22459742426872253,0.0001,4704,-0.010528493869060185,-0.07377593123237602,4.236070452257991,0.514408528804779,0.2,0.007818949,-32.311788291586566,0.03955078125
302080,1989,204.5,0,1,45.0,1.168515682220459,0.0001,4712,-0.008915920505387476,-0.07178222473885398,4.829477908555418,0.15343725681304932,0.2,0.007868981,-31.524508334528655,0.02099609375
302592,2569,197.5,0,1,45.0,1.6097393035888672,0.0001,4720,-0.010733157523645787,-0.10891377719235606,6.402361654676497,0.4332740902900696,0.2,0.0054521337,-30.99239697714802,0.043701171875
303104,2191,179.5,0,1,45.0,0.32965967059135437,0.0001,4728,-0.005646395155054051,-0.0467967934164335,1.9862462260061875,0.7033213376998901,0.2,0.0037635611,-30.394083911594933,0.016357421875
303616,2426,205.0,0,1,45.0,1.298964262008667,0.0001,4736,-0.011602625294472091,-0.10440273536369205,6.114945993293077,-0.4788764715194702,0.2,0.007310081,-30.38277208280284,0.031982421875
304128,2106,239.5,0,1,45.0,0.27909958362579346,0.0001,4744,-0.007599882621434517,-0.056931074599560816,4.077164623653516,0.42518115043640137,0.2,0.0059256833,-29.93791996192653,0.032470703125
304640,2459,240.0,0,1,45.0,1.7991223335266113,0.0001,4752,-0.005950184429821093,-0.09255007767933421,7.443266839720309,0.3480648398399353,0.2,0.0053071342,-29.59683687504381,0.030029296875
305152,2453,257.0,0,1,45.0,0.25185006856918335,0.0001,4760,-0.00817134061071556,-0.051201384521846194,3.0099875922314823,-0.10872220993041992,0.2,0.00581073,-28.98078409159556,0.023193359375
305664,1620,314.0,0,1,45.0,0.510182797908783,0.0001,4768,-0.006963071249629138,-0.05278693059517536,2.867506147478707,0.3402743339538574,0.2,0.0049137506,-28.570966887618415,0.016845703125
306176,2251,280.0,0,1,45.0,0.5250288844108582,0.0001,4776,-0.008722141741600353,-0.08559686559601687,5.073874291265383,0.33678674697875977,0.2,0.0024095979,-27.69447277443949,0.02685546875
306688,2450,246.5,0,1,45.0,0.8273681998252869,0.0001,4784,-0.01101162652412313,-0.0871055188763421,5.136482483241707,0.36952418088912964,0.2,0.009966198,-27.77770866594743,0.030029296875
307200,2436,258.5,0,1,45.0,1.5227147340774536,0.0001,4792,-0.004166834885836579,-0.04806144112808397,5.6970608660485595,0.3800179362297058,0.2,0.002026576,-27.475832958812827,0.012939453125
307712,2184,257.5,0,1,45.0,0.8024977445602417,0.0001,4800,-0.0064729465811979026,-0.0507338071729464,5.268620667047799,0.6732293963432312,0.2,0.0025617217,-27.312048834240997,0.017578125
308224,2246,238.0,0,1,45.0,1.729967713356018,0.0001,4808,-0.009795363166631432,-0.07873871940682875,8.560074324253947,0.4865112900733948,0.2,0.004966515,-26.715685670017265,0.031982421875
308736,2101,283.5,0,1,45.0,1.6107853651046753,0.0001,4816,-0.006073294647649163,-0.06512137314348365,6.964786733966321,0.5703053176403046,0.2,0.004165625,-26.554227785710246,0.021728515625
309248,2414,271.5,0,1,45.0,0.6810413002967834,0.0001,4824,-0.003823666582320584,-0.082956871134229,7.455119827762246,0.7095184624195099,0.2,0.0014966127,-25.89927975544706,0.018310546875
309760,2582,237.0,0,1,45.0,0.21686625480651855,0.0001,4832,-0.004304889036575332,-0.05197194637003122,4.834080818691291,-0.06281185150146484,0.2,0.008856881,-26.050081954738125,0.021728515625
310272,2388,217.5,0,1,45.0,2.2730445861816406,0.0001,4840,-0.0007083750169840641,-0.04064524225759669,3.0981639865785837,0.3285117745399475,0.2,0.0024495386,-25.928558160928077,0.013671875
310784,2238,203.0,0,1,45.0,0.3758511543273926,0.0001,4848,-0.009222379187121987,-0.062487273768056184,3.0522038533817977,-0.1068652868270874,0.2,0.0072934567,-26.207579532465896,0.03125
311296,2484,183.5,0,1,45.0,0.3245653212070465,0.0001,4856,-0.0102643944992451,-0.08237552588980179,4.595571057405323,0.30794769525527954,0.2,0.005615856,-26.43790215902496,0.03076171875
311808,2415,181.0,0,1,45.0,0.10842433571815491,0.0001,4864,-0.008021779351111036,-0.059761273147159955,2.161765724536963,-0.8947882652282715,0.2,0.008343365,-26.977973733912222,0.0244140625
312320,2194,150.5,0,1,45.0,1.3174749612808228,0.0001,4872,-0.00951824074581964,-0.05634533476404613,4.34292056853883,0.2619639039039612,0.2,0.009215014,-26.895509062143972,0.028076171875
312832,2321,183.5,0,1,45.0,1.6077073812484741,0.0001,4880,-0.011420783670473611,-0.09517372434493154,5.618945904076099,0.19533473253250122,0.2,0.0064525316,-27.611807239628398,0.040283203125
313344,1692,160.0,0,1,45.0,1.6707583665847778,0.0001,4888,-0.00934234271699097,-0.06325263756298227,5.178693986963481,0.42936772108078003,0.2,0.002257741,-27.29534779786598,0.021240234375
313856,2540,140.0,0,1,45.0,0.9199069738388062,0.0001,4896,-0.0064498364426981425,-0.07735696580493823,6.347239420749247,0.6316571831703186,0.2,0.0050747725,-27.643030536393635,0.0390625
314368,2559,172.0,0,1,45.0,0.8935362100601196,0.0001,4904,-0.0070517861213375,-0.04324415945120563,3.0707379969535396,0.08118170499801636,0.2,0.005368336,-28.0570213399129,0.013671875
314880,2240,140.0,0,1,45.0,0.717820942401886,0.0001,4912,-0.003080627768213162,-0.038803041161372676,4.9412776220124215,0.4165586233139038,0.2,0.0018698731,-28.224090987020173,0.00927734375
315392,2314,128.5,0,1,45.0,3.6587791442871094,0.0001,4920,-0.009912987567076925,-0.09175923455040902,12.03734321705997,0.4629271626472473,0.2,0.002458971,-28.354446564544922,0.01416015625
315904,2215,164.0,0,1,45.0,3.7968015670776367,0.0001,4928,-0.017673481626843568,-0.09497773021575995,12.731823816429824,0.2955603003501892,0.2,0.024976257,-28.7684803290572,0.063720703125
316416,2406,121.5,0,1,45.0,2.123364210128784,0.0001,4936,-0.008175283554010093,-0.10202166944509372,8.434313246048987,0.6521027982234955,0.2,0.0019986571,-28.473345546964556,0.0263671875
316928,2449,122.5,0,1,45.0,1.9217782020568848,0.0001,4944,-0.002852313717994548,-0.0551276544938446,6.277793570887297,0.4257064461708069,0.2,0.0013617509,-29.10098950163461,0.011474609375
317440,2061,102.0,0,1,45.0,0.8625861406326294,0.0001,4952,-0.00865541438179207,-0.04792079173239472,3.5128934900276363,0.3249184489250183,0.2,0.013656186,-29.203643423193135,0.02294921875
317952,2309,127.0,0,1,45.0,4.009507656097412,0.0001,4960,-0.006000684916216414,-0.09622453781048534,9.985886077396572,0.5411444008350372,0.2,0.0023479476,-29.400899191140198,0.018310546875
318464,2310,141.5,0,1,45.0,1.2803895473480225,0.0001,4968,-0.0041862932448566426,-0.05498109442851273,6.3596470057964325,0.67519810795784,0.2,0.0023880324,-29.284584381696767,0.01123046875
318976,2724,98.5,0,1,45.0,0.7185298800468445,0.0001,4976,-0.003156886170472717,-0.0500905396474991,8.729171980172396,0.49079233407974243,0.2,0.0026899828,-28.87693073377479,0.008544921875
319488,2495,62.5,0,1,45.0,0.07535045593976974,0.0001,4984,-0.008608218493463937,-0.027077261067461222,2.92940621831076,-0.09895217418670654,0.2,0.011325215,-29.55893386846874,0.01806640625
320000,2354,92.5,0,1,45.0,0.8640241622924805,0.0001,4992,-0.00948922717361711,-0.06085746828830452,5.383790049236268,0.5983487665653229,0.2,0.0044750934,-29.641113689825872,0.02392578125
320512,2245,74.0,0,1,45.0,1.8909531831741333,0.0001,5000,-0.00859206071618246,-0.059935694532214256,8.867218525148928,0.33274638652801514,0.2,0.0033996848,-28.815213163476436,0.01904296875
321024,1796,89.5,0,1,45.0,2.228633403778076,0.0001,5008,-0.030115231300442247,-0.1343020446074661,7.360313276993111,0.2367045283317566,0.2,0.04100939,-29.827254584860057,0.094970703125
321536,2376,138.0,0,1,45.0,2.1993699073791504,0.0001,5016,-0.00248977695719077,-0.054495409447554266,6.628809273359366,0.5367156267166138,0.2,0.00095088047,-29.603172067087144,0.010986328125
322048,2096,128.5,0,1,45.0,0.16306214034557343,0.0001,5024,-0.004591479973896639,-0.05628782085113926,4.559374768054113,0.6373338103294373,0.2,0.0025093744,-28.842510533742608,0.014404296875
322560,2633,94.0,0,1,45.0,2.0883419513702393,0.0001,5032,-0.0058112521801376715,-0.05958651096443646,8.528454920277,0.7178178131580353,0.2,0.005617549,-29.19988053061068,0.016357421875
323072,2539,101.0,0,1,45.0,0.2898063659667969,0.0001,5040,-0.0031807592094992287,-0.031019819894027023,4.432918042759411,-0.7951842546463013,0.2,0.0022094757,-29.45856989629101,0.0126953125
323584,2526,149.5,0,1,45.0,0.17966657876968384,0.0001,5048,-0.0022308932293526595,-0.030173721777828177,3.4130051213433035,0.47515010833740234,0.2,0.0007476476,-29.5109101681225,0.00439453125
324096,2440,166.5,0,1,45.0,1.069541096687317,0.0001,5056,-0.003600300467951456,-0.0407678267765732,6.686764750978909,0.10678577423095703,0.2,0.0008627557,-29.13483112193644,0.010009765625
324608,2143,203.5,0,1,45.0,0.35270044207572937,0.0001,5064,-0.003996357387222815,-0.05729885019172798,2.738713364757132,0.7204444706439972,0.2,0.0031721294,-29.185074878749436,0.01708984375
325120,2507,179.0,0,1,45.0,0.6861947774887085,0.0001,5072,-0.004263136510417098,-0.06461657192267012,7.876990684308112,0.6268779337406158,0.2,0.004611668,-28.86928804727737,0.02099609375
325632,2138,217.5,0,1,45.0,0.662358283996582,0.0001,5080,-0.0067286319899722,-0.04886071354121668,4.508291756443214,0.489215612411499,0.2,0.002896109,-28.600712121115066,0.0185546875
326144,2448,194.0,0,1,45.0,3.4424850940704346,0.0001,5088,-0.0030541697778971866,-0.06641390641743783,10.442417984828353,0.5502654314041138,0.2,0.0011499269,-27.94644240038935,0.009033203125
326656,2179,197.0,0,1,45.0,2.243238925933838,0.0001,5096,-0.0069228821848810185,-0.06231411770568229,7.076552856829949,0.5509225726127625,0.2,0.006511529,-28.378605133234522,0.022216796875
327168,2669,186.5,0,1,45.0,1.62334406375885,0.0001,5104,-0.0033473229486844502,-0.0432169485866325,7.83986107353121,0.5154149234294891,0.2,0.0014767704,-28.174571394398807,0.005615234375
327680,2730,175.5,0,1,45.0,0.7894982099533081,0.0001,5112,-0.011696219735313207,-0.04109337316640449,2.526688337646192,-0.8965086936950684,0.2,0.020951357,-28.24723202051129,0.0224609375
328192,2257,151.0,0,1,45.0,0.19059951603412628,0.0001,5120,-0.016487629003677284,-0.0443498561726301,1.7094976818480063,0.42984139919281006,0.2,0.040954776,-28.706786614856682,0.0341796875
328704,2114,113.0,0,1,45.0,1.1772907972335815,0.0001,5128,-0.016137696962687187,-0.11269034989527427,6.511779135558754,-0.239912748336792,0.2,0.037836127,-29.61841386947315,0.056396484375
329216,1849,80.5,0,1,45.0,1.3798260688781738,0.0001,5136,-0.006912459084560396,-0.15983578230952844,24.883552252314985,0.43050819635391235,0.2,0.0055922125,-30.641019716849552,0.025146484375
329728,2347,69.5,0,1,45.0,0.6647892594337463,0.0001,5144,-0.007064394529152196,-0.06083308201050386,9.83985021035187,-0.6820578575134277,0.2,0.009995031,-30.87813235000707,0.024658203125
330240,2092,-17.5,0,1,45.0,3.0021207332611084,0.0001,5152,-0.008810195795376785,-0.0860388039436657,9.388345033396035,0.5555322468280792,0.2,0.005512966,-30.66516069835983,0.02734375
330752,2452,-36.5,0,1,45.0,3.3452987670898438,0.0001,5160,-0.011827895934402477,-0.10763663187390193,11.323352539911866,0.31840938329696655,0.2,0.0060359733,-31.103896303186193,0.033935546875
331264,2143,-54.0,0,1,45.0,0.8089047074317932,0.0001,5168,-0.017824576469138265,-0.06364146449050168,4.124226807092782,0.48400115966796875,0.2,0.009990047,-31.3667854859354,0.03955078125
331776,2411,-5.5,0,1,45.0,2.1190290451049805,0.0001,5176,-0.006079777733248193,-0.08859544977894984,8.512781002558768,0.6192260086536407,0.2,0.0018040352,-31.294576229327358,0.013671875
332288,2494,36.0,0,1,45.0,2.1628291606903076,0.0001,5184,-0.0043593072550720535,-0.05612550413752615,7.231792361242697,0.15814590454101562,0.2,0.005329649,-30.600462830555625,0.020751953125
332800,2440,30.0,0,1,45.0,1.8828314542770386,0.0001,5192,-0.005396803488110891,-0.03558733624777233,8.808560975827277,0.3208104372024536,0.2,0.0037465706,-29.786364764128813,0.01171875
333312,2191,25.5,0,1,45.0,0.6293466687202454,0.0001,5200,-0.010451375441334676,-0.06630495040371898,2.8432232930790633,0.16919559240341187,0.2,0.008912487,-29.494980722679756,0.03515625
333824,2327,58.5,0,1,45.0,0.31542959809303284,0.0001,5208,-0.01011331372501445,-0.10453622235581861,3.57007262785919,0.0853201150894165,0.2,0.0071075987,-29.14010071484372,0.02734375
334336,2356,87.0,0,1,45.0,0.49891868233680725,0.0001,5216,-0.00912348521524109,-0.07575095044012414,3.2971429117023945,0.07566952705383301,0.2,0.0050984463,-29.16286689613946,0.02685546875
334848,2077,178.0,0,1,45.0,0.34128573536872864,0.0001,5224,-0.006862637186713982,-0.056770493793010246,2.1487003144575283,0.18278557062149048,0.2,0.01801215,-29.176372597729788,0.02978515625
335360,2355,176.0,0,1,45.0,3.4325451850891113,0.0001,5232,-0.007086429970513564,-0.09220069352159044,12.34510896448046,0.31204766035079956,0.2,0.0013962452,-28.903058430836538,0.014892578125
335872,2281,193.5,0,1,45.0,0.5510120987892151,0.0001,5240,-0.00559284081828082,-0.07260524962475756,5.5842516395496204,0.6312139630317688,0.2,0.006017822,-28.72321398999542,0.02099609375
336384,1752,209.0,0,1,45.0,0.684256374835968,0.0001,5248,-0.01526160531284404,-0.0801402470387984,6.36618505907245,0.42777562141418457,0.2,0.00672853,-28.909004006506876,0.03466796875
336896,2699,153.5,0,1,45.0,4.59665584564209,0.0001,5256,-0.004709742537670536,-0.07275175344693707,6.372359230183065,0.5126758813858032,0.2,0.0029887692,-28.530773439817132,0.018310546875
337408,2077,213.0,0,1,45.0,0.2510526180267334,0.0001,5264,-0.008877362204657402,-0.03431992442710907,1.7479206466814503,0.5387606620788574,0.2,0.018864434,-28.76632395193912,0.0205078125
337920,2209,168.0,0,1,45.0,11.438405990600586,0.0001,5272,-0.01367481031047646,-0.1780458395369351,21.987470600754023,0.04114013910293579,0.2,0.006799735,-28.92957669808529,0.051513671875
338432,2287,167.0,0,1,45.0,2.0889365673065186,0.0001,5280,-0.020129801698203664,-0.10086573271837551,13.45848743012175,-0.44846415519714355,0.2,0.009364743,-29.065223396015355,0.066162109375
338944,2134,123.0,0,1,45.0,1.2382382154464722,0.0001,5288,-0.00682444514677627,-0.11063842405565083,5.369601876242086,0.24670827388763428,0.2,0.002764332,-28.919417208223603,0.0263671875
339456,2171,117.5,0,1,45.0,1.4309221506118774,0.0001,5296,-0.011784785288909916,-0.140917672222713,6.440424499567598,-0.2761927843093872,0.2,0.006204098,-29.231682505705393,0.036865234375
339968,2159,84.5,0,1,45.0,2.419210195541382,0.0001,5304,-0.009059347732545575,-0.10246297261619475,9.300265945494175,0.17904847860336304,0.2,0.0053678276,-29.494962852820755,0.0263671875
340480,2403,65.5,0,1,45.0,1.7984429597854614,0.0001,5312,-0.017466932695242576,-0.11490628440515138,9.88119979109615,-0.015552520751953125,0.2,0.006838997,-30.561642258171922,0.047119140625
340992,2463,44.5,0,1,45.0,0.5385223031044006,0.0001,5320,-0.006662192621661234,-0.06436212167318445,4.0675028716214,0.029801487922668457,0.2,0.005250705,-30.98877857730724,0.0244140625
341504,2360,78.5,0,1,45.0,0.3206889033317566,0.0001,5328,-0.00830485924234381,-0.04506623448469327,2.669861913542263,0.17669081687927246,0.2,0.009930657,-31.9518246332556,0.02294921875
342016,2486,45.5,0,1,45.0,0.9462280869483948,0.0001,5336,-0.012885216583526926,-0.07155770929239225,4.253483819076791,0.24263262748718262,0.2,0.011612698,-32.561998494765724,0.027587890625
342528,2303,87.5,0,1,45.0,0.35159721970558167,0.0001,5344,-0.004365832500297984,-0.045983831620105775,3.152412714669481,-0.22176897525787354,0.2,0.0039888103,-32.13353702395689,0.022705078125
343040,2542,93.0,0,1,45.0,1.2086751461029053,0.0001,5352,-0.00809670782109606,-0.05848187678202521,3.931158948689699,0.23933649063110352,0.2,0.007146207,-32.00400472874288,0.025634765625
343552,1781,85.0,0,1,45.0,0.05730857327580452,0.0001,5360,-0.009054373389517423,-0.03548900438727287,0.9196698895830195,0.5429410934448242,0.2,0.024493016,-31.8732301096851,0.023193359375
344064,2522,45.5,0,1,45.0,0.35716167092323303,0.0001,5368,-0.006159970464068465,-0.048092323520904756,2.4490924978163093,0.13003599643707275,0.2,0.0033718732,-31.451687582633458,0.01806640625
344576,2154,58.5,0,1,45.0,0.14457693696022034,0.0001,5376,-0.004396656004246324,-0.0246702548211033,3.054132154386025,0.4589769244194031,0.2,0.0064978525,-31.195489667267537,0.010009765625
345088,2596,65.5,0,1,45.0,0.6954793930053711,0.0001,5384,-0.004351188741566148,-0.06770395650528371,6.873062497004867,0.6331823766231537,0.2,0.0014614288,-29.467596687721088,0.01171875
345600,2624,58.5,0,1,45.0,0.2244260460138321,0.0001,5392,-0.002413844136754051,-0.036528059103147825,3.7076887459261343,0.37159961462020874,0.2,0.0010909549,-28.924772808277048,0.005126953125
346112,2437,29.5,0,1,45.0,4.427760124206543,0.0001,5400,-0.004496234621910844,-0.02182471242667816,6.049741344759241,0.6973433494567871,0.2,0.0039860783,-28.348968745847234,0.0078125
346624,2542,22.0,0,1,45.0,1.118282437324524,0.0001,5408,-0.005074212644103682,-0.05236300954675244,7.46479568281211,0.4946568012237549,0.2,0.00082244445,-27.24437491425313,0.0068359375
347136,2399,-20.0,0,1,45.0,2.6502668857574463,0.0001,5416,-0.011900313023943454,-0.06688853662126348,9.472203404875472,0.4520515203475952,0.2,0.025932979,-27.660587329352275,0.03515625
347648,2432,1.5,0,1,45.0,1.1920523643493652,0.0001,5424,-0.0065818585753731895,-0.05742449297758867,6.027428099885583,0.5301786661148071,0.2,0.0021734256,-27.83815732951276,0.0166015625
348160,1724,51.0,0,1,45.0,1.048136591911316,0.0001,5432,-0.007497829621570418,-0.04956131966537214,4.314228897448629,0.4952440857887268,0.2,0.004372553,-28.565353918713516,0.022216796875
348672,2250,84.0,0,1,45.0,1.3177051544189453,0.0001,5440,-0.00538797959961812,-0.04796989705937449,9.494756779633462,0.4379847049713135,0.2,0.004271437,-29.211471852925605,0.0107421875
349184,2213,51.0,0,1,45.0,0.5791456699371338,0.0001,5448,-0.0038326465473801363,-0.0551839279505657,8.18320651166141,0.42319029569625854,0.2,0.0015919528,-30.545228283633477,0.017578125
349696,2618,25.5,0,1,45.0,0.7644006013870239,0.0001,5456,-0.0037270312423061114,-0.058600073971319944,10.401963210199028,0.4954718351364136,0.2,0.0008634464,-32.165914239925335,0.008544921875
350208,2649,53.5,0,1,45.0,0.3370663523674011,0.0001,5464,-0.0043501439304236555,-0.033779493080146494,2.46532585597015,-0.26891279220581055,0.2,0.009128775,-33.26117852140218,0.012939453125
350720,2400,29.0,0,1,45.0,0.0679846704006195,0.0001,5472,-0.00851481112113106,-0.039040740088239545,1.9112190109444782,0.5952951610088348,0.2,0.018325765,-33.43825931927189,0.02294921875
351232,2321,52.0,0,1,45.0,0.4776856005191803,0.0001,5480,-0.0029363410430960357,-0.08105597676330945,6.4671865871641785,0.0016237497329711914,0.2,0.0047120894,-33.8711614668183,0.016845703125
351744,2404,82.0,0,1,45.0,0.5385372638702393,0.0001,5488,-0.010312381582480157,-0.11191776116902474,18.4315931731835,0.2470075488090515,0.2,0.0061596977,-34.1728813049011,0.049072265625
352256,2420,49.5,0,1,45.0,0.4388657808303833,0.0001,5496,-0.006414470222807722,-0.08414503824315034,2.9556501887273043,0.369054913520813,0.2,0.005936322,-33.515073916874826,0.0263671875
352768,1831,43.0,0,1,45.0,3.4246511459350586,0.0001,5504,-0.009101201332669007,-0.09632312800385989,8.817869384773076,0.20075678825378418,0.2,0.0028325613,-33.369076681486334,0.023681640625
353280,2490,37.0,0,1,45.0,3.4337995052337646,0.0001,5512,-0.018968221193063073,-0.1870633516809903,33.40832559019327,0.20184260606765747,0.2,0.007808607,-33.66982697835192,0.076416015625
353792,2483,16.5,0,1,45.0,0.09419553726911545,0.0001,5520,-0.010676085372324451,-0.0800025480275508,3.7684652028838173,0.3981330990791321,0.2,0.005136447,-32.9137845178158,0.03662109375
354304,2381,60.0,0,1,45.0,0.5559530854225159,0.0001,5528,-0.007650247069250327,-0.07727665739002987,5.616436194861308,0.439397394657135,0.2,0.0028034735,-32.57463199767517,0.023681640625
354816,2604,61.0,0,1,45.0,0.9770424365997314,0.0001,5536,-0.007890702563599916,-0.07727250721654855,3.87253954121843,0.43392831087112427,0.2,0.0065165516,-32.26079079380026,0.026611328125
355328,2521,18.0,0,1,45.0,0.13080772757530212,0.0001,5544,-0.004733561319881119,-0.04784733273118036,2.660467291716486,-0.19802939891815186,0.2,0.004460434,-32.094249455851966,0.01708984375
355840,2365,7.5,0,1,45.0,1.175613284111023,0.0001,5552,-0.005199314746278105,-0.08750725847494323,6.213648469187319,0.3300629258155823,0.2,0.007044211,-33.181675880157854,0.041015625
356352,2498,-4.0,0,1,45.0,0.2908281683921814,0.0001,5560,-0.00967014572233893,-0.09291849884903058,4.742472852114588,0.3361749053001404,0.2,0.0064565833,-33.22747628914891,0.035400390625
356864,2406,-16.5,0,1,45.0,1.2895673513412476,0.0001,5568,-0.01463895000233606,-0.08100866517634131,4.013607470260467,0.24698662757873535,0.2,0.009254939,-34.09421370048774,0.041259765625
357376,2366,-10.0,0,1,45.0,0.6170247793197632,0.0001,5576,-0.006777609858545475,-0.0546420114551438,5.065432219300419,-0.0705256462097168,0.2,0.00404334,-34.3257213011221,0.021484375
357888,2293,29.5,0,1,45.0,1.1312004327774048,0.0001,5584,-0.00986043874945608,-0.06845603950205259,7.081326324492693,0.5750231444835663,0.2,0.002143447,-34.025819935987236,0.02197265625
358400,2638,19.5,0,1,45.0,1.4961673021316528,0.0001,5592,-0.011153572460898431,-0.054340755406883545,8.260937272105366,0.41857773065567017,0.2,0.007559235,-33.90304211129435,0.030029296875
358912,2259,-4.5,0,1,45.0,0.18576636910438538,0.0001,5600,-0.00457092701253714,-0.03944093066093046,2.119133805303136,0.6794798076152802,0.2,0.0053342246,-34.275590318916365,0.014404296875
359424,2629,7.5,0,1,45.0,1.3438224792480469,0.0001,5608,-0.004716834657301661,-0.08247649266559165,6.935284347971901,0.4409800171852112,0.2,0.001989983,-34.27763086149003,0.015869140625
359936,2367,38.0,0,1,45.0,0.022474922239780426,0.0001,5616,-0.006199822917551501,-0.047806389033212326,2.2675227175059263,0.22254925966262817,0.2,0.04016583,-34.47428639031481,0.013916015625
360448,2405,79.0,0,1,45.0,0.3041413724422455,0.0001,5624,-0.009816725505515933,-0.0785114124591928,3.9773160985205323,0.3981214165687561,0.2,0.012344113,-33.55589890442556,0.03125
360960,2277,124.0,0,1,45.0,0.08271388709545135,0.0001,5632,-0.004941736715409206,-0.04686631606455194,4.22408879903378,0.622696727514267,0.2,0.002113367,-33.05275187438121,0.012939453125
361472,2371,124.0,0,1,45.0,0.6543132066726685,0.0001,5640,-0.009108762662435765,-0.07871356475516222,7.499969407566823,0.5265730023384094,0.2,0.007940283,-32.47974861008814,0.026123046875
361984,2395,110.5,0,1,45.0,1.8346350193023682,0.0001,5648,-0.004229637321259361,-0.042951473682478536,4.077277429634705,0.563552588224411,0.2,0.001606629,-32.44261977118906,0.009521484375
362496,2214,90.5,0,1,45.0,0.9966570734977722,0.0001,5656,-0.006111161972512491,-0.05903314837269136,2.9934550458565354,0.5334853529930115,0.2,0.0017001464,-32.71521521204617,0.01611328125
363008,2427,90.5,0,1,45.0,0.6987928748130798,0.0001,5664,-0.006266443131607957,-0.06386049003049266,6.148093554191291,-0.09805703163146973,0.2,0.0021544485,-33.28316097598057,0.014892578125
363520,2535,64.5,0,1,45.0,0.9315922856330872,0.0001,5672,-0.0035309157358369703,-0.055152790155261755,9.799480600151583,0.5320692658424377,0.2,0.00066488225,-33.21470699860249,0.006591796875
364032,2645,42.0,0,1,45.0,1.7924052476882935,0.0001,5680,-0.002440578760797507,-0.035328677269717446,5.429776703123935,0.4405198097229004,0.2,0.005099582,-33.24928597333841,0.017578125
364544,2471,47.0,0,1,45.0,0.23980483412742615,0.0001,5688,-0.006511343599413522,-0.03752059440375888,2.043840328176884,-0.02301609516143799,0.2,0.003319658,-33.34728321252158,0.013427734375
365056,2223,19.0,0,1,45.0,1.0028351545333862,0.0001,5696,-0.005208038033742923,-0.047888041346595855,7.572586536989547,-0.40653979778289795,0.2,0.004650208,-33.32179522031685,0.01904296875
365568,2593,14.0,0,1,45.0,2.660489320755005,0.0001,5704,-0.010555222688708454,-0.08080952716409229,8.839833482168615,0.4924272894859314,0.2,0.005917549,-33.8581373810349,0.028564453125
366080,2056,45.5,0,1,45.0,0.41007208824157715,0.0001,5712,-0.003789857935771579,-0.03509866518288618,3.2604516797000542,0.4756910800933838,0.2,0.0062756683,-33.80369092060253,0.01318359375
366592,2444,39.0,0,1,45.0,9.118906021118164,0.0001,5720,-0.00954970387465437,-0.09695293998811394,13.886407350189984,0.39777565002441406,0.2,0.003905001,-32.911182282455265,0.031005859375
367104,2008,70.0,0,1,45.0,0.860673189163208,0.0001,5728,-0.006540309401316335,-0.048996986475685844,12.426290174713358,0.5364563763141632,0.2,0.0073366193,-32.62160638345406,0.015380859375
367616,2245,100.5,0,1,45.0,5.363877773284912,0.0001,5736,-0.00578180461525335,-0.08524417743319646,21.6239811796695,0.618952751159668,0.2,0.002590489,-31.755807427200487,0.02294921875
368128,2339,155.0,0,1,45.0,5.037691593170166,0.0001,5744,-0.00787795333599206,-0.06847709198700613,19.01554804481566,0.27914130687713623,0.2,0.0019247555,-30.94393584112171,0.017578125
368640,2302,208.0,0,1,45.0,5.3570404052734375,0.0001,5752,-0.004375429256469943,-0.0572266830567969,8.846477110870183,0.3181426525115967,0.2,0.0036663804,-30.4707953893533,0.013427734375
369152,2196,234.5,0,1,45.0,1.9048762321472168,0.0001,5760,-0.006437550167902373,-0.056743552784610074,5.391589688137174,0.5778609812259674,0.2,0.0023351542,-29.706668555457146,0.01611328125
369664,2512,208.5,0,1,45.0,1.4342081546783447,0.0001,5768,-0.009210712254571263,-0.07568868567614118,3.9928546634037048,0.22415900230407715,0.2,0.006303856,-29.20015064563835,0.03369140625
370176,2563,191.5,0,1,45.0,0.47470563650131226,0.0001,5776,-0.011213084113478544,-0.03540403060105746,2.9615826085209846,0.4261630177497864,0.2,0.016456028,-28.798150698544923,0.023193359375
370688,2315,189.5,0,1,45.0,0.39728957414627075,0.0001,5784,-0.003699126431456534,-0.02752421786681225,4.9952506113331765,0.6067829132080078,0.2,0.0015812826,-27.989694100464693,0.00732421875
371200,2272,230.5,0,1,45.0,0.308411568403244,0.0001,5792,-0.004518747940892354,-0.03721029522785102,4.117469654884189,-0.13118469715118408,0.2,0.0033172327,-27.816502721714787,0.017578125
371712,2181,203.0,0,1,45.0,2.4912164211273193,0.0001,5800,-0.0050181065234937705,-0.05357729828392621,13.48601155448705,0.6185965538024902,0.2,0.0019103532,-27.24458457728382,0.026123046875
372224,2447,215.5,0,1,45.0,6.834628582000732,0.0001,5808,-0.008447655858617509,-0.06707978578924667,15.149864064063877,0.21489381790161133,0.2,0.0029879708,-27.44907073123846,0.023193359375
372736,2454,166.5,0,1,45.0,5.724600791931152,0.0001,5816,-0.008447109918051865,-0.0451219459209824,17.334760828875005,0.6207364797592163,0.2,0.0022322014,-27.352404337297195,0.017822265625
373248,2326,140.0,0,1,45.0,0.8511447310447693,0.0001,5824,-0.0015436186113220174,-0.043972296225547325,6.461366183124483,-0.16231727600097656,0.2,0.004672124,-27.788078185524792,0.0146484375
373760,2074,159.0,0,1,45.0,2.476466178894043,0.0001,5832,-0.007308513711905107,-0.0656913598504616,7.513046022504568,0.6553868353366852,0.2,0.01994874,-27.668315599055497,0.030029296875
374272,2345,165.5,0,1,45.0,2.3012278079986572,0.0001,5840,-0.006709203196805902,-0.0604277274251217,11.83969249483198,0.536778450012207,0.2,0.001983607,-27.37023483915953,0.013916015625
374784,2375,178.5,0,1,45.0,2.3533692359924316,0.0001,5848,-0.004133762689889409,-0.04634871551388642,7.721188860945404,0.6682930588722229,0.2,0.0020310897,-27.52011586999288,0.01171875
375296,1599,116.5,0,1,45.0,0.662428617477417,0.0001,5856,-0.01050715112069156,-0.08103169997048099,3.475959214498289,-1.090958595275879,0.2,0.019684661,-28.05110161198536,0.035400390625
375808,2147,43.5,0,1,45.0,3.929237127304077,0.0001,5864,-0.012707230780506507,-0.1514999697683379,21.826550118625164,0.34870386123657227,0.2,0.005303576,-29.120466546181124,0.054443359375
376320,2105,-8.5,0,1,45.0,2.444927453994751,0.0001,5872,-0.010503220255486667,-0.11576824518851936,9.99488289654255,0.7396661341190338,0.2,0.0064167306,-30.036644975019154,0.03173828125
376832,2075,-11.5,0,1,45.0,4.785348415374756,0.0001,5880,-0.012517675837443676,-0.14069425655179657,26.57335841283202,0.4393141269683838,0.2,0.0055805584,-32.26224070850527,0.058837890625
377344,1971,80.0,0,1,45.0,6.785557746887207,0.0001,5888,-0.010518135324673494,-0.10521986149251461,24.554818142205477,0.4644717574119568,0.2,0.0028848392,-32.80205448193243,0.03759765625
377856,2076,135.5,0,1,45.0,10.403642654418945,0.0001,5896,-0.011715637774614152,-0.14939232126926072,28.99057211354375,0.6630295217037201,0.2,0.0036689267,-33.058636690822894,0.053466796875
378368,1857,107.5,0,1,45.0,4.606074333190918,0.0001,5904,-0.012013822211883962,-0.12893364421324804,25.27639152109623,0.5034717619419098,0.2,0.003649928,-32.48204466429539,0.044677734375
378880,2218,105.5,0,1,45.0,1.1433446407318115,0.0001,5912,-0.013135330125805922,-0.0776973919273587,9.011430151760578,0.4081929326057434,0.2,0.007841307,-33.2349112446513,0.028564453125
379392,2047,179.0,0,1,45.0,3.1425249576568604,0.0001,5920,-0.007693396411923459,-0.0699193244217895,16.007564034312963,0.5143216252326965,0.2,0.009233262,-32.39130400499329,0.03466796875
379904,2360,189.5,0,1,45.0,0.8881849050521851,0.0001,5928,-0.007721471971308347,-0.07446482859086245,6.778965326957405,-0.032190561294555664,0.2,0.0066153896,-31.090350626255386,0.027099609375
380416,2066,301.5,0,1,45.0,1.1130902767181396,0.0001,5936,-0.007488598053896567,-0.045845133005059324,4.5529367392882705,0.6907365322113037,0.2,0.011523651,-29.73522486734204,0.02685546875
380928,2359,312.5,0,1,45.0,1.8154354095458984,0.0001,5944,-0.006081494349928107,-0.04163529190554982,14.477881969884038,0.5499858856201172,0.2,0.0022840933,-27.710047077997586,0.01220703125
381440,1694,332.0,0,1,45.0,1.2317261695861816,0.0001,5952,0.007406207517306029,-0.04817980111329234,7.613866573898122,0.6431944668292999,0.2,0.01424951,-24.864948256155476,0.022216796875
381952,2423,304.5,0,1,45.0,2.625154733657837,0.0001,5960,-0.004419350610987749,-0.04548786811938044,10.297811293043196,0.592767596244812,0.2,0.003272667,-22.860258547491394,0.022216796875
382464,2520,273.0,0,1,45.0,1.4579612016677856,0.0001,5968,-0.0012323286427999847,-0.029456728789227782,7.287083736155182,0.7575683146715164,0.2,0.0012715547,-22.392447438552043,0.003662109375
382976,2132,331.5,0,1,45.0,0.470918744802475,0.0001,5976,-0.006535005792102311,-0.04062297914424562,8.936644855886698,-0.04108726978302002,0.2,0.0029699162,-22.07170738090761,0.015625
383488,2355,350.5,0,1,45.0,2.6387524604797363,0.0001,5984,-0.009254821819922654,-0.05547303622006439,10.284110718406737,0.435274600982666,0.2,0.0047498676,-21.900953327417373,0.02197265625
384000,2149,336.0,0,1,45.0,4.359503746032715,0.0001,5992,-0.007796798898198176,-0.0631539809401147,11.110965663567185,0.7171930074691772,0.2,0.0036784674,-22.09200881594792,0.0205078125
384512,2158,377.5,0,1,45.0,4.747413635253906,0.0001,6000,-0.007074931068927981,-0.07371084782062098,18.29653489496559,0.641197919845581,0.2,0.0021222543,-22.571070921928623,0.02294921875
385024,2129,362.0,0,1,45.0,8.810700416564941,0.0001,6008,-0.004067045098054223,-0.05540784920594888,22.647557087242603,0.6940342485904694,0.2,0.0015421829,-22.643285041321068,0.010009765625
385536,1940,414.5,0,1,45.0,5.76569938659668,0.0001,6016,-0.00517468024554546,-0.06281887626391836,13.581469514407218,0.7208388447761536,0.2,0.003351833,-23.97298209609464,0.01708984375
386048,2273,469.0,0,1,45.0,12.471075057983398,0.0001,6024,-0.006024803537002299,-0.11573856405448169,32.864153917878866,0.4691200256347656,0.2,0.0032415895,-23.82108832184691,0.017822265625
386560,1934,463.0,0,1,45.0,0.9306445121765137,0.0001,6032,-0.009750679375429172,-0.07516604163174634,6.562762009911239,0.21214520931243896,0.2,0.009389909,-23.61644163643941,0.0302734375
387072,1984,510.0,0,1,45.0,1.3009833097457886,0.0001,6040,-0.017612649564398453,-0.15849601064110175,9.445579501800239,0.04597342014312744,0.2,0.013964408,-24.271505587552674,0.065185546875
387584,1097,489.5,0,1,45.0,4.816172122955322,0.0001,6048,-0.016381304965761956,-0.17271040347986855,18.954068976454437,0.19330066442489624,0.2,0.009621278,-24.36426896085497,0.059326171875
388096,1972,474.5,0,1,45.0,1.8735662698745728,0.0001,6056,-0.015661595658457372,-0.1347158410353586,9.606097515672445,0.0540391206741333,0.2,0.011084868,-24.435658862437123,0.068603515625
388608,2078,490.0,0,1,45.0,2.099604845046997,0.0001,6064,-0.014815495400398504,-0.11494508277974091,6.174706498160958,0.3838251233100891,0.2,0.01000334,-25.13921962225344,0.05224609375
389120,2063,424.0,0,1,45.0,1.3213486671447754,0.0001,6072,-0.013273245727759786,-0.11427799076773226,5.322157325223088,0.5504601895809174,0.2,0.0076532615,-25.457710355166345,0.046142578125
389632,1918,417.5,0,1,45.0,2.3872334957122803,0.0001,6080,-0.010314279978047125,-0.0740961974079255,7.694835403934121,0.40842705965042114,0.2,0.009344407,-26.530680984305217,0.02783203125
390144,2374,376.5,0,1,45.0,4.617190837860107,0.0001,6088,-0.017539573011163156,-0.116544531454565,12.969048101454973,0.32655394077301025,0.2,0.016946595,-27.368773532882333,0.068115234375
390656,2258,379.5,0,1,45.0,0.4547577500343323,0.0001,6096,-0.010508273269806523,-0.07511669589075609,3.684918752638623,0.09034425020217896,0.2,0.017217074,-28.31049169250764,0.035400390625
391168,2071,400.5,0,1,45.0,0.06191147118806839,0.0001,6104,-0.0102543618704658,-0.07987503921322059,4.092215963755734,-0.22077155113220215,0.2,0.006472011,-28.090335914874448,0.031494140625
391680,2015,409.5,0,1,45.0,0.8691055774688721,0.0001,6112,-0.011098256771219894,-0.08284687508421484,6.979388186708093,0.3692960739135742,0.2,0.0050642174,-26.647092959033326,0.044189453125
392192,2316,351.0,0,1,45.0,2.1191723346710205,0.0001,6120,-0.008606380986748263,-0.07756279004388489,8.65936816856265,0.4656675457954407,0.2,0.00398712,-25.941413833377883,0.02099609375
392704,2012,381.5,0,1,45.0,0.8532288670539856,0.0001,6128,-0.007386029858025722,-0.05252561429006164,6.92599564883858,0.5669345259666443,0.2,0.00680926,-26.13582590480335,0.017822265625
393216,1421,421.0,0,1,45.0,7.090378761291504,0.0001,6136,-0.004578728403430432,-0.07907899776182603,16.448175944387913,0.32866811752319336,0.2,0.0024900702,-25.261990819498898,0.02099609375
393728,2153,470.5,0,1,45.0,9.145628929138184,0.0001,6144,-0.008363851913600229,-0.10410642143688165,15.481293326243758,0.5183343887329102,0.2,0.006539944,-24.520533750448376,0.0322265625
394240,1964,429.5,0,1,45.0,2.795106887817383,0.0001,6152,-0.008003564667887986,-0.07389301805233117,9.255136938299984,0.46966391801834106,0.2,0.0059945066,-23.10775675148703,0.033203125
394752,2351,477.0,0,1,45.0,2.2640535831451416,0.0001,6160,-0.007216735408292152,-0.07883870316436514,11.998003300279379,0.40581589937210083,0.2,0.004005279,-22.080025931037962,0.024658203125
395264,1800,487.5,0,1,45.0,1.549809217453003,0.0001,6168,-0.007625759579241276,-0.05705488818057347,6.408040772657841,-0.1416940689086914,0.2,0.008660785,-21.526287509175017,0.026123046875
395776,1744,544.5,0,1,45.0,1.4371813535690308,0.0001,6176,-0.01139395881909877,-0.08394743890676182,6.020858217962086,0.37747347354888916,0.2,0.0056416728,-21.39663913638331,0.034912109375
396288,1978,496.0,0,1,45.0,3.3547487258911133,0.0001,6184,-0.012905500407214276,-0.16428076609736308,15.664431694895029,0.031943321228027344,0.2,0.008766413,-23.149646286815404,0.062255859375
396800,2231,501.0,0,1,45.0,1.6248462200164795,0.0001,6192,-0.01159101867233403,-0.11611431065830402,10.191884824074805,-0.1799107789993286,0.2,0.008465221,-23.976368641164154,0.05078125
397312,1968,494.5,0,1,45.0,0.25287580490112305,0.0001,6200,-0.006091452840337297,-0.06491481533521437,3.490877005038783,0.35241514444351196,0.2,0.010497846,-23.931204336639492,0.0341796875
397824,1955,508.5,0,1,45.0,0.3471810221672058,0.0001,6208,-0.011085318848927272,-0.06857385636249091,3.908404039684683,0.5360247790813446,0.2,0.0046593314,-24.140975848184898,0.0341796875
398336,1884,493.5,0,1,45.0,1.9819926023483276,0.0001,6216,-0.009823867272643838,-0.09391884687647689,5.999623587820679,0.22491198778152466,0.2,0.0084422445,-25.11837890096009,0.045166015625
398848,1706,533.5,0,1,45.0,1.9137904644012451,0.0001,6224,-0.011783134359575342,-0.08488096583459992,4.337177104782313,0.3387654423713684,0.2,0.007907866,-25.890263160215692,0.04345703125
399360,1507,560.5,0,1,45.0,1.6651688814163208,0.0001,6232,-0.006608458825212438,-0.1209933982900111,11.485920308157802,0.3679965138435364,0.2,0.0027796878,-26.066543622538447,0.020751953125
399872,2161,554.0,0,1,45.0,1.7295536994934082,0.0001,6240,-0.009720296427985886,-0.07088066656433512,6.849016706459224,0.3136470913887024,0.2,0.004010424,-25.897653838191182,0.029296875
400384,1932,610.5,0,1,45.0,1.9269107580184937,0.0001,6248,-0.00689706582306826,-0.05278972352243727,9.387063713278621,0.48416441679000854,0.2,0.0027745334,-25.547673577563838,0.017333984375
400896,2079,599.0,0,1,45.0,3.5056893825531006,0.0001,6256,-0.008637731552880723,-0.1081137286964804,9.268096542917192,0.2583020329475403,0.2,0.003936183,-24.361931216511877,0.03955078125
401408,2023,593.0,0,1,45.0,2.060730457305908,0.0001,6264,-0.013123138400260359,-0.10546773228270467,12.306341928429902,0.11373347043991089,0.2,0.029098945,-24.830058110887183,0.0498046875
401920,2161,602.5,0,1,45.0,3.258152961730957,0.0001,6272,-0.008041580349527067,-0.05320019810460508,12.685949509963393,0.5030256807804108,0.2,0.006812701,-24.264046938708052,0.0205078125
402432,1996,590.0,0,1,45.0,1.445939302444458,0.0001,6280,-0.00738240523787681,-0.05936455498522264,3.5900998460128903,0.3298283815383911,0.2,0.0039496324,-23.926105880765245,0.025390625
402944,1912,631.5,0,1,45.0,0.3739156424999237,0.0001,6288,-0.008528935082722455,-0.06716740558113088,4.5577346426434815,0.45576298236846924,0.2,0.0027495269,-23.4275624273438,0.02978515625
403456,2292,556.0,0,1,45.0,0.5178486108779907,0.0001,6296,-0.0040469316591043025,-0.06179861388227437,6.700874461792409,0.41964948177337646,0.2,0.0029953504,-23.091949839200826,0.020751953125
403968,2079,526.5,0,1,45.0,0.25302377343177795,0.0001,6304,-0.006412155340512982,-0.048561262905423064,2.950038740877062,0.09240877628326416,0.2,0.0072614956,-23.431319532161577,0.024169921875
404480,2306,493.5,0,1,45.0,1.4493370056152344,0.0001,6312,-0.010563377654762007,-0.060965882788877934,5.320914538577199,0.3867065906524658,0.2,0.0064947223,-24.11196389543824,0.02490234375
404992,2303,385.5,0,1,45.0,1.2193888425827026,0.0001,6320,-0.008725987147045089,-0.042184269967037835,4.46365362952929,0.6734253764152527,0.2,0.0051174257,-24.477025465397166,0.02294921875
405504,2207,373.5,0,1,45.0,0.5583985447883606,0.0001,6328,-0.01838558779854793,-0.0778525808127597,7.1060748542658985,0.07790201902389526,0.2,0.030391943,-24.68639174355194,0.046875
406016,2322,384.5,0,1,45.0,0.385403573513031,0.0001,6336,-0.0029201277902757283,-0.04354630341549637,4.411366474349052,0.43270301818847656,0.2,0.003395468,-24.2446182248462,0.0126953125
406528,2161,415.0,0,1,45.0,0.4227847754955292,0.0001,6344,-0.006606803472095635,-0.04383973758740467,5.222596054663882,0.4760037660598755,0.2,0.0042831493,-24.090989267500117,0.024658203125
407040,2269,413.5,0,1,45.0,2.3930585384368896,0.0001,6352,-0.0027603425114648417,-0.04397006678118487,8.49343651626259,0.40549105405807495,0.2,0.0014379176,-23.342545973528175,0.013916015625
407552,1918,393.5,0,1,45.0,3.5172531604766846,0.0001,6360,-0.004268444314220687,-0.04243869184938376,9.974582226481289,0.4764174818992615,0.2,0.007183799,-22.541365385260434,0.012939453125
408064,2005,447.0,0,1,45.0,4.235833644866943,0.0001,6368,-0.007283073282451369,-0.08159702544799075,9.062687100842595,0.6908320784568787,0.2,0.005646523,-21.80776715038344,0.029541015625
408576,2097,495.0,0,1,45.0,2.8512582778930664,0.0001,6376,-0.006699199948343448,-0.07006607261428144,15.449888931587338,0.56574746966362,0.2,0.0034622732,-20.445447713891046,0.0205078125
409088,2013,545.0,0,1,45.0,2.159106492996216,0.0001,6384,-0.005715675441024359,-0.05618890485493466,6.260415081400424,0.5231766402721405,0.2,0.0033945316,-19.324374135602266,0.02099609375
409600,1521,667.0,0,1,45.0,2.3309149742126465,0.0001,6392,-0.011107372363767354,-0.06415520596783608,7.5098664136603475,0.6609493494033813,0.2,0.009792112,-18.654370606578887,0.034423828125
410112,2029,715.5,0,1,45.0,1.683118224143982,0.0001,6400,-0.01079183295587427,-0.07986925907607656,8.670887473970652,0.5400857031345367,0.2,0.00719749,-16.868342699892818,0.042236328125
410624,1890,781.0,0,1,45.0,0.9608743786811829,0.0001,6408,-0.008603733753261622,-0.06078198694558523,6.923698858357966,0.013089537620544434,0.2,0.007464448,-16.728264711871745,0.027587890625
411136,2041,755.0,0,1,45.0,2.481492519378662,0.0001,6416,-0.012167701897851657,-0.08653722300368827,6.669242433272302,-0.017337441444396973,0.2,0.023064295,-16.984560704119502,0.043701171875
411648,1643,766.0,0,1,45.0,1.3557684421539307,0.0001,6424,-0.009699012494820636,-0.06540489218787116,4.123983243480325,0.2692726254463196,0.2,0.0052047013,-17.52835147158243,0.030517578125
412160,1743,765.5,0,1,45.0,1.5352611541748047,0.0001,6432,-0.015325589025451336,-0.0948826537351124,3.570453407242894,0.35812216997146606,0.2,0.020563144,-18.383000517720358,0.056396484375
412672,1937,787.0,0,1,45.0,1.5276274681091309,0.0001,6440,-0.016032433370128274,-0.1391200149373617,8.195837929844856,0.05229330062866211,0.2,0.017120428,-20.036823238572104,0.081298828125
413184,2029,794.5,0,1,45.0,0.6514845490455627,0.0001,6448,-0.010100198705913499,-0.10149625939084217,8.462909332476556,0.3130941390991211,0.2,0.01219804,-21.24841035093181,0.04443359375
413696,1977,804.5,0,1,45.0,1.1003544330596924,0.0001,6456,-0.008231394647737034,-0.07841783855110407,5.346803234890103,0.29621636867523193,0.2,0.006737139,-21.90123285898939,0.03173828125
414208,2146,743.0,0,1,45.0,3.612569570541382,0.0001,6464,-0.009704314164991956,-0.08669409581489163,8.221665590070188,0.46938782930374146,0.2,0.0049297167,-23.025200165621936,0.035888671875
414720,1223,650.0,0,1,45.0,1.2976545095443726,0.0001,6472,-0.011190485776751302,-0.077336731053947,4.536685031838715,0.3463670611381531,0.2,0.007558245,-23.599110528491437,0.03564453125
415232,1753,701.0,0,1,45.0,0.3344845473766327,0.0001,6480,-0.009900133161863778,-0.07286580969230272,3.904495071619749,0.08973920345306396,0.2,0.014946804,-24.060664868112653,0.03955078125
415744,1949,712.5,0,1,45.0,2.117824077606201,0.0001,6488,-0.012785692222678335,-0.11812580464174971,9.748228520154953,0.28637033700942993,0.2,0.009150244,-24.041317270323635,0.050048828125
416256,1950,794.0,0,1,45.0,1.9772751331329346,0.0001,6496,-0.007801001789630391,-0.07695016914658481,8.891462889499962,0.45527493953704834,0.2,0.005894378,-23.5186519937031,0.025146484375
416768,1974,768.5,0,1,45.0,2.091702699661255,0.0001,6504,-0.010722424147388665,-0.100498086445441,9.250073456205428,0.22586047649383545,0.2,0.0064703925,-22.941099390219897,0.03515625
417280,1066,752.0,0,1,45.0,1.1948336362838745,0.0001,6512,-0.012245665275258943,-0.09212426736485213,6.991744550876319,-0.1522386074066162,0.2,0.009919241,-21.990633006785064,0.033935546875
417792,2042,757.0,0,1,45.0,0.5123246908187866,0.0001,6520,-0.007576461648568511,-0.06612915758887539,3.8741971980780363,0.25333452224731445,0.2,0.0065548327,-20.594617565842345,0.025634765625
418304,2138,763.0,0,1,45.0,2.765111207962036,0.0001,6528,-0.007426190801197663,-0.06328557866800111,6.502872561104596,0.3025071620941162,0.2,0.0047610644,-19.320990760531277,0.02490234375
418816,2184,791.0,0,1,45.0,1.1993855237960815,0.0001,6536,-0.007164953534811502,-0.061587926360516576,6.901649290230125,0.43079400062561035,0.2,0.004951535,-18.59317626092583,0.025390625
419328,2088,810.5,0,1,45.0,4.041197776794434,0.0001,6544,-0.010947463397315005,-0.051761733750026906,6.750928644556552,0.42576754093170166,0.2,0.011318902,-17.292731047160924,0.032958984375
419840,2092,779.5,0,1,45.0,1.530298113822937,0.0001,6552,-0.00748393454705365,-0.06198377104010433,5.099793239030987,0.24487102031707764,0.2,0.0050202603,-16.225737992087378,0.0205078125
420352,1503,832.5,0,1,45.0,0.846574604511261,0.0001,6560,-0.00843145850012661,-0.050387807608785806,3.596493467106484,0.5452047288417816,0.2,0.0036143144,-15.205870426697656,0.0185546875
420864,1944,766.5,0,1,45.0,2.674021005630493,0.0001,6568,-0.005970357990008779,-0.07280663886194816,10.12673775292933,0.5765388906002045,0.2,0.001433086,-14.252482788711786,0.01806640625
421376,1944,768.5,0,1,45.0,0.827059805393219,0.0001,6576,-0.005546274278458441,-0.07147153127880301,8.254875265993178,0.13241338729858398,0.2,0.007151876,-14.004841996161268,0.0224609375
421888,2107,716.5,0,1,45.0,3.385664224624634,0.0001,6584,-0.008986049986560829,-0.09526547610585112,12.384722204878926,0.1637076735496521,0.2,0.006033078,-14.107730806833134,0.029541015625
422400,2046,760.5,0,1,45.0,2.9742836952209473,0.0001,6592,-0.01048892771359533,-0.0857241980775143,9.737387534230947,0.40064603090286255,0.2,0.0039766068,-15.186167086670174,0.0341796875
422912,2126,744.0,0,1,45.0,2.7983293533325195,0.0001,6600,-0.0037912016196059994,-0.050008365946268896,8.461922812275589,0.3321681618690491,0.2,0.00080640696,-15.109322124579922,0.012939453125
423424,1875,779.5,0,1,45.0,1.339970588684082,0.0001,6608,-0.008190634307538858,-0.04142567768212757,5.083997816778719,0.5854974091053009,0.2,0.009089004,-15.29519630019553,0.019775390625
423936,1906,783.0,0,1,45.0,9.860023498535156,0.0001,6616,-0.01201624615714536,-0.09747927584248828,11.816163958981633,0.5408087372779846,0.2,0.008154385,-15.012795487204567,0.04296875
424448,2174,724.0,0,1,45.0,2.88495135307312,0.0001,6624,-0.011569998128834413,-0.08449303367524408,8.584609068930149,0.44594526290893555,0.2,0.00847217,-14.986056049549951,0.036865234375
424960,1357,736.0,0,1,45.0,2.922536849975586,0.0001,6632,-0.01526503463537665,-0.05231374539289391,8.257973643485457,0.039290666580200195,0.2,0.017072815,-15.30557862419635,0.03125
425472,1611,810.0,0,1,45.0,4.047213077545166,0.0001,6640,-0.004560680601571221,-0.09819546842481941,15.853181201964617,0.37525302171707153,0.2,0.003349149,-14.373117752764374,0.031005859375
425984,1737,871.0,0,1,45.0,4.022572040557861,0.0001,6648,-0.01048287658704794,-0.14753745699999854,11.695014577358961,0.1632823348045349,0.2,0.0077283867,-13.507637311220169,0.06103515625
426496,2049,869.0,0,1,45.0,1.5119673013687134,0.0001,6656,-0.013770603465673048,-0.118733721668832,8.468034846708179,0.30479007959365845,0.2,0.015129266,-11.81689795549959,0.056396484375
427008,1894,868.0,0,1,45.0,1.6222542524337769,0.0001,6664,-0.009092512183997314,-0.08263779170374619,8.586308334954083,-0.1980043649673462,0.2,0.020158084,-10.937003755215555,0.03955078125
427520,2017,912.5,0,1,45.0,0.9293639063835144,0.0001,6672,-0.007013149483100278,-0.05652014415318263,5.930563436821103,0.07154279947280884,0.2,0.0036646212,-9.886163354385644,0.02392578125
428032,1752,942.5,0,1,45.0,1.1188411712646484,0.0001,6680,-0.007699288245930802,-0.05710016114608152,3.1111966483294964,-0.05595731735229492,0.2,0.0049986755,-8.43613461477682,0.02880859375
428544,1701,952.5,0,1,45.0,1.3431496620178223,0.0001,6688,-0.00871905499661807,-0.07969546741514932,5.000773167237639,-0.09219491481781006,0.2,0.0074392054,-8.111155140921474,0.038330078125
429056,2006,1008.5,0,1,45.0,0.666535496711731,0.0001,6696,-0.007639509785803966,-0.05171064161186223,3.1261342223733664,-0.06607675552368164,0.2,0.009242777,-7.192579424269497,0.03173828125
429568,1536,967.0,0,1,45.0,0.28092366456985474,0.0001,6704,-0.0029370929551078007,-0.047295745273004286,1.7054605246521533,-0.5901398658752441,0.2,0.0075916816,-6.406936255842448,0.03076171875
430080,1442,954.5,0,1,45.0,1.6205792427062988,0.0001,6712,-0.008205593163438607,-0.04696217893433641,5.394652564078569,-0.07379937171936035,0.2,0.005518669,-7.622028315234929,0.022216796875
430592,1592,915.5,0,1,45.0,1.7137302160263062,0.0001,6720,-0.010145327312784502,-0.08349970022391062,3.681713605299592,-0.06456661224365234,0.2,0.007213862,-7.943981636799872,0.0341796875
431104,1716,947.0,0,1,45.0,1.6287814378738403,0.0001,6728,-0.009998852576245554,-0.06225496896149707,4.670878906734288,0.09765654802322388,0.2,0.012983035,-9.849028173349797,0.040283203125
431616,1670,969.5,0,1,45.0,0.7061834931373596,0.0001,6736,-0.007810867689840961,-0.04485676031981711,5.093201966024935,-0.29327452182769775,0.2,0.01118323,-11.431855960134417,0.03369140625
432128,1980,960.5,0,1,45.0,0.6890537738800049,0.0001,6744,-0.00520294198213378,-0.04474227202081238,3.9048964083194733,0.38515281677246094,0.2,0.0037372075,-12.875473178382963,0.016357421875
432640,1892,972.0,0,1,45.0,0.5736021399497986,0.0001,6752,-0.006916606631421018,-0.0424424632001319,4.714955467730761,0.3764437437057495,0.2,0.004687883,-14.817923770155758,0.018310546875
433152,2175,882.0,0,1,45.0,2.800736427307129,0.0001,6760,-0.0054304134246194735,-0.0495149572052469,5.840366195887327,0.42928314208984375,0.2,0.0023539122,-16.25078877493739,0.014404296875
433664,1895,920.0,0,1,45.0,0.7003964781761169,0.0001,6768,-0.0044642008979280945,-0.03950116649866686,3.141526028746739,0.2692165970802307,0.2,0.007148927,-17.441539161875845,0.013427734375
434176,1820,937.0,0,1,45.0,0.4454008936882019,0.0001,6776,-0.005682014256308321,-0.03916021768236533,3.135155470110476,0.383542537689209,0.2,0.0047386545,-17.897634989991783,0.013916015625
434688,1466,949.0,0,1,45.0,1.3888559341430664,0.0001,6784,-0.009916263705235906,-0.05714017152786255,4.972209686413407,0.4713224172592163,0.2,0.0028899577,-17.166671846546233,0.025146484375
435200,2086,985.5,0,1,45.0,0.9481294751167297,0.0001,6792,-0.004886239861662034,-0.05428848182054935,3.2578228735364974,0.6919113397598267,0.2,0.0023469038,-16.077820349000394,0.020263671875
435712,1783,993.0,0,1,45.0,0.7789434790611267,0.0001,6800,-0.005469826042826753,-0.04633312013174873,5.246129178442061,0.47906631231307983,0.2,0.00077511976,-14.261077222041786,0.008544921875
436224,1931,1052.5,0,1,45.0,1.7748215198516846,0.0001,6808,-0.007410024089040235,-0.05158090966142481,4.897383921779692,0.6181526184082031,0.2,0.001993325,-12.437063507605345,0.017578125
436736,1866,1007.5,0,1,45.0,1.4625755548477173,0.0001,6816,-0.00699036919104401,-0.041357974463608116,3.9108692165464163,0.6883333921432495,0.2,0.0031866098,-10.378347909431904,0.0185546875
437248,2091,1018.5,0,1,45.0,2.1069064140319824,0.0001,6824,-0.007035118585918099,-0.05737609889911255,7.361493807286024,0.5769137442111969,0.2,0.010770371,-8.521306519377976,0.024658203125
437760,1674,1145.0,0,1,45.0,0.9722359776496887,0.0001,6832,-0.007278593526280019,-0.04580443216400454,2.6815674890531227,0.6358639895915985,0.2,0.0040701763,-7.2746317044459285,0.0234375
438272,1788,1126.0,0,1,45.0,0.4913747012615204,0.0001,6840,-0.004417428019223735,-0.05062646899023093,2.8297494910657406,0.7055283486843109,0.2,0.0054152356,-5.530144311599433,0.012939453125
438784,1816,1180.0,0,1,45.0,0.3654201328754425,0.0001,6848,-0.004180168492894154,-0.040610310177726205,2.6745077709201723,0.6456052958965302,0.2,0.0058265654,-5.3763122410327195,0.02001953125
439296,1527,1188.5,0,1,45.0,0.5571964383125305,0.0001,6856,-0.00595668764981383,-0.04596763622248545,2.543746631126851,0.6197792887687683,0.2,0.008432873,-5.355529415011406,0.023681640625
439808,1962,1210.0,0,1,45.0,0.2686513364315033,0.0001,6864,-0.0064011605572886765,-0.0523066013774951,2.52988362708129,0.44666463136672974,0.2,0.0066866926,-6.039894192535431,0.0205078125
440320,1537,1213.5,0,1,45.0,0.8263280391693115,0.0001,6872,-0.006887076615385013,-0.036722106309753144,3.275057213497348,0.24048417806625366,0.2,0.009215752,-6.434702655877918,0.016845703125
440832,2112,1193.0,0,1,45.0,0.14793871343135834,0.0001,6880,-0.011748031764000189,-0.07711420957639348,1.5220536508131772,0.3522936701774597,0.2,0.029298011,-7.468119532261044,0.05419921875
441344,1710,1289.5,0,1,45.0,0.07141228765249252,0.0001,6888,-0.01244125985977007,-0.04495795481125242,1.1387733995215967,0.11301034688949585,0.2,0.028606016,-8.469061005618423,0.0361328125
441856,1810,1280.5,0,1,45.0,0.24349220097064972,0.0001,6896,-0.009951878102583578,-0.092112416139571,2.033686258131638,0.4234316349029541,0.2,0.012587834,-8.883746403828264,0.041748046875
442368,1589,1330.0,0,1,45.0,0.7059460878372192,0.0001,6904,-0.010931176933809184,-0.09713488371198764,3.7955572064965963,0.3971143960952759,0.2,0.014525472,-9.40011220753193,0.04541015625
442880,1442,1302.0,0,1,45.0,0.32694536447525024,0.0001,6912,-0.005309115964337252,-0.09733436832175357,1.781758087920025,0.44722217321395874,0.2,0.012449,-9.910220460258424,0.05712890625
443392,1309,1293.5,0,1,45.0,0.6173235774040222,0.0001,6920,-0.009034736809553578,-0.09744654106907547,2.598826240748167,0.5038302838802338,0.2,0.009627208,-10.435460879318416,0.04443359375
443904,1768,1340.0,0,1,45.0,0.34816256165504456,0.0001,6928,-0.008761657954892144,-0.09830455586779863,2.433514063246548,0.4826897382736206,0.2,0.009797899,-10.476620901823043,0.046142578125
444416,1679,1384.0,0,1,45.0,2.112454414367676,0.0001,6936,-0.00912315624736948,-0.09564147881610552,12.883593367412686,-0.04470992088317871,0.2,0.026500633,-10.85284653460607,0.052734375
444928,1553,1418.5,0,1,45.0,0.5045245289802551,0.0001,6944,-0.00337590377239394,-0.08829057632101467,2.1278607943095267,0.3261535167694092,0.2,0.0066960277,-10.46351706540212,0.0400390625
445440,1920,1431.0,0,1,45.0,0.6239085793495178,0.0001,6952,-0.005683319970557932,-0.07206456055428134,2.612097692908719,0.15940254926681519,0.2,0.008152678,-10.28058992324397,0.033935546875
445952,1782,1369.5,0,1,45.0,0.20001588761806488,0.0001,6960,-0.009729580058774445,-0.06333608520799316,1.5341341932071373,0.1537584662437439,0.2,0.0064768223,-9.938228743895888,0.0400390625
446464,1806,1391.0,0,1,45.0,0.6947254538536072,0.0001,6968,-0.00539730558739393,-0.07045351808119449,2.4082078232895583,0.033419013023376465,0.2,0.006881302,-10.32269564691931,0.026611328125
446976,1771,1396.0,0,1,45.0,3.0955677032470703,0.0001,6976,-0.0072030529991025105,-0.11489060528401751,18.03187808766961,0.049337565898895264,0.2,0.005795569,-11.04712620317936,0.028564453125
447488,1451,1392.0,0,1,45.0,1.0627636909484863,0.0001,6984,-0.007017566422291566,-0.04877477129412,2.6707834103144705,0.05741381645202637,0.2,0.005034041,-11.21159084090963,0.02685546875
448000,1734,1370.0,0,1,45.0,1.0024757385253906,0.0001,6992,-0.00559479355433723,-0.045723100109171355,3.0622159587219357,-0.14398205280303955,0.2,0.002612641,-11.593172773234546,0.016357421875
448512,2058,1328.0,0,1,45.0,3.6414315700531006,0.0001,7000,-0.008386911358684301,-0.07858653871517163,8.343084116000682,-0.09345126152038574,0.2,0.0038275197,-11.924234755616634,0.03515625
449024,1795,1302.0,0,1,45.0,0.6922958493232727,0.0001,7008,-0.005843612761964323,-0.045638204246643,3.260318883229047,0.16058087348937988,0.2,0.0020619463,-11.254916391707956,0.0146484375
449536,1603,1258.5,0,1,45.0,0.7182281613349915,0.0001,7016,-0.005098919220472453,-0.048232079345325474,3.4859901112504303,-0.18057465553283691,0.2,0.0021351506,-10.678503709752112,0.0146484375
450048,2214,1183.5,0,1,45.0,0.6497666835784912,0.0001,7024,-0.0031325989330071025,-0.0297794561702176,2.085717362817377,0.09618067741394043,0.2,0.002016423,-9.984055703002959,0.008056640625
450560,1978,1118.0,0,1,45.0,0.6298872828483582,0.0001,7032,-0.005118695185956312,-0.026940561987430556,2.6458788039162755,0.08459669351577759,0.2,0.0055479747,-9.071129593346267,0.01708984375
451072,1763,1116.5,0,1,45.0,0.78617924451828,0.0001,7040,-0.004540155889117159,-0.03983499956666492,2.140568123664707,0.4106326103210449,0.2,0.004537658,-8.389165182597935,0.018310546875
451584,1773,1133.5,0,1,45.0,0.24698582291603088,0.0001,7048,-0.004932197720336262,-0.0356449180690106,2.62015988107305,-0.32623744010925293,0.2,0.0037480933,-7.1369676724821325,0.01416015625
452096,1897,1116.0,0,1,45.0,0.35856473445892334,0.0001,7056,-0.0016524453822057694,-0.02755159584194189,1.3720778222195804,0.10889703035354614,0.2,0.008884958,-6.72968311842531,0.01318359375
452608,1441,1072.0,0,1,45.0,0.904761552810669,0.0001,7064,-0.009315083632827736,-0.04329338048410136,5.165313350968063,0.026702046394348145,0.2,0.00541225,-6.481020209919661,0.029052734375
453120,1873,1104.5,0,1,45.0,1.0702099800109863,0.0001,7072,-0.005467628558108117,-0.047489018073974876,3.76330310665071,0.18032854795455933,0.2,0.0026824581,-6.735723254457116,0.0205078125
453632,1948,1106.0,0,1,45.0,0.5300958156585693,0.0001,7080,-0.0024239590275101364,-0.029769787655823166,2.9353607771918178,0.08267468214035034,0.2,0.00081678503,-7.417731588948518,0.008056640625
454144,2125,1139.0,0,1,45.0,0.9154371619224548,0.0001,7088,-0.0034833585523301736,-0.034875328943599015,4.676301903091371,0.20092874765396118,0.2,0.001176274,-8.439303736910224,0.010986328125
454656,2007,1150.5,0,1,45.0,0.8320317268371582,0.0001,7096,-0.005720327586459462,-0.036032835065270774,2.7030333247967064,0.44353675842285156,0.2,0.0050240336,-9.877993655260653,0.017333984375
455168,1909,1198.5,0,1,45.0,0.8337427973747253,0.0001,7104,-0.0054551707034988794,-0.04397718491964042,3.8635033327154815,0.47679227590560913,0.2,0.0034856687,-11.245288257077336,0.01611328125
455680,1821,1169.0,0,1,45.0,1.1291488409042358,0.0001,7112,-0.006243772433663253,-0.05576680273225065,3.3120533293113112,0.34160274267196655,0.2,0.0023379978,-11.833033073898404,0.0146484375
456192,1864,1161.0,0,1,45.0,0.3671666979789734,0.0001,7120,-0.007828474314010236,-0.0783675949787721,2.589172482257709,0.49797874689102173,0.2,0.007109689,-12.149405604470521,0.02734375
456704,1856,1206.5,0,1,45.0,1.0224964618682861,0.0001,7128,-0.0051732886204263195,-0.05300016539695207,2.5138918792363256,0.5453876256942749,0.2,0.0026135088,-12.058913707397878,0.022216796875
457216,1496,1215.5,0,1,45.0,1.084172010421753,0.0001,7136,-0.0046225376790971495,-0.07478062466543633,2.3115082569420338,0.7003788352012634,0.2,0.0045094923,-11.094841260835528,0.013671875
457728,1974,1164.5,0,1,45.0,1.0702128410339355,0.0001,7144,-0.019498554429446813,-0.14852564875036478,5.441380965523422,0.48988187313079834,0.2,0.09360947,-10.868751533534377,0.185546875
458240,1865,1220.0,0,1,45.0,0.2551366686820984,0.0001,7152,-0.0045356017726589926,-0.0658721531071933,2.658021941781044,0.5451315343379974,0.2,0.015637025,-10.61681139966473,0.02099609375
458752,1986,1243.5,0,1,45.0,0.5023906826972961,0.0001,7160,-0.0055897033016663045,-0.061235470027895644,3.6564226928167045,0.5788304805755615,0.2,0.006010261,-9.667376992553473,0.0126953125
459264,1691,1330.0,0,1,45.0,0.5177586674690247,0.0001,7168,-0.004134193226491334,-0.061921219574287534,2.266675816383213,0.5820943713188171,0.2,0.0020016767,-8.841612528208643,0.012451171875
459776,1834,1359.5,0,1,45.0,0.6660290956497192,0.0001,7176,-0.004664940352085978,-0.05485191730258521,2.802497903816402,0.6181904077529907,0.2,0.004698662,-8.112101012971252,0.019775390625
460288,1808,1358.0,0,1,45.0,0.46910804510116577,0.0001,7184,-0.006458212897996418,-0.048511257613427006,2.349353512749076,0.5766933858394623,0.2,0.007729917,-8.134927149582655,0.023193359375
460800,1911,1359.5,0,1,45.0,0.5734357237815857,0.0001,7192,-0.0034180735747213475,-0.03833859776932513,2.1565791710745543,0.5147022902965546,0.2,0.0073156245,-8.55201309144497,0.010498046875
461312,1455,1358.5,0,1,45.0,0.3923991024494171,0.0001,7200,-0.00279139436679543,-0.028877400909550488,1.1910426635295153,0.6497505605220795,0.2,0.0026839667,-9.186168881971389,0.01171875
461824,1783,1420.5,0,1,45.0,0.3481055796146393,0.0001,7208,-0.007128683457267471,-0.04352831630239962,1.782080187695101,0.680959165096283,0.2,0.0062729227,-9.578431854192168,0.024658203125
462336,1965,1411.5,0,1,45.0,0.5066782832145691,0.0001,7216,-0.004855397579376586,-0.031192927501251688,1.9115796755068004,0.17461752891540527,0.2,0.002940389,-9.418372132703661,0.0146484375
462848,1937,1435.0,0,1,45.0,0.39107173681259155,0.0001,7224,-0.0037620955845341086,-0.028764176659024088,1.9251646841876209,0.3901802897453308,0.2,0.018896421,-9.21807837197557,0.013671875
463360,2358,1382.5,0,1,45.0,0.5760764479637146,0.0001,7232,-0.0016325960132235195,-0.025775668036658317,1.8237543986178935,0.23920714855194092,0.2,0.0014398446,-9.056980878375471,0.003173828125
463872,1760,1297.5,0,1,45.0,0.32533130049705505,0.0001,7240,-0.0019343144085723907,-0.027955739496974275,1.1539224893786013,0.12089556455612183,0.2,0.010786256,-8.714396301880479,0.012451171875
464384,1866,1269.5,0,1,45.0,0.2855170667171478,0.0001,7248,-0.00641266381717287,-0.0451848168449942,2.3671178307849914,0.37091493606567383,0.2,0.016364656,-8.706204879023135,0.030517578125
464896,1790,1314.5,0,1,45.0,0.3322150409221649,0.0001,7256,-0.0033663940339465626,-0.043167850155441556,1.4740953191649169,0.5016053020954132,0.2,0.002889893,-8.143955495562404,0.014892578125
465408,1830,1337.0,0,1,45.0,0.22836922109127045,0.0001,7264,-0.005210199764405843,-0.047831105803197715,1.0303152695996687,0.5491796433925629,0.2,0.019992795,-7.425495566334575,0.01708984375
465920,1434,1325.5,0,1,45.0,0.7034971117973328,0.0001,7272,-0.006439494958613068,-0.08475637016817927,1.77493790932931,0.6692209243774414,0.2,0.005592716,-7.169174265544862,0.024169921875
466432,1944,1280.5,0,1,45.0,0.49844980239868164,0.0001,7280,-0.005883176978386473,-0.0758372324926313,2.5065134754404426,0.6365590989589691,0.2,0.0028477355,-7.180205565579236,0.02197265625
466944,1529,1312.5,0,1,45.0,0.4530089795589447,0.0001,7288,-0.005052462431194726,-0.07895775864017196,2.7220913283526897,0.3944641351699829,0.2,0.007302852,-7.590468370076269,0.019775390625
467456,1647,1302.0,0,1,45.0,0.18027622997760773,0.0001,7296,-0.011561444429389667,-0.12112490984145552,1.3273195046931505,0.603950560092926,0.2,0.02150106,-7.754714781343937,0.06201171875
467968,1883,1407.0,0,1,45.0,0.3668714761734009,0.0001,7304,-0.007418787034112029,-0.35143586131744087,1.204018227639608,0.6620964109897614,0.2,0.020352572,-8.150821641050278,0.18408203125
468480,1682,1403.5,0,1,45.0,0.3119131028652191,0.0001,7312,-0.006846864791441476,-0.32427241501864046,1.5677838256815448,0.5436955690383911,0.2,0.015755553,-8.85854325113818,0.122802734375
468992,1765,1458.5,0,1,45.0,1.2038978338241577,0.0001,7320,-0.005253053284832276,-0.2603356984909624,4.546154340263456,0.335421085357666,0.2,0.0083254315,-9.880596721898764,0.030029296875
469504,1824,1451.0,0,1,45.0,0.4667608141899109,0.0001,7328,-0.007410537513351301,-0.27457019698340446,2.761383779812604,0.3088047504425049,0.2,0.013040319,-11.052834236230701,0.069091796875
470016,1891,1446.0,0,1,45.0,0.1615953892469406,0.0001,7336,-0.005687318618583959,-0.30054982530418783,1.5867393398657441,0.34545278549194336,0.2,0.01148736,-12.281917348857968,0.06201171875
470528,1359,1446.0,0,1,45.0,0.5145189762115479,0.0001,7344,-0.005263671810098458,-0.30753578804433346,2.4967033453285694,0.31154966354370117,0.2,0.0076496727,-13.32378501618281,0.025390625
471040,2054,1415.0,0,1,45.0,0.5428751111030579,0.0001,7352,-0.0012987388836336322,-0.2558250370202586,3.8733048168942332,0.40372198820114136,0.2,0.0036157048,-14.865898049771786,0.01123046875
471552,1814,1444.0,0,1,45.0,1.3126435279846191,0.0001,7360,-0.003900774034264032,-0.27715947770047933,6.676939483731985,0.3671134114265442,0.2,0.005568102,-16.618997263014318,0.041015625
472064,1986,1440.5,0,1,45.0,1.5832736492156982,0.0001,7368,-0.0038688236818416044,-0.21055048675043508,7.305715856142342,0.43168872594833374,0.2,0.002071754,-18.364125748351217,0.01806640625
472576,2014,1411.0,0,1,45.0,2.022810220718384,0.0001,7376,-0.00046025273331906646,-0.25282570731360465,6.287150671705604,0.5300360023975372,0.2,0.0018691163,-20.646410873644054,0.016845703125
473088,1846,1397.0,0,1,45.0,3.8801639080047607,0.0001,7384,-0.004589399904944003,-0.2611235927324742,13.571824468672276,0.5152221322059631,0.2,0.0035026213,-22.849602077379824,0.015625
473600,1781,1400.0,0,1,45.0,6.2202043533325195,0.0001,7392,-0.004840762914682273,-0.21198784396983683,14.302513785660267,0.6197017729282379,0.2,0.0033094129,-24.736101681552828,0.016357421875
474112,1820,1422.0,0,1,45.0,4.347359657287598,0.0001,7400,-0.002658405472175218,-0.1563433245755732,11.794449023902416,0.6692332327365875,0.2,0.005999119,-26.122755895443262,0.0068359375
474624,1723,1418.5,0,1,45.0,2.7357966899871826,0.0001,7408,-0.001664482828346081,-0.17903786181705073,12.689183171838522,0.7260823547840118,0.2,0.0018275025,-27.22238146264106,0.025634765625
475136,1790,1448.5,0,1,45.0,2.7072865962982178,0.0001,7416,-0.003277997857367154,-0.1771205649129115,14.708904761821032,0.7489010393619537,0.2,0.0034968322,-28.76108154851943,0.009033203125
475648,1899,1450.0,0,1,45.0,5.20075798034668,0.0001,7424,-0.0024103230171022005,-0.1923170477966778,19.124495416879654,0.6724244356155396,0.2,0.0031104162,-30.00903653923422,0.01513671875
476160,1877,1444.0,0,1,45.0,7.288614749908447,0.0001,7432,-0.0027696742909029126,-0.2078851222177036,15.956939551979303,0.7194429039955139,0.2,0.0018665943,-31.321110659725964,0.030517578125
476672,2014,1444.0,0,1,45.0,11.254446983337402,0.0001,7440,-0.005110528949444415,-0.26112761010881513,11.392266737297177,0.7529974281787872,0.2,0.024525179,-32.604012931548056,0.06689453125
477184,1765,1449.5,0,1,45.0,2.0441880226135254,0.0001,7448,-0.005329228697519284,-0.38579325505997986,8.826279209926724,0.6296654343605042,0.2,0.0070027853,-33.4318303380534,0.055419921875
477696,1747,1478.0,0,1,45.0,3.3047585487365723,0.0001,7456,-0.005122123729961459,-0.2862310448545031,9.195946510881186,0.7137377560138702,0.2,0.009021907,-33.36262444783002,0.114013671875
478208,1753,1500.5,0,1,45.0,1.5534710884094238,0.0001,7464,-0.00687625632781419,-0.2729434537468478,6.327391513623297,0.8149894028902054,0.2,0.011943079,-32.68339020982385,0.115966796875
478720,1837,1500.0,0,1,45.0,0.6807236671447754,0.0001,7472,-0.007562204347777879,-0.24051459750626236,4.25032120058313,0.8366703540086746,0.2,0.013534384,-31.72141375031322,0.13525390625
479232,1437,1480.5,0,1,45.0,0.6534247398376465,0.0001,7480,-0.00442130980809452,-0.23147473915014416,4.219211960211396,0.8461467772722244,0.2,0.01994178,-30.160224991217255,0.139404296875
479744,1823,1498.5,0,1,45.0,2.32316255569458,0.0001,7488,-0.004324344175984152,-0.2218593168654479,8.132197400555015,0.8067676424980164,0.2,0.0059683123,-27.946878693252803,0.05908203125
480256,1817,1495.0,0,1,45.0,1.2540416717529297,0.0001,7496,-0.007222973283205647,-0.20620028459234163,7.127047280780971,0.6819616854190826,0.2,0.010818895,-25.477333556376397,0.065673828125
480768,1831,1494.5,0,1,45.0,2.7246646881103516,0.0001,7504,-0.006553439103299752,-0.21254995767958462,9.929166723042727,0.5199846923351288,0.2,0.0038306676,-21.866797003112733,0.027587890625
481280,2158,1498.0,0,1,45.0,1.5215497016906738,0.0001,7512,-0.002139316471584607,-0.21322405559476465,7.307031713426113,0.7516479790210724,0.2,0.004429809,-18.783688875213265,0.034912109375
481792,1571,1513.5,0,1,45.0,3.3437137603759766,0.0001,7520,-0.006413160408555996,-0.23927595163695514,10.274740867316723,0.4468371868133545,0.2,0.011372721,-14.418070176392794,0.0712890625
482304,1750,1495.0,0,1,45.0,1.4897990226745605,0.0001,7528,-0.007809254719177261,-0.15019518922781572,5.227253278717399,0.6898737251758575,0.2,0.0040249717,-12.205458941049875,0.03662109375
482816,1705,1496.5,0,1,45.0,1.8690890073776245,0.0001,7536,-0.007191606258857064,-0.15124348929384723,4.938579896464944,0.671956330537796,0.2,0.0057380283,-10.438363052159549,0.04541015625
483328,1462,1496.5,0,1,45.0,0.9805956482887268,0.0001,7544,-0.007056196853227448,-0.12718519711052068,3.5677002165466547,0.6541793346405029,0.2,0.0041433955,-9.251035639606416,0.03857421875
483840,1727,1516.5,0,1,45.0,0.5566099286079407,0.0001,7552,-0.010395829936896916,-0.10655043189763092,3.022929302416742,0.5974577367305756,0.2,0.019024188,-8.714216733053327,0.05517578125
484352,1757,1531.0,0,1,45.0,2.153085231781006,0.0001,7560,-0.008887611507816473,-0.11226670391624793,4.8234662394970655,0.5523205995559692,0.2,0.010814577,-9.008692604601384,0.035400390625
484864,1768,1545.5,0,1,45.0,1.1243430376052856,0.0001,7568,-0.009805603593122214,-0.10543780602165498,3.097248892299831,0.5734237432479858,0.2,0.014976127,-9.410162635482848,0.059326171875
485376,1920,1474.5,0,1,45.0,9.89393424987793,0.0001,7576,-0.01738530422153417,-0.12328985510976054,28.432415107265115,0.22831565141677856,0.2,0.0062426827,-10.672544551752507,0.048583984375
485888,1899,1522.0,0,1,45.0,0.7150506973266602,0.0001,7584,-0.008399108010053169,-0.097627533308696,4.901301148813218,-0.1641448736190796,0.2,0.005816253,-11.463523449860514,0.02099609375
486400,1727,1483.5,0,1,45.0,1.0796903371810913,0.0001,7592,-0.009793227080081124,-0.07662225728563499,4.327851986512542,0.12286943197250366,0.2,0.02774632,-12.161914750002325,0.045654296875
486912,1961,1418.0,0,1,45.0,1.1081104278564453,0.0001,7600,-0.009551036251650658,-0.09239238651935011,3.829719975590706,0.6743707954883575,0.2,0.01197313,-12.506949438266457,0.03662109375
487424,1434,1383.0,0,1,45.0,1.409508228302002,0.0001,7608,-0.011944477737415582,-0.07706524194509257,5.094976332038641,0.18387043476104736,0.2,0.018568397,-12.551097183786332,0.04638671875
487936,1956,1364.0,0,1,45.0,1.4087445735931396,0.0001,7616,-0.002609759583720006,-0.0572481963026803,3.0443602516315877,0.5388294160366058,0.2,0.0049191685,-11.968389093466103,0.015625
488448,1873,1330.5,0,1,45.0,0.7072092890739441,0.0001,7624,-0.00534265299938852,-0.05486610168009065,2.210240649525076,0.6339161396026611,0.2,0.0025449577,-11.098524303287268,0.015869140625
488960,1951,1268.0,0,1,45.0,0.6666555404663086,0.0001,7632,-0.006537361918162787,-0.05295481179928174,2.8141995454207063,0.550406277179718,0.2,0.008174728,-10.232089531235397,0.025390625
489472,1720,1281.5,0,1,45.0,0.7312077283859253,0.0001,7640,-0.006122835562564433,-0.06426603291765787,2.8253936171531677,0.26397812366485596,0.2,0.0060858987,-9.775361618623137,0.0234375
489984,1950,1329.0,0,1,45.0,0.41038796305656433,0.0001,7648,-0.0060328470481181284,-0.05638866426306777,2.385220258263871,0.4876950979232788,0.2,0.0078244,-8.562579732201993,0.02294921875
490496,2238,1240.0,0,1,45.0,1.378414511680603,0.0001,7656,-0.005257891061773989,-0.037762472427857574,2.203246119664982,0.5023778975009918,0.2,0.006273864,-8.704416420944035,0.017578125
491008,2169,1157.5,0,1,45.0,1.1674087047576904,0.0001,7664,-0.002619302918901667,-0.035726785798033234,2.165831898106262,0.459048867225647,0.2,0.0045432504,-9.075788385905325,0.014892578125
491520,1883,1180.0,0,1,45.0,0.2866743803024292,0.0001,7672,-0.007672089039260754,-0.04643932651379146,2.5272135494742543,0.359910249710083,0.2,0.010223019,-9.988560594171286,0.025146484375
492032,1546,1160.0,0,1,45.0,0.7505532503128052,0.0001,7680,-0.008589309676608536,-0.048580497910734266,3.5783498263917863,0.3260512351989746,0.2,0.0054935818,-10.941774470843376,0.02587890625
492544,1902,1154.5,0,1,45.0,0.340496301651001,0.0001,7688,-0.005893031964660622,-0.030694844885147177,2.0102050111163408,0.5875185132026672,0.2,0.003035588,-11.937769549973309,0.012451171875
493056,1954,1192.0,0,1,45.0,0.2936795651912689,0.0001,7696,-0.003768373095226707,-0.03402672709489707,3.4010663824155927,0.5410920083522797,0.2,0.0022707745,-12.94999718081206,0.007080078125
493568,1759,1171.0,0,1,45.0,0.4161927402019501,0.0001,7704,-0.002875494108593557,-0.04605194010218838,2.4193753267172724,0.6531228125095367,0.2,0.003555418,-13.364812341146171,0.01611328125
494080,1838,1171.0,0,1,45.0,1.1405339241027832,0.0001,7712,-0.004978400720574427,-0.039218244899529964,3.16119191236794,0.45794105529785156,0.2,0.011021258,-13.697112429216505,0.01611328125
494592,2143,1129.5,0,1,45.0,0.2696664035320282,0.0001,7720,-0.0054108771291794255,-0.03215889476268785,2.460467580007389,0.5710531771183014,0.2,0.0076943296,-13.331416123285889,0.015625
495104,2139,1142.0,0,1,45.0,0.3426440358161926,0.0001,7728,-0.004105784973944537,-0.02789058580674464,1.230874281609431,0.565016359090805,0.2,0.0063331076,-13.06093774534762,0.015869140625
495616,1961,1182.0,0,1,45.0,0.3147226870059967,0.0001,7736,-0.006343724773614667,-0.046751047353609465,2.0564618539065123,0.5730912983417511,0.2,0.016502554,-12.175466100871564,0.02294921875
496128,1949,1216.5,0,1,45.0,0.4896632730960846,0.0001,7744,-0.007367528382019373,-0.04989726901840186,2.3486534878611565,0.3542046546936035,0.2,0.0022649206,-11.054733067713677,0.019775390625
496640,1990,1175.0,0,1,45.0,0.2241847813129425,0.0001,7752,-0.004548195407551248,-0.035756028730247635,1.6368124545551836,0.6302134990692139,0.2,0.0056645353,-9.602656407542527,0.016357421875
497152,1354,1198.5,0,1,45.0,0.5776087045669556,0.0001,7760,-0.00812504204805009,-0.04031509203923633,1.8469453849829733,0.6831385791301727,0.2,0.012507451,-8.569993502162397,0.0283203125
497664,1828,1209.0,0,1,45.0,0.19305899739265442,0.0001,7768,-0.0020806789470952936,-0.031759342629811727,1.3451919296057895,0.8023155480623245,0.2,0.0031831479,-7.480292493142188,0.011474609375
498176,1873,1209.0,0,1,45.0,0.35083144903182983,0.0001,7776,-0.0036347215263958788,-0.04071549721993506,2.068490249570459,0.74308642745018,0.2,0.0011524635,-6.623693394064904,0.010009765625
498688,1930,1203.5,0,1,45.0,0.3711164593696594,0.0001,7784,-0.004398430297442246,-0.03587798018634203,1.9711922730784863,0.7730814516544342,0.2,0.0042834915,-6.071911882534623,0.0126953125
499200,1783,1268.0,0,1,45.0,0.5554834008216858,0.0001,7792,-0.008897172556316946,-0.044251769009861164,2.1945495101390406,0.6055567860603333,0.2,0.006669572,-5.966941856443882,0.02294921875
499712,1992,1237.5,0,1,45.0,0.6223927736282349,0.0001,7800,-0.005211594925640384,-0.03669224072655197,1.579166072420776,0.6787578463554382,0.2,0.005825643,-5.914270086251199,0.015869140625
500224,2055,1152.5,0,1,45.0,0.9896800518035889,0.0001,7808,-0.008041358134505572,-0.04942305669101188,1.6872124415822327,0.6632785201072693,0.2,0.008032967,-6.227865894585848,0.02978515625
500736,1775,1192.5,0,1,45.0,0.22805163264274597,0.0001,7816,-0.009594832616130589,-0.04578856688749511,1.7194582250667736,0.5643214285373688,0.2,0.014466127,-7.119346073307097,0.02978515625
501248,1906,1256.5,0,1,45.0,0.12838324904441833,0.0001,7824,-0.003866934359393781,-0.035943356015195604,0.8255452976445667,0.7039101719856262,0.2,0.0070638647,-7.631159581765533,0.01708984375
501760,1514,1188.0,0,1,45.0,0.1296076774597168,0.0001,7832,-0.004737559393106494,-0.037748050432128366,0.5993038218584843,0.6374925374984741,0.2,0.008944613,-8.333752206042409,0.027587890625
502272,1747,1260.5,0,1,45.0,0.17389804124832153,0.0001,7840,-0.014320520829642192,-0.07314097961352672,2.007244837936014,-0.17501533031463623,0.2,0.017165687,-9.929993173107505,0.054443359375
502784,1861,1218.5,0,1,45.0,0.46556365489959717,0.0001,7848,-0.008724456234631361,-0.06443381396093173,1.6325217196717858,0.20011091232299805,0.2,0.010863007,-10.695095415487886,0.0322265625
503296,1877,1222.0,0,1,45.0,3.3676624298095703,0.0001,7856,-0.009800617277505808,-0.0901964080912876,12.635914933867753,0.08201169967651367,0.2,0.024023011,-11.992702994085848,0.0517578125
503808,2080,1247.0,0,1,45.0,0.2591661512851715,0.0001,7864,-0.0053460701237781905,-0.0540197143855039,1.8544180884491652,-0.7002435922622681,0.2,0.0041929786,-12.62709260173142,0.019775390625
504320,1831,1318.5,0,1,45.0,0.5155855417251587,0.0001,7872,-0.0028053319547325373,-0.044040014399797656,1.9325129711069167,-0.2181401252746582,0.2,0.003080123,-12.507010794132947,0.0166015625
504832,1759,1349.0,0,1,45.0,0.4103843569755554,0.0001,7880,-0.006769296760467114,-0.052497778335236944,1.3874710632953793,-0.11995398998260498,0.2,0.010138802,-12.50240601360798,0.021484375
505344,1660,1374.5,0,1,45.0,0.2657610774040222,0.0001,7888,-0.006679857331619132,-0.05656454790732823,1.3609260520897806,0.42851245403289795,0.2,0.0062312074,-12.479128547683358,0.026123046875
505856,1463,1352.5,0,1,45.0,0.33034107089042664,0.0001,7896,-0.006555619722348638,-0.05254956187127391,1.0898609441937879,0.40812212228775024,0.2,0.0030596163,-12.26539342328906,0.020263671875
506368,1751,1437.0,0,1,45.0,0.37064436078071594,0.0001,7904,-0.006382641087839147,-0.10214057029224932,2.012087509734556,0.24087047576904297,0.2,0.0060775615,-12.011198409944774,0.04296875
506880,1875,1387.0,0,1,45.0,0.38952550292015076,0.0001,7912,-0.003974933788413182,-0.07933392439736053,1.4121842931490391,0.42217087745666504,0.2,0.012107357,-11.042218133062125,0.0263671875
507392,1841,1394.0,0,1,45.0,0.8860994577407837,0.0001,7920,-0.00834764796672971,-0.06998352902883198,2.1382383019663393,0.3621688485145569,0.2,0.009470995,-10.548432166427373,0.031005859375
507904,1943,1444.5,0,1,45.0,0.26594942808151245,0.0001,7928,-0.011133426320157014,-0.053763510164571926,1.9060629836749285,0.32427382469177246,0.2,0.015590677,-9.674241809099913,0.03857421875
508416,1988,1423.5,0,1,45.0,0.09930172562599182,0.0001,7936,-0.001999392461584648,-0.043161559238797054,0.9630869647371583,0.38228458166122437,0.2,0.0044855466,-9.067086999192833,0.016357421875
508928,1940,1375.0,0,1,45.0,0.11940981447696686,0.0001,7944,-0.0035917936475016177,-0.04464380779245403,1.8945538646075875,0.5203669667243958,0.2,0.0026779303,-8.918897351771593,0.0166015625
509440,1946,1360.5,0,1,45.0,0.394155353307724,0.0001,7952,-0.008079022740275832,-0.04956604415201582,1.6417781164636835,0.47989755868911743,0.2,0.004490322,-8.67617940057069,0.015380859375
509952,1830,1349.5,0,1,45.0,0.3389054834842682,0.0001,7960,-0.0062273772673506755,-0.04578034413862042,1.0838408518466167,0.4853631258010864,0.2,0.008133308,-8.350436211526393,0.01904296875
510464,1493,1347.0,0,1,45.0,0.2555297017097473,0.0001,7968,-0.008003587714483729,-0.04027094216144178,1.2172592944698408,0.525322437286377,0.2,0.005946531,-8.504132070951163,0.0244140625
510976,1808,1348.0,0,1,45.0,0.1170261800289154,0.0001,7976,-0.005871655397641007,-0.04363077967718709,0.8026978686102666,0.562018871307373,0.2,0.003473388,-8.56106805432588,0.015869140625
511488,2014,1315.5,0,1,45.0,0.5529487729072571,0.0001,7984,-0.00586403654597234,-0.04754122215672396,2.3553976411931217,0.4346875548362732,0.2,0.0037118746,-9.054861715324224,0.02392578125
512000,1879,1301.0,0,1,45.0,0.332739919424057,0.0001,7992,-0.006647894835623447,-0.05210264310153434,1.5843131931032985,0.27861833572387695,0.2,0.009871526,-9.566944987140596,0.026123046875
512512,1977,1231.5,0,1,45.0,0.3223479688167572,0.0001,8000,-0.008470143155136611,-0.06021103388047777,2.324136028531939,0.3903803825378418,0.2,0.006133046,-10.046247437819838,0.0283203125
513024,1879,1238.0,0,1,45.0,0.6102587580680847,0.0001,8008,-0.004126583669858519,-0.03583730975515209,1.992043036967516,0.463370680809021,0.2,0.0023831823,-10.862624349705875,0.0107421875
513536,2039,1243.0,0,1,45.0,0.48169493675231934,0.0001,8016,-0.004710843542852672,-0.05246929016720969,2.7219255180098116,0.3348115086555481,0.2,0.0042245514,-11.428718996681273,0.017333984375
514048,2023,1245.0,0,1,45.0,1.4207741022109985,0.0001,8024,-0.00582981492698309,-0.037613466156471986,1.7774299625307322,0.3448689579963684,0.2,0.014061897,-11.695226030871272,0.020751953125
514560,1956,1193.0,0,1,45.0,0.3582620620727539,0.0001,8032,-0.007723693714069668,-0.04486297705443576,2.402307260548696,0.4789049029350281,0.2,0.010877153,-12.140734821520745,0.0224609375
515072,1501,1180.5,0,1,45.0,0.6976056694984436,0.0001,8040,-0.0025122996066784253,-0.053472901970962994,3.472203561104834,0.450172483921051,0.2,0.0021302693,-12.077305802069604,0.013671875
515584,1925,1164.0,0,1,45.0,2.1604275703430176,0.0001,8048,-0.00951291229648632,-0.05502680843346752,3.3447550013661385,0.6080528199672699,0.2,0.0056680264,-12.096132315024734,0.0302734375
516096,1983,1194.5,0,1,45.0,2.187195062637329,0.0001,8056,-0.0054839995500515215,-0.06332589425437618,4.846178512554616,0.4944404363632202,0.2,0.0027807858,-11.690832963362336,0.019287109375
516608,1825,1210.0,0,1,45.0,0.7157526016235352,0.0001,8064,-0.007326612732867943,-0.054623883101157844,3.090400285087526,0.641606479883194,0.2,0.0040939064,-11.324175001606346,0.027099609375
517120,2103,1209.0,0,1,45.0,0.4566197991371155,0.0001,8072,-0.005685818690835731,-0.06775011734862346,2.968125922139734,0.6579321920871735,0.2,0.014717016,-10.580225775465369,0.0244140625
517632,2030,1188.5,0,1,45.0,0.8824832439422607,0.0001,8080,-0.003886122529365821,-0.03890604856132995,3.2643859037198126,0.5797330141067505,0.2,0.0022173035,-10.229909359738231,0.017333984375
518144,1976,1223.0,0,1,45.0,0.5037064552307129,0.0001,8088,-0.004203998358207173,-0.040159793439670466,2.6277846270240843,0.5517646968364716,0.2,0.0017227969,-10.046782222017645,0.011962890625
518656,1716,1257.0,0,1,45.0,0.5021082162857056,0.0001,8096,-0.005331407630364993,-0.04157793900958495,2.140334513504058,0.6928505301475525,0.2,0.0037687572,-9.816300135143102,0.017822265625
519168,1845,1310.5,0,1,45.0,2.708585500717163,0.0001,8104,-0.008438906726951245,-0.04001668064665864,6.283359971363097,0.3399820923805237,0.2,0.01585499,-9.740897592641414,0.025390625
519680,1250,1344.0,0,1,45.0,0.15661029517650604,0.0001,8112,-0.005411237812950276,-0.03838958442793228,2.699596560676582,0.4515739679336548,0.2,0.005058935,-9.681151721887291,0.01953125
520192,1726,1342.0,0,1,45.0,0.2579100728034973,0.0001,8120,-0.004105458850972354,-0.0410270464453788,1.569342504371889,0.4861522316932678,0.2,0.0070975227,-9.920142861381173,0.0244140625
520704,1894,1366.5,0,1,45.0,0.31698116660118103,0.0001,8128,-0.0041987573058577254,-0.04614972866329481,2.0832995143719018,0.2955171465873718,0.2,0.0059047705,-10.31625339090824,0.021240234375
521216,1892,1379.0,0,1,45.0,0.2699742019176483,0.0001,8136,-0.004481870382733177,-0.03269183797237929,1.320239937165752,0.3995434641838074,0.2,0.011576762,-10.807120354697108,0.020751953125
521728,2179,1401.0,0,1,45.0,0.611696183681488,0.0001,8144,-0.004300911197788082,-0.02144293566379929,1.946434382116422,-0.0053060054779052734,0.2,0.005412094,-11.039713249392808,0.012939453125
522240,1867,1394.5,0,1,45.0,0.35728690028190613,0.0001,8152,-0.004474267494515516,-0.021783648160635494,1.6388766265008599,0.4661579728126526,0.2,0.005142126,-10.950070889890194,0.01416015625
522752,2182,1392.5,0,1,45.0,0.37659984827041626,0.0001,8160,-0.006532130042614881,-0.028586520442331675,2.2670271852985024,0.43884605169296265,0.2,0.004402359,-11.007078479789197,0.017822265625
523264,1980,1341.0,0,1,45.0,0.3719511032104492,0.0001,8168,-0.0036348162902868353,-0.0225382047756284,1.7546746814623475,-0.5618612766265869,0.2,0.0018665491,-10.942053717114032,0.01123046875
523776,2012,1318.0,0,1,45.0,0.19606177508831024,0.0001,8176,-0.0049909190893231425,-0.023718325332083623,1.0039872756460682,-0.24846923351287842,0.2,0.007680212,-10.803264410868287,0.012939453125
524288,1893,1323.0,0,1,45.0,0.12369037419557571,0.0001,8184,-0.0043778518011095,-0.020247120824933518,0.7567481203004718,0.33552807569503784,0.2,0.0018778467,-10.684553726501763,0.01123046875
524800,1490,1288.0,0,1,45.0,0.3257042467594147,0.0001,8192,-0.004093384493899066,-0.02724202532408526,1.0815783584257588,0.3482016324996948,0.2,0.0060728574,-10.434752378612757,0.009765625
525312,1929,1227.5,0,1,45.0,1.6845005750656128,0.0001,8200,-0.0037464190390892327,-0.08725693263113499,4.726247965358198,0.2894951105117798,0.2,0.005081594,-10.364182840809226,0.0234375
525824,1763,1271.0,0,1,45.0,0.954110860824585,0.0001,8208,-0.002154167028493248,-0.09102561578038149,4.251250622794032,0.5492155849933624,0.2,0.0023683058,-10.806847011297942,0.01513671875
526336,2028,1272.5,0,1,45.0,2.6072609424591064,0.0001,8216,-0.002906112204072997,-0.08069369482109323,4.199693254195154,0.6375491321086884,0.2,0.0016544772,-10.63441227566451,0.012939453125
526848,1863,1256.0,0,1,45.0,1.7610679864883423,0.0001,8224,-0.005343726610590238,-0.07478326416458003,5.845258180983365,0.5670397877693176,0.2,0.014219269,-11.427737669050693,0.032958984375
527360,1903,1254.5,0,1,45.0,0.5173907279968262,0.0001,8232,-0.003796434473770205,-0.04344285274419235,3.4090252271853387,0.682430237531662,0.2,0.0031155888,-10.968084320500493,0.0146484375
527872,1866,1258.0,0,1,45.0,0.19459806382656097,0.0001,8240,-0.0064358010204159655,-0.04327412380371243,2.368680765386671,0.7418311536312103,0.2,0.0022169247,-10.771129882857203,0.01953125
528384,2054,1231.5,0,1,45.0,0.3942045569419861,0.0001,8248,-0.003670769219752401,-0.03730725811328739,2.1309520743088797,0.7930344194173813,0.2,0.0035349966,-10.464227130375802,0.01220703125
528896,1722,1283.0,0,1,45.0,0.8145627379417419,0.0001,8256,-0.005690340272849426,-0.03511095426802058,2.5591617327881977,0.5788807570934296,0.2,0.01197896,-10.283009907715023,0.016845703125
529408,1504,1242.5,0,1,45.0,0.19762495160102844,0.0001,8264,-0.0016922018003242556,-0.025184450576489326,1.8880225885659456,0.6511058807373047,0.2,0.0019655807,-9.85814225692302,0.007568359375
529920,1858,1255.5,0,1,45.0,0.29392150044441223,0.0001,8272,-0.0020623138480004855,-0.029176807584008202,1.7031247841659933,0.2982751131057739,0.2,0.0036032884,-9.173921588249504,0.0078125
530432,1948,1255.5,0,1,45.0,0.3819097876548767,0.0001,8280,-0.0062398458903771825,-0.028892136971990112,1.7878687845077366,0.5176487863063812,0.2,0.02069331,-8.907518488541246,0.016845703125
530944,2081,1254.0,0,1,45.0,0.766150951385498,0.0001,8288,-0.0032930770321399905,-0.02421251670602942,1.9015786608215421,0.4213385581970215,0.2,0.020505928,-8.593990234099328,0.012939453125
531456,1917,1233.5,0,1,45.0,0.37052181363105774,0.0001,8296,-0.008432912349235266,-0.023806816214346327,1.4573878748342395,0.6073047816753387,0.2,0.00940188,-8.080055762529373,0.0244140625
531968,2028,1222.0,0,1,45.0,0.2687203884124756,0.0001,8304,-0.006179098527354654,-0.029534913704992505,1.8915891917422414,-0.12267494201660156,0.2,0.010036882,-8.324694590419531,0.016357421875
532480,1944,1194.0,0,1,45.0,0.383250892162323,0.0001,8312,-0.003924581360479351,-0.032333635517716175,1.5538511160993949,-0.0019186735153198242,0.2,0.01615283,-8.74997539177537,0.024169921875
532992,1930,1203.5,0,1,45.0,0.0673021525144577,0.0001,8320,-0.002119692391715944,-0.0258536209948943,0.7138759435620159,-0.0382840633392334,0.2,0.008085048,-9.115329937972128,0.009033203125
533504,1724,1215.0,0,1,45.0,0.19145621359348297,0.0001,8328,-0.004769130398926791,-0.0249743922468042,1.139869647566229,0.5784252882003784,0.2,0.010432218,-9.332853226326407,0.0185546875
534016,2088,1197.0,0,1,45.0,0.4991454482078552,0.0001,8336,-0.005935271932685282,-0.03499996900791302,1.8013267845381051,0.5979920923709869,0.2,0.010487846,-9.485955860428511,0.01953125
534528,1787,1201.0,0,1,45.0,0.6320887804031372,0.0001,8344,-0.00555727447863319,-0.028693177831883077,2.498116161674261,0.5780434310436249,0.2,0.007378917,-10.017097600027919,0.0224609375
535040,1906,1157.0,0,1,45.0,0.26143428683280945,0.0001,8352,0.0008847713797877077,-0.02604044843610609,1.8228913673665375,0.7297012805938721,0.2,0.0016615619,-10.00419184308499,0.013427734375
535552,1948,1185.5,0,1,45.0,0.6388868689537048,0.0001,8360,-0.003124659640889149,-0.02529443963430822,2.400508058257401,0.6740509867668152,0.2,0.002534829,-10.15531336415559,0.007080078125
536064,1849,1220.0,0,1,45.0,0.4611465334892273,0.0001,8368,-0.00984774958487833,-0.09456447951379232,1.9925341280177236,0.723535567522049,0.2,0.04609403,-10.237883688993753,0.06396484375
536576,1766,1329.5,0,1,45.0,5.668025970458984,0.0001,8376,-0.007918144969153218,-0.32554482331033796,19.335795857012272,0.5569547414779663,0.2,0.008561759,-12.035795685686171,0.126220703125
537088,1543,1318.5,0,1,45.0,2.8951034545898438,0.0001,8384,-0.006089555346989073,-0.23914133722428232,9.10913635790348,0.7576826810836792,0.2,0.0055735325,-12.696461242958904,0.083740234375
537600,1736,1381.5,0,1,45.0,6.1463727951049805,0.0001,8392,-0.019860212109051645,-0.18646742100827396,14.39162109978497,0.6874745786190033,0.2,0.03716645,-14.217120796367526,0.17529296875
538112,1800,1390.5,0,1,45.0,0.7282357215881348,0.0001,8400,-0.013466089047142304,-0.08175723698514048,4.772006331011653,0.6539769768714905,0.2,0.059379626,-14.727310292124749,0.052978515625
538624,1414,1406.5,0,1,45.0,0.27015620470046997,0.0001,8408,-0.007048991108604241,-0.046164798717654776,2.6488331663422287,0.6248741745948792,0.2,0.012703737,-15.060579417087137,0.0263671875
539136,1773,1415.5,0,1,45.0,0.26674753427505493,0.0001,8416,-0.001752931939336122,-0.026788697789015714,1.4436918816063553,0.7312553226947784,0.2,0.007978847,-14.98889945987612,0.0126953125
539648,2040,1458.5,0,1,45.0,0.4310116171836853,0.0001,8424,-0.004050528696097899,-0.030687959733768366,2.864386628381908,0.4160436987876892,0.2,0.0028999639,-14.919341059438885,0.008056640625
540160,1708,1472.5,0,1,45.0,0.48579102754592896,0.0001,8432,-0.00870935734565137,-0.04213317897665547,1.4830125044099987,0.5210540294647217,0.2,0.015571278,-14.894562905207277,0.024169921875
540672,1450,1488.5,0,1,45.0,0.7569749355316162,0.0001,8440,-0.009252000403648708,-0.060371077539457474,2.873562921769917,0.06600683927536011,0.2,0.0124796815,-15.276816908232867,0.03662109375
541184,1632,1466.5,0,1,45.0,1.986655354499817,0.0001,8448,-0.012990820076083764,-0.057955489559390116,6.4817562978714705,0.3921337127685547,0.2,0.008271461,-14.761764102466405,0.04736328125
541696,1769,1493.0,0,1,45.0,1.528700590133667,0.0001,8456,-0.0021157260343898088,-0.039608964885701425,4.407086516730487,0.503944456577301,0.2,0.0013652506,-14.535216926373542,0.011474609375
542208,1703,1492.0,0,1,45.0,0.6937178373336792,0.0001,8464,-0.006607245930354111,-0.05246845004148781,4.09657858684659,-0.05119633674621582,0.2,0.00946052,-13.698208772689105,0.022216796875
542720,1395,1431.0,0,1,45.0,0.9272641539573669,0.0001,8472,-0.00402511980428244,-0.045182941201346694,7.351435258984566,0.26382189989089966,0.2,0.0016354424,-13.426615706160664,0.0166015625
543232,1905,1401.0,0,1,45.0,3.154388666152954,0.0001,8480,-0.009855683856585529,-0.050789101733244024,6.951666355133057,0.31261205673217773,0.2,0.007862905,-13.448316852077841,0.033203125
543744,1861,1417.0,0,1,45.0,1.0175353288650513,0.0001,8488,-0.005488490998686757,-0.04127331645577215,5.296751719899476,-0.1364842653274536,0.2,0.0032873517,-12.932622960843146,0.01513671875
544256,2100,1427.5,0,1,45.0,0.8831442594528198,0.0001,8496,-0.0033925972747965716,-0.024056252626905916,3.5457255016081035,0.0933607816696167,0.2,0.0013949955,-12.21960476078093,0.00732421875
544768,1929,1373.5,0,1,45.0,0.6574892401695251,0.0001,8504,-0.004035808349726722,-0.028474798800743883,2.9897998049855232,0.6046359837055206,0.2,0.0045850687,-11.378756237886845,0.013916015625
545280,2187,1305.5,0,1,45.0,2.087012529373169,0.0001,8512,-0.007833958828996401,-0.03645176150894258,5.792993694078177,0.49055570363998413,0.2,0.010942317,-10.539863530658186,0.025390625
545792,1851,1276.5,0,1,45.0,0.4329701066017151,0.0001,8520,-0.0044266671320656314,-0.03015738532121759,2.4744630979839712,0.17223531007766724,0.2,0.0024617296,-9.860859193131327,0.013671875
546304,1970,1253.5,0,1,45.0,0.4055696725845337,0.0001,8528,-0.004173720693870564,-0.03113011895766249,3.1711399806663394,0.34671223163604736,0.2,0.0015658448,-9.598136740513146,0.012451171875
546816,1680,1247.0,0,1,45.0,1.2324055433273315,0.0001,8536,-0.003696829568070825,-0.035909130245272536,5.818504652939737,0.5509811341762543,0.2,0.0024697655,-10.217055451534689,0.012939453125
547328,1927,1249.5,0,1,45.0,1.1741446256637573,0.0001,8544,-0.0030889648260199465,-0.028082367811293807,3.9385995166376233,0.6778946816921234,0.2,0.0013374796,-10.178176112435757,0.00927734375
547840,1846,1240.5,0,1,45.0,0.7035529017448425,0.0001,8552,-0.001977405947400257,-0.029924734655651264,4.329216794110835,0.6066227555274963,0.2,0.00748526,-9.713575962632895,0.00927734375
548352,1991,1212.0,0,1,45.0,1.855095624923706,0.0001,8560,-0.011233589379116893,-0.04687184118665755,11.23309052363038,0.4527274966239929,0.2,0.004872404,-9.910933253169059,0.03076171875
548864,2112,1208.0,0,1,45.0,0.08759833872318268,0.0001,8568,-0.003571410066797398,-0.025474106267211027,2.3583436484914273,0.633118599653244,0.2,0.0016079656,-10.062493745014072,0.008056640625
549376,1918,1174.0,0,1,45.0,0.1373123675584793,0.0001,8576,-0.00491738053096924,-0.03942317184555577,2.316919738892466,0.5275226831436157,0.2,0.010686539,-10.204905810914934,0.02294921875
549888,1860,1183.0,0,1,45.0,0.35628288984298706,0.0001,8584,-0.00379061080457177,-0.03460521245142445,3.226078228559345,0.5542578399181366,0.2,0.002374434,-9.57961751230061,0.0107421875
550400,1740,1236.5,0,1,45.0,0.927639365196228,0.0001,8592,-0.008740533143281937,-0.040624145505717024,2.841723361518234,0.4418129324913025,0.2,0.008789776,-9.339783544279635,0.033203125
550912,1899,1213.0,0,1,45.0,0.1365390419960022,0.0001,8600,-0.004180207895842614,-0.03014562492535333,1.4476230231812224,0.39985811710357666,0.2,0.0073214727,-8.845619784854353,0.015380859375
551424,1808,1242.0,0,1,45.0,0.1642187386751175,0.0001,8608,-0.0031372441262647044,-0.02794308593729511,1.489110419061035,0.45379674434661865,0.2,0.003746747,-8.691341276541353,0.01220703125
551936,1880,1245.5,0,1,45.0,0.9182577133178711,0.0001,8616,-0.007876983996538911,-0.04483086734398967,4.287590429186821,0.3762449026107788,0.2,0.009257674,-9.425194738917053,0.032470703125
552448,1444,1256.0,0,1,45.0,0.3208615481853485,0.0001,8624,-0.0009684796241344884,-0.03418298249380314,1.7794669495197013,0.28955191373825073,0.2,0.0047914106,-10.474375372678042,0.02099609375
552960,2126,1263.0,0,1,45.0,0.17552755773067474,0.0001,8632,-0.024595260652858997,-0.0573763131906162,5.583521633408964,0.47598952054977417,0.2,0.017207943,-11.649345221146941,0.056884765625
553472,2141,1209.5,0,1,45.0,0.14263513684272766,0.0001,8640,-0.003012805824255338,-0.020647628221922787,1.4854266392067075,0.22662800550460815,0.2,0.0036481817,-12.589727414473892,0.0078125
553984,1937,1259.0,0,1,45.0,0.16851067543029785,0.0001,8648,-0.008750043081818148,-0.044161609876027796,1.8914801273494959,0.3695123791694641,0.2,0.018583441,-13.187549042850733,0.0263671875
554496,2055,1176.0,0,1,45.0,0.2243606001138687,0.0001,8656,-0.007315320890484145,-0.039037718684994616,1.7975500400643796,-0.2629878520965576,0.2,0.008190588,-13.360956652276219,0.023193359375
555008,1951,1168.0,0,1,45.0,0.29033297300338745,0.0001,8664,-0.009608918524463661,-0.04937570186302764,1.4227514420635998,0.08899581432342529,0.2,0.02051692,-13.362341646440328,0.02880859375
555520,1961,1127.0,0,1,45.0,0.3235090672969818,0.0001,8672,-0.0065064584341598675,-0.04218488280457677,1.3484707137104124,0.31701284646987915,0.2,0.0033030661,-12.918785278275609,0.0205078125
556032,1840,1130.0,0,1,45.0,0.20480819046497345,0.0001,8680,-0.011495025333715603,-0.05318987379723694,1.502004487090744,0.47613203525543213,0.2,0.007153868,-12.410224535614253,0.032958984375
556544,2041,1090.5,0,1,45.0,0.15463276207447052,0.0001,8688,-0.006009426342643565,-0.0453442374637234,1.4159038708312437,0.6552616953849792,0.2,0.0030955216,-11.200533754713833,0.023193359375
557056,1478,1107.5,0,1,45.0,0.43403351306915283,0.0001,8696,-0.0066510269625723595,-0.05851078090199735,1.4498208133736625,0.59307661652565,0.2,0.005154785,-10.609912876747549,0.01806640625
557568,1503,1099.5,0,1,45.0,0.4597357511520386,0.0001,8704,-0.014792292298807297,-0.15091208461672068,1.9921062984503806,0.6754252314567566,0.2,0.024501622,-9.231552090644836,0.162353515625
558080,2352,1064.5,0,1,45.0,5.307718276977539,0.0001,8712,-0.010571474787866464,-0.27834998699836433,13.276774855330586,0.5861482322216034,0.2,0.022790352,-10.586408277079464,0.09326171875
558592,1949,1042.5,0,1,45.0,3.6740729808807373,0.0001,8720,-0.013149505073670298,-0.24104213307145983,10.768726572394371,0.4251778721809387,0.2,0.008411342,-12.27596762701869,0.097412109375
559104,1975,1048.0,0,1,45.0,1.2019902467727661,0.0001,8728,-0.00702322678262135,-0.16323249170091003,4.702866895124316,0.6756296753883362,0.2,0.0045308983,-12.90025595407933,0.03857421875
559616,2026,1042.5,0,1,45.0,0.9151987433433533,0.0001,8736,-0.006224808894330636,-0.11252653045812622,3.9562573013827205,0.7330455183982849,0.2,0.0038397023,-13.497157206833363,0.025634765625
560128,1732,1027.5,0,1,45.0,1.9666695594787598,0.0001,8744,-0.007910005231678952,-0.11772153494530357,5.75645902659744,0.7121450006961823,0.2,0.00421056,-14.306316513977945,0.03564453125
560640,1855,1061.0,0,1,45.0,1.0579509735107422,0.0001,8752,-0.008681265222548973,-0.08171923353802413,6.19641334656626,0.6794880032539368,0.2,0.0048339963,-14.882905547954142,0.02587890625
561152,1870,1068.5,0,1,45.0,0.5917487144470215,0.0001,8760,-0.005827388766192598,-0.0693402246106416,3.916892509907484,0.6759433448314667,0.2,0.0037273134,-15.415798329114914,0.0185546875
561664,1848,1082.0,0,1,45.0,0.5498889684677124,0.0001,8768,-0.0047589794849045575,-0.04997778168763034,2.815648727817461,0.6460389792919159,0.2,0.006993883,-15.907058375030756,0.0185546875
562176,2050,1125.5,0,1,45.0,0.40706804394721985,0.0001,8776,-0.004726661178210634,-0.04400595781044103,2.3723573109600693,0.5421532690525055,0.2,0.0099648675,-16.190659605674444,0.01708984375
562688,2072,1188.5,0,1,45.0,0.2889278829097748,0.0001,8784,-0.0032204363124037627,-0.03559615195263177,1.2296879920177162,0.732481062412262,0.2,0.0016943656,-14.730829743668437,0.012939453125
563200,1755,1240.5,0,1,45.0,0.557786762714386,0.0001,8792,-0.006683425370283658,-0.04050501618621638,1.58192025590688,0.644914835691452,0.2,0.017968077,-13.189037195667625,0.02197265625
563712,1818,1307.5,0,1,45.0,0.5437912344932556,0.0001,8800,-0.011406329533201642,-0.06983159040828468,2.0190796630922705,0.673552393913269,0.2,0.01076892,-12.89344983421266,0.0478515625
564224,1940,1325.0,0,1,45.0,0.4791659414768219,0.0001,8808,-0.007865458552259952,-0.0544101506457082,1.6131182294338942,0.5487758219242096,0.2,0.0063834083,-12.279460996128618,0.028564453125
564736,1767,1397.5,0,1,45.0,0.33773502707481384,0.0001,8816,-0.008546449658751953,-0.0451297238614643,1.834474032279104,0.4767459034919739,0.2,0.015051374,-11.745702082365751,0.02197265625
565248,1471,1350.5,0,1,45.0,0.47803279757499695,0.0001,8824,-0.010051268774986966,-0.05761357086885255,2.186865785624832,0.5351381003856659,0.2,0.005611415,-11.444149606190622,0.0302734375
565760,1859,1326.0,0,1,45.0,0.24049700796604156,0.0001,8832,-0.008859870082233101,-0.06603829476080136,1.838889720151201,0.29065853357315063,0.2,0.0067896876,-11.198100372888147,0.030517578125
566272,1521,1276.0,0,1,45.0,0.2710893154144287,0.0001,8840,-0.007822781575669069,-0.059220753333647735,1.60424175276421,0.4474985599517822,0.2,0.012085384,-10.91988103069365,0.02978515625
566784,2076,1256.0,0,1,45.0,0.6515313386917114,0.0001,8848,-0.008345887315954315,-0.05097719377226895,2.683335528941825,0.3364563584327698,0.2,0.004127468,-10.97009198512882,0.023193359375
567296,1977,1245.5,0,1,45.0,0.33554592728614807,0.0001,8856,-0.012143914107582532,-0.05688843232928775,1.761596328462474,0.3545956611633301,0.2,0.0068416027,-11.064000371582805,0.02978515625
567808,2090,1195.5,0,1,45.0,0.8781182169914246,0.0001,8864,-0.007815788427251391,-0.0484402773072361,2.9065124429762363,0.3471006155014038,0.2,0.0058139674,-11.203225343972445,0.023193359375
568320,1991,1138.0,0,1,45.0,0.15360954403877258,0.0001,8872,-0.008083012962742941,-0.04702466875460232,0.9427564272191375,0.425991952419281,0.2,0.011111673,-11.363367799483239,0.028564453125
568832,2017,1138.0,0,1,45.0,0.2588494122028351,0.0001,8880,-0.005130816462042276,-0.03739895515900571,2.51323950488586,0.3652493953704834,0.2,0.008036155,-11.913087947405876,0.02294921875
569344,1808,1138.5,0,1,45.0,0.09789083898067474,0.0001,8888,-0.0025686711378511973,-0.02559295087121427,1.1561494707129896,0.5479511320590973,0.2,0.0040550902,-12.177041338719427,0.0107421875
569856,2003,1122.0,0,1,45.0,0.1698666363954544,0.0001,8896,-0.005626078993373085,-0.030042546277400106,1.1040716863935813,0.6901075839996338,0.2,0.0038796056,-11.967071375474333,0.021240234375
570368,1931,1177.0,0,1,45.0,0.12337560951709747,0.0001,8904,-0.004197385715087876,-0.03305087991611799,1.2822664371924475,0.6270298957824707,0.2,0.0067923134,-11.887309800349176,0.017333984375
570880,1965,1229.5,0,1,45.0,0.10973072797060013,0.0001,8912,-0.004600626663886942,-0.027935982321650954,0.8575484236935154,0.7462124824523926,0.2,0.0043542264,-11.561491275094449,0.015380859375
571392,1621,1204.5,0,1,45.0,0.3863472044467926,0.0001,8920,-0.00543129512516316,-0.02403453742954298,1.8733685264596716,0.6219271421432495,0.2,0.003230533,-11.0003361274302,0.01171875
571904,1967,1235.0,0,1,45.0,0.4956737458705902,0.0001,8928,-0.0043842635095643345,-0.03386589931324124,1.3878046948229894,0.5547301173210144,0.2,0.007223224,-10.738521120101213,0.01708984375
572416,1925,1271.5,0,1,45.0,0.21931341290473938,0.0001,8936,-0.006974030337005388,-0.02713295951616601,1.1645525209605694,0.7018041908740997,0.2,0.005466598,-9.99431746352464,0.014892578125
572928,1747,1307.0,0,1,45.0,0.6382715702056885,0.0001,8944,-0.0009575318763381802,-0.02731713204047992,1.4926302556414157,0.6589123010635376,0.2,0.022175701,-9.668920612931252,0.01708984375
573440,1911,1314.0,0,1,45.0,0.15783651173114777,0.0001,8952,-0.004999993136152625,-0.023806215316653834,1.2140738221351057,0.625389039516449,0.2,0.0060051307,-9.09748702660203,0.01513671875
573952,1709,1303.0,0,1,45.0,0.023768417537212372,0.0001,8960,-0.0043776371767307865,-0.023306791197683197,1.1318727775942534,0.5075224041938782,0.2,0.0023144835,-9.287823903001845,0.01416015625
574464,1902,1354.0,0,1,45.0,0.2930281162261963,0.0001,8968,-0.0025372321215400007,-0.02820590738338069,2.233667417196557,0.5331054329872131,0.2,0.0022359649,-9.727010531574487,0.009521484375
574976,1805,1354.5,0,1,45.0,0.2863973081111908,0.0001,8976,-0.0036370665329741314,-0.026503479763050564,2.130034046713263,0.421414852142334,0.2,0.009982145,-10.379626349508762,0.01123046875
575488,2154,1330.5,0,1,45.0,0.21519950032234192,0.0001,8984,-0.005584085418377072,-0.022682931630697567,1.4721974726999179,0.5288900434970856,0.2,0.009156865,-11.029340522028505,0.0126953125
576000,1522,1332.0,0,1,45.0,0.16049538552761078,0.0001,8992,-0.003848381003990653,-0.016540715701921727,1.2642083101673052,0.5152066051959991,0.2,0.018551487,-11.579217758364976,0.009521484375
576512,1994,1313.5,0,1,45.0,0.8449209332466125,0.0001,9000,-0.010281947201292496,-0.03374075903047924,1.512049597222358,0.5953012704849243,0.2,0.0077312654,-12.168329298049212,0.025146484375
577024,1924,1291.0,0,1,45.0,0.16877800226211548,0.0001,9008,-0.005618710616545286,-0.02992276525219495,1.2629872375400737,0.23920994997024536,0.2,0.0041758297,-12.148701386675238,0.015869140625
577536,1890,1282.5,0,1,45.0,0.22879041731357574,0.0001,9016,-0.0066432784842618275,-0.03485587153954839,1.9780485498486087,0.5104594826698303,0.2,0.006142945,-12.126053326800466,0.021240234375
578048,1855,1299.5,0,1,45.0,0.1574917882680893,0.0001,9024,-0.004006667717476375,-0.026653619461285416,0.8142819678178057,0.5814642906188965,0.2,0.0051016845,-11.911692534387111,0.017822265625
578560,1881,1322.0,0,1,45.0,0.06195009499788284,0.0001,9032,-0.004320619973441353,-0.019317307476740098,0.9327296350384131,0.6909300088882446,0.2,0.0051451093,-11.370254652872681,0.013427734375
579072,1966,1272.5,0,1,45.0,0.20465345680713654,0.0001,9040,-0.004405054220114835,-0.02650842478396953,1.06941052316688,0.6868539452552795,0.2,0.0035097622,-10.748443472124636,0.01171875
579584,1797,1308.5,0,1,45.0,0.1410578042268753,0.0001,9048,-0.0023178816118161194,-0.03428936241471092,0.6901860133802984,0.663549393415451,0.2,0.0061853314,-10.224498963393271,0.014892578125
580096,2082,1324.0,0,1,45.0,0.7049117088317871,0.0001,9056,-0.013944097050625714,-0.04348840892271255,3.687610293738544,0.5422843396663666,0.2,0.019844133,-10.085137854516507,0.03564453125
580608,1619,1316.5,0,1,45.0,0.1105421707034111,0.0001,9064,-0.0054216981152421795,-0.01686513228196418,0.5866659837192856,0.43265897035598755,0.2,0.004323643,-10.056086359620094,0.013916015625
581120,2069,1278.0,0,1,45.0,0.13517354428768158,0.0001,9072,-0.005135648025316186,-0.025598093970984337,1.0438020173460245,0.4372705817222595,0.2,0.0036094799,-9.949867608249187,0.014892578125
581632,1926,1273.0,0,1,45.0,0.1622609943151474,0.0001,9080,-0.005166238755919039,-0.032926208012213465,1.2178659164346755,0.3690764307975769,0.2,0.004989802,-10.356248515583575,0.021240234375
582144,2018,1229.5,0,1,45.0,0.12433086335659027,0.0001,9088,-0.00554303827448166,-0.026144735731577384,0.8735912068514153,0.6724851727485657,0.2,0.008186322,-10.662085646092892,0.019287109375
582656,1818,1229.0,0,1,45.0,0.11203271895647049,0.0001,9096,-0.006817931716796011,-0.027257714631559793,1.4652884303359315,0.6517354846000671,0.2,0.020574432,-11.348296029567718,0.016357421875
583168,2007,1191.5,0,1,45.0,0.14171768724918365,0.0001,9104,-0.001269627631700132,-0.026127006834940403,0.8001571461791173,0.8060962706804276,0.2,0.0061918674,-11.540544127821923,0.013916015625
583680,1654,1207.5,0,1,45.0,0.21566084027290344,0.0001,9112,-0.005114703169965651,-0.030673882578412304,1.4278846916276962,0.7275407016277313,0.2,0.003242354,-12.139420811906456,0.01220703125
584192,1925,1179.0,0,1,45.0,0.05634477734565735,0.0001,9120,-0.003292958987003658,-0.025932211421604734,1.270078225643374,0.7557435929775238,0.2,0.00088341197,-12.317760927937925,0.00830078125
584704,2039,1203.5,0,1,45.0,0.8850315809249878,0.0001,9128,-0.010898986003667233,-0.035701530883670785,7.533243837766349,0.43728768825531006,0.2,0.011892663,-12.53968824788928,0.026611328125
585216,1870,1252.5,0,1,45.0,0.42564746737480164,0.0001,9136,-0.0077503278698713984,-0.02991374181874562,1.4711540319258347,0.31152021884918213,0.2,0.0057784123,-12.33485853418708,0.017578125
585728,1577,1284.0,0,1,45.0,0.28034836053848267,0.0001,9144,-0.004045175646751886,-0.02254068809088494,1.782436401990708,0.5216484367847443,0.2,0.004590375,-12.332072516269982,0.013916015625
586240,1885,1298.0,0,1,45.0,0.24648898839950562,0.0001,9152,-0.007277180226083146,-0.026194276610112865,1.661514048697427,0.2759667634963989,0.2,0.016149618,-12.05262476116419,0.01953125
586752,2072,1273.5,0,1,45.0,0.2083064466714859,0.0001,9160,-0.0036320496510597877,-0.03312343234210857,1.1785982891451567,0.46117156744003296,0.2,0.01469243,-11.75901970975101,0.012451171875
587264,1773,1243.5,0,1,45.0,0.6774399876594543,0.0001,9168,-0.0077809263311792165,-0.0405271493618784,5.161964255385101,0.27611416578292847,0.2,0.0045796256,-11.85516389016062,0.020751953125
587776,1883,1287.5,0,1,45.0,0.8053604364395142,0.0001,9176,-0.008029306154639926,-0.050074116174073424,3.8145975689403713,0.20274066925048828,0.2,0.0046450063,-12.056860784441232,0.0283203125
588288,1867,1290.0,0,1,45.0,0.4589868485927582,0.0001,9184,-0.007632642453245353,-0.03871226974297315,2.794247179524973,0.34888750314712524,0.2,0.009718031,-11.829811632335186,0.027099609375
588800,1781,1286.0,0,1,45.0,0.14791597425937653,0.0001,9192,-0.002509726917196531,-0.02175635013009014,1.1332701543578878,0.5687588751316071,0.2,0.002796671,-11.322605590894819,0.009033203125
589312,2173,1244.0,0,1,45.0,0.5373925566673279,0.0001,9200,-0.0048306584867532365,-0.028114584238210227,1.7382187291514128,0.3880513906478882,0.2,0.008851056,-11.12086428180337,0.0166015625
589824,1822,1258.5,0,1,45.0,0.5152430534362793,0.0001,9208,-0.005765635098214261,-0.02955850070793531,1.4016357210930437,0.4156941771507263,0.2,0.0074856253,-10.96281943589449,0.015869140625
590336,1526,1233.5,0,1,45.0,1.0233138799667358,0.0001,9216,-0.007321822990888904,-0.037193735772234504,3.044306680560112,0.12505507469177246,0.2,0.0051211305,-11.088588061109185,0.019287109375
590848,1812,1236.5,0,1,45.0,0.281057208776474,0.0001,9224,-0.00848744047107175,-0.035775189668129315,1.7702961912145838,0.3024437427520752,0.2,0.009381941,-11.088350337073207,0.03173828125
591360,2021,1315.5,0,1,45.0,0.24194806814193726,0.0001,9232,-0.003305545418697875,-0.031117672777327243,1.1398709084605798,0.5726633965969086,0.2,0.009369156,-10.897836239412428,0.01806640625
591872,1815,1273.5,0,1,45.0,0.1287117302417755,0.0001,9240,-0.007958807989780325,-0.031350420311355265,1.1282903151586652,0.5902142822742462,0.2,0.008695245,-10.421775759384037,0.018310546875
592384,1966,1237.5,0,1,45.0,2.572035074234009,0.0001,9248,-0.012101667311071651,-0.0580982535975636,16.085617281496525,0.39428889751434326,0.2,0.0073364847,-11.167839769758285,0.042724609375
592896,1788,1256.5,0,1,45.0,0.2619684040546417,0.0001,9256,-0.0026937388101941906,-0.03637807244376745,2.2960922855418175,0.264703631401062,0.2,0.005832702,-11.323606287315489,0.013427734375
593408,1990,1280.5,0,1,45.0,2.850053310394287,0.0001,9264,-0.00843374968826538,-0.05002946621607407,15.195833270438015,0.5449115037918091,0.2,0.0048616757,-12.114033008143306,0.021728515625
593920,2059,1263.5,0,1,45.0,0.2693013846874237,0.0001,9272,-0.005792283613118343,-0.026201257980574155,2.198197321034968,0.3763699531555176,0.2,0.008964958,-12.390530996657908,0.018798828125
594432,2050,1220.0,0,1,45.0,0.19291944801807404,0.0001,9280,-0.008417377543082694,-0.0312457921281748,2.3101261481642723,0.424890398979187,0.2,0.0032388512,-12.629635721370578,0.016845703125
594944,1587,1193.5,0,1,45.0,0.08304925262928009,0.0001,9288,-0.005375176220695721,-0.025054587589693256,1.5095701857935637,0.5220040678977966,0.2,0.007032915,-13.123226224929095,0.0166015625
595456,1720,1206.0,0,1,45.0,0.45753687620162964,0.0001,9296,-0.00442567077698186,-0.019922057224903256,1.972737860865891,0.5714786052703857,0.2,0.00606421,-13.475824832059443,0.011474609375
595968,1919,1230.5,0,1,45.0,0.12168557941913605,0.0001,9304,-0.0048344766728405375,-0.02446958539985644,1.212509002769366,0.5730390250682831,0.2,0.0040737055,-13.736724696606398,0.018798828125
596480,1799,1209.0,0,1,45.0,0.3286256194114685,0.0001,9312,-0.00532909598769038,-0.025351460390083957,1.7314555172342807,0.4010990858078003,0.2,0.017267924,-13.822253183983266,0.01806640625
596992,1942,1226.5,0,1,45.0,0.6396164894104004,0.0001,9320,-0.0074996764087700285,-0.030736380602320423,3.1234109797514975,0.4997190237045288,0.2,0.005074667,-13.34263531960547,0.01806640625
597504,1833,1178.5,0,1,45.0,0.3610108494758606,0.0001,9328,-0.004563603433780372,-0.02969476982798369,2.00026269746013,0.2784367799758911,0.2,0.007287914,-13.130354866720737,0.010986328125
598016,2189,1160.0,0,1,45.0,0.23220491409301758,0.0001,9336,-0.0024573169575887732,-0.034669365359150106,3.183560248464346,0.6806527972221375,0.2,0.007262991,-12.577520689293742,0.01416015625
598528,1800,1153.5,0,1,45.0,0.3885898292064667,0.0001,9344,-0.003075042557611596,-0.018598746864881832,1.5097076722886413,-0.4819304943084717,0.2,0.007300574,-11.95802115228027,0.00927734375
599040,2138,1155.0,0,1,45.0,0.19239366054534912,0.0001,9352,-0.0024748979703872465,-0.026916516202618368,1.2934858065564185,0.3376084566116333,0.2,0.0056192693,-11.308534258231521,0.004150390625
599552,2014,1144.0,0,1,45.0,0.7201363444328308,0.0001,9360,-0.009111998784646858,-0.053872599703026935,2.189776809886098,0.3946192264556885,0.2,0.008845263,-10.97623612768948,0.02587890625
600064,2106,1081.0,0,1,45.0,0.1531529724597931,0.0001,9368,-0.010719518169935327,-0.21471775864483789,0.8333383875724394,0.6844187080860138,0.2,0.023552332,-10.58620167631656,0.2626953125
600576,2036,1013.5,0,1,45.0,8.652759552001953,0.0001,9376,-0.01268692575104069,-0.34708802588284016,28.983100816607475,0.2366909384727478,0.2,0.019063601,-13.739166849069298,0.148681640625
601088,1998,1018.0,0,1,45.0,8.552454948425293,0.0001,9384,-0.009738508786540478,-0.3512194404611364,26.627883590757847,0.41188663244247437,0.2,0.01327216,-16.48988011613488,0.122802734375
601600,2000,984.0,0,1,45.0,6.559953689575195,0.0001,9392,-0.008076480251475004,-0.3267717494163662,23.964106492698193,0.6234169900417328,0.2,0.008406488,-18.755223611444237,0.087646484375
602112,1887,1005.0,0,1,45.0,9.502982139587402,0.0001,9400,-0.01552023868134711,-0.2858085072366521,28.456614572554827,0.5469838082790375,0.2,0.009945661,-21.65609203424305,0.127197265625
602624,1901,1025.0,0,1,45.0,5.035008430480957,0.0001,9408,-0.007662934276595479,-0.22701896296348423,17.322940684854984,0.7004680931568146,0.2,0.0046239747,-23.436370795108378,0.05712890625
603136,2163,1023.5,0,1,45.0,7.0908379554748535,0.0001,9416,-0.012865930839325301,-0.1980827342486009,17.701402816921473,0.6601642370223999,0.2,0.0038076339,-25.84177837971598,0.084716796875
603648,1274,1100.0,0,1,45.0,5.4155802726745605,0.0001,9424,-0.017928598215803504,-0.2022653407184407,13.671426683664322,0.644254744052887,0.2,0.015136376,-28.491188757978378,0.09912109375
604160,1925,1103.0,0,1,45.0,3.4641666412353516,0.0001,9432,-0.011706818091624882,-0.13031486561521888,10.644861400127411,0.70944744348526,0.2,0.00878666,-29.20035913977772,0.059814453125
604672,1938,1155.0,0,1,45.0,1.1138094663619995,0.0001,9440,-0.009946614329237491,-0.08632079543895088,6.598821885883808,0.7282942533493042,0.2,0.023014694,-29.134589196145534,0.048583984375
605184,1789,1204.5,0,1,45.0,1.7046791315078735,0.0001,9448,-0.006028844643878983,-0.054268400082946755,6.795798799954355,0.680854082107544,0.2,0.0040256977,-25.902903765589,0.01953125
605696,1919,1201.5,0,1,45.0,1.774353265762329,0.0001,9456,-0.003254080904298462,-0.04300439536746126,6.241932264529169,0.7616981416940689,0.2,0.0059949355,-22.758556196428835,0.0146484375
606208,1884,1233.5,0,1,45.0,1.2026082277297974,0.0001,9464,-0.005614624838926829,-0.048443682928336784,4.801315892487764,0.4263286590576172,0.2,0.0059504905,-20.05130621545017,0.021728515625
606720,1793,1225.5,0,1,45.0,1.2689592838287354,0.0001,9472,-0.002544498311181087,-0.03278604935621843,4.361686987802386,0.6687473952770233,0.2,0.0029631425,-17.42761164188385,0.0126953125
607232,2166,1224.5,0,1,45.0,1.7738051414489746,0.0001,9480,-0.002556230319896713,-0.03385694426106056,5.3895655469968915,0.6579409241676331,0.2,0.0023561658,-15.195955552645028,0.0068359375
607744,1729,1261.5,0,1,45.0,1.3142008781433105,0.0001,9488,-0.00583893173825345,-0.03998520301684039,4.959628405980766,0.2670368552207947,0.2,0.005269787,-12.760434266477823,0.025146484375
608256,1988,1233.0,0,1,45.0,1.9535211324691772,0.0001,9496,-0.011357746418070747,-0.05937237257967354,6.403021763078868,0.41364163160324097,0.2,0.016086064,-11.431537237986923,0.0498046875
608768,1778,1283.5,0,1,45.0,0.7167040109634399,0.0001,9504,-0.0045997318884474225,-0.033865769753901986,4.612128695473075,-0.08516502380371094,0.2,0.0018283537,-10.80364446207881,0.017333984375
609280,1507,1261.0,0,1,45.0,0.43197789788246155,0.0001,9512,-0.006814951924752677,-0.037566680199233815,3.274914809037,0.47301310300827026,0.2,0.014787157,-10.517672975324095,0.03271484375
609792,1798,1289.0,0,1,45.0,0.3337949216365814,0.0001,9520,-0.0029945330970804207,-0.03041200586449122,1.7580304997973144,0.35187530517578125,0.2,0.0038911472,-10.802295522280037,0.01513671875
610304,2030,1277.0,0,1,45.0,0.8398749232292175,0.0001,9528,-0.0037450951713253744,-0.03153018397279084,3.1311684153042734,0.369198739528656,0.2,0.0056190663,-11.455961053930222,0.015625
610816,1927,1272.0,0,1,45.0,0.5101222991943359,0.0001,9536,-0.005462396082293708,-0.03477634432783816,2.6732935530599207,0.22846126556396484,0.2,0.0069198543,-11.62647496085614,0.02392578125
611328,1943,1253.0,0,1,45.0,0.317626416683197,0.0001,9544,-0.004458078656170983,-0.03517658817509073,2.0764893002342433,0.3986743092536926,0.2,0.005199193,-12.137508395425975,0.017578125
611840,1726,1232.5,0,1,45.0,0.26393964886665344,0.0001,9552,-0.004677532066125423,-0.02250232441656408,1.6505512401927263,0.39275962114334106,0.2,0.0071651726,-12.663779430799186,0.015380859375
612352,2034,1165.0,0,1,45.0,0.3669275641441345,0.0001,9560,-0.003150931152049452,-0.024193863133405102,1.8522795718163252,0.30121177434921265,0.2,0.007961653,-12.199990072101354,0.013916015625
612864,2055,1177.0,0,1,45.0,0.2416272908449173,0.0001,9568,-0.0016724259694456123,-0.014386140606802655,1.2254268709803,0.7116932272911072,0.2,0.0019213173,-11.576704863682389,0.0029296875
613376,1917,1149.0,0,1,45.0,0.3569852113723755,0.0001,9576,-0.005793534655822441,-0.028414669035555562,1.9094364391639829,0.5806184709072113,0.2,0.007608627,-11.496494964882732,0.02099609375
613888,1991,1135.0,0,1,45.0,0.1452966183423996,0.0001,9584,-0.003986710953540751,-0.02983472912455909,0.9561327287810855,0.6988455653190613,0.2,0.0074918987,-11.05133873425424,0.0166015625
614400,1442,1111.0,0,1,45.0,0.31551745533943176,0.0001,9592,-0.006563072780409129,-0.03279185338760726,2.4086215677671134,0.5767322480678558,0.2,0.014108008,-10.981525108367205,0.018798828125
614912,2021,1111.5,0,1,45.0,1.500547170639038,0.0001,9600,-0.008156840623996686,-0.03245738029727363,5.3159369099885225,0.5249565541744232,0.2,0.004618819,-11.023235989660025,0.01708984375
615424,1944,1118.0,0,1,45.0,0.1286798119544983,0.0001,9608,-0.005641912099235924,-0.037811430178408045,1.6498617142206058,0.3690387010574341,0.2,0.0043389387,-10.600055733770132,0.017578125
615936,1937,1137.0,0,1,45.0,0.1491827815771103,0.0001,9616,-0.002809654273733031,-0.018321513640330522,1.1469368833350018,0.765251487493515,0.2,0.0093099,-10.45355563916266,0.0107421875
616448,2028,1159.0,0,1,45.0,0.9456261992454529,0.0001,9624,-0.004030014828458661,-0.018418280211335514,3.0933815536554903,0.7177686989307404,0.2,0.0024722277,-10.33264141537249,0.0087890625
616960,1971,1204.5,0,1,45.0,0.5577204823493958,0.0001,9632,-0.002031966134381946,-0.030705030552780954,3.0379110663197935,0.6481903493404388,0.2,0.0021167686,-11.014589094743133,0.01171875
617472,2026,1160.5,0,1,45.0,0.25490179657936096,0.0001,9640,-0.007008406861132244,-0.02657314477255568,2.8071651339996606,0.6891360282897949,0.2,0.006920486,-11.439461799412966,0.018310546875
617984,1885,1149.5,0,1,45.0,0.06754254549741745,0.0001,9648,-0.006796544344979338,-0.03480318326182896,1.6872355898376554,0.6661528050899506,0.2,0.016316049,-11.858168373256921,0.023681640625
618496,1919,1150.0,0,1,45.0,0.27841779589653015,0.0001,9656,-0.004176933132839622,-0.027480067972646793,1.8676763030234724,0.7604185789823532,0.2,0.002802615,-12.115789616107941,0.011474609375
619008,1447,1145.5,0,1,45.0,0.25415655970573425,0.0001,9664,-0.007960929717228282,-0.03918318014621036,2.3240578677505255,0.6246522963047028,0.2,0.0048401654,-12.235329378694296,0.020751953125
619520,2004,1186.0,0,1,45.0,0.5517680644989014,0.0001,9672,-0.004882222412561532,-0.03788482783056679,2.416437035193667,0.697534590959549,0.2,0.008164075,-12.59831637173891,0.02392578125
620032,1690,1166.5,0,1,45.0,0.1664378046989441,0.0001,9680,-0.0032172650207940023,-0.033443248095863964,1.0610637156059965,0.7243748605251312,0.2,0.0054688947,-12.733223479911684,0.014892578125
620544,2064,1145.0,0,1,45.0,0.5836119055747986,0.0001,9688,-0.0051984553647344,-0.04183489810384344,2.191815431928262,0.7206696271896362,0.2,0.0054301713,-13.000134067386389,0.01611328125
621056,1949,1101.5,0,1,45.0,0.08782295882701874,0.0001,9696,-0.005564739374676719,-0.03193956688483013,1.0757408452336676,0.6817076206207275,0.2,0.00775018,-12.89003706842661,0.019775390625
621568,1996,1100.5,0,1,45.0,0.2084210067987442,0.0001,9704,-0.006761923636076972,-0.04496641484365682,1.7949772470165044,0.6909285485744476,0.2,0.00394029,-12.695508192628623,0.02490234375
622080,1855,1141.0,0,1,45.0,1.6559579372406006,0.0001,9712,-0.004792623196408385,-0.034343771385465516,1.8036871696822345,0.6571519672870636,0.2,0.0033606875,-12.15372816875577,0.018798828125
622592,1976,1140.5,0,1,45.0,0.33732953667640686,0.0001,9720,-0.007094332177075557,-0.03849189078755444,1.5549225616268814,0.6723201870918274,0.2,0.008731385,-11.966221116557717,0.030029296875
623104,1817,1180.5,0,1,45.0,0.17943675816059113,0.0001,9728,-0.006749095155100804,-0.035643335606437176,1.337296496029012,0.4885244369506836,0.2,0.009568229,-11.930778512358666,0.0283203125
623616,1933,1163.0,0,1,45.0,0.527300238609314,0.0001,9736,-0.004565207447740249,-0.041419742150537786,2.080656149191782,0.5462526977062225,0.2,0.0073820087,-11.549434935599566,0.0234375
624128,1455,1178.0,0,1,45.0,0.2615726590156555,0.0001,9744,-0.008131491715175798,-0.03487828173638263,1.5709448423003778,0.5555027425289154,0.2,0.013305499,-11.309414121136069,0.02685546875
624640,1868,1190.5,0,1,45.0,0.21554887294769287,0.0001,9752,-0.0050150590686826035,-0.03637881391478004,1.2806492922827601,0.3014570474624634,0.2,0.007562836,-11.152801064103842,0.02880859375
625152,2227,1204.5,0,1,45.0,0.3968704640865326,0.0001,9760,-0.005327640024916036,-0.025573337999958312,2.0160711684729904,0.40807831287384033,0.2,0.0027634269,-11.453235767558217,0.01220703125
625664,1711,1162.5,0,1,45.0,0.13519102334976196,0.0001,9768,-0.006580078126717126,-0.02041595208720537,0.8730596847599372,0.5965582728385925,0.2,0.014315441,-11.392987577468157,0.01953125
626176,2089,1169.0,0,1,45.0,0.06882721930742264,0.0001,9776,-0.003052090840355959,-0.020506780168943806,0.8954572870861739,0.09046846628189087,0.2,0.012643393,-11.595085238218308,0.0107421875
626688,1855,1160.0,0,1,45.0,0.05911765247583389,0.0001,9784,-0.006555234409461264,-0.03628259730612626,0.9937134337378666,0.6061811447143555,0.2,0.010006636,-11.728543024510145,0.016845703125
627200,1861,1148.0,0,1,45.0,0.06755790114402771,0.0001,9792,-0.02436592782032676,-0.23360504416632466,1.056307525606826,0.6191539466381073,0.2,0.08933699,-11.651576400101185,0.285888671875
627712,1888,1055.0,0,1,45.0,14.442718505859375,0.0001,9800,-0.009680895658675581,-0.43255547364242375,63.044888362288475,0.26090025901794434,0.2,0.014019689,-16.208588891029358,0.143798828125
628224,1944,1064.5,0,1,45.0,22.584943771362305,0.0001,9808,-0.01206603183527477,-0.33353504864498973,69.22022718191147,0.36678898334503174,0.2,0.011353692,-20.639355656206607,0.151611328125
628736,1422,1031.5,0,1,45.0,11.217137336730957,0.0001,9816,-0.006568326476553921,-0.32219433737918735,47.49296949803829,0.5122456848621368,0.2,0.007231551,-23.7060360981524,0.08056640625
629248,1847,970.0,0,1,45.0,20.588043212890625,0.0001,9824,-0.021655818229191937,-0.2610551071120426,38.107053600251675,0.6341800689697266,0.2,0.015563363,-25.973279745578765,0.1748046875
629760,2280,995.0,0,1,45.0,4.621243953704834,0.0001,9832,-0.01792096020290046,-0.18468119716271758,16.180063400417566,0.7246281504631042,0.2,0.045912877,-27.683730089664458,0.13037109375
630272,1900,1015.0,0,1,45.0,1.0360735654830933,0.0001,9840,-0.019760667368245777,-0.0875452329928521,7.141447817906737,0.6025206446647644,0.2,0.08431454,-28.513582165539265,0.052978515625
630784,1929,997.0,0,1,45.0,1.2394615411758423,0.0001,9848,-0.004177052916929824,-0.04270203368650982,6.36732470523566,0.6952104866504669,0.2,0.002345692,-28.46823726065457,0.016357421875
631296,1961,990.0,0,1,45.0,1.7887548208236694,0.0001,9856,-0.005427451309515163,-0.047568204790877644,7.341483845375478,0.6650052666664124,0.2,0.003822187,-28.723311017677187,0.017822265625
631808,2107,1008.0,0,1,45.0,3.3834402561187744,0.0001,9864,-0.00430222454451723,-0.040279718938109,4.648156242910773,0.6540734469890594,0.2,0.004165988,-28.2144694891572,0.021484375
632320,1855,1017.0,0,1,45.0,1.1921348571777344,0.0001,9872,-0.005340460760635324,-0.038285490903945174,5.69609740935266,0.3633378744125366,0.2,0.01258701,-23.687306129485368,0.01513671875
632832,1896,1029.5,0,1,45.0,3.2438554763793945,0.0001,9880,-0.004681974874984007,-0.04088556101487484,6.388023220002651,0.6628961563110352,0.2,0.0029757083,-19.87516559779644,0.02392578125
633344,1898,1055.5,0,1,45.0,0.49902984499931335,0.0001,9888,-0.010202855606621597,-0.049062019046687055,3.621798222884536,0.6327932775020599,0.2,0.011671031,-16.82131390273571,0.026123046875
633856,1468,1056.5,0,1,45.0,0.9710932374000549,0.0001,9896,-0.004099244895769516,-0.029534319437516388,3.2137699853628874,0.7660095691680908,0.2,0.0033928573,-13.788752592355014,0.016845703125
634368,2129,1083.5,0,1,45.0,0.5363773703575134,0.0001,9904,-0.006312341756711248,-0.027757005856983596,2.449700237251818,0.7240974605083466,0.2,0.008725667,-12.426376717537641,0.013427734375
634880,1688,1134.5,0,1,45.0,0.37086689472198486,0.0001,9912,-0.00363400667993119,-0.027346541079168674,2.252020607702434,0.6238440871238708,0.2,0.0010757151,-11.285904354006052,0.00927734375
635392,1948,1145.5,0,1,45.0,0.42825764417648315,0.0001,9920,-0.006490811676485464,-0.03898984807165107,1.7417840287089348,0.815737783908844,0.2,0.0071319137,-11.342200987711548,0.0234375
635904,1998,1184.5,0,1,45.0,0.3281269073486328,0.0001,9928,-0.006325474321783986,-0.03887910527555505,1.749387627467513,0.6979691684246063,0.2,0.0070943516,-11.320472519025207,0.023681640625
636416,1960,1114.0,0,1,45.0,0.3000023066997528,0.0001,9936,-0.0041716791747603565,-0.03868929153395584,1.4619215403217822,0.6554053425788879,0.2,0.006798831,-11.431982301697134,0.025634765625
636928,1606,1154.0,0,1,45.0,0.6526691913604736,0.0001,9944,-0.009746996496687643,-0.04324787783843931,4.342438261490315,0.17875158786773682,0.2,0.013774294,-11.851277541816234,0.03076171875
637440,1909,1174.5,0,1,45.0,1.2656320333480835,0.0001,9952,-0.0068050619011046365,-0.047392018321261276,4.485688040964305,0.2561950087547302,0.2,0.0048089796,-12.421399885192514,0.025146484375
637952,1835,1181.0,0,1,45.0,0.17947059869766235,0.0001,9960,-0.00423028717705165,-0.05433719315260532,1.8908059102250263,0.4706608057022095,0.2,0.00441805,-12.973948844373226,0.0263671875
638464,1548,1143.0,0,1,45.0,4.781501770019531,0.0001,9968,-0.0063267449659178965,-0.049580562499613734,7.335971055552363,0.4059957265853882,0.2,0.004721099,-14.069002332612872,0.0263671875
638976,2114,1119.0,0,1,45.0,0.23423241078853607,0.0001,9976,-0.004212870251649292,-0.028540502269606804,2.7254682758357376,0.2914918065071106,0.2,0.0024514266,-14.906867203488947,0.00927734375
639488,1977,1123.5,0,1,45.0,0.12302202731370926,0.0001,9984,-0.0006556424959853757,-0.030612175421993015,1.7964812426362187,0.3758077025413513,0.2,0.0034696907,-15.24531088590622,0.0126953125
640000,1798,1198.5,0,1,45.0,0.2429562360048294,0.0001,9992,-0.005657969224557746,-0.03914624089884455,2.912460143910721,0.5039278566837311,0.2,0.004057479,-15.30439806036651,0.020263671875
640512,2119,1150.0,0,1,45.0,0.15794643759727478,0.0001,10000,-0.003272790458140662,-0.03559514010703424,1.6190389656694606,0.6346546113491058,0.2,0.0053425794,-14.720319149568677,0.015380859375
641024,1964,1164.5,0,1,45.0,0.1570957452058792,0.0001,10008,-0.007054691250232281,-0.03652672594762407,1.834744043298997,0.6232625544071198,0.2,0.0031647033,-14.631895625442267,0.01611328125
641536,1844,1143.5,0,1,45.0,0.42384836077690125,0.0001,10016,-0.007960298800753662,-0.05826852208701894,2.671427698340267,0.5005824267864227,0.2,0.0043583377,-13.824504064768552,0.029052734375
642048,2059,1092.5,0,1,45.0,1.0530697107315063,0.0001,10024,-0.006449215936299879,-0.04806302914948901,3.342787444591522,0.4287663698196411,0.2,0.009622293,-13.491063117980957,0.031494140625
642560,1764,1113.5,0,1,45.0,0.24593864381313324,0.0001,10032,-0.004852182190006715,-0.04403971612555324,1.9627849403768778,0.592443585395813,0.2,0.0044095316,-13.167125294208526,0.02294921875
643072,1585,1137.0,0,1,45.0,0.30440714955329895,0.0001,10040,-0.014497628610115498,-0.07041132861195365,11.742271831259131,0.4486997127532959,0.2,0.0054012234,-12.33870054848492,0.03955078125
643584,2114,1167.5,0,1,45.0,0.16155746579170227,0.0001,10048,-0.0028716926608467475,-0.015579377812173334,1.130348682985641,0.48482346534729004,0.2,0.00021770585,-11.916484155356883,0.0029296875
644096,2186,1128.0,0,1,45.0,0.25079992413520813,0.0001,10056,-0.0038406602543545887,-0.027441575461125467,1.2245196747826412,0.6399855613708496,0.2,0.007281183,-11.871472067907453,0.014892578125
644608,1862,1080.5,0,1,45.0,0.14984476566314697,0.0001,10064,-0.004611772386851953,-0.024649526856592274,1.4186082186643034,0.09260308742523193,0.2,0.010982901,-11.820148679465056,0.0166015625
645120,2228,1112.5,0,1,45.0,0.128582164645195,0.0001,10072,-0.007176037845056271,-0.03943081911893387,2.3065520266536623,0.16975396871566772,0.2,0.017793538,-12.46175524868071,0.03271484375
645632,1872,1110.0,0,1,45.0,0.07200558483600616,0.0001,10080,-0.009890903289488051,-0.02565384094214096,0.6938058850355446,0.4557619094848633,0.2,0.0072199386,-12.45535262286663,0.021240234375
646144,1935,1134.0,0,1,45.0,0.15247251093387604,0.0001,10088,-0.005266135409328854,-0.03998761181719601,1.6780976185109466,0.46351146697998047,0.2,0.008696442,-12.833406040146947,0.022705078125
646656,1896,1144.5,0,1,45.0,0.18372584879398346,0.0001,10096,-0.005733522582886508,-0.03191721125767799,1.5505072716623545,0.4829528331756592,0.2,0.006083469,-12.94688679419458,0.016357421875
647168,1793,1163.5,0,1,45.0,0.24900338053703308,0.0001,10104,-0.004015422455267981,-0.050889130325231235,1.648898831102997,0.5810738503932953,0.2,0.007816963,-13.398873951807618,0.023681640625
647680,2275,1138.0,0,1,45.0,0.3508731722831726,0.0001,10112,-0.0021758401562692598,-0.04549403667078877,1.9645860875025392,0.48846864700317383,0.2,0.008223501,-13.067529872059822,0.025390625
648192,1372,1090.5,0,1,45.0,0.03400331735610962,0.0001,10120,-0.00511448445104179,-0.022265256345235684,0.7343186224170495,0.6224919855594635,0.2,0.0021013124,-13.587579379305243,0.01318359375
648704,2038,1138.5,0,1,45.0,0.3505231440067291,0.0001,10128,-0.016202826867811382,-0.038734015070076566,2.148525441007223,0.4146355390548706,0.2,0.045853276,-14.335164439827203,0.049072265625
649216,2003,1112.0,0,1,45.0,0.038636352866888046,0.0001,10136,-0.006856386538856896,-0.029524410871090367,1.1679161912179552,0.488792359828949,0.2,0.0072948704,-14.516582972258329,0.018310546875
649728,1997,1186.0,0,1,45.0,0.06863158941268921,0.0001,10144,-0.0067539689098339295,-0.019270733479061164,1.3870507036917843,0.6055551469326019,0.2,0.019870855,-14.550782719179988,0.0146484375
650240,1772,1190.0,0,1,45.0,0.10019464045763016,0.0001,10152,-0.0043387280238675885,-0.028857868381237495,0.9713073631864972,0.6892938911914825,0.2,0.007803917,-14.098389277756214,0.01806640625
650752,1987,1232.5,0,1,45.0,0.39958611130714417,0.0001,10160,-0.005168860363482963,-0.03503234836716729,1.6926593172829598,0.6914854943752289,0.2,0.013435481,-13.707852165549994,0.01904296875
651264,1865,1200.5,0,1,45.0,0.11616496741771698,0.0001,10168,-0.004899838306300808,-0.03237469631494605,2.163140115328133,0.5361475348472595,0.2,0.0076048225,-13.198131459653377,0.023193359375
651776,1982,1159.0,0,1,45.0,0.24756385385990143,0.0001,10176,-0.004537331886240281,-0.028056118644599337,1.3873030005488545,0.7365731596946716,0.2,0.01235868,-13.02137715883553,0.019287109375
652288,1948,1182.0,0,1,45.0,0.13924220204353333,0.0001,10184,-0.005303791236656252,-0.021455729900480947,1.3435689959442243,0.49976664781570435,0.2,0.009653721,-12.904731163084508,0.013916015625
652800,1356,1217.5,0,1,45.0,0.13088665902614594,0.0001,10192,-0.004737967967230361,-0.01979914879302669,1.4383644829504192,0.3950621485710144,0.2,0.011439975,-12.344558674395085,0.00927734375
653312,1993,1240.5,0,1,45.0,0.11982407420873642,0.0001,10200,-0.0036793211838812567,-0.024661404713697266,1.0875875314231962,0.5846306681632996,0.2,0.012470817,-11.629451000913978,0.0146484375
653824,1754,1232.0,0,1,45.0,0.09888818114995956,0.0001,10208,-0.002983394340844825,-0.030897832173650386,1.088326455297647,0.5498246252536774,0.2,0.007443781,-11.267205525413155,0.01416015625
654336,1966,1217.0,0,1,45.0,0.05937369912862778,0.0001,10216,-0.006299622600636212,-0.02799988299193501,1.0211468818597496,0.7058186531066895,0.2,0.015905682,-10.68908751361072,0.02099609375
654848,1545,1237.0,0,1,45.0,0.06440949440002441,0.0001,10224,-0.008226470316003542,-0.03307915808909456,0.692380804597633,0.6107213497161865,0.2,0.006820806,-10.864359275773168,0.0263671875
655360,2052,1205.0,0,1,45.0,0.15177635848522186,0.0001,10232,-0.005500845669303089,-0.03006356305195368,1.2440482821548358,0.4925098419189453,0.2,0.004254134,-11.185680447220802,0.01611328125
655872,1820,1207.0,0,1,45.0,0.1486893594264984,0.0001,10240,-0.0038820050249341875,-0.03311938269325765,0.976910892262822,0.5630584061145782,0.2,0.0046664337,-11.361066628918051,0.02001953125
656384,1990,1217.5,0,1,45.0,1.0111736059188843,0.0001,10248,-0.009452099693589844,-0.039641370121898944,12.264437132515013,0.23852896690368652,0.2,0.008512915,-12.103943030163645,0.020263671875
656896,2042,1248.0,0,1,45.0,0.045320261269807816,0.0001,10256,-0.002918177444371395,-0.022697210479236674,1.363392625353299,0.1402023434638977,0.2,0.0033158506,-12.23623261258006,0.013427734375
657408,1393,1218.0,0,1,45.0,0.03180624917149544,0.0001,10264,-0.004918023751088185,-0.02363260394304234,0.6179952747479547,0.43030059337615967,0.2,0.0099967085,-12.388217122033238,0.01953125
657920,1734,1246.0,0,1,45.0,0.2038102000951767,0.0001,10272,-0.004676130580264726,-0.030045500096093747,1.0891467961482704,0.5875949561595917,0.2,0.0033748914,-12.40242061175406,0.0185546875
658432,1827,1266.0,0,1,45.0,0.15661267936229706,0.0001,10280,-0.005432325880974531,-0.030393539269425673,1.0989930630312301,0.5594034790992737,0.2,0.002829161,-12.12818847425282,0.0205078125
658944,1884,1266.0,0,1,45.0,0.06947451084852219,0.0001,10288,-0.0068188779514457565,-0.03002226951321063,0.8614306192612275,0.702843189239502,0.2,0.009305765,-12.241434646770358,0.021240234375
659456,1760,1243.0,0,1,45.0,0.06954140216112137,0.0001,10296,-0.005387778153817635,-0.02773884006546723,0.5942154619842768,0.7856167107820511,0.2,0.008036516,-12.005365071296692,0.024169921875
659968,1929,1309.5,0,1,45.0,0.1661234200000763,0.0001,10304,-0.007656139776372584,-0.0274544801995944,1.5141802050638944,0.7245821356773376,0.2,0.015379978,-11.755566373020411,0.023681640625
660480,1808,1307.0,0,1,45.0,0.0689198449254036,0.0001,10312,-0.004390611436974723,-0.02578859165078029,0.9014462287304923,0.7262425124645233,0.2,0.013085197,-11.280646462738513,0.017822265625
660992,2125,1287.0,0,1,45.0,0.18847967684268951,0.0001,10320,-0.007198576735390816,-0.025141360874840757,1.3451472871820442,0.784917801618576,0.2,0.010576571,-10.444025440961122,0.01416015625
661504,2032,1217.5,0,1,45.0,0.2501094341278076,0.0001,10328,-0.005337843173037982,-0.01643282065015228,1.375438165210653,0.6559967994689941,0.2,0.004164771,-10.606745143979788,0.008056640625
662016,2107,1168.0,0,1,45.0,0.09548941999673843,0.0001,10336,-0.0034427680548105855,-0.017960830904485192,1.2066892368602566,0.6402630805969238,0.2,0.0098127825,-10.693488220945001,0.010009765625
662528,1471,1137.0,0,1,45.0,0.12028609216213226,0.0001,10344,-0.0026917070463241544,-0.015602745310388855,0.9318264418980107,0.6706251800060272,0.2,0.010228797,-10.789206295534969,0.0087890625
663040,1828,1161.5,0,1,45.0,0.022403229027986526,0.0001,10352,-0.005103945710288826,-0.018610046618050546,0.5823462198022753,0.7656256854534149,0.2,0.006208988,-11.087406884506345,0.013916015625
663552,1654,1162.5,0,1,45.0,0.48997962474823,0.0001,10360,-0.0058380758491694,-0.0164913912776683,0.8008922840817831,0.5204432308673859,0.2,0.00960111,-11.537305545806884,0.015380859375
664064,1979,1148.5,0,1,45.0,0.08954097330570221,0.0001,10368,-0.002936491149739595,-0.015485907691981993,0.914607269980479,0.7437952756881714,0.2,0.0017302529,-11.78560690164566,0.008544921875
664576,1820,1129.5,0,1,45.0,0.2288098931312561,0.0001,10376,-0.003337712103530066,-0.015612133537615591,0.6793188935844228,0.7351338863372803,0.2,0.0051632565,-11.82102450415492,0.010498046875
665088,1874,1130.5,0,1,45.0,0.08011962473392487,0.0001,10384,-0.0031660584354540333,-0.019621168123194366,0.5910992313292809,0.7490009367465973,0.2,0.0014959218,-12.035877357646823,0.012939453125
665600,2032,1151.5,0,1,45.0,0.2130756676197052,0.0001,10392,-0.00574079424404772,-0.021073222738777986,1.122041583119426,0.7169866859912872,0.2,0.019503362,-11.97249527566135,0.01513671875
666112,1984,1201.0,0,1,45.0,0.2058870643377304,0.0001,10400,-0.0050440469713066705,-0.0168000066487366,0.9411862729757559,0.6848146915435791,0.2,0.008184917,-11.771549003645777,0.013427734375
666624,1925,1243.5,0,1,45.0,0.14448514580726624,0.0001,10408,-0.00462714795867214,-0.020507673965767026,1.2020168482558802,0.7195037603378296,0.2,0.0046697813,-11.638518650457263,0.01025390625
667136,1455,1245.5,0,1,45.0,0.06833124905824661,0.0001,10416,-0.00789121733760112,-0.029164037559894496,1.3000266450690106,0.6274746656417847,0.2,0.010284905,-11.511481526121496,0.026123046875
667648,2061,1197.0,0,1,45.0,0.12748770415782928,0.0001,10424,-0.005487325484864414,-0.017428992010536604,1.41214103566017,0.711866945028305,0.2,0.013984264,-11.606129258275033,0.018310546875
668160,1735,1179.5,0,1,45.0,0.030248258262872696,0.0001,10432,-0.004352128213213291,-0.017834871819104592,0.7099941271007992,0.7236275970935822,0.2,0.0035422638,-11.659844893291593,0.01220703125
668672,1845,1217.0,0,1,45.0,0.05873268097639084,0.0001,10440,-0.0042207296573906206,-0.016369409434446425,0.9671699912869371,0.7796828001737595,0.2,0.002128474,-11.783485985696316,0.011474609375
669184,1927,1177.0,0,1,45.0,0.056439779698848724,0.0001,10448,-0.0029172221838962287,-0.018844176003767643,1.0126831426168792,0.5793310105800629,0.2,0.001047554,-11.98097784422338,0.0078125
669696,1817,1187.0,0,1,45.0,0.13968902826309204,0.0001,10456,-0.004039356812427286,-0.023571798810735345,0.6096648920647567,0.7724415510892868,0.2,0.0049155876,-12.389401640444994,0.014404296875
670208,2147,1144.5,0,1,45.0,2.0788371562957764,0.0001,10464,-0.008633595854917075,-0.03168174126949452,11.714243514463305,0.21622586250305176,0.2,0.02005123,-13.397156424671412,0.01708984375
670720,1866,1123.0,0,1,45.0,1.2042953968048096,0.0001,10472,-0.008854581104969839,-0.02885072013214085,2.183434230973944,0.28047412633895874,0.2,0.004540051,-13.488870079144835,0.02197265625
671232,2107,1073.0,0,1,45.0,0.23551629483699799,0.0001,10480,-0.003144766691548284,-0.015890538665189524,1.1841294778278098,0.6559165418148041,0.2,0.0024062702,-13.2481420750916,0.006103515625
671744,1366,1098.5,0,1,45.0,0.11642353981733322,0.0001,10488,-0.0030853830467094667,-0.0162191439731032,0.8434302300447598,0.5619434714317322,0.2,0.004350501,-12.730751072838903,0.008544921875
672256,1967,1169.5,0,1,45.0,0.07552503794431686,0.0001,10496,-0.004721483241155511,-0.025372835013513395,0.969131605757866,0.6788060069084167,0.2,0.03301563,-11.992170761451126,0.016845703125
672768,1762,1153.5,0,1,45.0,0.11009180545806885,0.0001,10504,-0.0034467767145542894,-0.019059280472902174,0.5353238884999882,0.7756852209568024,0.2,0.0075901356,-11.123661305233837,0.012939453125
673280,1867,1149.5,0,1,45.0,0.0584428533911705,0.0001,10512,-0.004681234844611026,-0.022777744995437388,0.8515026120585389,0.8005009591579437,0.2,0.002973198,-10.829937743246555,0.014892578125
673792,1777,1199.5,0,1,45.0,0.41670531034469604,0.0001,10520,-0.010274366482917685,-0.03119032246286224,2.6450259760022163,0.30184417963027954,0.2,0.007728266,-10.735498118549586,0.022216796875
674304,1863,1203.0,0,1,45.0,0.19833824038505554,0.0001,10528,-0.005400255908170948,-0.024018122579946066,1.597805738565512,0.5455871224403381,0.2,0.011387529,-10.02083647981286,0.014404296875
674816,2206,1240.5,0,1,45.0,1.7491588592529297,0.0001,10536,-0.006746230490534799,-0.02927465190896328,6.035737292375416,0.39228731393814087,0.2,0.012300756,-10.244838691875339,0.021728515625
675328,1791,1204.5,0,1,45.0,0.5413280725479126,0.0001,10544,-0.004181141855951864,-0.02789433743691916,1.4712634931784123,0.14896953105926514,0.2,0.007508872,-10.603645331189036,0.016845703125
675840,1932,1233.5,0,1,45.0,0.06356164067983627,0.0001,10552,-0.0025670897848613095,-0.013788450486572401,0.8299296110053547,0.7327453792095184,0.2,0.0014075155,-11.529949675053357,0.009033203125
676352,1891,1211.5,0,1,45.0,0.03870280832052231,0.0001,10560,-0.0033379422457073815,-0.023712663087280816,0.5866905114671681,0.6147245466709137,0.2,0.01225117,-12.376460978463292,0.016845703125
676864,1508,1227.0,0,1,45.0,0.016708293929696083,0.0001,10568,-0.002707071151235141,-0.02193708913091541,0.6258169172797352,0.6981904208660126,0.2,0.007937897,-13.323668410107494,0.013671875
677376,1868,1250.5,0,1,45.0,0.04455889016389847,0.0001,10576,-0.0047006272070575505,-0.020587654399605526,0.39141760117490776,0.7910502851009369,0.2,0.012751964,-13.673543645963072,0.013427734375
677888,2105,1178.0,0,1,45.0,0.09906944632530212,0.0001,10584,-0.002821971873345319,-0.015467705511582608,0.8573662391863763,0.7247424125671387,0.2,0.004459194,-13.416090860366822,0.01025390625
678400,1812,1141.0,0,1,45.0,0.11826904863119125,0.0001,10592,-0.0022290147535386495,-0.019586877285291848,0.8539801669539884,0.5601705312728882,0.2,0.013506287,-13.185977207422257,0.010009765625
678912,1903,1153.0,0,1,45.0,0.2892809212207794,0.0001,10600,-0.004460664455109509,-0.031374686320305045,2.4382223782595247,0.6946621239185333,0.2,0.0046394924,-12.486245392337441,0.02001953125
679424,1961,1153.0,0,1,45.0,0.31918278336524963,0.0001,10608,-0.004464255434868392,-0.02515781735201017,1.5245395574020222,0.58609738945961,0.2,0.0035443695,-11.422656933590769,0.013671875
679936,2078,1176.0,0,1,45.0,0.3532797694206238,0.0001,10616,-0.007231208284792956,-0.043628355642795213,2.28165416023694,0.5568694770336151,0.2,0.0033083595,-10.589783688783646,0.0234375
680448,1879,1164.0,0,1,45.0,0.0753972977399826,0.0001,10624,-0.007654710056158365,-0.025392400997588993,0.5684018497704528,0.643213152885437,0.2,0.010332777,-9.803875309601427,0.02392578125
680960,1878,1114.0,0,1,45.0,0.10723347961902618,0.0001,10632,-0.00749196027754806,-0.04885393357108114,2.0756484650773928,0.2470484972000122,0.2,0.018986084,-9.71889097943902,0.03369140625
681472,1529,1086.0,0,1,45.0,0.6706255674362183,0.0001,10640,-0.005865896033355966,-0.043263455299893394,3.0201908519957215,-0.14168250560760498,0.2,0.04593726,-10.168500295430421,0.03173828125
681984,1875,1086.0,0,1,45.0,0.19718027114868164,0.0001,10648,-0.0063806945327087305,-0.03693505363298755,1.7205642723711208,0.28353339433670044,0.2,0.013650301,-10.719614766314626,0.0263671875
682496,2064,1083.0,0,1,45.0,0.010981090366840363,0.0001,10656,-0.002811706803186098,-0.026001723344961647,1.2256913256132975,0.5084426701068878,0.2,0.005052826,-11.472099956050515,0.015869140625
683008,1782,1103.5,0,1,45.0,0.7977563738822937,0.0001,10664,-0.009309108572779223,-0.038337177016728674,1.573089958052151,0.542895644903183,0.2,0.010271165,-12.395736791864037,0.0283203125
683520,1986,1155.5,0,1,45.0,0.2322002500295639,0.0001,10672,-0.0037612941159750335,-0.030011561277206056,1.5063334921724163,0.5409835278987885,0.2,0.0031616944,-13.09822093963623,0.016845703125
684032,1956,1184.5,0,1,45.0,0.07665522396564484,0.0001,10680,-0.0027948210699833,-0.020505774724369985,0.8389555086614564,0.5255496203899384,0.2,0.0016075958,-13.358364035561682,0.00830078125
684544,1977,1209.0,0,1,45.0,0.3051761984825134,0.0001,10688,-0.007388732894469285,-0.03227090699965629,1.4740281997947022,0.6623633801937103,0.2,0.011571061,-13.378966626003384,0.023681640625
685056,1839,1228.5,0,1,45.0,0.1506449431180954,0.0001,10696,-0.005634540615574224,-0.027801646232546773,1.1482750927098095,0.6794020235538483,0.2,0.00831867,-13.20518823016435,0.01904296875
685568,1926,1226.5,0,1,45.0,0.2712552547454834,0.0001,10704,-0.003942909101169789,-0.029500850294425618,1.4324279957218096,0.75400610268116,0.2,0.010563062,-12.552118547819555,0.02294921875
686080,1429,1232.5,0,1,45.0,0.3202468156814575,0.0001,10712,-0.007526573041104712,-0.041996637473857845,3.0676810743752867,0.6182000041007996,0.2,0.007506819,-11.909961258023976,0.02392578125
686592,1921,1235.0,0,1,45.0,1.2182493209838867,0.0001,10720,-0.006409818342945073,-0.030758439239434665,2.195413132198155,0.713166743516922,0.2,0.015217972,-11.24232259593904,0.01513671875
687104,1866,1292.5,0,1,45.0,0.22279247641563416,0.0001,10728,-0.007831669739971403,-0.03922967361540941,1.9177339617162943,0.4763173460960388,0.2,0.01216425,-11.140199074745178,0.023681640625
687616,1796,1293.5,0,1,45.0,0.3090609908103943,0.0001,10736,-0.010033818492956925,-0.04494383584460593,2.4985385888721794,0.38532668352127075,0.2,0.012485443,-10.994124068692326,0.033447265625
688128,1712,1312.0,0,1,45.0,0.4418252110481262,0.0001,10744,-0.018117652223736513,-0.047965543333702954,7.638840052532032,0.46447938680648804,0.2,0.11374376,-11.816354896649718,0.039794921875
688640,1775,1379.5,0,1,45.0,13.843006134033203,0.0001,10752,-0.010709838672482874,-0.0756769342951884,41.830624314025044,0.18426400423049927,0.2,0.013446407,-13.561730591505766,0.03076171875
689152,1856,1392.0,0,1,45.0,0.8047366142272949,0.0001,10760,-0.005177660870685941,-0.05734474021664937,5.845680576749146,-0.3854813575744629,0.2,0.003020741,-14.682211185768246,0.02099609375
689664,1836,1371.0,0,1,45.0,0.9363259673118591,0.0001,10768,-0.008161021110936417,-0.05487720232667925,5.0290988681372255,-0.7648861408233643,0.2,0.005274757,-15.352635876201093,0.02685546875
690176,1379,1399.5,0,1,45.0,0.15457437932491302,0.0001,10776,-0.009461413821554743,-0.05233588309783954,1.8210688999388367,0.0922892689704895,0.2,0.016269613,-16.022479950748384,0.041015625
690688,1809,1398.0,0,1,45.0,0.3589688241481781,0.0001,10784,-0.0078686521446798,-0.06067850542603992,2.610780153190717,0.23065775632858276,0.2,0.006401545,-16.112147977128625,0.03857421875
691200,1772,1457.0,0,1,45.0,0.4626500904560089,0.0001,10792,-0.004914972458209377,-0.030953240591770737,2.3494292432442307,0.1691504716873169,0.2,0.004633452,-16.04429287921637,0.019775390625
691712,1822,1422.0,0,1,45.0,12.046300888061523,0.0001,10800,-0.01141425621608505,-0.06242510888114339,23.159882543608546,0.25842082500457764,0.2,0.030862415,-15.86562874034047,0.03125
692224,1804,1426.5,0,1,45.0,1.0913406610488892,0.0001,10808,-0.0015185031370492652,-0.048417697263175796,4.940501992590725,0.5546999275684357,0.2,0.0047728936,-14.986319328919054,0.017822265625
692736,1962,1404.5,0,1,45.0,0.768526017665863,0.0001,10816,-0.011289208618109114,-0.048220816630418994,6.583889096044004,0.6541657447814941,0.2,0.016121387,-14.444337508901954,0.033935546875
693248,1913,1353.5,0,1,45.0,0.5585939884185791,0.0001,10824,-0.010213224912149599,-0.03305308083145064,4.463408744893968,0.02404099702835083,0.2,0.026665702,-11.889842754229903,0.03369140625
693760,2075,1302.0,0,1,45.0,0.3385293483734131,0.0001,10832,-0.003675782527352567,-0.022984996562627202,2.4757245862856507,0.1422908902168274,0.2,0.004988732,-11.23498901437968,0.0146484375
694272,1915,1278.0,0,1,45.0,0.16564641892910004,0.0001,10840,-0.004839888686547056,-0.02466176434791123,1.152058477862738,0.40727293491363525,0.2,0.0044329623,-10.690565847717226,0.017333984375
694784,2043,1239.5,0,1,45.0,0.1519254893064499,0.0001,10848,-0.0039037287497194484,-0.02732278169150959,1.3504183871555142,0.3582572340965271,0.2,0.010254097,-10.656899900473654,0.01904296875
695296,1846,1252.0,0,1,45.0,0.4115150570869446,0.0001,10856,-0.006012123420077842,-0.02644761418014241,1.6843474116176367,0.3705146312713623,0.2,0.014101488,-10.974322259314357,0.018798828125
695808,1899,1238.0,0,1,45.0,0.2085372656583786,0.0001,10864,-0.003456368180195568,-0.022391617685570964,1.1901249343063682,0.5293835699558258,0.2,0.004149687,-10.704672301933169,0.015869140625
696320,1907,1214.5,0,1,45.0,0.5172941088676453,0.0001,10872,-0.004972949012881145,-0.0396923996077021,2.9841871629469097,0.4490419626235962,0.2,0.016857225,-10.95368044462055,0.021240234375
696832,1870,1205.0,0,1,45.0,0.6595256924629211,0.0001,10880,-0.004528001707512885,-0.027534851271411753,3.953812356572598,0.37507718801498413,0.2,0.0045882873,-11.198452432118357,0.023681640625
697344,2081,1175.5,0,1,45.0,0.8396459221839905,0.0001,10888,-0.0030062259938858915,-0.02491761689816485,3.0563849271275103,0.4690552353858948,0.2,0.0018793547,-11.40628717739135,0.0126953125
697856,1944,1174.5,0,1,45.0,0.4867728054523468,0.0001,10896,-0.005755889833380934,-0.021030728346886463,3.1764581580646336,0.5054497718811035,0.2,0.0047085234,-12.537437245808542,0.011962890625
698368,1802,1229.0,0,1,45.0,0.3284406065940857,0.0001,10904,-0.0034867408830905333,-0.030797833033830102,2.21687613427639,0.6285257339477539,0.2,0.0075204736,-12.881150586530566,0.0205078125
698880,1399,1260.0,0,1,45.0,0.2357787787914276,0.0001,10912,-0.005799074475362431,-0.03534756397493766,1.9792869386728853,0.6250958442687988,0.2,0.007394985,-12.834926554262639,0.0302734375
699392,1927,1289.5,0,1,45.0,0.1941441297531128,0.0001,10920,-0.008149409030011157,-0.04762701251729595,1.9846328450366855,0.6147682368755341,0.2,0.009834199,-12.707163348793983,0.02978515625
699904,1763,1289.0,0,1,45.0,0.17511741816997528,0.0001,10928,-0.005202932377869729,-0.0314834192267881,1.9674414983019233,0.4394591450691223,0.2,0.009606714,-12.665587936714292,0.0263671875
700416,1810,1344.0,0,1,45.0,0.5275087356567383,0.0001,10936,-0.006582779293239582,-0.028984316781134112,2.392489589052275,-0.02460324764251709,0.2,0.007729825,-13.133054008707404,0.02490234375
700928,1865,1389.5,0,1,45.0,0.18880708515644073,0.0001,10944,-0.005309297404892277,-0.04062205601439928,1.1675318591296673,0.3831478953361511,0.2,0.015073986,-13.182548678591848,0.022705078125
701440,1887,1447.5,0,1,45.0,0.39765122532844543,0.0001,10952,-0.004861506575252861,-0.023482724245695863,1.4650918701663613,0.290840208530426,0.2,0.0038612664,-13.190955749303102,0.013916015625
701952,1968,1468.0,0,1,45.0,0.25313153862953186,0.0001,10960,-0.009777768027561251,-0.026406710230730823,1.3966978199314326,0.10080075263977051,0.2,0.019827511,-13.063989085555077,0.02197265625
702464,2256,1367.0,0,1,45.0,0.6223691701889038,0.0001,10968,-0.00291027563798707,-0.023418593350470474,1.758529168087989,0.4518488645553589,0.2,0.007307954,-12.444971954301,0.013427734375
702976,1809,1369.5,0,1,45.0,0.7333152890205383,0.0001,10976,-0.0036717485345434397,-0.02153527989412396,2.674988813698292,0.2557365894317627,0.2,0.004995766,-11.652934539988637,0.01025390625
703488,1555,1354.0,0,1,45.0,0.31797391176223755,0.0001,10984,-0.0029525397621910088,-0.026020039231298142,1.7752650927286595,0.277138352394104,0.2,0.006156032,-11.37932003773749,0.01318359375
704000,1779,1357.0,0,1,45.0,0.33389773964881897,0.0001,10992,-0.005899685933400178,-0.028810357808652043,1.240464864531532,0.21078914403915405,0.2,0.015994482,-10.707905577905477,0.021240234375
704512,1855,1322.5,0,1,45.0,2.988532066345215,0.0001,11000,-0.0012720386093860725,-0.023228546717291465,18.75797315593809,0.2438206672668457,0.2,0.0021684312,-10.425843003205955,0.0068359375
705024,1962,1258.5,0,1,45.0,0.20596261322498322,0.0001,11008,-0.0016072934467956657,-0.013215740886607819,1.8496204619295895,-0.17008686065673828,0.2,0.0011906194,-9.391376698575915,0.008056640625
705536,1803,1210.0,0,1,45.0,0.07038268446922302,0.0001,11016,-0.005465439870022237,-0.024738141491070564,0.7930804202915169,0.36201411485671997,0.2,0.010002997,-8.382247121594846,0.018798828125
706048,2058,1183.0,0,1,45.0,0.23167647421360016,0.0001,11024,-0.0048784033715492114,-0.021710516403800284,1.5397681529866531,0.3922231197357178,0.2,0.0037160248,-7.671045395322144,0.013916015625
706560,1940,1188.5,0,1,45.0,0.6766417622566223,0.0001,11032,-0.002958420416689478,-0.011063868402743537,1.3693301423918456,0.565828949213028,0.2,0.0024957433,-7.6175494334474205,0.0068359375
707072,2037,1235.0,0,1,45.0,0.510570228099823,0.0001,11040,-0.0064718145949882455,-0.03186132435257605,2.10809530550614,0.6136040389537811,0.2,0.009130137,-8.081325284279883,0.01708984375
707584,1848,1217.5,0,1,45.0,0.4359948933124542,0.0001,11048,-0.004988096105080331,-0.026508827568250126,1.7218682221136987,0.5019184648990631,0.2,0.0036824215,-9.0103801028803,0.012939453125
708096,1427,1253.5,0,1,45.0,0.3104681372642517,0.0001,11056,-0.0030096878253971227,-0.019275293801456428,1.5997998474631459,0.491560161113739,0.2,0.0014888635,-9.809992738589644,0.008056640625
708608,1771,1251.5,0,1,45.0,0.6964275240898132,0.0001,11064,-0.007969910737301689,-0.0553886176294327,2.8552479562349617,0.3285757899284363,0.2,0.011385832,-10.77351513378322,0.03662109375
709120,1882,1283.0,0,1,45.0,0.21485522389411926,0.0001,11072,-0.0018031125073321164,-0.01885363790916017,1.4334473204798996,0.5923618078231812,0.2,0.00672362,-11.262151578217745,0.007568359375
709632,1878,1340.0,0,1,45.0,0.09088800847530365,0.0001,11080,-0.002305957747012144,-0.023770579181473295,1.1428598195780069,0.5975577533245087,0.2,0.0031961186,-12.47270664177835,0.0146484375
710144,1871,1403.5,0,1,45.0,0.04060075059533119,0.0001,11088,-0.003895827983797062,-0.025534697174407484,0.6095667299814522,0.723553329706192,0.2,0.0062162858,-13.343184537813068,0.0146484375
710656,1883,1385.5,0,1,45.0,0.06620194762945175,0.0001,11096,-0.004237905712216161,-0.020917814183121664,0.831914801208768,0.4721163511276245,0.2,0.007361703,-13.702180531173944,0.0166015625
711168,1856,1455.0,0,1,45.0,0.2031063586473465,0.0001,11104,-0.003967606324295048,-0.030146697401050915,1.030000256956555,0.4547310471534729,0.2,0.01188723,-13.789903973191976,0.017578125
711680,2015,1444.0,0,1,45.0,0.17693474888801575,0.0001,11112,-0.006661889598035486,-0.03786737583413924,0.9964957186020911,0.42383307218551636,0.2,0.009337131,-13.257716850116848,0.026123046875
712192,1279,1494.5,0,1,45.0,0.16617697477340698,0.0001,11120,-0.005875348579138517,-0.03204410686248593,0.8800287573831156,0.3128591775894165,0.2,0.024365894,-12.821229357942938,0.032470703125
712704,1732,1482.5,0,1,45.0,2.3733413219451904,0.0001,11128,-0.0036298536142567173,-0.05198147899500327,10.726529026404023,0.25966018438339233,0.2,0.005930823,-12.74170693539083,0.04150390625
713216,1818,1474.0,0,1,45.0,1.4250420331954956,0.0001,11136,-0.005013601632526843,-0.06167538438967313,30.62132711149752,0.4863654375076294,0.2,0.0042122295,-13.246555540785193,0.017578125
713728,1887,1453.5,0,1,45.0,0.16280201077461243,0.0001,11144,-0.0017594452438061126,-0.02162870294705499,3.5753421942936257,-2.463489294052124,0.2,0.00205373,-12.387278927788138,0.0078125
714240,1773,1420.5,0,1,45.0,0.4910193085670471,0.0001,11152,-0.006744268430338707,-0.03944443521595531,2.1347180544398725,0.07330566644668579,0.2,0.011038839,-12.007503138482571,0.028076171875
714752,1822,1391.5,0,1,45.0,0.9902315139770508,0.0001,11160,-0.004258908033079933,-0.039955385143002786,9.384880688972771,0.5731185674667358,0.2,0.007351404,-11.96371129207313,0.0185546875
715264,2076,1362.5,0,1,45.0,0.21707648038864136,0.0001,11168,-0.003646869277872611,-0.017949881342246954,2.0248142948839813,0.4884876608848572,0.2,0.0045927535,-11.817245811894535,0.0146484375
715776,1943,1325.5,0,1,45.0,0.2615036070346832,0.0001,11176,-0.005399843932536896,-0.02641258545236269,1.4459902606904507,0.30134713649749756,0.2,0.0061151404,-11.70259519442916,0.0107421875
716288,2051,1302.5,0,1,45.0,0.24280942976474762,0.0001,11184,-0.0042111742368433625,-0.027151892536949163,1.5055488779908046,0.4047642946243286,0.2,0.011691178,-11.747121799737215,0.019287109375
716800,1518,1258.0,0,1,45.0,0.13305793702602386,0.0001,11192,-0.002700209566683043,-0.02247395485164816,0.9911266285344027,-0.5571985244750977,0.2,0.013705064,-11.532453586906195,0.0166015625
717312,1841,1266.0,0,1,45.0,0.015787743031978607,0.0001,11200,-0.006058372960978886,-0.03168601659444903,0.7556888778635766,0.3965691924095154,0.2,0.027276073,-11.061315212324262,0.028564453125
717824,1854,1273.5,0,1,45.0,0.2629414498806,0.0001,11208,-0.0028728014221997,-0.027307816336360702,1.200979309156537,0.4870494604110718,0.2,0.0029689102,-9.770819000154734,0.01123046875
718336,2001,1207.5,0,1,45.0,0.1421424150466919,0.0001,11216,-0.00171662172942888,-0.011354741829109116,1.0719076435780153,0.6365453600883484,0.2,0.0059846067,-9.834351177364589,0.006591796875
718848,1884,1216.5,0,1,45.0,0.619550883769989,0.0001,11224,-0.006587872347154189,-0.021275710346344567,2.0651877608615905,0.6113352477550507,0.2,0.009616162,-9.893397123962641,0.01123046875
719360,1910,1235.0,0,1,45.0,0.27377036213874817,0.0001,11232,-0.003276616473158356,-0.014478305698048644,1.4850052637048066,0.6518296897411346,0.2,0.0014978606,-9.847987497076392,0.011474609375
719872,2275,1191.5,0,1,45.0,0.4127645790576935,0.0001,11240,-0.006086546156438999,-0.015866316070059838,1.382085505174473,0.6689643263816833,0.2,0.005979189,-10.228046434223652,0.012451171875
720384,2092,1146.0,0,1,45.0,0.19246922433376312,0.0001,11248,-0.005915031553740846,-0.014666737909919902,1.7958260315936059,0.4171403646469116,0.2,0.0018287064,-10.9863054446131,0.0107421875
720896,1916,1186.0,0,1,45.0,0.19358333945274353,0.0001,11256,-0.004670087939302903,-0.014829224787263229,1.1284280740655959,0.4147316813468933,0.2,0.008265801,-11.634759626984597,0.013427734375
721408,1461,1182.0,0,1,45.0,0.1526585966348648,0.0001,11264,-0.004127352784053073,-0.022217734398509492,0.8297873694682494,0.5522027015686035,0.2,0.008525778,-12.202926043346524,0.017333984375
721920,1892,1181.5,0,1,45.0,0.08837223052978516,0.0001,11272,-0.0023776282268954674,-0.02139241480290366,1.012093645753339,0.5456705093383789,0.2,0.013130185,-12.38173790127039,0.0166015625
722432,1928,1173.5,0,1,45.0,0.0778987929224968,0.0001,11280,-0.0024276761287183035,-0.018426654652103025,0.8665335813129786,0.6543313562870026,0.2,0.0054988842,-12.533959672152996,0.010986328125
722944,1859,1257.0,0,1,45.0,0.13128609955310822,0.0001,11288,-0.003459635263425298,-0.012596210936862917,1.0612609282834455,0.5720378756523132,0.2,0.0052264314,-12.612182004973292,0.0078125
723456,1772,1279.0,0,1,45.0,0.05502857640385628,0.0001,11296,-0.0045622057041327935,-0.023649991407182824,0.924847396556288,0.6075963973999023,0.2,0.014160264,-12.28220399029553,0.021728515625
723968,1986,1254.0,0,1,45.0,1.5883549451828003,0.0001,11304,-0.00310350345534971,-0.016629454649773834,18.355617938563228,0.4646146893501282,0.2,0.00273039,-12.522853950336575,0.009521484375
724480,2064,1300.0,0,1,45.0,0.06729438900947571,0.0001,11312,-0.0031523940233455505,-0.0149522888368665,1.3047453040489927,-0.31549525260925293,0.2,0.014496647,-11.884323530197143,0.0107421875
724992,1951,1347.0,0,1,45.0,0.24181535840034485,0.0001,11320,-0.0018332739782636054,-0.013027018806496926,0.7595147255342454,0.6919365525245667,0.2,0.004403149,-11.03875478632748,0.01171875
725504,1696,1379.5,0,1,45.0,0.07445535808801651,0.0001,11328,-0.005401628714025719,-0.022264615426138334,0.7675112271681428,0.2298053503036499,0.2,0.0082081575,-10.53257927030325,0.0166015625
726016,1407,1405.5,0,1,45.0,0.713399350643158,0.0001,11336,-0.008540004038877669,-0.040437029625536525,3.3215583693236113,0.4227755665779114,0.2,0.01532129,-10.54769581824541,0.0234375
726528,1780,1414.5,0,1,45.0,0.23754829168319702,0.0001,11344,-0.006217208472662605,-0.02770805723821468,1.3003244184656069,0.23798245191574097,0.2,0.0053203963,-10.693807529434562,0.02001953125
727040,1840,1413.0,0,1,45.0,17.364036560058594,0.0001,11352,-0.0021221652714302763,-0.013285838628689817,33.513616260141134,0.33077818155288696,0.2,0.0005738279,-11.725314088314772,0.00244140625
727552,2001,1333.5,0,1,45.0,0.39167341589927673,0.0001,11360,-0.0015134595269046258,-0.015272219156486244,1.681010757747572,0.04973924160003662,0.2,0.0030289008,-11.788890601396561,0.00732421875
728064,1878,1289.5,0,1,45.0,0.10278625041246414,0.0001,11368,-0.004856734653003514,-0.01596707064391012,1.281806114828214,0.37848877906799316,0.2,0.010065839,-11.975004435554148,0.012939453125
728576,1998,1289.0,0,1,45.0,0.08018914610147476,0.0001,11376,-0.0022353650056174956,-0.012151627895036654,0.8902671437244862,0.6006431579589844,0.2,0.0032190345,-11.469390502795576,0.008056640625
729088,2254,1264.0,0,1,45.0,0.07371826469898224,0.0001,11384,-0.001401303419697797,-0.014133923214103561,0.6098706427437719,0.376009464263916,0.2,0.008931432,-11.741446211636067,0.014892578125
729600,1786,1250.5,0,1,45.0,0.031240323558449745,0.0001,11392,-0.0025774924470169935,-0.014624374669438112,0.4664839166798629,0.7485322654247284,0.2,0.0026299707,-12.19445863239467,0.0078125
730112,1838,1249.5,0,1,45.0,0.22711971402168274,0.0001,11400,-0.0033109707692347,-0.03205691736184235,2.467692735604942,0.40072333812713623,0.2,0.004371726,-12.186168115511537,0.01904296875
730624,1522,1237.5,0,1,45.0,0.0045349448919296265,0.0001,11408,-0.009614802103897091,-0.095558339924537,0.650696579774376,0.7498412430286407,0.2,0.07115182,-12.225346940979362,0.112548828125
731136,1741,1220.0,0,1,45.0,1.2871267795562744,0.0001,11416,-0.014607102122681681,-0.30527243844699115,5.759968308731914,0.5088589787483215,0.2,0.028006848,-13.545191904902458,0.198486328125
731648,2053,1221.0,0,1,45.0,0.378633052110672,0.0001,11424,-0.007522598418290727,-0.19960438553243876,3.198458575643599,0.559500515460968,0.2,0.006557575,-13.266993405371904,0.074951171875
732160,1881,1233.0,0,1,45.0,1.193968415260315,0.0001,11432,-0.03058981115464121,-0.06734012741799233,3.2539314650930464,0.3967559337615967,0.2,0.17103207,-14.551015747189522,0.062255859375
732672,1539,1205.0,0,1,45.0,0.04233020544052124,0.0001,11440,-0.004784205437317723,-0.026823026972124353,0.8159357007825747,0.7448029518127441,0.2,0.0049388325,-15.339248476549983,0.010986328125
733184,2043,1204.0,0,1,45.0,0.42487016320228577,0.0001,11448,-0.01168820915336255,-0.04673889092373429,7.085909693967551,0.613985687494278,0.2,0.025998686,-16.988006105571984,0.028076171875
733696,1763,1296.0,0,1,45.0,0.10474660992622375,0.0001,11456,-0.009175196482829051,-0.03892496029584436,1.6213837607065216,0.44426649808883667,0.2,0.014567971,-17.97431803494692,0.026611328125
734208,1967,1256.5,0,1,45.0,0.26406651735305786,0.0001,11464,-0.004705880466644885,-0.03487915055666235,1.968814181163907,-0.2118687629699707,0.2,0.0025161942,-18.15629208192229,0.010498046875
734720,1769,1226.5,0,1,45.0,0.08438604325056076,0.0001,11472,-0.005859448581759352,-0.03387334095896222,0.9457995148841292,0.11182940006256104,0.2,0.008530272,-18.255997356176376,0.027099609375
735232,1444,1239.5,0,1,45.0,0.3377127945423126,0.0001,11480,-0.0054635863489238545,-0.04495247470549657,1.4201786995399743,0.4941669702529907,0.2,0.007752665,-17.480594710856675,0.022705078125
735744,1818,1256.5,0,1,45.0,0.7619584798812866,0.0001,11488,-0.0056223317405965645,-0.06505901046330109,2.933754935977049,0.47792619466781616,0.2,0.026521869,-15.925058481693268,0.05078125
736256,1915,1308.5,0,1,45.0,0.365399569272995,0.0001,11496,-0.004778194746904774,-0.03372841966483975,1.8764400747604668,0.6247726082801819,0.2,0.007945612,-14.65193822108209,0.019287109375
736768,1786,1318.5,0,1,45.0,0.2547997534275055,0.0001,11504,-0.006810629593019257,-0.04091771378807607,1.653192216064781,0.5679577887058258,0.2,0.011801251,-12.996593748256565,0.029541015625
737280,1924,1321.5,0,1,45.0,0.1488868147134781,0.0001,11512,-0.0031757456526975147,-0.03404531408523326,0.8986884234473109,0.7229526937007904,0.2,0.0048492583,-11.446539814397692,0.017333984375
737792,2054,1325.5,0,1,45.0,0.08208172023296356,0.0001,11520,-0.003882704913849011,-0.025992564116677386,0.6938071536715142,0.552604079246521,0.2,0.0028840462,-10.341488272845744,0.013916015625
738304,1796,1305.5,0,1,45.0,0.06823927164077759,0.0001,11528,-0.0030815591526334174,-0.03666733948557521,0.8991922807181254,0.4038567543029785,0.2,0.017258793,-9.601831647902728,0.019287109375
738816,1823,1388.0,0,1,45.0,0.1654077023267746,0.0001,11536,-0.00978650201432174,-0.04293305267128744,0.9375705988495611,0.21931815147399902,0.2,0.009081586,-9.815893554911018,0.0341796875
739328,1457,1358.0,0,1,45.0,0.37705114483833313,0.0001,11544,-0.0006715167746733641,-0.033852124030090636,2.419578786706552,0.16580730676651,0.2,0.022215346,-10.517218498364091,0.023193359375
739840,1895,1335.5,0,1,45.0,0.5656384825706482,0.0001,11552,-0.00754506887824391,-0.04855553599190898,2.8327968639787287,0.28894662857055664,0.2,0.0048513697,-11.93366282120347,0.028564453125
740352,1814,1342.5,0,1,45.0,0.07905852794647217,0.0001,11560,-0.004835745718082762,-0.03629054843986523,1.234628149541095,0.43988335132598877,0.2,0.012005078,-12.940832727253436,0.02099609375
740864,2058,1285.0,0,1,45.0,0.11643457412719727,0.0001,11568,-0.0008512458662153222,-0.022719274751580087,1.6685086945071816,0.0005943775177001953,0.2,0.0025804339,-13.99611435137689,0.01220703125
741376,1914,1281.0,0,1,45.0,0.03421588987112045,0.0001,11576,-0.003957126595196314,-0.10882877927360823,0.5415380997874308,0.653313547372818,0.2,0.28628188,-14.6577770242095,0.102783203125
741888,1916,1326.0,0,1,45.0,24.842891693115234,0.0001,11584,-0.004535715270321816,-0.34484194219112396,101.559175953269,0.19609761238098145,0.2,0.014066135,-20.769951497018337,0.215087890625
742400,2448,1234.5,0,1,45.0,17.77434730529785,0.0001,11592,-0.007964103373524267,-0.31971504469402134,67.25671197474003,0.46584951877593994,0.2,0.011433396,-24.949170533791186,0.154052734375
742912,1766,1231.0,0,1,45.0,23.438318252563477,0.0001,11600,-0.009189957316266373,-0.4885692864190787,94.5359276086092,0.2261449694633484,0.2,0.014727362,-31.001968094557522,0.323974609375
743424,1901,1191.5,0,1,45.0,10.554298400878906,0.0001,11608,-0.010506010097742546,-0.26694404846057296,31.295761182904243,0.5358583331108093,0.2,0.014016774,-33.16008715264499,0.089599609375
743936,1894,1200.0,0,1,45.0,6.252603054046631,0.0001,11616,-0.01719980924826814,-0.22210133110638708,24.74556213617325,0.6738587915897369,0.2,0.030986797,-35.169679324775935,0.151611328125
744448,1481,1179.5,0,1,45.0,5.219165325164795,0.0001,11624,-0.019146158534567803,-0.1076051972922869,17.834981694817543,0.617551326751709,0.2,0.088901,-35.74312677323818,0.07470703125
744960,1786,1206.5,0,1,45.0,1.6472445726394653,0.0001,11632,-0.004576935025397688,-0.049482053975225426,10.07535107806325,0.7085511088371277,0.2,0.0043979813,-35.825626938045026,0.021240234375
745472,1993,1163.5,0,1,45.0,0.8319993019104004,0.0001,11640,-0.0036756986810360104,-0.03757997761567822,6.889937663450837,0.7114278972148895,0.2,0.0013401146,-35.7021001368016,0.010498046875
745984,1897,1144.5,0,1,45.0,0.7327365875244141,0.0001,11648,-0.007547735105617903,-0.044382786327332724,5.30800611525774,0.521474689245224,0.2,0.012182791,-35.02146870903671,0.0234375
746496,2000,1145.0,0,1,45.0,0.7509521245956421,0.0001,11656,-0.003952960625611013,-0.031924355895171175,4.844411130994558,0.7200951278209686,0.2,0.006326163,-30.09876811772585,0.0126953125
747008,1958,1257.5,0,1,45.0,1.6194548606872559,0.0001,11664,-0.008100744293187745,-0.03465623272131779,6.5914001651108265,0.6208601295948029,0.2,0.011095295,-25.927177419662474,0.0234375
747520,1818,1247.5,0,1,45.0,1.7192330360412598,0.0001,11672,-0.004454848018212942,-0.043388496542320354,7.045729589648545,0.6360673606395721,0.2,0.010731004,-19.425643687099218,0.021240234375
748032,1767,1276.5,0,1,45.0,1.34270179271698,0.0001,11680,-0.00948341032199096,-0.04957201474098838,5.428096605464816,0.5221815705299377,0.2,0.00398336,-16.415203294008972,0.028076171875
748544,1362,1320.5,0,1,45.0,1.5433454513549805,0.0001,11688,-0.008897512598196045,-0.06249884146382101,5.720493462868035,0.5627914667129517,0.2,0.01670424,-13.97612944073975,0.04345703125
749056,1786,1300.0,0,1,45.0,0.8720529079437256,0.0001,11696,-0.006231229257537052,-0.05580534418550087,5.093524196185172,0.43128716945648193,0.2,0.01395954,-12.214811743125319,0.041748046875
749568,1790,1313.0,0,1,45.0,0.8557673096656799,0.0001,11704,-0.005652883788570762,-0.044710329799272586,6.06660486664623,0.12500619888305664,0.2,0.008695452,-11.878712226822973,0.025634765625
750080,1881,1338.5,0,1,45.0,0.7780073881149292,0.0001,11712,-0.008388564128836151,-0.0630092302817502,5.973653548397124,0.18227839469909668,0.2,0.015198259,-11.909673140645028,0.041015625
750592,1818,1386.5,0,1,45.0,0.7136791348457336,0.0001,11720,-0.005451271448691841,-0.06725537831880501,4.287888171616942,0.3241247534751892,0.2,0.00513269,-11.590362747237087,0.030029296875
751104,1991,1386.5,0,1,45.0,1.4425609111785889,0.0001,11728,-0.0031928669559420086,-0.03272226192348171,3.712841316126287,0.14494538307189941,0.2,0.026309652,-11.731264793872834,0.02392578125
751616,1972,1375.0,0,1,45.0,0.865000307559967,0.0001,11736,-0.0023813666266505606,-0.03511153352155816,2.8938109669834375,0.4925466775894165,0.2,0.012168612,-11.660211300179363,0.01123046875
752128,1894,1384.0,0,1,45.0,0.8856804966926575,0.0001,11744,-0.007295093048014678,-0.04979481619375292,2.81709473580122,0.21111899614334106,0.2,0.009271383,-12.08496101424098,0.0302734375
752640,1867,1350.5,0,1,45.0,2.141855239868164,0.0001,11752,-0.005767277376435231,-0.04603461639635498,4.832083740271628,0.04039454460144043,0.2,0.019889666,-12.525848039463163,0.029541015625
753152,1404,1375.0,0,1,45.0,0.2109818011522293,0.0001,11760,-0.0037047497608000413,-0.03460814773643506,1.9938161585014313,0.35493993759155273,0.2,0.00408874,-13.466793651878834,0.015625
753664,1792,1428.5,0,1,45.0,0.2794794738292694,0.0001,11768,-0.005184358280530432,-0.04278486472321674,2.430127143394202,0.41327184438705444,0.2,0.0058277147,-13.800641876012087,0.011962890625
754176,1921,1380.5,0,1,45.0,0.4130973219871521,0.0001,11776,-0.004686157823016401,-0.03264582062547561,1.5441304029664025,0.31991273164749146,0.2,0.0061468193,-14.446745572313667,0.0166015625
754688,1928,1418.0,0,1,45.0,0.17073491215705872,0.0001,11784,-0.006592570385691943,-0.03365559832309373,3.7200857289135456,0.35271286964416504,0.2,0.003583374,-14.300270279571414,0.01708984375
755200,1889,1382.5,0,1,45.0,0.13256549835205078,0.0001,11792,-0.008165457016730215,-0.03404903113550972,1.5020589128835127,0.4761847257614136,0.2,0.012961138,-13.79997610554099,0.0244140625
755712,2157,1346.0,0,1,45.0,0.23535293340682983,0.0001,11800,-0.0012388735012791585,-0.04217524886189494,1.380587415304035,0.5164592862129211,0.2,0.00057936134,-13.210754914171993,0.0048828125
756224,1875,1306.5,0,1,45.0,0.38953009247779846,0.0001,11808,-0.007031429457128979,-0.03888329866458662,1.9132746616378427,0.5974063873291016,0.2,0.009906679,-13.096206929050386,0.02734375
756736,2016,1256.0,0,1,45.0,0.5872284770011902,0.0001,11816,-0.003409233053389471,-0.03680685664585326,2.794869434321299,0.5262440741062164,0.2,0.00532008,-12.11141112525016,0.014404296875
757248,1879,1233.0,0,1,45.0,0.28975021839141846,0.0001,11824,-0.005918442184338346,-0.025447891843214165,1.7193234008154832,0.5188259482383728,0.2,0.008025047,-11.228788213841618,0.0185546875
757760,1479,1251.0,0,1,45.0,0.11074825376272202,0.0001,11832,-0.006409331181203015,-0.03362430940615013,1.0571398959727958,0.6664444208145142,0.2,0.034483973,-10.580823254548013,0.0205078125
758272,1821,1252.5,0,1,45.0,0.1539859026670456,0.0001,11840,-0.0027195444163226057,-0.09645362113951705,1.5703686049673706,0.6370093822479248,0.2,0.11075121,-9.719563990570604,0.072509765625
758784,1983,1233.0,0,1,45.0,25.12864112854004,0.0001,11848,-0.019300520223623607,-0.2825643416726962,79.40823800861835,0.3567414879798889,0.2,0.006914088,-13.527374822832645,0.193115234375
759296,1836,1216.5,0,1,45.0,25.64834213256836,0.0001,11856,-0.014644486909674015,-0.36188916908577085,102.86462593078613,0.3491303324699402,0.2,0.009217991,-19.024824313260616,0.260009765625
759808,1815,1244.5,0,1,45.0,22.852863311767578,0.0001,11864,-0.017518893808301073,-0.2918118779780343,60.27272807061672,0.5184603631496429,0.2,0.010191385,-23.366730461753903,0.17578125
760320,2269,1240.5,0,1,45.0,11.294050216674805,0.0001,11872,-0.01531282375981391,-0.17610980657627806,23.168192971497774,0.6467135548591614,0.2,0.027798738,-26.191653644517064,0.1181640625
760832,1817,1266.0,0,1,45.0,6.066153049468994,0.0001,11880,-0.030878411096637137,-0.10510645720933098,15.924834992736578,0.40177345275878906,0.2,0.17884615,-28.80293257176876,0.09130859375
761344,1951,1275.5,0,1,45.0,2.042475700378418,0.0001,11888,-0.0038055933691794053,-0.03422693365064333,5.90260814409703,0.7021819651126862,0.2,0.003182063,-29.365882641896604,0.01220703125
761856,1825,1289.5,0,1,45.0,1.281023383140564,0.0001,11896,-0.0034964267833856866,-0.03049546111287782,6.285688723437488,0.6573925614356995,0.2,0.003180685,-29.638339645937084,0.014404296875
762368,1445,1289.0,0,1,45.0,1.0590821504592896,0.0001,11904,-0.004471315591217717,-0.031839136656344635,5.169554919935763,0.7386158406734467,0.2,0.0059324456,-29.514439473748208,0.013916015625
762880,1747,1255.0,0,1,45.0,0.7316199541091919,0.0001,11912,-0.002534275310608791,-0.025722221380419796,3.596238726750016,0.8063378781080246,0.2,0.0034139457,-28.486365673244,0.0107421875
763392,1781,1327.5,0,1,45.0,1.5427542924880981,0.0001,11920,-0.004740053871501004,-0.031727164692711085,5.461447984911501,0.6625676453113556,0.2,0.007334501,-24.023824217692017,0.01953125
763904,1764,1332.0,0,1,45.0,0.8122477531433105,0.0001,11928,-0.00609527272899868,-0.037129655698663555,3.887822416611016,0.7007961869239807,0.2,0.006067831,-18.2260717882216,0.020751953125
764416,1912,1331.5,0,1,45.0,1.1440263986587524,0.0001,11936,-0.005648172755172709,-0.02785647537530167,4.5537777277641,0.5638569891452789,0.2,0.0041563227,-14.593259976357222,0.01953125
764928,1896,1363.5,0,1,45.0,0.43417418003082275,0.0001,11944,-0.0012762776168528944,-0.0264905052154063,2.519717317773029,0.6719799339771271,0.2,0.007695305,-12.180089879333973,0.010986328125
765440,1670,1389.0,0,1,45.0,0.5341615676879883,0.0001,11952,-0.006495003319287207,-0.042143772188865114,3.09125186316669,0.4357609152793884,0.2,0.014910752,-10.750490371733903,0.0302734375
765952,1721,1422.0,0,1,45.0,0.8359938859939575,0.0001,11960,-0.008796065361821093,-0.04822222095754114,3.2711794008500874,0.32411038875579834,0.2,0.015150152,-11.478141661733389,0.035888671875
766464,1352,1450.0,0,1,45.0,0.67506343126297,0.0001,11968,-0.0069096772458578926,-0.042638212456949987,4.051082089077681,0.40688467025756836,0.2,0.016107304,-12.033044079095125,0.03125
766976,1862,1481.0,0,1,45.0,0.696968138217926,0.0001,11976,-0.005672339735610876,-0.0344681682800001,3.252522020135075,0.3559117317199707,0.2,0.013660269,-13.122586303278803,0.019775390625
767488,1912,1430.0,0,1,45.0,0.4848741590976715,0.0001,11984,-0.006165591454191599,-0.022379450496373465,3.043259651400149,0.11858803033828735,0.2,0.017530935,-14.12037893883884,0.02099609375
768000,1939,1399.0,0,1,45.0,0.8399081826210022,0.0001,11992,-0.005453455516544636,-0.027613338268565712,3.1952830171212554,0.21262627840042114,0.2,0.004022534,-15.021376529633999,0.015380859375
768512,1893,1407.0,0,1,45.0,0.5187197327613831,0.0001,12000,-0.004627695430826861,-0.023420904704835266,2.930925592780113,0.01898360252380371,0.2,0.005758826,-14.956191092804074,0.012939453125
769024,1980,1386.5,0,1,45.0,0.4143979251384735,0.0001,12008,-0.0018476363547961228,-0.012924673577799695,2.628799505997449,0.3856431841850281,0.2,0.0007528432,-14.530125893056393,0.004150390625
769536,2040,1354.5,0,1,45.0,0.7663845419883728,0.0001,12016,-0.003391100952285342,-0.018064589727146085,3.143867988139391,0.31228482723236084,0.2,0.0032836567,-13.984592984691263,0.009765625
770048,2064,1288.0,0,1,45.0,0.6006978154182434,0.0001,12024,-0.0020825982610404026,-0.014960200576751959,2.0845207795500755,0.6930924952030182,0.2,0.005585231,-12.959296676144003,0.0078125
770560,1917,1235.0,0,1,45.0,0.4390513002872467,0.0001,12032,-0.005177964430913562,-0.024932683856604854,1.9906570469029248,0.15920275449752808,0.2,0.014238408,-11.488361734449864,0.016845703125
771072,1995,1204.0,0,1,45.0,0.2146608531475067,0.0001,12040,-0.003251655951316934,-0.021521839786146302,1.832547660684213,0.575147956609726,0.2,0.0040238085,-10.495122259780764,0.01025390625
771584,1837,1179.0,0,1,45.0,0.24746201932430267,0.0001,12048,-0.006811216841015266,-0.023357668302196544,1.1724580259178765,0.5900577306747437,0.2,0.020690296,-9.740429244339467,0.021728515625
772096,1911,1234.5,0,1,45.0,0.07859974354505539,0.0001,12056,-0.003315955373182078,-0.01801711864754907,1.2683601948665455,0.7489776015281677,0.2,0.021160971,-8.890037595555187,0.008056640625
772608,1922,1215.5,0,1,45.0,0.13218802213668823,0.0001,12064,-0.00540584866394056,-0.02503729678937816,1.1218898692750372,0.6789456605911255,0.2,0.014271235,-8.481626829952,0.01416015625
773120,1846,1239.0,0,1,45.0,0.18825386464595795,0.0001,12072,-0.002708189917029813,-0.014771298647247022,1.0835687388898805,0.6764135956764221,0.2,0.0032979175,-8.975614771693945,0.007568359375
773632,2018,1265.0,0,1,45.0,0.1703033149242401,0.0001,12080,-0.004218988975480897,-0.01849251258681761,1.4322316095931455,0.6710099577903748,0.2,0.0020148824,-9.468807833194733,0.00927734375
774144,1867,1264.5,0,1,45.0,0.4513629078865051,0.0001,12088,-0.0031825655605643988,-0.01901706309945439,1.5191308103967458,0.6380623281002045,0.2,0.008510056,-10.586885459944606,0.009765625
774656,1857,1372.5,0,1,45.0,0.24301019310951233,0.0001,12096,-0.004952549541485496,-0.03427635730986367,1.1154041780391708,0.7206409275531769,0.2,0.0104444465,-12.157175213620066,0.01904296875
775168,1800,1384.0,0,1,45.0,0.41570425033569336,0.0001,12104,-0.003564222170098219,-0.0377191279148974,1.9834675297606736,0.18766844272613525,0.2,0.0069912923,-13.387898607775568,0.019775390625
775680,1430,1417.0,0,1,45.0,0.3900468349456787,0.0001,12112,-0.005710066136543901,-0.036015916095493594,1.4037161241285503,0.544705867767334,0.2,0.008532597,-14.77887899979949,0.026611328125
776192,1755,1416.5,0,1,45.0,0.20964600145816803,0.0001,12120,-0.0046698184614797356,-0.033211673702680855,1.3210992063977756,0.5149894058704376,0.2,0.0065500294,-15.286535099819302,0.024658203125
776704,1862,1461.0,0,1,45.0,0.12145005166530609,0.0001,12128,-0.000870534851856064,-0.013072638701487449,1.8482429434079677,0.4435572028160095,0.2,0.0031474747,-15.977494704201817,0.010009765625
777216,1692,1461.0,0,1,45.0,0.3376019299030304,0.0001,12136,-0.004883682555373525,-0.030645823218947044,2.3926424633245915,0.3162565231323242,0.2,0.0036909697,-15.981322611644863,0.012451171875
777728,1811,1436.0,0,1,45.0,0.34735867381095886,0.0001,12144,-0.002056357807305176,-0.020199114567731158,1.8338997778482735,0.5891433954238892,0.2,0.009356325,-15.641595118641852,0.010009765625
778240,1922,1434.0,0,1,45.0,1.548241376876831,0.0001,12152,-0.019992763020127313,-0.05262068536649167,3.7357880477793515,0.5267236232757568,0.2,0.08811745,-15.24757360495627,0.0380859375
778752,1783,1412.5,0,1,45.0,0.5098503828048706,0.0001,12160,-0.0029078329243930057,-0.02281552134809317,1.8740317835472524,0.5279463529586792,0.2,0.0023250296,-13.538956446275115,0.00830078125
779264,2005,1367.0,0,1,45.0,0.35794058442115784,0.0001,12168,-0.005590917626250302,-0.03963292803018703,2.3878051000647247,0.48502683639526367,0.2,0.0056934087,-12.09493855021894,0.0146484375
779776,1680,1388.0,0,1,45.0,0.24479539692401886,0.0001,12176,-0.003929720165615436,-0.037065637290652376,2.1051216409541667,0.363053560256958,0.2,0.014104277,-10.664969483688473,0.014892578125
780288,1460,1409.5,0,1,45.0,0.16863107681274414,0.0001,12184,-0.0036198942980263382,-0.04677663952315925,1.5876284984406084,0.7260627150535583,0.2,0.003359141,-9.15979363784194,0.021728515625
780800,1827,1398.0,0,1,45.0,0.46130889654159546,0.0001,12192,-0.007861086472985335,-0.042141782796534244,1.881926919799298,0.44167381525039673,0.2,0.010543162,-8.509435982108116,0.02783203125
781312,1932,1376.5,0,1,45.0,0.14402028918266296,0.0001,12200,-0.0024536245109629817,-0.020010904208902502,0.8479013935429975,0.5191045105457306,0.2,0.002710334,-7.915149331316352,0.0078125
781824,1901,1345.5,0,1,45.0,0.13748855888843536,0.0001,12208,-0.003997884225100279,-0.03982393916157889,1.4827557348180562,0.4691089391708374,0.2,0.0037192993,-8.103451462462544,0.018310546875
782336,1806,1346.0,0,1,45.0,0.08680924028158188,0.0001,12216,-0.004619044411811046,-0.034347138869634364,1.0117606510175392,0.5639106035232544,0.2,0.0047495198,-8.506625068336724,0.020263671875
782848,2012,1372.0,0,1,45.0,0.5804710388183594,0.0001,12224,-0.009183733040117659,-0.04340666868665721,1.8065239789430052,0.5345893502235413,0.2,0.007795984,-9.93567601017654,0.030517578125
783360,1922,1347.5,0,1,45.0,0.20793381333351135,0.0001,12232,-0.006758254536180175,-0.028842604291639873,1.3664618666516617,0.5925273597240448,0.2,0.0024679494,-11.317717539966106,0.014404296875
783872,2109,1307.5,0,1,45.0,0.6454563736915588,0.0001,12240,-0.008053043380641611,-0.053141645024879836,2.867527160560712,0.3531571626663208,0.2,0.004528223,-12.904380353093147,0.025146484375
784384,1434,1308.0,0,1,45.0,0.20474907755851746,0.0001,12248,-0.005542584251088556,-0.02429510306683369,1.3502944076317362,-0.7627736330032349,0.2,0.010346946,-13.995234710723162,0.02392578125
784896,2019,1252.0,0,1,45.0,0.29635918140411377,0.0001,12256,-0.005574191236519255,-0.022969482617554604,1.043019040953368,0.5510079860687256,0.2,0.005037856,-14.626603201925754,0.015380859375
785408,1799,1234.0,0,1,45.0,0.0522991418838501,0.0001,12264,-0.006220704628503881,-0.02585022143466631,1.0720848672208376,0.5533666014671326,0.2,0.011849983,-14.889251172095538,0.017333984375
785920,1813,1262.5,0,1,45.0,0.06096507981419563,0.0001,12272,-0.0034827723575290293,-0.015602855553879635,0.7787489360198379,0.5335753262042999,0.2,0.009788401,-14.58778811365366,0.011474609375
786432,1904,1283.0,0,1,45.0,0.15206098556518555,0.0001,12280,-0.005359433622288634,-0.034560638770926744,1.6983350188820623,0.5149983167648315,0.2,0.019903397,-13.913343012407422,0.02001953125
786944,1907,1280.5,0,1,45.0,0.21905392408370972,0.0001,12288,-0.0025058407918550074,-0.0223769179701776,0.7610666272521485,0.6711448132991791,0.2,0.010136063,-12.965352388098836,0.013427734375
787456,2022,1256.5,0,1,45.0,0.15948714315891266,0.0001,12296,-0.0014857331516395789,-0.013065880124486284,1.0156139918253757,0.6171416342258453,0.2,0.0025711358,-11.732415052950381,0.005126953125
787968,1994,1267.0,0,1,45.0,0.06800244003534317,0.0001,12304,-0.0070914174866629764,-0.025986387277953327,0.8699543183320202,0.6750923991203308,0.2,0.021131977,-10.830180563479662,0.02099609375
788480,1836,1320.5,0,1,45.0,0.4016089141368866,0.0001,12312,-0.008507400889357086,-0.04361054658511421,1.5731702697230503,0.45990365743637085,0.2,0.011761062,-10.105714383497833,0.028076171875
788992,1914,1295.5,0,1,45.0,0.08575238287448883,0.0001,12320,-0.004148299063672312,-0.03859206138076843,0.9960691820597276,0.6017351150512695,0.2,0.008548636,-9.578080393001438,0.020263671875
789504,1747,1323.0,0,1,45.0,0.677133321762085,0.0001,12328,-0.0047417628520634025,-0.027059221589297522,1.5382456516381353,0.42678046226501465,0.2,0.015853163,-9.940154533684254,0.01904296875
790016,1875,1302.0,0,1,45.0,7.0819525718688965,0.0001,12336,-0.010660146639565937,-0.04317248231382109,19.22708683181554,0.1491524577140808,0.2,0.012778217,-10.357873372733593,0.02783203125
790528,1909,1286.0,0,1,45.0,0.03450298309326172,0.0001,12344,-0.002691722835152177,-0.025925711077434244,1.3492695000604726,0.4759203791618347,0.2,0.007843987,-10.75035294227302,0.009765625
791040,1891,1271.0,0,1,45.0,0.08909037709236145,0.0001,12352,-0.0024314824950124603,-0.03270659987356339,0.8155216447776183,0.731138288974762,0.2,0.017130483,-11.117965528666973,0.01953125
791552,1997,1240.5,0,1,45.0,0.26948559284210205,0.0001,12360,-0.0044366257134242915,-0.023144738081100513,1.036330358707346,0.6238966286182404,0.2,0.0033619874,-11.424587979316712,0.01611328125
792064,2110,1258.5,0,1,45.0,0.07372674345970154,0.0001,12368,-0.004506763245444745,-0.023966990349435946,0.8286584590096027,0.6040461957454681,0.2,0.010389661,-12.136982151791454,0.01220703125
792576,1896,1252.5,0,1,45.0,0.17182566225528717,0.0001,12376,-0.0050373517733532935,-0.037011288113717455,1.5427018655464053,0.6662247180938721,0.2,0.013470735,-12.553765828236937,0.015869140625
793088,1804,1232.5,0,1,45.0,0.5851660370826721,0.0001,12384,-0.005931249506829772,-0.046950397081673145,2.389974066056311,0.44108980894088745,0.2,0.0029413593,-12.57970571026206,0.021484375
793600,1438,1244.5,0,1,45.0,0.31570789217948914,0.0001,12392,-0.004819347966986243,-0.024672054605616722,1.1573720672167838,0.6889208555221558,0.2,0.009267561,-12.624018067792058,0.013671875
794112,1777,1241.0,0,1,45.0,0.29186683893203735,0.0001,12400,-0.0011169415884069167,-0.029309497027497855,2.1246339140925556,0.7472540140151978,0.2,0.0070927944,-11.773230101242662,0.014892578125
794624,1861,1287.5,0,1,45.0,0.11825504153966904,0.0001,12408,-0.005019011652620975,-0.019695450197104947,1.670832265052013,0.6548299789428711,0.2,0.037788592,-11.750873709470033,0.015625
795136,1879,1287.5,0,1,45.0,0.1327669620513916,0.0001,12416,-0.006239725240448024,-0.030173544899298577,1.053442161413841,0.6530461013317108,0.2,0.009194422,-11.618949121758341,0.017333984375
795648,1861,1330.0,0,1,45.0,0.10536828637123108,0.0001,12424,-0.007805597968399525,-0.038445426427642815,0.5701334807090461,0.8286980986595154,0.2,0.041085586,-11.693301928490401,0.022705078125
796160,1880,1339.0,0,1,45.0,0.1575920432806015,0.0001,12432,-0.005588884960161522,-0.0262340253639195,1.69606144039426,0.508981317281723,0.2,0.010365855,-11.844605598375201,0.023193359375
796672,1614,1343.0,0,1,45.0,2.5254664421081543,0.0001,12440,-0.0108018249302404,-0.056725732069935475,6.836624376708642,0.2657659649848938,0.2,0.006104018,-12.09281360566616,0.031982421875
797184,1652,1424.0,0,1,45.0,0.7019563317298889,0.0001,12448,-0.004617947895894758,-0.06309947332192678,7.665415905416012,0.33061105012893677,0.2,0.008219533,-12.439495907872915,0.029296875
797696,1344,1414.5,0,1,45.0,0.7584599852561951,0.0001,12456,-0.0025785062243812717,-0.04237153992289677,2.7719146832823753,-0.7125208377838135,0.2,0.0071841166,-12.86187992759049,0.01318359375
798208,1718,1415.0,0,1,45.0,0.13699491322040558,0.0001,12464,-0.004877054379903711,-0.027062968749305583,1.672079125768505,0.24698519706726074,0.2,0.006943749,-12.991745558604599,0.016845703125
798720,1701,1411.5,0,1,45.0,0.30559107661247253,0.0001,12472,-0.00655381049728021,-0.03534320028484217,1.4208557929378003,0.16462528705596924,0.2,0.012578178,-13.20030977204442,0.025390625
799232,1903,1407.0,0,1,45.0,0.22519734501838684,0.0001,12480,-0.005161377339391038,-0.025469642967436812,1.302446301560849,0.17050188779830933,0.2,0.020672677,-13.2007293587178,0.015625
799744,1905,1390.0,0,1,45.0,0.2866303324699402,0.0001,12488,-0.006052512599126203,-0.06076347636553692,1.8452945270109922,0.49819695949554443,0.2,0.019629532,-13.390831705518067,0.03076171875
800256,1891,1384.5,0,1,45.0,0.24563394486904144,0.0001,12496,-0.006065338813641574,-0.043271131780784344,1.3278017290867865,0.478352427482605,0.2,0.004493573,-13.111926380209624,0.01904296875
800768,1965,1433.0,0,1,45.0,0.17103949189186096,0.0001,12504,-0.004154954818659462,-0.034708565156506666,0.9613680863985792,0.5831279754638672,0.2,0.008820886,-12.564886045865714,0.021240234375
801280,1694,1481.5,0,1,45.0,0.13334494829177856,0.0001,12512,-0.00438096316793235,-0.032820514486047614,1.5975900338962674,0.1247205138206482,0.2,0.044328224,-11.5736769470945,0.028076171875
801792,1877,1410.0,0,1,45.0,0.7972341775894165,0.0001,12520,-0.006079422924813116,-0.06369455024469062,4.627051942516118,0.3511770963668823,0.2,0.005332226,-11.071756514571607,0.0341796875
802304,1452,1400.5,0,1,45.0,0.15009579062461853,0.0001,12528,-0.006828791956650093,-0.04504309673939133,1.8496324447914958,-0.3195403814315796,0.2,0.0054225284,-10.359508240111172,0.0234375
802816,1842,1411.5,0,1,45.0,0.06913082301616669,0.0001,12536,-0.00751172660238808,-0.02932098765268165,0.8915303615503944,0.05870711803436279,0.2,0.005368904,-9.918578971661628,0.0166015625
803328,1848,1422.0,0,1,45.0,0.29815730452537537,0.0001,12544,-0.005038007366238162,-0.028161629325950344,0.9112857604923192,0.6547164022922516,0.2,0.011319869,-9.590136541165412,0.016357421875
803840,1880,1441.0,0,1,45.0,0.0977773517370224,0.0001,12552,-0.002486164739821106,-0.02535205601088819,0.6800417238264345,0.664635181427002,0.2,0.004651731,-9.626603160165251,0.015869140625
804352,1887,1468.0,0,1,45.0,0.16406145691871643,0.0001,12560,-0.005782906286185607,-0.040348597287447774,1.6458965487545356,0.6095020174980164,0.2,0.008828038,-9.636062782630324,0.0185546875
804864,1950,1498.0,0,1,45.0,0.11737891286611557,0.0001,12568,-0.006396968219632981,-0.027678980499331374,0.7758912590797991,0.5850676596164703,0.2,0.0029751626,-9.979018711149692,0.016845703125
805376,1923,1450.5,0,1,45.0,0.08868373930454254,0.0001,12576,-0.003338856669870438,-0.029425089624055545,0.7312849311856553,0.6469612717628479,0.2,0.014469088,-10.618932176083327,0.021240234375
805888,1860,1433.0,0,1,45.0,0.36923348903656006,0.0001,12584,-0.008026785937545355,-0.02613564410876279,2.9423877764493227,0.5170667469501495,0.2,0.014865394,-11.579631210491062,0.023681640625
806400,1990,1416.5,0,1,45.0,0.19181481003761292,0.0001,12592,-0.0071834258051239885,-0.04261976421003055,2.183255367446691,0.4541095495223999,0.2,0.015511575,-12.149283784255385,0.024658203125
806912,1470,1395.0,0,1,45.0,0.08905035257339478,0.0001,12600,-0.0028194879414513707,-0.021431948082863528,0.8210312936280388,-0.23764681816101074,0.2,0.009086683,-12.734929637759924,0.011962890625
807424,1925,1377.0,0,1,45.0,0.013837059959769249,0.0001,12608,-0.006002058926242171,-0.02608950846024527,0.7156857560621575,0.423273503780365,0.2,0.023567887,-13.465700948685408,0.0185546875
807936,1747,1404.5,0,1,45.0,0.0753885805606842,0.0001,12616,-0.0035476134944474325,-0.024370311073198536,0.6183052234118804,0.6351032257080078,0.2,0.0040909285,-13.664925838410854,0.01025390625
808448,1813,1443.5,0,1,45.0,0.11555063724517822,0.0001,12624,-0.007506735411880072,-0.029852949975975207,0.8850985525059514,0.41100770235061646,0.2,0.007324271,-13.541033130176366,0.025390625
808960,1865,1437.5,0,1,45.0,0.068810373544693,0.0001,12632,-0.008540362337953411,-0.05068112184017082,0.9719906456302851,0.6375616788864136,0.2,0.013264414,-13.057959240414203,0.028564453125
809472,1945,1396.5,0,1,45.0,0.15508650243282318,0.0001,12640,-0.006191308930283412,-0.030911753338841663,0.5948635829845443,0.6917216181755066,0.2,0.014812357,-12.365387541092932,0.018310546875
809984,1922,1370.5,0,1,45.0,0.07871343195438385,0.0001,12648,-0.0036814511249758652,-0.03714276929940752,0.8763370350352488,0.47428518533706665,0.2,0.0058605755,-11.440683135278523,0.021728515625
810496,1866,1362.0,0,1,45.0,0.10127847641706467,0.0001,12656,-0.0056622745214554016,-0.03239621998318398,0.9507780982530676,0.6655033528804779,0.2,0.013804616,-10.598928120024503,0.022216796875
811008,1883,1366.5,0,1,45.0,0.2025177925825119,0.0001,12664,-0.008783740006037988,-0.04888979195720822,1.5493477620184422,0.5070533156394958,0.2,0.0073634684,-9.920416934676469,0.023681640625
811520,1928,1382.0,0,1,45.0,0.9921024441719055,0.0001,12672,-0.011684800971124787,-0.06344007738516666,6.239706458058208,0.14233946800231934,0.2,0.024748057,-10.281435039229692,0.05615234375
812032,1820,1381.0,0,1,45.0,0.39742279052734375,0.0001,12680,-0.006056644539057743,-0.032807564188942706,1.6766416986938566,0.5393186807632446,0.2,0.010703938,-9.913342038728297,0.027099609375
812544,1851,1358.5,0,1,45.0,0.3993549048900604,0.0001,12688,-0.005512126143003115,-0.03812798510443827,1.9847756002563983,0.7280357182025909,0.2,0.004491932,-9.986019481159747,0.02001953125
813056,1884,1336.5,0,1,45.0,0.4392525851726532,0.0001,12696,-0.00989604949427303,-0.057560774714147556,3.4548180291894823,0.532928079366684,0.2,0.012237754,-10.676939448490739,0.028564453125
813568,1901,1294.5,0,1,45.0,0.4706060588359833,0.0001,12704,-0.007899374097178224,-0.05314677209389629,2.9724160241894424,0.4639585614204407,0.2,0.0048912615,-11.752333142161369,0.033203125
814080,1990,1312.0,0,1,45.0,0.3029564917087555,0.0001,12712,-0.00725292934657773,-0.04726132309951936,2.405840552179143,0.6100389957427979,0.2,0.016583815,-13.256112778484821,0.023681640625
814592,1945,1325.5,0,1,45.0,0.018801353871822357,0.0001,12720,-0.007718449407548178,-0.027752155464440875,0.9192479661433026,0.3799249529838562,0.2,0.013056413,-14.525766110792755,0.021484375
815104,1773,1373.5,0,1,45.0,0.18345850706100464,0.0001,12728,-0.009575473977747606,-0.04057210964674596,1.4073602888383903,0.5294375419616699,0.2,0.027726412,-15.88884891577065,0.03564453125
815616,1484,1411.0,0,1,45.0,0.6160547137260437,0.0001,12736,-0.00910043250041781,-0.06903744206829288,5.275696317199618,0.3564871549606323,0.2,0.009258942,-16.905840657129882,0.04248046875
816128,1835,1404.5,0,1,45.0,0.24839209020137787,0.0001,12744,-0.007358616687270114,-0.03666169966345478,2.221452281344682,0.2512803077697754,0.2,0.003550187,-16.950875529944895,0.021240234375
816640,1802,1384.5,0,1,45.0,0.38316237926483154,0.0001,12752,-0.007963644617120735,-0.05189777283158037,2.3855877444148064,0.3932764530181885,0.2,0.005856982,-16.963403484374286,0.0302734375
817152,1890,1384.5,0,1,45.0,0.43900156021118164,0.0001,12760,-0.005300807530147722,-0.047384978579430026,2.1807553241960704,0.1948445439338684,0.2,0.0064526997,-16.712521872073413,0.01806640625
817664,1814,1407.0,0,1,45.0,0.7809041142463684,0.0001,12768,-0.0136321230475005,-0.06297174120390991,5.099933777935803,0.33208757638931274,0.2,0.012995616,-16.23491795025766,0.04150390625
818176,1868,1406.5,0,1,45.0,0.5591813325881958,0.0001,12776,-0.007282392427441664,-0.06469844155071769,3.3628314500674605,0.5242085456848145,0.2,0.012324873,-15.084811916351319,0.041015625
818688,2049,1408.5,0,1,45.0,0.3544185161590576,0.0001,12784,-0.0055406859391951,-0.0432540712708942,2.2551116531249136,0.33415740728378296,0.2,0.006573577,-13.584553078189492,0.021240234375
819200,1877,1361.0,0,1,45.0,0.4309508502483368,0.0001,12792,-0.006630356685491279,-0.036179375485517085,2.1454419465735555,0.5380516648292542,0.2,0.01058498,-11.886862418875099,0.02197265625
819712,2032,1324.0,0,1,45.0,0.3759939670562744,0.0001,12800,-0.008030527817027178,-0.075548844444711,3.3679132172837853,-0.10236382484436035,0.2,0.00505898,-10.394254851564765,0.025146484375
820224,1625,1257.0,0,1,45.0,0.3829622268676758,0.0001,12808,-0.005036449132603593,-0.0467138399653777,1.5457064256770536,0.26149022579193115,0.2,0.003815904,-9.383033744469286,0.0224609375
820736,1992,1187.0,0,1,45.0,0.43071243166923523,0.0001,12816,-0.011618090593401575,-0.05268584188161185,2.530598821816966,0.2921210527420044,0.2,0.006819691,-9.463354745283723,0.031005859375
821248,1827,1200.0,0,1,45.0,0.3025669753551483,0.0001,12824,-0.008278979563328903,-0.05034316689125262,1.8190365920308977,0.4745463728904724,0.2,0.005778329,-9.700662183687092,0.028076171875
821760,2033,1144.5,0,1,45.0,0.36295339465141296,0.0001,12832,-0.00473881654033903,-0.05669015903094987,1.820693085435778,0.30779755115509033,0.2,0.008265568,-10.163868132606149,0.0234375
822272,1925,1143.5,0,1,45.0,0.7636542320251465,0.0001,12840,-0.009885410538117867,-0.05527001573500456,2.5241813170723617,0.5446644425392151,0.2,0.011704519,-10.595982888638973,0.034912109375
822784,1884,1124.0,0,1,45.0,0.5104551911354065,0.0001,12848,-0.007170819866587408,-0.05545112678737496,2.069600897608325,0.46449047327041626,0.2,0.0042856233,-11.737027042731643,0.037841796875
823296,2037,1149.0,0,1,45.0,1.3664451837539673,0.0001,12856,-0.007389924139715731,-0.04834260861571238,3.6444772998802364,0.38860249519348145,0.2,0.0070508826,-13.15314536139369,0.033447265625
823808,1880,1158.0,0,1,45.0,0.34564629197120667,0.0001,12864,-0.005893111949262675,-0.043318844715031446,1.874742079526186,0.5618023872375488,0.2,0.0039725043,-14.546703696846961,0.018310546875
824320,1792,1153.0,0,1,45.0,0.41543230414390564,0.0001,12872,-0.009560287522617728,-0.0509432505859877,1.8644799101166427,0.371715784072876,0.2,0.010123318,-15.619451591670513,0.02294921875
824832,1378,1218.5,0,1,45.0,0.6569461822509766,0.0001,12880,-0.004985997951735044,-0.05609373243351001,3.6882752613164485,0.24701917171478271,0.2,0.0040765624,-16.294264593794942,0.019287109375
825344,1929,1246.0,0,1,45.0,0.6781821846961975,0.0001,12888,-0.009550439554004697,-0.07369513806770556,3.7770894279237837,0.022235870361328125,0.2,0.008847234,-16.639399944022298,0.033203125
825856,1813,1247.5,0,1,45.0,0.08963710069656372,0.0001,12896,-0.007284014336619293,-0.04498340975442261,1.073140094813425,0.4273974895477295,0.2,0.01278178,-16.69643639229238,0.0283203125
826368,1797,1282.0,0,1,45.0,0.32930460572242737,0.0001,12904,-0.008083445642114384,-0.04717204307235079,1.8919434817507863,0.29238373041152954,0.2,0.006124237,-16.783477822989227,0.026123046875
826880,1856,1245.0,0,1,45.0,0.5704576969146729,0.0001,12912,-0.007356508111115545,-0.07175157823803602,3.317179218865931,0.1761387586593628,0.2,0.016282657,-16.472192162945866,0.030029296875
827392,1987,1238.0,0,1,45.0,1.0836892127990723,0.0001,12920,-0.00689802015767782,-0.04731665696090204,3.9886390464380383,0.05201292037963867,0.2,0.0051890467,-16.4623689866066,0.019775390625
827904,2033,1215.0,0,1,45.0,0.44966402649879456,0.0001,12928,-0.008767245395574719,-0.04542652246709622,2.6672199754975736,0.4354049563407898,0.2,0.017425526,-15.78034929342568,0.03857421875
828416,1653,1296.5,0,1,45.0,0.6964457631111145,0.0001,12936,-0.008245578734204173,-0.03438102376367169,2.7077188286930323,0.27598947286605835,0.2,0.02541968,-14.919481400996446,0.02294921875
828928,1458,1253.0,0,1,45.0,0.46985724568367004,0.0001,12944,-0.006462173852924025,-0.04689629063432221,2.001135070808232,-0.001297593116760254,0.2,0.011977369,-13.890313641168177,0.02685546875
829440,1789,1272.0,0,1,45.0,0.10858261585235596,0.0001,12952,-0.006926061454578303,-0.03785036941917497,1.606310031376779,0.1636815071105957,0.2,0.020863295,-12.81498004835099,0.02587890625
829952,1903,1311.0,0,1,45.0,0.12552553415298462,0.0001,12960,-0.00510881931768381,-0.03209366833198146,1.7998442188836634,-0.060823798179626465,0.2,0.006329571,-11.535425955615938,0.02001953125
830464,1841,1311.5,0,1,45.0,0.08993390947580338,0.0001,12968,-0.005076649787952192,-0.027658817836709204,1.4615895816823468,0.3574742078781128,0.2,0.0070410683,-10.804197179563344,0.016357421875
830976,1396,1313.0,0,1,45.0,0.20317968726158142,0.0001,12976,-0.00612965448453906,-0.04441214625876455,0.9910840830998495,0.5632263422012329,0.2,0.013768906,-9.846814220137894,0.0302734375
831488,1817,1313.0,0,1,45.0,0.33559417724609375,0.0001,12984,-0.005048028480814537,-0.037325019090530986,1.2989739679032937,0.5608176589012146,0.2,0.010266698,-9.485582103468477,0.019775390625
832000,1965,1405.5,0,1,45.0,0.15525536239147186,0.0001,12992,-0.0047187801319523714,-0.02486672986742633,0.8355120304040611,0.6331750750541687,0.2,0.04217433,-9.046752577833832,0.018798828125
832512,2014,1326.0,0,1,45.0,0.134710893034935,0.0001,13000,-0.00561340155400103,-0.030956428567151306,0.9795759115368128,0.522033154964447,0.2,0.009977197,-9.169761399067939,0.015869140625
833024,1857,1259.5,0,1,45.0,0.20766106247901917,0.0001,13008,-0.0022782636151532643,-0.0315343604888767,1.013502891175449,0.6607584953308105,0.2,0.0038770754,-9.725883127860724,0.0166015625
833536,1522,1275.0,0,1,45.0,0.17710328102111816,0.0001,13016,-0.007062542776111513,-0.0578727643332968,1.8529393556527793,0.3504088521003723,0.2,0.00929425,-10.52531818151474,0.032470703125
834048,1757,1295.0,0,1,45.0,0.06376577913761139,0.0001,13024,-0.006976204749662429,-0.03101949204574339,0.6677810713881627,0.3275870084762573,0.2,0.011158599,-11.645552759096027,0.01806640625
834560,1767,1332.5,0,1,45.0,0.12709076702594757,0.0001,13032,-0.005023513742344221,-0.045661000309337396,0.6779474202194251,0.1931108832359314,0.2,0.01331442,-12.35398120895028,0.02392578125
835072,1797,1308.0,0,1,45.0,17.477169036865234,0.0001,13040,0.04299363538302714,-0.21991382160922512,62.54927782714367,0.2561655640602112,0.2,0.007885378,-17.02319375023246,0.25
835584,1872,1348.5,0,1,45.0,11.96631908416748,0.0001,13048,-0.018183931199018843,-0.2967385051306337,48.0429312735796,0.2951658368110657,0.2,0.012366312,-21.45057003520429,0.163818359375
836096,1782,1367.0,0,1,45.0,2.668302536010742,0.0001,13056,-0.012100672109227162,-0.18562087614554912,9.848756218329072,0.3994942307472229,0.2,0.01059139,-23.412994211688638,0.1044921875
836608,1876,1374.0,0,1,45.0,3.3119421005249023,0.0001,13064,-0.02635555992310401,-0.12267279101070017,15.64061333052814,0.4905271530151367,0.2,0.14649211,-25.528986231088638,0.08740234375
837120,2034,1372.5,0,1,45.0,1.592911720275879,0.0001,13072,-0.004405532075907104,-0.0497596741624875,5.118355986662209,0.1220969557762146,0.2,0.0035809283,-25.632785480320454,0.013427734375
837632,1875,1386.5,0,1,45.0,1.5159653425216675,0.0001,13080,-0.005747730137954932,-0.049229697993723676,4.979471001774073,0.2268485426902771,0.2,0.0074350634,-25.162837056070565,0.019775390625
838144,1781,1384.0,0,1,45.0,1.147506833076477,0.0001,13088,-0.007290539630048443,-0.04986029432620853,4.977263804525137,0.1716536283493042,0.2,0.007109119,-24.7658293774724,0.028564453125
838656,1761,1382.5,0,1,45.0,0.6905038356781006,0.0001,13096,-0.005948006524704397,-0.04699802194227232,4.377478759270161,0.1890028715133667,0.2,0.010743089,-24.145908969007433,0.021484375
839168,1919,1318.0,0,1,45.0,0.5965190529823303,0.0001,13104,-0.004943392923451029,-0.04490838298079325,3.7600856772623956,0.37726569175720215,0.2,0.009254834,-22.824374481998383,0.017578125
839680,1853,1304.0,0,1,45.0,0.33654704689979553,0.0001,13112,-0.006647447153227404,-0.04830927851435263,2.3121452550403774,0.2541482448577881,0.2,0.059896477,-18.065511911101638,0.023681640625
840192,1901,1281.5,0,1,45.0,0.5627059936523438,0.0001,13120,-0.00750695975148119,-0.0462504653914948,4.023196664638817,0.20904380083084106,0.2,0.008937795,-14.54899210330099,0.022216796875
840704,1807,1273.0,0,1,45.0,0.21022802591323853,0.0001,13128,-0.003957181645091623,-0.02426305989501998,2.0497789953369647,0.5196011066436768,0.2,0.001970382,-12.621383098475635,0.010498046875
841216,2125,1244.5,0,1,45.0,0.2767530083656311,0.0001,13136,-0.006261200258450117,-0.035198228506487794,4.710564809618518,0.4492669701576233,0.2,0.034082323,-11.127891506664454,0.0166015625
841728,1860,1318.5,0,1,45.0,0.14239716529846191,0.0001,13144,-0.004230849881423637,-0.02564943832476274,1.0095485395286232,0.5265429019927979,0.2,0.016806696,-11.109660652764141,0.01513671875
842240,1600,1270.0,0,1,45.0,0.12704183161258698,0.0001,13152,-0.0034515373554313555,-0.030759433469938813,0.9966578646562994,0.59747713804245,0.2,0.011740044,-11.429202676527202,0.01708984375
842752,1909,1227.5,0,1,45.0,0.11013735830783844,0.0001,13160,-0.00664235665317392,-0.0763175414831494,1.0484605848323554,-0.1366490125656128,0.2,0.13655502,-11.508130768202244,0.06396484375
843264,2036,1201.5,0,1,45.0,53.2698860168457,0.0001,13168,-0.0007569885565317236,-0.30299701599869877,258.7893877029419,0.06629985570907593,0.2,0.0017779312,-19.66716308698058,0.047119140625
843776,1866,1225.5,0,1,45.0,30.672361373901367,0.0001,13176,-0.002222005554358475,-0.35961096559185535,159.30434527993202,0.47112399339675903,0.2,0.011100035,-27.641786044389008,0.125
844288,1954,1211.0,0,1,45.0,37.510276794433594,0.0001,13184,-0.0023590761848026887,-0.3006304712034762,158.9589923620224,0.6106231212615967,0.2,0.0050612306,-34.48894532158971,0.0927734375
844800,1871,1207.5,0,1,45.0,13.427095413208008,0.0001,13192,-0.027447103784652427,-0.34973523672670126,108.76312190294266,0.5230526626110077,0.2,0.015059341,-40.059447677135466,0.256103515625
845312,1805,1209.5,0,1,45.0,36.269229888916016,0.0001,13200,-0.011465981020592153,-0.31410421687178314,124.59703654050827,0.5983282923698425,0.2,0.008720633,-46.37935179948807,0.132568359375
845824,2176,1239.5,0,1,45.0,11.483573913574219,0.0001,13208,-0.01499877773312619,-0.2605117363855243,36.82736738026142,0.6572270393371582,0.2,0.011087717,-49.77048158608377,0.10302734375
846336,1778,1249.0,0,1,45.0,14.242733001708984,0.0001,13216,-0.024585160754213575,-0.31290173158049583,38.66879944503307,0.5042725205421448,0.2,0.027493987,-54.04396819509566,0.22900390625
846848,1542,1263.5,0,1,45.0,6.893794536590576,0.0001,13224,-0.009040850334713468,-0.19402732164599001,22.615670055150986,0.695816695690155,0.2,0.0070073283,-55.30783283151686,0.060546875
847360,1892,1245.5,0,1,45.0,3.2252891063690186,0.0001,13232,-0.01630217301135417,-0.11472116693039425,14.04511584341526,0.7005216777324677,0.2,0.093921706,-55.3370182172209,0.075439453125
847872,1761,1291.0,0,1,45.0,3.6405398845672607,0.0001,13240,-0.0056095283580361865,-0.05675728167989291,15.954648487269878,0.6151190400123596,0.2,0.0066275094,-47.32890832588077,0.016357421875
848384,1889,1290.5,0,1,45.0,2.643470048904419,0.0001,13248,-0.01633648136339616,-0.06685683527030051,13.858198484405875,0.6772060692310333,0.2,0.0118383905,-40.01426894895732,0.04638671875
848896,1695,1318.0,0,1,45.0,3.341161012649536,0.0001,13256,-0.003064829004870262,-0.04118105451198062,16.739156112074852,0.6638152897357941,0.2,0.0033507857,-33.993979066684844,0.010986328125
849408,1882,1366.5,0,1,45.0,3.0406079292297363,0.0001,13264,-0.007337810719036497,-0.05478031475649914,11.781798217445612,0.4815106987953186,0.2,0.00750586,-28.31501911729574,0.02392578125
849920,1841,1390.5,0,1,45.0,4.466279983520508,0.0001,13272,-0.00265249986841809,-0.03184228881946183,16.342979960143566,0.4515158534049988,0.2,0.0009559345,-22.369909501820803,0.00927734375
850432,2038,1399.0,0,1,45.0,2.786262273788452,0.0001,13280,-0.0028339924610918388,-0.03969676711858483,12.730511594563723,0.2881954312324524,0.2,0.0044248835,-18.462526612728833,0.0126953125
850944,1853,1338.5,0,1,45.0,2.384268045425415,0.0001,13288,-0.004419885965035064,-0.03321359217079589,14.650797098875046,0.2140793800354004,0.2,0.0040122084,-14.316379274874926,0.0146484375
851456,1443,1349.5,0,1,45.0,3.176392078399658,0.0001,13296,-0.005222117470111698,-0.04693413655331824,12.157495887950063,-0.010763168334960938,0.2,0.0035671294,-12.848175477162004,0.020263671875
851968,1795,1384.5,0,1,45.0,1.8509671688079834,0.0001,13304,-0.005132345915626502,-0.04816381887940224,9.357527269050479,0.27589213848114014,0.2,0.0070518455,-11.61590746164322,0.021728515625
852480,1910,1371.5,0,1,45.0,0.9954450130462646,0.0001,13312,-0.0040943061831058,-0.033461129543866264,5.030216478742659,0.18464571237564087,0.2,0.00920101,-11.59214600764215,0.01806640625
852992,1769,1435.5,0,1,45.0,0.9651397466659546,0.0001,13320,-0.005351696167053888,-0.035795115152723156,4.0510036875493824,0.37679529190063477,0.2,0.022593614,-11.781966492384672,0.019775390625
853504,2015,1380.0,0,1,45.0,0.7521102428436279,0.0001,13328,-0.00688494569476461,-0.054803415514470544,4.490031400229782,0.25039833784103394,0.2,0.0086719915,-12.388439823761582,0.02734375
854016,1796,1314.5,0,1,45.0,0.4177480638027191,0.0001,13336,-0.004418707438162528,-0.039716812174447114,2.4720284892246127,0.46912068128585815,0.2,0.0075761518,-12.426241739317774,0.017578125
854528,2120,1263.5,0,1,45.0,0.9131996631622314,0.0001,13344,-0.006442391790187685,-0.06146890040690778,5.818513980135322,0.4363378882408142,0.2,0.013144627,-12.946826566308737,0.031494140625
855040,1898,1294.0,0,1,45.0,0.5756127238273621,0.0001,13352,-0.0038941163111303467,-0.025853687993731,2.8989932537078857,-0.35858631134033203,0.2,0.0027751047,-13.520992805287243,0.01220703125
855552,1472,1327.0,0,1,45.0,0.2931952476501465,0.0001,13360,-0.003434828315221239,-0.02826804905635072,1.997624913463369,0.12067967653274536,0.2,0.005648284,-13.979134231880307,0.0126953125
856064,1766,1336.5,0,1,45.0,0.35949215292930603,0.0001,13368,-0.008300710516778054,-0.04948315992078278,1.9860624982975423,0.37336641550064087,0.2,0.011243305,-14.291511792168022,0.028564453125
856576,1874,1359.0,0,1,45.0,0.648775577545166,0.0001,13376,-0.002418928030238021,-0.03084345300885616,2.621212929720059,0.42307621240615845,0.2,0.0028064311,-14.194551442004741,0.014404296875
857088,1719,1382.0,0,1,45.0,0.5340012907981873,0.0001,13384,-0.005145843293576036,-0.03762880182330264,2.159354651113972,0.4206806421279907,0.2,0.005083327,-14.146021430753171,0.017333984375
857600,1874,1381.0,0,1,45.0,0.5853873491287231,0.0001,13392,-0.004459465904801618,-0.03266209644789342,1.6406618733890355,0.49468570947647095,0.2,0.014000133,-14.389771593622863,0.02490234375
858112,1916,1397.0,0,1,45.0,0.3492259085178375,0.0001,13400,-0.0036490062266238965,-0.025315925217000768,2.120218093274161,0.39939093589782715,0.2,0.004986585,-14.676698712296783,0.01318359375
858624,1781,1440.0,0,1,45.0,0.34891703724861145,0.0001,13408,-0.0033076803374569863,-0.023060812120093033,1.3988156248815358,0.44639480113983154,0.2,0.0043214345,-14.560133850313724,0.012939453125
859136,2152,1415.0,0,1,45.0,0.6969872117042542,0.0001,13416,-0.006884733615152072,-0.049035511638066964,5.943611869122833,0.42522376775741577,0.2,0.0045112395,-14.44866980034858,0.02490234375
859648,1887,1395.0,0,1,45.0,0.363486647605896,0.0001,13424,-0.007961646282637957,-0.022136749497803976,2.411900171544403,0.023769795894622803,0.2,0.010952783,-14.093752107955515,0.0205078125
860160,1570,1370.0,0,1,45.0,0.28522756695747375,0.0001,13432,-0.002572622186562512,-0.02184490198669664,2.3509013715665787,-0.1941075325012207,0.2,0.012869232,-13.441887126602232,0.011962890625
860672,1939,1354.5,0,1,45.0,0.22479833662509918,0.0001,13440,-0.003944360185414553,-0.02163828693664982,1.6160614273976535,0.40779614448547363,0.2,0.0065956605,-12.921214250661432,0.013671875
861184,1849,1325.0,0,1,45.0,0.537846565246582,0.0001,13448,-0.0033389298332622275,-0.017265428079554113,1.7737528895959258,0.4774549603462219,0.2,0.0054852352,-12.32641153946519,0.009765625
861696,1888,1300.5,0,1,45.0,12.625764846801758,0.0001,13456,-0.008178854557627346,-0.04565612875012448,27.792165039107203,0.32290101051330566,0.2,0.008302206,-12.372407233566046,0.026123046875
862208,1944,1250.5,0,1,45.0,0.1357918530702591,0.0001,13464,-0.003998310272436356,-0.012647758163438994,1.8169791154796258,0.16857725381851196,0.2,0.0022133356,-11.853125657439232,0.005859375
862720,1879,1261.0,0,1,45.0,0.8951520919799805,0.0001,13472,-0.0024070064901025034,-0.02617216175349313,2.731962071848102,0.47911614179611206,0.2,0.0023785792,-11.398231745138764,0.011962890625
863232,2081,1208.0,0,1,45.0,0.1593591719865799,0.0001,13480,-0.0026621282813721336,-0.017820456940171425,1.0907983694924042,0.6218486428260803,0.2,0.0029668713,-11.0477876958251,0.00830078125
863744,2159,1224.5,0,1,45.0,0.2317809760570526,0.0001,13488,-0.006402871844329638,-0.02128895784881024,1.673642307636328,0.46019768714904785,0.2,0.010201897,-10.856344844400883,0.021240234375
864256,2079,1156.5,0,1,45.0,0.1546785831451416,0.0001,13496,-0.0028639697411563247,-0.019814727454104286,1.2891927080927417,0.5646636784076691,0.2,0.0007929858,-11.473147526979446,0.00634765625
864768,2049,1134.0,0,1,45.0,0.14984604716300964,0.0001,13504,-0.005251116135696066,-0.02863536775657849,1.8305494610685855,0.47950196266174316,0.2,0.00813973,-12.516179141327738,0.015869140625
865280,1807,1169.0,0,1,45.0,0.5246795415878296,0.0001,13512,-0.005178128958505113,-0.030550097490049666,2.509089816128835,0.5899953246116638,0.2,0.0073957923,-13.749562477171422,0.016357421875
865792,1892,1202.5,0,1,45.0,0.20882615447044373,0.0001,13520,-0.004451869495824212,-0.033599857339140726,1.4853137738537043,0.6100986897945404,0.2,0.012631951,-14.514280455335975,0.015625
866304,1860,1241.0,0,1,45.0,0.2729116678237915,0.0001,13528,-0.00396278993866872,-0.03170317954936763,2.038492173422128,0.5954316556453705,0.2,0.02120404,-14.712215508148073,0.014892578125
866816,1874,1256.0,0,1,45.0,0.19807948172092438,0.0001,13536,-0.004087149904080434,-0.031849732040427625,0.8855798827135004,0.7640891820192337,0.2,0.012424299,-15.138186148330568,0.010498046875
867328,1861,1255.5,0,1,45.0,0.2880476713180542,0.0001,13544,-0.0021352636322262697,-0.03663485606739414,1.1603247987222858,0.6728679537773132,0.2,0.014234658,-15.457897475361824,0.0166015625
867840,1933,1346.0,0,1,45.0,0.09539087116718292,0.0001,13552,-0.0031729537040519062,-0.03005045159807196,2.174274373333901,0.6838925778865814,0.2,0.0016681994,-15.849574193879961,0.0107421875
868352,2233,1346.5,0,1,45.0,0.28775858879089355,0.0001,13560,-0.0037007191858720034,-0.027743192775233183,1.465726888854988,0.5420820116996765,0.2,0.008161214,-15.522225103080272,0.014404296875
868864,1862,1395.5,0,1,45.0,0.25455281138420105,0.0001,13568,-0.002902845029893797,-0.029949578434752766,0.9713839131873101,0.4070296883583069,0.2,0.0060593802,-15.214008349180222,0.01220703125
869376,1962,1369.0,0,1,45.0,0.3220681846141815,0.0001,13576,-0.004028776129416656,-0.038173194723640336,3.657618867699057,0.24085479974746704,0.2,0.007885334,-14.868908405080438,0.015869140625
869888,1975,1308.0,0,1,45.0,0.7532352209091187,0.0001,13584,-0.00915006676223129,-0.042424593932082644,3.27221975591965,0.38537079095840454,0.2,0.010891279,-14.656416950151325,0.02685546875
870400,1981,1204.5,0,1,45.0,0.37586912512779236,0.0001,13592,-0.008325533413881203,-0.027608444024735945,3.1541602215729654,0.505286693572998,0.2,0.014234617,-14.742746376767755,0.02099609375
870912,1840,1163.0,0,1,45.0,3.3608975410461426,0.0001,13600,-0.020055728207807988,-0.06017990134751017,31.426451897248626,0.46861183643341064,0.2,0.027220828,-14.981754767745734,0.04052734375
871424,1922,1144.0,0,1,45.0,0.17164413630962372,0.0001,13608,-0.005598394800472306,-0.03381581239227671,2.6485756949987262,-0.5806194543838501,0.2,0.005452127,-14.552377053126692,0.0185546875
871936,1883,1146.0,0,1,45.0,0.1317291557788849,0.0001,13616,-0.004367055771581363,-0.033171376601785596,1.566926606115885,0.2139582633972168,0.2,0.01254285,-14.063901269882917,0.02001953125
872448,2066,1114.5,0,1,45.0,0.1689842939376831,0.0001,13624,-0.004515820350206923,-0.03046276940858661,1.5853510020533577,0.4513148069381714,0.2,0.012820419,-13.535930142998696,0.019775390625
872960,2040,1142.0,0,1,45.0,0.1201244443655014,0.0001,13632,-0.005162639845366357,-0.02252965159732412,1.097086172492709,0.34402793645858765,0.2,0.0039400924,-13.327926625683904,0.014892578125
873472,1891,1162.5,0,1,45.0,0.056025758385658264,0.0001,13640,-0.005666771299729589,-0.027730551170861872,1.105511566158384,0.5190795063972473,0.2,0.00627302,-13.096302051916718,0.013916015625
873984,2047,1154.5,0,1,45.0,0.27952149510383606,0.0001,13648,-0.006705194609821774,-0.02783665766037302,1.43722437415272,0.48498326539993286,0.2,0.005918623,-12.665603329986334,0.01904296875
874496,1542,1177.5,0,1,45.0,0.20670725405216217,0.0001,13656,-0.006388360394339543,-0.029695535980863497,2.4501266184961423,0.429750919342041,0.2,0.004728928,-12.614153010994196,0.0185546875
875008,1900,1218.5,0,1,45.0,0.13891376554965973,0.0001,13664,-0.00365084745499189,-0.01824075256672586,1.8743866975419223,0.6183825433254242,0.2,0.0027129762,-12.577648458704353,0.00634765625
875520,1879,1272.0,0,1,45.0,0.32874688506126404,0.0001,13672,-0.002724370169744361,-0.017994005556829507,1.654425113229081,0.7476148307323456,0.2,0.00095345173,-11.46763171043247,0.003173828125
876032,1946,1240.5,0,1,45.0,0.29045945405960083,0.0001,13680,-0.004520673945080489,-0.019698243819675554,1.6031925703864545,0.8143992125988007,0.2,0.0037531839,-11.242114774920047,0.01171875
876544,1896,1193.5,0,1,45.0,0.41556331515312195,0.0001,13688,-0.0007970926817506552,-0.02975788049843686,3.0871319798752666,0.6504513919353485,0.2,0.015106972,-11.81852598067373,0.0185546875
877056,2063,1222.0,0,1,45.0,1.4310814142227173,0.0001,13696,-0.005461241482407786,-0.04099733215844026,8.812250969465822,0.43689537048339844,0.2,0.0044990773,-12.781089419908822,0.016357421875
877568,1916,1227.0,0,1,45.0,0.9919598698616028,0.0001,13704,-0.003282025736552896,-0.019816540750980494,1.6502139924559742,0.4983564615249634,0.2,0.004608916,-13.23844550896436,0.008056640625
878080,1975,1226.5,0,1,45.0,0.2166132926940918,0.0001,13712,-0.0035967918011010624,-0.024530490853976517,1.8023657959420234,0.6337010860443115,0.2,0.0144593455,-13.506407275311648,0.0146484375
878592,1814,1297.5,0,1,45.0,0.25234824419021606,0.0001,13720,-0.006179545453051105,-0.03670522404536314,1.9447703836485744,0.6256929934024811,0.2,0.015049258,-13.822095625139774,0.017333984375
879104,1456,1311.0,0,1,45.0,0.1525648832321167,0.0001,13728,-0.0038325541609083302,-0.028695254568447126,1.5744204466463998,0.6894420683383942,0.2,0.009006443,-13.45418141156435,0.014892578125
879616,1796,1348.5,0,1,45.0,0.1988191306591034,0.0001,13736,-0.0022315966416499577,-0.034161428333391086,1.6304431492462754,0.7705628871917725,0.2,0.029736023,-13.435753984600305,0.02294921875
880128,1685,1348.0,0,1,45.0,0.24267703294754028,0.0001,13744,-0.003883448698616121,-0.021931080545982695,1.6767976463306695,0.6386407613754272,0.2,0.0025929438,-13.665845178328455,0.010009765625
880640,1898,1397.5,0,1,45.0,0.4648628234863281,0.0001,13752,-0.008055967817199416,-0.036542104795444175,1.6515904066618532,0.29530858993530273,0.2,0.04259038,-14.069641709886492,0.02685546875
881152,1643,1440.5,0,1,45.0,0.19763797521591187,0.0001,13760,-0.004953418705554213,-0.039730991433316376,1.052552459994331,0.5701408982276917,0.2,0.005154063,-13.638290689103306,0.025146484375
881664,1938,1479.0,0,1,45.0,0.3645920157432556,0.0001,13768,-0.005016845141653903,-0.047807385803935176,1.4772953283973038,0.2877095937728882,0.2,0.008960582,-13.176638163216412,0.03271484375
882176,1876,1488.5,0,1,45.0,0.4547983705997467,0.0001,13776,-0.008118112134980038,-0.04378298551455373,2.003080484457314,0.2823101282119751,0.2,0.007179411,-12.65847948551178,0.02734375
882688,1938,1448.5,0,1,45.0,0.6176941990852356,0.0001,13784,-0.009698866204416845,-0.0525473384950601,2.677264508791268,0.0649300217628479,0.2,0.006751576,-12.460361636430026,0.032958984375
883200,1840,1428.5,0,1,45.0,0.9237058758735657,0.0001,13792,-0.014723031490575522,-0.0916736187209608,2.625237085390836,0.5005873143672943,0.2,0.0096547995,-12.674698348790407,0.051513671875
883712,1457,1428.5,0,1,45.0,0.42194971442222595,0.0001,13800,-0.0064410260201839264,-0.05450800030666869,2.4889465088490397,0.16744887828826904,0.2,0.0045577073,-12.811372196152806,0.02294921875
884224,1805,1393.5,0,1,45.0,0.592677116394043,0.0001,13808,-0.007121912252841867,-0.06206532222495298,5.670162259601057,0.2448679804801941,0.2,0.0023599411,-12.991822294518352,0.023681640625
884736,1954,1356.0,0,1,45.0,0.6552412509918213,0.0001,13816,-0.009297228541981895,-0.06269060507838731,3.338904591044411,0.0811886191368103,0.2,0.003282875,-13.254713622629643,0.025146484375
885248,1739,1366.5,0,1,45.0,1.6481040716171265,0.0001,13824,-0.010417620476800948,-0.08306161271320889,8.063413751777261,0.36987048387527466,0.2,0.013713819,-13.500345234870911,0.049072265625
885760,1879,1381.5,0,1,45.0,0.1938169002532959,0.0001,13832,-0.006669816208159318,-0.06264211528105079,2.33433726686053,0.1276531219482422,0.2,0.0122105945,-13.7067460616678,0.03173828125
886272,2017,1367.0,0,1,45.0,0.13444676995277405,0.0001,13840,-0.0037958499742671847,-0.03598229308772716,1.5114852783735842,-0.19395864009857178,0.2,0.008027323,-13.546264132484794,0.018310546875
886784,1805,1368.5,0,1,45.0,0.1597590297460556,0.0001,13848,-0.0026448410499142483,-0.04023882479668828,0.889183807419613,0.21222519874572754,0.2,0.0036525638,-13.555269733406604,0.02392578125
887296,1924,1386.0,0,1,45.0,0.7280924916267395,0.0001,13856,-0.009436471496883314,-0.07900376117686392,2.8383643173146993,0.1993389129638672,0.2,0.012696711,-13.83661035362631,0.044921875
887808,1521,1390.5,0,1,45.0,0.17532722651958466,0.0001,13864,-0.00883922176581109,-0.05617163539864123,2.3269260497763753,0.3407441973686218,0.2,0.013713053,-13.958826657943428,0.03369140625
888320,1840,1369.5,0,1,45.0,0.04475265368819237,0.0001,13872,-0.0051496367595973425,-0.02960288120266341,1.0824120410252362,0.6014583706855774,0.2,0.0032337424,-14.359343127012252,0.017333984375
888832,1826,1400.5,0,1,45.0,0.23314541578292847,0.0001,13880,-0.0078253774845507,-0.05657288373367919,1.2163300992688164,0.557971715927124,0.2,0.00847343,-14.406216901987792,0.02734375
889344,1867,1422.5,0,1,45.0,0.5790004134178162,0.0001,13888,-0.0038039267965359613,-0.047144409614702454,4.019706518156454,0.15800821781158447,0.2,0.003969792,-14.727804573103786,0.0205078125
889856,1767,1387.0,0,1,45.0,0.39970529079437256,0.0001,13896,-0.009369736617372837,-0.05995119290128059,1.7234309751074761,0.47537070512771606,0.2,0.026976427,-14.683734826743603,0.03271484375
890368,1916,1410.5,0,1,45.0,4.616298198699951,0.0001,13904,-0.011113416738226078,-0.09284954825125169,18.702092591673136,0.3086731433868408,0.2,0.0045145405,-15.438634346425534,0.02978515625
890880,1889,1386.0,0,1,45.0,0.28691038489341736,0.0001,13912,-0.00662815002942807,-0.03957610804991418,3.5342800135258585,0.0663253664970398,0.2,0.002665782,-15.440684264078737,0.0166015625
891392,1898,1405.0,0,1,45.0,0.41541215777397156,0.0001,13920,-0.008907250496122288,-0.05237398108874913,2.6928519438952208,0.26592326164245605,0.2,0.0030364944,-15.282856532037258,0.02978515625
891904,1439,1417.0,0,1,45.0,0.32986539602279663,0.0001,13928,-0.011794262412877288,-0.056790915437886724,2.438265824690461,0.46998488903045654,0.2,0.015969723,-14.61226982228458,0.049560546875
892416,1738,1450.5,0,1,45.0,1.124372959136963,0.0001,13936,-0.011041890611522831,-0.06697670364883379,7.066495164297521,0.4635695219039917,0.2,0.011023242,-13.987316042855381,0.0380859375
892928,1834,1471.0,0,1,45.0,1.130483627319336,0.0001,13944,-0.005508192734851036,-0.0481221400314098,5.541888169944286,0.10376065969467163,0.2,0.00383513,-13.27574617214501,0.017822265625
893440,1842,1420.5,0,1,45.0,1.0703610181808472,0.0001,13952,-0.004921995005133795,-0.035970573268059525,4.183785625267774,0.4943879246711731,0.2,0.00562881,-13.075334475114941,0.02392578125
893952,1961,1403.0,0,1,45.0,0.6835788488388062,0.0001,13960,-0.007753818543278612,-0.05733566967592196,2.3128321426920593,0.2411922812461853,0.2,0.014596598,-12.379447058811785,0.032958984375
894464,1799,1380.5,0,1,45.0,0.4759814739227295,0.0001,13968,-0.006720137025695294,-0.035973719689536665,2.6988112069666386,0.3870187997817993,0.2,0.008508904,-12.166535696834325,0.025390625
894976,1978,1381.0,0,1,45.0,0.3663386106491089,0.0001,13976,-0.005199809922487475,-0.04741200918579125,3.143535581883043,0.5938744843006134,0.2,0.006934284,-11.277368449866772,0.0166015625
895488,1973,1339.5,0,1,45.0,0.18390466272830963,0.0001,13984,-0.0028992878869757988,-0.025608274147543852,1.66277706483379,0.09675109386444092,0.2,0.004125438,-11.468971507325769,0.010009765625
896000,1928,1358.0,0,1,45.0,0.3091042935848236,0.0001,13992,-0.006355947480187751,-0.02667265528361895,1.2640036965021864,0.672277569770813,0.2,0.016091209,-11.694618255347013,0.02001953125
896512,1566,1309.0,0,1,45.0,0.6124652624130249,0.0001,14000,-0.006035675145540154,-0.029101176323820255,1.6926471539773047,0.5169049203395844,0.2,0.0319862,-11.934824055060744,0.02392578125
897024,1911,1302.5,0,1,45.0,0.15230686962604523,0.0001,14008,-0.0015290581904991996,-0.03152821448929899,0.9091085515683517,0.7727721184492111,0.2,0.0076720417,-12.53959825657308,0.0205078125
897536,2019,1234.5,0,1,45.0,0.16865068674087524,0.0001,14016,-0.003467595703114057,-0.022401844179739783,0.6333477098378353,0.4976062774658203,0.2,0.012632678,-13.22230751864612,0.012451171875
898048,1905,1205.5,0,1,45.0,-0.004376068711280823,0.0001,14024,-0.0038448105769930407,-0.029101246820800952,0.9406782663718332,0.80626080930233,0.2,0.0023866566,-13.694503650292754,0.018798828125
898560,2138,1207.0,0,1,45.0,0.2745073139667511,0.0001,14032,-0.004952075109031284,-0.03250559310345125,1.5657093706540763,0.5615034401416779,0.2,0.009778744,-13.772745765298605,0.01953125
899072,1770,1205.5,0,1,45.0,0.10929536819458008,0.0001,14040,-0.006014506230712868,-0.027663319059684,0.6784492896404117,0.48577404022216797,0.2,0.0032871813,-13.442371781989932,0.02294921875
899584,2083,1185.0,0,1,45.0,0.03891326114535332,0.0001,14048,-0.0026282706821803004,-0.023347466832092323,0.7452102428069338,0.6382978856563568,0.2,0.008741576,-12.990477037094534,0.01904296875
900096,1949,1164.5,0,1,45.0,0.04610610008239746,0.0001,14056,-0.002250452140287962,-0.012292393296547743,0.4663267614960205,0.5113095641136169,0.2,0.0030180975,-12.732224759496749,0.00732421875
900608,2079,1150.0,0,1,45.0,0.14632856845855713,0.0001,14064,-0.005839251884026453,-0.031290206248058894,1.1458112863474526,0.6881637573242188,0.2,0.012338111,-12.261667365320028,0.022705078125
901120,1475,1175.5,0,1,45.0,0.03918737918138504,0.0001,14072,-0.005588475782133173,-0.026263917866799602,0.831098051276058,0.6022405028343201,0.2,0.011285981,-11.807976996414363,0.016845703125
901632,1893,1151.0,0,1,45.0,0.6162247061729431,0.0001,14080,-0.009022241400089115,-0.03952593499343493,1.8649324546568096,0.6536268293857574,0.2,0.01132733,-11.537174187116324,0.029296875
902144,1901,1200.0,0,1,45.0,0.32138580083847046,0.0001,14088,-0.0035357192246010527,-0.02493841221439652,1.7699761078692973,0.5720300674438477,0.2,0.004566292,-11.230691552050411,0.012451171875
902656,1937,1233.5,0,1,45.0,0.18773750960826874,0.0001,14096,-0.005313572874001693,-0.0341858485562625,2.4073997382074594,0.4442961812019348,0.2,0.010716535,-11.511358399055899,0.016357421875
903168,1894,1232.5,0,1,45.0,0.3980098068714142,0.0001,14104,-0.0034608840724104084,-0.032580558028257656,1.565683998633176,0.42670702934265137,0.2,0.04207861,-11.969869503267109,0.022216796875
903680,1791,1215.5,0,1,45.0,0.27560901641845703,0.0001,14112,-0.004549110039079096,-0.02673796500221215,1.4727933197282255,0.6188757717609406,0.2,0.0017339437,-12.983772321753204,0.0166015625
904192,1992,1275.0,0,1,45.0,7.4486212730407715,0.0001,14120,-0.012776458621374331,-0.059100367253449804,13.444983422756195,0.4979228973388672,0.2,0.0061720116,-14.356387811899186,0.03759765625
904704,1977,1271.0,0,1,45.0,0.09898450970649719,0.0001,14128,-0.00736808361398289,-0.028126649492605793,1.4378811742644757,0.5194519460201263,0.2,0.0132659795,-15.313292004913091,0.02197265625
905216,1889,1329.0,0,1,45.0,0.0775887742638588,0.0001,14136,-0.007093876574799651,-0.03868751640038681,1.0016304382006638,0.06627637147903442,0.2,0.020700235,-16.012974756881594,0.0283203125
905728,1398,1347.5,0,1,45.0,0.40657883882522583,0.0001,14144,-0.005496945152117405,-0.04588457729732909,1.7876989839714952,0.33223849534988403,0.2,0.013959057,-16.278378556519748,0.02880859375
906240,1788,1333.0,0,1,45.0,0.14437474310398102,0.0001,14152,-0.0056435414517181925,-0.041630697138316464,1.6168430759571493,0.6295061111450195,0.2,0.004800488,-16.16809807367623,0.0185546875
906752,1848,1362.0,0,1,45.0,0.5217997431755066,0.0001,14160,-0.010917332278040703,-0.05439591602225846,3.05082841089461,0.5069304704666138,0.2,0.011934629,-16.084419996142387,0.031982421875
907264,1731,1430.5,0,1,45.0,0.1398940235376358,0.0001,14168,-0.005467421426146757,-0.03809586666011455,1.421047393931076,0.30999720096588135,0.2,0.00826928,-15.321187112554908,0.02294921875
907776,1713,1476.0,0,1,45.0,0.24659287929534912,0.0001,14176,-0.00914199123144499,-0.07019737114023883,2.1818507029674947,0.30074232816696167,0.2,0.008474974,-14.543993211314081,0.03662109375
908288,1833,1496.5,0,1,45.0,11.184798240661621,0.0001,14184,-0.011397967566153966,-0.07891671988545568,20.552042529918253,0.3506010174751282,0.2,0.006315978,-14.068869925513864,0.041748046875
908800,2009,1465.5,0,1,45.0,0.28972020745277405,0.0001,14192,-0.006131957925390452,-0.0452287244170293,2.12851076037623,-0.2310713529586792,0.2,0.0048968773,-13.33201945208013,0.01806640625
909312,1961,1475.0,0,1,45.0,0.2935832142829895,0.0001,14200,-0.007924313966213958,-0.05281184442628728,2.0811439550016075,0.6260785758495331,0.2,0.011899805,-12.745474108606578,0.03125
909824,1429,1439.0,0,1,45.0,0.26265275478363037,0.0001,14208,-0.0061586779993376695,-0.050319011091232824,1.9587155934423208,0.4453877806663513,0.2,0.0050844545,-12.60033781170845,0.029541015625
910336,1821,1395.5,0,1,45.0,0.7342361807823181,0.0001,14216,-0.00725466479343595,-0.052712839235027786,3.3707480097655207,0.3669378161430359,0.2,0.0068158293,-12.683704680129885,0.036376953125
910848,2006,1385.5,0,1,45.0,0.35804325342178345,0.0001,14224,-0.008744907208892982,-0.03954466523498468,2.3580965908477083,0.5637008547782898,0.2,0.008771481,-13.309678519964217,0.02294921875
911360,1787,1363.5,0,1,45.0,0.16913294792175293,0.0001,14232,-0.003847456355288159,-0.027095412296603172,0.9960811327327974,0.7234554588794708,0.2,0.005095591,-13.552424946725369,0.015625
911872,1867,1304.5,0,1,45.0,0.33041638135910034,0.0001,14240,-0.0056505964785174,-0.040137861697076005,3.9403869442176074,0.38466721773147583,0.2,0.0052955565,-14.094316875562072,0.021728515625
912384,1785,1301.5,0,1,45.0,0.09012913703918457,0.0001,14248,-0.006283541348238941,-0.04851426359891775,1.7064470360055566,0.6031928658485413,0.2,0.0036273608,-14.73740504167974,0.0185546875
912896,1927,1253.5,0,1,45.0,1.0293947458267212,0.0001,14256,-0.009376926493132487,-0.05879027503397083,7.140490798745304,0.5207358598709106,0.2,0.008310707,-14.676738931313157,0.02490234375
913408,2305,1236.0,0,1,45.0,0.20737645030021667,0.0001,14264,-0.0038254185783443972,-0.026789541339439893,2.532237493665889,0.2976832389831543,0.2,0.008425038,-14.921559848934413,0.01611328125
913920,1996,1224.5,0,1,45.0,0.02267506532371044,0.0001,14272,-0.002651926341059152,-0.022526574543917377,0.6795664185483474,0.233390212059021,0.2,0.0075688907,-14.803074119389057,0.01171875
914432,1539,1227.0,0,1,45.0,0.27901965379714966,0.0001,14280,-0.009151132082479307,-0.04278842052872278,1.3554068938829005,0.3718685507774353,0.2,0.011726616,-14.336133779063822,0.02880859375
914944,1774,1295.5,0,1,45.0,0.260903000831604,0.0001,14288,-0.007445387203915743,-0.02924843009077449,1.224458142882213,0.470917284488678,0.2,0.0042420328,-13.841269653886556,0.022705078125
915456,1948,1296.5,0,1,45.0,0.1566338688135147,0.0001,14296,-0.0027044606758863665,-0.026772022502200343,1.256160851335153,0.6933395862579346,0.2,0.012772653,-12.976360072046518,0.017822265625
915968,1792,1342.5,0,1,45.0,0.20553873479366302,0.0001,14304,-0.0039020114272716455,-0.024495609141467867,1.430139402509667,0.6142774522304535,0.2,0.023780715,-12.592003648728133,0.017333984375
916480,1888,1295.0,0,1,45.0,0.4497889578342438,0.0001,14312,-0.008088970876997337,-0.050508113487921946,2.447560381842777,0.6078172624111176,0.2,0.013089654,-12.257819135598838,0.025390625
916992,1821,1256.5,0,1,45.0,0.6338678598403931,0.0001,14320,-0.005313573141393135,-0.03193832189208479,2.089691156288609,0.5603822469711304,0.2,0.0075486777,-12.153068852983415,0.01953125
917504,1923,1279.5,0,1,45.0,0.09513355791568756,0.0001,14328,-0.0033617106964811683,-0.03691298284820732,2.0612790322629735,0.047398507595062256,0.2,0.005855679,-11.805088907592,0.022216796875
918016,2107,1297.5,0,1,45.0,0.13996821641921997,0.0001,14336,-0.0024635132031107787,-0.019615907238971886,1.399169979034923,0.3378642201423645,0.2,0.009902028,-12.04509980585426,0.015625
918528,2027,1297.0,0,1,45.0,0.061203762888908386,0.0001,14344,-0.002384030321991304,-0.02298871432640226,1.0993138669291511,0.48123395442962646,0.2,0.022732625,-12.658101249858737,0.02001953125
919040,1496,1313.5,0,1,45.0,0.6729280352592468,0.0001,14352,-0.009854349300439935,-0.03171441721337942,1.5049712000181898,0.3385712504386902,0.2,0.033915937,-13.119275573343039,0.028564453125
919552,2072,1244.0,0,1,45.0,0.0825486034154892,0.0001,14360,-0.006346394155116286,-0.027178122135410376,1.5203253254294395,0.6037675142288208,0.2,0.009312453,-13.620901471748947,0.0205078125
920064,1845,1244.0,0,1,45.0,0.12519709765911102,0.0001,14368,-0.004809555979591096,-0.0245679246145869,1.3448430115822703,-0.011188387870788574,0.2,0.019069018,-14.246153588965536,0.017822265625
920576,1881,1261.5,0,1,45.0,0.11828736215829849,0.0001,14376,-0.004354264287030674,-0.02451061063538873,1.146688830689527,0.6936909258365631,0.2,0.0037065211,-14.098268955126406,0.01318359375
921088,1840,1246.0,0,1,45.0,0.28052759170532227,0.0001,14384,-0.0052246540817577625,-0.024421539904324163,2.1658272864297032,0.4854983687400818,0.2,0.024863703,-14.100193778648972,0.027099609375
921600,1857,1297.5,0,1,45.0,0.08925159275531769,0.0001,14392,-0.0018940016198030207,-0.011891406992162956,0.9371727226825897,0.4698828458786011,0.2,0.005492502,-13.718732631206512,0.007568359375
922112,2025,1255.0,0,1,45.0,0.09263589233160019,0.0001,14400,-0.004636218407540582,-0.02110041206429969,0.9967655353248119,0.6985361874103546,0.2,0.02275832,-12.99287750467658,0.017578125
922624,2050,1279.0,0,1,45.0,0.31535282731056213,0.0001,14408,-0.0027483518024382647,-0.01833601557586917,0.8820876969839446,0.6547572016716003,0.2,0.005523255,-12.414820284321904,0.012451171875
923136,1972,1274.0,0,1,45.0,0.13378757238388062,0.0001,14416,-0.002101919431879651,-0.027035862649881892,0.9606186401215382,0.7144916355609894,0.2,0.023402778,-12.113477717377245,0.021240234375
923648,1413,1268.5,0,1,45.0,0.22594468295574188,0.0001,14424,-0.009075153082449106,-0.03999509610548557,1.634846412227489,0.3879445195198059,0.2,0.01611385,-12.158616791032255,0.03271484375
924160,1826,1359.0,0,1,45.0,0.22314560413360596,0.0001,14432,-0.005692429836926749,-0.028515279177554476,1.2422467640135437,0.6935494542121887,0.2,0.004248858,-12.134637893624603,0.023193359375
924672,1713,1344.5,0,1,45.0,0.20137988030910492,0.0001,14440,-0.0034745074754027883,-0.03270969721916117,0.9528327973093837,0.6790878176689148,0.2,0.0026560621,-11.970482066087424,0.019287109375
925184,1821,1372.0,0,1,45.0,0.536283552646637,0.0001,14448,-0.004479292158066528,-0.030460682495686342,2.795447913231328,0.4329987168312073,0.2,0.0105197625,-12.538311545550823,0.021240234375
925696,1956,1387.0,0,1,45.0,0.2668481767177582,0.0001,14456,-0.00862047642658581,-0.03810580236768146,1.5669375922298059,0.4142063856124878,0.2,0.021734796,-13.152775305956602,0.03466796875
926208,1799,1406.5,0,1,45.0,0.07463204860687256,0.0001,14464,-0.003117256477707997,-0.01760348721381888,1.0122848126338795,0.5641790628433228,0.2,0.013911191,-13.927717275694013,0.01611328125
926720,2215,1402.5,0,1,45.0,0.16841259598731995,0.0001,14472,-0.0022996285260887817,-0.021141931277952608,1.1440041875466704,0.4815005660057068,0.2,0.003091296,-14.301349512413145,0.009521484375
927232,1823,1421.5,0,1,45.0,0.20039106905460358,0.0001,14480,-0.004234410589560866,-0.01581468439286482,0.9866991117596626,0.6128604412078857,0.2,0.0074172486,-14.286537885963916,0.01171875
927744,1992,1430.5,0,1,45.0,0.18805207312107086,0.0001,14488,-0.005019291085773148,-0.026705735588620882,1.344677953980863,0.6366040408611298,0.2,0.007762802,-13.877000270411372,0.020751953125
928256,1444,1399.5,0,1,45.0,0.2627525329589844,0.0001,14496,-0.0034636056625458878,-0.024121733070614937,1.323019721196033,0.30701708793640137,0.2,0.0090637775,-12.904650179371238,0.02197265625
928768,1899,1401.5,0,1,45.0,0.11284597218036652,0.0001,14504,-0.0047330424131359905,-0.028561609768985363,0.9500905741006136,0.5943521857261658,0.2,0.003934102,-12.211258344650268,0.020263671875
929280,1907,1391.5,0,1,45.0,0.14389735460281372,0.0001,14512,-0.005154840488103218,-0.02170973258489539,0.7793329620035365,0.6852198839187622,0.2,0.0036988729,-11.512538760304452,0.018310546875
929792,1974,1336.0,0,1,45.0,0.0633004680275917,0.0001,14520,-0.0016626140422886238,-0.015196463227994172,0.6835070352535695,0.6868627667427063,0.2,0.0010633111,-11.136554290279745,0.00537109375
930304,1871,1312.5,0,1,45.0,0.03891407698392868,0.0001,14528,-0.004072937188539072,-0.022590787319586525,0.6340239375713281,0.7537492215633392,0.2,0.014983254,-10.771356621831655,0.01611328125
930816,2049,1244.0,0,1,45.0,0.07508037239313126,0.0001,14536,-0.004931736486469163,-0.022071868574585096,0.6560777565464377,0.7112606167793274,0.2,0.013861431,-10.806419376432896,0.01806640625
931328,2194,1202.0,0,1,45.0,0.07789081335067749,0.0001,14544,-0.004755748363095336,-0.022616406538247702,0.8224049312993884,0.7304488718509674,0.2,0.006566955,-11.408380823507905,0.02099609375
931840,1953,1174.0,0,1,45.0,0.11417140811681747,0.0001,14552,-0.003923086060240166,-0.01432420077514962,0.5694659701548517,0.7432148158550262,0.2,0.011644427,-12.346639874875546,0.0146484375
932352,1958,1176.0,0,1,45.0,0.23715923726558685,0.0001,14560,-0.004776268302521203,-0.02679575836987169,1.428073276532814,0.43998122215270996,0.2,0.011179808,-13.579603625684976,0.026123046875
932864,2128,1132.0,0,1,45.0,0.15118025243282318,0.0001,14568,-0.0025875481660477817,-0.011186610393679075,0.9494897350668907,0.37125861644744873,0.2,0.0095637515,-14.43801945850253,0.00634765625
933376,1498,1118.5,0,1,45.0,0.20066651701927185,0.0001,14576,-0.005491776275448501,-0.01768892080281148,1.5661950015928596,0.6752569079399109,0.2,0.0070486814,-15.78312896102667,0.01220703125
933888,1957,1059.0,0,1,45.0,0.2464061975479126,0.0001,14584,-0.004116466698178556,-0.02406968491857242,1.3350025945110247,0.5438947975635529,0.2,0.008727965,-16.17223072901368,0.01318359375
934400,2034,1043.0,0,1,45.0,0.2987024188041687,0.0001,14592,-0.002633208750921767,-0.01598664337518585,1.7659491472877562,0.6727161705493927,0.2,0.0031477478,-16.445591712594034,0.0107421875
934912,1839,1065.0,0,1,45.0,0.33866971731185913,0.0001,14600,0.0018811222398653626,-0.02796771403876619,1.9510482117766514,0.6684136688709259,0.2,0.0073319445,-16.52011431463063,0.0166015625
935424,2044,1107.0,0,1,45.0,0.11840313673019409,0.0001,14608,-0.002354342894250294,-0.01612485300950084,1.0140691164997406,0.7236084043979645,0.2,0.010328531,-16.09730971671641,0.015380859375
935936,2176,1127.5,0,1,45.0,0.12426047027111053,0.0001,14616,-0.0014330583580886014,-0.006841354532184596,1.2275023413239978,0.5538356006145477,0.2,0.00014831731,-15.730682057291268,0.002197265625
936448,2046,1139.0,0,1,45.0,0.048468563705682755,0.0001,14624,-0.0015009791077318368,-0.006740460614537369,0.7615367405246616,0.7416441142559052,0.2,0.0052383565,-15.571198355033994,0.00439453125
936960,1832,1154.5,0,1,45.0,0.11641637980937958,0.0001,14632,-0.0006733393965987489,-0.02246814807415376,0.9281516147893853,0.4892430901527405,0.2,0.010553541,-15.449260786622762,0.0166015625
937472,1961,1171.5,0,1,45.0,0.12706974148750305,0.0001,14640,-0.0031752758877701126,-0.019558909066290653,1.5447701477678493,0.6087780892848969,0.2,0.018755678,-15.188054943531752,0.01025390625
937984,1839,1207.5,0,1,45.0,0.09226512908935547,0.0001,14648,-0.003789120732108131,-0.013539342658532405,0.8922590663423762,0.5682744085788727,0.2,0.011401498,-14.790621885955334,0.014892578125
938496,1475,1244.5,0,1,45.0,0.147469624876976,0.0001,14656,-0.002251318634080235,-0.012115690031691884,1.2828270408790559,0.6324979960918427,0.2,0.0056810817,-14.325556808412076,0.00390625
939008,2112,1241.5,0,1,45.0,1.0842927694320679,0.0001,14664,-0.0014346359457704239,-0.014793067748087196,3.3357027894817293,0.5203631520271301,0.2,0.0018720062,-13.50429878950119,0.009033203125
939520,1913,1239.5,0,1,45.0,0.11379753053188324,0.0001,14672,-0.0034765782620524988,-0.016172850469388322,0.8836049398814794,0.6350015997886658,0.2,0.003351713,-13.296044262126088,0.012939453125
940032,1988,1239.5,0,1,45.0,0.060184840112924576,0.0001,14680,-0.0032559064675297122,-0.016380399159288572,1.375887330446858,0.7898222953081131,0.2,0.004280279,-12.766247700601816,0.008544921875
940544,2093,1246.0,0,1,45.0,0.07208849489688873,0.0001,14688,-0.0016426414404122625,-0.008867585684697588,0.805992023262661,0.7055147886276245,0.2,0.002364828,-12.327739313840866,0.007080078125
941056,2000,1263.0,0,1,45.0,0.9532509446144104,0.0001,14696,-0.005137062835274264,-0.01763832266215104,6.03874611761421,0.5018652975559235,0.2,0.0042924667,-12.257565044388175,0.009765625
941568,1896,1248.0,0,1,45.0,0.3860435485839844,0.0001,14704,-0.004621408425009577,-0.015795790759852935,2.6603557597845793,0.2742859721183777,0.2,0.0014695164,-11.826254719495774,0.01123046875
942080,1989,1235.5,0,1,45.0,0.2286103218793869,0.0001,14712,-0.002784321150102187,-0.010151902033953775,1.2561725601553917,0.4879637360572815,0.2,0.0028789032,-11.69362213421613,0.010498046875
942592,1822,1212.5,0,1,45.0,0.14345116913318634,0.0001,14720,-0.0025202020588039886,-0.013892466692027483,1.2052186914952472,0.6819009780883789,0.2,0.005325632,-12.147262516357005,0.010009765625
943104,1551,1223.0,0,1,45.0,0.21060329675674438,0.0001,14728,-0.0053310036164475605,-0.011301566729230217,2.113441781955771,0.6441285312175751,0.2,0.004213594,-13.081646116934717,0.010498046875
943616,1895,1258.0,0,1,45.0,0.08067294955253601,0.0001,14736,-0.004233125815517269,-0.01198834433500906,0.6572964458609931,0.815687969326973,0.2,0.004726798,-13.970114228017628,0.010498046875
944128,1813,1312.0,0,1,45.0,0.12217707186937332,0.0001,14744,-0.005551686423132196,-0.02635810866195243,0.8664434803067707,0.6475332975387573,0.2,0.0137651395,-14.540790573619306,0.0185546875
944640,2018,1336.0,0,1,45.0,0.07438333332538605,0.0001,14752,-0.009431751546799205,-0.02811181558172393,1.4307473009102978,0.2553027868270874,0.2,0.027994014,-15.300251744948328,0.036865234375
945152,1868,1378.0,0,1,45.0,0.11802472919225693,0.0001,14760,-0.002580968735856004,-0.014567302346677025,0.6441483685048297,0.5598919987678528,0.2,0.0014536874,-15.65948790397495,0.0087890625
945664,1954,1351.5,0,1,45.0,1.670800805091858,0.0001,14768,-0.012258342540008016,-0.0402456879651254,5.942680458538234,0.4598170518875122,0.2,0.006646935,-15.564172902144492,0.025634765625
946176,1783,1356.5,0,1,45.0,0.23959419131278992,0.0001,14776,-0.006508857004519086,-0.03757388373196591,2.92369395645801,0.3088778853416443,0.2,0.021032082,-15.613250430561601,0.02490234375
946688,1830,1363.0,0,1,45.0,0.2051853984594345,0.0001,14784,-0.004163906029134523,-0.036164273047688766,2.2526347684906796,0.39387601613998413,0.2,0.011997577,-15.19688885051757,0.019287109375
947200,1851,1386.5,0,1,45.0,0.15169622004032135,0.0001,14792,-0.004011375862319255,-0.023760591610425763,1.3979655581060797,0.6145022213459015,0.2,0.0034569069,-14.602134979777038,0.0126953125
947712,1517,1371.5,0,1,45.0,0.2023078054189682,0.0001,14800,-0.004097161607205635,-0.015145898037644656,2.1842823456972837,0.6124905645847321,0.2,0.0036324067,-13.910875847525894,0.0068359375
948224,1881,1351.5,0,1,45.0,0.07770863175392151,0.0001,14808,-0.009905042046739254,-0.029615601568821148,1.3821810759836808,0.2716487646102905,0.2,0.019640334,-13.336449485234915,0.029296875
948736,1670,1323.0,0,1,45.0,3.124051094055176,0.0001,14816,-0.0032340561810997315,-0.02927202370165105,6.856912904419005,0.4553207755088806,0.2,0.0007853686,-12.85626724857837,0.0146484375
949248,2166,1298.5,0,1,45.0,0.3168608844280243,0.0001,14824,-0.004350719125795877,-0.02802987879704233,2.3180351791670546,0.4962497353553772,0.2,0.0015372507,-12.909579747058451,0.011474609375
949760,1784,1285.0,0,1,45.0,0.126811683177948,0.0001,14832,-0.002623493979626801,-0.01795544992091891,0.8870122797088698,0.6072070896625519,0.2,0.004871777,-12.650832605026663,0.01025390625
950272,1955,1339.5,0,1,45.0,0.13392677903175354,0.0001,14840,-0.005915701513004024,-0.031381033941670466,2.8817197238095105,0.43747973442077637,0.2,0.016954206,-12.287908177040517,0.02099609375
950784,1674,1365.5,0,1,45.0,0.0798981562256813,0.0001,14848,-0.0030068282794672996,-0.024011768184664106,1.2691887411056086,0.24838405847549438,0.2,0.005176491,-12.217057972922921,0.017333984375
951296,1898,1366.5,0,1,45.0,0.9081030488014221,0.0001,14856,-0.01333399914437905,-0.055779090695978084,12.572872790973634,0.5102639198303223,0.2,0.009091057,-12.868541308939458,0.029296875
951808,1845,1363.5,0,1,45.0,0.306777685880661,0.0001,14864,-0.0038397654934669845,-0.027697476618868677,1.6600203574053012,0.40324777364730835,0.2,0.006719154,-13.2192511395365,0.016845703125
952320,1436,1405.0,0,1,45.0,0.049173902720212936,0.0001,14872,-0.0060904541351192165,-0.02059208332821072,1.000480201211758,0.5432345271110535,0.2,0.021495577,-13.895173585414886,0.020751953125
952832,1853,1439.0,0,1,45.0,1.0384184122085571,0.0001,14880,-0.012453645183995832,-0.055695802890113555,10.25670325756073,0.3596110939979553,0.2,0.015148686,-14.715176252052188,0.041015625
953344,1917,1452.0,0,1,45.0,0.3510419428348541,0.0001,14888,-0.003990823373897001,-0.029722192136659942,1.6632766803959385,0.4040948748588562,0.2,0.00387401,-14.660682551860809,0.019775390625
953856,2149,1480.5,0,1,45.0,0.3319733440876007,0.0001,14896,-0.003128976339212386,-0.0200291164784403,1.3934768592007458,0.6184494495391846,0.2,0.0036896796,-14.872404784038663,0.00830078125
954368,1906,1409.5,0,1,45.0,0.24481527507305145,0.0001,14904,-0.009310837434895802,-0.03237789765512389,2.57988012698479,0.7156690657138824,0.2,0.014407062,-15.017594546154141,0.036865234375
954880,2040,1388.5,0,1,45.0,0.11306807398796082,0.0001,14912,-0.0013954533642390743,-0.016780208151430998,1.3632534659700468,0.2045745849609375,0.2,0.006684229,-14.799964299462737,0.0107421875
955392,1861,1382.0,0,1,45.0,0.07434331625699997,0.0001,14920,-0.00405994025641121,-0.014914955875610758,0.8537877900525928,0.36057424545288086,0.2,0.032489765,-14.400591464824975,0.01416015625
955904,1961,1360.0,0,1,45.0,0.10422610491514206,0.0001,14928,-0.005453075442346744,-0.01794391829912456,0.7270237656193785,0.7750276625156403,0.2,0.016674612,-13.616438869424165,0.0205078125
956416,1836,1379.5,0,1,45.0,0.03637871891260147,0.0001,14936,-0.0020567180563375587,-0.012374848546869543,0.703124247782398,0.6745956242084503,0.2,0.0033833196,-13.019153650403023,0.008056640625
956928,1490,1392.0,0,1,45.0,0.027681764215230942,0.0001,14944,-0.0025002226066135336,-0.019989560070371226,0.705576447333442,0.7238960266113281,0.2,0.007823477,-12.292684701383115,0.013671875
957440,1825,1379.5,0,1,45.0,0.11015686392784119,0.0001,14952,-0.005056723501184024,-0.020577569087208758,1.7435052084038034,0.6041681170463562,0.2,0.004902804,-11.524215815886855,0.017333984375
957952,2098,1351.5,0,1,45.0,0.056060079485177994,0.0001,14960,-0.0051555589598137885,-0.017415994677094204,0.5647971321595833,0.6368479132652283,0.2,0.016544227,-11.06886541992426,0.016357421875
958464,2113,1318.5,0,1,45.0,0.14665977656841278,0.0001,14968,-0.003169431416608859,-0.007932078520298091,0.9393491724622436,0.3977978825569153,0.2,0.009192493,-11.325432421639562,0.008056640625
958976,2061,1279.0,0,1,45.0,0.026475394144654274,0.0001,14976,-0.0029889294237364084,-0.018428490579026402,0.511958593968302,0.7846982330083847,0.2,0.010064393,-11.623479874134064,0.010986328125
959488,1938,1277.5,0,1,45.0,0.01880350336432457,0.0001,14984,-0.00980923991301097,-0.028849105545759812,1.8810080142575316,0.39824187755584717,0.2,0.024085784,-12.562169411368668,0.02783203125
960000,1899,1228.0,0,1,45.0,0.3320938050746918,0.0001,14992,-0.0056219877587864175,-0.03727245677600877,3.3249166244640946,0.7562026083469391,0.2,0.0028326218,-13.527923232279718,0.0224609375
960512,1960,1211.0,0,1,45.0,0.18393947184085846,0.0001,15000,-0.0020211234150337987,-0.013475773293066595,1.0652314263861626,0.18815124034881592,0.2,0.0053600525,-14.273885937407613,0.0087890625
961024,1933,1166.5,0,1,45.0,0.12982013821601868,0.0001,15008,-0.00307962726947153,-0.01610907744952783,0.9160226440872066,0.7044804692268372,0.2,0.004742111,-14.694233372434974,0.009033203125
961536,1526,1115.0,0,1,45.0,0.14275765419006348,0.0001,15016,-0.0060459485539468005,-0.01993405115308633,1.5195114284288138,0.6279345452785492,0.2,0.008898937,-15.082725570872427,0.016357421875
962048,1882,1133.0,0,1,45.0,0.4797305464744568,0.0001,15024,-0.0027679368449753383,-0.01491296782955942,1.2623336461838335,0.6581435203552246,0.2,0.0029475926,-15.139247519634663,0.010009765625
962560,2098,1113.0,0,1,45.0,0.03905969858169556,0.0001,15032,-0.0019637920340755954,-0.010479906921773363,0.7843217197805643,0.6868281960487366,0.2,0.00050473993,-15.05241376992315,0.006103515625
963072,2062,1141.0,0,1,45.0,0.06295101344585419,0.0001,15040,-0.002055534510873258,-0.008851029195625415,0.507177807710832,0.5951998829841614,0.2,0.0007925469,-14.660094971992075,0.004638671875
963584,2098,1171.5,0,1,45.0,0.035147733986377716,0.0001,15048,-0.005241265025688335,-0.012285255240158222,0.5074158718634862,0.7387663424015045,0.2,0.006425487,-14.348288068436085,0.01220703125
964096,1835,1177.5,0,1,45.0,0.08450311422348022,0.0001,15056,-0.008161609533999581,-0.023317719790156843,1.5383636202896014,0.24901598691940308,0.2,0.012392256,-13.768868111632765,0.021728515625
964608,1832,1221.0,0,1,45.0,0.08798350393772125,0.0001,15064,-0.0034316205528739374,-0.01866590934150736,1.123866838926915,0.5441422164440155,0.2,0.005865071,-12.981817305162549,0.01220703125
965120,1827,1231.5,0,1,45.0,0.133854478597641,0.0001,15072,-0.004504705961153377,-0.021237428034282857,1.1004040503758006,0.6948606073856354,0.2,0.004470171,-12.625931402370334,0.0126953125
965632,1971,1255.5,0,1,45.0,0.5404772162437439,0.0001,15080,-0.0045485486698453315,-0.0165355879157687,2.3760879072360694,0.6320028603076935,0.2,0.0023447485,-12.682281101644039,0.008544921875
966144,1861,1251.5,0,1,45.0,0.03344998508691788,0.0001,15088,-0.0037349403864936903,-0.022177001699901666,0.7285840560507495,0.6836464703083038,0.2,0.0084991,-12.90936277501285,0.017333984375
966656,1504,1262.0,0,1,45.0,0.05097965896129608,0.0001,15096,-0.002578431018264382,-0.010497737686819164,0.8363117489498109,0.682964563369751,0.2,0.0008385903,-13.154181365184487,0.0048828125
967168,1976,1325.5,0,1,45.0,0.09826797991991043,0.0001,15104,-0.003934552958526183,-0.016078606517112348,1.2437552739284001,0.6081461906433105,0.2,0.0051970677,-13.74182275455445,0.01123046875
967680,1835,1329.0,0,1,45.0,0.19256249070167542,0.0001,15112,-0.004951637449266855,-0.017978201298774366,1.2668913218658417,0.5073074102401733,0.2,0.008121563,-13.985794873796403,0.020263671875
968192,1949,1352.0,0,1,45.0,0.17641761898994446,0.0001,15120,-0.005313537458278006,-0.03265476160277103,3.2710841632215306,0.3690493106842041,0.2,0.0049764533,-14.708289415948093,0.01708984375
968704,1821,1349.0,0,1,45.0,0.08219335973262787,0.0001,15128,-0.0030512484336213674,-0.010996491336300096,1.1324782319134101,0.12947070598602295,0.2,0.0046811663,-14.77860435023904,0.007568359375
969216,1950,1329.0,0,1,45.0,0.02904834784567356,0.0001,15136,-0.002014577763475245,-0.016215268401992944,0.8345238259353209,0.6937315165996552,0.2,0.0035363378,-15.023388947546483,0.00927734375
969728,1791,1337.5,0,1,45.0,0.09608962386846542,0.0001,15144,-0.004486187091970351,-0.02034827065108402,0.6677579735114705,0.6965075433254242,0.2,0.027889138,-15.182330621257424,0.018310546875
970240,1948,1350.5,0,1,45.0,0.48154062032699585,0.0001,15152,-0.005255107695120387,-0.021904418872509268,3.8582788803614676,0.49549996852874756,0.2,0.0060936725,-15.017589460983872,0.01123046875
970752,1851,1393.5,0,1,45.0,0.5089573264122009,0.0001,15160,-0.01092839503326104,-0.024874356759255534,3.4530229402007535,0.3020325303077698,0.2,0.008141214,-14.770433422029019,0.02294921875
971264,1947,1381.0,0,1,45.0,0.07798241078853607,0.0001,15168,-0.002100879246427212,-0.013484501987477415,0.8420146513963118,0.7309070825576782,0.2,0.00085159927,-14.735692521110177,0.007080078125
971776,2304,1317.0,0,1,45.0,0.042637936770915985,0.0001,15176,-0.004602511624398176,-0.014731579047293053,0.9021612334181555,0.6668083965778351,0.2,0.006951346,-14.31379137840122,0.0146484375
972288,1747,1328.0,0,1,45.0,0.06195063516497612,0.0001,15184,-0.002149786269001197,-0.016454191474736035,0.47547923983074725,0.759708970785141,0.2,0.023813952,-13.831178514622152,0.012939453125
972800,1988,1328.0,0,1,45.0,0.4822181165218353,0.0001,15192,-0.007178687199484557,-0.03456208620673351,2.3705082854721695,0.39781075716018677,0.2,0.022956382,-13.480938178487122,0.027587890625
973312,1875,1303.5,0,1,45.0,0.05535963922739029,0.0001,15200,-0.00039189951348816976,-0.011876596236561454,0.6058054741588421,0.2880370020866394,0.2,0.0008804047,-13.284865351952613,0.005126953125
973824,1959,1304.0,0,1,45.0,0.011250574141740799,0.0001,15208,-0.005149727945536142,-0.021163112464137157,0.5776783178152982,0.8050519675016403,0.2,0.008500367,-13.122624921016396,0.018798828125
974336,1957,1263.5,0,1,45.0,0.0557289719581604,0.0001,15216,-0.0029018575369264,-0.009234522729002492,0.4902015447150916,0.7331376671791077,0.2,0.011215543,-12.95006358075887,0.008056640625
974848,2074,1212.0,0,1,45.0,0.02652130462229252,0.0001,15224,-0.004207408732327167,-0.013655179204079104,0.6631008263502736,0.6743686497211456,0.2,0.004788291,-12.81864384483546,0.0087890625
975360,1944,1167.5,0,1,45.0,0.017449278384447098,0.0001,15232,-0.002298621038789861,-0.011114623456705885,0.7985194632492494,0.5608471035957336,0.2,0.006450263,-12.51245136860758,0.00537109375
975872,1580,1169.5,0,1,45.0,0.04871663451194763,0.0001,15240,-0.004422345071361633,-0.0160971153995888,0.7656342571717687,0.7753981202840805,0.2,0.014065509,-12.581994781307877,0.01708984375
976384,2097,1194.0,0,1,45.0,0.08817700296640396,0.0001,15248,-0.002423676305625122,-0.009879359986598502,0.7778067365288734,0.5749941766262054,0.2,0.001880013,-12.602223015800119,0.0078125
976896,1959,1165.0,0,1,45.0,0.11964988708496094,0.0001,15256,-0.00564638851210475,-0.015324760351973055,0.7175344845745713,0.6734422743320465,0.2,0.014492068,-12.792510575205087,0.015380859375
977408,1962,1172.5,0,1,45.0,0.1095053181052208,0.0001,15264,-0.00474860418762546,-0.020996303534957406,1.1125177767826244,0.663907915353775,0.2,0.03120865,-12.536448042318225,0.018310546875
977920,1838,1187.5,0,1,45.0,0.3815543055534363,0.0001,15272,-0.008450658540823497,-0.01770608697370335,3.0062143446411937,0.36318957805633545,0.2,0.012578273,-13.284248268306255,0.019287109375
978432,1950,1209.0,0,1,45.0,0.18778610229492188,0.0001,15280,-0.0038955846976023167,-0.019302749778717043,1.3978257232811302,0.5950906276702881,0.2,0.0018632205,-13.518476706296205,0.013671875
978944,1870,1234.0,0,1,45.0,0.1989089399576187,0.0001,15288,-0.0029935323327663355,-0.013213270710139113,1.107546950574033,0.7563774287700653,0.2,0.015806932,-14.035336770638823,0.008056640625
979456,2030,1278.0,0,1,45.0,0.5088754892349243,0.0001,15296,-0.003785190845519537,-0.019682574160697186,1.5941327576292679,0.526498407125473,0.2,0.0116273165,-14.408225218169392,0.017333984375
979968,1876,1262.0,0,1,45.0,0.07394479960203171,0.0001,15304,-0.004551978723611683,-0.01505369515109578,1.0215377034037374,0.651237279176712,0.2,0.022069467,-14.82789957229048,0.01318359375
980480,2043,1281.5,0,1,45.0,0.3227410316467285,0.0001,15312,-0.007463047106284648,-0.02768652223767276,1.0761939870426431,0.7495752274990082,0.2,0.016972985,-15.368688745014369,0.03076171875
980992,1770,1320.5,0,1,45.0,0.11266131699085236,0.0001,15320,-0.0023556667256343644,-0.016081977771818856,1.0223121484741569,0.5542064309120178,0.2,0.0092644235,-15.64340159740299,0.01123046875
981504,1820,1359.5,0,1,45.0,0.15497514605522156,0.0001,15328,-0.01262292277533561,-0.047658208447955985,3.2667814650340006,0.6762155890464783,0.2,0.011103164,-15.965774875469506,0.0341796875
982016,1821,1369.5,0,1,45.0,0.17556004226207733,0.0001,15336,-0.006663163640041603,-0.03696587258627915,1.6497116138925776,0.5541242957115173,0.2,0.0074415635,-15.909458791650831,0.02294921875
982528,1790,1376.5,0,1,45.0,0.10482720285654068,0.0001,15344,-0.0008764734484429937,-0.027094484771623684,1.1743756964569911,0.580415278673172,0.2,0.0202587,-15.440642396993935,0.0146484375
983040,1788,1379.0,0,1,45.0,0.5854279398918152,0.0001,15352,-0.005354126030852058,-0.02877646800243383,1.598546203575097,0.644606202840805,0.2,0.008199606,-14.886689497083426,0.028564453125
983552,1774,1370.5,0,1,45.0,0.6397517919540405,0.0001,15360,-0.004553550264972728,-0.03521658294448571,4.038980481680483,0.4640292525291443,0.2,0.0023191115,-14.587517471723258,0.011474609375
984064,1872,1363.0,0,1,45.0,0.8335437178611755,0.0001,15368,-0.00836922259622952,-0.04273769844257913,3.5146715452428907,0.5255029201507568,0.2,0.0055125775,-13.95100118175149,0.023193359375
984576,1467,1380.0,0,1,45.0,0.44217613339424133,0.0001,15376,-0.006120659374573734,-0.03468376997057021,2.8076565554365516,0.28161919116973877,0.2,0.00625678,-13.738801541253924,0.01806640625
985088,2080,1400.0,0,1,45.0,0.2766455113887787,0.0001,15384,-0.0028556752295116894,-0.019760550609021266,1.9620013136882335,0.3230637311935425,0.2,0.0034329286,-13.554462646171451,0.013427734375
985600,1849,1376.0,0,1,45.0,0.3086293935775757,0.0001,15392,-0.0038007025068509392,-0.0196568381236375,1.7157856698613614,0.5110478699207306,0.2,0.002821489,-13.256291643716395,0.012939453125
986112,1805,1359.0,0,1,45.0,0.36027535796165466,0.0001,15400,-0.00720534086576663,-0.036324417453215574,2.156230741646141,0.6254870593547821,0.2,0.0076757567,-13.42061668690294,0.025146484375
986624,1893,1372.5,0,1,45.0,0.5944765210151672,0.0001,15408,-0.005013613390474347,-0.03162552259800577,2.238766930066049,0.6724256873130798,0.2,0.004724424,-13.813163995034992,0.01708984375
987136,1765,1371.5,0,1,45.0,0.491594523191452,0.0001,15416,-0.007180617794801947,-0.02795204406470475,1.7348106909776106,0.7199306786060333,0.2,0.010046225,-14.260281543359161,0.025390625
987648,1770,1405.0,0,1,45.0,0.11926025152206421,0.0001,15424,-0.004420800767547917,-0.026402681812214723,1.4658061082009226,0.24685615301132202,0.2,0.010516577,-14.768850904405117,0.01611328125
988160,1957,1399.5,0,1,45.0,0.14660853147506714,0.0001,15432,-0.004064886536070844,-0.027167470990661968,1.2037359052337706,0.7540152370929718,0.2,0.0061659464,-14.93625278763473,0.017578125
988672,1863,1382.5,0,1,45.0,0.13424667716026306,0.0001,15440,-0.004455211121239699,-0.022693012540912605,1.1373502493370324,0.5128825306892395,0.2,0.0063000116,-14.940953417830169,0.015869140625
989184,1526,1373.0,0,1,45.0,0.10021578520536423,0.0001,15448,-0.009275592936319299,-0.025347411705297418,1.2579115915577859,0.7142432332038879,0.2,0.02161044,-14.979223185516894,0.0302734375
989696,2032,1395.5,0,1,45.0,0.13201069831848145,0.0001,15456,-0.005044797700975323,-0.02839847618258773,0.8425066663185135,0.5700922310352325,0.2,0.010455577,-14.955591655671597,0.024169921875
990208,1936,1350.0,0,1,45.0,0.36952024698257446,0.0001,15464,-0.011163754661538405,-0.03564124178797101,3.720274960389361,0.5400967001914978,0.2,0.008742356,-15.203511438034475,0.034912109375
990720,1953,1343.5,0,1,45.0,0.5335109829902649,0.0001,15472,-0.004711215049610473,-0.02604160295413749,1.6515679190633819,0.2509080767631531,0.2,0.02128421,-14.83691464524716,0.021484375
991232,1843,1334.5,0,1,45.0,0.27845457196235657,0.0001,15480,-0.0035385491064516827,-0.02086288778582457,1.5381399444304407,0.29760414361953735,0.2,0.006762971,-14.621932936497032,0.01416015625
991744,1962,1289.0,0,1,45.0,0.3085448741912842,0.0001,15488,-0.006344253553834278,-0.027796244882665633,1.5014822371304035,0.7156952917575836,0.2,0.013883018,-14.30113941963762,0.0302734375
992256,1831,1313.5,0,1,45.0,0.2129255086183548,0.0001,15496,-0.0025239680107915774,-0.013121275352659723,1.2347599274944514,0.7039211690425873,0.2,0.00261319,-14.184880608730019,0.00732421875
992768,1969,1313.5,0,1,45.0,0.26372891664505005,0.0001,15504,-0.003317424747365294,-0.019045749013912427,1.6698096740292385,0.7141202688217163,0.2,0.0017047203,-13.865732697285711,0.009033203125
993280,1885,1355.0,0,1,45.0,0.11656845360994339,0.0001,15512,-0.003253231723647332,-0.024092915657547564,1.3377668565372005,0.7084328532218933,0.2,0.0016734292,-13.983510654307901,0.010986328125
993792,1888,1366.5,0,1,45.0,0.07795600593090057,0.0001,15520,-0.0067537683207774535,-0.01968270967972785,0.9851484530372545,0.7339504957199097,0.2,0.003904996,-13.684821732081472,0.017822265625
994304,2140,1371.0,0,1,45.0,0.03316526487469673,0.0001,15528,-0.0019121274308417924,-0.017252434593046928,0.963975697173737,0.6285460889339447,0.2,0.0042669894,-13.479857507497073,0.01318359375
994816,1780,1340.0,0,1,45.0,0.05648019164800644,0.0001,15536,-0.008256398305093171,-0.027510764818316602,0.5462864481378347,0.5254513323307037,0.2,0.06341975,-13.066499079316854,0.02587890625
995328,1892,1333.5,0,1,45.0,0.25470155477523804,0.0001,15544,-0.013551923984778114,-0.05602974154317053,3.577246714849025,0.14376598596572876,0.2,0.036170837,-13.308582901358605,0.049560546875
995840,1719,1347.5,0,1,45.0,0.27244824171066284,0.0001,15552,-0.00505830690235598,-0.036943639225683,3.033153561409563,0.21211493015289307,0.2,0.0063702795,-13.58428652845323,0.01806640625
996352,1859,1349.0,0,1,45.0,0.22119012475013733,0.0001,15560,-0.009875318806734867,-0.035290237503431854,2.171144945314154,0.5451977849006653,0.2,0.018422257,-13.778339543417097,0.027099609375
996864,1788,1342.0,0,1,45.0,1.8109468221664429,0.0001,15568,-0.00818424831959419,-0.03775283593313361,1.8545333330985159,0.24401313066482544,0.2,0.013173378,-13.828209642395377,0.0224609375
997376,1802,1398.5,0,1,45.0,0.46273601055145264,0.0001,15576,-0.0038234713838392054,-0.03528910834575072,3.1070114583708346,0.3566104769706726,0.2,0.0044008284,-13.942020121663809,0.015625
997888,1833,1417.5,0,1,45.0,0.4544045329093933,0.0001,15584,-0.008247994293924421,-0.045261692901476636,2.646522320108488,0.25429123640060425,0.2,0.015832972,-14.041425125077367,0.025146484375
998400,1519,1396.0,0,1,45.0,0.1341044157743454,0.0001,15592,-0.005751165579567896,-0.030934630712181388,1.504211493069306,-0.13582968711853027,0.2,0.0027788978,-14.349905019029976,0.012451171875
998912,1762,1391.0,0,1,45.0,0.07177772372961044,0.0001,15600,-0.0033310990802419838,-0.02094668082008866,0.8520093101542443,0.3663579821586609,0.2,0.0051167426,-14.144248841926455,0.01123046875
999424,1775,1382.0,0,1,45.0,3.453129529953003,0.0001,15608,-0.010413868258183356,-0.0827372062340146,26.105220071971416,0.07633763551712036,0.2,0.012251871,-15.355458394140005,0.045654296875
999936,1832,1402.0,0,1,45.0,0.8608253598213196,0.0001,15616,-0.010548687336267903,-0.06120554608060047,9.142706925049424,0.28397613763809204,0.2,0.0056047174,-14.980773871243,0.039794921875
1000448,1784,1408.5,0,1,45.0,1.1013832092285156,0.0001,15624,-0.007462924484570976,-0.04377652970288182,3.661937507102266,0.27752476930618286,0.2,0.006353857,-14.918988600075245,0.026123046875
1000960,1871,1391.5,0,1,45.0,0.5107324123382568,0.0001,15632,-0.0043438315915409476,-0.03152546141518542,2.273016768041998,0.03283822536468506,0.2,0.007837428,-14.569221860058606,0.018798828125
1001472,1856,1383.5,0,1,45.0,0.3999057114124298,0.0001,15640,-0.006002776055538561,-0.025977090845117345,5.216679757460952,0.43481022119522095,0.2,0.0053455587,-14.466713808439671,0.024658203125
1001984,1937,1337.0,0,1,45.0,0.14891019463539124,0.0001,15648,-0.004320171628933167,-0.024590146254013234,1.7317379365558736,-0.2197040319442749,0.2,0.00616487,-14.355997211523354,0.01416015625
1002496,1439,1338.5,0,1,45.0,0.12368275225162506,0.0001,15656,-0.004992567046429031,-0.02229503534590549,0.9281019229674712,0.6344192922115326,0.2,0.023850333,-13.921717151068151,0.02197265625
1003008,2090,1343.5,0,1,45.0,0.07587773352861404,0.0001,15664,-0.004250445948855486,-0.02290013443598582,0.9257551613845862,0.603255033493042,0.2,0.011384953,-13.974504836834967,0.0146484375
1003520,1846,1355.5,0,1,45.0,-0.005387535318732262,0.0001,15672,-0.004601457447279245,-0.015781380706357595,0.5519006080867257,0.4452407956123352,0.2,0.023020161,-13.756940757744013,0.016845703125
1004032,1956,1365.0,0,1,45.0,0.18536151945590973,0.0001,15680,-0.009104750301048625,-0.02512871334602096,1.0922725877026096,0.6704738438129425,0.2,0.027536748,-13.393545809350908,0.02783203125
1004544,1807,1343.5,0,1,45.0,0.2904368042945862,0.0001,15688,-0.0050908842458738945,-0.038094529929821874,2.039304196834564,0.660315066576004,0.2,0.008123146,-13.911014183349907,0.027099609375
1005056,1846,1359.5,0,1,45.0,0.21855536103248596,0.0001,15696,-0.007041468539682683,-0.032254616115096724,1.5597455541137606,0.4949958324432373,0.2,0.0073505566,-14.288959601782262,0.02197265625
1005568,1803,1350.0,0,1,45.0,0.10320612043142319,0.0001,15704,-0.0040486958059773315,-0.024720413990053203,0.7246328819892369,0.5946888327598572,0.2,0.0221212,-14.64002834893763,0.02490234375
1006080,1697,1358.0,0,1,45.0,0.8726218342781067,0.0001,15712,-0.010574668107437901,-0.047712199466332095,5.930062998086214,0.4954100251197815,0.2,0.025541741,-15.211808942779898,0.036376953125
1006592,1827,1376.5,0,1,45.0,0.16448648273944855,0.0001,15720,-0.009398508864251198,-0.04595648733447888,2.955329596064985,0.41742509603500366,0.2,0.017224304,-15.645778302252292,0.0419921875
1007104,1816,1331.0,0,1,45.0,0.2061290442943573,0.0001,15728,-0.0034863049986597616,-0.024693075937648246,1.48421462404076,0.395418643951416,0.2,0.0034310813,-15.972333233878016,0.01416015625
1007616,1955,1349.0,0,1,45.0,0.7324367761611938,0.0001,15736,-0.008797741487796884,-0.060609200761973625,4.5938796564005315,0.4505966305732727,0.2,0.008295137,-16.46662703871727,0.029296875
1008128,1973,1351.0,0,1,45.0,0.0994102880358696,0.0001,15744,-0.006354327262670267,-0.03166869459346344,1.0558340535499156,0.43501603603363037,0.2,0.01260088,-16.333520716875793,0.03271484375
1008640,1830,1377.0,0,1,45.0,0.2115936279296875,0.0001,15752,-0.01062913982241298,-0.03518467849426088,1.5992660571355373,0.6202225983142853,0.2,0.010396054,-16.08712553679943,0.029052734375
1009152,1742,1396.0,0,1,45.0,0.5810073018074036,0.0001,15760,-0.011481753695989028,-0.04243837352623814,2.3921443400904536,0.32771992683410645,0.2,0.019740364,-15.392848537452519,0.03662109375
1009664,1846,1377.5,0,1,45.0,0.15148712694644928,0.0001,15768,-0.006937428865057882,-0.037537358095505624,1.6182003675494343,0.6600875556468964,0.2,0.020713422,-15.02280488435179,0.02880859375
1010176,1770,1421.0,0,1,45.0,0.19610409438610077,0.0001,15776,-0.004904224162601167,-0.02556716355638855,1.2804861151380464,0.46689867973327637,0.2,0.010780809,-14.404593847803772,0.021484375
1010688,1879,1386.0,0,1,45.0,0.2082882523536682,0.0001,15784,-0.005926258789259009,-0.023748776253796677,0.9345090981805697,0.6278892159461975,0.2,0.015467178,-13.6379851584509,0.02294921875
1011200,1444,1365.0,0,1,45.0,0.17047592997550964,0.0001,15792,-0.008592203659645747,-0.03834148826717865,1.4156479289522395,0.6405361294746399,0.2,0.011462815,-13.52105591583997,0.025634765625
1011712,1879,1390.0,0,1,45.0,0.40407511591911316,0.0001,15800,-0.002245278323243838,-0.019346355248671898,1.318911750917323,0.6850206553936005,0.2,0.001057893,-13.169604109413921,0.00830078125
1012224,1984,1346.5,0,1,45.0,0.085154227912426,0.0001,15808,-0.0045182571120676585,-0.019891489780093252,0.7756357452599332,0.6784382462501526,0.2,0.0045472835,-12.486337875016034,0.016357421875
1012736,2007,1306.0,0,1,45.0,0.17204076051712036,0.0001,15816,-0.005502113614056725,-0.019068936621351895,0.9628869555308484,0.7560696601867676,0.2,0.009531135,-12.26727655556053,0.015625
1013248,2045,1272.0,0,1,45.0,0.058827873319387436,0.0001,15824,-0.008261186678282684,-0.023100877084289095,0.7899453397258185,0.6212194561958313,0.2,0.035756998,-12.106322409920395,0.028076171875
1013760,2153,1135.5,0,1,45.0,0.33273550868034363,0.0001,15832,-0.004564135068903852,-0.014465931341419491,1.2750009950250387,0.3458787202835083,0.2,0.0020700889,-12.277476797737181,0.010498046875
1014272,1913,1122.0,0,1,45.0,0.07521294057369232,0.0001,15840,-0.004798999245394953,-0.017230321877832466,1.0245536664733663,0.4904451370239258,0.2,0.0082444325,-12.511352735981346,0.017822265625
1014784,1883,1121.5,0,1,45.0,0.1118568554520607,0.0001,15848,-0.0159720516166999,-0.15023266887146747,0.8672774030128494,0.7144170701503754,0.2,0.017564993,-12.928678863793612,0.177734375
1015296,1951,1123.0,0,1,45.0,9.094338417053223,0.0001,15856,-0.011157103879668284,-0.16913455520989373,29.04351831227541,0.2728292942047119,0.2,0.0053768735,-14.944737521633506,0.071044921875
1015808,1432,1123.0,0,1,45.0,7.124014854431152,0.0001,15864,-0.01673395555553725,-0.13110207353020087,24.736085787415504,0.2768004536628723,0.2,0.035897393,-16.754338873550296,0.07421875
1016320,1933,1073.0,0,1,45.0,1.6131418943405151,0.0001,15872,-0.00974723682156764,-0.05308372012223117,4.697432087734342,0.6087353527545929,0.2,0.015326704,-17.408016896247865,0.029541015625
1016832,2304,1050.0,0,1,45.0,0.8252100944519043,0.0001,15880,-0.004195429130049888,-0.026209855735942256,3.0607571308501065,0.5872125625610352,0.2,0.008026536,-18.257998005375267,0.01611328125
1017344,1901,1112.0,0,1,45.0,0.23312100768089294,0.0001,15888,-0.0020079671521671116,-0.026537095189269166,0.804325814373442,0.41131895780563354,0.2,0.0022340706,-19.107023934945463,0.0078125
1017856,1923,1119.5,0,1,45.0,0.35221412777900696,0.0001,15896,-0.005194719429709949,-0.02876156850834377,1.7516749385977164,0.2251930832862854,0.2,0.008672388,-19.271077203676104,0.012939453125
1018368,1722,1205.5,0,1,45.0,0.05252832919359207,0.0001,15904,-0.0022201428091648268,-0.02723898187468876,1.0176053140312433,0.5443812012672424,0.2,0.0075741317,-19.338402362391353,0.011474609375
1018880,1816,1219.0,0,1,45.0,0.27405065298080444,0.0001,15912,-0.006228377351362724,-0.04752622170053655,1.9027004189556465,0.6740250587463379,0.2,0.0074902074,-18.64191754385829,0.026611328125
1019392,1823,1220.0,0,1,45.0,8.257367134094238,0.0001,15920,-0.012927191513881553,-0.08942780183861032,11.9324956741184,0.4438679814338684,0.2,0.03010394,-18.980780509635807,0.076171875
1019904,1821,1280.5,0,1,45.0,1.286968469619751,0.0001,15928,-0.008892706478945911,-0.04586412943172036,4.3636452946811914,0.6126390695571899,0.2,0.009958218,-17.167979147098958,0.031005859375
1020416,1495,1274.5,0,1,45.0,0.6185527443885803,0.0001,15936,-0.004294943624699954,-0.03299281033105217,3.1348066297359765,0.5599563717842102,0.2,0.0040007215,-15.025876548402012,0.013916015625
1020928,1917,1316.0,0,1,45.0,0.46064624190330505,0.0001,15944,-0.003938817339076195,-0.03137311595855863,1.9866732370574027,0.6609095633029938,0.2,0.010157321,-14.098968464769422,0.02294921875
1021440,1897,1415.0,0,1,45.0,0.26125797629356384,0.0001,15952,-0.0025331121651106514,-0.028044110149494372,1.273905819049105,0.48927104473114014,0.2,0.008907979,-13.382983055301011,0.014404296875
1021952,1993,1407.0,0,1,45.0,0.22031371295452118,0.0001,15960,-0.007740786528302124,-0.03604062984777556,2.0205947055947036,0.5199098885059357,0.2,0.013950743,-12.62523586075753,0.03076171875
1022464,1800,1393.5,0,1,45.0,0.21117988228797913,0.0001,15968,-0.005709165445296094,-0.04163795143904281,0.990480289561674,0.5020457208156586,0.2,0.016518671,-12.153348688967526,0.0283203125
1022976,1939,1396.0,0,1,45.0,0.15668611228466034,0.0001,15976,-0.0026496554528421257,-0.036465892853811965,1.2647286313585937,0.5186430215835571,0.2,0.00806939,-12.263377308063209,0.019775390625
1023488,2024,1347.5,0,1,45.0,0.23463597893714905,0.0001,15984,-0.00519726343190996,-0.020041137890984828,1.1658576433546841,0.41140490770339966,0.2,0.025519844,-12.720051917992532,0.019287109375
1024000,1782,1334.0,0,1,45.0,0.13988040387630463,0.0001,15992,-0.004464332298084628,-0.030343048591021216,0.9702794483164325,0.10302698612213135,0.2,0.005962057,-12.170502098537982,0.020263671875
1024512,2019,1323.0,0,1,45.0,0.3234623968601227,0.0001,16000,-0.008116254070046125,-0.04581027045060182,1.3775086511159316,0.34848153591156006,0.2,0.009153355,-12.96456100910902,0.032470703125
1025024,1456,1292.0,0,1,45.0,0.1595696210861206,0.0001,16008,-0.005776263678853866,-0.02971821970277233,0.8055874083074741,0.6270859837532043,0.2,0.008583056,-13.63063550248742,0.02197265625
1025536,2097,1207.5,0,1,45.0,0.15532569587230682,0.0001,16016,-0.007875324372434989,-0.031780794242877164,1.358971661014948,0.5359852910041809,0.2,0.0064158766,-14.309671487286687,0.0185546875
1026048,1790,1197.5,0,1,45.0,0.05990173667669296,0.0001,16024,-0.008974833373940783,-0.03836036997972769,1.136933247500565,0.3143763542175293,0.2,0.019380614,-14.753334036841988,0.027099609375
1026560,1904,1202.0,0,1,45.0,0.08756862580776215,0.0001,16032,-0.00631385795713868,-0.05024621877237223,1.0061113254050724,0.6157101392745972,0.2,0.013118569,-14.826652261391281,0.031982421875
1027072,2035,1131.0,0,1,45.0,0.26010939478874207,0.0001,16040,-0.009138643211827002,-0.05655777896572545,1.7958535114303231,0.4433526396751404,0.2,0.025664285,-14.899606864750385,0.036376953125
1027584,1843,1145.0,0,1,45.0,0.06939034163951874,0.0001,16048,-0.005240650792984525,-0.027818454160296824,1.2086770130554214,0.6272226572036743,0.2,0.004144646,-14.772543053627015,0.02001953125
1028096,1789,1188.5,0,1,45.0,0.11282900720834732,0.0001,16056,-0.006972305542149115,-0.03000040798633563,0.6771186158584896,0.7238148152828217,0.2,0.0090901945,-14.273038176372648,0.01806640625
1028608,1815,1214.5,0,1,45.0,0.6953148245811462,0.0001,16064,-0.006632193304540124,-0.03883062455315667,2.498770927777514,0.5790808796882629,0.2,0.0025733118,-13.958308070003987,0.018798828125
1029120,1786,1296.0,0,1,45.0,0.21606236696243286,0.0001,16072,-0.008055196471104864,-0.05012845148303313,1.9773442649748176,0.42968809604644775,0.2,0.013693177,-13.66234732940793,0.028564453125
1029632,1838,1309.5,0,1,45.0,0.37139320373535156,0.0001,16080,-0.010866717682802118,-0.049373677669791505,2.2182558678323403,0.5074619948863983,0.2,0.022673462,-13.66571487918496,0.03955078125
1030144,1968,1366.0,0,1,45.0,0.6480762362480164,0.0001,16088,-0.0038388119701266987,-0.03248664716102212,2.3110872275428846,0.5110256671905518,0.2,0.00450439,-13.723780913501978,0.01611328125
1030656,1817,1365.5,0,1,45.0,0.1410050243139267,0.0001,16096,-0.01567779713877826,-0.043641781193400675,2.288292967597954,0.38218075037002563,0.2,0.048088446,-14.197055417522789,0.0458984375
1031168,1933,1394.5,0,1,45.0,1.9064199924468994,0.0001,16104,-0.008518975502738613,-0.045786272829900554,3.87691129790619,0.2167406678199768,0.2,0.007978434,-14.838646574094891,0.029541015625
1031680,1903,1401.0,0,1,45.0,0.227098748087883,0.0001,16112,-0.007593672948132735,-0.04836737797995738,2.3517026028130203,-0.059973716735839844,0.2,0.02215172,-15.0971915050596,0.01953125
1032192,1839,1385.5,0,1,45.0,0.18453240394592285,0.0001,16120,-0.006263714567467105,-0.03525423021346796,0.9312921977834776,0.7779957503080368,0.2,0.011070197,-15.59520681656897,0.027099609375
1032704,1916,1364.0,0,1,45.0,0.1242099329829216,0.0001,16128,-0.006610309283132665,-0.03454261539900472,0.9721757445950061,0.5673690736293793,0.2,0.006866751,-15.742568390667438,0.020263671875
1033216,1853,1302.5,0,1,45.0,0.743599534034729,0.0001,16136,-0.009995038564738934,-0.03421932205037592,3.0864409576170146,0.5061478614807129,0.2,0.010357402,-15.588291195631028,0.0263671875
1033728,1445,1290.0,0,1,45.0,0.24307958781719208,0.0001,16144,-0.006870818790048361,-0.04675389160729537,1.8087444346165285,0.4233311414718628,0.2,0.010544516,-15.322016857638955,0.02685546875
1034240,1836,1301.0,0,1,45.0,0.1326018124818802,0.0001,16152,-0.004854327591601759,-0.02724398102327541,1.5077920269686729,0.3045581579208374,0.2,0.010255063,-14.740916947200894,0.012939453125
1034752,2042,1284.5,0,1,45.0,0.0955171212553978,0.0001,16160,-0.0038711171655450016,-0.031771084297361085,0.8740712129510939,0.5104648768901825,0.2,0.006406251,-14.2129232557863,0.020263671875
1035264,1910,1223.5,0,1,45.0,0.1591632217168808,0.0001,16168,-0.00759488249241258,-0.044808585073042195,1.2831044953200035,0.49088799953460693,0.2,0.018880174,-13.377486467286944,0.033935546875
1035776,1877,1199.0,0,1,45.0,0.13800975680351257,0.0001,16176,-0.0077593262467416935,-0.05195345330866985,1.5125435795634985,0.3051374554634094,0.2,0.01063361,-12.913042432740331,0.028564453125
1036288,1903,1179.5,0,1,45.0,1.573507308959961,0.0001,16184,-0.011692400454194285,-0.06832364098954713,4.039258530829102,0.28221601247787476,0.2,0.019178104,-13.166494587212801,0.04443359375
1036800,1902,1203.5,0,1,45.0,0.2803618609905243,0.0001,16192,-0.005309601598128211,-0.04549724263961252,1.669601432629861,0.5274076461791992,0.2,0.019574277,-12.910197694897652,0.0302734375
1037312,1779,1226.0,0,1,45.0,0.15947628021240234,0.0001,16200,-0.005022293458750937,-0.036724522809890914,1.356862006126903,0.6531994342803955,0.2,0.003789949,-13.186368580535055,0.01953125
1037824,1839,1215.0,0,1,45.0,1.7317864894866943,0.0001,16208,-0.003155404090648517,-0.03883914294237911,2.64649923495017,0.6494281589984894,0.2,0.003780465,-13.354266026243568,0.01708984375
1038336,1434,1213.0,0,1,45.0,0.29758507013320923,0.0001,16216,-0.00463474572643463,-0.044018374566803686,2.0795519675593823,0.5355295538902283,0.2,0.0029521352,-13.636431113705038,0.0166015625
1038848,1877,1271.5,0,1,45.0,0.6149218082427979,0.0001,16224,-0.00665793215011945,-0.03717159880397958,2.0615057732211426,0.49092620611190796,0.2,0.018944215,-14.289278334528207,0.02099609375
1039360,2152,1258.0,0,1,45.0,0.736214816570282,0.0001,16232,-0.007434011851728428,-0.05244580264843535,2.225686923833564,0.13009369373321533,0.2,0.012855176,-14.729494382366537,0.030517578125
1039872,1894,1283.5,0,1,45.0,0.1737488955259323,0.0001,16240,-0.006338571911328472,-0.035808075615932466,1.4669772601337172,0.5967832505702972,0.2,0.027045157,-15.051760097295046,0.0341796875
1040384,1861,1311.5,0,1,45.0,0.4275023639202118,0.0001,16248,-0.007996536238351837,-0.03824152153174509,1.6873157061636448,0.15127748250961304,0.2,0.0072719557,-14.84359084226191,0.0263671875
1040896,1837,1334.0,0,1,45.0,0.04782920330762863,0.0001,16256,-0.005580726538028102,-0.05909717618487775,1.6490272106602788,0.5077313184738159,0.2,0.017498314,-14.6396098793298,0.02734375
1041408,1783,1352.5,0,1,45.0,3.735584259033203,0.0001,16264,-0.008534437456546584,-0.07237400951271411,6.96941174659878,0.47598326206207275,0.2,0.013193248,-15.073701494336127,0.03369140625
1041920,1810,1330.0,0,1,45.0,0.6030305027961731,0.0001,16272,-0.007521377418015618,-0.05546585166302975,4.2561025489121675,0.24869084358215332,0.2,0.0085223755,-15.089420390576125,0.02587890625
1042432,1436,1334.5,0,1,45.0,0.13822051882743835,0.0001,16280,-0.004365705048257951,-0.05089139448318747,2.02578876435291,0.6298231482505798,0.2,0.008214864,-14.88046301778406,0.02392578125
1042944,1813,1320.0,0,1,45.0,0.3551602363586426,0.0001,16288,-0.004967253600625554,-0.045338868108956376,1.3675602914299816,0.4557889699935913,0.2,0.008700362,-14.515072396621107,0.017578125
1043456,2018,1282.0,0,1,45.0,0.105268694460392,0.0001,16296,-0.0074780578979698475,-0.036623503765440546,1.5208711293525994,0.5913931429386139,0.2,0.023297455,-14.357133734747768,0.029296875
1043968,2031,1286.5,0,1,45.0,0.09954019635915756,0.0001,16304,-0.002580461456091143,-0.023873220299719833,0.6803085954161361,0.3958398103713989,0.2,0.0034781601,-14.040316701456904,0.010009765625
1044480,1947,1297.5,0,1,45.0,0.7777908444404602,0.0001,16312,-0.009612693254894111,-0.026926698707029573,1.9184309290722013,0.5599189698696136,0.2,0.013958897,-13.80515205681324,0.027099609375
1044992,1756,1333.5,0,1,45.0,0.28015875816345215,0.0001,16320,-0.0072115248531190446,-0.03948500037404301,1.306608383078128,0.47184211015701294,0.2,0.008015464,-13.776187799945474,0.0302734375
1045504,1896,1313.0,0,1,45.0,0.07695244252681732,0.0001,16328,-0.0011506524897413328,-0.024709949662792496,1.0780984516022727,0.6438429057598114,0.2,0.010681529,-13.437613828778266,0.012451171875
1046016,1754,1294.5,0,1,45.0,0.9906898736953735,0.0001,16336,-0.0093934812284715,-0.031538585699308896,2.5525338200386614,0.27861905097961426,0.2,0.017473586,-13.81860556833446,0.025390625
1046528,1815,1316.5,0,1,45.0,0.3026238679885864,0.0001,16344,-0.0049961545373662375,-0.02987786370977119,1.8817594714346342,0.6099353432655334,0.2,0.008257732,-14.15704781204462,0.015869140625
1047040,1892,1300.0,0,1,45.0,0.2701736390590668,0.0001,16352,-0.0035887577760149725,-0.04079714855470229,1.3922340429853648,0.599511444568634,0.2,0.008528301,-14.644242694042623,0.021240234375
1047552,1815,1301.5,0,1,45.0,0.20417116582393646,0.0001,16360,-0.006745344348018989,-0.02670427512657625,0.9540842531132512,0.5430227816104889,0.2,0.009755874,-14.79447244375944,0.015869140625
1048064,2057,1301.5,0,1,45.0,0.10359962284564972,0.0001,16368,-0.004832708880712744,-0.02673721415521868,0.9168305188068189,0.699116051197052,0.2,0.004176262,-14.863258538618684,0.014892578125
1048576,2015,1278.5,0,1,45.0,0.07114964723587036,0.0001,16376,-0.003313941713713575,-0.021605754362099105,0.5228393733705161,0.49692416191101074,0.2,0.007887219,-14.99824931293726,0.010986328125
1049088,1895,1302.0,0,1,45.0,0.0926913470029831,0.0001,16384,-0.006054889741790248,-0.032731313429394504,2.145418134983629,0.4469175338745117,0.2,0.01684869,-15.120233216062188,0.02197265625
1049600,1967,1240.0,0,1,45.0,0.10267866402864456,0.0001,16392,-0.008464771504804958,-0.045292495960893575,0.7378807874629274,0.42032843828201294,0.2,0.014436347,-15.142391650527715,0.02783203125
1050112,2016,1215.5,0,1,45.0,80.93848419189453,0.0001,16400,0.10981083835940808,-0.23979709553532302,262.03969419002533,0.03458297252655029,0.2,0.0070373523,-22.456605871394277,0.3486328125
1050624,1900,1219.5,0,1,45.0,65.77729034423828,0.0001,16408,-0.020015361995319836,-0.2999937512213364,235.81176722049713,0.3035450577735901,0.2,0.008416863,-28.781403484791518,0.163818359375
1051136,1741,1234.5,0,1,45.0,41.71302795410156,0.0001,16416,-0.024511180934496224,-0.14504714647773653,85.28575575351715,0.42083191871643066,0.2,0.052942123,-32.10365473501384,0.156005859375
1051648,1557,1233.0,0,1,45.0,4.389906406402588,0.0001,16424,-0.015787000345881097,-0.07031558560265694,15.30029047653079,0.5218156576156616,0.2,0.031903647,-32.631303708329796,0.03515625
1052160,1797,1210.5,0,1,45.0,2.293041706085205,0.0001,16432,-0.0040525933291064575,-0.03472847534067114,8.521728266961873,0.09431695938110352,0.2,0.002866303,-32.63079978272319,0.01318359375
1052672,2128,1210.5,0,1,45.0,1.7821481227874756,0.0001,16440,-0.0038742162942071445,-0.03237917972001014,5.824629888869822,0.19992095232009888,0.2,0.003405448,-32.775745112672446,0.015869140625
1053184,1923,1207.0,0,1,45.0,3.05090069770813,0.0001,16448,-0.002511903254344361,-0.017697099945507944,7.285911846905947,0.1992846131324768,0.2,0.0012278864,-32.54314980588853,0.007080078125
1053696,1919,1207.0,0,1,45.0,2.093230962753296,0.0001,16456,-0.003088060715526808,-0.03517087766886107,8.007751887664199,0.4525452256202698,0.2,0.008678807,-31.69003287360072,0.011474609375
1054208,1949,1230.0,0,1,45.0,0.8501560091972351,0.0001,16464,-0.004800176451681182,-0.026914176289210445,4.837388192303479,0.5063742399215698,0.2,0.0020361326,-30.483863540515305,0.011962890625
1054720,1795,1290.5,0,1,45.0,0.8484129905700684,0.0001,16472,-0.006121893777162768,-0.02975401920321019,3.865731389261782,0.5057223737239838,0.2,0.012917312,-22.62631627678871,0.02734375
1055232,1836,1284.0,0,1,45.0,0.47457897663116455,0.0001,16480,-0.008713814153452404,-0.04204192867473466,3.6350708436220884,0.5056888461112976,0.2,0.008863771,-16.134997055605055,0.036865234375
1055744,1726,1263.0,0,1,45.0,0.8050035834312439,0.0001,16488,-0.008780100106378086,-0.046383146895095706,3.8328388407826424,0.591497153043747,0.2,0.0082967,-12.972604870423675,0.02734375
1056256,1432,1232.0,0,1,45.0,0.7915048003196716,0.0001,16496,-0.009355735823191935,-0.07831379570416175,3.8853936451487243,0.4493866562843323,0.2,0.007880736,-12.888073654845357,0.037353515625
1056768,1805,1235.0,0,1,45.0,0.3096046447753906,0.0001,16504,-0.005072825038951123,-0.034677445068155066,2.5680500245653093,0.5561389625072479,0.2,0.010438512,-13.170325511544943,0.023681640625
1057280,1990,1262.5,0,1,45.0,0.35203102231025696,0.0001,16512,-0.002943804991446086,-0.02605163930729759,1.863798489794135,0.5079862177371979,0.2,0.001913177,-13.607067988440395,0.009521484375
1057792,1693,1308.5,0,1,45.0,0.18338438868522644,0.0001,16520,-0.005740055174101144,-0.020040166016769945,1.6098770974203944,0.2957614064216614,0.2,0.01965957,-14.422762589901685,0.014404296875
1058304,1916,1288.0,0,1,45.0,0.4796956777572632,0.0001,16528,-0.006017654843162745,-0.06321580193616683,2.8219752619042993,0.3875848054885864,0.2,0.011036251,-15.860428158119321,0.034912109375
1058816,1979,1263.5,0,1,45.0,0.3998028635978699,0.0001,16536,-0.003104070434346795,-0.026317995600038557,2.047522978624329,-0.41840529441833496,0.2,0.015002208,-16.419244371019303,0.021484375
1059328,1992,1242.0,0,1,45.0,3.2114222049713135,0.0001,16544,-0.011492175268358551,-0.04201433930120402,6.934040405787528,0.18951064348220825,0.2,0.007190204,-17.104376756735146,0.03857421875
1059840,1954,1238.0,0,1,45.0,0.47406840324401855,0.0001,16552,-0.004104290113900788,-0.0253028695951798,3.2115371762774885,-0.3470339775085449,0.2,0.0025123942,-16.650815447755157,0.01220703125
1060352,1911,1222.0,0,1,45.0,0.34273526072502136,0.0001,16560,-0.005194497709453572,-0.02705794366693226,2.474277769215405,0.2981374263763428,0.2,0.018799558,-15.84674393605441,0.0224609375
1060864,2045,1244.5,0,1,45.0,0.44798627495765686,0.0001,16568,-0.008916646116631455,-0.03536562009048794,1.9610538862179965,0.4875361919403076,0.2,0.008308351,-14.734622356258333,0.025634765625
1061376,1528,1259.0,0,1,45.0,0.26475220918655396,0.0001,16576,-0.004365435037470888,-0.03213635431666262,1.3214343313593417,0.5671654939651489,0.2,0.01236533,-14.068463197983801,0.021728515625
1061888,2283,1134.5,0,1,45.0,0.12343310564756393,0.0001,16584,-0.001798726665583672,-0.017487358477410453,0.9783906227094121,0.6262342631816864,0.2,0.0034224812,-13.00902989756316,0.008544921875
1062400,1845,1155.5,0,1,45.0,0.25795412063598633,0.0001,16592,-0.008811315776256379,-0.024622595186428953,1.2427642977563664,0.37477660179138184,0.2,0.0038013202,-12.821690059565007,0.02587890625
1062912,1917,1154.0,0,1,45.0,0.9258726835250854,0.0001,16600,-0.006875934719573706,-0.06592224280029768,3.570947222877294,0.4354446530342102,0.2,0.006815196,-13.04946729745716,0.027587890625
1063424,2003,1115.5,0,1,45.0,0.21948254108428955,0.0001,16608,-0.004958785892085871,-0.026080416080731084,1.577824089443311,0.42941612005233765,0.2,0.0067580366,-13.557964483574032,0.012451171875
1063936,1978,1163.0,0,1,45.0,0.5024112462997437,0.0001,16616,-0.017458815134887118,-0.05282130153500475,4.481409834697843,0.4948214888572693,0.2,0.055351652,-14.381831720098853,0.051513671875
1064448,1734,1175.5,0,1,45.0,0.10792425274848938,0.0001,16624,-0.0034577608821564354,-0.02911048976420716,1.3407448005164042,0.6581403613090515,0.2,0.010290324,-15.625528247356415,0.01416015625
1064960,1889,1204.0,0,1,45.0,0.26082757115364075,0.0001,16632,-0.007325719026994193,-0.05099230492305651,1.8163737589493394,0.4780317544937134,0.2,0.017256834,-16.6795435115695,0.043701171875
1065472,1964,1181.5,0,1,45.0,0.1479010283946991,0.0001,16640,-0.008098395504930522,-0.032155393668290344,1.5396628177259117,0.2815690040588379,0.2,0.016615909,-17.727674575522542,0.026611328125
1065984,1595,1178.0,0,1,45.0,0.08437000215053558,0.0001,16648,-0.007192363864305662,-0.023616392445546808,1.2590329311788082,0.6490577459335327,0.2,0.014636495,-18.508656738176942,0.022705078125
1066496,2014,1215.5,0,1,45.0,0.24599707126617432,0.0001,16656,-0.002926096029113978,-0.021007762707995425,1.3337926003150642,-0.008369207382202148,0.2,0.008677926,-18.732864095419647,0.01171875
1067008,1913,1187.0,0,1,45.0,0.3105224370956421,0.0001,16664,-0.005227087349339854,-0.027734772997064283,1.5483321712817997,0.5747548937797546,0.2,0.011697715,-18.27816812336445,0.02490234375
1067520,1989,1206.0,0,1,45.0,0.9223585724830627,0.0001,16672,-0.00520443994901143,-0.03402797002763691,2.2990522352047265,0.4420859217643738,0.2,0.007675237,-17.13802367001772,0.0224609375
1068032,1841,1215.5,0,1,45.0,0.3672868013381958,0.0001,16680,-0.004392625298351049,-0.025071448744711233,2.303736471803859,0.49576473236083984,0.2,0.0030786616,-15.50026933759451,0.0146484375
1068544,1884,1197.5,0,1,45.0,0.413634330034256,0.0001,16688,-0.004146465900703333,-0.033338343423565675,1.6257358422735706,0.3525139093399048,0.2,0.0048626,-13.972166492342948,0.021240234375
1069056,1895,1147.5,0,1,45.0,0.09051992744207382,0.0001,16696,-0.003336108449730091,-0.02224659274361329,1.2494905757484958,0.6638441681861877,0.2,0.005750521,-12.928883413225412,0.01123046875
1069568,1915,1129.5,0,1,45.0,0.23479580879211426,0.0001,16704,-0.00732988558957004,-0.03136789959808084,1.3312921243486926,0.5982183218002319,0.2,0.01965634,-11.954682880043983,0.02783203125
1070080,1862,1147.0,0,1,45.0,0.09806011617183685,0.0001,16712,-0.004073402076755883,-0.024325541129655903,1.101095059828367,0.5859848260879517,0.2,0.012337215,-11.074999020621181,0.025634765625
1070592,2140,1085.0,0,1,45.0,0.14940093457698822,0.0001,16720,-0.0032291036868628,-0.028610118615688407,1.1354059680597857,0.7357887923717499,0.2,0.021146957,-10.93797814130783,0.01806640625
1071104,1536,1077.5,0,1,45.0,0.5958969593048096,0.0001,16728,-0.0056001247867243364,-0.02135000619591665,1.3317482076818123,0.48176753520965576,0.2,0.026119314,-11.388485937342047,0.015869140625
1071616,1973,1078.5,0,1,45.0,0.20403897762298584,0.0001,16736,-0.0055474043256253935,-0.03446805370003858,1.6571577170398086,0.49603068828582764,0.2,0.010096394,-12.253135878145695,0.02490234375
1072128,2037,1045.5,0,1,45.0,0.17413993179798126,0.0001,16744,-0.007509038307034643,-0.04085071616918867,1.2886164599331096,0.406668484210968,0.2,0.023536816,-13.232338164262474,0.025146484375
1072640,1864,1037.0,0,1,45.0,0.36833757162094116,0.0001,16752,-0.008416507058427669,-0.03179859054080225,1.8151142217684537,0.6056035757064819,0.2,0.019236302,-14.865255196504295,0.02783203125
1073152,1853,1056.0,0,1,45.0,1.7954862117767334,0.0001,16760,-0.006885113012685906,-0.05059421448095236,5.561585225630552,0.35142701864242554,0.2,0.009797442,-16.490236342959108,0.0302734375
1073664,1833,1113.5,0,1,45.0,0.2262108027935028,0.0001,16768,-0.002986728221003432,-0.03490267651795875,2.4505068361759186,0.6149753332138062,0.2,0.0065309554,-17.55426748793572,0.013671875
1074176,1713,1114.5,0,1,45.0,0.12664476037025452,0.0001,16776,-0.0053950840956531465,-0.03588486161038418,1.4094221434788778,0.5862148106098175,0.2,0.007579482,-18.39741798426956,0.0224609375
1074688,1948,1129.0,0,1,45.0,0.33831682801246643,0.0001,16784,-0.0063926769071258605,-0.03211957575967972,1.551732029300183,0.6831083297729492,0.2,0.0054254746,-18.781010886467993,0.0166015625
1075200,1845,1207.0,0,1,45.0,0.15211033821105957,0.0001,16792,-0.004516804835020594,-0.027256229690010514,1.186440236051567,0.40325915813446045,0.2,0.02072526,-18.686346883773805,0.020263671875
1075712,1772,1194.5,0,1,45.0,0.6539031267166138,0.0001,16800,-0.0014048744578758487,-0.02695361196970225,15.7170240432024,0.18104338645935059,0.2,0.0012658411,-18.706410262174906,0.005615234375
1076224,1954,1223.5,0,1,45.0,0.5514435768127441,0.0001,16808,-0.00535590985964518,-0.03645738110390084,4.188326283823699,0.11604785919189453,0.2,0.011198927,-17.89158780101687,0.0185546875
1076736,1859,1297.5,0,1,45.0,0.2927369177341461,0.0001,16816,-0.0018018065711657982,-0.02336816245224327,2.393602965399623,0.28728652000427246,0.2,0.016406905,-17.00480997622013,0.013671875
1077248,1842,1328.5,0,1,45.0,0.3186281621456146,0.0001,16824,-0.003917352525604656,-0.03189040409961308,2.0678536421619356,0.6128668487071991,0.2,0.0028308998,-15.909002612605692,0.016357421875
1077760,1856,1304.5,0,1,45.0,0.538237988948822,0.0001,16832,-0.004056826172018191,-0.035301118567531375,2.802983603440225,0.37076741456985474,0.2,0.005031906,-14.644090076312423,0.023681640625
1078272,1872,1295.0,0,1,45.0,0.2798885405063629,0.0001,16840,-0.0028614544426091015,-0.02315103116507089,1.8664335026405752,0.5928943753242493,0.2,0.0059683286,-14.367787103131413,0.01416015625
1078784,1860,1285.5,0,1,45.0,0.2425796389579773,0.0001,16848,-0.0055213182531588245,-0.027017130763852037,2.065547105157748,0.6197748184204102,0.2,0.004349263,-14.121642256826162,0.0185546875
1079296,1832,1321.5,0,1,45.0,0.20604649186134338,0.0001,16856,-0.0038907416455913335,-0.019644722024168004,1.2690790594788268,0.7029181122779846,0.2,0.0038416765,-14.175986966900528,0.013671875
1079808,1572,1306.5,0,1,45.0,0.2420830875635147,0.0001,16864,-0.004439386757439934,-0.029483373022230808,1.56711897009518,0.6332333385944366,0.2,0.0059230514,-14.284741404466331,0.020751953125
1080320,1908,1297.0,0,1,45.0,0.13703563809394836,0.0001,16872,-0.006157966658065561,-0.019840481586015812,1.1782954861409962,0.7575431615114212,0.2,0.01788298,-13.85971875987947,0.02294921875
1080832,1885,1317.5,0,1,45.0,0.17371442914009094,0.0001,16880,-0.0057315133162774146,-0.028941155380380224,1.7183580152923241,0.5870515406131744,0.2,0.007696203,-14.304667704626917,0.018310546875
1081344,1998,1269.0,0,1,45.0,0.19389565289020538,0.0001,16888,-0.002927164699030982,-0.01585050985613634,1.6440303983399644,0.35372793674468994,0.2,0.003058779,-14.645695671513677,0.009765625
1081856,1951,1267.5,0,1,45.0,0.15122199058532715,0.0001,16896,-0.002542232607083861,-0.01647468185183243,1.1075572897680104,0.663154661655426,0.2,0.001762774,-14.973308440819382,0.008544921875
1082368,1798,1245.0,0,1,45.0,0.21612510085105896,0.0001,16904,-0.004642273641366046,-0.01884586207461325,3.3507691640406847,0.33106350898742676,0.2,0.0041593974,-15.152177782654762,0.01025390625
1082880,1871,1236.0,0,1,45.0,0.5043070316314697,0.0001,16912,-0.004651182935049292,-0.015656487787055084,2.1030092637520283,0.5175606608390808,0.2,0.016267894,-14.935193366110324,0.0166015625
1083392,2001,1208.0,0,1,45.0,0.187343567609787,0.0001,16920,-0.002802442675601924,-0.019754866888433753,1.7395120179280639,0.6790680885314941,0.2,0.0062631266,-14.74874254733324,0.0087890625
1083904,1962,1194.5,0,1,45.0,0.917121410369873,0.0001,16928,-0.00650265252625104,-0.018730382596004347,1.5381495609181002,0.5577981770038605,0.2,0.010574697,-15.08957896500826,0.016845703125
1084416,1624,1163.0,0,1,45.0,0.09192533046007156,0.0001,16936,-0.0022443461402872344,-0.013057330513220222,0.7753840835066512,0.6708833277225494,0.2,0.035521284,-15.00315924219787,0.008544921875
1084928,1973,1163.0,0,1,45.0,0.09634298086166382,0.0001,16944,-0.0029000877548241988,-0.014545137022651033,1.0088282756041735,0.5038659870624542,0.2,0.008225589,-14.787244622632862,0.010498046875
1085440,1872,1169.0,0,1,45.0,0.06610928475856781,0.0001,16952,-0.003628683727583848,-0.014058660072805651,0.8972305984352715,0.47943544387817383,0.2,0.005455475,-14.716902203559876,0.0087890625
1085952,1874,1234.0,0,1,45.0,0.11773083359003067,0.0001,16960,-0.0015239771746564656,-0.011158486078784335,0.7618400080827996,0.7382603585720062,0.2,0.0053927368,-14.442149760313333,0.005859375
1086464,1965,1232.0,0,1,45.0,1.5862988233566284,0.0001,16968,-0.004630543917301111,-0.014638488266882632,2.751237958204001,0.6232702434062958,0.2,0.010932422,-14.560143171586096,0.014892578125
1086976,1772,1245.5,0,1,45.0,0.07112491875886917,0.0001,16976,-0.0023127544918679632,-0.007717615550063783,0.9042295910185203,0.7000070810317993,0.2,0.010945704,-14.76536304090172,0.0078125
1087488,1972,1226.5,0,1,45.0,0.24144315719604492,0.0001,16984,-0.004526197679297184,-0.01749899461356108,1.4842101228423417,0.6399093866348267,0.2,0.007886863,-14.606065320931375,0.01416015625
1088000,1775,1225.0,0,1,45.0,0.07069261372089386,0.0001,16992,-0.0011859887526952662,-0.010870090983189584,1.1918053370318376,0.4759063720703125,0.2,0.0016069491,-14.924585636742414,0.007568359375
1088512,2124,1207.0,0,1,45.0,0.06433522701263428,0.0001,17000,-0.004159672549576499,-0.012411144562520349,0.6658962908550166,0.7956179231405258,0.2,0.031078003,-14.77466725911945,0.022216796875
1089024,2082,1172.0,0,1,45.0,0.039832599461078644,0.0001,17008,-0.0026998511311830953,-0.009987051505504496,0.592187151662074,0.5456101596355438,0.2,0.0047903876,-14.697750675193966,0.005615234375
1089536,1596,1182.5,0,1,45.0,0.07789212465286255,0.0001,17016,-0.0029740728641627356,-0.015347245899647532,0.8137897639535367,0.776627391576767,0.2,0.0016236099,-14.655365855954587,0.007568359375
1090048,1816,1187.0,0,1,45.0,0.08162721246480942,0.0001,17024,-0.0009475951592321508,-0.010370870696078782,0.9979010237148032,0.42853373289108276,0.2,0.007148046,-14.495862301699818,0.00732421875
1090560,1925,1145.5,0,1,45.0,0.10739760100841522,0.0001,17032,-0.002160887663194444,-0.009550530320211692,0.9213803229504265,0.7894581407308578,0.2,0.002680532,-14.271626983806492,0.006103515625
1091072,1992,1111.0,0,1,45.0,0.08510365337133408,0.0001,17040,-0.003447442293690983,-0.012131576192132343,0.5235441544209607,0.7885728478431702,0.2,0.007838642,-13.977952135130764,0.0146484375
1091584,1959,1099.5,0,1,45.0,0.10055693238973618,0.0001,17048,-0.0016299088601954281,-0.008993099306280783,0.6378963806782849,0.7504680752754211,0.2,0.0035615289,-13.657360834777355,0.00830078125
1092096,1976,1099.5,0,1,45.0,0.0690392553806305,0.0001,17056,-0.004748429928440601,-0.013977243950648699,0.6141334458079655,0.7138295769691467,0.2,0.0076420167,-13.195838142894209,0.01513671875
1092608,1853,1158.5,0,1,45.0,0.02728981524705887,0.0001,17064,-0.0008588545679231174,-0.008312407554058154,0.42105072252161335,0.7723866850137711,0.2,0.0020397028,-12.844849404282868,0.00341796875
1093120,2116,1162.5,0,1,45.0,0.09962669014930725,0.0001,17072,-0.0020938275192747824,-0.010415928054271717,0.7353773127833847,0.8459792733192444,0.2,0.01160066,-12.645770396105945,0.014404296875
1093632,1879,1228.0,0,1,45.0,0.05852121487259865,0.0001,17080,-0.004740262898849323,-0.007965302325828816,0.5400579870329238,0.6059162318706512,0.2,0.008192696,-12.79312166582793,0.0107421875
1094144,1479,1228.0,0,1,45.0,0.14649586379528046,0.0001,17088,-0.006160017575894017,-0.02013113223347318,1.0583033465081826,0.7060352265834808,0.2,0.0058694812,-12.910998467691243,0.020751953125
1094656,1812,1261.0,0,1,45.0,1.8677222728729248,0.0001,17096,-0.00546274678708869,-0.021147614687833993,6.191593636292964,0.4152976870536804,0.2,0.005690034,-13.776387950815261,0.0166015625
1095168,1885,1287.5,0,1,45.0,0.09234610944986343,0.0001,17104,-0.004603606492310064,-0.01600684190452739,0.99348365876358,0.7522956430912018,0.2,0.0030371118,-14.173536306731403,0.011962890625
1095680,1791,1366.5,0,1,45.0,0.5803570747375488,0.0001,17112,-0.0037796437900396995,-0.019102332094917074,2.2195793993305415,0.6160852313041687,0.2,0.016336324,-14.918252271600068,0.018798828125
1096192,1848,1351.0,0,1,45.0,0.2048913836479187,0.0001,17120,-0.0031903668423183262,-0.02010381396576122,2.8154513821937144,0.584932416677475,0.2,0.0040300614,-15.792364474199712,0.008056640625
1096704,1717,1359.0,0,1,45.0,0.29737409949302673,0.0001,17128,-0.005973700393951731,-0.02545806731131961,1.1887170834233984,0.22349566221237183,0.2,0.009131921,-16.384713013246657,0.02392578125
1097216,1796,1326.5,0,1,45.0,0.17777881026268005,0.0001,17136,-0.0034753582112898584,-0.023997383282221563,1.642241072957404,0.7044686377048492,0.2,0.0078193825,-16.713312752246857,0.01611328125
1097728,2015,1372.5,0,1,45.0,0.6361976265907288,0.0001,17144,-0.0200837070151465,-0.043687180715096474,4.190724949585274,0.5195529460906982,0.2,0.0997316,-17.039788751006128,0.047119140625
1098240,1711,1354.5,0,1,45.0,0.13008105754852295,0.0001,17152,-0.005469395415275358,-0.03325256928928866,1.292354337288998,0.48055362701416016,0.2,0.022030516,-16.727880618721247,0.02783203125
1098752,1930,1366.5,0,1,45.0,0.4797896444797516,0.0001,17160,-0.00902735745330574,-0.04515152249405219,2.371808523312211,0.37948083877563477,0.2,0.029289212,-16.809970303848385,0.037841796875
1099264,1758,1318.0,0,1,45.0,0.22465085983276367,0.0001,17168,-0.005743354933656519,-0.02853397434046201,2.0407962964382023,0.1223408579826355,0.2,0.013300196,-16.347922723144293,0.024169921875
1099776,1961,1281.5,0,1,45.0,0.18294459581375122,0.0001,17176,-0.003856414321489865,-0.02499958395583235,1.1312460683984682,0.7973549664020538,0.2,0.016393283,-16.29157604776323,0.01904296875
1100288,1801,1258.5,0,1,45.0,0.34808892011642456,0.0001,17184,-0.003023479235707782,-0.015380388678750023,1.5181007776409388,0.7242518663406372,0.2,0.005869545,-15.751287387758493,0.008056640625
1100800,1866,1281.5,0,1,45.0,0.24369989335536957,0.0001,17192,-0.0020943935596733354,-0.022545810047631676,1.5973259812453762,0.6898822784423828,0.2,0.0027908485,-15.41813796915114,0.008544921875
1101312,1853,1269.0,0,1,45.0,0.3143121898174286,0.0001,17200,-0.003446240421908442,-0.030700717300078395,2.0766593031585217,0.6684738099575043,0.2,0.009905936,-15.021619374081492,0.012939453125
1101824,1895,1255.5,0,1,45.0,0.24718081951141357,0.0001,17208,-0.0024705042524146847,-0.02797020446996612,2.035368950339034,0.5889682471752167,0.2,0.0068652895,-14.439889247342943,0.01904296875
1102336,2124,1222.0,0,1,45.0,0.3099319338798523,0.0001,17216,-0.0020423256573849358,-0.019109518822006066,1.8319886606186628,0.5967918038368225,0.2,0.0012629532,-13.932219058424234,0.008544921875
1102848,1474,1218.0,0,1,45.0,0.33685556054115295,0.0001,17224,-0.006374719247105531,-0.02790792298492306,1.6807634979486465,0.7320024967193604,0.2,0.014660995,-13.416823564246297,0.01806640625
1103360,2042,1191.0,0,1,45.0,0.2978799641132355,0.0001,17232,-0.0018310986415599473,-0.026855477888602763,1.7769368418958038,0.6806683242321014,0.2,0.0034599286,-12.98769509896636,0.0146484375
1103872,1989,1160.5,0,1,45.0,0.30157142877578735,0.0001,17240,-0.003907970341970213,-0.019813570739643183,1.8452089334605262,0.5472564697265625,0.2,0.0104341265,-12.661923054233194,0.014892578125
1104384,2125,1155.0,0,1,45.0,0.07427401095628738,0.0001,17248,-0.003048743388717412,-0.022826571714631427,1.110673511197092,0.7346227467060089,0.2,0.008340728,-12.640136040449143,0.01806640625
1104896,1879,1101.0,0,1,45.0,0.10964981466531754,0.0001,17256,-0.003455337035120465,-0.017388658414347447,0.7989422167302109,0.7054838240146637,0.2,0.0089026615,-12.583335915058852,0.01025390625
1105408,1816,1085.5,0,1,45.0,0.2713213562965393,0.0001,17264,-0.005374448497605044,-0.022991192839072028,1.4154219501651824,0.46246063709259033,0.2,0.006752372,-12.620625111684204,0.016845703125
1105920,1928,1094.0,0,1,45.0,0.17739056050777435,0.0001,17272,-0.004726623756141635,-0.025458592394898005,1.328791081905365,0.6828389763832092,0.2,0.0052539115,-12.738332947269082,0.021728515625
1106432,1990,1069.5,0,1,45.0,0.339293509721756,0.0001,17280,-0.004688945431553293,-0.024723233372696996,1.7114742111880332,0.6927576065063477,0.2,0.0037837832,-13.178883673399687,0.0146484375
1106944,2177,1044.0,0,1,45.0,0.289848655462265,0.0001,17288,-0.001633898795262212,-0.014340948866447434,2.1080257515423,0.4931902289390564,0.2,0.0055250893,-13.920801663324237,0.0068359375
1107456,2055,1020.0,0,1,45.0,0.6502009630203247,0.0001,17296,-0.003993526035628747,-0.022191256569385587,2.7135540023446083,0.5100278556346893,0.2,0.010572384,-15.076937111318111,0.010986328125
1107968,1517,983.5,0,1,45.0,0.40249332785606384,0.0001,17304,-0.0024675462336745113,-0.019687792817421723,2.6404603621922433,0.5532939434051514,0.2,0.0015197749,-15.797281596362591,0.008056640625
1108480,1901,1048.5,0,1,45.0,0.4407419264316559,0.0001,17312,-0.0049166044482262805,-0.02054369357665564,2.3148304033093154,0.5652168095111847,0.2,0.010714272,-16.54093130238354,0.0166015625
1108992,2102,1042.5,0,1,45.0,0.2329511046409607,0.0001,17320,-0.004192411270196317,-0.022092782359322882,1.7784520599525422,0.6618882417678833,0.2,0.008533167,-16.51709638744593,0.0166015625
1109504,1842,1086.5,0,1,45.0,0.3111203610897064,0.0001,17328,-0.0035614872322184965,-0.015872461704930174,2.2223682950716466,0.6129969954490662,0.2,0.0045009134,-16.723383733928202,0.0107421875
1110016,1926,1094.0,0,1,45.0,0.1227310448884964,0.0001,17336,-0.0040745183869148605,-0.025955998143217585,1.5332364258356392,0.6658922731876373,0.2,0.005388093,-16.504719321280717,0.015625
1110528,1778,1093.0,0,1,45.0,0.09249886870384216,0.0001,17344,-0.0036578502658812795,-0.021245184563667863,0.9947201052273158,0.7251757383346558,0.2,0.0065595647,-16.407733083739878,0.016357421875
1111040,2067,1117.5,0,1,45.0,0.20150958001613617,0.0001,17352,-0.005284064231091179,-0.024439365794023615,1.0367325025144964,0.7161763310432434,0.2,0.0032755043,-16.27831925742328,0.014404296875
1111552,2009,1151.5,0,1,45.0,0.14852122962474823,0.0001,17360,-0.004278747826901963,-0.026794355897436617,0.8821833246620372,0.5702779591083527,0.2,0.0040875096,-15.990820169523358,0.020751953125
1112064,2098,1160.0,0,1,45.0,0.19723738729953766,0.0001,17368,-0.002514754105504835,-0.01997494584247761,1.1066903293831274,0.45768314599990845,0.2,0.00335522,-15.412712133154272,0.010498046875
1112576,1855,1174.0,0,1,45.0,0.2511966824531555,0.0001,17376,-0.006260527567064855,-0.02648651920753764,0.9032760625705123,0.6389548778533936,0.2,0.041400723,-14.76285255536437,0.024658203125
1113088,1589,1147.0,0,1,45.0,0.428337961435318,0.0001,17384,0.003534592437063111,-0.03689825193305296,4.475346994586289,0.6121662557125092,0.2,0.030312134,-14.819464521333575,0.028564453125
1113600,1726,1192.5,0,1,45.0,0.1952497512102127,0.0001,17392,-0.005669202662829775,-0.020093567606636498,1.0608165888115764,0.4754984378814697,0.2,0.07460707,-14.62823020592332,0.0205078125
1114112,1889,1199.5,0,1,45.0,0.9009934067726135,0.0001,17400,-0.00384305244369898,-0.036237806630197156,11.156496884301305,0.6096068322658539,0.2,0.002936657,-14.846657043844461,0.021240234375
1114624,1967,1200.5,0,1,45.0,0.12108607590198517,0.0001,17408,-0.0032013694071792997,-0.023544266415228776,1.6843347476096824,0.47034507989883423,0.2,0.0038854242,-14.425055900365114,0.010986328125
1115136,1761,1211.0,0,1,45.0,0.09497363865375519,0.0001,17416,-0.0019881365733454004,-0.01759082146190849,1.0873207105323672,0.5274814665317535,0.2,0.0045223227,-13.820111751630902,0.010009765625
1115648,2175,1188.5,0,1,45.0,0.1686214953660965,0.0001,17424,-0.003339029513881542,-0.02715927770759663,1.189177695196122,0.6320472955703735,0.2,0.014126191,-13.238905496150256,0.01806640625
1116160,2001,1146.0,0,1,45.0,0.026478877291083336,0.0001,17432,-0.0038175920853973366,-0.018313596311145375,0.44836126956215594,0.6818751692771912,0.2,0.012098854,-13.001202562451363,0.013671875
1116672,2122,1118.0,0,1,45.0,0.10485709458589554,0.0001,17440,-0.005936036402999889,-0.02680668617995252,1.300145145971328,0.4111591577529907,0.2,0.007703969,-13.30201395124197,0.018310546875
1117184,1848,1150.5,0,1,45.0,0.172300323843956,0.0001,17448,-0.0003648797355708666,-0.0192932114573523,1.0009799828985706,0.6781564652919769,0.2,0.033138774,-13.707441953346134,0.011962890625
1117696,1501,1146.5,0,1,45.0,0.3023790121078491,0.0001,17456,-0.0012309306621318683,-0.027586804948441568,1.3915652674622834,0.7980533391237259,0.2,0.006120881,-14.001057602092624,0.016357421875
1118208,1776,1127.0,0,1,45.0,0.3244585394859314,0.0001,17464,-0.002965626132208854,-0.020814360868826043,1.9949599173851311,0.5008546710014343,0.2,0.0029054172,-14.289468260109425,0.008056640625
1118720,1860,1115.5,0,1,45.0,0.41872262954711914,0.0001,17472,-0.0025454224632994737,-0.02357858339246377,2.984488119604066,0.5943628549575806,0.2,0.0005724542,-14.779025777727366,0.008544921875
1119232,1819,1153.0,0,1,45.0,0.3766835629940033,0.0001,17480,-0.004438867963472148,-0.028314627370491507,1.5503163230605423,0.6863997876644135,0.2,0.014998747,-15.850269406214357,0.01904296875
1119744,1815,1158.5,0,1,45.0,0.09457788616418839,0.0001,17488,-0.005792161426143139,-0.041985495087828895,1.5997743955813348,0.6733215749263763,0.2,0.0043642973,-16.919398605525494,0.0283203125
1120256,2045,1204.0,0,1,45.0,0.34333497285842896,0.0001,17496,-0.005635548783175182,-0.03611589918455138,1.4464275219943374,0.5889849662780762,0.2,0.0033382548,-17.813713985681535,0.026123046875
1120768,1856,1274.5,0,1,45.0,0.05838744342327118,0.0001,17504,-0.007507116355554899,-0.03244243975041172,1.0316058186872397,0.5493375957012177,0.2,0.006773917,-17.942913041748106,0.02587890625
1121280,1891,1308.5,0,1,45.0,0.05837034434080124,0.0001,17512,-0.005144854854734149,-0.03374777094904857,0.9186856988235377,0.6864009201526642,0.2,0.008795317,-17.773201567791403,0.020751953125
1121792,1746,1312.5,0,1,45.0,0.16033785045146942,0.0001,17520,-0.0046069420568528585,-0.03983496175442269,0.9975846688030288,0.43635129928588867,0.2,0.0071161864,-17.19582357015461,0.02099609375
1122304,1992,1356.0,0,1,45.0,0.3071049749851227,0.0001,17528,-0.006849407436675392,-0.038259904323240335,1.5790798228699714,0.8237457573413849,0.2,0.00827661,-16.72414628122002,0.03173828125
1122816,1842,1321.0,0,1,45.0,0.20176777243614197,0.0001,17536,-0.003025907790288329,-0.01631321072409264,1.6046590716578066,0.6758127808570862,0.2,0.0065850914,-16.033492349646984,0.0048828125
1123328,1890,1282.0,0,1,45.0,0.2417261004447937,0.0001,17544,-0.0027582167294895044,-0.024847279308232828,2.354672571644187,0.5272697806358337,0.2,0.002718721,-15.56178379189223,0.007080078125
1123840,1777,1264.5,0,1,45.0,0.2491798847913742,0.0001,17552,-0.002595199264760595,-0.031404441404447425,2.1592387238051742,0.590560108423233,0.2,0.0045570387,-15.19849947359413,0.0107421875
1124352,1959,1272.5,0,1,45.0,0.10002167522907257,0.0001,17560,-0.0030317544769786764,-0.03422216423950886,1.4293925917008892,0.6299893260002136,0.2,0.0068118894,-14.534018508829176,0.01806640625
1124864,2136,1263.5,0,1,45.0,0.13426142930984497,0.0001,17568,-0.0075422943009471055,-0.03426809122720442,0.817177799763158,0.6625691652297974,0.2,0.012207368,-14.33757582385093,0.029296875
1125376,1838,1264.5,0,1,45.0,-0.0019981302320957184,0.0001,17576,-0.0030184329189069103,-0.0265069907745783,0.8495988425420364,0.4201551675796509,0.2,0.011760763,-14.132822172045708,0.0166015625
1125888,1897,1260.5,0,1,45.0,0.21876747906208038,0.0001,17584,-0.004642394746042555,-0.034585247358336346,1.6972244685748592,0.34473609924316406,0.2,0.0145259015,-14.076980099342764,0.020751953125
1126400,1470,1260.5,0,1,45.0,0.08309139311313629,0.0001,17592,-0.0033280036404903512,-0.06956569302201387,1.2970769912935793,0.2973613739013672,0.2,0.08903502,-14.326298968605697,0.056396484375
1126912,1989,1238.0,0,1,45.0,103.85688781738281,0.0001,17600,0.0020732387420139275,-0.2804387069772929,389.8354440331459,0.06710600852966309,0.2,0.0077812755,-22.57961926560849,0.23095703125
1127424,1795,1275.5,0,1,45.0,72.19464111328125,0.0001,17608,-0.019805503681709524,-0.3224238312104717,311.98071932792664,0.3509905934333801,0.2,0.00932854,-30.79986691083759,0.167236328125
1127936,1853,1315.5,0,1,45.0,18.82204246520996,0.0001,17616,-0.01632565643376438,-0.17859108338598162,74.71744766831398,0.5395479202270508,0.2,0.030855523,-34.8910493921116,0.142822265625
1128448,1887,1295.0,0,1,45.0,18.75484275817871,0.0001,17624,-0.025359661602124106,-0.07875917378987651,30.15994706004858,0.30072516202926636,0.2,0.098058306,-37.00060501810163,0.052001953125
1128960,1965,1312.5,0,1,45.0,0.8034716844558716,0.0001,17632,-0.0021865394519409165,-0.04664924060489284,6.292251922190189,0.5561441481113434,0.2,0.009259868,-37.57731067378074,0.01416015625
1129472,1978,1264.0,0,1,45.0,2.4380288124084473,0.0001,17640,-0.004865267183049582,-0.03851410663628485,8.449956489726901,0.4777701497077942,0.2,0.0027148852,-37.656728537492455,0.017333984375
1129984,1845,1263.0,0,1,45.0,3.5643434524536133,0.0001,17648,-0.005210226678173058,-0.035526370114894235,8.77319717220962,0.3651863932609558,0.2,0.0052305274,-37.793233906701204,0.018310546875
1130496,1677,1261.0,0,1,45.0,1.5497169494628906,0.0001,17656,-0.004208061767712934,-0.042924690518702846,7.178111802786589,0.27046215534210205,0.2,0.0054891645,-37.608938419893384,0.01806640625
1131008,1419,1286.0,0,1,45.0,0.7620260119438171,0.0001,17664,-0.004679035097069573,-0.035074555740720825,6.408252104185522,0.5024406015872955,0.2,0.0059454045,-35.89917341791093,0.01318359375
1131520,1879,1237.5,0,1,45.0,0.5695399641990662,0.0001,17672,-0.0028823586108046584,-0.025674969741885434,5.200495703145862,0.4432223439216614,0.2,0.0038130619,-26.815504532903432,0.011474609375
1132032,1830,1187.5,0,1,45.0,1.782747507095337,0.0001,17680,-0.00781305070995586,-0.046054787865614344,16.37863519974053,0.3517313599586487,0.2,0.009551984,-20.36317787066102,0.025146484375
1132544,1906,1206.0,0,1,45.0,1.219303011894226,0.0001,17688,-0.004423862374096643,-0.03783989008206845,6.3411552822217345,-0.10844862461090088,0.2,0.007923009,-16.71480490528047,0.019775390625
1133056,1804,1267.5,0,1,45.0,1.0375208854675293,0.0001,17696,-0.001608832950296346,-0.023168527178313525,4.3179778242483735,0.2686452269554138,0.2,0.0016262328,-14.680806960761547,0.00732421875
1133568,2001,1255.0,0,1,45.0,1.2759016752243042,0.0001,17704,-0.006466683931648731,-0.036646200587711064,4.037166740745306,0.4576228857040405,0.2,0.008850513,-14.787682099193335,0.026611328125
1134080,1789,1258.5,0,1,45.0,0.9423432350158691,0.0001,17712,-0.0034171006773249246,-0.02210222013945895,3.65132955648005,0.11607789993286133,0.2,0.013616703,-14.57384652197361,0.017822265625
1134592,1994,1244.5,0,1,45.0,0.6023133993148804,0.0001,17720,-0.004037254984723404,-0.029044176182651427,2.704533594660461,0.575398862361908,0.2,0.0018264663,-14.840060100629925,0.017333984375
1135104,1833,1224.5,0,1,45.0,0.43578168749809265,0.0001,17728,-0.0077227943038451485,-0.017558526103130134,2.622981609776616,0.3703979253768921,0.2,0.0066618696,-15.319496023580433,0.016845703125
1135616,1473,1199.0,0,1,45.0,0.2125074416399002,0.0001,17736,-0.0024827945526340045,-0.015170177154232078,1.8155175065621734,0.486533522605896,0.2,0.004643904,-15.503123487159609,0.0107421875
1136128,1814,1231.5,0,1,45.0,0.2768838107585907,0.0001,17744,-0.004255647450918332,-0.019169059513842512,1.2252258447697386,0.5947292149066925,0.2,0.008168297,-15.831096405014396,0.01611328125
1136640,1963,1236.5,0,1,45.0,0.1643756777048111,0.0001,17752,-0.001892359992780257,-0.01993997453337215,1.6108456504298374,0.6485234797000885,0.2,0.0055492492,-15.550715651288629,0.013427734375
1137152,1871,1199.0,0,1,45.0,0.17246262729167938,0.0001,17760,-0.004115807656489778,-0.02058385234340676,1.0631424743914977,0.7266101241111755,0.2,0.024468925,-15.573394970968366,0.0146484375
1137664,1890,1179.0,0,1,45.0,0.16852408647537231,0.0001,17768,-0.004684651663410477,-0.016400979458921938,1.5597593839047477,0.5558398962020874,0.2,0.014532603,-15.713117943257094,0.01171875
1138176,2128,1191.5,0,1,45.0,0.07927927374839783,0.0001,17776,-0.00408065332158003,-0.020199231526930816,1.1179690210265107,0.6491571962833405,0.2,0.013492651,-15.648647828027606,0.0146484375
1138688,1926,1145.5,0,1,45.0,0.1761392205953598,0.0001,17784,-0.004774508672198863,-0.02609666056196147,1.4573752152500674,0.5693539381027222,0.2,0.020231858,-15.997372098788619,0.020751953125
1139200,1971,1166.0,0,1,45.0,0.10288818925619125,0.0001,17792,-0.0012517769901023712,-0.015771132839290658,0.9454552226816304,0.624760776758194,0.2,0.003988734,-16.2654383867234,0.010986328125
1139712,1871,1185.0,0,1,45.0,0.03400241211056709,0.0001,17800,-0.0065720257807697635,-0.033706621294186334,0.6592558226257097,0.5778028964996338,0.2,0.026090395,-16.435809666737914,0.021728515625
1140224,1575,1137.5,0,1,45.0,0.32898470759391785,0.0001,17808,-0.005392155264416942,-0.03460124711637036,1.4601270102430135,0.6112182438373566,0.2,0.006888087,-16.8480934920907,0.0224609375
1140736,1961,1072.5,0,1,45.0,0.036807477474212646,0.0001,17816,-0.007403376379443216,-0.02499791912123328,1.4313139426521957,0.44118696451187134,0.2,0.02113279,-16.974447329342365,0.0244140625
1141248,1895,1091.5,0,1,45.0,0.10046688467264175,0.0001,17824,-0.004262566384568345,-0.03631571296500624,0.863676806242438,0.4165283441543579,0.2,0.033163127,-17.02813397794962,0.04052734375
1141760,1981,1062.5,0,1,45.0,0.05323536694049835,0.0001,17832,-0.00480742711260973,-0.03069930279707478,1.2192088052397594,0.7050659656524658,0.2,0.0032869708,-17.104750801473855,0.01611328125
1142272,1887,1075.5,0,1,45.0,0.21161486208438873,0.0001,17840,-0.010535862391407136,-0.03860050655384839,2.4529175753705204,0.2143688201904297,0.2,0.00972642,-17.287632179223,0.029296875
1142784,2111,1087.0,0,1,45.0,0.03680445998907089,0.0001,17848,-0.0037979870394337922,-0.029641611352417385,1.2362535274587572,0.5334922671318054,0.2,0.0034568969,-17.377294567264617,0.01708984375
1143296,1911,1035.0,0,1,45.0,0.14616715908050537,0.0001,17856,-0.006656403907982167,-0.02980979293715791,1.2480288022488821,0.5930816233158112,0.2,0.013754744,-17.108128501139582,0.017578125
1143808,1941,1028.5,0,1,45.0,0.3204107880592346,0.0001,17864,-0.002651003385835793,-0.03830430843663635,1.8887162663741037,0.38439738750457764,0.2,0.0022459598,-17.214877357296647,0.012939453125
1144320,1857,1019.0,0,1,45.0,0.12172053009271622,0.0001,17872,-0.0026777083621709608,-0.035238313057561754,1.5685531246708706,0.4074133634567261,0.2,0.0039600073,-17.10319864016026,0.01513671875
1144832,2123,1043.0,0,1,45.0,0.15807631611824036,0.0001,17880,-0.006071410527511034,-0.02708727808931144,1.6647659620502964,0.6560838222503662,0.2,0.0028583969,-16.892649236805738,0.02001953125
1145344,1853,1108.0,0,1,45.0,0.11215073615312576,0.0001,17888,-0.006314867016044445,-0.020968927690773853,1.1995035698637366,0.49949216842651367,0.2,0.006964363,-17.106135656796397,0.0146484375
1145856,1941,1100.0,0,1,45.0,0.25222155451774597,0.0001,17896,-0.0044174710201332346,-0.02628222784733225,1.4408881573472172,0.6234496533870697,0.2,0.003588033,-17.145920168049635,0.015869140625
1146368,1933,1107.5,0,1,45.0,0.34650033712387085,0.0001,17904,-0.0044741538586094975,-0.024891044189644163,1.8332243743934669,0.6400227546691895,0.2,0.0038070844,-17.42832040745765,0.010498046875
1146880,1897,1111.5,0,1,45.0,0.12122901529073715,0.0001,17912,-0.005476700694998726,-0.03238636125570338,1.3964908136986196,0.6968537271022797,0.2,0.0020747627,-17.250985969007015,0.016845703125
1147392,2058,1129.5,0,1,45.0,0.30078813433647156,0.0001,17920,-0.005364531149098184,-0.02955963765271008,1.9910430304007605,0.5656126141548157,0.2,0.008613816,-17.39596903540194,0.022216796875
1147904,1880,1179.5,0,1,45.0,0.5493324995040894,0.0001,17928,-0.007176088307460304,-0.028908152165968204,2.863009046879597,0.42803478240966797,0.2,0.01768273,-17.829799490496516,0.017333984375
1148416,1856,1169.0,0,1,45.0,0.18521754443645477,0.0001,17936,-0.008547641831682995,-0.044139715646451805,1.2687990994891152,0.6037641167640686,0.2,0.019430675,-17.589880948960783,0.02685546875
1148928,1797,1178.0,0,1,45.0,66.5814208984375,0.0001,17944,-0.00688637958955951,-0.2536541053559631,185.06421953439713,-0.017516136169433594,0.2,0.006644644,-23.385672663897275,0.17919921875
1149440,2035,1196.5,0,1,45.0,26.40706443786621,0.0001,17952,-0.024983349328977056,-0.18185867997817695,79.24626883864403,0.33415526151657104,0.2,0.031175552,-27.40255272693932,0.159912109375
1149952,1816,1219.0,0,1,45.0,15.3084077835083,0.0001,17960,-0.02255918981973082,-0.07836625077470671,49.48286785185337,0.2801826000213623,0.2,0.11505112,-30.031110520213844,0.068115234375
1150464,1912,1240.0,0,1,45.0,1.1204180717468262,0.0001,17968,-0.005488976719789207,-0.04041689479345223,5.889238100498915,0.304634690284729,0.2,0.0054304656,-29.83233532242477,0.021484375
1150976,1882,1276.5,0,1,45.0,2.613981008529663,0.0001,17976,-0.004308703057176899,-0.02485988975786313,7.444657362997532,0.3574334383010864,0.2,0.012238976,-29.704914606139063,0.014404296875
1151488,2193,1206.0,0,1,45.0,1.567227840423584,0.0001,17984,-0.0035528547487047035,-0.02574868678675557,7.4096140675246716,0.5503057539463043,0.2,0.0022728206,-28.880015968233348,0.014892578125
1152000,1961,1189.5,0,1,45.0,1.702783465385437,0.0001,17992,-0.003917398949852213,-0.018393392507277895,5.725579580292106,0.34389400482177734,0.2,0.012598064,-27.827257008329035,0.012451171875
1152512,1983,1183.0,0,1,45.0,1.0433448553085327,0.0001,18000,-0.003659657999378396,-0.024038202269366593,3.9958458030596375,0.45370620489120483,0.2,0.014372623,-27.079379457831383,0.014892578125
1153024,1943,1142.5,0,1,45.0,1.3513679504394531,0.0001,18008,-0.00282604757376248,-0.028102259206207236,5.644451972097158,0.14741021394729614,0.2,0.003267114,-25.44631130374968,0.01025390625
1153536,2010,1100.0,0,1,45.0,0.687885046005249,0.0001,18016,-0.005149435717612505,-0.029360848353462643,3.0678424588404596,0.4226575493812561,0.2,0.008311734,-19.822614250034093,0.018798828125
1154048,2136,1056.5,0,1,45.0,0.38398611545562744,0.0001,18024,-0.002829111246683169,-0.028613726193725597,2.113461315166205,0.38733160495758057,0.2,0.004563702,-14.801222863718868,0.01953125
1154560,1530,1004.0,0,1,45.0,0.7939186096191406,0.0001,18032,-0.004626523237675428,-0.022752169952582335,3.611649079248309,0.05369007587432861,0.2,0.013048165,-13.344732219129801,0.02001953125
1155072,2134,953.5,0,1,45.0,0.2674938142299652,0.0001,18040,-0.00430225257150596,-0.028536554160382366,2.972634325036779,0.5315276384353638,0.2,0.0032589394,-13.953023316562176,0.016357421875
1155584,2088,923.0,0,1,45.0,0.040346115827560425,0.0001,18048,-0.00448343955213204,-0.01876806559994293,0.8850006990251131,0.41235220432281494,0.2,0.0055717006,-14.363912661895156,0.0107421875
1156096,2135,943.0,0,1,45.0,0.05038997903466225,0.0001,18056,-0.004223960781018832,-0.02226693158627313,0.921843979449477,0.5983592867851257,0.2,0.0031604227,-15.424793751910329,0.010009765625
1156608,1884,942.0,0,1,45.0,0.3466326892375946,0.0001,18064,-0.0021090843620186206,-0.01922354244015878,2.4596382586751133,0.31289511919021606,0.2,0.004188536,-16.33352179504931,0.0068359375
1157120,2077,946.5,0,1,45.0,0.22738438844680786,0.0001,18072,-0.004178262835921487,-0.025382295422787138,1.912652021739632,0.638686865568161,0.2,0.0023888662,-16.532915971949695,0.013427734375
1157632,1906,967.5,0,1,45.0,0.1224791407585144,0.0001,18080,-0.004785905173775973,-0.02255875591072254,1.5777916469378397,0.7304398119449615,0.2,0.00719329,-16.677178124934436,0.015869140625
1158144,1956,1000.5,0,1,45.0,0.16206596791744232,0.0001,18088,-0.0035750511324295076,-0.022400769264095288,1.639782907848712,0.6869283318519592,0.2,0.004441119,-16.730266022235156,0.01611328125
1158656,1859,1066.0,0,1,45.0,0.4838317334651947,0.0001,18096,-0.005652985604683636,-0.023324088722802117,2.631569245713763,0.7198362648487091,0.2,0.007196406,-16.69455505475402,0.011962890625
1159168,1897,1105.5,0,1,45.0,0.1629108339548111,0.0001,18104,-0.002806138443702366,-0.014464270030657644,2.11852006620029,0.6035233736038208,0.2,0.0022906857,-16.565875223577024,0.007568359375
1159680,1493,1165.5,0,1,45.0,0.20974303781986237,0.0001,18112,-0.005423557828180492,-0.029513187851989642,1.4073524600826204,0.7648789435625076,0.2,0.010646152,-16.303649548739195,0.0224609375
1160192,1912,1207.0,0,1,45.0,0.17130614817142487,0.0001,18120,-0.0022214192558749346,-0.023858425412981887,0.975652895285748,0.6697707176208496,0.2,0.015656881,-16.070691107064487,0.017333984375
1160704,2114,1192.5,0,1,45.0,1.1660277843475342,0.0001,18128,-0.004510718907113187,-0.019046954040277342,1.6479775769403204,0.5416771769523621,0.2,0.0041450006,-16.02469267055392,0.01025390625
1161216,1958,1164.0,0,1,45.0,0.41379812359809875,0.0001,18136,-0.005308303238052758,-0.022774354729335755,1.4006961558479816,0.4433293342590332,0.2,0.0194697,-16.1922256424278,0.02099609375
1161728,1971,1184.5,0,1,45.0,0.4286884367465973,0.0001,18144,-0.004706412732048193,-0.029368680973902883,1.6417185727041215,0.47702330350875854,0.2,0.007172975,-16.59335418716073,0.020263671875
1162240,1922,1153.5,0,1,45.0,2.1786816120147705,0.0001,18152,-0.008945642792241415,-0.041800320324000495,6.260217864997685,0.12935739755630493,0.2,0.015048556,-16.624142472743987,0.031005859375
1162752,2139,1107.5,0,1,45.0,1.433272361755371,0.0001,18160,-0.0149768879491603,-0.04463193270021293,7.230951135978103,0.5117108821868896,0.2,0.011424785,-17.396169084385036,0.034423828125
1163264,1902,1029.5,0,1,45.0,0.3498719334602356,0.0001,18168,-0.0021289098676788853,-0.024429951935076133,3.3276513959281147,0.5454493761062622,0.2,0.011877865,-17.19251202620566,0.01171875
1163776,2030,1021.0,0,1,45.0,2.0181384086608887,0.0001,18176,-0.006392365379724652,-0.04736798705016554,7.919734492432326,0.5092660486698151,0.2,0.020744752,-16.742715282067657,0.032958984375
1164288,1863,958.0,0,1,45.0,0.12683847546577454,0.0001,18184,-0.006170714492327534,-0.03291747194771233,3.0482824380742386,-0.2393052577972412,0.2,0.009555849,-16.007877167090772,0.021484375
1164800,1985,888.0,0,1,45.0,0.2635529041290283,0.0001,18192,-0.005788355745607987,-0.03106393972029764,2.9383059290703386,0.6031517386436462,0.2,0.0053307326,-14.949099141433836,0.019287109375
1165312,2130,904.5,0,1,45.0,0.25531822443008423,0.0001,18200,-0.007395818967779633,-0.028986279463197206,3.993388727772981,0.31214672327041626,0.2,0.016996868,-14.476387352347373,0.023193359375
1165824,1917,916.0,0,1,45.0,0.7972175478935242,0.0001,18208,-0.006811086383095244,-0.029699321125917777,2.216119847493246,0.21747606992721558,0.2,0.029029207,-13.99784357562661,0.022216796875
1166336,1955,881.0,0,1,45.0,0.48239725828170776,0.0001,18216,-0.006484545006969711,-0.038860999914504646,3.579271593131125,0.5984864234924316,0.2,0.0097525185,-14.132228869348765,0.0322265625
1166848,1893,885.5,0,1,45.0,0.4619695842266083,0.0001,18224,-0.007569572440843331,-0.037863446584196936,7.633519311435521,0.33437561988830566,0.2,0.014314063,-14.830909307971597,0.026123046875
1167360,2171,895.5,0,1,45.0,0.39713165163993835,0.0001,18232,-0.0017478819318057504,-0.027094084319969625,4.070440275128931,0.4342396855354309,0.2,0.007348427,-14.861880488023163,0.018798828125
1167872,1766,944.5,0,1,45.0,0.36729687452316284,0.0001,18240,-0.002423058613203466,-0.018205456290843358,2.236829061061144,0.4964779019355774,0.2,0.026709761,-16.080571397021412,0.011474609375
1168384,1646,997.5,0,1,45.0,0.3521364629268646,0.0001,18248,-0.006573993821803015,-0.05779850176531909,3.5494967796839774,0.4700698256492615,0.2,0.010421547,-16.905439718663693,0.030029296875
1168896,1813,1027.5,0,1,45.0,0.9143826961517334,0.0001,18256,-0.007081324351020157,-0.05507086868965416,5.338700445368886,0.35491496324539185,0.2,0.02224287,-18.398636031523345,0.0380859375
1169408,1966,1080.0,0,1,45.0,0.14219503104686737,0.0001,18264,-0.005342537759133847,-0.026831111090359627,1.9820656336378306,0.5741678774356842,0.2,0.004644702,-19.18471533201635,0.0185546875
1169920,2001,1104.5,0,1,45.0,0.05228443443775177,0.0001,18272,-0.003915830508049112,-0.018749628997511536,1.5923532359302044,0.3991122841835022,0.2,0.008228875,-19.420110144615172,0.015625
1170432,2002,1052.0,0,1,45.0,0.25931090116500854,0.0001,18280,-0.010853795422008261,-0.037265298165038985,2.7633842448703945,0.5073166489601135,0.2,0.005843184,-19.42952013783157,0.026123046875
1170944,1947,1110.5,0,1,45.0,0.8115736246109009,0.0001,18288,-0.006211899148183875,-0.04002571633282059,2.264383903471753,0.4550181031227112,0.2,0.015620776,-18.915959441438318,0.0244140625
1171456,1772,1156.0,0,1,45.0,0.4052453935146332,0.0001,18296,-0.00752868283962016,-0.04191969921794225,2.6451985468156636,0.32348334789276123,0.2,0.0053417888,-17.96920507401228,0.0234375
1171968,2038,1210.0,0,1,45.0,0.32884538173675537,0.0001,18304,-0.007334437643294223,-0.03067775406907458,1.7523413710296154,0.4805653691291809,0.2,0.015672114,-16.816621753051876,0.0263671875
1172480,1916,1127.5,0,1,45.0,0.668136715888977,0.0001,18312,-0.004570682758640032,-0.022888014058707995,4.217978587839752,0.2782623767852783,0.2,0.00840029,-16.008533943146467,0.0166015625
1172992,2069,1074.0,0,1,45.0,0.21281807124614716,0.0001,18320,-0.005755424572271295,-0.048000350778693246,4.1214555208571255,0.2939189076423645,0.2,0.013523696,-15.496878896281123,0.02587890625
1173504,1895,1074.5,0,1,45.0,0.2966950237751007,0.0001,18328,-0.004136812893193564,-0.029322118711206713,2.177494745934382,0.457741916179657,0.2,0.0044761985,-14.539166495203972,0.01806640625
1174016,1630,1057.0,0,1,45.0,0.5052704811096191,0.0001,18336,-0.007660697727260413,-0.04505174436235393,3.7370670130476356,0.4965559244155884,0.2,0.008716306,-14.412829693630338,0.0224609375
1174528,2021,1012.0,0,1,45.0,0.07508412003517151,0.0001,18344,-0.0044930325166205876,-0.02396298511234818,1.5803719375981018,0.1437336802482605,0.2,0.0064549157,-14.177390476167202,0.017333984375
1175040,1928,1080.5,0,1,45.0,0.20285914838314056,0.0001,18352,-0.001679947119555436,-0.03328800333065374,1.0884337382740341,0.48708152770996094,0.2,0.0037047337,-13.91468879558146,0.019775390625
1175552,1860,1069.5,0,1,45.0,0.2809583842754364,0.0001,18360,-0.009717870569147635,-0.04342251292109722,2.2672134577296674,0.4589459300041199,0.2,0.008091775,-13.866258548125625,0.026123046875
1176064,1843,1107.0,0,1,45.0,0.9388814568519592,0.0001,18368,-0.005315164929925231,-0.03268667117663426,4.7382915273774415,0.34757691621780396,0.2,0.01288357,-14.494918695539235,0.02294921875
1176576,1984,1106.5,0,1,45.0,0.37658554315567017,0.0001,18376,-0.003507127687043976,-0.025815377248363802,1.6557345404289663,0.7056134045124054,0.2,0.005048991,-14.935463231131434,0.017578125
1177088,1905,1100.0,0,1,45.0,0.7559568881988525,0.0001,18384,-0.004719720007415162,-0.028517578681203304,4.784723551478237,0.4788822531700134,0.2,0.0050241565,-15.570781675726176,0.01953125
1177600,1920,1134.0,0,1,45.0,0.9965863823890686,0.0001,18392,-0.0047818962957535405,-0.03412349223617639,3.1508643641136587,0.530461311340332,0.2,0.006503171,-16.012408014908434,0.017578125
1178112,1864,1166.0,0,1,45.0,0.15685497224330902,0.0001,18400,-0.004864127655309858,-0.028701364154130715,1.7521455086534843,0.3868863582611084,0.2,0.015602556,-16.930954752340913,0.019287109375
1178624,1595,1164.5,0,1,45.0,0.5626774430274963,0.0001,18408,-0.006978235061978921,-0.03565511332726601,3.9018308457452804,0.545845091342926,0.2,0.0065761534,-17.944686147719622,0.01806640625
1179136,1952,1192.0,0,1,45.0,0.10975329577922821,0.0001,18416,-0.005221104936936172,-0.0332671597288936,1.35774564743042,0.530018538236618,0.2,0.013067234,-19.114182268157602,0.02490234375
1179648,2110,1109.0,0,1,45.0,0.13365566730499268,0.0001,18424,-0.006904469599248841,-0.032216642483717806,1.2869425935205072,0.43618738651275635,0.2,0.014977647,-20.08719957716763,0.028564453125
1180160,1973,1117.5,0,1,45.0,0.13874344527721405,0.0001,18432,-0.004342422951594926,-0.029462517834417667,1.2331086572958156,0.573531448841095,0.2,0.009269448,-20.42623861797154,0.0166015625
1180672,2130,1070.5,0,1,45.0,0.10454319417476654,0.0001,18440,-0.005784362308986601,-0.028169528954094858,1.5535913793137297,0.6742129623889923,0.2,0.021618495,-19.8481549154222,0.027099609375
1181184,2000,1016.5,0,1,45.0,0.1744500696659088,0.0001,18448,-0.006307139607088175,-0.022430069896699933,1.3276664742734283,0.5559524595737457,0.2,0.018804017,-19.40838527943939,0.01513671875
1181696,1811,1071.5,0,1,45.0,0.15575793385505676,0.0001,18456,-0.0048856926878215745,-0.03209381456144911,1.42467734857928,0.20669078826904297,0.2,0.0053290585,-17.95669624622911,0.0166015625
1182208,2049,1037.0,0,1,45.0,0.19226591289043427,0.0001,18464,-0.0028344865422695875,-0.03289166390459286,1.3354060880374163,0.5968935489654541,0.2,0.020098872,-16.645450509227814,0.0185546875
1182720,2014,975.0,0,1,45.0,0.14880286157131195,0.0001,18472,-0.004985938656318467,-0.03215801596707024,0.9702120191068389,0.7092008590698242,0.2,0.013222553,-15.23904795113951,0.023681640625
1183232,2219,976.5,0,1,45.0,0.52718186378479,0.0001,18480,-0.006867090851301327,-0.03580206962215016,1.6976309658493847,0.6034634709358215,0.2,0.004643908,-13.96986878413707,0.017578125
1183744,1473,976.0,0,1,45.0,0.08293871581554413,0.0001,18488,-0.00481913282055757,-0.023506724035087245,0.9926903166924603,0.32550662755966187,0.2,0.0055728517,-13.305117607228459,0.0146484375
1184256,2030,981.5,0,1,45.0,0.12620191276073456,0.0001,18496,-0.005515955599548761,-0.038094864133199735,0.9759726447518915,0.7219235301017761,0.2,0.008460196,-12.812110713534057,0.019287109375
1184768,1893,999.0,0,1,45.0,0.1520274132490158,0.0001,18504,-0.00506568808486918,-0.026946974079692154,1.3862607771297917,0.3668762445449829,0.2,0.004838375,-12.744182410128415,0.019775390625
1185280,1972,1019.5,0,1,45.0,0.19227465987205505,0.0001,18512,-0.006811757320974721,-0.029715726450376678,2.614460407057777,0.7139756381511688,0.2,0.00745318,-13.133500046990811,0.02197265625
1185792,1938,1046.5,0,1,45.0,0.17944282293319702,0.0001,18520,-0.004267594064003788,-0.025004568860367726,1.1490881107747555,0.760101705789566,0.2,0.004779047,-13.974836819469928,0.011474609375
1186304,1872,1098.5,0,1,45.0,0.15997137129306793,0.0001,18528,-0.0018455656827427447,-0.02856881925390553,1.137678547645919,0.6030111610889435,0.2,0.0047286106,-15.183390815779568,0.010498046875
1186816,1744,1147.0,0,1,45.0,0.2795824408531189,0.0001,18536,-0.004056110949022695,-0.04096603496236639,1.4703040241729468,0.6672536432743073,0.2,0.014234301,-16.209560524001716,0.0244140625
1187328,2022,1098.0,0,1,45.0,0.27188438177108765,0.0001,18544,-0.00447936976706842,-0.03560152563795782,1.5428408607840538,0.5863637626171112,0.2,0.015845982,-17.038143664598465,0.028076171875
1187840,2139,1122.0,0,1,45.0,2.087811231613159,0.0001,18552,-0.006065383386157919,-0.036055075698186556,4.939134008251131,0.4876861572265625,0.2,0.0048524207,-18.167514095827936,0.015380859375
1188352,2081,1091.0,0,1,45.0,0.12123136967420578,0.0001,18560,-0.002187058900744887,-0.02004705462468337,0.8347888508578762,0.17253679037094116,0.2,0.001031753,-18.471734664812683,0.0087890625
1188864,1494,1108.0,0,1,45.0,0.03153190761804581,0.0001,18568,-0.0050287235717405565,-0.022809922517353698,0.7115531437011668,0.6353285610675812,0.2,0.0071983263,-18.614373635053635,0.01708984375
1189376,1844,1113.5,0,1,45.0,0.07832872867584229,0.0001,18576,-0.0025952221039915457,-0.02533070261188186,1.03882415429689,0.5755694508552551,0.2,0.004324915,-18.435200470164418,0.013671875
1189888,2063,1089.5,0,1,45.0,0.04507730156183243,0.0001,18584,-0.003890466810844373,-0.027740555864966154,1.1925345811469015,0.8067874312400818,0.2,0.0064548803,-17.7519510307163,0.017578125
1190400,1853,1085.0,0,1,45.0,0.05938822776079178,0.0001,18592,-0.0029754245515505318,-0.01974114163544982,1.1505808166402858,0.685118705034256,0.2,0.0014283726,-17.31608724065125,0.010986328125
1190912,2006,1038.0,0,1,45.0,0.14088942110538483,0.0001,18600,-0.004223289022775134,-0.026263720254519285,1.4900150843313895,0.7156596481800079,0.2,0.012686438,-16.76148151785135,0.017333984375
1191424,2050,994.0,0,1,45.0,0.04146211966872215,0.0001,18608,-0.004285786817490589,-0.02581499119196451,0.8812526089895982,0.651699036359787,0.2,0.00617205,-16.34333709284663,0.015380859375
1191936,1995,1052.5,0,1,45.0,0.04478320851922035,0.0001,18616,-0.00505285960934998,-0.023712174815045728,0.7941731355385855,0.8377378433942795,0.2,0.015313068,-16.027083395570518,0.016845703125
1192448,1890,1094.5,0,1,45.0,0.014977909624576569,0.0001,18624,-0.007778940394928213,-0.028722178246198382,0.9261560487793759,0.6465471684932709,0.2,0.01087348,-15.959634856060147,0.022216796875
1192960,1943,1156.0,0,1,45.0,0.3919357657432556,0.0001,18632,-0.007778145281918114,-0.031044255420965783,1.4352442699018866,0.582342803478241,0.2,0.016322419,-16.19488480746746,0.020263671875
1193472,1561,1130.0,0,1,45.0,0.3629990816116333,0.0001,18640,-0.005739725907915272,-0.030723208918971068,1.9142568624811247,0.3814486265182495,0.2,0.0029241643,-15.93847133949399,0.01416015625
1193984,2037,1107.5,0,1,45.0,0.05392257869243622,0.0001,18648,-0.006882776164275128,-0.02886827612610432,1.282983619836159,0.25683385133743286,0.2,0.01160636,-16.07501171179116,0.021728515625
1194496,2008,1126.5,0,1,45.0,0.07912289351224899,0.0001,18656,-0.0034048809757223353,-0.02288869172843988,0.6983357187418733,0.8325497210025787,0.2,0.003334814,-16.42657385595143,0.01904296875
1195008,1887,1129.5,0,1,45.0,0.06661304831504822,0.0001,18664,-0.004055947531014681,-0.02641275905762086,1.0256969844340347,0.704523116350174,0.2,0.0031842897,-16.152986758053302,0.01171875
1195520,2128,1129.5,0,1,45.0,0.1140846312046051,0.0001,18672,-0.005746698496295721,-0.03047453956287427,1.5083009216468781,0.6193315386772156,0.2,0.0058327797,-16.074583997428416,0.016845703125
1196032,1934,1131.0,0,1,45.0,0.0382862463593483,0.0001,18680,-0.004167036859143991,-0.01919881295657433,0.7569904633710394,0.7254276871681213,0.2,0.0073687844,-15.881397101804614,0.01513671875
1196544,2089,1135.0,0,1,45.0,0.21231964230537415,0.0001,18688,-0.005615584850602318,-0.03491263505566167,1.0030056868563406,0.7303012013435364,0.2,0.006907073,-15.532140587568284,0.0244140625
1197056,1876,1088.5,0,1,45.0,0.07474580407142639,0.0001,18696,-0.004454188368981704,-0.028971419840672752,0.9944452469353564,0.5870954394340515,0.2,0.03378931,-15.182704218327999,0.021728515625
1197568,2031,1052.0,0,1,45.0,0.24207793176174164,0.0001,18704,-0.007150127246859483,-0.04078564927476691,1.0082034366205335,0.6918216049671173,0.2,0.014940038,-15.194554140791297,0.031494140625
1198080,1846,1088.5,0,1,45.0,0.05801424756646156,0.0001,18712,-0.0054983026420813985,-0.032064237674603646,0.7798874817672186,0.6764928996562958,0.2,0.00854242,-15.539615684822202,0.0205078125
1198592,1502,1120.0,0,1,45.0,0.10710348933935165,0.0001,18720,-0.005757590421126224,-0.05608835698058101,3.1343305041082203,0.32247447967529297,0.2,0.0029672245,-16.587027481421828,0.023681640625
1199104,1834,1123.0,0,1,45.0,0.15435460209846497,0.0001,18728,-0.006735550115990918,-0.032460327166518255,0.8599365963891614,0.6372609436511993,0.2,0.014088187,-17.18704574406147,0.022216796875
1199616,1789,1165.5,0,1,45.0,0.09547470510005951,0.0001,18736,-0.007765778158500325,-0.053852499289860134,1.8471243939129636,0.5287013351917267,0.2,0.007921029,-18.20470999106765,0.0322265625
1200128,1856,1206.0,0,1,45.0,0.1391395628452301,0.0001,18744,-0.008072342356172157,-0.05382722565627773,2.254940346465446,0.5278126299381256,0.2,0.005213455,-19.030506520569325,0.03076171875
1200640,1841,1220.5,0,1,45.0,0.4483698904514313,0.0001,18752,-0.006948151138203684,-0.049753427563700825,3.0377652794122696,0.5448519885540009,0.2,0.010433737,-19.36306596621871,0.027099609375
1201152,2003,1220.5,0,1,45.0,0.9269985556602478,0.0001,18760,-0.008329248925292632,-0.05520882825658191,3.2073142202571034,0.6794406175613403,0.2,0.010725362,-19.51857310324907,0.031005859375
1201664,1679,1252.0,0,1,45.0,0.5413375496864319,0.0001,18768,-0.005945316443103366,-0.03177127209437458,3.5599558232352138,0.5687091052532196,0.2,0.0101218335,-18.6970521684736,0.01513671875
1202176,1672,1311.5,0,1,45.0,1.4087159633636475,0.0001,18776,-0.013364759233809309,-0.06989909140247619,7.891586006153375,0.3296816945075989,0.2,0.0056072026,-17.875914558544753,0.03271484375
1202688,1485,1288.5,0,1,45.0,0.34242674708366394,0.0001,18784,-0.008791259204372182,-0.0439344385813456,2.629988533211872,0.17692989110946655,0.2,0.0067797205,-16.594127263128758,0.026611328125
1203200,2006,1228.5,0,1,45.0,0.6541928648948669,0.0001,18792,-0.006900657586811576,-0.046452470387976064,2.7023881839122623,0.6117669343948364,0.2,0.02884167,-15.981294827237726,0.03173828125
1203712,1860,1212.5,0,1,45.0,1.05318284034729,0.0001,18800,-0.006896913684613537,-0.03722597411524475,3.0606791258323938,0.3430824279785156,0.2,0.010946911,-15.80126851208508,0.026123046875
1204224,1767,1225.5,0,1,45.0,0.15299052000045776,0.0001,18808,-0.004157753755862359,-0.03704597222531447,1.9593544583767653,0.6115502119064331,0.2,0.0038980546,-15.52528436884284,0.021728515625
1204736,1792,1247.0,0,1,45.0,0.5359712243080139,0.0001,18816,-0.007226479807286523,-0.05143042032432277,3.9666115089785308,0.5971187949180603,0.2,0.016651258,-15.612079143151641,0.026611328125
1205248,1956,1235.5,0,1,45.0,0.20300151407718658,0.0001,18824,-0.003733855890459381,-0.032206573898292845,1.4449181071249768,0.5102542638778687,0.2,0.006354129,-15.65898906521499,0.01708984375
1205760,2195,1228.0,0,1,45.0,0.11614234745502472,0.0001,18832,-0.005620696221740218,-0.03579627755425463,1.315788148669526,0.8068331331014633,0.2,0.007486312,-16.37899410992861,0.019287109375
1206272,1722,1195.0,0,1,45.0,0.06126315891742706,0.0001,18840,-0.003076490615057992,-0.021731485700456687,0.9887033724808134,0.4177144765853882,0.2,0.0076671345,-17.11548782803118,0.0068359375
1206784,1925,1180.5,0,1,45.0,1.0325710773468018,0.0001,18848,-0.010107995396538172,-0.07576452612920548,14.174993077293038,0.1239548921585083,0.2,0.0038956685,-18.360327351167797,0.04052734375
1207296,1516,1178.5,0,1,45.0,0.13973712921142578,0.0001,18856,-0.004227708719554357,-0.028526365041216195,2.4383667946676724,-0.34323596954345703,0.2,0.0037303008,-18.9222991797328,0.020751953125
1207808,2040,1201.0,0,1,45.0,0.15179665386676788,0.0001,18864,-0.009260541137336986,-0.04525864800052659,1.617257277481258,0.5759302973747253,0.2,0.0086674215,-18.669149973616005,0.025390625
1208320,1946,1151.5,0,1,45.0,0.10054873675107956,0.0001,18872,-0.012862053696153453,-0.044925694828862106,1.080692719842773,0.6645327508449554,0.2,0.007980971,-18.592793749272822,0.037841796875
1208832,1970,1093.5,0,1,45.0,0.31917211413383484,0.0001,18880,-0.010528891461945022,-0.05406092787961825,4.1536135845817626,0.2773461937904358,0.2,0.007560909,-18.231663284674287,0.033935546875
1209344,1844,1047.0,0,1,45.0,0.0357389971613884,0.0001,18888,-0.00598669230384985,-0.04885832019135705,1.6206685223733075,0.013987243175506592,0.2,0.0149601735,-17.54075967371464,0.029052734375
1209856,1881,1091.0,0,1,45.0,0.4364561438560486,0.0001,18896,-0.013921761783421971,-0.03715655129417428,1.5468468457693234,0.5676547884941101,0.2,0.019226797,-17.230586622804402,0.037841796875
1210368,2114,1098.5,0,1,45.0,0.14099732041358948,0.0001,18904,-0.006193520319357049,-0.0390684650633375,1.8055583825334907,0.7058507800102234,0.2,0.017976953,-16.719760834127666,0.0234375
1210880,1835,1138.0,0,1,45.0,0.053518932312726974,0.0001,18912,-0.005586286140896846,-0.026678385406739835,1.0470221026916988,0.5803002417087555,0.2,0.016612723,-16.675250465348363,0.0244140625
1211392,2126,1085.5,0,1,45.0,0.40894412994384766,0.0001,18920,-0.007044545702228788,-0.040412409256532555,1.8871492757461965,0.2678523063659668,0.2,0.010224111,-15.919092182591557,0.02978515625
1211904,1896,1113.5,0,1,45.0,0.027678443118929863,0.0001,18928,-0.003438633146288339,-0.01632861573898481,0.8285876385343727,0.1399325728416443,0.2,0.0028202622,-15.624138097167014,0.009521484375
1212416,1483,1156.5,0,1,45.0,0.036905258893966675,0.0001,18936,-0.006266930340643739,-0.03430675177514786,0.8253890736668836,0.6914130449295044,0.2,0.017089363,-15.760349022597074,0.025390625
1212928,1809,1220.0,0,1,45.0,0.7531972527503967,0.0001,18944,-0.010821775604199502,-0.0405585479597903,4.877076464705169,0.28351283073425293,0.2,0.02018445,-15.779572280868887,0.036376953125
1213440,1860,1221.0,0,1,45.0,1.3793278932571411,0.0001,18952,-0.0036900686973240227,-0.03136860022732435,5.246807277202606,-0.1336507797241211,0.2,0.0029621928,-16.033929826021193,0.0107421875
1213952,1899,1246.0,0,1,45.0,0.23931288719177246,0.0001,18960,-0.006072677602787735,-0.027988597916191793,2.427838796400465,0.4372755289077759,0.2,0.0051723225,-16.378245156034826,0.018798828125
1214464,2010,1244.5,0,1,45.0,0.14297765493392944,0.0001,18968,-0.00520391144164023,-0.03184729615031756,1.185987044358626,0.8149604201316833,0.2,0.0117414845,-16.243276304900647,0.02490234375
1214976,1959,1257.0,0,1,45.0,0.020124880596995354,0.0001,18976,-0.0024611421540612355,-0.022262733627030684,1.2375843970803544,0.2985643148422241,0.2,0.0010116546,-15.982138860151172,0.007568359375
1215488,1619,1257.0,0,1,45.0,0.07952354848384857,0.0001,18984,-0.005388084951846395,-0.03086391343458672,1.2321026552235708,0.5300060212612152,0.2,0.0041951337,-15.770473786517977,0.018310546875
1216000,1832,1310.0,0,1,45.0,0.311713844537735,0.0001,18992,-0.0033367403302690946,-0.024672550144714478,1.2404252630658448,0.3470008373260498,0.2,0.009827803,-15.645092586800455,0.015625
1216512,2035,1263.0,0,1,45.0,0.0268142931163311,0.0001,19000,-0.008807571426586946,-0.03720928221446229,0.8696495328913443,0.5818871855735779,0.2,0.019568417,-15.823290813788772,0.025390625
1217024,1596,1178.0,0,1,45.0,0.10521627962589264,0.0001,19008,-0.01370678331295494,-0.04152396326935559,1.5667828975711018,0.39818763732910156,0.2,0.046237558,-16.070353928357363,0.036376953125
1217536,1832,1106.0,0,1,45.0,0.714433491230011,0.0001,19016,-0.005216339381149737,-0.044012300082613365,2.862927629495971,0.11220639944076538,0.2,0.007663008,-16.248726467713713,0.018310546875
1218048,2055,1095.5,0,1,45.0,0.5506458282470703,0.0001,19024,-0.007380516573903151,-0.04232143039916991,3.791788343107328,0.6473481059074402,0.2,0.0038257074,-16.570094162747264,0.02197265625
1218560,1949,1048.5,0,1,45.0,0.05123405158519745,0.0001,19032,-0.0033524395039421506,-0.03674051796133426,1.0486773383163381,0.4448348879814148,0.2,0.0067545637,-16.676513204947113,0.01171875
1219072,2064,1028.0,0,1,45.0,0.25903546810150146,0.0001,19040,-0.0070128597726579756,-0.05224998248013435,2.346687412005849,0.35399484634399414,0.2,0.017969646,-16.87110089018941,0.0419921875
1219584,1853,1053.0,0,1,45.0,0.132792130112648,0.0001,19048,-0.004032158551126486,-0.024369093839595735,1.2545691450941376,0.4162214994430542,0.2,0.0069220024,-17.18056701399386,0.016357421875
1220096,1904,1056.0,0,1,45.0,0.04857248440384865,0.0001,19056,-0.005080266077129636,-0.034236920977491536,0.9015569240436889,0.6306191682815552,0.2,0.011467569,-16.98857347100973,0.02001953125
1220608,1806,1081.0,0,1,45.0,0.07368642091751099,0.0001,19064,-0.0048382342865807,-0.03712763562180044,1.3405936496565118,0.4455888271331787,0.2,0.0049893325,-16.557299957796932,0.017578125
1221120,1968,1133.5,0,1,45.0,0.16313153505325317,0.0001,19072,-0.0036721009855682496,-0.03213761740062182,0.8991068300674669,0.697789877653122,0.2,0.007060535,-16.223521042913198,0.019287109375
1221632,1478,1150.0,0,1,45.0,0.6162182092666626,0.0001,19080,-0.007974174335686257,-0.03680788435758586,2.700829459587112,0.502293586730957,0.2,0.024817022,-15.48623236902058,0.021728515625
1222144,1930,1127.0,0,1,45.0,0.12749126553535461,0.0001,19088,-0.00460586381086614,-0.03072802430961019,1.9687094738474116,0.5263051688671112,0.2,0.004803188,-15.325407210886478,0.01513671875
1222656,1811,1185.5,0,1,45.0,0.09700769186019897,0.0001,19096,-0.008177161784260534,-0.04347141854304937,1.1079338091658428,0.785722941160202,0.2,0.025944106,-14.951240164265037,0.02880859375
1223168,1908,1226.0,0,1,45.0,0.5153785347938538,0.0001,19104,0.0053059429046697915,-0.043793127482786076,2.940713736927137,0.5374673306941986,0.2,0.004605729,-15.295576411262154,0.028564453125
1223680,2090,1204.5,0,1,45.0,1.638123631477356,0.0001,19112,-0.008769760228460655,-0.04644763116630202,9.60033306106925,0.5393035709857941,0.2,0.008954918,-15.620174482017756,0.033203125
1224192,1780,1186.0,0,1,45.0,0.10590676963329315,0.0001,19120,-0.006141289888546453,-0.024873297952581197,1.5050449672271498,0.5049199163913727,0.2,0.0035829602,-16.113595292270183,0.015625
1224704,1810,1215.0,0,1,45.0,0.24901126325130463,0.0001,19128,-0.005852883758052485,-0.03902774039306678,2.2436000471934676,0.3645225763320923,0.2,0.005927143,-16.834377472549676,0.015869140625
1225216,1914,1233.0,0,1,45.0,0.24455460906028748,0.0001,19136,-0.002986157993291272,-0.036032061514561065,1.8779523705597967,0.3433372378349304,0.2,0.0028471905,-17.53239947654307,0.015625
1225728,1959,1243.0,0,1,45.0,0.07319692522287369,0.0001,19144,-0.0031524469268333632,-0.031306202859013865,0.7284051767201163,0.6932181119918823,0.2,0.005024333,-18.112105320617555,0.015869140625
1226240,1512,1288.5,0,1,45.0,0.1592731773853302,0.0001,19152,-0.007388743997580605,-0.026468050539733667,1.7900941363768652,0.503967821598053,0.2,0.00921957,-18.315331787616014,0.016357421875
1226752,1935,1284.0,0,1,45.0,0.5508579611778259,0.0001,19160,-0.004298338513763156,-0.026827021874169077,4.472449941094965,0.4749298691749573,0.2,0.0026669675,-18.479253323972227,0.014892578125
1227264,1922,1305.5,0,1,45.0,0.1800553798675537,0.0001,19168,-0.006950325026991777,-0.03198537151229175,1.5575678572058678,0.6971359550952911,0.2,0.014901913,-18.32898839391768,0.030517578125
1227776,2031,1265.0,0,1,45.0,0.11011268198490143,0.0001,19176,-0.005317694922268856,-0.03505942564834186,1.6747220491524786,0.5305893123149872,0.2,0.004662837,-17.694380794614553,0.022216796875
1228288,2127,1259.5,0,1,45.0,0.14887654781341553,0.0001,19184,-0.00358541653258726,-0.026904093205757817,1.5331273865886033,0.5438543558120728,0.2,0.0060959146,-16.73628198876977,0.017333984375
1228800,1811,1258.5,0,1,45.0,0.1309187412261963,0.0001,19192,-0.0043828672569361515,-0.029401617968687788,0.9048637792584486,0.598398357629776,0.2,0.008796906,-15.773338518738747,0.016357421875
1229312,2014,1206.0,0,1,45.0,0.11262600123882294,0.0001,19200,-0.006251623904972803,-0.04536596462730813,1.6724198098527268,0.5676492750644684,0.2,0.008681252,-15.092101069763302,0.02734375
1229824,1795,1181.0,0,1,45.0,0.09302090108394623,0.0001,19208,-0.00414552310394356,-0.021113406032782223,1.0725288927787915,0.5028252303600311,0.2,0.008532068,-14.45724945485592,0.015380859375
1230336,2142,1188.0,0,1,45.0,0.17661446332931519,0.0001,19216,-0.00562817785248626,-0.03493759577759192,2.375225810566917,0.6645218729972839,0.2,0.006706992,-14.303355493918062,0.014892578125
1230848,1445,1222.0,0,1,45.0,0.29209601879119873,0.0001,19224,-0.004087308610905893,-0.025154954376830574,2.0226278530899435,0.3286184072494507,0.2,0.010790042,-14.476610360220075,0.014404296875
1231360,2047,1195.5,0,1,45.0,0.32310646772384644,0.0001,19232,-0.004836671079829102,-0.027528745975359925,1.812816894846037,0.6049401462078094,0.2,0.012169266,-14.580705389901995,0.015380859375
1231872,1977,1158.0,0,1,45.0,0.23139460384845734,0.0001,19240,-0.004784049302543281,-0.028329204100828065,1.9836760256439447,0.4692630171775818,0.2,0.012018648,-15.299406643360854,0.017578125
1232384,1909,1194.5,0,1,45.0,0.24958465993404388,0.0001,19248,-0.0061839831178076565,-0.0233808010316352,2.0422345604747534,0.48567891120910645,0.2,0.020366404,-16.187370084598662,0.022216796875
1232896,1991,1208.5,0,1,45.0,0.20584024488925934,0.0001,19256,-0.008106049806883675,-0.023867558671554434,2.2927130532916635,0.6836642026901245,0.2,0.009296973,-17.07848594620824,0.017333984375
1233408,1928,1206.5,0,1,45.0,0.0337553396821022,0.0001,19264,-0.005576303155976348,-0.024968649146103417,0.7169603096845094,0.6243076324462891,0.2,0.009614615,-17.826354767233134,0.01708984375
1233920,1791,1203.5,0,1,45.0,0.0540088415145874,0.0001,19272,-0.002752591528405901,-0.027126462513479055,0.708494044636609,0.7387460768222809,0.2,0.0050734137,-18.323540919423102,0.016357421875
1234432,1833,1219.5,0,1,45.0,0.2945782542228699,0.0001,19280,-0.01060331011103699,-0.034684070724324556,2.709608903154731,0.4848668575286865,0.2,0.02365776,-18.6402013566345,0.032958984375
1234944,2026,1224.5,0,1,45.0,0.07980545610189438,0.0001,19288,-0.003711671586643206,-0.02122355660321773,1.1724585670745,0.5365680754184723,0.2,0.0036416613,-17.99902188077569,0.013671875
1235456,1454,1184.5,0,1,45.0,0.3073126971721649,0.0001,19296,-0.004219310736516491,-0.019749683864574763,1.4001422576839104,0.4428390860557556,0.2,0.022329833,-17.102739187851547,0.01318359375
1235968,1996,1200.0,0,1,45.0,0.297423779964447,0.0001,19304,-0.004025684407679364,-0.02778135790686065,1.462060498772189,0.6404180228710175,0.2,0.009517772,-16.42660633251071,0.016845703125
1236480,1805,1226.0,0,1,45.0,0.09665060043334961,0.0001,19312,-0.007621611635840964,-0.028344936969006085,0.8274391932645813,0.3778608441352844,0.2,0.0611808,-15.513416134938598,0.030517578125
1236992,2059,1221.5,0,1,45.0,0.1944173276424408,0.0001,19320,-0.007841656748496462,-0.034263979726347316,1.4521967116743326,0.5981803238391876,0.2,0.0077783326,-14.850563408657909,0.0185546875
1237504,1880,1219.0,0,1,45.0,0.12093399465084076,0.0001,19328,-0.005882175817532698,-0.024400303595939477,1.9517332245595753,0.3727684020996094,0.2,0.00778285,-14.869911811128258,0.022216796875
1238016,1747,1242.5,0,1,45.0,1.6327160596847534,0.0001,19336,-0.0030927010375307873,-0.050696145274741866,7.856255040504038,0.4584585428237915,0.2,0.018814325,-15.363695405647158,0.0400390625
1238528,1892,1216.0,0,1,45.0,0.33482521772384644,0.0001,19344,-0.009542851192236412,-0.04842789075701148,2.207703257445246,0.5299869179725647,0.2,0.009516237,-15.849200384318829,0.03662109375
1239040,1951,1175.5,0,1,45.0,0.05182745307683945,0.0001,19352,-0.004960369908076245,-0.02733284744545017,1.2679619503905997,0.6201368272304535,0.2,0.009055825,-15.991221698522567,0.016845703125
1239552,1925,1121.0,0,1,45.0,0.29797181487083435,0.0001,19360,-0.007113152736565098,-0.0410487186145474,2.023917827522382,0.4075583815574646,0.2,0.009568054,-16.84463345296681,0.025146484375
1240064,1446,1172.0,0,1,45.0,1.0680938959121704,0.0001,19368,-0.007309252450795611,-0.0426896191729611,3.4326908621005714,0.09438318014144897,0.2,0.014223713,-17.202876529693604,0.03271484375
1240576,1977,1184.0,0,1,45.0,0.6698909997940063,0.0001,19376,-0.009674696280853823,-0.049392974574402615,3.1459545504767448,0.5724377632141113,0.2,0.02407832,-17.41135135561228,0.049072265625
1241088,1827,1180.0,0,1,45.0,0.04194677621126175,0.0001,19384,-0.0031429013470187783,-0.03136288032055745,1.555506563920062,0.21152818202972412,0.2,0.014734676,-17.396246492043137,0.021484375
1241600,1994,1200.5,0,1,45.0,0.19141234457492828,0.0001,19392,-0.003096936943620676,-0.03883465396393149,1.831369191640988,0.6437053680419922,0.2,0.013243318,-17.1854006421566,0.02734375
1242112,1777,1229.5,0,1,45.0,0.26421859860420227,0.0001,19400,-0.004538905242952751,-0.033514899952933774,1.3903339008102193,0.5212985277175903,0.2,0.014125596,-16.887207061052322,0.02392578125
1242624,2054,1218.5,0,1,45.0,0.5620120167732239,0.0001,19408,-0.0027556174973142333,-0.04797517142287688,3.233141270466149,0.30118149518966675,0.2,0.005625011,-16.317713379859924,0.03564453125
1243136,1853,1241.5,0,1,45.0,0.18438319861888885,0.0001,19416,-0.006261836340854643,-0.032214500546615454,1.5176832219585776,0.4488160014152527,0.2,0.020564836,-15.916021469235421,0.028564453125
1243648,2050,1224.0,0,1,45.0,0.3568462133407593,0.0001,19424,-0.009156362226349302,-0.040595676592602103,2.902753383619711,0.6170990169048309,0.2,0.026872847,-16.612585380226374,0.041259765625
1244160,1986,1172.5,0,1,45.0,0.17684784531593323,0.0001,19432,-0.006740190628988785,-0.032454143931772705,1.4622275097062811,0.6536122858524323,0.2,0.013326503,-17.321029813885687,0.021484375
1244672,1415,1131.5,0,1,45.0,0.10176339000463486,0.0001,19440,-0.006931859563337639,-0.02717926352465838,1.2588190428214148,0.4872225522994995,0.2,0.01363546,-18.31196679659188,0.022216796875
1245184,1940,1121.0,0,1,45.0,0.10937663167715073,0.0001,19448,-0.004047793299832847,-0.03967602556349448,1.2955166730680503,0.713903158903122,0.2,0.0117115555,-18.89900444827974,0.023681640625
1245696,2042,1131.0,0,1,45.0,0.33063003420829773,0.0001,19456,-0.008915683036320843,-0.027077529583493742,1.6532844634493813,0.6419753432273865,0.2,0.012413805,-19.514875799119473,0.02490234375
1246208,2293,1048.0,0,1,45.0,0.6282188892364502,0.0001,19464,-0.005035779468016699,-0.0240493759565652,2.273837920394726,0.6591721773147583,0.2,0.0074999817,-19.812489780187608,0.02490234375
1246720,2147,973.5,0,1,45.0,0.08570164442062378,0.0001,19472,-0.003299922049336601,-0.02122032657962336,0.694327675329987,0.6955649554729462,0.2,0.0031877626,-19.40882367655635,0.010986328125
1247232,1899,950.5,0,1,45.0,0.056102387607097626,0.0001,19480,-0.006786568352254108,-0.02371350741623246,0.9539069279562682,0.36818569898605347,0.2,0.0112688625,-19.028752152696253,0.015380859375
1247744,2157,856.0,0,1,45.0,0.07016250491142273,0.0001,19488,-0.006592831767193275,-0.020367317022191855,1.1317599459725898,0.48840266466140747,0.2,0.0037629046,-18.38670664899051,0.01611328125
1248256,2204,904.5,0,1,45.0,0.034404948353767395,0.0001,19496,-0.0046424660831689835,-0.024651231849020405,1.5566445138247218,0.481440007686615,0.2,0.0052007763,-17.258432782962917,0.02490234375
1248768,1912,917.5,0,1,45.0,0.2540069818496704,0.0001,19504,-0.006478701194282621,-0.01968895449408592,1.0033288231352344,0.7274020314216614,0.2,0.0143784825,-16.07730270907283,0.015869140625
1249280,1862,911.5,0,1,45.0,0.46366673707962036,0.0001,19512,-0.002524429452023469,-0.025735971590620466,1.7091413307935,0.6643482446670532,0.2,0.004454343,-15.162694736123084,0.013671875
1249792,1549,902.5,0,1,45.0,0.19599013030529022,0.0001,19520,-0.005018140611355193,-0.043573591465246864,3.25266319909133,0.5697105824947357,0.2,0.00557587,-14.7085657774657,0.0185546875
1250304,1907,901.0,0,1,45.0,0.24531395733356476,0.0001,19528,-0.007654642548004631,-0.036779692771233385,2.8011919658165425,0.5088158547878265,0.2,0.005025172,-15.031049449816345,0.017822265625
1250816,2162,962.5,0,1,45.0,1.2922827005386353,0.0001,19536,-0.0057457970033283345,-0.0359286357252131,3.90728811500594,0.5150619149208069,0.2,0.0041666953,-15.968433405235409,0.01806640625
1251328,1815,959.5,0,1,45.0,0.20562198758125305,0.0001,19544,-0.0030360180098796263,-0.02853103909183119,1.9914600448682904,0.10461026430130005,0.2,0.008581392,-17.071890265792607,0.013916015625
1251840,1944,994.5,0,1,45.0,0.24169664084911346,0.0001,19552,-0.007191054835857358,-0.04350674778197572,2.942378206877038,0.21262019872665405,0.2,0.01357509,-18.465136023387313,0.03271484375
1252352,1789,1068.0,0,1,45.0,0.1095915287733078,0.0001,19560,-0.0036692643552669324,-0.021405065300314163,1.039507023699116,0.3847746253013611,0.2,0.0043524094,-19.041328383907675,0.014892578125
1252864,2078,1112.5,0,1,45.0,0.9384188055992126,0.0001,19568,-0.016984351186692948,-0.05965858750096231,2.7549036180134863,0.6676827669143677,0.2,0.013029551,-19.76092271231115,0.04931640625
1253376,1859,1155.5,0,1,45.0,0.08347373455762863,0.0001,19576,-0.00314114250431885,-0.018139522611363645,1.040245811571367,0.416690468788147,0.2,0.0006915198,-19.478834027573466,0.005126953125
1253888,1781,1159.5,0,1,45.0,0.11839413642883301,0.0001,19584,-0.006324992229565396,-0.030624781228198117,1.4522056092973799,0.6912679076194763,0.2,0.0100297555,-19.303865776881576,0.0244140625
1254400,1133,1192.0,0,1,45.0,0.2116241157054901,0.0001,19592,-0.004320089712564368,-0.039529481892259355,1.8182935193181038,0.662311315536499,0.2,0.004465352,-18.59659022167325,0.021240234375
1254912,1934,1193.5,0,1,45.0,0.4431174397468567,0.0001,19600,-0.008521446379745612,-0.037931255350486026,2.362472077133134,0.6701898872852325,0.2,0.010838326,-17.68715167671442,0.037353515625
1255424,2175,1118.5,0,1,45.0,0.3472726047039032,0.0001,19608,-0.006848474389698822,-0.02735754441437166,2.628775369608775,0.40349072217941284,0.2,0.014261267,-16.72938817046583,0.017578125
1255936,1913,1109.0,0,1,45.0,0.1766694039106369,0.0001,19616,-0.005298330306686694,-0.031388450637678034,1.6895516867516562,0.5162117183208466,0.2,0.01154522,-16.02507079616189,0.0263671875
1256448,2045,1065.0,0,1,45.0,0.05185755342245102,0.0001,19624,-0.0054980390559649095,-0.026375535634542757,1.0359858528827317,0.672356128692627,0.2,0.014365333,-15.484358216151595,0.015625
1256960,1824,1038.5,0,1,45.0,0.05011819303035736,0.0001,19632,-0.0035109021555399522,-0.03142941884743777,4.3875373273622245,0.5629664063453674,0.2,0.0019180935,-15.848355091735721,0.012451171875
1257472,1975,1040.5,0,1,45.0,0.08789681643247604,0.0001,19640,-0.003635155469964957,-0.024041593611855205,0.957366539951181,0.6256661713123322,0.2,0.005623337,-15.942217567712069,0.01025390625
1257984,1646,1011.0,0,1,45.0,3.558474063873291,0.0001,19648,-0.0027270198552287184,-0.02367401050287299,27.023153531365097,0.3410968780517578,0.2,0.0013183621,-17.18329729706049,0.006103515625
1258496,1872,1043.0,0,1,45.0,0.26243871450424194,0.0001,19656,-0.007113368876161985,-0.04711438706908666,4.179946508258581,0.40586864948272705,0.2,0.005135879,-17.777842734232546,0.024658203125
1259008,1867,1039.0,0,1,45.0,0.29363948106765747,0.0001,19664,-0.006399370569852181,-0.03524501746869646,2.5408928010147065,0.4294072389602661,0.2,0.01672793,-18.401480448022486,0.029052734375
1259520,1526,1037.0,0,1,45.0,4.581349849700928,0.0001,19672,-0.005872892317711376,-0.04842412017387687,19.85657532699406,0.5217104256153107,0.2,0.005960906,-19.43267826214433,0.01806640625
1260032,1710,1120.0,0,1,45.0,0.4939856231212616,0.0001,19680,-0.005474812591273803,-0.03276382157127955,3.2687746445881203,0.2306894063949585,0.2,0.011135161,-19.84907101377845,0.02001953125
1260544,2091,1115.5,0,1,45.0,0.908474326133728,0.0001,19688,-0.009581299345882144,-0.047714033686133916,9.691211134195328,0.12406766414642334,0.2,0.0034246254,-19.93195408284664,0.022216796875
1261056,1875,1162.5,0,1,45.0,0.29193228483200073,0.0001,19696,-0.008230998726503458,-0.04068958284369728,1.7148096757009625,0.4866258502006531,0.2,0.011867242,-20.09651636041701,0.0322265625
1261568,1851,1179.0,0,1,45.0,0.5962486863136292,0.0001,19704,-0.010597862128634006,-0.05294064185204661,4.09427756187506,0.6765771508216858,0.2,0.015670788,-19.718015144094824,0.030517578125
1262080,1968,1152.0,0,1,45.0,0.49933114647865295,0.0001,19712,-0.002164523750252556,-0.026009509879713733,1.8079154564766213,0.3032796382904053,0.2,0.0015779097,-19.570168753713368,0.009765625
1262592,1890,1090.0,0,1,45.0,0.2220461070537567,0.0001,19720,-0.006270742604101542,-0.030947725299483864,2.0357070944737643,0.3467893600463867,0.2,0.007896051,-18.353536932840942,0.018310546875
1263104,1966,1028.0,0,1,45.0,0.48404639959335327,0.0001,19728,-0.005179351690458134,-0.03149110534150168,3.926527485018596,0.401214063167572,0.2,0.016851174,-18.30584091104567,0.02197265625
1263616,1814,1010.0,0,1,45.0,0.2031729817390442,0.0001,19736,-0.008299558838189114,-0.04721342159928099,2.096990983118303,0.21111953258514404,0.2,0.012541895,-18.10195402339101,0.03759765625
1264128,1963,994.5,0,1,45.0,0.6214742660522461,0.0001,19744,-0.005007037932955427,-0.04326031076561776,9.131131243426353,0.5066267848014832,0.2,0.0051868134,-17.59704742230475,0.02294921875
1264640,1532,970.0,0,1,45.0,0.33317041397094727,0.0001,19752,-0.013039988705713768,-0.04699895776320773,3.848871931899339,0.6565423309803009,0.2,0.010476526,-17.318211312964557,0.039794921875
1265152,2156,965.5,0,1,45.0,0.09993688017129898,0.0001,19760,-0.007059850213408936,-0.02646322652026356,1.9129080523271114,0.2735719084739685,0.2,0.00456407,-16.81727247416973,0.022705078125
1265664,1847,945.5,0,1,45.0,0.024877680465579033,0.0001,19768,-0.0034299217913940083,-0.024375055961627368,1.9601368168951012,0.4844350218772888,0.2,0.013863865,-16.644959682896733,0.01611328125
1266176,1866,970.0,0,1,45.0,0.1910451054573059,0.0001,19776,-0.004152085104578873,-0.048155063450394664,4.0550337641034275,0.7555892318487167,0.2,0.005828587,-16.803525114431977,0.021728515625
1266688,1912,949.0,0,1,45.0,0.2296018898487091,0.0001,19784,-0.0029996351440786384,-0.02337658989154079,1.5427662136498839,0.46196824312210083,0.2,0.002380117,-17.053461762741208,0.01025390625
1267200,1805,981.0,0,1,45.0,0.21355202794075012,0.0001,19792,-0.004830762631172547,-0.029457691975267153,1.5265843986999243,0.5356226563453674,0.2,0.008180058,-17.641210451573134,0.014892578125
1267712,1860,1022.0,0,1,45.0,0.18893654644489288,0.0001,19800,-0.0026857271877815947,-0.023027546804314625,1.2390027889050543,0.7242052257061005,0.2,0.0036220818,-17.73442082718015,0.01171875
1268224,1876,1099.0,0,1,45.0,0.19765624403953552,0.0001,19808,-0.007190397936938098,-0.036097429518122226,2.6857787439366803,0.5484210550785065,0.2,0.010275863,-18.472817585766315,0.021240234375
1268736,2032,1052.5,0,1,45.0,0.1367870420217514,0.0001,19816,-0.00459403596323682,-0.027090191512343154,1.584455516654998,0.5757513046264648,0.2,0.0042535323,-18.523909718990325,0.012939453125
1269248,1535,1052.0,0,1,45.0,0.04396449774503708,0.0001,19824,-0.010827219513885211,-0.03656210633471346,1.5270153165329248,0.6489317715167999,0.2,0.03584606,-18.95273205898702,0.03564453125
1269760,2034,1063.0,0,1,45.0,0.0523456372320652,0.0001,19832,-0.007053804341921932,-0.032269629513848486,1.1972177002462558,0.5762925744056702,0.2,0.0075447033,-19.33928202614188,0.015869140625
1270272,1547,1052.5,0,1,45.0,0.11992838233709335,0.0001,19840,-0.0034567841394164134,-0.02860707165518761,1.4890113244764507,0.5757157206535339,0.2,0.008052483,-19.133833641037345,0.017333984375
1270784,1942,1042.5,0,1,45.0,0.25718453526496887,0.0001,19848,-0.006705176376271993,-0.0425929869797983,3.5359299178235233,0.2963075637817383,0.2,0.005472327,-18.46153078980744,0.0244140625
1271296,1875,1063.0,0,1,45.0,1.1552098989486694,0.0001,19856,-0.003957217741117347,-0.044825133360063774,5.079186630435288,0.44136953353881836,0.2,0.0059023276,-18.270145467743276,0.01318359375
1271808,1768,1063.5,0,1,45.0,0.1237480565905571,0.0001,19864,-0.004963831379427575,-0.0276997200162441,2.227838932420127,0.38577550649642944,0.2,0.0035327037,-17.50862447410822,0.01220703125
1272320,1951,1033.0,0,1,45.0,0.356985867023468,0.0001,19872,-0.005130245719556115,-0.03739716172549379,3.0027645824011415,0.5684314668178558,0.2,0.0084930025,-16.860158105418087,0.021484375
1272832,1900,1034.0,0,1,45.0,0.1699071079492569,0.0001,19880,-0.004428492009537877,-0.031233665597028448,1.210412627493497,0.6091657280921936,0.2,0.009576766,-16.13612641222775,0.022705078125
1273344,2132,1115.0,0,1,45.0,0.2550542652606964,0.0001,19888,-0.008890204218914732,-0.036381473993060354,3.5966998612275347,0.535128653049469,0.2,0.008854587,-15.739329220503569,0.02197265625
1273856,2039,1117.5,0,1,45.0,0.17345380783081055,0.0001,19896,-0.005350681283744052,-0.03176600402639451,1.5199425262399018,0.4390184283256531,0.2,0.0044297418,-15.465578981339931,0.015869140625
1274368,1464,1155.5,0,1,45.0,0.15229322016239166,0.0001,19904,-0.006352598251396557,-0.031124997986353264,1.3343835866544396,0.4972427487373352,0.2,0.02418351,-15.769019116908312,0.030517578125
1274880,1740,1156.0,0,1,45.0,1.5109889507293701,0.0001,19912,-0.009781946951989084,-0.04302347807697515,4.033578169066459,0.4880998134613037,0.2,0.009602524,-16.934849843904377,0.025146484375
1275392,1846,1220.0,0,1,45.0,0.15977609157562256,0.0001,19920,-0.005409015066106804,-0.030411666378768132,2.452796275028959,0.5388286709785461,0.2,0.005241595,-17.803083825036882,0.02294921875
1275904,1785,1214.5,0,1,45.0,0.13999585807323456,0.0001,19928,-0.005060984360170551,-0.028783016081433743,2.639882275601849,0.40105223655700684,0.2,0.01037965,-18.363929637372493,0.020263671875
1276416,1825,1229.5,0,1,45.0,0.16089417040348053,0.0001,19936,-0.005350774270482361,-0.03386124251892397,1.6878733878256753,0.524899810552597,0.2,0.008423006,-19.22413733266294,0.02099609375
1276928,1966,1220.5,0,1,45.0,0.5872983336448669,0.0001,19944,-0.005398207045800518,-0.03212365695617336,2.3314081153366715,0.5336987376213074,0.2,0.009019995,-19.923836086541414,0.020263671875
1277440,1934,1215.5,0,1,45.0,0.29709380865097046,0.0001,19952,-0.007684103911742568,-0.023066991486302868,1.8575040949508548,0.6814524233341217,0.2,0.010964223,-20.246562715396283,0.01904296875
1277952,1937,1192.5,0,1,45.0,0.2675401270389557,0.0001,19960,-0.006532052619149908,-0.03021891734442761,2.3144983808742836,0.540737122297287,0.2,0.0067045535,-19.81354246892035,0.01611328125
1278464,1464,1224.0,0,1,45.0,0.5508909225463867,0.0001,19968,0.00045090600178809837,-0.03729033880836141,2.1893720398657024,0.5910478830337524,0.2,0.02827473,-19.327359777316452,0.025390625
1278976,1329,1226.5,0,1,45.0,0.2759226858615875,0.0001,19976,-0.005990784571622498,-0.039638924628434324,1.876151135773398,0.45711684226989746,0.2,0.02545587,-18.52309861794114,0.024658203125
1279488,1839,1235.5,0,1,45.0,0.8209354281425476,0.0001,19984,-0.006601326425879961,-0.03430350308735797,2.512740023434162,0.3273199200630188,0.2,0.0053612264,-17.331890647932887,0.0185546875
1280000,1989,1172.5,0,1,45.0,0.22046354413032532,0.0001,19992,-0.002353570147533901,-0.014140798251332853,1.2091573670040816,0.6034595668315887,0.2,0.008186033,-16.87249153673649,0.010009765625
1280512,1677,1224.5,0,1,45.0,0.15784475207328796,0.0001,20000,-0.0036430796317290515,-0.023044081161742724,1.1737160048214719,0.4481220841407776,0.2,0.005219924,-16.319893689751623,0.0146484375
1281024,1862,1215.5,0,1,45.0,0.2146652191877365,0.0001,20008,-0.004950452752382262,-0.03122033690056014,1.252236652537249,0.7198935151100159,0.2,0.006474671,-16.476949991211296,0.019287109375
1281536,1798,1251.0,0,1,45.0,0.12448576837778091,0.0001,20016,-0.002626778732519597,-0.01582265836714214,0.9784060369711369,0.7155285477638245,0.2,0.000829417,-16.415601120069624,0.007568359375
1282048,1984,1251.0,0,1,45.0,2.376537799835205,0.0001,20024,-0.0045171150341047905,-0.03203319679187189,8.84935207478702,0.5688835978507996,0.2,0.005799897,-16.879519541040064,0.02490234375
1282560,1846,1252.5,0,1,45.0,0.046907369047403336,0.0001,20032,-0.002778213696728926,-0.020653606253063117,1.392479170463048,0.45746564865112305,0.2,0.005079165,-17.13217415563762,0.01123046875
1283072,1474,1236.5,0,1,45.0,0.3156143128871918,0.0001,20040,-0.0042218653979944065,-0.0297859344200333,2.091739175375551,0.4784529209136963,0.2,0.0059039933,-17.1244344484061,0.01611328125
1283584,2007,1174.0,0,1,45.0,0.2665432393550873,0.0001,20048,-0.007786546670104144,-0.036483133328829354,2.4932264789240435,0.604074627161026,0.2,0.017673656,-17.37280181877315,0.025390625
1284096,2073,1065.5,0,1,45.0,0.09673153609037399,0.0001,20056,-0.002162265191145707,-0.02435207601138245,1.1940859816095326,0.6522414982318878,0.2,0.0048432928,-17.43873542919755,0.015625
1284608,1851,1065.0,0,1,45.0,0.28941357135772705,0.0001,20064,-0.005827730776218232,-0.027985813748728106,1.3947418736061081,0.3664446473121643,0.2,0.018022392,-17.26504115112126,0.029052734375
1285120,1843,999.5,0,1,45.0,0.3456745147705078,0.0001,20072,-0.004515850258030696,-0.026847835486250915,2.4048182158730924,0.5157558619976044,0.2,0.008672132,-17.102559125050902,0.0234375
1285632,1823,1018.5,0,1,45.0,0.10279486328363419,0.0001,20080,-0.004847584939852823,-0.026638753482757238,1.7794038648717105,0.7449987232685089,0.2,0.008536539,-16.550659404098987,0.018798828125
1286144,1937,1038.5,0,1,45.0,0.3223119080066681,0.0001,20088,-0.004041110900288913,-0.02177578949317649,2.4103381710592657,0.5005382597446442,0.2,0.01212338,-16.17491469040513,0.017578125
1286656,1705,974.0,0,1,45.0,1.0028727054595947,0.0001,20096,-0.0035931807215092704,-0.024161179639804686,1.8265116577968001,0.4075115919113159,0.2,0.0039800513,-15.693675720989704,0.01708984375
1287168,1888,959.5,0,1,45.0,0.09863222390413284,0.0001,20104,-0.002131882793037221,-0.016391434523711723,1.095690077287145,0.6733573377132416,0.2,0.0034383032,-15.946439891979098,0.008544921875
1287680,2142,947.0,0,1,45.0,0.2748197913169861,0.0001,20112,-0.00649905574391596,-0.02732291227857786,2.120029409881681,0.5215061604976654,0.2,0.02750339,-16.31949948772788,0.02880859375
1288192,1967,921.0,0,1,45.0,0.1645277589559555,0.0001,20120,-0.006868239004688803,-0.024967561213998124,1.4818524254951626,0.6109841465950012,0.2,0.010676752,-16.63385069295764,0.02001953125
1288704,1436,989.5,0,1,45.0,1.4358335733413696,0.0001,20128,-0.006098646190366708,-0.021762066514611433,2.7785077227745205,0.37374305725097656,0.2,0.011458203,-17.11322207391262,0.01904296875
1289216,1866,1009.0,0,1,45.0,0.16958001255989075,0.0001,20136,-0.006336210277368082,-0.01979207529143423,2.057441861834377,0.5438262224197388,0.2,0.029167898,-17.50764954932034,0.02392578125
1289728,1869,975.5,0,1,45.0,0.17402805387973785,0.0001,20144,-0.0051818530992022716,-0.019691496227324023,2.1591323816683143,0.21994787454605103,0.2,0.0059713125,-18.000781159996986,0.0107421875
1290240,1901,1002.5,0,1,45.0,0.15393218398094177,0.0001,20152,-0.006339402245430392,-0.028125281076881947,1.5805263732327148,0.708891361951828,0.2,0.014417483,-18.510121243298055,0.0244140625
1290752,1903,965.0,0,1,45.0,0.38179275393486023,0.0001,20160,-0.006379750862834044,-0.030359535121078807,2.3254289391916245,0.6585225760936737,0.2,0.00601604,-18.60708622895181,0.01904296875
1291264,2184,984.5,0,1,45.0,0.9314072728157043,0.0001,20168,-0.0036564166239259066,-0.026990455079157982,2.5832964330911636,0.4666879177093506,0.2,0.016774084,-18.56732155971229,0.01708984375
1291776,1780,1009.0,0,1,45.0,0.10043171048164368,0.0001,20176,-0.004548739685560577,-0.0233160148919751,1.1685593507718295,0.669316291809082,0.2,0.008227582,-18.371085833758116,0.019287109375
1292288,1891,1063.0,0,1,45.0,0.475376158952713,0.0001,20184,-0.006226530062122038,-0.04409028850204777,1.946197765879333,0.46975213289260864,0.2,0.006657524,-18.177685414925218,0.027099609375
1292800,1828,1124.0,0,1,45.0,0.23399929702281952,0.0001,20192,-0.007444360926456284,-0.03749610859858876,1.6933703292161226,0.5313693881034851,0.2,0.007127765,-17.971558006033302,0.028076171875
1293312,1459,1168.0,0,1,45.0,0.1886839121580124,0.0001,20200,-0.003693750866659684,-0.025664397122000082,1.687463597394526,0.5557886958122253,0.2,0.0029679055,-18.01091769814491,0.0107421875
1293824,1700,1179.5,0,1,45.0,0.13179169595241547,0.0001,20208,-0.003263530037656892,-0.016486390320324062,2.2057541717076674,0.5036576390266418,0.2,0.0041296966,-17.979835258051754,0.008056640625
1294336,1826,1183.5,0,1,45.0,0.42361176013946533,0.0001,20216,-0.0035366295669518877,-0.029352558433856757,2.632409176439978,0.38271814584732056,0.2,0.004638169,-17.736371137797832,0.013427734375
1294848,1608,1202.5,0,1,45.0,0.17488373816013336,0.0001,20224,-0.005310173197358381,-0.025814553283680652,2.5598087678663433,0.06429827213287354,0.2,0.013396429,-17.881282646730543,0.017578125
1295360,1947,1213.0,0,1,45.0,0.31764110922813416,0.0001,20232,-0.008176023296982748,-0.0479854279456049,5.264258405426517,0.602622926235199,0.2,0.008845648,-18.137653385102748,0.02978515625
1295872,2098,1217.5,0,1,45.0,0.1424117535352707,0.0001,20240,-0.0037639779984601773,-0.02440501802993822,2.0168127845972776,0.7521316111087799,0.2,0.0077676205,-18.25709227234125,0.017578125
1296384,1947,1177.0,0,1,45.0,0.4950884282588959,0.0001,20248,-0.006178999308758648,-0.029999693431705055,2.9313586114440113,0.5468223392963409,0.2,0.008414557,-18.23389953188598,0.017578125
1296896,2027,1157.0,0,1,45.0,0.14855580031871796,0.0001,20256,-0.007232265757920686,-0.04878449811349128,1.947940732468851,0.28379398584365845,0.2,0.019325495,-18.189316752105952,0.033447265625
1297408,1764,1181.0,0,1,45.0,0.20642630755901337,0.0001,20264,-0.005232607443758752,-0.027218779961458495,1.6552577413385734,0.5498594641685486,0.2,0.0055514667,-17.716893728300928,0.018798828125
1297920,1601,1181.5,0,1,45.0,0.1542355716228485,0.0001,20272,-0.007452525060216431,-0.029562774310534223,1.5977403718861751,0.6920722126960754,0.2,0.009047296,-16.83642281718552,0.025634765625
1298432,1760,1157.0,0,1,45.0,0.04282262921333313,0.0001,20280,-0.0037165781250223517,-0.019742313299843772,0.7781014039646834,0.440426766872406,0.2,0.00811767,-16.405805185213683,0.01708984375
1298944,1821,1176.0,0,1,45.0,0.6006742715835571,0.0001,20288,-0.005872039633686654,-0.03677989835887274,4.305994911119342,0.39739489555358887,0.2,0.016087014,-16.724139550477265,0.02587890625
1299456,1805,1177.5,0,1,45.0,0.16176298260688782,0.0001,20296,-0.007151490208343603,-0.03062125151109285,4.619812142569572,0.46864306926727295,0.2,0.010817084,-17.26913302592933,0.0234375
1299968,1879,1244.0,0,1,45.0,0.6194709539413452,0.0001,20304,-0.00408216742289369,-0.033965969687415054,2.201190954539925,0.7365657389163971,0.2,0.009616612,-17.608349207267164,0.02685546875
1300480,2000,1292.5,0,1,45.0,0.18112967908382416,0.0001,20312,-0.004146633025811752,-0.028092927900161158,2.434881299152039,0.39273494482040405,0.2,0.0061156824,-18.2194496178627,0.015869140625
1300992,2039,1301.5,0,1,45.0,0.31864726543426514,0.0001,20320,-0.004586343224218581,-0.029937630945823912,1.979560911655426,0.683481752872467,0.2,0.012058247,-18.820173460021614,0.027099609375
1301504,1921,1293.0,0,1,45.0,0.22211140394210815,0.0001,20328,-0.006816752498707501,-0.033372530062251826,1.2474470211891457,0.6992795765399933,0.2,0.009561371,-19.065746504738925,0.023193359375
1302016,1822,1293.0,0,1,45.0,0.1433103382587433,0.0001,20336,-0.003692519760079449,-0.027014850593332085,1.3514327189186588,0.5988284349441528,0.2,0.014482759,-19.57258226715028,0.027587890625
1302528,1875,1344.0,0,1,45.0,0.08876115828752518,0.0001,20344,-0.0022286443527264055,-0.021994226771084868,1.232666325464379,0.5217176079750061,0.2,0.008154529,-19.525129368826747,0.013916015625
1303040,1741,1345.5,0,1,45.0,0.1221228763461113,0.0001,20352,-0.0069371081626741216,-0.02943055009791351,2.7812971817329526,0.43893611431121826,0.2,0.007825907,-18.997399921268226,0.020751953125
1303552,1936,1353.0,0,1,45.0,0.3796137273311615,0.0001,20360,-0.00579111828119494,-0.043090807977932855,4.563608171418309,0.4865596890449524,0.2,0.06503757,-18.189116460606456,0.036376953125
1304064,1867,1327.5,0,1,45.0,0.06854706257581711,0.0001,20368,-0.0044129780362709425,-0.029014324615218356,1.0784516989369877,0.34812402725219727,0.2,0.015254382,-17.39982660971582,0.021240234375
1304576,1886,1289.5,0,1,45.0,0.16677320003509521,0.0001,20376,-0.001899930284707807,-0.03294773241077564,2.577565273270011,0.661506325006485,0.2,0.010396548,-16.66510188512504,0.02587890625
1305088,2087,1258.0,0,1,45.0,0.14599476754665375,0.0001,20384,-0.00556384395895293,-0.027240425332934137,2.427851488115266,0.698121041059494,0.2,0.005967806,-16.34484408095479,0.01611328125
1305600,1943,1277.5,0,1,45.0,0.03078082576394081,0.0001,20392,-0.004753803797939327,-0.031120434835884225,0.919499353505671,0.8033376932144165,0.2,0.008582536,-16.205253812894224,0.022216796875
1306112,2114,1211.5,0,1,45.0,0.24095848202705383,0.0001,20400,-0.0062929458035796415,-0.04538712502426279,2.1479003540007398,0.575823575258255,0.2,0.0070206504,-16.377469560280442,0.02392578125
1306624,2132,1151.0,0,1,45.0,0.048277683556079865,0.0001,20408,-0.0047362585055452655,-0.023683555705247272,1.1586840958916582,0.67250195145607,0.2,0.0026681833,-16.830032693073154,0.01220703125
1307136,1444,1083.0,0,1,45.0,0.10077258944511414,0.0001,20416,-0.004752018092403887,-0.01877059007574644,0.8960901837563142,0.7318292856216431,0.2,0.010131164,-17.934690591990947,0.016357421875
1307648,1995,1064.0,0,1,45.0,0.2656174302101135,0.0001,20424,-0.004324588462623069,-0.025216488581918384,2.48699039965868,0.19649118185043335,0.2,0.0052267457,-18.367022403255106,0.017822265625
1308160,2067,985.5,0,1,45.0,0.18884524703025818,0.0001,20432,-0.004179715695499908,-0.02480986991940881,1.7288775783963501,0.6822809875011444,0.2,0.011184333,-18.526523556262255,0.018798828125
1308672,1925,999.5,0,1,45.0,0.16515299677848816,0.0001,20440,-0.003669957717647776,-0.02193516061970513,1.6492479755543172,0.35815030336380005,0.2,0.002588984,-18.578514528498054,0.01171875
1309184,2191,1026.5,0,1,45.0,0.36830416321754456,0.0001,20448,-0.0061541313334601,-0.024795747718144412,2.2181153029669076,0.6544408798217773,0.2,0.0041248733,-18.532630070224403,0.018310546875
1309696,1821,1052.5,0,1,45.0,0.3039315938949585,0.0001,20456,-0.003365621514603845,-0.017025850364007056,1.519850066397339,0.357424795627594,0.2,0.009332154,-18.102632251530885,0.010498046875
1310208,1995,1049.5,0,1,45.0,2.6155476570129395,0.0001,20464,-0.005714499035093468,-0.033447813722887076,5.157458134461194,0.25001877546310425,0.2,0.0018548076,-17.16885001525283,0.018798828125
1310720,1878,1049.0,0,1,45.0,0.4455204904079437,0.0001,20472,-0.005054272689449135,-0.028764167748704494,2.9014221768593416,0.34507083892822266,0.2,0.004155202,-16.948667842671274,0.011962890625
1311232,2113,1074.5,0,1,45.0,0.7363961935043335,0.0001,20480,-0.004870501135883387,-0.026370430779479648,2.5082867819583043,0.5846689343452454,0.2,0.017232647,-16.76360359035432,0.0185546875
1311744,1879,1091.5,0,1,45.0,0.1763359159231186,0.0001,20488,-0.0038740794916520827,-0.022227549020499282,1.2282671311986633,0.48640763759613037,0.2,0.007625708,-16.734772636443378,0.02099609375
1312256,1915,1147.0,0,1,45.0,0.19614280760288239,0.0001,20496,-0.003484741329884855,-0.021386353390880686,2.4003905677236617,-0.35359156131744385,0.2,0.0029019944,-17.369112538397314,0.01611328125
1312768,2018,1195.5,0,1,45.0,0.1280137002468109,0.0001,20504,-0.004216632834868506,-0.02879781163392181,2.0939857384655625,0.6831464469432831,0.2,0.006181458,-17.842421182990073,0.018798828125
1313280,1842,1175.0,0,1,45.0,0.23983241617679596,0.0001,20512,-0.006177431645483011,-0.024474229938050485,1.642081074300222,0.47922283411026,0.2,0.0077062016,-18.089999748617412,0.0166015625
1313792,2134,1155.5,0,1,45.0,0.1080118864774704,0.0001,20520,-0.003401303107239073,-0.023427145832101814,1.9636868636589497,0.550084263086319,0.2,0.008773751,-18.319705184474586,0.014404296875
1314304,1880,1156.5,0,1,45.0,0.14506560564041138,0.0001,20528,-0.004707751075329725,-0.02023797616993761,1.3471158001339063,0.6945491135120392,0.2,0.009651978,-17.77571856468916,0.01318359375
1314816,1994,1143.0,0,1,45.0,0.1552458256483078,0.0001,20536,0.0033839105235529132,-0.03217573850224653,1.89580592722632,0.2417985200881958,0.2,0.016718177,-18.034042890369893,0.023681640625
1315328,1697,1187.5,0,1,45.0,0.23412463068962097,0.0001,20544,-0.005465151785756461,-0.02953947958394565,1.5920917581534013,0.6156814098358154,0.2,0.0038680518,-17.482979045957325,0.0224609375
1315840,2092,1227.5,0,1,45.0,0.19364437460899353,0.0001,20552,-0.006722733305650763,-0.0351087674853261,2.76749309245497,0.5264551639556885,0.2,0.009671379,-16.93430602245033,0.024169921875
1316352,1872,1174.5,0,1,45.0,0.058765556663274765,0.0001,20560,-0.004275521154340822,-0.024043072723657133,1.3019507014541887,0.4007290005683899,0.2,0.01210905,-16.359295318871737,0.019287109375
1316864,1894,1169.5,0,1,45.0,0.24513660371303558,0.0001,20568,-0.005089705919090193,-0.025990946477350008,2.1703703167149797,0.5145922303199768,0.2,0.0069135334,-15.957673898637294,0.01611328125
1317376,1824,1202.5,0,1,45.0,0.17722062766551971,0.0001,20576,-0.0036981252633268014,-0.03712063848706748,1.564975044107996,0.6922486126422882,0.2,0.0032246439,-16.031703607738017,0.017333984375
1317888,1933,1175.5,0,1,45.0,0.10447913408279419,0.0001,20584,-0.006968885465539643,-0.036735449859861546,1.6762765265302733,0.46277916431427,0.2,0.011863226,-16.360365208014844,0.031005859375
1318400,2140,1178.5,0,1,45.0,0.14988262951374054,0.0001,20592,-0.004787702848261688,-0.023384858216559223,1.457763082231395,0.7013891041278839,0.2,0.004906357,-16.954147822633384,0.013427734375
1318912,1946,1164.5,0,1,45.0,0.10749121755361557,0.0001,20600,-0.005585258531937143,-0.018231845237096422,0.7347229788429104,0.7777911871671677,0.2,0.007090227,-17.841753913462163,0.016845703125
1319424,1929,1154.5,0,1,45.0,0.11407511681318283,0.0001,20608,-0.00475161070789909,-0.032400731908182934,1.5249036587192677,0.4629303812980652,0.2,0.018392097,-18.58756834231317,0.01806640625
1319936,1866,1116.0,0,1,45.0,0.13363198935985565,0.0001,20616,-0.005142374397109961,-0.025332869158319227,1.3350390408886597,0.5058512985706329,0.2,0.009857254,-18.809969175234436,0.01708984375
1320448,1994,1128.0,0,1,45.0,0.004158208146691322,0.0001,20624,-0.005705259114620276,-0.02946118684258181,1.214140168594895,0.5002740621566772,0.2,0.027803708,-19.172627276182176,0.033203125
1320960,1853,1139.5,0,1,45.0,0.05827651172876358,0.0001,20632,-0.004809535537788179,-0.020287613140453686,0.9180142302939203,0.4407144784927368,0.2,0.0057735,-19.004706053584815,0.016357421875
1321472,2156,1111.5,0,1,45.0,0.09285587817430496,0.0001,20640,-0.011969739207415842,-0.0386289197649603,1.902353078359738,0.5556084215641022,0.2,0.016076718,-18.746583911925555,0.033203125
1321984,1876,1106.0,0,1,45.0,0.05311876907944679,0.0001,20648,-0.004503701791691128,-0.021588964355487406,0.8748135825735517,0.3926200270652771,0.2,0.0060306992,-18.351905668601393,0.011962890625
1322496,2065,1127.0,0,1,45.0,0.1514139324426651,0.0001,20656,-0.006446197810873855,-0.03160432015442893,1.7016045668860897,0.6693877875804901,0.2,0.01264615,-17.588001665696503,0.027587890625
1323008,1931,1134.5,0,1,45.0,0.08475370705127716,0.0001,20664,-0.006064135477572563,-0.025691445966003812,0.6544349346368108,0.49091607332229614,0.2,0.012056313,-16.803576935082674,0.02392578125
1323520,1837,1127.0,0,1,45.0,0.2687227427959442,0.0001,20672,-0.003902523450960871,-0.030534920823811262,2.054756197729148,0.4170253276824951,0.2,0.0062094126,-15.923236779123545,0.02001953125
1324032,1931,1149.5,0,1,45.0,0.3716423809528351,0.0001,20680,-0.005147656447661575,-0.043512124780590966,2.996009314316325,0.4051794409751892,0.2,0.0050327415,-15.131780835911632,0.0234375
1324544,1917,1143.5,0,1,45.0,0.028329474851489067,0.0001,20688,-0.008221710286306916,-0.02697853239487813,1.2253276612609625,0.5586055517196655,0.2,0.020308338,-15.055214513018727,0.024169921875
1325056,1774,1150.5,0,1,45.0,0.1411273032426834,0.0001,20696,-0.005249191050097579,-0.020842886533046112,1.7082037546206266,0.39648228883743286,0.2,0.008488891,-14.851505852863193,0.015380859375
1325568,1788,1174.0,0,1,45.0,0.1085309237241745,0.0001,20704,-0.004322555956605356,-0.026880522774263227,1.8018771662609652,0.28358662128448486,0.2,0.007204592,-15.457351938709616,0.013916015625
1326080,2077,1170.5,0,1,45.0,0.5373548269271851,0.0001,20712,-0.003925860190065578,-0.021527201176922972,3.382135113934055,0.6023359298706055,0.2,0.0046580695,-16.13652307882905,0.0126953125
1326592,1919,1128.0,0,1,45.0,0.15268337726593018,0.0001,20720,-0.0027526070916792378,-0.02102167974680924,1.6558317099697888,0.5614972710609436,0.2,0.002521327,-16.78728483311832,0.009765625
1327104,2135,1109.0,0,1,45.0,0.3809811472892761,0.0001,20728,-0.0020628682541428134,-0.03167397738161526,1.7370713495183736,0.683045506477356,0.2,0.0071198866,-17.503692592382432,0.017822265625
1327616,1863,1138.0,0,1,45.0,0.040003206580877304,0.0001,20736,-0.0039360706869047135,-0.020058775662619155,1.3916713809594512,0.5833531320095062,0.2,0.0049865525,-17.993068642616272,0.01416015625
1328128,2015,1116.0,0,1,45.0,1.291898250579834,0.0001,20744,-0.005512493542482844,-0.02877855836868548,2.85895535396412,0.5033808052539825,0.2,0.008085718,-18.314211476519702,0.01953125
1328640,1896,1083.0,0,1,45.0,0.11370014399290085,0.0001,20752,-0.008981787817901932,-0.03267007136969369,1.2563784251105972,0.15401560068130493,0.2,0.005870695,-18.38291509322822,0.022216796875
1329152,1822,1103.5,0,1,45.0,0.17304836213588715,0.0001,20760,-0.007176989973231684,-0.03036314557721198,2.3596766120754182,0.20023119449615479,0.2,0.009888148,-17.772000695094466,0.025390625
1329664,1912,1085.0,0,1,45.0,0.10498054325580597,0.0001,20768,-0.00393481703940779,-0.020441976645543036,2.1210774776991457,0.6833400428295135,0.2,0.007829318,-16.799086851999164,0.014404296875
1330176,1822,1043.0,0,1,45.0,0.18584409356117249,0.0001,20776,-0.006496266461908817,-0.02210536522534312,2.008414192707278,0.5528886318206787,0.2,0.010361351,-15.99128384374082,0.015625
1330688,1498,1105.0,0,1,45.0,0.18067596852779388,0.0001,20784,-0.004868635984166758,-0.026309612083878164,1.671009328798391,0.7379761338233948,0.2,0.008371597,-15.409913351610303,0.0185546875
1331200,1970,1132.5,0,1,45.0,0.24932058155536652,0.0001,20792,-0.004231567101669498,-0.022216492397092225,2.1892347105313092,0.4885295033454895,0.2,0.0052159578,-15.432217974737286,0.014404296875
1331712,2114,1152.5,0,1,45.0,0.18815675377845764,0.0001,20800,-0.004417937343532685,-0.024670144207902922,1.7617022861959413,0.683957427740097,0.2,0.011027899,-15.614872362613678,0.01513671875
1332224,1858,1172.5,0,1,45.0,0.06189209222793579,0.0001,20808,-0.00439477257168619,-0.01839096768435411,1.3225728499819525,0.6477214694023132,0.2,0.0035095988,-16.254947867020963,0.0126953125
1332736,2006,1198.5,0,1,45.0,0.08657487481832504,0.0001,20816,-0.00641037302557379,-0.020029449981848302,0.9228784187580459,0.635789155960083,0.2,0.021622164,-17.174371735453605,0.0224609375
1333248,1904,1209.5,0,1,45.0,0.2927915155887604,0.0001,20824,-0.0051769716301350854,-0.03123272771097163,2.037774383323267,0.35452955961227417,0.2,0.01776387,-17.890267849117517,0.024658203125
1333760,1959,1178.0,0,1,45.0,0.09520719200372696,0.0001,20832,-0.00359864857091452,-0.023194162137542662,1.0770513369934633,0.6309956312179565,0.2,0.014093582,-18.531830486729742,0.019287109375
1334272,1791,1234.0,0,1,45.0,0.03866100683808327,0.0001,20840,-0.004181404561677482,-0.020755323761477484,0.9929411633638665,0.47897869348526,0.2,0.0093261255,-18.72924581065774,0.015625
1334784,2035,1275.5,0,1,45.0,0.18010467290878296,0.0001,20848,-0.0032855068711796775,-0.01656064948315361,1.4536150658968836,0.7354069650173187,0.2,0.0050133513,-18.299363764300942,0.011474609375
1335296,1516,1263.5,0,1,45.0,0.16954541206359863,0.0001,20856,-0.0068866015135427006,-0.030437405047564425,1.66513896221295,0.4902448058128357,0.2,0.013962342,-17.559449348226188,0.02685546875
1335808,1843,1246.5,0,1,45.0,0.18191677331924438,0.0001,20864,-0.0009082394317374565,-0.02060358271023688,1.144757638219744,0.6576345562934875,0.2,0.0041215955,-16.282829832583666,0.012939453125
1336320,2375,1198.0,0,1,45.0,0.20289497077465057,0.0001,20872,-0.003735717426025076,-0.02608640595661882,1.4035524560604244,0.6969964504241943,0.2,0.008418442,-15.304901650696992,0.021484375
1336832,1768,1239.5,0,1,45.0,0.07718083262443542,0.0001,20880,-0.0024595199356554076,-0.016777835996435897,0.5089205917320214,0.8407382965087891,0.2,0.0043325694,-14.060748970881104,0.011474609375
1337344,1996,1207.5,0,1,45.0,0.23050934076309204,0.0001,20888,-0.009141700684267562,-0.04546856739852956,2.9414687297539786,0.3846547603607178,0.2,0.032946356,-13.130434499531985,0.0302734375
1337856,1828,1153.5,0,1,45.0,0.1259981244802475,0.0001,20896,-0.003934585394745227,-0.024987268008658248,1.4609175747609697,0.5723898708820343,0.2,0.013776109,-13.25845823019743,0.027587890625
1338368,1835,1168.5,0,1,45.0,0.3849561810493469,0.0001,20904,-0.004576822895614896,-0.02607927399503751,1.6100453439867124,0.5573600828647614,0.2,0.0037346715,-13.56080047853291,0.01416015625
1338880,1844,1150.0,0,1,45.0,0.3246142864227295,0.0001,20912,-0.0040177545888582245,-0.02459857608164384,2.6321117260959,0.12114894390106201,0.2,0.004240191,-14.325615442693234,0.01123046875
1339392,1874,1150.0,0,1,45.0,0.22328177094459534,0.0001,20920,-0.005894082489248831,-0.029805041730014636,2.421079215593636,0.605626791715622,0.2,0.005899449,-15.715240015536546,0.02294921875
1339904,1418,1157.0,0,1,45.0,0.2868918776512146,0.0001,20928,-0.004611637414200231,-0.04232597238978997,2.472841863753274,0.6932636797428131,0.2,0.008686323,-17.051003908514975,0.01904296875
1340416,1945,1158.5,0,1,45.0,0.556983232498169,0.0001,20936,-0.006676292055999511,-0.04438635365977461,7.485041310079396,0.5151758790016174,0.2,0.007720828,-18.579802371039985,0.025146484375
1340928,2012,1167.0,0,1,45.0,0.026229944080114365,0.0001,20944,-0.004097060103958938,-0.0267371362697304,3.663200908980798,-0.18703901767730713,0.2,0.011027263,-19.22463281966746,0.0166015625
1341440,1838,1190.5,0,1,45.0,0.16359660029411316,0.0001,20952,-0.010585971329419408,-0.04109122719364677,2.9613242683699355,0.569636732339859,0.2,0.026133513,-19.677327644228935,0.037841796875
1341952,2001,1206.5,0,1,45.0,0.1605616956949234,0.0001,20960,-0.0034466889483155683,-0.028623562877328368,3.112605946487747,0.2741774916648865,0.2,0.0022355171,-19.895865910351276,0.01611328125
1342464,1839,1225.5,0,1,45.0,0.05988777056336403,0.0001,20968,-0.0038118638258310966,-0.02158917449173714,1.1976185837411322,0.6884573101997375,0.2,0.012856961,-19.479679057635366,0.017578125
1342976,1850,1243.5,0,1,45.0,0.14294986426830292,0.0001,20976,-0.005653158412314951,-0.02821661290022348,1.125883478380274,0.6805033385753632,0.2,0.0100725815,-19.098915519677103,0.0205078125
1343488,1803,1228.0,0,1,45.0,0.1364515721797943,0.0001,20984,-0.005188152270420687,-0.0248541129253681,2.0418317888397723,-0.02535855770111084,0.2,0.009010936,-18.816734892763197,0.017333984375
1344000,2044,1216.0,0,1,45.0,0.1700723022222519,0.0001,20992,-0.004628407012205571,-0.03285333274970981,1.943679635412991,0.5247774720191956,0.2,0.016740613,-18.23616012085229,0.017822265625
1344512,1461,1225.0,0,1,45.0,0.12773799896240234,0.0001,21000,-0.006263260904233903,-0.028574077056873648,1.742415925837122,0.4815208911895752,0.2,0.010168057,-17.844849930368365,0.01806640625
1345024,2080,1229.5,0,1,45.0,0.9720486402511597,0.0001,21008,-0.007153553458920214,-0.03227553820602225,2.5232175432611257,0.7027279734611511,0.2,0.0050021247,-17.158454379476606,0.02099609375
1345536,2045,1191.5,0,1,45.0,0.22162885963916779,0.0001,21016,-0.004987669621186797,-0.0272057665124521,1.4842116949148476,0.6579129695892334,0.2,0.013104564,-17.127005863450467,0.016845703125
1346048,2171,1087.0,0,1,45.0,0.13457544147968292,0.0001,21024,-0.0052306260986370035,-0.02572742799839034,1.1877237778389826,0.6638857126235962,0.2,0.015897224,-16.45317288082093,0.01953125
1346560,2395,983.5,0,1,45.0,0.3392561376094818,0.0001,21032,-0.009179990862321574,-0.024021745201252998,2.4457346056587994,0.5334579348564148,0.2,0.006680613,-16.47631138879806,0.021484375
1347072,2115,953.5,0,1,45.0,0.007253443822264671,0.0001,21040,-0.003633778163930401,-0.016586999078185727,0.5502227170945844,0.6185305416584015,0.2,0.004082527,-16.080165303871034,0.01513671875
1347584,1901,899.0,0,1,45.0,0.09643079340457916,0.0001,21048,-0.0027376558937248774,-0.015007787962531438,1.185458754771389,0.31202614307403564,0.2,0.014391685,-16.16960965797305,0.008544921875
1348096,1822,914.0,0,1,45.0,0.4281546473503113,0.0001,21056,-0.005970600672299042,-0.028385091994096,2.982805135194212,0.22977590560913086,0.2,0.00822336,-15.626148394346238,0.017822265625
1348608,2036,918.0,0,1,45.0,0.2682183086872101,0.0001,21064,-0.0046848992933519185,-0.030215071391467063,4.0039777350611985,0.5344278514385223,0.2,0.0024849323,-15.3865240855515,0.019287109375
1349120,1890,907.5,0,1,45.0,0.6445189714431763,0.0001,21072,-0.0034431670792400837,-0.024668050172067524,3.5406371378339827,0.2622077465057373,0.2,0.0041066376,-15.566448529288174,0.010009765625
1349632,1668,930.0,0,1,45.0,0.859398365020752,0.0001,21080,-0.005055802052083891,-0.02597528753358347,4.2737896968610585,0.5164913237094879,0.2,0.008175891,-15.684545130878687,0.020263671875
1350144,2061,947.5,0,1,45.0,0.9501180648803711,0.0001,21088,-0.005126765689055901,-0.02643129515399778,4.443318524863571,0.3541802167892456,0.2,0.0034632776,-16.416046576872468,0.01513671875
1350656,2079,1012.0,0,1,45.0,0.48268166184425354,0.0001,21096,-0.004159046713539283,-0.01677519548275086,3.807542508468032,0.5176402628421783,0.2,0.0063749235,-17.46519764073193,0.013671875
1351168,1914,1078.5,0,1,45.0,0.4618220329284668,0.0001,21104,-0.00439339826698415,-0.021089474526888807,2.562168515753001,0.32831788063049316,0.2,0.006227438,-18.433239980265498,0.0146484375
1351680,1933,1084.5,0,1,45.0,0.1708134561777115,0.0001,21112,-0.0068998140959593,-0.025741732350525126,1.8031139709055424,0.6052312254905701,0.2,0.011921365,-19.257047194875778,0.024169921875
1352192,1957,1098.5,0,1,45.0,0.2215476632118225,0.0001,21120,-0.00662782639847137,-0.022268012055974395,2.3171101312618703,0.5086981058120728,0.2,0.02045764,-20.30272731270641,0.021240234375
1352704,1952,1072.0,0,1,45.0,0.2367258071899414,0.0001,21128,-0.004965246211213525,-0.02384603976429389,2.0540709522319958,0.3917355537414551,0.2,0.01623537,-21.04253408771008,0.015380859375
1353216,1857,1100.5,0,1,45.0,0.11344729363918304,0.0001,21136,-0.006752843553840648,-0.03095261542375738,1.5336243623751216,0.7075730860233307,0.2,0.005951213,-21.54118691060692,0.025390625
1353728,1939,1093.0,0,1,45.0,0.20379845798015594,0.0001,21144,-0.006301276727754157,-0.027694355122548586,1.7124080763896927,0.5623996257781982,0.2,0.022276532,-21.509987561665476,0.029052734375
1354240,2283,1087.5,0,1,45.0,0.4033966362476349,0.0001,21152,-0.005057042741100304,-0.032908743969983334,1.7242534668184817,0.6230697631835938,0.2,0.011634635,-21.289223479665814,0.018798828125
1354752,1522,1082.5,0,1,45.0,0.4177475869655609,0.0001,21160,-0.0058168016803392675,-0.025506604104066355,2.525132550857961,0.3987954258918762,0.2,0.010205945,-20.073524261675775,0.016845703125
1355264,2280,1010.0,0,1,45.0,0.3222264349460602,0.0001,21168,-0.004477526534174103,-0.03608987603456626,2.7198147310409695,0.46279269456863403,0.2,0.015584437,-18.930847801230847,0.0263671875
1355776,1741,1042.5,0,1,45.0,0.1861102283000946,0.0001,21176,-0.00993997848854633,-0.024579896493150954,1.716293322853744,0.447818398475647,0.2,0.008916639,-17.676046548597515,0.027099609375
1356288,2023,1070.5,0,1,45.0,0.037246305495500565,0.0001,21184,-0.0035047003657382447,-0.02612051794585568,1.9265462986659259,0.5847959816455841,0.2,0.0038642222,-16.59638723708689,0.016845703125
1356800,1843,1114.5,0,1,45.0,0.012071233242750168,0.0001,21192,-0.005343384749721736,-0.02128296282694464,0.9512946073082276,0.7530062943696976,0.2,0.007873872,-15.609199952855706,0.01806640625
1357312,1973,1119.0,0,1,45.0,0.1597079038619995,0.0001,21200,-0.0035427817565505393,-0.015281265325711502,1.9987352362368256,0.7765887081623077,0.2,0.0025474804,-14.850395685732364,0.014404296875
1357824,2020,1043.0,0,1,45.0,0.20199766755104065,0.0001,21208,-0.005465940081194276,-0.030276241850515362,1.7428219433058985,0.5526524186134338,0.2,0.010664441,-14.70281202584505,0.02099609375
1358336,1896,1064.5,0,1,45.0,0.15416932106018066,0.0001,21216,-0.004327580871176906,-0.025088030499773595,2.556393288774416,0.4993986487388611,0.2,0.009125066,-14.808351123332978,0.015869140625
1358848,2254,1081.0,0,1,45.0,0.2634899318218231,0.0001,21224,-0.003953687395551242,-0.027042026537401398,2.936530697159469,0.5870017409324646,0.2,0.0060499525,-15.634311050102115,0.019287109375
1359360,1527,1131.5,0,1,45.0,0.10114940255880356,0.0001,21232,-0.005765956317191012,-0.019228600237511273,0.8291893749265,0.7139007747173309,0.2,0.012898256,-17.00937943406403,0.01416015625
1359872,1962,1153.0,0,1,45.0,0.2837921977043152,0.0001,21240,-0.006689469555567484,-0.029271258008520817,2.1824227513279766,0.5939795076847076,0.2,0.015332929,-18.35984101675451,0.021484375
1360384,1703,1155.5,0,1,45.0,0.11664649844169617,0.0001,21248,-0.00671283587871585,-0.027779402827036392,2.7533524507889524,0.5344299376010895,0.2,0.007051168,-19.78208502262831,0.023193359375
1360896,1973,1148.5,0,1,45.0,0.23514072597026825,0.0001,21256,-0.003951801081711892,-0.033737692182512546,3.9886080420110375,0.44514667987823486,0.2,0.0074647577,-20.679938168749214,0.02001953125
1361408,1796,1147.5,0,1,45.0,0.13770002126693726,0.0001,21264,-0.003987391784903593,-0.020062024243088672,1.6334478271892294,0.624687910079956,0.2,0.0047144713,-21.171051693931222,0.013916015625
1361920,1958,1157.5,0,1,45.0,0.07054270058870316,0.0001,21272,-0.004099513695109636,-0.023967899403942283,1.742445077514276,0.8116833120584488,0.2,0.006297024,-20.975239256992936,0.017578125
1362432,1948,1197.5,0,1,45.0,0.2784039378166199,0.0001,21280,-0.004248938425007509,-0.027874857471033465,1.952290134737268,0.6347332298755646,0.2,0.006771829,-20.5644997189939,0.02197265625
1362944,2003,1154.5,0,1,45.0,0.13751883804798126,0.0001,21288,-0.00674848137441586,-0.02809470206602782,0.8901314981048927,0.8326219171285629,0.2,0.020503972,-19.972920956909658,0.02490234375
1363456,2110,1136.0,0,1,45.0,0.5849939584732056,0.0001,21296,-0.006784535929909907,-0.027871425128296323,2.445677596377209,0.4427313804626465,0.2,0.008575225,-19.355009470134974,0.021728515625
1363968,2016,1140.5,0,1,45.0,0.19199049472808838,0.0001,21304,-0.007799723505740985,-0.03323078000858004,0.9960527345538139,0.7572555691003799,0.2,0.043988295,-18.55326937094331,0.03076171875
1364480,2046,1126.5,0,1,45.0,1.1017674207687378,0.0001,21312,-0.006703019826090895,-0.02701951563494731,3.098146387375891,0.6062653958797455,0.2,0.007460655,-18.261486137360336,0.017822265625
1364992,1936,1089.0,0,1,45.0,0.25214800238609314,0.0001,21320,-0.0074515650267130695,-0.023188273578853114,1.8344433344900608,0.7574523538351059,0.2,0.018198816,-17.677158192694186,0.024658203125
1365504,1995,1097.0,0,1,45.0,0.1665995866060257,0.0001,21328,-0.004116673775570234,-0.027923559609007498,1.7622137169819325,0.5910792350769043,0.2,0.008127522,-17.311491518244146,0.01611328125
1366016,1919,1034.5,0,1,45.0,0.2852097749710083,0.0001,21336,-0.0058474645629758015,-0.027278582142571395,2.8879467067308724,0.5542293787002563,0.2,0.007709395,-17.436760148853065,0.0185546875
1366528,2162,1014.5,0,1,45.0,0.13010020554065704,0.0001,21344,-0.0020553113863570616,-0.018707519647250592,1.52962500450667,0.7732755541801453,0.2,0.0406499,-17.3571951713413,0.010498046875
1367040,2072,946.5,0,1,45.0,0.04857506975531578,0.0001,21352,-0.00659303818247281,-0.01042487422864724,1.0205689460563008,0.5967677235603333,0.2,0.008729081,-17.19392755739391,0.013671875
1367552,2273,907.0,0,1,45.0,0.18937072157859802,0.0001,21360,-0.004485897959966678,-0.029538975869627393,1.416115274943877,0.7079299986362457,0.2,0.016163573,-16.771272254511715,0.0244140625
1368064,2142,900.5,0,1,45.0,0.16801561415195465,0.0001,21368,-0.0050205108818772715,-0.017227801080252902,1.6400923606706783,0.30655354261398315,0.2,0.004667027,-16.860882269442083,0.016357421875
1368576,2172,900.5,0,1,45.0,0.21064454317092896,0.0001,21376,-0.0036401125325937755,-0.02079788311084485,2.018867945531383,0.4687768220901489,0.2,0.00908213,-16.657317162826658,0.014404296875
1369088,1959,876.0,0,1,45.0,0.5836277008056641,0.0001,21384,-0.005937975751294289,-0.02399049250095686,3.02044208208099,0.4549694061279297,0.2,0.0033799347,-16.416078275293113,0.015869140625
1369600,1528,866.0,0,1,45.0,1.281226634979248,0.0001,21392,-0.0032134724970092066,-0.024950129584453862,4.209220167249441,0.4843941926956177,0.2,0.0037586791,-16.388236867636444,0.0126953125
1370112,2013,881.0,0,1,45.0,1.8167393207550049,0.0001,21400,-0.007807211171893869,-0.030383014578205803,6.105989856645465,0.5742961764335632,0.2,0.0026773196,-16.85190418511629,0.01904296875
1370624,1919,917.0,0,1,45.0,0.5741040110588074,0.0001,21408,-0.003729849078808911,-0.0207634088208124,3.211843690369278,0.7066662013530731,0.2,0.0035402765,-17.346142122372985,0.014892578125
1371136,2137,929.0,0,1,45.0,0.35327163338661194,0.0001,21416,-0.0026018733988166787,-0.019964915114542237,3.2600668729282916,0.7106421887874603,0.2,0.0026048487,-18.368206827268004,0.008544921875
1371648,1795,970.5,0,1,45.0,0.245538592338562,0.0001,21424,-0.0041407042008358985,-0.01678674298534588,2.2177433476317674,0.6648768186569214,0.2,0.0052537145,-19.604183430448174,0.008544921875
1372160,1894,1039.5,0,1,45.0,0.9116210341453552,0.0001,21432,-0.0004549487784970552,-0.03483413296544313,8.7223005364649,0.3733149766921997,0.2,0.0070492774,-20.780493725389242,0.013427734375
1372672,1856,1084.0,0,1,45.0,0.14012251794338226,0.0001,21440,-0.005324525591277052,-0.026508559446938307,1.751325813587755,0.03345024585723877,0.2,0.009632736,-21.624028405100105,0.02099609375
1373184,2047,1075.0,0,1,45.0,0.2058054655790329,0.0001,21448,-0.007393068710371153,-0.04344632649917912,3.5744822761043906,0.3619239926338196,0.2,0.012702101,-22.16012236982584,0.0263671875
1373696,1918,1103.0,0,1,45.0,0.33841437101364136,0.0001,21456,-0.00457917021594767,-0.026218630066523474,2.230257211951539,0.4255795478820801,0.2,0.0060273623,-21.997066178172826,0.012939453125
1374208,1516,1133.5,0,1,45.0,0.9950991868972778,0.0001,21464,-0.002269294382131193,-0.025163542372638403,5.977504470385611,0.5924001634120941,0.2,0.0013154289,-22.00281356357038,0.007568359375
1374720,1900,1161.0,0,1,45.0,0.30422377586364746,0.0001,21472,-0.0030518751591444016,-0.02395316686795468,2.774336981587112,0.5705202519893646,0.2,0.0021023941,-21.053304191306232,0.01416015625
1375232,1880,1161.5,0,1,45.0,0.2347411960363388,0.0001,21480,-0.0016548719213460572,-0.018585353009484606,1.7649791217409074,0.7285629510879517,0.2,0.0015076557,-19.820171988680958,0.009033203125
1375744,1872,1168.5,0,1,45.0,0.306281179189682,0.0001,21488,-0.005475377132825088,-0.029503090093385254,2.4450460295192897,0.684627115726471,0.2,0.010845011,-18.68146435417235,0.0244140625
1376256,1884,1142.5,0,1,45.0,0.6836052536964417,0.0001,21496,-0.013895418120227987,-0.05892510243461402,15.486279332078993,0.5795297026634216,0.2,0.036691353,-17.746577016338705,0.041259765625
1376768,2122,1123.5,0,1,45.0,0.2643268406391144,0.0001,21504,-0.004643164233129937,-0.02795132737651329,2.8250643524806947,0.5426641702651978,0.2,0.0042952313,-17.146375096589328,0.019287109375
1377280,1974,1042.0,0,1,45.0,0.19926926493644714,0.0001,21512,-0.004615149937308161,-0.022455885352883342,1.7521608404349536,0.6256203949451447,0.2,0.094537444,-16.09312536403537,0.011962890625
1377792,2152,1054.0,0,1,45.0,0.07940627634525299,0.0001,21520,-0.006845880481705535,-0.028457783733756514,1.3100472053629346,0.4731234312057495,0.2,0.015569179,-15.777597832977772,0.020263671875
1378304,1973,1067.0,0,1,45.0,0.033034954220056534,0.0001,21528,-0.004509207919909386,-0.026125950957521127,1.1653693825937808,0.6164819002151489,0.2,0.014579566,-15.755665946081281,0.01953125
1378816,1520,1087.5,0,1,45.0,0.37258386611938477,0.0001,21536,-0.005326303780748276,-0.029831806629772473,2.961853401036933,0.34652429819107056,0.2,0.0033732026,-15.995770375654102,0.016357421875
1379328,1842,1059.5,0,1,45.0,0.05787741392850876,0.0001,21544,-0.004238980745867593,-0.023424477434900837,0.8934350839117542,0.45637041330337524,0.2,0.0066550625,-16.5948538608104,0.02099609375
1379840,1983,1070.5,0,1,45.0,0.3425038456916809,0.0001,21552,-0.0034950609942825395,-0.023610485640574552,1.7856166712008417,0.7074550092220306,0.2,0.0045306208,-17.17001035116613,0.012451171875
1380352,1946,1053.5,0,1,45.0,0.611351728439331,0.0001,21560,-0.007890116641647182,-0.03958994839308616,1.9471622439450584,0.6283317506313324,0.2,0.011978218,-17.769732760638,0.0361328125
1380864,1930,1101.0,0,1,45.0,0.1893782913684845,0.0001,21568,-0.00747543428951758,-0.033648077821681,2.6786359664984047,0.4305958151817322,0.2,0.0066850395,-17.631769232675435,0.023193359375
1381376,2232,1081.5,0,1,45.0,0.25740981101989746,0.0001,21576,-0.004588422696542693,-0.02995465580261225,2.5880571824964136,0.4587402939796448,0.2,0.0074733943,-17.84158398963511,0.020263671875
1381888,2034,1086.0,0,1,45.0,0.11106780916452408,0.0001,21584,-0.004661431976273889,-0.028475139776446667,1.1233505853451788,0.6001890599727631,0.2,0.023013942,-18.450186546444893,0.02099609375
1382400,2178,1050.5,0,1,45.0,0.19161522388458252,0.0001,21592,-0.00942705338820815,-0.04965848137089779,2.758523440803401,0.24211055040359497,0.2,0.029426266,-18.93973238363862,0.041259765625
1382912,1801,1016.0,0,1,45.0,0.13465571403503418,0.0001,21600,-0.0064567963672743645,-0.029924312055754854,1.2465240711171646,0.4483487010002136,0.2,0.0107159065,-19.057105910927056,0.02294921875
1383424,2052,988.5,0,1,45.0,0.44328707456588745,0.0001,21608,-0.00692985089335707,-0.041833541260075435,3.186439341166988,0.08241462707519531,0.2,0.0098040905,-19.211869655996562,0.032958984375
1383936,1395,1007.5,0,1,45.0,0.0685236006975174,0.0001,21616,-0.003950940699724015,-0.02324340634550026,0.7996139850583859,0.5495025813579559,0.2,0.010062867,-19.393323644548655,0.01611328125
1384448,1949,990.0,0,1,45.0,0.43897688388824463,0.0001,21624,-0.008354850120667834,-0.03430693362611237,2.8325331886298954,0.5130372047424316,0.2,0.011310495,-19.683451023884118,0.02197265625
1384960,1936,961.5,0,1,45.0,0.3455771207809448,0.0001,21632,-0.006246086231840309,-0.0349125795009968,1.8767419878859073,0.6041491627693176,0.2,0.007412792,-19.80846532639116,0.0185546875
1385472,1983,928.0,0,1,45.0,0.09146953374147415,0.0001,21640,-0.006812419022026006,-0.03692327413091334,2.251836220966652,0.6653639078140259,0.2,0.004746632,-20.07234362129122,0.02099609375
1385984,1964,931.0,0,1,45.0,0.4517149031162262,0.0001,21648,-0.006478625698946416,-0.04365995289822422,3.5352248665876687,0.18942588567733765,0.2,0.01397461,-20.470425807349383,0.030029296875
1386496,1770,996.0,0,1,45.0,0.18285106122493744,0.0001,21656,-0.006003591122862417,-0.045957990620081546,3.007368696387857,0.3476712107658386,0.2,0.017098911,-20.233081747107207,0.02783203125
1387008,1925,1030.5,0,1,45.0,0.13884040713310242,0.0001,21664,-0.00646969499939587,-0.05573878735231119,2.864722066791728,0.5344447195529938,0.2,0.008484665,-20.036476869694887,0.032958984375
1387520,2014,994.0,0,1,45.0,0.3512568473815918,0.0001,21672,-0.006582505091500934,-0.04468726946925017,3.1538743096170947,0.2394694685935974,0.2,0.024035329,-20.15298363827169,0.02734375
1388032,1941,1003.0,0,1,45.0,0.13524894416332245,0.0001,21680,-0.006439611352107022,-0.028542666456132793,2.479907816159539,0.39426523447036743,0.2,0.0103212455,-19.90503533035517,0.018310546875
1388544,1420,1007.0,0,1,45.0,0.33193907141685486,0.0001,21688,-0.005774967576144263,-0.030701572110956477,1.9673368013463914,0.21523898839950562,0.2,0.012975036,-19.987532952800393,0.0224609375
1389056,1918,1069.5,0,1,45.0,0.24594175815582275,0.0001,21696,-0.009347216218884569,-0.04249557496223133,3.508368114475161,0.6295201182365417,0.2,0.006309686,-20.677257918417453,0.025390625
1389568,1768,1083.0,0,1,45.0,0.3965989351272583,0.0001,21704,-0.007366288817138411,-0.037417438839838724,2.528701491188258,0.6665190756320953,0.2,0.011035166,-20.58150285050273,0.029541015625
1390080,2186,1080.0,0,1,45.0,2.798646926879883,0.0001,21712,0.003132981091766851,-0.06119912805479544,12.13547883182764,0.5265621840953827,0.2,0.005787448,-21.368825829699635,0.033447265625
1390592,1967,1078.0,0,1,45.0,0.34979143738746643,0.0001,21720,-0.004396059186547063,-0.019104478101724,1.863105669617653,0.6077379882335663,0.2,0.010654451,-20.63312221996486,0.014892578125
1391104,2019,1086.5,0,1,45.0,0.6151463389396667,0.0001,21728,-0.005170366741367616,-0.04170767571667966,3.36556039750576,0.6409028172492981,0.2,0.013946814,-20.54946895316243,0.030029296875
1391616,1833,1089.5,0,1,45.0,0.6357002258300781,0.0001,21736,-0.007159256529121194,-0.03755202099773669,2.9773577000014484,0.6266003847122192,0.2,0.020541172,-20.00887749440968,0.02392578125
1392128,1883,1136.5,0,1,45.0,0.3728669285774231,0.0001,21744,-0.002148936939192936,-0.030656596376047673,4.187411256600171,0.1710769534111023,0.2,0.0020482691,-19.050294408611954,0.010498046875
1392640,1427,1120.0,0,1,45.0,0.08548010140657425,0.0001,21752,-0.005723526075598784,-0.030942320307076443,2.1844712840975262,0.406480610370636,0.2,0.013454031,-18.129415431804954,0.031982421875
1393152,1892,1116.5,0,1,45.0,0.6029176115989685,0.0001,21760,-0.006914995909028221,-0.03329199694212548,5.722958558704704,0.18226075172424316,0.2,0.0061459313,-17.983839151896536,0.026123046875
1393664,1776,1113.5,0,1,45.0,0.41735929250717163,0.0001,21768,-0.00414132023070124,-0.021343314573869065,2.297231556964107,0.6593212783336639,0.2,0.008975585,-16.930061793327333,0.013427734375
1394176,1896,1097.0,0,1,45.0,1.5636215209960938,0.0001,21776,-0.007785921738104662,-0.04016984751615382,5.504957765806466,0.44229477643966675,0.2,0.011512117,-16.82724074408412,0.0283203125
1394688,2264,1088.5,0,1,45.0,0.16597133874893188,0.0001,21784,-0.003238955541746691,-0.02753020091313374,2.298290535225533,0.5048456788063049,0.2,0.004589123,-16.22411002025008,0.01318359375
1395200,1891,1065.5,0,1,45.0,0.024820951744914055,0.0001,21792,-0.004374070442281663,-0.02108307607545612,0.6240329351276159,0.8304945826530457,0.2,0.02256828,-16.603816508576273,0.014892578125
1395712,2166,1065.5,0,1,45.0,0.11887037009000778,0.0001,21800,-0.005520516919204965,-0.021254769579627464,0.8812353732064366,0.48162972927093506,0.2,0.006599122,-17.08129399448633,0.01513671875
1396224,1894,1019.5,0,1,45.0,0.09274894744157791,0.0001,21808,-0.005652501709846547,-0.02459459235524264,0.7981589288683608,0.6369419991970062,0.2,0.005337039,-18.00219735182822,0.017333984375
1396736,2134,938.5,0,1,45.0,0.4708910584449768,0.0001,21816,-0.006600304019229952,-0.028867573189018003,2.2048453581519425,0.30277425050735474,0.2,0.016827555,-18.88277516260743,0.02197265625
1397248,2055,917.0,0,1,45.0,0.14338627457618713,0.0001,21824,-0.004696486597822513,-0.01991588556688839,1.2031836889800616,0.40689969062805176,0.2,0.026371362,-19.70997905947268,0.020263671875
1397760,1573,843.5,0,1,45.0,0.13756033778190613,0.0001,21832,-0.005156734070624225,-0.022987483171732492,1.45303600927582,0.6402493417263031,0.2,0.008460347,-19.43829092517495,0.014404296875
1398272,2152,815.0,0,1,45.0,0.18531444668769836,0.0001,21840,-0.005201221567403991,-0.019821570358885765,1.6132900741649792,0.6512164175510406,0.2,0.010056848,-19.69145025126636,0.014404296875
1398784,1952,756.5,0,1,45.0,0.1786099225282669,0.0001,21848,-0.007106978515366791,-0.036489972353706435,2.3743420797400177,0.6157406568527222,0.2,0.017944286,-19.556893606558443,0.025634765625
1399296,2177,749.5,0,1,45.0,0.34554049372673035,0.0001,21856,-0.005531530230655335,-0.02975977769142446,3.023839666042477,0.4848499298095703,0.2,0.0053058187,-19.139763084873557,0.019287109375
1399808,1928,784.5,0,1,45.0,0.29956111311912537,0.0001,21864,-0.004060448041855125,-0.03632256995274474,3.2795083206146955,0.24320721626281738,0.2,0.0070141833,-19.319762523025275,0.01953125
1400320,2121,784.5,0,1,45.0,0.2909820079803467,0.0001,21872,-0.005214436318055959,-0.03910546600491216,3.320166178047657,0.36463290452957153,0.2,0.004966417,-18.662855052947997,0.022705078125
1400832,1803,794.5,0,1,45.0,0.2804633677005768,0.0001,21880,-0.005694390702046803,-0.024608016809906985,2.8575418533291668,0.3316585421562195,0.2,0.013352084,-18.621051946356893,0.02001953125
1401344,2057,866.5,0,1,45.0,0.31988999247550964,0.0001,21888,-0.005302965379087254,-0.041148872744088294,3.604645204730332,0.6783215999603271,0.2,0.00682226,-18.258642708733678,0.021728515625
1401856,1663,898.5,0,1,45.0,0.17154839634895325,0.0001,21896,-0.006201225176482694,-0.034215064695217734,2.386071724118665,0.48912185430526733,0.2,0.045071155,-18.106655603647233,0.020263671875
1402368,1402,959.0,0,1,45.0,0.5303483009338379,0.0001,21904,-0.007906238782197761,-0.04037696123123169,4.427505032741465,0.408333957195282,0.2,0.005308498,-19.107392723634838,0.026123046875
1402880,1850,1012.0,0,1,45.0,0.07783802598714828,0.0001,21912,-0.007922062650322914,-0.03453227451609564,2.298010237631388,0.4879397749900818,0.2,0.023002837,-19.983419535011052,0.031005859375
1403392,1799,1067.5,0,1,45.0,0.0647033303976059,0.0001,21920,-0.00501361316855764,-0.023558151301131147,1.1734821176505648,0.5241914093494415,0.2,0.0045667053,-20.569150222614407,0.01513671875
1403904,1877,1060.5,0,1,45.0,0.2317992001771927,0.0001,21928,-0.005717921812902205,-0.03353022598537336,1.6858811886049807,0.6906819641590118,0.2,0.0079496745,-21.472149071618915,0.02099609375
1404416,1906,1086.0,0,1,45.0,0.345926433801651,0.0001,21936,-0.00683370940896566,-0.025861274738417706,2.176439775619656,0.7607582062482834,0.2,0.0041714623,-21.395640942156316,0.01806640625
1404928,2027,1093.5,0,1,45.0,1.0520278215408325,0.0001,21944,-0.009491493299719878,-0.03714497043802112,2.6385018811561167,0.70919069647789,0.2,0.012715451,-21.71072965525091,0.027099609375
1405440,1915,1095.0,0,1,45.0,0.4250001609325409,0.0001,21952,-0.0038970883397269063,-0.037511589970563364,3.836961752269417,0.3608967661857605,0.2,0.023690691,-20.97242331519723,0.028076171875
1405952,2002,1010.5,0,1,45.0,0.6634060740470886,0.0001,21960,-0.00684369034570409,-0.042281213243427374,3.834465363062918,0.1912217140197754,0.2,0.0045544086,-20.574304206222294,0.02294921875
1406464,1871,970.5,0,1,45.0,0.2959904670715332,0.0001,21968,-0.0054684590359102,-0.03271881611090066,2.801996515132487,-0.1906905174255371,0.2,0.008487375,-19.341786263138054,0.02099609375
1406976,2011,962.0,0,1,45.0,0.25770998001098633,0.0001,21976,-0.0027164338862348814,-0.029431647280944162,3.4102550849784166,0.7283829748630524,0.2,0.0046310723,-17.651602833122016,0.01123046875
1407488,1285,950.5,0,1,45.0,0.16273292899131775,0.0001,21984,-0.003756542588234879,-0.026455767296056365,2.114781813812442,0.4747452735900879,0.2,0.009420728,-16.085731700733305,0.015380859375
1408000,2067,873.0,0,1,45.0,0.2687531113624573,0.0001,21992,-0.005669679972925223,-0.028594960607279063,1.2858575739664957,0.6321691870689392,0.2,0.023213537,-14.865750998407602,0.020263671875
1408512,2042,828.0,0,1,45.0,0.07415354251861572,0.0001,22000,-0.004634435214029509,-0.01660521773237633,0.7311639590188861,0.24437576532363892,0.2,0.008259138,-14.404378683120012,0.017822265625
1409024,1908,821.0,0,1,45.0,0.21033059060573578,0.0001,22008,-0.006118007484474219,-0.019192431839883284,1.336812186986208,0.6943129301071167,0.2,0.014565634,-14.791922007128596,0.0166015625
1409536,1714,831.0,0,1,45.0,0.27340757846832275,0.0001,22016,-0.004491548483201768,-0.02921041202671404,1.8480121677275747,0.5625516474246979,0.2,0.0068432344,-15.173125201165677,0.017578125
1410048,1751,854.5,0,1,45.0,0.24328626692295074,0.0001,22024,-0.005084664939204231,-0.01976139012197109,1.7696655308827758,0.6035031974315643,0.2,0.008263025,-16.910861391648652,0.016845703125
1410560,1705,919.5,0,1,45.0,0.46778014302253723,0.0001,22032,-0.004778850121510914,-0.028518169870721977,2.3203370487317443,0.5276881754398346,0.2,0.004678346,-18.562893947288394,0.01806640625
1411072,1685,910.0,0,1,45.0,0.29811033606529236,0.0001,22040,-0.007796285088261357,-0.025045446573130903,2.1139407851733267,0.3136257529258728,0.2,0.012709442,-19.900586983934044,0.022216796875
1411584,1629,967.0,0,1,45.0,0.13859133422374725,0.0001,22048,-0.006939021892321762,-0.024338072370483133,1.5495879927184433,0.820947602391243,0.2,0.005512622,-21.32112743355334,0.018798828125
1412096,1964,985.5,0,1,45.0,0.18373431265354156,0.0001,22056,-0.004657096516893944,-0.02298839781337847,1.328431110479869,0.47421443462371826,0.2,0.015031576,-21.93747305393219,0.019287109375
1412608,2123,1026.0,0,1,45.0,0.14556445181369781,0.0001,22064,-0.0048193113289016765,-0.026650067963601032,1.8957177504198626,0.6956305205821991,0.2,0.009503507,-22.130552536919712,0.02001953125
1413120,1789,1064.5,0,1,45.0,0.08101403713226318,0.0001,22072,-0.0052540025499183685,-0.022414955268232006,0.8134159808396362,0.7113600671291351,0.2,0.02075749,-22.167399826645852,0.02294921875
1413632,2022,1083.0,0,1,45.0,0.12278204411268234,0.0001,22080,-0.004190978106635157,-0.03724503979810834,1.526998021057807,0.6193922460079193,0.2,0.026507435,-21.442376636192204,0.03125
1414144,1828,1127.5,0,1,45.0,0.18749605119228363,0.0001,22088,-0.006117176097177435,-0.03132714140247117,1.1914166667847894,0.582352340221405,0.2,0.01628763,-20.988913822099565,0.02685546875
1414656,1945,1151.0,0,1,45.0,0.3232305645942688,0.0001,22096,-0.004572686790197622,-0.03137389594121487,2.509872393216938,0.30307310819625854,0.2,0.0049062967,-20.30976060554385,0.02001953125
1415168,1882,1168.0,0,1,45.0,0.11703665554523468,0.0001,22104,-0.0046330893637787085,-0.02514831469488854,1.2555253480095416,0.37122946977615356,0.2,0.0152087035,-19.739677146077156,0.025390625
1415680,1898,1178.0,0,1,45.0,0.1414864957332611,0.0001,22112,-0.0035394270889810286,-0.018424158458856255,1.5358900912106037,0.5320206582546234,0.2,0.0010294262,-19.42859289057553,0.01123046875
1416192,2206,1135.5,0,1,45.0,0.19488975405693054,0.0001,22120,-0.005821208153065527,-0.02998478153585893,1.4574762636329979,0.6606759428977966,0.2,0.015055964,-19.27054847806692,0.024658203125
1416704,1906,1141.5,0,1,45.0,0.30400991439819336,0.0001,22128,-0.004947741155774565,-0.022728712456228095,1.5133758172160015,0.6152527630329132,0.2,0.020659864,-19.59295452170074,0.01416015625
1417216,2383,1123.5,0,1,45.0,0.47152024507522583,0.0001,22136,-0.006182947581692133,-0.034386439238915045,2.046866175485775,0.7207566797733307,0.2,0.009251742,-19.590961722806096,0.019287109375
1417728,1391,1120.0,0,1,45.0,0.1267329901456833,0.0001,22144,-0.0024461991706630215,-0.018922874248801236,0.9501506057567894,0.7195556163787842,0.2,0.010160482,-19.12042692095041,0.01416015625
1418240,2065,1086.5,0,1,45.0,0.36906054615974426,0.0001,22152,-0.009701230563223362,-0.051049602167040575,3.0737662984756753,0.42175036668777466,0.2,0.016640238,-18.94362188026309,0.03515625
1418752,1758,1060.5,0,1,45.0,0.06460153311491013,0.0001,22160,-0.005702644302800763,-0.018852242866387314,1.2236568257212639,0.40439069271087646,0.2,0.016934458,-18.415434980988504,0.017333984375
1419264,2055,1037.5,0,1,45.0,0.2071864753961563,0.0001,22168,-0.009441121394047514,-0.06503696801701153,12.344706810661592,0.21658653020858765,0.2,0.00860136,-19.07905012734234,0.03759765625
1419776,1929,999.5,0,1,45.0,0.0622745081782341,0.0001,22176,-0.005489876971296326,-0.025113176061495324,1.1104859934421256,0.4727107882499695,0.2,0.021438021,-19.016876360177992,0.02392578125
1420288,2002,991.0,0,1,45.0,0.11979275941848755,0.0001,22184,-0.005384335123380879,-0.02334770150946497,1.41437274319469,0.7192266285419464,0.2,0.016130032,-18.974262478873133,0.017822265625
1420800,2131,957.5,0,1,45.0,0.07087482511997223,0.0001,22192,-0.003478030535916332,-0.02795116536117348,2.1654535060515627,0.6686720848083496,0.2,0.008822262,-19.260309429615734,0.017822265625
1421312,2024,939.0,0,1,45.0,0.04057744890451431,0.0001,22200,-0.004148137442825828,-0.020170476152543415,0.7631768479477614,0.6469797492027283,0.2,0.008670647,-19.34878992959857,0.01513671875
1421824,2560,914.0,0,1,45.0,0.14747193455696106,0.0001,22208,-0.003959882458730135,-0.024880378905209,1.0186323618981987,0.7444657683372498,0.2,0.0112058595,-19.546678670421244,0.01708984375
1422336,1386,918.0,0,1,45.0,0.002030759584158659,0.0001,22216,-0.00630973483202979,-0.015449608505605283,0.3309867115203815,0.8065224140882492,0.2,0.013656473,-19.79280480198562,0.0146484375
1422848,2206,877.0,0,1,45.0,0.1521252691745758,0.0001,22224,-0.0062785591690044384,-0.040429644996038405,2.768391284509562,0.44470202922821045,0.2,0.017282829,-19.90043892838061,0.018310546875
1423360,1746,937.0,0,1,45.0,-0.00812680646777153,0.0001,22232,-0.0173316977925424,-0.27934151496447157,1.1134608329157345,0.5061584413051605,0.2,0.49592435,-19.885889237970115,0.4052734375
1423872,2021,916.5,0,1,45.0,235.88148498535156,0.0001,22240,-0.004774001463374589,-0.26798794395290315,1202.2433257102966,0.016266286373138428,0.2,0.020027222,-32.227626647502184,0.06884765625
1424384,1837,974.0,0,1,45.0,256.734619140625,0.0001,22248,-0.006895035490742885,-0.3621400211704895,1172.637713432312,0.2570744752883911,0.2,0.0066648265,-47.859468600153924,0.1044921875
1424896,1693,1003.5,0,1,45.0,98.88127136230469,0.0001,22256,-0.016990414849715307,-0.2872729260707274,580.3068341016769,0.292475163936615,0.2,0.009787669,-57.59196666970849,0.15966796875
1425408,2078,990.5,0,1,45.0,116.39523315429688,0.0001,22264,-0.009424315147043671,-0.32426920195575804,425.66806852817535,0.22887581586837769,0.2,0.0067477375,-67.21336934581399,0.065185546875
1425920,2053,1008.5,0,1,45.0,172.7219696044922,0.0001,22272,-0.01796056488819886,-0.3712650304660201,557.544318318367,0.21618348360061646,0.2,0.0100693945,-78.04850446738303,0.149169921875
1426432,2204,1008.0,0,1,45.0,47.86894226074219,0.0001,22280,-0.016718810176826082,-0.3055934435687959,160.28090035915375,0.4791210889816284,0.2,0.006450112,-85.10982616230845,0.11669921875
1426944,1867,1008.0,0,1,45.0,24.474088668823242,0.0001,22288,-0.019766932826314587,-0.27046232647262514,112.40520638227463,0.381228506565094,0.2,0.018496692,-91.88370559245348,0.1298828125
1427456,1481,1008.5,0,1,45.0,37.948997497558594,0.0001,22296,-0.01720622142602224,-0.1894840684835799,102.57039214670658,0.4012495279312134,0.2,0.0062017264,-96.19378555350005,0.0830078125
1427968,2040,967.5,0,1,45.0,12.789987564086914,0.0001,22304,-0.024684668009285815,-0.1130674782616552,39.853912979364395,0.4981863498687744,0.2,0.07403489,-95.89457370549441,0.07568359375
1428480,1923,932.0,0,1,45.0,8.317432403564453,0.0001,22312,-0.006760566342563834,-0.052776374272070825,48.10868629068136,0.4793597459793091,0.2,0.00434181,-82.1983928642422,0.020751953125
1428992,1691,931.5,0,1,45.0,8.315149307250977,0.0001,22320,-0.005231941424426623,-0.044772238448786084,39.370138607919216,0.4846031665802002,0.2,0.0028609706,-67.59099542334675,0.020263671875
1429504,2020,942.0,0,1,45.0,5.575031280517578,0.0001,22328,-0.00499647587275831,-0.04156581841016305,27.721482772380114,0.5587273240089417,0.2,0.0073681567,-57.69828836284578,0.017333984375
1430016,2034,933.0,0,1,45.0,10.707470893859863,0.0001,22336,-0.005543671693885699,-0.033355688261508476,31.775985464453697,0.4818671941757202,0.2,0.006108531,-47.9800025767833,0.018798828125
1430528,2059,974.0,0,1,45.0,7.37391996383667,0.0001,22344,-0.003886817561578937,-0.029975073539389996,25.126926369965076,0.21994394063949585,0.2,0.006446461,-36.94421569980681,0.013916015625
1431040,1871,1028.5,0,1,45.0,4.48676872253418,0.0001,22352,-0.0038077988610893954,-0.028253021144337254,26.98005846142769,0.23609387874603271,0.2,0.003989684,-28.55711281657219,0.013916015625
1431552,1982,1007.5,0,1,45.0,3.7502336502075195,0.0001,22360,-0.004198486007226165,-0.03672701369214337,12.572325255721807,0.44631361961364746,0.2,0.005753025,-22.442721679136156,0.018310546875
1432064,1823,1040.0,0,1,45.0,2.8044979572296143,0.0001,22368,-0.002438729123241501,-0.03027586967800744,12.454141285270452,0.4450377821922302,0.2,0.0027680076,-18.400851027071475,0.00732421875
1432576,1942,1097.5,0,1,45.0,1.4930568933486938,0.0001,22376,-0.005450131480756681,-0.02302487540873699,8.124945502728224,0.37128400802612305,0.2,0.0061665736,-16.394176121763884,0.017578125
1433088,1855,1147.5,0,1,45.0,1.9516109228134155,0.0001,22384,-0.003243629304051865,-0.024559372099247412,7.091331417672336,0.5990135967731476,0.2,0.008031277,-16.387092852592467,0.014892578125
1433600,1933,1112.5,0,1,45.0,1.0130952596664429,0.0001,22392,-0.005107351553306216,-0.029150381624276633,5.7732150736264884,0.5085119605064392,0.2,0.0093017565,-16.784742160439492,0.016845703125
1434112,1894,1103.0,0,1,45.0,0.45840591192245483,0.0001,22400,-0.0032032497401814908,-0.028440727281122236,3.661093646660447,0.5850911736488342,0.2,0.004831743,-17.1528286293149,0.011474609375
1434624,1931,1133.5,0,1,45.0,0.6507368683815002,0.0001,22408,-0.004068725713295862,-0.025892011133691994,5.22496029548347,0.34837931394577026,0.2,0.007899541,-18.481060424521566,0.02099609375
1435136,2092,1136.5,0,1,45.0,0.4848899245262146,0.0001,22416,-0.005151673518412281,-0.03096246037603123,3.1105642369948328,0.5864494442939758,0.2,0.006710697,-19.169072032123804,0.021728515625
1435648,1823,1131.5,0,1,45.0,0.7012616991996765,0.0001,22424,-0.0036714423113153316,-0.023269810964848148,4.180014352314174,0.1357489824295044,0.2,0.003739017,-19.860759261474012,0.010498046875
1436160,1985,1115.0,0,1,45.0,0.8367489576339722,0.0001,22432,-0.010972722695441917,-0.0376784299769497,5.124831879511476,0.47051674127578735,0.2,0.008275287,-20.429135854691268,0.03515625
1436672,1898,1069.5,0,1,45.0,0.49296122789382935,0.0001,22440,-0.0031944735637807753,-0.030221134027669905,4.68058159109205,0.12130969762802124,0.2,0.005454308,-20.53353326164186,0.0166015625
1437184,1256,1065.5,0,1,45.0,0.4962107539176941,0.0001,22448,-0.002914906115620397,-0.02428953723210725,4.066583517938852,-0.10949897766113281,0.2,0.0052479506,-20.253063947707414,0.01611328125
1437696,1887,1065.5,0,1,45.0,1.42842435836792,0.0001,22456,-0.006118279321526643,-0.02439758781110868,5.2706418028101325,0.457044780254364,0.2,0.017242078,-19.8848748999089,0.01806640625
1438208,1739,1093.0,0,1,45.0,1.3303426504135132,0.0001,22464,-0.004007746469142148,-0.02312043675556197,5.333828950300813,0.22427767515182495,0.2,0.0034525055,-19.496800999194384,0.017333984375
1438720,1763,1094.5,0,1,45.0,1.4826023578643799,0.0001,22472,-0.006066164856747491,-0.02877086082844471,4.078380661550909,0.49714434146881104,0.2,0.01340598,-18.66901500210166,0.0244140625
1439232,1851,1110.0,0,1,45.0,0.8209764957427979,0.0001,22480,-0.004172762764937943,-0.024647889302286785,4.691572353243828,0.4347355365753174,0.2,0.004291051,-17.546371668428183,0.018310546875
1439744,2092,1128.5,0,1,45.0,0.7233563661575317,0.0001,22488,-0.003068198224355001,-0.02336561270567472,2.905064237304032,0.336445152759552,0.2,0.007941661,-16.55321273639798,0.01513671875
1440256,1751,1105.5,0,1,45.0,0.7004483938217163,0.0001,22496,-0.002536161173338769,-0.020462185737414984,3.1413256619125605,0.4934796690940857,0.2,0.008954429,-15.64977600634098,0.014892578125
1440768,2128,1089.5,0,1,45.0,0.4161584973335266,0.0001,22504,-0.005785399451269768,-0.05292420481782756,4.015462798066437,0.49012547731399536,0.2,0.019117482,-15.624936539903283,0.038818359375
1441280,1718,1111.0,0,1,45.0,0.2823205292224884,0.0001,22512,-0.004879627927948604,-0.017403162191840238,1.9985697269439697,0.16882652044296265,0.2,0.010297871,-15.550492280125617,0.016845703125
1441792,1452,1164.0,0,1,45.0,0.2194632887840271,0.0001,22520,-0.004498201575188432,-0.03356738895672606,1.989376964746043,0.48401129245758057,0.2,0.025725355,-15.68888933941722,0.0234375
1442304,1644,1120.5,0,1,45.0,1.4148706197738647,0.0001,22528,-0.0025629196570662316,-0.0243888435397821,2.4807275091297925,0.3160970211029053,0.2,0.009882093,-15.982898089364172,0.0166015625
1442816,1813,1126.5,0,1,45.0,0.22522562742233276,0.0001,22536,-0.00463406378912623,-0.025870444311294705,2.743547862279229,0.49825918674468994,0.2,0.006638436,-16.72003811955452,0.017333984375
1443328,1961,1142.0,0,1,45.0,0.14886295795440674,0.0001,22544,-0.006601044631679542,-0.03551527986564906,2.4792931796982884,0.5044249296188354,0.2,0.0043926532,-17.39719714872539,0.02490234375
1443840,1905,1143.0,0,1,45.0,0.1259848028421402,0.0001,22552,-0.0025114032505371142,-0.019502410434142803,1.4097194940550253,0.6119628846645355,0.2,0.0131788915,-18.42934460222721,0.020263671875
1444352,2273,1108.0,0,1,45.0,0.04015405476093292,0.0001,22560,-0.0057061425686697476,-0.02563230362648028,1.1477571803843603,0.6105957627296448,0.2,0.008301189,-19.5092024846375,0.019775390625
1444864,1904,1110.5,0,1,45.0,0.07617784291505814,0.0001,22568,-0.007645824771316256,-0.02564144367534027,1.1456668341415934,0.6544851958751678,0.2,0.03655983,-20.12940209530294,0.0244140625
1445376,1993,1135.5,0,1,45.0,0.34467974305152893,0.0001,22576,-0.005799292659503408,-0.036940033784048865,1.5751857487484813,0.5825690925121307,0.2,0.0109187905,-20.349296462461353,0.0244140625
1445888,1477,1098.0,0,1,45.0,0.23875319957733154,0.0001,22584,-0.005341472140571568,-0.023337351851296262,2.0645376021275297,0.37030088901519775,0.2,0.014760258,-20.74767810702324,0.0185546875
1446400,1946,1026.0,0,1,45.0,0.0980985015630722,0.0001,22592,-0.004108742425160017,-0.02911330063943751,1.9332992800045758,0.6122767627239227,0.2,0.008320445,-20.889002286493778,0.0185546875
1446912,1750,1072.0,0,1,45.0,0.04468778520822525,0.0001,22600,-0.00524419348948868,-0.025904815940521075,1.0883792185341008,0.31926119327545166,0.2,0.024129368,-20.269162886440753,0.014892578125
1447424,1880,1029.0,0,1,45.0,0.4041605293750763,0.0001,22608,-0.006273604340094607,-0.028028419343172573,2.029743321123533,0.6705569326877594,0.2,0.013188957,-19.27323549836874,0.021728515625
1447936,1892,1038.5,0,1,45.0,0.3602020740509033,0.0001,22616,-0.008506613783538342,-0.04474868446413893,2.4361905687255785,0.6119068562984467,0.2,0.01006807,-18.70021067209542,0.030517578125
1448448,2096,1009.5,0,1,45.0,0.1897951066493988,0.0001,22624,-0.004909189621685073,-0.0287648968915164,1.5811265074880794,0.6313432157039642,0.2,0.014048698,-18.322857741713523,0.017822265625
1448960,2088,1005.0,0,1,45.0,0.27389535307884216,0.0001,22632,-0.0043698197150661144,-0.02984396481042495,3.351138553349301,-0.07190537452697754,0.2,0.0049021076,-18.705154057592154,0.01513671875
1449472,1888,977.0,0,1,45.0,1.2207971811294556,0.0001,22640,-0.0070147242659004405,-0.0353062882386439,2.334112602577079,0.5460264086723328,0.2,0.006435928,-19.027639628648757,0.02734375
1449984,2200,896.5,0,1,45.0,0.6153724789619446,0.0001,22648,-0.008936892685596831,-0.03929273972789815,3.249136389931664,0.4768664836883545,0.2,0.020477504,-19.594917572885752,0.02783203125
1450496,2006,902.5,0,1,45.0,0.042166437953710556,0.0001,22656,-0.006051870994269848,-0.03603178043385924,2.7321002958342433,0.5321236252784729,0.2,0.013299855,-20.037918074131014,0.02880859375
1451008,2045,864.5,0,1,45.0,0.053365278989076614,0.0001,22664,-2.759373455774039e-05,-0.026366655628407898,1.6051084604114294,0.5598332583904266,0.2,0.056498963,-20.028859000727536,0.0234375
1451520,1426,857.5,0,1,45.0,0.32214632630348206,0.0001,22672,-0.002804773823299911,-0.022027634102414595,3.9369148251134902,0.18996042013168335,0.2,0.004091331,-20.814935033097864,0.01611328125
1452032,1896,839.5,0,1,45.0,0.30193090438842773,0.0001,22680,-0.0042508334590820596,-0.024027554585700273,2.594815886230208,0.5885866582393646,0.2,0.0019232229,-20.537875769659877,0.01171875
1452544,1642,874.5,0,1,45.0,0.46990135312080383,0.0001,22688,-0.003818089113337919,-0.02946207408058399,1.7585756466723979,0.6438490450382233,0.2,0.0041267187,-20.378353974595665,0.014404296875
1453056,2212,896.5,0,1,45.0,0.1440204679965973,0.0001,22696,-0.006215856366907246,-0.03265658793588955,2.0295288586057723,0.7226550877094269,0.2,0.0065082056,-19.897331502884626,0.021240234375
1453568,1476,817.5,0,1,45.0,0.016531318426132202,0.0001,22704,-0.006237716468604049,-0.02563787470535317,0.8121646161598619,0.5339215397834778,0.2,0.015467724,-18.933177509754895,0.021728515625
1454080,1631,864.0,0,1,45.0,0.11776865273714066,0.0001,22712,-0.008291932608699426,-0.03921649825269924,1.8007213408709504,0.5838547945022583,0.2,0.015430033,-18.377070555239914,0.02490234375
1454592,1907,911.0,0,1,45.0,0.413246750831604,0.0001,22720,-0.008428019245911855,-0.0640296218880394,4.078261072747409,0.4695735573768616,0.2,0.0152793825,-18.455813452601433,0.041748046875
1455104,1979,948.0,0,1,45.0,0.1192663237452507,0.0001,22728,-0.0060385385841073,-0.03350540846531658,2.4899591602152213,0.4800755977630615,0.2,0.004184166,-18.23220912568271,0.01953125
1455616,1700,992.5,0,1,45.0,0.14327925443649292,0.0001,22736,-0.0050957505372934975,-0.032048096310063556,1.9391668422613293,0.4821738004684448,0.2,0.012932018,-18.799496367126704,0.0185546875
1456128,1626,1034.5,0,1,45.0,0.6752068996429443,0.0001,22744,-0.007509142986236839,-0.04399222035499406,8.399834389798343,0.4789823889732361,0.2,0.009363368,-19.58222774039954,0.0400390625
1456640,1225,1075.0,0,1,45.0,0.50830078125,0.0001,22752,-0.008696235927345697,-0.052283067132520955,9.465730288997293,0.5432730913162231,0.2,0.008048465,-21.24261063758284,0.02685546875
1457152,1752,1022.0,0,1,45.0,0.985518753528595,0.0001,22760,-0.007652937507373281,-0.039926206514792284,2.8836175713222474,0.5230037271976471,0.2,0.009168373,-22.53648326288909,0.026611328125
1457664,1957,1037.5,0,1,45.0,0.5297439098358154,0.0001,22768,-0.004966133288689889,-0.035740215385885676,3.8855539304204285,0.27176588773727417,0.2,0.0013596782,-23.46489353377372,0.01220703125
1458176,1660,1156.0,0,1,45.0,0.4454054534435272,0.0001,22776,-0.006912102369824424,-0.03769114900023851,2.4512850493192673,0.5859266817569733,0.2,0.02271311,-24.60195879612118,0.02490234375
1458688,2131,1131.5,0,1,45.0,0.11803843080997467,0.0001,22784,-0.006959752823604504,-0.030833335678835283,1.623547773808241,0.35921263694763184,0.2,0.013372648,-24.861313955523073,0.01904296875
1459200,1635,1129.0,0,1,45.0,0.24940648674964905,0.0001,22792,-0.003655211148725357,-0.026335447291785385,2.0453073864337057,0.614159107208252,0.2,0.010469591,-24.48435081962496,0.017822265625
1459712,1664,1155.5,0,1,45.0,0.7334024906158447,0.0001,22800,-0.004726376631879248,-0.03566741296162945,5.438010894227773,0.29622989892959595,0.2,0.0066320063,-24.145926161743702,0.017822265625
1460224,1909,1127.5,0,1,45.0,0.3090250492095947,0.0001,22808,-0.005803306776215322,-0.052627335098804906,3.5613092307467014,0.35744792222976685,0.2,0.011508239,-23.075350311137736,0.02099609375
1460736,1787,1076.0,0,1,45.0,1.2377418279647827,0.0001,22816,-0.00736584253172623,-0.04748421969998162,6.797228581272066,0.38063424825668335,0.2,0.0128782075,-22.638427996486424,0.019287109375
1461248,1370,1062.5,0,1,45.0,0.3053213059902191,0.0001,22824,-0.005376661765694735,-0.05333003434498096,3.3098220445681363,0.71014004945755,0.2,0.0124503765,-20.880605691224336,0.028076171875
1461760,1821,1026.0,0,1,45.0,6.615437030792236,0.0001,22832,-0.011696352390572429,-0.09057708227192052,18.826911933720112,0.28895026445388794,0.2,0.005918068,-21.128706864491104,0.042236328125
1462272,2079,989.5,0,1,45.0,5.204404830932617,0.0001,22840,-0.010425187509099487,-0.06342838075943291,11.736111115664244,0.40882790088653564,0.2,0.016646314,-20.9943857049942,0.035400390625
1462784,1891,974.5,0,1,45.0,1.712195873260498,0.0001,22848,-0.008335440870723687,-0.052027240199095104,6.226518869400024,0.24274134635925293,0.2,0.0062744627,-20.193672229349612,0.0263671875
1463296,1954,973.0,0,1,45.0,0.49148377776145935,0.0001,22856,-0.007899995973275509,-0.04538246432275628,2.853555124835111,0.22047579288482666,0.2,0.010324953,-20.132394229508936,0.02001953125
1463808,1785,964.5,0,1,45.0,0.25929000973701477,0.0001,22864,-0.00678992719258531,-0.04311404952022713,2.8035226855427027,-0.006644248962402344,0.2,0.0146486545,-20.126369366161526,0.025390625
1464320,1856,967.0,0,1,45.0,3.2838358879089355,0.0001,22872,-0.003653728657809552,-0.034582599000714254,4.7297471556812525,0.4288753271102905,0.2,0.008552497,-20.538103816844522,0.02001953125
1464832,1795,1024.0,0,1,45.0,0.08440960943698883,0.0001,22880,-0.0024317944444192108,-0.02593166486622067,1.026551588991424,0.37588417530059814,0.2,0.014173526,-21.026965816877784,0.015625
1465344,1775,1042.0,0,1,45.0,0.19392730295658112,0.0001,22888,-0.003200846027539228,-0.029314465129573364,1.9125025570392609,0.6947948634624481,0.2,0.023034431,-21.405805852673947,0.017822265625
1465856,1330,1045.0,0,1,45.0,0.13861174881458282,0.0001,22896,-0.005199232655286323,-0.03424808297495474,2.059480840107426,0.6767719686031342,0.2,0.004957114,-22.414971090294422,0.020263671875
1466368,1974,1045.0,0,1,45.0,0.6035731434822083,0.0001,22904,-0.006180080514241126,-0.033045188247342594,4.414641827112064,0.6884167492389679,0.2,0.0075832824,-22.660081747211517,0.021728515625
1466880,2195,1040.5,0,1,45.0,0.12792536616325378,0.0001,22912,-0.00646786168726976,-0.02890242703324475,1.3550342475064099,0.8335506469011307,0.2,0.005225038,-23.110401678569616,0.023681640625
1467392,1967,1055.5,0,1,45.0,0.3628401458263397,0.0001,22920,-0.005882715599000221,-0.02909292118056328,1.903056682785973,0.7110662460327148,0.2,0.012248095,-23.57097457740456,0.021484375
1467904,2176,1056.0,0,1,45.0,0.8262505531311035,0.0001,22928,-0.006976723219850101,-0.03167758063591464,2.964279518229887,0.5934503972530365,0.2,0.008592721,-23.10087502002716,0.01904296875
1468416,1770,1032.0,0,1,45.0,0.47772806882858276,0.0001,22936,-0.0027749934197345283,-0.026685946614634304,2.641672152094543,0.40645337104797363,0.2,0.007498352,-22.41437607191503,0.01611328125
1468928,2004,996.0,0,1,45.0,0.21015582978725433,0.0001,22944,-0.004666523651394527,-0.029916987695742137,2.167376706493087,0.4742385149002075,0.2,0.016110484,-21.598859680742024,0.019287109375
1469440,1730,953.5,0,1,45.0,0.10735383629798889,0.0001,22952,-0.003233399384043878,-0.02151033909740363,1.197479068650864,0.22595125436782837,0.2,0.0039158207,-20.395233532115817,0.011474609375
1469952,1923,923.0,0,1,45.0,0.2507972717285156,0.0001,22960,-0.004497324745898368,-0.022953777088332572,1.5015834507066756,0.7962586283683777,0.2,0.015258242,-19.054843784719704,0.01513671875
1470464,1987,903.5,0,1,45.0,0.09778473526239395,0.0001,22968,-0.007165630850067828,-0.03221276087424485,1.0884669293882325,0.731175422668457,0.2,0.024125256,-17.826702445372938,0.02099609375
1470976,2145,914.5,0,1,45.0,0.03945541009306908,0.0001,22976,-0.007567933644168079,-0.030553094897186384,2.3623619514983147,0.4978092312812805,0.2,0.008346969,-16.772313671410085,0.0166015625
1471488,2086,932.5,0,1,45.0,0.07270687073469162,0.0001,22984,-0.0015139799106691498,-0.02429094635954243,1.1038845456787385,0.6096642315387726,0.2,0.0064329132,-16.50723490819335,0.01171875
1472000,2111,894.0,0,1,45.0,0.10921968519687653,0.0001,22992,-0.005742632652982138,-0.029010567577643087,0.7946185327600688,0.8399404734373093,0.2,0.012837129,-16.886313227415084,0.022216796875
1472512,2018,904.5,0,1,45.0,0.25840064883232117,0.0001,23000,-0.006351770585752092,-0.02227381283773866,2.4347908676136285,0.6888666152954102,0.2,0.0042950055,-17.72836867019534,0.01416015625
1473024,1925,918.0,0,1,45.0,0.13119488954544067,0.0001,23008,-0.0030850492330500856,-0.0317890439000621,2.154306700802408,-0.04006063938140869,0.2,0.027559502,-18.659726743623615,0.008544921875
1473536,1662,911.0,0,1,45.0,0.22451381385326385,0.0001,23016,-0.01474006559146801,-0.12340304574900074,1.607979785418138,0.5242210626602173,0.2,0.14963104,-19.384532692730428,0.172119140625
1474048,1767,892.0,0,1,45.0,69.24812316894531,0.0001,23024,-0.010342971349018626,-0.25193766155280173,205.92884621024132,0.030541837215423584,0.2,0.012250349,-26.688022199347614,0.111083984375
1474560,1873,939.5,0,1,45.0,35.5064582824707,0.0001,23032,-0.01566194073529914,-0.1383589348406531,87.65057627856731,0.45950329303741455,0.2,0.056882888,-31.102522833198307,0.072509765625
1475072,1801,940.0,0,1,45.0,3.834106206893921,0.0001,23040,-0.014214989212632645,-0.058066575016709976,17.13616013340652,0.29751574993133545,0.2,0.040419467,-32.813909133449194,0.03125
1475584,1679,922.0,0,1,45.0,0.7433815002441406,0.0001,23048,-0.004981612437404692,-0.039265306761080865,5.806151875760406,0.3028441071510315,0.2,0.002512549,-33.17321545019746,0.014404296875
1476096,1942,944.5,0,1,45.0,0.8664606809616089,0.0001,23056,-0.005125354606207111,-0.029306321426702198,3.7101874914951622,-0.22296881675720215,0.2,0.009229532,-32.93035486266017,0.015380859375
1476608,1899,996.0,0,1,45.0,0.8241371512413025,0.0001,23064,-0.00617434434570896,-0.033760137477656826,3.7457490200176835,0.32000887393951416,0.2,0.016368002,-32.783185539022085,0.015869140625
1477120,1868,1026.5,0,1,45.0,1.0293402671813965,0.0001,23072,-0.007827509496564744,-0.04506503630364023,8.28085853625089,-0.05530846118927002,0.2,0.012062111,-32.37175588682294,0.031494140625
1477632,1901,1021.5,0,1,45.0,3.601609945297241,0.0001,23080,-0.0025818147259997204,-0.04203108739329764,20.852678707800806,-0.10893857479095459,0.2,0.0047457987,-32.88794876009226,0.017333984375
1478144,1782,1049.0,0,1,45.0,0.6053020358085632,0.0001,23088,-0.004133559959882405,-0.026825655007087335,5.988666259683669,-0.2407855987548828,0.2,0.007041363,-32.170964746326206,0.02001953125
1478656,1896,1036.0,0,1,45.0,0.7684094309806824,0.0001,23096,-0.005655004577420186,-0.03013186244197641,5.527398449368775,0.32728296518325806,0.2,0.019493807,-26.017891699299216,0.020263671875
1479168,1851,1038.5,0,1,45.0,0.9576035737991333,0.0001,23104,-0.0040845001822162885,-0.028761497453615448,5.115110605023801,0.4650222659111023,0.2,0.0077941073,-22.918214249163867,0.01708984375
1479680,2011,1018.0,0,1,45.0,0.984281063079834,0.0001,23112,-0.00453620189364301,-0.028749914858963166,3.9263987974263728,0.4395790100097656,0.2,0.0062988866,-21.907532270625232,0.014404296875
1480192,1667,1012.5,0,1,45.0,0.7398862242698669,0.0001,23120,-0.004272181999112945,-0.02775775736745345,3.08257614960894,0.6399672031402588,0.2,0.014163676,-21.264555522054433,0.01904296875
1480704,1926,990.5,0,1,45.0,0.49944689869880676,0.0001,23128,-0.004734862435725518,-0.028517147446564195,2.3950586821883917,0.7376263439655304,0.2,0.0024389469,-20.53211578890681,0.014404296875
1481216,2027,1014.5,0,1,45.0,1.0264025926589966,0.0001,23136,-0.005143373935425188,-0.03364888642954611,3.45258329808712,0.38711535930633545,0.2,0.023019768,-19.691915579363705,0.0234375
1481728,1819,992.5,0,1,45.0,0.357551634311676,0.0001,23144,-0.0034077031632477883,-0.026402913524179894,3.0172088579274714,0.45437341928482056,0.2,0.0066079684,-18.94794540680945,0.010986328125
1482240,1911,983.0,0,1,45.0,0.1962350457906723,0.0001,23152,-0.002007352351938607,-0.03205471473393118,2.18389990425203,0.3028542399406433,0.2,0.004794377,-17.727543349713088,0.025634765625
1482752,1802,1042.5,0,1,45.0,0.5398750305175781,0.0001,23160,-0.005247722481726669,-0.024453647048630955,1.8471608620602638,0.5802794992923737,0.2,0.014478019,-17.472828744277358,0.017333984375
1483264,1865,1045.0,0,1,45.0,0.13460344076156616,0.0001,23168,-0.0014234426489565521,-0.01810627100894635,4.354890828253701,0.44393008947372437,0.2,0.0022628978,-17.70805478051305,0.0048828125
1483776,1857,1090.5,0,1,45.0,0.1580425649881363,0.0001,23176,-0.006636128360696603,-0.03291619231913501,1.8377937682671472,0.7366948127746582,0.2,0.009563293,-18.443613508418203,0.021240234375
1484288,1940,1092.5,0,1,45.0,0.319257915019989,0.0001,23184,-0.007184096510172822,-0.03206810044048325,3.485966435400769,0.4660714268684387,0.2,0.011778014,-19.428622376099227,0.025146484375
1484800,1593,1092.0,0,1,45.0,0.1381046324968338,0.0001,23192,-0.0036949801942682825,-0.03049899888355867,2.3737720558419824,0.6591547131538391,0.2,0.01853842,-21.047286012098194,0.017333984375
1485312,1930,1046.0,0,1,45.0,0.33150097727775574,0.0001,23200,-0.005893401845241897,-0.03392885940866108,3.0014337146421894,0.6235952377319336,0.2,0.012558736,-22.86989124894142,0.02587890625
1485824,1979,1065.0,0,1,45.0,0.5752696990966797,0.0001,23208,-0.0053178134257905185,-0.02983703374138713,4.031977950595319,0.21926754713058472,0.2,0.0053242994,-23.49449856854975,0.013916015625
1486336,1823,1093.0,0,1,45.0,0.34668871760368347,0.0001,23216,-0.007525990207795985,-0.03600396984802501,2.9049304919317365,-0.10419273376464844,0.2,0.02181171,-24.199822230339052,0.025390625
1486848,2051,1100.0,0,1,45.0,1.4389128684997559,0.0001,23224,-0.004237065910274396,-0.03308349688541057,3.375513387378305,0.3331368565559387,0.2,0.012459924,-24.513453475311398,0.021240234375
1487360,1882,1064.5,0,1,45.0,0.2698083519935608,0.0001,23232,-0.004196648165816441,-0.016821118776988442,1.41530893498566,0.45522361993789673,0.2,0.011204017,-23.872513525784015,0.013427734375
1487872,2019,1017.0,0,1,45.0,0.23671187460422516,0.0001,23240,-0.004468822880880907,-0.02315750057960031,2.2504664140287787,0.7179422676563263,0.2,0.0039541936,-22.914101680666207,0.01513671875
1488384,1800,969.0,0,1,45.0,0.5599055290222168,0.0001,23248,-0.006357081012538401,-0.027167971595190465,4.604601749219,0.49705129861831665,0.2,0.006861636,-21.478155261054635,0.01953125
1488896,1761,996.5,0,1,45.0,0.28110960125923157,0.0001,23256,-0.00715242427031626,-0.036485579068539664,3.1121950515080243,0.6319301724433899,0.2,0.004407212,-19.30103119932115,0.024169921875
1489408,2004,1007.0,0,1,45.0,0.3080522418022156,0.0001,23264,-0.010281309827405494,-0.03129536901087704,1.5715855408925563,0.5967320501804352,0.2,0.008814234,-17.420252166241408,0.022705078125
1489920,1424,1036.0,0,1,45.0,0.26133522391319275,0.0001,23272,-0.007862900205509504,-0.03369936207400315,1.9997807028703392,0.4754648208618164,0.2,0.015930995,-16.067054503634573,0.024169921875
1490432,2030,1000.0,0,1,45.0,0.6028926968574524,0.0001,23280,-0.006324784222670132,-0.04332039917971997,4.226778847631067,0.5230919420719147,0.2,0.016102944,-15.743872990980744,0.022216796875
1490944,1739,1026.0,0,1,45.0,0.11069465428590775,0.0001,23288,-0.00786424265243113,-0.03376142468005128,2.4754215005086735,0.5455631017684937,0.2,0.0066794716,-15.975250156372786,0.020263671875
1491456,1994,1026.5,0,1,45.0,0.09395889937877655,0.0001,23296,-0.003993003010691609,-0.03877022474898695,2.0029548472957686,0.4430992603302002,0.2,0.010426405,-16.795332689732312,0.02978515625
1491968,1894,1026.5,0,1,45.0,0.30028265714645386,0.0001,23304,-0.003866114955599187,-0.023398838593493565,2.5870905256597325,0.273270845413208,0.2,0.0025321248,-17.39688500031829,0.00927734375
1492480,1833,1062.0,0,1,45.0,0.10597984492778778,0.0001,23312,-0.007065535879519302,-0.029747856192443578,2.034536170307547,0.5277502238750458,0.2,0.029432047,-18.54913176909089,0.02001953125
1492992,1830,1071.0,0,1,45.0,0.9904818534851074,0.0001,23320,-0.007610943357576616,-0.046781163789091806,3.910151169402525,0.6220411956310272,0.2,0.013130259,-19.78759260646999,0.02978515625
1493504,2186,1070.0,0,1,45.0,0.3427339792251587,0.0001,23328,-0.005546637225052109,-0.03917776595153555,1.8985491940984502,0.575690507888794,0.2,0.013282986,-20.570234804451466,0.025390625
1494016,1977,1062.5,0,1,45.0,0.09379778057336807,0.0001,23336,-0.005762245771620655,-0.023877339541286347,1.1849948292365298,0.17218118906021118,0.2,0.015027292,-20.75228549517691,0.0166015625
1494528,1554,1070.0,0,1,45.0,0.27774250507354736,0.0001,23344,-0.004413234746607486,-0.032591403385595186,2.012587426113896,0.5205483436584473,0.2,0.011847673,-20.679285497516393,0.017333984375
1495040,2011,1069.5,0,1,45.0,0.6551066040992737,0.0001,23352,-0.006350063664285699,-0.03264850493724225,2.077562315040268,0.6079967617988586,0.2,0.018401746,-20.282430507168172,0.02294921875
1495552,1846,1058.0,0,1,45.0,0.3666380047798157,0.0001,23360,-0.005475656562339282,-0.0220518133501173,2.6420434082392603,0.5902649462223053,0.2,0.0031452016,-19.372351580113172,0.013671875
1496064,1926,1053.5,0,1,45.0,0.09870269894599915,0.0001,23368,-0.003299570098533877,-0.026135691863601096,1.241013580816798,0.4506605863571167,0.2,0.010444355,-18.65901175349951,0.014404296875
1496576,1857,1033.5,0,1,45.0,0.2742752432823181,0.0001,23376,-0.005252618539088871,-0.03406527387232927,5.222396322293207,0.45593076944351196,0.2,0.002390427,-18.51622388251126,0.01904296875
1497088,1932,1013.5,0,1,45.0,0.7587074637413025,0.0001,23384,-0.005568777207372477,-0.036220696556483745,4.85839186119847,0.2729930281639099,0.2,0.009358186,-17.945908928737044,0.021484375
1497600,1990,887.5,0,1,45.0,0.13302116096019745,0.0001,23392,-0.005398931789386552,-0.043662979873261065,2.4329659016802907,0.38862162828445435,0.2,0.012353506,-17.391922126412393,0.0263671875
1498112,2036,887.0,0,1,45.0,0.8857465982437134,0.0001,23400,-0.010832898253283929,-0.04488905805374088,11.785315772518516,0.31126272678375244,0.2,0.026883492,-17.92242745794356,0.03662109375
1498624,1967,844.5,0,1,45.0,0.16689635813236237,0.0001,23408,-0.004833389790292131,-0.03392721216187056,2.344085945049301,0.12376707792282104,0.2,0.01149217,-18.29620285525918,0.020263671875
1499136,2129,787.0,0,1,45.0,0.38410288095474243,0.0001,23416,-0.006926500296685845,-0.04134298854296503,3.077691851533018,0.3099389672279358,0.2,0.016476072,-18.83312381669879,0.02880859375
1499648,1895,744.5,0,1,45.0,0.43032753467559814,0.0001,23424,-0.009618236163078109,-0.027143780695951136,2.7265928050037473,-0.3759509325027466,0.2,0.009852066,-19.674041804522275,0.02587890625
1500160,1726,719.5,0,1,45.0,0.18559932708740234,0.0001,23432,-0.005357246362109436,-0.03824666111722763,2.198531543603167,-0.020312070846557617,0.2,0.010254852,-20.225779831260443,0.0283203125
