raw/disc/disc_acc_gen,raw/disc/n_generated,raw/disc/disc_proportion_expert_true,raw/disc/disc_proportion_expert_pred,raw/disc/n_expert,raw/disc/global_step,raw/disc/disc_entropy,raw/disc/disc_loss,raw/disc/disc_acc_expert,raw/disc/disc_acc
0.0,256.0,0.5,1.0,256.0,1,0.44456374645233154,0.9819551110267639,1.0,0.5
0.0,256.0,0.5,1.0,256.0,2,0.47145360708236694,0.9565615653991699,1.0,0.5
0.0,256.0,0.5,1.0,256.0,3,0.4935306906700134,0.9328330159187317,1.0,0.5
0.0,256.0,0.5,1.0,256.0,4,0.5258437395095825,0.8950067758560181,1.0,0.5
0.0,256.0,0.5,1.0,256.0,5,0.5526375770568848,0.8875092267990112,1.0,0.5
0.0,256.0,0.5,1.0,256.0,6,0.5711307525634766,0.8623497486114502,1.0,0.5
0.0234375,256.0,0.5,0.978515625,256.0,7,0.6021145582199097,0.8295994997024536,0.98046875,0.501953125
0.0703125,256.0,0.5,0.884765625,256.0,8,0.6229211091995239,0.8229179382324219,0.83984375,0.455078125
0.11328125,256.0,0.5,0.833984375,256.0,9,0.6377582550048828,0.7904683351516724,0.78125,0.447265625
0.1015625,256.0,0.5,0.79296875,256.0,10,0.6529574990272522,0.7809476852416992,0.6875,0.39453125
0.0859375,256.0,0.5,0.814453125,256.0,11,0.6596697568893433,0.7718455195426941,0.71484375,0.400390625
0.078125,256.0,0.5,0.8046875,256.0,12,0.6676409244537354,0.7505558729171753,0.6875,0.3828125
0.55078125,256.0,0.5,0.3984375,256.0,13,0.6709756851196289,0.7120193243026733,0.34765625,0.44921875
0.55078125,256.0,0.5,0.40234375,256.0,14,0.6677709817886353,0.7153434753417969,0.35546875,0.453125
0.6484375,256.0,0.5,0.392578125,256.0,15,0.6609822511672974,0.6752352714538574,0.43359375,0.541015625
0.79296875,256.0,0.5,0.345703125,256.0,16,0.6512970924377441,0.6397401094436646,0.484375,0.638671875
0.78125,256.0,0.5,0.357421875,256.0,17,0.6376806497573853,0.6292114853858948,0.49609375,0.638671875
0.83203125,256.0,0.5,0.39453125,256.0,18,0.6133455038070679,0.594931423664093,0.62109375,0.7265625
0.8828125,256.0,0.5,0.345703125,256.0,19,0.5930991172790527,0.5809001922607422,0.57421875,0.728515625
0.890625,256.0,0.5,0.359375,256.0,20,0.5607602596282959,0.5531539916992188,0.609375,0.75
0.64453125,256.0,0.5,0.498046875,256.0,21,0.5080864429473877,0.7402046322822571,0.640625,0.642578125
0.8125,256.0,0.5,0.423828125,256.0,22,0.5149178504943848,0.5519403219223022,0.66015625,0.736328125
0.734375,256.0,0.5,0.455078125,256.0,23,0.49812161922454834,0.600861668586731,0.64453125,0.689453125
0.8828125,256.0,0.5,0.392578125,256.0,24,0.4735828936100006,0.49688103795051575,0.66796875,0.775390625
0.8359375,256.0,0.5,0.427734375,256.0,25,0.47325801849365234,0.4915110468864441,0.69140625,0.763671875
0.83984375,256.0,0.5,0.404296875,256.0,26,0.46712732315063477,0.5779829025268555,0.6484375,0.744140625
0.81640625,256.0,0.5,0.416015625,256.0,27,0.4677671790122986,0.5215387940406799,0.6484375,0.732421875
0.8046875,256.0,0.5,0.439453125,256.0,28,0.4863242506980896,0.4951642155647278,0.68359375,0.744140625
0.8828125,256.0,0.5,0.380859375,256.0,29,0.4986198842525482,0.47345393896102905,0.64453125,0.763671875
0.76171875,256.0,0.5,0.458984375,256.0,30,0.4811261296272278,0.5519884824752808,0.6796875,0.720703125
0.83984375,256.0,0.5,0.3828125,256.0,31,0.5053290128707886,0.5168038010597229,0.60546875,0.72265625
0.84765625,256.0,0.5,0.41796875,256.0,32,0.5158442854881287,0.4550201892852783,0.68359375,0.765625
0.828125,256.0,0.5,0.41015625,256.0,33,0.5154014825820923,0.4808027148246765,0.6484375,0.73828125
0.94140625,256.0,0.5,0.353515625,256.0,34,0.5341726541519165,0.4414435029029846,0.6484375,0.794921875
0.84375,256.0,0.5,0.419921875,256.0,35,0.5220379829406738,0.4901809096336365,0.68359375,0.763671875
0.90234375,256.0,0.5,0.35546875,256.0,36,0.5342960953712463,0.47086453437805176,0.61328125,0.7578125
0.953125,256.0,0.5,0.32421875,256.0,37,0.5397320985794067,0.447845995426178,0.6015625,0.77734375
0.9140625,256.0,0.5,0.3515625,256.0,38,0.5518589615821838,0.48209619522094727,0.6171875,0.765625
0.77734375,256.0,0.5,0.435546875,256.0,39,0.5286558270454407,0.6160181760787964,0.6484375,0.712890625
0.70703125,256.0,0.5,0.447265625,256.0,40,0.5376497507095337,0.6461915969848633,0.6015625,0.654296875
0.87890625,256.0,0.5,0.392578125,256.0,41,0.547179102897644,0.5104106664657593,0.6640625,0.771484375
0.87109375,256.0,0.5,0.390625,256.0,42,0.5572586059570312,0.539973795413971,0.65234375,0.76171875
0.8671875,256.0,0.5,0.3515625,256.0,43,0.5607889294624329,0.5699865818023682,0.5703125,0.71875
0.8359375,256.0,0.5,0.392578125,256.0,44,0.5339227318763733,0.5792132616043091,0.62109375,0.728515625
0.76171875,256.0,0.5,0.439453125,256.0,45,0.5202646255493164,0.6478672027587891,0.640625,0.701171875
0.8671875,256.0,0.5,0.353515625,256.0,46,0.5395846366882324,0.5710163116455078,0.57421875,0.720703125
0.73828125,256.0,0.5,0.462890625,256.0,47,0.48820632696151733,0.6654831171035767,0.6640625,0.701171875
0.78125,256.0,0.5,0.416015625,256.0,48,0.475446879863739,0.7236820459365845,0.61328125,0.697265625
0.73828125,256.0,0.5,0.43359375,256.0,49,0.4627242088317871,0.7068213820457458,0.60546875,0.671875
0.828125,256.0,0.5,0.36328125,256.0,50,0.47585242986679077,0.6705629825592041,0.5546875,0.69140625
0.84765625,256.0,0.5,0.36328125,256.0,51,0.49112820625305176,0.5808002948760986,0.57421875,0.7109375
0.8515625,256.0,0.5,0.365234375,256.0,52,0.5049561858177185,0.5505466461181641,0.58203125,0.716796875
0.8359375,256.0,0.5,0.388671875,256.0,53,0.4948216676712036,0.601864755153656,0.61328125,0.724609375
0.85546875,256.0,0.5,0.376953125,256.0,54,0.5183091759681702,0.5429346561431885,0.609375,0.732421875
0.859375,256.0,0.5,0.40625,256.0,55,0.5316232442855835,0.5080747604370117,0.671875,0.765625
0.81640625,256.0,0.5,0.38671875,256.0,56,0.5197192430496216,0.5716814994812012,0.58984375,0.703125
0.73046875,256.0,0.5,0.41015625,256.0,57,0.5234271287918091,0.6634423732757568,0.55078125,0.640625
0.671875,256.0,0.5,0.470703125,256.0,58,0.5125870108604431,0.5975872874259949,0.61328125,0.642578125
0.8125,256.0,0.5,0.396484375,256.0,59,0.5229724645614624,0.5547633171081543,0.60546875,0.708984375
0.85546875,256.0,0.5,0.328125,256.0,60,0.547179639339447,0.6058844923973083,0.51171875,0.68359375
0.96484375,256.0,0.5,0.279296875,256.0,61,0.5642240047454834,0.5252141952514648,0.5234375,0.744140625
0.95703125,256.0,0.5,0.27734375,256.0,62,0.5744436979293823,0.5402296781539917,0.51171875,0.734375
0.890625,256.0,0.5,0.330078125,256.0,63,0.553987443447113,0.5492598414421082,0.55078125,0.720703125
0.95703125,256.0,0.5,0.314453125,256.0,64,0.5746281147003174,0.533801257610321,0.5859375,0.771484375
0.828125,256.0,0.5,0.37890625,256.0,65,0.535904049873352,0.5195438861846924,0.5859375,0.70703125
0.87890625,256.0,0.5,0.361328125,256.0,66,0.5474969744682312,0.5484304428100586,0.6015625,0.740234375
0.828125,256.0,0.5,0.390625,256.0,67,0.5437774658203125,0.5626749396324158,0.609375,0.71875
0.8515625,256.0,0.5,0.3984375,256.0,68,0.5426565408706665,0.5149833559989929,0.6484375,0.75
0.87890625,256.0,0.5,0.365234375,256.0,69,0.5287092924118042,0.5089304447174072,0.609375,0.744140625
0.953125,256.0,0.5,0.361328125,256.0,70,0.5209092497825623,0.4397674798965454,0.67578125,0.814453125
0.87109375,256.0,0.5,0.404296875,256.0,71,0.49469393491744995,0.49764207005500793,0.6796875,0.775390625
0.796875,256.0,0.5,0.44140625,256.0,72,0.4988994896411896,0.5412036180496216,0.6796875,0.73828125
0.8359375,256.0,0.5,0.404296875,256.0,73,0.4878723919391632,0.557845950126648,0.64453125,0.740234375
0.83203125,256.0,0.5,0.41015625,256.0,74,0.4782983064651489,0.56757652759552,0.65234375,0.7421875
0.76171875,256.0,0.5,0.453125,256.0,75,0.47719621658325195,0.56397944688797,0.66796875,0.71484375
0.91015625,256.0,0.5,0.392578125,256.0,76,0.47754159569740295,0.45907318592071533,0.6953125,0.802734375
0.83984375,256.0,0.5,0.408203125,256.0,77,0.47979146242141724,0.5297209024429321,0.65625,0.748046875
0.88671875,256.0,0.5,0.3984375,256.0,78,0.48637789487838745,0.483961820602417,0.68359375,0.78515625
0.86328125,256.0,0.5,0.390625,256.0,79,0.4928337633609772,0.5049446225166321,0.64453125,0.75390625
0.890625,256.0,0.5,0.376953125,256.0,80,0.5043324828147888,0.5103233456611633,0.64453125,0.767578125
0.890625,256.0,0.5,0.37890625,256.0,81,0.5104144215583801,0.4883020520210266,0.6484375,0.76953125
0.8203125,256.0,0.5,0.41015625,256.0,82,0.5101705193519592,0.5400679111480713,0.640625,0.73046875
0.8828125,256.0,0.5,0.3984375,256.0,83,0.5205274820327759,0.4812726378440857,0.6796875,0.78125
0.7734375,256.0,0.5,0.47265625,256.0,84,0.5278013944625854,0.5145977139472961,0.71875,0.74609375
0.89453125,256.0,0.5,0.361328125,256.0,85,0.5298304557800293,0.5131523013114929,0.6171875,0.755859375
0.796875,256.0,0.5,0.44140625,256.0,86,0.5201441049575806,0.5163954496383667,0.6796875,0.73828125
0.8515625,256.0,0.5,0.396484375,256.0,87,0.5323758721351624,0.5119649171829224,0.64453125,0.748046875
0.92578125,256.0,0.5,0.34765625,256.0,88,0.5389450788497925,0.4983910620212555,0.62109375,0.7734375
0.875,256.0,0.5,0.390625,256.0,89,0.5339680314064026,0.5008313059806824,0.65625,0.765625
0.90625,256.0,0.5,0.3671875,256.0,90,0.5204976201057434,0.5173841714859009,0.640625,0.7734375
0.8125,256.0,0.5,0.419921875,256.0,91,0.5155295729637146,0.5310627222061157,0.65234375,0.732421875
0.79296875,256.0,0.5,0.41796875,256.0,92,0.5336264371871948,0.5402747988700867,0.62890625,0.7109375
0.734375,256.0,0.5,0.4375,256.0,93,0.51741623878479,0.5628877282142639,0.609375,0.671875
0.87890625,256.0,0.5,0.38671875,256.0,94,0.5056672096252441,0.49969980120658875,0.65234375,0.765625
0.828125,256.0,0.5,0.400390625,256.0,95,0.5313413143157959,0.5699706077575684,0.62890625,0.728515625
0.9453125,256.0,0.5,0.330078125,256.0,96,0.5354160666465759,0.4880499839782715,0.60546875,0.775390625
0.92578125,256.0,0.5,0.326171875,256.0,97,0.5320718884468079,0.5345568060874939,0.578125,0.751953125
0.890625,256.0,0.5,0.3828125,256.0,98,0.5259156823158264,0.5067166090011597,0.65625,0.7734375
0.859375,256.0,0.5,0.3984375,256.0,99,0.5200489163398743,0.5124031901359558,0.65625,0.7578125
0.83984375,256.0,0.5,0.388671875,256.0,100,0.5174917578697205,0.530514121055603,0.6171875,0.728515625
0.7265625,256.0,0.5,0.4375,256.0,101,0.5355871319770813,0.5575125217437744,0.6015625,0.6640625
0.57421875,256.0,0.5,0.517578125,256.0,102,0.5452865362167358,0.6222702264785767,0.609375,0.591796875
0.45703125,256.0,0.5,0.568359375,256.0,103,0.5498625040054321,0.5520214438438416,0.59375,0.525390625
0.84765625,256.0,0.5,0.40234375,256.0,104,0.5500903129577637,0.5244699120521545,0.65234375,0.75
0.65625,256.0,0.5,0.638671875,256.0,105,0.5570255517959595,0.4791450798511505,0.93359375,0.794921875
0.74609375,256.0,0.5,0.587890625,256.0,106,0.5194730758666992,0.41445261240005493,0.921875,0.833984375
0.76953125,256.0,0.5,0.599609375,256.0,107,0.49323347210884094,0.38748639822006226,0.96875,0.869140625
0.86328125,256.0,0.5,0.529296875,256.0,108,0.4925547242164612,0.33528250455856323,0.921875,0.892578125
0.86328125,256.0,0.5,0.5390625,256.0,109,0.46639037132263184,0.32394081354141235,0.94140625,0.90234375
0.859375,256.0,0.5,0.525390625,256.0,110,0.4381057322025299,0.3219526708126068,0.91015625,0.884765625
0.81640625,256.0,0.5,0.541015625,256.0,111,0.4143737256526947,0.3707321286201477,0.8984375,0.857421875
0.8984375,256.0,0.5,0.48828125,256.0,112,0.43475469946861267,0.3203774690628052,0.875,0.88671875
0.90234375,256.0,0.5,0.498046875,256.0,113,0.39670807123184204,0.3029717803001404,0.8984375,0.900390625
0.9453125,256.0,0.5,0.4921875,256.0,114,0.3904668390750885,0.27055710554122925,0.9296875,0.9375
0.9296875,256.0,0.5,0.490234375,256.0,115,0.37197959423065186,0.26618319749832153,0.91015625,0.919921875
0.8984375,256.0,0.5,0.5234375,256.0,116,0.3902580142021179,0.27119842171669006,0.9453125,0.921875
0.875,256.0,0.5,0.533203125,256.0,117,0.38760286569595337,0.29482805728912354,0.94140625,0.908203125
0.7421875,256.0,0.5,0.609375,256.0,118,0.4227234423160553,0.3771762549877167,0.9609375,0.8515625
0.71484375,256.0,0.5,0.630859375,256.0,119,0.4032604396343231,0.3805650472640991,0.9765625,0.845703125
0.83203125,256.0,0.5,0.56640625,256.0,120,0.3745017945766449,0.28508782386779785,0.96484375,0.8984375
0.734375,256.0,0.5,0.62109375,256.0,121,0.40185225009918213,0.33219772577285767,0.9765625,0.85546875
0.80078125,256.0,0.5,0.58984375,256.0,122,0.41425806283950806,0.3331317901611328,0.98046875,0.890625
0.88671875,256.0,0.5,0.541015625,256.0,123,0.3949948847293854,0.262529194355011,0.96875,0.927734375
0.8359375,256.0,0.5,0.576171875,256.0,124,0.39941608905792236,0.3399924337863922,0.98828125,0.912109375
0.81640625,256.0,0.5,0.58203125,256.0,125,0.3976994752883911,0.29581838846206665,0.98046875,0.8984375
0.72265625,256.0,0.5,0.6328125,256.0,126,0.4198334515094757,0.3601740300655365,0.98828125,0.85546875
0.72265625,256.0,0.5,0.6328125,256.0,127,0.44740623235702515,0.39205992221832275,0.98828125,0.85546875
0.80078125,256.0,0.5,0.421875,256.0,128,0.4499620199203491,0.4147016406059265,0.64453125,0.72265625
0.91015625,256.0,0.5,0.3828125,256.0,129,0.4323243498802185,0.34734269976615906,0.67578125,0.79296875
0.8828125,256.0,0.5,0.390625,256.0,130,0.48037269711494446,0.40789031982421875,0.6640625,0.7734375
0.93359375,256.0,0.5,0.365234375,256.0,131,0.47859835624694824,0.4072412848472595,0.6640625,0.798828125
0.859375,256.0,0.5,0.375,256.0,132,0.4880836606025696,0.48051273822784424,0.609375,0.734375
0.8515625,256.0,0.5,0.3984375,256.0,133,0.48539942502975464,0.5003621578216553,0.6484375,0.75
0.8671875,256.0,0.5,0.359375,256.0,134,0.4947526752948761,0.5548417568206787,0.5859375,0.7265625
0.859375,256.0,0.5,0.34765625,256.0,135,0.5092729926109314,0.5634623169898987,0.5546875,0.70703125
0.72265625,256.0,0.5,0.455078125,256.0,136,0.5096816420555115,0.588422417640686,0.6328125,0.677734375
0.91015625,256.0,0.5,0.353515625,256.0,137,0.512530505657196,0.48715782165527344,0.6171875,0.763671875
0.73046875,256.0,0.5,0.466796875,256.0,138,0.5108407139778137,0.576255738735199,0.6640625,0.697265625
0.640625,256.0,0.5,0.47265625,256.0,139,0.5077871680259705,0.603569746017456,0.5859375,0.61328125
0.82421875,256.0,0.5,0.388671875,256.0,140,0.493245005607605,0.4976446330547333,0.6015625,0.712890625
0.9140625,256.0,0.5,0.349609375,256.0,141,0.4851555824279785,0.4597470760345459,0.61328125,0.763671875
0.9296875,256.0,0.5,0.302734375,256.0,142,0.508539617061615,0.4848112165927887,0.53515625,0.732421875
0.90625,256.0,0.5,0.34375,256.0,143,0.47812092304229736,0.46904516220092773,0.59375,0.75
0.94140625,256.0,0.5,0.33984375,256.0,144,0.4633926451206207,0.40889450907707214,0.62109375,0.78125
0.953125,256.0,0.5,0.287109375,256.0,145,0.46180909872055054,0.4170340895652771,0.52734375,0.740234375
0.9453125,256.0,0.5,0.3203125,256.0,146,0.4389611482620239,0.384265661239624,0.5859375,0.765625
0.9375,256.0,0.5,0.298828125,256.0,147,0.45102718472480774,0.44438236951828003,0.53515625,0.736328125
0.97265625,256.0,0.5,0.302734375,256.0,148,0.41755130887031555,0.32574617862701416,0.578125,0.775390625
0.96484375,256.0,0.5,0.3203125,256.0,149,0.3937850594520569,0.30672234296798706,0.60546875,0.78515625
0.94921875,256.0,0.5,0.3125,256.0,150,0.40025490522384644,0.3297317326068878,0.57421875,0.76171875
0.9609375,256.0,0.5,0.296875,256.0,151,0.4065435528755188,0.3277494013309479,0.5546875,0.7578125
0.93359375,256.0,0.5,0.515625,256.0,152,0.3695962131023407,0.24526110291481018,0.96484375,0.94921875
0.9921875,256.0,0.5,0.482421875,256.0,153,0.39516448974609375,0.23265440762043,0.95703125,0.974609375
0.83984375,256.0,0.5,0.55078125,256.0,154,0.4089210331439972,0.29039421677589417,0.94140625,0.890625
0.86328125,256.0,0.5,0.52734375,256.0,155,0.385375440120697,0.28745001554489136,0.91796875,0.890625
0.7734375,256.0,0.5,0.576171875,256.0,156,0.41127872467041016,0.34809941053390503,0.92578125,0.849609375
0.8359375,256.0,0.5,0.544921875,256.0,157,0.3812040388584137,0.32352903485298157,0.92578125,0.880859375
0.85546875,256.0,0.5,0.54296875,256.0,158,0.3515295386314392,0.262083500623703,0.94140625,0.8984375
0.859375,256.0,0.5,0.533203125,256.0,159,0.3560486137866974,0.30929815769195557,0.92578125,0.892578125
0.9921875,256.0,0.5,0.470703125,256.0,160,0.3429303467273712,0.18598192930221558,0.93359375,0.962890625
0.703125,256.0,0.5,0.619140625,256.0,161,0.34389689564704895,0.4366195797920227,0.94140625,0.822265625
0.6875,256.0,0.5,0.634765625,256.0,162,0.33810049295425415,0.42660316824913025,0.95703125,0.822265625
0.85546875,256.0,0.5,0.5625,256.0,163,0.316078245639801,0.25581786036491394,0.98046875,0.91796875
0.7421875,256.0,0.5,0.615234375,256.0,164,0.3507678508758545,0.3464187681674957,0.97265625,0.857421875
0.59765625,256.0,0.5,0.685546875,256.0,165,0.3517732620239258,0.5059725642204285,0.96875,0.783203125
0.61328125,256.0,0.5,0.669921875,256.0,166,0.34975600242614746,0.5034715533256531,0.953125,0.783203125
0.6171875,256.0,0.5,0.666015625,256.0,167,0.3800472319126129,0.4483417868614197,0.94921875,0.783203125
0.5390625,256.0,0.5,0.693359375,256.0,168,0.4060470461845398,0.5255218148231506,0.92578125,0.732421875
0.4765625,256.0,0.5,0.716796875,256.0,169,0.4351279139518738,0.5582857728004456,0.91015625,0.693359375
0.3671875,256.0,0.5,0.779296875,256.0,170,0.5038641691207886,0.5882835388183594,0.92578125,0.646484375
0.4140625,256.0,0.5,0.72265625,256.0,171,0.5187509655952454,0.6135700941085815,0.859375,0.63671875
0.7734375,256.0,0.5,0.37109375,256.0,172,0.524402379989624,0.6468229293823242,0.515625,0.64453125
0.84375,256.0,0.5,0.341796875,256.0,173,0.5289473533630371,0.6070698499679565,0.52734375,0.685546875
0.8359375,256.0,0.5,0.314453125,256.0,174,0.5435777902603149,0.6350443363189697,0.46484375,0.650390625
0.83984375,256.0,0.5,0.357421875,256.0,175,0.5239885449409485,0.5912953019142151,0.5546875,0.697265625
0.75390625,256.0,0.5,0.376953125,256.0,176,0.5300436615943909,0.6568485498428345,0.5078125,0.630859375
0.75390625,256.0,0.5,0.40234375,256.0,177,0.49398383498191833,0.6472821235656738,0.55859375,0.65625
0.86328125,256.0,0.5,0.345703125,256.0,178,0.4819001257419586,0.6003684997558594,0.5546875,0.708984375
0.796875,256.0,0.5,0.41015625,256.0,179,0.47547826170921326,0.5905762314796448,0.6171875,0.70703125
0.79296875,256.0,0.5,0.396484375,256.0,180,0.48412469029426575,0.6254926919937134,0.5859375,0.689453125
0.625,256.0,0.5,0.470703125,256.0,181,0.5082142353057861,0.696308970451355,0.56640625,0.595703125
0.6328125,256.0,0.5,0.5078125,256.0,182,0.5411654114723206,0.5441553592681885,0.6484375,0.640625
0.55859375,256.0,0.5,0.541015625,256.0,183,0.5237127542495728,0.5979199409484863,0.640625,0.599609375
0.6171875,256.0,0.5,0.515625,256.0,184,0.5163957476615906,0.5646466016769409,0.6484375,0.6328125
0.80859375,256.0,0.5,0.4140625,256.0,185,0.5244702100753784,0.5956022143363953,0.63671875,0.72265625
0.84375,256.0,0.5,0.3828125,256.0,186,0.5536438822746277,0.5851982235908508,0.609375,0.7265625
0.796875,256.0,0.5,0.408203125,256.0,187,0.5569710731506348,0.5856454968452454,0.61328125,0.705078125
0.6953125,256.0,0.5,0.474609375,256.0,188,0.5502173900604248,0.6784778237342834,0.64453125,0.669921875
0.8515625,256.0,0.5,0.361328125,256.0,189,0.5683950781822205,0.5282624959945679,0.57421875,0.712890625
0.83203125,256.0,0.5,0.400390625,256.0,190,0.5579782724380493,0.5083073377609253,0.6328125,0.732421875
0.7109375,256.0,0.5,0.591796875,256.0,191,0.5567705631256104,0.4910144805908203,0.89453125,0.802734375
0.76953125,256.0,0.5,0.533203125,256.0,192,0.5466129779815674,0.4726674556732178,0.8359375,0.802734375
0.796875,256.0,0.5,0.53515625,256.0,193,0.5467618107795715,0.45741668343544006,0.8671875,0.83203125
0.77734375,256.0,0.5,0.53515625,256.0,194,0.521084725856781,0.4429164230823517,0.84765625,0.8125
0.6875,256.0,0.5,0.568359375,256.0,195,0.5151033401489258,0.5295456051826477,0.82421875,0.755859375
0.76953125,256.0,0.5,0.541015625,256.0,196,0.5128559470176697,0.48965194821357727,0.8515625,0.810546875
0.7734375,256.0,0.5,0.328125,256.0,197,0.5308774709701538,0.5957532525062561,0.4296875,0.6015625
0.890625,256.0,0.5,0.2734375,256.0,198,0.5072280764579773,0.5499365329742432,0.4375,0.6640625
0.57421875,256.0,0.5,0.61328125,256.0,199,0.5268984436988831,0.6070020794868469,0.80078125,0.6875
0.8515625,256.0,0.5,0.30859375,256.0,200,0.5271213054656982,0.5423194169998169,0.46875,0.66015625
0.828125,256.0,0.5,0.333984375,256.0,201,0.5365573167800903,0.5647528171539307,0.49609375,0.662109375
0.6796875,256.0,0.5,0.546875,256.0,202,0.5404055118560791,0.5924091339111328,0.7734375,0.7265625
0.703125,256.0,0.5,0.548828125,256.0,203,0.5459805727005005,0.5878692865371704,0.80078125,0.751953125
0.7421875,256.0,0.5,0.494140625,256.0,204,0.5529351830482483,0.575038492679596,0.73046875,0.736328125
0.8125,256.0,0.5,0.494140625,256.0,205,0.5307164192199707,0.5000908374786377,0.80078125,0.806640625
0.74609375,256.0,0.5,0.51171875,256.0,206,0.5625449419021606,0.571192741394043,0.76953125,0.7578125
0.6640625,256.0,0.5,0.560546875,256.0,207,0.5751888751983643,0.6035865545272827,0.78515625,0.724609375
0.78125,256.0,0.5,0.53515625,256.0,208,0.5393953919410706,0.525295615196228,0.8515625,0.81640625
0.81640625,256.0,0.5,0.494140625,256.0,209,0.5361387729644775,0.4870336353778839,0.8046875,0.810546875
0.76171875,256.0,0.5,0.509765625,256.0,210,0.5430040955543518,0.522161602973938,0.78125,0.771484375
0.8203125,256.0,0.5,0.490234375,256.0,211,0.5356559753417969,0.45418062806129456,0.80078125,0.810546875
0.75,256.0,0.5,0.5390625,256.0,212,0.5454503297805786,0.5464988946914673,0.828125,0.7890625
0.8359375,256.0,0.5,0.47265625,256.0,213,0.5551929473876953,0.5227975249290466,0.78125,0.80859375
0.73046875,256.0,0.5,0.509765625,256.0,214,0.5840573310852051,0.5834077596664429,0.75,0.740234375
0.734375,256.0,0.5,0.490234375,256.0,215,0.5687142610549927,0.59004807472229,0.71484375,0.724609375
0.7734375,256.0,0.5,0.494140625,256.0,216,0.5671367645263672,0.5828924179077148,0.76171875,0.767578125
0.73046875,256.0,0.5,0.525390625,256.0,217,0.5867996215820312,0.5686367750167847,0.78125,0.755859375
0.79296875,256.0,0.5,0.484375,256.0,218,0.5832852125167847,0.5562683939933777,0.76171875,0.77734375
0.82421875,256.0,0.5,0.3125,256.0,219,0.5733709335327148,0.5834479331970215,0.44921875,0.63671875
0.94140625,256.0,0.5,0.216796875,256.0,220,0.5955036878585815,0.6315754652023315,0.375,0.658203125
0.68359375,256.0,0.5,0.390625,256.0,221,0.5974313020706177,0.6212096214294434,0.46484375,0.57421875
0.82421875,256.0,0.5,0.287109375,256.0,222,0.5972760915756226,0.6516912579536438,0.3984375,0.611328125
0.66015625,256.0,0.5,0.376953125,256.0,223,0.6095222234725952,0.6589097380638123,0.4140625,0.537109375
0.56640625,256.0,0.5,0.447265625,256.0,224,0.6126151084899902,0.6679915189743042,0.4609375,0.513671875
0.83203125,256.0,0.5,0.310546875,256.0,225,0.6238414645195007,0.6381403207778931,0.453125,0.642578125
0.76953125,256.0,0.5,0.388671875,256.0,226,0.606050431728363,0.6458315253257751,0.546875,0.658203125
0.80078125,256.0,0.5,0.349609375,256.0,227,0.6056134700775146,0.6097427010536194,0.5,0.650390625
0.828125,256.0,0.5,0.3359375,256.0,228,0.5995234251022339,0.611221969127655,0.5,0.6640625
0.8203125,256.0,0.5,0.34375,256.0,229,0.5894818305969238,0.6165333986282349,0.5078125,0.6640625
0.8359375,256.0,0.5,0.365234375,256.0,230,0.5788953304290771,0.5893891453742981,0.56640625,0.701171875
0.70703125,256.0,0.5,0.412109375,256.0,231,0.5864503979682922,0.6045937538146973,0.53125,0.619140625
0.578125,256.0,0.5,0.642578125,256.0,232,0.5746051669120789,0.6050876975059509,0.86328125,0.720703125
0.68359375,256.0,0.5,0.556640625,256.0,233,0.574332594871521,0.5817671418190002,0.796875,0.740234375
0.65625,256.0,0.5,0.572265625,256.0,234,0.5719717741012573,0.5698004961013794,0.80078125,0.728515625
0.69140625,256.0,0.5,0.53515625,256.0,235,0.5739226341247559,0.5927983522415161,0.76171875,0.7265625
0.75390625,256.0,0.5,0.486328125,256.0,236,0.5574119091033936,0.5711490511894226,0.7265625,0.740234375
0.8046875,256.0,0.5,0.43359375,256.0,237,0.5540965795516968,0.5978832244873047,0.671875,0.73828125
0.734375,256.0,0.5,0.32421875,256.0,238,0.5680446028709412,0.6337957382202148,0.3828125,0.55859375
0.8046875,256.0,0.5,0.3046875,256.0,239,0.5659323930740356,0.66151362657547,0.4140625,0.609375
0.8671875,256.0,0.5,0.267578125,256.0,240,0.568693995475769,0.6131059527397156,0.40234375,0.634765625
0.76953125,256.0,0.5,0.30859375,256.0,241,0.5784496665000916,0.7167530059814453,0.38671875,0.578125
0.78125,256.0,0.5,0.275390625,256.0,242,0.5735096335411072,0.716164231300354,0.33203125,0.556640625
0.84375,256.0,0.5,0.255859375,256.0,243,0.5744539499282837,0.6593384742736816,0.35546875,0.599609375
0.828125,256.0,0.5,0.271484375,256.0,244,0.5790334939956665,0.7097674608230591,0.37109375,0.599609375
0.734375,256.0,0.5,0.326171875,256.0,245,0.590422511100769,0.6688027381896973,0.38671875,0.560546875
0.734375,256.0,0.5,0.302734375,256.0,246,0.5949236154556274,0.7253243923187256,0.33984375,0.537109375
0.77734375,256.0,0.5,0.267578125,256.0,247,0.599277913570404,0.7254269123077393,0.3125,0.544921875
0.75390625,256.0,0.5,0.28125,256.0,248,0.6018849611282349,0.7375831604003906,0.31640625,0.53515625
0.7421875,256.0,0.5,0.271484375,256.0,249,0.6182278990745544,0.7350909113883972,0.28515625,0.513671875
0.69921875,256.0,0.5,0.30859375,256.0,250,0.6170567274093628,0.7571713328361511,0.31640625,0.5078125
0.6328125,256.0,0.5,0.375,256.0,251,0.6039110422134399,0.7537950277328491,0.3828125,0.5078125
0.66796875,256.0,0.5,0.32421875,256.0,252,0.6172335147857666,0.7685036063194275,0.31640625,0.4921875
0.71484375,256.0,0.5,0.318359375,256.0,253,0.6145201921463013,0.7149834036827087,0.3515625,0.533203125
0.67578125,256.0,0.5,0.341796875,256.0,254,0.6232401132583618,0.6918413043022156,0.359375,0.517578125
0.68359375,256.0,0.5,0.333984375,256.0,255,0.6165104508399963,0.7128047943115234,0.3515625,0.517578125
0.68359375,256.0,0.5,0.322265625,256.0,256,0.604185938835144,0.7452554106712341,0.328125,0.505859375
0.7265625,256.0,0.5,0.32421875,256.0,257,0.6099032163619995,0.7193166613578796,0.375,0.55078125
0.81640625,256.0,0.5,0.2578125,256.0,258,0.6072257161140442,0.6944899559020996,0.33203125,0.57421875
0.859375,256.0,0.5,0.21875,256.0,259,0.6154493093490601,0.6827765703201294,0.296875,0.578125
0.86328125,256.0,0.5,0.216796875,256.0,260,0.6127690076828003,0.6634014844894409,0.296875,0.580078125
0.8359375,256.0,0.5,0.255859375,256.0,261,0.6084941625595093,0.671299159526825,0.34765625,0.591796875
0.859375,256.0,0.5,0.228515625,256.0,262,0.6100726127624512,0.7034004926681519,0.31640625,0.587890625
0.9140625,256.0,0.5,0.189453125,256.0,263,0.6167230010032654,0.7100291848182678,0.29296875,0.603515625
0.80859375,256.0,0.5,0.240234375,256.0,264,0.6084988117218018,0.7608354091644287,0.2890625,0.548828125
0.83984375,256.0,0.5,0.240234375,256.0,265,0.6094378232955933,0.7022057771682739,0.3203125,0.580078125
0.7890625,256.0,0.5,0.240234375,256.0,266,0.621799647808075,0.7517620921134949,0.26953125,0.529296875
0.88671875,256.0,0.5,0.16796875,256.0,267,0.6267534494400024,0.7252273559570312,0.22265625,0.5546875
0.78125,256.0,0.5,0.27734375,256.0,268,0.6117857098579407,0.7098268866539001,0.3359375,0.55859375
0.35546875,256.0,0.5,0.62890625,256.0,269,0.6224185228347778,0.7008518576622009,0.61328125,0.484375
0.26171875,256.0,0.5,0.65625,256.0,270,0.6254029273986816,0.7242785096168518,0.57421875,0.41796875
0.7734375,256.0,0.5,0.251953125,256.0,271,0.6286519765853882,0.7659397125244141,0.27734375,0.525390625
0.234375,256.0,0.5,0.7109375,256.0,272,0.6209325790405273,0.7490418553352356,0.65625,0.4453125
0.8203125,256.0,0.5,0.2578125,256.0,273,0.6110637784004211,0.7240513563156128,0.3359375,0.578125
0.80859375,256.0,0.5,0.2578125,256.0,274,0.624923586845398,0.7258394360542297,0.32421875,0.56640625
0.80859375,256.0,0.5,0.259765625,256.0,275,0.610750675201416,0.7470264434814453,0.328125,0.568359375
0.78515625,256.0,0.5,0.265625,256.0,276,0.628750205039978,0.7081456780433655,0.31640625,0.55078125
0.16015625,256.0,0.5,0.796875,256.0,277,0.62223219871521,0.6526371240615845,0.75390625,0.45703125
0.11328125,256.0,0.5,0.884765625,256.0,278,0.6110057830810547,0.6775007247924805,0.8828125,0.498046875
0.1328125,256.0,0.5,0.896484375,256.0,279,0.6237174272537231,0.6865971088409424,0.92578125,0.529296875
0.0390625,256.0,0.5,0.9375,256.0,280,0.6151680946350098,0.7005523443222046,0.9140625,0.4765625
0.03515625,256.0,0.5,0.947265625,256.0,281,0.6131259202957153,0.6540389657020569,0.9296875,0.482421875
0.49609375,256.0,0.5,0.73046875,256.0,282,0.6128619909286499,0.6508736610412598,0.95703125,0.7265625
0.4609375,256.0,0.5,0.724609375,256.0,283,0.6069091558456421,0.6458033323287964,0.91015625,0.685546875
0.546875,256.0,0.5,0.69140625,256.0,284,0.5855956673622131,0.6469253301620483,0.9296875,0.73828125
0.546875,256.0,0.5,0.681640625,256.0,285,0.5953747034072876,0.6107172966003418,0.91015625,0.728515625
0.5625,256.0,0.5,0.677734375,256.0,286,0.5926369428634644,0.5695658922195435,0.91796875,0.740234375
0.63671875,256.0,0.5,0.6015625,256.0,287,0.5979336500167847,0.5666330456733704,0.83984375,0.73828125
0.6875,256.0,0.5,0.55859375,256.0,288,0.582398533821106,0.5421998500823975,0.8046875,0.74609375
0.70703125,256.0,0.5,0.5078125,256.0,289,0.6171257495880127,0.5795959830284119,0.72265625,0.71484375
0.7265625,256.0,0.5,0.470703125,256.0,290,0.6091663837432861,0.6150743961334229,0.66796875,0.697265625
0.7265625,256.0,0.5,0.48828125,256.0,291,0.5904061198234558,0.5729565620422363,0.703125,0.71484375
0.77734375,256.0,0.5,0.458984375,256.0,292,0.5908868312835693,0.5556390285491943,0.6953125,0.736328125
0.73828125,256.0,0.5,0.44140625,256.0,293,0.6008267402648926,0.6109083890914917,0.62109375,0.6796875
0.80078125,256.0,0.5,0.384765625,256.0,294,0.5959770679473877,0.6097579002380371,0.5703125,0.685546875
0.82421875,256.0,0.5,0.390625,256.0,295,0.5983980894088745,0.5924336910247803,0.60546875,0.71484375
0.828125,256.0,0.5,0.408203125,256.0,296,0.584601879119873,0.5352464914321899,0.64453125,0.736328125
0.8125,256.0,0.5,0.423828125,256.0,297,0.5707470178604126,0.5196808576583862,0.66015625,0.736328125
0.78125,256.0,0.5,0.423828125,256.0,298,0.561224639415741,0.5702739357948303,0.62890625,0.705078125
0.828125,256.0,0.5,0.43359375,256.0,299,0.5820394158363342,0.5246288776397705,0.6953125,0.76171875
0.72265625,256.0,0.5,0.48828125,256.0,300,0.578865647315979,0.5908780097961426,0.69921875,0.7109375
0.59765625,256.0,0.5,0.55078125,256.0,301,0.5901998281478882,0.6297195553779602,0.69921875,0.6484375
0.6953125,256.0,0.5,0.48828125,256.0,302,0.5737244486808777,0.5762290358543396,0.671875,0.68359375
0.75,256.0,0.5,0.4765625,256.0,303,0.5725511312484741,0.5569300651550293,0.703125,0.7265625
0.7734375,256.0,0.5,0.455078125,256.0,304,0.6026167273521423,0.5939109325408936,0.68359375,0.728515625
0.7578125,256.0,0.5,0.45703125,256.0,305,0.6008694171905518,0.5986800193786621,0.671875,0.71484375
0.8046875,256.0,0.5,0.451171875,256.0,306,0.5947579145431519,0.5577618479728699,0.70703125,0.755859375
0.78125,256.0,0.5,0.421875,256.0,307,0.5976824760437012,0.6046630144119263,0.625,0.703125
0.78125,256.0,0.5,0.4375,256.0,308,0.5797653198242188,0.5833138227462769,0.65625,0.71875
0.82421875,256.0,0.5,0.400390625,256.0,309,0.5792009830474854,0.5602595210075378,0.625,0.724609375
0.859375,256.0,0.5,0.359375,256.0,310,0.5857856273651123,0.5906825065612793,0.578125,0.71875
0.81640625,256.0,0.5,0.390625,256.0,311,0.5599532127380371,0.5783126950263977,0.59765625,0.70703125
0.8515625,256.0,0.5,0.37890625,256.0,312,0.5619113445281982,0.5469716787338257,0.609375,0.73046875
0.82421875,256.0,0.5,0.369140625,256.0,313,0.5677768588066101,0.6050411462783813,0.5625,0.693359375
0.83203125,256.0,0.5,0.423828125,256.0,314,0.5441855788230896,0.5248598456382751,0.6796875,0.755859375
0.88671875,256.0,0.5,0.35546875,256.0,315,0.5050889849662781,0.496807336807251,0.59765625,0.7421875
0.90625,256.0,0.5,0.361328125,256.0,316,0.5003890991210938,0.46311962604522705,0.62890625,0.767578125
0.80859375,256.0,0.5,0.38671875,256.0,317,0.5216724872589111,0.5712236762046814,0.58203125,0.6953125
0.89453125,256.0,0.5,0.326171875,256.0,318,0.5012537240982056,0.5255957245826721,0.546875,0.720703125
0.86328125,256.0,0.5,0.341796875,256.0,319,0.5262085795402527,0.5234217643737793,0.546875,0.705078125
0.859375,256.0,0.5,0.37109375,256.0,320,0.5147182941436768,0.5202763676643372,0.6015625,0.73046875
0.86328125,256.0,0.5,0.36328125,256.0,321,0.5071066617965698,0.5244700312614441,0.58984375,0.7265625
0.80078125,256.0,0.5,0.39453125,256.0,322,0.5080764293670654,0.5868929028511047,0.58984375,0.6953125
0.8125,256.0,0.5,0.408203125,256.0,323,0.5137500166893005,0.5179723501205444,0.62890625,0.720703125
0.90625,256.0,0.5,0.3046875,256.0,324,0.5364787578582764,0.5205154418945312,0.515625,0.7109375
0.81640625,256.0,0.5,0.373046875,256.0,325,0.5330897569656372,0.5651149749755859,0.5625,0.689453125
0.80859375,256.0,0.5,0.419921875,256.0,326,0.5330988168716431,0.5465905070304871,0.6484375,0.728515625
0.8671875,256.0,0.5,0.37109375,256.0,327,0.5507519245147705,0.5090235471725464,0.609375,0.73828125
0.828125,256.0,0.5,0.36328125,256.0,328,0.5517423748970032,0.578492283821106,0.5546875,0.69140625
0.859375,256.0,0.5,0.357421875,256.0,329,0.541805624961853,0.5356619954109192,0.57421875,0.716796875
0.84765625,256.0,0.5,0.384765625,256.0,330,0.5143810510635376,0.5323046445846558,0.6171875,0.732421875
0.79296875,256.0,0.5,0.3828125,256.0,331,0.5414261817932129,0.5923097133636475,0.55859375,0.67578125
0.80859375,256.0,0.5,0.388671875,256.0,332,0.5275857448577881,0.5543578267097473,0.5859375,0.697265625
0.80859375,256.0,0.5,0.373046875,256.0,333,0.5215440988540649,0.5815614461898804,0.5546875,0.681640625
0.828125,256.0,0.5,0.38671875,256.0,334,0.5032961368560791,0.5445582270622253,0.6015625,0.71484375
0.83203125,256.0,0.5,0.337890625,256.0,335,0.5110735893249512,0.5823280215263367,0.5078125,0.669921875
0.80859375,256.0,0.5,0.36328125,256.0,336,0.49394509196281433,0.5386748313903809,0.53515625,0.671875
0.890625,256.0,0.5,0.33203125,256.0,337,0.4985283613204956,0.5241754055023193,0.5546875,0.72265625
0.9140625,256.0,0.5,0.3203125,256.0,338,0.5003981590270996,0.5063955187797546,0.5546875,0.734375
0.81640625,256.0,0.5,0.3828125,256.0,339,0.5061808824539185,0.5282287001609802,0.58203125,0.69921875
0.87109375,256.0,0.5,0.37109375,256.0,340,0.49694833159446716,0.49454572796821594,0.61328125,0.7421875
0.8515625,256.0,0.5,0.333984375,256.0,341,0.4908974766731262,0.5704942941665649,0.51953125,0.685546875
0.8515625,256.0,0.5,0.34765625,256.0,342,0.5093321800231934,0.5359281897544861,0.546875,0.69921875
0.7890625,256.0,0.5,0.38671875,256.0,343,0.49766144156455994,0.5245933532714844,0.5625,0.67578125
0.72265625,256.0,0.5,0.451171875,256.0,344,0.500169575214386,0.5219770669937134,0.625,0.673828125
0.74609375,256.0,0.5,0.451171875,256.0,345,0.5430968999862671,0.5163519382476807,0.6484375,0.697265625
0.74609375,256.0,0.5,0.478515625,256.0,346,0.5025920867919922,0.512502133846283,0.703125,0.724609375
0.79296875,256.0,0.5,0.47265625,256.0,347,0.4828909635543823,0.46396684646606445,0.73828125,0.765625
0.77734375,256.0,0.5,0.466796875,256.0,348,0.5187943577766418,0.48164013028144836,0.7109375,0.744140625
0.76171875,256.0,0.5,0.4453125,256.0,349,0.5170995593070984,0.5060204863548279,0.65234375,0.70703125
0.80859375,256.0,0.5,0.427734375,256.0,350,0.500751793384552,0.49317795038223267,0.6640625,0.736328125
0.81640625,256.0,0.5,0.42578125,256.0,351,0.5001950860023499,0.46601730585098267,0.66796875,0.7421875
0.70703125,256.0,0.5,0.4921875,256.0,352,0.5164426565170288,0.49622002243995667,0.69140625,0.69921875
0.81640625,256.0,0.5,0.4453125,256.0,353,0.5021329522132874,0.4567459225654602,0.70703125,0.76171875
0.80859375,256.0,0.5,0.458984375,256.0,354,0.4985647201538086,0.45072901248931885,0.7265625,0.767578125
0.8125,256.0,0.5,0.423828125,256.0,355,0.5171912908554077,0.467083603143692,0.66015625,0.736328125
0.84375,256.0,0.5,0.435546875,256.0,356,0.49983087182044983,0.4343126118183136,0.71484375,0.779296875
0.765625,256.0,0.5,0.458984375,256.0,357,0.5080254077911377,0.49317407608032227,0.68359375,0.724609375
0.8046875,256.0,0.5,0.41796875,256.0,358,0.5158200263977051,0.4983857274055481,0.640625,0.72265625
0.81640625,256.0,0.5,0.423828125,256.0,359,0.5049026608467102,0.4917912781238556,0.6640625,0.740234375
0.796875,256.0,0.5,0.439453125,256.0,360,0.472655713558197,0.48486974835395813,0.67578125,0.736328125
0.69140625,256.0,0.5,0.529296875,256.0,361,0.5043654441833496,0.4899681806564331,0.75,0.720703125
0.66796875,256.0,0.5,0.564453125,256.0,362,0.5051923990249634,0.49693113565444946,0.796875,0.732421875
0.71484375,256.0,0.5,0.560546875,256.0,363,0.48876962065696716,0.45543378591537476,0.8359375,0.775390625
0.6796875,256.0,0.5,0.564453125,256.0,364,0.48295190930366516,0.47474342584609985,0.80859375,0.744140625
0.72265625,256.0,0.5,0.50390625,256.0,365,0.46423768997192383,0.5013600587844849,0.73046875,0.7265625
0.7734375,256.0,0.5,0.4296875,256.0,366,0.4916466772556305,0.5040128231048584,0.6328125,0.703125
0.88671875,256.0,0.5,0.361328125,256.0,367,0.47910600900650024,0.4474562406539917,0.609375,0.748046875
0.8203125,256.0,0.5,0.408203125,256.0,368,0.4632074534893036,0.434861421585083,0.63671875,0.728515625
0.8515625,256.0,0.5,0.404296875,256.0,369,0.47208482027053833,0.46140894293785095,0.66015625,0.755859375
0.85546875,256.0,0.5,0.44140625,256.0,370,0.4676781892776489,0.42354774475097656,0.73828125,0.796875
0.8671875,256.0,0.5,0.416015625,256.0,371,0.4682016670703888,0.42564254999160767,0.69921875,0.783203125
0.9140625,256.0,0.5,0.39453125,256.0,372,0.4819445312023163,0.41213518381118774,0.703125,0.80859375
0.796875,256.0,0.5,0.435546875,256.0,373,0.48147812485694885,0.4786093831062317,0.66796875,0.732421875
0.80078125,256.0,0.5,0.4375,256.0,374,0.4676889181137085,0.4608263373374939,0.67578125,0.73828125
0.76171875,256.0,0.5,0.509765625,256.0,375,0.46587836742401123,0.43818336725234985,0.78125,0.771484375
0.6484375,256.0,0.5,0.5859375,256.0,376,0.45592617988586426,0.44806575775146484,0.8203125,0.734375
0.6953125,256.0,0.5,0.548828125,256.0,377,0.45906510949134827,0.43440231680870056,0.79296875,0.744140625
0.5546875,256.0,0.5,0.619140625,256.0,378,0.4607812464237213,0.5361155867576599,0.79296875,0.673828125
0.53125,256.0,0.5,0.640625,256.0,379,0.46516817808151245,0.5581502914428711,0.8125,0.671875
0.6484375,256.0,0.5,0.556640625,256.0,380,0.4880655109882355,0.5080865621566772,0.76171875,0.705078125
0.77734375,256.0,0.5,0.466796875,256.0,381,0.4478483498096466,0.4696756601333618,0.7109375,0.744140625
0.7421875,256.0,0.5,0.46875,256.0,382,0.4994238615036011,0.5210608839988708,0.6796875,0.7109375
0.8359375,256.0,0.5,0.349609375,256.0,383,0.45977282524108887,0.5322756767272949,0.53515625,0.685546875
0.87890625,256.0,0.5,0.333984375,256.0,384,0.45350006222724915,0.5316201448440552,0.546875,0.712890625
0.8046875,256.0,0.5,0.373046875,256.0,385,0.4726187586784363,0.537448525428772,0.55078125,0.677734375
0.78125,256.0,0.5,0.423828125,256.0,386,0.46923738718032837,0.5176222324371338,0.62890625,0.705078125
0.63671875,256.0,0.5,0.580078125,256.0,387,0.45484650135040283,0.4389192461967468,0.796875,0.716796875
0.640625,256.0,0.5,0.560546875,256.0,388,0.4551002085208893,0.4803951382637024,0.76171875,0.701171875
0.6484375,256.0,0.5,0.58984375,256.0,389,0.49561959505081177,0.46917644143104553,0.828125,0.73828125
0.671875,256.0,0.5,0.568359375,256.0,390,0.46558433771133423,0.4716908931732178,0.80859375,0.740234375
0.640625,256.0,0.5,0.55859375,256.0,391,0.5095727443695068,0.5035962462425232,0.7578125,0.69921875
0.76953125,256.0,0.5,0.4921875,256.0,392,0.45521143078804016,0.44657468795776367,0.75390625,0.76171875
0.875,256.0,0.5,0.3671875,256.0,393,0.4411010146141052,0.4185330271720886,0.609375,0.7421875
0.91796875,256.0,0.5,0.322265625,256.0,394,0.4427809417247772,0.4260750412940979,0.5625,0.740234375
0.90625,256.0,0.5,0.36328125,256.0,395,0.44385844469070435,0.4254720211029053,0.6328125,0.76953125
0.89453125,256.0,0.5,0.3671875,256.0,396,0.4582368731498718,0.44040441513061523,0.62890625,0.76171875
0.83203125,256.0,0.5,0.396484375,256.0,397,0.47256630659103394,0.43972593545913696,0.625,0.728515625
0.88671875,256.0,0.5,0.39453125,256.0,398,0.4789135754108429,0.4529728293418884,0.67578125,0.78125
0.76953125,256.0,0.5,0.486328125,256.0,399,0.4777011275291443,0.4498504400253296,0.7421875,0.755859375
0.71875,256.0,0.5,0.509765625,256.0,400,0.5111523866653442,0.4950370192527771,0.73828125,0.728515625
0.68359375,256.0,0.5,0.564453125,256.0,401,0.4742134213447571,0.4494715631008148,0.8125,0.748046875
0.71484375,256.0,0.5,0.568359375,256.0,402,0.45620810985565186,0.42615434527397156,0.8515625,0.783203125
0.6953125,256.0,0.5,0.54296875,256.0,403,0.47790032625198364,0.43432533740997314,0.78125,0.73828125
0.78125,256.0,0.5,0.53125,256.0,404,0.454522967338562,0.3917675316333771,0.84375,0.8125
0.8671875,256.0,0.5,0.50390625,256.0,405,0.4343896508216858,0.32856714725494385,0.875,0.87109375
0.703125,256.0,0.5,0.572265625,256.0,406,0.483320951461792,0.42569005489349365,0.84765625,0.775390625
0.81640625,256.0,0.5,0.474609375,256.0,407,0.45607107877731323,0.38659903407096863,0.765625,0.791015625
0.74609375,256.0,0.5,0.51171875,256.0,408,0.4655415415763855,0.42109405994415283,0.76953125,0.7578125
0.72265625,256.0,0.5,0.52734375,256.0,409,0.49203047156333923,0.4532630145549774,0.77734375,0.75
0.72265625,256.0,0.5,0.47265625,256.0,410,0.4841574430465698,0.497560054063797,0.66796875,0.6953125
0.76953125,256.0,0.5,0.439453125,256.0,411,0.48185381293296814,0.4797194004058838,0.6484375,0.708984375
0.84375,256.0,0.5,0.375,256.0,412,0.4513552188873291,0.46546703577041626,0.59375,0.71875
0.78125,256.0,0.5,0.4296875,256.0,413,0.46251875162124634,0.4576926827430725,0.640625,0.7109375
0.83203125,256.0,0.5,0.416015625,256.0,414,0.46126362681388855,0.43391501903533936,0.6640625,0.748046875
0.7421875,256.0,0.5,0.4921875,256.0,415,0.4687335789203644,0.4730975925922394,0.7265625,0.734375
0.73046875,256.0,0.5,0.49609375,256.0,416,0.4784402847290039,0.5018479824066162,0.72265625,0.7265625
0.69921875,256.0,0.5,0.52734375,256.0,417,0.46915844082832336,0.4704643487930298,0.75390625,0.7265625
0.734375,256.0,0.5,0.47265625,256.0,418,0.49518901109695435,0.5148546099662781,0.6796875,0.70703125
0.6796875,256.0,0.5,0.509765625,256.0,419,0.4619859755039215,0.5009776949882507,0.69921875,0.689453125
0.74609375,256.0,0.5,0.46875,256.0,420,0.4674442410469055,0.46953660249710083,0.68359375,0.71484375
0.6953125,256.0,0.5,0.4453125,256.0,421,0.4815773665904999,0.5533996820449829,0.5859375,0.640625
0.76171875,256.0,0.5,0.443359375,256.0,422,0.44237855076789856,0.5089382529258728,0.6484375,0.705078125
0.84765625,256.0,0.5,0.384765625,256.0,423,0.44089460372924805,0.4741423726081848,0.6171875,0.732421875
0.8359375,256.0,0.5,0.37890625,256.0,424,0.4629942774772644,0.5082535743713379,0.59375,0.71484375
0.8125,256.0,0.5,0.390625,256.0,425,0.4538383185863495,0.504507303237915,0.59375,0.703125
0.828125,256.0,0.5,0.39453125,256.0,426,0.4450925886631012,0.48092079162597656,0.6171875,0.72265625
0.8125,256.0,0.5,0.39453125,256.0,427,0.4532097280025482,0.491970419883728,0.6015625,0.70703125
0.796875,256.0,0.5,0.4375,256.0,428,0.45489948987960815,0.4777933359146118,0.671875,0.734375
0.8359375,256.0,0.5,0.37890625,256.0,429,0.4745802581310272,0.492393434047699,0.59375,0.71484375
0.8203125,256.0,0.5,0.423828125,256.0,430,0.44446122646331787,0.4320264458656311,0.66796875,0.744140625
0.796875,256.0,0.5,0.447265625,256.0,431,0.46508270502090454,0.44140827655792236,0.69140625,0.744140625
0.82421875,256.0,0.5,0.431640625,256.0,432,0.46438655257225037,0.45499950647354126,0.6875,0.755859375
0.78125,256.0,0.5,0.498046875,256.0,433,0.478886216878891,0.43261539936065674,0.77734375,0.779296875
0.765625,256.0,0.5,0.494140625,256.0,434,0.472397118806839,0.4213724732398987,0.75390625,0.759765625
0.7265625,256.0,0.5,0.533203125,256.0,435,0.4563508927822113,0.4111352860927582,0.79296875,0.759765625
0.5859375,256.0,0.5,0.609375,256.0,436,0.4900017976760864,0.4939780831336975,0.8046875,0.6953125
0.70703125,256.0,0.5,0.54296875,256.0,437,0.4762350916862488,0.46038582921028137,0.79296875,0.75
0.671875,256.0,0.5,0.53515625,256.0,438,0.4892629086971283,0.49180519580841064,0.7421875,0.70703125
0.67578125,256.0,0.5,0.537109375,256.0,439,0.4817260205745697,0.48006540536880493,0.75,0.712890625
0.78515625,256.0,0.5,0.486328125,256.0,440,0.44398218393325806,0.41275548934936523,0.7578125,0.771484375
0.73828125,256.0,0.5,0.51953125,256.0,441,0.45434752106666565,0.44720029830932617,0.77734375,0.7578125
0.71484375,256.0,0.5,0.515625,256.0,442,0.46402329206466675,0.4482384920120239,0.74609375,0.73046875
0.60546875,256.0,0.5,0.58984375,256.0,443,0.4718618392944336,0.4803202748298645,0.78515625,0.6953125
0.61328125,256.0,0.5,0.580078125,256.0,444,0.4844147264957428,0.5319938659667969,0.7734375,0.693359375
0.6171875,256.0,0.5,0.564453125,256.0,445,0.49282798171043396,0.49250680208206177,0.74609375,0.681640625
0.67578125,256.0,0.5,0.517578125,256.0,446,0.4953157305717468,0.5041542053222656,0.7109375,0.693359375
0.76171875,256.0,0.5,0.466796875,256.0,447,0.49748778343200684,0.49825799465179443,0.6953125,0.728515625
0.77734375,256.0,0.5,0.431640625,256.0,448,0.4911463260650635,0.48804372549057007,0.640625,0.708984375
0.8828125,256.0,0.5,0.34765625,256.0,449,0.4797590970993042,0.45790767669677734,0.578125,0.73046875
0.8515625,256.0,0.5,0.36328125,256.0,450,0.4954131245613098,0.48794734477996826,0.578125,0.71484375
0.91015625,256.0,0.5,0.32421875,256.0,451,0.48628300428390503,0.48037126660346985,0.55859375,0.734375
0.90234375,256.0,0.5,0.287109375,256.0,452,0.4752681255340576,0.5092167854309082,0.4765625,0.689453125
0.90625,256.0,0.5,0.27734375,256.0,453,0.5052907466888428,0.5087994933128357,0.4609375,0.68359375
0.8515625,256.0,0.5,0.337890625,256.0,454,0.5020456314086914,0.5147630572319031,0.52734375,0.689453125
0.890625,256.0,0.5,0.310546875,256.0,455,0.5086154937744141,0.5198497772216797,0.51171875,0.701171875
0.8671875,256.0,0.5,0.353515625,256.0,456,0.5072811841964722,0.4897424578666687,0.57421875,0.720703125
0.86328125,256.0,0.5,0.3515625,256.0,457,0.4963032901287079,0.49627387523651123,0.56640625,0.71484375
0.87109375,256.0,0.5,0.29296875,256.0,458,0.5165959596633911,0.5331997275352478,0.45703125,0.6640625
0.87109375,256.0,0.5,0.337890625,256.0,459,0.5031788349151611,0.4851740300655365,0.546875,0.708984375
0.90625,256.0,0.5,0.33203125,256.0,460,0.4859125018119812,0.45911023020744324,0.5703125,0.73828125
0.859375,256.0,0.5,0.349609375,256.0,461,0.4881247580051422,0.4779032766819,0.55859375,0.708984375
0.828125,256.0,0.5,0.345703125,256.0,462,0.5115939378738403,0.5030719041824341,0.51953125,0.673828125
0.86328125,256.0,0.5,0.37109375,256.0,463,0.49740028381347656,0.47444164752960205,0.60546875,0.734375
0.875,256.0,0.5,0.33984375,256.0,464,0.4873925447463989,0.47390785813331604,0.5546875,0.71484375
0.875,256.0,0.5,0.3515625,256.0,465,0.4798290431499481,0.4668768644332886,0.578125,0.7265625
0.91015625,256.0,0.5,0.330078125,256.0,466,0.4275621771812439,0.42586156725883484,0.5703125,0.740234375
0.88671875,256.0,0.5,0.384765625,256.0,467,0.4649566411972046,0.42129814624786377,0.65625,0.771484375
0.80859375,256.0,0.5,0.4140625,256.0,468,0.47313016653060913,0.45166391134262085,0.63671875,0.72265625
0.79296875,256.0,0.5,0.462890625,256.0,469,0.505422830581665,0.4795207977294922,0.71875,0.755859375
0.69921875,256.0,0.5,0.5234375,256.0,470,0.48069560527801514,0.4630674719810486,0.74609375,0.72265625
0.69921875,256.0,0.5,0.474609375,256.0,471,0.5111486315727234,0.520403265953064,0.6484375,0.673828125
0.80078125,256.0,0.5,0.419921875,256.0,472,0.4789273738861084,0.4458969831466675,0.640625,0.720703125
0.8125,256.0,0.5,0.416015625,256.0,473,0.488619327545166,0.47589215636253357,0.64453125,0.728515625
0.828125,256.0,0.5,0.369140625,256.0,474,0.5055457353591919,0.5007290840148926,0.56640625,0.697265625
0.87109375,256.0,0.5,0.369140625,256.0,475,0.48579201102256775,0.4528997540473938,0.609375,0.740234375
0.90625,256.0,0.5,0.322265625,256.0,476,0.4914669394493103,0.4494893550872803,0.55078125,0.728515625
0.87109375,256.0,0.5,0.349609375,256.0,477,0.47456473112106323,0.4602775573730469,0.5703125,0.720703125
0.91015625,256.0,0.5,0.330078125,256.0,478,0.48279327154159546,0.474556028842926,0.5703125,0.740234375
0.921875,256.0,0.5,0.345703125,256.0,479,0.42030948400497437,0.40283575654029846,0.61328125,0.767578125
0.93359375,256.0,0.5,0.322265625,256.0,480,0.47479623556137085,0.43685591220855713,0.578125,0.755859375
0.84375,256.0,0.5,0.35546875,256.0,481,0.4714098572731018,0.5026271939277649,0.5546875,0.69921875
0.83203125,256.0,0.5,0.380859375,256.0,482,0.4708496332168579,0.4720185399055481,0.59375,0.712890625
0.91796875,256.0,0.5,0.349609375,256.0,483,0.4559841454029083,0.43686091899871826,0.6171875,0.767578125
0.8359375,256.0,0.5,0.412109375,256.0,484,0.44713568687438965,0.40669262409210205,0.66015625,0.748046875
0.828125,256.0,0.5,0.423828125,256.0,485,0.44845104217529297,0.43172022700309753,0.67578125,0.751953125
0.8125,256.0,0.5,0.458984375,256.0,486,0.478809654712677,0.43738842010498047,0.73046875,0.771484375
0.7578125,256.0,0.5,0.478515625,256.0,487,0.4376260042190552,0.4497263729572296,0.71484375,0.736328125
0.80859375,256.0,0.5,0.44140625,256.0,488,0.44092100858688354,0.4302952289581299,0.69140625,0.75
0.7578125,256.0,0.5,0.501953125,256.0,489,0.4631534218788147,0.43438827991485596,0.76171875,0.759765625
0.8046875,256.0,0.5,0.435546875,256.0,490,0.42307353019714355,0.42292147874832153,0.67578125,0.740234375
0.82421875,256.0,0.5,0.451171875,256.0,491,0.4313805103302002,0.40860456228256226,0.7265625,0.775390625
0.80078125,256.0,0.5,0.439453125,256.0,492,0.45984411239624023,0.45607805252075195,0.6796875,0.740234375
0.7734375,256.0,0.5,0.462890625,256.0,493,0.45806315541267395,0.46683770418167114,0.69921875,0.736328125
0.765625,256.0,0.5,0.482421875,256.0,494,0.4635494351387024,0.46835339069366455,0.73046875,0.748046875
0.8046875,256.0,0.5,0.466796875,256.0,495,0.46658647060394287,0.43386924266815186,0.73828125,0.771484375
0.796875,256.0,0.5,0.466796875,256.0,496,0.418512761592865,0.41095975041389465,0.73046875,0.763671875
0.75,256.0,0.5,0.505859375,256.0,497,0.4427489638328552,0.4387851357460022,0.76171875,0.755859375
0.76171875,256.0,0.5,0.521484375,256.0,498,0.406319797039032,0.3948444128036499,0.8046875,0.783203125
0.578125,256.0,0.5,0.615234375,256.0,499,0.44375020265579224,0.45363080501556396,0.80859375,0.693359375
0.77734375,256.0,0.5,0.49609375,256.0,500,0.43938279151916504,0.42581894993782043,0.76953125,0.7734375
0.7578125,256.0,0.5,0.509765625,256.0,501,0.4473581910133362,0.41118982434272766,0.77734375,0.767578125
0.76171875,256.0,0.5,0.478515625,256.0,502,0.44424065947532654,0.4627162516117096,0.71875,0.740234375
0.83984375,256.0,0.5,0.4140625,256.0,503,0.4458921551704407,0.4612235426902771,0.66796875,0.75390625
0.82421875,256.0,0.5,0.400390625,256.0,504,0.4371908903121948,0.44498342275619507,0.625,0.724609375
0.85546875,256.0,0.5,0.390625,256.0,505,0.4292140603065491,0.4413881003856659,0.63671875,0.74609375
0.85546875,256.0,0.5,0.3828125,256.0,506,0.45849281549453735,0.44859349727630615,0.62109375,0.73828125
0.8203125,256.0,0.5,0.39453125,256.0,507,0.45397788286209106,0.45547211170196533,0.609375,0.71484375
0.80078125,256.0,0.5,0.470703125,256.0,508,0.414352148771286,0.400856614112854,0.7421875,0.771484375
0.7578125,256.0,0.5,0.4765625,256.0,509,0.4468768835067749,0.4539565443992615,0.7109375,0.734375
0.75390625,256.0,0.5,0.494140625,256.0,510,0.4479357600212097,0.4301181435585022,0.7421875,0.748046875
0.78515625,256.0,0.5,0.48828125,256.0,511,0.43736305832862854,0.4234909415245056,0.76171875,0.7734375
0.72265625,256.0,0.5,0.51171875,256.0,512,0.47026488184928894,0.4695471227169037,0.74609375,0.734375
0.8046875,256.0,0.5,0.47265625,256.0,513,0.4489930272102356,0.43104687333106995,0.75,0.77734375
0.7421875,256.0,0.5,0.5078125,256.0,514,0.41871652007102966,0.42719218134880066,0.7578125,0.75
0.75,256.0,0.5,0.50390625,256.0,515,0.4374401569366455,0.4341636598110199,0.7578125,0.75390625
0.765625,256.0,0.5,0.478515625,256.0,516,0.4300367534160614,0.43382176756858826,0.72265625,0.744140625
0.80859375,256.0,0.5,0.451171875,256.0,517,0.43289852142333984,0.44103217124938965,0.7109375,0.759765625
0.8828125,256.0,0.5,0.39453125,256.0,518,0.38444048166275024,0.380169153213501,0.671875,0.77734375
0.89453125,256.0,0.5,0.40234375,256.0,519,0.4091455936431885,0.38428995013237,0.69921875,0.796875
0.8125,256.0,0.5,0.4453125,256.0,520,0.38223183155059814,0.41367307305336,0.703125,0.7578125
0.875,256.0,0.5,0.408203125,256.0,521,0.4124447703361511,0.41339045763015747,0.69140625,0.783203125
0.7578125,256.0,0.5,0.498046875,256.0,522,0.4513431489467621,0.44766539335250854,0.75390625,0.755859375
0.72265625,256.0,0.5,0.51171875,256.0,523,0.45815008878707886,0.45847582817077637,0.74609375,0.734375
0.76953125,256.0,0.5,0.51171875,256.0,524,0.42552614212036133,0.42650502920150757,0.79296875,0.78125
0.72265625,256.0,0.5,0.5390625,256.0,525,0.40123069286346436,0.4143097996711731,0.80078125,0.76171875
0.71875,256.0,0.5,0.53125,256.0,526,0.43513140082359314,0.4319421648979187,0.78125,0.75
0.78125,256.0,0.5,0.5,256.0,527,0.40254008769989014,0.41920220851898193,0.78125,0.78125
0.796875,256.0,0.5,0.474609375,256.0,528,0.4494216740131378,0.44829314947128296,0.74609375,0.771484375
0.80078125,256.0,0.5,0.44140625,256.0,529,0.4045579433441162,0.4289794862270355,0.68359375,0.7421875
0.83203125,256.0,0.5,0.462890625,256.0,530,0.43378946185112,0.4184090495109558,0.7578125,0.794921875
0.6640625,256.0,0.5,0.544921875,256.0,531,0.43449315428733826,0.475193589925766,0.75390625,0.708984375
0.65625,256.0,0.5,0.560546875,256.0,532,0.45931577682495117,0.4579649567604065,0.77734375,0.716796875
0.703125,256.0,0.5,0.529296875,256.0,533,0.43818575143814087,0.45086896419525146,0.76171875,0.732421875
0.77734375,256.0,0.5,0.470703125,256.0,534,0.4158902168273926,0.42599019408226013,0.71875,0.748046875
0.77734375,256.0,0.5,0.47265625,256.0,535,0.42784053087234497,0.4482237696647644,0.72265625,0.75
0.8125,256.0,0.5,0.416015625,256.0,536,0.39105039834976196,0.42702561616897583,0.64453125,0.728515625
0.703125,256.0,0.5,0.517578125,256.0,537,0.45712316036224365,0.5067234039306641,0.73828125,0.720703125
0.64453125,256.0,0.5,0.50390625,256.0,538,0.4648098349571228,0.528409481048584,0.65234375,0.6484375
0.7890625,256.0,0.5,0.419921875,256.0,539,0.47164809703826904,0.5076258182525635,0.62890625,0.708984375
0.75390625,256.0,0.5,0.47265625,256.0,540,0.43322449922561646,0.46313202381134033,0.69921875,0.7265625
0.6875,256.0,0.5,0.470703125,256.0,541,0.4617284834384918,0.5251118540763855,0.62890625,0.658203125
0.890625,256.0,0.5,0.3671875,256.0,542,0.4032157063484192,0.3922208547592163,0.625,0.7578125
0.8828125,256.0,0.5,0.361328125,256.0,543,0.4128665030002594,0.4211197793483734,0.60546875,0.744140625
0.84765625,256.0,0.5,0.359375,256.0,544,0.4631810188293457,0.48105689883232117,0.56640625,0.70703125
0.89453125,256.0,0.5,0.34375,256.0,545,0.4287463426589966,0.4441840648651123,0.58203125,0.73828125
0.890625,256.0,0.5,0.390625,256.0,546,0.46667805314064026,0.42753833532333374,0.671875,0.78125
0.890625,256.0,0.5,0.373046875,256.0,547,0.4475107192993164,0.45364701747894287,0.63671875,0.763671875
0.91796875,256.0,0.5,0.37890625,256.0,548,0.4479292035102844,0.42123231291770935,0.67578125,0.796875
0.84375,256.0,0.5,0.388671875,256.0,549,0.4296478033065796,0.441892147064209,0.62109375,0.732421875
0.81640625,256.0,0.5,0.431640625,256.0,550,0.4335123598575592,0.4549033045768738,0.6796875,0.748046875
0.79296875,256.0,0.5,0.44140625,256.0,551,0.430793821811676,0.4447699785232544,0.67578125,0.734375
0.81640625,256.0,0.5,0.42578125,256.0,552,0.46098464727401733,0.4564283490180969,0.66796875,0.7421875
0.875,256.0,0.5,0.40625,256.0,553,0.4275842607021332,0.4332743287086487,0.6875,0.78125
0.81640625,256.0,0.5,0.44921875,256.0,554,0.42407989501953125,0.43968671560287476,0.71484375,0.765625
0.76953125,256.0,0.5,0.462890625,256.0,555,0.45148447155952454,0.45468801259994507,0.6953125,0.732421875
0.76953125,256.0,0.5,0.4609375,256.0,556,0.44748756289482117,0.4618484377861023,0.69140625,0.73046875
0.8203125,256.0,0.5,0.451171875,256.0,557,0.44785261154174805,0.45455875992774963,0.72265625,0.771484375
0.76171875,256.0,0.5,0.458984375,256.0,558,0.42778724431991577,0.4685433506965637,0.6796875,0.720703125
0.828125,256.0,0.5,0.4140625,256.0,559,0.44784045219421387,0.45627671480178833,0.65625,0.7421875
0.859375,256.0,0.5,0.3671875,256.0,560,0.4000142216682434,0.4375590980052948,0.59375,0.7265625
0.8828125,256.0,0.5,0.388671875,256.0,561,0.40678220987319946,0.4206489324569702,0.66015625,0.771484375
0.86328125,256.0,0.5,0.384765625,256.0,562,0.435394823551178,0.44106411933898926,0.6328125,0.748046875
0.86328125,256.0,0.5,0.404296875,256.0,563,0.4266195297241211,0.4183114469051361,0.671875,0.767578125
0.83203125,256.0,0.5,0.455078125,256.0,564,0.44858986139297485,0.44167861342430115,0.7421875,0.787109375
0.796875,256.0,0.5,0.455078125,256.0,565,0.4252171218395233,0.443141371011734,0.70703125,0.751953125
0.8125,256.0,0.5,0.435546875,256.0,566,0.43712007999420166,0.44477468729019165,0.68359375,0.748046875
0.76953125,256.0,0.5,0.462890625,256.0,567,0.4352244734764099,0.4532754421234131,0.6953125,0.732421875
0.81640625,256.0,0.5,0.427734375,256.0,568,0.422728955745697,0.42456167936325073,0.671875,0.744140625
0.69921875,256.0,0.5,0.505859375,256.0,569,0.4319548010826111,0.47116416692733765,0.7109375,0.705078125
0.80859375,256.0,0.5,0.470703125,256.0,570,0.4190993010997772,0.4123868942260742,0.75,0.779296875
0.83984375,256.0,0.5,0.455078125,256.0,571,0.39723360538482666,0.3951830267906189,0.75,0.794921875
0.8125,256.0,0.5,0.4765625,256.0,572,0.3782830536365509,0.38308364152908325,0.765625,0.7890625
0.73046875,256.0,0.5,0.52734375,256.0,573,0.43934112787246704,0.4460667371749878,0.78515625,0.7578125
0.75390625,256.0,0.5,0.513671875,256.0,574,0.45234978199005127,0.45449379086494446,0.78125,0.767578125
0.734375,256.0,0.5,0.517578125,256.0,575,0.4282015264034271,0.4387966990470886,0.76953125,0.751953125
0.65234375,256.0,0.5,0.5625,256.0,576,0.431896835565567,0.464360773563385,0.77734375,0.71484375
0.78515625,256.0,0.5,0.482421875,256.0,577,0.39667826890945435,0.3946731686592102,0.75,0.767578125
0.8203125,256.0,0.5,0.412109375,256.0,578,0.3999788761138916,0.4658423960208893,0.64453125,0.732421875
0.8203125,256.0,0.5,0.455078125,256.0,579,0.38912615180015564,0.40486085414886475,0.73046875,0.775390625
0.80078125,256.0,0.5,0.4765625,256.0,580,0.425568163394928,0.4300444424152374,0.75390625,0.77734375
0.8203125,256.0,0.5,0.49609375,256.0,581,0.4207955002784729,0.4031071066856384,0.8125,0.81640625
0.734375,256.0,0.5,0.5078125,256.0,582,0.46273747086524963,0.43246376514434814,0.75,0.7421875
0.73046875,256.0,0.5,0.501953125,256.0,583,0.4404289126396179,0.43206942081451416,0.734375,0.732421875
0.76171875,256.0,0.5,0.443359375,256.0,584,0.4382621645927429,0.4906884729862213,0.6484375,0.705078125
0.75,256.0,0.5,0.474609375,256.0,585,0.4243427515029907,0.43628713488578796,0.69921875,0.724609375
0.72265625,256.0,0.5,0.4765625,256.0,586,0.402871310710907,0.45513013005256653,0.67578125,0.69921875
0.76953125,256.0,0.5,0.478515625,256.0,587,0.44025659561157227,0.43946611881256104,0.7265625,0.748046875
0.71875,256.0,0.5,0.5078125,256.0,588,0.4548829197883606,0.47566959261894226,0.734375,0.7265625
0.8203125,256.0,0.5,0.484375,256.0,589,0.38171619176864624,0.3920137286186218,0.7890625,0.8046875
0.78515625,256.0,0.5,0.490234375,256.0,590,0.43361717462539673,0.4303421378135681,0.765625,0.775390625
0.75390625,256.0,0.5,0.5078125,256.0,591,0.45829665660858154,0.43533313274383545,0.76953125,0.76171875
0.80078125,256.0,0.5,0.44921875,256.0,592,0.4625752568244934,0.43713444471359253,0.69921875,0.75
0.82421875,256.0,0.5,0.4375,256.0,593,0.4242487847805023,0.42282459139823914,0.69921875,0.76171875
0.91796875,256.0,0.5,0.33984375,256.0,594,0.4169398546218872,0.42164087295532227,0.59765625,0.7578125
0.9296875,256.0,0.5,0.318359375,256.0,595,0.3895381689071655,0.39990636706352234,0.56640625,0.748046875
0.8984375,256.0,0.5,0.3515625,256.0,596,0.40240049362182617,0.44086045026779175,0.6015625,0.75
0.90234375,256.0,0.5,0.3984375,256.0,597,0.3908795714378357,0.36478811502456665,0.69921875,0.80078125
0.82421875,256.0,0.5,0.451171875,256.0,598,0.40849095582962036,0.4036153554916382,0.7265625,0.775390625
0.765625,256.0,0.5,0.513671875,256.0,599,0.46892571449279785,0.4552351236343384,0.79296875,0.779296875
0.7109375,256.0,0.5,0.564453125,256.0,600,0.4464593231678009,0.42309868335723877,0.83984375,0.775390625
0.75,256.0,0.5,0.529296875,256.0,601,0.44718116521835327,0.41232603788375854,0.80859375,0.779296875
0.8359375,256.0,0.5,0.462890625,256.0,602,0.4209679961204529,0.3826201558113098,0.76171875,0.798828125
0.88671875,256.0,0.5,0.4140625,256.0,603,0.4434150159358978,0.41496655344963074,0.71484375,0.80078125
0.87890625,256.0,0.5,0.384765625,256.0,604,0.40097421407699585,0.4323982894420624,0.6484375,0.763671875
0.875,256.0,0.5,0.39453125,256.0,605,0.3707127869129181,0.4061984717845917,0.6640625,0.76953125
0.91015625,256.0,0.5,0.380859375,256.0,606,0.37369304895401,0.38846346735954285,0.671875,0.791015625
0.76953125,256.0,0.5,0.48828125,256.0,607,0.43319588899612427,0.4283669590950012,0.74609375,0.7578125
0.734375,256.0,0.5,0.509765625,256.0,608,0.4405139982700348,0.4697507619857788,0.75390625,0.744140625
0.6875,256.0,0.5,0.55078125,256.0,609,0.42399105429649353,0.43934959173202515,0.7890625,0.73828125
0.68359375,256.0,0.5,0.560546875,256.0,610,0.4435241222381592,0.43814367055892944,0.8046875,0.744140625
0.73046875,256.0,0.5,0.5234375,256.0,611,0.40649956464767456,0.4411964416503906,0.77734375,0.75390625
0.78515625,256.0,0.5,0.494140625,256.0,612,0.4117513597011566,0.40829354524612427,0.7734375,0.779296875
0.703125,256.0,0.5,0.517578125,256.0,613,0.4225555658340454,0.4462811350822449,0.73828125,0.720703125
0.75390625,256.0,0.5,0.482421875,256.0,614,0.4067908823490143,0.44383546710014343,0.71875,0.736328125
0.85546875,256.0,0.5,0.4609375,256.0,615,0.40120580792427063,0.3933908939361572,0.77734375,0.81640625
0.828125,256.0,0.5,0.474609375,256.0,616,0.414311021566391,0.38831114768981934,0.77734375,0.802734375
0.83984375,256.0,0.5,0.43359375,256.0,617,0.42623281478881836,0.4232732653617859,0.70703125,0.7734375
0.89453125,256.0,0.5,0.396484375,256.0,618,0.42204293608665466,0.42898398637771606,0.6875,0.791015625
0.77734375,256.0,0.5,0.4609375,256.0,619,0.44214171171188354,0.4473228454589844,0.69921875,0.73828125
0.8671875,256.0,0.5,0.43359375,256.0,620,0.4208019971847534,0.3913331627845764,0.734375,0.80078125
0.7265625,256.0,0.5,0.486328125,256.0,621,0.421093612909317,0.5032036304473877,0.69921875,0.712890625
0.76953125,256.0,0.5,0.4765625,256.0,622,0.4428790509700775,0.4250647723674774,0.72265625,0.74609375
0.828125,256.0,0.5,0.470703125,256.0,623,0.3832167983055115,0.3794485926628113,0.76953125,0.798828125
0.875,256.0,0.5,0.41015625,256.0,624,0.3869936168193817,0.38871654868125916,0.6953125,0.78515625
0.7734375,256.0,0.5,0.498046875,256.0,625,0.418729692697525,0.4287090301513672,0.76953125,0.771484375
0.828125,256.0,0.5,0.498046875,256.0,626,0.4206202030181885,0.3664109706878662,0.82421875,0.826171875
0.828125,256.0,0.5,0.44921875,256.0,627,0.427254855632782,0.4189367890357971,0.7265625,0.77734375
0.734375,256.0,0.5,0.478515625,256.0,628,0.3974321782588959,0.4566778540611267,0.69140625,0.712890625
0.859375,256.0,0.5,0.41796875,256.0,629,0.41830968856811523,0.42411690950393677,0.6953125,0.77734375
0.8203125,256.0,0.5,0.439453125,256.0,630,0.3878239393234253,0.4055808484554291,0.69921875,0.759765625
0.7265625,256.0,0.5,0.521484375,256.0,631,0.4104953110218048,0.41085243225097656,0.76953125,0.748046875
0.74609375,256.0,0.5,0.5234375,256.0,632,0.40202492475509644,0.39806127548217773,0.79296875,0.76953125
0.765625,256.0,0.5,0.521484375,256.0,633,0.37833598256111145,0.37040722370147705,0.80859375,0.787109375
0.76171875,256.0,0.5,0.515625,256.0,634,0.4058184027671814,0.415336549282074,0.79296875,0.77734375
0.703125,256.0,0.5,0.56640625,256.0,635,0.38905417919158936,0.4118691682815552,0.8359375,0.76953125
0.73828125,256.0,0.5,0.560546875,256.0,636,0.39243224263191223,0.3688274621963501,0.859375,0.798828125
0.73046875,256.0,0.5,0.53125,256.0,637,0.3993434011936188,0.41509151458740234,0.79296875,0.76171875
0.71484375,256.0,0.5,0.541015625,256.0,638,0.40202784538269043,0.41633862257003784,0.796875,0.755859375
0.73046875,256.0,0.5,0.541015625,256.0,639,0.37805843353271484,0.39317992329597473,0.8125,0.771484375
0.75,256.0,0.5,0.521484375,256.0,640,0.39597052335739136,0.39385682344436646,0.79296875,0.771484375
0.80078125,256.0,0.5,0.529296875,256.0,641,0.3658411204814911,0.3560573160648346,0.859375,0.830078125
0.68359375,256.0,0.5,0.57421875,256.0,642,0.43952491879463196,0.4513051211833954,0.83203125,0.7578125
0.76953125,256.0,0.5,0.54296875,256.0,643,0.4370957911014557,0.4147442877292633,0.85546875,0.8125
0.68359375,256.0,0.5,0.568359375,256.0,644,0.4330008327960968,0.4501168131828308,0.8203125,0.751953125
0.73046875,256.0,0.5,0.51953125,256.0,645,0.43241047859191895,0.4427945017814636,0.76953125,0.75
0.73046875,256.0,0.5,0.51953125,256.0,646,0.3737826943397522,0.3783644437789917,0.76953125,0.75
0.79296875,256.0,0.5,0.45703125,256.0,647,0.4323742091655731,0.42020222544670105,0.70703125,0.75
0.8203125,256.0,0.5,0.453125,256.0,648,0.43150416016578674,0.4433910846710205,0.7265625,0.7734375
0.859375,256.0,0.5,0.416015625,256.0,649,0.3818204402923584,0.3988879919052124,0.69140625,0.775390625
0.78125,256.0,0.5,0.484375,256.0,650,0.42430007457733154,0.4299679696559906,0.75,0.765625
0.7109375,256.0,0.5,0.48828125,256.0,651,0.47556719183921814,0.48508206009864807,0.6875,0.69921875
0.76953125,256.0,0.5,0.466796875,256.0,652,0.4579663872718811,0.4551762640476227,0.703125,0.736328125
0.76953125,256.0,0.5,0.4921875,256.0,653,0.45015624165534973,0.4328172206878662,0.75390625,0.76171875
0.75,256.0,0.5,0.46484375,256.0,654,0.4431343674659729,0.4812116324901581,0.6796875,0.71484375
0.8046875,256.0,0.5,0.451171875,256.0,655,0.431890606880188,0.43853211402893066,0.70703125,0.755859375
0.89453125,256.0,0.5,0.357421875,256.0,656,0.41217032074928284,0.4432368874549866,0.609375,0.751953125
0.93359375,256.0,0.5,0.314453125,256.0,657,0.41851359605789185,0.4317896366119385,0.5625,0.748046875
0.9375,256.0,0.5,0.314453125,256.0,658,0.42292147874832153,0.42956042289733887,0.56640625,0.751953125
0.91015625,256.0,0.5,0.330078125,256.0,659,0.42900216579437256,0.44043752551078796,0.5703125,0.740234375
0.8984375,256.0,0.5,0.34765625,256.0,660,0.43456578254699707,0.4600265920162201,0.59375,0.74609375
0.82421875,256.0,0.5,0.41796875,256.0,661,0.46144604682922363,0.4576966166496277,0.66015625,0.7421875
0.76953125,256.0,0.5,0.48046875,256.0,662,0.4410078823566437,0.4463106691837311,0.73046875,0.75
0.6953125,256.0,0.5,0.525390625,256.0,663,0.4269627034664154,0.4466525912284851,0.74609375,0.720703125
0.80859375,256.0,0.5,0.4609375,256.0,664,0.4099569618701935,0.39827093482017517,0.73046875,0.76953125
0.7421875,256.0,0.5,0.513671875,256.0,665,0.44760459661483765,0.4338812828063965,0.76953125,0.755859375
0.81640625,256.0,0.5,0.4296875,256.0,666,0.4230272173881531,0.45055437088012695,0.67578125,0.74609375
0.89453125,256.0,0.5,0.3671875,256.0,667,0.4097254276275635,0.42036503553390503,0.62890625,0.76171875
0.87890625,256.0,0.5,0.376953125,256.0,668,0.41448864340782166,0.4026355743408203,0.6328125,0.755859375
0.8671875,256.0,0.5,0.404296875,256.0,669,0.42310529947280884,0.42780551314353943,0.67578125,0.771484375
0.875,256.0,0.5,0.361328125,256.0,670,0.4374443292617798,0.45725950598716736,0.59765625,0.736328125
0.875,256.0,0.5,0.40625,256.0,671,0.4358321726322174,0.4267852306365967,0.6875,0.78125
0.86328125,256.0,0.5,0.4140625,256.0,672,0.3915565609931946,0.4038539528846741,0.69140625,0.77734375
0.76171875,256.0,0.5,0.494140625,256.0,673,0.42140212655067444,0.4326775074005127,0.75,0.755859375
0.765625,256.0,0.5,0.486328125,256.0,674,0.42135733366012573,0.4056137204170227,0.73828125,0.751953125
0.78125,256.0,0.5,0.478515625,256.0,675,0.3904825747013092,0.38975709676742554,0.73828125,0.759765625
0.83203125,256.0,0.5,0.49609375,256.0,676,0.3659225106239319,0.34395042061805725,0.82421875,0.828125
0.84765625,256.0,0.5,0.4765625,256.0,677,0.3889932632446289,0.36832404136657715,0.80078125,0.82421875
0.7578125,256.0,0.5,0.525390625,256.0,678,0.44121357798576355,0.4239262044429779,0.80859375,0.783203125
0.70703125,256.0,0.5,0.544921875,256.0,679,0.411391943693161,0.41135987639427185,0.796875,0.751953125
0.76953125,256.0,0.5,0.537109375,256.0,680,0.4052572250366211,0.3976195156574249,0.84375,0.806640625
0.78125,256.0,0.5,0.5078125,256.0,681,0.42187991738319397,0.41029733419418335,0.796875,0.7890625
0.8515625,256.0,0.5,0.4453125,256.0,682,0.3743603229522705,0.3747224509716034,0.7421875,0.796875
0.7734375,256.0,0.5,0.466796875,256.0,683,0.4054502844810486,0.4630447030067444,0.70703125,0.740234375
0.8125,256.0,0.5,0.44140625,256.0,684,0.4081796407699585,0.43890461325645447,0.6953125,0.75390625
0.84765625,256.0,0.5,0.455078125,256.0,685,0.40239113569259644,0.4058569669723511,0.7578125,0.802734375
0.80859375,256.0,0.5,0.46484375,256.0,686,0.428960382938385,0.4534190893173218,0.73828125,0.7734375
0.83984375,256.0,0.5,0.478515625,256.0,687,0.39720261096954346,0.37395885586738586,0.796875,0.818359375
0.81640625,256.0,0.5,0.490234375,256.0,688,0.4318807125091553,0.3870928883552551,0.796875,0.806640625
0.609375,256.0,0.5,0.640625,256.0,689,0.39280015230178833,0.41453099250793457,0.890625,0.75
0.61328125,256.0,0.5,0.607421875,256.0,690,0.4315895140171051,0.43375542759895325,0.828125,0.720703125
0.7421875,256.0,0.5,0.537109375,256.0,691,0.4320446252822876,0.3974205553531647,0.81640625,0.779296875
0.69140625,256.0,0.5,0.537109375,256.0,692,0.40438711643218994,0.4189775586128235,0.765625,0.728515625
0.78125,256.0,0.5,0.4453125,256.0,693,0.4172779321670532,0.457205593585968,0.671875,0.7265625
0.953125,256.0,0.5,0.345703125,256.0,694,0.4044869542121887,0.4290125370025635,0.64453125,0.798828125
0.9453125,256.0,0.5,0.345703125,256.0,695,0.3970378637313843,0.37895962595939636,0.63671875,0.791015625
0.8828125,256.0,0.5,0.359375,256.0,696,0.4290250837802887,0.4386744499206543,0.6015625,0.7421875
0.890625,256.0,0.5,0.41015625,256.0,697,0.40828996896743774,0.38382279872894287,0.7109375,0.80078125
0.8359375,256.0,0.5,0.41015625,256.0,698,0.44038277864456177,0.45695173740386963,0.65625,0.74609375
0.80078125,256.0,0.5,0.474609375,256.0,699,0.4187033772468567,0.3971426486968994,0.75,0.775390625
0.75390625,256.0,0.5,0.505859375,256.0,700,0.42771652340888977,0.42230844497680664,0.765625,0.759765625
0.7421875,256.0,0.5,0.53515625,256.0,701,0.3954675793647766,0.38628339767456055,0.8125,0.77734375
0.6171875,256.0,0.5,0.576171875,256.0,702,0.42291170358657837,0.4579291343688965,0.76953125,0.693359375
0.82421875,256.0,0.5,0.498046875,256.0,703,0.41745442152023315,0.3826068937778473,0.8203125,0.822265625
0.83984375,256.0,0.5,0.431640625,256.0,704,0.4132883846759796,0.4468156695365906,0.703125,0.771484375
0.8125,256.0,0.5,0.455078125,256.0,705,0.41048377752304077,0.4111382067203522,0.72265625,0.767578125
0.87109375,256.0,0.5,0.44140625,256.0,706,0.41961729526519775,0.39756840467453003,0.75390625,0.8125
0.7734375,256.0,0.5,0.48828125,256.0,707,0.430309921503067,0.40124812722206116,0.75,0.76171875
0.76953125,256.0,0.5,0.482421875,256.0,708,0.4176926612854004,0.4376381039619446,0.734375,0.751953125
0.80859375,256.0,0.5,0.462890625,256.0,709,0.3863043785095215,0.41327887773513794,0.734375,0.771484375
0.828125,256.0,0.5,0.43359375,256.0,710,0.37498095631599426,0.4062615633010864,0.6953125,0.76171875
0.7890625,256.0,0.5,0.44140625,256.0,711,0.4334070086479187,0.47336363792419434,0.671875,0.73046875
0.7890625,256.0,0.5,0.490234375,256.0,712,0.4121687412261963,0.39668387174606323,0.76953125,0.779296875
0.7421875,256.0,0.5,0.517578125,256.0,713,0.4432964324951172,0.4466226398944855,0.77734375,0.759765625
0.6953125,256.0,0.5,0.564453125,256.0,714,0.4255191683769226,0.4270976185798645,0.82421875,0.759765625
0.765625,256.0,0.5,0.5234375,256.0,715,0.415094792842865,0.40089890360832214,0.8125,0.7890625
0.70703125,256.0,0.5,0.54296875,256.0,716,0.435541570186615,0.44578176736831665,0.79296875,0.75
0.79296875,256.0,0.5,0.453125,256.0,717,0.42571279406547546,0.42869529128074646,0.69921875,0.74609375
0.80078125,256.0,0.5,0.447265625,256.0,718,0.42215728759765625,0.4465937316417694,0.6953125,0.748046875
0.84765625,256.0,0.5,0.421875,256.0,719,0.4053616523742676,0.40216678380966187,0.69140625,0.76953125
0.83203125,256.0,0.5,0.43359375,256.0,720,0.3898029625415802,0.38209572434425354,0.69921875,0.765625
0.82421875,256.0,0.5,0.455078125,256.0,721,0.3946937322616577,0.4152865409851074,0.734375,0.779296875
0.7578125,256.0,0.5,0.49609375,256.0,722,0.4193522334098816,0.417489230632782,0.75,0.75390625
0.64453125,256.0,0.5,0.59375,256.0,723,0.4511568248271942,0.46014919877052307,0.83203125,0.73828125
0.64453125,256.0,0.5,0.587890625,256.0,724,0.42276114225387573,0.44430387020111084,0.8203125,0.732421875
0.7734375,256.0,0.5,0.5390625,256.0,725,0.3992452621459961,0.36217957735061646,0.8515625,0.8125
0.7578125,256.0,0.5,0.5,256.0,726,0.42522215843200684,0.42931073904037476,0.7578125,0.7578125
0.77734375,256.0,0.5,0.490234375,256.0,727,0.40567323565483093,0.43170851469039917,0.7578125,0.767578125
0.83203125,256.0,0.5,0.44140625,256.0,728,0.38767704367637634,0.3947750926017761,0.71484375,0.7734375
0.86328125,256.0,0.5,0.412109375,256.0,729,0.40768179297447205,0.4096655249595642,0.6875,0.775390625
0.84765625,256.0,0.5,0.3828125,256.0,730,0.4309886395931244,0.4900825023651123,0.61328125,0.73046875
0.77734375,256.0,0.5,0.474609375,256.0,731,0.40984398126602173,0.42213380336761475,0.7265625,0.751953125
0.78125,256.0,0.5,0.51953125,256.0,732,0.40149450302124023,0.4063427448272705,0.8203125,0.80078125
0.65625,256.0,0.5,0.583984375,256.0,733,0.4263702630996704,0.4334120750427246,0.82421875,0.740234375
0.6328125,256.0,0.5,0.58984375,256.0,734,0.42576584219932556,0.4399750828742981,0.8125,0.72265625
0.671875,256.0,0.5,0.56640625,256.0,735,0.45562219619750977,0.45957520604133606,0.8046875,0.73828125
0.66796875,256.0,0.5,0.5625,256.0,736,0.4145965278148651,0.4394505023956299,0.79296875,0.73046875
0.77734375,256.0,0.5,0.5,256.0,737,0.39628565311431885,0.3991883397102356,0.77734375,0.77734375
0.78125,256.0,0.5,0.46875,256.0,738,0.4413002133369446,0.4419097304344177,0.71875,0.75
0.80859375,256.0,0.5,0.4453125,256.0,739,0.39321190118789673,0.4292590022087097,0.69921875,0.75390625
0.7890625,256.0,0.5,0.462890625,256.0,740,0.410486102104187,0.43349123001098633,0.71484375,0.751953125
0.8203125,256.0,0.5,0.474609375,256.0,741,0.41796499490737915,0.4053989052772522,0.76953125,0.794921875
0.73828125,256.0,0.5,0.501953125,256.0,742,0.42956042289733887,0.429503470659256,0.7421875,0.740234375
0.69921875,256.0,0.5,0.513671875,256.0,743,0.4455118775367737,0.4989504814147949,0.7265625,0.712890625
0.62890625,256.0,0.5,0.564453125,256.0,744,0.4294908940792084,0.47514963150024414,0.7578125,0.693359375
0.70703125,256.0,0.5,0.51953125,256.0,745,0.4204344153404236,0.43019378185272217,0.74609375,0.7265625
0.82421875,256.0,0.5,0.46484375,256.0,746,0.408107727766037,0.41032227873802185,0.75390625,0.7890625
0.76953125,256.0,0.5,0.501953125,256.0,747,0.41895270347595215,0.41945743560791016,0.7734375,0.771484375
0.78515625,256.0,0.5,0.46484375,256.0,748,0.4468029737472534,0.4324544370174408,0.71484375,0.75
0.80859375,256.0,0.5,0.412109375,256.0,749,0.4541251063346863,0.4518667459487915,0.6328125,0.720703125
0.7578125,256.0,0.5,0.478515625,256.0,750,0.4457494020462036,0.43724381923675537,0.71484375,0.736328125
0.7734375,256.0,0.5,0.46484375,256.0,751,0.44086143374443054,0.4543364644050598,0.703125,0.73828125
0.8046875,256.0,0.5,0.44140625,256.0,752,0.4345456659793854,0.43520817160606384,0.6875,0.74609375
0.84765625,256.0,0.5,0.421875,256.0,753,0.41993021965026855,0.43379074335098267,0.69140625,0.76953125
0.88671875,256.0,0.5,0.369140625,256.0,754,0.3980366587638855,0.4158093333244324,0.625,0.755859375
0.8203125,256.0,0.5,0.412109375,256.0,755,0.41556793451309204,0.43340396881103516,0.64453125,0.732421875
0.80859375,256.0,0.5,0.43359375,256.0,756,0.4302762746810913,0.44255387783050537,0.67578125,0.7421875
0.87109375,256.0,0.5,0.423828125,256.0,757,0.40038618445396423,0.3973943293094635,0.71875,0.794921875
0.8125,256.0,0.5,0.4375,256.0,758,0.42750710248947144,0.4462243914604187,0.6875,0.75
0.7578125,256.0,0.5,0.4765625,256.0,759,0.4753546714782715,0.447501003742218,0.7109375,0.734375
0.71875,256.0,0.5,0.501953125,256.0,760,0.4327598512172699,0.4390714764595032,0.72265625,0.720703125
0.71484375,256.0,0.5,0.49609375,256.0,761,0.437786728143692,0.4611518383026123,0.70703125,0.7109375
0.79296875,256.0,0.5,0.458984375,256.0,762,0.3951987028121948,0.3917385935783386,0.7109375,0.751953125
0.765625,256.0,0.5,0.47265625,256.0,763,0.4159244894981384,0.43133261799812317,0.7109375,0.73828125
0.859375,256.0,0.5,0.431640625,256.0,764,0.3889864683151245,0.41782450675964355,0.72265625,0.791015625
0.83984375,256.0,0.5,0.44140625,256.0,765,0.38086530566215515,0.3928470313549042,0.72265625,0.78125
0.75,256.0,0.5,0.505859375,256.0,766,0.42901018261909485,0.43412429094314575,0.76171875,0.755859375
0.765625,256.0,0.5,0.48828125,256.0,767,0.40933990478515625,0.42610180377960205,0.7421875,0.75390625
0.734375,256.0,0.5,0.50390625,256.0,768,0.4398645758628845,0.42967087030410767,0.7421875,0.73828125
0.6796875,256.0,0.5,0.53125,256.0,769,0.4308379292488098,0.4584781527519226,0.7421875,0.7109375
0.71484375,256.0,0.5,0.5390625,256.0,770,0.4177318215370178,0.4219658076763153,0.79296875,0.75390625
0.6875,256.0,0.5,0.546875,256.0,771,0.4269568622112274,0.43380242586135864,0.78125,0.734375
0.70703125,256.0,0.5,0.525390625,256.0,772,0.42686566710472107,0.46564406156539917,0.7578125,0.732421875
0.87109375,256.0,0.5,0.427734375,256.0,773,0.38205909729003906,0.38495495915412903,0.7265625,0.798828125
0.7734375,256.0,0.5,0.48828125,256.0,774,0.42475444078445435,0.40172815322875977,0.75,0.76171875
0.80078125,256.0,0.5,0.46484375,256.0,775,0.4170660674571991,0.4313942492008209,0.73046875,0.765625
0.86328125,256.0,0.5,0.4140625,256.0,776,0.41022807359695435,0.4012688398361206,0.69140625,0.77734375
0.7578125,256.0,0.5,0.48828125,256.0,777,0.4307303726673126,0.42729681730270386,0.734375,0.74609375
0.765625,256.0,0.5,0.49609375,256.0,778,0.42850518226623535,0.4216594994068146,0.7578125,0.76171875
0.79296875,256.0,0.5,0.427734375,256.0,779,0.4430351257324219,0.4951450526714325,0.6484375,0.720703125
0.7578125,256.0,0.5,0.46875,256.0,780,0.4138709306716919,0.43717479705810547,0.6953125,0.7265625
0.80859375,256.0,0.5,0.453125,256.0,781,0.39373505115509033,0.38287460803985596,0.71484375,0.76171875
0.83203125,256.0,0.5,0.42578125,256.0,782,0.3998405337333679,0.4181399345397949,0.68359375,0.7578125
0.7578125,256.0,0.5,0.51171875,256.0,783,0.43572503328323364,0.41069188714027405,0.78125,0.76953125
0.74609375,256.0,0.5,0.5078125,256.0,784,0.4559822380542755,0.45067349076271057,0.76171875,0.75390625
0.69921875,256.0,0.5,0.54296875,256.0,785,0.44404110312461853,0.44302675127983093,0.78515625,0.7421875
0.734375,256.0,0.5,0.533203125,256.0,786,0.4270588159561157,0.4127335846424103,0.80078125,0.767578125
0.70703125,256.0,0.5,0.51953125,256.0,787,0.4305363893508911,0.4275919198989868,0.74609375,0.7265625
0.79296875,256.0,0.5,0.46484375,256.0,788,0.38117700815200806,0.4080383777618408,0.72265625,0.7578125
0.77734375,256.0,0.5,0.4765625,256.0,789,0.39846622943878174,0.40366214513778687,0.73046875,0.75390625
0.82421875,256.0,0.5,0.453125,256.0,790,0.38779640197753906,0.41557562351226807,0.73046875,0.77734375
0.84765625,256.0,0.5,0.419921875,256.0,791,0.4066600799560547,0.41749104857444763,0.6875,0.767578125
0.87890625,256.0,0.5,0.380859375,256.0,792,0.4099288582801819,0.4244968891143799,0.640625,0.759765625
0.859375,256.0,0.5,0.404296875,256.0,793,0.4218166172504425,0.4260483682155609,0.66796875,0.763671875
0.8359375,256.0,0.5,0.4296875,256.0,794,0.4041983187198639,0.39610666036605835,0.6953125,0.765625
0.73828125,256.0,0.5,0.52734375,256.0,795,0.3831935226917267,0.3977700471878052,0.79296875,0.765625
0.703125,256.0,0.5,0.5546875,256.0,796,0.4362896680831909,0.4395609498023987,0.8125,0.7578125
0.69140625,256.0,0.5,0.5703125,256.0,797,0.3840806186199188,0.4026275873184204,0.83203125,0.76171875
0.59765625,256.0,0.5,0.623046875,256.0,798,0.4314590096473694,0.47558772563934326,0.84375,0.720703125
0.71484375,256.0,0.5,0.546875,256.0,799,0.439757764339447,0.4265708923339844,0.80859375,0.76171875
0.8125,256.0,0.5,0.5078125,256.0,800,0.4340001344680786,0.3967728614807129,0.828125,0.8203125
0.90234375,256.0,0.5,0.40234375,256.0,801,0.4111417531967163,0.3821227252483368,0.70703125,0.8046875
0.84375,256.0,0.5,0.423828125,256.0,802,0.387716680765152,0.41693180799484253,0.69140625,0.767578125
0.8046875,256.0,0.5,0.44921875,256.0,803,0.37631842494010925,0.4110294580459595,0.703125,0.75390625
0.8359375,256.0,0.5,0.41796875,256.0,804,0.3978577256202698,0.4162272810935974,0.671875,0.75390625
0.76953125,256.0,0.5,0.451171875,256.0,805,0.41614392399787903,0.4567570686340332,0.671875,0.720703125
0.78125,256.0,0.5,0.525390625,256.0,806,0.41085538268089294,0.3913290500640869,0.83203125,0.806640625
0.70703125,256.0,0.5,0.572265625,256.0,807,0.4138135612010956,0.3870426416397095,0.8515625,0.779296875
0.63671875,256.0,0.5,0.609375,256.0,808,0.4223705232143402,0.4500483274459839,0.85546875,0.74609375
0.6796875,256.0,0.5,0.591796875,256.0,809,0.4405059516429901,0.43143430352211,0.86328125,0.771484375
0.72265625,256.0,0.5,0.564453125,256.0,810,0.4426335096359253,0.4219139814376831,0.8515625,0.787109375
0.71875,256.0,0.5,0.537109375,256.0,811,0.4415206015110016,0.4170273244380951,0.79296875,0.755859375
0.84765625,256.0,0.5,0.42578125,256.0,812,0.4143581986427307,0.4030191898345947,0.69921875,0.7734375
0.83984375,256.0,0.5,0.3984375,256.0,813,0.4033468961715698,0.4215761423110962,0.63671875,0.73828125
0.859375,256.0,0.5,0.388671875,256.0,814,0.39106065034866333,0.4299294948577881,0.63671875,0.748046875
0.8359375,256.0,0.5,0.400390625,256.0,815,0.3902330696582794,0.42092448472976685,0.63671875,0.736328125
0.84765625,256.0,0.5,0.40625,256.0,816,0.40614184737205505,0.43016302585601807,0.66015625,0.75390625
0.890625,256.0,0.5,0.412109375,256.0,817,0.3837709426879883,0.3897421061992645,0.71484375,0.802734375
0.8046875,256.0,0.5,0.4765625,256.0,818,0.428103506565094,0.4067038297653198,0.7578125,0.78125
0.71484375,256.0,0.5,0.537109375,256.0,819,0.42530471086502075,0.4280749559402466,0.7890625,0.751953125
0.73046875,256.0,0.5,0.55078125,256.0,820,0.42366981506347656,0.39843276143074036,0.83203125,0.78125
0.6953125,256.0,0.5,0.56640625,256.0,821,0.44077086448669434,0.4180070161819458,0.828125,0.76171875
0.68359375,256.0,0.5,0.564453125,256.0,822,0.44012337923049927,0.4608558416366577,0.8125,0.748046875
0.8046875,256.0,0.5,0.451171875,256.0,823,0.4017598628997803,0.4111363887786865,0.70703125,0.755859375
0.86328125,256.0,0.5,0.423828125,256.0,824,0.4112022817134857,0.4149431884288788,0.7109375,0.787109375
0.86328125,256.0,0.5,0.388671875,256.0,825,0.4055052399635315,0.41802144050598145,0.640625,0.751953125
0.90234375,256.0,0.5,0.390625,256.0,826,0.4041682779788971,0.4060046672821045,0.68359375,0.79296875
0.79296875,256.0,0.5,0.4453125,256.0,827,0.4209758937358856,0.4333438277244568,0.68359375,0.73828125
0.8046875,256.0,0.5,0.447265625,256.0,828,0.45238882303237915,0.43135231733322144,0.69921875,0.751953125
0.75,256.0,0.5,0.52734375,256.0,829,0.4178820848464966,0.41179415583610535,0.8046875,0.77734375
0.69921875,256.0,0.5,0.515625,256.0,830,0.44155120849609375,0.451552152633667,0.73046875,0.71484375
0.74609375,256.0,0.5,0.51171875,256.0,831,0.4269949197769165,0.4162965416908264,0.76953125,0.7578125
0.76953125,256.0,0.5,0.5078125,256.0,832,0.38726091384887695,0.3897676467895508,0.78515625,0.77734375
0.71484375,256.0,0.5,0.529296875,256.0,833,0.4284482002258301,0.4212369918823242,0.7734375,0.744140625
0.71875,256.0,0.5,0.5625,256.0,834,0.40834343433380127,0.3990018963813782,0.84375,0.78125
0.80078125,256.0,0.5,0.498046875,256.0,835,0.4234275221824646,0.40394139289855957,0.796875,0.798828125
0.67578125,256.0,0.5,0.5546875,256.0,836,0.45455875992774963,0.44732844829559326,0.78515625,0.73046875
0.796875,256.0,0.5,0.494140625,256.0,837,0.4276748299598694,0.4084324240684509,0.78515625,0.791015625
0.6953125,256.0,0.5,0.5390625,256.0,838,0.4303828775882721,0.4501299262046814,0.7734375,0.734375
0.73046875,256.0,0.5,0.490234375,256.0,839,0.439303457736969,0.47134992480278015,0.7109375,0.720703125
0.765625,256.0,0.5,0.462890625,256.0,840,0.43524521589279175,0.4529871940612793,0.69140625,0.728515625
0.8125,256.0,0.5,0.44140625,256.0,841,0.46415582299232483,0.4401523470878601,0.6953125,0.75390625
0.6875,256.0,0.5,0.544921875,256.0,842,0.4471016228199005,0.4240393042564392,0.77734375,0.732421875
0.69921875,256.0,0.5,0.537109375,256.0,843,0.46874696016311646,0.43144655227661133,0.7734375,0.736328125
0.83203125,256.0,0.5,0.4453125,256.0,844,0.436957448720932,0.4144594073295593,0.72265625,0.77734375
0.8203125,256.0,0.5,0.42578125,256.0,845,0.4673530161380768,0.45101115107536316,0.671875,0.74609375
0.88671875,256.0,0.5,0.384765625,256.0,846,0.45056137442588806,0.41256821155548096,0.65625,0.771484375
0.84375,256.0,0.5,0.41015625,256.0,847,0.44550079107284546,0.4361475706100464,0.6640625,0.75390625
0.88671875,256.0,0.5,0.373046875,256.0,848,0.42633122205734253,0.4095737934112549,0.6328125,0.759765625
0.921875,256.0,0.5,0.330078125,256.0,849,0.38727521896362305,0.41094523668289185,0.58203125,0.751953125
0.87890625,256.0,0.5,0.365234375,256.0,850,0.392631858587265,0.4080755412578583,0.609375,0.744140625
0.86328125,256.0,0.5,0.39453125,256.0,851,0.4313303232192993,0.4328400194644928,0.65234375,0.7578125
0.828125,256.0,0.5,0.4296875,256.0,852,0.44467341899871826,0.4295147955417633,0.6875,0.7578125
0.8671875,256.0,0.5,0.44921875,256.0,853,0.47114044427871704,0.4065563678741455,0.765625,0.81640625
0.73046875,256.0,0.5,0.501953125,256.0,854,0.47857901453971863,0.45214685797691345,0.734375,0.732421875
0.6796875,256.0,0.5,0.541015625,256.0,855,0.46116912364959717,0.44315579533576965,0.76171875,0.720703125
0.73828125,256.0,0.5,0.52734375,256.0,856,0.4260627329349518,0.3906656503677368,0.79296875,0.765625
0.8203125,256.0,0.5,0.44921875,256.0,857,0.4301225244998932,0.4166630506515503,0.71875,0.76953125
0.79296875,256.0,0.5,0.453125,256.0,858,0.4279367923736572,0.41675513982772827,0.69921875,0.74609375
0.77734375,256.0,0.5,0.455078125,256.0,859,0.4275161027908325,0.4356585741043091,0.6875,0.732421875
0.78515625,256.0,0.5,0.466796875,256.0,860,0.40652936697006226,0.4134902358055115,0.71875,0.751953125
0.78515625,256.0,0.5,0.466796875,256.0,861,0.41280344128608704,0.43115660548210144,0.71875,0.751953125
0.7109375,256.0,0.5,0.529296875,256.0,862,0.45727020502090454,0.4501333236694336,0.76953125,0.740234375
0.7734375,256.0,0.5,0.51953125,256.0,863,0.44602900743484497,0.4002480208873749,0.8125,0.79296875
0.7109375,256.0,0.5,0.537109375,256.0,864,0.4242253303527832,0.4085206389427185,0.78515625,0.748046875
0.71484375,256.0,0.5,0.5625,256.0,865,0.4532124996185303,0.41813963651657104,0.83984375,0.77734375
0.7109375,256.0,0.5,0.5390625,256.0,866,0.4462375044822693,0.43118587136268616,0.7890625,0.75
0.7265625,256.0,0.5,0.505859375,256.0,867,0.44740280508995056,0.44438880681991577,0.73828125,0.732421875
0.76171875,256.0,0.5,0.505859375,256.0,868,0.40149611234664917,0.3823450207710266,0.7734375,0.767578125
0.8125,256.0,0.5,0.421875,256.0,869,0.4455226957798004,0.45939671993255615,0.65625,0.734375
0.8828125,256.0,0.5,0.416015625,256.0,870,0.43092814087867737,0.4230011999607086,0.71484375,0.798828125
0.90625,256.0,0.5,0.39453125,256.0,871,0.4450097680091858,0.4035658836364746,0.6953125,0.80078125
0.84375,256.0,0.5,0.396484375,256.0,872,0.4400540590286255,0.42381882667541504,0.63671875,0.740234375
0.84765625,256.0,0.5,0.412109375,256.0,873,0.43290749192237854,0.40213048458099365,0.671875,0.759765625
0.78515625,256.0,0.5,0.484375,256.0,874,0.4287034869194031,0.3924223780632019,0.75390625,0.76953125
0.8203125,256.0,0.5,0.435546875,256.0,875,0.43830206990242004,0.42989176511764526,0.69140625,0.755859375
0.8125,256.0,0.5,0.439453125,256.0,876,0.415468692779541,0.4286433160305023,0.69140625,0.751953125
0.71484375,256.0,0.5,0.482421875,256.0,877,0.4442925453186035,0.4721817672252655,0.6796875,0.697265625
0.6796875,256.0,0.5,0.533203125,256.0,878,0.4550284445285797,0.4439292550086975,0.74609375,0.712890625
0.8359375,256.0,0.5,0.447265625,256.0,879,0.44104865193367004,0.41436928510665894,0.73046875,0.783203125
0.8125,256.0,0.5,0.501953125,256.0,880,0.4263865053653717,0.39250117540359497,0.81640625,0.814453125
0.76953125,256.0,0.5,0.498046875,256.0,881,0.4778016209602356,0.43985265493392944,0.765625,0.767578125
0.7421875,256.0,0.5,0.4765625,256.0,882,0.4716016948223114,0.4662243723869324,0.6953125,0.71875
0.7890625,256.0,0.5,0.4609375,256.0,883,0.4243989586830139,0.43054723739624023,0.7109375,0.75
0.8359375,256.0,0.5,0.439453125,256.0,884,0.400442898273468,0.40836018323898315,0.71484375,0.775390625
0.7109375,256.0,0.5,0.541015625,256.0,885,0.4347583055496216,0.4347292184829712,0.79296875,0.751953125
0.75390625,256.0,0.5,0.51171875,256.0,886,0.42540085315704346,0.40378618240356445,0.77734375,0.765625
0.7421875,256.0,0.5,0.52734375,256.0,887,0.4395851492881775,0.4384673237800598,0.796875,0.76953125
0.75,256.0,0.5,0.544921875,256.0,888,0.4370729923248291,0.39454734325408936,0.83984375,0.794921875
0.6328125,256.0,0.5,0.564453125,256.0,889,0.4750123620033264,0.46812862157821655,0.76171875,0.697265625
0.75390625,256.0,0.5,0.48046875,256.0,890,0.4824233055114746,0.4561215341091156,0.71484375,0.734375
0.70703125,256.0,0.5,0.533203125,256.0,891,0.4724156856536865,0.4711988866329193,0.7734375,0.740234375
0.78515625,256.0,0.5,0.443359375,256.0,892,0.48015695810317993,0.4634530544281006,0.671875,0.728515625
0.87109375,256.0,0.5,0.42578125,256.0,893,0.4573434293270111,0.4082232713699341,0.72265625,0.796875
0.81640625,256.0,0.5,0.392578125,256.0,894,0.46379613876342773,0.46803224086761475,0.6015625,0.708984375
0.87890625,256.0,0.5,0.390625,256.0,895,0.43023020029067993,0.4014034569263458,0.66015625,0.76953125
0.87109375,256.0,0.5,0.3828125,256.0,896,0.4298207759857178,0.4185263514518738,0.63671875,0.75390625
0.8125,256.0,0.5,0.42578125,256.0,897,0.47327807545661926,0.45473477244377136,0.6640625,0.73828125
0.8125,256.0,0.5,0.44921875,256.0,898,0.4538303315639496,0.4128836691379547,0.7109375,0.76171875
0.84765625,256.0,0.5,0.41796875,256.0,899,0.49173519015312195,0.45735710859298706,0.68359375,0.765625
0.68359375,256.0,0.5,0.5390625,256.0,900,0.4961038827896118,0.4571179151535034,0.76171875,0.72265625
0.80078125,256.0,0.5,0.474609375,256.0,901,0.473821759223938,0.4280921220779419,0.75,0.775390625
0.83203125,256.0,0.5,0.416015625,256.0,902,0.4536249041557312,0.44315189123153687,0.6640625,0.748046875
0.76953125,256.0,0.5,0.419921875,256.0,903,0.5081188082695007,0.4715528190135956,0.609375,0.689453125
0.81640625,256.0,0.5,0.42578125,256.0,904,0.46682673692703247,0.44390249252319336,0.66796875,0.7421875
0.8515625,256.0,0.5,0.3828125,256.0,905,0.46355557441711426,0.4668591618537903,0.6171875,0.734375
0.82421875,256.0,0.5,0.408203125,256.0,906,0.5119352340698242,0.46206608414649963,0.640625,0.732421875
0.7578125,256.0,0.5,0.484375,256.0,907,0.49778759479522705,0.4846397042274475,0.7265625,0.7421875
0.74609375,256.0,0.5,0.478515625,256.0,908,0.5292532444000244,0.482584148645401,0.703125,0.724609375
0.7265625,256.0,0.5,0.48046875,256.0,909,0.5295297503471375,0.4919084310531616,0.6875,0.70703125
0.8046875,256.0,0.5,0.439453125,256.0,910,0.4998400807380676,0.4700368046760559,0.68359375,0.744140625
0.8828125,256.0,0.5,0.39453125,256.0,911,0.47259026765823364,0.42907893657684326,0.671875,0.77734375
0.87109375,256.0,0.5,0.376953125,256.0,912,0.47807949781417847,0.4544062912464142,0.625,0.748046875
0.859375,256.0,0.5,0.365234375,256.0,913,0.46734094619750977,0.4491755962371826,0.58984375,0.724609375
0.9140625,256.0,0.5,0.34765625,256.0,914,0.4661298990249634,0.3999697268009186,0.609375,0.76171875
0.828125,256.0,0.5,0.3984375,256.0,915,0.5004605054855347,0.4637787342071533,0.625,0.7265625
0.7734375,256.0,0.5,0.4453125,256.0,916,0.5113885402679443,0.4840102791786194,0.6640625,0.71875
0.8046875,256.0,0.5,0.443359375,256.0,917,0.5044457912445068,0.4512355327606201,0.69140625,0.748046875
0.828125,256.0,0.5,0.427734375,256.0,918,0.5113838911056519,0.4570072889328003,0.68359375,0.755859375
0.7890625,256.0,0.5,0.435546875,256.0,919,0.5263969898223877,0.49167975783348083,0.66015625,0.724609375
0.79296875,256.0,0.5,0.48046875,256.0,920,0.5237740278244019,0.4651927053928375,0.75390625,0.7734375
0.75390625,256.0,0.5,0.443359375,256.0,921,0.5225765705108643,0.5243178009986877,0.640625,0.697265625
0.73046875,256.0,0.5,0.455078125,256.0,922,0.5310248732566833,0.5167054533958435,0.640625,0.685546875
0.6953125,256.0,0.5,0.51171875,256.0,923,0.5490756034851074,0.5418509840965271,0.71875,0.70703125
0.67578125,256.0,0.5,0.53125,256.0,924,0.5658063888549805,0.5289739370346069,0.73828125,0.70703125
0.5390625,256.0,0.5,0.623046875,256.0,925,0.5851242542266846,0.5697649121284485,0.78515625,0.662109375
0.578125,256.0,0.5,0.6015625,256.0,926,0.5828549861907959,0.5650577545166016,0.78125,0.6796875
0.64453125,256.0,0.5,0.521484375,256.0,927,0.5891226530075073,0.5741938352584839,0.6875,0.666015625
0.73828125,256.0,0.5,0.44921875,256.0,928,0.5962643623352051,0.5901023149490356,0.63671875,0.6875
0.62109375,256.0,0.5,0.48828125,256.0,929,0.6019821166992188,0.611258864402771,0.59765625,0.609375
0.6640625,256.0,0.5,0.45703125,256.0,930,0.6132073402404785,0.6340793371200562,0.578125,0.62109375
0.5390625,256.0,0.5,0.5390625,256.0,931,0.6295029520988464,0.658730149269104,0.6171875,0.578125
0.63671875,256.0,0.5,0.541015625,256.0,932,0.6093642711639404,0.5934304594993591,0.71875,0.677734375
0.50390625,256.0,0.5,0.63671875,256.0,933,0.6264649033546448,0.6350771188735962,0.77734375,0.640625
0.4921875,256.0,0.5,0.646484375,256.0,934,0.6348233222961426,0.623603343963623,0.78515625,0.638671875
0.28515625,256.0,0.5,0.775390625,256.0,935,0.6396900415420532,0.6344283223152161,0.8359375,0.560546875
0.41015625,256.0,0.5,0.685546875,256.0,936,0.6313304305076599,0.6629474759101868,0.78125,0.595703125
0.78125,256.0,0.5,0.3359375,256.0,937,0.6407302618026733,0.6310316324234009,0.453125,0.6171875
0.69921875,256.0,0.5,0.388671875,256.0,938,0.6440600156784058,0.6421475410461426,0.4765625,0.587890625
0.6796875,256.0,0.5,0.400390625,256.0,939,0.6492584347724915,0.6671003103256226,0.48046875,0.580078125
0.6953125,256.0,0.5,0.41015625,256.0,940,0.6469441056251526,0.6405028104782104,0.515625,0.60546875
0.609375,256.0,0.5,0.453125,256.0,941,0.6484007835388184,0.6572479009628296,0.515625,0.5625
0.60546875,256.0,0.5,0.455078125,256.0,942,0.6462959051132202,0.6658159494400024,0.515625,0.560546875
0.703125,256.0,0.5,0.3515625,256.0,943,0.6422474980354309,0.6496394276618958,0.40625,0.5546875
0.33203125,256.0,0.5,0.693359375,256.0,944,0.6475223302841187,0.6698468923568726,0.71875,0.525390625
0.40234375,256.0,0.5,0.607421875,256.0,945,0.6539764404296875,0.6960873603820801,0.6171875,0.509765625
0.50390625,256.0,0.5,0.552734375,256.0,946,0.6448020935058594,0.6451637148857117,0.609375,0.556640625
0.35546875,256.0,0.5,0.69140625,256.0,947,0.6553347110748291,0.6773916482925415,0.73828125,0.546875
0.75390625,256.0,0.5,0.3359375,256.0,948,0.6559065580368042,0.6560394763946533,0.42578125,0.58984375
0.76171875,256.0,0.5,0.361328125,256.0,949,0.6506330966949463,0.6767445802688599,0.484375,0.623046875
0.62890625,256.0,0.5,0.484375,256.0,950,0.6398602724075317,0.6627758741378784,0.59765625,0.61328125
0.5546875,256.0,0.5,0.537109375,256.0,951,0.616752028465271,0.66454017162323,0.62890625,0.591796875
0.484375,256.0,0.5,0.548828125,256.0,952,0.6235457062721252,0.6919645071029663,0.58203125,0.533203125
0.55859375,256.0,0.5,0.490234375,256.0,953,0.6442370414733887,0.6884967684745789,0.5390625,0.548828125
0.4765625,256.0,0.5,0.537109375,256.0,954,0.6380435228347778,0.6781275272369385,0.55078125,0.513671875
0.2578125,256.0,0.5,0.7734375,256.0,955,0.6509126424789429,0.6547596454620361,0.8046875,0.53125
0.42578125,256.0,0.5,0.609375,256.0,956,0.6435041427612305,0.6582745909690857,0.64453125,0.53515625
0.40234375,256.0,0.5,0.615234375,256.0,957,0.6529201865196228,0.6738806962966919,0.6328125,0.517578125
0.23828125,256.0,0.5,0.69140625,256.0,958,0.6603070497512817,0.7005386352539062,0.62109375,0.4296875
0.26171875,256.0,0.5,0.78125,256.0,959,0.661067008972168,0.6581244468688965,0.82421875,0.54296875
0.66015625,256.0,0.5,0.439453125,256.0,960,0.656076192855835,0.6796268224716187,0.5390625,0.599609375
0.66015625,256.0,0.5,0.447265625,256.0,961,0.6556980609893799,0.6578540802001953,0.5546875,0.607421875
0.5078125,256.0,0.5,0.54296875,256.0,962,0.6427847146987915,0.7073651552200317,0.59375,0.55078125
0.5234375,256.0,0.5,0.548828125,256.0,963,0.6314709186553955,0.6860733032226562,0.62109375,0.572265625
0.4921875,256.0,0.5,0.56640625,256.0,964,0.634614884853363,0.6894820928573608,0.625,0.55859375
0.4765625,256.0,0.5,0.58984375,256.0,965,0.6167740821838379,0.6528992056846619,0.65625,0.56640625
0.609375,256.0,0.5,0.521484375,256.0,966,0.6357177495956421,0.6387324333190918,0.65234375,0.630859375
0.66796875,256.0,0.5,0.427734375,256.0,967,0.6427775621414185,0.6539775729179382,0.5234375,0.595703125
0.73828125,256.0,0.5,0.390625,256.0,968,0.6319428086280823,0.6360860466957092,0.51953125,0.62890625
0.70703125,256.0,0.5,0.314453125,256.0,969,0.6537598371505737,0.683448076248169,0.3359375,0.521484375
0.85546875,256.0,0.5,0.208984375,256.0,970,0.650239884853363,0.6610254645347595,0.2734375,0.564453125
0.87890625,256.0,0.5,0.2265625,256.0,971,0.649300754070282,0.6518583297729492,0.33203125,0.60546875
0.8671875,256.0,0.5,0.208984375,256.0,972,0.6533219814300537,0.6600877046585083,0.28515625,0.576171875
0.8828125,256.0,0.5,0.25,256.0,973,0.6464219093322754,0.6304327249526978,0.3828125,0.6328125
0.78125,256.0,0.5,0.36328125,256.0,974,0.6436114311218262,0.6278151273727417,0.5078125,0.64453125
0.734375,256.0,0.5,0.416015625,256.0,975,0.6391162872314453,0.6236850619316101,0.56640625,0.650390625
0.67578125,256.0,0.5,0.466796875,256.0,976,0.6054182648658752,0.6462572813034058,0.609375,0.642578125
0.65625,256.0,0.5,0.498046875,256.0,977,0.5857819318771362,0.6194623708724976,0.65234375,0.654296875
0.6015625,256.0,0.5,0.54296875,256.0,978,0.5822731852531433,0.6374119520187378,0.6875,0.64453125
0.5859375,256.0,0.5,0.51953125,256.0,979,0.5696257948875427,0.6990450620651245,0.625,0.60546875
0.4765625,256.0,0.5,0.58203125,256.0,980,0.5887373089790344,0.7152612209320068,0.640625,0.55859375
0.5390625,256.0,0.5,0.546875,256.0,981,0.5960497856140137,0.6686633825302124,0.6328125,0.5859375
0.66015625,256.0,0.5,0.48828125,256.0,982,0.6042540073394775,0.6394140720367432,0.63671875,0.6484375
0.453125,256.0,0.5,0.59375,256.0,983,0.6399719715118408,0.680169403553009,0.640625,0.546875
0.58984375,256.0,0.5,0.505859375,256.0,984,0.6373332738876343,0.6641178131103516,0.6015625,0.595703125
0.69140625,256.0,0.5,0.435546875,256.0,985,0.6392020583152771,0.6446173191070557,0.5625,0.626953125
0.6796875,256.0,0.5,0.3515625,256.0,986,0.6537171602249146,0.658751368522644,0.3828125,0.53125
0.3515625,256.0,0.5,0.630859375,256.0,987,0.634253978729248,0.6690346002578735,0.61328125,0.482421875
0.421875,256.0,0.5,0.580078125,256.0,988,0.6350841522216797,0.646700918674469,0.58203125,0.501953125
0.3515625,256.0,0.5,0.625,256.0,989,0.6369411945343018,0.658897340297699,0.6015625,0.4765625
0.5234375,256.0,0.5,0.53125,256.0,990,0.6425428986549377,0.6546100974082947,0.5859375,0.5546875
0.39453125,256.0,0.5,0.623046875,256.0,991,0.6529968976974487,0.6818896532058716,0.640625,0.517578125
0.32421875,256.0,0.5,0.671875,256.0,992,0.6329229474067688,0.6508366465568542,0.66796875,0.49609375
0.7421875,256.0,0.5,0.32421875,256.0,993,0.6476873159408569,0.6591103672981262,0.390625,0.56640625
0.6875,256.0,0.5,0.396484375,256.0,994,0.6373316049575806,0.6493151187896729,0.48046875,0.583984375
0.65625,256.0,0.5,0.462890625,256.0,995,0.6499229073524475,0.6730557084083557,0.58203125,0.619140625
0.6640625,256.0,0.5,0.48046875,256.0,996,0.6159378290176392,0.6227113604545593,0.625,0.64453125
0.59375,256.0,0.5,0.521484375,256.0,997,0.6205402612686157,0.6504192352294922,0.63671875,0.615234375
0.546875,256.0,0.5,0.552734375,256.0,998,0.6139259338378906,0.6575189232826233,0.65234375,0.599609375
0.609375,256.0,0.5,0.5390625,256.0,999,0.5896421074867249,0.6166112422943115,0.6875,0.6484375
0.49609375,256.0,0.5,0.5625,256.0,1000,0.5965007543563843,0.6873933672904968,0.62109375,0.55859375
0.56640625,256.0,0.5,0.509765625,256.0,1001,0.5973718166351318,0.6718301773071289,0.5859375,0.576171875
0.59375,256.0,0.5,0.48828125,256.0,1002,0.6150504350662231,0.6616584062576294,0.5703125,0.58203125
0.58203125,256.0,0.5,0.50390625,256.0,1003,0.6206780672073364,0.652650773525238,0.58984375,0.5859375
0.640625,256.0,0.5,0.470703125,256.0,1004,0.6221332550048828,0.656631350517273,0.58203125,0.611328125
0.66796875,256.0,0.5,0.41015625,256.0,1005,0.6216629147529602,0.6536943912506104,0.48828125,0.578125
0.8359375,256.0,0.5,0.248046875,256.0,1006,0.6338194608688354,0.6701006293296814,0.33203125,0.583984375
0.86328125,256.0,0.5,0.1875,256.0,1007,0.6309597492218018,0.6608896851539612,0.23828125,0.55078125
0.91796875,256.0,0.5,0.15625,256.0,1008,0.6284114122390747,0.6298336982727051,0.23046875,0.57421875
0.9296875,256.0,0.5,0.115234375,256.0,1009,0.647014319896698,0.6722885370254517,0.16015625,0.544921875
0.9453125,256.0,0.5,0.140625,256.0,1010,0.6257796287536621,0.6442264318466187,0.2265625,0.5859375
0.9375,256.0,0.5,0.115234375,256.0,1011,0.6517682075500488,0.6791553497314453,0.16796875,0.552734375
0.890625,256.0,0.5,0.162109375,256.0,1012,0.6419388055801392,0.649101972579956,0.21484375,0.552734375
0.81640625,256.0,0.5,0.29296875,256.0,1013,0.6323013305664062,0.6219520568847656,0.40234375,0.609375
0.703125,256.0,0.5,0.4375,256.0,1014,0.6328504085540771,0.6299851536750793,0.578125,0.640625
0.5234375,256.0,0.5,0.5546875,256.0,1015,0.6323233246803284,0.6520935297012329,0.6328125,0.578125
0.578125,256.0,0.5,0.54296875,256.0,1016,0.6336020827293396,0.6491917371749878,0.6640625,0.62109375
0.55859375,256.0,0.5,0.556640625,256.0,1017,0.6287350654602051,0.6316237449645996,0.671875,0.615234375
0.4765625,256.0,0.5,0.60546875,256.0,1018,0.6062185168266296,0.6427686810493469,0.6875,0.58203125
0.58203125,256.0,0.5,0.541015625,256.0,1019,0.6158453822135925,0.634711742401123,0.6640625,0.623046875
0.5546875,256.0,0.5,0.57421875,256.0,1020,0.6148330569267273,0.6353687644004822,0.703125,0.62890625
0.55078125,256.0,0.5,0.546875,256.0,1021,0.6181443929672241,0.649203896522522,0.64453125,0.59765625
0.56640625,256.0,0.5,0.521484375,256.0,1022,0.6235466599464417,0.6599636077880859,0.609375,0.587890625
0.5859375,256.0,0.5,0.51171875,256.0,1023,0.6276355385780334,0.6702065467834473,0.609375,0.59765625
0.5,256.0,0.5,0.57421875,256.0,1024,0.6410889625549316,0.6583514213562012,0.6484375,0.57421875
0.5703125,256.0,0.5,0.51171875,256.0,1025,0.6452608108520508,0.6545751094818115,0.59375,0.58203125
0.5234375,256.0,0.5,0.57421875,256.0,1026,0.6467576026916504,0.6741743087768555,0.671875,0.59765625
0.67578125,256.0,0.5,0.44140625,256.0,1027,0.6449803709983826,0.6407406330108643,0.55859375,0.6171875
0.734375,256.0,0.5,0.3671875,256.0,1028,0.6468710899353027,0.6653164625167847,0.46875,0.6015625
0.66796875,256.0,0.5,0.408203125,256.0,1029,0.6576145887374878,0.668649435043335,0.484375,0.576171875
0.765625,256.0,0.5,0.3359375,256.0,1030,0.6503570079803467,0.6562275886535645,0.4375,0.6015625
0.69921875,256.0,0.5,0.365234375,256.0,1031,0.6455298662185669,0.6626837849617004,0.4296875,0.564453125
0.71484375,256.0,0.5,0.37109375,256.0,1032,0.6399834156036377,0.6445074677467346,0.45703125,0.5859375
0.64453125,256.0,0.5,0.380859375,256.0,1033,0.6593931317329407,0.6791796684265137,0.40625,0.525390625
0.765625,256.0,0.5,0.359375,256.0,1034,0.6466752290725708,0.6371282339096069,0.484375,0.625
0.68359375,256.0,0.5,0.3828125,256.0,1035,0.6651596426963806,0.6613219380378723,0.44921875,0.56640625
0.71484375,256.0,0.5,0.384765625,256.0,1036,0.6506695747375488,0.6518266797065735,0.484375,0.599609375
0.640625,256.0,0.5,0.455078125,256.0,1037,0.6530376672744751,0.6556000113487244,0.55078125,0.595703125
0.6640625,256.0,0.5,0.44140625,256.0,1038,0.6435165405273438,0.6595437526702881,0.546875,0.60546875
0.4921875,256.0,0.5,0.59375,256.0,1039,0.6363376379013062,0.6514763236045837,0.6796875,0.5859375
0.58984375,256.0,0.5,0.52734375,256.0,1040,0.6441757082939148,0.6382966041564941,0.64453125,0.6171875
0.5234375,256.0,0.5,0.576171875,256.0,1041,0.6309211850166321,0.649634599685669,0.67578125,0.599609375
0.484375,256.0,0.5,0.572265625,256.0,1042,0.6318289637565613,0.6541464328765869,0.62890625,0.556640625
0.625,256.0,0.5,0.505859375,256.0,1043,0.6311999559402466,0.6428383588790894,0.63671875,0.630859375
0.4296875,256.0,0.5,0.576171875,256.0,1044,0.6410176753997803,0.6922825574874878,0.58203125,0.505859375
0.515625,256.0,0.5,0.54296875,256.0,1045,0.637385368347168,0.662752628326416,0.6015625,0.55859375
0.55859375,256.0,0.5,0.53125,256.0,1046,0.6448595523834229,0.6477972269058228,0.62109375,0.58984375
0.578125,256.0,0.5,0.5,256.0,1047,0.6386462450027466,0.6594136953353882,0.578125,0.578125
0.49609375,256.0,0.5,0.5625,256.0,1048,0.6432411670684814,0.6617136001586914,0.62109375,0.55859375
0.6328125,256.0,0.5,0.48046875,256.0,1049,0.651008129119873,0.6608866453170776,0.59375,0.61328125
0.6796875,256.0,0.5,0.4296875,256.0,1050,0.6589144468307495,0.6498119831085205,0.5390625,0.609375
0.69140625,256.0,0.5,0.416015625,256.0,1051,0.6533114910125732,0.6611343622207642,0.5234375,0.607421875
0.67578125,256.0,0.5,0.392578125,256.0,1052,0.6567475199699402,0.6681029200553894,0.4609375,0.568359375
0.7109375,256.0,0.5,0.388671875,256.0,1053,0.6544476747512817,0.645097017288208,0.48828125,0.599609375
0.6875,256.0,0.5,0.375,256.0,1054,0.6556532382965088,0.6548064351081848,0.4375,0.5625
0.76953125,256.0,0.5,0.37890625,256.0,1055,0.6493387818336487,0.6625396013259888,0.52734375,0.6484375
0.65234375,256.0,0.5,0.447265625,256.0,1056,0.6513822078704834,0.6576747894287109,0.546875,0.599609375
0.546875,256.0,0.5,0.517578125,256.0,1057,0.6451969742774963,0.6539199948310852,0.58203125,0.564453125
0.671875,256.0,0.5,0.455078125,256.0,1058,0.647149920463562,0.6376911401748657,0.58203125,0.626953125
0.546875,256.0,0.5,0.5625,256.0,1059,0.6396631598472595,0.636978268623352,0.671875,0.609375
0.5234375,256.0,0.5,0.5625,256.0,1060,0.6391071081161499,0.6660522818565369,0.6484375,0.5859375
0.54296875,256.0,0.5,0.533203125,256.0,1061,0.6406605243682861,0.6587033271789551,0.609375,0.576171875
0.59375,256.0,0.5,0.505859375,256.0,1062,0.6409938931465149,0.6466364860534668,0.60546875,0.599609375
0.61328125,256.0,0.5,0.501953125,256.0,1063,0.6382641792297363,0.6360828876495361,0.6171875,0.615234375
0.5234375,256.0,0.5,0.55859375,256.0,1064,0.6398439407348633,0.6566510200500488,0.640625,0.58203125
0.4921875,256.0,0.5,0.568359375,256.0,1065,0.63929283618927,0.6683231592178345,0.62890625,0.560546875
0.50390625,256.0,0.5,0.525390625,256.0,1066,0.6383439302444458,0.6681775450706482,0.5546875,0.529296875
0.61328125,256.0,0.5,0.48828125,256.0,1067,0.6389346718788147,0.6417126655578613,0.58984375,0.6015625
0.640625,256.0,0.5,0.404296875,256.0,1068,0.6599474549293518,0.6720718741416931,0.44921875,0.544921875
0.7890625,256.0,0.5,0.32421875,256.0,1069,0.6593016982078552,0.6628763675689697,0.4375,0.61328125
0.796875,256.0,0.5,0.294921875,256.0,1070,0.6539082527160645,0.6563588380813599,0.38671875,0.591796875
0.8203125,256.0,0.5,0.265625,256.0,1071,0.6498486399650574,0.6599847078323364,0.3515625,0.5859375
0.8203125,256.0,0.5,0.291015625,256.0,1072,0.6409516334533691,0.6443588733673096,0.40234375,0.611328125
0.703125,256.0,0.5,0.375,256.0,1073,0.6525700688362122,0.6708858013153076,0.453125,0.578125
0.625,256.0,0.5,0.453125,256.0,1074,0.6422013640403748,0.6469755172729492,0.53125,0.578125
0.62890625,256.0,0.5,0.48828125,256.0,1075,0.641585111618042,0.6384478211402893,0.60546875,0.6171875
0.59375,256.0,0.5,0.486328125,256.0,1076,0.6482237577438354,0.6497877240180969,0.56640625,0.580078125
0.625,256.0,0.5,0.48828125,256.0,1077,0.6451901793479919,0.6463144421577454,0.6015625,0.61328125
0.6171875,256.0,0.5,0.47265625,256.0,1078,0.6447446942329407,0.6502682566642761,0.5625,0.58984375
0.5234375,256.0,0.5,0.533203125,256.0,1079,0.641572892665863,0.6596213579177856,0.58984375,0.556640625
0.73828125,256.0,0.5,0.4375,256.0,1080,0.631816029548645,0.6231146454811096,0.61328125,0.67578125
0.63671875,256.0,0.5,0.4921875,256.0,1081,0.6331890821456909,0.6339325904846191,0.62109375,0.62890625
0.5390625,256.0,0.5,0.53125,256.0,1082,0.6388580203056335,0.670548677444458,0.6015625,0.5703125
0.49609375,256.0,0.5,0.57421875,256.0,1083,0.6317437887191772,0.6514456272125244,0.64453125,0.5703125
0.57421875,256.0,0.5,0.51953125,256.0,1084,0.6288996934890747,0.6419900059700012,0.61328125,0.59375
0.64453125,256.0,0.5,0.466796875,256.0,1085,0.6363716721534729,0.6377240419387817,0.578125,0.611328125
0.4375,256.0,0.5,0.57421875,256.0,1086,0.6344045400619507,0.6958304643630981,0.5859375,0.51171875
0.5546875,256.0,0.5,0.484375,256.0,1087,0.6460356712341309,0.6905607581138611,0.5234375,0.5390625
0.71875,256.0,0.5,0.380859375,256.0,1088,0.6474943161010742,0.6466838121414185,0.48046875,0.599609375
0.71875,256.0,0.5,0.34375,256.0,1089,0.6356105804443359,0.6385224461555481,0.40625,0.5625
0.796875,256.0,0.5,0.2890625,256.0,1090,0.6506894826889038,0.6662243008613586,0.375,0.5859375
0.80859375,256.0,0.5,0.25390625,256.0,1091,0.6469053030014038,0.649559497833252,0.31640625,0.5625
0.8984375,256.0,0.5,0.197265625,256.0,1092,0.6525552272796631,0.6516092419624329,0.29296875,0.595703125
0.3515625,256.0,0.5,0.626953125,256.0,1093,0.6520065069198608,0.6573504209518433,0.60546875,0.478515625
0.828125,256.0,0.5,0.2734375,256.0,1094,0.6425492167472839,0.6593030691146851,0.375,0.6015625
0.7578125,256.0,0.5,0.33203125,256.0,1095,0.6433484554290771,0.6403791904449463,0.421875,0.58984375
0.75,256.0,0.5,0.384765625,256.0,1096,0.6458697319030762,0.6425555944442749,0.51953125,0.634765625
0.6328125,256.0,0.5,0.458984375,256.0,1097,0.6453402042388916,0.6410208940505981,0.55078125,0.591796875
0.66015625,256.0,0.5,0.47265625,256.0,1098,0.6407066583633423,0.6311087012290955,0.60546875,0.6328125
0.546875,256.0,0.5,0.541015625,256.0,1099,0.6474953293800354,0.6498233079910278,0.62890625,0.587890625
0.4921875,256.0,0.5,0.55859375,256.0,1100,0.6418293714523315,0.6786110401153564,0.609375,0.55078125
0.69140625,256.0,0.5,0.466796875,256.0,1101,0.6366677284240723,0.6164547801017761,0.625,0.658203125
0.54296875,256.0,0.5,0.529296875,256.0,1102,0.6186333894729614,0.6655172109603882,0.6015625,0.572265625
0.50390625,256.0,0.5,0.515625,256.0,1103,0.6218407154083252,0.6953259110450745,0.53515625,0.51953125
0.48828125,256.0,0.5,0.578125,256.0,1104,0.6256235837936401,0.6545831561088562,0.64453125,0.56640625
0.48828125,256.0,0.5,0.57421875,256.0,1105,0.6352972984313965,0.6584523916244507,0.63671875,0.5625
0.5859375,256.0,0.5,0.48828125,256.0,1106,0.6449482440948486,0.6530405879020691,0.5625,0.57421875
0.7578125,256.0,0.5,0.3828125,256.0,1107,0.6505048274993896,0.6428694725036621,0.5234375,0.640625
0.7421875,256.0,0.5,0.3359375,256.0,1108,0.64427649974823,0.6623309254646301,0.4140625,0.578125
0.703125,256.0,0.5,0.353515625,256.0,1109,0.6307480335235596,0.6365101933479309,0.41015625,0.556640625
0.8515625,256.0,0.5,0.259765625,256.0,1110,0.6282873153686523,0.626276969909668,0.37109375,0.611328125
0.828125,256.0,0.5,0.22265625,256.0,1111,0.6452892422676086,0.6697635054588318,0.2734375,0.55078125
0.796875,256.0,0.5,0.248046875,256.0,1112,0.6425940990447998,0.6850067377090454,0.29296875,0.544921875
0.79296875,256.0,0.5,0.23828125,256.0,1113,0.6524134278297424,0.6692418456077576,0.26953125,0.53125
0.828125,256.0,0.5,0.240234375,256.0,1114,0.6485178470611572,0.6619083881378174,0.30859375,0.568359375
0.7578125,256.0,0.5,0.326171875,256.0,1115,0.6404508948326111,0.6446303129196167,0.41015625,0.583984375
0.8359375,256.0,0.5,0.28515625,256.0,1116,0.6388593912124634,0.6585310697555542,0.40625,0.62109375
0.69921875,256.0,0.5,0.396484375,256.0,1117,0.6374431252479553,0.6343626976013184,0.4921875,0.595703125
0.71484375,256.0,0.5,0.41015625,256.0,1118,0.644179105758667,0.6344826221466064,0.53515625,0.625
0.671875,256.0,0.5,0.44140625,256.0,1119,0.6366286277770996,0.6341851353645325,0.5546875,0.61328125
0.67578125,256.0,0.5,0.455078125,256.0,1120,0.6221479177474976,0.6186422109603882,0.5859375,0.630859375
0.44921875,256.0,0.5,0.58203125,256.0,1121,0.6324537992477417,0.6746024489402771,0.61328125,0.53125
0.6640625,256.0,0.5,0.482421875,256.0,1122,0.6306370496749878,0.6155436038970947,0.62890625,0.646484375
0.546875,256.0,0.5,0.52734375,256.0,1123,0.6225827932357788,0.642809271812439,0.6015625,0.57421875
0.55078125,256.0,0.5,0.544921875,256.0,1124,0.6354690790176392,0.6474113464355469,0.640625,0.595703125
0.69140625,256.0,0.5,0.458984375,256.0,1125,0.6374955773353577,0.6238123178482056,0.609375,0.650390625
0.62109375,256.0,0.5,0.458984375,256.0,1126,0.6341404914855957,0.6366590857505798,0.5390625,0.580078125
0.58984375,256.0,0.5,0.4921875,256.0,1127,0.6350960731506348,0.6566460132598877,0.57421875,0.58203125
0.67578125,256.0,0.5,0.416015625,256.0,1128,0.6467605233192444,0.6584199666976929,0.5078125,0.591796875
0.62109375,256.0,0.5,0.447265625,256.0,1129,0.6501585245132446,0.651808500289917,0.515625,0.568359375
0.59765625,256.0,0.5,0.470703125,256.0,1130,0.6303746104240417,0.6609354019165039,0.5390625,0.568359375
0.7265625,256.0,0.5,0.376953125,256.0,1131,0.6459624171257019,0.6418192386627197,0.48046875,0.603515625
0.6953125,256.0,0.5,0.412109375,256.0,1132,0.6372933387756348,0.6342544555664062,0.51953125,0.607421875
0.69140625,256.0,0.5,0.4140625,256.0,1133,0.6553159356117249,0.6461776494979858,0.51953125,0.60546875
0.8046875,256.0,0.5,0.33984375,256.0,1134,0.6363877654075623,0.6541357040405273,0.484375,0.64453125
0.6875,256.0,0.5,0.40625,256.0,1135,0.6344882249832153,0.64523845911026,0.5,0.59375
0.6640625,256.0,0.5,0.41796875,256.0,1136,0.6428067088127136,0.6508013010025024,0.5,0.58203125
0.6953125,256.0,0.5,0.4140625,256.0,1137,0.6506822109222412,0.6594640016555786,0.5234375,0.609375
0.4921875,256.0,0.5,0.55078125,256.0,1138,0.6351264715194702,0.6559222936630249,0.59375,0.54296875
0.5390625,256.0,0.5,0.509765625,256.0,1139,0.6437735557556152,0.6605209112167358,0.55859375,0.548828125
0.59375,256.0,0.5,0.49609375,256.0,1140,0.6388598680496216,0.6462264060974121,0.5859375,0.58984375
0.6015625,256.0,0.5,0.501953125,256.0,1141,0.6453856229782104,0.6379055976867676,0.60546875,0.603515625
0.6015625,256.0,0.5,0.505859375,256.0,1142,0.6374654769897461,0.6357753872871399,0.61328125,0.607421875
0.65234375,256.0,0.5,0.4453125,256.0,1143,0.6468281745910645,0.6500223875045776,0.54296875,0.59765625
0.7421875,256.0,0.5,0.37890625,256.0,1144,0.6426897644996643,0.6492323875427246,0.5,0.62109375
0.7265625,256.0,0.5,0.38671875,256.0,1145,0.6378740072250366,0.6295814514160156,0.5,0.61328125
0.703125,256.0,0.5,0.3984375,256.0,1146,0.6494405269622803,0.6499140858650208,0.5,0.6015625
0.65625,256.0,0.5,0.455078125,256.0,1147,0.6467244029045105,0.6565510034561157,0.56640625,0.611328125
0.62890625,256.0,0.5,0.470703125,256.0,1148,0.6385529637336731,0.6393455266952515,0.5703125,0.599609375
0.54296875,256.0,0.5,0.533203125,256.0,1149,0.6444156765937805,0.6628202795982361,0.609375,0.576171875
0.58984375,256.0,0.5,0.513671875,256.0,1150,0.6380895376205444,0.6396172642707825,0.6171875,0.603515625
0.66796875,256.0,0.5,0.48828125,256.0,1151,0.627387523651123,0.6291189789772034,0.64453125,0.65625
0.51953125,256.0,0.5,0.55859375,256.0,1152,0.6341712474822998,0.6657315492630005,0.63671875,0.578125
0.546875,256.0,0.5,0.51953125,256.0,1153,0.6376009583473206,0.6669703722000122,0.5859375,0.56640625
0.546875,256.0,0.5,0.513671875,256.0,1154,0.632028341293335,0.6609064340591431,0.57421875,0.560546875
0.58984375,256.0,0.5,0.509765625,256.0,1155,0.6302194595336914,0.6385505199432373,0.609375,0.599609375
0.49609375,256.0,0.5,0.52734375,256.0,1156,0.6454825401306152,0.6724730134010315,0.55078125,0.5234375
0.69140625,256.0,0.5,0.404296875,256.0,1157,0.6436837911605835,0.646207869052887,0.5,0.595703125
0.6953125,256.0,0.5,0.365234375,256.0,1158,0.6507090926170349,0.6608697772026062,0.42578125,0.560546875
0.859375,256.0,0.5,0.240234375,256.0,1159,0.6375904083251953,0.6413316130638123,0.33984375,0.599609375
0.8828125,256.0,0.5,0.2109375,256.0,1160,0.6442466378211975,0.6392136216163635,0.3046875,0.59375
0.78125,256.0,0.5,0.271484375,256.0,1161,0.6381677389144897,0.6601459980010986,0.32421875,0.552734375
0.84375,256.0,0.5,0.25390625,256.0,1162,0.6475436687469482,0.6602444648742676,0.3515625,0.59765625
0.72265625,256.0,0.5,0.3203125,256.0,1163,0.649993896484375,0.6608299016952515,0.36328125,0.54296875
0.6640625,256.0,0.5,0.41015625,256.0,1164,0.6446612477302551,0.6475129127502441,0.484375,0.57421875
0.7421875,256.0,0.5,0.3984375,256.0,1165,0.6373618245124817,0.6323643922805786,0.5390625,0.640625
0.6328125,256.0,0.5,0.44140625,256.0,1166,0.6419864892959595,0.6437398195266724,0.515625,0.57421875
0.62890625,256.0,0.5,0.453125,256.0,1167,0.649097204208374,0.6481269598007202,0.53515625,0.58203125
0.65234375,256.0,0.5,0.458984375,256.0,1168,0.6460266709327698,0.6390992999076843,0.5703125,0.611328125
0.61328125,256.0,0.5,0.486328125,256.0,1169,0.6323175430297852,0.6575914621353149,0.5859375,0.599609375
0.6796875,256.0,0.5,0.466796875,256.0,1170,0.6394278407096863,0.6463205814361572,0.61328125,0.646484375
0.58984375,256.0,0.5,0.52734375,256.0,1171,0.63062584400177,0.6481640934944153,0.64453125,0.6171875
0.61328125,256.0,0.5,0.501953125,256.0,1172,0.6222134828567505,0.6217958927154541,0.6171875,0.615234375
0.5546875,256.0,0.5,0.529296875,256.0,1173,0.6335211396217346,0.6539793014526367,0.61328125,0.583984375
0.57421875,256.0,0.5,0.533203125,256.0,1174,0.6240259408950806,0.6343039870262146,0.640625,0.607421875
0.66015625,256.0,0.5,0.505859375,256.0,1175,0.6249597668647766,0.6110509037971497,0.671875,0.666015625
0.51171875,256.0,0.5,0.552734375,256.0,1176,0.6429333090782166,0.6577266454696655,0.6171875,0.564453125
0.58984375,256.0,0.5,0.513671875,256.0,1177,0.64482581615448,0.6410750150680542,0.6171875,0.603515625
0.61328125,256.0,0.5,0.474609375,256.0,1178,0.6504263877868652,0.6759876012802124,0.5625,0.587890625
0.60546875,256.0,0.5,0.474609375,256.0,1179,0.6344575881958008,0.65926593542099,0.5546875,0.580078125
0.6328125,256.0,0.5,0.4296875,256.0,1180,0.6486014127731323,0.6645106077194214,0.4921875,0.5625
0.671875,256.0,0.5,0.4140625,256.0,1181,0.6433529853820801,0.6429268717765808,0.5,0.5859375
0.6796875,256.0,0.5,0.4296875,256.0,1182,0.623200535774231,0.6245628595352173,0.5390625,0.609375
0.6640625,256.0,0.5,0.37890625,256.0,1183,0.6454982757568359,0.6744822263717651,0.421875,0.54296875
0.8125,256.0,0.5,0.30859375,256.0,1184,0.6525083780288696,0.6392788887023926,0.4296875,0.62109375
0.70703125,256.0,0.5,0.408203125,256.0,1185,0.6439462304115295,0.6511797308921814,0.5234375,0.615234375
0.6875,256.0,0.5,0.380859375,256.0,1186,0.6398344039916992,0.648825466632843,0.44921875,0.568359375
0.6328125,256.0,0.5,0.4375,256.0,1187,0.6443924903869629,0.6623596549034119,0.5078125,0.5703125
0.60546875,256.0,0.5,0.408203125,256.0,1188,0.6526647806167603,0.6774485111236572,0.421875,0.513671875
0.66796875,256.0,0.5,0.400390625,256.0,1189,0.636414110660553,0.6406800746917725,0.46875,0.568359375
0.6953125,256.0,0.5,0.419921875,256.0,1190,0.643259584903717,0.6387012004852295,0.53515625,0.615234375
0.69921875,256.0,0.5,0.369140625,256.0,1191,0.6449135541915894,0.649172306060791,0.4375,0.568359375
0.703125,256.0,0.5,0.38671875,256.0,1192,0.6334882974624634,0.6322758793830872,0.4765625,0.58984375
0.671875,256.0,0.5,0.40234375,256.0,1193,0.618207573890686,0.6694346070289612,0.4765625,0.57421875
0.78515625,256.0,0.5,0.326171875,256.0,1194,0.6445836424827576,0.6627957224845886,0.4375,0.611328125
0.71875,256.0,0.5,0.375,256.0,1195,0.6477028131484985,0.6451700925827026,0.46875,0.59375
0.6328125,256.0,0.5,0.455078125,256.0,1196,0.6424695253372192,0.6494480967521667,0.54296875,0.587890625
0.6328125,256.0,0.5,0.451171875,256.0,1197,0.62967848777771,0.6667127013206482,0.53515625,0.583984375
0.625,256.0,0.5,0.501953125,256.0,1198,0.6389976739883423,0.6321344375610352,0.62890625,0.626953125
0.6328125,256.0,0.5,0.4609375,256.0,1199,0.6451778411865234,0.6515676975250244,0.5546875,0.59375
0.5546875,256.0,0.5,0.5078125,256.0,1200,0.630164384841919,0.6741865873336792,0.5703125,0.5625
0.68359375,256.0,0.5,0.43359375,256.0,1201,0.6355090141296387,0.6462677717208862,0.55078125,0.6171875
0.58984375,256.0,0.5,0.501953125,256.0,1202,0.6390090584754944,0.6492077112197876,0.59375,0.591796875
0.58203125,256.0,0.5,0.501953125,256.0,1203,0.6489759683609009,0.6655521988868713,0.5859375,0.583984375
0.5859375,256.0,0.5,0.50390625,256.0,1204,0.6442911028862,0.6476413607597351,0.59375,0.58984375
0.55859375,256.0,0.5,0.517578125,256.0,1205,0.6367436647415161,0.6467185616493225,0.59375,0.576171875
0.58203125,256.0,0.5,0.4921875,256.0,1206,0.635404109954834,0.6515903472900391,0.56640625,0.57421875
0.58984375,256.0,0.5,0.501953125,256.0,1207,0.6431306600570679,0.6422514915466309,0.59375,0.591796875
0.64453125,256.0,0.5,0.453125,256.0,1208,0.6377815008163452,0.6471234560012817,0.55078125,0.59765625
0.5390625,256.0,0.5,0.505859375,256.0,1209,0.6393036842346191,0.6638419032096863,0.55078125,0.544921875
0.69921875,256.0,0.5,0.435546875,256.0,1210,0.6442737579345703,0.6622273921966553,0.5703125,0.634765625
0.65234375,256.0,0.5,0.419921875,256.0,1211,0.6353623270988464,0.6591773629188538,0.4921875,0.572265625
0.75,256.0,0.5,0.357421875,256.0,1212,0.6304020881652832,0.6288403272628784,0.46484375,0.607421875
0.64453125,256.0,0.5,0.412109375,256.0,1213,0.636958122253418,0.6518736481666565,0.46875,0.556640625
0.73828125,256.0,0.5,0.35546875,256.0,1214,0.6504867076873779,0.6638497710227966,0.44921875,0.59375
0.73828125,256.0,0.5,0.337890625,256.0,1215,0.6447725892066956,0.6568907499313354,0.4140625,0.576171875
0.8046875,256.0,0.5,0.333984375,256.0,1216,0.6432730555534363,0.6535778045654297,0.47265625,0.638671875
0.6875,256.0,0.5,0.390625,256.0,1217,0.6498076915740967,0.6533042192459106,0.46875,0.578125
0.6640625,256.0,0.5,0.41796875,256.0,1218,0.6325579881668091,0.6420151591300964,0.5,0.58203125
0.73828125,256.0,0.5,0.353515625,256.0,1219,0.6477793455123901,0.6871675252914429,0.4453125,0.591796875
0.640625,256.0,0.5,0.44140625,256.0,1220,0.6307618618011475,0.6273735165596008,0.5234375,0.58203125
0.73828125,256.0,0.5,0.3203125,256.0,1221,0.6451539993286133,0.6685158610343933,0.37890625,0.55859375
0.63671875,256.0,0.5,0.443359375,256.0,1222,0.643355131149292,0.6378940343856812,0.5234375,0.580078125
0.609375,256.0,0.5,0.46875,256.0,1223,0.6357166171073914,0.6647430658340454,0.546875,0.578125
0.70703125,256.0,0.5,0.421875,256.0,1224,0.6367874145507812,0.6397624015808105,0.55078125,0.62890625
0.58203125,256.0,0.5,0.486328125,256.0,1225,0.6442375779151917,0.6664236783981323,0.5546875,0.568359375
0.5703125,256.0,0.5,0.505859375,256.0,1226,0.6359817981719971,0.6582992076873779,0.58203125,0.576171875
0.5390625,256.0,0.5,0.515625,256.0,1227,0.6277039647102356,0.678579568862915,0.5703125,0.5546875
0.69140625,256.0,0.5,0.427734375,256.0,1228,0.6391050219535828,0.6482024192810059,0.546875,0.619140625
0.69921875,256.0,0.5,0.36328125,256.0,1229,0.6576327085494995,0.6581558585166931,0.42578125,0.5625
0.71875,256.0,0.5,0.369140625,256.0,1230,0.6412396430969238,0.6642186641693115,0.45703125,0.587890625
0.671875,256.0,0.5,0.43359375,256.0,1231,0.6282382607460022,0.6679694652557373,0.5390625,0.60546875
0.671875,256.0,0.5,0.380859375,256.0,1232,0.6418720483779907,0.6619762182235718,0.43359375,0.552734375
0.76171875,256.0,0.5,0.3671875,256.0,1233,0.6369868516921997,0.6411793828010559,0.49609375,0.62890625
0.71484375,256.0,0.5,0.37890625,256.0,1234,0.6441779732704163,0.6405889391899109,0.47265625,0.59375
0.69140625,256.0,0.5,0.390625,256.0,1235,0.6410340070724487,0.6469857692718506,0.47265625,0.58203125
0.66015625,256.0,0.5,0.423828125,256.0,1236,0.6395992636680603,0.6814246773719788,0.5078125,0.583984375
0.6328125,256.0,0.5,0.408203125,256.0,1237,0.6461998224258423,0.6842250823974609,0.44921875,0.541015625
0.6328125,256.0,0.5,0.427734375,256.0,1238,0.640899121761322,0.6487357020378113,0.48828125,0.560546875
0.78125,256.0,0.5,0.361328125,256.0,1239,0.6388916373252869,0.6377096176147461,0.50390625,0.642578125
0.578125,256.0,0.5,0.47265625,256.0,1240,0.6243805885314941,0.643322229385376,0.5234375,0.55078125
0.6328125,256.0,0.5,0.4453125,256.0,1241,0.6359556913375854,0.639915406703949,0.5234375,0.578125
0.71484375,256.0,0.5,0.396484375,256.0,1242,0.6307612657546997,0.6442826390266418,0.5078125,0.611328125
0.71484375,256.0,0.5,0.423828125,256.0,1243,0.6358502507209778,0.6442335844039917,0.5625,0.638671875
0.61328125,256.0,0.5,0.404296875,256.0,1244,0.6452694535255432,0.6799482107162476,0.421875,0.517578125
0.71875,256.0,0.5,0.375,256.0,1245,0.6380088329315186,0.6632276177406311,0.46875,0.59375
0.69921875,256.0,0.5,0.384765625,256.0,1246,0.6446709036827087,0.682615339756012,0.46875,0.583984375
0.7890625,256.0,0.5,0.33984375,256.0,1247,0.6323109269142151,0.6303941011428833,0.46875,0.62890625
0.73828125,256.0,0.5,0.34765625,256.0,1248,0.6473508477210999,0.6671206951141357,0.43359375,0.5859375
0.7109375,256.0,0.5,0.380859375,256.0,1249,0.6384330987930298,0.6398941278457642,0.47265625,0.591796875
0.67578125,256.0,0.5,0.431640625,256.0,1250,0.6326027512550354,0.6387370228767395,0.5390625,0.607421875
0.72265625,256.0,0.5,0.4453125,256.0,1251,0.6228863000869751,0.6219062805175781,0.61328125,0.66796875
0.65234375,256.0,0.5,0.4609375,256.0,1252,0.6356282234191895,0.6274923086166382,0.57421875,0.61328125
0.625,256.0,0.5,0.484375,256.0,1253,0.6321516036987305,0.6231921911239624,0.59375,0.609375
0.66796875,256.0,0.5,0.478515625,256.0,1254,0.6284804344177246,0.6315211653709412,0.625,0.646484375
0.55859375,256.0,0.5,0.53515625,256.0,1255,0.6169413328170776,0.6372895240783691,0.62890625,0.59375
0.59375,256.0,0.5,0.5078125,256.0,1256,0.6147600412368774,0.6356339454650879,0.609375,0.6015625
0.59765625,256.0,0.5,0.498046875,256.0,1257,0.6217341423034668,0.6503778696060181,0.59375,0.595703125
0.53125,256.0,0.5,0.556640625,256.0,1258,0.6231477856636047,0.6628409624099731,0.64453125,0.587890625
0.63671875,256.0,0.5,0.478515625,256.0,1259,0.6308810710906982,0.6342031359672546,0.59375,0.615234375
0.62890625,256.0,0.5,0.482421875,256.0,1260,0.6277989745140076,0.6443623304367065,0.59375,0.611328125
0.60546875,256.0,0.5,0.482421875,256.0,1261,0.6355136632919312,0.6397718191146851,0.5703125,0.587890625
0.68359375,256.0,0.5,0.431640625,256.0,1262,0.6455135345458984,0.6533664464950562,0.546875,0.615234375
0.74609375,256.0,0.5,0.396484375,256.0,1263,0.6362414956092834,0.649776816368103,0.5390625,0.642578125
0.6875,256.0,0.5,0.38671875,256.0,1264,0.642875075340271,0.6557874083518982,0.4609375,0.57421875
0.81640625,256.0,0.5,0.310546875,256.0,1265,0.6409832239151001,0.6305770874023438,0.4375,0.626953125
0.73828125,256.0,0.5,0.341796875,256.0,1266,0.6501081585884094,0.6555522084236145,0.421875,0.580078125
0.74609375,256.0,0.5,0.30859375,256.0,1267,0.648914098739624,0.6639466881752014,0.36328125,0.5546875
0.8671875,256.0,0.5,0.234375,256.0,1268,0.6479500532150269,0.645231306552887,0.3359375,0.6015625
0.71875,256.0,0.5,0.31640625,256.0,1269,0.643604040145874,0.6530567407608032,0.3515625,0.53515625
0.80859375,256.0,0.5,0.29296875,256.0,1270,0.6465989351272583,0.6513796448707581,0.39453125,0.6015625
0.73046875,256.0,0.5,0.369140625,256.0,1271,0.6398971080780029,0.632439374923706,0.46875,0.599609375
0.7265625,256.0,0.5,0.384765625,256.0,1272,0.6403852701187134,0.6612048745155334,0.49609375,0.611328125
0.64453125,256.0,0.5,0.4453125,256.0,1273,0.6547626256942749,0.6508873105049133,0.53515625,0.58984375
0.19921875,256.0,0.5,0.845703125,256.0,1274,0.6212099194526672,0.6734041571617126,0.890625,0.544921875
0.46484375,256.0,0.5,0.712890625,256.0,1275,0.5437847375869751,0.5563802719116211,0.890625,0.677734375
0.33203125,256.0,0.5,0.7734375,256.0,1276,0.5763567686080933,0.5942028164863586,0.87890625,0.60546875
0.57421875,256.0,0.5,0.5234375,256.0,1277,0.5828639268875122,0.5802557468414307,0.62109375,0.59765625
0.55078125,256.0,0.5,0.513671875,256.0,1278,0.6001405715942383,0.61937415599823,0.578125,0.564453125
0.5859375,256.0,0.5,0.484375,256.0,1279,0.622003436088562,0.6320767998695374,0.5546875,0.5703125
0.58203125,256.0,0.5,0.494140625,256.0,1280,0.6327952146530151,0.6572929620742798,0.5703125,0.576171875
0.6484375,256.0,0.5,0.451171875,256.0,1281,0.6353800296783447,0.6308206915855408,0.55078125,0.599609375
0.6484375,256.0,0.5,0.404296875,256.0,1282,0.6565548181533813,0.6534403562545776,0.45703125,0.552734375
0.796875,256.0,0.5,0.32421875,256.0,1283,0.6432997584342957,0.6551263332366943,0.4453125,0.62109375
0.65234375,256.0,0.5,0.373046875,256.0,1284,0.640259325504303,0.6690247058868408,0.3984375,0.525390625
0.8203125,256.0,0.5,0.283203125,256.0,1285,0.6396864652633667,0.6299102902412415,0.38671875,0.603515625
0.890625,256.0,0.5,0.181640625,256.0,1286,0.6380322575569153,0.6415629386901855,0.25390625,0.572265625
0.83984375,256.0,0.5,0.220703125,256.0,1287,0.6358658075332642,0.6536705493927002,0.28125,0.560546875
0.83203125,256.0,0.5,0.232421875,256.0,1288,0.6494122743606567,0.6468868255615234,0.296875,0.564453125
0.85546875,256.0,0.5,0.244140625,256.0,1289,0.6351736783981323,0.6424432992935181,0.34375,0.599609375
0.7890625,256.0,0.5,0.29296875,256.0,1290,0.6446551084518433,0.6713731288909912,0.375,0.58203125
0.7578125,256.0,0.5,0.328125,256.0,1291,0.6498391628265381,0.661186695098877,0.4140625,0.5859375
0.65625,256.0,0.5,0.427734375,256.0,1292,0.6356366276741028,0.623373806476593,0.51171875,0.583984375
0.64453125,256.0,0.5,0.45703125,256.0,1293,0.6427295207977295,0.6401698589324951,0.55859375,0.6015625
0.703125,256.0,0.5,0.451171875,256.0,1294,0.6365565657615662,0.6210716962814331,0.60546875,0.654296875
0.60546875,256.0,0.5,0.5,256.0,1295,0.6437132954597473,0.6321526169776917,0.60546875,0.60546875
0.51171875,256.0,0.5,0.5390625,256.0,1296,0.6422852277755737,0.6693005561828613,0.58984375,0.55078125
0.45703125,256.0,0.5,0.59375,256.0,1297,0.6369832158088684,0.6572772264480591,0.64453125,0.55078125
0.609375,256.0,0.5,0.513671875,256.0,1298,0.6247239112854004,0.6108150482177734,0.63671875,0.623046875
0.625,256.0,0.5,0.5,256.0,1299,0.6318185329437256,0.624853253364563,0.625,0.625
0.65625,256.0,0.5,0.4765625,256.0,1300,0.6425489783287048,0.6465938091278076,0.609375,0.6328125
0.64453125,256.0,0.5,0.48828125,256.0,1301,0.6410434246063232,0.6441670656204224,0.62109375,0.6328125
0.65234375,256.0,0.5,0.443359375,256.0,1302,0.6271379590034485,0.6454471349716187,0.5390625,0.595703125
0.6015625,256.0,0.5,0.46875,256.0,1303,0.6360659599304199,0.6472464799880981,0.5390625,0.5703125
0.6796875,256.0,0.5,0.455078125,256.0,1304,0.6297277212142944,0.6292874813079834,0.58984375,0.634765625
0.6640625,256.0,0.5,0.423828125,256.0,1305,0.6360988020896912,0.6527887582778931,0.51171875,0.587890625
0.5234375,256.0,0.5,0.494140625,256.0,1306,0.6433732509613037,0.6651613712310791,0.51171875,0.517578125
0.69921875,256.0,0.5,0.384765625,256.0,1307,0.646363377571106,0.6572971343994141,0.46875,0.583984375
0.69140625,256.0,0.5,0.390625,256.0,1308,0.6339453458786011,0.6286462545394897,0.47265625,0.58203125
0.72265625,256.0,0.5,0.37109375,256.0,1309,0.6487295627593994,0.6621943116188049,0.46484375,0.59375
0.76953125,256.0,0.5,0.3046875,256.0,1310,0.6468409895896912,0.651222288608551,0.37890625,0.57421875
0.75390625,256.0,0.5,0.32421875,256.0,1311,0.6507108211517334,0.6671028733253479,0.40234375,0.578125
0.83203125,256.0,0.5,0.333984375,256.0,1312,0.633188009262085,0.6284363865852356,0.5,0.666015625
0.71875,256.0,0.5,0.396484375,256.0,1313,0.6600614786148071,0.6551471948623657,0.51171875,0.615234375
0.6328125,256.0,0.5,0.4296875,256.0,1314,0.6414685249328613,0.6518715620040894,0.4921875,0.5625
0.55859375,256.0,0.5,0.529296875,256.0,1315,0.6423508524894714,0.6407409906387329,0.6171875,0.587890625
0.671875,256.0,0.5,0.43359375,256.0,1316,0.6505078077316284,0.6453577280044556,0.5390625,0.60546875
0.578125,256.0,0.5,0.505859375,256.0,1317,0.6341278553009033,0.6350470781326294,0.58984375,0.583984375
0.6796875,256.0,0.5,0.4453125,256.0,1318,0.6403031349182129,0.6457903981208801,0.5703125,0.625
0.46875,256.0,0.5,0.572265625,256.0,1319,0.6363515853881836,0.6700243949890137,0.61328125,0.541015625
0.546875,256.0,0.5,0.53515625,256.0,1320,0.64173424243927,0.6516232490539551,0.6171875,0.58203125
0.640625,256.0,0.5,0.478515625,256.0,1321,0.6288272142410278,0.641169548034668,0.59765625,0.619140625
0.6015625,256.0,0.5,0.48046875,256.0,1322,0.6422145366668701,0.6687027215957642,0.5625,0.58203125
0.50390625,256.0,0.5,0.529296875,256.0,1323,0.6389508247375488,0.6496684551239014,0.5625,0.533203125
0.6015625,256.0,0.5,0.4609375,256.0,1324,0.6249014139175415,0.6505259275436401,0.5234375,0.5625
0.74609375,256.0,0.5,0.359375,256.0,1325,0.6502156853675842,0.6544991731643677,0.46484375,0.60546875
0.8125,256.0,0.5,0.279296875,256.0,1326,0.6410218477249146,0.6438933610916138,0.37109375,0.591796875
0.8828125,256.0,0.5,0.22265625,256.0,1327,0.6387301683425903,0.6344736218452454,0.328125,0.60546875
0.79296875,256.0,0.5,0.248046875,256.0,1328,0.652073860168457,0.6442147493362427,0.2890625,0.541015625
0.87890625,256.0,0.5,0.2109375,256.0,1329,0.6427253484725952,0.6408849954605103,0.30078125,0.58984375
0.8046875,256.0,0.5,0.248046875,256.0,1330,0.6524654626846313,0.6682770252227783,0.30078125,0.552734375
0.80078125,256.0,0.5,0.2890625,256.0,1331,0.6445466876029968,0.6508293151855469,0.37890625,0.58984375
0.765625,256.0,0.5,0.2890625,256.0,1332,0.6485432386398315,0.6535323262214661,0.34375,0.5546875
0.796875,256.0,0.5,0.349609375,256.0,1333,0.647068977355957,0.6264042258262634,0.49609375,0.646484375
0.69140625,256.0,0.5,0.3984375,256.0,1334,0.6341623663902283,0.6406857967376709,0.48828125,0.58984375
0.6015625,256.0,0.5,0.4765625,256.0,1335,0.6470935940742493,0.6538165211677551,0.5546875,0.578125
0.6328125,256.0,0.5,0.470703125,256.0,1336,0.6234321594238281,0.6277514696121216,0.57421875,0.603515625
0.61328125,256.0,0.5,0.458984375,256.0,1337,0.6418734788894653,0.6462562084197998,0.53125,0.572265625
0.609375,256.0,0.5,0.46875,256.0,1338,0.6268879771232605,0.6331894397735596,0.546875,0.578125
0.62109375,256.0,0.5,0.462890625,256.0,1339,0.638362467288971,0.6454737186431885,0.546875,0.583984375
0.59765625,256.0,0.5,0.462890625,256.0,1340,0.6319460868835449,0.6582401990890503,0.5234375,0.560546875
0.5859375,256.0,0.5,0.486328125,256.0,1341,0.64472496509552,0.6517841815948486,0.55859375,0.572265625
0.62890625,256.0,0.5,0.453125,256.0,1342,0.6298223733901978,0.6304382085800171,0.53515625,0.58203125
0.6875,256.0,0.5,0.42578125,256.0,1343,0.6291266679763794,0.6274464726448059,0.5390625,0.61328125
0.6953125,256.0,0.5,0.37890625,256.0,1344,0.6271890997886658,0.6764591336250305,0.453125,0.57421875
0.78125,256.0,0.5,0.3125,256.0,1345,0.6318514347076416,0.6377023458480835,0.40625,0.59375
0.7734375,256.0,0.5,0.318359375,256.0,1346,0.6417163610458374,0.6528003215789795,0.41015625,0.591796875
0.76953125,256.0,0.5,0.298828125,256.0,1347,0.6427838802337646,0.6725361347198486,0.3671875,0.568359375
0.80859375,256.0,0.5,0.318359375,256.0,1348,0.6409249305725098,0.6459912061691284,0.4453125,0.626953125
0.76171875,256.0,0.5,0.3828125,256.0,1349,0.6441082954406738,0.6409319639205933,0.52734375,0.64453125
0.68359375,256.0,0.5,0.42578125,256.0,1350,0.6475737690925598,0.6485626101493835,0.53515625,0.609375
0.60546875,256.0,0.5,0.462890625,256.0,1351,0.6425263285636902,0.6450367569923401,0.53125,0.568359375
0.66015625,256.0,0.5,0.486328125,256.0,1352,0.6408638954162598,0.6274092793464661,0.6328125,0.646484375
0.7578125,256.0,0.5,0.427734375,256.0,1353,0.6435446739196777,0.6299552917480469,0.61328125,0.685546875
0.62890625,256.0,0.5,0.50390625,256.0,1354,0.6193828582763672,0.6166428923606873,0.63671875,0.6328125
0.51953125,256.0,0.5,0.560546875,256.0,1355,0.6253453493118286,0.6587196588516235,0.640625,0.580078125
0.52734375,256.0,0.5,0.55078125,256.0,1356,0.610072135925293,0.653738260269165,0.62890625,0.578125
0.546875,256.0,0.5,0.5546875,256.0,1357,0.6210141777992249,0.658816933631897,0.65625,0.6015625
0.5625,256.0,0.5,0.556640625,256.0,1358,0.6094724535942078,0.6334009170532227,0.67578125,0.619140625
0.51171875,256.0,0.5,0.5703125,256.0,1359,0.6245429515838623,0.6585202217102051,0.65234375,0.58203125
0.5546875,256.0,0.5,0.5234375,256.0,1360,0.6182922124862671,0.6407150626182556,0.6015625,0.578125
0.5625,256.0,0.5,0.5,256.0,1361,0.6493786573410034,0.6893073916435242,0.5625,0.5625
0.71484375,256.0,0.5,0.431640625,256.0,1362,0.639228105545044,0.6236691474914551,0.578125,0.646484375
0.66015625,256.0,0.5,0.404296875,256.0,1363,0.6424946784973145,0.6603966355323792,0.46875,0.564453125
0.76953125,256.0,0.5,0.34765625,256.0,1364,0.6420379281044006,0.6368765234947205,0.46484375,0.6171875
0.8046875,256.0,0.5,0.30859375,256.0,1365,0.6304485201835632,0.6379958987236023,0.421875,0.61328125
0.8203125,256.0,0.5,0.28125,256.0,1366,0.6406378149986267,0.6464771628379822,0.3828125,0.6015625
0.73046875,256.0,0.5,0.353515625,256.0,1367,0.6414324045181274,0.643323540687561,0.4375,0.583984375
0.80078125,256.0,0.5,0.26953125,256.0,1368,0.655598521232605,0.6694333553314209,0.33984375,0.5703125
0.7265625,256.0,0.5,0.359375,256.0,1369,0.6443602442741394,0.6426271200180054,0.4453125,0.5859375
0.7578125,256.0,0.5,0.349609375,256.0,1370,0.6367581486701965,0.6329817175865173,0.45703125,0.607421875
0.71875,256.0,0.5,0.392578125,256.0,1371,0.6382474303245544,0.6374874114990234,0.50390625,0.611328125
0.69921875,256.0,0.5,0.38671875,256.0,1372,0.637785792350769,0.6600418090820312,0.47265625,0.5859375
0.62109375,256.0,0.5,0.43359375,256.0,1373,0.6381059885025024,0.6510452032089233,0.48828125,0.5546875
0.7890625,256.0,0.5,0.322265625,256.0,1374,0.6357046365737915,0.6440330147743225,0.43359375,0.611328125
0.71484375,256.0,0.5,0.37109375,256.0,1375,0.6455600261688232,0.6545833349227905,0.45703125,0.5859375
0.68359375,256.0,0.5,0.3828125,256.0,1376,0.6453956365585327,0.6522200107574463,0.44921875,0.56640625
0.703125,256.0,0.5,0.390625,256.0,1377,0.647243082523346,0.663483738899231,0.484375,0.59375
0.66015625,256.0,0.5,0.42578125,256.0,1378,0.6178979873657227,0.6163427829742432,0.51171875,0.5859375
0.734375,256.0,0.5,0.392578125,256.0,1379,0.6311562657356262,0.6426466107368469,0.51953125,0.626953125
0.6796875,256.0,0.5,0.423828125,256.0,1380,0.6343584060668945,0.6420644521713257,0.52734375,0.603515625
0.7578125,256.0,0.5,0.373046875,256.0,1381,0.6292069554328918,0.6256836652755737,0.50390625,0.630859375
0.73046875,256.0,0.5,0.41015625,256.0,1382,0.6447136402130127,0.6318248510360718,0.55078125,0.640625
0.69140625,256.0,0.5,0.458984375,256.0,1383,0.6428729891777039,0.6381691694259644,0.609375,0.650390625
0.609375,256.0,0.5,0.49609375,256.0,1384,0.6488707065582275,0.6372007131576538,0.6015625,0.60546875
0.578125,256.0,0.5,0.509765625,256.0,1385,0.6333873867988586,0.6472486853599548,0.59765625,0.587890625
0.5859375,256.0,0.5,0.53125,256.0,1386,0.6354879140853882,0.6315981149673462,0.6484375,0.6171875
0.51953125,256.0,0.5,0.546875,256.0,1387,0.6325868964195251,0.6499574184417725,0.61328125,0.56640625
0.66015625,256.0,0.5,0.4765625,256.0,1388,0.6264441013336182,0.6368311643600464,0.61328125,0.63671875
0.63671875,256.0,0.5,0.474609375,256.0,1389,0.630486786365509,0.6537094712257385,0.5859375,0.611328125
0.5859375,256.0,0.5,0.484375,256.0,1390,0.6401278972625732,0.6601184606552124,0.5546875,0.5703125
0.546875,256.0,0.5,0.537109375,256.0,1391,0.6246559023857117,0.6581951379776001,0.62109375,0.583984375
0.59765625,256.0,0.5,0.494140625,256.0,1392,0.6330966353416443,0.6610381007194519,0.5859375,0.591796875
0.6328125,256.0,0.5,0.46484375,256.0,1393,0.6505016088485718,0.6432732939720154,0.5625,0.59765625
0.62109375,256.0,0.5,0.458984375,256.0,1394,0.6379636526107788,0.6421350240707397,0.5390625,0.580078125
0.71875,256.0,0.5,0.388671875,256.0,1395,0.638335645198822,0.6529073119163513,0.49609375,0.607421875
0.70703125,256.0,0.5,0.388671875,256.0,1396,0.6472839117050171,0.6421608924865723,0.484375,0.595703125
0.77734375,256.0,0.5,0.31640625,256.0,1397,0.6377124786376953,0.6265901327133179,0.41015625,0.59375
0.72265625,256.0,0.5,0.361328125,256.0,1398,0.6384027600288391,0.6463777422904968,0.4453125,0.583984375
0.7734375,256.0,0.5,0.322265625,256.0,1399,0.6239303946495056,0.6374680995941162,0.41796875,0.595703125
0.91015625,256.0,0.5,0.21875,256.0,1400,0.6436329483985901,0.6543504595756531,0.34765625,0.62890625
0.75,256.0,0.5,0.337890625,256.0,1401,0.6441038250923157,0.6451462507247925,0.42578125,0.587890625
0.74609375,256.0,0.5,0.36328125,256.0,1402,0.6302918791770935,0.6274409294128418,0.47265625,0.609375
0.734375,256.0,0.5,0.36328125,256.0,1403,0.6453306674957275,0.6502169966697693,0.4609375,0.59765625
0.73046875,256.0,0.5,0.376953125,256.0,1404,0.6440796256065369,0.652606725692749,0.484375,0.607421875
0.796875,256.0,0.5,0.337890625,256.0,1405,0.6447021961212158,0.6342198848724365,0.47265625,0.634765625
0.71875,256.0,0.5,0.408203125,256.0,1406,0.6352536082267761,0.6244903206825256,0.53515625,0.626953125
0.69921875,256.0,0.5,0.423828125,256.0,1407,0.6394097805023193,0.6420983076095581,0.546875,0.623046875
0.57421875,256.0,0.5,0.486328125,256.0,1408,0.6470820903778076,0.6702057123184204,0.546875,0.560546875
0.59375,256.0,0.5,0.4921875,256.0,1409,0.6342129707336426,0.6562790274620056,0.578125,0.5859375
0.5859375,256.0,0.5,0.490234375,256.0,1410,0.6418187022209167,0.6690396666526794,0.56640625,0.576171875
0.53125,256.0,0.5,0.521484375,256.0,1411,0.6217002868652344,0.6493679285049438,0.57421875,0.552734375
0.625,256.0,0.5,0.48046875,256.0,1412,0.6481769680976868,0.6557427644729614,0.5859375,0.60546875
0.57421875,256.0,0.5,0.48828125,256.0,1413,0.641373336315155,0.6752303242683411,0.55078125,0.5625
0.609375,256.0,0.5,0.458984375,256.0,1414,0.6311185359954834,0.6508489847183228,0.52734375,0.568359375
0.66796875,256.0,0.5,0.412109375,256.0,1415,0.6468839645385742,0.6505528092384338,0.4921875,0.580078125
0.6640625,256.0,0.5,0.38671875,256.0,1416,0.6371711492538452,0.6420514583587646,0.4375,0.55078125
0.78125,256.0,0.5,0.361328125,256.0,1417,0.6344479918479919,0.6204463243484497,0.50390625,0.642578125
0.80078125,256.0,0.5,0.302734375,256.0,1418,0.6426921486854553,0.6477774381637573,0.40625,0.603515625
0.79296875,256.0,0.5,0.279296875,256.0,1419,0.6343154311180115,0.649286687374115,0.3515625,0.572265625
0.84765625,256.0,0.5,0.26953125,256.0,1420,0.6375010013580322,0.6322668194770813,0.38671875,0.6171875
0.81640625,256.0,0.5,0.310546875,256.0,1421,0.6371269226074219,0.6390597224235535,0.4375,0.626953125
0.8046875,256.0,0.5,0.318359375,256.0,1422,0.6504279971122742,0.6495349407196045,0.44140625,0.623046875
0.703125,256.0,0.5,0.375,256.0,1423,0.6484848856925964,0.6678472757339478,0.453125,0.578125
0.65625,256.0,0.5,0.416015625,256.0,1424,0.6414903998374939,0.6619071364402771,0.48828125,0.572265625
0.63671875,256.0,0.5,0.435546875,256.0,1425,0.6549645662307739,0.6695388555526733,0.5078125,0.572265625
0.63671875,256.0,0.5,0.443359375,256.0,1426,0.6347774267196655,0.64797043800354,0.5234375,0.580078125
0.63671875,256.0,0.5,0.4453125,256.0,1427,0.6356150507926941,0.660964846611023,0.52734375,0.58203125
0.62890625,256.0,0.5,0.4453125,256.0,1428,0.631601095199585,0.6378515958786011,0.51953125,0.57421875
0.59375,256.0,0.5,0.462890625,256.0,1429,0.6372851729393005,0.6565828919410706,0.51953125,0.556640625
0.75,256.0,0.5,0.380859375,256.0,1430,0.6492205262184143,0.6397356986999512,0.51171875,0.630859375
0.62890625,256.0,0.5,0.47265625,256.0,1431,0.6410946249961853,0.648806095123291,0.57421875,0.6015625
0.7734375,256.0,0.5,0.35546875,256.0,1432,0.6432980895042419,0.6355165839195251,0.484375,0.62890625
0.7734375,256.0,0.5,0.36328125,256.0,1433,0.6521185636520386,0.6489337682723999,0.5,0.63671875
0.66015625,256.0,0.5,0.443359375,256.0,1434,0.6307504177093506,0.6471102833747864,0.546875,0.603515625
0.72265625,256.0,0.5,0.416015625,256.0,1435,0.6253454685211182,0.620532751083374,0.5546875,0.638671875
0.59765625,256.0,0.5,0.50390625,256.0,1436,0.6243651509284973,0.634294331073761,0.60546875,0.6015625
0.59375,256.0,0.5,0.486328125,256.0,1437,0.6346694231033325,0.6565766334533691,0.56640625,0.580078125
0.5625,256.0,0.5,0.505859375,256.0,1438,0.6359221935272217,0.6707438230514526,0.57421875,0.568359375
0.56640625,256.0,0.5,0.525390625,256.0,1439,0.640440821647644,0.6843948364257812,0.6171875,0.591796875
0.6875,256.0,0.5,0.423828125,256.0,1440,0.6322904825210571,0.6402888298034668,0.53515625,0.611328125
0.69140625,256.0,0.5,0.4375,256.0,1441,0.6427297592163086,0.6344565153121948,0.56640625,0.62890625
0.65234375,256.0,0.5,0.431640625,256.0,1442,0.6414639949798584,0.6859723925590515,0.515625,0.583984375
0.57421875,256.0,0.5,0.484375,256.0,1443,0.6453982591629028,0.6500146389007568,0.54296875,0.55859375
0.625,256.0,0.5,0.48046875,256.0,1444,0.6357254981994629,0.6503323316574097,0.5859375,0.60546875
0.72265625,256.0,0.5,0.380859375,256.0,1445,0.6427146196365356,0.6410619020462036,0.484375,0.603515625
0.6484375,256.0,0.5,0.40625,256.0,1446,0.6400254964828491,0.6673213243484497,0.4609375,0.5546875
0.66015625,256.0,0.5,0.375,256.0,1447,0.6415978670120239,0.662134051322937,0.41015625,0.53515625
0.78125,256.0,0.5,0.333984375,256.0,1448,0.644029438495636,0.6397476196289062,0.44921875,0.615234375
0.76953125,256.0,0.5,0.29296875,256.0,1449,0.6517122387886047,0.6617574691772461,0.35546875,0.5625
0.84765625,256.0,0.5,0.240234375,256.0,1450,0.6551223993301392,0.6528439521789551,0.328125,0.587890625
0.78125,256.0,0.5,0.33203125,256.0,1451,0.640670895576477,0.6427505612373352,0.4453125,0.61328125
0.75,256.0,0.5,0.37109375,256.0,1452,0.6357935070991516,0.6355277299880981,0.4921875,0.62109375
0.77734375,256.0,0.5,0.373046875,256.0,1453,0.649991512298584,0.6379282474517822,0.5234375,0.650390625
0.65625,256.0,0.5,0.455078125,256.0,1454,0.6422539949417114,0.6384682655334473,0.56640625,0.611328125
0.6484375,256.0,0.5,0.419921875,256.0,1455,0.6350342035293579,0.6462066769599915,0.48828125,0.568359375
0.65625,256.0,0.5,0.46875,256.0,1456,0.636865496635437,0.6438878774642944,0.59375,0.625
0.625,256.0,0.5,0.46875,256.0,1457,0.6342596411705017,0.6501145362854004,0.5625,0.59375
0.63671875,256.0,0.5,0.44921875,256.0,1458,0.6315754652023315,0.6535013914108276,0.53515625,0.5859375
0.59375,256.0,0.5,0.48828125,256.0,1459,0.6316757202148438,0.6420571208000183,0.5703125,0.58203125
0.6484375,256.0,0.5,0.43359375,256.0,1460,0.6271164417266846,0.6579795479774475,0.515625,0.58203125
0.640625,256.0,0.5,0.451171875,256.0,1461,0.6348744630813599,0.6437965631484985,0.54296875,0.591796875
0.64453125,256.0,0.5,0.45703125,256.0,1462,0.6438966989517212,0.6459972858428955,0.55859375,0.6015625
0.6640625,256.0,0.5,0.408203125,256.0,1463,0.6423747539520264,0.6526928544044495,0.48046875,0.572265625
0.64453125,256.0,0.5,0.416015625,256.0,1464,0.6361635327339172,0.656525194644928,0.4765625,0.560546875
0.84765625,256.0,0.5,0.302734375,256.0,1465,0.6355409026145935,0.6344374418258667,0.453125,0.650390625
0.78125,256.0,0.5,0.34765625,256.0,1466,0.6222754716873169,0.6474223732948303,0.4765625,0.62890625
0.71875,256.0,0.5,0.357421875,256.0,1467,0.6504104137420654,0.6555553078651428,0.43359375,0.576171875
0.7578125,256.0,0.5,0.365234375,256.0,1468,0.6389250755310059,0.6366255879402161,0.48828125,0.623046875
0.6796875,256.0,0.5,0.39453125,256.0,1469,0.6266920566558838,0.6481311321258545,0.46875,0.57421875
0.65234375,256.0,0.5,0.427734375,256.0,1470,0.6386309266090393,0.6468913555145264,0.5078125,0.580078125
0.67578125,256.0,0.5,0.453125,256.0,1471,0.6274399757385254,0.6285361051559448,0.58203125,0.62890625
0.61328125,256.0,0.5,0.486328125,256.0,1472,0.6388729810714722,0.6439845561981201,0.5859375,0.599609375
0.609375,256.0,0.5,0.474609375,256.0,1473,0.6333458423614502,0.6538674235343933,0.55859375,0.583984375
0.625,256.0,0.5,0.46484375,256.0,1474,0.6309022903442383,0.6452410221099854,0.5546875,0.58984375
0.56640625,256.0,0.5,0.486328125,256.0,1475,0.6403501033782959,0.6621120572090149,0.5390625,0.552734375
0.75390625,256.0,0.5,0.390625,256.0,1476,0.6292943954467773,0.6257616877555847,0.53515625,0.64453125
0.75390625,256.0,0.5,0.388671875,256.0,1477,0.6487312316894531,0.6438412666320801,0.53125,0.642578125
0.640625,256.0,0.5,0.4296875,256.0,1478,0.6361683011054993,0.6485010385513306,0.5,0.5703125
0.71875,256.0,0.5,0.376953125,256.0,1479,0.6407122611999512,0.6501020193099976,0.47265625,0.595703125
0.66796875,256.0,0.5,0.416015625,256.0,1480,0.6404914855957031,0.643869936466217,0.5,0.583984375
0.625,256.0,0.5,0.462890625,256.0,1481,0.63849276304245,0.6453753113746643,0.55078125,0.587890625
0.58203125,256.0,0.5,0.48828125,256.0,1482,0.6331957578659058,0.6495242714881897,0.55859375,0.5703125
0.625,256.0,0.5,0.45703125,256.0,1483,0.6463252305984497,0.6721688508987427,0.5390625,0.58203125
0.65625,256.0,0.5,0.431640625,256.0,1484,0.6401352882385254,0.6715815663337708,0.51953125,0.587890625
0.71484375,256.0,0.5,0.4140625,256.0,1485,0.6437272429466248,0.6338122487068176,0.54296875,0.62890625
0.65234375,256.0,0.5,0.466796875,256.0,1486,0.6306657195091248,0.6421096920967102,0.5859375,0.619140625
0.6484375,256.0,0.5,0.40625,256.0,1487,0.6452751755714417,0.648973822593689,0.4609375,0.5546875
0.72265625,256.0,0.5,0.39453125,256.0,1488,0.6386364102363586,0.6473656296730042,0.51171875,0.6171875
0.65625,256.0,0.5,0.478515625,256.0,1489,0.6340110898017883,0.6344952583312988,0.61328125,0.634765625
0.5859375,256.0,0.5,0.50390625,256.0,1490,0.6384690999984741,0.6469944715499878,0.59375,0.58984375
0.69921875,256.0,0.5,0.41015625,256.0,1491,0.6331170797348022,0.634242057800293,0.51953125,0.609375
0.6796875,256.0,0.5,0.41015625,256.0,1492,0.6449319124221802,0.6375593543052673,0.5,0.58984375
0.75,256.0,0.5,0.388671875,256.0,1493,0.6428093314170837,0.6290996074676514,0.52734375,0.638671875
0.69140625,256.0,0.5,0.40234375,256.0,1494,0.6456184387207031,0.6532243490219116,0.49609375,0.59375
0.75,256.0,0.5,0.38671875,256.0,1495,0.6494141817092896,0.6494266390800476,0.5234375,0.63671875
0.625,256.0,0.5,0.431640625,256.0,1496,0.6339160203933716,0.6385306119918823,0.48828125,0.556640625
0.6484375,256.0,0.5,0.41796875,256.0,1497,0.649666428565979,0.6508033275604248,0.484375,0.56640625
0.65625,256.0,0.5,0.462890625,256.0,1498,0.6359397768974304,0.6211040019989014,0.58203125,0.619140625
0.63671875,256.0,0.5,0.427734375,256.0,1499,0.6403964757919312,0.6724533438682556,0.4921875,0.564453125
0.78515625,256.0,0.5,0.349609375,256.0,1500,0.6397116184234619,0.6354050040245056,0.484375,0.634765625
0.7890625,256.0,0.5,0.330078125,256.0,1501,0.6350592374801636,0.6235034465789795,0.44921875,0.619140625
0.66015625,256.0,0.5,0.408203125,256.0,1502,0.639244556427002,0.6528081893920898,0.4765625,0.568359375
0.80078125,256.0,0.5,0.345703125,256.0,1503,0.6438933610916138,0.6270419359207153,0.4921875,0.646484375
0.765625,256.0,0.5,0.38671875,256.0,1504,0.6268962025642395,0.6398606300354004,0.5390625,0.65234375
0.62890625,256.0,0.5,0.466796875,256.0,1505,0.639796793460846,0.6381290555000305,0.5625,0.595703125
0.62109375,256.0,0.5,0.486328125,256.0,1506,0.6254337430000305,0.6226776838302612,0.59375,0.607421875
0.50390625,256.0,0.5,0.55859375,256.0,1507,0.62759929895401,0.6755182147026062,0.62109375,0.5625
0.58984375,256.0,0.5,0.4921875,256.0,1508,0.6319023370742798,0.6502344608306885,0.57421875,0.58203125
0.61328125,256.0,0.5,0.48046875,256.0,1509,0.6381933689117432,0.6416301727294922,0.57421875,0.59375
0.6171875,256.0,0.5,0.44921875,256.0,1510,0.6519800424575806,0.6661696434020996,0.515625,0.56640625
0.6875,256.0,0.5,0.392578125,256.0,1511,0.6346727609634399,0.6571331024169922,0.47265625,0.580078125
0.734375,256.0,0.5,0.373046875,256.0,1512,0.6434497833251953,0.6634211540222168,0.48046875,0.607421875
0.72265625,256.0,0.5,0.36328125,256.0,1513,0.6354975700378418,0.6485317349433899,0.44921875,0.5859375
0.76171875,256.0,0.5,0.330078125,256.0,1514,0.6420319080352783,0.643389105796814,0.421875,0.591796875
0.7734375,256.0,0.5,0.302734375,256.0,1515,0.6463313698768616,0.6490818858146667,0.37890625,0.576171875
0.7421875,256.0,0.5,0.298828125,256.0,1516,0.6428787708282471,0.6749544143676758,0.33984375,0.541015625
0.83984375,256.0,0.5,0.2421875,256.0,1517,0.6394888162612915,0.6311370730400085,0.32421875,0.58203125
0.85546875,256.0,0.5,0.240234375,256.0,1518,0.6402466297149658,0.6582818627357483,0.3359375,0.595703125
0.83984375,256.0,0.5,0.2421875,256.0,1519,0.6437222361564636,0.6466314792633057,0.32421875,0.58203125
0.84765625,256.0,0.5,0.28125,256.0,1520,0.6516782641410828,0.6536678075790405,0.41015625,0.62890625
0.765625,256.0,0.5,0.373046875,256.0,1521,0.6385428309440613,0.6390749216079712,0.51171875,0.638671875
0.70703125,256.0,0.5,0.41796875,256.0,1522,0.6400208473205566,0.6435801982879639,0.54296875,0.625
0.62109375,256.0,0.5,0.48046875,256.0,1523,0.6324343681335449,0.6548202037811279,0.58203125,0.6015625
0.6640625,256.0,0.5,0.470703125,256.0,1524,0.6312185525894165,0.6254969835281372,0.60546875,0.634765625
0.5703125,256.0,0.5,0.517578125,256.0,1525,0.6311419010162354,0.6420300602912903,0.60546875,0.587890625
0.51953125,256.0,0.5,0.544921875,256.0,1526,0.6233388185501099,0.6453821659088135,0.609375,0.564453125
0.5390625,256.0,0.5,0.509765625,256.0,1527,0.6245720386505127,0.6490683555603027,0.55859375,0.548828125
0.640625,256.0,0.5,0.484375,256.0,1528,0.6258112788200378,0.6350244283676147,0.609375,0.625
0.69921875,256.0,0.5,0.416015625,256.0,1529,0.6349354982376099,0.622343122959137,0.53125,0.615234375
0.69140625,256.0,0.5,0.408203125,256.0,1530,0.6340701580047607,0.6390864849090576,0.5078125,0.599609375
0.6953125,256.0,0.5,0.41796875,256.0,1531,0.6418472528457642,0.6357419490814209,0.53125,0.61328125
0.79296875,256.0,0.5,0.294921875,256.0,1532,0.6402761340141296,0.6401493549346924,0.3828125,0.587890625
0.80859375,256.0,0.5,0.279296875,256.0,1533,0.6485723257064819,0.6517115831375122,0.3671875,0.587890625
0.8046875,256.0,0.5,0.298828125,256.0,1534,0.6492772102355957,0.6464999914169312,0.40234375,0.603515625
0.859375,256.0,0.5,0.28515625,256.0,1535,0.6302116513252258,0.6390814185142517,0.4296875,0.64453125
0.71484375,256.0,0.5,0.359375,256.0,1536,0.6391433477401733,0.6398196220397949,0.43359375,0.57421875
0.7890625,256.0,0.5,0.33984375,256.0,1537,0.6370551586151123,0.6472423076629639,0.46875,0.62890625
0.6953125,256.0,0.5,0.40625,256.0,1538,0.6319202184677124,0.633718729019165,0.5078125,0.6015625
0.6796875,256.0,0.5,0.44921875,256.0,1539,0.6369903087615967,0.6180357336997986,0.578125,0.62890625
0.6640625,256.0,0.5,0.458984375,256.0,1540,0.6319400668144226,0.6370896697044373,0.58203125,0.623046875
0.66015625,256.0,0.5,0.482421875,256.0,1541,0.6161705851554871,0.6211090087890625,0.625,0.642578125
0.59765625,256.0,0.5,0.5,256.0,1542,0.6241908073425293,0.6447752714157104,0.59765625,0.59765625
0.62109375,256.0,0.5,0.478515625,256.0,1543,0.6169989109039307,0.6525405049324036,0.578125,0.599609375
0.72265625,256.0,0.5,0.431640625,256.0,1544,0.6265006065368652,0.6206160187721252,0.5859375,0.654296875
0.5546875,256.0,0.5,0.501953125,256.0,1545,0.6395189762115479,0.6623257994651794,0.55859375,0.556640625
0.66796875,256.0,0.5,0.42578125,256.0,1546,0.6347273588180542,0.6493507623672485,0.51953125,0.59375
0.6484375,256.0,0.5,0.44140625,256.0,1547,0.6299516558647156,0.6391292810440063,0.53125,0.58984375
0.63671875,256.0,0.5,0.431640625,256.0,1548,0.6486905813217163,0.6619640588760376,0.5,0.568359375
0.71875,256.0,0.5,0.384765625,256.0,1549,0.6425031423568726,0.6412575244903564,0.48828125,0.603515625
0.73828125,256.0,0.5,0.359375,256.0,1550,0.6389858722686768,0.6320340037345886,0.45703125,0.59765625
0.78125,256.0,0.5,0.318359375,256.0,1551,0.6462060213088989,0.6472762227058411,0.41796875,0.599609375
0.8203125,256.0,0.5,0.2734375,256.0,1552,0.6461402177810669,0.6634485721588135,0.3671875,0.59375
0.8515625,256.0,0.5,0.2890625,256.0,1553,0.6337568759918213,0.6299439072608948,0.4296875,0.640625
0.74609375,256.0,0.5,0.35546875,256.0,1554,0.6428874731063843,0.6438080072402954,0.45703125,0.6015625
0.7734375,256.0,0.5,0.35546875,256.0,1555,0.6495439410209656,0.642742395401001,0.484375,0.62890625
0.6484375,256.0,0.5,0.4453125,256.0,1556,0.6426051259040833,0.6476781964302063,0.5390625,0.59375
0.64453125,256.0,0.5,0.453125,256.0,1557,0.63957679271698,0.656570553779602,0.55078125,0.59765625
0.546875,256.0,0.5,0.49609375,256.0,1558,0.636902928352356,0.658000648021698,0.5390625,0.54296875
0.57421875,256.0,0.5,0.49609375,256.0,1559,0.6283203363418579,0.642304539680481,0.56640625,0.5703125
0.53515625,256.0,0.5,0.48046875,256.0,1560,0.6404412984848022,0.6821696758270264,0.49609375,0.515625
0.61328125,256.0,0.5,0.466796875,256.0,1561,0.6355260014533997,0.6422112584114075,0.546875,0.580078125
0.75390625,256.0,0.5,0.35546875,256.0,1562,0.640030026435852,0.6494796276092529,0.46484375,0.609375
0.7734375,256.0,0.5,0.32421875,256.0,1563,0.6480765342712402,0.6473307013511658,0.421875,0.59765625
0.80078125,256.0,0.5,0.26953125,256.0,1564,0.6437095403671265,0.643831729888916,0.33984375,0.5703125
0.7578125,256.0,0.5,0.30859375,256.0,1565,0.6454415321350098,0.6504384279251099,0.375,0.56640625
0.78125,256.0,0.5,0.26953125,256.0,1566,0.6406756639480591,0.6754803657531738,0.3203125,0.55078125
0.78515625,256.0,0.5,0.27734375,256.0,1567,0.6459267139434814,0.6362353563308716,0.33984375,0.5625
0.8046875,256.0,0.5,0.291015625,256.0,1568,0.6425741910934448,0.646129310131073,0.38671875,0.595703125
0.79296875,256.0,0.5,0.287109375,256.0,1569,0.6365004181861877,0.6298147439956665,0.3671875,0.580078125
0.75,256.0,0.5,0.322265625,256.0,1570,0.6333154439926147,0.6512534022331238,0.39453125,0.572265625
0.734375,256.0,0.5,0.3671875,256.0,1571,0.6333497166633606,0.6365349292755127,0.46875,0.6015625
0.78515625,256.0,0.5,0.31640625,256.0,1572,0.6531525254249573,0.640478253364563,0.41796875,0.6015625
0.74609375,256.0,0.5,0.359375,256.0,1573,0.6301432847976685,0.6517201066017151,0.46484375,0.60546875
0.703125,256.0,0.5,0.3984375,256.0,1574,0.6339586973190308,0.6347172260284424,0.5,0.6015625
0.66796875,256.0,0.5,0.41015625,256.0,1575,0.6334996223449707,0.6452391743659973,0.48828125,0.578125
0.69921875,256.0,0.5,0.412109375,256.0,1576,0.654272735118866,0.6547592878341675,0.5234375,0.611328125
0.67578125,256.0,0.5,0.44921875,256.0,1577,0.641302764415741,0.6382508277893066,0.57421875,0.625
0.55078125,256.0,0.5,0.513671875,256.0,1578,0.6464990377426147,0.6624984741210938,0.578125,0.564453125
0.69140625,256.0,0.5,0.416015625,256.0,1579,0.6427319049835205,0.641932487487793,0.5234375,0.607421875
0.61328125,256.0,0.5,0.490234375,256.0,1580,0.6324247717857361,0.6457510590553284,0.59375,0.603515625
0.6953125,256.0,0.5,0.4296875,256.0,1581,0.6335407495498657,0.6270173788070679,0.5546875,0.625
0.59375,256.0,0.5,0.4921875,256.0,1582,0.6318709254264832,0.6382827758789062,0.578125,0.5859375
0.640625,256.0,0.5,0.45703125,256.0,1583,0.6502084732055664,0.6581205129623413,0.5546875,0.59765625
0.65625,256.0,0.5,0.4609375,256.0,1584,0.6365178227424622,0.6352016925811768,0.578125,0.6171875
0.6171875,256.0,0.5,0.443359375,256.0,1585,0.6499802470207214,0.6529533863067627,0.50390625,0.560546875
0.6484375,256.0,0.5,0.4296875,256.0,1586,0.6431577801704407,0.6557568311691284,0.5078125,0.578125
0.62109375,256.0,0.5,0.45703125,256.0,1587,0.6382014155387878,0.6642293930053711,0.53515625,0.578125
0.77734375,256.0,0.5,0.3359375,256.0,1588,0.6412802934646606,0.632071852684021,0.44921875,0.61328125
0.75390625,256.0,0.5,0.337890625,256.0,1589,0.6429058909416199,0.6391651034355164,0.4296875,0.591796875
0.8515625,256.0,0.5,0.21484375,256.0,1590,0.6533273458480835,0.654735267162323,0.28125,0.56640625
0.84375,256.0,0.5,0.25390625,256.0,1591,0.6360334157943726,0.6524025201797485,0.3515625,0.59765625
0.84375,256.0,0.5,0.24609375,256.0,1592,0.6397632360458374,0.6438359618186951,0.3359375,0.58984375
0.80078125,256.0,0.5,0.267578125,256.0,1593,0.6290425062179565,0.6318764686584473,0.3359375,0.568359375
0.7578125,256.0,0.5,0.296875,256.0,1594,0.63811194896698,0.6520488262176514,0.3515625,0.5546875
0.74609375,256.0,0.5,0.328125,256.0,1595,0.6410971283912659,0.6632981300354004,0.40234375,0.57421875
0.7578125,256.0,0.5,0.322265625,256.0,1596,0.6499941349029541,0.6554967164993286,0.40234375,0.580078125
0.75,256.0,0.5,0.353515625,256.0,1597,0.6409974098205566,0.6406431198120117,0.45703125,0.603515625
0.7421875,256.0,0.5,0.357421875,256.0,1598,0.6335219144821167,0.6395756006240845,0.45703125,0.599609375
0.71875,256.0,0.5,0.404296875,256.0,1599,0.6334989070892334,0.6249081492424011,0.52734375,0.623046875
0.640625,256.0,0.5,0.4765625,256.0,1600,0.6278462409973145,0.6261200904846191,0.59375,0.6171875
0.65625,256.0,0.5,0.435546875,256.0,1601,0.6442462801933289,0.6572123765945435,0.52734375,0.591796875
0.6640625,256.0,0.5,0.4609375,256.0,1602,0.6382126808166504,0.6301513314247131,0.5859375,0.625
0.5703125,256.0,0.5,0.482421875,256.0,1603,0.6384172439575195,0.6699579954147339,0.53515625,0.552734375
0.59375,256.0,0.5,0.482421875,256.0,1604,0.6271419525146484,0.6358696222305298,0.55859375,0.576171875
0.578125,256.0,0.5,0.50390625,256.0,1605,0.6387088298797607,0.6647301912307739,0.5859375,0.58203125
0.640625,256.0,0.5,0.453125,256.0,1606,0.6370867490768433,0.6602834463119507,0.546875,0.59375
0.640625,256.0,0.5,0.423828125,256.0,1607,0.6522663831710815,0.6624483466148376,0.48828125,0.564453125
0.671875,256.0,0.5,0.416015625,256.0,1608,0.6359743475914001,0.6395843029022217,0.50390625,0.587890625
0.69140625,256.0,0.5,0.353515625,256.0,1609,0.6506375074386597,0.665395975112915,0.3984375,0.544921875
0.8359375,256.0,0.5,0.2890625,256.0,1610,0.648438572883606,0.6403250098228455,0.4140625,0.625
0.8125,256.0,0.5,0.275390625,256.0,1611,0.6441693305969238,0.6314998269081116,0.36328125,0.587890625
0.83203125,256.0,0.5,0.248046875,256.0,1612,0.6459401845932007,0.6618034839630127,0.328125,0.580078125
0.8046875,256.0,0.5,0.279296875,256.0,1613,0.633034348487854,0.634840190410614,0.36328125,0.583984375
0.81640625,256.0,0.5,0.27734375,256.0,1614,0.6427620649337769,0.6361646056175232,0.37109375,0.59375
0.84765625,256.0,0.5,0.287109375,256.0,1615,0.6311653852462769,0.6189274191856384,0.421875,0.634765625
0.73046875,256.0,0.5,0.365234375,256.0,1616,0.6418505907058716,0.6334279775619507,0.4609375,0.595703125
0.78125,256.0,0.5,0.31640625,256.0,1617,0.6246716976165771,0.6290417909622192,0.4140625,0.59765625
0.734375,256.0,0.5,0.369140625,256.0,1618,0.6264606714248657,0.6508122682571411,0.47265625,0.603515625
0.64453125,256.0,0.5,0.455078125,256.0,1619,0.6381999254226685,0.6505807638168335,0.5546875,0.599609375
0.62890625,256.0,0.5,0.4921875,256.0,1620,0.629814624786377,0.6227807998657227,0.61328125,0.62109375
0.6640625,256.0,0.5,0.435546875,256.0,1621,0.635469913482666,0.6472058296203613,0.53515625,0.599609375
0.60546875,256.0,0.5,0.484375,256.0,1622,0.6226435899734497,0.647678792476654,0.57421875,0.58984375
0.5859375,256.0,0.5,0.462890625,256.0,1623,0.6430766582489014,0.6583588719367981,0.51171875,0.548828125
0.640625,256.0,0.5,0.431640625,256.0,1624,0.6354919075965881,0.6578386425971985,0.50390625,0.572265625
0.609375,256.0,0.5,0.421875,256.0,1625,0.6474893093109131,0.677520751953125,0.453125,0.53125
0.80859375,256.0,0.5,0.3046875,256.0,1626,0.6430588960647583,0.6332017183303833,0.41796875,0.61328125
0.7265625,256.0,0.5,0.34375,256.0,1627,0.6319857835769653,0.655769407749176,0.4140625,0.5703125
0.83984375,256.0,0.5,0.251953125,256.0,1628,0.6420342922210693,0.6459628343582153,0.34375,0.591796875
0.80859375,256.0,0.5,0.275390625,256.0,1629,0.6518695950508118,0.6590370535850525,0.359375,0.583984375
0.796875,256.0,0.5,0.302734375,256.0,1630,0.6427106261253357,0.6455485820770264,0.40234375,0.599609375
0.64453125,256.0,0.5,0.373046875,256.0,1631,0.6463666558265686,0.6598585247993469,0.390625,0.517578125
0.72265625,256.0,0.5,0.34765625,256.0,1632,0.6489956378936768,0.6563619375228882,0.41796875,0.5703125
0.75,256.0,0.5,0.361328125,256.0,1633,0.6406573057174683,0.6406078338623047,0.47265625,0.611328125
0.734375,256.0,0.5,0.3671875,256.0,1634,0.6402315497398376,0.6380539536476135,0.46875,0.6015625
0.6953125,256.0,0.5,0.392578125,256.0,1635,0.6442070007324219,0.6390566825866699,0.48046875,0.587890625
0.75,256.0,0.5,0.392578125,256.0,1636,0.6462090611457825,0.6270895004272461,0.53515625,0.642578125
0.55859375,256.0,0.5,0.501953125,256.0,1637,0.6289191842079163,0.6450492739677429,0.5625,0.560546875
0.68359375,256.0,0.5,0.435546875,256.0,1638,0.6277090311050415,0.6267940998077393,0.5546875,0.619140625
0.4921875,256.0,0.5,0.53515625,256.0,1639,0.6477102041244507,0.664077639579773,0.5625,0.52734375
0.625,256.0,0.5,0.453125,256.0,1640,0.6335636377334595,0.6674433946609497,0.53125,0.578125
0.6953125,256.0,0.5,0.443359375,256.0,1641,0.6405126452445984,0.6410481929779053,0.58203125,0.638671875
0.6484375,256.0,0.5,0.4453125,256.0,1642,0.6355627179145813,0.6421177387237549,0.5390625,0.59375
0.625,256.0,0.5,0.443359375,256.0,1643,0.6362667083740234,0.6554152965545654,0.51171875,0.568359375
0.58984375,256.0,0.5,0.478515625,256.0,1644,0.6473038196563721,0.6541613340377808,0.546875,0.568359375
0.73046875,256.0,0.5,0.41015625,256.0,1645,0.6315715312957764,0.626368522644043,0.55078125,0.640625
0.74609375,256.0,0.5,0.369140625,256.0,1646,0.6469858288764954,0.6386984586715698,0.484375,0.615234375
0.7734375,256.0,0.5,0.330078125,256.0,1647,0.6410735845565796,0.6392191648483276,0.43359375,0.603515625
0.65234375,256.0,0.5,0.40234375,256.0,1648,0.6445465087890625,0.6579480767250061,0.45703125,0.5546875
0.82421875,256.0,0.5,0.291015625,256.0,1649,0.6445169448852539,0.6651957631111145,0.40625,0.615234375
0.7421875,256.0,0.5,0.326171875,256.0,1650,0.6500997543334961,0.6597067713737488,0.39453125,0.568359375
0.80078125,256.0,0.5,0.32421875,256.0,1651,0.636437714099884,0.6357778310775757,0.44921875,0.625
0.79296875,256.0,0.5,0.291015625,256.0,1652,0.6406446695327759,0.6489524841308594,0.375,0.583984375
0.75390625,256.0,0.5,0.359375,256.0,1653,0.6436123251914978,0.638738214969635,0.47265625,0.61328125
0.6796875,256.0,0.5,0.4296875,256.0,1654,0.6321555376052856,0.6245236992835999,0.5390625,0.609375
0.765625,256.0,0.5,0.3984375,256.0,1655,0.6394106149673462,0.6178074479103088,0.5625,0.6640625
0.60546875,256.0,0.5,0.5,256.0,1656,0.626979649066925,0.6283722519874573,0.60546875,0.60546875
0.54296875,256.0,0.5,0.50390625,256.0,1657,0.627368688583374,0.672355055809021,0.55078125,0.546875
0.55859375,256.0,0.5,0.52734375,256.0,1658,0.6244356632232666,0.6472409963607788,0.61328125,0.5859375
0.63671875,256.0,0.5,0.509765625,256.0,1659,0.6186529397964478,0.6137741804122925,0.65625,0.646484375
0.66796875,256.0,0.5,0.447265625,256.0,1660,0.620818018913269,0.6324923634529114,0.5625,0.615234375
0.6640625,256.0,0.5,0.4765625,256.0,1661,0.6265170574188232,0.622839093208313,0.6171875,0.640625
0.6484375,256.0,0.5,0.4609375,256.0,1662,0.6246893405914307,0.6428982615470886,0.5703125,0.609375
0.64453125,256.0,0.5,0.4765625,256.0,1663,0.6290335655212402,0.6261893510818481,0.59765625,0.62109375
0.640625,256.0,0.5,0.455078125,256.0,1664,0.6392354965209961,0.6511260271072388,0.55078125,0.595703125
0.6796875,256.0,0.5,0.4453125,256.0,1665,0.6402857303619385,0.6363862752914429,0.5703125,0.625
0.57421875,256.0,0.5,0.484375,256.0,1666,0.635486364364624,0.6433980464935303,0.54296875,0.55859375
0.7421875,256.0,0.5,0.34375,256.0,1667,0.636867880821228,0.6328546404838562,0.4296875,0.5859375
0.74609375,256.0,0.5,0.306640625,256.0,1668,0.6505036354064941,0.6518269181251526,0.359375,0.552734375
0.83203125,256.0,0.5,0.255859375,256.0,1669,0.6437544822692871,0.6422197818756104,0.34375,0.587890625
0.87109375,256.0,0.5,0.27734375,256.0,1670,0.62267005443573,0.6224907040596008,0.42578125,0.6484375
0.80078125,256.0,0.5,0.24609375,256.0,1671,0.6448603868484497,0.6849250793457031,0.29296875,0.546875
0.87109375,256.0,0.5,0.21875,256.0,1672,0.645279049873352,0.651336669921875,0.30859375,0.58984375
0.8125,256.0,0.5,0.2734375,256.0,1673,0.6518069505691528,0.6447489261627197,0.359375,0.5859375
0.7578125,256.0,0.5,0.361328125,256.0,1674,0.6268789768218994,0.6173833012580872,0.48046875,0.619140625
0.62109375,256.0,0.5,0.443359375,256.0,1675,0.6488991975784302,0.6825243234634399,0.5078125,0.564453125
0.6875,256.0,0.5,0.427734375,256.0,1676,0.6493700742721558,0.6402970552444458,0.54296875,0.615234375
0.59765625,256.0,0.5,0.474609375,256.0,1677,0.636339008808136,0.651995062828064,0.546875,0.572265625
0.7109375,256.0,0.5,0.44921875,256.0,1678,0.6343677043914795,0.6195236444473267,0.609375,0.66015625
0.6015625,256.0,0.5,0.5,256.0,1679,0.6312558650970459,0.6271920800209045,0.6015625,0.6015625
0.64453125,256.0,0.5,0.4609375,256.0,1680,0.6235715746879578,0.6410171985626221,0.56640625,0.60546875
0.61328125,256.0,0.5,0.5078125,256.0,1681,0.6257924437522888,0.6431288123130798,0.62890625,0.62109375
0.640625,256.0,0.5,0.48046875,256.0,1682,0.6049102544784546,0.6167701482772827,0.6015625,0.62109375
0.51953125,256.0,0.5,0.5390625,256.0,1683,0.6270817518234253,0.6616150736808777,0.59765625,0.55859375
0.60546875,256.0,0.5,0.474609375,256.0,1684,0.6325604319572449,0.6551660299301147,0.5546875,0.580078125
0.69921875,256.0,0.5,0.41796875,256.0,1685,0.6221314668655396,0.6184685230255127,0.53515625,0.6171875
0.703125,256.0,0.5,0.40234375,256.0,1686,0.6194605827331543,0.6126074194908142,0.5078125,0.60546875
0.80859375,256.0,0.5,0.30859375,256.0,1687,0.6456124186515808,0.6683729887008667,0.42578125,0.6171875
0.765625,256.0,0.5,0.294921875,256.0,1688,0.6128028631210327,0.6301151514053345,0.35546875,0.560546875
0.84375,256.0,0.5,0.248046875,256.0,1689,0.6434097290039062,0.6409991383552551,0.33984375,0.591796875
0.78125,256.0,0.5,0.3046875,256.0,1690,0.6325070858001709,0.6316377520561218,0.390625,0.5859375
0.73828125,256.0,0.5,0.36328125,256.0,1691,0.6223626732826233,0.6360548734664917,0.46484375,0.6015625
0.71875,256.0,0.5,0.369140625,256.0,1692,0.633354663848877,0.6329284310340881,0.45703125,0.587890625
0.75,256.0,0.5,0.345703125,256.0,1693,0.6442697048187256,0.647210955619812,0.44140625,0.595703125
0.6796875,256.0,0.5,0.4296875,256.0,1694,0.6360931992530823,0.6329874992370605,0.5390625,0.609375
0.68359375,256.0,0.5,0.392578125,256.0,1695,0.6267775297164917,0.6288626194000244,0.46875,0.576171875
0.72265625,256.0,0.5,0.388671875,256.0,1696,0.6535939574241638,0.6411261558532715,0.5,0.611328125
0.74609375,256.0,0.5,0.373046875,256.0,1697,0.6317853331565857,0.6332768201828003,0.4921875,0.619140625
0.640625,256.0,0.5,0.439453125,256.0,1698,0.6533998250961304,0.6630827188491821,0.51953125,0.580078125
0.7109375,256.0,0.5,0.4375,256.0,1699,0.6503282785415649,0.6349189281463623,0.5859375,0.6484375
0.71484375,256.0,0.5,0.4453125,256.0,1700,0.632374107837677,0.6152058243751526,0.60546875,0.66015625
0.5078125,256.0,0.5,0.560546875,256.0,1701,0.6303707361221313,0.6445361375808716,0.62890625,0.568359375
0.67578125,256.0,0.5,0.474609375,256.0,1702,0.6356593370437622,0.6230059862136841,0.625,0.650390625
0.66796875,256.0,0.5,0.47265625,256.0,1703,0.6238616704940796,0.6213513612747192,0.61328125,0.640625
0.68359375,256.0,0.5,0.451171875,256.0,1704,0.6180629134178162,0.6227828860282898,0.5859375,0.634765625
0.703125,256.0,0.5,0.43359375,256.0,1705,0.625029444694519,0.6116968393325806,0.5703125,0.63671875
0.7265625,256.0,0.5,0.42578125,256.0,1706,0.6278103590011597,0.6280553936958313,0.578125,0.65234375
0.625,256.0,0.5,0.5078125,256.0,1707,0.6256169676780701,0.6239323019981384,0.640625,0.6328125
0.640625,256.0,0.5,0.521484375,256.0,1708,0.6220171451568604,0.6082112789154053,0.68359375,0.662109375
0.51953125,256.0,0.5,0.548828125,256.0,1709,0.616844654083252,0.6622593402862549,0.6171875,0.568359375
0.578125,256.0,0.5,0.48828125,256.0,1710,0.6137820482254028,0.6480776071548462,0.5546875,0.56640625
0.66796875,256.0,0.5,0.4375,256.0,1711,0.6309095621109009,0.6484145522117615,0.54296875,0.60546875
0.6328125,256.0,0.5,0.482421875,256.0,1712,0.6226786971092224,0.6356033086776733,0.59765625,0.615234375
0.6640625,256.0,0.5,0.427734375,256.0,1713,0.6265822649002075,0.6593270897865295,0.51953125,0.591796875
0.74609375,256.0,0.5,0.361328125,256.0,1714,0.6215002536773682,0.6416270136833191,0.46875,0.607421875
0.71484375,256.0,0.5,0.3515625,256.0,1715,0.6312516927719116,0.6827268600463867,0.41796875,0.56640625
0.83984375,256.0,0.5,0.296875,256.0,1716,0.6314815878868103,0.6308045983314514,0.43359375,0.63671875
0.78515625,256.0,0.5,0.30859375,256.0,1717,0.6280057430267334,0.6507689952850342,0.40234375,0.59375
0.78125,256.0,0.5,0.29296875,256.0,1718,0.6247789859771729,0.6371556520462036,0.3671875,0.57421875
0.80859375,256.0,0.5,0.29296875,256.0,1719,0.6390818953514099,0.6375683546066284,0.39453125,0.6015625
0.87109375,256.0,0.5,0.24609375,256.0,1720,0.6266140341758728,0.6236908435821533,0.36328125,0.6171875
0.8125,256.0,0.5,0.28125,256.0,1721,0.6442588567733765,0.6439541578292847,0.375,0.59375
0.8828125,256.0,0.5,0.240234375,256.0,1722,0.6553196907043457,0.6445569396018982,0.36328125,0.623046875
0.81640625,256.0,0.5,0.349609375,256.0,1723,0.6547585725784302,0.6453965306282043,0.515625,0.666015625
0.7734375,256.0,0.5,0.404296875,256.0,1724,0.6229973435401917,0.6130276918411255,0.58203125,0.677734375
0.69140625,256.0,0.5,0.431640625,256.0,1725,0.626869797706604,0.6174086332321167,0.5546875,0.623046875
0.64453125,256.0,0.5,0.51171875,256.0,1726,0.6287442445755005,0.618528425693512,0.66796875,0.65625
0.46484375,256.0,0.5,0.599609375,256.0,1727,0.6136958599090576,0.6646502017974854,0.6640625,0.564453125
0.5625,256.0,0.5,0.556640625,256.0,1728,0.6018695831298828,0.6419997811317444,0.67578125,0.619140625
0.61328125,256.0,0.5,0.541015625,256.0,1729,0.5979866981506348,0.6152970790863037,0.6953125,0.654296875
0.61328125,256.0,0.5,0.515625,256.0,1730,0.5967849493026733,0.6246730089187622,0.64453125,0.62890625
0.69921875,256.0,0.5,0.462890625,256.0,1731,0.6122304201126099,0.6057007908821106,0.625,0.662109375
0.53515625,256.0,0.5,0.546875,256.0,1732,0.6158322095870972,0.6764706373214722,0.62890625,0.58203125
0.578125,256.0,0.5,0.515625,256.0,1733,0.6003835201263428,0.6359084844589233,0.609375,0.59375
0.49609375,256.0,0.5,0.568359375,256.0,1734,0.6279212832450867,0.6572485566139221,0.6328125,0.564453125
0.58203125,256.0,0.5,0.50390625,256.0,1735,0.6365498304367065,0.6469096541404724,0.58984375,0.5859375
0.66796875,256.0,0.5,0.4375,256.0,1736,0.6302801370620728,0.6305420398712158,0.54296875,0.60546875
0.75390625,256.0,0.5,0.33984375,256.0,1737,0.6343925595283508,0.6256442666053772,0.43359375,0.59375
0.875,256.0,0.5,0.220703125,256.0,1738,0.6352882981300354,0.6524704694747925,0.31640625,0.595703125
0.9375,256.0,0.5,0.146484375,256.0,1739,0.6357475519180298,0.6418726444244385,0.23046875,0.583984375
0.95703125,256.0,0.5,0.142578125,256.0,1740,0.6322240829467773,0.6524412631988525,0.2421875,0.599609375
0.8984375,256.0,0.5,0.1796875,256.0,1741,0.629744291305542,0.6357645988464355,0.2578125,0.578125
0.921875,256.0,0.5,0.150390625,256.0,1742,0.6344783902168274,0.6410006880760193,0.22265625,0.572265625
0.89453125,256.0,0.5,0.185546875,256.0,1743,0.6349992752075195,0.649704098701477,0.265625,0.580078125
0.828125,256.0,0.5,0.25390625,256.0,1744,0.6329602599143982,0.6469271779060364,0.3359375,0.58203125
0.6875,256.0,0.5,0.388671875,256.0,1745,0.6334051489830017,0.6368954181671143,0.46484375,0.576171875
0.6953125,256.0,0.5,0.388671875,256.0,1746,0.6368042230606079,0.6552733182907104,0.47265625,0.583984375
0.66796875,256.0,0.5,0.40234375,256.0,1747,0.6292816400527954,0.6366482973098755,0.47265625,0.5703125
0.71484375,256.0,0.5,0.423828125,256.0,1748,0.63124018907547,0.6266942024230957,0.5625,0.638671875
0.59765625,256.0,0.5,0.5078125,256.0,1749,0.6320367455482483,0.6370695233345032,0.61328125,0.60546875
0.64453125,256.0,0.5,0.470703125,256.0,1750,0.6305875182151794,0.6540858745574951,0.5859375,0.615234375
0.55859375,256.0,0.5,0.50390625,256.0,1751,0.6279447674751282,0.6533191204071045,0.56640625,0.5625
0.62109375,256.0,0.5,0.46484375,256.0,1752,0.6334800720214844,0.6452929973602295,0.55078125,0.5859375
0.60546875,256.0,0.5,0.49609375,256.0,1753,0.6387552618980408,0.6478665471076965,0.59765625,0.6015625
0.62890625,256.0,0.5,0.498046875,256.0,1754,0.625392496585846,0.6252957582473755,0.625,0.626953125
0.6953125,256.0,0.5,0.462890625,256.0,1755,0.6316609978675842,0.6076838970184326,0.62109375,0.658203125
0.6171875,256.0,0.5,0.4921875,256.0,1756,0.6398217678070068,0.6257835626602173,0.6015625,0.609375
0.64453125,256.0,0.5,0.447265625,256.0,1757,0.6326503157615662,0.6300021409988403,0.5390625,0.591796875
0.63671875,256.0,0.5,0.44140625,256.0,1758,0.641040563583374,0.6447800397872925,0.51953125,0.578125
0.69140625,256.0,0.5,0.439453125,256.0,1759,0.6257493495941162,0.6144717335700989,0.5703125,0.630859375
0.73046875,256.0,0.5,0.384765625,256.0,1760,0.6410567760467529,0.643717885017395,0.5,0.615234375
0.6796875,256.0,0.5,0.40234375,256.0,1761,0.6409306526184082,0.6443918943405151,0.484375,0.58203125
0.7109375,256.0,0.5,0.380859375,256.0,1762,0.6427338123321533,0.6584647297859192,0.47265625,0.591796875
0.7578125,256.0,0.5,0.337890625,256.0,1763,0.638191819190979,0.6769577860832214,0.43359375,0.595703125
0.7734375,256.0,0.5,0.32421875,256.0,1764,0.6459027528762817,0.6426331400871277,0.421875,0.59765625
0.71484375,256.0,0.5,0.369140625,256.0,1765,0.6427719593048096,0.6614698171615601,0.453125,0.583984375
0.76171875,256.0,0.5,0.3515625,256.0,1766,0.6414094567298889,0.6345612406730652,0.46484375,0.61328125
0.73046875,256.0,0.5,0.421875,256.0,1767,0.6413819789886475,0.639695405960083,0.57421875,0.65234375
0.671875,256.0,0.5,0.453125,256.0,1768,0.6412941217422485,0.6311918497085571,0.578125,0.625
0.5703125,256.0,0.5,0.509765625,256.0,1769,0.6310367584228516,0.6441757678985596,0.58984375,0.580078125
0.61328125,256.0,0.5,0.498046875,256.0,1770,0.6253746151924133,0.6426808834075928,0.609375,0.611328125
0.4921875,256.0,0.5,0.556640625,256.0,1771,0.6187769174575806,0.6748393774032593,0.60546875,0.548828125
0.5859375,256.0,0.5,0.517578125,256.0,1772,0.6304213404655457,0.6423643827438354,0.62109375,0.603515625
0.60546875,256.0,0.5,0.48046875,256.0,1773,0.6413568258285522,0.6589716672897339,0.56640625,0.5859375
0.578125,256.0,0.5,0.509765625,256.0,1774,0.6425647139549255,0.6465802192687988,0.59765625,0.587890625
0.703125,256.0,0.5,0.451171875,256.0,1775,0.6376695036888123,0.625428318977356,0.60546875,0.654296875
0.55078125,256.0,0.5,0.521484375,256.0,1776,0.6230266094207764,0.6237374544143677,0.59375,0.572265625
0.7578125,256.0,0.5,0.373046875,256.0,1777,0.6436572670936584,0.6366091966629028,0.50390625,0.630859375
0.65234375,256.0,0.5,0.462890625,256.0,1778,0.648232638835907,0.6390589475631714,0.578125,0.615234375
0.70703125,256.0,0.5,0.40625,256.0,1779,0.6453452706336975,0.6564884781837463,0.51953125,0.61328125
0.67578125,256.0,0.5,0.3984375,256.0,1780,0.63697350025177,0.6716923713684082,0.47265625,0.57421875
0.7578125,256.0,0.5,0.349609375,256.0,1781,0.6353243589401245,0.6307563781738281,0.45703125,0.607421875
0.7890625,256.0,0.5,0.34375,256.0,1782,0.6403285264968872,0.6397418975830078,0.4765625,0.6328125
0.83984375,256.0,0.5,0.26171875,256.0,1783,0.6409913897514343,0.6330940127372742,0.36328125,0.6015625
0.8046875,256.0,0.5,0.322265625,256.0,1784,0.6449949741363525,0.6363174915313721,0.44921875,0.626953125
0.70703125,256.0,0.5,0.38671875,256.0,1785,0.6306841373443604,0.64499431848526,0.48046875,0.59375
0.75,256.0,0.5,0.376953125,256.0,1786,0.6481393575668335,0.6331226825714111,0.50390625,0.626953125
0.734375,256.0,0.5,0.3671875,256.0,1787,0.6439824104309082,0.6448888778686523,0.46875,0.6015625
0.71484375,256.0,0.5,0.38671875,256.0,1788,0.6307187676429749,0.621874988079071,0.48828125,0.6015625
0.62890625,256.0,0.5,0.439453125,256.0,1789,0.6248366832733154,0.6503190398216248,0.5078125,0.568359375
0.66015625,256.0,0.5,0.439453125,256.0,1790,0.6391833424568176,0.651745080947876,0.5390625,0.599609375
0.57421875,256.0,0.5,0.46484375,256.0,1791,0.6393008232116699,0.6780918836593628,0.50390625,0.5390625
0.703125,256.0,0.5,0.4296875,256.0,1792,0.6392471790313721,0.6389005184173584,0.5625,0.6328125
0.6875,256.0,0.5,0.44921875,256.0,1793,0.6324698328971863,0.6185094118118286,0.5859375,0.63671875
0.71875,256.0,0.5,0.390625,256.0,1794,0.629906177520752,0.6437409520149231,0.5,0.609375
0.60546875,256.0,0.5,0.48828125,256.0,1795,0.6248696446418762,0.6367028951644897,0.58203125,0.59375
0.703125,256.0,0.5,0.44140625,256.0,1796,0.6386895179748535,0.6202472448348999,0.5859375,0.64453125
0.59375,256.0,0.5,0.46875,256.0,1797,0.6299111843109131,0.6479364037513733,0.53125,0.5625
0.578125,256.0,0.5,0.458984375,256.0,1798,0.6440895199775696,0.6822133660316467,0.49609375,0.537109375
0.6875,256.0,0.5,0.431640625,256.0,1799,0.6318944096565247,0.6282300353050232,0.55078125,0.619140625
0.69921875,256.0,0.5,0.390625,256.0,1800,0.638313889503479,0.645645022392273,0.48046875,0.58984375
0.72265625,256.0,0.5,0.37109375,256.0,1801,0.6463195085525513,0.6646400690078735,0.46484375,0.59375
0.796875,256.0,0.5,0.330078125,256.0,1802,0.6331217288970947,0.6207285523414612,0.45703125,0.626953125
0.828125,256.0,0.5,0.326171875,256.0,1803,0.6408582329750061,0.6226171255111694,0.48046875,0.654296875
0.65234375,256.0,0.5,0.427734375,256.0,1804,0.6309727430343628,0.6429201364517212,0.5078125,0.580078125
0.7578125,256.0,0.5,0.412109375,256.0,1805,0.6108062267303467,0.6079473495483398,0.58203125,0.669921875
0.5703125,256.0,0.5,0.48828125,256.0,1806,0.6400833129882812,0.6601569652557373,0.546875,0.55859375
0.72265625,256.0,0.5,0.40625,256.0,1807,0.638451874256134,0.6322000026702881,0.53515625,0.62890625
0.71875,256.0,0.5,0.4296875,256.0,1808,0.6300666928291321,0.6164719462394714,0.578125,0.6484375
0.640625,256.0,0.5,0.462890625,256.0,1809,0.6336665749549866,0.6386795043945312,0.56640625,0.603515625
0.6796875,256.0,0.5,0.46484375,256.0,1810,0.6370075941085815,0.6222740411758423,0.609375,0.64453125
0.64453125,256.0,0.5,0.44921875,256.0,1811,0.6366201043128967,0.6513727903366089,0.54296875,0.59375
0.6484375,256.0,0.5,0.443359375,256.0,1812,0.6433554887771606,0.6501480340957642,0.53515625,0.591796875
0.67578125,256.0,0.5,0.439453125,256.0,1813,0.6386717557907104,0.6460936665534973,0.5546875,0.615234375
0.6640625,256.0,0.5,0.435546875,256.0,1814,0.634712278842926,0.6373379230499268,0.53515625,0.599609375
0.734375,256.0,0.5,0.390625,256.0,1815,0.6300015449523926,0.624966025352478,0.515625,0.625
0.71875,256.0,0.5,0.373046875,256.0,1816,0.6504698395729065,0.6465985774993896,0.46484375,0.591796875
0.6015625,256.0,0.5,0.439453125,256.0,1817,0.6378455758094788,0.6491534113883972,0.48046875,0.541015625
0.68359375,256.0,0.5,0.408203125,256.0,1818,0.6353928446769714,0.6328160166740417,0.5,0.591796875
0.81640625,256.0,0.5,0.279296875,256.0,1819,0.647305965423584,0.6505948305130005,0.375,0.595703125
0.69921875,256.0,0.5,0.369140625,256.0,1820,0.6367299556732178,0.6398276090621948,0.4375,0.568359375
0.78515625,256.0,0.5,0.314453125,256.0,1821,0.6440659761428833,0.6397866606712341,0.4140625,0.599609375
0.828125,256.0,0.5,0.271484375,256.0,1822,0.6459802389144897,0.6431418657302856,0.37109375,0.599609375
0.80859375,256.0,0.5,0.2890625,256.0,1823,0.6418901681900024,0.6336534023284912,0.38671875,0.59765625
0.7734375,256.0,0.5,0.314453125,256.0,1824,0.6370043754577637,0.6417360305786133,0.40234375,0.587890625
0.76171875,256.0,0.5,0.353515625,256.0,1825,0.6429862976074219,0.6468546986579895,0.46875,0.615234375
0.734375,256.0,0.5,0.357421875,256.0,1826,0.6491343975067139,0.6610089540481567,0.44921875,0.591796875
0.83203125,256.0,0.5,0.326171875,256.0,1827,0.6410986185073853,0.6328297853469849,0.484375,0.658203125
0.7734375,256.0,0.5,0.365234375,256.0,1828,0.6374672055244446,0.6219679117202759,0.50390625,0.638671875
0.65234375,256.0,0.5,0.46875,256.0,1829,0.6310203671455383,0.6485055685043335,0.58984375,0.62109375
0.66015625,256.0,0.5,0.46875,256.0,1830,0.6185476779937744,0.6264031529426575,0.59765625,0.62890625
0.6484375,256.0,0.5,0.478515625,256.0,1831,0.6107515096664429,0.6347993016242981,0.60546875,0.626953125
0.6171875,256.0,0.5,0.517578125,256.0,1832,0.6065325736999512,0.6318773627281189,0.65234375,0.634765625
0.5625,256.0,0.5,0.5234375,256.0,1833,0.5938863158226013,0.6515039205551147,0.609375,0.5859375
0.62109375,256.0,0.5,0.51171875,256.0,1834,0.608466386795044,0.6162161231040955,0.64453125,0.6328125
0.48828125,256.0,0.5,0.5859375,256.0,1835,0.6037894487380981,0.636039137840271,0.66015625,0.57421875
0.6484375,256.0,0.5,0.470703125,256.0,1836,0.6240702271461487,0.6361160278320312,0.58984375,0.619140625
0.6953125,256.0,0.5,0.40625,256.0,1837,0.6397356986999512,0.6346045732498169,0.5078125,0.6015625
0.7734375,256.0,0.5,0.361328125,256.0,1838,0.6393672823905945,0.6220226883888245,0.49609375,0.634765625
0.81640625,256.0,0.5,0.33203125,256.0,1839,0.6286161541938782,0.6035970449447632,0.48046875,0.6484375
0.8125,256.0,0.5,0.33984375,256.0,1840,0.6254303455352783,0.614586353302002,0.4921875,0.65234375
0.765625,256.0,0.5,0.341796875,256.0,1841,0.639316976070404,0.6312438249588013,0.44921875,0.607421875
0.76953125,256.0,0.5,0.353515625,256.0,1842,0.6463635563850403,0.6345052719116211,0.4765625,0.623046875
0.7734375,256.0,0.5,0.3359375,256.0,1843,0.6326372623443604,0.6506199836730957,0.4453125,0.609375
0.765625,256.0,0.5,0.361328125,256.0,1844,0.6181196570396423,0.6129136085510254,0.48828125,0.626953125
0.77734375,256.0,0.5,0.361328125,256.0,1845,0.6427016258239746,0.6158686280250549,0.5,0.638671875
0.75,256.0,0.5,0.349609375,256.0,1846,0.6376594305038452,0.6485337018966675,0.44921875,0.599609375
0.73828125,256.0,0.5,0.3828125,256.0,1847,0.6345788240432739,0.6391143798828125,0.50390625,0.62109375
0.76171875,256.0,0.5,0.390625,256.0,1848,0.639585554599762,0.627051055431366,0.54296875,0.65234375
0.5859375,256.0,0.5,0.470703125,256.0,1849,0.6137560606002808,0.6317143440246582,0.52734375,0.556640625
0.6640625,256.0,0.5,0.435546875,256.0,1850,0.6293495297431946,0.6415117979049683,0.53515625,0.599609375
0.734375,256.0,0.5,0.400390625,256.0,1851,0.6330443024635315,0.6223962903022766,0.53515625,0.634765625
0.78125,256.0,0.5,0.36328125,256.0,1852,0.6314501762390137,0.6192795038223267,0.5078125,0.64453125
0.77734375,256.0,0.5,0.353515625,256.0,1853,0.6460416316986084,0.6241196393966675,0.484375,0.630859375
0.80078125,256.0,0.5,0.37890625,256.0,1854,0.6274172067642212,0.5973625779151917,0.55859375,0.6796875
0.62109375,256.0,0.5,0.458984375,256.0,1855,0.6244677901268005,0.659718930721283,0.5390625,0.580078125
0.6328125,256.0,0.5,0.4921875,256.0,1856,0.6251994371414185,0.6432061791419983,0.6171875,0.625
0.625,256.0,0.5,0.484375,256.0,1857,0.6208490133285522,0.6412169933319092,0.59375,0.609375
0.61328125,256.0,0.5,0.4609375,256.0,1858,0.6155732870101929,0.6577169299125671,0.53515625,0.57421875
0.5625,256.0,0.5,0.501953125,256.0,1859,0.621432900428772,0.6541286706924438,0.56640625,0.564453125
0.66796875,256.0,0.5,0.4140625,256.0,1860,0.6311439275741577,0.6480284929275513,0.49609375,0.58203125
0.671875,256.0,0.5,0.404296875,256.0,1861,0.6360936164855957,0.6392426490783691,0.48046875,0.576171875
0.81640625,256.0,0.5,0.294921875,256.0,1862,0.6418944001197815,0.6417014598846436,0.40625,0.611328125
0.828125,256.0,0.5,0.271484375,256.0,1863,0.6417171955108643,0.6518603563308716,0.37109375,0.599609375
0.828125,256.0,0.5,0.267578125,256.0,1864,0.6262875199317932,0.6286517381668091,0.36328125,0.595703125
0.87109375,256.0,0.5,0.205078125,256.0,1865,0.6474741101264954,0.6419796347618103,0.28125,0.576171875
0.87890625,256.0,0.5,0.232421875,256.0,1866,0.6343917846679688,0.6287834048271179,0.34375,0.611328125
0.84375,256.0,0.5,0.2578125,256.0,1867,0.6271802186965942,0.644932210445404,0.359375,0.6015625
0.80859375,256.0,0.5,0.275390625,256.0,1868,0.6378451585769653,0.6396376490592957,0.359375,0.583984375
0.81640625,256.0,0.5,0.294921875,256.0,1869,0.6446871757507324,0.6387902498245239,0.40625,0.611328125
0.73046875,256.0,0.5,0.392578125,256.0,1870,0.638710081577301,0.6312013864517212,0.515625,0.623046875
0.69140625,256.0,0.5,0.4140625,256.0,1871,0.630814790725708,0.6360599398612976,0.51953125,0.60546875
0.72265625,256.0,0.5,0.37890625,256.0,1872,0.6381742358207703,0.6417068243026733,0.48046875,0.6015625
0.6875,256.0,0.5,0.470703125,256.0,1873,0.6235809326171875,0.6123700141906738,0.62890625,0.658203125
0.67578125,256.0,0.5,0.50390625,256.0,1874,0.6071455478668213,0.5994009971618652,0.68359375,0.6796875
0.640625,256.0,0.5,0.484375,256.0,1875,0.614628791809082,0.6239508390426636,0.609375,0.625
0.47265625,256.0,0.5,0.599609375,256.0,1876,0.6113160252571106,0.6609103083610535,0.671875,0.572265625
0.515625,256.0,0.5,0.55859375,256.0,1877,0.6170757412910461,0.6466383934020996,0.6328125,0.57421875
0.6171875,256.0,0.5,0.521484375,256.0,1878,0.6237521767616272,0.6236295700073242,0.66015625,0.638671875
0.58203125,256.0,0.5,0.5078125,256.0,1879,0.6192008852958679,0.6354236602783203,0.59765625,0.58984375
0.66796875,256.0,0.5,0.443359375,256.0,1880,0.631912887096405,0.6444085240364075,0.5546875,0.611328125
0.73828125,256.0,0.5,0.390625,256.0,1881,0.6351224780082703,0.6305966377258301,0.51953125,0.62890625
0.73828125,256.0,0.5,0.388671875,256.0,1882,0.6360961198806763,0.6336385011672974,0.515625,0.626953125
0.69921875,256.0,0.5,0.375,256.0,1883,0.6460002660751343,0.6619833111763,0.44921875,0.57421875
0.8203125,256.0,0.5,0.298828125,256.0,1884,0.6475173830986023,0.6491933465003967,0.41796875,0.619140625
0.69140625,256.0,0.5,0.373046875,256.0,1885,0.6409752368927002,0.6569374799728394,0.4375,0.564453125
0.75,256.0,0.5,0.349609375,256.0,1886,0.640579879283905,0.6296193599700928,0.44921875,0.599609375
0.8359375,256.0,0.5,0.291015625,256.0,1887,0.6372019052505493,0.6244447231292725,0.41796875,0.626953125
0.7734375,256.0,0.5,0.33203125,256.0,1888,0.6305243372917175,0.6195284724235535,0.4375,0.60546875
0.82421875,256.0,0.5,0.302734375,256.0,1889,0.6422762274742126,0.6370823979377747,0.4296875,0.626953125
0.7109375,256.0,0.5,0.369140625,256.0,1890,0.6380100846290588,0.6392906308174133,0.44921875,0.580078125
0.71875,256.0,0.5,0.375,256.0,1891,0.6234308481216431,0.6336509585380554,0.46875,0.59375
0.7109375,256.0,0.5,0.359375,256.0,1892,0.6375150680541992,0.6395848393440247,0.4296875,0.5703125
0.7265625,256.0,0.5,0.38671875,256.0,1893,0.6497522592544556,0.6420658826828003,0.5,0.61328125
0.67578125,256.0,0.5,0.4375,256.0,1894,0.6343287229537964,0.6255772113800049,0.55078125,0.61328125
0.68359375,256.0,0.5,0.412109375,256.0,1895,0.6499437093734741,0.6497741341590881,0.5078125,0.595703125
0.72265625,256.0,0.5,0.408203125,256.0,1896,0.6251055002212524,0.6232906579971313,0.5390625,0.630859375
0.76171875,256.0,0.5,0.357421875,256.0,1897,0.6269570589065552,0.6158500909805298,0.4765625,0.619140625
0.8125,256.0,0.5,0.35546875,256.0,1898,0.6363049745559692,0.6156516671180725,0.5234375,0.66796875
0.734375,256.0,0.5,0.400390625,256.0,1899,0.6275982856750488,0.6296360492706299,0.53515625,0.634765625
0.76953125,256.0,0.5,0.37890625,256.0,1900,0.6418349742889404,0.6336795091629028,0.52734375,0.6484375
0.7265625,256.0,0.5,0.42578125,256.0,1901,0.6257272362709045,0.6136897802352905,0.578125,0.65234375
0.62109375,256.0,0.5,0.486328125,256.0,1902,0.6293433308601379,0.642257571220398,0.59375,0.607421875
0.62109375,256.0,0.5,0.513671875,256.0,1903,0.6234270334243774,0.6306955814361572,0.6484375,0.634765625
0.58203125,256.0,0.5,0.529296875,256.0,1904,0.6235513687133789,0.637608528137207,0.640625,0.611328125
0.48828125,256.0,0.5,0.5859375,256.0,1905,0.6209105253219604,0.6459508538246155,0.66015625,0.57421875
0.6796875,256.0,0.5,0.451171875,256.0,1906,0.5889790058135986,0.5936945676803589,0.58203125,0.630859375
0.63671875,256.0,0.5,0.4765625,256.0,1907,0.6145211458206177,0.612169623374939,0.58984375,0.61328125
0.62890625,256.0,0.5,0.478515625,256.0,1908,0.6274279952049255,0.6678469181060791,0.5859375,0.607421875
0.671875,256.0,0.5,0.4453125,256.0,1909,0.6266570091247559,0.6321195363998413,0.5625,0.6171875
0.7265625,256.0,0.5,0.396484375,256.0,1910,0.6365854740142822,0.646371603012085,0.51953125,0.623046875
0.72265625,256.0,0.5,0.365234375,256.0,1911,0.6385167241096497,0.6547729969024658,0.453125,0.587890625
0.7109375,256.0,0.5,0.392578125,256.0,1912,0.6215473413467407,0.630605161190033,0.49609375,0.603515625
0.80859375,256.0,0.5,0.31640625,256.0,1913,0.6190714240074158,0.6075620651245117,0.44140625,0.625
0.82421875,256.0,0.5,0.283203125,256.0,1914,0.6304146647453308,0.633560061454773,0.390625,0.607421875
0.89453125,256.0,0.5,0.234375,256.0,1915,0.6358733773231506,0.6350457072257996,0.36328125,0.62890625
0.8671875,256.0,0.5,0.259765625,256.0,1916,0.6273820400238037,0.6257514953613281,0.38671875,0.626953125
0.8671875,256.0,0.5,0.24609375,256.0,1917,0.6394857168197632,0.6376584768295288,0.359375,0.61328125
0.7734375,256.0,0.5,0.34375,256.0,1918,0.6435043811798096,0.6392284631729126,0.4609375,0.6171875
0.8359375,256.0,0.5,0.314453125,256.0,1919,0.6308239102363586,0.6258447170257568,0.46484375,0.650390625
0.72265625,256.0,0.5,0.41796875,256.0,1920,0.636384129524231,0.6254529356956482,0.55859375,0.640625
0.54296875,256.0,0.5,0.517578125,256.0,1921,0.6293376684188843,0.6445801258087158,0.578125,0.560546875
0.7265625,256.0,0.5,0.41796875,256.0,1922,0.6327130794525146,0.6188557744026184,0.5625,0.64453125
0.55078125,256.0,0.5,0.517578125,256.0,1923,0.6291099786758423,0.6570360660552979,0.5859375,0.568359375
0.66015625,256.0,0.5,0.482421875,256.0,1924,0.6207087635993958,0.6199538707733154,0.625,0.642578125
0.6171875,256.0,0.5,0.513671875,256.0,1925,0.6201797127723694,0.6263019442558289,0.64453125,0.630859375
0.59375,256.0,0.5,0.52734375,256.0,1926,0.6056015491485596,0.6317293643951416,0.6484375,0.62109375
0.5546875,256.0,0.5,0.54296875,256.0,1927,0.6190203428268433,0.6493818163871765,0.640625,0.59765625
0.51171875,256.0,0.5,0.517578125,256.0,1928,0.6263810396194458,0.6771321296691895,0.546875,0.529296875
0.56640625,256.0,0.5,0.48828125,256.0,1929,0.614769458770752,0.6541328430175781,0.54296875,0.5546875
0.7109375,256.0,0.5,0.4140625,256.0,1930,0.6148930191993713,0.641897439956665,0.5390625,0.625
0.71484375,256.0,0.5,0.34765625,256.0,1931,0.6453918814659119,0.6580188274383545,0.41015625,0.5625
0.91015625,256.0,0.5,0.228515625,256.0,1932,0.6364883184432983,0.6232048273086548,0.3671875,0.638671875
0.8828125,256.0,0.5,0.1875,256.0,1933,0.6333755850791931,0.6457779407501221,0.2578125,0.5703125
0.86328125,256.0,0.5,0.1953125,256.0,1934,0.622086763381958,0.6414618492126465,0.25390625,0.55859375
0.92578125,256.0,0.5,0.1875,256.0,1935,0.6450530886650085,0.6566533446311951,0.30078125,0.61328125
0.859375,256.0,0.5,0.228515625,256.0,1936,0.6223243474960327,0.6293763518333435,0.31640625,0.587890625
0.86328125,256.0,0.5,0.251953125,256.0,1937,0.6306228637695312,0.6330000758171082,0.3671875,0.615234375
0.8046875,256.0,0.5,0.29296875,256.0,1938,0.6356043815612793,0.6479453444480896,0.390625,0.59765625
0.71484375,256.0,0.5,0.375,256.0,1939,0.6267037987709045,0.6273108124732971,0.46484375,0.58984375
0.72265625,256.0,0.5,0.3984375,256.0,1940,0.6315228939056396,0.619708776473999,0.51953125,0.62109375
0.66796875,256.0,0.5,0.419921875,256.0,1941,0.6419416666030884,0.6347779631614685,0.5078125,0.587890625
0.76953125,256.0,0.5,0.376953125,256.0,1942,0.6429780721664429,0.6304492354393005,0.5234375,0.646484375
0.65625,256.0,0.5,0.44921875,256.0,1943,0.6316176652908325,0.6397689580917358,0.5546875,0.60546875
0.65625,256.0,0.5,0.4453125,256.0,1944,0.6380624771118164,0.6475591659545898,0.546875,0.6015625
0.62109375,256.0,0.5,0.447265625,256.0,1945,0.642285943031311,0.6593095064163208,0.515625,0.568359375
0.64453125,256.0,0.5,0.474609375,256.0,1946,0.6376868486404419,0.6378464698791504,0.59375,0.619140625
0.57421875,256.0,0.5,0.478515625,256.0,1947,0.6381867527961731,0.6513956785202026,0.53125,0.552734375
0.65234375,256.0,0.5,0.453125,256.0,1948,0.6322979927062988,0.652812659740448,0.55859375,0.60546875
0.56640625,256.0,0.5,0.51171875,256.0,1949,0.641607403755188,0.6482077836990356,0.58984375,0.578125
0.6953125,256.0,0.5,0.427734375,256.0,1950,0.6207984685897827,0.6416064500808716,0.55078125,0.623046875
0.8046875,256.0,0.5,0.3828125,256.0,1951,0.6419420838356018,0.6107068061828613,0.5703125,0.6875
0.609375,256.0,0.5,0.455078125,256.0,1952,0.6321039795875549,0.6505514979362488,0.51953125,0.564453125
0.77734375,256.0,0.5,0.37109375,256.0,1953,0.6437574028968811,0.6218286752700806,0.51953125,0.6484375
0.7421875,256.0,0.5,0.380859375,256.0,1954,0.6399129629135132,0.6337692737579346,0.50390625,0.623046875
0.65625,256.0,0.5,0.41015625,256.0,1955,0.6380841732025146,0.6460175514221191,0.4765625,0.56640625
0.61328125,256.0,0.5,0.447265625,256.0,1956,0.6363097429275513,0.6524016857147217,0.5078125,0.560546875
0.72265625,256.0,0.5,0.3828125,256.0,1957,0.6417627334594727,0.6372734308242798,0.48828125,0.60546875
0.6875,256.0,0.5,0.376953125,256.0,1958,0.6397396326065063,0.6492558717727661,0.44140625,0.564453125
0.75390625,256.0,0.5,0.361328125,256.0,1959,0.6422092914581299,0.6307090520858765,0.4765625,0.615234375
0.76171875,256.0,0.5,0.357421875,256.0,1960,0.6356120705604553,0.6314419507980347,0.4765625,0.619140625
0.72265625,256.0,0.5,0.3828125,256.0,1961,0.6259669661521912,0.6319860219955444,0.48828125,0.60546875
0.75,256.0,0.5,0.39453125,256.0,1962,0.6427751779556274,0.6342886686325073,0.5390625,0.64453125
0.78515625,256.0,0.5,0.369140625,256.0,1963,0.6376756429672241,0.6342251300811768,0.5234375,0.654296875
0.6875,256.0,0.5,0.42578125,256.0,1964,0.6414327025413513,0.6325775384902954,0.5390625,0.61328125
0.65234375,256.0,0.5,0.470703125,256.0,1965,0.6348065137863159,0.6399652361869812,0.59375,0.623046875
0.7578125,256.0,0.5,0.39453125,256.0,1966,0.6315003037452698,0.6126303672790527,0.546875,0.65234375
0.6640625,256.0,0.5,0.453125,256.0,1967,0.6380163431167603,0.6334009766578674,0.5703125,0.6171875
0.671875,256.0,0.5,0.4453125,256.0,1968,0.6381404399871826,0.6293498277664185,0.5625,0.6171875
0.703125,256.0,0.5,0.44140625,256.0,1969,0.616718053817749,0.6296185255050659,0.5859375,0.64453125
0.671875,256.0,0.5,0.44140625,256.0,1970,0.6186065673828125,0.6364366412162781,0.5546875,0.61328125
0.625,256.0,0.5,0.447265625,256.0,1971,0.6120682954788208,0.6393742561340332,0.51953125,0.572265625
0.67578125,256.0,0.5,0.439453125,256.0,1972,0.6240147352218628,0.6328704953193665,0.5546875,0.615234375
0.62109375,256.0,0.5,0.46875,256.0,1973,0.632960319519043,0.6397221088409424,0.55859375,0.58984375
0.68359375,256.0,0.5,0.39453125,256.0,1974,0.6347735524177551,0.64426589012146,0.47265625,0.578125
0.72265625,256.0,0.5,0.40234375,256.0,1975,0.6217579245567322,0.6296595931053162,0.52734375,0.625
0.7265625,256.0,0.5,0.33984375,256.0,1976,0.6425490379333496,0.6500841975212097,0.40625,0.56640625
0.8203125,256.0,0.5,0.3125,256.0,1977,0.645391583442688,0.6298956871032715,0.4453125,0.6328125
0.76171875,256.0,0.5,0.330078125,256.0,1978,0.6391626596450806,0.6397541761398315,0.421875,0.591796875
0.703125,256.0,0.5,0.359375,256.0,1979,0.644618809223175,0.6601604223251343,0.421875,0.5625
0.7421875,256.0,0.5,0.357421875,256.0,1980,0.6347759962081909,0.628764271736145,0.45703125,0.599609375
0.77734375,256.0,0.5,0.31640625,256.0,1981,0.6343960762023926,0.6282635927200317,0.41015625,0.59375
0.74609375,256.0,0.5,0.34765625,256.0,1982,0.6329058408737183,0.6306847333908081,0.44140625,0.59375
0.82421875,256.0,0.5,0.287109375,256.0,1983,0.6476089358329773,0.6329368352890015,0.3984375,0.611328125
0.76171875,256.0,0.5,0.34375,256.0,1984,0.6434249877929688,0.6444085836410522,0.44921875,0.60546875
0.73046875,256.0,0.5,0.3828125,256.0,1985,0.6420226693153381,0.6383812427520752,0.49609375,0.61328125
0.796875,256.0,0.5,0.3828125,256.0,1986,0.632111668586731,0.6344925761222839,0.5625,0.6796875
0.70703125,256.0,0.5,0.41015625,256.0,1987,0.6211814880371094,0.6139872074127197,0.52734375,0.6171875
0.7421875,256.0,0.5,0.412109375,256.0,1988,0.6314258575439453,0.6216995716094971,0.56640625,0.654296875
0.59375,256.0,0.5,0.494140625,256.0,1989,0.6296584606170654,0.6437092423439026,0.58203125,0.587890625
0.59375,256.0,0.5,0.509765625,256.0,1990,0.6158739328384399,0.6315085887908936,0.61328125,0.603515625
0.6171875,256.0,0.5,0.466796875,256.0,1991,0.6315937042236328,0.6514431238174438,0.55078125,0.583984375
0.68359375,256.0,0.5,0.484375,256.0,1992,0.6155941486358643,0.5950141549110413,0.65234375,0.66796875
0.61328125,256.0,0.5,0.484375,256.0,1993,0.6241498589515686,0.6390010118484497,0.58203125,0.59765625
0.68359375,256.0,0.5,0.443359375,256.0,1994,0.6234066486358643,0.6294692754745483,0.5703125,0.626953125
0.7109375,256.0,0.5,0.4140625,256.0,1995,0.6339508295059204,0.6235358715057373,0.5390625,0.625
0.66015625,256.0,0.5,0.455078125,256.0,1996,0.6172366142272949,0.6430791020393372,0.5703125,0.615234375
0.76953125,256.0,0.5,0.365234375,256.0,1997,0.6268726587295532,0.6184505224227905,0.5,0.634765625
0.6796875,256.0,0.5,0.408203125,256.0,1998,0.6318217515945435,0.6379718780517578,0.49609375,0.587890625
0.76171875,256.0,0.5,0.34375,256.0,1999,0.6354433298110962,0.6326504349708557,0.44921875,0.60546875
0.72265625,256.0,0.5,0.30859375,256.0,2000,0.6405369639396667,0.6816872358322144,0.33984375,0.53125
0.8515625,256.0,0.5,0.2578125,256.0,2001,0.638566255569458,0.6373488903045654,0.3671875,0.609375
0.796875,256.0,0.5,0.30078125,256.0,2002,0.6566048264503479,0.6535693407058716,0.3984375,0.59765625
0.8359375,256.0,0.5,0.296875,256.0,2003,0.643569827079773,0.633945643901825,0.4296875,0.6328125
0.77734375,256.0,0.5,0.302734375,256.0,2004,0.6404553651809692,0.6441864371299744,0.3828125,0.580078125
0.7734375,256.0,0.5,0.349609375,256.0,2005,0.6237479448318481,0.6217273473739624,0.47265625,0.623046875
0.77734375,256.0,0.5,0.341796875,256.0,2006,0.6310380697250366,0.6374334096908569,0.4609375,0.619140625
0.76953125,256.0,0.5,0.375,256.0,2007,0.6327321529388428,0.6185704469680786,0.51953125,0.64453125
0.62890625,256.0,0.5,0.427734375,256.0,2008,0.6203753352165222,0.6573944091796875,0.484375,0.556640625
0.6640625,256.0,0.5,0.400390625,256.0,2009,0.6349743604660034,0.6499971747398376,0.46484375,0.564453125
0.6953125,256.0,0.5,0.40234375,256.0,2010,0.6268415451049805,0.6429640054702759,0.5,0.59765625
0.70703125,256.0,0.5,0.3984375,256.0,2011,0.6362213492393494,0.6342463493347168,0.50390625,0.60546875
0.6953125,256.0,0.5,0.376953125,256.0,2012,0.6414362192153931,0.6494693756103516,0.44921875,0.572265625
0.66796875,256.0,0.5,0.4375,256.0,2013,0.6292954087257385,0.6420949101448059,0.54296875,0.60546875
0.734375,256.0,0.5,0.400390625,256.0,2014,0.6312641501426697,0.6300739049911499,0.53515625,0.634765625
0.66015625,256.0,0.5,0.447265625,256.0,2015,0.6258563995361328,0.6264508962631226,0.5546875,0.607421875
0.703125,256.0,0.5,0.3984375,256.0,2016,0.636603057384491,0.6439889669418335,0.5,0.6015625
0.671875,256.0,0.5,0.3984375,256.0,2017,0.6252018809318542,0.6560361981391907,0.46875,0.5703125
0.65234375,256.0,0.5,0.40625,256.0,2018,0.6250100135803223,0.6429257392883301,0.46484375,0.55859375
0.80859375,256.0,0.5,0.3203125,256.0,2019,0.6448278427124023,0.6340131759643555,0.44921875,0.62890625
0.8515625,256.0,0.5,0.291015625,256.0,2020,0.6295555233955383,0.6136948466300964,0.43359375,0.642578125
0.8359375,256.0,0.5,0.322265625,256.0,2021,0.6434499621391296,0.6215009689331055,0.48046875,0.658203125
0.71875,256.0,0.5,0.384765625,256.0,2022,0.6314924955368042,0.6288124918937683,0.48828125,0.603515625
0.71484375,256.0,0.5,0.408203125,256.0,2023,0.6377853155136108,0.6339055299758911,0.53125,0.623046875
0.69140625,256.0,0.5,0.41015625,256.0,2024,0.6244096159934998,0.6201835870742798,0.51171875,0.6015625
0.6484375,256.0,0.5,0.455078125,256.0,2025,0.6281434297561646,0.6347928047180176,0.55859375,0.603515625
0.58203125,256.0,0.5,0.48828125,256.0,2026,0.6210950613021851,0.65966796875,0.55859375,0.5703125
0.69921875,256.0,0.5,0.412109375,256.0,2027,0.6356329917907715,0.6436408758163452,0.5234375,0.611328125
0.66796875,256.0,0.5,0.439453125,256.0,2028,0.6227040886878967,0.624302864074707,0.546875,0.607421875
0.74609375,256.0,0.5,0.37109375,256.0,2029,0.6306660175323486,0.6329991817474365,0.48828125,0.6171875
0.75390625,256.0,0.5,0.390625,256.0,2030,0.6190451383590698,0.624906063079834,0.53515625,0.64453125
0.69140625,256.0,0.5,0.392578125,256.0,2031,0.6248485445976257,0.6352791786193848,0.4765625,0.583984375
0.7734375,256.0,0.5,0.365234375,256.0,2032,0.6357360482215881,0.6275460720062256,0.50390625,0.638671875
0.70703125,256.0,0.5,0.392578125,256.0,2033,0.6167437434196472,0.6412005424499512,0.4921875,0.599609375
0.73828125,256.0,0.5,0.408203125,256.0,2034,0.6182962656021118,0.619526743888855,0.5546875,0.646484375
0.76171875,256.0,0.5,0.39453125,256.0,2035,0.5937607288360596,0.5790712237358093,0.55078125,0.65625
0.75390625,256.0,0.5,0.380859375,256.0,2036,0.615086555480957,0.6004989743232727,0.515625,0.634765625
0.68359375,256.0,0.5,0.43359375,256.0,2037,0.6193853616714478,0.6191838979721069,0.55078125,0.6171875
0.70703125,256.0,0.5,0.416015625,256.0,2038,0.6236545443534851,0.6226955056190491,0.5390625,0.623046875
0.73046875,256.0,0.5,0.40625,256.0,2039,0.630795955657959,0.6360892653465271,0.54296875,0.63671875
0.72265625,256.0,0.5,0.3984375,256.0,2040,0.6028649806976318,0.6151628494262695,0.51953125,0.62109375
0.65625,256.0,0.5,0.462890625,256.0,2041,0.6123596429824829,0.6249920725822449,0.58203125,0.619140625
0.6015625,256.0,0.5,0.470703125,256.0,2042,0.635181725025177,0.6605156660079956,0.54296875,0.572265625
0.62109375,256.0,0.5,0.4765625,256.0,2043,0.6087000370025635,0.6352605819702148,0.57421875,0.59765625
0.71484375,256.0,0.5,0.388671875,256.0,2044,0.6306582689285278,0.6346980333328247,0.4921875,0.603515625
0.76953125,256.0,0.5,0.3359375,256.0,2045,0.6317794919013977,0.6367203593254089,0.44140625,0.60546875
0.703125,256.0,0.5,0.396484375,256.0,2046,0.6360858082771301,0.6339510083198547,0.49609375,0.599609375
0.79296875,256.0,0.5,0.3359375,256.0,2047,0.6360190510749817,0.6235238313674927,0.46484375,0.62890625
0.75,256.0,0.5,0.353515625,256.0,2048,0.6257485151290894,0.6331732273101807,0.45703125,0.603515625
0.78515625,256.0,0.5,0.330078125,256.0,2049,0.6230654716491699,0.6214494705200195,0.4453125,0.615234375
0.76171875,256.0,0.5,0.3671875,256.0,2050,0.6389166712760925,0.6255770921707153,0.49609375,0.62890625
0.6875,256.0,0.5,0.396484375,256.0,2051,0.6328018307685852,0.6511735320091248,0.48046875,0.583984375
0.71484375,256.0,0.5,0.37109375,256.0,2052,0.6228395700454712,0.6310786008834839,0.45703125,0.5859375
0.7109375,256.0,0.5,0.404296875,256.0,2053,0.6295979619026184,0.6217178106307983,0.51953125,0.615234375
0.71484375,256.0,0.5,0.412109375,256.0,2054,0.6354445219039917,0.6279067397117615,0.5390625,0.626953125
0.70703125,256.0,0.5,0.404296875,256.0,2055,0.634556770324707,0.6291146278381348,0.515625,0.611328125
0.80859375,256.0,0.5,0.35546875,256.0,2056,0.6288983821868896,0.6159082651138306,0.51953125,0.6640625
0.6640625,256.0,0.5,0.44921875,256.0,2057,0.6185939311981201,0.6235148906707764,0.5625,0.61328125
0.66015625,256.0,0.5,0.408203125,256.0,2058,0.643409788608551,0.6626825332641602,0.4765625,0.568359375
0.65625,256.0,0.5,0.453125,256.0,2059,0.6233764886856079,0.6261330842971802,0.5625,0.609375
0.69140625,256.0,0.5,0.41015625,256.0,2060,0.6381005048751831,0.6434741020202637,0.51171875,0.6015625
0.67578125,256.0,0.5,0.41796875,256.0,2061,0.6315913200378418,0.650123119354248,0.51171875,0.59375
0.71484375,256.0,0.5,0.39453125,256.0,2062,0.6407490372657776,0.6264868974685669,0.50390625,0.609375
0.72265625,256.0,0.5,0.37890625,256.0,2063,0.6399359703063965,0.6301997900009155,0.48046875,0.6015625
0.76171875,256.0,0.5,0.37890625,256.0,2064,0.6214001178741455,0.6030433177947998,0.51953125,0.640625
0.84375,256.0,0.5,0.32421875,256.0,2065,0.6333777904510498,0.6065576672554016,0.4921875,0.66796875
0.79296875,256.0,0.5,0.322265625,256.0,2066,0.6441648006439209,0.6375254392623901,0.4375,0.615234375
0.76171875,256.0,0.5,0.353515625,256.0,2067,0.6283162832260132,0.6268314719200134,0.46875,0.615234375
0.6796875,256.0,0.5,0.423828125,256.0,2068,0.6292474269866943,0.6526697874069214,0.52734375,0.603515625
0.6796875,256.0,0.5,0.443359375,256.0,2069,0.6355533599853516,0.6402284502983093,0.56640625,0.623046875
0.5546875,256.0,0.5,0.533203125,256.0,2070,0.6100323796272278,0.641448974609375,0.62109375,0.587890625
0.66015625,256.0,0.5,0.439453125,256.0,2071,0.6238304376602173,0.6266590356826782,0.5390625,0.599609375
0.58203125,256.0,0.5,0.48046875,256.0,2072,0.6206722855567932,0.6444957256317139,0.54296875,0.5625
0.69140625,256.0,0.5,0.404296875,256.0,2073,0.635655403137207,0.6448126435279846,0.5,0.595703125
0.8203125,256.0,0.5,0.31640625,256.0,2074,0.6299603581428528,0.6244455575942993,0.453125,0.63671875
0.77734375,256.0,0.5,0.326171875,256.0,2075,0.6287705302238464,0.6230053901672363,0.4296875,0.603515625
0.7890625,256.0,0.5,0.306640625,256.0,2076,0.637495756149292,0.6392406821250916,0.40234375,0.595703125
0.91015625,256.0,0.5,0.23046875,256.0,2077,0.641575813293457,0.623992919921875,0.37109375,0.640625
0.8828125,256.0,0.5,0.236328125,256.0,2078,0.6380018591880798,0.6281851530075073,0.35546875,0.619140625
0.7734375,256.0,0.5,0.31640625,256.0,2079,0.6442516446113586,0.666643500328064,0.40625,0.58984375
0.8828125,256.0,0.5,0.26953125,256.0,2080,0.6344414353370667,0.6124826669692993,0.421875,0.65234375
0.7109375,256.0,0.5,0.359375,256.0,2081,0.6336423754692078,0.6427583694458008,0.4296875,0.5703125
0.7265625,256.0,0.5,0.361328125,256.0,2082,0.6380079984664917,0.6547862887382507,0.44921875,0.587890625
0.69140625,256.0,0.5,0.404296875,256.0,2083,0.6303722858428955,0.6434227824211121,0.5,0.595703125
0.65625,256.0,0.5,0.458984375,256.0,2084,0.6117345690727234,0.6443535685539246,0.57421875,0.615234375
0.72265625,256.0,0.5,0.40625,256.0,2085,0.6136760711669922,0.6300009489059448,0.53515625,0.62890625
0.6484375,256.0,0.5,0.462890625,256.0,2086,0.6253396272659302,0.6483840346336365,0.57421875,0.611328125
0.64453125,256.0,0.5,0.44140625,256.0,2087,0.6300899982452393,0.6481714248657227,0.52734375,0.5859375
0.56640625,256.0,0.5,0.48828125,256.0,2088,0.6237411499023438,0.6635403037071228,0.54296875,0.5546875
0.62109375,256.0,0.5,0.47265625,256.0,2089,0.6289573311805725,0.6417335867881775,0.56640625,0.59375
0.74609375,256.0,0.5,0.35546875,256.0,2090,0.6266707181930542,0.6228894591331482,0.45703125,0.6015625
0.7890625,256.0,0.5,0.287109375,256.0,2091,0.6426805853843689,0.6635886430740356,0.36328125,0.576171875
0.8359375,256.0,0.5,0.279296875,256.0,2092,0.6367448568344116,0.627708911895752,0.39453125,0.615234375
0.76171875,256.0,0.5,0.322265625,256.0,2093,0.6372894048690796,0.6480902433395386,0.40625,0.583984375
0.76953125,256.0,0.5,0.283203125,256.0,2094,0.6341786980628967,0.6338164806365967,0.3359375,0.552734375
0.83984375,256.0,0.5,0.263671875,256.0,2095,0.6425849199295044,0.6268991231918335,0.3671875,0.603515625
0.8671875,256.0,0.5,0.23046875,256.0,2096,0.6188077330589294,0.6167111396789551,0.328125,0.59765625
0.875,256.0,0.5,0.21484375,256.0,2097,0.641745924949646,0.6393164396286011,0.3046875,0.58984375
0.83984375,256.0,0.5,0.267578125,256.0,2098,0.6408610343933105,0.6287734508514404,0.375,0.607421875
0.82421875,256.0,0.5,0.26953125,256.0,2099,0.6354690194129944,0.6351068019866943,0.36328125,0.59375
0.8515625,256.0,0.5,0.2734375,256.0,2100,0.6349121332168579,0.6245416402816772,0.3984375,0.625
0.796875,256.0,0.5,0.328125,256.0,2101,0.6366181373596191,0.6391043663024902,0.453125,0.625
0.73828125,256.0,0.5,0.380859375,256.0,2102,0.656154990196228,0.6465986371040344,0.5,0.619140625
0.703125,256.0,0.5,0.439453125,256.0,2103,0.6390138864517212,0.634109377861023,0.58203125,0.642578125
0.65625,256.0,0.5,0.46484375,256.0,2104,0.6210888624191284,0.6375971436500549,0.5859375,0.62109375
0.58984375,256.0,0.5,0.505859375,256.0,2105,0.6256070137023926,0.6443665027618408,0.6015625,0.595703125
0.546875,256.0,0.5,0.541015625,256.0,2106,0.6191213726997375,0.6545969247817993,0.62890625,0.587890625
0.546875,256.0,0.5,0.529296875,256.0,2107,0.6298620700836182,0.6502895355224609,0.60546875,0.576171875
0.56640625,256.0,0.5,0.49609375,256.0,2108,0.6269485950469971,0.6565210819244385,0.55859375,0.5625
0.765625,256.0,0.5,0.40234375,256.0,2109,0.6325417757034302,0.6122863292694092,0.5703125,0.66796875
0.671875,256.0,0.5,0.439453125,256.0,2110,0.6223227381706238,0.6244027018547058,0.55078125,0.611328125
0.6875,256.0,0.5,0.423828125,256.0,2111,0.6243650913238525,0.6220591068267822,0.53515625,0.611328125
0.73828125,256.0,0.5,0.39453125,256.0,2112,0.6317855715751648,0.6349958181381226,0.52734375,0.6328125
0.78515625,256.0,0.5,0.30859375,256.0,2113,0.6373779773712158,0.6397852897644043,0.40234375,0.59375
0.76171875,256.0,0.5,0.361328125,256.0,2114,0.6278799176216125,0.6177293062210083,0.484375,0.623046875
0.796875,256.0,0.5,0.27734375,256.0,2115,0.6342153549194336,0.6370831727981567,0.3515625,0.57421875
0.875,256.0,0.5,0.232421875,256.0,2116,0.6402906179428101,0.6452775597572327,0.33984375,0.607421875
0.91015625,256.0,0.5,0.220703125,256.0,2117,0.6414724588394165,0.6232333779335022,0.3515625,0.630859375
0.859375,256.0,0.5,0.3046875,256.0,2118,0.6320964097976685,0.6290816068649292,0.46875,0.6640625
0.74609375,256.0,0.5,0.365234375,256.0,2119,0.6288250684738159,0.6409364938735962,0.4765625,0.611328125
0.7578125,256.0,0.5,0.3828125,256.0,2120,0.6368268728256226,0.6109402179718018,0.5234375,0.640625
0.734375,256.0,0.5,0.41015625,256.0,2121,0.620237410068512,0.6198246479034424,0.5546875,0.64453125
0.65234375,256.0,0.5,0.45703125,256.0,2122,0.6221054792404175,0.6167752742767334,0.56640625,0.609375
0.55078125,256.0,0.5,0.48828125,256.0,2123,0.616417407989502,0.6549077033996582,0.52734375,0.5390625
0.6171875,256.0,0.5,0.486328125,256.0,2124,0.6212134957313538,0.6370862722396851,0.58984375,0.603515625
0.6015625,256.0,0.5,0.513671875,256.0,2125,0.6180576682090759,0.6352307796478271,0.62890625,0.615234375
0.64453125,256.0,0.5,0.48828125,256.0,2126,0.6258015036582947,0.6241484880447388,0.62109375,0.6328125
0.57421875,256.0,0.5,0.517578125,256.0,2127,0.63102126121521,0.6497247815132141,0.609375,0.591796875
0.60546875,256.0,0.5,0.47265625,256.0,2128,0.6186652779579163,0.656377911567688,0.55078125,0.578125
0.671875,256.0,0.5,0.412109375,256.0,2129,0.6255848407745361,0.6302955150604248,0.49609375,0.583984375
0.6640625,256.0,0.5,0.412109375,256.0,2130,0.6368388533592224,0.6489379405975342,0.48828125,0.576171875
0.77734375,256.0,0.5,0.34375,256.0,2131,0.6166428923606873,0.6157940626144409,0.46484375,0.62109375
0.80078125,256.0,0.5,0.28515625,256.0,2132,0.6222739219665527,0.6285971999168396,0.37109375,0.5859375
0.921875,256.0,0.5,0.19921875,256.0,2133,0.6281676292419434,0.6268742084503174,0.3203125,0.62109375
0.90234375,256.0,0.5,0.181640625,256.0,2134,0.648054838180542,0.6638683080673218,0.265625,0.583984375
0.9375,256.0,0.5,0.16796875,256.0,2135,0.640982985496521,0.6431022882461548,0.2734375,0.60546875
0.84375,256.0,0.5,0.25,256.0,2136,0.6202532052993774,0.6299155950546265,0.34375,0.59375
0.78515625,256.0,0.5,0.267578125,256.0,2137,0.640859842300415,0.6661231517791748,0.3203125,0.552734375
0.80078125,256.0,0.5,0.33203125,256.0,2138,0.6419118642807007,0.6293991804122925,0.46484375,0.6328125
0.71875,256.0,0.5,0.373046875,256.0,2139,0.6408289074897766,0.6521010398864746,0.46484375,0.591796875
0.58203125,256.0,0.5,0.45703125,256.0,2140,0.6401088237762451,0.6753184795379639,0.49609375,0.5390625
0.65234375,256.0,0.5,0.478515625,256.0,2141,0.6160316467285156,0.6066539287567139,0.609375,0.630859375
0.625,256.0,0.5,0.484375,256.0,2142,0.6282558441162109,0.6422882676124573,0.59375,0.609375
0.65625,256.0,0.5,0.455078125,256.0,2143,0.6215657591819763,0.6316490769386292,0.56640625,0.611328125
0.71484375,256.0,0.5,0.439453125,256.0,2144,0.6248704195022583,0.6191971302032471,0.59375,0.654296875
0.5390625,256.0,0.5,0.51171875,256.0,2145,0.6339548230171204,0.6667369604110718,0.5625,0.55078125
0.609375,256.0,0.5,0.515625,256.0,2146,0.6371403336524963,0.6313683986663818,0.640625,0.625
0.5703125,256.0,0.5,0.525390625,256.0,2147,0.6187913417816162,0.636898934841156,0.62109375,0.595703125
0.640625,256.0,0.5,0.4765625,256.0,2148,0.6241658926010132,0.63380366563797,0.59375,0.6171875
0.57421875,256.0,0.5,0.494140625,256.0,2149,0.6290832757949829,0.643947958946228,0.5625,0.568359375
0.66015625,256.0,0.5,0.453125,256.0,2150,0.6276558041572571,0.6236716508865356,0.56640625,0.61328125
0.61328125,256.0,0.5,0.451171875,256.0,2151,0.6411719918251038,0.652311384677887,0.515625,0.564453125
0.734375,256.0,0.5,0.330078125,256.0,2152,0.6326817870140076,0.6352133750915527,0.39453125,0.564453125
0.89453125,256.0,0.5,0.234375,256.0,2153,0.6397553086280823,0.6273307800292969,0.36328125,0.62890625
0.83203125,256.0,0.5,0.240234375,256.0,2154,0.6359114050865173,0.6391193866729736,0.3125,0.572265625
0.93359375,256.0,0.5,0.146484375,256.0,2155,0.6354091167449951,0.6484993100166321,0.2265625,0.580078125
0.9296875,256.0,0.5,0.162109375,256.0,2156,0.630084753036499,0.6285038590431213,0.25390625,0.591796875
0.8671875,256.0,0.5,0.240234375,256.0,2157,0.6261346936225891,0.6433572173118591,0.34765625,0.607421875
0.8828125,256.0,0.5,0.1953125,256.0,2158,0.6494519710540771,0.664118766784668,0.2734375,0.578125
0.84765625,256.0,0.5,0.27734375,256.0,2159,0.631321907043457,0.6493453979492188,0.40234375,0.625
0.70703125,256.0,0.5,0.365234375,256.0,2160,0.6420921683311462,0.6460772752761841,0.4375,0.572265625
0.65625,256.0,0.5,0.40625,256.0,2161,0.652239203453064,0.6660571098327637,0.46875,0.5625
0.71875,256.0,0.5,0.408203125,256.0,2162,0.625851035118103,0.6192090511322021,0.53515625,0.626953125
0.625,256.0,0.5,0.515625,256.0,2163,0.6205569505691528,0.6286777257919312,0.65625,0.640625
0.5625,256.0,0.5,0.521484375,256.0,2164,0.6162046194076538,0.6387208700180054,0.60546875,0.583984375
0.6015625,256.0,0.5,0.513671875,256.0,2165,0.61823970079422,0.6310552358627319,0.62890625,0.615234375
0.54296875,256.0,0.5,0.53515625,256.0,2166,0.6202888488769531,0.650449812412262,0.61328125,0.578125
0.5859375,256.0,0.5,0.501953125,256.0,2167,0.6262899041175842,0.6469789147377014,0.58984375,0.587890625
0.66796875,256.0,0.5,0.45703125,256.0,2168,0.6334438920021057,0.6406904458999634,0.58203125,0.625
0.5546875,256.0,0.5,0.515625,256.0,2169,0.6216580867767334,0.6633798480033875,0.5859375,0.5703125
0.67578125,256.0,0.5,0.455078125,256.0,2170,0.6277170181274414,0.6186690330505371,0.5859375,0.630859375
0.70703125,256.0,0.5,0.388671875,256.0,2171,0.63228839635849,0.637962281703949,0.484375,0.595703125
0.75390625,256.0,0.5,0.365234375,256.0,2172,0.6312669515609741,0.6343914270401001,0.484375,0.619140625
0.765625,256.0,0.5,0.3671875,256.0,2173,0.6336379051208496,0.6234608292579651,0.5,0.6328125
0.85546875,256.0,0.5,0.279296875,256.0,2174,0.6359659433364868,0.6316152811050415,0.4140625,0.634765625
0.7890625,256.0,0.5,0.318359375,256.0,2175,0.6385231614112854,0.6351413726806641,0.42578125,0.607421875
0.8046875,256.0,0.5,0.31640625,256.0,2176,0.6429941654205322,0.635172963142395,0.4375,0.62109375
0.7578125,256.0,0.5,0.328125,256.0,2177,0.6430323123931885,0.6390337944030762,0.4140625,0.5859375
0.80078125,256.0,0.5,0.326171875,256.0,2178,0.6438427567481995,0.6278035044670105,0.453125,0.626953125
0.75,256.0,0.5,0.337890625,256.0,2179,0.6448115706443787,0.6447849869728088,0.42578125,0.587890625
0.76953125,256.0,0.5,0.40625,256.0,2180,0.6314249038696289,0.6087937355041504,0.58203125,0.67578125
0.6796875,256.0,0.5,0.42578125,256.0,2181,0.6356933116912842,0.6513974666595459,0.53125,0.60546875
0.65234375,256.0,0.5,0.466796875,256.0,2182,0.6352494955062866,0.629311740398407,0.5859375,0.619140625
0.6328125,256.0,0.5,0.50390625,256.0,2183,0.6216997504234314,0.607481837272644,0.640625,0.63671875
0.6015625,256.0,0.5,0.47265625,256.0,2184,0.6321394443511963,0.6388083696365356,0.546875,0.57421875
0.57421875,256.0,0.5,0.505859375,256.0,2185,0.6243122220039368,0.642772376537323,0.5859375,0.580078125
0.609375,256.0,0.5,0.505859375,256.0,2186,0.62322598695755,0.6253839731216431,0.62109375,0.615234375
0.67578125,256.0,0.5,0.4375,256.0,2187,0.632141649723053,0.6418749690055847,0.55078125,0.61328125
0.71484375,256.0,0.5,0.400390625,256.0,2188,0.6327981948852539,0.6431476473808289,0.515625,0.615234375
0.61328125,256.0,0.5,0.455078125,256.0,2189,0.6145769953727722,0.6415572762489319,0.5234375,0.568359375
0.68359375,256.0,0.5,0.404296875,256.0,2190,0.6374989748001099,0.642108142375946,0.4921875,0.587890625
0.68359375,256.0,0.5,0.37890625,256.0,2191,0.6318193078041077,0.6415246725082397,0.44140625,0.5625
0.75390625,256.0,0.5,0.333984375,256.0,2192,0.6395899057388306,0.6380018591880798,0.421875,0.587890625
0.73828125,256.0,0.5,0.34765625,256.0,2193,0.6360417604446411,0.6439438462257385,0.43359375,0.5859375
0.8203125,256.0,0.5,0.29296875,256.0,2194,0.6247432231903076,0.6202217936515808,0.40625,0.61328125
0.73828125,256.0,0.5,0.349609375,256.0,2195,0.6220545768737793,0.6424813270568848,0.4375,0.587890625
0.76171875,256.0,0.5,0.3203125,256.0,2196,0.6435829997062683,0.6576565504074097,0.40234375,0.58203125
0.85546875,256.0,0.5,0.3046875,256.0,2197,0.6397045850753784,0.6183347702026367,0.46484375,0.66015625
0.703125,256.0,0.5,0.396484375,256.0,2198,0.6308554410934448,0.6381329298019409,0.49609375,0.599609375
0.69921875,256.0,0.5,0.388671875,256.0,2199,0.6402486562728882,0.6512031555175781,0.4765625,0.587890625
0.70703125,256.0,0.5,0.400390625,256.0,2200,0.632555365562439,0.650407075881958,0.5078125,0.607421875
0.6953125,256.0,0.5,0.404296875,256.0,2201,0.6364246606826782,0.65436851978302,0.50390625,0.599609375
0.5625,256.0,0.5,0.50390625,256.0,2202,0.6233075261116028,0.6470175981521606,0.5703125,0.56640625
0.6640625,256.0,0.5,0.41796875,256.0,2203,0.6229163408279419,0.6430206298828125,0.5,0.58203125
0.6484375,256.0,0.5,0.46484375,256.0,2204,0.632207989692688,0.634049117565155,0.578125,0.61328125
0.70703125,256.0,0.5,0.427734375,256.0,2205,0.6320698261260986,0.6207950711250305,0.5625,0.634765625
0.69921875,256.0,0.5,0.42578125,256.0,2206,0.632784366607666,0.6331210136413574,0.55078125,0.625
0.62890625,256.0,0.5,0.4453125,256.0,2207,0.6410573124885559,0.6504557728767395,0.51953125,0.57421875
0.625,256.0,0.5,0.486328125,256.0,2208,0.6374706625938416,0.6276891231536865,0.59765625,0.611328125
0.67578125,256.0,0.5,0.43359375,256.0,2209,0.635835587978363,0.6269493103027344,0.54296875,0.609375
0.59375,256.0,0.5,0.4765625,256.0,2210,0.6367279291152954,0.6527820825576782,0.546875,0.5703125
0.69140625,256.0,0.5,0.3984375,256.0,2211,0.6373289227485657,0.6426323056221008,0.48828125,0.58984375
0.7421875,256.0,0.5,0.359375,256.0,2212,0.6319209337234497,0.62017822265625,0.4609375,0.6015625
0.69140625,256.0,0.5,0.39453125,256.0,2213,0.6342343688011169,0.6396755576133728,0.48046875,0.5859375
0.6875,256.0,0.5,0.37109375,256.0,2214,0.6452599763870239,0.6536388397216797,0.4296875,0.55859375
0.7109375,256.0,0.5,0.3046875,256.0,2215,0.6460433006286621,0.6803473234176636,0.3203125,0.515625
0.8046875,256.0,0.5,0.263671875,256.0,2216,0.640233039855957,0.6734696626663208,0.33203125,0.568359375
0.77734375,256.0,0.5,0.30078125,256.0,2217,0.6473859548568726,0.6501603722572327,0.37890625,0.578125
0.8203125,256.0,0.5,0.259765625,256.0,2218,0.6382570266723633,0.6402491331100464,0.33984375,0.580078125
0.82421875,256.0,0.5,0.251953125,256.0,2219,0.6484943628311157,0.6370052695274353,0.328125,0.576171875
0.7578125,256.0,0.5,0.3046875,256.0,2220,0.6539562940597534,0.6565883755683899,0.3671875,0.5625
0.81640625,256.0,0.5,0.275390625,256.0,2221,0.648688554763794,0.6425129175186157,0.3671875,0.591796875
0.71484375,256.0,0.5,0.384765625,256.0,2222,0.6358239650726318,0.6307382583618164,0.484375,0.599609375
0.80078125,256.0,0.5,0.357421875,256.0,2223,0.6390196084976196,0.6169599294662476,0.515625,0.658203125
0.66796875,256.0,0.5,0.41015625,256.0,2224,0.6369255781173706,0.6392461061477661,0.48828125,0.578125
0.5390625,256.0,0.5,0.521484375,256.0,2225,0.624636709690094,0.6436738967895508,0.58203125,0.560546875
0.65625,256.0,0.5,0.431640625,256.0,2226,0.6266469359397888,0.6256436705589294,0.51953125,0.587890625
0.69140625,256.0,0.5,0.404296875,256.0,2227,0.635739266872406,0.6322469711303711,0.5,0.595703125
0.71875,256.0,0.5,0.412109375,256.0,2228,0.6433500051498413,0.6220643520355225,0.54296875,0.630859375
0.73046875,256.0,0.5,0.396484375,256.0,2229,0.6305361986160278,0.6410019397735596,0.5234375,0.626953125
0.69140625,256.0,0.5,0.3828125,256.0,2230,0.6356053948402405,0.6342093348503113,0.45703125,0.57421875
0.7421875,256.0,0.5,0.35546875,256.0,2231,0.6333248615264893,0.6219637989997864,0.453125,0.59765625
0.8046875,256.0,0.5,0.333984375,256.0,2232,0.63327956199646,0.6327135562896729,0.47265625,0.638671875
0.64453125,256.0,0.5,0.416015625,256.0,2233,0.6233373880386353,0.6524212956428528,0.4765625,0.560546875
0.75,256.0,0.5,0.3671875,256.0,2234,0.6339610815048218,0.6451724767684937,0.484375,0.6171875
0.69921875,256.0,0.5,0.412109375,256.0,2235,0.6382256746292114,0.6350839138031006,0.5234375,0.611328125
0.76953125,256.0,0.5,0.345703125,256.0,2236,0.6319060325622559,0.6187635064125061,0.4609375,0.615234375
0.70703125,256.0,0.5,0.421875,256.0,2237,0.6316777467727661,0.6237584948539734,0.55078125,0.62890625
0.67578125,256.0,0.5,0.404296875,256.0,2238,0.6334898471832275,0.6275692582130432,0.484375,0.580078125
0.671875,256.0,0.5,0.4140625,256.0,2239,0.6362161636352539,0.6298757791519165,0.5,0.5859375
0.70703125,256.0,0.5,0.38671875,256.0,2240,0.6394241452217102,0.6433831453323364,0.48046875,0.59375
0.765625,256.0,0.5,0.345703125,256.0,2241,0.6407536864280701,0.6389317512512207,0.45703125,0.611328125
0.69921875,256.0,0.5,0.38671875,256.0,2242,0.6283479928970337,0.6481202244758606,0.47265625,0.5859375
0.734375,256.0,0.5,0.380859375,256.0,2243,0.6275429129600525,0.6300165057182312,0.49609375,0.615234375
0.7109375,256.0,0.5,0.396484375,256.0,2244,0.6264278888702393,0.6245169639587402,0.50390625,0.607421875
0.78125,256.0,0.5,0.353515625,256.0,2245,0.6297725439071655,0.6350145936012268,0.48828125,0.634765625
0.62109375,256.0,0.5,0.41015625,256.0,2246,0.6312683820724487,0.6540507078170776,0.44140625,0.53125
0.74609375,256.0,0.5,0.376953125,256.0,2247,0.6464674472808838,0.6339168548583984,0.5,0.623046875
0.6796875,256.0,0.5,0.384765625,256.0,2248,0.6367862224578857,0.656444787979126,0.44921875,0.564453125
0.71484375,256.0,0.5,0.361328125,256.0,2249,0.6400866508483887,0.6569727659225464,0.4375,0.576171875
0.7890625,256.0,0.5,0.333984375,256.0,2250,0.6411358118057251,0.6380130648612976,0.45703125,0.623046875
0.6953125,256.0,0.5,0.41796875,256.0,2251,0.6278277635574341,0.6304198503494263,0.53125,0.61328125
0.71484375,256.0,0.5,0.416015625,256.0,2252,0.6313106417655945,0.6236037611961365,0.546875,0.630859375
0.75,256.0,0.5,0.37890625,256.0,2253,0.6356016397476196,0.6191588640213013,0.5078125,0.62890625
0.65234375,256.0,0.5,0.427734375,256.0,2254,0.6323896646499634,0.6503888964653015,0.5078125,0.580078125
0.60546875,256.0,0.5,0.478515625,256.0,2255,0.6340060830116272,0.646902322769165,0.5625,0.583984375
0.671875,256.0,0.5,0.41796875,256.0,2256,0.6341730356216431,0.6475703120231628,0.5078125,0.58984375
0.703125,256.0,0.5,0.37109375,256.0,2257,0.6271377801895142,0.6423884630203247,0.4453125,0.57421875
0.77734375,256.0,0.5,0.337890625,256.0,2258,0.6311761140823364,0.6363236904144287,0.453125,0.615234375
0.80859375,256.0,0.5,0.3046875,256.0,2259,0.632253885269165,0.6606899499893188,0.41796875,0.61328125
0.83203125,256.0,0.5,0.32421875,256.0,2260,0.617069661617279,0.6188632249832153,0.48046875,0.65625
0.7109375,256.0,0.5,0.431640625,256.0,2261,0.6156532764434814,0.6154864430427551,0.57421875,0.642578125
0.71484375,256.0,0.5,0.41796875,256.0,2262,0.6194295883178711,0.6340135335922241,0.55078125,0.6328125
0.69921875,256.0,0.5,0.427734375,256.0,2263,0.6218316555023193,0.6216086149215698,0.5546875,0.626953125
0.59765625,256.0,0.5,0.462890625,256.0,2264,0.6272265911102295,0.6676658391952515,0.5234375,0.560546875
0.6796875,256.0,0.5,0.46484375,256.0,2265,0.6225546002388,0.6125086545944214,0.609375,0.64453125
0.5703125,256.0,0.5,0.501953125,256.0,2266,0.6183782815933228,0.649374783039093,0.57421875,0.572265625
0.65234375,256.0,0.5,0.44921875,256.0,2267,0.6317089796066284,0.6383744478225708,0.55078125,0.6015625
0.6953125,256.0,0.5,0.4609375,256.0,2268,0.6196213960647583,0.6148282885551453,0.6171875,0.65625
0.734375,256.0,0.5,0.4140625,256.0,2269,0.6306325197219849,0.62492835521698,0.5625,0.6484375
0.69921875,256.0,0.5,0.4140625,256.0,2270,0.6337941884994507,0.6274176239967346,0.52734375,0.61328125
0.75390625,256.0,0.5,0.375,256.0,2271,0.6383803486824036,0.6233359575271606,0.50390625,0.62890625
0.70703125,256.0,0.5,0.3984375,256.0,2272,0.6287699341773987,0.6396176815032959,0.50390625,0.60546875
0.703125,256.0,0.5,0.419921875,256.0,2273,0.6245009899139404,0.6413060426712036,0.54296875,0.623046875
0.69921875,256.0,0.5,0.41015625,256.0,2274,0.635806679725647,0.6327163577079773,0.51953125,0.609375
0.66015625,256.0,0.5,0.4140625,256.0,2275,0.6382818818092346,0.6444602012634277,0.48828125,0.57421875
0.85546875,256.0,0.5,0.314453125,256.0,2276,0.6306403875350952,0.6219781041145325,0.484375,0.669921875
0.71875,256.0,0.5,0.380859375,256.0,2277,0.631208062171936,0.6606419086456299,0.48046875,0.599609375
0.67578125,256.0,0.5,0.423828125,256.0,2278,0.6326740384101868,0.625752329826355,0.5234375,0.599609375
0.72265625,256.0,0.5,0.412109375,256.0,2279,0.6211137771606445,0.6328908801078796,0.546875,0.634765625
0.64453125,256.0,0.5,0.43359375,256.0,2280,0.6414417028427124,0.6644731760025024,0.51171875,0.578125
0.625,256.0,0.5,0.46875,256.0,2281,0.6391662955284119,0.6478811502456665,0.5625,0.59375
0.703125,256.0,0.5,0.404296875,256.0,2282,0.6349993944168091,0.6313453912734985,0.51171875,0.607421875
0.72265625,256.0,0.5,0.359375,256.0,2283,0.6400776505470276,0.6434430480003357,0.44140625,0.58203125
0.7265625,256.0,0.5,0.37890625,256.0,2284,0.6379080414772034,0.6370068788528442,0.484375,0.60546875
0.77734375,256.0,0.5,0.328125,256.0,2285,0.6237726211547852,0.6371015906333923,0.43359375,0.60546875
0.76953125,256.0,0.5,0.349609375,256.0,2286,0.6303969621658325,0.6434940099716187,0.46875,0.619140625
0.734375,256.0,0.5,0.369140625,256.0,2287,0.6287572383880615,0.6325754523277283,0.47265625,0.603515625
0.69140625,256.0,0.5,0.404296875,256.0,2288,0.6381694674491882,0.6520050168037415,0.5,0.595703125
0.69921875,256.0,0.5,0.40234375,256.0,2289,0.6353596448898315,0.6353400349617004,0.50390625,0.6015625
0.58203125,256.0,0.5,0.453125,256.0,2290,0.6244081258773804,0.6433552503585815,0.48828125,0.53515625
0.78125,256.0,0.5,0.37109375,256.0,2291,0.6085970401763916,0.6006883978843689,0.5234375,0.65234375
0.69140625,256.0,0.5,0.39453125,256.0,2292,0.6135781407356262,0.6150093078613281,0.48046875,0.5859375
0.75,256.0,0.5,0.36328125,256.0,2293,0.6395180225372314,0.6401950120925903,0.4765625,0.61328125
0.77734375,256.0,0.5,0.3515625,256.0,2294,0.6224021315574646,0.6150625944137573,0.48046875,0.62890625
0.73828125,256.0,0.5,0.41015625,256.0,2295,0.6282980442047119,0.6349877715110779,0.55859375,0.6484375
0.78515625,256.0,0.5,0.37890625,256.0,2296,0.6201432943344116,0.6016216278076172,0.54296875,0.6640625
0.734375,256.0,0.5,0.392578125,256.0,2297,0.6259925365447998,0.6221201419830322,0.51953125,0.626953125
0.56640625,256.0,0.5,0.517578125,256.0,2298,0.6188924312591553,0.6508472561836243,0.6015625,0.583984375
0.5,256.0,0.5,0.572265625,256.0,2299,0.6229273676872253,0.6633318662643433,0.64453125,0.572265625
0.6171875,256.0,0.5,0.46875,256.0,2300,0.6274726986885071,0.6426757574081421,0.5546875,0.5859375
0.55859375,256.0,0.5,0.529296875,256.0,2301,0.612155556678772,0.6350387334823608,0.6171875,0.587890625
0.64453125,256.0,0.5,0.46484375,256.0,2302,0.6325726509094238,0.6407947540283203,0.57421875,0.609375
0.6328125,256.0,0.5,0.494140625,256.0,2303,0.6312196254730225,0.6244165301322937,0.62109375,0.626953125
0.63671875,256.0,0.5,0.455078125,256.0,2304,0.62175053358078,0.6546548008918762,0.546875,0.591796875
0.671875,256.0,0.5,0.451171875,256.0,2305,0.6326439380645752,0.6246973276138306,0.57421875,0.623046875
0.6796875,256.0,0.5,0.416015625,256.0,2306,0.6210842132568359,0.6282614469528198,0.51171875,0.595703125
0.6640625,256.0,0.5,0.431640625,256.0,2307,0.6403677463531494,0.6471566557884216,0.52734375,0.595703125
0.75,256.0,0.5,0.357421875,256.0,2308,0.6392137408256531,0.6437113881111145,0.46484375,0.607421875
0.76953125,256.0,0.5,0.318359375,256.0,2309,0.6329277157783508,0.6438255906105042,0.40625,0.587890625
0.78125,256.0,0.5,0.310546875,256.0,2310,0.6362911462783813,0.6494676470756531,0.40234375,0.591796875
0.91015625,256.0,0.5,0.193359375,256.0,2311,0.647877037525177,0.6406698226928711,0.296875,0.603515625
0.84375,256.0,0.5,0.234375,256.0,2312,0.6386188268661499,0.6426430344581604,0.3125,0.578125
0.80859375,256.0,0.5,0.283203125,256.0,2313,0.6355677843093872,0.6357596516609192,0.375,0.591796875
0.8671875,256.0,0.5,0.26171875,256.0,2314,0.6434269547462463,0.6291123628616333,0.390625,0.62890625
0.765625,256.0,0.5,0.353515625,256.0,2315,0.6317312717437744,0.6279835104942322,0.47265625,0.619140625
0.74609375,256.0,0.5,0.36328125,256.0,2316,0.6488782167434692,0.6427398920059204,0.47265625,0.609375
0.6875,256.0,0.5,0.439453125,256.0,2317,0.6369235515594482,0.6233881711959839,0.56640625,0.626953125
0.62109375,256.0,0.5,0.490234375,256.0,2318,0.6239529848098755,0.6311318874359131,0.6015625,0.611328125
0.66796875,256.0,0.5,0.455078125,256.0,2319,0.6251291036605835,0.624113917350769,0.578125,0.623046875
0.6796875,256.0,0.5,0.4609375,256.0,2320,0.618988037109375,0.6168495416641235,0.6015625,0.640625
0.69140625,256.0,0.5,0.4609375,256.0,2321,0.6244394183158875,0.6276341676712036,0.61328125,0.65234375
0.6015625,256.0,0.5,0.482421875,256.0,2322,0.6243311166763306,0.6613980531692505,0.56640625,0.583984375
0.72265625,256.0,0.5,0.4609375,256.0,2323,0.6305938959121704,0.6030719876289368,0.64453125,0.68359375
0.59765625,256.0,0.5,0.5,256.0,2324,0.622399091720581,0.634867787361145,0.59765625,0.59765625
0.4921875,256.0,0.5,0.572265625,256.0,2325,0.624642550945282,0.6659538149833679,0.63671875,0.564453125
0.69921875,256.0,0.5,0.416015625,256.0,2326,0.640591025352478,0.6254732608795166,0.53125,0.615234375
0.56640625,256.0,0.5,0.525390625,256.0,2327,0.6218879222869873,0.6515171527862549,0.6171875,0.591796875
0.66796875,256.0,0.5,0.46484375,256.0,2328,0.6329009532928467,0.6252140998840332,0.59765625,0.6328125
0.734375,256.0,0.5,0.396484375,256.0,2329,0.6310839653015137,0.6362043023109436,0.52734375,0.630859375
0.6640625,256.0,0.5,0.435546875,256.0,2330,0.6412299275398254,0.6621488332748413,0.53515625,0.599609375
0.609375,256.0,0.5,0.439453125,256.0,2331,0.6328463554382324,0.6503838300704956,0.48828125,0.548828125
0.7734375,256.0,0.5,0.361328125,256.0,2332,0.6298565864562988,0.6248245239257812,0.49609375,0.634765625
0.66796875,256.0,0.5,0.44140625,256.0,2333,0.6104583740234375,0.6308767795562744,0.55078125,0.609375
0.69140625,256.0,0.5,0.41015625,256.0,2334,0.6329919099807739,0.6431467533111572,0.51171875,0.6015625
0.75390625,256.0,0.5,0.3515625,256.0,2335,0.6345836520195007,0.6380970478057861,0.45703125,0.60546875
0.7578125,256.0,0.5,0.349609375,256.0,2336,0.6189038157463074,0.6149047613143921,0.45703125,0.607421875
0.75,256.0,0.5,0.357421875,256.0,2337,0.6329736709594727,0.6364350318908691,0.46484375,0.607421875
0.83203125,256.0,0.5,0.337890625,256.0,2338,0.6291838884353638,0.6117014288902283,0.5078125,0.669921875
0.6796875,256.0,0.5,0.41796875,256.0,2339,0.625787615776062,0.6364006400108337,0.515625,0.59765625
0.6953125,256.0,0.5,0.38671875,256.0,2340,0.6406577825546265,0.6390156745910645,0.46875,0.58203125
0.68359375,256.0,0.5,0.431640625,256.0,2341,0.6298407316207886,0.6212666034698486,0.546875,0.615234375
0.6484375,256.0,0.5,0.419921875,256.0,2342,0.6363599300384521,0.6465646028518677,0.48828125,0.568359375
0.6171875,256.0,0.5,0.443359375,256.0,2343,0.6324087381362915,0.656467854976654,0.50390625,0.560546875
0.7421875,256.0,0.5,0.3515625,256.0,2344,0.6271662712097168,0.6263136863708496,0.4453125,0.59375
0.703125,256.0,0.5,0.3984375,256.0,2345,0.634882926940918,0.6345875263214111,0.5,0.6015625
0.7578125,256.0,0.5,0.35546875,256.0,2346,0.6268059611320496,0.6288593411445618,0.46875,0.61328125
0.796875,256.0,0.5,0.322265625,256.0,2347,0.6224147081375122,0.6207437515258789,0.44140625,0.619140625
0.80859375,256.0,0.5,0.314453125,256.0,2348,0.6421448588371277,0.6392181515693665,0.4375,0.623046875
0.78125,256.0,0.5,0.357421875,256.0,2349,0.6376579999923706,0.6340026259422302,0.49609375,0.638671875
0.69140625,256.0,0.5,0.412109375,256.0,2350,0.6301519870758057,0.6315306425094604,0.515625,0.603515625
0.58984375,256.0,0.5,0.46484375,256.0,2351,0.630821168422699,0.6517894268035889,0.51953125,0.5546875
0.59375,256.0,0.5,0.48828125,256.0,2352,0.6307117938995361,0.6369568109512329,0.5703125,0.58203125
0.625,256.0,0.5,0.44921875,256.0,2353,0.6472392082214355,0.6470192074775696,0.5234375,0.57421875
0.62109375,256.0,0.5,0.44140625,256.0,2354,0.6303714513778687,0.6444007754325867,0.50390625,0.5625
0.75,256.0,0.5,0.392578125,256.0,2355,0.6385753154754639,0.6155692934989929,0.53515625,0.642578125
0.66015625,256.0,0.5,0.408203125,256.0,2356,0.637347936630249,0.6499728560447693,0.4765625,0.568359375
0.69921875,256.0,0.5,0.408203125,256.0,2357,0.6247904896736145,0.6102587580680847,0.515625,0.607421875
0.70703125,256.0,0.5,0.3828125,256.0,2358,0.6393815279006958,0.6417319178581238,0.47265625,0.58984375
0.70703125,256.0,0.5,0.390625,256.0,2359,0.6359424591064453,0.6424750685691833,0.48828125,0.59765625
0.71875,256.0,0.5,0.37890625,256.0,2360,0.6380207538604736,0.6526650786399841,0.4765625,0.59765625
0.74609375,256.0,0.5,0.365234375,256.0,2361,0.6312100887298584,0.6218608617782593,0.4765625,0.611328125
0.67578125,256.0,0.5,0.40234375,256.0,2362,0.6512231826782227,0.655959963798523,0.48046875,0.578125
0.77734375,256.0,0.5,0.35546875,256.0,2363,0.6296650171279907,0.6296655535697937,0.48828125,0.6328125
0.796875,256.0,0.5,0.353515625,256.0,2364,0.630160391330719,0.6108555197715759,0.50390625,0.650390625
0.71484375,256.0,0.5,0.365234375,256.0,2365,0.637721061706543,0.6427192687988281,0.4453125,0.580078125
0.61328125,256.0,0.5,0.4375,256.0,2366,0.6291220188140869,0.6568487286567688,0.48828125,0.55078125
0.7734375,256.0,0.5,0.37890625,256.0,2367,0.6304458975791931,0.6157915592193604,0.53125,0.65234375
0.66796875,256.0,0.5,0.427734375,256.0,2368,0.6222538948059082,0.6227465271949768,0.5234375,0.595703125
0.68359375,256.0,0.5,0.396484375,256.0,2369,0.6314204931259155,0.6341831684112549,0.4765625,0.580078125
0.76171875,256.0,0.5,0.3515625,256.0,2370,0.6324293613433838,0.621800422668457,0.46484375,0.61328125
0.62890625,256.0,0.5,0.43359375,256.0,2371,0.6449780464172363,0.6545749306678772,0.49609375,0.5625
0.69140625,256.0,0.5,0.38671875,256.0,2372,0.6340804696083069,0.645487368106842,0.46484375,0.578125
0.7421875,256.0,0.5,0.3828125,256.0,2373,0.636091947555542,0.6335630416870117,0.5078125,0.625
0.76171875,256.0,0.5,0.3671875,256.0,2374,0.6342810988426208,0.6287853121757507,0.49609375,0.62890625
0.75,256.0,0.5,0.388671875,256.0,2375,0.6213124990463257,0.6049138903617859,0.52734375,0.638671875
0.68359375,256.0,0.5,0.435546875,256.0,2376,0.6406832337379456,0.625157356262207,0.5546875,0.619140625
0.6796875,256.0,0.5,0.42578125,256.0,2377,0.627800703048706,0.6619441509246826,0.53125,0.60546875
0.65625,256.0,0.5,0.453125,256.0,2378,0.63506680727005,0.6411327123641968,0.5625,0.609375
0.69921875,256.0,0.5,0.431640625,256.0,2379,0.6303010582923889,0.6309349536895752,0.5625,0.630859375
0.63671875,256.0,0.5,0.46875,256.0,2380,0.6228688359260559,0.6204921007156372,0.57421875,0.60546875
0.7265625,256.0,0.5,0.388671875,256.0,2381,0.6243277788162231,0.6234831809997559,0.50390625,0.615234375
0.82421875,256.0,0.5,0.373046875,256.0,2382,0.6263821721076965,0.6103875637054443,0.5703125,0.697265625
0.734375,256.0,0.5,0.390625,256.0,2383,0.633048951625824,0.6254766583442688,0.515625,0.625
0.68359375,256.0,0.5,0.427734375,256.0,2384,0.6189526319503784,0.6324849128723145,0.5390625,0.611328125
0.703125,256.0,0.5,0.4375,256.0,2385,0.6173567771911621,0.627692461013794,0.578125,0.640625
0.609375,256.0,0.5,0.490234375,256.0,2386,0.6226798892021179,0.648714542388916,0.58984375,0.599609375
0.68359375,256.0,0.5,0.443359375,256.0,2387,0.611518144607544,0.6275355815887451,0.5703125,0.626953125
0.671875,256.0,0.5,0.447265625,256.0,2388,0.6225322484970093,0.6275767087936401,0.56640625,0.619140625
0.7109375,256.0,0.5,0.4140625,256.0,2389,0.624059796333313,0.6236408948898315,0.5390625,0.625
0.77734375,256.0,0.5,0.369140625,256.0,2390,0.6251139044761658,0.6093038320541382,0.515625,0.646484375
0.66015625,256.0,0.5,0.41796875,256.0,2391,0.6250988841056824,0.6457263231277466,0.49609375,0.578125
0.7265625,256.0,0.5,0.388671875,256.0,2392,0.6223580837249756,0.649483323097229,0.50390625,0.615234375
0.72265625,256.0,0.5,0.375,256.0,2393,0.6284244060516357,0.6491005420684814,0.47265625,0.59765625
0.765625,256.0,0.5,0.3671875,256.0,2394,0.624874472618103,0.6266972422599792,0.5,0.6328125
0.73828125,256.0,0.5,0.376953125,256.0,2395,0.6241089701652527,0.6337715983390808,0.4921875,0.615234375
0.7265625,256.0,0.5,0.388671875,256.0,2396,0.6301621794700623,0.6379595398902893,0.50390625,0.615234375
0.6875,256.0,0.5,0.408203125,256.0,2397,0.6207043528556824,0.64923095703125,0.50390625,0.595703125
0.73046875,256.0,0.5,0.42578125,256.0,2398,0.6290393471717834,0.6022204160690308,0.58203125,0.65625
0.828125,256.0,0.5,0.333984375,256.0,2399,0.6416785717010498,0.6194069385528564,0.49609375,0.662109375
0.59765625,256.0,0.5,0.478515625,256.0,2400,0.6115511655807495,0.6513473987579346,0.5546875,0.576171875
0.6796875,256.0,0.5,0.4296875,256.0,2401,0.6184412240982056,0.6288977861404419,0.5390625,0.609375
0.6875,256.0,0.5,0.41796875,256.0,2402,0.6146851778030396,0.642540693283081,0.5234375,0.60546875
0.7109375,256.0,0.5,0.38671875,256.0,2403,0.6343879699707031,0.6333436965942383,0.484375,0.59765625
0.6484375,256.0,0.5,0.435546875,256.0,2404,0.6203809976577759,0.6248059272766113,0.51953125,0.583984375
0.71875,256.0,0.5,0.359375,256.0,2405,0.6323803663253784,0.643010139465332,0.4375,0.578125
0.78125,256.0,0.5,0.37109375,256.0,2406,0.6252033710479736,0.6129757165908813,0.5234375,0.65234375
0.81640625,256.0,0.5,0.328125,256.0,2407,0.624026894569397,0.6155776977539062,0.47265625,0.64453125
0.828125,256.0,0.5,0.3046875,256.0,2408,0.6416749358177185,0.6240934133529663,0.4375,0.6328125
0.703125,256.0,0.5,0.404296875,256.0,2409,0.6223416924476624,0.6311162710189819,0.51171875,0.607421875
0.7578125,256.0,0.5,0.3515625,256.0,2410,0.6419664621353149,0.6327483654022217,0.4609375,0.609375
0.6875,256.0,0.5,0.39453125,256.0,2411,0.6364240646362305,0.6459392309188843,0.4765625,0.58203125
0.734375,256.0,0.5,0.349609375,256.0,2412,0.6282905340194702,0.6356092691421509,0.43359375,0.583984375
0.65234375,256.0,0.5,0.416015625,256.0,2413,0.638730525970459,0.6581531167030334,0.484375,0.568359375
0.7265625,256.0,0.5,0.384765625,256.0,2414,0.6262650489807129,0.6201167702674866,0.49609375,0.611328125
0.21484375,256.0,0.5,0.8203125,256.0,2415,0.5919971466064453,0.7267785668373108,0.85546875,0.53515625
0.56640625,256.0,0.5,0.650390625,256.0,2416,0.493917852640152,0.4710826277732849,0.8671875,0.716796875
0.609375,256.0,0.5,0.611328125,256.0,2417,0.5108541250228882,0.4830583333969116,0.83203125,0.720703125
0.55078125,256.0,0.5,0.66015625,256.0,2418,0.5490697026252747,0.5446234941482544,0.87109375,0.7109375
0.7109375,256.0,0.5,0.3984375,256.0,2419,0.5607197284698486,0.5560309886932373,0.5078125,0.609375
0.703125,256.0,0.5,0.431640625,256.0,2420,0.5949495434761047,0.5871769785881042,0.56640625,0.634765625
0.7109375,256.0,0.5,0.40625,256.0,2421,0.5907770395278931,0.5940298438072205,0.5234375,0.6171875
0.578125,256.0,0.5,0.47265625,256.0,2422,0.6269242167472839,0.6581791639328003,0.5234375,0.55078125
0.7578125,256.0,0.5,0.3671875,256.0,2423,0.6288763284683228,0.613753080368042,0.4921875,0.625
0.71484375,256.0,0.5,0.388671875,256.0,2424,0.6343953013420105,0.6339056491851807,0.4921875,0.603515625
0.72265625,256.0,0.5,0.37109375,256.0,2425,0.6284385323524475,0.6362617015838623,0.46484375,0.59375
0.80078125,256.0,0.5,0.326171875,256.0,2426,0.641272783279419,0.6227017641067505,0.453125,0.626953125
0.765625,256.0,0.5,0.375,256.0,2427,0.636967122554779,0.6291775703430176,0.515625,0.640625
0.6640625,256.0,0.5,0.40625,256.0,2428,0.6213695406913757,0.6382673978805542,0.4765625,0.5703125
0.75390625,256.0,0.5,0.400390625,256.0,2429,0.6138417720794678,0.6084747314453125,0.5546875,0.654296875
0.6328125,256.0,0.5,0.419921875,256.0,2430,0.6359848976135254,0.6456984281539917,0.47265625,0.552734375
0.734375,256.0,0.5,0.388671875,256.0,2431,0.6320394277572632,0.6322790384292603,0.51171875,0.623046875
0.671875,256.0,0.5,0.419921875,256.0,2432,0.6356579065322876,0.643904447555542,0.51171875,0.591796875
0.75,256.0,0.5,0.349609375,256.0,2433,0.6407817602157593,0.6250214576721191,0.44921875,0.599609375
0.765625,256.0,0.5,0.375,256.0,2434,0.630934476852417,0.6085910797119141,0.515625,0.640625
0.6796875,256.0,0.5,0.37109375,256.0,2435,0.640221357345581,0.6612939238548279,0.421875,0.55078125
0.77734375,256.0,0.5,0.357421875,256.0,2436,0.645910918712616,0.6257561445236206,0.4921875,0.634765625
0.69140625,256.0,0.5,0.400390625,256.0,2437,0.6362584829330444,0.6350910067558289,0.4921875,0.591796875
0.72265625,256.0,0.5,0.3671875,256.0,2438,0.635229229927063,0.6401042342185974,0.45703125,0.58984375
0.671875,256.0,0.5,0.42578125,256.0,2439,0.6270049810409546,0.6298906207084656,0.5234375,0.59765625
0.69921875,256.0,0.5,0.40234375,256.0,2440,0.6365580558776855,0.6442391872406006,0.50390625,0.6015625
0.69921875,256.0,0.5,0.400390625,256.0,2441,0.636856198310852,0.6320946216583252,0.5,0.599609375
0.71484375,256.0,0.5,0.416015625,256.0,2442,0.62638258934021,0.6056974530220032,0.546875,0.630859375
0.76171875,256.0,0.5,0.353515625,256.0,2443,0.6434046030044556,0.6312609910964966,0.46875,0.615234375
0.62890625,256.0,0.5,0.46875,256.0,2444,0.6333019137382507,0.6414744853973389,0.56640625,0.59765625
0.69140625,256.0,0.5,0.41796875,256.0,2445,0.645862877368927,0.6427208185195923,0.52734375,0.609375
0.640625,256.0,0.5,0.453125,256.0,2446,0.6236492395401001,0.6421960592269897,0.546875,0.59375
0.640625,256.0,0.5,0.43359375,256.0,2447,0.6316645741462708,0.6434241533279419,0.5078125,0.57421875
0.65625,256.0,0.5,0.412109375,256.0,2448,0.6169350743293762,0.6303122043609619,0.48046875,0.568359375
0.6796875,256.0,0.5,0.40625,256.0,2449,0.639341413974762,0.6341296434402466,0.4921875,0.5859375
0.6953125,256.0,0.5,0.42578125,256.0,2450,0.6472420692443848,0.6266897916793823,0.546875,0.62109375
0.69140625,256.0,0.5,0.400390625,256.0,2451,0.6371254324913025,0.6321029663085938,0.4921875,0.591796875
0.7890625,256.0,0.5,0.37109375,256.0,2452,0.6358746290206909,0.6202065944671631,0.53125,0.66015625
0.66015625,256.0,0.5,0.40234375,256.0,2453,0.6291684508323669,0.6346086263656616,0.46484375,0.5625
0.7734375,256.0,0.5,0.33984375,256.0,2454,0.6435131430625916,0.6348235607147217,0.453125,0.61328125
0.76171875,256.0,0.5,0.37890625,256.0,2455,0.6206952333450317,0.6049710512161255,0.51953125,0.640625
0.73828125,256.0,0.5,0.38671875,256.0,2456,0.6260427236557007,0.6256628036499023,0.51171875,0.625
0.58984375,256.0,0.5,0.474609375,256.0,2457,0.6306073665618896,0.6473501324653625,0.5390625,0.564453125
0.69140625,256.0,0.5,0.404296875,256.0,2458,0.6392674446105957,0.6446360349655151,0.5,0.595703125
0.68359375,256.0,0.5,0.408203125,256.0,2459,0.6213020086288452,0.613526463508606,0.5,0.591796875
0.671875,256.0,0.5,0.4296875,256.0,2460,0.628200113773346,0.6239351630210876,0.53125,0.6015625
0.7734375,256.0,0.5,0.373046875,256.0,2461,0.6211248636245728,0.6087571382522583,0.51953125,0.646484375
0.73828125,256.0,0.5,0.400390625,256.0,2462,0.627961277961731,0.6360008716583252,0.5390625,0.638671875
0.61328125,256.0,0.5,0.45703125,256.0,2463,0.6301726698875427,0.6666762828826904,0.52734375,0.5703125
0.7578125,256.0,0.5,0.40234375,256.0,2464,0.6394252181053162,0.6446054577827454,0.5625,0.66015625
0.66015625,256.0,0.5,0.44140625,256.0,2465,0.6277452707290649,0.6417979001998901,0.54296875,0.6015625
0.64453125,256.0,0.5,0.42578125,256.0,2466,0.6319416761398315,0.6443040370941162,0.49609375,0.5703125
0.67578125,256.0,0.5,0.44140625,256.0,2467,0.6398553252220154,0.6461626291275024,0.55859375,0.6171875
0.62890625,256.0,0.5,0.47265625,256.0,2468,0.6239812970161438,0.630248486995697,0.57421875,0.6015625
0.671875,256.0,0.5,0.474609375,256.0,2469,0.6336432695388794,0.6187374591827393,0.62109375,0.646484375
0.66015625,256.0,0.5,0.46484375,256.0,2470,0.6438390016555786,0.6398376822471619,0.58984375,0.625
0.57421875,256.0,0.5,0.48828125,256.0,2471,0.6298745274543762,0.6650884747505188,0.55078125,0.5625
0.59765625,256.0,0.5,0.47265625,256.0,2472,0.6351643800735474,0.6457693576812744,0.54296875,0.5703125
0.703125,256.0,0.5,0.3671875,256.0,2473,0.6314395666122437,0.6493914127349854,0.4375,0.5703125
0.69921875,256.0,0.5,0.361328125,256.0,2474,0.6311255693435669,0.6553839445114136,0.421875,0.560546875
0.80859375,256.0,0.5,0.294921875,256.0,2475,0.6333475708961487,0.631292462348938,0.3984375,0.603515625
0.8125,256.0,0.5,0.267578125,256.0,2476,0.6269084215164185,0.6274281740188599,0.34765625,0.580078125
0.8828125,256.0,0.5,0.203125,256.0,2477,0.6335561275482178,0.6370929479598999,0.2890625,0.5859375
0.9609375,256.0,0.5,0.169921875,256.0,2478,0.6317274570465088,0.6247655749320984,0.30078125,0.630859375
0.86328125,256.0,0.5,0.2421875,256.0,2479,0.6250178217887878,0.635913074016571,0.34765625,0.60546875
0.8828125,256.0,0.5,0.21484375,256.0,2480,0.6421024799346924,0.6495860815048218,0.3125,0.59765625
0.76953125,256.0,0.5,0.32421875,256.0,2481,0.6268792152404785,0.6205275058746338,0.41796875,0.59375
0.7734375,256.0,0.5,0.326171875,256.0,2482,0.635725736618042,0.6391323208808899,0.42578125,0.599609375
0.671875,256.0,0.5,0.408203125,256.0,2483,0.6229516267776489,0.6205210089683533,0.48828125,0.580078125
0.74609375,256.0,0.5,0.34765625,256.0,2484,0.6223405599594116,0.6190210580825806,0.44140625,0.59375
0.6484375,256.0,0.5,0.4453125,256.0,2485,0.6305559873580933,0.6673562526702881,0.5390625,0.59375
0.640625,256.0,0.5,0.443359375,256.0,2486,0.6366329789161682,0.6302236914634705,0.52734375,0.583984375
0.72265625,256.0,0.5,0.42578125,256.0,2487,0.6325340270996094,0.6233422160148621,0.57421875,0.6484375
0.62109375,256.0,0.5,0.462890625,256.0,2488,0.6359021663665771,0.6581093072891235,0.546875,0.583984375
0.671875,256.0,0.5,0.431640625,256.0,2489,0.6394707560539246,0.6515088081359863,0.53515625,0.603515625
0.640625,256.0,0.5,0.474609375,256.0,2490,0.594078779220581,0.5945107936859131,0.58984375,0.615234375
0.640625,256.0,0.5,0.478515625,256.0,2491,0.6146990060806274,0.6127283573150635,0.59765625,0.619140625
0.62890625,256.0,0.5,0.46484375,256.0,2492,0.6289206743240356,0.6300652027130127,0.55859375,0.59375
0.78125,256.0,0.5,0.3828125,256.0,2493,0.6322743892669678,0.6091831922531128,0.546875,0.6640625
0.68359375,256.0,0.5,0.451171875,256.0,2494,0.6262701749801636,0.6245672702789307,0.5859375,0.634765625
0.66015625,256.0,0.5,0.4296875,256.0,2495,0.6352674961090088,0.6538839340209961,0.51953125,0.58984375
0.66796875,256.0,0.5,0.419921875,256.0,2496,0.6362195014953613,0.6365340352058411,0.5078125,0.587890625
0.6015625,256.0,0.5,0.4453125,256.0,2497,0.6381819248199463,0.6599869728088379,0.4921875,0.546875
0.671875,256.0,0.5,0.427734375,256.0,2498,0.6259926557540894,0.6314265131950378,0.52734375,0.599609375
0.72265625,256.0,0.5,0.390625,256.0,2499,0.6306368112564087,0.630943775177002,0.50390625,0.61328125
0.6640625,256.0,0.5,0.400390625,256.0,2500,0.629744291305542,0.6551938652992249,0.46484375,0.564453125
0.609375,256.0,0.5,0.41015625,256.0,2501,0.6421920657157898,0.6773799657821655,0.4296875,0.51953125
0.7578125,256.0,0.5,0.341796875,256.0,2502,0.6334871053695679,0.6310129761695862,0.44140625,0.599609375
0.8203125,256.0,0.5,0.2734375,256.0,2503,0.62852942943573,0.6250667572021484,0.3671875,0.59375
0.8984375,256.0,0.5,0.212890625,256.0,2504,0.6364160776138306,0.6235158443450928,0.32421875,0.611328125
0.81640625,256.0,0.5,0.263671875,256.0,2505,0.6214053630828857,0.6360870003700256,0.34375,0.580078125
0.83203125,256.0,0.5,0.26171875,256.0,2506,0.6227961778640747,0.6296088695526123,0.35546875,0.59375
0.84765625,256.0,0.5,0.29296875,256.0,2507,0.6370441913604736,0.6424845457077026,0.43359375,0.640625
0.73828125,256.0,0.5,0.328125,256.0,2508,0.6346035599708557,0.661044180393219,0.39453125,0.56640625
0.7265625,256.0,0.5,0.41015625,256.0,2509,0.6107358932495117,0.5974688529968262,0.546875,0.63671875
0.69921875,256.0,0.5,0.3515625,256.0,2510,0.6339300274848938,0.645808756351471,0.40234375,0.55078125
0.69921875,256.0,0.5,0.400390625,256.0,2511,0.634638249874115,0.6414923667907715,0.5,0.599609375
0.73828125,256.0,0.5,0.3984375,256.0,2512,0.6328471899032593,0.6178625822067261,0.53515625,0.63671875
0.73828125,256.0,0.5,0.388671875,256.0,2513,0.6233335733413696,0.6425007581710815,0.515625,0.626953125
0.6875,256.0,0.5,0.412109375,256.0,2514,0.6403898000717163,0.6594178676605225,0.51171875,0.599609375
0.59375,256.0,0.5,0.48828125,256.0,2515,0.620482861995697,0.6321176290512085,0.5703125,0.58203125
0.6328125,256.0,0.5,0.46875,256.0,2516,0.6246165037155151,0.6242945790290833,0.5703125,0.6015625
0.78515625,256.0,0.5,0.392578125,256.0,2517,0.6411546468734741,0.6149645447731018,0.5703125,0.677734375
0.640625,256.0,0.5,0.470703125,256.0,2518,0.6156878471374512,0.6318739056587219,0.58203125,0.611328125
0.66796875,256.0,0.5,0.46484375,256.0,2519,0.6279658079147339,0.6356300711631775,0.59765625,0.6328125
0.66015625,256.0,0.5,0.44921875,256.0,2520,0.6317843198776245,0.6295956373214722,0.55859375,0.609375
0.6953125,256.0,0.5,0.421875,256.0,2521,0.6341246962547302,0.6340751647949219,0.5390625,0.6171875
0.71484375,256.0,0.5,0.396484375,256.0,2522,0.6462269425392151,0.6414487361907959,0.5078125,0.611328125
0.59765625,256.0,0.5,0.478515625,256.0,2523,0.6242331266403198,0.6517421007156372,0.5546875,0.576171875
0.63671875,256.0,0.5,0.462890625,256.0,2524,0.6348468065261841,0.6397029161453247,0.5625,0.599609375
0.6796875,256.0,0.5,0.4375,256.0,2525,0.6283845901489258,0.6647804975509644,0.5546875,0.6171875
0.69140625,256.0,0.5,0.416015625,256.0,2526,0.6318421363830566,0.6401491165161133,0.5234375,0.607421875
0.62109375,256.0,0.5,0.462890625,256.0,2527,0.6337558627128601,0.6452568173408508,0.546875,0.583984375
0.71875,256.0,0.5,0.390625,256.0,2528,0.6313154101371765,0.6354201436042786,0.5,0.609375
0.55859375,256.0,0.5,0.44921875,256.0,2529,0.6317546367645264,0.6723613142967224,0.45703125,0.5078125
0.7578125,256.0,0.5,0.3828125,256.0,2530,0.6328884959220886,0.6169674396514893,0.5234375,0.640625
0.83984375,256.0,0.5,0.33203125,256.0,2531,0.6301987767219543,0.6312000751495361,0.50390625,0.671875
0.66015625,256.0,0.5,0.37890625,256.0,2532,0.618407130241394,0.6571570038795471,0.41796875,0.5390625
0.6953125,256.0,0.5,0.365234375,256.0,2533,0.6441830396652222,0.6496720910072327,0.42578125,0.560546875
0.6953125,256.0,0.5,0.37890625,256.0,2534,0.622441828250885,0.6512552499771118,0.453125,0.57421875
0.734375,256.0,0.5,0.353515625,256.0,2535,0.6338053941726685,0.6344074606895447,0.44140625,0.587890625
0.70703125,256.0,0.5,0.34375,256.0,2536,0.6255193948745728,0.6469253897666931,0.39453125,0.55078125
0.828125,256.0,0.5,0.279296875,256.0,2537,0.6294037103652954,0.6259520649909973,0.38671875,0.607421875
0.83984375,256.0,0.5,0.3046875,256.0,2538,0.6415108442306519,0.6418971419334412,0.44921875,0.64453125
0.875,256.0,0.5,0.24609375,256.0,2539,0.6352133750915527,0.6229959726333618,0.3671875,0.62109375
0.83984375,256.0,0.5,0.318359375,256.0,2540,0.6377237439155579,0.6267658472061157,0.4765625,0.658203125
0.78125,256.0,0.5,0.30859375,256.0,2541,0.6365192532539368,0.6776344180107117,0.3984375,0.58984375
0.77734375,256.0,0.5,0.353515625,256.0,2542,0.6405996680259705,0.6425877213478088,0.484375,0.630859375
0.7109375,256.0,0.5,0.4140625,256.0,2543,0.6298295855522156,0.6393821239471436,0.5390625,0.625
0.640625,256.0,0.5,0.46875,256.0,2544,0.6256481409072876,0.6253816485404968,0.578125,0.609375
0.609375,256.0,0.5,0.4921875,256.0,2545,0.6378722190856934,0.6442541480064392,0.59375,0.6015625
0.69921875,256.0,0.5,0.419921875,256.0,2546,0.6350928544998169,0.6330233812332153,0.5390625,0.619140625
0.65625,256.0,0.5,0.46875,256.0,2547,0.6289682388305664,0.6237378120422363,0.59375,0.625
0.65234375,256.0,0.5,0.4453125,256.0,2548,0.6261550784111023,0.6142920255661011,0.54296875,0.59765625
0.72265625,256.0,0.5,0.38671875,256.0,2549,0.6442276239395142,0.6523376107215881,0.49609375,0.609375
0.703125,256.0,0.5,0.4296875,256.0,2550,0.6207202076911926,0.6379091739654541,0.5625,0.6328125
0.63671875,256.0,0.5,0.427734375,256.0,2551,0.6309002637863159,0.6585314869880676,0.4921875,0.564453125
0.76171875,256.0,0.5,0.337890625,256.0,2552,0.6353391408920288,0.6400914192199707,0.4375,0.599609375
0.6328125,256.0,0.5,0.423828125,256.0,2553,0.6166654825210571,0.646048903465271,0.48046875,0.556640625
0.66796875,256.0,0.5,0.423828125,256.0,2554,0.6190447807312012,0.6499332189559937,0.515625,0.591796875
0.72265625,256.0,0.5,0.3671875,256.0,2555,0.6331907510757446,0.6327077150344849,0.45703125,0.58984375
0.70703125,256.0,0.5,0.337890625,256.0,2556,0.6370849609375,0.6451679468154907,0.3828125,0.544921875
0.85546875,256.0,0.5,0.25390625,256.0,2557,0.6361985802650452,0.6297532916069031,0.36328125,0.609375
0.8046875,256.0,0.5,0.3046875,256.0,2558,0.6400752067565918,0.6393493413925171,0.4140625,0.609375
0.78125,256.0,0.5,0.3203125,256.0,2559,0.6367011070251465,0.636379599571228,0.421875,0.6015625
0.8125,256.0,0.5,0.330078125,256.0,2560,0.6411516070365906,0.6279031038284302,0.47265625,0.642578125
0.7109375,256.0,0.5,0.39453125,256.0,2561,0.641063392162323,0.6308779716491699,0.5,0.60546875
0.66015625,256.0,0.5,0.423828125,256.0,2562,0.6169965267181396,0.6406325101852417,0.5078125,0.583984375
0.66796875,256.0,0.5,0.435546875,256.0,2563,0.6320338249206543,0.6212987899780273,0.5390625,0.603515625
0.6484375,256.0,0.5,0.46484375,256.0,2564,0.6301289796829224,0.6455439925193787,0.578125,0.61328125
0.65234375,256.0,0.5,0.47265625,256.0,2565,0.6302235722541809,0.6220753788948059,0.59765625,0.625
0.75,256.0,0.5,0.380859375,256.0,2566,0.6364636421203613,0.6639515161514282,0.51171875,0.630859375
0.62109375,256.0,0.5,0.47265625,256.0,2567,0.6231532692909241,0.6589083671569824,0.56640625,0.59375
0.62109375,256.0,0.5,0.46875,256.0,2568,0.6252798438072205,0.6424591541290283,0.55859375,0.58984375
0.5234375,256.0,0.5,0.525390625,256.0,2569,0.6174359321594238,0.656610369682312,0.57421875,0.548828125
0.6015625,256.0,0.5,0.44140625,256.0,2570,0.6394298672676086,0.6643922328948975,0.484375,0.54296875
0.62890625,256.0,0.5,0.458984375,256.0,2571,0.6168229579925537,0.6328217387199402,0.546875,0.587890625
0.7421875,256.0,0.5,0.33984375,256.0,2572,0.6405557990074158,0.6249535083770752,0.421875,0.58203125
0.88671875,256.0,0.5,0.1953125,256.0,2573,0.6348029375076294,0.6309295892715454,0.27734375,0.58203125
0.98046875,256.0,0.5,0.14453125,256.0,2574,0.6326451301574707,0.6211217045783997,0.26953125,0.625
0.9609375,256.0,0.5,0.14453125,256.0,2575,0.6394894123077393,0.6486291885375977,0.25,0.60546875
0.90234375,256.0,0.5,0.169921875,256.0,2576,0.634486973285675,0.6545001268386841,0.2421875,0.572265625
0.9375,256.0,0.5,0.14453125,256.0,2577,0.6325229406356812,0.6428677439689636,0.2265625,0.58203125
0.90234375,256.0,0.5,0.197265625,256.0,2578,0.6426646709442139,0.6275029182434082,0.296875,0.599609375
0.83203125,256.0,0.5,0.2421875,256.0,2579,0.6432108879089355,0.6407597661018372,0.31640625,0.57421875
0.63671875,256.0,0.5,0.38671875,256.0,2580,0.6393375396728516,0.6580127477645874,0.41015625,0.5234375
0.75,256.0,0.5,0.376953125,256.0,2581,0.6285735368728638,0.6251338720321655,0.50390625,0.626953125
0.6484375,256.0,0.5,0.466796875,256.0,2582,0.6380795240402222,0.6217350959777832,0.58203125,0.615234375
0.63671875,256.0,0.5,0.4765625,256.0,2583,0.6359652280807495,0.6268646717071533,0.58984375,0.61328125
0.7265625,256.0,0.5,0.439453125,256.0,2584,0.635657787322998,0.6331023573875427,0.60546875,0.666015625
0.51953125,256.0,0.5,0.541015625,256.0,2585,0.6172353625297546,0.649059534072876,0.6015625,0.560546875
0.609375,256.0,0.5,0.49609375,256.0,2586,0.6254088282585144,0.6333814859390259,0.6015625,0.60546875
0.62109375,256.0,0.5,0.51171875,256.0,2587,0.6175675988197327,0.6185994744300842,0.64453125,0.6328125
0.56640625,256.0,0.5,0.54296875,256.0,2588,0.6092314124107361,0.6358674168586731,0.65234375,0.609375
0.578125,256.0,0.5,0.513671875,256.0,2589,0.6329150795936584,0.6408053636550903,0.60546875,0.591796875
0.5859375,256.0,0.5,0.5078125,256.0,2590,0.6313849687576294,0.6456979513168335,0.6015625,0.59375
0.703125,256.0,0.5,0.419921875,256.0,2591,0.6309537887573242,0.6263623237609863,0.54296875,0.623046875
0.7109375,256.0,0.5,0.431640625,256.0,2592,0.6301083564758301,0.6114620566368103,0.57421875,0.642578125
0.79296875,256.0,0.5,0.3828125,256.0,2593,0.6263396739959717,0.612438440322876,0.55859375,0.67578125
0.73828125,256.0,0.5,0.4140625,256.0,2594,0.6253414154052734,0.6231043934822083,0.56640625,0.65234375
0.65625,256.0,0.5,0.435546875,256.0,2595,0.6308135986328125,0.6396517753601074,0.52734375,0.591796875
0.74609375,256.0,0.5,0.388671875,256.0,2596,0.627485990524292,0.6296871900558472,0.5234375,0.634765625
0.640625,256.0,0.5,0.419921875,256.0,2597,0.6239378452301025,0.6379425525665283,0.48046875,0.560546875
0.71484375,256.0,0.5,0.396484375,256.0,2598,0.6280361413955688,0.6422350406646729,0.5078125,0.611328125
0.71484375,256.0,0.5,0.3828125,256.0,2599,0.6402111649513245,0.6269713044166565,0.48046875,0.59765625
0.7109375,256.0,0.5,0.40625,256.0,2600,0.6304457187652588,0.6200634837150574,0.5234375,0.6171875
0.72265625,256.0,0.5,0.408203125,256.0,2601,0.6221222877502441,0.6066231727600098,0.5390625,0.630859375
0.72265625,256.0,0.5,0.40234375,256.0,2602,0.6081067323684692,0.6203392744064331,0.52734375,0.625
0.66015625,256.0,0.5,0.447265625,256.0,2603,0.6307804584503174,0.638759970664978,0.5546875,0.607421875
0.6171875,256.0,0.5,0.45703125,256.0,2604,0.6284701824188232,0.6472110748291016,0.53125,0.57421875
0.6875,256.0,0.5,0.423828125,256.0,2605,0.6246063709259033,0.619483232498169,0.53515625,0.611328125
0.6015625,256.0,0.5,0.4765625,256.0,2606,0.616344690322876,0.6213030219078064,0.5546875,0.578125
0.69140625,256.0,0.5,0.39453125,256.0,2607,0.6159431338310242,0.6346367001533508,0.48046875,0.5859375
0.72265625,256.0,0.5,0.37109375,256.0,2608,0.6230499744415283,0.6118541359901428,0.46484375,0.59375
0.7265625,256.0,0.5,0.376953125,256.0,2609,0.6342545747756958,0.627346396446228,0.48046875,0.603515625
0.88671875,256.0,0.5,0.287109375,256.0,2610,0.6434143781661987,0.6142544746398926,0.4609375,0.673828125
0.7265625,256.0,0.5,0.373046875,256.0,2611,0.6392749547958374,0.6279654502868652,0.47265625,0.599609375
0.6796875,256.0,0.5,0.41796875,256.0,2612,0.6245538592338562,0.6161267161369324,0.515625,0.59765625
0.8125,256.0,0.5,0.376953125,256.0,2613,0.6236724853515625,0.5935503840446472,0.56640625,0.689453125
0.734375,256.0,0.5,0.4140625,256.0,2614,0.6255661249160767,0.605170488357544,0.5625,0.6484375
0.59765625,256.0,0.5,0.486328125,256.0,2615,0.6211609840393066,0.6234750747680664,0.5703125,0.583984375
0.66015625,256.0,0.5,0.46875,256.0,2616,0.6307814121246338,0.6128411889076233,0.59765625,0.62890625
0.63671875,256.0,0.5,0.443359375,256.0,2617,0.6191672086715698,0.6413775682449341,0.5234375,0.580078125
0.7109375,256.0,0.5,0.44140625,256.0,2618,0.6328628063201904,0.6210755109786987,0.59375,0.65234375
0.671875,256.0,0.5,0.431640625,256.0,2619,0.6290397644042969,0.6342774629592896,0.53515625,0.603515625
0.61328125,256.0,0.5,0.5,256.0,2620,0.6213241219520569,0.6319581270217896,0.61328125,0.61328125
0.67578125,256.0,0.5,0.44140625,256.0,2621,0.6303746104240417,0.6250202655792236,0.55859375,0.6171875
0.7578125,256.0,0.5,0.404296875,256.0,2622,0.6207221150398254,0.6070377826690674,0.56640625,0.662109375
0.68359375,256.0,0.5,0.44140625,256.0,2623,0.610758364200592,0.6163517236709595,0.56640625,0.625
0.63671875,256.0,0.5,0.45703125,256.0,2624,0.6236903667449951,0.6518310904502869,0.55078125,0.59375
0.6796875,256.0,0.5,0.408203125,256.0,2625,0.6259687542915344,0.6303415894508362,0.49609375,0.587890625
0.73046875,256.0,0.5,0.40625,256.0,2626,0.6151008605957031,0.6066286563873291,0.54296875,0.63671875
0.73046875,256.0,0.5,0.33984375,256.0,2627,0.6524108648300171,0.657369077205658,0.41015625,0.5703125
0.84375,256.0,0.5,0.287109375,256.0,2628,0.6261252760887146,0.6346064805984497,0.41796875,0.630859375
0.71875,256.0,0.5,0.40234375,256.0,2629,0.6230628490447998,0.6281188726425171,0.5234375,0.62109375
0.64453125,256.0,0.5,0.439453125,256.0,2630,0.6172972917556763,0.6262783408164978,0.5234375,0.583984375
0.79296875,256.0,0.5,0.32421875,256.0,2631,0.6266322731971741,0.6544069051742554,0.44140625,0.6171875
0.71875,256.0,0.5,0.384765625,256.0,2632,0.6208797693252563,0.6355053782463074,0.48828125,0.603515625
0.625,256.0,0.5,0.443359375,256.0,2633,0.63133704662323,0.6599103808403015,0.51171875,0.568359375
0.76171875,256.0,0.5,0.39453125,256.0,2634,0.611766517162323,0.6015304327011108,0.55078125,0.65625
0.6328125,256.0,0.5,0.47265625,256.0,2635,0.615208625793457,0.6258580684661865,0.578125,0.60546875
0.75390625,256.0,0.5,0.404296875,256.0,2636,0.6106876134872437,0.6117919087409973,0.5625,0.658203125
0.76953125,256.0,0.5,0.388671875,256.0,2637,0.6377506256103516,0.6307545304298401,0.546875,0.658203125
0.60546875,256.0,0.5,0.486328125,256.0,2638,0.6412523984909058,0.648755669593811,0.578125,0.591796875
0.70703125,256.0,0.5,0.421875,256.0,2639,0.632100522518158,0.6450347900390625,0.55078125,0.62890625
0.7109375,256.0,0.5,0.447265625,256.0,2640,0.6223495006561279,0.6137338280677795,0.60546875,0.658203125
0.6484375,256.0,0.5,0.478515625,256.0,2641,0.6197041273117065,0.6162147521972656,0.60546875,0.626953125
0.6328125,256.0,0.5,0.478515625,256.0,2642,0.6311017274856567,0.629712700843811,0.58984375,0.611328125
0.6328125,256.0,0.5,0.48828125,256.0,2643,0.6165891885757446,0.6228616833686829,0.609375,0.62109375
0.58984375,256.0,0.5,0.49609375,256.0,2644,0.6314665079116821,0.6376775503158569,0.58203125,0.5859375
0.765625,256.0,0.5,0.373046875,256.0,2645,0.624643087387085,0.6209124326705933,0.51171875,0.638671875
0.69140625,256.0,0.5,0.43359375,256.0,2646,0.6273909211158752,0.6389130353927612,0.55859375,0.625
0.7421875,256.0,0.5,0.412109375,256.0,2647,0.6312056183815002,0.6324769258499146,0.56640625,0.654296875
0.6796875,256.0,0.5,0.453125,256.0,2648,0.6134481430053711,0.6173650026321411,0.5859375,0.6328125
0.63671875,256.0,0.5,0.447265625,256.0,2649,0.6173604726791382,0.71559077501297,0.53125,0.583984375
0.69921875,256.0,0.5,0.37890625,256.0,2650,0.6169700622558594,0.6357079744338989,0.45703125,0.578125
0.7421875,256.0,0.5,0.34375,256.0,2651,0.617580771446228,0.6409876346588135,0.4296875,0.5859375
0.7890625,256.0,0.5,0.337890625,256.0,2652,0.6325018405914307,0.636110782623291,0.46484375,0.626953125
0.80859375,256.0,0.5,0.318359375,256.0,2653,0.6290674805641174,0.622678279876709,0.4453125,0.626953125
0.84765625,256.0,0.5,0.296875,256.0,2654,0.6239736676216125,0.6017153263092041,0.44140625,0.64453125
0.734375,256.0,0.5,0.365234375,256.0,2655,0.6164968013763428,0.6201918125152588,0.46484375,0.599609375
0.75,256.0,0.5,0.35546875,256.0,2656,0.6316514015197754,0.6281808018684387,0.4609375,0.60546875
0.70703125,256.0,0.5,0.3984375,256.0,2657,0.6293182969093323,0.6382448077201843,0.50390625,0.60546875
0.6796875,256.0,0.5,0.41015625,256.0,2658,0.6239748597145081,0.6529802680015564,0.5,0.58984375
0.56640625,256.0,0.5,0.482421875,256.0,2659,0.6300045251846313,0.6504584550857544,0.53125,0.548828125
0.7109375,256.0,0.5,0.39453125,256.0,2660,0.6292819976806641,0.6299574971199036,0.5,0.60546875
0.6484375,256.0,0.5,0.455078125,256.0,2661,0.6251620650291443,0.6329566240310669,0.55859375,0.603515625
0.703125,256.0,0.5,0.396484375,256.0,2662,0.6308748722076416,0.6316178441047668,0.49609375,0.599609375
0.73046875,256.0,0.5,0.36328125,256.0,2663,0.6390519142150879,0.6379209160804749,0.45703125,0.59375
0.71484375,256.0,0.5,0.37890625,256.0,2664,0.6310272812843323,0.6265463829040527,0.47265625,0.59375
0.8125,256.0,0.5,0.29296875,256.0,2665,0.6364163160324097,0.6392319798469543,0.3984375,0.60546875
0.86328125,256.0,0.5,0.236328125,256.0,2666,0.6329679489135742,0.648811936378479,0.3359375,0.599609375
0.83984375,256.0,0.5,0.265625,256.0,2667,0.6365980505943298,0.6328326463699341,0.37109375,0.60546875
0.8125,256.0,0.5,0.322265625,256.0,2668,0.6411360502243042,0.6372400522232056,0.45703125,0.634765625
0.796875,256.0,0.5,0.328125,256.0,2669,0.641363799571991,0.6281644105911255,0.453125,0.625
0.77734375,256.0,0.5,0.36328125,256.0,2670,0.6318269371986389,0.6118589639663696,0.50390625,0.640625
0.734375,256.0,0.5,0.40234375,256.0,2671,0.6369448304176331,0.6237468123435974,0.5390625,0.63671875
0.75,256.0,0.5,0.4140625,256.0,2672,0.6297041177749634,0.618142306804657,0.578125,0.6640625
0.57421875,256.0,0.5,0.5,256.0,2673,0.6186555027961731,0.6413469910621643,0.57421875,0.57421875
0.59765625,256.0,0.5,0.5,256.0,2674,0.6233100891113281,0.6425604820251465,0.59765625,0.59765625
0.68359375,256.0,0.5,0.45703125,256.0,2675,0.6170754432678223,0.6120789647102356,0.59765625,0.640625
0.61328125,256.0,0.5,0.466796875,256.0,2676,0.6135957837104797,0.6386607885360718,0.546875,0.580078125
0.64453125,256.0,0.5,0.474609375,256.0,2677,0.6128783822059631,0.6242440342903137,0.59375,0.619140625
0.7734375,256.0,0.5,0.384765625,256.0,2678,0.6199521422386169,0.6060388088226318,0.54296875,0.658203125
0.6875,256.0,0.5,0.4140625,256.0,2679,0.6165139675140381,0.6137661337852478,0.515625,0.6015625
0.734375,256.0,0.5,0.392578125,256.0,2680,0.6218721866607666,0.6343352794647217,0.51953125,0.626953125
0.71875,256.0,0.5,0.4140625,256.0,2681,0.6292864680290222,0.6246635913848877,0.546875,0.6328125
0.7578125,256.0,0.5,0.38671875,256.0,2682,0.6319867372512817,0.6427875757217407,0.53125,0.64453125
0.62890625,256.0,0.5,0.478515625,256.0,2683,0.6180095672607422,0.6300041079521179,0.5859375,0.607421875
0.73046875,256.0,0.5,0.3984375,256.0,2684,0.6362106800079346,0.6339713335037231,0.52734375,0.62890625
0.625,256.0,0.5,0.47265625,256.0,2685,0.6152631640434265,0.633411169052124,0.5703125,0.59765625
0.69921875,256.0,0.5,0.447265625,256.0,2686,0.6060373783111572,0.5953495502471924,0.59375,0.646484375
0.66796875,256.0,0.5,0.439453125,256.0,2687,0.6327555179595947,0.629496157169342,0.546875,0.607421875
0.609375,256.0,0.5,0.47265625,256.0,2688,0.6326290965080261,0.6431887745857239,0.5546875,0.58203125
0.73046875,256.0,0.5,0.421875,256.0,2689,0.6179900765419006,0.5990439653396606,0.57421875,0.65234375
0.69140625,256.0,0.5,0.435546875,256.0,2690,0.6154825687408447,0.643170952796936,0.5625,0.626953125
0.671875,256.0,0.5,0.421875,256.0,2691,0.6343305110931396,0.6350851655006409,0.515625,0.59375
0.6796875,256.0,0.5,0.4375,256.0,2692,0.6363807320594788,0.6297214031219482,0.5546875,0.6171875
0.59765625,256.0,0.5,0.453125,256.0,2693,0.6205241680145264,0.6452652812004089,0.50390625,0.55078125
0.59765625,256.0,0.5,0.45703125,256.0,2694,0.6280431747436523,0.6468638181686401,0.51171875,0.5546875
0.75,256.0,0.5,0.3671875,256.0,2695,0.6402888298034668,0.635460615158081,0.484375,0.6171875
0.66796875,256.0,0.5,0.419921875,256.0,2696,0.6404683589935303,0.6327819228172302,0.5078125,0.587890625
0.7578125,256.0,0.5,0.337890625,256.0,2697,0.6441617608070374,0.6299088597297668,0.43359375,0.595703125
0.85546875,256.0,0.5,0.3046875,256.0,2698,0.624192476272583,0.6080760955810547,0.46484375,0.66015625
0.91796875,256.0,0.5,0.298828125,256.0,2699,0.6317539215087891,0.5953578352928162,0.515625,0.716796875
0.71484375,256.0,0.5,0.4140625,256.0,2700,0.6428322792053223,0.6283726692199707,0.54296875,0.62890625
0.6640625,256.0,0.5,0.46484375,256.0,2701,0.6342841386795044,0.6422157287597656,0.59375,0.62890625
0.58203125,256.0,0.5,0.486328125,256.0,2702,0.6182132959365845,0.6268254518508911,0.5546875,0.568359375
0.55859375,256.0,0.5,0.509765625,256.0,2703,0.6372601985931396,0.6625741720199585,0.578125,0.568359375
0.58203125,256.0,0.5,0.5,256.0,2704,0.6043635606765747,0.6332176327705383,0.58203125,0.58203125
0.63671875,256.0,0.5,0.47265625,256.0,2705,0.6233895421028137,0.6301723718643188,0.58203125,0.609375
0.6875,256.0,0.5,0.46484375,256.0,2706,0.6206326484680176,0.60332190990448,0.6171875,0.65234375
0.66015625,256.0,0.5,0.458984375,256.0,2707,0.6313339471817017,0.6335455179214478,0.578125,0.619140625
0.640625,256.0,0.5,0.45703125,256.0,2708,0.6270402669906616,0.6364899277687073,0.5546875,0.59765625
0.59375,256.0,0.5,0.47265625,256.0,2709,0.6201732158660889,0.6444356441497803,0.5390625,0.56640625
0.68359375,256.0,0.5,0.41796875,256.0,2710,0.6290391683578491,0.6518415808677673,0.51953125,0.6015625
0.671875,256.0,0.5,0.416015625,256.0,2711,0.6341332793235779,0.640634298324585,0.50390625,0.587890625
0.7109375,256.0,0.5,0.369140625,256.0,2712,0.6520653963088989,0.6688143014907837,0.44921875,0.580078125
0.83203125,256.0,0.5,0.306640625,256.0,2713,0.624764621257782,0.6083757877349854,0.4453125,0.638671875
0.74609375,256.0,0.5,0.314453125,256.0,2714,0.6342297792434692,0.6361439228057861,0.375,0.560546875
0.86328125,256.0,0.5,0.21484375,256.0,2715,0.644561767578125,0.6473262310028076,0.29296875,0.578125
0.84765625,256.0,0.5,0.25390625,256.0,2716,0.6320124268531799,0.6366938352584839,0.35546875,0.6015625
0.83984375,256.0,0.5,0.267578125,256.0,2717,0.6294763088226318,0.6211627721786499,0.375,0.607421875
0.859375,256.0,0.5,0.24609375,256.0,2718,0.6388723850250244,0.6442364454269409,0.3515625,0.60546875
0.89453125,256.0,0.5,0.265625,256.0,2719,0.6387002468109131,0.6187759041786194,0.42578125,0.66015625
0.74609375,256.0,0.5,0.369140625,256.0,2720,0.6406434178352356,0.6311618089675903,0.484375,0.615234375
0.6953125,256.0,0.5,0.40234375,256.0,2721,0.6290215253829956,0.6282061338424683,0.5,0.59765625
0.6171875,256.0,0.5,0.462890625,256.0,2722,0.6278076171875,0.6421119570732117,0.54296875,0.580078125
0.67578125,256.0,0.5,0.458984375,256.0,2723,0.6211581230163574,0.6121740341186523,0.59375,0.634765625
0.6484375,256.0,0.5,0.478515625,256.0,2724,0.6179637312889099,0.6198218464851379,0.60546875,0.626953125
0.61328125,256.0,0.5,0.484375,256.0,2725,0.6113518476486206,0.6536421179771423,0.58203125,0.59765625
0.55859375,256.0,0.5,0.521484375,256.0,2726,0.6059972047805786,0.6502957344055176,0.6015625,0.580078125
0.65234375,256.0,0.5,0.4765625,256.0,2727,0.6145987510681152,0.6190813183784485,0.60546875,0.62890625
0.64453125,256.0,0.5,0.490234375,256.0,2728,0.616460919380188,0.6349592804908752,0.625,0.634765625
0.6171875,256.0,0.5,0.47265625,256.0,2729,0.6195566654205322,0.6561651825904846,0.5625,0.58984375
0.625,256.0,0.5,0.40625,256.0,2730,0.6338921785354614,0.6702204942703247,0.4375,0.53125
0.70703125,256.0,0.5,0.37109375,256.0,2731,0.6363446712493896,0.6404604911804199,0.44921875,0.578125
0.80078125,256.0,0.5,0.30078125,256.0,2732,0.6406705379486084,0.6338706612586975,0.40234375,0.6015625
0.91015625,256.0,0.5,0.20703125,256.0,2733,0.6368630528450012,0.6369286775588989,0.32421875,0.6171875
0.83984375,256.0,0.5,0.244140625,256.0,2734,0.6253756284713745,0.6235480308532715,0.328125,0.583984375
0.8515625,256.0,0.5,0.26171875,256.0,2735,0.6309071779251099,0.6221882104873657,0.375,0.61328125
0.8515625,256.0,0.5,0.2578125,256.0,2736,0.6388660073280334,0.6321262121200562,0.3671875,0.609375
0.78125,256.0,0.5,0.3125,256.0,2737,0.6366184949874878,0.6755754947662354,0.40625,0.59375
0.78515625,256.0,0.5,0.3359375,256.0,2738,0.631813645362854,0.626759946346283,0.45703125,0.62109375
0.76171875,256.0,0.5,0.341796875,256.0,2739,0.6392205953598022,0.6276311874389648,0.4453125,0.603515625
0.75,256.0,0.5,0.361328125,256.0,2740,0.6315726041793823,0.6231946349143982,0.47265625,0.611328125
0.734375,256.0,0.5,0.396484375,256.0,2741,0.6248619556427002,0.6247396469116211,0.52734375,0.630859375
0.6875,256.0,0.5,0.462890625,256.0,2742,0.6350618004798889,0.6132566928863525,0.61328125,0.650390625
0.60546875,256.0,0.5,0.4765625,256.0,2743,0.6131546497344971,0.6625065803527832,0.55859375,0.58203125
0.5390625,256.0,0.5,0.521484375,256.0,2744,0.6233129501342773,0.6552917957305908,0.58203125,0.560546875
0.7578125,256.0,0.5,0.39453125,256.0,2745,0.6237798929214478,0.6211908459663391,0.546875,0.65234375
0.6328125,256.0,0.5,0.462890625,256.0,2746,0.6182758212089539,0.6611349582672119,0.55859375,0.595703125
0.609375,256.0,0.5,0.44921875,256.0,2747,0.6188433170318604,0.6481332182884216,0.5078125,0.55859375
0.6875,256.0,0.5,0.404296875,256.0,2748,0.6391851305961609,0.6455210447311401,0.49609375,0.591796875
0.7890625,256.0,0.5,0.34375,256.0,2749,0.635440468788147,0.6272161602973938,0.4765625,0.6328125
0.63671875,256.0,0.5,0.396484375,256.0,2750,0.6385375261306763,0.6534687876701355,0.4296875,0.533203125
0.7734375,256.0,0.5,0.333984375,256.0,2751,0.6361756324768066,0.6428860425949097,0.44140625,0.607421875
0.72265625,256.0,0.5,0.3515625,256.0,2752,0.629353940486908,0.6512914299964905,0.42578125,0.57421875
0.76171875,256.0,0.5,0.32421875,256.0,2753,0.6496577858924866,0.6645087003707886,0.41015625,0.5859375
0.84375,256.0,0.5,0.28125,256.0,2754,0.6383322477340698,0.6510677337646484,0.40625,0.625
0.671875,256.0,0.5,0.388671875,256.0,2755,0.6301277875900269,0.6774925589561462,0.44921875,0.560546875
0.6796875,256.0,0.5,0.3828125,256.0,2756,0.6421889066696167,0.6941588521003723,0.4453125,0.5625
0.640625,256.0,0.5,0.421875,256.0,2757,0.6323932409286499,0.6651613712310791,0.484375,0.5625
0.671875,256.0,0.5,0.423828125,256.0,2758,0.6332330703735352,0.6563498377799988,0.51953125,0.595703125
0.65234375,256.0,0.5,0.42578125,256.0,2759,0.6382789611816406,0.647754967212677,0.50390625,0.578125
0.734375,256.0,0.5,0.384765625,256.0,2760,0.6318449378013611,0.622958779335022,0.50390625,0.619140625
0.73046875,256.0,0.5,0.396484375,256.0,2761,0.6381433606147766,0.6264022588729858,0.5234375,0.626953125
0.76953125,256.0,0.5,0.375,256.0,2762,0.6353033781051636,0.6213458776473999,0.51953125,0.64453125
0.80859375,256.0,0.5,0.392578125,256.0,2763,0.6367636919021606,0.6096878051757812,0.59375,0.701171875
0.625,256.0,0.5,0.49609375,256.0,2764,0.6135077476501465,0.6216611862182617,0.6171875,0.62109375
0.66015625,256.0,0.5,0.455078125,256.0,2765,0.6226127743721008,0.6321074962615967,0.5703125,0.615234375
0.67578125,256.0,0.5,0.458984375,256.0,2766,0.6159878969192505,0.6140282154083252,0.59375,0.634765625
0.59375,256.0,0.5,0.50390625,256.0,2767,0.6278831362724304,0.6226943731307983,0.6015625,0.59765625
0.6484375,256.0,0.5,0.474609375,256.0,2768,0.6221920847892761,0.6070247292518616,0.59765625,0.623046875
0.59375,256.0,0.5,0.49609375,256.0,2769,0.6297058463096619,0.6458221077919006,0.5859375,0.58984375
0.58203125,256.0,0.5,0.47265625,256.0,2770,0.6347238421440125,0.6762163639068604,0.52734375,0.5546875
0.65625,256.0,0.5,0.45703125,256.0,2771,0.6383563876152039,0.646612823009491,0.5703125,0.61328125
0.64453125,256.0,0.5,0.427734375,256.0,2772,0.6130242347717285,0.6557005643844604,0.5,0.572265625
0.640625,256.0,0.5,0.462890625,256.0,2773,0.6314643621444702,0.647020697593689,0.56640625,0.603515625
0.67578125,256.0,0.5,0.443359375,256.0,2774,0.6120575666427612,0.611466646194458,0.5625,0.619140625
0.65234375,256.0,0.5,0.4140625,256.0,2775,0.6354480981826782,0.6646063327789307,0.48046875,0.56640625
0.73828125,256.0,0.5,0.369140625,256.0,2776,0.6391055583953857,0.6196334362030029,0.4765625,0.607421875
0.83984375,256.0,0.5,0.30078125,256.0,2777,0.638096809387207,0.6182056665420532,0.44140625,0.640625
0.74609375,256.0,0.5,0.32421875,256.0,2778,0.6271742582321167,0.6256917715072632,0.39453125,0.5703125
0.77734375,256.0,0.5,0.326171875,256.0,2779,0.6285833120346069,0.6324039101600647,0.4296875,0.603515625
0.828125,256.0,0.5,0.3203125,256.0,2780,0.6274715662002563,0.6229264736175537,0.46875,0.6484375
0.8125,256.0,0.5,0.34765625,256.0,2781,0.6286416053771973,0.6098123788833618,0.5078125,0.66015625
0.671875,256.0,0.5,0.412109375,256.0,2782,0.6237964630126953,0.622348427772522,0.49609375,0.583984375
0.7421875,256.0,0.5,0.408203125,256.0,2783,0.6288977861404419,0.6389384269714355,0.55859375,0.650390625
0.72265625,256.0,0.5,0.42578125,256.0,2784,0.6253538727760315,0.6066083908081055,0.57421875,0.6484375
0.65234375,256.0,0.5,0.478515625,256.0,2785,0.6326847076416016,0.6237670183181763,0.609375,0.630859375
0.68359375,256.0,0.5,0.421875,256.0,2786,0.6140924096107483,0.6433214545249939,0.52734375,0.60546875
0.6015625,256.0,0.5,0.490234375,256.0,2787,0.6124224662780762,0.6463522911071777,0.58203125,0.591796875
0.59765625,256.0,0.5,0.521484375,256.0,2788,0.6119471192359924,0.6426370739936829,0.640625,0.619140625
0.6015625,256.0,0.5,0.486328125,256.0,2789,0.6300827860832214,0.655221164226532,0.57421875,0.587890625
0.5,256.0,0.5,0.5390625,256.0,2790,0.6117462515830994,0.6785951852798462,0.578125,0.5390625
0.5390625,256.0,0.5,0.541015625,256.0,2791,0.6213094592094421,0.6423870325088501,0.62109375,0.580078125
0.61328125,256.0,0.5,0.478515625,256.0,2792,0.6310981512069702,0.6510236263275146,0.5703125,0.591796875
0.69921875,256.0,0.5,0.390625,256.0,2793,0.6294891238212585,0.6458234786987305,0.48046875,0.58984375
0.76953125,256.0,0.5,0.314453125,256.0,2794,0.6386460065841675,0.6483842134475708,0.3984375,0.583984375
0.90625,256.0,0.5,0.22265625,256.0,2795,0.6321432590484619,0.6253607273101807,0.3515625,0.62890625
0.890625,256.0,0.5,0.205078125,256.0,2796,0.6244598627090454,0.6458232402801514,0.30078125,0.595703125
0.83984375,256.0,0.5,0.220703125,256.0,2797,0.6403982639312744,0.6496273875236511,0.28125,0.560546875
0.88671875,256.0,0.5,0.171875,256.0,2798,0.6379179954528809,0.6583871841430664,0.23046875,0.55859375
0.87890625,256.0,0.5,0.201171875,256.0,2799,0.618614912033081,0.615874171257019,0.28125,0.580078125
0.8203125,256.0,0.5,0.248046875,256.0,2800,0.6510490775108337,0.6545522212982178,0.31640625,0.568359375
0.7578125,256.0,0.5,0.341796875,256.0,2801,0.6232162117958069,0.6240126490592957,0.44140625,0.599609375
0.7265625,256.0,0.5,0.365234375,256.0,2802,0.6398491263389587,0.6301389932632446,0.45703125,0.591796875
0.76953125,256.0,0.5,0.373046875,256.0,2803,0.6345163583755493,0.6338824033737183,0.515625,0.642578125
0.71484375,256.0,0.5,0.416015625,256.0,2804,0.6403914093971252,0.625170111656189,0.546875,0.630859375
0.59375,256.0,0.5,0.484375,256.0,2805,0.6373139023780823,0.6553094387054443,0.5625,0.578125
0.6484375,256.0,0.5,0.4609375,256.0,2806,0.6310551166534424,0.6343255043029785,0.5703125,0.609375
0.6796875,256.0,0.5,0.466796875,256.0,2807,0.6316781044006348,0.6240864992141724,0.61328125,0.646484375
0.63671875,256.0,0.5,0.474609375,256.0,2808,0.6283249855041504,0.6255961656570435,0.5859375,0.611328125
0.58203125,256.0,0.5,0.5,256.0,2809,0.6300836801528931,0.6320821046829224,0.58203125,0.58203125
0.609375,256.0,0.5,0.474609375,256.0,2810,0.6384419202804565,0.6330174803733826,0.55859375,0.583984375
0.60546875,256.0,0.5,0.486328125,256.0,2811,0.6321893334388733,0.6341317892074585,0.578125,0.591796875
0.625,256.0,0.5,0.470703125,256.0,2812,0.637885332107544,0.6390433311462402,0.56640625,0.595703125
0.625,256.0,0.5,0.462890625,256.0,2813,0.6241040229797363,0.628435492515564,0.55078125,0.587890625
0.6328125,256.0,0.5,0.482421875,256.0,2814,0.6298308372497559,0.6332646608352661,0.59765625,0.615234375
0.71484375,256.0,0.5,0.380859375,256.0,2815,0.6333214044570923,0.6308823227882385,0.4765625,0.595703125
0.67578125,256.0,0.5,0.416015625,256.0,2816,0.6261667013168335,0.6509277820587158,0.5078125,0.591796875
0.73828125,256.0,0.5,0.365234375,256.0,2817,0.6315499544143677,0.6220684051513672,0.46875,0.603515625
0.71875,256.0,0.5,0.330078125,256.0,2818,0.6338036060333252,0.6535779237747192,0.37890625,0.548828125
0.84375,256.0,0.5,0.271484375,256.0,2819,0.6383731365203857,0.645788848400116,0.38671875,0.615234375
0.875,256.0,0.5,0.263671875,256.0,2820,0.6462926864624023,0.6357271075248718,0.40234375,0.638671875
0.88671875,256.0,0.5,0.234375,256.0,2821,0.6436912417411804,0.6414090394973755,0.35546875,0.62109375
0.77734375,256.0,0.5,0.359375,256.0,2822,0.635796308517456,0.6299917697906494,0.49609375,0.63671875
0.62890625,256.0,0.5,0.462890625,256.0,2823,0.631428062915802,0.640238881111145,0.5546875,0.591796875
0.7265625,256.0,0.5,0.400390625,256.0,2824,0.6323329210281372,0.6566161513328552,0.52734375,0.626953125
0.5546875,256.0,0.5,0.51953125,256.0,2825,0.6358717679977417,0.6505470275878906,0.59375,0.57421875
0.5390625,256.0,0.5,0.517578125,256.0,2826,0.629612922668457,0.6619734168052673,0.57421875,0.556640625
0.62890625,256.0,0.5,0.470703125,256.0,2827,0.6316805481910706,0.6370171308517456,0.5703125,0.599609375
0.56640625,256.0,0.5,0.548828125,256.0,2828,0.6288674473762512,0.6347405910491943,0.6640625,0.615234375
0.62109375,256.0,0.5,0.486328125,256.0,2829,0.6358237266540527,0.6740789413452148,0.59375,0.607421875
0.59375,256.0,0.5,0.498046875,256.0,2830,0.6173298358917236,0.6261396408081055,0.58984375,0.591796875
0.49609375,256.0,0.5,0.56640625,256.0,2831,0.6159323453903198,0.653588593006134,0.62890625,0.5625
0.671875,256.0,0.5,0.4609375,256.0,2832,0.6088007688522339,0.5990582704544067,0.59375,0.6328125
0.671875,256.0,0.5,0.447265625,256.0,2833,0.6182900667190552,0.6326291561126709,0.56640625,0.619140625
0.69140625,256.0,0.5,0.388671875,256.0,2834,0.6305729150772095,0.6393863558769226,0.46875,0.580078125
0.703125,256.0,0.5,0.392578125,256.0,2835,0.6398587226867676,0.630561351776123,0.48828125,0.595703125
0.83984375,256.0,0.5,0.26171875,256.0,2836,0.6203174591064453,0.6062949895858765,0.36328125,0.6015625
0.875,256.0,0.5,0.236328125,256.0,2837,0.6320338249206543,0.6456125378608704,0.34765625,0.611328125
0.87109375,256.0,0.5,0.228515625,256.0,2838,0.6236543655395508,0.6437822580337524,0.328125,0.599609375
0.87109375,256.0,0.5,0.20703125,256.0,2839,0.6340315341949463,0.6471957564353943,0.28515625,0.578125
0.80859375,256.0,0.5,0.267578125,256.0,2840,0.6386352777481079,0.6555209755897522,0.34375,0.576171875
0.84765625,256.0,0.5,0.28125,256.0,2841,0.6275166273117065,0.6151145696640015,0.41015625,0.62890625
0.82421875,256.0,0.5,0.314453125,256.0,2842,0.6338998675346375,0.6190230846405029,0.453125,0.638671875
0.73828125,256.0,0.5,0.3828125,256.0,2843,0.6183655261993408,0.6174873113632202,0.50390625,0.62109375
0.79296875,256.0,0.5,0.349609375,256.0,2844,0.6364949941635132,0.6271060705184937,0.4921875,0.642578125
0.72265625,256.0,0.5,0.396484375,256.0,2845,0.623018741607666,0.6182146072387695,0.515625,0.619140625
0.703125,256.0,0.5,0.435546875,256.0,2846,0.6209856271743774,0.6059706211090088,0.57421875,0.638671875
0.73046875,256.0,0.5,0.439453125,256.0,2847,0.6231943368911743,0.5910681486129761,0.609375,0.669921875
0.73828125,256.0,0.5,0.44140625,256.0,2848,0.6117416620254517,0.6092739701271057,0.62109375,0.6796875
0.64453125,256.0,0.5,0.462890625,256.0,2849,0.607059895992279,0.6366555690765381,0.5703125,0.607421875
0.6796875,256.0,0.5,0.443359375,256.0,2850,0.5989344120025635,0.6224803328514099,0.56640625,0.623046875
0.671875,256.0,0.5,0.4609375,256.0,2851,0.6028233766555786,0.6285500526428223,0.59375,0.6328125
0.58203125,256.0,0.5,0.505859375,256.0,2852,0.6023780107498169,0.6588306427001953,0.59375,0.587890625
0.671875,256.0,0.5,0.4921875,256.0,2853,0.6048175692558289,0.5899689197540283,0.65625,0.6640625
0.6796875,256.0,0.5,0.4765625,256.0,2854,0.6175987124443054,0.6175222992897034,0.6328125,0.65625
0.703125,256.0,0.5,0.4296875,256.0,2855,0.6064333915710449,0.6055275201797485,0.5625,0.6328125
0.6953125,256.0,0.5,0.439453125,256.0,2856,0.6165206432342529,0.6130422949790955,0.57421875,0.634765625
0.65234375,256.0,0.5,0.416015625,256.0,2857,0.626409113407135,0.6441963315010071,0.484375,0.568359375
0.7421875,256.0,0.5,0.392578125,256.0,2858,0.635224461555481,0.618894100189209,0.52734375,0.634765625
0.7890625,256.0,0.5,0.36328125,256.0,2859,0.6177020072937012,0.6004460453987122,0.515625,0.65234375
0.83203125,256.0,0.5,0.3203125,256.0,2860,0.6166905164718628,0.6049389839172363,0.47265625,0.65234375
0.75390625,256.0,0.5,0.341796875,256.0,2861,0.6215616464614868,0.6106603145599365,0.4375,0.595703125
0.83203125,256.0,0.5,0.296875,256.0,2862,0.6182612180709839,0.6122734546661377,0.42578125,0.62890625
0.7421875,256.0,0.5,0.3359375,256.0,2863,0.617307722568512,0.6226915717124939,0.4140625,0.578125
0.8671875,256.0,0.5,0.306640625,256.0,2864,0.6081481575965881,0.5863232016563416,0.48046875,0.673828125
0.86328125,256.0,0.5,0.314453125,256.0,2865,0.6306383013725281,0.6089637279510498,0.4921875,0.677734375
0.72265625,256.0,0.5,0.4140625,256.0,2866,0.6015668511390686,0.6283208131790161,0.55078125,0.63671875
0.734375,256.0,0.5,0.404296875,256.0,2867,0.6055670976638794,0.6123002171516418,0.54296875,0.638671875
0.7109375,256.0,0.5,0.46875,256.0,2868,0.6095840334892273,0.5957198143005371,0.6484375,0.6796875
0.62109375,256.0,0.5,0.484375,256.0,2869,0.5979800224304199,0.6437880992889404,0.58984375,0.60546875
0.640625,256.0,0.5,0.484375,256.0,2870,0.606648325920105,0.633452832698822,0.609375,0.625
0.65625,256.0,0.5,0.46875,256.0,2871,0.6011990904808044,0.621169924736023,0.59375,0.625
0.6171875,256.0,0.5,0.49609375,256.0,2872,0.6083242893218994,0.6299315690994263,0.609375,0.61328125
0.65625,256.0,0.5,0.490234375,256.0,2873,0.6038533449172974,0.6063990592956543,0.63671875,0.646484375
0.68359375,256.0,0.5,0.453125,256.0,2874,0.6290033459663391,0.6335451602935791,0.58984375,0.63671875
0.66015625,256.0,0.5,0.45703125,256.0,2875,0.6090058088302612,0.625212550163269,0.57421875,0.6171875
0.703125,256.0,0.5,0.421875,256.0,2876,0.6094204783439636,0.6364635229110718,0.546875,0.625
0.69140625,256.0,0.5,0.41015625,256.0,2877,0.6154211163520813,0.6217973232269287,0.51171875,0.6015625
0.7578125,256.0,0.5,0.345703125,256.0,2878,0.633887529373169,0.6389975547790527,0.44921875,0.603515625
0.73046875,256.0,0.5,0.341796875,256.0,2879,0.6364318132400513,0.6543890237808228,0.4140625,0.572265625
0.7578125,256.0,0.5,0.33203125,256.0,2880,0.6248418688774109,0.6495423913002014,0.421875,0.58984375
0.79296875,256.0,0.5,0.291015625,256.0,2881,0.6323540210723877,0.6605595350265503,0.375,0.583984375
0.80859375,256.0,0.5,0.27734375,256.0,2882,0.6334356069564819,0.6418635845184326,0.36328125,0.5859375
0.7734375,256.0,0.5,0.34765625,256.0,2883,0.617499828338623,0.625274121761322,0.46875,0.62109375
0.77734375,256.0,0.5,0.322265625,256.0,2884,0.627055287361145,0.6725842952728271,0.421875,0.599609375
0.80859375,256.0,0.5,0.30078125,256.0,2885,0.6239343285560608,0.6215335130691528,0.41015625,0.609375
0.80078125,256.0,0.5,0.294921875,256.0,2886,0.63454669713974,0.6658680438995361,0.390625,0.595703125
0.734375,256.0,0.5,0.357421875,256.0,2887,0.6386295557022095,0.635245680809021,0.44921875,0.591796875
0.70703125,256.0,0.5,0.3984375,256.0,2888,0.6439169049263,0.6591891050338745,0.50390625,0.60546875
0.64453125,256.0,0.5,0.443359375,256.0,2889,0.6393315196037292,0.6499982476234436,0.53125,0.587890625
0.7734375,256.0,0.5,0.3828125,256.0,2890,0.6300578117370605,0.613677978515625,0.5390625,0.65625
0.640625,256.0,0.5,0.44140625,256.0,2891,0.632744312286377,0.6556102633476257,0.5234375,0.58203125
0.6328125,256.0,0.5,0.490234375,256.0,2892,0.6221216917037964,0.6470004320144653,0.61328125,0.623046875
0.67578125,256.0,0.5,0.43359375,256.0,2893,0.6203469038009644,0.6533961296081543,0.54296875,0.609375
0.7109375,256.0,0.5,0.443359375,256.0,2894,0.6248657703399658,0.6182080507278442,0.59765625,0.654296875
0.578125,256.0,0.5,0.5,256.0,2895,0.6241004467010498,0.6801068186759949,0.578125,0.578125
0.63671875,256.0,0.5,0.470703125,256.0,2896,0.6303209066390991,0.6260432600975037,0.578125,0.607421875
0.5703125,256.0,0.5,0.494140625,256.0,2897,0.627160370349884,0.6704415082931519,0.55859375,0.564453125
0.62109375,256.0,0.5,0.4921875,256.0,2898,0.6323362588882446,0.6522625684738159,0.60546875,0.61328125
0.703125,256.0,0.5,0.412109375,256.0,2899,0.6290493011474609,0.6392240524291992,0.52734375,0.615234375
0.6015625,256.0,0.5,0.4609375,256.0,2900,0.6294459104537964,0.6544033885002136,0.5234375,0.5625
0.734375,256.0,0.5,0.384765625,256.0,2901,0.631842851638794,0.6571022272109985,0.50390625,0.619140625
0.68359375,256.0,0.5,0.427734375,256.0,2902,0.637231707572937,0.6262317895889282,0.5390625,0.611328125
0.78515625,256.0,0.5,0.359375,256.0,2903,0.6220189332962036,0.6076955795288086,0.50390625,0.64453125
0.76171875,256.0,0.5,0.357421875,256.0,2904,0.6323181986808777,0.6398123502731323,0.4765625,0.619140625
0.6875,256.0,0.5,0.376953125,256.0,2905,0.6230095624923706,0.632806658744812,0.44140625,0.564453125
0.7578125,256.0,0.5,0.345703125,256.0,2906,0.6286185383796692,0.6295605897903442,0.44921875,0.603515625
0.77734375,256.0,0.5,0.353515625,256.0,2907,0.6481019258499146,0.6440449953079224,0.484375,0.630859375
0.66796875,256.0,0.5,0.416015625,256.0,2908,0.6391804218292236,0.642339825630188,0.5,0.583984375
0.69140625,256.0,0.5,0.42578125,256.0,2909,0.6123825311660767,0.631526529788971,0.54296875,0.6171875
0.6953125,256.0,0.5,0.392578125,256.0,2910,0.6349058747291565,0.6498746275901794,0.48046875,0.587890625
0.734375,256.0,0.5,0.390625,256.0,2911,0.6194119453430176,0.6513307690620422,0.515625,0.625
0.6875,256.0,0.5,0.427734375,256.0,2912,0.6187200546264648,0.612869143486023,0.54296875,0.615234375
0.60546875,256.0,0.5,0.46484375,256.0,2913,0.6252729892730713,0.662334144115448,0.53515625,0.5703125
0.65625,256.0,0.5,0.447265625,256.0,2914,0.6395103931427002,0.652275562286377,0.55078125,0.603515625
0.6875,256.0,0.5,0.435546875,256.0,2915,0.6171184182167053,0.6185656785964966,0.55859375,0.623046875
0.671875,256.0,0.5,0.435546875,256.0,2916,0.6314636468887329,0.6329003572463989,0.54296875,0.607421875
0.6640625,256.0,0.5,0.44921875,256.0,2917,0.6266126036643982,0.6256728172302246,0.5625,0.61328125
0.671875,256.0,0.5,0.44921875,256.0,2918,0.6321670413017273,0.6207996010780334,0.5703125,0.62109375
0.65234375,256.0,0.5,0.44921875,256.0,2919,0.6355632543563843,0.6323780417442322,0.55078125,0.6015625
0.62109375,256.0,0.5,0.46875,256.0,2920,0.6353039741516113,0.6433185935020447,0.55859375,0.58984375
0.6171875,256.0,0.5,0.4921875,256.0,2921,0.6281888484954834,0.6338825821876526,0.6015625,0.609375
0.61328125,256.0,0.5,0.501953125,256.0,2922,0.6177550554275513,0.6240186095237732,0.6171875,0.615234375
0.54296875,256.0,0.5,0.5234375,256.0,2923,0.6281986236572266,0.6671282649040222,0.58984375,0.56640625
0.62109375,256.0,0.5,0.4765625,256.0,2924,0.6432476043701172,0.6512544751167297,0.57421875,0.59765625
0.63671875,256.0,0.5,0.48046875,256.0,2925,0.6299116611480713,0.6321146488189697,0.59765625,0.6171875
0.69921875,256.0,0.5,0.423828125,256.0,2926,0.6373053789138794,0.6402105093002319,0.546875,0.623046875
0.75390625,256.0,0.5,0.375,256.0,2927,0.6427114605903625,0.6478392481803894,0.50390625,0.62890625
0.72265625,256.0,0.5,0.400390625,256.0,2928,0.6413509249687195,0.6454054117202759,0.5234375,0.623046875
0.6953125,256.0,0.5,0.3984375,256.0,2929,0.6384676098823547,0.6369144320487976,0.4921875,0.59375
0.71875,256.0,0.5,0.404296875,256.0,2930,0.6305711269378662,0.6362745761871338,0.52734375,0.623046875
0.61328125,256.0,0.5,0.470703125,256.0,2931,0.6423405408859253,0.6532666087150574,0.5546875,0.583984375
0.66015625,256.0,0.5,0.439453125,256.0,2932,0.6290634274482727,0.639716625213623,0.5390625,0.599609375
0.6328125,256.0,0.5,0.45703125,256.0,2933,0.644625186920166,0.6453055739402771,0.546875,0.58984375
0.65234375,256.0,0.5,0.47265625,256.0,2934,0.6276290416717529,0.6121011972427368,0.59765625,0.625
0.63671875,256.0,0.5,0.48828125,256.0,2935,0.6208430528640747,0.6202580332756042,0.61328125,0.625
0.63671875,256.0,0.5,0.484375,256.0,2936,0.6223607063293457,0.6289107203483582,0.60546875,0.62109375
0.6171875,256.0,0.5,0.478515625,256.0,2937,0.644636869430542,0.6423720121383667,0.57421875,0.595703125
0.640625,256.0,0.5,0.482421875,256.0,2938,0.6281609535217285,0.6286053657531738,0.60546875,0.623046875
0.58984375,256.0,0.5,0.470703125,256.0,2939,0.618198812007904,0.6563881635665894,0.53125,0.560546875
0.515625,256.0,0.5,0.52734375,256.0,2940,0.6291236877441406,0.6738457679748535,0.5703125,0.54296875
0.62890625,256.0,0.5,0.443359375,256.0,2941,0.6309999227523804,0.6384475231170654,0.515625,0.572265625
0.703125,256.0,0.5,0.419921875,256.0,2942,0.6304810643196106,0.6350587606430054,0.54296875,0.623046875
0.71484375,256.0,0.5,0.3984375,256.0,2943,0.6447387933731079,0.6457982063293457,0.51171875,0.61328125
0.75,256.0,0.5,0.376953125,256.0,2944,0.6231499910354614,0.6276596784591675,0.50390625,0.626953125
0.75390625,256.0,0.5,0.376953125,256.0,2945,0.6227632164955139,0.6348699331283569,0.5078125,0.630859375
0.75,256.0,0.5,0.361328125,256.0,2946,0.6333377957344055,0.625866174697876,0.47265625,0.611328125
0.76171875,256.0,0.5,0.353515625,256.0,2947,0.6276794672012329,0.6385716199874878,0.46875,0.615234375
0.6953125,256.0,0.5,0.408203125,256.0,2948,0.6314188241958618,0.6372065544128418,0.51171875,0.603515625
0.6796875,256.0,0.5,0.41015625,256.0,2949,0.6424201726913452,0.6456305980682373,0.5,0.58984375
0.6328125,256.0,0.5,0.455078125,256.0,2950,0.6331727504730225,0.6639285087585449,0.54296875,0.587890625
0.7265625,256.0,0.5,0.408203125,256.0,2951,0.6284499168395996,0.6106196641921997,0.54296875,0.634765625
0.65625,256.0,0.5,0.447265625,256.0,2952,0.6328060030937195,0.632943332195282,0.55078125,0.603515625
0.62890625,256.0,0.5,0.48046875,256.0,2953,0.6246863603591919,0.6221120953559875,0.58984375,0.609375
0.6953125,256.0,0.5,0.451171875,256.0,2954,0.6278489828109741,0.6164513230323792,0.59765625,0.646484375
0.61328125,256.0,0.5,0.505859375,256.0,2955,0.6303607225418091,0.6391597986221313,0.625,0.619140625
0.6484375,256.0,0.5,0.478515625,256.0,2956,0.6251684427261353,0.6234406232833862,0.60546875,0.626953125
0.546875,256.0,0.5,0.521484375,256.0,2957,0.6223165988922119,0.6693675518035889,0.58984375,0.568359375
0.6015625,256.0,0.5,0.4765625,256.0,2958,0.63409823179245,0.6583447456359863,0.5546875,0.578125
0.6015625,256.0,0.5,0.515625,256.0,2959,0.6242818832397461,0.630805253982544,0.6328125,0.6171875
0.6875,256.0,0.5,0.4375,256.0,2960,0.6228142380714417,0.6125634908676147,0.5625,0.625
0.640625,256.0,0.5,0.46484375,256.0,2961,0.6320416927337646,0.6459718942642212,0.5703125,0.60546875
0.7578125,256.0,0.5,0.3828125,256.0,2962,0.6409972310066223,0.6301982402801514,0.5234375,0.640625
0.75,256.0,0.5,0.40625,256.0,2963,0.6373761296272278,0.616207480430603,0.5625,0.65625
0.703125,256.0,0.5,0.40625,256.0,2964,0.6328192353248596,0.6265180706977844,0.515625,0.609375
0.69921875,256.0,0.5,0.41015625,256.0,2965,0.622761607170105,0.6127490997314453,0.51953125,0.609375
0.64453125,256.0,0.5,0.4453125,256.0,2966,0.61876380443573,0.6455618143081665,0.53515625,0.58984375
0.7421875,256.0,0.5,0.35546875,256.0,2967,0.6440697908401489,0.6445820331573486,0.453125,0.59765625
0.734375,256.0,0.5,0.376953125,256.0,2968,0.6402815580368042,0.6278259754180908,0.48828125,0.611328125
0.6796875,256.0,0.5,0.42578125,256.0,2969,0.6361513733863831,0.633163332939148,0.53125,0.60546875
0.76171875,256.0,0.5,0.384765625,256.0,2970,0.6350698471069336,0.6226630210876465,0.53125,0.646484375
0.72265625,256.0,0.5,0.392578125,256.0,2971,0.6305691003799438,0.6476014256477356,0.5078125,0.615234375
0.703125,256.0,0.5,0.43359375,256.0,2972,0.6228644847869873,0.6433554887771606,0.5703125,0.63671875
0.69921875,256.0,0.5,0.4296875,256.0,2973,0.6336691379547119,0.6438953876495361,0.55859375,0.62890625
0.5625,256.0,0.5,0.5234375,256.0,2974,0.614230751991272,0.6596013903617859,0.609375,0.5859375
0.5546875,256.0,0.5,0.515625,256.0,2975,0.6293586492538452,0.655561089515686,0.5859375,0.5703125
0.60546875,256.0,0.5,0.470703125,256.0,2976,0.6269208788871765,0.6350083947181702,0.546875,0.576171875
0.7265625,256.0,0.5,0.42578125,256.0,2977,0.6185302734375,0.6025936603546143,0.578125,0.65234375
0.7578125,256.0,0.5,0.42578125,256.0,2978,0.636328935623169,0.611375093460083,0.609375,0.68359375
0.7421875,256.0,0.5,0.40234375,256.0,2979,0.6227898001670837,0.6149288415908813,0.546875,0.64453125
0.78125,256.0,0.5,0.37890625,256.0,2980,0.6336328983306885,0.6143018007278442,0.5390625,0.66015625
0.69140625,256.0,0.5,0.4296875,256.0,2981,0.6320463418960571,0.6280936002731323,0.55078125,0.62109375
0.69921875,256.0,0.5,0.423828125,256.0,2982,0.6159682273864746,0.6162562966346741,0.546875,0.623046875
0.703125,256.0,0.5,0.40234375,256.0,2983,0.638188362121582,0.6530627608299255,0.5078125,0.60546875
0.69921875,256.0,0.5,0.435546875,256.0,2984,0.6305623054504395,0.6109533309936523,0.5703125,0.634765625
0.65234375,256.0,0.5,0.45703125,256.0,2985,0.6206260919570923,0.6250280737876892,0.56640625,0.609375
0.6796875,256.0,0.5,0.423828125,256.0,2986,0.6333476305007935,0.6379525661468506,0.52734375,0.603515625
0.61328125,256.0,0.5,0.44921875,256.0,2987,0.6284208297729492,0.6393561959266663,0.51171875,0.5625
0.71875,256.0,0.5,0.431640625,256.0,2988,0.6180227994918823,0.6243598461151123,0.58203125,0.650390625
0.625,256.0,0.5,0.43359375,256.0,2989,0.6378329992294312,0.6596062183380127,0.4921875,0.55859375
0.734375,256.0,0.5,0.373046875,256.0,2990,0.6296960711479187,0.6425150632858276,0.48046875,0.607421875
0.72265625,256.0,0.5,0.357421875,256.0,2991,0.6363721489906311,0.6569385528564453,0.4375,0.580078125
0.76953125,256.0,0.5,0.341796875,256.0,2992,0.6342999339103699,0.6290812492370605,0.453125,0.611328125
0.79296875,256.0,0.5,0.3359375,256.0,2993,0.6258144378662109,0.6145094633102417,0.46484375,0.62890625
0.80078125,256.0,0.5,0.32421875,256.0,2994,0.6427599191665649,0.6283104419708252,0.44921875,0.625
0.77734375,256.0,0.5,0.34765625,256.0,2995,0.6387416124343872,0.6439151763916016,0.47265625,0.625
0.734375,256.0,0.5,0.392578125,256.0,2996,0.6259503364562988,0.615973949432373,0.51953125,0.626953125
0.8125,256.0,0.5,0.322265625,256.0,2997,0.6355248093605042,0.6403459310531616,0.45703125,0.634765625
0.71484375,256.0,0.5,0.451171875,256.0,2998,0.6223666071891785,0.6087404489517212,0.6171875,0.666015625
0.66015625,256.0,0.5,0.46484375,256.0,2999,0.6200524568557739,0.6109679937362671,0.58984375,0.625
0.6171875,256.0,0.5,0.478515625,256.0,3000,0.6202404499053955,0.6479065418243408,0.57421875,0.595703125
