mean/disc/n_expert,mean/disc/disc_proportion_expert_pred,mean/gen/train/approx_kl,mean/gen/time/fps,mean/gen/train/n_updates,mean/disc/disc_proportion_expert_true,mean/gen/train/policy_gradient_loss,mean/disc/disc_acc_expert,mean/disc/disc_entropy,mean/gen/time/time_elapsed,mean/gen/train/explained_variance,mean/gen/time/iterations,mean/gen/time/total_timesteps,mean/gen/train/learning_rate,mean/disc/global_step,mean/gen/train/clip_range,mean/gen/train/value_loss,mean/disc/n_generated,mean/gen/train/clip_fraction,mean/disc/disc_acc,mean/gen/train/entropy_loss,mean/gen/rollout/ep_rew_mean,mean/gen/rollout/ep_len_mean,mean/disc/disc_acc_gen,mean/gen/train/loss,mean/disc/disc_loss,mean/gen/rollout/ep_rew_wrapped_mean
256.0,1.0,0.006209118291735649,1864.0,8.0,0.5,-0.012023624789435416,1.0,0.4517287611961365,0.0,-0.07944846153259277,1.0,512.0,0.0001,1.0,0.2,0.04807573899597628,256.0,0.020751953125,0.5,-1.6070509999990463,-418.18182373046875,45.0,0.0,-0.05263920873403549,1.0169739723205566,
256.0,1.0,0.007589826360344887,2393.0,16.0,0.5,-0.01132813812000677,1.0,0.44549667835235596,0.0,0.064780592918396,1.0,1024.0,0.0001,2.0,0.2,0.027197509494726546,256.0,0.0068359375,0.5,-1.6023028353229165,-450.0,45.0,0.0,-0.034343358129262924,1.0150532722473145,2.2843398202887992
256.0,1.0,0.010021127760410309,2202.0,24.0,0.5,-0.0213336018496193,1.0,0.4523094594478607,0.0,-0.4532599449157715,1.0,1536.0,0.0001,3.0,0.2,0.01648092879622709,256.0,0.081787109375,0.5,-1.5840055048465729,-402.941162109375,45.0,0.0,-0.07037009298801422,1.0204683542251587,2.125463092191653
256.0,1.0,0.006071639247238636,2609.0,32.0,0.5,-0.014530282009218354,1.0,0.45312780141830444,0.0,-0.7466791868209839,1.0,2048.0,0.0001,4.0,0.2,0.008499224131810479,256.0,0.04931640625,0.5,-1.5870019076392055,-422.22222900390625,45.0,0.0,-0.019771838560700417,1.0071897506713867,1.9197007015018779
256.0,1.0,0.010095741599798203,2215.0,40.0,0.5,-0.019089389781584032,1.0,0.45964643359184265,0.0,-0.773586630821228,1.0,2560.0,0.0001,5.0,0.2,0.006042613093086402,256.0,0.09375,0.5,-1.562494520097971,-465.1785583496094,45.0,0.0,-0.023835737258195877,0.9987311363220215,1.7796568349003792
256.0,1.0,0.016150912269949913,2385.0,48.0,0.5,-0.0296227293292759,1.0,0.45419859886169434,0.0,0.14917320013046265,1.0,3072.0,0.0001,6.0,0.2,0.006242897142328729,256.0,0.129150390625,0.5,-1.5298400921747088,-443.3823547363281,45.0,0.0,-0.0779913142323494,1.0213068723678589,1.6220632793847471
256.0,1.0,0.0162346251308918,2926.0,56.0,0.5,-0.031111538359255064,1.0,0.45481765270233154,0.0,0.3019089102745056,1.0,3584.0,0.0001,7.0,0.2,0.0016111283055124659,256.0,0.254150390625,0.5,-1.4387576710432768,-483.5443115234375,45.0,0.0,-0.04998757317662239,0.9923509359359741,1.4553528700078673
256.0,1.0,0.02202175371348858,2832.0,64.0,0.5,-0.03752912922936957,1.0,0.454214483499527,0.0,0.292580246925354,1.0,4096.0,0.0001,8.0,0.2,0.00446145934802189,256.0,0.242431640625,0.5,-1.3483358854427934,-482.967041015625,45.0,0.0,-0.09658732265233994,0.9915352463722229,1.3257492154695187
256.0,1.0,0.015914125367999077,1665.0,72.0,0.5,-0.03009508113245829,1.0,0.4389970898628235,0.0,0.5924901366233826,1.0,4608.0,0.0001,9.0,0.2,0.006910071984748356,256.0,0.2001953125,0.5,-1.2611640496179461,-495.0,45.0,0.0,-0.04146068915724754,0.9545831680297852,1.1809941521835523
256.0,1.0,0.01891927979886532,2915.0,80.0,0.5,-0.028124632386607118,1.0,0.47102320194244385,0.0,0.6246460974216461,1.0,5120.0,0.0001,10.0,0.2,0.005909511854952143,256.0,0.29931640625,0.5,-1.1310983058065176,-517.5,45.0,0.0,0.002050246112048626,0.8922632932662964,1.0194449384696782
256.0,1.0,0.009165279567241669,2924.0,88.0,0.5,-0.024534975775168277,1.0,0.47720780968666077,0.0,0.6296281516551971,1.0,5632.0,0.0001,11.0,0.2,0.007580805855468498,256.0,0.130859375,0.5,-1.1183321736752987,-521.0,45.0,0.0,-0.0037190979346632957,0.8017481565475464,0.7339205983653665
256.0,1.0,0.009070144966244698,2794.0,96.0,0.5,-0.013947313302196562,1.0,0.47053951025009155,0.0,0.7404086589813232,1.0,6144.0,0.0001,12.0,0.2,0.012422270177921746,256.0,0.069091796875,0.5,-1.1071523036807775,-514.5,45.0,0.0,-0.036795567721128464,0.8059413433074951,0.46032645979896186
256.0,1.0,0.0071723307482898235,2742.0,104.0,0.5,-0.016645581141347066,1.0,0.44212672114372253,0.0,0.6451300978660583,1.0,6656.0,0.0001,13.0,0.2,0.01884473047539359,256.0,0.052978515625,0.5,-1.0304597322829068,-522.5,45.0,0.0,-0.047779642045497894,0.895786702632904,0.1828794415295124
256.0,1.0,0.010372370481491089,2634.0,112.0,0.5,-0.021646809786034282,1.0,0.4810546040534973,0.0,0.6943713426589966,1.0,7168.0,0.0001,14.0,0.2,0.025784435245441273,256.0,0.121337890625,0.5,-0.9324642666615546,-516.5,45.0,0.0,-0.026030145585536957,0.7679246664047241,-0.10193335011601448
256.0,1.0,0.0068991477601230145,2951.0,120.0,0.5,-0.013360000877582934,1.0,0.4949091672897339,0.0,0.5850212275981903,1.0,7680.0,0.0001,15.0,0.2,0.025065000547328964,256.0,0.06982421875,0.5,-0.8036587885580957,-516.5,45.0,0.0,-0.04053310304880142,0.7550413012504578,-0.4033221374638379
256.0,1.0,0.009320471435785294,2826.0,128.0,0.5,-0.018132398385205306,1.0,0.479335755109787,0.0,0.6277101635932922,1.0,8192.0,0.0001,16.0,0.2,0.0348714041247149,256.0,0.10400390625,0.5,-0.7190577988512814,-492.0,45.0,0.0,-0.03857932984828949,0.7324614524841309,-0.6555383094400168
256.0,1.0,0.004110183101147413,3095.0,136.0,0.5,-0.006075330500607379,1.0,0.4881178140640259,0.0,0.527667909860611,1.0,8704.0,0.0001,17.0,0.2,0.03421210877422709,256.0,0.0205078125,0.5,-0.6294478327035904,-496.5,45.0,0.0,-0.029196418821811676,0.7060776352882385,-0.963248434998095
256.0,0.998046875,0.0042086015455424786,3219.0,144.0,0.5,-0.007951532072183909,1.0,0.4799085259437561,0.0,0.3900398015975952,1.0,9216.0,0.0001,18.0,0.2,0.038997559480776545,256.0,0.04541015625,0.501953125,-0.54912577313371,-504.5,45.0,0.00390625,0.009587307460606098,0.6392391920089722,-1.2409137771651149
256.0,1.0,0.0038773673586547375,3125.0,152.0,0.5,-0.005723766276787501,1.0,0.4796617031097412,0.0,0.3136640787124634,1.0,9728.0,0.0001,19.0,0.2,0.04432259163877461,256.0,0.0234375,0.5,-0.5456250412389636,-508.5,45.0,0.0,-0.0313110426068306,0.6565406322479248,-1.49861707855016
256.0,1.0,0.0035488284192979336,3063.0,160.0,0.5,-0.013354568531212863,1.0,0.4955648183822632,0.0,0.25669950246810913,1.0,10240.0,0.0001,20.0,0.2,0.0517059040867025,256.0,0.038330078125,0.5,-0.5584283790085465,-512.0,45.0,0.0,-0.0006468668580055237,0.712544322013855,-1.7998585934937
256.0,0.673828125,0.016725892201066017,2712.0,168.0,0.5,-0.017914692747581284,1.0,0.4792028069496155,0.0,0.5429559051990509,1.0,10752.0,0.0001,21.0,0.2,0.05280551078612916,256.0,0.072021484375,0.826171875,-0.568929664324969,-518.5,45.0,0.65234375,-0.015612931922078133,0.7421789765357971,-2.094432865716517
256.0,0.65234375,0.00570808257907629,2701.0,176.0,0.5,-0.01853515895709279,0.99609375,0.4821145236492157,0.0,0.5948870480060577,1.0,11264.0,0.0001,22.0,0.2,0.0592021560005378,256.0,0.061279296875,0.84375,-0.49657384934835136,-507.0,45.0,0.69140625,0.005592305213212967,0.6499553918838501,-2.384241506867111
256.0,0.60546875,0.0048412661999464035,2704.0,184.0,0.5,-0.017727182945236564,0.98828125,0.4782639443874359,0.0,0.5481022596359253,1.0,11776.0,0.0001,23.0,0.2,0.07295669207815081,256.0,0.05517578125,0.8828125,-0.48013873235322535,-506.0,45.0,0.77734375,-0.007847905158996582,0.5917033553123474,-2.711791579686105
256.0,0.603515625,0.0040166606195271015,2021.0,192.0,0.5,-0.010794018431624863,0.98046875,0.5011621713638306,0.0,0.4021143913269043,1.0,12288.0,0.0001,24.0,0.2,0.07171687412483152,256.0,0.04052734375,0.876953125,-0.44369846396148205,-511.5,45.0,0.7734375,0.013642644509673119,0.5805246233940125,-3.0140329180657863
256.0,0.572265625,0.004227059427648783,2960.0,200.0,0.5,-0.009529546288831625,0.95703125,0.5047999620437622,0.0,0.34026390314102173,1.0,12800.0,0.0001,25.0,0.2,0.06968428107211366,256.0,0.045166015625,0.884765625,-0.4047150139231235,-523.5,45.0,0.8125,0.010707183741033077,0.5839372277259827,-3.3446892529726027
256.0,0.53515625,0.002079741097986698,2104.0,208.0,0.5,-0.005815429103677161,0.94921875,0.5185906887054443,0.0,0.4345713257789612,1.0,13312.0,0.0001,26.0,0.2,0.07932610099669546,256.0,0.035400390625,0.9140625,-0.35227044322527945,-523.5,45.0,0.87890625,0.027232054620981216,0.557842493057251,-3.6355590360611676
256.0,0.53515625,0.003546919208019972,3083.0,216.0,0.5,-0.006412253977032378,0.9453125,0.5021241903305054,0.0,0.3365206718444824,1.0,13824.0,0.0001,27.0,0.2,0.08424855013436172,256.0,0.037109375,0.91015625,-0.3639108643401414,-523.5,45.0,0.875,0.017284128814935684,0.5861620306968689,-3.9481920425966384
256.0,0.58984375,0.00466893520206213,2915.0,224.0,0.5,-0.010047400264738826,0.95703125,0.5156303644180298,0.0,0.5345820188522339,1.0,14336.0,0.0001,28.0,0.2,0.08765701446100138,256.0,0.0556640625,0.8671875,-0.42137983278371394,-529.5,45.0,0.77734375,-0.009640900418162346,0.6022264957427979,-4.299981109835207
256.0,0.56640625,0.004060289356857538,3032.0,232.0,0.5,-0.006852709979284555,0.95703125,0.5073363780975342,0.0,0.35669296979904175,1.0,14848.0,0.0001,29.0,0.2,0.08798796299379319,256.0,0.046142578125,0.890625,-0.44772414583712816,-527.5,45.0,0.82421875,0.02515910193324089,0.5960526466369629,-4.631595453135669
256.0,0.58984375,0.004578198306262493,2771.0,240.0,0.5,-0.006026924391335342,0.92578125,0.4803864359855652,0.0,0.40407049655914307,1.0,15360.0,0.0001,30.0,0.2,0.09034635254647583,256.0,0.034912109375,0.8359375,-0.5093915571924299,-514.0,45.0,0.74609375,0.008519330993294716,0.6358709335327148,-4.953626185134053
256.0,0.572265625,0.004073482006788254,2885.0,248.0,0.5,-0.005424691677035298,0.97265625,0.49627095460891724,0.0,0.3540780544281006,1.0,15872.0,0.0001,31.0,0.2,0.10126012022374198,256.0,0.04296875,0.900390625,-0.3982800985686481,-530.5,45.0,0.828125,-0.0009243972599506378,0.6120416522026062,-5.274248000867665
256.0,0.53515625,0.004414515569806099,2994.0,256.0,0.5,-0.009545298424200155,0.93359375,0.5033066272735596,0.0,0.1587868332862854,1.0,16384.0,0.0001,32.0,0.2,0.10659468054655008,256.0,0.047607421875,0.8984375,-0.3587482066359371,-519.0,45.0,0.86328125,0.02316056191921234,0.5502272844314575,-5.56414218917489
256.0,0.55078125,0.0027366369031369686,2989.0,264.0,0.5,-0.004842383230425185,0.921875,0.4872581958770752,0.0,0.14516937732696533,1.0,16896.0,0.0001,33.0,0.2,0.11343478786875494,256.0,0.02197265625,0.87109375,-0.37143134186044335,-516.5,45.0,0.8203125,0.04454758018255234,0.5410988330841064,-5.902368587180972
256.0,0.541015625,0.0015786326257511973,2109.0,272.0,0.5,-0.003691575868288055,0.94921875,0.5051019191741943,0.0,0.21178168058395386,1.0,17408.0,0.0001,34.0,0.2,0.11148578085703775,256.0,0.024169921875,0.908203125,-0.37419109698385,-527.5,45.0,0.8671875,0.03809252008795738,0.5272836089134216,-6.231691174134612
256.0,0.533203125,0.005254271440207958,2806.0,280.0,0.5,-0.0064838712132768705,0.91015625,0.4948270320892334,0.0,0.2994929552078247,1.0,17920.0,0.0001,35.0,0.2,0.13032497244421393,256.0,0.03857421875,0.876953125,-0.3744210333097726,-520.5,45.0,0.84375,0.04285721480846405,0.5797444581985474,-6.573485982827842
256.0,0.5,0.004365325905382633,2876.0,288.0,0.5,-0.007915784022770822,0.890625,0.5059843063354492,0.0,0.253423273563385,1.0,18432.0,0.0001,36.0,0.2,0.12689470406621695,256.0,0.0419921875,0.890625,-0.35957846068777144,-520.5,45.0,0.890625,0.019290298223495483,0.5584723949432373,-6.962623232267797
256.0,0.49609375,0.0033413120545446873,2799.0,296.0,0.5,-0.005243033745500725,0.86328125,0.4935532212257385,0.0,0.23975330591201782,1.0,18944.0,0.0001,37.0,0.2,0.1342126864765305,256.0,0.03564453125,0.8671875,-0.3363325516693294,-522.0,45.0,0.87109375,0.04467087984085083,0.576038122177124,-7.322929186038673
256.0,0.478515625,0.002485979814082384,2877.0,304.0,0.5,-0.004126980402361369,0.8359375,0.4950246214866638,0.0,0.16087275743484497,1.0,19456.0,0.0001,38.0,0.2,0.14225251198513433,256.0,0.02197265625,0.857421875,-0.3538318823557347,-515.0,45.0,0.87890625,0.029819827526807785,0.5801541209220886,-7.679791336394846
256.0,0.517578125,0.002095920965075493,2923.0,312.0,0.5,-0.004468588282179553,0.859375,0.5151516795158386,0.0,0.06649625301361084,1.0,19968.0,0.0001,39.0,0.2,0.1764609236852266,256.0,0.022705078125,0.841796875,-0.3697927522007376,-538.0,45.0,0.82421875,0.05479893460869789,0.5643876791000366,-8.079317722059786
256.0,0.51953125,0.003142965491861105,2928.0,320.0,0.5,-0.004251271409884794,0.8984375,0.49999088048934937,0.0,0.009608805179595947,1.0,20480.0,0.0001,40.0,0.2,0.18938841379713267,256.0,0.0302734375,0.87890625,-0.4002768655773252,-525.5,45.0,0.859375,0.06549173593521118,0.5612399578094482,-8.445687651373445
256.0,0.53125,0.0019329170463606715,3105.0,328.0,0.5,-0.002815544663462788,0.921875,0.4825793504714966,0.0,0.09513580799102783,1.0,20992.0,0.0001,41.0,0.2,0.22705427289474756,256.0,0.0234375,0.890625,-0.33277898328378797,-523.0,45.0,0.859375,0.02294990047812462,0.5607848167419434,-8.850064223818482
256.0,0.48828125,0.002025813329964876,2964.0,336.0,0.5,-0.004725610924651846,0.8203125,0.5107458829879761,0.0,0.07069253921508789,1.0,21504.0,0.0001,42.0,0.2,0.244153774343431,256.0,0.02197265625,0.83203125,-0.3158422567648813,-525.0,45.0,0.84375,0.06611211597919464,0.5895607471466064,-9.266979793421925
256.0,0.48828125,0.0009946877835318446,3093.0,344.0,0.5,-0.0014944174326956272,0.87890625,0.505474328994751,0.0,0.07502138614654541,1.0,22016.0,0.0001,43.0,0.2,0.30300385830923915,256.0,0.00732421875,0.890625,-0.2969527541426942,-530.5,45.0,0.90234375,0.12171997129917145,0.5413459539413452,-9.665801487378776
256.0,0.498046875,0.002280046232044697,3193.0,352.0,0.5,-0.001993066427530721,0.88671875,0.5075995922088623,0.0,0.05401885509490967,1.0,22528.0,0.0001,44.0,0.2,0.28273173834895715,256.0,0.015869140625,0.888671875,-0.3193396052811295,-530.5,45.0,0.890625,0.09446235001087189,0.5193567872047424,-10.132984516136348
256.0,0.49609375,0.00539340078830719,3018.0,360.0,0.5,-0.004203214826702606,0.875,0.5123283267021179,0.0,0.032753825187683105,1.0,23040.0,0.0001,45.0,0.2,0.33842760912375525,256.0,0.02392578125,0.87890625,-0.3280261172913015,-526.5,45.0,0.8828125,0.08507496863603592,0.568949282169342,-10.58303783442825
256.0,0.517578125,0.005090325605124235,2993.0,368.0,0.5,-0.0069639313442166895,0.92578125,0.5124309062957764,0.0,0.19829493761062622,1.0,23552.0,0.0001,46.0,0.2,0.3996763068716973,256.0,0.026611328125,0.908203125,-0.3679680973291397,-520.5,45.0,0.890625,0.11951418966054916,0.5547096133232117,-11.065008304938674
256.0,0.568359375,0.004510920029133558,2951.0,376.0,0.5,-0.0037689508753828704,0.9453125,0.5071502923965454,0.0,0.06786686182022095,1.0,24064.0,0.0001,47.0,0.2,0.3857695302576758,256.0,0.02099609375,0.876953125,-0.4216145188547671,-524.0,45.0,0.80859375,0.08382998406887054,0.5645322203636169,-11.535158423744143
256.0,0.58203125,0.0033544162288308144,2714.0,384.0,0.5,-0.012345470786385704,0.95703125,0.512633204460144,0.0,0.29082995653152466,1.0,24576.0,0.0001,48.0,0.2,0.5665122538339347,256.0,0.031982421875,0.875,-0.5114964947570115,-511.5,45.0,0.79296875,0.12941482663154602,0.5581122040748596,-11.978824414610862
256.0,0.572265625,0.003965895157307386,2818.0,392.0,0.5,-0.006448756474128459,0.9609375,0.4951664209365845,0.0,0.35688745975494385,1.0,25088.0,0.0001,49.0,0.2,0.5812204303219914,256.0,0.037109375,0.888671875,-0.47328110481612384,-509.0,45.0,0.81640625,0.15074732899665833,0.5889873504638672,-12.437111115716398
256.0,0.5859375,0.007073264569044113,3015.0,400.0,0.5,-0.006319558655377477,0.984375,0.4919859766960144,0.0,0.12566214799880981,1.0,25600.0,0.0001,50.0,0.2,0.587658136151731,256.0,0.023193359375,0.8984375,-0.433939219918102,-516.5,45.0,0.8125,0.13814273476600647,0.571628212928772,-12.84532523524016
256.0,0.642578125,0.005429883021861315,2780.0,408.0,0.5,-0.015205679737846367,0.9765625,0.4922601282596588,0.0,0.30310750007629395,1.0,26112.0,0.0001,51.0,0.2,0.7920427707722411,256.0,0.046142578125,0.833984375,-0.495551084401086,-489.0,45.0,0.69140625,0.1289878785610199,0.6540096998214722,-13.405329504609108
256.0,0.583984375,0.005417730659246445,3043.0,416.0,0.5,-0.005743646324845031,0.96875,0.5032281875610352,0.0,0.35177892446517944,1.0,26624.0,0.0001,52.0,0.2,0.8859800753416494,256.0,0.0185546875,0.884765625,-0.42463393160142004,-465.5,45.0,0.80078125,0.3531888425350189,0.5907256007194519,-13.893039932306856
256.0,0.59375,0.0049640340730547905,2880.0,424.0,0.5,-0.013947232517239172,0.96484375,0.5050390958786011,0.0,0.3741862177848816,1.0,27136.0,0.0001,53.0,0.2,1.0094277213793248,256.0,0.049072265625,0.87109375,-0.4967963993549347,-447.5,45.0,0.77734375,0.1741628646850586,0.5704318284988403,-14.438233304526657
256.0,0.58984375,0.0061113266274333,2893.0,432.0,0.5,-0.008400320657528937,0.96875,0.5038858652114868,0.0,0.1795872449874878,1.0,27648.0,0.0001,54.0,0.2,1.0360164451412857,256.0,0.024169921875,0.87890625,-0.47821047017350793,-443.5,45.0,0.7890625,0.310255229473114,0.5579703450202942,-15.009106662478297
256.0,0.58984375,0.005451161414384842,2942.0,440.0,0.5,-0.010858706169528887,0.96875,0.5142123699188232,0.0,0.3835141658782959,1.0,28160.0,0.0001,55.0,0.2,1.018308590631932,256.0,0.03369140625,0.87890625,-0.4704043981619179,-449.0,45.0,0.7890625,0.1791621446609497,0.5485556125640869,-15.61136472654529
256.0,0.63671875,0.004765263292938471,2659.0,448.0,0.5,-0.009647860286349896,0.96484375,0.5267097353935242,0.0,0.4130438566207886,1.0,28672.0,0.0001,56.0,0.2,1.3533607576973736,256.0,0.027587890625,0.828125,-0.5021612925920635,-423.0,45.0,0.69140625,0.5642114877700806,0.6243746280670166,-16.30341425119899
256.0,0.623046875,0.004341978579759598,2670.0,456.0,0.5,-0.007756258106383029,0.9921875,0.5171797275543213,0.0,0.4989358186721802,1.0,29184.0,0.0001,57.0,0.2,1.658642957219854,256.0,0.019287109375,0.869140625,-0.5187507236842066,-409.5,45.0,0.74609375,0.42154374718666077,0.529431939125061,-16.89460665495135
256.0,0.6640625,0.00471099466085434,2398.0,464.0,0.5,-0.014477596436336171,0.96875,0.5047779083251953,0.0,0.4850153923034668,1.0,29696.0,0.0001,58.0,0.2,2.0845834214705974,256.0,0.03369140625,0.8046875,-0.5667681167833507,-349.0,45.0,0.640625,0.4952370524406433,0.5576739311218262,-17.551624347483738
256.0,0.69140625,0.004328753333538771,2408.0,472.0,0.5,-0.015210979079711251,0.984375,0.51268470287323,0.0,0.5396990776062012,1.0,30208.0,0.0001,59.0,0.2,3.327489144168794,256.0,0.03271484375,0.79296875,-0.6375331184826791,-286.0,45.0,0.6015625,1.1734745502471924,0.6068339943885803,-18.057041820995508
256.0,0.646484375,0.008789638988673687,1931.0,480.0,0.5,-0.012934162390592974,0.9609375,0.49540430307388306,0.0,0.11308211088180542,1.0,30720.0,0.0001,60.0,0.2,2.317322203889489,256.0,0.045166015625,0.814453125,-0.5861310232430696,-290.5,45.0,0.66796875,0.4605194330215454,0.5527701377868652,-18.425405287304894
256.0,0.673828125,0.004469785373657942,2587.0,488.0,0.5,-0.013466084616084117,0.9921875,0.5119285583496094,0.0,0.33443760871887207,1.0,31232.0,0.0001,61.0,0.2,2.1543295988813043,256.0,0.0390625,0.818359375,-0.6927646594122052,-285.5,45.0,0.64453125,0.31028005480766296,0.60994553565979,-19.24221278280951
256.0,0.685546875,0.009791530668735504,2385.0,496.0,0.5,-0.01761395589710446,0.97265625,0.5203592777252197,0.0,0.628943145275116,1.0,31744.0,0.0001,62.0,0.2,2.1613543960265815,256.0,0.0615234375,0.787109375,-0.7669982705265284,-286.0,45.0,0.6015625,0.6940183639526367,0.6062373518943787,-19.937754873810334
256.0,0.75,0.0075213611125946045,2105.0,504.0,0.5,-0.01995682271081023,0.98046875,0.5104951858520508,0.0,0.7695832997560501,1.0,32256.0,0.0001,63.0,0.2,2.1302994024008512,256.0,0.062744140625,0.73046875,-0.8955045561306179,-244.0,45.0,0.48046875,0.499478280544281,0.6243557929992676,-20.62247774784453
256.0,0.748046875,0.0055517288856208324,2257.0,512.0,0.5,-0.016700562235200778,0.984375,0.48270469903945923,0.0,0.4141046404838562,1.0,32768.0,0.0001,64.0,0.2,4.1788000371307135,256.0,0.03125,0.736328125,-0.8349341028369963,-225.5,45.0,0.48828125,1.2923808097839355,0.6724557876586914,-21.11499014697969
256.0,0.6953125,0.008083369582891464,2157.0,520.0,0.5,-0.0115719274544972,0.96875,0.5113876461982727,0.0,0.6095908880233765,1.0,33280.0,0.0001,65.0,0.2,3.9686092538759112,256.0,0.0390625,0.7734375,-0.8339989450760186,-220.5,45.0,0.578125,2.440929651260376,0.5547062754631042,-21.787407829542644
256.0,0.7890625,0.007532433141022921,1867.0,528.0,0.5,-0.019986155901278835,0.953125,0.4992169141769409,0.0,0.5175635516643524,1.0,33792.0,0.0001,66.0,0.2,6.191132552921772,256.0,0.06005859375,0.6640625,-0.9865991021506488,-215.5,45.0,0.375,3.2483744621276855,0.6739547252655029,-22.496666394458153
256.0,0.7890625,0.006640594452619553,1709.0,536.0,0.5,-0.01746835185258533,0.97265625,0.49599266052246094,0.0,0.5232762694358826,1.0,34304.0,0.0001,67.0,0.2,6.270838808268309,256.0,0.053466796875,0.68359375,-0.9592042160220444,-203.5,45.0,0.39453125,1.589093804359436,0.6437214612960815,-23.001587471454403
256.0,0.70703125,0.0052219415083527565,2062.0,544.0,0.5,-0.013539486179070082,0.9375,0.49863994121551514,0.0,0.5323615372180939,1.0,34816.0,0.0001,68.0,0.2,7.111483512446284,256.0,0.028564453125,0.73046875,-0.9253371781669557,-252.0,45.0,0.5234375,2.5253071784973145,0.6159351468086243,-23.622345002996735
256.0,0.697265625,0.005776116158813238,2208.0,552.0,0.5,-0.010795790374686476,0.93359375,0.5103456377983093,0.0,0.47655707597732544,1.0,35328.0,0.0001,69.0,0.2,8.608484851196408,256.0,0.027099609375,0.736328125,-0.908408488612622,-241.5,45.0,0.5390625,1.461395502090454,0.5750634074211121,-24.944973317547703
256.0,0.67578125,0.005850926972925663,1462.0,560.0,0.5,-0.01546212355606258,0.88671875,0.5231119990348816,0.0,0.4908773899078369,1.0,35840.0,0.0001,70.0,0.2,9.383012851700187,256.0,0.0380859375,0.7109375,-0.9728911970742047,-205.0,45.0,0.53515625,3.5609397888183594,0.623737633228302,-26.47084554378409
256.0,0.681640625,0.008192943409085274,1866.0,568.0,0.5,-0.01681407991418382,0.8984375,0.537936806678772,0.0,0.058493196964263916,1.0,36352.0,0.0001,71.0,0.2,6.780819492414594,256.0,0.0498046875,0.716796875,-0.9743536761961877,-163.0,45.0,0.53515625,1.0445213317871094,0.5638766288757324,-27.578207723977975
256.0,0.642578125,0.010171668604016304,1670.0,576.0,0.5,-0.014591562496207189,0.859375,0.521766185760498,0.0,0.07505196332931519,1.0,36864.0,0.0001,72.0,0.2,7.260329615324736,256.0,0.056640625,0.716796875,-0.9728230331093073,-151.0,45.0,0.57421875,2.5800724029541016,0.6269748210906982,-29.037822360242718
256.0,0.5546875,0.009601657278835773,1874.0,584.0,0.5,-0.007833786290575517,0.85546875,0.5261175632476807,0.0,0.13344430923461914,1.0,37376.0,0.0001,73.0,0.2,8.438338596373796,256.0,0.033447265625,0.80078125,-0.9067950248718262,-127.0,45.0,0.74609375,3.0647895336151123,0.475610613822937,-30.986341622602193
256.0,0.61328125,0.00997203029692173,1681.0,592.0,0.5,-0.01603192691982258,0.77734375,0.5241251587867737,0.0,0.2616121768951416,1.0,37888.0,0.0001,74.0,0.2,9.055703205987811,256.0,0.065185546875,0.6640625,-0.9627346969209611,-106.5,45.0,0.55078125,3.15374755859375,0.6065541505813599,-33.20357795321382
256.0,0.560546875,0.005592452362179756,1877.0,600.0,0.5,-0.011868451554619242,0.7734375,0.5335524082183838,0.0,0.17486578226089478,1.0,38400.0,0.0001,75.0,0.2,12.608676692470908,256.0,0.02880859375,0.712890625,-0.9071661112830043,-105.5,45.0,0.65234375,3.556130886077881,0.561071515083313,-35.4260531923268
256.0,0.55859375,0.0061059510335326195,1710.0,608.0,0.5,-0.011729166573786642,0.7421875,0.5421018004417419,0.0,0.30164027214050293,1.0,38912.0,0.0001,76.0,0.2,11.663741573691368,256.0,0.037353515625,0.68359375,-0.9925399888306856,-143.5,45.0,0.625,2.312462568283081,0.5963594913482666,-38.48257605577819
256.0,0.5078125,0.00491207093000412,2053.0,616.0,0.5,-0.007685897428018507,0.734375,0.5207650661468506,0.0,0.032523155212402344,1.0,39424.0,0.0001,77.0,0.2,20.074176274240017,256.0,0.02099609375,0.7265625,-0.9134125290438533,-126.0,45.0,0.71875,4.418030261993408,0.5306223630905151,-41.19469798889011
256.0,0.4765625,0.0029113246127963066,1580.0,624.0,0.5,-0.00394391960799112,0.73828125,0.5200586318969727,0.0,0.10050690174102783,1.0,39936.0,0.0001,78.0,0.2,32.362314119935036,256.0,0.006103515625,0.76171875,-0.9371429812163115,-119.5,45.0,0.78515625,5.602974891662598,0.4779472351074219,-43.905510461330415
256.0,0.4921875,0.003936754539608955,1890.0,632.0,0.5,-0.009379820665344596,0.7265625,0.53957200050354,0.0,0.02446073293685913,1.0,40448.0,0.0001,79.0,0.2,18.875906758010387,256.0,0.01904296875,0.734375,-0.987961454782635,-142.0,45.0,0.7421875,5.590098857879639,0.5390887260437012,-46.93946046359837
256.0,0.486328125,0.006386481691151857,1562.0,640.0,0.5,-0.010850398924958427,0.69921875,0.5274803638458252,0.0,0.036870360374450684,1.0,40960.0,0.0001,80.0,0.2,27.457090325653553,256.0,0.0302734375,0.712890625,-1.0406412961892784,-111.0,45.0,0.7265625,8.0156888961792,0.5242923498153687,-49.937367147132754
256.0,0.470703125,0.004801992326974869,1727.0,648.0,0.5,-0.010155748161196243,0.70703125,0.5259702205657959,0.0,0.0012751221656799316,1.0,41472.0,0.0001,81.0,0.2,29.499778121709824,256.0,0.010498046875,0.736328125,-0.9547905903309584,-106.5,45.0,0.765625,8.511845588684082,0.5309233665466309,-53.13790490247309
256.0,0.443359375,0.00443846732378006,1874.0,656.0,0.5,-0.008462859361316077,0.68359375,0.5403303503990173,0.0,0.00714874267578125,1.0,41984.0,0.0001,82.0,0.2,24.25182081013918,256.0,0.016357421875,0.740234375,-0.9308589585125446,-100.5,45.0,0.796875,5.5313191413879395,0.495678186416626,-56.07243127040565
256.0,0.455078125,0.0039780838415026665,1889.0,664.0,0.5,-0.006468390845839167,0.66015625,0.5404541492462158,0.0,-0.0009900331497192383,1.0,42496.0,0.0001,83.0,0.2,32.880434557795525,256.0,0.009033203125,0.705078125,-0.9615283873863518,-87.0,45.0,0.75,6.5268778800964355,0.5640133619308472,-58.54321369715035
256.0,0.48828125,0.0031291875056922436,1324.0,672.0,0.5,-0.008975820004707202,0.69921875,0.5395336151123047,0.0,0.004624128341674805,1.0,43008.0,0.0001,84.0,0.2,32.64719761162996,256.0,0.00927734375,0.7109375,-1.0161016592755914,-33.0,45.0,0.72265625,9.312314987182617,0.5380324125289917,-61.264911549910906
256.0,0.392578125,0.010069345124065876,1761.0,680.0,0.5,-0.016191266950045247,0.60546875,0.540702223777771,0.0,0.0031052827835083008,1.0,43520.0,0.0001,85.0,0.2,32.666567504405975,256.0,0.07958984375,0.712890625,-0.9671179414726794,-40.0,45.0,0.8203125,11.769916534423828,0.5435731410980225,-63.8561595992744
256.0,0.431640625,0.004765004850924015,1828.0,688.0,0.5,-0.01011289866437437,0.65625,0.5363106727600098,0.0,0.0007559657096862793,1.0,44032.0,0.0001,86.0,0.2,23.47575357928872,256.0,0.0263671875,0.724609375,-0.9556858944706619,19.0,45.0,0.79296875,6.303343772888184,0.5262104868888855,-66.46239562883973
256.0,0.421875,0.006228070706129074,2055.0,696.0,0.5,-0.008950085531978402,0.625,0.5372734069824219,0.0,0.0003458857536315918,1.0,44544.0,0.0001,87.0,0.2,24.640835624188185,256.0,0.025146484375,0.703125,-0.8995090192183852,51.0,45.0,0.78125,6.785600185394287,0.5492183566093445,-67.98751845106483
256.0,0.46484375,0.0226253941655159,2141.0,704.0,0.5,-0.010777566392789595,0.640625,0.5389331579208374,0.0,0.0005266070365905762,1.0,45056.0,0.0001,88.0,0.2,11.30062086135149,256.0,0.0869140625,0.67578125,-0.9164638319052756,56.0,45.0,0.7109375,4.861166000366211,0.5674316883087158,-69.24571972206235
256.0,0.380859375,0.008033562451601028,1676.0,712.0,0.5,-0.0055230023644980974,0.5625,0.5270758271217346,0.0,0.0003764033317565918,1.0,45568.0,0.0001,89.0,0.2,23.750176548957825,256.0,0.1171875,0.681640625,-0.7861035312525928,91.0,45.0,0.80078125,11.647957801818848,0.5629807710647583,-69.99464152876288
256.0,0.423828125,0.025580136105418205,1900.0,720.0,0.5,-0.010278351946908515,0.64453125,0.5370203256607056,0.0,0.0001519918441772461,1.0,46080.0,0.0001,90.0,0.2,13.962132781744003,256.0,0.2236328125,0.720703125,-0.7553560608066618,170.5,45.0,0.796875,9.200965881347656,0.5233250856399536,-70.64956143107266
256.0,0.51953125,0.015195967629551888,2664.0,728.0,0.5,-0.02442111849086359,0.6484375,0.5472920536994934,0.0,0.0009878873825073242,1.0,46592.0,0.0001,91.0,0.2,3.983070413582027,256.0,0.16552734375,0.62890625,-1.009562989231199,138.5,45.0,0.609375,0.7460522651672363,0.5873622894287109,-70.47751250623725
256.0,0.421875,0.023705245926976204,1982.0,736.0,0.5,-0.02162854015477933,0.6484375,0.545343816280365,0.0,0.000689089298248291,1.0,47104.0,0.0001,92.0,0.2,12.651195779442787,256.0,0.344482421875,0.7265625,-0.7665863735601306,220.0,45.0,0.8046875,4.481018543243408,0.5590437054634094,-69.93266455709004
256.0,0.423828125,0.01172709558159113,1835.0,744.0,0.5,-0.02024983306910144,0.7109375,0.5522412657737732,0.0,0.002208232879638672,1.0,47616.0,0.0001,93.0,0.2,20.546920709311962,256.0,0.239501953125,0.787109375,-0.7014522459357977,239.5,45.0,0.86328125,3.29203462600708,0.49369901418685913,-68.94453567977064
256.0,0.427734375,0.0162697471678257,1983.0,752.0,0.5,-0.023627123671758454,0.70703125,0.5259959697723389,0.0,0.32504183053970337,1.0,48128.0,0.0001,94.0,0.2,6.616604993119836,256.0,0.220458984375,0.779296875,-0.6824434681329876,311.0,45.0,0.8515625,2.311588764190674,0.515722393989563,-67.63517934776843
256.0,0.4453125,0.010022662580013275,2351.0,760.0,0.5,-0.019932568036892917,0.734375,0.5379592180252075,0.0,0.4823201894760132,1.0,48640.0,0.0001,95.0,0.2,4.5417853109538555,256.0,0.13720703125,0.7890625,-0.6595731391571462,301.0,45.0,0.84375,2.931124210357666,0.5222379565238953,-65.51266444615088
256.0,0.505859375,0.03971961885690689,2191.0,768.0,0.5,-0.02103285431076074,0.7578125,0.5083696842193604,0.0,0.33213675022125244,1.0,49152.0,0.0001,96.0,0.2,7.050542147830129,256.0,0.270263671875,0.751953125,-0.5059403802733868,283.0,45.0,0.74609375,3.4447720050811768,0.5005152821540833,-63.5131999134738
256.0,0.462890625,0.010181143879890442,2262.0,776.0,0.5,-0.010370722786319675,0.7890625,0.48791879415512085,0.0,0.4417136311531067,1.0,49664.0,0.0001,97.0,0.2,5.264593224041164,256.0,0.090576171875,0.826171875,-0.40712651098147035,320.0,45.0,0.86328125,1.9785351753234863,0.45036590099334717,-61.78340655864216
256.0,0.453125,0.0024248994886875153,2152.0,784.0,0.5,-0.008090270843240432,0.7734375,0.4973300099372864,0.0,0.47410112619400024,1.0,50176.0,0.0001,98.0,0.2,6.626515232026577,256.0,0.02490234375,0.8203125,-0.3869499466381967,327.0,45.0,0.8671875,2.966343402862549,0.4315309226512909,-59.75720235966146
256.0,0.501953125,0.004373110365122557,2097.0,792.0,0.5,-0.012124904285883531,0.8203125,0.49618443846702576,0.0,0.6047510504722595,1.0,50688.0,0.0001,99.0,0.2,9.200111677870154,256.0,0.034423828125,0.818359375,-0.3250288462731987,350.0,45.0,0.81640625,3.6547656059265137,0.44139808416366577,-57.16747829401866
256.0,0.470703125,0.01194039173424244,2379.0,800.0,0.5,-0.007539254398579942,0.8125,0.4776444137096405,0.0,0.6832366585731506,1.0,51200.0,0.0001,100.0,0.2,5.662746695335954,256.0,0.047119140625,0.841796875,-0.2262939135544002,378.5,45.0,0.87109375,1.1294246912002563,0.4060622453689575,-55.172399616008626
256.0,0.53515625,0.0033164280466735363,2123.0,808.0,0.5,-0.011135878012282774,0.87109375,0.45932722091674805,0.0,0.6830075681209564,1.0,51712.0,0.0001,101.0,0.2,6.871815904043615,256.0,0.044189453125,0.8359375,-0.1987944066640921,365.0,45.0,0.80078125,2.780827760696411,0.4011514186859131,-53.25273130780086
256.0,0.5859375,0.002890458330512047,2087.0,816.0,0.5,-0.012039939654641785,0.89453125,0.47038108110427856,0.0,0.6028267741203308,1.0,52224.0,0.0001,102.0,0.2,14.325861681252718,256.0,0.03564453125,0.80859375,-0.19493915094062686,361.0,45.0,0.72265625,5.544521808624268,0.41966426372528076,-51.44890309434384
256.0,0.556640625,0.002485999371856451,1628.0,824.0,0.5,-0.007938929593365174,0.88671875,0.469326376914978,0.0,0.7416569888591766,1.0,52736.0,0.0001,103.0,0.2,8.877574477344751,256.0,0.020263671875,0.830078125,-0.19784245238406584,408.0,45.0,0.7734375,3.796713352203369,0.3932915925979614,-49.74669480863959
256.0,0.59765625,0.0019944943487644196,1731.0,832.0,0.5,-0.005880473414435983,0.8984375,0.4630816578865051,0.0,0.7478057146072388,1.0,53248.0,0.0001,104.0,0.2,14.16410268470645,256.0,0.0205078125,0.80078125,-0.17780689673963934,495.0,45.0,0.703125,9.20697021484375,0.40286073088645935,-47.83355180797167
256.0,0.54296875,0.0018597604939714074,2242.0,840.0,0.5,-0.006706345011480153,0.87890625,0.4588121175765991,0.0,0.7384951412677765,1.0,53760.0,0.0001,105.0,0.2,14.775387194007635,256.0,0.013427734375,0.8359375,-0.15356271615019068,546.0,45.0,0.79296875,7.408484935760498,0.3668939769268036,-46.49345552568324
256.0,0.533203125,0.0017112253699451685,2254.0,848.0,0.5,-0.006601772256544791,0.890625,0.44445228576660156,0.0,0.6494389176368713,1.0,54272.0,0.0001,106.0,0.2,16.42272143624723,256.0,0.013916015625,0.857421875,-0.16105374175822362,587.0,45.0,0.82421875,12.150842666625977,0.3598899841308594,-45.364627206726
256.0,0.5703125,0.0019235913641750813,2114.0,856.0,0.5,-0.006811883475165814,0.9140625,0.4385387599468231,0.0,0.7353824377059937,1.0,54784.0,0.0001,107.0,0.2,15.000928655266762,256.0,0.01611328125,0.84375,-0.17588675051229075,570.0,45.0,0.7734375,7.135093688964844,0.3520125448703766,-44.90649279925041
256.0,0.603515625,0.0015400182455778122,1902.0,864.0,0.5,-0.008349958028702531,0.91796875,0.473340779542923,0.0,0.6465668678283691,1.0,55296.0,0.0001,108.0,0.2,21.56342812627554,256.0,0.018310546875,0.814453125,-0.16330746037419885,590.5,45.0,0.7109375,6.773669719696045,0.3966667652130127,-44.773123341435564
256.0,0.560546875,0.002148028928786516,2149.0,872.0,0.5,-0.007949031802127138,0.92578125,0.43311285972595215,0.0,0.756927877664566,1.0,55808.0,0.0001,109.0,0.2,20.887660816311836,256.0,0.02001953125,0.865234375,-0.13823549437802285,666.5,45.0,0.8046875,7.788909435272217,0.36037176847457886,-44.410080678174275
256.0,0.548828125,0.0010358141735196114,2093.0,880.0,0.5,-0.006396328935807105,0.9140625,0.45499852299690247,0.0,0.6423006653785706,1.0,56320.0,0.0001,110.0,0.2,23.883629016578197,256.0,0.01318359375,0.865234375,-0.15518103929935023,592.0,45.0,0.81640625,12.782317161560059,0.33535367250442505,-44.36334485047497
256.0,0.583984375,0.003775213845074177,1980.0,888.0,0.5,-0.010155630276130978,0.890625,0.47352325916290283,0.0,0.6180360019207001,1.0,56832.0,0.0001,111.0,0.2,25.34530045092106,256.0,0.01953125,0.806640625,-0.20048018143279478,568.0,45.0,0.72265625,3.9669525623321533,0.38325995206832886,-44.6847837154381
256.0,0.60546875,0.001072587794624269,1938.0,896.0,0.5,-0.005998243283102056,0.87890625,0.46349042654037476,0.0,0.739223837852478,1.0,57344.0,0.0001,112.0,0.2,23.150708317756653,256.0,0.00927734375,0.7734375,-0.21175643790047616,531.5,45.0,0.66796875,7.071223735809326,0.4333517551422119,-45.00781680227257
256.0,0.595703125,0.0026391237042844296,1532.0,904.0,0.5,-0.007907687780971173,0.86328125,0.45523712038993835,0.0,0.726863294839859,1.0,57856.0,0.0001,113.0,0.2,25.331847451627254,256.0,0.015380859375,0.767578125,-0.17771718197036535,587.0,45.0,0.671875,15.876192092895508,0.41618895530700684,-46.01161010749638
256.0,0.61328125,0.003872969187796116,1854.0,912.0,0.5,-0.011582254839595407,0.89453125,0.48529312014579773,0.0,0.7011817097663879,1.0,58368.0,0.0001,114.0,0.2,28.7088024020195,256.0,0.027587890625,0.78125,-0.23004135582596064,675.0,45.0,0.66796875,9.107732772827148,0.41746389865875244,-46.11452690589242
256.0,0.5546875,0.0014354097656905651,1717.0,920.0,0.5,-0.006728570464474615,0.85546875,0.45855265855789185,0.0,0.6081348955631256,1.0,58880.0,0.0001,115.0,0.2,35.51683983206749,256.0,0.020263671875,0.80078125,-0.24609734385740012,741.5,45.0,0.74609375,7.743722915649414,0.3875297009944916,-46.046752036698166
256.0,0.541015625,0.004749726504087448,1943.0,928.0,0.5,-0.010326688981876941,0.85546875,0.4480646848678589,0.0,0.7304967939853668,1.0,59392.0,0.0001,116.0,0.2,26.220257200300694,256.0,0.03564453125,0.814453125,-0.22916229342808947,711.0,45.0,0.7734375,18.73276138305664,0.3982231616973877,-46.13519090450369
256.0,0.587890625,0.0022356684785336256,1884.0,936.0,0.5,-0.0068016202640137635,0.8671875,0.45588189363479614,0.0,0.7025378942489624,1.0,59904.0,0.0001,117.0,0.2,31.296240724623203,256.0,0.0107421875,0.779296875,-0.19636171677848324,720.0,45.0,0.69140625,13.013912200927734,0.4328465163707733,-47.284139563404025
256.0,0.498046875,0.0029075078200548887,1973.0,944.0,0.5,-0.011225369438761845,0.82421875,0.44912391901016235,0.0,0.6530562937259674,1.0,60416.0,0.0001,118.0,0.2,30.956530302762985,256.0,0.03271484375,0.826171875,-0.21449180168565363,777.0,45.0,0.828125,12.38948917388916,0.37377816438674927,-48.661597617333754
256.0,0.494140625,0.003050485858693719,1464.0,952.0,0.5,-0.009971783540095203,0.7890625,0.4737681746482849,0.0,0.6292411684989929,1.0,60928.0,0.0001,119.0,0.2,30.290165975689888,256.0,0.02587890625,0.794921875,-0.2288923137821257,812.0,45.0,0.80078125,10.202012062072754,0.3915688395500183,-49.84532718592323
256.0,0.53125,0.003264501690864563,1317.0,960.0,0.5,-0.007431402176734991,0.78125,0.4855347275733948,0.0,0.5122607946395874,1.0,61440.0,0.0001,120.0,0.2,30.545647650957108,256.0,0.037109375,0.75,-0.3473682679468766,913.0,45.0,0.71875,9.751880645751953,0.4562437832355499,-51.51411999398842
256.0,0.51171875,0.002405988285318017,1957.0,968.0,0.5,-0.009269915950426366,0.81640625,0.4593222141265869,0.0,0.7518683522939682,1.0,61952.0,0.0001,121.0,0.2,23.40340854227543,256.0,0.024658203125,0.8046875,-0.21209295489825308,928.5,45.0,0.79296875,9.694625854492188,0.3955811858177185,-51.89039963826537
256.0,0.47265625,0.002609249670058489,1782.0,976.0,0.5,-0.010547308524110122,0.77734375,0.44109201431274414,0.0,0.5870101451873779,1.0,62464.0,0.0001,122.0,0.2,39.77627360075712,256.0,0.019775390625,0.8046875,-0.25820658286102116,853.5,45.0,0.83203125,15.862184524536133,0.388954222202301,-53.43985822157934
256.0,0.501953125,0.0034526807721704245,1638.0,984.0,0.5,-0.010149798217753414,0.796875,0.443175733089447,0.0,0.5579304993152618,1.0,62976.0,0.0001,123.0,0.2,29.68751683831215,256.0,0.034912109375,0.794921875,-0.3279775845585391,827.0,45.0,0.79296875,11.84190559387207,0.41487395763397217,-56.69361150301993
256.0,0.46484375,0.004950798582285643,1690.0,992.0,0.5,-0.012782052406691946,0.76171875,0.43939146399497986,0.0,0.5457868576049805,1.0,63488.0,0.0001,124.0,0.2,39.01647900044918,256.0,0.0517578125,0.796875,-0.38059667660854757,820.5,45.0,0.83203125,17.04262351989746,0.4141864776611328,-58.29280444322154
256.0,0.478515625,0.005608160048723221,1676.0,1000.0,0.5,-0.014008682970597874,0.703125,0.4713062345981598,0.0,0.6177145540714264,1.0,64000.0,0.0001,125.0,0.2,47.96773985028267,256.0,0.06982421875,0.724609375,-0.3256687466055155,861.5,45.0,0.74609375,21.151140213012695,0.467620313167572,-59.43400541132316
256.0,0.470703125,0.0022267093881964684,1717.0,1008.0,0.5,-0.010190168475674,0.70703125,0.47151368856430054,0.0,0.694037675857544,1.0,64512.0,0.0001,126.0,0.2,48.07555274665356,256.0,0.038818359375,0.736328125,-0.35113942611496896,856.0,45.0,0.765625,13.175883293151855,0.4943403899669647,-59.263640580140056
256.0,0.462890625,0.003760852152481675,1876.0,1016.0,0.5,-0.012752480815834133,0.71875,0.43570590019226074,0.0,0.683750569820404,1.0,65024.0,0.0001,127.0,0.2,55.09592001140118,256.0,0.033447265625,0.755859375,-0.30194236210081726,827.5,45.0,0.79296875,26.86036491394043,0.43173786997795105,-60.12479782745242
256.0,0.419921875,0.0026446720585227013,1918.0,1024.0,0.5,-0.009456357860472053,0.69140625,0.4372473657131195,0.0,0.5970392525196075,1.0,65536.0,0.0001,128.0,0.2,46.182966232299805,256.0,0.016845703125,0.771484375,-0.2703399603487924,807.0,45.0,0.8515625,20.983190536499023,0.4693969786167145,-60.93738316686824
256.0,0.47265625,0.003367162309587002,1710.0,1032.0,0.5,-0.009078551047423389,0.74609375,0.45899492502212524,0.0,0.6169781684875488,1.0,66048.0,0.0001,129.0,0.2,43.77894996851683,256.0,0.02880859375,0.7734375,-0.35052257555071265,803.0,45.0,0.80078125,24.212583541870117,0.4740557372570038,-62.579679352063685
256.0,0.419921875,0.00410726573318243,1939.0,1040.0,0.5,-0.01245744813058991,0.67578125,0.4427703022956848,0.0,0.62340047955513,1.0,66560.0,0.0001,130.0,0.2,36.77036654949188,256.0,0.04052734375,0.755859375,-0.3079046655911952,790.0,45.0,0.8359375,7.308547496795654,0.44520315527915955,-64.00051622383296
256.0,0.41015625,0.003907819278538227,1718.0,1048.0,0.5,-0.01119845909124706,0.67578125,0.4578065872192383,0.0,0.6429819464683533,1.0,67072.0,0.0001,131.0,0.2,39.42199219763279,256.0,0.033935546875,0.765625,-0.3208472036058083,817.5,45.0,0.85546875,21.519847869873047,0.4620552659034729,-64.3228403784521
256.0,0.482421875,0.003132323967292905,1721.0,1056.0,0.5,-0.013143695770850172,0.69140625,0.44802653789520264,0.0,0.5913273692131042,1.0,67584.0,0.0001,132.0,0.2,63.86802875995636,256.0,0.0322265625,0.708984375,-0.44775181310251355,820.0,45.0,0.7265625,28.649749755859375,0.5132274031639099,-64.22738291723654
256.0,0.455078125,0.002888438757508993,1527.0,1064.0,0.5,-0.01017162506468594,0.66015625,0.4707805812358856,0.0,0.6112525463104248,1.0,68096.0,0.0001,133.0,0.2,62.750534892082214,256.0,0.022216796875,0.705078125,-0.4768793950788677,848.5,45.0,0.75,22.6374568939209,0.4757147431373596,-64.2208346588537
256.0,0.544921875,0.00158225791528821,1368.0,1072.0,0.5,-0.0045271477865753695,0.73046875,0.47437310218811035,0.0,0.6634042263031006,1.0,68608.0,0.0001,134.0,0.2,115.70952636003494,256.0,0.005615234375,0.685546875,-0.33261712873354554,850.0,45.0,0.640625,48.93539047241211,0.5110093355178833,-63.802976555489
256.0,0.533203125,0.0036833530757576227,1748.0,1080.0,0.5,-0.010980434406519635,0.77734375,0.45702964067459106,0.0,0.6388444602489471,1.0,69120.0,0.0001,135.0,0.2,110.42050921916962,256.0,0.03466796875,0.744140625,-0.3757158890366554,835.5,45.0,0.7109375,23.063575744628906,0.4862336218357086,-63.173563045915216
256.0,0.55078125,0.0024736435152590275,1702.0,1088.0,0.5,-0.008347547394805588,0.75,0.4703047275543213,0.0,0.5925872623920441,1.0,69632.0,0.0001,136.0,0.2,105.49150088429451,256.0,0.01953125,0.69921875,-0.3145116757368669,843.0,45.0,0.6484375,43.96430969238281,0.5133761167526245,-62.48629570052028
256.0,0.46484375,0.0019746043253690004,1828.0,1096.0,0.5,-0.007230706869449932,0.75390625,0.4491921663284302,0.0,0.6289242804050446,1.0,70144.0,0.0001,137.0,0.2,89.39435201883316,256.0,0.013671875,0.7890625,-0.2868638630025089,842.5,45.0,0.82421875,28.244550704956055,0.42576318979263306,-61.34719366256147
256.0,0.525390625,0.00282429251819849,1827.0,1104.0,0.5,-0.009170087228994817,0.7421875,0.46863579750061035,0.0,0.6206061244010925,1.0,70656.0,0.0001,138.0,0.2,104.14755022525787,256.0,0.030029296875,0.716796875,-0.38564641668926924,813.0,45.0,0.69140625,54.55534362792969,0.4871649146080017,-61.027068950980905
256.0,0.51953125,0.002427327446639538,1707.0,1112.0,0.5,-0.009572840732289478,0.73046875,0.47740429639816284,0.0,0.6192851066589355,1.0,71168.0,0.0001,139.0,0.2,89.86141422390938,256.0,0.02587890625,0.7109375,-0.32201937795616686,868.0,45.0,0.69140625,28.28287124633789,0.5025845766067505,-60.4649263442494
256.0,0.498046875,0.0023264726623892784,1737.0,1120.0,0.5,-0.008649133684230037,0.7421875,0.45388901233673096,0.0,0.6301597654819489,1.0,71680.0,0.0001,140.0,0.2,115.4420557320118,256.0,0.01806640625,0.744140625,-0.32922947173938155,862.5,45.0,0.74609375,29.63721466064453,0.456470787525177,-58.395309041272846
256.0,0.4765625,0.003271025139838457,1642.0,1128.0,0.5,-0.010839675531315152,0.73046875,0.4462948739528656,0.0,0.607096254825592,1.0,72192.0,0.0001,141.0,0.2,75.75274746119976,256.0,0.029541015625,0.75390625,-0.34352565044537187,868.0,45.0,0.77734375,32.62062072753906,0.4229310154914856,-58.022156705465164
256.0,0.49609375,0.0042072441428899765,1219.0,1136.0,0.5,-0.011253491866227705,0.73046875,0.47945234179496765,0.0,0.6780765056610107,1.0,72704.0,0.0001,142.0,0.2,123.01871880888939,256.0,0.035888671875,0.734375,-0.37348443805240095,799.0,45.0,0.73828125,65.19010925292969,0.4733065068721771,-58.16697256643325
256.0,0.52734375,0.0020838244818150997,1466.0,1144.0,0.5,-0.007487685572414193,0.7265625,0.4673369526863098,0.0,0.615274965763092,1.0,73216.0,0.0001,143.0,0.2,148.2925345301628,256.0,0.02099609375,0.69921875,-0.3307165326550603,782.5,45.0,0.671875,48.07781219482422,0.4912627339363098,-58.521363035459075
256.0,0.515625,0.0047125136479735374,1595.0,1152.0,0.5,-0.013297144607349765,0.70703125,0.4718210697174072,0.0,0.592290610074997,1.0,73728.0,0.0001,144.0,0.2,74.88020814955235,256.0,0.051513671875,0.69140625,-0.4694083002395928,806.0,45.0,0.67578125,29.03706932067871,0.5209547877311707,-58.43710356196389
256.0,0.5,0.002355303382501006,1692.0,1160.0,0.5,-0.008148744174832245,0.703125,0.471692830324173,0.0,0.6608274281024933,1.0,74240.0,0.0001,145.0,0.2,143.06373292207718,256.0,0.0166015625,0.703125,-0.3684019090142101,740.0,45.0,0.703125,34.51100540161133,0.5122942328453064,-56.32752680301666
256.0,0.4296875,0.0014890952734276652,1695.0,1168.0,0.5,-0.00747371152829146,0.69921875,0.451749712228775,0.0,0.708834707736969,1.0,74752.0,0.0001,146.0,0.2,157.126002907753,256.0,0.0107421875,0.76953125,-0.29652690805960447,758.0,45.0,0.83984375,46.971702575683594,0.4310127794742584,-56.21478408148512
256.0,0.447265625,0.0026595289818942547,1856.0,1176.0,0.5,-0.008921754219045397,0.67578125,0.4377642869949341,0.0,0.6480947434902191,1.0,75264.0,0.0001,147.0,0.2,190.40103900432587,256.0,0.020263671875,0.728515625,-0.32334958598949015,725.0,45.0,0.78125,84.0790786743164,0.43449485301971436,-55.72597301060334
256.0,0.455078125,0.0033630691468715668,1358.0,1184.0,0.5,-0.008412444338318892,0.67578125,0.46253079175949097,0.0,0.7052409648895264,1.0,75776.0,0.0001,148.0,0.2,124.42434173822403,256.0,0.0283203125,0.720703125,-0.3604557365179062,679.0,45.0,0.765625,86.5289077758789,0.4959412217140198,-57.70107530565932
256.0,0.419921875,0.0033987942151725292,1712.0,1192.0,0.5,-0.006550131838594098,0.6875,0.43260592222213745,0.0,0.6450667381286621,1.0,76288.0,0.0001,149.0,0.2,129.19419237971306,256.0,0.02685546875,0.767578125,-0.31762989121489227,605.0,45.0,0.84765625,88.29611206054688,0.4105224013328552,-58.08881387475878
256.0,0.46484375,0.0026469624135643244,1565.0,1200.0,0.5,-0.010359674917708617,0.7109375,0.46468687057495117,0.0,0.41803377866744995,1.0,76800.0,0.0001,150.0,0.2,139.7541792690754,256.0,0.032958984375,0.74609375,-0.39031984261237085,608.0,45.0,0.78125,50.97314453125,0.48772144317626953,-59.03578754229471
256.0,0.45703125,0.003688663709908724,1581.0,1208.0,0.5,-0.010589131663437001,0.71875,0.4530154764652252,0.0,0.6998644173145294,1.0,77312.0,0.0001,151.0,0.2,120.90560531616211,256.0,0.03271484375,0.76171875,-0.35137080447748303,601.5,45.0,0.8046875,46.72053909301758,0.4430553615093231,-58.59468315046281
256.0,0.427734375,0.006420771591365337,1789.0,1216.0,0.5,-0.016619256504782243,0.68359375,0.45748329162597656,0.0,0.6759393513202667,1.0,77824.0,0.0001,152.0,0.2,118.3863016963005,256.0,0.04296875,0.755859375,-0.3761105794692412,556.0,45.0,0.828125,24.531291961669922,0.4624752104282379,-59.84497264996171
256.0,0.439453125,0.004722318612039089,1847.0,1224.0,0.5,-0.010731382295489311,0.7421875,0.42875146865844727,0.0,0.7179120182991028,1.0,78336.0,0.0001,153.0,0.2,83.81353475153446,256.0,0.0244140625,0.802734375,-0.3255067386198789,544.0,45.0,0.86328125,41.2491569519043,0.3874659240245819,-62.26071647392586
256.0,0.44921875,0.005326727870851755,1664.0,1232.0,0.5,-0.00904558476031525,0.71484375,0.46108075976371765,0.0,0.6791550815105438,1.0,78848.0,0.0001,154.0,0.2,83.78961515426636,256.0,0.032470703125,0.765625,-0.3877514717169106,465.5,45.0,0.81640625,33.86916732788086,0.42997997999191284,-64.37766205983236
256.0,0.474609375,0.007078652270138264,1783.0,1240.0,0.5,-0.011973979831964243,0.73046875,0.4441251754760742,0.0,0.6632721126079559,1.0,79360.0,0.0001,155.0,0.2,68.6588256508112,256.0,0.03662109375,0.755859375,-0.29858312860596925,475.5,45.0,0.78125,23.957759857177734,0.43730300664901733,-66.6189291581139
256.0,0.486328125,0.005314648151397705,1957.0,1248.0,0.5,-0.011312639224343002,0.75390625,0.46495330333709717,0.0,0.7507888078689575,1.0,79872.0,0.0001,156.0,0.2,62.435173749923706,256.0,0.034423828125,0.767578125,-0.27769740286748856,477.5,45.0,0.78125,17.87042236328125,0.4165801405906677,-66.4842762644589
256.0,0.458984375,0.006471238099038601,1710.0,1256.0,0.5,-0.012062722846167162,0.703125,0.4562987685203552,0.0,0.6389546394348145,1.0,80384.0,0.0001,157.0,0.2,69.37389974296093,256.0,0.060791015625,0.744140625,-0.3387355211889371,454.5,45.0,0.78515625,31.24852180480957,0.4467388987541199,-67.50897658456117
256.0,0.453125,0.005148774944245815,1807.0,1264.0,0.5,-0.009930111424182542,0.734375,0.44898149371147156,0.0,0.7511065155267715,1.0,80896.0,0.0001,158.0,0.2,64.43943728506565,256.0,0.054443359375,0.78125,-0.32325249479617923,417.0,45.0,0.828125,23.6378116607666,0.43698105216026306,-67.80983180755749
256.0,0.533203125,0.004526216071099043,1700.0,1272.0,0.5,-0.010018332075560465,0.75390625,0.4688466191291809,0.0,0.6351742446422577,1.0,81408.0,0.0001,159.0,0.2,72.28179851174355,256.0,0.056396484375,0.720703125,-0.33636579662561417,401.0,45.0,0.6875,34.68738555908203,0.5124524235725403,-68.78142863709479
256.0,0.498046875,0.005457375664263964,1578.0,1280.0,0.5,-0.013360796874621883,0.72265625,0.46948736906051636,0.0,0.7196418344974518,1.0,81920.0,0.0001,160.0,0.2,46.814903646707535,256.0,0.064453125,0.724609375,-0.3841171393869445,410.5,45.0,0.7265625,14.032864570617676,0.4894598424434662,-69.23417337311432
256.0,0.462890625,0.005332585424184799,1287.0,1288.0,0.5,-0.011653105786535889,0.75390625,0.4536583423614502,0.0,0.7050385177135468,1.0,82432.0,0.0001,161.0,0.2,65.6107073277235,256.0,0.04150390625,0.791015625,-0.39449878479354084,428.5,45.0,0.828125,32.32352066040039,0.42310458421707153,-68.59518894188106
256.0,0.427734375,0.00502458680421114,1514.0,1296.0,0.5,-0.008835359731165227,0.7109375,0.4683837890625,0.0,0.5641732811927795,1.0,82944.0,0.0001,162.0,0.2,79.69580852985382,256.0,0.052734375,0.783203125,-0.42141605261713266,425.0,45.0,0.85546875,72.67709350585938,0.4382498860359192,-68.26101136626676
256.0,0.517578125,0.0035645938478410244,1737.0,1304.0,0.5,-0.010775143928185571,0.77734375,0.4553660452365875,0.0,0.7639160007238388,1.0,83456.0,0.0001,163.0,0.2,73.0139399766922,256.0,0.02685546875,0.759765625,-0.29068073991220444,456.0,45.0,0.7421875,44.95709228515625,0.42542368173599243,-67.29193514851853
256.0,0.5234375,0.004534399136900902,1692.0,1312.0,0.5,-0.010756113741081208,0.81640625,0.4469558298587799,0.0,0.7604513615369797,1.0,83968.0,0.0001,164.0,0.2,70.53369580209255,256.0,0.052001953125,0.79296875,-0.4074701501522213,438.5,45.0,0.76953125,48.121849060058594,0.40479642152786255,-66.37391484025866
256.0,0.54296875,0.007324368692934513,1651.0,1320.0,0.5,-0.013081792640150525,0.765625,0.47513651847839355,0.0,0.7517062425613403,1.0,84480.0,0.0001,165.0,0.2,94.69237685203552,256.0,0.070556640625,0.72265625,-0.47902414202690125,440.0,45.0,0.6796875,31.477874755859375,0.49033647775650024,-66.09252667207271
256.0,0.5234375,0.004737862851470709,1561.0,1328.0,0.5,-0.008785600170085672,0.7734375,0.4486308693885803,0.0,0.7056358754634857,1.0,84992.0,0.0001,166.0,0.2,112.10124439001083,256.0,0.033447265625,0.75,-0.43674261518754065,442.5,45.0,0.7265625,34.971282958984375,0.44740042090415955,-65.17783957559615
256.0,0.45703125,0.005088769365102053,1198.0,1336.0,0.5,-0.007234331154904794,0.74609375,0.43030157685279846,0.0,0.5987505912780762,1.0,85504.0,0.0001,167.0,0.2,150.68604746460915,256.0,0.029541015625,0.7890625,-0.4510550464037806,422.5,45.0,0.83203125,56.570838928222656,0.3903474509716034,-64.39022671790794
256.0,0.50390625,0.005699882283806801,1465.0,1344.0,0.5,-0.013164922296709847,0.74609375,0.4721572995185852,0.0,0.5052160322666168,1.0,86016.0,0.0001,168.0,0.2,160.65204733610153,256.0,0.0400390625,0.7421875,-0.5106214249972254,438.0,45.0,0.73828125,68.69973754882812,0.47449180483818054,-65.86428137041628
256.0,0.462890625,0.0040284935384988785,1502.0,1352.0,0.5,-0.01448388861172134,0.75390625,0.4443703293800354,0.0,0.647582471370697,1.0,86528.0,0.0001,169.0,0.2,136.17102724313736,256.0,0.0517578125,0.791015625,-0.4576578992418945,437.0,45.0,0.828125,43.8903923034668,0.3999329209327698,-67.162279864382
256.0,0.501953125,0.005021601915359497,1509.0,1360.0,0.5,-0.010902448229899164,0.74609375,0.4743255376815796,0.0,0.5957020223140717,1.0,87040.0,0.0001,170.0,0.2,154.16753274202347,256.0,0.0419921875,0.744140625,-0.48021992132999003,445.0,45.0,0.7421875,64.07318878173828,0.484048455953598,-68.52122417131439
256.0,0.484375,0.009836908429861069,1628.0,1368.0,0.5,-0.01926729828119278,0.73046875,0.47241300344467163,0.0,0.5894404053688049,1.0,87552.0,0.0001,171.0,0.2,111.89927771687508,256.0,0.067626953125,0.74609375,-0.46586049208417535,449.0,45.0,0.76171875,30.1422061920166,0.457053542137146,-67.5104195866175
256.0,0.49609375,0.009006168693304062,1539.0,1376.0,0.5,-0.014186446569510736,0.7578125,0.45380306243896484,0.0,0.7080225050449371,1.0,88064.0,0.0001,172.0,0.2,76.0321296453476,256.0,0.06591796875,0.76171875,-0.3720403303159401,457.5,45.0,0.765625,19.134666442871094,0.44716542959213257,-68.28664715165273
256.0,0.53125,0.005384573247283697,1324.0,1384.0,0.5,-0.012099655028578127,0.78125,0.47985029220581055,0.0,0.49837660789489746,1.0,88576.0,0.0001,173.0,0.2,124.72825509309769,256.0,0.05224609375,0.75,-0.4671894642524421,481.0,45.0,0.71875,29.464153289794922,0.46248480677604675,-70.02995019953698
256.0,0.47265625,0.011094152927398682,1787.0,1392.0,0.5,-0.0218396548734745,0.7109375,0.45742833614349365,0.0,0.7268891930580139,1.0,89088.0,0.0001,174.0,0.2,91.1749135106802,256.0,0.088623046875,0.73828125,-0.45838953740894794,449.5,45.0,0.765625,30.85054588317871,0.4512556791305542,-69.6472805939801
256.0,0.490234375,0.004916221369057894,1621.0,1400.0,0.5,-0.010290520302078221,0.734375,0.46577468514442444,0.0,0.7406173348426819,1.0,89600.0,0.0001,175.0,0.2,77.38447952270508,256.0,0.051513671875,0.744140625,-0.47115287464112043,453.5,45.0,0.75390625,57.11064147949219,0.484730064868927,-71.13002092096954
256.0,0.48828125,0.006930910982191563,1505.0,1408.0,0.5,-0.014228127984097227,0.76171875,0.44802621006965637,0.0,0.5665033757686615,1.0,90112.0,0.0001,176.0,0.2,135.87325105071068,256.0,0.068115234375,0.7734375,-0.4646091021131724,462.5,45.0,0.78515625,89.41539001464844,0.43035298585891724,-71.28255538634956
256.0,0.4765625,0.00941940862685442,1509.0,1416.0,0.5,-0.011151381353556644,0.71875,0.4972583055496216,0.0,0.424133837223053,1.0,90624.0,0.0001,177.0,0.2,66.85115453600883,256.0,0.069091796875,0.7421875,-0.5429134406149387,483.5,45.0,0.765625,33.46842575073242,0.48451727628707886,-72.20931455340236
256.0,0.44921875,0.008969217538833618,1241.0,1424.0,0.5,-0.012802627483324613,0.75,0.466850221157074,0.0,0.7171120047569275,1.0,91136.0,0.0001,178.0,0.2,80.40062549710274,256.0,0.060302734375,0.80078125,-0.44674564781598747,508.0,45.0,0.8515625,49.19914245605469,0.41572606563568115,-72.16611933195964
256.0,0.466796875,0.0058618392795324326,1598.0,1432.0,0.5,-0.011964577359321993,0.74609375,0.45210468769073486,0.0,0.6744924783706665,1.0,91648.0,0.0001,179.0,0.2,75.76445317268372,256.0,0.05224609375,0.779296875,-0.43889881880022585,495.5,45.0,0.8125,36.15420150756836,0.4436938166618347,-72.69107971321792
256.0,0.470703125,0.005466580856591463,1614.0,1440.0,0.5,-0.010592409278615378,0.74609375,0.44426077604293823,0.0,0.7564661055803299,1.0,92160.0,0.0001,180.0,0.2,65.02628929913044,256.0,0.046630859375,0.775390625,-0.41384152160026133,516.0,45.0,0.8046875,26.146175384521484,0.4118309020996094,-73.43853653954342
256.0,0.484375,0.004408115521073341,1745.0,1448.0,0.5,-0.014132571392110549,0.7265625,0.46380460262298584,0.0,0.6871889531612396,1.0,92672.0,0.0001,181.0,0.2,74.65060997009277,256.0,0.047119140625,0.7421875,-0.39536006411071867,530.5,45.0,0.7578125,26.167980194091797,0.45029598474502563,-73.62922762272879
256.0,0.478515625,0.0064512696117162704,1734.0,1456.0,0.5,-0.016493206763698254,0.7265625,0.45498761534690857,0.0,0.6501994431018829,1.0,93184.0,0.0001,182.0,0.2,65.97021685540676,256.0,0.06103515625,0.748046875,-0.405030932277441,593.5,45.0,0.76953125,27.393632888793945,0.4628720283508301,-72.8565967339091
256.0,0.53125,0.007285219617187977,1614.0,1464.0,0.5,-0.013605691434349865,0.75390625,0.46802258491516113,0.0,0.8027995675802231,1.0,93696.0,0.0001,183.0,0.2,31.651059925556183,256.0,0.070068359375,0.72265625,-0.3972697826102376,705.0,45.0,0.69140625,14.602360725402832,0.49068960547447205,-72.85368026349694
256.0,0.498046875,0.005834653973579407,1796.0,1472.0,0.5,-0.012960580541403033,0.765625,0.45300108194351196,0.0,0.6916693449020386,1.0,94208.0,0.0001,184.0,0.2,60.07621417939663,256.0,0.04248046875,0.767578125,-0.40009609749540687,709.5,45.0,0.76953125,28.312301635742188,0.4248181879520416,-70.3295086061582
256.0,0.505859375,0.004373402334749699,1358.0,1480.0,0.5,-0.012553468834084924,0.75,0.4493499994277954,0.0,0.6102485954761505,1.0,94720.0,0.0001,185.0,0.2,98.53753346204758,256.0,0.03955078125,0.744140625,-0.36909435922279954,694.0,45.0,0.73828125,49.65123748779297,0.442446231842041,-69.43397169686854
256.0,0.51171875,0.005923108663409948,1617.0,1488.0,0.5,-0.01229343717568554,0.8125,0.4634949862957001,0.0,0.7665385901927948,1.0,95232.0,0.0001,186.0,0.2,45.44457733631134,256.0,0.06298828125,0.80078125,-0.42266123881563544,689.0,45.0,0.7890625,4.8741068840026855,0.4415733218193054,-68.22796642929316
256.0,0.490234375,0.007755792699754238,1495.0,1496.0,0.5,-0.013163703915779479,0.7421875,0.4726147949695587,0.0,0.6808044612407684,1.0,95744.0,0.0001,187.0,0.2,47.3772978335619,256.0,0.06201171875,0.751953125,-0.4464881820604205,717.0,45.0,0.76171875,12.627431869506836,0.465983122587204,-67.33336096620187
256.0,0.521484375,0.007338587194681168,1687.0,1504.0,0.5,-0.011974764151091222,0.78125,0.4371063709259033,0.0,0.7888059020042419,1.0,96256.0,0.0001,188.0,0.2,52.949108473956585,256.0,0.057861328125,0.759765625,-0.38983668107539415,761.0,45.0,0.73828125,19.93255615234375,0.4437902867794037,-65.4221673935093
256.0,0.515625,0.010442337021231651,1601.0,1512.0,0.5,-0.01019147037732182,0.72265625,0.4556809663772583,0.0,0.8459135144948959,1.0,96768.0,0.0001,189.0,0.2,29.5893364995718,256.0,0.04931640625,0.70703125,-0.41348689002916217,846.5,45.0,0.69140625,12.187926292419434,0.4565044939517975,-64.44204423649236
256.0,0.50390625,0.0033209777902811766,1793.0,1520.0,0.5,-0.01072728887811536,0.8046875,0.4324631989002228,0.0,0.7900144755840302,1.0,97280.0,0.0001,190.0,0.2,57.275288097560406,256.0,0.0390625,0.80078125,-0.37467608554288745,845.0,45.0,0.796875,25.710601806640625,0.3797321319580078,-62.46876832772046
256.0,0.435546875,0.006734698545187712,1553.0,1528.0,0.5,-0.016997561528114602,0.71484375,0.4163269102573395,0.0,0.843475803732872,1.0,97792.0,0.0001,191.0,0.2,43.24532161653042,256.0,0.059326171875,0.779296875,-0.2624503124970943,757.0,45.0,0.84375,42.37983703613281,0.3964899182319641,-62.964793934132906
256.0,0.501953125,0.004136786796152592,1660.0,1536.0,0.5,-0.015132267035369296,0.75390625,0.46659475564956665,0.0,0.7998926788568497,1.0,98304.0,0.0001,192.0,0.2,42.45481249690056,256.0,0.048828125,0.751953125,-0.317630386329256,774.0,45.0,0.75,18.978343963623047,0.45093488693237305,-65.59815051712096
256.0,0.474609375,0.004153447225689888,1754.0,1544.0,0.5,-0.012712178075162228,0.703125,0.4459938406944275,0.0,0.7285496294498444,1.0,98816.0,0.0001,193.0,0.2,48.73289276659489,256.0,0.052978515625,0.728515625,-0.3317471368936822,795.0,45.0,0.75390625,26.48711395263672,0.48481470346450806,-65.55483955753967
256.0,0.482421875,0.007511982228606939,1653.0,1552.0,0.5,-0.018149925075704232,0.73046875,0.4579470157623291,0.0,0.7602745592594147,1.0,99328.0,0.0001,194.0,0.2,50.01609422266483,256.0,0.07861328125,0.748046875,-0.3690262292511761,834.0,45.0,0.765625,19.316253662109375,0.4501834511756897,-65.46365864794701
256.0,0.49609375,0.009946165606379509,1543.0,1560.0,0.5,-0.012527966642664978,0.80078125,0.4423096776008606,0.0,0.6980725526809692,1.0,99840.0,0.0001,195.0,0.2,31.87657394260168,256.0,0.060302734375,0.8046875,-0.4888109101448208,857.0,45.0,0.80859375,8.616958618164062,0.4155827760696411,-65.1164451921545
256.0,0.462890625,0.011042006313800812,1627.0,1568.0,0.5,-0.017567477210832294,0.7265625,0.4427494406700134,0.0,0.7852100282907486,1.0,100352.0,0.0001,196.0,0.2,32.65348784998059,256.0,0.085693359375,0.763671875,-0.5066433413885534,805.5,45.0,0.80078125,10.51423168182373,0.4455108344554901,-65.79465931691229
256.0,0.443359375,0.007406257092952728,1359.0,1576.0,0.5,-0.014603539289964829,0.75,0.4412645697593689,0.0,0.7737396061420441,1.0,100864.0,0.0001,197.0,0.2,40.16995319724083,256.0,0.057861328125,0.806640625,-0.44902909779921174,799.5,45.0,0.86328125,14.665188789367676,0.41425663232803345,-67.56804015515372
256.0,0.455078125,0.0054289428517222404,1657.0,1584.0,0.5,-0.01297134088963503,0.69140625,0.4407775402069092,0.0,0.7304764091968536,1.0,101376.0,0.0001,198.0,0.2,48.27794390916824,256.0,0.04541015625,0.736328125,-0.3928407363127917,780.5,45.0,0.78125,13.272372245788574,0.43019330501556396,-69.14388914318755
256.0,0.48828125,0.007681867107748985,1677.0,1592.0,0.5,-0.013027065295318607,0.76953125,0.4421733617782593,0.0,0.8234425634145737,1.0,101888.0,0.0001,199.0,0.2,26.269567120820284,256.0,0.07373046875,0.78125,-0.34626584395300597,829.5,45.0,0.79296875,5.963118076324463,0.4192095398902893,-70.07740555854514
256.0,0.478515625,0.006014244165271521,1661.0,1600.0,0.5,-0.012820145981095266,0.74609375,0.42782363295555115,0.0,0.8134364634752274,1.0,102400.0,0.0001,200.0,0.2,45.75891296193004,256.0,0.03759765625,0.767578125,-0.3810956575907767,847.5,45.0,0.7890625,43.55042266845703,0.42713892459869385,-69.5812369624339
256.0,0.525390625,0.005266192369163036,1609.0,1608.0,0.5,-0.010646359361999203,0.76171875,0.4750775694847107,0.0,0.8427752405405045,1.0,102912.0,0.0001,201.0,0.2,28.550287671387196,256.0,0.040771484375,0.736328125,-0.42494523094501346,853.5,45.0,0.7109375,9.617197036743164,0.4604581892490387,-69.08838808326051
256.0,0.47265625,0.003749303985387087,1443.0,1616.0,0.5,-0.013588632718892768,0.75,0.4584372043609619,0.0,0.7166880667209625,1.0,103424.0,0.0001,202.0,0.2,56.721003487706184,256.0,0.046142578125,0.77734375,-0.4120726693654433,849.5,45.0,0.8046875,25.939376831054688,0.42142200469970703,-69.24233832709491
256.0,0.48828125,0.005027045030146837,1678.0,1624.0,0.5,-0.011343939884682186,0.75390625,0.43967506289482117,0.0,0.8429124653339386,1.0,103936.0,0.0001,203.0,0.2,31.67824387177825,256.0,0.044921875,0.765625,-0.38262180518358946,898.5,45.0,0.77734375,10.196572303771973,0.43085047602653503,-69.50398307126015
256.0,0.486328125,0.013196159154176712,1607.0,1632.0,0.5,-0.024061324729700573,0.734375,0.4717801511287689,0.0,0.8121161609888077,1.0,104448.0,0.0001,204.0,0.2,23.016922652721405,256.0,0.12353515625,0.748046875,-0.5150446495972574,896.0,45.0,0.76171875,8.19583797454834,0.4553116261959076,-70.37357966721058
256.0,0.458984375,0.008511419408023357,1476.0,1640.0,0.5,-0.013523262157832505,0.74609375,0.44932690262794495,0.0,0.7476451098918915,1.0,104960.0,0.0001,205.0,0.2,36.11963106691837,256.0,0.0810546875,0.787109375,-0.5518778855912387,914.0,45.0,0.828125,28.215734481811523,0.4215950667858124,-70.46482662023976
256.0,0.4453125,0.006603163667023182,1507.0,1648.0,0.5,-0.012320971221924992,0.7109375,0.4567360281944275,0.0,0.7554998993873596,1.0,105472.0,0.0001,206.0,0.2,30.550053223967552,256.0,0.049072265625,0.765625,-0.5357101431582123,893.0,45.0,0.8203125,11.623515129089355,0.4354807436466217,-70.81047189937904
256.0,0.49609375,0.009899573400616646,1704.0,1656.0,0.5,-0.017965301281947177,0.7421875,0.46381688117980957,0.0,0.6966285109519958,1.0,105984.0,0.0001,207.0,0.2,43.81557984650135,256.0,0.07080078125,0.74609375,-0.4953152460511774,826.5,45.0,0.75,14.15205192565918,0.4327250123023987,-71.25307261886076
256.0,0.453125,0.00789780542254448,1653.0,1664.0,0.5,-0.01526692378683947,0.734375,0.4521961808204651,0.0,0.7338227331638336,1.0,106496.0,0.0001,208.0,0.2,30.39957183599472,256.0,0.06982421875,0.78125,-0.5215353509411216,828.5,45.0,0.828125,13.578489303588867,0.4168446660041809,-73.62911735579371
256.0,0.533203125,0.0073781791143119335,1314.0,1672.0,0.5,-0.009283142680942547,0.734375,0.45947062969207764,0.0,0.8840243816375732,1.0,107008.0,0.0001,209.0,0.2,18.051593016833067,256.0,0.053955078125,0.701171875,-0.4425855822628364,872.5,45.0,0.66796875,2.6357977390289307,0.4733833372592926,-74.46323391102254
256.0,0.525390625,0.006743269041180611,1516.0,1680.0,0.5,-0.018232025860925205,0.76953125,0.4492163360118866,0.0,0.7183564007282257,1.0,107520.0,0.0001,210.0,0.2,44.45339789241552,256.0,0.06103515625,0.744140625,-0.42872539919335395,841.5,45.0,0.71875,6.017543315887451,0.4296160340309143,-74.32467051964254
256.0,0.44921875,0.006058189086616039,1677.0,1688.0,0.5,-0.014259503048378974,0.73046875,0.4407191276550293,0.0,0.6652701497077942,1.0,108032.0,0.0001,211.0,0.2,61.001205787062645,256.0,0.051025390625,0.78125,-0.3335575113305822,809.5,45.0,0.83203125,26.295734405517578,0.39516574144363403,-75.16121630895883
256.0,0.455078125,0.007717481814324856,1634.0,1696.0,0.5,-0.01452313328627497,0.7265625,0.4558965265750885,0.0,0.7137421369552612,1.0,108544.0,0.0001,212.0,0.2,63.667125537991524,256.0,0.063720703125,0.771484375,-0.44748628058005124,730.0,45.0,0.81640625,14.992456436157227,0.42584937810897827,-75.94580476304516
256.0,0.521484375,0.006013814825564623,1560.0,1704.0,0.5,-0.010267216712236404,0.7890625,0.4727799892425537,0.0,0.679436206817627,1.0,109056.0,0.0001,213.0,0.2,41.0771456733346,256.0,0.048583984375,0.767578125,-0.5002671780530363,752.0,45.0,0.74609375,9.893600463867188,0.43144893646240234,-76.8689701500535
256.0,0.48046875,0.008098836988210678,1611.0,1712.0,0.5,-0.016062656828580657,0.73046875,0.46492674946784973,0.0,0.8301796466112137,1.0,109568.0,0.0001,214.0,0.2,37.92301446944475,256.0,0.059814453125,0.75,-0.3808862294536084,837.0,45.0,0.76953125,12.543084144592285,0.45402613282203674,-76.23051077164709
256.0,0.48828125,0.013333380222320557,1684.0,1720.0,0.5,-0.022762190252251457,0.7734375,0.43614229559898376,0.0,0.8743892461061478,1.0,110080.0,0.0001,215.0,0.2,31.70833333581686,256.0,0.08935546875,0.78515625,-0.40743138385005295,892.5,45.0,0.796875,11.491510391235352,0.4123021960258484,-74.71290469486266
256.0,0.537109375,0.004495597444474697,1689.0,1728.0,0.5,-0.013383956014877185,0.7578125,0.4807528555393219,0.0,0.8443765342235565,1.0,110592.0,0.0001,216.0,0.2,34.6066415309906,256.0,0.049560546875,0.720703125,-0.39679980475921184,950.5,45.0,0.68359375,9.082083702087402,0.45432814955711365,-74.10925739292055
256.0,0.478515625,0.005069207400083542,1731.0,1736.0,0.5,-0.010449301058542915,0.73046875,0.4523364305496216,0.0,0.8303906917572021,1.0,111104.0,0.0001,217.0,0.2,32.87369184195995,256.0,0.044677734375,0.751953125,-0.33665813331026584,951.5,45.0,0.7734375,15.631261825561523,0.41194599866867065,-72.10488632464781
256.0,0.52734375,0.0037618293426930904,1695.0,1744.0,0.5,-0.011654269710561493,0.77734375,0.43949058651924133,0.0,0.8668249547481537,1.0,111616.0,0.0001,218.0,0.2,33.3196897059679,256.0,0.0380859375,0.75,-0.31854020908940583,924.5,45.0,0.72265625,8.39112377166748,0.43278852105140686,-72.43252872109413
256.0,0.54296875,0.006441120989620686,1642.0,1752.0,0.5,-0.011599862307775766,0.7734375,0.46009644865989685,0.0,0.8354340642690659,1.0,112128.0,0.0001,219.0,0.2,37.26747292280197,256.0,0.050537109375,0.73046875,-0.3436933959601447,996.5,45.0,0.6875,13.663992881774902,0.43774059414863586,-72.60217440638691
256.0,0.505859375,0.004860276356339455,1645.0,1760.0,0.5,-0.013763683047727682,0.765625,0.4556332528591156,0.0,0.8324471861124039,1.0,112640.0,0.0001,220.0,0.2,44.89566574245691,256.0,0.073486328125,0.759765625,-0.3046733520459384,1063.0,45.0,0.75390625,18.691551208496094,0.4327937960624695,-71.14901189923286
256.0,0.544921875,0.007535546086728573,1520.0,1768.0,0.5,-0.015793977443536278,0.78515625,0.4895782172679901,0.0,0.8062206953763962,1.0,113152.0,0.0001,221.0,0.2,27.976594530045986,256.0,0.06201171875,0.740234375,-0.474482684629038,1147.5,45.0,0.6953125,9.607789039611816,0.4776327311992645,-69.95318950906396
256.0,0.529296875,0.0049017854034900665,1693.0,1776.0,0.5,-0.0091135425518587,0.75390625,0.4660062789916992,0.0,0.8016524463891983,1.0,113664.0,0.0001,222.0,0.2,57.779062673449516,256.0,0.030029296875,0.724609375,-0.35237954859621823,1205.0,45.0,0.6953125,16.09410858154297,0.46675828099250793,-67.76925481176004
256.0,0.474609375,0.004280233755707741,1769.0,1784.0,0.5,-0.010983444175508339,0.7265625,0.4205414056777954,0.0,0.8410651385784149,1.0,114176.0,0.0001,223.0,0.2,50.89240290224552,256.0,0.042236328125,0.751953125,-0.278615168412216,1180.5,45.0,0.77734375,11.234015464782715,0.4043349027633667,-67.30204891158267
256.0,0.494140625,0.005619189701974392,1609.0,1792.0,0.5,-0.015498081978876144,0.75390625,0.4461304843425751,0.0,0.7877807915210724,1.0,114688.0,0.0001,224.0,0.2,57.143178425729275,256.0,0.0478515625,0.759765625,-0.42259301291778684,1139.0,45.0,0.765625,39.380245208740234,0.41881802678108215,-67.62956774400547
256.0,0.51953125,0.006145885679870844,1776.0,1800.0,0.5,-0.0168821933621075,0.76953125,0.42569369077682495,0.0,0.8424388468265533,1.0,115200.0,0.0001,225.0,0.2,55.88141693174839,256.0,0.058349609375,0.75,-0.30143705633236095,1163.0,45.0,0.73046875,26.066173553466797,0.4202069640159607,-67.3268701739423
256.0,0.5078125,0.008151825517416,1637.0,1808.0,0.5,-0.014319761881779414,0.67578125,0.47144412994384766,0.0,0.7897675633430481,1.0,115712.0,0.0001,226.0,0.2,56.595045395195484,256.0,0.060546875,0.66796875,-0.47086800658144057,1161.0,45.0,0.66015625,11.755904197692871,0.4882415533065796,-66.78862178405747
256.0,0.498046875,0.005398251116275787,1719.0,1816.0,0.5,-0.01400856523832772,0.73046875,0.4423538148403168,0.0,0.8163223117589951,1.0,116224.0,0.0001,227.0,0.2,55.55138863623142,256.0,0.051025390625,0.732421875,-0.32077426032628864,1145.0,45.0,0.734375,21.96715545654297,0.42706289887428284,-65.46158503742889
256.0,0.458984375,0.004574593156576157,1361.0,1824.0,0.5,-0.011347885738359764,0.70703125,0.41791006922721863,0.0,0.7806196361780167,1.0,116736.0,0.0001,228.0,0.2,70.41408202052116,256.0,0.036865234375,0.748046875,-0.3393016695044935,1132.0,45.0,0.7890625,30.075763702392578,0.4195886254310608,-65.59806275304408
256.0,0.462890625,0.0064449189230799675,1382.0,1832.0,0.5,-0.012943440597155131,0.6640625,0.46578070521354675,0.0,0.8292241394519806,1.0,117248.0,0.0001,229.0,0.2,46.70673605799675,256.0,0.08154296875,0.701171875,-0.42068530968390405,1098.0,45.0,0.73828125,19.546245574951172,0.4845286011695862,-66.40733911925926
256.0,0.443359375,0.00548949558287859,1402.0,1840.0,0.5,-0.012903019924124237,0.703125,0.41045230627059937,0.0,0.796984538435936,1.0,117760.0,0.0001,230.0,0.2,69.26929456740618,256.0,0.05029296875,0.759765625,-0.34551674348767847,978.0,45.0,0.81640625,15.993470191955566,0.42710378766059875,-67.42795012809336
256.0,0.37890625,0.00398017093539238,2140.0,1848.0,0.5,-0.011541651900188299,0.68359375,0.3888922929763794,0.0,0.6793430149555206,1.0,118272.0,0.0001,231.0,0.2,61.00958129763603,256.0,0.029296875,0.8046875,-0.2082553127547726,926.0,45.0,0.92578125,20.93834686279297,0.367654412984848,-70.48566197440029
256.0,0.44140625,0.016942013055086136,1597.0,1856.0,0.5,-0.019983626378234476,0.6875,0.4496614634990692,0.0,0.7498459815979004,1.0,118784.0,0.0001,232.0,0.2,24.49292316287756,256.0,0.0849609375,0.74609375,-0.4648762126453221,917.5,45.0,0.8046875,4.549927234649658,0.41905367374420166,-73.61441603451968
256.0,0.478515625,0.009375855326652527,1550.0,1864.0,0.5,-0.019126444145513233,0.70703125,0.4701652228832245,0.0,0.8524958491325378,1.0,119296.0,0.0001,233.0,0.2,26.043226443231106,256.0,0.0966796875,0.728515625,-0.47990508400835097,958.5,45.0,0.75,11.025798797607422,0.4690346419811249,-73.94558652868494
256.0,0.43359375,0.007629200350493193,1371.0,1872.0,0.5,-0.014160289007122628,0.6953125,0.4532279670238495,0.0,0.8529150784015656,1.0,119808.0,0.0001,234.0,0.2,48.966681465506554,256.0,0.04052734375,0.76171875,-0.3338529069442302,948.5,45.0,0.828125,9.880069732666016,0.4366770088672638,-73.4786652587913
256.0,0.4375,0.005124459508806467,1694.0,1880.0,0.5,-0.00889179411387886,0.6484375,0.4403672516345978,0.0,0.8491756469011307,1.0,120320.0,0.0001,235.0,0.2,44.52088975161314,256.0,0.044189453125,0.7109375,-0.4410242747981101,942.0,45.0,0.7734375,11.284073829650879,0.4402850270271301,-74.83135453775525
256.0,0.453125,0.006403356324881315,1611.0,1888.0,0.5,-0.011094271241745446,0.66796875,0.46965423226356506,0.0,0.8749728351831436,1.0,120832.0,0.0001,236.0,0.2,30.071262784302235,256.0,0.0546875,0.71484375,-0.45354875386692584,982.0,45.0,0.76171875,4.938179969787598,0.48305055499076843,-76.13786273755133
256.0,0.4375,0.006371517200022936,1591.0,1896.0,0.5,-0.013436415574687999,0.6953125,0.44031840562820435,0.0,0.8548105210065842,1.0,121344.0,0.0001,237.0,0.2,35.272408694028854,256.0,0.047607421875,0.7578125,-0.3941568792797625,990.5,45.0,0.8203125,12.244935989379883,0.42659276723861694,-75.63830834416673
256.0,0.453125,0.00706765241920948,1541.0,1904.0,0.5,-0.015469369944185019,0.703125,0.45519667863845825,0.0,0.6887827813625336,1.0,121856.0,0.0001,238.0,0.2,67.8513864427805,256.0,0.07470703125,0.75,-0.5067700354848057,953.0,45.0,0.796875,14.491140365600586,0.44840022921562195,-75.55477735552937
256.0,0.439453125,0.005007283762097359,1817.0,1912.0,0.5,-0.013420452785794623,0.671875,0.4346497654914856,0.0,0.8240560442209244,1.0,122368.0,0.0001,239.0,0.2,70.03687088191509,256.0,0.05615234375,0.732421875,-0.3789294834714383,936.0,45.0,0.79296875,18.283103942871094,0.4514482319355011,-76.8033925001882
256.0,0.38671875,0.0050745331682264805,1920.0,1920.0,0.5,-0.01393908300815383,0.65234375,0.43778860569000244,0.0,0.7478852272033691,1.0,122880.0,0.0001,240.0,0.2,69.95844710245728,256.0,0.03515625,0.765625,-0.35257163480855525,941.0,45.0,0.87890625,24.01279067993164,0.41812828183174133,-77.09981197128073
256.0,0.490234375,0.008723532781004906,1298.0,1928.0,0.5,-0.01285247145278845,0.75390625,0.44161614775657654,0.0,0.7122005522251129,1.0,123392.0,0.0001,241.0,0.2,45.381165347993374,256.0,0.069580078125,0.763671875,-0.4814268625341356,915.5,45.0,0.7734375,25.059650421142578,0.43752866983413696,-76.46372028758749
256.0,0.478515625,0.00648741889744997,1606.0,1936.0,0.5,-0.014814328016655054,0.72265625,0.42869171500205994,0.0,0.8716931939125061,1.0,123904.0,0.0001,242.0,0.2,27.37112771719694,256.0,0.068359375,0.744140625,-0.44650543900206685,913.0,45.0,0.765625,13.690023422241211,0.4200317859649658,-76.45587622592225
256.0,0.478515625,0.012436764314770699,1488.0,1944.0,0.5,-0.022621336262091063,0.6875,0.4613325595855713,0.0,0.8475203216075897,1.0,124416.0,0.0001,243.0,0.2,30.336962327361107,256.0,0.0986328125,0.708984375,-0.5060831417795271,911.5,45.0,0.73046875,12.580733299255371,0.4640166461467743,-76.28519928229973
256.0,0.443359375,0.004720231983810663,1569.0,1952.0,0.5,-0.011808760260464624,0.71484375,0.4405319094657898,0.0,0.8051352053880692,1.0,124928.0,0.0001,244.0,0.2,59.65377740561962,256.0,0.043701171875,0.771484375,-0.4580674592871219,841.0,45.0,0.828125,23.17049217224121,0.42905566096305847,-76.22622638234868
256.0,0.453125,0.003760574385523796,1555.0,1960.0,0.5,-0.010124686290509999,0.7421875,0.45556795597076416,0.0,0.7841508835554123,1.0,125440.0,0.0001,245.0,0.2,68.27833537757397,256.0,0.04150390625,0.7890625,-0.42925012833438814,806.0,45.0,0.8359375,18.2711238861084,0.41572698950767517,-76.12100060286001
256.0,0.478515625,0.009633079171180725,1494.0,1968.0,0.5,-0.014971858101489488,0.74609375,0.4592670798301697,0.0,0.7681325525045395,1.0,125952.0,0.0001,246.0,0.2,45.16097214818001,256.0,0.06201171875,0.767578125,-0.4966766661964357,788.5,45.0,0.7890625,9.803181648254395,0.4310145378112793,-76.71364306498319
256.0,0.5078125,0.01236800942569971,1160.0,1976.0,0.5,-0.02232415468461113,0.80859375,0.4187481701374054,0.0,0.8005810230970383,1.0,126464.0,0.0001,247.0,0.2,36.315855361521244,256.0,0.098388671875,0.80078125,-0.5326813182327896,812.0,45.0,0.79296875,7.910735130310059,0.4019564092159271,-75.56294809617103
256.0,0.47265625,0.006272177677601576,1679.0,1984.0,0.5,-0.013385044388996903,0.65625,0.45286786556243896,0.0,0.7755890935659409,1.0,126976.0,0.0001,248.0,0.2,85.61186210811138,256.0,0.047119140625,0.68359375,-0.44380727503448725,823.0,45.0,0.7109375,29.274770736694336,0.505203366279602,-74.97270385125653
256.0,0.427734375,0.005081070587038994,1605.0,1992.0,0.5,-0.014390052281669341,0.7109375,0.41930171847343445,0.0,0.7299258708953857,1.0,127488.0,0.0001,249.0,0.2,80.88764077425003,256.0,0.04296875,0.783203125,-0.41468373022507876,833.5,45.0,0.85546875,32.54081344604492,0.4116221070289612,-74.20894431279972
256.0,0.412109375,0.011739207431674004,1560.0,2000.0,0.5,-0.02217593883688096,0.6484375,0.4610404968261719,0.0,0.8175426572561264,1.0,128000.0,0.0001,250.0,0.2,36.43902152776718,256.0,0.0947265625,0.736328125,-0.483843223657459,800.5,45.0,0.82421875,13.77575397491455,0.4651166796684265,-72.69904317107051
256.0,0.40625,0.009788078255951405,1525.0,2008.0,0.5,-0.019793205661699176,0.65625,0.45500025153160095,0.0,0.8115475177764893,1.0,128512.0,0.0001,251.0,0.2,37.77757012844086,256.0,0.10693359375,0.75,-0.5352153095882386,760.5,45.0,0.84375,11.49005126953125,0.4149167537689209,-72.78893382264302
256.0,0.357421875,0.008042782545089722,1686.0,2016.0,0.5,-0.01466726254511741,0.640625,0.44924110174179077,0.0,0.8501120656728745,1.0,129024.0,0.0001,252.0,0.2,46.85827589035034,256.0,0.060546875,0.783203125,-0.3958987961523235,756.5,45.0,0.92578125,18.404481887817383,0.40672460198402405,-73.78224398469553
256.0,0.3828125,0.0135289141908288,1253.0,2024.0,0.5,-0.01961183675666689,0.625,0.4596959948539734,0.0,0.8072872459888458,1.0,129536.0,0.0001,253.0,0.2,39.43127977102995,256.0,0.0986328125,0.7421875,-0.4752993432339281,795.5,45.0,0.859375,22.773056030273438,0.4665236473083496,-75.40419948358088
256.0,0.396484375,0.008082619868218899,1495.0,2032.0,0.5,-0.016480392005178146,0.63671875,0.4694938659667969,0.0,0.7804553657770157,1.0,130048.0,0.0001,254.0,0.2,41.36726628243923,256.0,0.072265625,0.740234375,-0.4980936653446406,779.0,45.0,0.84375,13.641634941101074,0.4494839012622833,-75.5755667036958
256.0,0.3828125,0.011042292229831219,1546.0,2040.0,0.5,-0.014674680969619658,0.609375,0.4451332688331604,0.0,0.8142996430397034,1.0,130560.0,0.0001,255.0,0.2,48.33860097825527,256.0,0.080322265625,0.7265625,-0.4344327696599066,795.0,45.0,0.84375,26.969552993774414,0.46009406447410583,-75.79767703037709
256.0,0.388671875,0.007497147656977177,1642.0,2048.0,0.5,-0.018508759028918575,0.62890625,0.42714768648147583,0.0,0.7460945546627045,1.0,131072.0,0.0001,256.0,0.2,75.63218804448843,256.0,0.08349609375,0.740234375,-0.42967361223418266,742.0,45.0,0.8515625,7.4189252853393555,0.41174256801605225,-76.50573959385976
256.0,0.416015625,0.009001055732369423,1589.0,2056.0,0.5,-0.014675417271064362,0.6015625,0.47068530321121216,0.0,0.7786153703927994,1.0,131584.0,0.0001,257.0,0.2,69.54925249516964,256.0,0.07373046875,0.685546875,-0.4410880347713828,766.5,45.0,0.76953125,19.975187301635742,0.4974452257156372,-77.54974529130385
256.0,0.330078125,0.007180716842412949,1579.0,2064.0,0.5,-0.016653169979690574,0.56640625,0.4514457583427429,0.0,0.8623815178871155,1.0,132096.0,0.0001,258.0,0.2,58.68390538543463,256.0,0.0693359375,0.736328125,-0.3998787220334634,831.0,45.0,0.90625,60.02045440673828,0.4458593726158142,-76.72679979678243
256.0,0.400390625,0.0073359040543437,1672.0,2072.0,0.5,-0.013981657426484162,0.640625,0.4579890966415405,0.0,0.767606794834137,1.0,132608.0,0.0001,259.0,0.2,67.63727389276028,256.0,0.0703125,0.740234375,-0.4472194362897426,860.0,45.0,0.83984375,14.534693717956543,0.4640290439128876,-76.03463124319912
256.0,0.46484375,0.004897473845630884,1651.0,2080.0,0.5,-0.013198523520259187,0.6953125,0.45344144105911255,0.0,0.8100244849920273,1.0,133120.0,0.0001,260.0,0.2,74.60998319089413,256.0,0.057861328125,0.73046875,-0.4571595035959035,862.0,45.0,0.765625,37.694522857666016,0.4662044048309326,-75.3685117871873
256.0,0.455078125,0.008423173800110817,1593.0,2088.0,0.5,-0.01753372537496034,0.6640625,0.4594002366065979,0.0,0.7712044566869736,1.0,133632.0,0.0001,261.0,0.2,73.50803400576115,256.0,0.085693359375,0.708984375,-0.4504610141739249,844.5,45.0,0.75390625,39.5296630859375,0.4935949444770813,-74.44769482320174
256.0,0.375,0.0035467473790049553,1757.0,2096.0,0.5,-0.00951270751102129,0.6171875,0.4337403178215027,0.0,0.858266070485115,1.0,134144.0,0.0001,262.0,0.2,61.85927487909794,256.0,0.034912109375,0.7421875,-0.32933748816139996,794.5,45.0,0.8671875,17.657880783081055,0.4364309310913086,-72.5592249869369
256.0,0.4453125,0.006425929255783558,1674.0,2104.0,0.5,-0.014475458017841447,0.7109375,0.4377421438694,0.0,0.7917316257953644,1.0,134656.0,0.0001,263.0,0.2,76.32993753254414,256.0,0.050537109375,0.765625,-0.4068852694472298,790.0,45.0,0.8203125,32.8979377746582,0.42758381366729736,-72.86019619291648
256.0,0.46484375,0.008421738632023335,1207.0,2112.0,0.5,-0.01683835994481342,0.72265625,0.4606325924396515,0.0,0.7716503739356995,1.0,135168.0,0.0001,264.0,0.2,40.17193811386824,256.0,0.0654296875,0.7578125,-0.5296289634425193,775.5,45.0,0.79296875,29.84473419189453,0.47246965765953064,-72.77950149085373
256.0,0.453125,0.013055626302957535,1470.0,2120.0,0.5,-0.016650235702400096,0.6796875,0.4957224130630493,0.0,0.8198621720075607,1.0,135680.0,0.0001,265.0,0.2,38.95233045518398,256.0,0.077880859375,0.7265625,-0.5212902466300875,814.0,45.0,0.7734375,14.488640785217285,0.4860631227493286,-71.0245881421864
256.0,0.44140625,0.008671619929373264,1600.0,2128.0,0.5,-0.014444866166741122,0.69140625,0.4624321162700653,0.0,0.7990681827068329,1.0,136192.0,0.0001,266.0,0.2,80.41311131417751,256.0,0.055908203125,0.75,-0.4238693189108744,778.0,45.0,0.80859375,57.23933029174805,0.4476093649864197,-67.95102075703443
256.0,0.400390625,0.005330527201294899,1655.0,2136.0,0.5,-0.01312343766039703,0.67578125,0.4357038736343384,0.0,0.7418206930160522,1.0,136704.0,0.0001,267.0,0.2,107.88971564173698,256.0,0.041015625,0.775390625,-0.386288006673567,765.0,45.0,0.875,64.21630096435547,0.4410207271575928,-68.40351355083287
256.0,0.439453125,0.007230644579976797,1528.0,2144.0,0.5,-0.015387371837277897,0.66015625,0.4884762763977051,0.0,0.7738661468029022,1.0,137216.0,0.0001,268.0,0.2,63.36246471107006,256.0,0.064697265625,0.720703125,-0.4866553765023127,732.5,45.0,0.78125,36.12355422973633,0.4784160852432251,-67.74837051644921
256.0,0.396484375,0.01176952663809061,1476.0,2152.0,0.5,-0.019854824793583248,0.65234375,0.47560960054397583,0.0,0.8738294541835785,1.0,137728.0,0.0001,269.0,0.2,24.233716003596783,256.0,0.081787109375,0.755859375,-0.4807871114462614,740.5,45.0,0.859375,4.316860198974609,0.4609813690185547,-67.20478099904955
256.0,0.40234375,0.006076543591916561,1304.0,2160.0,0.5,-0.011497591491206549,0.62109375,0.4367411434650421,0.0,0.8139498084783554,1.0,138240.0,0.0001,270.0,0.2,66.49399629235268,256.0,0.056396484375,0.71875,-0.45676325587555766,712.0,45.0,0.81640625,41.42269515991211,0.43481510877609253,-67.61945123722776
256.0,0.390625,0.008523319847881794,1541.0,2168.0,0.5,-0.013114290195517242,0.6328125,0.4719318747520447,0.0,0.8612524271011353,1.0,138752.0,0.0001,271.0,0.2,32.2831200286746,256.0,0.062255859375,0.7421875,-0.4633399110753089,760.5,45.0,0.8515625,12.114623069763184,0.4699667692184448,-68.01503010867164
256.0,0.33984375,0.004707596264779568,1492.0,2176.0,0.5,-0.013060028857580619,0.56640625,0.46820011734962463,0.0,0.7961903512477875,1.0,139264.0,0.0001,272.0,0.2,55.85179924964905,256.0,0.0595703125,0.7265625,-0.43225883413106203,787.0,45.0,0.88671875,18.780481338500977,0.493119478225708,-67.16759897265584
256.0,0.396484375,0.01298508234322071,1448.0,2184.0,0.5,-0.017233312588359695,0.640625,0.4596404433250427,0.0,0.8248855471611023,1.0,139776.0,0.0001,273.0,0.2,38.760146886110306,256.0,0.10302734375,0.744140625,-0.48353549209423363,786.0,45.0,0.84765625,12.488456726074219,0.434378981590271,-67.61918250674381
256.0,0.369140625,0.005088107660412788,1603.0,2192.0,0.5,-0.009781595712411217,0.59375,0.4755728244781494,0.0,0.7761745303869247,1.0,140288.0,0.0001,274.0,0.2,87.19128669798374,256.0,0.04248046875,0.724609375,-0.46659714356064796,771.5,45.0,0.85546875,13.74349594116211,0.4783240556716919,-68.75810346553102
256.0,0.330078125,0.006525713950395584,1868.0,2200.0,0.5,-0.013226555114670191,0.57421875,0.3907811939716339,0.0,0.7107658386230469,1.0,140800.0,0.0001,275.0,0.2,124.12626324594021,256.0,0.034423828125,0.744140625,-0.3298671573866159,745.5,45.0,0.9140625,46.5684700012207,0.39094123244285583,-70.22764891235158
256.0,0.314453125,0.006462826859205961,1355.0,2208.0,0.5,-0.013499045206117444,0.55859375,0.41860154271125793,0.0,0.7374172508716583,1.0,141312.0,0.0001,276.0,0.2,114.11870056390762,256.0,0.054443359375,0.744140625,-0.3806948703713715,680.0,45.0,0.9296875,81.18267822265625,0.43799930810928345,-73.17474843200296
256.0,0.33984375,0.0083334194496274,1556.0,2216.0,0.5,-0.015984933914296562,0.57421875,0.4784381687641144,0.0,0.7261395454406738,1.0,141824.0,0.0001,277.0,0.2,85.51076497137547,256.0,0.0703125,0.734375,-0.4717405855190009,696.5,45.0,0.89453125,43.487178802490234,0.4809531271457672,-75.3589077102393
256.0,0.375,0.009019063785672188,1597.0,2224.0,0.5,-0.01441300030273851,0.59765625,0.45197874307632446,0.0,0.7278432250022888,1.0,142336.0,0.0001,278.0,0.2,108.12022092938423,256.0,0.060791015625,0.72265625,-0.4246091111563146,665.5,45.0,0.84765625,39.558555603027344,0.47463881969451904,-75.99968813799322
256.0,0.36328125,0.006137484684586525,1665.0,2232.0,0.5,-0.017636229982599616,0.60546875,0.45527535676956177,0.0,0.8008421808481216,1.0,142848.0,0.0001,279.0,0.2,88.63495433330536,256.0,0.052978515625,0.7421875,-0.40496633062139153,651.0,45.0,0.87890625,26.772998809814453,0.45295754075050354,-77.48959430873394
256.0,0.376953125,0.00841110572218895,1520.0,2240.0,0.5,-0.013362049161514733,0.625,0.47015053033828735,0.0,0.6679278314113617,1.0,143360.0,0.0001,280.0,0.2,71.09330555796623,256.0,0.060791015625,0.748046875,-0.4570160312578082,603.0,45.0,0.87109375,34.43907928466797,0.44441473484039307,-78.15208656221628
256.0,0.421875,0.01089988648891449,1491.0,2248.0,0.5,-0.019916480508982204,0.67578125,0.48966413736343384,0.0,0.7601288110017776,1.0,143872.0,0.0001,281.0,0.2,42.02023273706436,256.0,0.09521484375,0.75390625,-0.4873170128557831,570.0,45.0,0.83203125,13.32813835144043,0.4465392231941223,-78.11877555456013
256.0,0.42578125,0.008086923509836197,1219.0,2256.0,0.5,-0.017020296239934396,0.6875,0.4659159183502197,0.0,0.8346896916627884,1.0,144384.0,0.0001,282.0,0.2,73.56027312576771,256.0,0.078125,0.76171875,-0.45846138964407146,517.0,45.0,0.8359375,19.526649475097656,0.4320090413093567,-77.81251905666664
256.0,0.408203125,0.007738072890788317,1491.0,2264.0,0.5,-0.013678881477972027,0.65625,0.474778950214386,0.0,0.7825261801481247,1.0,144896.0,0.0001,283.0,0.2,114.15185528993607,256.0,0.0556640625,0.748046875,-0.4595294063910842,520.0,45.0,0.83984375,81.08269500732422,0.42926138639450073,-78.49542259644717
256.0,0.4609375,0.00695015536621213,1429.0,2272.0,0.5,-0.013936518156697275,0.703125,0.481154203414917,0.0,0.8408423215150833,1.0,145408.0,0.0001,284.0,0.2,33.25285894423723,256.0,0.072265625,0.7421875,-0.4855685525108129,566.0,45.0,0.78125,11.551287651062012,0.4509701430797577,-78.36683860825374
256.0,0.40625,0.002674720250070095,1654.0,2280.0,0.5,-0.007675544431549497,0.65625,0.47530174255371094,0.0,0.7963415384292603,1.0,145920.0,0.0001,285.0,0.2,118.58048958331347,256.0,0.0322265625,0.75,-0.37911902309861034,584.5,45.0,0.84375,19.822185516357422,0.4499421715736389,-74.93244413793087
256.0,0.396484375,0.005318620707839727,1568.0,2288.0,0.5,-0.00877766779740341,0.6328125,0.4655337333679199,0.0,0.7493657171726227,1.0,146432.0,0.0001,286.0,0.2,134.10645762085915,256.0,0.037841796875,0.736328125,-0.43214390939101577,529.5,45.0,0.83984375,82.364990234375,0.4467180371284485,-73.05546714125201
256.0,0.43359375,0.008148986846208572,1162.0,2296.0,0.5,-0.015381379576865584,0.6640625,0.5121139883995056,0.0,0.7230502367019653,1.0,146944.0,0.0001,287.0,0.2,73.67153190821409,256.0,0.060546875,0.73046875,-0.4876117226667702,545.0,45.0,0.796875,26.066986083984375,0.4799361824989319,-73.19217472665012
256.0,0.466796875,0.009471191093325615,1718.0,2304.0,0.5,-0.01405301957129268,0.7578125,0.42351987957954407,0.0,0.877962701022625,1.0,147456.0,0.0001,288.0,0.2,84.74692835658789,256.0,0.057373046875,0.791015625,-0.3854753791820258,536.5,45.0,0.82421875,15.904492378234863,0.4096497595310211,-71.37943281518295
256.0,0.439453125,0.004921606741845608,1530.0,2312.0,0.5,-0.01273282715555979,0.6953125,0.46745142340660095,0.0,0.8133296370506287,1.0,147968.0,0.0001,289.0,0.2,92.39549979567528,256.0,0.05322265625,0.755859375,-0.38169195130467415,545.5,45.0,0.81640625,52.093788146972656,0.4315662980079651,-71.28047951683402
256.0,0.421875,0.004994235932826996,1565.0,2320.0,0.5,-0.012016441447485704,0.68359375,0.4425140917301178,0.0,0.7673421055078506,1.0,148480.0,0.0001,290.0,0.2,100.86094398796558,256.0,0.033203125,0.76171875,-0.43861186993308365,522.5,45.0,0.83984375,23.224456787109375,0.42655709385871887,-70.89766430599614
256.0,0.455078125,0.007012947928160429,1479.0,2328.0,0.5,-0.013867946348909754,0.6875,0.47198301553726196,0.0,0.7182205021381378,1.0,148992.0,0.0001,291.0,0.2,90.70776155591011,256.0,0.05810546875,0.732421875,-0.4725312916561961,552.0,45.0,0.77734375,31.97140884399414,0.45940661430358887,-71.26060057725758
256.0,0.419921875,0.010915867984294891,1534.0,2336.0,0.5,-0.0161927868030034,0.6796875,0.4638690948486328,0.0,0.7931914776563644,1.0,149504.0,0.0001,292.0,0.2,90.65089032053947,256.0,0.073486328125,0.759765625,-0.4968402786180377,552.0,45.0,0.83984375,56.21461486816406,0.4351692199707031,-70.78581966601313
256.0,0.43359375,0.009658490307629108,1177.0,2344.0,0.5,-0.018807267799274996,0.66796875,0.48143571615219116,0.0,0.8075873255729675,1.0,150016.0,0.0001,293.0,0.2,47.713983342051506,256.0,0.08544921875,0.734375,-0.5350325843319297,561.0,45.0,0.80078125,27.314672470092773,0.4654206931591034,-69.77943043060601
256.0,0.412109375,0.003921826835721731,1563.0,2352.0,0.5,-0.011183810493093915,0.64453125,0.4689810276031494,0.0,0.7835413068532944,1.0,150528.0,0.0001,294.0,0.2,94.60360205173492,256.0,0.07373046875,0.732421875,-0.48207479785196483,547.0,45.0,0.8203125,31.115753173828125,0.45266878604888916,-69.93724826809019
256.0,0.388671875,0.005366202909499407,1514.0,2360.0,0.5,-0.012981108069652691,0.640625,0.48060351610183716,0.0,0.7634462714195251,1.0,151040.0,0.0001,295.0,0.2,86.56627091765404,256.0,0.074951171875,0.751953125,-0.48256696085445583,547.0,45.0,0.86328125,36.75509262084961,0.45798540115356445,-70.22486135752871
256.0,0.37109375,0.008101670071482658,1502.0,2368.0,0.5,-0.01635386284760898,0.6171875,0.48834824562072754,0.0,0.7606170773506165,1.0,151552.0,0.0001,296.0,0.2,62.29076832532883,256.0,0.06591796875,0.74609375,-0.48904291191138327,544.0,45.0,0.875,12.955100059509277,0.465265154838562,-71.23749917317181
256.0,0.416015625,0.007348435930907726,1472.0,2376.0,0.5,-0.015574422417557798,0.65625,0.4788433015346527,0.0,0.8601555079221725,1.0,152064.0,0.0001,297.0,0.2,35.888862043619156,256.0,0.08251953125,0.740234375,-0.4706386390607804,626.0,45.0,0.82421875,17.925317764282227,0.42823123931884766,-72.82034495562316
256.0,0.384765625,0.012291673570871353,1207.0,2384.0,0.5,-0.016780877980636433,0.64453125,0.4655473828315735,0.0,0.842498242855072,1.0,152576.0,0.0001,298.0,0.2,30.07757567614317,256.0,0.084716796875,0.759765625,-0.47890247660689056,604.0,45.0,0.875,6.270314693450928,0.45197778940200806,-72.13862992409616
256.0,0.333984375,0.009708339348435402,1438.0,2392.0,0.5,-0.016008266666176496,0.58203125,0.4743407964706421,0.0,0.8006099611520767,1.0,153088.0,0.0001,299.0,0.2,33.742987878620625,256.0,0.07958984375,0.748046875,-0.4809999910648912,632.0,45.0,0.9140625,14.820786476135254,0.45329993963241577,-73.16952831069007
256.0,0.328125,0.007864151149988174,1374.0,2400.0,0.5,-0.01641583562013693,0.5859375,0.47848430275917053,0.0,0.869605153799057,1.0,153600.0,0.0001,300.0,0.2,30.99024396389723,256.0,0.077880859375,0.7578125,-0.482164126355201,648.5,45.0,0.9296875,14.773666381835938,0.4634625315666199,-74.00803716911003
256.0,0.3671875,0.007224651053547859,1459.0,2408.0,0.5,-0.013233068719273433,0.6640625,0.46763816475868225,0.0,0.8756068572402,1.0,154112.0,0.0001,301.0,0.2,24.38026774302125,256.0,0.065673828125,0.796875,-0.44283045758493245,681.0,45.0,0.9296875,10.673486709594727,0.4286460280418396,-75.255183453653
256.0,0.341796875,0.0122706089168787,1480.0,2416.0,0.5,-0.012030252037220635,0.6015625,0.4656771421432495,0.0,0.8203413784503937,1.0,154624.0,0.0001,302.0,0.2,45.05938670411706,256.0,0.10400390625,0.759765625,-0.484127999516204,680.5,45.0,0.91796875,40.16624069213867,0.4682561159133911,-75.49062585460022
256.0,0.3671875,0.004484402481466532,1657.0,2424.0,0.5,-0.013380690856138244,0.6171875,0.4541861414909363,0.0,0.7923288643360138,1.0,155136.0,0.0001,303.0,0.2,110.80813952535391,256.0,0.05029296875,0.75,-0.40560493245720863,664.5,45.0,0.8828125,45.24319076538086,0.4248558580875397,-76.38471200592817
256.0,0.36328125,0.005536465905606747,1191.0,2432.0,0.5,-0.013279024882649537,0.62109375,0.43919217586517334,0.0,0.7359960675239563,1.0,155648.0,0.0001,304.0,0.2,94.09300044178963,256.0,0.069580078125,0.7578125,-0.4198002275079489,640.0,45.0,0.89453125,10.442209243774414,0.4316334128379822,-77.56695860384032
256.0,0.42578125,0.007554257288575172,1668.0,2440.0,0.5,-0.01805971209614654,0.69140625,0.4384395480155945,0.0,0.8134639710187912,1.0,156160.0,0.0001,305.0,0.2,74.15686053037643,256.0,0.05419921875,0.765625,-0.3885652257595211,619.5,45.0,0.83984375,24.200441360473633,0.40595683455467224,-78.16076112279669
256.0,0.419921875,0.010898428037762642,1580.0,2448.0,0.5,-0.018066070129862055,0.6953125,0.45863059163093567,0.0,0.8005340844392776,1.0,156672.0,0.0001,306.0,0.2,69.04590853303671,256.0,0.077880859375,0.775390625,-0.4129520928254351,582.0,45.0,0.85546875,23.58631706237793,0.4586065113544464,-78.54261874116958
256.0,0.396484375,0.009492462500929832,1466.0,2456.0,0.5,-0.014994045661296695,0.70703125,0.45914408564567566,0.0,0.7793283760547638,1.0,157184.0,0.0001,307.0,0.2,30.180278405547142,256.0,0.06787109375,0.810546875,-0.45870647043921053,574.5,45.0,0.9140625,8.764969825744629,0.3781190514564514,-78.7321249685064
256.0,0.435546875,0.006771734915673733,1358.0,2464.0,0.5,-0.01174834364792332,0.73828125,0.4476804733276367,0.0,0.8776808306574821,1.0,157696.0,0.0001,308.0,0.2,20.53680231422186,256.0,0.068359375,0.802734375,-0.4405320619698614,560.5,45.0,0.8671875,6.676012992858887,0.3873283863067627,-77.87227160256356
256.0,0.44921875,0.0062234229408204556,1369.0,2472.0,0.5,-0.00999645024057827,0.75,0.44722408056259155,0.0,0.8342841565608978,1.0,158208.0,0.0001,309.0,0.2,44.87453036010265,256.0,0.054443359375,0.80078125,-0.43934218864887953,548.0,45.0,0.8515625,30.49103546142578,0.4058273434638977,-77.05337800184265
256.0,0.421875,0.006458189804106951,1447.0,2480.0,0.5,-0.009457681357162073,0.69921875,0.4427419602870941,0.0,0.8537430167198181,1.0,158720.0,0.0001,310.0,0.2,42.03407462313771,256.0,0.0673828125,0.77734375,-0.43812866299413145,521.5,45.0,0.85546875,28.432775497436523,0.4310649037361145,-76.41799233853817
256.0,0.44921875,0.027042046189308167,1571.0,2488.0,0.5,-0.019004848261829466,0.75390625,0.43532899022102356,0.0,0.7737691849470139,1.0,159232.0,0.0001,311.0,0.2,87.42206127941608,256.0,0.100830078125,0.8046875,-0.40406488929875195,500.5,45.0,0.85546875,25.097009658813477,0.3911130428314209,-76.23605010371655
256.0,0.42578125,0.008316953666508198,1432.0,2496.0,0.5,-0.013431189508992247,0.671875,0.4527578353881836,0.0,0.7924557328224182,1.0,159744.0,0.0001,312.0,0.2,34.22991816326976,256.0,0.0849609375,0.74609375,-0.46243837592191994,509.5,45.0,0.8203125,4.8941826820373535,0.47178515791893005,-75.86614460611716
256.0,0.37109375,0.0093881506472826,1536.0,2504.0,0.5,-0.011361771947122179,0.625,0.4365619421005249,0.0,0.8315903395414352,1.0,160256.0,0.0001,313.0,0.2,65.49171808362007,256.0,0.0654296875,0.75390625,-0.40354831074364483,549.0,45.0,0.8828125,22.861764907836914,0.4102564752101898,-75.51846274960786
256.0,0.388671875,0.008238883689045906,1562.0,2512.0,0.5,-0.01847488987550605,0.6484375,0.42190805077552795,0.0,0.820918470621109,1.0,160768.0,0.0001,314.0,0.2,66.99139005690813,256.0,0.059814453125,0.759765625,-0.36199526756536216,558.0,45.0,0.87109375,29.133358001708984,0.41905707120895386,-74.94581450866535
256.0,0.400390625,0.00730485562235117,1133.0,2520.0,0.5,-0.009942122036591172,0.66015625,0.4534176290035248,0.0,0.8019431978464127,1.0,161280.0,0.0001,315.0,0.2,35.51217382401228,256.0,0.064208984375,0.759765625,-0.42187803518027067,589.5,45.0,0.859375,10.442147254943848,0.42814838886260986,-75.46748702991754
256.0,0.369140625,0.010537659749388695,1540.0,2528.0,0.5,-0.012289184760447824,0.64453125,0.4452292323112488,0.0,0.773496612906456,1.0,161792.0,0.0001,316.0,0.2,63.47486889362335,256.0,0.051025390625,0.775390625,-0.3765960205346346,559.5,45.0,0.90625,72.30660247802734,0.4435802698135376,-75.41982852736488
256.0,0.380859375,0.013168293982744217,1405.0,2536.0,0.5,-0.01765827650524443,0.65625,0.4587683379650116,0.0,0.789200022816658,1.0,162304.0,0.0001,317.0,0.2,23.838583331555128,256.0,0.093505859375,0.775390625,-0.4429759937338531,572.5,45.0,0.89453125,5.647465705871582,0.4230155348777771,-77.59230766074732
256.0,0.3671875,0.008955636061728,1502.0,2544.0,0.5,-0.010578018162050284,0.609375,0.4720008969306946,0.0,0.9109663739800453,1.0,162816.0,0.0001,318.0,0.2,25.376494333148003,256.0,0.0908203125,0.7421875,-0.44240999687463045,594.0,45.0,0.875,8.438252449035645,0.46883127093315125,-78.18213089426979
256.0,0.4296875,0.010612087324261665,1403.0,2552.0,0.5,-0.017622664920054376,0.69140625,0.45970869064331055,0.0,0.90904900431633,1.0,163328.0,0.0001,319.0,0.2,17.629067547619343,256.0,0.082763671875,0.76171875,-0.4480933337472379,622.5,45.0,0.83203125,3.4237923622131348,0.444927453994751,-78.59121295271441
256.0,0.408203125,0.013944374397397041,1272.0,2560.0,0.5,-0.008049336363910697,0.64453125,0.4290720820426941,0.0,0.8361882418394089,1.0,163840.0,0.0001,320.0,0.2,73.6687911003828,256.0,0.054931640625,0.736328125,-0.3559636240825057,630.5,45.0,0.828125,8.577756881713867,0.44956105947494507,-78.40073451060802
256.0,0.455078125,0.008827738463878632,1493.0,2568.0,0.5,-0.01583955841488205,0.69921875,0.45229142904281616,0.0,0.8431488126516342,1.0,164352.0,0.0001,321.0,0.2,45.0411171913147,256.0,0.093994140625,0.744140625,-0.415309603093192,640.0,45.0,0.7890625,11.353201866149902,0.4289754033088684,-78.36310440633446
256.0,0.47265625,0.0040900809690356255,1484.0,2576.0,0.5,-0.009063169400178595,0.70703125,0.4909065365791321,0.0,0.8611237555742264,1.0,164864.0,0.0001,322.0,0.2,46.15815436094999,256.0,0.0419921875,0.734375,-0.4271666966378689,638.0,45.0,0.76171875,19.01241683959961,0.4608924388885498,-78.15387506539003
256.0,0.4296875,0.006053382530808449,1550.0,2584.0,0.5,-0.010884052913752384,0.71484375,0.4654104709625244,0.0,0.8492137044668198,1.0,165376.0,0.0001,323.0,0.2,69.87197300046682,256.0,0.053466796875,0.78515625,-0.3950331296073273,675.0,45.0,0.85546875,52.25897979736328,0.43799319863319397,-77.06785545086488
256.0,0.4296875,0.004317575134336948,1642.0,2592.0,0.5,-0.011022616949048825,0.6953125,0.4627649188041687,0.0,0.7992125153541565,1.0,165888.0,0.0001,324.0,0.2,112.96013209223747,256.0,0.033935546875,0.765625,-0.30552412604447454,655.5,45.0,0.8359375,23.232088088989258,0.4361572265625,-75.64390355581418
256.0,0.458984375,0.007068190257996321,1475.0,2600.0,0.5,-0.016797221629531123,0.6796875,0.4856143593788147,0.0,0.8000854253768921,1.0,166400.0,0.0001,325.0,0.2,59.64505311846733,256.0,0.0654296875,0.720703125,-0.4229520922526717,684.0,45.0,0.76171875,30.492170333862305,0.4743792712688446,-75.23292008664458
256.0,0.466796875,0.009367020800709724,1143.0,2608.0,0.5,-0.01567656284896657,0.7109375,0.476278156042099,0.0,0.8659456372261047,1.0,166912.0,0.0001,326.0,0.2,32.957668758928776,256.0,0.08935546875,0.744140625,-0.45548032969236374,680.5,45.0,0.77734375,6.609663963317871,0.461262047290802,-73.32218469064682
256.0,0.44921875,0.005843799561262131,1634.0,2616.0,0.5,-0.007728704793407815,0.703125,0.4456169605255127,0.0,0.8103102594614029,1.0,167424.0,0.0001,327.0,0.2,91.28976664692163,256.0,0.0498046875,0.75390625,-0.4221162119647488,622.5,45.0,0.8046875,12.775928497314453,0.43845370411872864,-72.3006686387211
256.0,0.412109375,0.008185693994164467,1457.0,2624.0,0.5,-0.019731322303414345,0.60546875,0.45219436287879944,0.0,0.7881978899240494,1.0,167936.0,0.0001,328.0,0.2,74.70096655189991,256.0,0.0791015625,0.693359375,-0.44926632824353874,607.0,45.0,0.78125,12.843195915222168,0.46907079219818115,-72.33470848245547
256.0,0.4453125,0.0070267547853291035,1490.0,2632.0,0.5,-0.015971446813637158,0.6953125,0.4519546329975128,0.0,0.8017163872718811,1.0,168448.0,0.0001,329.0,0.2,57.52483032643795,256.0,0.059814453125,0.75,-0.42677696561440825,607.5,45.0,0.8046875,12.757365226745605,0.47298306226730347,-72.16200265266001
256.0,0.45703125,0.007882531732320786,1426.0,2640.0,0.5,-0.018956529638671782,0.6875,0.4530181288719177,0.0,0.7523384094238281,1.0,168960.0,0.0001,330.0,0.2,59.274945482611656,256.0,0.08544921875,0.73046875,-0.46411992073990405,604.0,45.0,0.7734375,23.95406150817871,0.44302356243133545,-71.03644562859088
256.0,0.412109375,0.003656097687780857,1295.0,2648.0,0.5,-0.010388341084762942,0.66796875,0.4445497989654541,0.0,0.8373498767614365,1.0,169472.0,0.0001,331.0,0.2,86.58332121372223,256.0,0.0302734375,0.755859375,-0.37445032643154263,582.0,45.0,0.84375,30.597566604614258,0.49221694469451904,-70.46253849217668
256.0,0.4375,0.009941617026925087,1429.0,2656.0,0.5,-0.017213549595908262,0.6484375,0.4588307738304138,0.0,0.7760831713676453,1.0,169984.0,0.0001,332.0,0.2,31.03624176979065,256.0,0.08642578125,0.7109375,-0.48830679222010076,575.5,45.0,0.7734375,14.39777946472168,0.4989008605480194,-71.04804030552506
256.0,0.443359375,0.007730846758931875,1564.0,2664.0,0.5,-0.009613310343411285,0.703125,0.4324457347393036,0.0,0.8502669483423233,1.0,170496.0,0.0001,333.0,0.2,75.03060205280781,256.0,0.054931640625,0.759765625,-0.39892293978482485,581.5,45.0,0.81640625,26.49945068359375,0.4353324770927429,-70.5969519838877
256.0,0.4609375,0.006583919748663902,1450.0,2672.0,0.5,-0.011961830641666893,0.69140625,0.46581706404685974,0.0,0.8114517331123352,1.0,171008.0,0.0001,334.0,0.2,72.12418720126152,256.0,0.058349609375,0.73046875,-0.44574766838923097,558.0,45.0,0.76953125,38.018272399902344,0.46005505323410034,-70.37327296527103
256.0,0.462890625,0.004828987177461386,1417.0,2680.0,0.5,-0.012614671511983033,0.66796875,0.4484553337097168,0.0,0.8737685680389404,1.0,171520.0,0.0001,335.0,0.2,32.056776471436024,256.0,0.079345703125,0.705078125,-0.4400830783415586,554.5,45.0,0.7421875,10.221458435058594,0.4689622223377228,-70.52573764279485
256.0,0.431640625,0.008063141256570816,1186.0,2688.0,0.5,-0.016846292925038142,0.62890625,0.4631962180137634,0.0,0.8838573023676872,1.0,172032.0,0.0001,336.0,0.2,31.24246445298195,256.0,0.07568359375,0.697265625,-0.43447302316781133,640.5,45.0,0.765625,15.359646797180176,0.47309187054634094,-70.61887990780174
256.0,0.359375,0.005530562251806259,1576.0,2696.0,0.5,-0.01249586417543469,0.58203125,0.42753535509109497,0.0,0.7687703222036362,1.0,172544.0,0.0001,337.0,0.2,119.92586176097393,256.0,0.037353515625,0.72265625,-0.40406798536423594,617.0,45.0,0.86328125,35.186038970947266,0.47473961114883423,-68.88101076485589
256.0,0.400390625,0.007006234955042601,1501.0,2704.0,0.5,-0.01527417675970355,0.62890625,0.42398297786712646,0.0,0.7903582602739334,1.0,173056.0,0.0001,338.0,0.2,81.7016254067421,256.0,0.056884765625,0.728515625,-0.37291194952558726,621.5,45.0,0.828125,36.36399841308594,0.43909281492233276,-70.2701792747341
256.0,0.4140625,0.007322673220187426,1453.0,2712.0,0.5,-0.014254825360694667,0.671875,0.4208131730556488,0.0,0.7867319583892822,1.0,173568.0,0.0001,339.0,0.2,55.591704204678535,256.0,0.06982421875,0.7578125,-0.4293562767561525,620.5,45.0,0.84375,17.05112075805664,0.4303761422634125,-70.76085723558441
256.0,0.400390625,0.004158671014010906,1523.0,2720.0,0.5,-0.01248286671761889,0.625,0.4537448287010193,0.0,0.8678404539823532,1.0,174080.0,0.0001,340.0,0.2,43.38939516246319,256.0,0.053955078125,0.724609375,-0.40720338781829923,633.0,45.0,0.82421875,10.749029159545898,0.4543251395225525,-72.00337364336475
256.0,0.3984375,0.01615402102470398,1533.0,2728.0,0.5,-0.01787374213745352,0.625,0.444288045167923,0.0,0.7793092876672745,1.0,174592.0,0.0001,341.0,0.2,56.52302839607,256.0,0.0771484375,0.7265625,-0.43681384180672467,630.0,45.0,0.828125,9.532066345214844,0.4497300982475281,-71.51959674589335
256.0,0.439453125,0.006639176048338413,1221.0,2736.0,0.5,-0.01189635330956662,0.69140625,0.423998087644577,0.0,0.8563810139894485,1.0,175104.0,0.0001,342.0,0.2,46.71091152727604,256.0,0.055419921875,0.751953125,-0.4195541872177273,652.5,45.0,0.8125,15.164780616760254,0.4190426170825958,-72.51263750143349
256.0,0.365234375,0.005453392863273621,1456.0,2744.0,0.5,-0.010459349454322364,0.63671875,0.4385696053504944,0.0,0.840493232011795,1.0,175616.0,0.0001,343.0,0.2,45.66837513446808,256.0,0.050048828125,0.771484375,-0.40751585830003023,669.0,45.0,0.90625,20.301490783691406,0.4580565094947815,-73.50436807075515
256.0,0.34375,0.008390643633902073,1503.0,2752.0,0.5,-0.01480924056522781,0.58203125,0.45447680354118347,0.0,0.7598957866430283,1.0,176128.0,0.0001,344.0,0.2,90.44023360311985,256.0,0.076171875,0.73828125,-0.3942039211979136,669.5,45.0,0.89453125,51.372337341308594,0.45382678508758545,-74.48395574616268
256.0,0.380859375,0.006544072646647692,1524.0,2760.0,0.5,-0.011808629882580135,0.64453125,0.4448320269584656,0.0,0.8317506462335587,1.0,176640.0,0.0001,345.0,0.2,53.06150484830141,256.0,0.04443359375,0.763671875,-0.36741848883684725,647.0,45.0,0.8828125,19.273317337036133,0.4344984292984009,-75.35476404339074
256.0,0.400390625,0.006097500212490559,1539.0,2768.0,0.5,-0.01054261042008875,0.63671875,0.4371972680091858,0.0,0.8262046277523041,1.0,177152.0,0.0001,346.0,0.2,72.06127302348614,256.0,0.037841796875,0.736328125,-0.3813902318943292,659.5,45.0,0.8359375,42.75693130493164,0.4724382758140564,-76.31389745568856
256.0,0.404296875,0.004952649120241404,1211.0,2776.0,0.5,-0.009961335239495384,0.62109375,0.45768430829048157,0.0,0.8634613752365112,1.0,177664.0,0.0001,347.0,0.2,42.79831711947918,256.0,0.04833984375,0.716796875,-0.3798786613624543,668.5,45.0,0.8125,9.926825523376465,0.4725169241428375,-74.5721109666489
256.0,0.45703125,0.003253375180065632,1547.0,2784.0,0.5,-0.008106353951006895,0.6875,0.4540689289569855,0.0,0.849312886595726,1.0,178176.0,0.0001,348.0,0.2,62.920252591371536,256.0,0.02734375,0.73046875,-0.3524104180978611,667.0,45.0,0.7734375,15.650877952575684,0.4596404433250427,-74.63189120674505
256.0,0.46484375,0.006179408635944128,1600.0,2792.0,0.5,-0.012062804999004584,0.703125,0.4598815441131592,0.0,0.8573440313339233,1.0,178688.0,0.0001,349.0,0.2,69.35368800163269,256.0,0.04736328125,0.73828125,-0.36761285352986306,686.0,45.0,0.7734375,42.859683990478516,0.4326387643814087,-74.49736783945933
256.0,0.466796875,0.01301172561943531,1513.0,2800.0,0.5,-0.01795462401059922,0.6953125,0.43936866521835327,0.0,0.8746395707130432,1.0,179200.0,0.0001,350.0,0.2,44.57762733846903,256.0,0.095703125,0.728515625,-0.39389721117913723,669.0,45.0,0.76171875,62.86836242675781,0.4270140826702118,-74.33785014610737
256.0,0.447265625,0.014028506353497505,1522.0,2808.0,0.5,-0.012563711457914906,0.69140625,0.4541320204734802,0.0,0.8201039582490921,1.0,179712.0,0.0001,351.0,0.2,61.99174518883228,256.0,0.072021484375,0.744140625,-0.4132347519043833,633.5,45.0,0.796875,30.70299530029297,0.4544401168823242,-72.64243913581595
256.0,0.4296875,0.013686501421034336,1437.0,2816.0,0.5,-0.017842330256826244,0.6953125,0.4413255751132965,0.0,0.8264272511005402,1.0,180224.0,0.0001,352.0,0.2,36.31228466331959,256.0,0.097412109375,0.765625,-0.3967854696093127,621.5,45.0,0.8359375,10.06960391998291,0.4631868600845337,-72.21377871789038
256.0,0.3828125,0.006770124658942223,1496.0,2824.0,0.5,-0.01163495444052387,0.609375,0.48761820793151855,0.0,0.8423706740140915,1.0,180736.0,0.0001,353.0,0.2,45.469780281186104,256.0,0.084228515625,0.7265625,-0.35369899100624025,634.0,45.0,0.84375,11.488283157348633,0.4705328345298767,-71.66683609588071
256.0,0.451171875,0.00976526364684105,1422.0,2832.0,0.5,-0.016243883226707112,0.72265625,0.4382159113883972,0.0,0.869618684053421,1.0,181248.0,0.0001,354.0,0.2,36.521093763411045,256.0,0.086181640625,0.771484375,-0.43407013243995607,622.5,45.0,0.8203125,9.303141593933105,0.4182022213935852,-70.41447248646989
256.0,0.4296875,0.008550284430384636,1535.0,2840.0,0.5,-0.01636530920950463,0.6640625,0.4467977285385132,0.0,0.8341342061758041,1.0,181760.0,0.0001,355.0,0.2,76.12715093791485,256.0,0.074951171875,0.734375,-0.3806514944881201,620.0,45.0,0.8046875,13.155908584594727,0.45221105217933655,-69.1913248927705
256.0,0.4140625,0.004559371620416641,1550.0,2848.0,0.5,-0.010844421696674544,0.66015625,0.4458516240119934,0.0,0.8272395730018616,1.0,182272.0,0.0001,356.0,0.2,93.83377629518509,256.0,0.049560546875,0.74609375,-0.3084645757917315,587.5,45.0,0.83203125,48.709110260009766,0.4494314193725586,-68.96993068538606
256.0,0.390625,0.00317448191344738,1522.0,2856.0,0.5,-0.006258579873247072,0.6171875,0.4719502329826355,0.0,0.8092135041952133,1.0,182784.0,0.0001,357.0,0.2,80.15583695471287,256.0,0.022705078125,0.7265625,-0.334305000025779,574.5,45.0,0.8359375,21.7954044342041,0.45819729566574097,-69.29986973050981
256.0,0.37109375,0.0047964006662368774,1288.0,2864.0,0.5,-0.013437883142614737,0.62109375,0.4527435600757599,0.0,0.8150628954172134,1.0,183296.0,0.0001,358.0,0.2,95.95778025686741,256.0,0.058837890625,0.75,-0.2860812577418983,587.5,45.0,0.87890625,15.901965141296387,0.45314300060272217,-69.06556223019957
256.0,0.41796875,0.004212631843984127,1521.0,2872.0,0.5,-0.01003109996963758,0.6875,0.42207029461860657,0.0,0.8209104388952255,1.0,183808.0,0.0001,359.0,0.2,59.380084954202175,256.0,0.04638671875,0.76953125,-0.2994142813840881,582.5,45.0,0.8515625,16.33234214782715,0.4095262587070465,-68.4948903525807
256.0,0.365234375,0.004305405542254448,1613.0,2880.0,0.5,-0.008941119172959588,0.625,0.41591471433639526,0.0,0.7936865836381912,1.0,184320.0,0.0001,360.0,0.2,108.8026566579938,256.0,0.047607421875,0.759765625,-0.284778252360411,577.5,45.0,0.89453125,39.80649948120117,0.42063984274864197,-69.45786337981001
256.0,0.388671875,0.004104107618331909,1436.0,2888.0,0.5,-0.009381594572914764,0.61328125,0.4738912582397461,0.0,0.7889165878295898,1.0,184832.0,0.0001,361.0,0.2,48.83002308011055,256.0,0.032470703125,0.724609375,-0.29215036320965737,567.5,45.0,0.8359375,17.058618545532227,0.46572092175483704,-69.79376219877973
256.0,0.369140625,0.005957642570137978,1493.0,2896.0,0.5,-0.011071422755776439,0.56640625,0.4596080482006073,0.0,0.8019047528505325,1.0,185344.0,0.0001,362.0,0.2,66.44847716391087,256.0,0.062744140625,0.697265625,-0.28230886859819293,560.0,45.0,0.828125,15.222444534301758,0.4858657717704773,-69.94501432679594
256.0,0.390625,0.010269634425640106,1229.0,2904.0,0.5,-0.013012575102038682,0.66796875,0.41632068157196045,0.0,0.8434297889471054,1.0,185856.0,0.0001,363.0,0.2,79.65834353864193,256.0,0.048095703125,0.77734375,-0.24862674763426185,547.5,45.0,0.88671875,34.7187385559082,0.3999030888080597,-70.02616041585803
256.0,0.408203125,0.003894431982189417,1474.0,2912.0,0.5,-0.009582295395375695,0.66796875,0.437064528465271,0.0,0.8186539560556412,1.0,186368.0,0.0001,364.0,0.2,78.21505588293076,256.0,0.0341796875,0.759765625,-0.27904317376669496,554.0,45.0,0.8515625,22.883665084838867,0.4325399398803711,-71.38075003646314
256.0,0.490234375,0.005086982622742653,1519.0,2920.0,0.5,-0.011230530333705246,0.69921875,0.440451443195343,0.0,0.8272525072097778,1.0,186880.0,0.0001,365.0,0.2,72.79539852589369,256.0,0.0517578125,0.708984375,-0.2663867909577675,571.0,45.0,0.71875,25.323986053466797,0.43831294775009155,-70.87170661255718
256.0,0.494140625,0.004075191915035248,1499.0,2928.0,0.5,-0.009650042695284355,0.71875,0.44864529371261597,0.0,0.820077657699585,1.0,187392.0,0.0001,366.0,0.2,100.27863335609436,256.0,0.031982421875,0.724609375,-0.22966302663553506,580.5,45.0,0.73046875,67.15552520751953,0.45118021965026855,-70.3090219992958
256.0,0.435546875,0.0023272254038602114,1585.0,2936.0,0.5,-0.007946788107801694,0.68359375,0.41884469985961914,0.0,0.8096960335969925,1.0,187904.0,0.0001,367.0,0.2,135.49824026226997,256.0,0.03369140625,0.748046875,-0.23485928506124765,561.0,45.0,0.8125,68.8565444946289,0.4027203619480133,-69.9119102803804
256.0,0.451171875,0.004215139430016279,1548.0,2944.0,0.5,-0.008037335412154789,0.65625,0.44183385372161865,0.0,0.8284585326910019,1.0,188416.0,0.0001,368.0,0.2,74.29709224402905,256.0,0.03466796875,0.705078125,-0.2731975431088358,587.0,45.0,0.75390625,16.36943244934082,0.46667301654815674,-69.75293602865189
256.0,0.486328125,0.006424464285373688,1172.0,2952.0,0.5,-0.009493986137385946,0.71875,0.4550437331199646,0.0,0.8078964650630951,1.0,188928.0,0.0001,369.0,0.2,57.43261109292507,256.0,0.044921875,0.732421875,-0.2916235523298383,618.5,45.0,0.74609375,11.605730056762695,0.4350361227989197,-69.2167121014744
256.0,0.466796875,0.009103260934352875,1402.0,2960.0,0.5,-0.007886625167884631,0.70703125,0.4517683982849121,0.0,0.84649758040905,1.0,189440.0,0.0001,370.0,0.2,51.205854058265686,256.0,0.0439453125,0.740234375,-0.25952773628523573,622.0,45.0,0.7734375,23.48180389404297,0.45932668447494507,-67.59341278839857
256.0,0.443359375,0.006846210919320583,1440.0,2968.0,0.5,-0.010100643172336277,0.73046875,0.43465280532836914,0.0,0.8590075224637985,1.0,189952.0,0.0001,371.0,0.2,61.882475562393665,256.0,0.052490234375,0.787109375,-0.2963085757801309,638.5,45.0,0.84375,24.549226760864258,0.42930924892425537,-66.93474325062706
256.0,0.47265625,0.0038018147461116314,1343.0,2976.0,0.5,-0.006710066070809262,0.70703125,0.4384918808937073,0.0,0.8868026658892632,1.0,190464.0,0.0001,372.0,0.2,47.84491614252329,256.0,0.03515625,0.734375,-0.28419361531268805,646.0,45.0,0.76171875,11.902362823486328,0.4391099214553833,-67.09246038604527
256.0,0.466796875,0.0031522326171398163,1659.0,2984.0,0.5,-0.01062048836320173,0.66796875,0.4498049020767212,0.0,0.8342079520225525,1.0,190976.0,0.0001,373.0,0.2,95.95359607040882,256.0,0.032958984375,0.701171875,-0.21493644203292206,670.0,45.0,0.734375,15.624459266662598,0.47200360894203186,-67.8416714887321
256.0,0.46484375,0.004074917174875736,1468.0,2992.0,0.5,-0.012802137600374408,0.703125,0.4249853193759918,0.0,0.8880580142140388,1.0,191488.0,0.0001,374.0,0.2,46.85944743454456,256.0,0.0439453125,0.73828125,-0.26682683324906975,653.5,45.0,0.7734375,21.674768447875977,0.42510539293289185,-67.98743913464249
256.0,0.513671875,0.0030883224681019783,1310.0,3000.0,0.5,-0.0060963110299780965,0.75390625,0.42951181530952454,0.0,0.8614981472492218,1.0,192000.0,0.0001,375.0,0.2,74.62110245227814,256.0,0.029052734375,0.740234375,-0.24025832809275016,654.0,45.0,0.7265625,13.202757835388184,0.43472710251808167,-68.95135721031576
256.0,0.486328125,0.006644635461270809,1604.0,3008.0,0.5,-0.010576217027846724,0.734375,0.42290133237838745,0.0,0.8813975602388382,1.0,192512.0,0.0001,376.0,0.2,64.95466336607933,256.0,0.048828125,0.748046875,-0.23221588542219251,687.5,45.0,0.76171875,13.309366226196289,0.4203171133995056,-69.51768590498716
256.0,0.4765625,0.005313387140631676,1514.0,3016.0,0.5,-0.011488128766359296,0.6875,0.4642033576965332,0.0,0.7689367830753326,1.0,193024.0,0.0001,377.0,0.2,78.22672913968563,256.0,0.04931640625,0.7109375,-0.2923273314954713,665.0,45.0,0.734375,39.07529067993164,0.46481865644454956,-69.20884898047895
256.0,0.44921875,0.007132237311452627,1515.0,3024.0,0.5,-0.01088269981846679,0.71484375,0.4549471139907837,0.0,0.7888876050710678,1.0,193536.0,0.0001,378.0,0.2,79.5044324323535,256.0,0.06005859375,0.765625,-0.3386601924430579,655.0,45.0,0.81640625,57.718135833740234,0.4423801898956299,-69.95037135662511
256.0,0.435546875,0.0047842273488640785,1492.0,3032.0,0.5,-0.010276051478285808,0.70703125,0.41940072178840637,0.0,0.8018801361322403,1.0,194048.0,0.0001,379.0,0.2,82.3700385093689,256.0,0.031982421875,0.771484375,-0.2925819687079638,653.0,45.0,0.8359375,49.55570602416992,0.4233877658843994,-70.74605250874534
256.0,0.43359375,0.0063956305384635925,1232.0,3040.0,0.5,-0.00870456203847425,0.68359375,0.42631033062934875,0.0,0.8531949073076248,1.0,194560.0,0.0001,380.0,0.2,64.710548132658,256.0,0.052734375,0.75,-0.28449480258859694,663.5,45.0,0.81640625,21.590206146240234,0.46369606256484985,-72.0787656247057
256.0,0.50390625,0.024291517212986946,1417.0,3048.0,0.5,-0.014937305546482094,0.75390625,0.44953933358192444,0.0,0.9048545062541962,1.0,195072.0,0.0001,381.0,0.2,33.23053900897503,256.0,0.09033203125,0.75,-0.3669406734406948,647.0,45.0,0.74609375,9.191828727722168,0.4274333715438843,-73.16072087466716
256.0,0.47265625,0.0051853470504283905,1542.0,3056.0,0.5,-0.00902969895832939,0.7109375,0.4338785409927368,0.0,0.9010412395000458,1.0,195584.0,0.0001,382.0,0.2,63.26561939716339,256.0,0.049072265625,0.73828125,-0.27880888793151826,665.5,45.0,0.765625,25.871244430541992,0.4424540400505066,-73.72048083398491
256.0,0.4375,0.00502758426591754,1496.0,3064.0,0.5,-0.007601785953738727,0.66796875,0.4494258761405945,0.0,0.8825032934546471,1.0,196096.0,0.0001,383.0,0.2,63.77454364299774,256.0,0.036376953125,0.73046875,-0.31233992986381054,682.0,45.0,0.79296875,14.270527839660645,0.46049028635025024,-72.70089327434079
256.0,0.41796875,0.005998085252940655,1694.0,3072.0,0.5,-0.010149240997634479,0.65625,0.4320114850997925,0.0,0.8740952461957932,1.0,196608.0,0.0001,384.0,0.2,70.274398162961,256.0,0.047119140625,0.73828125,-0.25500937295146286,697.5,45.0,0.8203125,72.2784423828125,0.4359726905822754,-73.09312318393961
256.0,0.423828125,0.004564219154417515,1549.0,3080.0,0.5,-0.008736708026845008,0.65625,0.4431864321231842,0.0,0.9019444733858109,1.0,197120.0,0.0001,385.0,0.2,43.1211606785655,256.0,0.04638671875,0.732421875,-0.2704104094300419,738.0,45.0,0.80859375,11.247706413269043,0.4624865651130676,-72.8773485528119
256.0,0.404296875,0.008715980686247349,1215.0,3088.0,0.5,-0.012643960199056892,0.65625,0.47519418597221375,0.0,0.889004148542881,1.0,197632.0,0.0001,386.0,0.2,34.52630107104778,256.0,0.057373046875,0.751953125,-0.38480167044326663,753.0,45.0,0.84765625,11.504998207092285,0.4501134753227234,-72.65386706700548
256.0,0.443359375,0.006444831378757954,1406.0,3096.0,0.5,-0.010575732747383881,0.68359375,0.4770067632198334,0.0,0.9203008711338043,1.0,198144.0,0.0001,387.0,0.2,37.596074528992176,256.0,0.054443359375,0.740234375,-0.31376840895973146,781.0,45.0,0.796875,15.280043601989746,0.4885334372520447,-72.91077548326925
256.0,0.40234375,0.007838226854801178,1580.0,3104.0,0.5,-0.009650070027419133,0.66796875,0.45392388105392456,0.0,0.8566418439149857,1.0,198656.0,0.0001,388.0,0.2,81.14921659231186,256.0,0.030029296875,0.765625,-0.2538265422335826,803.5,45.0,0.86328125,14.56993579864502,0.4626069664955139,-72.0622805486992
256.0,0.44140625,0.004779835231602192,1398.0,3112.0,0.5,-0.007663334143217071,0.70703125,0.44315090775489807,0.0,0.8987374231219292,1.0,199168.0,0.0001,389.0,0.2,48.84077562391758,256.0,0.037841796875,0.765625,-0.2909847424598411,789.5,45.0,0.82421875,23.872886657714844,0.41424334049224854,-71.0589804183133
256.0,0.48046875,0.007652884349226952,1435.0,3120.0,0.5,-0.012428781148628332,0.7109375,0.4634825587272644,0.0,0.8930853009223938,1.0,199680.0,0.0001,390.0,0.2,51.70748960226774,256.0,0.0634765625,0.73046875,-0.332116576959379,784.5,45.0,0.75,22.123443603515625,0.4502989649772644,-70.13191614737734
256.0,0.482421875,0.005275620613247156,1203.0,3128.0,0.5,-0.010516418871702626,0.6953125,0.440420001745224,0.0,0.8847614154219627,1.0,200192.0,0.0001,391.0,0.2,60.84483867883682,256.0,0.057373046875,0.712890625,-0.3192336626816541,786.0,45.0,0.73046875,12.4201021194458,0.4367341995239258,-69.97404806980863
256.0,0.427734375,0.005280007608234882,1507.0,3136.0,0.5,-0.007908288462203927,0.65625,0.4506363272666931,0.0,0.8797484710812569,1.0,200704.0,0.0001,392.0,0.2,53.56889197230339,256.0,0.04638671875,0.728515625,-0.3469670476624742,792.0,45.0,0.80078125,15.058409690856934,0.47823503613471985,-69.21738537704572
256.0,0.4453125,0.00645105354487896,1488.0,3144.0,0.5,-0.012325314870395232,0.6796875,0.4770694971084595,0.0,0.9097504615783691,1.0,201216.0,0.0001,393.0,0.2,35.00998878479004,256.0,0.061279296875,0.734375,-0.35966964112594724,798.0,45.0,0.7890625,17.93109893798828,0.45913904905319214,-68.87767492866143
256.0,0.48046875,0.00831652246415615,1471.0,3152.0,0.5,-0.012393319710099604,0.69921875,0.4514800012111664,0.0,0.883205957710743,1.0,201728.0,0.0001,394.0,0.2,48.458958730101585,256.0,0.0556640625,0.71875,-0.3398832301609218,750.0,45.0,0.73828125,14.985276222229004,0.44426169991493225,-67.21797139259056
256.0,0.4296875,0.006426191423088312,1477.0,3160.0,0.5,-0.010883884959184797,0.69921875,0.4325251281261444,0.0,0.8423774391412735,1.0,202240.0,0.0001,395.0,0.2,68.09381712973118,256.0,0.05126953125,0.76953125,-0.3300837173592299,738.0,45.0,0.83984375,75.7307357788086,0.4279572069644928,-66.50855536337941
256.0,0.3984375,0.014160213991999626,1408.0,3168.0,0.5,-0.013524901041819248,0.64453125,0.4588313102722168,0.0,0.9022602513432503,1.0,202752.0,0.0001,396.0,0.2,28.119891598820686,256.0,0.077392578125,0.74609375,-0.384390473831445,715.0,45.0,0.84765625,9.405064582824707,0.4278538227081299,-67.21403382509946
256.0,0.38671875,0.0063236793503165245,1481.0,3176.0,0.5,-0.00785474536678521,0.65234375,0.45521679520606995,0.0,0.9242719858884811,1.0,203264.0,0.0001,397.0,0.2,33.52306106686592,256.0,0.0595703125,0.765625,-0.3675515940412879,720.5,45.0,0.87890625,7.636270999908447,0.43251925706863403,-67.73260810134933
256.0,0.37109375,0.00443910900503397,1405.0,3184.0,0.5,-0.009332196015748195,0.6328125,0.45292145013809204,0.0,0.8537928014993668,1.0,203776.0,0.0001,398.0,0.2,43.348354294896126,256.0,0.049560546875,0.76171875,-0.3664180290652439,694.5,45.0,0.890625,10.856582641601562,0.42971256375312805,-66.7893262275681
256.0,0.3671875,0.010814432986080647,1462.0,3192.0,0.5,-0.015469213059986942,0.5703125,0.4537290334701538,0.0,0.8951223343610764,1.0,204288.0,0.0001,399.0,0.2,33.594594806432724,256.0,0.091552734375,0.703125,-0.3357698160689324,675.5,45.0,0.8359375,12.3914794921875,0.4912310838699341,-68.78550878586248
256.0,0.36328125,0.004301975015550852,1581.0,3200.0,0.5,-0.009156958731182385,0.5703125,0.4323369860649109,0.0,0.8721624165773392,1.0,204800.0,0.0001,400.0,0.2,68.75687727332115,256.0,0.026611328125,0.70703125,-0.33260810538195074,668.0,45.0,0.84375,25.630245208740234,0.4839951992034912,-69.74779226958752
256.0,0.359375,0.005294858478009701,1463.0,3208.0,0.5,-0.008492944281897508,0.578125,0.45486557483673096,0.0,0.8650251626968384,1.0,205312.0,0.0001,401.0,0.2,64.80006767809391,256.0,0.0400390625,0.71875,-0.31778840825427324,660.0,45.0,0.859375,22.33362579345703,0.45060908794403076,-71.39244393393398
256.0,0.357421875,0.008032090961933136,1205.0,3216.0,0.5,-0.012123837037506746,0.60546875,0.42526617646217346,0.0,0.8753914311528206,1.0,205824.0,0.0001,402.0,0.2,63.91860955953598,256.0,0.062744140625,0.748046875,-0.31625690194778144,655.5,45.0,0.890625,32.82372283935547,0.4288790822029114,-73.01654162965715
256.0,0.392578125,0.005911055952310562,1489.0,3224.0,0.5,-0.009636379494622815,0.62890625,0.4308643639087677,0.0,0.8751374259591103,1.0,206336.0,0.0001,403.0,0.2,41.647697389125824,256.0,0.052001953125,0.736328125,-0.34193667210638523,666.5,45.0,0.84375,10.97397518157959,0.4445528984069824,-75.91706637591123
256.0,0.3046875,0.006452569272369146,1546.0,3232.0,0.5,-0.007564598068711348,0.57421875,0.4272855818271637,0.0,0.7604438364505768,1.0,206848.0,0.0001,404.0,0.2,63.6132809817791,256.0,0.052978515625,0.76953125,-0.3410053219413385,656.5,45.0,0.96484375,28.46599006652832,0.41189607977867126,-77.23679985335097
256.0,0.3984375,0.005876937415450811,1474.0,3240.0,0.5,-0.012483000366046326,0.69140625,0.439862996339798,0.0,0.7680565267801285,1.0,207360.0,0.0001,405.0,0.2,63.152577608823776,256.0,0.03955078125,0.79296875,-0.3182095807278529,655.5,45.0,0.89453125,19.109697341918945,0.4036569595336914,-78.95280875887721
256.0,0.365234375,0.005011452361941338,1499.0,3248.0,0.5,-0.010047371746622957,0.60546875,0.45720651745796204,0.0,0.899328351020813,1.0,207872.0,0.0001,406.0,0.2,45.09963135421276,256.0,0.0400390625,0.740234375,-0.30883129010908306,670.0,45.0,0.875,23.05144500732422,0.48931416869163513,-79.83708408009261
256.0,0.4453125,0.006011939141899347,1231.0,3256.0,0.5,-0.013767681979516055,0.703125,0.43741682171821594,0.0,0.7685249149799347,1.0,208384.0,0.0001,407.0,0.2,100.72617715597153,256.0,0.052001953125,0.7578125,-0.29388359608128667,681.5,45.0,0.8125,30.49789047241211,0.42202335596084595,-79.59589438613504
256.0,0.447265625,0.004625424742698669,1571.0,3264.0,0.5,-0.007954248940222897,0.703125,0.4379618763923645,0.0,0.8635319918394089,1.0,208896.0,0.0001,408.0,0.2,74.23413687944412,256.0,0.03955078125,0.755859375,-0.2644840092980303,685.0,45.0,0.80859375,37.94676971435547,0.4167401194572449,-78.3655493191257
256.0,0.46484375,0.01193590834736824,1442.0,3272.0,0.5,-0.016371637051634025,0.70703125,0.4725412428379059,0.0,0.8827294036746025,1.0,209408.0,0.0001,409.0,0.2,41.15858745574951,256.0,0.092041015625,0.7421875,-0.35783488012384623,710.0,45.0,0.77734375,16.245622634887695,0.47034621238708496,-78.84989026114344
256.0,0.4453125,0.005499532911926508,1535.0,3280.0,0.5,-0.008762810532061849,0.65625,0.47095465660095215,0.0,0.9139860346913338,1.0,209920.0,0.0001,410.0,0.2,49.06288290023804,256.0,0.071533203125,0.7109375,-0.31650981854181737,719.0,45.0,0.765625,28.466516494750977,0.4527556300163269,-76.97939201667904
256.0,0.505859375,0.0047098263166844845,1508.0,3288.0,0.5,-0.0073354218766326085,0.765625,0.45195040106773376,0.0,0.8578175008296967,1.0,210432.0,0.0001,411.0,0.2,72.91541738808155,256.0,0.0390625,0.759765625,-0.32499894429929554,719.5,45.0,0.75390625,10.444607734680176,0.43098872900009155,-74.93664527641609
256.0,0.490234375,0.005303777754306793,1479.0,3296.0,0.5,-0.010192299276241101,0.7265625,0.45257115364074707,0.0,0.855444997549057,1.0,210944.0,0.0001,412.0,0.2,52.78266051411629,256.0,0.05224609375,0.736328125,-0.2993240166688338,734.0,45.0,0.74609375,16.90580940246582,0.4575332999229431,-72.94808855274692
256.0,0.43359375,0.004128692671656609,1273.0,3304.0,0.5,-0.011686126741551561,0.73828125,0.406291127204895,0.0,0.7720320671796799,1.0,211456.0,0.0001,413.0,0.2,127.59994150698185,256.0,0.04736328125,0.8046875,-0.26720309793017805,709.5,45.0,0.87109375,36.637290954589844,0.38381654024124146,-70.66270286543295
256.0,0.396484375,0.007668693084269762,1420.0,3312.0,0.5,-0.010654855992470402,0.66796875,0.4562007486820221,0.0,0.8901564627885818,1.0,211968.0,0.0001,414.0,0.2,42.18375347554684,256.0,0.077880859375,0.771484375,-0.31173200625926256,716.0,45.0,0.875,12.960336685180664,0.4181750416755676,-71.0034241376631
256.0,0.40234375,0.007182169705629349,1431.0,3320.0,0.5,-0.00839261787768919,0.6796875,0.4463110864162445,0.0,0.8962763398885727,1.0,212480.0,0.0001,415.0,0.2,35.01104538887739,256.0,0.04638671875,0.77734375,-0.3248357806587592,704.0,45.0,0.875,9.380788803100586,0.4190518856048584,-70.35305233145132
256.0,0.412109375,0.010279560461640358,1416.0,3328.0,0.5,-0.010955643429042539,0.671875,0.44116562604904175,0.0,0.865083634853363,1.0,212992.0,0.0001,416.0,0.2,81.71678140759468,256.0,0.0439453125,0.759765625,-0.30691103206481785,734.5,45.0,0.84765625,43.92652130126953,0.4523540139198303,-70.85110485773534
256.0,0.4296875,0.002659629099071026,1518.0,3336.0,0.5,-0.005675079981301678,0.6640625,0.44981300830841064,0.0,0.9024757742881775,1.0,213504.0,0.0001,417.0,0.2,60.421206906437874,256.0,0.019775390625,0.734375,-0.2864432384958491,744.5,45.0,0.8046875,28.177156448364258,0.4539130926132202,-69.58233709936961
256.0,0.408203125,0.006514683365821838,1211.0,3344.0,0.5,-0.01122069595294306,0.625,0.44161105155944824,0.0,0.8943541273474693,1.0,214016.0,0.0001,418.0,0.2,44.28195318579674,256.0,0.048583984375,0.716796875,-0.34226309787482023,743.5,45.0,0.80859375,9.5473051071167,0.47160664200782776,-70.04239957427606
256.0,0.380859375,0.004508491605520248,1530.0,3352.0,0.5,-0.009034210605022963,0.625,0.43371784687042236,0.0,0.9026979580521584,1.0,214528.0,0.0001,419.0,0.2,48.4273069947958,256.0,0.053466796875,0.744140625,-0.2979216390522197,719.0,45.0,0.86328125,12.841585159301758,0.4263420104980469,-71.48649353571236
256.0,0.431640625,0.006239570211619139,1491.0,3360.0,0.5,-0.010194448004767764,0.66015625,0.43054336309432983,0.0,0.8561916500329971,1.0,215040.0,0.0001,420.0,0.2,64.6165746152401,256.0,0.046630859375,0.728515625,-0.30257873667869717,733.0,45.0,0.796875,22.941478729248047,0.4605470895767212,-73.54632121404633
256.0,0.427734375,0.005591197870671749,1442.0,3368.0,0.5,-0.008999480814964045,0.6953125,0.43612009286880493,0.0,0.8558620363473892,1.0,215552.0,0.0001,421.0,0.2,51.44421595335007,256.0,0.04638671875,0.767578125,-0.35162547195795923,738.5,45.0,0.83984375,18.97938346862793,0.41691386699676514,-74.01289327289909
256.0,0.419921875,0.008958067744970322,1452.0,3376.0,0.5,-0.010659127634426113,0.68359375,0.4318799078464508,0.0,0.838238388299942,1.0,216064.0,0.0001,422.0,0.2,59.12343795597553,256.0,0.068603515625,0.763671875,-0.3482314988505095,769.0,45.0,0.84375,20.940044403076172,0.4351927638053894,-74.77847855297848
256.0,0.37890625,0.009200163185596466,1245.0,3384.0,0.5,-0.011177988235431258,0.6484375,0.4542160928249359,0.0,0.8484578877687454,1.0,216576.0,0.0001,423.0,0.2,67.52766999602318,256.0,0.065673828125,0.76953125,-0.30794807232450694,744.5,45.0,0.890625,21.28422737121582,0.43886855244636536,-73.43809299917892
256.0,0.427734375,0.005418834276497364,1507.0,3392.0,0.5,-0.015281464082363527,0.6875,0.439462810754776,0.0,0.8209004402160645,1.0,217088.0,0.0001,424.0,0.2,86.97046966850758,256.0,0.058349609375,0.759765625,-0.31935040233656764,753.5,45.0,0.83203125,25.081506729125977,0.4464470148086548,-74.73504345387221
256.0,0.41796875,0.009603296406567097,1453.0,3400.0,0.5,-0.011861179693369195,0.68359375,0.44142597913742065,0.0,0.8444431573152542,1.0,217600.0,0.0001,425.0,0.2,74.5792839974165,256.0,0.068359375,0.765625,-0.2916855216026306,754.5,45.0,0.84765625,16.421857833862305,0.4441087543964386,-75.50226509889588
256.0,0.45703125,0.005446924827992916,1334.0,3408.0,0.5,-0.00846082751013455,0.69921875,0.44837838411331177,0.0,0.8999567180871964,1.0,218112.0,0.0001,426.0,0.2,57.2982382401824,256.0,0.043212890625,0.7421875,-0.2533135144622065,731.5,45.0,0.78515625,18.302310943603516,0.45595085620880127,-75.35467741373927
256.0,0.48046875,0.006298462860286236,1505.0,3416.0,0.5,-0.007441866997396573,0.7265625,0.4348384141921997,0.0,0.8620379269123077,1.0,218624.0,0.0001,427.0,0.2,73.28333553671837,256.0,0.053955078125,0.74609375,-0.2688310901867226,731.5,45.0,0.765625,29.236976623535156,0.44197914004325867,-75.02166486145929
256.0,0.5078125,0.005173392593860626,1226.0,3424.0,0.5,-0.00927532508285367,0.7734375,0.4176505208015442,0.0,0.8490750938653946,1.0,219136.0,0.0001,428.0,0.2,95.88745033740997,256.0,0.031982421875,0.765625,-0.21218973502982408,738.5,45.0,0.7578125,56.47274398803711,0.41606178879737854,-73.41834964403883
256.0,0.44921875,0.0051414621993899345,1804.0,3432.0,0.5,-0.01009737784988829,0.69921875,0.37314772605895996,0.0,0.7870959937572479,1.0,219648.0,0.0001,429.0,0.2,162.38509975373745,256.0,0.031982421875,0.75,-0.20932934788288549,693.5,45.0,0.80078125,39.74482727050781,0.3887025713920593,-72.4351863299124
256.0,0.4765625,0.007525830529630184,1465.0,3440.0,0.5,-0.010091001946420874,0.734375,0.428817480802536,0.0,0.7566363662481308,1.0,220160.0,0.0001,430.0,0.2,85.0565247386694,256.0,0.047607421875,0.7578125,-0.29697603778913617,670.0,45.0,0.78125,36.464542388916016,0.4334452748298645,-75.34303630735725
256.0,0.462890625,0.006727979518473148,1415.0,3448.0,0.5,-0.0064750314559205435,0.7109375,0.4737814664840698,0.0,0.865671381354332,1.0,220672.0,0.0001,431.0,0.2,54.008204847574234,256.0,0.04345703125,0.748046875,-0.28360988199710846,656.0,45.0,0.78515625,17.782928466796875,0.4672660827636719,-74.99802961152047
256.0,0.470703125,0.013245267793536186,1366.0,3456.0,0.5,-0.011462950285931583,0.78515625,0.4516701102256775,0.0,0.9192627370357513,1.0,221184.0,0.0001,432.0,0.2,39.30527927726507,256.0,0.072265625,0.814453125,-0.28240743663627654,663.0,45.0,0.84375,13.352289199829102,0.4103003442287445,-74.15448625436052
256.0,0.447265625,0.004627011716365814,1476.0,3464.0,0.5,-0.008598325453931466,0.6953125,0.43285298347473145,0.0,0.8553130775690079,1.0,221696.0,0.0001,433.0,0.2,56.50958378612995,256.0,0.040771484375,0.748046875,-0.2985796349821612,658.5,45.0,0.80078125,22.059696197509766,0.4066583514213562,-73.15124632773922
256.0,0.431640625,0.005966052412986755,1187.0,3472.0,0.5,-0.013989201201184187,0.6953125,0.42350396513938904,0.0,0.804129958152771,1.0,222208.0,0.0001,434.0,0.2,87.81555166840553,256.0,0.06396484375,0.763671875,-0.2774062968092039,648.0,45.0,0.83203125,19.096073150634766,0.4093325138092041,-72.36806447263807
256.0,0.44921875,0.004675977863371372,1574.0,3480.0,0.5,-0.009311543151852675,0.69921875,0.41222649812698364,0.0,0.8561847358942032,1.0,222720.0,0.0001,435.0,0.2,128.55323094129562,256.0,0.035888671875,0.75,-0.22237794293323532,598.5,45.0,0.80078125,39.911529541015625,0.4252762496471405,-72.0267936739698
256.0,0.388671875,0.003398492466658354,1540.0,3488.0,0.5,-0.009119431735598482,0.58984375,0.45156562328338623,0.0,0.8575538694858551,1.0,223232.0,0.0001,436.0,0.2,89.05237859487534,256.0,0.029541015625,0.701171875,-0.24707241397118196,586.0,45.0,0.8125,32.354557037353516,0.4851146936416626,-73.96088015737013
256.0,0.46484375,0.004499937407672405,1551.0,3496.0,0.5,-0.0075613156441249885,0.734375,0.4257417619228363,0.0,0.8014999032020569,1.0,223744.0,0.0001,437.0,0.2,131.8212565779686,256.0,0.0341796875,0.76953125,-0.23769190849270672,594.5,45.0,0.8046875,66.4157943725586,0.40468549728393555,-74.66671411778778
256.0,0.46484375,0.00291292741894722,1517.0,3504.0,0.5,-0.0047890308596834075,0.65234375,0.43359947204589844,0.0,0.8117330819368362,1.0,224256.0,0.0001,438.0,0.2,110.32266873121262,256.0,0.031005859375,0.6875,-0.2668688832782209,611.0,45.0,0.72265625,29.57086944580078,0.48075997829437256,-75.26664467472582
256.0,0.490234375,0.0033354749903082848,1275.0,3512.0,0.5,-0.009076999747776426,0.7890625,0.42285066843032837,0.0,0.7811463922262192,1.0,224768.0,0.0001,439.0,0.2,174.62594601511955,256.0,0.024169921875,0.798828125,-0.2464257442043163,611.0,45.0,0.80859375,207.3557586669922,0.390247642993927,-73.43840923985466
256.0,0.470703125,0.008903708308935165,1399.0,3520.0,0.5,-0.008541664952645078,0.69921875,0.45759570598602295,0.0,0.8306047916412354,1.0,225280.0,0.0001,440.0,0.2,49.43250845372677,256.0,0.05712890625,0.728515625,-0.25153442984446883,646.5,45.0,0.7578125,21.975725173950195,0.4976615309715271,-74.73305814383552
256.0,0.517578125,0.005118795204907656,1523.0,3528.0,0.5,-0.005871730201761238,0.80859375,0.4469761252403259,0.0,0.8779110610485077,1.0,225792.0,0.0001,441.0,0.2,98.36269710958004,256.0,0.0361328125,0.791015625,-0.24001433758530766,653.5,45.0,0.7734375,47.377010345458984,0.42419731616973877,-74.55082519011572
256.0,0.453125,0.006697371602058411,1396.0,3536.0,0.5,-0.009304371444159187,0.74609375,0.44009244441986084,0.0,0.8885293230414391,1.0,226304.0,0.0001,442.0,0.2,52.06521259248257,256.0,0.071044921875,0.79296875,-0.25700763205531985,653.0,45.0,0.83984375,14.625578880310059,0.4006710350513458,-74.94667580191046
256.0,0.5234375,0.003563821315765381,1483.0,3544.0,0.5,-0.009096611822315026,0.75,0.44314688444137573,0.0,0.8184236288070679,1.0,226816.0,0.0001,443.0,0.2,133.56922164559364,256.0,0.044677734375,0.7265625,-0.24361744849011302,649.0,45.0,0.703125,26.582744598388672,0.44213008880615234,-74.51989109113812
256.0,0.560546875,0.0030723672825843096,1534.0,3552.0,0.5,-0.0060085965669713914,0.79296875,0.44286468625068665,0.0,0.8520928472280502,1.0,227328.0,0.0001,444.0,0.2,115.52813628315926,256.0,0.029296875,0.732421875,-0.2170663169817999,674.5,45.0,0.671875,69.17346954345703,0.4663936495780945,-74.79581206645817
256.0,0.4921875,0.0019182178657501936,1232.0,3560.0,0.5,-0.004973104048985988,0.7734375,0.4377630054950714,0.0,0.823188453912735,1.0,227840.0,0.0001,445.0,0.2,151.09453254938126,256.0,0.016357421875,0.78125,-0.2069657128304243,680.0,45.0,0.7890625,43.653465270996094,0.4288058876991272,-73.47219060141593
256.0,0.5078125,0.002585778245702386,1588.0,3568.0,0.5,-0.006682761864794884,0.78125,0.4105055034160614,0.0,0.8668487668037415,1.0,228352.0,0.0001,446.0,0.2,159.13287526369095,256.0,0.021240234375,0.7734375,-0.19817810074891895,674.0,45.0,0.765625,39.63796615600586,0.41333895921707153,-73.4558040475659
256.0,0.4921875,0.002323469612747431,1581.0,3576.0,0.5,-0.004823923980438849,0.734375,0.41517189145088196,0.0,0.8606953620910645,1.0,228864.0,0.0001,447.0,0.2,130.19205555319786,256.0,0.026611328125,0.7421875,-0.21087241813074797,685.0,45.0,0.75,106.34244537353516,0.4480036497116089,-73.71193809434772
256.0,0.458984375,0.0061986809596419334,1422.0,3584.0,0.5,-0.007162586160120554,0.72265625,0.4440551698207855,0.0,0.7487472593784332,1.0,229376.0,0.0001,448.0,0.2,84.41208472847939,256.0,0.04931640625,0.763671875,-0.2470864049391821,690.5,45.0,0.8046875,30.904043197631836,0.4203128218650818,-74.12402821550145
256.0,0.400390625,0.004806498996913433,1412.0,3592.0,0.5,-0.008758140837016981,0.65625,0.43954575061798096,0.0,0.866567075252533,1.0,229888.0,0.0001,449.0,0.2,44.98796436190605,256.0,0.055419921875,0.755859375,-0.23192832682980224,682.5,45.0,0.85546875,13.345465660095215,0.4259091019630432,-71.60206594048068
256.0,0.41796875,0.007207395974546671,1204.0,3600.0,0.5,-0.008301982219563797,0.6875,0.44973286986351013,0.0,0.8949075639247894,1.0,230400.0,0.0001,450.0,0.2,43.75611461699009,256.0,0.05029296875,0.76953125,-0.2620166022097692,680.0,45.0,0.8515625,9.511451721191406,0.43458953499794006,-72.6447015605308
256.0,0.39453125,0.00279203150421381,1436.0,3608.0,0.5,-0.006811646173446206,0.66015625,0.4374191164970398,0.0,0.8334921449422836,1.0,230912.0,0.0001,451.0,0.2,92.94168205559254,256.0,0.026123046875,0.765625,-0.22104135528206825,674.5,45.0,0.87109375,33.90853500366211,0.44548600912094116,-72.99041272202507
256.0,0.435546875,0.013961800374090672,1430.0,3616.0,0.5,-0.011090047031757422,0.66015625,0.434976726770401,0.0,0.8972048684954643,1.0,231424.0,0.0001,452.0,0.2,44.009957529604435,256.0,0.061279296875,0.724609375,-0.23489084490574896,677.0,45.0,0.7890625,14.354964256286621,0.4488569498062134,-73.59919406464323
256.0,0.462890625,0.009499638341367245,1450.0,3624.0,0.5,-0.01776977864210494,0.69921875,0.4357920289039612,0.0,0.9195962101221085,1.0,231936.0,0.0001,453.0,0.2,36.607917815446854,256.0,0.08447265625,0.736328125,-0.2802915709326044,695.0,45.0,0.7734375,8.709500312805176,0.4507179856300354,-73.52565303040669
256.0,0.462890625,0.002751283347606659,1581.0,3632.0,0.5,-0.006311861790891271,0.7109375,0.4321797490119934,0.0,0.88578812032938,1.0,232448.0,0.0001,454.0,0.2,100.78255432844162,256.0,0.029052734375,0.748046875,-0.17293794377474114,709.0,45.0,0.78515625,22.145706176757812,0.4337766766548157,-73.38104161484166
256.0,0.44921875,0.004128362983465195,1545.0,3640.0,0.5,-0.0077544076993945055,0.68359375,0.4004356265068054,0.0,0.8824179470539093,1.0,232960.0,0.0001,455.0,0.2,101.32901895046234,256.0,0.03369140625,0.734375,-0.16546429417212494,724.5,45.0,0.78515625,46.50091552734375,0.44341224431991577,-72.70091279385612
256.0,0.5078125,0.0035405983217060566,1216.0,3648.0,0.5,-0.00593495989596704,0.7734375,0.42651695013046265,0.0,0.8265700042247772,1.0,233472.0,0.0001,456.0,0.2,94.08993814885616,256.0,0.025390625,0.765625,-0.20447816897649318,727.5,45.0,0.7578125,18.351715087890625,0.4178292155265808,-72.64052707100286
256.0,0.458984375,0.005410572048276663,1499.0,3656.0,0.5,-0.013056748102826532,0.7109375,0.43531858921051025,0.0,0.8220206499099731,1.0,233984.0,0.0001,457.0,0.2,75.0605239868164,256.0,0.039794921875,0.751953125,-0.23902013979386538,704.5,45.0,0.79296875,8.018847465515137,0.4483661353588104,-71.98922855634243
256.0,0.46484375,0.005036034621298313,1402.0,3664.0,0.5,-0.01063823233198491,0.71875,0.4584997892379761,0.0,0.9010752066969872,1.0,234496.0,0.0001,458.0,0.2,45.53649818897247,256.0,0.041259765625,0.75390625,-0.2188890908146277,710.0,45.0,0.7890625,11.07311725616455,0.44941216707229614,-73.0998179394938
256.0,0.427734375,0.0050083426758646965,1437.0,3672.0,0.5,-0.007337424915021984,0.6875,0.44667571783065796,0.0,0.9366060793399811,1.0,235008.0,0.0001,459.0,0.2,25.279544070363045,256.0,0.0419921875,0.759765625,-0.17301387106999755,707.5,45.0,0.83203125,6.2515153884887695,0.4467109441757202,-72.08525108261034
256.0,0.46875,0.0047443937510252,1421.0,3680.0,0.5,-0.010089534371218178,0.6875,0.44790229201316833,0.0,0.8911826908588409,1.0,235520.0,0.0001,460.0,0.2,63.76979811489582,256.0,0.0361328125,0.71875,-0.2458191839978099,713.0,45.0,0.75,25.320966720581055,0.485324501991272,-71.29458872260525
256.0,0.490234375,0.004291355609893799,1223.0,3688.0,0.5,-0.010437964352604467,0.6953125,0.43712693452835083,0.0,0.9095246493816376,1.0,236032.0,0.0001,461.0,0.2,73.61024212837219,256.0,0.03466796875,0.705078125,-0.19717050500912592,701.5,45.0,0.71484375,31.35038185119629,0.47282737493515015,-70.82013262351975
256.0,0.46875,0.008009463548660278,1490.0,3696.0,0.5,-0.009734629820741247,0.6875,0.44852373003959656,0.0,0.8502439260482788,1.0,236544.0,0.0001,462.0,0.2,64.48380544036627,256.0,0.0458984375,0.71875,-0.22488660080125555,687.0,45.0,0.75,33.69258499145508,0.4638463258743286,-71.3989154479839
256.0,0.439453125,0.0019244803115725517,1482.0,3704.0,0.5,-0.004697337550169323,0.671875,0.4470802843570709,0.0,0.8920759633183479,1.0,237056.0,0.0001,463.0,0.2,57.483983248472214,256.0,0.021240234375,0.732421875,-0.18454775848658755,663.5,45.0,0.79296875,16.48404884338379,0.4421498775482178,-71.90233696108685
256.0,0.4921875,0.0031581956427544355,1560.0,3712.0,0.5,-0.005910018862778088,0.7578125,0.3876720666885376,0.0,0.835462674498558,1.0,237568.0,0.0001,464.0,0.2,124.93360245227814,256.0,0.02392578125,0.765625,-0.16453583154361695,620.0,45.0,0.7734375,146.9353485107422,0.3844972848892212,-71.7222048324719
256.0,0.44140625,0.00846079085022211,1433.0,3720.0,0.5,-0.00997910971636884,0.6953125,0.41416841745376587,0.0,0.9246115982532501,1.0,238080.0,0.0001,465.0,0.2,24.859914995729923,256.0,0.04833984375,0.75390625,-0.23297052271664143,627.0,45.0,0.8125,7.297021865844727,0.4209057092666626,-72.34959612732753
256.0,0.447265625,0.0033117663115262985,1523.0,3728.0,0.5,-0.0051792262675007805,0.73046875,0.4343222975730896,0.0,0.8252598345279694,1.0,238592.0,0.0001,466.0,0.2,157.05973781645298,256.0,0.028564453125,0.783203125,-0.18626569403568283,627.5,45.0,0.8359375,89.89847564697266,0.41691142320632935,-72.00735094534234
256.0,0.423828125,0.008750634267926216,1180.0,3736.0,0.5,-0.012855118693551049,0.69921875,0.4566185474395752,0.0,0.8435512781143188,1.0,239104.0,0.0001,467.0,0.2,46.25524213910103,256.0,0.045654296875,0.775390625,-0.23871691606473178,625.5,45.0,0.8515625,15.769388198852539,0.43571048974990845,-72.6915975077264
256.0,0.421875,0.00803970918059349,1450.0,3744.0,0.5,-0.007031484383333009,0.67578125,0.44058170914649963,0.0,0.87709591537714,1.0,239616.0,0.0001,468.0,0.2,65.05189069360495,256.0,0.031982421875,0.75390625,-0.21950918715447187,617.5,45.0,0.83203125,18.24340057373047,0.44381192326545715,-72.50523368772119
256.0,0.40234375,0.003912429325282574,1475.0,3752.0,0.5,-0.005951712006208254,0.66796875,0.4299919605255127,0.0,0.8614522814750671,1.0,240128.0,0.0001,469.0,0.2,100.06471817195415,256.0,0.023193359375,0.765625,-0.2209952284465544,623.5,45.0,0.86328125,59.844871520996094,0.4284999370574951,-73.1641278625466
256.0,0.451171875,0.004513229709118605,1536.0,3760.0,0.5,-0.008891515164577868,0.71484375,0.43186843395233154,0.0,0.858795240521431,1.0,240640.0,0.0001,470.0,0.2,120.46805615723133,256.0,0.039306640625,0.763671875,-0.20594162994530052,616.0,45.0,0.8125,61.21748352050781,0.41599124670028687,-73.7229683616385
256.0,0.4375,0.003196381963789463,1467.0,3768.0,0.5,-0.006594629907340277,0.6640625,0.436149924993515,0.0,0.840199276804924,1.0,241152.0,0.0001,471.0,0.2,95.17184428870678,256.0,0.03759765625,0.7265625,-0.23847371491137892,619.5,45.0,0.7890625,76.72248077392578,0.44000643491744995,-73.91681478051468
256.0,0.5078125,0.010216200724244118,1222.0,3776.0,0.5,-0.00832519863251946,0.78125,0.42846161127090454,0.0,0.92795030772686,1.0,241664.0,0.0001,472.0,0.2,47.862830713391304,256.0,0.051025390625,0.7734375,-0.21756245812866837,640.0,45.0,0.765625,12.442639350891113,0.39290332794189453,-73.23901194537058
256.0,0.43359375,0.006836455315351486,1492.0,3784.0,0.5,-0.00740676031273324,0.6484375,0.4139312505722046,0.0,0.8460534363985062,1.0,242176.0,0.0001,473.0,0.2,117.68829813599586,256.0,0.043701171875,0.71484375,-0.18615576828597113,646.0,45.0,0.78125,55.96360397338867,0.43621107935905457,-72.95369333704933
256.0,0.451171875,0.0046027363277971745,1576.0,3792.0,0.5,-0.010342424095142633,0.734375,0.397623747587204,0.0,0.7944349944591522,1.0,242688.0,0.0001,474.0,0.2,188.6293641924858,256.0,0.046630859375,0.783203125,-0.19491813331842422,635.0,45.0,0.83203125,94.8504409790039,0.37634772062301636,-72.57853547561913
256.0,0.47265625,0.005603599362075329,1511.0,3800.0,0.5,-0.007453115369571606,0.71484375,0.4236753582954407,0.0,0.7521790564060211,1.0,243200.0,0.0001,475.0,0.2,148.2984925210476,256.0,0.030029296875,0.7421875,-0.18288072472205386,603.5,45.0,0.76953125,118.33053588867188,0.4477537274360657,-73.21314454887062
256.0,0.478515625,0.016602542251348495,1479.0,3808.0,0.5,-0.005196874561079312,0.73046875,0.4364238381385803,0.0,0.8822184801101685,1.0,243712.0,0.0001,476.0,0.2,48.93782512843609,256.0,0.0673828125,0.751953125,-0.27253212046343833,605.0,45.0,0.7734375,11.863031387329102,0.4439696669578552,-75.06512335531414
256.0,0.4453125,0.006235059350728989,1222.0,3816.0,0.5,-0.008481102988298517,0.71484375,0.4131443500518799,0.0,0.8611529469490051,1.0,244224.0,0.0001,477.0,0.2,101.94594956934452,256.0,0.05029296875,0.76953125,-0.25531723676249385,590.0,45.0,0.82421875,19.591154098510742,0.39935579895973206,-75.30345399983227
256.0,0.466796875,0.0029801325872540474,1464.0,3824.0,0.5,-0.005077353838714771,0.71484375,0.4551609754562378,0.0,0.8522143065929413,1.0,244736.0,0.0001,478.0,0.2,111.51595571637154,256.0,0.015380859375,0.748046875,-0.22057311999378726,575.0,45.0,0.78125,40.544918060302734,0.4448590874671936,-75.57618176776916
256.0,0.443359375,0.002701428486034274,1542.0,3832.0,0.5,-0.007347201055381447,0.6953125,0.4266646206378937,0.0,0.8462992459535599,1.0,245248.0,0.0001,479.0,0.2,142.46446147561073,256.0,0.025634765625,0.751953125,-0.22298070939723402,558.0,45.0,0.80859375,30.385169982910156,0.40769892930984497,-75.03222223235294
256.0,0.455078125,0.003952735103666782,1455.0,3840.0,0.5,-0.008108843176160008,0.7109375,0.4640927314758301,0.0,0.882211722433567,1.0,245760.0,0.0001,480.0,0.2,54.10968542098999,256.0,0.0419921875,0.755859375,-0.24613047757884488,558.0,45.0,0.80078125,27.98235511779785,0.4415522813796997,-74.73299253672361
256.0,0.453125,0.003989000804722309,1538.0,3848.0,0.5,-0.008411169874307234,0.6875,0.4221985638141632,0.0,0.8694206923246384,1.0,246272.0,0.0001,481.0,0.2,120.55832098424435,256.0,0.031005859375,0.734375,-0.18798887461889535,523.5,45.0,0.78125,18.23834800720215,0.40741246938705444,-73.89203432098031
256.0,0.490234375,0.002688317559659481,1229.0,3856.0,0.5,-0.00568031061993679,0.75,0.41592937707901,0.0,0.819867417216301,1.0,246784.0,0.0001,482.0,0.2,133.1550597846508,256.0,0.026611328125,0.759765625,-0.20849315024679527,520.0,45.0,0.76953125,27.11538314819336,0.4062690734863281,-75.48474669599905
256.0,0.416015625,0.008530344814062119,1445.0,3864.0,0.5,-0.008736157560633728,0.7109375,0.44651928544044495,0.0,0.8740356713533401,1.0,247296.0,0.0001,483.0,0.2,30.956280790269375,256.0,0.03955078125,0.794921875,-0.2399044085177593,568.5,45.0,0.87890625,17.006000518798828,0.424782395362854,-75.1783152564615
256.0,0.4375,0.005909624509513378,1396.0,3872.0,0.5,-0.010216970709734596,0.734375,0.4233749508857727,0.0,0.9254385679960251,1.0,247808.0,0.0001,484.0,0.2,35.054093427956104,256.0,0.0478515625,0.796875,-0.21117299265461043,585.5,45.0,0.859375,11.353766441345215,0.3986999988555908,-71.77295512001962
256.0,0.44921875,0.0063645499758422375,1522.0,3880.0,0.5,-0.008987740420707269,0.734375,0.418374627828598,0.0,0.846454307436943,1.0,248320.0,0.0001,485.0,0.2,113.27713394165039,256.0,0.04150390625,0.78515625,-0.2160181269282475,569.0,45.0,0.8359375,16.697175979614258,0.4178636968135834,-72.10196523677558
256.0,0.42578125,0.03277117758989334,1386.0,3888.0,0.5,-0.013447736215312034,0.66796875,0.415268212556839,0.0,0.8560332208871841,1.0,248832.0,0.0001,486.0,0.2,40.95279312878847,256.0,0.07763671875,0.7421875,-0.26505539973732084,582.5,45.0,0.81640625,8.088279724121094,0.427890419960022,-74.06546204173938
256.0,0.41796875,0.005971849430352449,1515.0,3896.0,0.5,-0.00842985955387121,0.6796875,0.44442513585090637,0.0,0.876907467842102,1.0,249344.0,0.0001,487.0,0.2,106.19253884255886,256.0,0.0498046875,0.76171875,-0.19998821226181462,605.0,45.0,0.84375,18.20343017578125,0.43351560831069946,-74.51867583028972
256.0,0.43359375,0.006445189937949181,1228.0,3904.0,0.5,-0.010668414426618256,0.66796875,0.4390566349029541,0.0,0.8778568729758263,1.0,249856.0,0.0001,488.0,0.2,74.81267757713795,256.0,0.06396484375,0.734375,-0.22699702536920086,618.5,45.0,0.80078125,9.478946685791016,0.4389827251434326,-75.31549189768731
256.0,0.484375,0.004515909589827061,1524.0,3912.0,0.5,-0.008746787570999004,0.7578125,0.42315906286239624,0.0,0.8853391110897064,1.0,250368.0,0.0001,489.0,0.2,100.75430750846863,256.0,0.031005859375,0.7734375,-0.22133775206748396,626.5,45.0,0.7890625,57.77272415161133,0.4132217764854431,-75.95329169956968
256.0,0.455078125,0.0035574673675000668,1613.0,3920.0,0.5,-0.007622402583365329,0.7265625,0.37998002767562866,0.0,0.8269820511341095,1.0,250880.0,0.0001,490.0,0.2,163.17752426862717,256.0,0.023681640625,0.771484375,-0.1840049130260013,629.5,45.0,0.81640625,48.44062423706055,0.40609461069107056,-77.69684926006943
256.0,0.470703125,0.007127498276531696,1445.0,3928.0,0.5,-0.007877239491790533,0.7109375,0.425994336605072,0.0,0.8723240792751312,1.0,251392.0,0.0001,491.0,0.2,55.251333355903625,256.0,0.0517578125,0.740234375,-0.22646875272039324,652.5,45.0,0.76953125,17.599916458129883,0.436134397983551,-78.89123376019299
256.0,0.498046875,0.008634854108095169,1440.0,3936.0,0.5,-0.010192629211815074,0.76171875,0.4342672824859619,0.0,0.8511060476303101,1.0,251904.0,0.0001,492.0,0.2,47.772537402808666,256.0,0.05126953125,0.763671875,-0.23571069061290473,644.5,45.0,0.765625,20.03544807434082,0.43137362599372864,-77.62478880165145
256.0,0.484375,0.007178369909524918,1163.0,3944.0,0.5,-0.00814308369444916,0.71484375,0.44385331869125366,0.0,0.9300952926278114,1.0,252416.0,0.0001,493.0,0.2,25.78156503289938,256.0,0.0595703125,0.73046875,-0.19593235978391021,651.5,45.0,0.74609375,9.47005844116211,0.44666555523872375,-77.43692721765488
256.0,0.47265625,0.002897233236581087,1497.0,3952.0,0.5,-0.008784253688645549,0.78125,0.40306219458580017,0.0,0.8588623702526093,1.0,252928.0,0.0001,494.0,0.2,122.01680441200733,256.0,0.03466796875,0.80859375,-0.19945067120715976,641.5,45.0,0.8359375,31.3076229095459,0.373710960149765,-76.63171130642294
256.0,0.47265625,0.00426086550578475,1505.0,3960.0,0.5,-0.006646721143624745,0.734375,0.4375241994857788,0.0,0.8093162626028061,1.0,253440.0,0.0001,495.0,0.2,183.0189816057682,256.0,0.049072265625,0.76171875,-0.21584379841806367,637.5,45.0,0.7890625,83.66651153564453,0.4291396737098694,-75.83528117388487
256.0,0.494140625,0.002611368428915739,1493.0,3968.0,0.5,-0.0050758775396388955,0.73828125,0.42219245433807373,0.0,0.9012369811534882,1.0,253952.0,0.0001,496.0,0.2,74.23871198296547,256.0,0.022705078125,0.744140625,-0.18867722028517164,631.5,45.0,0.75,19.97150421142578,0.42905914783477783,-75.49867287226022
256.0,0.462890625,0.010692521929740906,1438.0,3976.0,0.5,-0.012871642931713723,0.71484375,0.4261484742164612,0.0,0.8747328668832779,1.0,254464.0,0.0001,497.0,0.2,47.23076048493385,256.0,0.067626953125,0.751953125,-0.2292773388326168,626.0,45.0,0.7890625,14.73961353302002,0.4229580760002136,-74.7217587451078
256.0,0.43359375,0.0032109608873724937,1573.0,3984.0,0.5,-0.007300181874597911,0.671875,0.4364433288574219,0.0,0.844154566526413,1.0,254976.0,0.0001,498.0,0.2,161.7835190296173,256.0,0.035400390625,0.73828125,-0.16446882375748828,593.0,45.0,0.8046875,52.654022216796875,0.4306557774543762,-74.79394182821736
256.0,0.435546875,0.0028118393383920193,1247.0,3992.0,0.5,-0.006433571114030201,0.6484375,0.42755240201950073,0.0,0.8113532960414886,1.0,255488.0,0.0001,499.0,0.2,141.5374966263771,256.0,0.0224609375,0.712890625,-0.1744088267441839,608.0,45.0,0.77734375,69.52044677734375,0.4535851776599884,-74.92331775395199
256.0,0.427734375,0.005174566525965929,1485.0,4000.0,0.5,-0.009070584714208962,0.66015625,0.409406453371048,0.0,0.8380214422941208,1.0,256000.0,0.0001,500.0,0.2,107.87325395643711,256.0,0.044189453125,0.732421875,-0.1873903826926835,596.0,45.0,0.8046875,41.72447967529297,0.4445525109767914,-74.46371064659208
256.0,0.46484375,0.004168553277850151,1502.0,4008.0,0.5,-0.008713630126294447,0.73828125,0.4218628406524658,0.0,0.8385002017021179,1.0,256512.0,0.0001,501.0,0.2,132.84382559359074,256.0,0.047607421875,0.7734375,-0.23538564960472286,588.5,45.0,0.80859375,21.70849609375,0.41869476437568665,-76.1058899390325
256.0,0.427734375,0.012979529798030853,1428.0,4016.0,0.5,-0.008914931131585035,0.68359375,0.4439743161201477,0.0,0.8491185158491135,1.0,257024.0,0.0001,502.0,0.2,75.85399882495403,256.0,0.051513671875,0.755859375,-0.17862267326563597,585.5,45.0,0.828125,64.5221939086914,0.4295312464237213,-77.53834020406008
256.0,0.4609375,0.006987331435084343,1506.0,4024.0,0.5,-0.007894952243077569,0.7265625,0.4018944203853607,0.0,0.8137106746435165,1.0,257536.0,0.0001,503.0,0.2,114.07016881555319,256.0,0.052734375,0.765625,-0.2243054616264999,567.0,45.0,0.8046875,33.410221099853516,0.39857184886932373,-78.35297773865983
256.0,0.474609375,0.004976977594196796,1249.0,4032.0,0.5,-0.0067860715062124655,0.75,0.42139410972595215,0.0,0.8136218339204788,1.0,258048.0,0.0001,504.0,0.2,173.33103090524673,256.0,0.03662109375,0.775390625,-0.23632004874525592,558.5,45.0,0.80078125,50.750099182128906,0.40655815601348877,-79.92393027054146
256.0,0.482421875,0.004837903194129467,1442.0,4040.0,0.5,-0.00846590076253051,0.6953125,0.4239284098148346,0.0,0.8756949603557587,1.0,258560.0,0.0001,505.0,0.2,67.92083221673965,256.0,0.056884765625,0.712890625,-0.18097216013120487,571.0,45.0,0.73046875,31.609500885009766,0.4696955978870392,-80.44444398926571
256.0,0.474609375,0.00636054715141654,1489.0,4048.0,0.5,-0.0090887047117576,0.71484375,0.43525516986846924,0.0,0.8532513827085495,1.0,259072.0,0.0001,506.0,0.2,102.05008438229561,256.0,0.0693359375,0.740234375,-0.23903951572719961,550.5,45.0,0.765625,91.10530853271484,0.4292055368423462,-79.89948442272842
256.0,0.462890625,0.00218002125620842,1571.0,4056.0,0.5,-0.005267343505693134,0.703125,0.4389520287513733,0.0,0.8369293212890625,1.0,259584.0,0.0001,507.0,0.2,177.2747845351696,256.0,0.01806640625,0.740234375,-0.1498048985376954,553.5,45.0,0.77734375,42.465065002441406,0.43507111072540283,-80.40257777251303
256.0,0.44921875,0.004242329392582178,1513.0,4064.0,0.5,-0.0062228696788224624,0.69921875,0.4020204246044159,0.0,0.864528551697731,1.0,260096.0,0.0001,508.0,0.2,96.21747550368309,256.0,0.030029296875,0.75,-0.165545288589783,550.5,45.0,0.80078125,12.521612167358398,0.4101014733314514,-80.18541014784947
256.0,0.470703125,0.004311881959438324,1176.0,4072.0,0.5,-0.006180342312291032,0.69921875,0.4549243450164795,0.0,0.8985254988074303,1.0,260608.0,0.0001,509.0,0.2,50.45513466745615,256.0,0.031005859375,0.728515625,-0.23706317407777533,566.5,45.0,0.7578125,15.781661033630371,0.44351726770401,-79.75260377511383
256.0,0.48828125,0.007590937428176403,1428.0,4080.0,0.5,-0.013008327536226716,0.7421875,0.4478190839290619,0.0,0.8474362343549728,1.0,261120.0,0.0001,510.0,0.2,90.20542897284031,256.0,0.045166015625,0.75390625,-0.2128356356988661,559.5,45.0,0.765625,79.40154266357422,0.4441007971763611,-77.9631250314787
256.0,0.4375,0.015408385545015335,1419.0,4088.0,0.5,-0.009358659186545992,0.73828125,0.4219941198825836,0.0,0.9275819361209869,1.0,261632.0,0.0001,511.0,0.2,36.485152810812,256.0,0.0673828125,0.80078125,-0.21400548372184858,591.5,45.0,0.86328125,12.718113899230957,0.410342812538147,-76.72114199317991
256.0,0.46484375,0.007447980344295502,1447.0,4096.0,0.5,-0.010515556918107904,0.7265625,0.43195226788520813,0.0,0.9183567315340042,1.0,262144.0,0.0001,512.0,0.2,47.867242366075516,256.0,0.0556640625,0.76171875,-0.23897467576898634,593.5,45.0,0.796875,26.835731506347656,0.41877281665802,-73.90457267859951
256.0,0.4609375,0.0032778724562376738,1511.0,4104.0,0.5,-0.0064241328873322345,0.73046875,0.4300689995288849,0.0,0.8007089048624039,1.0,262656.0,0.0001,513.0,0.2,211.01224395632744,256.0,0.02734375,0.76953125,-0.17286799586145207,596.0,45.0,0.80859375,63.23711395263672,0.43395283818244934,-72.8878775139153
256.0,0.4375,0.00445291493088007,1202.0,4112.0,0.5,-0.006804957403801382,0.71484375,0.4182609021663666,0.0,0.8951148241758347,1.0,263168.0,0.0001,514.0,0.2,60.36705815792084,256.0,0.035400390625,0.77734375,-0.18142954364884645,592.5,45.0,0.83984375,14.266139030456543,0.406859815120697,-72.08661070486531
256.0,0.443359375,0.004322439432144165,1487.0,4120.0,0.5,-0.007435035098751541,0.6640625,0.4415239691734314,0.0,0.8942993879318237,1.0,263680.0,0.0001,515.0,0.2,79.59545227885246,256.0,0.05224609375,0.720703125,-0.2024772595614195,590.0,45.0,0.77734375,29.621755599975586,0.4539792537689209,-71.96374870942905
256.0,0.427734375,0.0063722264021635056,1461.0,4128.0,0.5,-0.005812781902932329,0.6875,0.4306889772415161,0.0,0.8685001134872437,1.0,264192.0,0.0001,516.0,0.2,84.17829994857311,256.0,0.031982421875,0.759765625,-0.16768635041080415,591.0,45.0,0.83203125,57.79936218261719,0.44268354773521423,-72.48156045652927
256.0,0.439453125,0.00858269352465868,1649.0,4136.0,0.5,-0.009646753715060186,0.70703125,0.40597930550575256,0.0,0.8597383350133896,1.0,264704.0,0.0001,517.0,0.2,181.96338087320328,256.0,0.05517578125,0.767578125,-0.181836996023776,570.0,45.0,0.828125,21.359773635864258,0.4255487620830536,-72.73740858174861
256.0,0.4453125,0.006258594803512096,1471.0,4144.0,0.5,-0.007814962526026648,0.73046875,0.46259093284606934,0.0,0.8951579257845879,1.0,265216.0,0.0001,518.0,0.2,72.68869556486607,256.0,0.055908203125,0.78515625,-0.22123270737938583,569.0,45.0,0.83984375,27.326812744140625,0.43325942754745483,-74.56648082675412
256.0,0.48828125,0.0042300112545490265,1424.0,4152.0,0.5,-0.005677138724422548,0.71484375,0.4388258755207062,0.0,0.9056419432163239,1.0,265728.0,0.0001,519.0,0.2,53.24597004801035,256.0,0.030517578125,0.7265625,-0.18971980988862924,577.0,45.0,0.73828125,12.037497520446777,0.4697158634662628,-75.2567975862883
256.0,0.45703125,0.007739451713860035,1207.0,4160.0,0.5,-0.009230651456164196,0.73828125,0.4216710031032562,0.0,0.8749556243419647,1.0,266240.0,0.0001,520.0,0.2,90.39060266315937,256.0,0.043212890625,0.78125,-0.19380903540877625,563.5,45.0,0.82421875,36.19523239135742,0.3989830017089844,-75.18569761229679
256.0,0.462890625,0.002923159394413233,1402.0,4168.0,0.5,-0.008201724958780687,0.71875,0.4338129758834839,0.0,0.9219344481825829,1.0,266752.0,0.0001,521.0,0.2,35.619620859622955,256.0,0.0419921875,0.755859375,-0.2093570073484443,581.5,45.0,0.79296875,11.687875747680664,0.41818714141845703,-76.14995993889869
256.0,0.470703125,0.004133970942348242,1475.0,4176.0,0.5,-0.009554417134495452,0.73046875,0.4645375609397888,0.0,0.91872239112854,1.0,267264.0,0.0001,522.0,0.2,65.5282144844532,256.0,0.04248046875,0.759765625,-0.18382732645841315,606.5,45.0,0.7890625,13.575376510620117,0.4491596817970276,-75.33943036271259
256.0,0.453125,0.004244841169565916,1549.0,4184.0,0.5,-0.01299627933622105,0.69140625,0.4238462746143341,0.0,0.8200346827507019,1.0,267776.0,0.0001,523.0,0.2,187.78521463274956,256.0,0.04736328125,0.73828125,-0.17475929530337453,584.5,45.0,0.78515625,127.89372253417969,0.4207104444503784,-73.97085891868919
256.0,0.416015625,0.006471030414104462,1484.0,4192.0,0.5,-0.006609087031392846,0.69921875,0.43408164381980896,0.0,0.8685314357280731,1.0,268288.0,0.0001,524.0,0.2,87.98748469352722,256.0,0.053466796875,0.783203125,-0.21549901476828381,598.5,45.0,0.8671875,65.1023941040039,0.4129711985588074,-75.56894289439543
256.0,0.46875,0.0039766510017216206,1212.0,4200.0,0.5,-0.0064206411443592515,0.71484375,0.43960750102996826,0.0,0.9019026979804039,1.0,268800.0,0.0001,525.0,0.2,105.02038338780403,256.0,0.027099609375,0.74609375,-0.165405465697404,638.0,45.0,0.77734375,28.376684188842773,0.4239569902420044,-74.25205335307867
256.0,0.439453125,0.0040140291675925255,1449.0,4208.0,0.5,-0.006478893090388738,0.71484375,0.4555240869522095,0.0,0.899579793214798,1.0,269312.0,0.0001,526.0,0.2,42.872032679617405,256.0,0.02880859375,0.775390625,-0.21051062439801171,664.5,45.0,0.8359375,18.82978057861328,0.42423486709594727,-71.7059908743389
256.0,0.37109375,0.007658895570784807,1434.0,4216.0,0.5,-0.005756187369115651,0.625,0.44542035460472107,0.0,0.9260532185435295,1.0,269824.0,0.0001,527.0,0.2,40.07333244383335,256.0,0.04638671875,0.75390625,-0.17602839937899262,670.5,45.0,0.8828125,9.45744514465332,0.4351891279220581,-69.4540115864016
256.0,0.40625,0.007093389984220266,1378.0,4224.0,0.5,-0.00998981708107749,0.69140625,0.45161616802215576,0.0,0.9352444410324097,1.0,270336.0,0.0001,528.0,0.2,37.265241138637066,256.0,0.044189453125,0.78515625,-0.16528378328075632,676.0,45.0,0.87890625,13.549230575561523,0.432895690202713,-68.9079131013155
256.0,0.416015625,0.0046685198321938515,1451.0,4232.0,0.5,-0.005989747354760766,0.69140625,0.4596738815307617,0.0,0.9412861615419388,1.0,270848.0,0.0001,529.0,0.2,35.006430238485336,256.0,0.0390625,0.775390625,-0.21906629297882318,693.5,45.0,0.859375,9.370274543762207,0.4446622133255005,-68.7169278210029
256.0,0.4375,0.00991528294980526,1156.0,4240.0,0.5,-0.011268552269029897,0.67578125,0.4472533166408539,0.0,0.9113001003861427,1.0,271360.0,0.0001,530.0,0.2,42.83776672184467,256.0,0.061279296875,0.73828125,-0.21912929555401206,693.5,45.0,0.80078125,16.84447479248047,0.43188995122909546,-68.78324488960206
256.0,0.41796875,0.003455361584201455,1566.0,4248.0,0.5,-0.004237730514432769,0.640625,0.418478786945343,0.0,0.8474188297986984,1.0,271872.0,0.0001,531.0,0.2,202.72776487469673,256.0,0.022216796875,0.72265625,-0.1800189294735901,675.5,45.0,0.8046875,36.70531463623047,0.4591308832168579,-69.26282063128427
256.0,0.49609375,0.006646792870014906,1453.0,4256.0,0.5,-0.008313310940138763,0.73046875,0.4333221912384033,0.0,0.9014379009604454,1.0,272384.0,0.0001,532.0,0.2,65.42844413220882,256.0,0.039306640625,0.734375,-0.22179045318625867,702.5,45.0,0.73828125,26.350446701049805,0.44208693504333496,-71.54145755238831
256.0,0.486328125,0.007748962379992008,1483.0,4264.0,0.5,-0.007934973607916618,0.7265625,0.4358616769313812,0.0,0.879594199359417,1.0,272896.0,0.0001,533.0,0.2,97.95323146879673,256.0,0.057373046875,0.740234375,-0.1863171715522185,703.0,45.0,0.75390625,19.803730010986328,0.43586844205856323,-70.44173188295215
256.0,0.41796875,0.005011283792555332,1505.0,4272.0,0.5,-0.00903148332145065,0.671875,0.42500734329223633,0.0,0.9229871332645416,1.0,273408.0,0.0001,534.0,0.2,83.60999714583158,256.0,0.0380859375,0.75390625,-0.21087885845918208,666.0,45.0,0.8359375,17.250808715820312,0.4277031719684601,-70.59413544503973
256.0,0.455078125,0.004627391695976257,1262.0,4280.0,0.5,-0.00840795800468186,0.671875,0.44854316115379333,0.0,0.8491133600473404,1.0,273920.0,0.0001,535.0,0.2,174.449877679348,256.0,0.033203125,0.716796875,-0.22095648472895846,630.5,45.0,0.76171875,92.99443054199219,0.46759897470474243,-72.86385972704738
256.0,0.423828125,0.0026889315340667963,1578.0,4288.0,0.5,-0.006741561373928562,0.671875,0.41753339767456055,0.0,0.8508771657943726,1.0,274432.0,0.0001,536.0,0.2,188.40132892131805,256.0,0.021728515625,0.748046875,-0.1858760699396953,619.5,45.0,0.82421875,71.75984954833984,0.4186246991157532,-74.70285234190524
256.0,0.462890625,0.008887484669685364,1409.0,4296.0,0.5,-0.009287651635531802,0.73046875,0.42359238862991333,0.0,0.927235797047615,1.0,274944.0,0.0001,537.0,0.2,48.87773749232292,256.0,0.05419921875,0.767578125,-0.2323083161318209,612.5,45.0,0.8046875,18.075031280517578,0.4184551239013672,-76.93194952011109
256.0,0.431640625,0.006383870728313923,1492.0,4304.0,0.5,-0.0066329938199487515,0.6875,0.43380817770957947,0.0,0.9145501032471657,1.0,275456.0,0.0001,538.0,0.2,62.54267571121454,256.0,0.042724609375,0.755859375,-0.22018468519672751,602.0,45.0,0.82421875,9.607368469238281,0.42611101269721985,-76.49377084258944
256.0,0.4140625,0.00262747285887599,1538.0,4312.0,0.5,-0.005227306010056054,0.69140625,0.4054151475429535,0.0,0.8400383293628693,1.0,275968.0,0.0001,539.0,0.2,178.4755434691906,256.0,0.01708984375,0.77734375,-0.21047238924074918,589.5,45.0,0.86328125,61.68525695800781,0.40964630246162415,-76.52461940689012
256.0,0.4609375,0.009251192212104797,1516.0,4320.0,0.5,-0.011830714334791992,0.71875,0.43287593126296997,0.0,0.8213018178939819,1.0,276480.0,0.0001,540.0,0.2,124.00973123311996,256.0,0.05078125,0.7578125,-0.21216760185780004,577.0,45.0,0.796875,23.821895599365234,0.4311463534832001,-78.36075932530686
256.0,0.4609375,0.005529041867703199,1193.0,4328.0,0.5,-0.008119531645206735,0.67578125,0.45856308937072754,0.0,0.9120701923966408,1.0,276992.0,0.0001,541.0,0.2,42.382000118494034,256.0,0.041748046875,0.71484375,-0.2282461648574099,582.0,45.0,0.75390625,13.53237533569336,0.47510433197021484,-77.73725402744486
256.0,0.416015625,0.006273002363741398,1557.0,4336.0,0.5,-0.009874718933133408,0.6640625,0.4078335762023926,0.0,0.8907436057925224,1.0,277504.0,0.0001,542.0,0.2,130.33985133469105,256.0,0.0595703125,0.748046875,-0.21800644608447328,586.0,45.0,0.83203125,32.267356872558594,0.40670180320739746,-77.35115434315055
256.0,0.45703125,0.0067924801260232925,1395.0,4344.0,0.5,-0.008004782706848346,0.69921875,0.4270482361316681,0.0,0.917623721063137,1.0,278016.0,0.0001,543.0,0.2,46.814742371439934,256.0,0.0576171875,0.7421875,-0.23277464718557894,619.5,45.0,0.78515625,10.898940086364746,0.43890875577926636,-78.89827077379451
256.0,0.451171875,0.007257809862494469,1528.0,4352.0,0.5,-0.01129293557460187,0.68359375,0.43987756967544556,0.0,0.8424753993749619,1.0,278528.0,0.0001,544.0,0.2,153.9855207502842,256.0,0.0634765625,0.732421875,-0.22957570513244718,629.5,45.0,0.78125,103.75538635253906,0.45320916175842285,-76.8724078297615
256.0,0.462890625,0.0044895559549331665,1437.0,4360.0,0.5,-0.011344114380335668,0.69921875,0.4471253454685211,0.0,0.8032347857952118,1.0,279040.0,0.0001,545.0,0.2,75.99622365832329,256.0,0.035888671875,0.736328125,-0.22293251135852188,625.5,45.0,0.7734375,16.953092575073242,0.44023397564888,-76.26432494698092
256.0,0.453125,0.006559647619724274,1181.0,4368.0,0.5,-0.007263055587827694,0.73828125,0.4196636378765106,0.0,0.9192370101809502,1.0,279552.0,0.0001,546.0,0.2,45.35694648325443,256.0,0.0361328125,0.78515625,-0.21450670307967812,631.5,45.0,0.83203125,8.169333457946777,0.41337519884109497,-75.78229804674163
256.0,0.494140625,0.006683528423309326,1466.0,4376.0,0.5,-0.0078972905757837,0.75390625,0.4207890033721924,0.0,0.8503181338310242,1.0,280064.0,0.0001,547.0,0.2,138.9894404411316,256.0,0.033935546875,0.759765625,-0.2084209164022468,627.5,45.0,0.765625,21.768339157104492,0.38804709911346436,-76.13850502019748
256.0,0.453125,0.0051570674404501915,1448.0,4384.0,0.5,-0.01209862974792486,0.6953125,0.44376033544540405,0.0,0.867305189371109,1.0,280576.0,0.0001,548.0,0.2,114.50792014598846,256.0,0.06591796875,0.7421875,-0.21352450677659363,632.5,45.0,0.7890625,66.10096740722656,0.44357186555862427,-76.81757350338623
256.0,0.462890625,0.004543080925941467,1504.0,4392.0,0.5,-0.007533017051173374,0.70703125,0.41817396879196167,0.0,0.8527484089136124,1.0,281088.0,0.0001,549.0,0.2,180.66744147241116,256.0,0.044677734375,0.744140625,-0.2008302757749334,640.0,45.0,0.78125,34.03007888793945,0.41343820095062256,-75.69774333685636
256.0,0.48828125,0.005424760282039642,1427.0,4400.0,0.5,-0.006443210600991733,0.7421875,0.42464888095855713,0.0,0.9207118898630142,1.0,281600.0,0.0001,550.0,0.2,42.57468447089195,256.0,0.03759765625,0.75390625,-0.22977826063288376,636.0,45.0,0.765625,15.910892486572266,0.41023245453834534,-75.76448028720915
256.0,0.466796875,0.002172489184886217,1273.0,4408.0,0.5,-0.0035899624199373648,0.7109375,0.428810179233551,0.0,0.8570412248373032,1.0,282112.0,0.0001,551.0,0.2,162.46395337581635,256.0,0.021484375,0.744140625,-0.17893977143103257,634.5,45.0,0.77734375,64.62248992919922,0.43498289585113525,-76.13112850425765
256.0,0.431640625,0.006785500328987837,1519.0,4416.0,0.5,-0.010576733468042221,0.640625,0.3959639370441437,0.0,0.908758208155632,1.0,282624.0,0.0001,552.0,0.2,95.4578286036849,256.0,0.04541015625,0.708984375,-0.2182797024725005,612.5,45.0,0.77734375,28.757272720336914,0.44342201948165894,-77.10132108269259
256.0,0.4296875,0.005481555592268705,1441.0,4424.0,0.5,-0.006192635915795108,0.71484375,0.4121844172477722,0.0,0.9158211573958397,1.0,283136.0,0.0001,553.0,0.2,39.385757863521576,256.0,0.034423828125,0.78515625,-0.2417684369138442,630.0,45.0,0.85546875,10.234475135803223,0.4241448640823364,-79.37923680590465
256.0,0.4765625,0.003816508688032627,1485.0,4432.0,0.5,-0.008579374727560207,0.7421875,0.45060473680496216,0.0,0.8607736974954605,1.0,283648.0,0.0001,554.0,0.2,154.58657303452492,256.0,0.036865234375,0.765625,-0.25507899560034275,612.5,45.0,0.7890625,84.84391784667969,0.4488249719142914,-79.13471167676151
256.0,0.46875,0.0052449642680585384,1421.0,4440.0,0.5,-0.011815984093118459,0.796875,0.44556134939193726,0.0,0.9240323305130005,1.0,284160.0,0.0001,555.0,0.2,32.55225819349289,256.0,0.051025390625,0.828125,-0.2703709261259064,612.5,45.0,0.859375,10.427008628845215,0.3912550210952759,-80.35083749597892
256.0,0.466796875,0.022081458941102028,1175.0,4448.0,0.5,-0.005447954055853188,0.734375,0.42664480209350586,0.0,0.9320561438798904,1.0,284672.0,0.0001,556.0,0.2,34.776401080191135,256.0,0.062744140625,0.767578125,-0.2657832234399393,625.5,45.0,0.80078125,22.525747299194336,0.42913925647735596,-80.63878328567371
256.0,0.4921875,0.0031629716977477074,1565.0,4456.0,0.5,-0.005653095577144995,0.7421875,0.42722004652023315,0.0,0.8459126502275467,1.0,285184.0,0.0001,557.0,0.2,205.7396487146616,256.0,0.0302734375,0.75,-0.197999986121431,614.5,45.0,0.7578125,42.311309814453125,0.44770050048828125,-80.2015733373724
256.0,0.466796875,0.005473259836435318,1511.0,4464.0,0.5,-0.010973075150104705,0.71484375,0.42323243618011475,0.0,0.8420140594244003,1.0,285696.0,0.0001,558.0,0.2,179.34791672229767,256.0,0.046142578125,0.748046875,-0.23978144279681146,608.0,45.0,0.78125,21.562040328979492,0.41459786891937256,-80.5397457815893
256.0,0.474609375,0.005684560630470514,1467.0,4472.0,0.5,-0.008402281076996587,0.703125,0.43054330348968506,0.0,0.8999798223376274,1.0,286208.0,0.0001,559.0,0.2,72.42955277860165,256.0,0.042236328125,0.728515625,-0.2540976580348797,605.5,45.0,0.75390625,22.110658645629883,0.43597611784935,-81.87409759769216
256.0,0.470703125,0.006730237044394016,1425.0,4480.0,0.5,-0.010909116659604479,0.70703125,0.44590499997138977,0.0,0.9214992374181747,1.0,286720.0,0.0001,560.0,0.2,46.78779628127813,256.0,0.048828125,0.736328125,-0.25594999990426004,611.5,45.0,0.765625,23.793441772460938,0.44490474462509155,-82.11060192929581
256.0,0.48828125,0.006297528278082609,1461.0,4488.0,0.5,-0.007721450332610402,0.7578125,0.4088252782821655,0.0,0.8644133657217026,1.0,287232.0,0.0001,561.0,0.2,128.12036319077015,256.0,0.043701171875,0.76953125,-0.2219216002849862,622.5,45.0,0.78125,97.96337890625,0.4029357135295868,-80.07875327711925
256.0,0.462890625,0.01182691752910614,1198.0,4496.0,0.5,-0.00806687230215175,0.71875,0.44022566080093384,0.0,0.8969499990344048,1.0,287744.0,0.0001,562.0,0.2,63.12169502675533,256.0,0.049560546875,0.755859375,-0.28603674774058163,616.5,45.0,0.79296875,13.813347816467285,0.4236111044883728,-78.55522113690152
256.0,0.44921875,0.005558619275689125,1412.0,4504.0,0.5,-0.010340576147427782,0.69921875,0.4523363709449768,0.0,0.8921055644750595,1.0,288256.0,0.0001,563.0,0.2,64.88534091413021,256.0,0.042236328125,0.75,-0.2575953953783028,635.5,45.0,0.80078125,40.673343658447266,0.44673195481300354,-78.03196381688117
256.0,0.474609375,0.0038267450872808695,1463.0,4512.0,0.5,-0.007289277629752178,0.765625,0.41930192708969116,0.0,0.9159160181879997,1.0,288768.0,0.0001,564.0,0.2,68.68185150623322,256.0,0.03662109375,0.791015625,-0.25004733190871775,617.5,45.0,0.81640625,19.632902145385742,0.4005395174026489,-76.54678463874384
256.0,0.43359375,0.005925889126956463,1493.0,4520.0,0.5,-0.006790178735172958,0.70703125,0.41872796416282654,0.0,0.8092761039733887,1.0,289280.0,0.0001,565.0,0.2,189.90763384103775,256.0,0.034912109375,0.7734375,-0.24231815931852907,587.0,45.0,0.83984375,35.5649528503418,0.4091643691062927,-77.91701226996258
256.0,0.427734375,0.005278114229440689,1471.0,4528.0,0.5,-0.009609832139176433,0.67578125,0.4235772490501404,0.0,0.8585891872644424,1.0,289792.0,0.0001,566.0,0.2,132.98201763629913,256.0,0.05224609375,0.748046875,-0.22586281481198967,617.0,45.0,0.8203125,46.24422836303711,0.455936998128891,-79.4637660282664
256.0,0.47265625,0.003151626093313098,1187.0,4536.0,0.5,-0.006144535036582965,0.7421875,0.4167610704898834,0.0,0.8973760530352592,1.0,290304.0,0.0001,567.0,0.2,61.60312061011791,256.0,0.02685546875,0.76953125,-0.24162854260066524,621.5,45.0,0.796875,30.157814025878906,0.4000667929649353,-78.48536694021895
256.0,0.4375,0.00488781463354826,1442.0,4544.0,0.5,-0.008463640686386498,0.69921875,0.4247170090675354,0.0,0.9353204965591431,1.0,290816.0,0.0001,568.0,0.2,36.29787638783455,256.0,0.031982421875,0.76171875,-0.25513456476619467,629.0,45.0,0.82421875,11.311903953552246,0.42998558282852173,-78.16588126435876
256.0,0.462890625,0.004804038442671299,1430.0,4552.0,0.5,-0.009916485643771011,0.6640625,0.44683945178985596,0.0,0.9386284463107586,1.0,291328.0,0.0001,569.0,0.2,38.72405321151018,256.0,0.04150390625,0.701171875,-0.24359365098644048,626.5,45.0,0.73828125,15.309008598327637,0.4659460484981537,-77.41722327902913
256.0,0.482421875,0.01183052733540535,1444.0,4560.0,0.5,-0.007821551873348653,0.79296875,0.4085477590560913,0.0,0.9319026321172714,1.0,291840.0,0.0001,570.0,0.2,38.4275581240654,256.0,0.04931640625,0.810546875,-0.25727447192184627,632.5,45.0,0.828125,14.879196166992188,0.38233643770217896,-77.31490685988217
256.0,0.43359375,0.004201310221105814,1412.0,4568.0,0.5,-0.007314534705074038,0.73828125,0.42232295870780945,0.0,0.8509992957115173,1.0,292352.0,0.0001,571.0,0.2,74.21517200767994,256.0,0.042236328125,0.8046875,-0.24061133165378124,628.0,45.0,0.87109375,42.78593826293945,0.3694552779197693,-77.02821541849524
256.0,0.458984375,0.002890111180022359,1154.0,4576.0,0.5,-0.006409084398910636,0.73828125,0.4126763641834259,0.0,0.8837894201278687,1.0,292864.0,0.0001,572.0,0.2,93.20240511000156,256.0,0.02978515625,0.779296875,-0.24420511675998569,619.0,45.0,0.8203125,25.10629653930664,0.4354831576347351,-77.6857443886064
256.0,0.419921875,0.0038796793669462204,1459.0,4584.0,0.5,-0.008114492331515066,0.6953125,0.4278457462787628,0.0,0.9365620836615562,1.0,293376.0,0.0001,573.0,0.2,32.81230692565441,256.0,0.047119140625,0.775390625,-0.256583699316252,626.5,45.0,0.85546875,6.39226770401001,0.4099658131599426,-78.33187778094783
256.0,0.416015625,0.010216566734015942,1384.0,4592.0,0.5,-0.011496510458528064,0.6953125,0.41913938522338867,0.0,0.9124343246221542,1.0,293888.0,0.0001,574.0,0.2,36.481330662965775,256.0,0.076904296875,0.779296875,-0.2872009127167985,639.0,45.0,0.86328125,5.842126846313477,0.4033583104610443,-77.67715443013236
256.0,0.423828125,0.008631579577922821,1455.0,4600.0,0.5,-0.009605900559108704,0.640625,0.4236581325531006,0.0,0.8916169553995132,1.0,294400.0,0.0001,575.0,0.2,99.75807788968086,256.0,0.062255859375,0.716796875,-0.2577501053456217,637.0,45.0,0.79296875,18.887958526611328,0.4595348834991455,-76.34559483541176
256.0,0.4453125,0.00916822999715805,1440.0,4608.0,0.5,-0.012592274291819194,0.6796875,0.4231991171836853,0.0,0.9123104363679886,1.0,294912.0,0.0001,576.0,0.2,54.697611048817635,256.0,0.0712890625,0.734375,-0.2739177740877494,634.0,45.0,0.7890625,55.4945182800293,0.43770527839660645,-76.46392391359433
256.0,0.419921875,0.009720337577164173,1197.0,4616.0,0.5,-0.012641383451409638,0.69921875,0.4288318455219269,0.0,0.9073847010731697,1.0,295424.0,0.0001,577.0,0.2,44.96537137031555,256.0,0.0859375,0.779296875,-0.2903630827786401,632.0,45.0,0.859375,7.90800666809082,0.40264594554901123,-76.59951474925504
256.0,0.482421875,0.006194708868861198,1466.0,4624.0,0.5,-0.008769303538429085,0.734375,0.42259639501571655,0.0,0.8920776471495628,1.0,295936.0,0.0001,578.0,0.2,86.8080466389656,256.0,0.037841796875,0.751953125,-0.28238186589442194,634.5,45.0,0.76953125,59.31064224243164,0.43725183606147766,-77.56684073450043
256.0,0.435546875,0.004890026059001684,1431.0,4632.0,0.5,-0.007669720682315528,0.73046875,0.40244024991989136,0.0,0.8954524099826813,1.0,296448.0,0.0001,579.0,0.2,50.53212934359908,256.0,0.040283203125,0.794921875,-0.2540808335179463,632.5,45.0,0.859375,11.093436241149902,0.39563190937042236,-78.33589596103877
256.0,0.455078125,0.003932888153940439,1488.0,4640.0,0.5,-0.006570220131834503,0.73828125,0.4115222990512848,0.0,0.8697232753038406,1.0,296960.0,0.0001,580.0,0.2,100.20700940489769,256.0,0.039306640625,0.783203125,-0.24611296562943608,630.0,45.0,0.828125,12.91418743133545,0.3897845149040222,-78.76891745513305
256.0,0.404296875,0.008525422774255276,1439.0,4648.0,0.5,-0.009789942712814081,0.68359375,0.39467746019363403,0.0,0.8554077446460724,1.0,297472.0,0.0001,581.0,0.2,126.11092011630535,256.0,0.071044921875,0.779296875,-0.3274607262574136,629.0,45.0,0.875,31.88443374633789,0.4150625765323639,-79.19122568052262
256.0,0.408203125,0.00918002612888813,1441.0,4656.0,0.5,-0.012561208764964249,0.671875,0.4252372682094574,0.0,0.9234230741858482,1.0,297984.0,0.0001,582.0,0.2,30.398030668497086,256.0,0.072021484375,0.763671875,-0.2888608383946121,633.5,45.0,0.85546875,11.572561264038086,0.40426573157310486,-80.8015762206912
256.0,0.388671875,0.004511422477662563,1192.0,4664.0,0.5,-0.009019076431286521,0.65234375,0.4234500229358673,0.0,0.8496511727571487,1.0,298496.0,0.0001,583.0,0.2,117.10493044555187,256.0,0.05224609375,0.763671875,-0.2935715875355527,633.0,45.0,0.875,24.696937561035156,0.4141088128089905,-80.3208041704446
256.0,0.447265625,0.007286715786904097,1462.0,4672.0,0.5,-0.010989655173034407,0.734375,0.4057370722293854,0.0,0.8969536796212196,1.0,299008.0,0.0001,584.0,0.2,62.84508787095547,256.0,0.0517578125,0.787109375,-0.3098185113631189,638.5,45.0,0.83984375,11.605874061584473,0.4235731363296509,-82.38315179055557
256.0,0.5078125,0.004324384033679962,1430.0,4680.0,0.5,-0.007903214762336574,0.796875,0.41844385862350464,0.0,0.9236818104982376,1.0,299520.0,0.0001,585.0,0.2,66.20987190306187,256.0,0.043212890625,0.7890625,-0.30078960105311126,641.5,45.0,0.78125,21.077835083007812,0.399935781955719,-81.7544210074842
256.0,0.4921875,0.013363897800445557,1471.0,4688.0,0.5,-0.010398280486697331,0.75390625,0.4198474586009979,0.0,0.9521655812859535,1.0,300032.0,0.0001,586.0,0.2,35.46205420047045,256.0,0.0908203125,0.76171875,-0.3633068659109995,641.5,45.0,0.76953125,10.766283988952637,0.4311051070690155,-81.88194435562939
256.0,0.5078125,0.003976966254413128,1501.0,4696.0,0.5,-0.010188499101786874,0.73828125,0.42137327790260315,0.0,0.8696893006563187,1.0,300544.0,0.0001,587.0,0.2,145.13499477505684,256.0,0.04296875,0.73046875,-0.3240433104801923,625.0,45.0,0.72265625,59.5057373046875,0.46784913539886475,-81.97459847493097
256.0,0.51171875,0.0063461423851549625,1178.0,4704.0,0.5,-0.010716308068367653,0.78125,0.4539220631122589,0.0,0.9213078320026398,1.0,301056.0,0.0001,588.0,0.2,50.8984606936574,256.0,0.050048828125,0.76953125,-0.30570668110158294,627.0,45.0,0.7578125,17.78326416015625,0.4342474639415741,-82.60703136159107
256.0,0.4921875,0.007221333682537079,1462.0,4712.0,0.5,-0.008802174903394189,0.73828125,0.47338807582855225,0.0,0.9006513357162476,1.0,301568.0,0.0001,589.0,0.2,49.019704557955265,256.0,0.05419921875,0.74609375,-0.31170917861163616,639.5,45.0,0.75390625,14.508941650390625,0.46058890223503113,-81.70936327841133
256.0,0.44140625,0.00912014115601778,1054.0,4720.0,0.5,-0.014015656968695112,0.7265625,0.4200917184352875,0.0,0.8708165138959885,1.0,302080.0,0.0001,590.0,0.2,79.63113351166248,256.0,0.0654296875,0.78515625,-0.3350383974611759,646.5,45.0,0.84375,29.387582778930664,0.407623827457428,-80.5524737713486
256.0,0.505859375,0.004590811673551798,1441.0,4728.0,0.5,-0.009899015887640417,0.76953125,0.41935601830482483,0.0,0.9077124297618866,1.0,302592.0,0.0001,591.0,0.2,47.43668420612812,256.0,0.049072265625,0.763671875,-0.34803480724804103,650.0,45.0,0.7578125,17.648128509521484,0.41030600666999817,-79.41579398291185
256.0,0.484375,0.002353883348405361,1491.0,4736.0,0.5,-0.0060808817579527386,0.74609375,0.42145270109176636,0.0,0.8589580357074738,1.0,303104.0,0.0001,592.0,0.2,162.96588876843452,256.0,0.032470703125,0.76171875,-0.31674838077742606,644.5,45.0,0.77734375,18.09134292602539,0.4057747721672058,-78.42697048854083
256.0,0.44921875,0.00857336726039648,1182.0,4744.0,0.5,-0.010223923345620278,0.73046875,0.4178089499473572,0.0,0.9090102985501289,1.0,303616.0,0.0001,593.0,0.2,57.562789395451546,256.0,0.0517578125,0.78125,-0.3301200504647568,657.5,45.0,0.83203125,15.19872760772705,0.41125839948654175,-78.10215133009478
256.0,0.44921875,0.00819901842623949,1477.0,4752.0,0.5,-0.009643928802688606,0.69921875,0.43779242038726807,0.0,0.8760824054479599,1.0,304128.0,0.0001,594.0,0.2,94.28031319379807,256.0,0.061767578125,0.75,-0.32733871112577617,635.5,45.0,0.80078125,38.75518035888672,0.4331480860710144,-78.60516328407452
256.0,0.404296875,0.011464012786746025,1473.0,4760.0,0.5,-0.014826335813268088,0.625,0.43600431084632874,0.0,0.9490177258849144,1.0,304640.0,0.0001,595.0,0.2,31.691926762461662,256.0,0.090087890625,0.720703125,-0.30828683846630156,630.0,45.0,0.81640625,14.180728912353516,0.46355360746383667,-80.22486873021349
256.0,0.44921875,0.0030495987739413977,1540.0,4768.0,0.5,-0.00845247415418271,0.703125,0.41053634881973267,0.0,0.8032955676317215,1.0,305152.0,0.0001,596.0,0.2,199.2068114876747,256.0,0.026123046875,0.75390625,-0.29455900203902274,630.5,45.0,0.8046875,52.550045013427734,0.4184023141860962,-80.96636319678277
256.0,0.396484375,0.00637458311393857,1457.0,4776.0,0.5,-0.00925143248969107,0.671875,0.42241913080215454,0.0,0.8878371864557266,1.0,305664.0,0.0001,597.0,0.2,39.86271304637194,256.0,0.05810546875,0.775390625,-0.31625835911836475,636.0,45.0,0.87890625,8.474159240722656,0.4042574167251587,-81.50881339542568
256.0,0.4375,0.004366958513855934,1218.0,4784.0,0.5,-0.010269513943057973,0.7109375,0.41095593571662903,0.0,0.8629637956619263,1.0,306176.0,0.0001,598.0,0.2,106.71037688851357,256.0,0.04296875,0.7734375,-0.3033600285416469,626.0,45.0,0.8359375,42.55683898925781,0.39884862303733826,-82.56394223432989
256.0,0.42578125,0.0037691816687583923,1505.0,4792.0,0.5,-0.007858768083679024,0.70703125,0.4214501678943634,0.0,0.8445772081613541,1.0,306688.0,0.0001,599.0,0.2,163.99124747514725,256.0,0.041015625,0.78125,-0.26812417479231954,629.0,45.0,0.85546875,23.946855545043945,0.42148834466934204,-84.31489850778132
256.0,0.455078125,0.0052522881887853146,1508.0,4800.0,0.5,-0.014186650896590436,0.68359375,0.41091424226760864,0.0,0.8546242564916611,1.0,307200.0,0.0001,600.0,0.2,115.88471284508705,256.0,0.05126953125,0.728515625,-0.3078681397018954,619.0,45.0,0.7734375,82.68031311035156,0.44353392720222473,-85.33726771352812
256.0,0.4375,0.0044756606221199036,1464.0,4808.0,0.5,-0.008880415043677203,0.7109375,0.4301067590713501,0.0,0.8654579222202301,1.0,307712.0,0.0001,601.0,0.2,114.14511957764626,256.0,0.038330078125,0.7734375,-0.3080526468111202,620.5,45.0,0.8359375,50.5289421081543,0.42989158630371094,-87.34135480010882
256.0,0.4765625,0.005000191740691662,1431.0,4816.0,0.5,-0.008010232129890937,0.734375,0.4014340341091156,0.0,0.8888024911284447,1.0,308224.0,0.0001,602.0,0.2,137.45313349366188,256.0,0.038330078125,0.7578125,-0.30132455693092197,599.0,45.0,0.78125,264.1660461425781,0.38314223289489746,-86.40491311209276
256.0,0.513671875,0.00509612075984478,1230.0,4824.0,0.5,-0.007637178394361399,0.78515625,0.4077489972114563,0.0,0.8532998412847519,1.0,308736.0,0.0001,603.0,0.2,163.80661223828793,256.0,0.05419921875,0.771484375,-0.2839467291487381,609.0,45.0,0.7578125,29.141433715820312,0.40406137704849243,-86.89185718802736
256.0,0.515625,0.008806640282273293,1428.0,4832.0,0.5,-0.008659349658046267,0.7578125,0.46270328760147095,0.0,0.9309035018086433,1.0,309248.0,0.0001,604.0,0.2,42.01902275532484,256.0,0.0419921875,0.7421875,-0.27273780514951795,612.0,45.0,0.7265625,10.018926620483398,0.4699411392211914,-85.49268109038472
256.0,0.50390625,0.0034043765626847744,1455.0,4840.0,0.5,-0.005275318908388726,0.7578125,0.420174241065979,0.0,0.9006307795643806,1.0,309760.0,0.0001,605.0,0.2,127.80487058311701,256.0,0.0263671875,0.75390625,-0.24448293400928378,612.5,45.0,0.75,33.3192024230957,0.4029706120491028,-83.69729394797235
256.0,0.462890625,0.004514979664236307,1419.0,4848.0,0.5,-0.008854118437739089,0.72265625,0.4398953914642334,0.0,0.8569220155477524,1.0,310272.0,0.0001,606.0,0.2,118.52756635844707,256.0,0.029541015625,0.759765625,-0.2774347602389753,616.0,45.0,0.796875,19.765533447265625,0.43200236558914185,-81.63523660877719
256.0,0.458984375,0.005012106150388718,1449.0,4856.0,0.5,-0.011018349210644374,0.7421875,0.40875717997550964,0.0,0.8124760240316391,1.0,310784.0,0.0001,607.0,0.2,167.56654685735703,256.0,0.046630859375,0.783203125,-0.30338782409671694,606.0,45.0,0.82421875,70.4786376953125,0.3830088973045349,-79.79409361789003
256.0,0.40625,0.00519249914214015,1480.0,4864.0,0.5,-0.010432193856104277,0.671875,0.426076203584671,0.0,0.8859453424811363,1.0,311296.0,0.0001,608.0,0.2,85.16372597962618,256.0,0.046875,0.765625,-0.2614305968163535,600.0,45.0,0.859375,16.091426849365234,0.41167935729026794,-79.81970796458423
256.0,0.42578125,0.006616080179810524,1142.0,4872.0,0.5,-0.010135421689483337,0.6953125,0.42258161306381226,0.0,0.8986434563994408,1.0,311808.0,0.0001,609.0,0.2,52.228552371263504,256.0,0.060302734375,0.76953125,-0.32112741691526026,604.5,45.0,0.84375,29.126262664794922,0.42635613679885864,-79.40957284575329
256.0,0.451171875,0.005854406859725714,1466.0,4880.0,0.5,-0.01319567694736179,0.71875,0.4422577917575836,0.0,0.8569253087043762,1.0,312320.0,0.0001,610.0,0.2,131.64409345388412,256.0,0.080078125,0.767578125,-0.26964580442290753,600.5,45.0,0.81640625,29.122140884399414,0.42180711030960083,-79.07449482643977
256.0,0.435546875,0.0022372279781848192,1456.0,4888.0,0.5,-0.005226686749665532,0.66015625,0.40714484453201294,0.0,0.8537821471691132,1.0,312832.0,0.0001,611.0,0.2,189.32662132382393,256.0,0.02783203125,0.724609375,-0.2729645805666223,598.5,45.0,0.7890625,63.0819206237793,0.4512346386909485,-79.26984252799302
256.0,0.455078125,0.007439166307449341,1381.0,4896.0,0.5,-0.009516016361885704,0.68359375,0.42101964354515076,0.0,0.9104874432086945,1.0,313344.0,0.0001,612.0,0.2,47.682399190962315,256.0,0.044189453125,0.728515625,-0.28037261369172484,593.5,45.0,0.7734375,11.808625221252441,0.44033363461494446,-80.42294314144179
256.0,0.49609375,0.007394270971417427,1466.0,4904.0,0.5,-0.006852804610389285,0.7265625,0.42678356170654297,0.0,0.8673142939805984,1.0,313856.0,0.0001,613.0,0.2,137.04525651037693,256.0,0.0439453125,0.73046875,-0.2779800381977111,583.0,45.0,0.734375,36.09054183959961,0.4265434145927429,-81.04265234421939
256.0,0.4921875,0.006708306726068258,1211.0,4912.0,0.5,-0.008793800210696645,0.76953125,0.40554070472717285,0.0,0.8749676793813705,1.0,314368.0,0.0001,614.0,0.2,126.82311455905437,256.0,0.0576171875,0.77734375,-0.27321164804743603,569.0,45.0,0.78515625,46.10531234741211,0.41391521692276,-82.13741459984332
256.0,0.466796875,0.007095143664628267,1423.0,4920.0,0.5,-0.011433775391196832,0.734375,0.41517841815948486,0.0,0.8888271749019623,1.0,314880.0,0.0001,615.0,0.2,68.0668642371893,256.0,0.05224609375,0.767578125,-0.2637305378448218,571.5,45.0,0.80078125,19.546838760375977,0.40613535046577454,-84.23976968705654
256.0,0.486328125,0.003647449892014265,1422.0,4928.0,0.5,-0.009830762763158418,0.7734375,0.4263491630554199,0.0,0.8340200334787369,1.0,315392.0,0.0001,616.0,0.2,125.5659960359335,256.0,0.031982421875,0.787109375,-0.2725837389007211,579.5,45.0,0.80078125,21.373449325561523,0.4078321158885956,-84.24238208109513
256.0,0.478515625,0.003954178187996149,1549.0,4936.0,0.5,-0.011910962377442047,0.7578125,0.41409265995025635,0.0,0.8401032537221909,1.0,315904.0,0.0001,617.0,0.2,180.1719284951687,256.0,0.06005859375,0.779296875,-0.27915825694799423,566.5,45.0,0.80078125,79.18695831298828,0.4189837574958801,-83.59053464259952
256.0,0.421875,0.007088871672749519,1410.0,4944.0,0.5,-0.013729059923207387,0.69921875,0.3991232216358185,0.0,0.836688905954361,1.0,316416.0,0.0001,618.0,0.2,78.80199807882309,256.0,0.06640625,0.77734375,-0.33567338087596,575.5,45.0,0.85546875,15.279534339904785,0.3921581506729126,-84.86189925579355
256.0,0.46484375,0.010291018523275852,1188.0,4952.0,0.5,-0.01124245219034492,0.7421875,0.411217600107193,0.0,0.9262844175100327,1.0,316928.0,0.0001,619.0,0.2,51.02049923688173,256.0,0.071533203125,0.77734375,-0.3087175226537511,581.0,45.0,0.8125,8.929645538330078,0.4168597459793091,-84.24185363946482
256.0,0.40234375,0.0021605361253023148,1467.0,4960.0,0.5,-0.00788236441439949,0.66015625,0.41510629653930664,0.0,0.8676997274160385,1.0,317440.0,0.0001,620.0,0.2,139.80724801123142,256.0,0.03564453125,0.7578125,-0.288409058121033,586.5,45.0,0.85546875,47.7396240234375,0.4290929138660431,-83.80890380492434
256.0,0.439453125,0.00230179401114583,1464.0,4968.0,0.5,-0.004927142908854876,0.6953125,0.44767871499061584,0.0,0.9178954586386681,1.0,317952.0,0.0001,621.0,0.2,49.69388967752457,256.0,0.0205078125,0.755859375,-0.2553981568198651,618.5,45.0,0.81640625,13.087818145751953,0.42897528409957886,-83.40554689787328
256.0,0.51953125,0.004158591851592064,1529.0,4976.0,0.5,-0.010427029679703992,0.75,0.4055168926715851,0.0,0.8582183569669724,1.0,318464.0,0.0001,622.0,0.2,163.72051325440407,256.0,0.033935546875,0.73046875,-0.2582939093699679,618.5,45.0,0.7109375,28.73161506652832,0.4247104823589325,-82.30316951058805
256.0,0.431640625,0.0052867126651108265,1402.0,4984.0,0.5,-0.007795882655045716,0.6796875,0.4253508448600769,0.0,0.7694028615951538,1.0,318976.0,0.0001,623.0,0.2,237.81301799416542,256.0,0.042724609375,0.748046875,-0.2673981739208102,624.5,45.0,0.81640625,20.908599853515625,0.4355660080909729,-83.18303907267749
256.0,0.451171875,0.0029167374595999718,1529.0,4992.0,0.5,-0.005448499559861375,0.703125,0.43182921409606934,0.0,0.8231489658355713,1.0,319488.0,0.0001,624.0,0.2,222.8840194940567,256.0,0.01708984375,0.751953125,-0.2243239716044627,619.5,45.0,0.80078125,197.978759765625,0.4231765866279602,-84.0855547442101
256.0,0.49609375,0.004857730120420456,1199.0,5000.0,0.5,-0.008171220310032368,0.77734375,0.41848814487457275,0.0,0.8406107872724533,1.0,320000.0,0.0001,625.0,0.2,162.26836735010147,256.0,0.042724609375,0.78125,-0.2865545026725158,621.0,45.0,0.78515625,88.59661102294922,0.4039396047592163,-85.17085849300027
256.0,0.458984375,0.007357821334153414,1501.0,5008.0,0.5,-0.015248650230205385,0.72265625,0.3995877504348755,0.0,0.8213821053504944,1.0,320512.0,0.0001,626.0,0.2,166.20838338136673,256.0,0.054931640625,0.763671875,-0.30385835852939636,618.5,45.0,0.8046875,18.290599822998047,0.40853172540664673,-85.15908452002331
256.0,0.544921875,0.0026559364050626755,1444.0,5016.0,0.5,-0.005286179650283884,0.7890625,0.4399197995662689,0.0,0.8136118501424789,1.0,321024.0,0.0001,627.0,0.2,179.73811048269272,256.0,0.017333984375,0.744140625,-0.2947539333254099,599.5,45.0,0.69921875,32.26826477050781,0.4422113299369812,-85.07986110255122
256.0,0.50390625,0.005040357355028391,1449.0,5024.0,0.5,-0.009171683937893249,0.734375,0.43055829405784607,0.0,0.9317111149430275,1.0,321536.0,0.0001,628.0,0.2,53.98446498811245,256.0,0.0458984375,0.73046875,-0.232527649612166,600.5,45.0,0.7265625,16.2850284576416,0.4515836834907532,-83.82752559175715
256.0,0.490234375,0.002881901105865836,1458.0,5032.0,0.5,-0.007037370189209469,0.7421875,0.43775588274002075,0.0,0.8455518633127213,1.0,322048.0,0.0001,629.0,0.2,180.53558227419853,256.0,0.02587890625,0.751953125,-0.2516430765390396,595.0,45.0,0.76171875,33.72245788574219,0.42404693365097046,-83.04636692302302
256.0,0.53125,0.007745189592242241,1243.0,5040.0,0.5,-0.004412374548337539,0.796875,0.4199028015136719,0.0,0.8246668577194214,1.0,322560.0,0.0001,630.0,0.2,128.48507218062878,256.0,0.027099609375,0.765625,-0.2630284621263854,589.0,45.0,0.734375,36.065704345703125,0.41083887219429016,-82.60092885822058
256.0,0.509765625,0.009130481630563736,1420.0,5048.0,0.5,-0.004834281564399134,0.71484375,0.4584251046180725,0.0,0.9334483966231346,1.0,323072.0,0.0001,631.0,0.2,44.92006680369377,256.0,0.052734375,0.705078125,-0.26451068924507126,586.5,45.0,0.6953125,10.181122779846191,0.48363810777664185,-82.71745212411508
256.0,0.451171875,0.003948775585740805,1459.0,5056.0,0.5,-0.008290487283375114,0.7109375,0.41592931747436523,0.0,0.858008548617363,1.0,323584.0,0.0001,632.0,0.2,150.19247153401375,256.0,0.050048828125,0.759765625,-0.24648046295624226,592.5,45.0,0.80859375,57.65157699584961,0.41253533959388733,-81.35648840229959
256.0,0.509765625,0.007033264264464378,1463.0,5064.0,0.5,-0.013119333758368157,0.7578125,0.41460004448890686,0.0,0.8621411919593811,1.0,324096.0,0.0001,633.0,0.2,142.26228004693985,256.0,0.052734375,0.748046875,-0.29178504808805883,585.5,45.0,0.73828125,29.682353973388672,0.40888991951942444,-79.95523689737543
256.0,0.453125,0.005297426600009203,1426.0,5072.0,0.5,-0.0112331835043733,0.75,0.41692519187927246,0.0,0.8599120676517487,1.0,324608.0,0.0001,634.0,0.2,50.91088855266571,256.0,0.03955078125,0.796875,-0.2986498683458194,589.5,45.0,0.84375,11.512085914611816,0.3939451575279236,-79.76173677915708
256.0,0.421875,0.007040127646178007,1199.0,5080.0,0.5,-0.012514312787970994,0.69921875,0.3974246382713318,0.0,0.8817357495427132,1.0,325120.0,0.0001,635.0,0.2,86.90041978657246,256.0,0.068603515625,0.77734375,-0.2643526387400925,592.0,45.0,0.85546875,24.358760833740234,0.3993229866027832,-79.45138692159206
256.0,0.390625,0.006561338901519775,1427.0,5088.0,0.5,-0.013613185630674707,0.640625,0.4081140160560608,0.0,0.8711704909801483,1.0,325632.0,0.0001,636.0,0.2,78.65526071190834,256.0,0.055908203125,0.75,-0.29923848260659724,611.5,45.0,0.859375,21.27509880065918,0.4284307062625885,-80.11204379966483
256.0,0.435546875,0.0023073526099324226,1461.0,5096.0,0.5,-0.00681570777669549,0.70703125,0.4139784574508667,0.0,0.829005554318428,1.0,326144.0,0.0001,637.0,0.2,184.24601691961288,256.0,0.022705078125,0.771484375,-0.2569115525111556,607.0,45.0,0.8359375,66.51554870605469,0.385538786649704,-81.30779382841662
256.0,0.455078125,0.007654854096472263,1522.0,5104.0,0.5,-0.012101787207939196,0.73828125,0.4018101990222931,0.0,0.8548826575279236,1.0,326656.0,0.0001,638.0,0.2,173.95407043397427,256.0,0.080810546875,0.783203125,-0.26010698755271733,603.5,45.0,0.828125,30.687461853027344,0.3953841030597687,-82.23103600230068
256.0,0.42578125,0.006793949753046036,1461.0,5112.0,0.5,-0.010735277974163182,0.67578125,0.4453626871109009,0.0,0.902895599603653,1.0,327168.0,0.0001,639.0,0.2,74.03587482869625,256.0,0.04736328125,0.75,-0.24427398724947125,607.0,45.0,0.82421875,16.087223052978516,0.4641304016113281,-84.35367872484028
256.0,0.484375,0.0033607364166527987,1271.0,5120.0,0.5,-0.011627081075857859,0.796875,0.35938742756843567,0.0,0.8682348281145096,1.0,327680.0,0.0001,640.0,0.2,177.2403315603733,256.0,0.03857421875,0.8125,-0.24231352505739778,586.0,45.0,0.828125,87.88681030273438,0.3297818601131439,-83.70163890199736
256.0,0.490234375,0.004012140445411205,1447.0,5128.0,0.5,-0.007527203531935811,0.77734375,0.41029345989227295,0.0,0.8820794150233269,1.0,328192.0,0.0001,641.0,0.2,75.33422057330608,256.0,0.034912109375,0.787109375,-0.25904304010327905,596.0,45.0,0.796875,24.1904239654541,0.3914920687675476,-85.93091866675765
256.0,0.5078125,0.00935675110667944,1419.0,5136.0,0.5,-0.011233981185796438,0.765625,0.4322402775287628,0.0,0.9257130846381187,1.0,328704.0,0.0001,642.0,0.2,37.42591676861048,256.0,0.0615234375,0.7578125,-0.2648327926872298,602.5,45.0,0.75,7.144876480102539,0.41530343890190125,-85.66016270104795
256.0,0.482421875,0.004431130364537239,1319.0,5144.0,0.5,-0.006138014017778914,0.8203125,0.429525762796402,0.0,0.9089968726038933,1.0,329216.0,0.0001,643.0,0.2,50.01089496165514,256.0,0.03564453125,0.837890625,-0.23992148344404995,598.5,45.0,0.85546875,6.758615970611572,0.3881714940071106,-84.44574855102226
256.0,0.486328125,0.007092299405485392,1401.0,5152.0,0.5,-0.006671359165920876,0.75390625,0.4161476790904999,0.0,0.907239519059658,1.0,329728.0,0.0001,644.0,0.2,61.79192008078098,256.0,0.04296875,0.767578125,-0.3043584645492956,601.5,45.0,0.78125,19.11557388305664,0.3974674642086029,-83.33659227669239
256.0,0.529296875,0.0013899174518883228,1240.0,5160.0,0.5,-0.005369828009861521,0.765625,0.4210781455039978,0.0,0.832054391503334,1.0,330240.0,0.0001,645.0,0.2,330.44555777311325,256.0,0.009521484375,0.736328125,-0.22807927167741582,587.0,45.0,0.70703125,110.65949249267578,0.41738349199295044,-81.47550828006119
256.0,0.513671875,0.0051382845267653465,1481.0,5168.0,0.5,-0.007162490463088034,0.7890625,0.4260646104812622,0.0,0.8240494132041931,1.0,330752.0,0.0001,646.0,0.2,154.31051595509052,256.0,0.039306640625,0.775390625,-0.25754326820606366,607.5,45.0,0.76171875,80.39108276367188,0.4076617360115051,-82.01625486832113
256.0,0.501953125,0.007908038794994354,1466.0,5176.0,0.5,-0.012163971943664365,0.76953125,0.4255256652832031,0.0,0.8961077481508255,1.0,331264.0,0.0001,647.0,0.2,88.22357100248337,256.0,0.047119140625,0.767578125,-0.2926564126973972,612.5,45.0,0.765625,25.17938804626465,0.41762375831604004,-79.95265689225867
256.0,0.486328125,0.0026383125223219395,1512.0,5184.0,0.5,-0.00713195368371089,0.734375,0.42870625853538513,0.0,0.8295866400003433,1.0,331776.0,0.0001,648.0,0.2,264.163976252079,256.0,0.020751953125,0.748046875,-0.22408284130506217,614.5,45.0,0.76171875,108.15436553955078,0.435413122177124,-79.25094577336684
256.0,0.458984375,0.0037039783783257008,1412.0,5192.0,0.5,-0.005540447191378917,0.7421875,0.4051193594932556,0.0,0.7743950039148331,1.0,332288.0,0.0001,649.0,0.2,327.4191786646843,256.0,0.022705078125,0.783203125,-0.2579953004606068,599.5,45.0,0.82421875,59.329551696777344,0.4333157241344452,-79.86138980966061
256.0,0.451171875,0.00442748935893178,1213.0,5200.0,0.5,-0.010484920159797184,0.7265625,0.3953899145126343,0.0,0.8173811733722687,1.0,332800.0,0.0001,650.0,0.2,120.1979137212038,256.0,0.034423828125,0.775390625,-0.2699583402136341,584.5,45.0,0.82421875,55.63813781738281,0.38652312755584717,-82.53396976916119
256.0,0.435546875,0.002182119293138385,1486.0,5208.0,0.5,-0.005289549593726406,0.75,0.37866586446762085,0.0,0.7740710824728012,1.0,333312.0,0.0001,651.0,0.2,365.4308958053589,256.0,0.0185546875,0.814453125,-0.24487183330347762,578.0,45.0,0.87890625,162.9423828125,0.36538803577423096,-83.85515261165797
256.0,0.43359375,0.004847063682973385,1398.0,5216.0,0.5,-0.01059485141740879,0.71484375,0.3887658715248108,0.0,0.8767494261264801,1.0,333824.0,0.0001,652.0,0.2,68.97270593047142,256.0,0.048583984375,0.78125,-0.2649496921803802,593.5,45.0,0.84765625,58.44839859008789,0.4016861915588379,-87.58096580773592
256.0,0.423828125,0.005594247952103615,1414.0,5224.0,0.5,-0.008303157504997216,0.71484375,0.3934665024280548,0.0,0.9086831361055374,1.0,334336.0,0.0001,653.0,0.2,47.32296295464039,256.0,0.037841796875,0.791015625,-0.2749056159518659,604.0,45.0,0.8671875,11.019919395446777,0.3730957508087158,-89.13612991183996
256.0,0.4609375,0.010840874165296555,1425.0,5232.0,0.5,-0.008750076674914453,0.71484375,0.4097639322280884,0.0,0.9314844310283661,1.0,334848.0,0.0001,654.0,0.2,40.72201159596443,256.0,0.0498046875,0.75390625,-0.26869470020756125,601.0,45.0,0.79296875,16.37244415283203,0.4186311662197113,-88.82237488498912
256.0,0.447265625,0.0030370396561920643,1442.0,5240.0,0.5,-0.008535182911145967,0.71484375,0.4008994698524475,0.0,0.8420644104480743,1.0,335360.0,0.0001,655.0,0.2,187.91690123081207,256.0,0.037109375,0.767578125,-0.24261320778168738,595.5,45.0,0.8203125,75.5953140258789,0.398010790348053,-89.03703838979825
256.0,0.5,0.005885910242795944,1435.0,5248.0,0.5,-0.006794778360927012,0.78125,0.43585237860679626,0.0,0.9406316019594669,1.0,335872.0,0.0001,656.0,0.2,38.159090131521225,256.0,0.03857421875,0.78125,-0.28026512067299336,593.0,45.0,0.78125,10.81249713897705,0.4203317165374756,-91.44740286238492
256.0,0.556640625,0.0038543357513844967,1436.0,5256.0,0.5,-0.007681049675738905,0.81640625,0.41410475969314575,0.0,0.9121883064508438,1.0,336384.0,0.0001,657.0,0.2,87.77207089960575,256.0,0.02197265625,0.759765625,-0.2320849956595339,590.5,45.0,0.703125,23.68151092529297,0.4370543360710144,-90.32186714516952
256.0,0.5390625,0.0031440649181604385,1457.0,5264.0,0.5,-0.008002825641597155,0.8125,0.409477174282074,0.0,0.8675816655158997,1.0,336896.0,0.0001,658.0,0.2,132.52740763127804,256.0,0.03759765625,0.7734375,-0.2612537373788655,605.5,45.0,0.734375,37.76750183105469,0.4017014503479004,-88.01759087756277
256.0,0.453125,0.004790591076016426,1472.0,5272.0,0.5,-0.00818453807005426,0.734375,0.4159000813961029,0.0,0.8640272915363312,1.0,337408.0,0.0001,659.0,0.2,165.80541452765465,256.0,0.043701171875,0.78125,-0.2627959785750136,590.0,45.0,0.828125,59.206268310546875,0.39635294675827026,-84.8915369846113
256.0,0.478515625,0.008345600217580795,1164.0,5280.0,0.5,-0.013998529509990476,0.76953125,0.410091370344162,0.0,0.8968213945627213,1.0,337920.0,0.0001,660.0,0.2,64.43957374989986,256.0,0.06494140625,0.791015625,-0.28609521605540067,600.0,45.0,0.8125,26.993093490600586,0.37929704785346985,-83.80102285966277
256.0,0.455078125,0.001411206554621458,1553.0,5288.0,0.5,-0.004729254505946301,0.7265625,0.411304771900177,0.0,0.7530274093151093,1.0,338432.0,0.0001,661.0,0.2,364.0021878480911,256.0,0.016845703125,0.771484375,-0.26161666528787464,575.5,45.0,0.81640625,44.434940338134766,0.4124686121940613,-81.54876922354102
256.0,0.451171875,0.007906520739197731,1460.0,5296.0,0.5,-0.008514465509506408,0.72265625,0.40457284450531006,0.0,0.8467486351728439,1.0,338944.0,0.0001,662.0,0.2,171.62362495064735,256.0,0.049560546875,0.771484375,-0.3317395426565781,566.0,45.0,0.8203125,60.560489654541016,0.383486807346344,-82.33352554649115
256.0,0.478515625,0.003083340357989073,1483.0,5304.0,0.5,-0.006204956087458413,0.71875,0.4294469356536865,0.0,0.8669409155845642,1.0,339456.0,0.0001,663.0,0.2,122.6944245249033,256.0,0.0263671875,0.740234375,-0.2622085914481431,580.0,45.0,0.76171875,26.011735916137695,0.44664931297302246,-83.52344847794622
256.0,0.5078125,0.006211349740624428,1423.0,5312.0,0.5,-0.011637250769126695,0.78515625,0.4245648980140686,0.0,0.8882990255951881,1.0,339968.0,0.0001,664.0,0.2,77.09897194802761,256.0,0.0537109375,0.77734375,-0.3437345763668418,583.0,45.0,0.76953125,19.037595748901367,0.4180423617362976,-82.78380631452427
256.0,0.533203125,0.003511526621878147,1493.0,5320.0,0.5,-0.008258861784270266,0.79296875,0.43536046147346497,0.0,0.9151227623224258,1.0,340480.0,0.0001,665.0,0.2,123.74843835830688,256.0,0.03564453125,0.759765625,-0.26991143345367163,577.5,45.0,0.7265625,42.08774185180664,0.43107807636260986,-80.15464175451547
256.0,0.474609375,0.003716906998306513,1249.0,5328.0,0.5,-0.007708553210250102,0.71875,0.436725378036499,0.0,0.899293065071106,1.0,340992.0,0.0001,666.0,0.2,150.34977217018604,256.0,0.033935546875,0.744140625,-0.22501964814728126,569.5,45.0,0.76953125,26.9433650970459,0.43841370940208435,-80.65328036680818
256.0,0.50390625,0.0042206174694001675,1521.0,5336.0,0.5,-0.006507861322461395,0.75390625,0.3897061347961426,0.0,0.8174136132001877,1.0,341504.0,0.0001,667.0,0.2,293.1484589278698,256.0,0.033447265625,0.75,-0.2424491536221467,574.0,45.0,0.74609375,194.08480834960938,0.4221235513687134,-82.23501588650048
256.0,0.462890625,0.0032498736400157213,1443.0,5344.0,0.5,-0.00944508723114268,0.72265625,0.4414578974246979,0.0,0.8299071788787842,1.0,342016.0,0.0001,668.0,0.2,163.96354576945305,256.0,0.033935546875,0.759765625,-0.2818702713120729,584.5,45.0,0.796875,105.76615142822266,0.4132657051086426,-83.85569020938128
256.0,0.482421875,0.0029334169812500477,1466.0,5352.0,0.5,-0.010887554148212075,0.78125,0.4178822636604309,0.0,0.8554052859544754,1.0,342528.0,0.0001,669.0,0.2,155.5179822742939,256.0,0.031982421875,0.798828125,-0.2738392170285806,589.0,45.0,0.81640625,25.982511520385742,0.39694511890411377,-83.88145545748993
256.0,0.4453125,0.007717247121036053,1466.0,5360.0,0.5,-0.010350174627092201,0.69921875,0.41963136196136475,0.0,0.88262939453125,1.0,343040.0,0.0001,670.0,0.2,135.8293343782425,256.0,0.0322265625,0.75390625,-0.30200986430281773,620.5,45.0,0.80859375,38.33926773071289,0.4346773326396942,-84.158605642654
256.0,0.4453125,0.005068447440862656,1221.0,5368.0,0.5,-0.007380586066574324,0.67578125,0.42513763904571533,0.0,0.8395979851484299,1.0,343552.0,0.0001,671.0,0.2,244.59423598647118,256.0,0.037353515625,0.73046875,-0.297803970053792,631.0,45.0,0.78515625,125.97422790527344,0.44610098004341125,-82.15608330972492
256.0,0.455078125,0.004625615663826466,1454.0,5376.0,0.5,-0.009490734482824337,0.6875,0.42648687958717346,0.0,0.9040338918566704,1.0,344064.0,0.0001,672.0,0.2,78.46772201359272,256.0,0.051025390625,0.732421875,-0.292909218755085,644.5,45.0,0.77734375,17.880172729492188,0.44354701042175293,-82.1956395952031
256.0,0.466796875,0.005178441293537617,1456.0,5384.0,0.5,-0.015027337183710188,0.71875,0.4171917140483856,0.0,0.9526835940778255,1.0,344576.0,0.0001,673.0,0.2,36.65586505830288,256.0,0.055419921875,0.751953125,-0.30888764152769,650.5,45.0,0.78515625,11.894200325012207,0.42709606885910034,-82.0547307337448
256.0,0.482421875,0.0031309558544307947,1521.0,5392.0,0.5,-0.004829428286029724,0.71875,0.43699416518211365,0.0,0.8687449097633362,1.0,345088.0,0.0001,674.0,0.2,184.3234462738037,256.0,0.0244140625,0.736328125,-0.25826686643995345,660.5,45.0,0.75390625,78.98078155517578,0.4375155568122864,-82.7565627527237
256.0,0.49609375,0.004464044235646725,1599.0,5400.0,0.5,-0.01164182019783766,0.765625,0.3721434473991394,0.0,0.8529166132211685,1.0,345600.0,0.0001,675.0,0.2,271.11288809776306,256.0,0.056640625,0.76953125,-0.24873661500168964,681.0,45.0,0.7734375,62.3441276550293,0.3925006091594696,-84.4391517328471
256.0,0.490234375,0.003843807615339756,1530.0,5408.0,0.5,-0.007865942745411303,0.734375,0.40531566739082336,0.0,0.8003051429986954,1.0,346112.0,0.0001,676.0,0.2,278.7273991405964,256.0,0.0283203125,0.744140625,-0.2894456600770354,682.0,45.0,0.75390625,90.3253402709961,0.4301130175590515,-86.51282152125611
256.0,0.513671875,0.00410578353330493,1238.0,5416.0,0.5,-0.007375325898465235,0.78125,0.41856884956359863,0.0,0.8649020493030548,1.0,346624.0,0.0001,677.0,0.2,198.77862536907196,256.0,0.02685546875,0.767578125,-0.30907082895282656,714.0,45.0,0.75390625,84.98564147949219,0.4233967065811157,-85.8517976799421
256.0,0.447265625,0.004445136524736881,1441.0,5424.0,0.5,-0.010061567831144203,0.71875,0.4233896732330322,0.0,0.8767806887626648,1.0,347136.0,0.0001,678.0,0.2,93.36228862404823,256.0,0.036865234375,0.771484375,-0.29578681965358555,709.0,45.0,0.82421875,28.0306453704834,0.3988909125328064,-86.75028686456382
256.0,0.484375,0.00649201450869441,1464.0,5432.0,0.5,-0.007997711822099518,0.75,0.4337456524372101,0.0,0.8983712270855904,1.0,347648.0,0.0001,679.0,0.2,70.98201197385788,256.0,0.052001953125,0.765625,-0.3169391427654773,710.0,45.0,0.78125,26.99588394165039,0.41658449172973633,-86.64766379475594
256.0,0.517578125,0.007301804609596729,1491.0,5440.0,0.5,-0.011825459579995368,0.80859375,0.4142501950263977,0.0,0.8835045546293259,1.0,348160.0,0.0001,680.0,0.2,172.2504199743271,256.0,0.0439453125,0.791015625,-0.2760323418187909,707.5,45.0,0.7734375,61.15947723388672,0.3994638919830322,-86.57268926354125
256.0,0.458984375,0.005350683815777302,1475.0,5448.0,0.5,-0.0060479559579107445,0.69140625,0.4299955368041992,0.0,0.9008115604519844,1.0,348672.0,0.0001,681.0,0.2,149.02235597372055,256.0,0.0361328125,0.732421875,-0.2759690269595012,697.5,45.0,0.7734375,107.57093048095703,0.44331949949264526,-86.3662108875811
256.0,0.5078125,0.003194711171090603,1283.0,5456.0,0.5,-0.005731323049985804,0.81640625,0.37819430232048035,0.0,0.8238968104124069,1.0,349184.0,0.0001,682.0,0.2,319.18926906585693,256.0,0.0244140625,0.80859375,-0.3122234405018389,693.0,45.0,0.80078125,115.11417388916016,0.3775159418582916,-86.56339679736644
256.0,0.501953125,0.003721122397109866,1475.0,5464.0,0.5,-0.008836624911054969,0.76171875,0.42549267411231995,0.0,0.8880241587758064,1.0,349696.0,0.0001,683.0,0.2,100.69627000391483,256.0,0.04443359375,0.759765625,-0.33395881636533886,702.0,45.0,0.7578125,30.04520034790039,0.406202107667923,-89.12932158246636
256.0,0.482421875,0.00374668394215405,1494.0,5472.0,0.5,-0.004730745597044006,0.703125,0.4147808253765106,0.0,0.7874422669410706,1.0,350208.0,0.0001,684.0,0.2,230.87990647554398,256.0,0.02099609375,0.720703125,-0.29639999382197857,704.5,45.0,0.73828125,105.80611419677734,0.43611809611320496,-88.7031368678622
256.0,0.404296875,0.006456328555941582,1437.0,5480.0,0.5,-0.011626976607658435,0.6875,0.3746982514858246,0.0,0.8497274667024612,1.0,350720.0,0.0001,685.0,0.2,142.50171196460724,256.0,0.0693359375,0.783203125,-0.3057143382029608,714.5,45.0,0.87890625,64.02315521240234,0.3973250985145569,-87.56546724481508
256.0,0.478515625,0.005291604436933994,1453.0,5488.0,0.5,-0.009844764324952848,0.76171875,0.41529226303100586,0.0,0.8652978837490082,1.0,351232.0,0.0001,686.0,0.2,142.3462515771389,256.0,0.05322265625,0.783203125,-0.3269096508156508,690.0,45.0,0.8046875,70.56592559814453,0.40284931659698486,-88.70511692544446
256.0,0.408203125,0.00403943145647645,1181.0,5496.0,0.5,-0.010174670514970785,0.66015625,0.4296390414237976,0.0,0.8566651940345764,1.0,351744.0,0.0001,687.0,0.2,148.9248309880495,256.0,0.047119140625,0.751953125,-0.3112466918537393,666.0,45.0,0.84375,92.25594329833984,0.44536805152893066,-88.51149337887765
256.0,0.447265625,0.007519499398767948,1456.0,5504.0,0.5,-0.012004577889456414,0.72265625,0.401511549949646,0.0,0.8560915291309357,1.0,352256.0,0.0001,688.0,0.2,140.87920889258385,256.0,0.05322265625,0.775390625,-0.31119142344687134,665.5,45.0,0.828125,19.058433532714844,0.38283467292785645,-90.10152072777971
256.0,0.5703125,0.006343473214656115,1434.0,5512.0,0.5,-0.009955211869964842,0.8125,0.4154270887374878,0.0,0.9001315981149673,1.0,352768.0,0.0001,689.0,0.2,137.4116957783699,256.0,0.039306640625,0.7421875,-0.3082884351024404,675.5,45.0,0.671875,45.003562927246094,0.4570728838443756,-90.30141943616792
256.0,0.529296875,0.00332790520042181,1515.0,5520.0,0.5,-0.007584491591842379,0.78125,0.4076193869113922,0.0,0.8844749480485916,1.0,353280.0,0.0001,690.0,0.2,161.71125769615173,256.0,0.03564453125,0.751953125,-0.25595936516765505,664.0,45.0,0.72265625,47.15815734863281,0.4153400957584381,-90.29994005749002
256.0,0.509765625,0.006221727933734655,1501.0,5528.0,0.5,-0.009540347076836042,0.7734375,0.42624515295028687,0.0,0.8654153943061829,1.0,353792.0,0.0001,691.0,0.2,175.5434610247612,256.0,0.043701171875,0.763671875,-0.3301219743443653,656.0,45.0,0.75390625,41.4752082824707,0.41714924573898315,-90.49531014660373
256.0,0.515625,0.0021035068202763796,1399.0,5536.0,0.5,-0.004569911943690386,0.75,0.43244701623916626,0.0,0.893039844930172,1.0,354304.0,0.0001,692.0,0.2,173.72540816664696,256.0,0.01904296875,0.734375,-0.2573757946956903,643.0,45.0,0.71875,39.042179107666016,0.4470374882221222,-88.02058528728783
256.0,0.505859375,0.004986995365470648,1400.0,5544.0,0.5,-0.007237667352455901,0.77734375,0.4144579768180847,0.0,0.9109398797154427,1.0,354816.0,0.0001,693.0,0.2,71.46616643667221,256.0,0.039794921875,0.771484375,-0.33203704620245844,652.5,45.0,0.765625,16.530797958374023,0.4220353066921234,-87.83430161748082
256.0,0.474609375,0.0032639363780617714,1485.0,5552.0,0.5,-0.009864727275271434,0.7421875,0.40943947434425354,0.0,0.7842649966478348,1.0,355328.0,0.0001,694.0,0.2,434.95304149389267,256.0,0.01953125,0.767578125,-0.3048713852185756,628.0,45.0,0.79296875,199.08119201660156,0.41104355454444885,-84.76468172518537
256.0,0.44140625,0.005111615639179945,1455.0,5560.0,0.5,-0.0097499405965209,0.75390625,0.38497766852378845,0.0,0.7430709600448608,1.0,355840.0,0.0001,695.0,0.2,248.32546642422676,256.0,0.05126953125,0.8125,-0.3349804434692487,620.0,45.0,0.87109375,51.45368576049805,0.35850048065185547,-86.940577713307
256.0,0.46484375,0.005839312449097633,1425.0,5568.0,0.5,-0.009698155263322406,0.71875,0.4300897717475891,0.0,0.9156774654984474,1.0,356352.0,0.0001,696.0,0.2,91.93504379689693,256.0,0.056884765625,0.75390625,-0.3343126302352175,653.5,45.0,0.7890625,27.840925216674805,0.42479994893074036,-88.15099788403138
256.0,0.46875,0.005772192031145096,1294.0,5576.0,0.5,-0.0067019771740888245,0.70703125,0.4301076829433441,0.0,0.8015957921743393,1.0,356864.0,0.0001,697.0,0.2,278.02220606803894,256.0,0.058837890625,0.73828125,-0.3402030923170969,652.0,45.0,0.76953125,92.68003845214844,0.4375303387641907,-87.0389991815202
256.0,0.50390625,0.0044934446923434734,1219.0,5584.0,0.5,-0.009722153547045309,0.796875,0.4181106388568878,0.0,0.8697842657566071,1.0,357376.0,0.0001,698.0,0.2,171.80689787864685,256.0,0.03369140625,0.79296875,-0.32532814203295857,653.0,45.0,0.7890625,76.07952117919922,0.38293692469596863,-87.41508092196658
256.0,0.5,0.007727847900241613,1471.0,5592.0,0.5,-0.007820161314157303,0.7265625,0.42982450127601624,0.0,0.9458498805761337,1.0,357888.0,0.0001,699.0,0.2,53.227892860770226,256.0,0.045654296875,0.7265625,-0.3461537449620664,656.5,45.0,0.7265625,11.338773727416992,0.4504704177379608,-87.81227051528171
256.0,0.466796875,0.005264044273644686,1459.0,5600.0,0.5,-0.009790538642846514,0.75,0.4185079336166382,0.0,0.9229650869965553,1.0,358400.0,0.0001,700.0,0.2,87.38192237913609,256.0,0.04931640625,0.783203125,-0.33016417268663645,687.0,45.0,0.81640625,28.36590003967285,0.3920477330684662,-87.96879316376523
256.0,0.439453125,0.007361382246017456,1540.0,5608.0,0.5,-0.011057618030463345,0.72265625,0.3921046257019043,0.0,0.9284335747361183,1.0,358912.0,0.0001,701.0,0.2,162.3150755763054,256.0,0.059814453125,0.783203125,-0.3263210713630542,668.5,45.0,0.84375,15.493401527404785,0.40405815839767456,-87.28210078822448
256.0,0.46875,0.004809534642845392,1487.0,5616.0,0.5,-0.00915637677826453,0.71875,0.41906601190567017,0.0,0.9152512699365616,1.0,359424.0,0.0001,702.0,0.2,90.53666566312313,256.0,0.04443359375,0.75,-0.3194571047788486,676.0,45.0,0.78125,20.165203094482422,0.4258275628089905,-90.49894882261754
256.0,0.41796875,0.005506290588527918,1269.0,5624.0,0.5,-0.013709327606193256,0.69140625,0.39184093475341797,0.0,0.7860104739665985,1.0,359936.0,0.0001,703.0,0.2,287.58557841181755,256.0,0.0517578125,0.7734375,-0.3433726398507133,641.5,45.0,0.85546875,78.36698913574219,0.39326608180999756,-90.4413686507754
256.0,0.4375,0.006584323942661285,1406.0,5632.0,0.5,-0.012981979525648057,0.70703125,0.44069743156433105,0.0,0.7571259886026382,1.0,360448.0,0.0001,704.0,0.2,112.31181635707617,256.0,0.06005859375,0.76953125,-0.32640148245263845,656.5,45.0,0.83203125,27.823017120361328,0.4376066327095032,-92.62825543513522
256.0,0.48828125,0.008741533383727074,1476.0,5640.0,0.5,-0.008984587591839954,0.77734375,0.4109145402908325,0.0,0.9055436328053474,1.0,360960.0,0.0001,705.0,0.2,46.4999338388443,256.0,0.05810546875,0.7890625,-0.35403545177541673,636.0,45.0,0.80078125,9.452027320861816,0.3936934173107147,-90.62191604888066
256.0,0.46875,0.00615895027294755,1513.0,5648.0,0.5,-0.008452052297798218,0.73828125,0.4141489863395691,0.0,0.9003036245703697,1.0,361472.0,0.0001,706.0,0.2,193.17578215897083,256.0,0.049072265625,0.76953125,-0.3156971528660506,650.5,45.0,0.80078125,8.869353294372559,0.428839772939682,-90.2315805494599
256.0,0.46484375,0.0025316309183835983,1578.0,5656.0,0.5,-0.00831144762923941,0.74609375,0.39247602224349976,0.0,0.8960821256041527,1.0,361984.0,0.0001,707.0,0.2,245.1789380311966,256.0,0.02392578125,0.78125,-0.26249690767144784,616.0,45.0,0.81640625,86.75006103515625,0.3915885090827942,-90.32710730370134
256.0,0.49609375,0.002520754700526595,1280.0,5664.0,0.5,-0.007361608415521914,0.75,0.40038853883743286,0.0,0.8069945722818375,1.0,362496.0,0.0001,708.0,0.2,479.179611325264,256.0,0.0166015625,0.75390625,-0.26191065087914467,575.5,45.0,0.7578125,81.48371124267578,0.43143224716186523,-92.81779418539256
256.0,0.470703125,0.0019751968793570995,1560.0,5672.0,0.5,-0.00632177420266089,0.75390625,0.41077345609664917,0.0,0.807303860783577,1.0,363008.0,0.0001,709.0,0.2,350.66195607185364,256.0,0.0205078125,0.783203125,-0.30255464918445796,542.0,45.0,0.8125,290.0303955078125,0.3904874324798584,-96.4239082916081
256.0,0.509765625,0.0016101151704788208,1670.0,5680.0,0.5,-0.005313284593285061,0.8125,0.3661760091781616,0.0,0.7340758442878723,1.0,363520.0,0.0001,710.0,0.2,742.8877265453339,256.0,0.01611328125,0.802734375,-0.23294114175951108,518.5,45.0,0.79296875,224.21884155273438,0.3685051202774048,-97.26522602509708
256.0,0.515625,0.002675179857760668,1513.0,5688.0,0.5,-0.008217633068852592,0.78515625,0.4185226857662201,0.0,0.7852575033903122,1.0,364032.0,0.0001,711.0,0.2,290.17426896095276,256.0,0.018310546875,0.76953125,-0.2828206007834524,510.5,45.0,0.75390625,253.5247039794922,0.4408155679702759,-99.82033213606104
256.0,0.49609375,0.00565757229924202,1508.0,5696.0,0.5,-0.00836652507132385,0.79296875,0.40481647849082947,0.0,0.8453372716903687,1.0,364544.0,0.0001,712.0,0.2,228.0812979787588,256.0,0.039794921875,0.796875,-0.3083927867701277,537.0,45.0,0.80078125,353.8509826660156,0.3843677341938019,-99.53093333041295
256.0,0.568359375,0.003681468777358532,1391.0,5704.0,0.5,-0.00830925595437293,0.8203125,0.4447900652885437,0.0,0.9390265345573425,1.0,365056.0,0.0001,713.0,0.2,53.75537072122097,256.0,0.031982421875,0.751953125,-0.25385217735311016,542.0,45.0,0.68359375,19.97113800048828,0.45608043670654297,-97.0167392646335
256.0,0.4765625,0.012534597888588905,1189.0,5712.0,0.5,-0.015488806580833625,0.75390625,0.4573685824871063,0.0,0.8969040066003799,1.0,365568.0,0.0001,714.0,0.2,101.62400569021702,256.0,0.076904296875,0.77734375,-0.29022605426143855,547.5,45.0,0.80078125,39.159324645996094,0.4466204345226288,-95.9744404993765
256.0,0.478515625,0.004262832924723625,1559.0,5720.0,0.5,-0.006520387913042214,0.73828125,0.39884069561958313,0.0,0.8451498299837112,1.0,366080.0,0.0001,715.0,0.2,417.55572026968,256.0,0.03369140625,0.759765625,-0.29022219276521355,529.5,45.0,0.78125,50.695674896240234,0.39371758699417114,-95.02162705089897
256.0,0.484375,0.005379014648497105,1423.0,5728.0,0.5,-0.007822913241398055,0.76953125,0.4489826261997223,0.0,0.9165970906615257,1.0,366592.0,0.0001,716.0,0.2,71.2656349092722,256.0,0.04736328125,0.78515625,-0.26831437333021313,569.5,45.0,0.80078125,17.414989471435547,0.4304291605949402,-95.45886931657792
256.0,0.466796875,0.007365969009697437,1497.0,5736.0,0.5,-0.014511607561871642,0.69140625,0.4123278856277466,0.0,0.8593149781227112,1.0,367104.0,0.0001,717.0,0.2,240.63684105873108,256.0,0.05078125,0.724609375,-0.2778556499397382,583.0,45.0,0.7578125,103.76042175292969,0.4206227660179138,-91.70466024821624
256.0,0.435546875,0.0033590984530746937,1462.0,5744.0,0.5,-0.007055020847474225,0.71875,0.41439053416252136,0.0,0.9430492334067822,1.0,367616.0,0.0001,718.0,0.2,61.7573477178812,256.0,0.033203125,0.783203125,-0.282215443556197,600.5,45.0,0.84765625,14.93596076965332,0.40710073709487915,-90.96681531686336
256.0,0.423828125,0.00779308844357729,1279.0,5752.0,0.5,-0.00785654405990499,0.65234375,0.38954389095306396,0.0,0.8842135220766068,1.0,368128.0,0.0001,719.0,0.2,296.807294934988,256.0,0.056884765625,0.728515625,-0.2502298067556694,615.5,45.0,0.8046875,60.629512786865234,0.43330198526382446,-90.43583093438298
256.0,0.423828125,0.007716817781329155,1476.0,5760.0,0.5,-0.010707983121392317,0.67578125,0.4176470637321472,0.0,0.9003152996301651,1.0,368640.0,0.0001,720.0,0.2,110.03950609266758,256.0,0.0595703125,0.751953125,-0.32759424939285964,616.0,45.0,0.828125,23.515180587768555,0.42173027992248535,-89.40331854321063
256.0,0.474609375,0.003298832569271326,1519.0,5768.0,0.5,-0.006163914571516216,0.73046875,0.3797500729560852,0.0,0.8295183926820755,1.0,369152.0,0.0001,721.0,0.2,352.8704939186573,256.0,0.02783203125,0.755859375,-0.3085899919969961,613.5,45.0,0.78125,45.000213623046875,0.4076734483242035,-89.63180980509146
256.0,0.45703125,0.0031937453895807266,1530.0,5776.0,0.5,-0.00801644201419549,0.75390625,0.4314427971839905,0.0,0.8697143346071243,1.0,369664.0,0.0001,722.0,0.2,205.63563799858093,256.0,0.01953125,0.796875,-0.2690667442511767,611.0,45.0,0.83984375,126.99833679199219,0.4063154458999634,-91.30897418711335
256.0,0.48828125,0.010584084317088127,1507.0,5784.0,0.5,-0.012472675429307856,0.73046875,0.42437171936035156,0.0,0.8747054636478424,1.0,370176.0,0.0001,723.0,0.2,150.0306045114994,256.0,0.07763671875,0.7421875,-0.3063852757913992,613.0,45.0,0.75390625,86.4850082397461,0.4358528256416321,-93.70722515115514
256.0,0.533203125,0.006858003791421652,1200.0,5792.0,0.5,-0.014077530489885248,0.76953125,0.42231759428977966,0.0,0.911907784640789,1.0,370688.0,0.0001,724.0,0.2,93.50950899720192,256.0,0.07177734375,0.736328125,-0.295610100729391,631.0,45.0,0.703125,27.814525604248047,0.4398999810218811,-95.20774602945895
256.0,0.5546875,0.006426435429602861,1480.0,5800.0,0.5,-0.007834039104636759,0.84765625,0.405121386051178,0.0,0.9145162031054497,1.0,371200.0,0.0001,725.0,0.2,115.92741760611534,256.0,0.02783203125,0.79296875,-0.309631924610585,639.5,45.0,0.73828125,26.712404251098633,0.38019388914108276,-91.44085341531783
256.0,0.53515625,0.007061230484396219,1345.0,5808.0,0.5,-0.006166607534396462,0.78515625,0.4235018193721771,0.0,0.9303834065794945,1.0,371712.0,0.0001,726.0,0.2,64.1346984654665,256.0,0.051513671875,0.75,-0.32442731293849647,637.0,45.0,0.71484375,19.050552368164062,0.41888096928596497,-90.39284879112616
256.0,0.46875,0.004866332747042179,1496.0,5816.0,0.5,-0.008570932288421318,0.72265625,0.41410091519355774,0.0,0.9260596185922623,1.0,372224.0,0.0001,727.0,0.2,159.38684298098087,256.0,0.034423828125,0.75390625,-0.28746120969299227,652.0,45.0,0.78515625,23.139524459838867,0.4315219223499298,-89.57702631657943
256.0,0.46484375,0.0020543658174574375,1531.0,5824.0,0.5,-0.005205818721151445,0.7578125,0.38575106859207153,0.0,0.84906305372715,1.0,372736.0,0.0001,728.0,0.2,291.18116211891174,256.0,0.01611328125,0.79296875,-0.2830367375863716,644.0,45.0,0.828125,42.54041290283203,0.3782200813293457,-87.46576899616048
256.0,0.46875,0.003775156568735838,1493.0,5832.0,0.5,-0.0073558426011004485,0.75,0.3944184184074402,0.0,0.7801512628793716,1.0,373248.0,0.0001,729.0,0.2,203.85960417985916,256.0,0.031494140625,0.78125,-0.30248740955721587,659.0,45.0,0.8125,40.52336120605469,0.398699551820755,-88.55835099179298
256.0,0.453125,0.005969609599560499,1199.0,5840.0,0.5,-0.010943398003291804,0.703125,0.4184708595275879,0.0,0.8800085708498955,1.0,373760.0,0.0001,730.0,0.2,123.40239337086678,256.0,0.037109375,0.75,-0.31271719420328736,665.5,45.0,0.796875,22.925251007080078,0.4383201599121094,-87.67904659440741
256.0,0.466796875,0.010950333438813686,1462.0,5848.0,0.5,-0.009522614993329626,0.76171875,0.42496615648269653,0.0,0.96267494186759,1.0,374272.0,0.0001,731.0,0.2,34.51875162869692,256.0,0.074462890625,0.794921875,-0.2853146110428497,653.5,45.0,0.828125,10.87565803527832,0.40028268098831177,-86.33712832260876
256.0,0.478515625,0.004449795000255108,1490.0,5856.0,0.5,-0.00944483132843743,0.73828125,0.41437071561813354,0.0,0.9068973511457443,1.0,374784.0,0.0001,732.0,0.2,176.1627527922392,256.0,0.041748046875,0.759765625,-0.2805632068775594,646.0,45.0,0.78125,29.16753578186035,0.4218623638153076,-86.80973371829838
256.0,0.51953125,0.008096151053905487,1453.0,5864.0,0.5,-0.012794343208952341,0.7890625,0.42272865772247314,0.0,0.9520372115075588,1.0,375296.0,0.0001,733.0,0.2,43.42767000198364,256.0,0.077392578125,0.76953125,-0.2935609510168433,657.0,45.0,0.75,10.27573013305664,0.3947165608406067,-88.2464664939791
256.0,0.501953125,0.007549377158284187,1507.0,5872.0,0.5,-0.010761085941339843,0.765625,0.42722970247268677,0.0,0.92363640666008,1.0,375808.0,0.0001,734.0,0.2,97.21523009240627,256.0,0.05419921875,0.763671875,-0.28339772659819573,656.5,45.0,0.76171875,31.122072219848633,0.41163209080696106,-88.78229828285053
256.0,0.56640625,0.004383592866361141,1256.0,5880.0,0.5,-0.007703989569563419,0.8046875,0.43794840574264526,0.0,0.8403921872377396,1.0,376320.0,0.0001,735.0,0.2,310.4631022512913,256.0,0.041259765625,0.73828125,-0.29215595684945583,654.0,45.0,0.671875,159.3529052734375,0.4592732787132263,-88.42702645743266
256.0,0.48828125,0.003133936319500208,1564.0,5888.0,0.5,-0.00656905196592561,0.76171875,0.37837398052215576,0.0,0.9027676209807396,1.0,376832.0,0.0001,736.0,0.2,231.32183668017387,256.0,0.023193359375,0.7734375,-0.26305615110322833,640.5,45.0,0.78515625,594.9855346679688,0.38655340671539307,-90.1976621282287
256.0,0.482421875,0.010987656190991402,1464.0,5896.0,0.5,-0.012550680803542491,0.765625,0.42706117033958435,0.0,0.8877751603722572,1.0,377344.0,0.0001,737.0,0.2,63.657009564340115,256.0,0.063720703125,0.783203125,-0.28920659830328077,661.0,45.0,0.80078125,16.23601722717285,0.3969832956790924,-90.35527126504108
256.0,0.44921875,0.009172696620225906,1452.0,5904.0,0.5,-0.010527003032620996,0.73828125,0.42104393243789673,0.0,0.9306955114006996,1.0,377856.0,0.0001,738.0,0.2,56.91676980257034,256.0,0.06787109375,0.7890625,-0.3274587616324425,668.5,45.0,0.83984375,15.6661958694458,0.38315168023109436,-87.51435149800032
256.0,0.44921875,0.002726358361542225,1460.0,5912.0,0.5,-0.008550435301003745,0.69140625,0.3963613510131836,0.0,0.8381168097257614,1.0,378368.0,0.0001,739.0,0.2,262.4026956856251,256.0,0.038330078125,0.7421875,-0.269448624108918,650.5,45.0,0.79296875,197.7286376953125,0.41879940032958984,-87.20988327160478
256.0,0.443359375,0.009041889570653439,1213.0,5920.0,0.5,-0.0074273828431614675,0.734375,0.4063708782196045,0.0,0.9435575194656849,1.0,378880.0,0.0001,740.0,0.2,45.04670092463493,256.0,0.0625,0.791015625,-0.32632520666811615,645.5,45.0,0.84765625,15.969979286193848,0.40038979053497314,-88.33509036259726
256.0,0.4140625,0.00518797617405653,1492.0,5928.0,0.5,-0.008234146174800117,0.69921875,0.3951811194419861,0.0,0.8226842284202576,1.0,379392.0,0.0001,741.0,0.2,302.4851921200752,256.0,0.03662109375,0.78515625,-0.3098687659949064,638.5,45.0,0.87109375,86.44743347167969,0.3996630907058716,-89.17837362697348
256.0,0.498046875,0.003635209985077381,1501.0,5936.0,0.5,-0.007203949950053357,0.73828125,0.4032231867313385,0.0,0.9061874747276306,1.0,379904.0,0.0001,742.0,0.2,171.84256228804588,256.0,0.03076171875,0.740234375,-0.27280999918002635,634.0,45.0,0.7421875,48.79862594604492,0.41517871618270874,-90.87343076849356
256.0,0.466796875,0.004644769709557295,1515.0,5944.0,0.5,-0.007510492658184376,0.69140625,0.42346519231796265,0.0,0.8969450369477272,1.0,380416.0,0.0001,743.0,0.2,134.2876206189394,256.0,0.03076171875,0.724609375,-0.2880577074829489,626.5,45.0,0.7578125,89.97559356689453,0.4581809639930725,-92.4585928414017
256.0,0.46875,0.0019594854675233364,1469.0,5952.0,0.5,-0.006475362679339014,0.73828125,0.4117928445339203,0.0,0.9323477819561958,1.0,380928.0,0.0001,744.0,0.2,69.05998693406582,256.0,0.016845703125,0.76953125,-0.2717020664131269,642.5,45.0,0.80078125,17.7301082611084,0.40974587202072144,-93.90340451670811
256.0,0.44921875,0.004621818661689758,1528.0,5960.0,0.5,-0.006473233486758545,0.6796875,0.42698463797569275,0.0,0.9353846833109856,1.0,381440.0,0.0001,745.0,0.2,140.792157843709,256.0,0.051513671875,0.73046875,-0.27109380019828677,641.0,45.0,0.78125,9.442488670349121,0.4298345148563385,-92.57678635420278
256.0,0.43359375,0.001807051943615079,1548.0,5968.0,0.5,-0.005133703751198482,0.73828125,0.39729294180870056,0.0,0.8108826726675034,1.0,381952.0,0.0001,746.0,0.2,439.50471714138985,256.0,0.017578125,0.8046875,-0.27192745613865554,617.0,45.0,0.87109375,80.2513427734375,0.3736487627029419,-93.00188346084207
256.0,0.478515625,0.00253472151234746,1490.0,5976.0,0.5,-0.006973937808652408,0.74609375,0.421383798122406,0.0,0.8161126226186752,1.0,382464.0,0.0001,747.0,0.2,285.75103440880775,256.0,0.021728515625,0.767578125,-0.2934332973090932,604.5,45.0,0.7890625,23.673381805419922,0.4257846474647522,-96.51158495102078
256.0,0.470703125,0.004224647302180529,1367.0,5984.0,0.5,-0.007672508567338809,0.75,0.4241671562194824,0.0,0.7914645820856094,1.0,382976.0,0.0001,748.0,0.2,227.55096572637558,256.0,0.032958984375,0.779296875,-0.2925520761637017,620.5,45.0,0.80859375,70.19446563720703,0.39489132165908813,-96.13588278241455
256.0,0.44140625,0.0065234387293457985,1476.0,5992.0,0.5,-0.008523768912709784,0.703125,0.441333532333374,0.0,0.9543471224606037,1.0,383488.0,0.0001,749.0,0.2,39.66983862966299,256.0,0.054443359375,0.76171875,-0.2479967357357964,616.0,45.0,0.8203125,8.251668930053711,0.42675691843032837,-93.99738326849416
256.0,0.513671875,0.007839389145374298,1434.0,6000.0,0.5,-0.011917274598090444,0.77734375,0.4213855564594269,0.0,0.9585260525345802,1.0,384000.0,0.0001,750.0,0.2,40.087409898638725,256.0,0.08056640625,0.763671875,-0.30474316026084125,636.5,45.0,0.75,7.402280807495117,0.39642250537872314,-93.6222643318586
256.0,0.466796875,0.0027509683277457952,1419.0,6008.0,0.5,-0.008719964098418131,0.70703125,0.4209190011024475,0.0,0.8940138146281242,1.0,384512.0,0.0001,751.0,0.2,179.43194511532784,256.0,0.03076171875,0.740234375,-0.2033045768039301,645.0,45.0,0.7734375,84.46487426757812,0.41892391443252563,-89.51007850699126
256.0,0.509765625,0.009403042495250702,1423.0,6016.0,0.5,-0.010385713030700572,0.765625,0.4330939054489136,0.0,0.9127574563026428,1.0,385024.0,0.0001,752.0,0.2,60.92921167612076,256.0,0.044921875,0.755859375,-0.26707638043444604,643.0,45.0,0.74609375,11.608558654785156,0.4330475926399231,-87.69751485241576
256.0,0.466796875,0.00285451952368021,1497.0,6024.0,0.5,-0.00630213303520577,0.734375,0.44174104928970337,0.0,0.9249180182814598,1.0,385536.0,0.0001,753.0,0.2,111.13691914081573,256.0,0.029052734375,0.767578125,-0.24506859004031867,658.0,45.0,0.80078125,30.170289993286133,0.41608181595802307,-87.08359433831647
256.0,0.4140625,0.004723063670098782,1533.0,6032.0,0.5,-0.0053660577796108555,0.65234375,0.4145124852657318,0.0,0.924246110022068,1.0,386048.0,0.0001,754.0,0.2,175.5866232663393,256.0,0.03515625,0.73828125,-0.21210258320206776,676.5,45.0,0.82421875,13.863149642944336,0.4245743453502655,-86.27640005921945
256.0,0.462890625,0.009488451294600964,1432.0,6040.0,0.5,-0.012742104983772151,0.70703125,0.4199923276901245,0.0,0.9535243697464466,1.0,386560.0,0.0001,755.0,0.2,37.89893239736557,256.0,0.068359375,0.744140625,-0.26081483403686434,690.0,45.0,0.78125,8.992609977722168,0.43954622745513916,-85.35051197001711
256.0,0.431640625,0.0030029811896383762,1135.0,6048.0,0.5,-0.008809844566712854,0.6875,0.41308969259262085,0.0,0.8781675919890404,1.0,387072.0,0.0001,756.0,0.2,179.06013056635857,256.0,0.023681640625,0.755859375,-0.23852957115741447,711.5,45.0,0.82421875,32.56655502319336,0.4083201587200165,-84.31549209035933
256.0,0.408203125,0.004376891069114208,1423.0,6056.0,0.5,-0.009057421921170317,0.67578125,0.41692817211151123,0.0,0.8838548436760902,1.0,387584.0,0.0001,757.0,0.2,92.20234397053719,256.0,0.071533203125,0.767578125,-0.2609020780073479,716.5,45.0,0.859375,6.552804470062256,0.42389795184135437,-84.64289128484205
256.0,0.46875,0.009222937747836113,1446.0,6064.0,0.5,-0.011607338805333711,0.75390625,0.41622021794319153,0.0,0.9448212161660194,1.0,388096.0,0.0001,758.0,0.2,39.674412965774536,256.0,0.07177734375,0.78515625,-0.24835289298789576,718.5,45.0,0.81640625,9.188322067260742,0.39561572670936584,-84.3826959694922
256.0,0.474609375,0.002690546680241823,1651.0,6072.0,0.5,-0.00624762835650472,0.7265625,0.3991646468639374,0.0,0.8411652147769928,1.0,388608.0,0.0001,759.0,0.2,589.4289586544037,256.0,0.01806640625,0.751953125,-0.21528035897063091,680.0,45.0,0.77734375,260.2125549316406,0.4083520472049713,-84.44073808154091
256.0,0.56640625,0.0047830697149038315,1416.0,6080.0,0.5,-0.007721827958448557,0.8203125,0.4104718267917633,0.0,0.9320141896605492,1.0,389120.0,0.0001,760.0,0.2,72.7411294952035,256.0,0.046630859375,0.75390625,-0.21186438523000106,693.0,45.0,0.6875,17.110187530517578,0.41032639145851135,-90.25471138413995
256.0,0.556640625,0.0039042572025209665,1235.0,6088.0,0.5,-0.005521674440387869,0.77734375,0.4346204996109009,0.0,0.7990009933710098,1.0,389632.0,0.0001,761.0,0.2,455.59342563152313,256.0,0.02099609375,0.720703125,-0.237502695992589,684.0,45.0,0.6640625,168.44546508789062,0.44429653882980347,-88.18047441322356
256.0,0.494140625,0.0029681730084121227,1411.0,6096.0,0.5,-0.005711110374249984,0.7578125,0.44339779019355774,0.0,0.8497311323881149,1.0,390144.0,0.0001,762.0,0.2,209.07824155688286,256.0,0.01806640625,0.763671875,-0.18403002351988107,684.5,45.0,0.76953125,80.56053161621094,0.42141851782798767,-89.44867348710075
256.0,0.5234375,0.002201058203354478,1555.0,6104.0,0.5,-0.0053888541588094085,0.75390625,0.3913189768791199,0.0,0.824075236916542,1.0,390656.0,0.0001,763.0,0.2,608.1083360910416,256.0,0.0185546875,0.73046875,-0.20162433775840327,660.0,45.0,0.70703125,265.3672180175781,0.41564711928367615,-88.41682437701151
256.0,0.4921875,0.0032039256766438484,1503.0,6112.0,0.5,-0.006300154946075054,0.7890625,0.4106411039829254,0.0,0.8023746013641357,1.0,391168.0,0.0001,764.0,0.2,467.5931612253189,256.0,0.02587890625,0.796875,-0.20808779902290553,652.5,45.0,0.8046875,200.2637939453125,0.41649606823921204,-89.88426682723686
256.0,0.505859375,0.004013408906757832,1411.0,6120.0,0.5,-0.007024059734249022,0.77734375,0.4016512334346771,0.0,0.8073314130306244,1.0,391680.0,0.0001,765.0,0.2,384.5429073572159,256.0,0.028076171875,0.771484375,-0.22099884424824268,623.0,45.0,0.765625,62.038509368896484,0.40188068151474,-89.73129001289607
256.0,0.40234375,0.005643894895911217,1171.0,6128.0,0.5,-0.008968878617451992,0.66015625,0.4115784764289856,0.0,0.9283749759197235,1.0,392192.0,0.0001,766.0,0.2,59.002478152513504,256.0,0.0419921875,0.7578125,-0.2552771308692172,624.0,45.0,0.85546875,13.964173316955566,0.4111477732658386,-91.09451328070834
256.0,0.4140625,0.0038431163411587477,1445.0,6136.0,0.5,-0.007763838657410815,0.66015625,0.39878392219543457,0.0,0.8472247570753098,1.0,392704.0,0.0001,767.0,0.2,293.190065741539,256.0,0.039794921875,0.74609375,-0.226082295703236,631.5,45.0,0.83203125,195.45692443847656,0.4386472702026367,-91.54635448487475
256.0,0.42578125,0.001737552578561008,1404.0,6144.0,0.5,-0.006160645054478664,0.69921875,0.39642634987831116,0.0,0.8635423183441162,1.0,393216.0,0.0001,768.0,0.2,295.9979054927826,256.0,0.01416015625,0.7734375,-0.2561855911044404,649.5,45.0,0.84765625,67.63027954101562,0.4123883545398712,-92.06266989652067
256.0,0.396484375,0.006449015345424414,1240.0,6152.0,0.5,-0.008156158812198555,0.66796875,0.4249419569969177,0.0,0.9135708659887314,1.0,393728.0,0.0001,769.0,0.2,74.5721732378006,256.0,0.041748046875,0.771484375,-0.20870599296176806,649.5,45.0,0.875,22.861360549926758,0.41967737674713135,-91.71447255678476
256.0,0.44921875,0.001609673141501844,1556.0,6160.0,0.5,-0.006390728798578493,0.7109375,0.4080355763435364,0.0,0.8164556920528412,1.0,394240.0,0.0001,770.0,0.2,545.0313781499863,256.0,0.017333984375,0.76171875,-0.22621340601472184,672.0,45.0,0.8125,117.12470245361328,0.4108136296272278,-94.1762262830697
256.0,0.51171875,0.002839145017787814,1435.0,6168.0,0.5,-0.00520260063058231,0.79296875,0.4063934087753296,0.0,0.910785436630249,1.0,394752.0,0.0001,771.0,0.2,227.86784359812737,256.0,0.02099609375,0.78125,-0.1671465034596622,671.0,45.0,0.76953125,14.863176345825195,0.4054464101791382,-95.34089706951752
256.0,0.53125,0.0021878061816096306,1223.0,6176.0,0.5,-0.005958457288215868,0.77734375,0.41581907868385315,0.0,0.8180561512708664,1.0,395264.0,0.0001,772.0,0.2,428.36708039045334,256.0,0.013427734375,0.74609375,-0.21551065490348265,671.5,45.0,0.71484375,133.8108367919922,0.4330812096595764,-96.24978674059734
256.0,0.509765625,0.0035798088647425175,1450.0,6184.0,0.5,-0.015620232254150324,0.796875,0.4369368553161621,0.0,0.8405935913324356,1.0,395776.0,0.0001,773.0,0.2,280.74259293079376,256.0,0.05078125,0.787109375,-0.24195741018047556,711.5,45.0,0.77734375,95.78982543945312,0.4126111567020416,-95.56395334618166
256.0,0.498046875,0.003924099262803793,1429.0,6192.0,0.5,-0.008735020019230433,0.7421875,0.4505295753479004,0.0,0.8302323967218399,1.0,396288.0,0.0001,774.0,0.2,438.40945249795914,256.0,0.03125,0.744140625,-0.17906786710955203,704.5,45.0,0.74609375,46.555458068847656,0.42383116483688354,-92.16276052422822
256.0,0.51171875,0.003596189199015498,1311.0,6200.0,0.5,-0.005735428781918017,0.75390625,0.44653040170669556,0.0,0.921859122812748,1.0,396800.0,0.0001,775.0,0.2,159.6368943452835,256.0,0.0498046875,0.7421875,-0.19779412914067507,719.0,45.0,0.73046875,49.738136291503906,0.4639466106891632,-92.31923393020406
256.0,0.4921875,0.005267480853945017,1401.0,6208.0,0.5,-0.007510794504923979,0.7578125,0.4379308521747589,0.0,0.9372696578502655,1.0,397312.0,0.0001,776.0,0.2,64.453120701015,256.0,0.03515625,0.765625,-0.23181791696697474,727.0,45.0,0.7734375,6.178864479064941,0.4154587984085083,-91.07069815507158
256.0,0.45703125,0.0053358422592282295,1149.0,6216.0,0.5,-0.008603258975199424,0.73046875,0.42852890491485596,0.0,0.9287935495376587,1.0,397824.0,0.0001,777.0,0.2,94.4358271509409,256.0,0.05029296875,0.7734375,-0.23435264104045928,736.0,45.0,0.81640625,24.915203094482422,0.42630165815353394,-87.40864368679001
256.0,0.490234375,0.006990652531385422,1458.0,6224.0,0.5,-0.010456531126692425,0.73046875,0.442371129989624,0.0,0.9427914246916771,1.0,398336.0,0.0001,778.0,0.2,79.51550045609474,256.0,0.03955078125,0.740234375,-0.21204761666012928,723.5,45.0,0.75,14.619095802307129,0.4315064549446106,-84.82038522740827
256.0,0.4765625,0.00294697773642838,1462.0,6232.0,0.5,-0.004843477225222159,0.7265625,0.40194985270500183,0.0,0.8432489186525345,1.0,398848.0,0.0001,779.0,0.2,401.6268068552017,256.0,0.02685546875,0.75,-0.18610621069092304,715.5,45.0,0.7734375,283.6708984375,0.4360862970352173,-84.54624097412452
256.0,0.48828125,0.0022968105040490627,1531.0,6240.0,0.5,-0.006519322392705362,0.73828125,0.38480979204177856,0.0,0.9015351384878159,1.0,399360.0,0.0001,780.0,0.2,287.3277920484543,256.0,0.017822265625,0.75,-0.1723462775698863,716.0,45.0,0.76171875,96.81096649169922,0.38669440150260925,-84.80990738276392
256.0,0.443359375,0.004143017344176769,1504.0,6248.0,0.5,-0.00825084168172907,0.69140625,0.395464688539505,0.0,0.7375726401805878,1.0,399872.0,0.0001,781.0,0.2,637.1908991336823,256.0,0.019775390625,0.748046875,-0.20101148093817756,708.0,45.0,0.8046875,487.4522399902344,0.40344125032424927,-85.58650105372071
256.0,0.453125,0.002121154684573412,1169.0,6256.0,0.5,-0.006690379610517994,0.73828125,0.409161239862442,0.0,0.7973333150148392,1.0,400384.0,0.0001,782.0,0.2,434.23347637057304,256.0,0.031494140625,0.78515625,-0.2270940236048773,697.0,45.0,0.83203125,24.6583309173584,0.41382652521133423,-88.68246074672788
256.0,0.466796875,0.0032883116509765387,1344.0,6264.0,0.5,-0.007327797164180083,0.73828125,0.44009003043174744,0.0,0.879778191447258,1.0,400896.0,0.0001,783.0,0.2,74.06096606701612,256.0,0.02978515625,0.771484375,-0.19243109232047573,709.0,45.0,0.8046875,12.483036994934082,0.42551684379577637,-91.11962276680396
256.0,0.486328125,0.0044195279479026794,1548.0,6272.0,0.5,-0.007423195624141954,0.75390625,0.41687095165252686,0.0,0.8180168271064758,1.0,401408.0,0.0001,784.0,0.2,442.6392592191696,256.0,0.02880859375,0.767578125,-0.21052349166711792,671.0,45.0,0.78125,95.7399673461914,0.41869056224823,-90.32711987476796
256.0,0.501953125,0.004086457192897797,1417.0,6280.0,0.5,-0.007896156723290915,0.73828125,0.4068893492221832,0.0,0.8366014212369919,1.0,401920.0,0.0001,785.0,0.2,369.65307849645615,256.0,0.040283203125,0.736328125,-0.2531078655156307,651.5,45.0,0.734375,32.83426284790039,0.4264088273048401,-93.58354664580897
256.0,0.494140625,0.005150896962732077,1433.0,6288.0,0.5,-0.010330359131330624,0.75,0.43645381927490234,0.0,0.9100547507405281,1.0,402432.0,0.0001,786.0,0.2,108.54725137352943,256.0,0.0341796875,0.755859375,-0.22924790595425293,648.5,45.0,0.76171875,23.44113540649414,0.4440663456916809,-96.20230025690049
256.0,0.513671875,0.007850922644138336,1155.0,6296.0,0.5,-0.010106372115842532,0.7578125,0.4456789493560791,0.0,0.9589246176183224,1.0,402944.0,0.0001,787.0,0.2,36.63181618601084,256.0,0.0703125,0.744140625,-0.2667010111035779,648.0,45.0,0.73046875,6.348658084869385,0.43409186601638794,-94.88607597807422
256.0,0.4921875,0.002024937653914094,1563.0,6304.0,0.5,-0.007586061845358927,0.78515625,0.3890489935874939,0.0,0.8331336379051208,1.0,403456.0,0.0001,788.0,0.2,492.25330805778503,256.0,0.024658203125,0.79296875,-0.22621703299228102,628.0,45.0,0.80078125,81.58000946044922,0.3704302906990051,-94.52100487498566
256.0,0.5,0.005533208604902029,1458.0,6312.0,0.5,-0.011060135901061585,0.73046875,0.43913769721984863,0.0,0.8489895910024643,1.0,403968.0,0.0001,789.0,0.2,195.86360386013985,256.0,0.031005859375,0.73046875,-0.2490214008721523,637.5,45.0,0.73046875,64.46126556396484,0.4578695595264435,-94.50874392598867
256.0,0.4609375,0.001703498768620193,1637.0,6320.0,0.5,-0.0047362272343889344,0.7265625,0.3712468147277832,0.0,0.7765043526887894,1.0,404480.0,0.0001,790.0,0.2,803.9820159077644,256.0,0.015625,0.765625,-0.1869065903010778,647.5,45.0,0.8046875,113.4796371459961,0.39731675386428833,-91.90396246630698
256.0,0.47265625,0.006663513835519552,1429.0,6328.0,0.5,-0.008080074647295987,0.75390625,0.4267131984233856,0.0,0.8134152740240097,1.0,404992.0,0.0001,791.0,0.2,136.2682744860649,256.0,0.03857421875,0.78125,-0.26215012330794707,636.0,45.0,0.80859375,24.68566131591797,0.4066929221153259,-91.55161083860322
256.0,0.453125,0.004784810356795788,1382.0,6336.0,0.5,-0.009746515141159762,0.74609375,0.4123004972934723,0.0,0.9056742563843727,1.0,405504.0,0.0001,792.0,0.2,106.26237024366856,256.0,0.032958984375,0.79296875,-0.24427277885843068,626.5,45.0,0.83984375,16.865224838256836,0.39212262630462646,-91.18437197411433
256.0,0.458984375,0.003839964047074318,1246.0,6344.0,0.5,-0.0062374308035941795,0.72265625,0.40447020530700684,0.0,0.8075282424688339,1.0,406016.0,0.0001,793.0,0.2,448.29190212488174,256.0,0.032470703125,0.763671875,-0.26350145728792995,623.5,45.0,0.8046875,57.61552047729492,0.40869951248168945,-91.24985011821613
256.0,0.486328125,0.008067317306995392,1402.0,6352.0,0.5,-0.010766146413516253,0.70703125,0.4468226134777069,0.0,0.9261097386479378,1.0,406528.0,0.0001,794.0,0.2,58.30060735344887,256.0,0.05859375,0.720703125,-0.2878039978677407,653.0,45.0,0.734375,8.789182662963867,0.4539564847946167,-91.10758395237848
256.0,0.4921875,0.002649121219292283,1456.0,6360.0,0.5,-0.006702755024889484,0.765625,0.4223209023475647,0.0,0.9005821496248245,1.0,407040.0,0.0001,795.0,0.2,190.88019305467606,256.0,0.027099609375,0.7734375,-0.2120438595302403,647.0,45.0,0.78125,76.79666900634766,0.41139817237854004,-89.13956431312486
256.0,0.46875,0.005345482844859362,1418.0,6368.0,0.5,-0.006418147659132956,0.69921875,0.422733336687088,0.0,0.90821623057127,1.0,407552.0,0.0001,796.0,0.2,75.97839368134737,256.0,0.03076171875,0.73046875,-0.2734066683333367,661.5,45.0,0.76171875,14.095576286315918,0.43671783804893494,-90.66789912173525
256.0,0.45703125,0.003329592291265726,1354.0,6376.0,0.5,-0.006569488730747253,0.70703125,0.4047931134700775,0.0,0.8499470502138138,1.0,408064.0,0.0001,797.0,0.2,392.9718731045723,256.0,0.035888671875,0.75,-0.2666962224757299,669.0,45.0,0.79296875,69.97380828857422,0.4050106406211853,-90.19991851959378
256.0,0.466796875,0.003123046364635229,1170.0,6384.0,0.5,-0.005862295158294728,0.7109375,0.4265892803668976,0.0,0.7786972224712372,1.0,408576.0,0.0001,798.0,0.2,369.2395901978016,256.0,0.017333984375,0.744140625,-0.2725153842475265,689.0,45.0,0.77734375,72.4487533569336,0.4404997229576111,-91.78161848638207
256.0,0.47265625,0.007845157757401466,1368.0,6392.0,0.5,-0.011407992431486491,0.75390625,0.415912389755249,0.0,0.9554352909326553,1.0,409088.0,0.0001,799.0,0.2,48.586843974888325,256.0,0.052978515625,0.78125,-0.261956020607613,701.0,45.0,0.80859375,10.39213752746582,0.40500444173812866,-89.69461225386709
256.0,0.45703125,0.0032085636630654335,1460.0,6400.0,0.5,-0.0053431607520906255,0.7109375,0.4105955958366394,0.0,0.8686349242925644,1.0,409600.0,0.0001,800.0,0.2,305.3150870501995,256.0,0.026123046875,0.75390625,-0.24346394499298185,698.5,45.0,0.796875,41.40620040893555,0.42037492990493774,-88.18758056145161
256.0,0.45703125,0.002558995969593525,1380.0,6408.0,0.5,-0.006028531075571664,0.73828125,0.42710334062576294,0.0,0.8830223828554153,1.0,410112.0,0.0001,801.0,0.2,135.03091236948967,256.0,0.027099609375,0.78125,-0.23674856906291097,729.5,45.0,0.82421875,42.249366760253906,0.4115321636199951,-89.37350123364479
256.0,0.49609375,0.0072134858928620815,1398.0,6416.0,0.5,-0.01146951197006274,0.7578125,0.43131381273269653,0.0,0.9378963150084019,1.0,410624.0,0.0001,802.0,0.2,59.48209223151207,256.0,0.048828125,0.76171875,-0.26599795592483133,748.0,45.0,0.765625,11.14655590057373,0.41420501470565796,-88.08375769658014
256.0,0.501953125,0.004484825301915407,1158.0,6424.0,0.5,-0.00552839670854155,0.75,0.40887540578842163,0.0,0.9288706332445145,1.0,411136.0,0.0001,803.0,0.2,112.00549618899822,256.0,0.0390625,0.748046875,-0.23875750764273107,756.5,45.0,0.74609375,58.015071868896484,0.4126794934272766,-86.4800405354984
256.0,0.478515625,0.0026256265118718147,1451.0,6432.0,0.5,-0.00839421788987238,0.7109375,0.4281346797943115,0.0,0.848368912935257,1.0,411648.0,0.0001,804.0,0.2,430.3090230822563,256.0,0.0244140625,0.732421875,-0.23792369168950245,744.5,45.0,0.75390625,86.20039367675781,0.43874436616897583,-88.3331555873528
256.0,0.451171875,0.0024834254290908575,1501.0,6440.0,0.5,-0.0061123432187741855,0.6875,0.37901628017425537,0.0,0.8267699331045151,1.0,412160.0,0.0001,805.0,0.2,371.9025032222271,256.0,0.019287109375,0.736328125,-0.26176559983287007,730.0,45.0,0.78515625,117.65717315673828,0.43924659490585327,-89.69999472169205
256.0,0.484375,0.0021715767215937376,1445.0,6448.0,0.5,-0.004922899883240461,0.75390625,0.40774303674697876,0.0,0.9183493480086327,1.0,412672.0,0.0001,806.0,0.2,137.75857236981392,256.0,0.017333984375,0.76953125,-0.23759716341737658,741.0,45.0,0.78515625,51.0579833984375,0.4018239974975586,-91.78510842975228
256.0,0.49609375,0.004555574618279934,1471.0,6456.0,0.5,-0.005277532090985915,0.75,0.41076773405075073,0.0,0.8428313881158829,1.0,413184.0,0.0001,807.0,0.2,342.24242636561394,256.0,0.0263671875,0.75390625,-0.25089374877279624,744.0,45.0,0.7578125,30.068138122558594,0.41016536951065063,-90.07903818791732
256.0,0.474609375,0.003272949019446969,1479.0,6464.0,0.5,-0.009498735809756909,0.73828125,0.4124600291252136,0.0,0.8851803541183472,1.0,413696.0,0.0001,808.0,0.2,205.22992646694183,256.0,0.0322265625,0.763671875,-0.300802816869691,746.5,45.0,0.7890625,59.49497985839844,0.425213098526001,-90.3480798648484
256.0,0.46484375,0.0016015827422961593,1156.0,6472.0,0.5,-0.006905819165694993,0.734375,0.4005417227745056,0.0,0.8012785166501999,1.0,414208.0,0.0001,809.0,0.2,333.6666306257248,256.0,0.02099609375,0.76953125,-0.27530554425902665,725.0,45.0,0.8046875,62.2137451171875,0.4095749258995056,-90.92381402324885
256.0,0.498046875,0.0053093815222382545,1469.0,6480.0,0.5,-0.007647584963706322,0.77734375,0.42069917917251587,0.0,0.9004789739847183,1.0,414720.0,0.0001,810.0,0.2,155.45169740915298,256.0,0.029296875,0.779296875,-0.24965594278182834,704.0,45.0,0.78125,41.4039306640625,0.39908409118652344,-91.98613515350968
256.0,0.544921875,0.0047664763405919075,1398.0,6488.0,0.5,-0.008379383267310914,0.80078125,0.4390450417995453,0.0,0.9129408225417137,1.0,415232.0,0.0001,811.0,0.2,66.70898860692978,256.0,0.050048828125,0.755859375,-0.2890898902551271,705.0,45.0,0.7109375,10.26002311706543,0.423856258392334,-92.7355309558846
256.0,0.509765625,0.006459067575633526,1469.0,6496.0,0.5,-0.006573768157977611,0.765625,0.40000998973846436,0.0,0.8626191020011902,1.0,415744.0,0.0001,812.0,0.2,323.95023956894875,256.0,0.052490234375,0.755859375,-0.3029507012106478,688.0,45.0,0.74609375,303.4855041503906,0.4076862335205078,-92.9077319506742
256.0,0.533203125,0.006633832585066557,1425.0,6504.0,0.5,-0.008481491451675538,0.78515625,0.4090668559074402,0.0,0.9388310462236404,1.0,416256.0,0.0001,813.0,0.2,70.23116639256477,256.0,0.060302734375,0.751953125,-0.2749725686153397,703.5,45.0,0.71875,26.327850341796875,0.42942696809768677,-93.62880179721861
256.0,0.525390625,0.007097238674759865,1185.0,6512.0,0.5,-0.009585315732692834,0.78515625,0.42761895060539246,0.0,0.9379263892769814,1.0,416768.0,0.0001,814.0,0.2,66.83504678308964,256.0,0.04833984375,0.759765625,-0.30239914427511394,706.0,45.0,0.734375,23.32951545715332,0.42317458987236023,-91.62325985046104
256.0,0.4765625,0.003947630058974028,1470.0,6520.0,0.5,-0.008172400754119735,0.71484375,0.4274556040763855,0.0,0.9411750622093678,1.0,417280.0,0.0001,815.0,0.2,84.53005464375019,256.0,0.033447265625,0.73828125,-0.28128143411595374,697.5,45.0,0.76171875,27.61676597595215,0.42721879482269287,-89.54899357030168
256.0,0.484375,0.004878595471382141,1531.0,6528.0,0.5,-0.0136302300816169,0.7734375,0.3781934082508087,0.0,0.9178684949874878,1.0,417792.0,0.0001,816.0,0.2,223.0037832558155,256.0,0.032470703125,0.7890625,-0.25540568702854216,681.0,45.0,0.8046875,27.478572845458984,0.3871760070323944,-89.36777563648299
256.0,0.505859375,0.0026434683240950108,1471.0,6536.0,0.5,-0.008466534231047262,0.75390625,0.42631596326828003,0.0,0.9124817699193954,1.0,418304.0,0.0001,817.0,0.2,158.07340416312218,256.0,0.025390625,0.748046875,-0.2881054556928575,671.5,45.0,0.7421875,31.344995498657227,0.41039979457855225,-89.65497145744041
256.0,0.48046875,0.006011409685015678,1390.0,6544.0,0.5,-0.012787299954652553,0.765625,0.4018130302429199,0.0,0.9375378489494324,1.0,418816.0,0.0001,818.0,0.2,74.55954575538635,256.0,0.052734375,0.78515625,-0.2732796629425138,684.0,45.0,0.8046875,15.07032299041748,0.39706727862358093,-89.064095457308
256.0,0.41796875,0.008927911520004272,1202.0,6552.0,0.5,-0.012706241468549706,0.6875,0.3951575756072998,0.0,0.9528353214263916,1.0,419328.0,0.0001,819.0,0.2,48.81049029529095,256.0,0.09228515625,0.76953125,-0.2832696138648316,695.0,45.0,0.8515625,24.01608657836914,0.4084867835044861,-88.73566200882196
256.0,0.392578125,0.0061392043717205524,1281.0,6560.0,0.5,-0.010640527703799307,0.64453125,0.40533965826034546,0.0,0.9398033656179905,1.0,419840.0,0.0001,820.0,0.2,53.75662115216255,256.0,0.03515625,0.751953125,-0.2947090126108378,695.0,45.0,0.859375,22.813377380371094,0.42942407727241516,-90.08345343949273
256.0,0.44921875,0.0036897172685712576,1517.0,6568.0,0.5,-0.007672844854823779,0.69921875,0.40784376859664917,0.0,0.9344876334071159,1.0,420352.0,0.0001,821.0,0.2,120.58356589078903,256.0,0.0283203125,0.75,-0.27574162324890494,696.0,45.0,0.80078125,62.86466598510742,0.3955385684967041,-90.9827589956671
256.0,0.453125,0.006914893165230751,1423.0,6576.0,0.5,-0.00883293776132632,0.7265625,0.4094984531402588,0.0,0.9084108024835587,1.0,420864.0,0.0001,822.0,0.2,114.09248712658882,256.0,0.060546875,0.7734375,-0.2996819063555449,690.5,45.0,0.8203125,25.01233673095703,0.39962077140808105,-90.5595950454846
256.0,0.494140625,0.004262756556272507,1401.0,6584.0,0.5,-0.007999853150977287,0.80078125,0.40683186054229736,0.0,0.9482254832983017,1.0,421376.0,0.0001,823.0,0.2,55.42327393591404,256.0,0.03662109375,0.806640625,-0.2797175362939015,694.5,45.0,0.8125,18.27755355834961,0.36387357115745544,-91.88210347220301
256.0,0.51171875,0.0035584094002842903,1216.0,6592.0,0.5,-0.0057878738807630725,0.765625,0.4284946024417877,0.0,0.9606530852615833,1.0,421888.0,0.0001,824.0,0.2,38.127392306923866,256.0,0.028564453125,0.75390625,-0.2748611222486943,685.0,45.0,0.7421875,11.552932739257812,0.4081662893295288,-91.92970618855207
256.0,0.484375,0.004870401695370674,1577.0,6600.0,0.5,-0.004512599771260284,0.78515625,0.39294612407684326,0.0,0.8488278537988663,1.0,422400.0,0.0001,825.0,0.2,327.2156456410885,256.0,0.045166015625,0.80078125,-0.25243212655186653,709.5,45.0,0.81640625,40.43347930908203,0.36759284138679504,-91.85952495422214
256.0,0.509765625,0.011038482189178467,1477.0,6608.0,0.5,-0.015049351481138729,0.7890625,0.4192487597465515,0.0,0.8834130316972733,1.0,422912.0,0.0001,826.0,0.2,110.16800618171692,256.0,0.045654296875,0.779296875,-0.2824107821797952,725.5,45.0,0.76953125,37.80095291137695,0.409247487783432,-90.24074692577123
256.0,0.44921875,0.005311397835612297,1420.0,6616.0,0.5,-0.007705501098826062,0.67578125,0.45026248693466187,0.0,0.956296268850565,1.0,423424.0,0.0001,827.0,0.2,49.418242298066616,256.0,0.0283203125,0.7265625,-0.2445208850549534,728.0,45.0,0.77734375,14.895421981811523,0.48489680886268616,-89.96320211868733
256.0,0.48046875,0.009787525050342083,1486.0,6624.0,0.5,-0.010294400177372154,0.7265625,0.4313422441482544,0.0,0.8591324388980865,1.0,423936.0,0.0001,828.0,0.2,134.34781412780285,256.0,0.0791015625,0.74609375,-0.28001332719577476,728.0,45.0,0.765625,13.606637001037598,0.4301271140575409,-88.80021334385499
256.0,0.46875,0.01137053593993187,1154.0,6632.0,0.5,-0.008350722484465223,0.76953125,0.40388891100883484,0.0,0.9608061425387859,1.0,424448.0,0.0001,829.0,0.2,37.52346859872341,256.0,0.061279296875,0.80078125,-0.26447105745319277,717.5,45.0,0.83203125,10.54755687713623,0.3913242816925049,-87.69522713800892
256.0,0.48046875,0.003745282767340541,1061.0,6640.0,0.5,-0.007164474074670579,0.73046875,0.4241129159927368,0.0,0.9555794559419155,1.0,424960.0,0.0001,830.0,0.2,57.5732389241457,256.0,0.029052734375,0.75,-0.2240002706530504,723.0,45.0,0.76953125,14.886521339416504,0.42679303884506226,-87.5594451950863
256.0,0.48046875,0.008253362029790878,1435.0,6648.0,0.5,-0.012188423810584936,0.7734375,0.39734315872192383,0.0,0.954772599041462,1.0,425472.0,0.0001,831.0,0.2,62.36622841656208,256.0,0.068359375,0.79296875,-0.25859962310642004,728.5,45.0,0.8125,17.629060745239258,0.37656325101852417,-85.95802120968699
256.0,0.439453125,0.0020307668019086123,1558.0,6656.0,0.5,-0.003814819094259292,0.69140625,0.4081428050994873,0.0,0.8099654614925385,1.0,425984.0,0.0001,832.0,0.2,592.2126805186272,256.0,0.010986328125,0.751953125,-0.2103002053918317,717.5,45.0,0.8125,169.073974609375,0.4222840666770935,-85.32860657949
256.0,0.4921875,0.0023532090708613396,1539.0,6664.0,0.5,-0.007490166954084998,0.75390625,0.39053699374198914,0.0,0.8872616291046143,1.0,426496.0,0.0001,833.0,0.2,302.05963268876076,256.0,0.0166015625,0.76171875,-0.21735205181175843,693.0,45.0,0.76953125,111.7770004272461,0.4149359464645386,-88.98447255564854
256.0,0.455078125,0.0019998836796730757,1225.0,6672.0,0.5,-0.005771502139396034,0.71484375,0.41579964756965637,0.0,0.8813585415482521,1.0,427008.0,0.0001,834.0,0.2,192.4327889084816,256.0,0.0244140625,0.759765625,-0.21888294245582074,688.5,45.0,0.8046875,97.84170532226562,0.4054735600948334,-91.94912301190197
256.0,0.439453125,0.004324221517890692,1445.0,6680.0,0.5,-0.008658479528094176,0.7109375,0.4178757667541504,0.0,0.9203155934810638,1.0,427520.0,0.0001,835.0,0.2,75.39090466499329,256.0,0.04443359375,0.771484375,-0.24033969669835642,676.0,45.0,0.83203125,20.06645393371582,0.406383752822876,-91.13337316505611
256.0,0.4453125,0.0036140428856015205,1494.0,6688.0,0.5,-0.006483020712039433,0.734375,0.3930680751800537,0.0,0.8237055540084839,1.0,428032.0,0.0001,836.0,0.2,390.07073080539703,256.0,0.0205078125,0.7890625,-0.19532650848850608,656.5,45.0,0.84375,47.28349685668945,0.3860214054584503,-90.84381524594501
256.0,0.427734375,0.005954976659268141,1461.0,6696.0,0.5,-0.007228684269648511,0.7421875,0.4073340594768524,0.0,0.9182194173336029,1.0,428544.0,0.0001,837.0,0.2,63.21645639836788,256.0,0.039794921875,0.814453125,-0.23298490210436285,666.5,45.0,0.88671875,11.643857955932617,0.3872303366661072,-93.35784247899429
256.0,0.5078125,0.007997456006705761,1431.0,6704.0,0.5,-0.011825232013507048,0.74609375,0.42423364520072937,0.0,0.9390828870236874,1.0,429056.0,0.0001,838.0,0.2,52.24364656209946,256.0,0.054931640625,0.73828125,-0.2829576956573874,656.5,45.0,0.73046875,16.825952529907227,0.4237164258956909,-92.66374854549765
256.0,0.544921875,0.0016608310397714376,1487.0,6712.0,0.5,-0.004817223460122477,0.8046875,0.41622820496559143,0.0,0.8717602491378784,1.0,429568.0,0.0001,839.0,0.2,355.31935781240463,256.0,0.01416015625,0.759765625,-0.1980999829247594,641.0,45.0,0.71484375,23.47093963623047,0.418082058429718,-92.91553729200736
256.0,0.521484375,0.008337991312146187,1456.0,6720.0,0.5,-0.011799378582509235,0.765625,0.42861753702163696,0.0,0.9241395145654678,1.0,430080.0,0.0001,840.0,0.2,70.86940287053585,256.0,0.067626953125,0.744140625,-0.31272619718220085,645.0,45.0,0.72265625,16.548839569091797,0.454276442527771,-94.8638862926513
256.0,0.443359375,0.0013793299440294504,1559.0,6728.0,0.5,-0.0039478114049416035,0.71875,0.41462641954421997,0.0,0.8399244099855423,1.0,430592.0,0.0001,841.0,0.2,382.9261949658394,256.0,0.0185546875,0.775390625,-0.19126137701096013,665.0,45.0,0.83203125,137.0655059814453,0.39409828186035156,-94.51016285013408
256.0,0.4609375,0.0042469073086977005,1559.0,6736.0,0.5,-0.007425774798321072,0.70703125,0.42729446291923523,0.0,0.8381735384464264,1.0,431104.0,0.0001,842.0,0.2,414.10498094558716,256.0,0.01904296875,0.74609375,-0.22834430227521807,693.0,45.0,0.78515625,53.29154586791992,0.44905441999435425,-93.96541061293334
256.0,0.453125,0.00354227377101779,1472.0,6744.0,0.5,-0.006800238050345797,0.71484375,0.39947229623794556,0.0,0.7842257022857666,1.0,431616.0,0.0001,843.0,0.2,242.84129685163498,256.0,0.0205078125,0.76171875,-0.2560652132378891,695.5,45.0,0.80859375,93.14945983886719,0.4249623119831085,-92.45376617729664
256.0,0.498046875,0.0022700512781739235,1512.0,6752.0,0.5,-0.006499228926259093,0.76171875,0.3913348317146301,0.0,0.8767253085970879,1.0,432128.0,0.0001,844.0,0.2,276.1481873989105,256.0,0.0244140625,0.763671875,-0.2583163935923949,684.5,45.0,0.765625,174.73727416992188,0.39906734228134155,-92.7681199098751
256.0,0.47265625,0.004160426557064056,1242.0,6760.0,0.5,-0.005930402556259651,0.76171875,0.4151786267757416,0.0,0.8260411322116852,1.0,432640.0,0.0001,845.0,0.2,321.67509520053864,256.0,0.025146484375,0.7890625,-0.2442517029121518,705.0,45.0,0.81640625,93.14160919189453,0.3982461988925934,-94.70977137589827
256.0,0.423828125,0.0037601464428007603,1470.0,6768.0,0.5,-0.00891023852454964,0.70703125,0.4433926045894623,0.0,0.884420707821846,1.0,433152.0,0.0001,846.0,0.2,94.1292155534029,256.0,0.038818359375,0.783203125,-0.26127133844420314,705.0,45.0,0.859375,19.083635330200195,0.43277621269226074,-93.67811129646375
256.0,0.51171875,0.0030187545344233513,1483.0,6776.0,0.5,-0.005911619242397137,0.8125,0.41027089953422546,0.0,0.864038348197937,1.0,433664.0,0.0001,847.0,0.2,318.04289305210114,256.0,0.017822265625,0.80078125,-0.24330422934144735,707.5,45.0,0.7890625,18.530330657958984,0.3898720145225525,-93.69292816881091
256.0,0.5,0.003594588488340378,1460.0,6784.0,0.5,-0.005971501050225925,0.75,0.39835160970687866,0.0,0.9111082404851913,1.0,434176.0,0.0001,848.0,0.2,116.4960767775774,256.0,0.032958984375,0.75,-0.2589546227827668,718.0,45.0,0.75,14.633373260498047,0.42824628949165344,-94.76116009287536
256.0,0.52734375,0.0078119575046002865,1528.0,6792.0,0.5,-0.0099960256338818,0.765625,0.41058626770973206,0.0,0.8771888166666031,1.0,434688.0,0.0001,849.0,0.2,249.9608474969864,256.0,0.067138671875,0.73828125,-0.2843596199527383,705.5,45.0,0.7109375,212.50660705566406,0.4260157346725464,-93.22916296459735
256.0,0.501953125,0.005534473806619644,1134.0,6800.0,0.5,-0.007118890178389847,0.75,0.38960301876068115,0.0,0.9055548161268234,1.0,435200.0,0.0001,850.0,0.2,149.36682891845703,256.0,0.047607421875,0.748046875,-0.2515048512723297,712.0,45.0,0.74609375,44.632877349853516,0.4301173985004425,-94.67024051385
256.0,0.541015625,0.002680135192349553,1505.0,6808.0,0.5,-0.005622921198664699,0.796875,0.4023010730743408,0.0,0.8984602317214012,1.0,435712.0,0.0001,851.0,0.2,224.06517404317856,256.0,0.0263671875,0.755859375,-0.28792885411530733,706.0,45.0,0.71484375,23.08863639831543,0.4149404466152191,-92.96114993479102
256.0,0.5078125,0.00508438516408205,1518.0,6816.0,0.5,-0.008929880441428395,0.79296875,0.3864228427410126,0.0,0.8443281054496765,1.0,436224.0,0.0001,852.0,0.2,377.70595595240593,256.0,0.052001953125,0.78515625,-0.2726458059041761,707.5,45.0,0.77734375,173.86997985839844,0.37900006771087646,-92.24182423155754
256.0,0.498046875,0.0018465808825567365,1467.0,6824.0,0.5,-0.006789497929275967,0.8125,0.39310750365257263,0.0,0.8500469774007797,1.0,436736.0,0.0001,853.0,0.2,368.6489969789982,256.0,0.014404296875,0.814453125,-0.25032510224264115,711.0,45.0,0.81640625,39.00102233886719,0.3706439733505249,-93.27497151508928
256.0,0.439453125,0.008008372038602829,1454.0,6832.0,0.5,-0.011477781758003403,0.71484375,0.4380331039428711,0.0,0.9408105611801147,1.0,437248.0,0.0001,854.0,0.2,59.23820548504591,256.0,0.062255859375,0.775390625,-0.26436203822959214,718.5,45.0,0.8359375,15.25942325592041,0.43485796451568604,-92.82374956408516
256.0,0.462890625,0.006789571139961481,1139.0,6840.0,0.5,-0.010749206405307632,0.734375,0.4398677945137024,0.0,0.9416197165846825,1.0,437760.0,0.0001,855.0,0.2,55.39530723541975,256.0,0.0693359375,0.771484375,-0.2562156181083992,715.5,45.0,0.80859375,10.469532012939453,0.4255277216434479,-91.24521588433534
256.0,0.451171875,0.007572142407298088,1457.0,6848.0,0.5,-0.00903784813999664,0.7421875,0.42452841997146606,0.0,0.9607105925679207,1.0,438272.0,0.0001,856.0,0.2,46.9828575104475,256.0,0.04541015625,0.791015625,-0.27094395278254524,723.0,45.0,0.83984375,8.338153839111328,0.3894059658050537,-91.69107533985749
256.0,0.501953125,0.006684192921966314,1443.0,6856.0,0.5,-0.006943904736544937,0.75390625,0.4008788466453552,0.0,0.9590680673718452,1.0,438784.0,0.0001,857.0,0.2,46.00169865041971,256.0,0.051025390625,0.751953125,-0.21805370348738506,728.0,45.0,0.75,11.662915229797363,0.3929463326931,-89.60005761573092
256.0,0.48046875,0.0025209200102835894,1502.0,6864.0,0.5,-0.006713070702971891,0.75,0.42183005809783936,0.0,0.871329128742218,1.0,439296.0,0.0001,858.0,0.2,312.1661106348038,256.0,0.01904296875,0.76953125,-0.2428406861727126,738.0,45.0,0.7890625,62.725807189941406,0.43206435441970825,-90.42578612186014
256.0,0.48046875,0.002591459546238184,1439.0,6872.0,0.5,-0.0063685296481708065,0.7109375,0.4152771830558777,0.0,0.9181657359004021,1.0,439808.0,0.0001,859.0,0.2,116.37214232981205,256.0,0.023681640625,0.73046875,-0.22998783289222047,732.0,45.0,0.75,16.381023406982422,0.4307771325111389,-90.10406931919977
256.0,0.451171875,0.003619689028710127,1209.0,6880.0,0.5,-0.009336890034319367,0.69921875,0.3939572274684906,0.0,0.8480346500873566,1.0,440320.0,0.0001,860.0,0.2,247.04469966888428,256.0,0.025634765625,0.748046875,-0.22213860339252278,726.5,45.0,0.796875,46.643333435058594,0.41358011960983276,-89.95980831680819
256.0,0.474609375,0.0036461628042161465,1468.0,6888.0,0.5,-0.006204071578395087,0.73046875,0.42802003026008606,0.0,0.9453461393713951,1.0,440832.0,0.0001,861.0,0.2,67.28486670553684,256.0,0.03662109375,0.755859375,-0.23276940546929836,727.5,45.0,0.78125,13.81328296661377,0.43101197481155396,-90.44417650077492
256.0,0.490234375,0.005906233564019203,1425.0,6896.0,0.5,-0.013609573921712581,0.7421875,0.419843852519989,0.0,0.9561090841889381,1.0,441344.0,0.0001,862.0,0.2,46.97837791591883,256.0,0.05419921875,0.751953125,-0.23889427055837587,727.5,45.0,0.76171875,6.543374538421631,0.41920021176338196,-88.79539510000497
256.0,0.486328125,0.004070057533681393,1494.0,6904.0,0.5,-0.005805813554616179,0.7578125,0.4283226728439331,0.0,0.9036309570074081,1.0,441856.0,0.0001,863.0,0.2,180.86817874014378,256.0,0.032470703125,0.771484375,-0.25221647520083934,719.5,45.0,0.78515625,16.937349319458008,0.41084426641464233,-87.1598728549853
256.0,0.51953125,0.005277695134282112,1369.0,6912.0,0.5,-0.007395983222522773,0.7421875,0.4445180594921112,0.0,0.8760576397180557,1.0,442368.0,0.0001,864.0,0.2,105.66669589281082,256.0,0.0341796875,0.72265625,-0.2587420209310949,719.5,45.0,0.703125,25.993528366088867,0.4380130171775818,-87.59967543659732
256.0,0.484375,0.002690476132556796,1166.0,6920.0,0.5,-0.00480466188309947,0.74609375,0.407758891582489,0.0,0.9085878133773804,1.0,442880.0,0.0001,865.0,0.2,167.59579941630363,256.0,0.015380859375,0.76171875,-0.23731046868488193,705.0,45.0,0.77734375,67.79705810546875,0.43522587418556213,-87.33497134137899
256.0,0.48828125,0.0032765092328190804,1508.0,6928.0,0.5,-0.006474641122622415,0.7109375,0.4220992624759674,0.0,0.898918017745018,1.0,443392.0,0.0001,866.0,0.2,208.00802168250084,256.0,0.027587890625,0.72265625,-0.2601242520613596,697.5,45.0,0.734375,45.295677185058594,0.4433695673942566,-87.41816751170903
256.0,0.439453125,0.004524577874690294,1418.0,6936.0,0.5,-0.008889980221283622,0.65234375,0.43453389406204224,0.0,0.9310796111822128,1.0,443904.0,0.0001,867.0,0.2,97.42863097786903,256.0,0.034423828125,0.712890625,-0.23936599143780768,695.5,45.0,0.7734375,20.407432556152344,0.4489194452762604,-88.24808224437758
256.0,0.47265625,0.005642369389533997,1489.0,6944.0,0.5,-0.008506344267516397,0.76953125,0.41590625047683716,0.0,0.959404967725277,1.0,444416.0,0.0001,868.0,0.2,56.80901622772217,256.0,0.049560546875,0.796875,-0.26721061998978257,685.5,45.0,0.82421875,48.96379852294922,0.39308691024780273,-86.66008334977552
256.0,0.470703125,0.009312743321061134,1520.0,6952.0,0.5,-0.012116934718505945,0.7109375,0.3977528512477875,0.0,0.9141376689076424,1.0,444928.0,0.0001,869.0,0.2,130.83385427296162,256.0,0.04736328125,0.740234375,-0.24119572853669524,695.5,45.0,0.76953125,37.76637268066406,0.4258379340171814,-87.53570906175301
256.0,0.484375,0.008738446980714798,1460.0,6960.0,0.5,-0.010315224113583099,0.7265625,0.4090575575828552,0.0,0.9339160770177841,1.0,445440.0,0.0001,870.0,0.2,61.057392783463,256.0,0.06884765625,0.7421875,-0.26625185715965927,693.0,45.0,0.7578125,17.144872665405273,0.419357568025589,-87.43528991013766
256.0,0.45703125,0.003892157692462206,1459.0,6968.0,0.5,-0.006529948717798106,0.7578125,0.3901674747467041,0.0,0.8751861751079559,1.0,445952.0,0.0001,871.0,0.2,291.43187937140465,256.0,0.03369140625,0.80078125,-0.22556378063745797,695.0,45.0,0.84375,41.87619400024414,0.3625345528125763,-88.17654794408008
256.0,0.455078125,0.004562326706945896,1471.0,6976.0,0.5,-0.008617414328909945,0.6875,0.44870901107788086,0.0,0.9508105739951134,1.0,446464.0,0.0001,872.0,0.2,54.15732064843178,256.0,0.0361328125,0.732421875,-0.2335172805469483,695.0,45.0,0.77734375,10.83786678314209,0.4550824463367462,-89.88563320107758
256.0,0.5234375,0.0036756922490894794,1453.0,6984.0,0.5,-0.00669621391716646,0.8046875,0.4100280702114105,0.0,0.9539904035627842,1.0,446976.0,0.0001,873.0,0.2,40.690897442400455,256.0,0.03466796875,0.78125,-0.26907200808636844,695.0,45.0,0.7578125,9.440077781677246,0.39671945571899414,-90.20533113017679
256.0,0.515625,0.001035963068716228,1622.0,6992.0,0.5,-0.004951875413098605,0.73046875,0.40719565749168396,0.0,0.8102876096963882,1.0,447488.0,0.0001,874.0,0.2,758.7578427791595,256.0,0.0107421875,0.71484375,-0.18706875114003196,684.5,45.0,0.69921875,265.9847106933594,0.43958204984664917,-90.28945396773517
256.0,0.509765625,0.0037167156115174294,1484.0,7000.0,0.5,-0.010315336192434188,0.7578125,0.4088546633720398,0.0,0.8543134778738022,1.0,448000.0,0.0001,875.0,0.2,244.40813022851944,256.0,0.0439453125,0.748046875,-0.2526572074275464,674.5,45.0,0.73828125,289.5707092285156,0.4144361615180969,-92.46279237290844
256.0,0.453125,0.0036217831075191498,1278.0,7008.0,0.5,-0.009561659680912271,0.6875,0.4127166271209717,0.0,0.8446699380874634,1.0,448512.0,0.0001,876.0,0.2,403.17659616470337,256.0,0.03515625,0.734375,-0.20607210462912917,676.5,45.0,0.78125,100.05847930908203,0.416571706533432,-93.28868062961847
256.0,0.474609375,0.0024416823871433735,1490.0,7016.0,0.5,-0.004783843527548015,0.71484375,0.4210096597671509,0.0,0.8520771861076355,1.0,449024.0,0.0001,877.0,0.2,407.2063616514206,256.0,0.016357421875,0.740234375,-0.24806894431822002,679.5,45.0,0.765625,330.70123291015625,0.41720521450042725,-94.27319773070514
256.0,0.533203125,0.007776414975523949,1485.0,7024.0,0.5,-0.00843188514772919,0.78125,0.4260333478450775,0.0,0.8438245356082916,1.0,449536.0,0.0001,878.0,0.2,279.90088137984276,256.0,0.048828125,0.748046875,-0.26973524305503815,654.0,45.0,0.71484375,80.92586517333984,0.41841334104537964,-93.69183254960925
256.0,0.490234375,0.004246650263667107,1426.0,7032.0,0.5,-0.006586333547602408,0.78125,0.4060828685760498,0.0,0.9312044754624367,1.0,450048.0,0.0001,879.0,0.2,103.68370923399925,256.0,0.025390625,0.791015625,-0.2362430962966755,656.5,45.0,0.80078125,26.563024520874023,0.3947804868221283,-93.09191036911682
256.0,0.4921875,0.004172665998339653,1460.0,7040.0,0.5,-0.007799032637194614,0.80078125,0.3995274305343628,0.0,0.8952066823840141,1.0,450560.0,0.0001,880.0,0.2,162.44695156812668,256.0,0.043701171875,0.80859375,-0.22970376658486202,657.5,45.0,0.81640625,13.622688293457031,0.37370169162750244,-91.54236497806386
256.0,0.48046875,0.0015152943087741733,1271.0,7048.0,0.5,-0.003928428050130606,0.78515625,0.40233123302459717,0.0,0.8127125203609467,1.0,451072.0,0.0001,881.0,0.2,424.75702461600304,256.0,0.010009765625,0.8046875,-0.26287977705942467,633.5,45.0,0.82421875,49.121482849121094,0.3733534812927246,-90.69651192493737
256.0,0.48046875,0.001991624478250742,1497.0,7056.0,0.5,-0.0044164571263536345,0.73046875,0.41820669174194336,0.0,0.7993776798248291,1.0,451584.0,0.0001,882.0,0.2,400.14194470644,256.0,0.01416015625,0.75,-0.22882044268772006,626.0,45.0,0.76953125,148.73936462402344,0.4055970311164856,-91.82358436919749
256.0,0.498046875,0.005447500851005316,1470.0,7064.0,0.5,-0.012213099536893424,0.77734375,0.42643672227859497,0.0,0.9028187617659569,1.0,452096.0,0.0001,883.0,0.2,176.88878178596497,256.0,0.052001953125,0.779296875,-0.22807070863200352,638.5,45.0,0.78125,24.214073181152344,0.39466363191604614,-93.06214406928048
256.0,0.49609375,0.0031260643154382706,1513.0,7072.0,0.5,-0.007517597165133338,0.75,0.41203027963638306,0.0,0.8340300470590591,1.0,452608.0,0.0001,884.0,0.2,327.93799793720245,256.0,0.042724609375,0.75390625,-0.28398920013569295,647.5,45.0,0.7578125,48.43896484375,0.42662376165390015,-90.98880530910566
256.0,0.49609375,0.00190699752420187,1534.0,7080.0,0.5,-0.005235372897004709,0.7578125,0.4184528589248657,0.0,0.845928281545639,1.0,453120.0,0.0001,885.0,0.2,365.91301441192627,256.0,0.030029296875,0.76171875,-0.2692570323124528,633.5,45.0,0.765625,48.600067138671875,0.409565269947052,-91.16635693604127
256.0,0.517578125,0.005435786210000515,1202.0,7088.0,0.5,-0.007316017166886013,0.80078125,0.4073917865753174,0.0,0.8870114609599113,1.0,453632.0,0.0001,886.0,0.2,97.13432011008263,256.0,0.047119140625,0.783203125,-0.2663135745096952,648.5,45.0,0.765625,25.442480087280273,0.38954758644104004,-91.41864263210445
256.0,0.4765625,0.005714376922696829,1475.0,7096.0,0.5,-0.008961673971498385,0.703125,0.42554840445518494,0.0,0.9027381837368011,1.0,454144.0,0.0001,887.0,0.2,131.71810193359852,256.0,0.047607421875,0.7265625,-0.26666277658659965,658.5,45.0,0.75,30.749492645263672,0.46886488795280457,-89.40964657155797
256.0,0.505859375,0.002701781690120697,1507.0,7104.0,0.5,-0.004365594199043699,0.78125,0.40688347816467285,0.0,0.8100110739469528,1.0,454656.0,0.0001,888.0,0.2,581.2724238038063,256.0,0.031005859375,0.775390625,-0.2677129558287561,651.5,45.0,0.76953125,437.97503662109375,0.3878064751625061,-90.20834397720174
256.0,0.4375,0.005112305283546448,1466.0,7112.0,0.5,-0.004539382483926602,0.73828125,0.40682780742645264,0.0,0.8926253914833069,1.0,455168.0,0.0001,889.0,0.2,130.30867685377598,256.0,0.028564453125,0.80078125,-0.24666286067804322,657.0,45.0,0.86328125,19.838769912719727,0.3780795633792877,-90.95886611282826
256.0,0.43359375,0.0048790620639920235,1488.0,7120.0,0.5,-0.009178007268928923,0.703125,0.4036490023136139,0.0,0.946776382625103,1.0,455680.0,0.0001,890.0,0.2,52.202907368540764,256.0,0.031005859375,0.76953125,-0.28913791838567704,664.5,45.0,0.8359375,10.285476684570312,0.399028480052948,-91.26982994906604
256.0,0.443359375,0.003550458000972867,1190.0,7128.0,0.5,-0.003981805381044978,0.7109375,0.40292859077453613,0.0,0.8708323389291763,1.0,456192.0,0.0001,891.0,0.2,317.0791337490082,256.0,0.02685546875,0.767578125,-0.2739684572443366,660.0,45.0,0.82421875,97.81376647949219,0.4283008575439453,-91.4570712970011
256.0,0.40234375,0.0045108008198440075,1523.0,7136.0,0.5,-0.008823527503409423,0.6640625,0.3940874934196472,0.0,0.8619859516620636,1.0,456704.0,0.0001,892.0,0.2,283.9903790950775,256.0,0.03759765625,0.76171875,-0.3232303267577663,639.0,45.0,0.859375,67.73997497558594,0.4050930440425873,-92.72667462924495
256.0,0.458984375,0.005639391951262951,1210.0,7144.0,0.5,-0.008419429275818402,0.7265625,0.37712258100509644,0.0,0.8380935043096542,1.0,457216.0,0.0001,893.0,0.2,289.5423312783241,256.0,0.052001953125,0.767578125,-0.30565188208129257,617.5,45.0,0.80859375,99.59727478027344,0.39247646927833557,-95.14899256216363
256.0,0.47265625,0.007845718413591385,1488.0,7152.0,0.5,-0.010239438015560154,0.7421875,0.42665570974349976,0.0,0.8970172926783562,1.0,457728.0,0.0001,894.0,0.2,127.2659459412098,256.0,0.066650390625,0.76953125,-0.32334171317052096,620.0,45.0,0.796875,34.39430618286133,0.425425261259079,-96.21387529347092
256.0,0.55078125,0.009155791252851486,1522.0,7160.0,0.5,-0.005621886093649664,0.81640625,0.4119466245174408,0.0,0.8622522205114365,1.0,458240.0,0.0001,895.0,0.2,157.4302197098732,256.0,0.053466796875,0.765625,-0.28825701447203755,593.5,45.0,0.71484375,20.37419891357422,0.4120216369628906,-95.62256280483678
256.0,0.55859375,0.0023730164393782616,1539.0,7168.0,0.5,-0.00592909589613555,0.84375,0.39345794916152954,0.0,0.8118357211351395,1.0,458752.0,0.0001,896.0,0.2,311.91027480363846,256.0,0.0166015625,0.78515625,-0.28249826934188604,586.0,45.0,0.7265625,109.90473175048828,0.36531925201416016,-97.32641654305161
256.0,0.546875,0.0053906990215182304,1410.0,7176.0,0.5,-0.01000269453652436,0.828125,0.4114896059036255,0.0,0.9162218272686005,1.0,459264.0,0.0001,897.0,0.2,72.8691719174385,256.0,0.0458984375,0.78125,-0.32565525791142136,591.5,45.0,0.734375,7.840453147888184,0.41247373819351196,-98.2518795838207
256.0,0.52734375,0.0031538079492747784,1544.0,7184.0,0.5,-0.006294205646554474,0.84765625,0.3940533697605133,0.0,0.850141853094101,1.0,459776.0,0.0001,898.0,0.2,413.06157371401787,256.0,0.0341796875,0.8203125,-0.29728755832184106,577.5,45.0,0.79296875,198.2009735107422,0.3654066324234009,-96.05043348375708
256.0,0.494140625,0.00838005356490612,1454.0,7192.0,0.5,-0.013447380570141831,0.77734375,0.41888365149497986,0.0,0.9027310907840729,1.0,460288.0,0.0001,899.0,0.2,61.83657908439636,256.0,0.0595703125,0.783203125,-0.3189302100799978,583.0,45.0,0.7890625,20.905899047851562,0.4061296582221985,-96.35067649623379
256.0,0.52734375,0.0062105548568069935,1496.0,7200.0,0.5,-0.010834949049240095,0.8046875,0.4191378057003021,0.0,0.9381175898015499,1.0,460800.0,0.0001,900.0,0.2,58.078004121780396,256.0,0.06298828125,0.77734375,-0.30145346163772047,594.0,45.0,0.75,11.66543960571289,0.39391064643859863,-94.96594106351957
256.0,0.470703125,0.004716571420431137,1263.0,7208.0,0.5,-0.005236051059910096,0.7421875,0.405722439289093,0.0,0.835512101650238,1.0,461312.0,0.0001,901.0,0.2,457.68285298347473,256.0,0.028076171875,0.771484375,-0.2701297925086692,599.0,45.0,0.80078125,186.95993041992188,0.4051317572593689,-93.25199082713574
256.0,0.455078125,0.005896332673728466,1481.0,7216.0,0.5,-0.009522682114038616,0.71875,0.4197887182235718,0.0,0.8878908306360245,1.0,461824.0,0.0001,902.0,0.2,89.11928910017014,256.0,0.061767578125,0.763671875,-0.3378458464285359,613.5,45.0,0.80859375,10.253865242004395,0.4062539339065552,-93.68069842053578
256.0,0.435546875,0.007797042839229107,1298.0,7224.0,0.5,-0.008083172422630014,0.6875,0.41133734583854675,0.0,0.9415373168885708,1.0,462336.0,0.0001,903.0,0.2,56.72150972485542,256.0,0.05419921875,0.751953125,-0.2989007200812921,619.0,45.0,0.81640625,15.406024932861328,0.41482678055763245,-92.79867765884846
256.0,0.435546875,0.005595519673079252,1521.0,7232.0,0.5,-0.010858384128368925,0.69921875,0.38299354910850525,0.0,0.9542918056249619,1.0,462848.0,0.0001,904.0,0.2,44.41442871838808,256.0,0.064697265625,0.763671875,-0.24097413488198072,645.0,45.0,0.828125,10.486777305603027,0.39585942029953003,-93.57226481856779
256.0,0.486328125,0.0027785212732851505,1526.0,7240.0,0.5,-0.005495818590134149,0.78125,0.4089350700378418,0.0,0.8313095569610596,1.0,463360.0,0.0001,905.0,0.2,508.80031102895737,256.0,0.022216796875,0.794921875,-0.2264855211833492,638.5,45.0,0.80859375,1111.165283203125,0.3921889066696167,-92.29570687137544
256.0,0.509765625,0.0022686398588120937,1507.0,7248.0,0.5,-0.007077865368046332,0.78125,0.4034978747367859,0.0,0.8281005024909973,1.0,463872.0,0.0001,906.0,0.2,507.2055738568306,256.0,0.020263671875,0.771484375,-0.2493712586001493,641.0,45.0,0.76171875,28.602697372436523,0.3933865427970886,-94.73216542422772
256.0,0.513671875,0.008659899234771729,1238.0,7256.0,0.5,-0.009149846031505149,0.77734375,0.40706852078437805,0.0,0.9415630362927914,1.0,464384.0,0.0001,907.0,0.2,48.30426208674908,256.0,0.08349609375,0.763671875,-0.2846523125190288,662.5,45.0,0.75,10.634254455566406,0.400930255651474,-97.30099912412464
256.0,0.548828125,0.00727707939222455,1456.0,7264.0,0.5,-0.0077991552534513175,0.76171875,0.4302586019039154,0.0,0.8146663904190063,1.0,464896.0,0.0001,908.0,0.2,243.97628624737263,256.0,0.04248046875,0.712890625,-0.26793524203822017,653.0,45.0,0.6640625,20.477535247802734,0.4594230353832245,-95.89287894187495
256.0,0.525390625,0.0027480507269501686,1479.0,7272.0,0.5,-0.0044506774574983865,0.7734375,0.4347573220729828,0.0,0.884104996919632,1.0,465408.0,0.0001,909.0,0.2,151.34655095636845,256.0,0.028076171875,0.748046875,-0.2661078526871279,654.5,45.0,0.72265625,24.74537467956543,0.4257684051990509,-96.65835167197511
256.0,0.54296875,0.006026501767337322,1470.0,7280.0,0.5,-0.013094712572637945,0.8046875,0.40652498602867126,0.0,0.9469802752137184,1.0,465920.0,0.0001,910.0,0.2,60.13623109459877,256.0,0.06201171875,0.76171875,-0.2791119258617982,682.5,45.0,0.71875,18.685636520385742,0.42762356996536255,-96.0044419354573
256.0,0.4921875,0.0028828182257711887,1379.0,7288.0,0.5,-0.0077319727060967125,0.77734375,0.3870171904563904,0.0,0.8518034070730209,1.0,466432.0,0.0001,911.0,0.2,503.7454687356949,256.0,0.029052734375,0.78515625,-0.252421788405627,691.5,45.0,0.79296875,118.57540893554688,0.3827684819698334,-92.67273442545905
256.0,0.501953125,0.002371190581470728,1238.0,7296.0,0.5,-0.0034912852388515603,0.75390625,0.40136459469795227,0.0,0.8231654465198517,1.0,466944.0,0.0001,912.0,0.2,500.8496744632721,256.0,0.02880859375,0.751953125,-0.21865949360653758,690.5,45.0,0.75,375.3049011230469,0.41727182269096375,-92.70378628436475
256.0,0.455078125,0.002492519561201334,1522.0,7304.0,0.5,-0.005115914791531395,0.73828125,0.41927629709243774,0.0,0.8233232498168945,1.0,467456.0,0.0001,913.0,0.2,492.34159421920776,256.0,0.019775390625,0.783203125,-0.23983591399155557,683.5,45.0,0.828125,203.67694091796875,0.4109480082988739,-91.98614826861768
256.0,0.484375,0.0028403899632394314,1495.0,7312.0,0.5,-0.008396706885832828,0.7421875,0.4057433605194092,0.0,0.8840720951557159,1.0,467968.0,0.0001,914.0,0.2,192.26624044775963,256.0,0.017333984375,0.7578125,-0.22254574886756018,692.5,45.0,0.7734375,33.52707290649414,0.40245428681373596,-92.03497825017199
256.0,0.44921875,0.0025143385864794254,1563.0,7320.0,0.5,-0.005856280731677543,0.703125,0.3837696611881256,0.0,0.8177124559879303,1.0,468480.0,0.0001,915.0,0.2,738.83864569664,256.0,0.014892578125,0.75390625,-0.2281954693607986,682.5,45.0,0.8046875,445.9285888671875,0.4018600881099701,-90.218866316583
256.0,0.45703125,0.0023521678522229195,1527.0,7328.0,0.5,-0.0033190200774697587,0.70703125,0.42293399572372437,0.0,0.8354092091321945,1.0,468992.0,0.0001,916.0,0.2,363.2795989215374,256.0,0.013916015625,0.75,-0.24575038789771497,684.5,45.0,0.79296875,143.39686584472656,0.45606285333633423,-92.06245635151863
256.0,0.490234375,0.006824256852269173,1171.0,7336.0,0.5,-0.01059741765493527,0.77734375,0.40737003087997437,0.0,0.9310882017016411,1.0,469504.0,0.0001,917.0,0.2,58.15440557897091,256.0,0.0537109375,0.787109375,-0.2549087107181549,688.5,45.0,0.796875,13.21975326538086,0.39064013957977295,-93.4892375068739
256.0,0.447265625,0.0053512174636125565,1467.0,7344.0,0.5,-0.004690598387242062,0.72265625,0.43991488218307495,0.0,0.9017554298043251,1.0,470016.0,0.0001,918.0,0.2,176.68404722213745,256.0,0.031005859375,0.775390625,-0.22900114848744124,684.0,45.0,0.828125,35.83638381958008,0.43496620655059814,-94.04306912457571
256.0,0.4453125,0.0025527139659971,1487.0,7352.0,0.5,-0.0034813020029105246,0.6640625,0.4376945197582245,0.0,0.8527496159076691,1.0,470528.0,0.0001,919.0,0.2,396.38268354535103,256.0,0.0205078125,0.71875,-0.2365166014060378,673.0,45.0,0.7734375,236.691162109375,0.4503006041049957,-94.76268119964749
256.0,0.484375,0.0008942835265770555,1661.0,7360.0,0.5,-0.0037137340841582045,0.75,0.4080255925655365,0.0,0.7887599468231201,1.0,471040.0,0.0001,920.0,0.2,834.704492688179,256.0,0.005615234375,0.765625,-0.20661094092065468,669.5,45.0,0.78125,254.81932067871094,0.40304458141326904,-96.06357298033312
256.0,0.509765625,0.0039225127547979355,1521.0,7368.0,0.5,-0.007766516908304766,0.75,0.41649019718170166,0.0,0.722966730594635,1.0,471552.0,0.0001,921.0,0.2,623.1523150205612,256.0,0.027099609375,0.740234375,-0.22829857998294756,674.5,45.0,0.73046875,39.17290496826172,0.42450183629989624,-98.27386993754655
256.0,0.509765625,0.00422940356656909,1484.0,7376.0,0.5,-0.01052691500808578,0.77734375,0.42015358805656433,0.0,0.8375865072011948,1.0,472064.0,0.0001,922.0,0.2,331.79753255844116,256.0,0.037353515625,0.767578125,-0.24256888462696224,678.5,45.0,0.7578125,127.77700805664062,0.4227847456932068,-97.65616509802639
256.0,0.494140625,0.0015562978805974126,1232.0,7384.0,0.5,-0.005072677122370806,0.765625,0.41217097640037537,0.0,0.8012717366218567,1.0,472576.0,0.0001,923.0,0.2,769.6794483661652,256.0,0.010009765625,0.771484375,-0.20320373208960518,692.0,45.0,0.77734375,472.309814453125,0.39057618379592896,-98.25911570139229
256.0,0.546875,0.0052156331948935986,1498.0,7392.0,0.5,-0.008083029300905764,0.8046875,0.4201348125934601,0.0,0.8609012961387634,1.0,473088.0,0.0001,924.0,0.2,492.5796385407448,256.0,0.02978515625,0.7578125,-0.2235249948571436,724.0,45.0,0.7109375,263.9019775390625,0.4320187270641327,-98.0644130689092
256.0,0.59765625,0.005555650219321251,1472.0,7400.0,0.5,-0.009639087005780311,0.81640625,0.43579423427581787,0.0,0.9155389592051506,1.0,473600.0,0.0001,925.0,0.2,159.51222506165504,256.0,0.043701171875,0.71875,-0.22462745395023376,714.0,45.0,0.62109375,26.457151412963867,0.4470137655735016,-92.51344944432378
256.0,0.5078125,0.002585353096947074,1483.0,7408.0,0.5,-0.005998216380248778,0.7890625,0.4134719967842102,0.0,0.8665112107992172,1.0,474112.0,0.0001,926.0,0.2,312.3301993012428,256.0,0.017578125,0.78125,-0.2542228491511196,707.5,45.0,0.7734375,54.462310791015625,0.3906277120113373,-89.74745947128162
256.0,0.45703125,0.0009573581628501415,1510.0,7416.0,0.5,-0.0024818864585540723,0.71875,0.3820872902870178,0.0,0.8597046285867691,1.0,474624.0,0.0001,927.0,0.2,602.7637997865677,256.0,0.00732421875,0.76171875,-0.22461601719260216,685.5,45.0,0.8046875,145.4429931640625,0.3859921395778656,-89.97223018351943
256.0,0.466796875,0.005099010653793812,1233.0,7424.0,0.5,-0.009635872756916797,0.6875,0.4298185706138611,0.0,0.8376721888780594,1.0,475136.0,0.0001,928.0,0.2,544.9241869151592,256.0,0.056396484375,0.720703125,-0.26088368333876133,695.0,45.0,0.75390625,45.93244934082031,0.44726651906967163,-90.721065824572
256.0,0.443359375,0.00412558251991868,1494.0,7432.0,0.5,-0.007827577017451404,0.69921875,0.4187414050102234,0.0,0.8641277998685837,1.0,475648.0,0.0001,929.0,0.2,392.73464941978455,256.0,0.030029296875,0.755859375,-0.21488539915299043,709.5,45.0,0.8125,77.92333221435547,0.4422350525856018,-91.247513923496
256.0,0.423828125,0.002100348938256502,1624.0,7440.0,0.5,-0.007142275644582696,0.7109375,0.3649154305458069,0.0,0.7805583626031876,1.0,476160.0,0.0001,930.0,0.2,1032.6340112686157,256.0,0.014892578125,0.787109375,-0.22046576044522226,694.0,45.0,0.86328125,786.29833984375,0.3776751160621643,-88.3519062147662
256.0,0.40234375,0.0018299827352166176,1516.0,7448.0,0.5,-0.004662703977373894,0.66796875,0.3840998411178589,0.0,0.8188628405332565,1.0,476672.0,0.0001,931.0,0.2,414.82178914546967,256.0,0.012939453125,0.765625,-0.2132862758007832,665.5,45.0,0.86328125,49.240318298339844,0.4151901602745056,-92.66490662684664
256.0,0.421875,0.003274634014815092,1487.0,7456.0,0.5,-0.004237583911162801,0.6953125,0.40372902154922485,0.0,0.8545148521661758,1.0,477184.0,0.0001,932.0,0.2,340.43781691789627,256.0,0.02978515625,0.7734375,-0.22675569320563227,661.5,45.0,0.8515625,125.90570831298828,0.4097205102443695,-96.87973733250051
256.0,0.4453125,0.0034842288587242365,1235.0,7464.0,0.5,-0.007377292509772815,0.7421875,0.3960041403770447,0.0,0.9262110441923141,1.0,477696.0,0.0001,933.0,0.2,189.2644972205162,256.0,0.03271484375,0.796875,-0.23475602746475488,649.5,45.0,0.8515625,46.76988983154297,0.3907662034034729,-98.22128558335825
256.0,0.453125,0.004403215367347002,1453.0,7472.0,0.5,-0.009514636098174378,0.74609375,0.44106632471084595,0.0,0.9204990044236183,1.0,478208.0,0.0001,934.0,0.2,126.33920496702194,256.0,0.037353515625,0.79296875,-0.23622588743455708,666.0,45.0,0.83984375,40.17350769042969,0.42074257135391235,-101.0749864273332
256.0,0.501953125,0.0049704285338521,1446.0,7480.0,0.5,-0.008470574925013352,0.7109375,0.43945538997650146,0.0,0.9049580097198486,1.0,478720.0,0.0001,935.0,0.2,171.8878156542778,256.0,0.025390625,0.708984375,-0.221059009374585,683.0,45.0,0.70703125,45.06755447387695,0.47526198625564575,-102.50795595122501
256.0,0.560546875,0.0012294929474592209,1488.0,7488.0,0.5,-0.004939752536301967,0.8203125,0.40412798523902893,0.0,0.8635036945343018,1.0,479232.0,0.0001,936.0,0.2,454.89771699905396,256.0,0.012939453125,0.759765625,-0.22916674462612718,685.0,45.0,0.69921875,155.6015167236328,0.4036215841770172,-99.81041952257976
256.0,0.5,0.004558275453746319,1464.0,7496.0,0.5,-0.008189439293346368,0.7890625,0.4369836449623108,0.0,0.8675756603479385,1.0,479744.0,0.0001,937.0,0.2,184.4930920302868,256.0,0.02978515625,0.7890625,-0.24862897139973938,684.5,45.0,0.7890625,50.50738525390625,0.4312678575515747,-100.60265796888619
256.0,0.5234375,0.008140943944454193,1521.0,7504.0,0.5,-0.013650640190462582,0.81640625,0.4157559871673584,0.0,0.936040848493576,1.0,480256.0,0.0001,938.0,0.2,250.3351113051176,256.0,0.0625,0.79296875,-0.23404800257412717,656.0,45.0,0.76953125,27.235824584960938,0.3968477249145508,-98.04508476523682
256.0,0.55859375,0.0014513041824102402,1218.0,7512.0,0.5,-0.0036365397027111612,0.8125,0.3990946114063263,0.0,0.8600199520587921,1.0,480768.0,0.0001,939.0,0.2,504.16882003843784,256.0,0.011962890625,0.75390625,-0.2240444934577681,689.5,45.0,0.6953125,22.393226623535156,0.4067491888999939,-98.34930644271896
256.0,0.4765625,0.0059926207177340984,1431.0,7520.0,0.5,-0.006823799427365884,0.75390625,0.420136034488678,0.0,0.9375650621950626,1.0,481280.0,0.0001,940.0,0.2,75.13343650102615,256.0,0.033447265625,0.77734375,-0.23899260768666863,698.0,45.0,0.80078125,18.924646377563477,0.40886425971984863,-93.0787726023607
256.0,0.490234375,0.004061792511492968,1406.0,7528.0,0.5,-0.006996345386141911,0.75390625,0.40711432695388794,0.0,0.919471874833107,1.0,481792.0,0.0001,941.0,0.2,156.76039054989815,256.0,0.045654296875,0.763671875,-0.24794996646232903,697.5,45.0,0.7734375,50.23598098754883,0.4030383229255676,-88.56141357280313
256.0,0.466796875,0.00198808079585433,1502.0,7536.0,0.5,-0.006013704707584111,0.73828125,0.42914241552352905,0.0,0.9581473283469677,1.0,482304.0,0.0001,942.0,0.2,66.27943655848503,256.0,0.020263671875,0.771484375,-0.23192708706483245,697.0,45.0,0.8046875,15.8965482711792,0.4191952347755432,-85.9157809962891
256.0,0.404296875,0.006435503251850605,1407.0,7544.0,0.5,-0.007893346213677432,0.6796875,0.42977309226989746,0.0,0.958488367497921,1.0,482816.0,0.0001,943.0,0.2,43.66998790949583,256.0,0.0400390625,0.775390625,-0.24692846677498892,690.5,45.0,0.87109375,6.793790340423584,0.4417842626571655,-85.45342474648729
256.0,0.46484375,0.007725103758275509,1448.0,7552.0,0.5,-0.010036309493443696,0.73828125,0.4178360104560852,0.0,0.9551420174539089,1.0,483328.0,0.0001,944.0,0.2,62.7786001265049,256.0,0.066162109375,0.7734375,-0.25598248740425333,689.5,45.0,0.80859375,13.764013290405273,0.3939056396484375,-87.0176624644734
256.0,0.435546875,0.002957726828753948,1485.0,7560.0,0.5,-0.004561170218948973,0.66015625,0.3983062207698822,0.0,0.9191921874880791,1.0,483840.0,0.0001,945.0,0.2,133.43352548033,256.0,0.027587890625,0.724609375,-0.244445770396851,704.5,45.0,0.7890625,126.7170639038086,0.4156365990638733,-88.04944873899221
256.0,0.474609375,0.0025547966361045837,1467.0,7568.0,0.5,-0.00743206990591716,0.7421875,0.38099783658981323,0.0,0.8496973067522049,1.0,484352.0,0.0001,946.0,0.2,453.54995769262314,256.0,0.0322265625,0.767578125,-0.23878367594443262,698.0,45.0,0.79296875,248.5626678466797,0.3582695424556732,-88.06081799851731
256.0,0.50390625,0.0037491125985980034,1415.0,7576.0,0.5,-0.006035197035089368,0.75390625,0.39883309602737427,0.0,0.8679942488670349,1.0,484864.0,0.0001,947.0,0.2,445.4957548081875,256.0,0.040771484375,0.75,-0.25755178567487746,697.0,45.0,0.74609375,325.623291015625,0.42231786251068115,-90.95967481710017
256.0,0.453125,0.004539543762803078,1409.0,7584.0,0.5,-0.007878021107899258,0.76171875,0.3874873220920563,0.0,0.8607477098703384,1.0,485376.0,0.0001,948.0,0.2,246.71890619397163,256.0,0.033935546875,0.80859375,-0.2454836106626317,670.0,45.0,0.85546875,47.2706184387207,0.3576256334781647,-92.53299982778728
256.0,0.462890625,0.008008349686861038,1194.0,7592.0,0.5,-0.012442567702237284,0.765625,0.4223814308643341,0.0,0.9083986803889275,1.0,485888.0,0.0001,949.0,0.2,89.9485216140747,256.0,0.077392578125,0.802734375,-0.2891136627877131,657.5,45.0,0.83984375,11.447985649108887,0.384814977645874,-93.63559514267371
256.0,0.5078125,0.0024382853880524635,1451.0,7600.0,0.5,-0.004891856857284438,0.80078125,0.41762444376945496,0.0,0.869253620505333,1.0,486400.0,0.0001,950.0,0.2,467.27976083755493,256.0,0.0185546875,0.79296875,-0.23506052407901734,648.5,45.0,0.78515625,371.144775390625,0.3839661180973053,-93.95731277903542
256.0,0.4921875,0.0038100779056549072,1326.0,7608.0,0.5,-0.009137169392488431,0.7890625,0.4073109030723572,0.0,0.9639383852481842,1.0,486912.0,0.0001,951.0,0.2,43.72632868587971,256.0,0.035400390625,0.796875,-0.24655475188046694,648.0,45.0,0.8046875,6.259062767028809,0.39062297344207764,-96.0007704862766
256.0,0.517578125,0.0030509154312312603,1378.0,7616.0,0.5,-0.00787689113894885,0.76171875,0.4172714948654175,0.0,0.8936416953802109,1.0,487424.0,0.0001,952.0,0.2,156.42839273810387,256.0,0.030517578125,0.744140625,-0.2536121024750173,638.0,45.0,0.7265625,26.97879981994629,0.4321977198123932,-94.82282391771675
256.0,0.49609375,0.0041282461024820805,1357.0,7624.0,0.5,-0.010885117997531779,0.78515625,0.41569435596466064,0.0,0.8754820823669434,1.0,487936.0,0.0001,953.0,0.2,309.5213609933853,256.0,0.039306640625,0.7890625,-0.24866072327131405,618.0,45.0,0.79296875,58.62553787231445,0.3889331817626953,-94.11122364446521
256.0,0.44921875,0.002309993142262101,1139.0,7632.0,0.5,-0.006632052263739752,0.66796875,0.4311438202857971,0.0,0.9391428045928478,1.0,488448.0,0.0001,954.0,0.2,76.46591682732105,256.0,0.03076171875,0.71875,-0.25533300114329904,615.0,45.0,0.76953125,26.634714126586914,0.43619611859321594,-94.07932955453172
256.0,0.501953125,0.0014544413425028324,1473.0,7640.0,0.5,-0.00485392219707137,0.77734375,0.38177311420440674,0.0,0.806827038526535,1.0,488960.0,0.0001,955.0,0.2,713.6153810024261,256.0,0.0361328125,0.775390625,-0.19485609541879967,603.5,45.0,0.7734375,212.236328125,0.3762071132659912,-94.21897241527215
256.0,0.513671875,0.005516228266060352,1412.0,7648.0,0.5,-0.006784022792999167,0.8046875,0.39567652344703674,0.0,0.9335866048932076,1.0,489472.0,0.0001,956.0,0.2,86.1948211491108,256.0,0.04931640625,0.791015625,-0.25197508541168645,615.0,45.0,0.77734375,21.463180541992188,0.38971734046936035,-95.64673233039677
256.0,0.455078125,0.004789486527442932,1398.0,7656.0,0.5,-0.009102636839088518,0.71484375,0.40602338314056396,0.0,0.9322354793548584,1.0,489984.0,0.0001,957.0,0.2,89.43533983826637,256.0,0.0478515625,0.759765625,-0.23644382477505133,638.5,45.0,0.8046875,30.58689308166504,0.411579966545105,-92.64743678012863
256.0,0.453125,0.003560701385140419,1435.0,7664.0,0.5,-0.008713836454262491,0.76171875,0.39677318930625916,0.0,0.9552766568958759,1.0,490496.0,0.0001,958.0,0.2,58.010718151926994,256.0,0.03662109375,0.80859375,-0.2477618915727362,648.5,45.0,0.85546875,19.820192337036133,0.36916878819465637,-91.61374656589702
256.0,0.484375,0.0029271161183714867,1092.0,7672.0,0.5,-0.007445033559633885,0.74609375,0.4197673797607422,0.0,0.9421830102801323,1.0,491008.0,0.0001,959.0,0.2,79.58232986927032,256.0,0.03076171875,0.76171875,-0.23172027594409883,674.0,45.0,0.77734375,17.50758934020996,0.4197995662689209,-92.1482397464849
256.0,0.439453125,0.009633239358663559,1462.0,7680.0,0.5,-0.015544902176770847,0.70703125,0.4275042414665222,0.0,0.9366173669695854,1.0,491520.0,0.0001,960.0,0.2,71.41865558922291,256.0,0.091552734375,0.767578125,-0.2694521474186331,671.0,45.0,0.828125,17.92337989807129,0.4068187475204468,-90.23556884950027
256.0,0.412109375,0.004328487440943718,1417.0,7688.0,0.5,-0.009850794762314763,0.69921875,0.40619397163391113,0.0,0.9243349060416222,1.0,492032.0,0.0001,961.0,0.2,89.66590538620949,256.0,0.031494140625,0.787109375,-0.27101122128078714,674.5,45.0,0.875,15.300347328186035,0.4088696241378784,-91.45512827910483
256.0,0.4453125,0.00688862893730402,1433.0,7696.0,0.5,-0.008776181879511569,0.71484375,0.4211551547050476,0.0,0.9592674784362316,1.0,492544.0,0.0001,962.0,0.2,58.658527195453644,256.0,0.047607421875,0.76953125,-0.21538684819824994,688.5,45.0,0.82421875,19.274381637573242,0.4048151969909668,-92.8646671202965
256.0,0.451171875,0.0034824381582438946,1478.0,7704.0,0.5,-0.006851251149782911,0.703125,0.39686113595962524,0.0,0.8832626193761826,1.0,493056.0,0.0001,963.0,0.2,294.80263298749924,256.0,0.031494140625,0.751953125,-0.25857299438212067,683.5,45.0,0.80078125,183.18968200683594,0.4100022315979004,-92.80033505612984
256.0,0.447265625,0.004080846440047026,1107.0,7712.0,0.5,-0.010317027221390163,0.71484375,0.41580721735954285,0.0,0.9244343340396881,1.0,493568.0,0.0001,964.0,0.2,155.19650346040726,256.0,0.03515625,0.767578125,-0.23109680321067572,701.5,45.0,0.8203125,69.64563751220703,0.4087912440299988,-94.37757035756484
256.0,0.46484375,0.0030438262037932873,1460.0,7720.0,0.5,-0.007185615890193731,0.73828125,0.3895822763442993,0.0,0.9242998883128166,1.0,494080.0,0.0001,965.0,0.2,253.82956118881702,256.0,0.033447265625,0.7734375,-0.23198424722068012,687.5,45.0,0.80859375,16.726186752319336,0.3913300633430481,-91.69193020457402
256.0,0.50390625,0.004285289440304041,1449.0,7728.0,0.5,-0.008473758611216908,0.80078125,0.40931540727615356,0.0,0.9106387123465538,1.0,494592.0,0.0001,966.0,0.2,177.16160240769386,256.0,0.03271484375,0.796875,-0.27101662172935903,687.0,45.0,0.79296875,34.34614944458008,0.39163026213645935,-94.06037721531466
256.0,0.544921875,0.0029165504965931177,1456.0,7736.0,0.5,-0.00778149285906693,0.81640625,0.41140303015708923,0.0,0.9406023360788822,1.0,495104.0,0.0001,967.0,0.2,82.40189354121685,256.0,0.025634765625,0.771484375,-0.24771987152053043,687.0,45.0,0.7265625,26.177078247070312,0.40302208065986633,-93.56086962675676
256.0,0.52734375,0.004071818199008703,1463.0,7744.0,0.5,-0.008825127661111765,0.83203125,0.4266323447227478,0.0,0.9297083839774132,1.0,495616.0,0.0001,968.0,0.2,95.43319365382195,256.0,0.03955078125,0.8046875,-0.24308952339924872,682.0,45.0,0.77734375,20.659530639648438,0.39025619626045227,-92.41718354465439
256.0,0.51953125,0.004256339743733406,1210.0,7752.0,0.5,-0.01040397080942057,0.78125,0.44383203983306885,0.0,0.9452934749424458,1.0,496128.0,0.0001,969.0,0.2,70.17296668887138,256.0,0.029052734375,0.76171875,-0.23277858539950103,692.5,45.0,0.7421875,19.66546058654785,0.43068182468414307,-91.37072937887162
256.0,0.513671875,0.006758572068065405,1450.0,7760.0,0.5,-0.009584192928741686,0.75,0.40564531087875366,0.0,0.9656492955982685,1.0,496640.0,0.0001,970.0,0.2,58.54475885629654,256.0,0.047119140625,0.736328125,-0.2537378511624411,701.0,45.0,0.72265625,14.756265640258789,0.41794222593307495,-89.233033787217
256.0,0.466796875,0.004524582996964455,1438.0,7768.0,0.5,-0.004484751269046683,0.74609375,0.4008535146713257,0.0,0.9193195551633835,1.0,497152.0,0.0001,971.0,0.2,131.179106682539,256.0,0.030029296875,0.779296875,-0.26359532645437866,689.5,45.0,0.8125,23.842363357543945,0.385268896818161,-88.7900321338512
256.0,0.455078125,0.005125665105879307,1338.0,7776.0,0.5,-0.01014677978673717,0.73828125,0.36966192722320557,0.0,0.8876744881272316,1.0,497664.0,0.0001,972.0,0.2,221.5543835759163,256.0,0.0390625,0.783203125,-0.2647618685150519,682.5,45.0,0.828125,112.60499572753906,0.35487818717956543,-88.42862708548084
256.0,0.466796875,0.003107562195509672,1538.0,7784.0,0.5,-0.008505167497787625,0.74609375,0.3713150918483734,0.0,0.8218404650688171,1.0,498176.0,0.0001,973.0,0.2,369.1771665215492,256.0,0.0263671875,0.779296875,-0.25117146293632686,685.0,45.0,0.8125,340.64129638671875,0.3660697638988495,-88.66856208184734
256.0,0.447265625,0.0026101055555045605,1180.0,7792.0,0.5,-0.00873532774130581,0.70703125,0.40347617864608765,0.0,0.8434509783983231,1.0,498688.0,0.0001,974.0,0.2,259.9444702863693,256.0,0.0361328125,0.759765625,-0.24395931407343596,694.5,45.0,0.8125,97.80255126953125,0.4140051603317261,-91.4981036252901
256.0,0.4375,0.0041907718405127525,1432.0,7800.0,0.5,-0.009087553538847715,0.7578125,0.4052632451057434,0.0,0.9011921659111977,1.0,499200.0,0.0001,975.0,0.2,132.75539031624794,256.0,0.0361328125,0.8203125,-0.22922702954383567,699.5,45.0,0.8828125,36.21938705444336,0.40681755542755127,-89.9201973328367
256.0,0.51171875,0.004378647077828646,1374.0,7808.0,0.5,-0.01104974254121771,0.78125,0.4080893397331238,0.0,0.9256495386362076,1.0,499712.0,0.0001,976.0,0.2,113.9558347761631,256.0,0.036376953125,0.76953125,-0.2671372165204957,697.5,45.0,0.7578125,24.1573429107666,0.4168447256088257,-90.65502167044207
256.0,0.52734375,0.004286002367734909,1491.0,7816.0,0.5,-0.01047675558947958,0.80859375,0.40329408645629883,0.0,0.8707624971866608,1.0,500224.0,0.0001,977.0,0.2,321.59078212082386,256.0,0.054443359375,0.78125,-0.23954228986985981,697.5,45.0,0.75390625,47.919898986816406,0.40650615096092224,-92.93425885034725
256.0,0.498046875,0.005744322203099728,1440.0,7824.0,0.5,-0.004993060145352501,0.76953125,0.4057720899581909,0.0,0.9531595073640347,1.0,500736.0,0.0001,978.0,0.2,52.53542260825634,256.0,0.037109375,0.771484375,-0.2696876092813909,696.0,45.0,0.7734375,10.07988166809082,0.4103003740310669,-94.82448766805231
256.0,0.52734375,0.010185137391090393,1177.0,7832.0,0.5,-0.013597096971352585,0.8125,0.39580458402633667,0.0,0.9616488814353943,1.0,501248.0,0.0001,979.0,0.2,41.98618903756142,256.0,0.072265625,0.78515625,-0.2452664744341746,696.0,45.0,0.7578125,13.495903968811035,0.35921865701675415,-94.5855152213201
256.0,0.537109375,0.003447946161031723,1446.0,7840.0,0.5,-0.008031151170143858,0.7890625,0.3945944011211395,0.0,0.8914810940623283,1.0,501760.0,0.0001,980.0,0.2,335.2680740058422,256.0,0.0361328125,0.751953125,-0.2357208337634802,696.0,45.0,0.71484375,258.6475830078125,0.41498374938964844,-94.55248561492189
256.0,0.517578125,0.0037175107281655073,1470.0,7848.0,0.5,-0.012450277901734808,0.828125,0.3961542248725891,0.0,0.9114621356129646,1.0,502272.0,0.0001,981.0,0.2,147.30634075403214,256.0,0.052001953125,0.810546875,-0.306253022281453,704.0,45.0,0.79296875,45.241024017333984,0.3705593943595886,-94.12559554869308
256.0,0.509765625,0.0024181795306503773,1560.0,7856.0,0.5,-0.006186678343510721,0.76953125,0.4059193432331085,0.0,0.9275421351194382,1.0,502784.0,0.0001,982.0,0.2,292.7485138475895,256.0,0.01953125,0.759765625,-0.23238677985500544,702.0,45.0,0.75,352.95977783203125,0.41916823387145996,-92.12610582487657
256.0,0.498046875,0.003544030711054802,1479.0,7864.0,0.5,-0.006288837677857373,0.78515625,0.39093610644340515,0.0,0.9318480640649796,1.0,503296.0,0.0001,983.0,0.2,138.02109833061695,256.0,0.038330078125,0.787109375,-0.2230657439213246,707.0,45.0,0.7890625,96.26446533203125,0.3943929672241211,-90.88743518741802
256.0,0.423828125,0.004722996614873409,1216.0,7872.0,0.5,-0.00916129190591164,0.72265625,0.37351077795028687,0.0,0.9097960665822029,1.0,503808.0,0.0001,984.0,0.2,203.0307638645172,256.0,0.02685546875,0.798828125,-0.2483766556251794,704.5,45.0,0.875,57.76219940185547,0.36495381593704224,-90.79903452400119
256.0,0.4765625,0.004901837557554245,1488.0,7880.0,0.5,-0.006175872738822363,0.7578125,0.4005447030067444,0.0,0.8417930901050568,1.0,504320.0,0.0001,985.0,0.2,433.35459902882576,256.0,0.03955078125,0.78125,-0.24050748243462294,691.0,45.0,0.8046875,93.88285827636719,0.38666027784347534,-91.70645199460908
256.0,0.453125,0.0023690378293395042,1576.0,7888.0,0.5,-0.00699832834652625,0.74609375,0.38634076714515686,0.0,0.8236670345067978,1.0,504832.0,0.0001,986.0,0.2,417.0454005599022,256.0,0.011474609375,0.79296875,-0.24828577099833637,670.5,45.0,0.83984375,66.90190887451172,0.3850237727165222,-93.4377060274221
256.0,0.517578125,0.006402422208338976,1447.0,7896.0,0.5,-0.008321340836118907,0.828125,0.37263602018356323,0.0,0.9065888896584511,1.0,505344.0,0.0001,987.0,0.2,71.66101256757975,256.0,0.044189453125,0.810546875,-0.2803137836745009,665.0,45.0,0.79296875,10.475998878479004,0.34429576992988586,-95.06933627160267
256.0,0.484375,0.003643650561571121,1508.0,7904.0,0.5,-0.002901224101151456,0.7734375,0.3979610204696655,0.0,0.8795826360583305,1.0,505856.0,0.0001,988.0,0.2,334.00689244270325,256.0,0.031005859375,0.7890625,-0.25101450143847615,655.5,45.0,0.8046875,154.64305114746094,0.3753507137298584,-96.65161611782386
256.0,0.46875,0.0043205032125115395,1590.0,7912.0,0.5,-0.01181763810745906,0.7578125,0.3905739486217499,0.0,0.9259698539972305,1.0,506368.0,0.0001,989.0,0.2,284.33801721036434,256.0,0.0361328125,0.7890625,-0.2950681741349399,645.0,45.0,0.8203125,21.237897872924805,0.38757893443107605,-98.33728179670871
256.0,0.521484375,0.003519826103001833,1514.0,7920.0,0.5,-0.006698589102597907,0.83203125,0.39443057775497437,0.0,0.9208039492368698,1.0,506880.0,0.0001,990.0,0.2,119.11220973730087,256.0,0.02734375,0.810546875,-0.2805275855353102,647.0,45.0,0.7890625,35.493125915527344,0.35703620314598083,-101.79047194251791
256.0,0.548828125,0.006146206520497799,1466.0,7928.0,0.5,-0.010182188867474906,0.78515625,0.4015408158302307,0.0,0.9460019953548908,1.0,507392.0,0.0001,991.0,0.2,75.69702972471714,256.0,0.060791015625,0.736328125,-0.2413078318350017,651.5,45.0,0.6875,14.187565803527832,0.40922728180885315,-102.49647403229028
256.0,0.505859375,0.0028161080554127693,1521.0,7936.0,0.5,-0.006877923777210526,0.7890625,0.41742363572120667,0.0,0.8931254372000694,1.0,507904.0,0.0001,992.0,0.2,229.50710424780846,256.0,0.0322265625,0.783203125,-0.2722435735631734,643.5,45.0,0.77734375,28.707006454467773,0.4073163866996765,-99.29647113461047
256.0,0.529296875,0.002745681442320347,1497.0,7944.0,0.5,-0.006036100141500356,0.8046875,0.3752055764198303,0.0,0.829874113202095,1.0,508416.0,0.0001,993.0,0.2,535.0117963552475,256.0,0.022216796875,0.775390625,-0.2853370615048334,634.5,45.0,0.74609375,100.5638656616211,0.368191659450531,-99.35860876809805
256.0,0.5,0.00545506551861763,1206.0,7952.0,0.5,-0.013545498950406909,0.74609375,0.4026397466659546,0.0,0.8534063547849655,1.0,508928.0,0.0001,994.0,0.2,222.79455149173737,256.0,0.03857421875,0.74609375,-0.2569754747673869,638.0,45.0,0.74609375,49.575538635253906,0.4021645188331604,-98.8168434811011
256.0,0.490234375,0.0042213317938148975,1445.0,7960.0,0.5,-0.006985121843172237,0.7890625,0.41672196984291077,0.0,0.9453904032707214,1.0,509440.0,0.0001,995.0,0.2,64.16405125707388,256.0,0.033447265625,0.798828125,-0.26863275736104697,664.5,45.0,0.80859375,11.618539810180664,0.38897648453712463,-98.07404548665508
256.0,0.443359375,0.007906882092356682,1432.0,7968.0,0.5,-0.00975723904412007,0.69921875,0.41311633586883545,0.0,0.9582564830780029,1.0,509952.0,0.0001,996.0,0.2,37.64373487979174,256.0,0.063720703125,0.755859375,-0.2584463907405734,680.0,45.0,0.8125,7.439620494842529,0.4342828094959259,-95.53997726606205
256.0,0.46875,0.0026093777269124985,1452.0,7976.0,0.5,-0.005442211186164059,0.7734375,0.3632645010948181,0.0,0.8801702857017517,1.0,510464.0,0.0001,997.0,0.2,236.31994572281837,256.0,0.01953125,0.8046875,-0.24269965360872447,689.0,45.0,0.8359375,92.47322845458984,0.354744553565979,-93.73908671472222
256.0,0.439453125,0.010793400928378105,1432.0,7984.0,0.5,-0.0168742277455749,0.66796875,0.40491247177124023,0.0,0.9469427242875099,1.0,510976.0,0.0001,998.0,0.2,56.584212243556976,256.0,0.07470703125,0.728515625,-0.28413480147719383,696.0,45.0,0.7890625,15.790478706359863,0.43742144107818604,-92.1898875727877
256.0,0.509765625,0.002318095648661256,1489.0,7992.0,0.5,-0.0044156058866064996,0.76953125,0.3681960999965668,0.0,0.933810830116272,1.0,511488.0,0.0001,999.0,0.2,154.1228960007429,256.0,0.017822265625,0.759765625,-0.22854852897580713,710.5,45.0,0.75,46.142120361328125,0.4048541784286499,-93.42872388686985
256.0,0.474609375,0.0033504816237837076,1221.0,8000.0,0.5,-0.005752463363023708,0.734375,0.39702075719833374,0.0,0.958527684211731,1.0,512000.0,0.0001,1000.0,0.2,54.499434530735016,256.0,0.037109375,0.759765625,-0.2762687006033957,705.0,45.0,0.78515625,12.532764434814453,0.4015345871448517,-93.96569858051836
256.0,0.48828125,0.0032677138224244118,1566.0,8008.0,0.5,-0.007073197899444494,0.765625,0.39296960830688477,0.0,0.8074299097061157,1.0,512512.0,0.0001,1001.0,0.2,600.998409986496,256.0,0.020751953125,0.77734375,-0.2407070631161332,702.5,45.0,0.7890625,114.96055603027344,0.40983977913856506,-95.24759535737336
256.0,0.5078125,0.0036213987041264772,1475.0,8016.0,0.5,-0.007009646535152569,0.7734375,0.39286598563194275,0.0,0.8865120336413383,1.0,513024.0,0.0001,1002.0,0.2,94.43020896613598,256.0,0.035400390625,0.765625,-0.24999749090056866,726.0,45.0,0.7578125,12.954235076904297,0.38813918828964233,-97.82876078341157
256.0,0.51953125,0.0021538343280553818,1519.0,8024.0,0.5,-0.005097005596326198,0.79296875,0.410053551197052,0.0,0.8812696188688278,1.0,513536.0,0.0001,1003.0,0.2,354.3680240660906,256.0,0.014404296875,0.7734375,-0.23230678896652535,714.5,45.0,0.75390625,112.93448638916016,0.4128202199935913,-95.96015744170174
256.0,0.521484375,0.0033014551736414433,1518.0,8032.0,0.5,-0.007203026205388596,0.796875,0.40344569087028503,0.0,0.8059185892343521,1.0,514048.0,0.0001,1004.0,0.2,520.18271869421,256.0,0.02392578125,0.775390625,-0.2564418503898196,686.0,45.0,0.75390625,160.22674560546875,0.39858943223953247,-98.14673463696614
256.0,0.5859375,0.0027913423255085945,1205.0,8040.0,0.5,-0.004324370922404341,0.85546875,0.40402185916900635,0.0,0.8423571884632111,1.0,514560.0,0.0001,1005.0,0.2,462.0579363703728,256.0,0.021240234375,0.76953125,-0.25399700331036,681.0,45.0,0.68359375,133.88914489746094,0.39463376998901367,-99.14188073236495
256.0,0.59765625,0.00449442770332098,1454.0,8048.0,0.5,-0.006923216235009022,0.828125,0.4271291494369507,0.0,0.9055443555116653,1.0,515072.0,0.0001,1006.0,0.2,82.176717415452,256.0,0.033935546875,0.73046875,-0.22378725255839527,687.0,45.0,0.6328125,8.904979705810547,0.4375045895576477,-98.54228492720053
256.0,0.546875,0.005330064333975315,1469.0,8056.0,0.5,-0.009158279564871918,0.83203125,0.3957090377807617,0.0,0.9697339534759521,1.0,515584.0,0.0001,1007.0,0.2,41.07677314430475,256.0,0.039794921875,0.78515625,-0.2768726130016148,687.0,45.0,0.73828125,12.973742485046387,0.3812974691390991,-95.42386566093191
256.0,0.50390625,0.0038580414839088917,1532.0,8064.0,0.5,-0.00808430666802451,0.7890625,0.4337995648384094,0.0,0.8924553394317627,1.0,516096.0,0.0001,1008.0,0.2,225.17533838748932,256.0,0.0400390625,0.78515625,-0.23613161349203438,684.5,45.0,0.78125,61.776981353759766,0.4283170700073242,-93.29776226915419
256.0,0.494140625,0.0018169941613450646,1547.0,8072.0,0.5,-0.0054821533703943714,0.78125,0.3980107307434082,0.0,0.8976956605911255,1.0,516608.0,0.0001,1009.0,0.2,434.3290126025677,256.0,0.011962890625,0.787109375,-0.2185823410982266,665.5,45.0,0.79296875,28.005279541015625,0.3838731348514557,-91.91733494561166
256.0,0.5078125,0.003934019710868597,1208.0,8080.0,0.5,-0.005193470744416118,0.7890625,0.39099764823913574,0.0,0.9442371092736721,1.0,517120.0,0.0001,1010.0,0.2,102.83372271060944,256.0,0.03369140625,0.78125,-0.216193494386971,683.5,45.0,0.7734375,20.3037052154541,0.3838076889514923,-93.37355812573806
256.0,0.46875,0.0019279757980257273,1514.0,8088.0,0.5,-0.005178638948564185,0.75390625,0.3695371150970459,0.0,0.8727239668369293,1.0,517632.0,0.0001,1011.0,0.2,569.0284275114536,256.0,0.026123046875,0.78515625,-0.22628021374111995,667.5,45.0,0.81640625,41.8474235534668,0.39840322732925415,-90.16506472846493
256.0,0.412109375,0.006332785822451115,1428.0,8096.0,0.5,-0.009223301654856186,0.70703125,0.4100627899169922,0.0,0.9428832568228245,1.0,518144.0,0.0001,1012.0,0.2,75.50377279520035,256.0,0.045654296875,0.794921875,-0.23278216901235282,689.0,45.0,0.8828125,19.450836181640625,0.3935691714286804,-92.25174884980544
256.0,0.458984375,0.007185670547187328,1478.0,8104.0,0.5,-0.010064305824926123,0.703125,0.40617573261260986,0.0,0.9636288806796074,1.0,518656.0,0.0001,1013.0,0.2,45.20956725627184,256.0,0.0458984375,0.744140625,-0.22698512417264283,699.5,45.0,0.78515625,8.97955322265625,0.4027201235294342,-91.09403497247025
256.0,0.423828125,0.01614515483379364,1462.0,8112.0,0.5,-0.013180617286707275,0.671875,0.3879203498363495,0.0,0.9684705995023251,1.0,519168.0,0.0001,1014.0,0.2,37.22814705222845,256.0,0.07177734375,0.748046875,-0.2459309414261952,707.0,45.0,0.82421875,12.506570816040039,0.407296746969223,-91.86996895404532
256.0,0.4765625,0.004603614564985037,1181.0,8120.0,0.5,-0.009715075368148973,0.734375,0.4289798438549042,0.0,0.8990684226155281,1.0,519680.0,0.0001,1015.0,0.2,181.2933898717165,256.0,0.04248046875,0.7578125,-0.23238211660645902,693.5,45.0,0.78125,35.4548225402832,0.4302515685558319,-92.87587335014716
256.0,0.453125,0.0017571398057043552,1575.0,8128.0,0.5,-0.005092862893434358,0.69921875,0.4099424481391907,0.0,0.7935212254524231,1.0,520192.0,0.0001,1016.0,0.2,846.6334937810898,256.0,0.010498046875,0.74609375,-0.19493353448342532,665.5,45.0,0.79296875,29.05171775817871,0.44132691621780396,-94.33589752929285
256.0,0.474609375,0.0029018521308898926,1532.0,8136.0,0.5,-0.005705779665731825,0.71875,0.4193309545516968,0.0,0.8833070397377014,1.0,520704.0,0.0001,1017.0,0.2,261.913195759058,256.0,0.03271484375,0.744140625,-0.21605929965153337,681.5,45.0,0.76953125,24.582008361816406,0.4208632707595825,-98.40161926822736
256.0,0.53515625,0.0034692687913775444,1579.0,8144.0,0.5,-0.006532082443300169,0.77734375,0.4108063578605652,0.0,0.916292816400528,1.0,521216.0,0.0001,1018.0,0.2,247.3203320503235,256.0,0.02587890625,0.7421875,-0.17442082846537232,677.5,45.0,0.70703125,70.66565704345703,0.43703123927116394,-99.18844312308356
256.0,0.568359375,0.001890871673822403,1568.0,8152.0,0.5,-0.0048254460853058845,0.84375,0.3990103602409363,0.0,0.8215459287166595,1.0,521728.0,0.0001,1019.0,0.2,811.6923553943634,256.0,0.01513671875,0.775390625,-0.2005844012601301,645.0,45.0,0.70703125,209.9041748046875,0.396350622177124,-98.57978031694888
256.0,0.521484375,0.0013844717759639025,1507.0,8160.0,0.5,-0.00503491347990348,0.81640625,0.36443042755126953,0.0,0.8103951513767242,1.0,522240.0,0.0001,1020.0,0.2,856.6663192510605,256.0,0.008056640625,0.794921875,-0.24720778065966442,633.0,45.0,0.7734375,195.6195831298828,0.3635503351688385,-100.43992487130687
256.0,0.515625,0.002289814641699195,1267.0,8168.0,0.5,-0.00580810440442292,0.81640625,0.3867982029914856,0.0,0.917175404727459,1.0,522752.0,0.0001,1021.0,0.2,233.7167820185423,256.0,0.023193359375,0.80078125,-0.20604753820225596,627.0,45.0,0.78515625,18.208538055419922,0.3731726408004761,-98.84556863760575
256.0,0.498046875,0.0021567861549556255,1481.0,8176.0,0.5,-0.006060553765564691,0.796875,0.4120120406150818,0.0,0.8300806283950806,1.0,523264.0,0.0001,1022.0,0.2,402.2595846056938,256.0,0.020263671875,0.798828125,-0.2173747030319646,632.0,45.0,0.80078125,54.66374206542969,0.39933401346206665,-98.39524386391044
256.0,0.5234375,0.00795619748532772,1471.0,8184.0,0.5,-0.011080968361056875,0.765625,0.40041583776474,0.0,0.9143186658620834,1.0,523776.0,0.0001,1023.0,0.2,130.9771936684847,256.0,0.0478515625,0.7421875,-0.25298256694804877,628.0,45.0,0.71875,13.988079071044922,0.41585618257522583,-97.96585430011153
256.0,0.46484375,0.003482809755951166,1519.0,8192.0,0.5,-0.006972234346903861,0.7109375,0.41514790058135986,0.0,0.8669399619102478,1.0,524288.0,0.0001,1024.0,0.2,442.1323490142822,256.0,0.044189453125,0.74609375,-0.19193542248103768,652.5,45.0,0.78125,179.935546875,0.41121137142181396,-96.5043655061163
256.0,0.45703125,0.0019749593921005726,1513.0,8200.0,0.5,-0.004961867703968892,0.75390625,0.40781185030937195,0.0,0.7957691848278046,1.0,524800.0,0.0001,1025.0,0.2,603.743858218193,256.0,0.014892578125,0.796875,-0.22714105166960508,670.0,45.0,0.83984375,217.0921173095703,0.36687615513801575,-98.19723834972828
256.0,0.45703125,0.0046167513355612755,1177.0,8208.0,0.5,-0.00992156182473991,0.7421875,0.4143311381340027,0.0,0.9312637001276016,1.0,525312.0,0.0001,1026.0,0.2,99.50940395891666,256.0,0.02392578125,0.78515625,-0.20090130250900984,696.0,45.0,0.828125,21.867799758911133,0.39946386218070984,-96.93445711243898
256.0,0.44140625,0.004516006447374821,1546.0,8216.0,0.5,-0.010099251743667992,0.73046875,0.3790462017059326,0.0,0.8709259629249573,1.0,525824.0,0.0001,1027.0,0.2,273.0255098938942,256.0,0.031494140625,0.7890625,-0.20211502898018807,701.5,45.0,0.84765625,48.186946868896484,0.38029009103775024,-94.93191142942756
256.0,0.45703125,0.0024325097911059856,1494.0,8224.0,0.5,-0.006591219607798848,0.73828125,0.41672664880752563,0.0,0.8580228388309479,1.0,526336.0,0.0001,1028.0,0.2,266.6110432744026,256.0,0.016845703125,0.78125,-0.2098536025150679,740.5,45.0,0.82421875,125.32844543457031,0.4256802201271057,-97.96857141764835
256.0,0.46875,0.001588017912581563,1614.0,8232.0,0.5,-0.0043849000430782326,0.74609375,0.3769460916519165,0.0,0.7907440513372421,1.0,526848.0,0.0001,1029.0,0.2,968.7507897615433,256.0,0.015625,0.77734375,-0.1788146248436533,733.5,45.0,0.80859375,403.1240539550781,0.3793339133262634,-95.84605684092269
256.0,0.4453125,0.0026742094196379185,1593.0,8240.0,0.5,-0.008407184104726184,0.72265625,0.37813031673431396,0.0,0.8178157955408096,1.0,527360.0,0.0001,1030.0,0.2,627.7160548567772,256.0,0.02880859375,0.77734375,-0.1942599436151795,718.5,45.0,0.83203125,222.83363342285156,0.386624276638031,-100.36780685901641
256.0,0.51171875,0.002341942163184285,1164.0,8248.0,0.5,-0.004431455337908119,0.8046875,0.4134863615036011,0.0,0.8745809197425842,1.0,527872.0,0.0001,1031.0,0.2,149.47085164487362,256.0,0.017333984375,0.79296875,-0.23314557468984276,709.0,45.0,0.78125,24.35611915588379,0.39721745252609253,-105.04907210551202
256.0,0.5546875,0.004991271533071995,1521.0,8256.0,0.5,-0.012959718274942134,0.82421875,0.396395206451416,0.0,0.8581950664520264,1.0,528384.0,0.0001,1032.0,0.2,333.8408576846123,256.0,0.043701171875,0.76953125,-0.23251087608514354,692.0,45.0,0.71484375,130.32749938964844,0.41275718808174133,-104.15526211410761
256.0,0.58984375,0.00757973175495863,1465.0,8264.0,0.5,-0.011896720472577726,0.85546875,0.40408700704574585,0.0,0.952226597815752,1.0,528896.0,0.0001,1033.0,0.2,58.92199441045523,256.0,0.054931640625,0.765625,-0.2310196270700544,690.5,45.0,0.67578125,9.452777862548828,0.39837026596069336,-103.43470822729171
256.0,0.533203125,0.0030365572310984135,1489.0,8272.0,0.5,-0.004616797588823829,0.79296875,0.4114132523536682,0.0,0.855467900633812,1.0,529408.0,0.0001,1034.0,0.2,561.2127529680729,256.0,0.040771484375,0.759765625,-0.21162305923644453,685.5,45.0,0.7265625,664.5083618164062,0.4082958698272705,-101.44706245975568
256.0,0.46484375,0.0050027803517878056,1530.0,8280.0,0.5,-0.009039122209287598,0.7265625,0.4031866192817688,0.0,0.9497305490076542,1.0,529920.0,0.0001,1035.0,0.2,197.28437980264425,256.0,0.04931640625,0.76171875,-0.21952737064566463,658.0,45.0,0.796875,8.835856437683105,0.425747275352478,-100.53515231877566
256.0,0.455078125,0.004416420124471188,1219.0,8288.0,0.5,-0.009210789081407711,0.7265625,0.40120190382003784,0.0,0.9620319381356239,1.0,530432.0,0.0001,1036.0,0.2,46.85857593268156,256.0,0.035888671875,0.771484375,-0.2215535535942763,652.5,45.0,0.81640625,5.985177516937256,0.40628737211227417,-102.47781457992271
256.0,0.505859375,0.003468781244009733,1480.0,8296.0,0.5,-0.0079469924166915,0.78125,0.40377843379974365,0.0,0.927307240664959,1.0,530944.0,0.0001,1037.0,0.2,166.6021486222744,256.0,0.027587890625,0.775390625,-0.23049140186049044,652.5,45.0,0.76953125,64.26648712158203,0.4093945026397705,-101.36575296666473
256.0,0.48046875,0.0012444214662536979,1547.0,8304.0,0.5,-0.004112504982913379,0.7421875,0.372577428817749,0.0,0.8325096070766449,1.0,531456.0,0.0001,1038.0,0.2,824.2494242787361,256.0,0.007080078125,0.76171875,-0.18781026365468279,661.5,45.0,0.78125,421.89630126953125,0.3920116424560547,-100.60888645188884
256.0,0.47265625,0.0031805126927793026,1523.0,8312.0,0.5,-0.008275024258182384,0.765625,0.38555827736854553,0.0,0.8267524093389511,1.0,531968.0,0.0001,1039.0,0.2,389.8762058019638,256.0,0.01904296875,0.79296875,-0.20798764482606202,671.0,45.0,0.8203125,370.6141662597656,0.34521859884262085,-99.2232542989403
256.0,0.44921875,0.010748728178441525,1407.0,8320.0,0.5,-0.00752137689414667,0.71484375,0.40936678647994995,0.0,0.9310858994722366,1.0,532480.0,0.0001,1040.0,0.2,60.00993037968874,256.0,0.033203125,0.765625,-0.22878786700312048,683.0,45.0,0.81640625,13.607199668884277,0.40485286712646484,-96.71686617510393
256.0,0.51953125,0.004022791516035795,1492.0,8328.0,0.5,-0.007020843415375566,0.78125,0.4158603549003601,0.0,0.8822778314352036,1.0,532992.0,0.0001,1041.0,0.2,226.81811678409576,256.0,0.039794921875,0.76171875,-0.21779624710325152,670.0,45.0,0.7421875,116.28324890136719,0.407883882522583,-97.71614487962798
256.0,0.482421875,0.0030298996716737747,1477.0,8336.0,0.5,-0.004232562601828249,0.73828125,0.40674740076065063,0.0,0.806491494178772,1.0,533504.0,0.0001,1042.0,0.2,552.5384221822023,256.0,0.023193359375,0.755859375,-0.2234805809566751,667.0,45.0,0.7734375,229.7119598388672,0.41280096769332886,-98.70249203423037
256.0,0.44140625,0.004970214329659939,1486.0,8344.0,0.5,-0.00882487299531931,0.76171875,0.410474956035614,0.0,0.9633139632642269,1.0,534016.0,0.0001,1043.0,0.2,69.90122355520725,256.0,0.04638671875,0.8203125,-0.22983152355300263,669.5,45.0,0.87890625,9.343107223510742,0.3758735656738281,-99.60592331467197
256.0,0.462890625,0.001500051817856729,1671.0,8352.0,0.5,-0.006263052535359748,0.72265625,0.3807131052017212,0.0,0.8469296991825104,1.0,534528.0,0.0001,1044.0,0.2,952.9485171437263,256.0,0.0126953125,0.759765625,-0.1756622206303291,639.0,45.0,0.796875,97.78384399414062,0.4040370285511017,-99.73194902453571
256.0,0.498046875,0.0030852272175252438,1484.0,8360.0,0.5,-0.004076291079400107,0.7578125,0.408345103263855,0.0,0.9304723739624023,1.0,535040.0,0.0001,1045.0,0.2,96.87573006749153,256.0,0.02001953125,0.759765625,-0.18358366889879107,639.0,45.0,0.76171875,21.8726806640625,0.3927071690559387,-103.0724509403482
256.0,0.5234375,0.0035212188959121704,1451.0,8368.0,0.5,-0.0057596023980295286,0.8125,0.42043694853782654,0.0,0.9346292167901993,1.0,535552.0,0.0001,1046.0,0.2,96.35928192734718,256.0,0.029296875,0.7890625,-0.2296247347840108,639.0,45.0,0.765625,16.07111167907715,0.39126771688461304,-102.32151483528315
256.0,0.52734375,0.0016034867148846388,1155.0,8376.0,0.5,-0.0041248611159971915,0.80859375,0.41691797971725464,0.0,0.7591779679059982,1.0,536064.0,0.0001,1047.0,0.2,1199.064223766327,256.0,0.021240234375,0.78125,-0.1923926017479971,645.0,45.0,0.75390625,168.98167419433594,0.4021943509578705,-101.03086910417304
256.0,0.49609375,0.000862564891576767,1575.0,8384.0,0.5,-0.0033527207451697905,0.75390625,0.3996250033378601,0.0,0.8177391737699509,1.0,536576.0,0.0001,1048.0,0.2,616.8267136216164,256.0,0.010986328125,0.7578125,-0.1953803704236634,643.5,45.0,0.76171875,520.2931518554688,0.4160945415496826,-98.72736278956756
256.0,0.54296875,0.0060518886893987656,1444.0,8392.0,0.5,-0.00972408929374069,0.82421875,0.4122755527496338,0.0,0.9217444732785225,1.0,537088.0,0.0001,1049.0,0.2,86.86517988145351,256.0,0.048095703125,0.78125,-0.22830978984711692,651.5,45.0,0.73828125,20.514892578125,0.4099213182926178,-99.50361838893964
256.0,0.52734375,0.0029413322918117046,1485.0,8400.0,0.5,-0.005305916627548868,0.81640625,0.38143137097358704,0.0,0.9128473475575447,1.0,537600.0,0.0001,1050.0,0.2,128.63337470591068,256.0,0.0283203125,0.7890625,-0.20404053502716124,651.5,45.0,0.76171875,38.4841194152832,0.3695857524871826,-98.70706131255254
256.0,0.5078125,0.009433750063180923,1442.0,8408.0,0.5,-0.014787626143515809,0.76171875,0.3999894857406616,0.0,0.8721925765275955,1.0,538112.0,0.0001,1051.0,0.2,315.0375766158104,256.0,0.0703125,0.75390625,-0.21430208685342222,638.0,45.0,0.74609375,42.42994689941406,0.41606175899505615,-97.69041185799986
256.0,0.517578125,0.00169192545581609,1252.0,8416.0,0.5,-0.00436382303814753,0.7734375,0.41103193163871765,0.0,0.7692489475011826,1.0,538624.0,0.0001,1052.0,0.2,730.6958646774292,256.0,0.005859375,0.755859375,-0.1658624957781285,639.0,45.0,0.73828125,143.91943359375,0.42477208375930786,-96.51134904049337
256.0,0.5078125,0.0038681640289723873,1447.0,8424.0,0.5,-0.0045361831835180055,0.75,0.4392186403274536,0.0,0.7582437545061111,1.0,539136.0,0.0001,1053.0,0.2,393.84971368312836,256.0,0.0126953125,0.7421875,-0.20213966560550034,687.0,45.0,0.734375,92.8552017211914,0.4489836096763611,-99.72088821431622
256.0,0.482421875,0.006556857842952013,1416.0,8432.0,0.5,-0.009769954209332354,0.76171875,0.40759986639022827,0.0,0.9151737317442894,1.0,539648.0,0.0001,1054.0,0.2,108.80455115437508,256.0,0.0478515625,0.779296875,-0.22732128528878093,684.5,45.0,0.796875,41.35529708862305,0.4086263179779053,-94.40412349177524
256.0,0.408203125,0.006623035296797752,1437.0,8440.0,0.5,-0.010361989745433675,0.65625,0.38900455832481384,0.0,0.9472644329071045,1.0,540160.0,0.0001,1055.0,0.2,98.35502448678017,256.0,0.071533203125,0.748046875,-0.24225338525138795,702.0,45.0,0.83984375,21.775182723999023,0.4201107919216156,-94.66017431333661
256.0,0.47265625,0.007360741496086121,1452.0,8448.0,0.5,-0.011861534381750971,0.7890625,0.4009486436843872,0.0,0.9528828859329224,1.0,540672.0,0.0001,1056.0,0.2,61.24490523338318,256.0,0.06005859375,0.81640625,-0.23061102780047804,715.5,45.0,0.84375,26.838134765625,0.3813839554786682,-94.96674313208088
256.0,0.466796875,0.004868023097515106,1085.0,8456.0,0.5,-0.0036841979490418453,0.75390625,0.38396602869033813,0.0,0.8617140054702759,1.0,541184.0,0.0001,1057.0,0.2,143.1407395005226,256.0,0.027587890625,0.787109375,-0.20983556628925726,713.0,45.0,0.8203125,17.50481605529785,0.3771805167198181,-93.93873893737793
256.0,0.462890625,0.006230765022337437,1441.0,8464.0,0.5,-0.009339244898001198,0.72265625,0.41900405287742615,0.0,0.9545928910374641,1.0,541696.0,0.0001,1058.0,0.2,66.98203054070473,256.0,0.051513671875,0.759765625,-0.22424701182171702,715.0,45.0,0.796875,17.945791244506836,0.4010365307331085,-95.6697686054185
256.0,0.541015625,0.0031366399489343166,1514.0,8472.0,0.5,-0.006647454109042883,0.7734375,0.3928406536579132,0.0,0.8974453955888748,1.0,542208.0,0.0001,1059.0,0.2,332.7345145344734,256.0,0.023193359375,0.732421875,-0.19703262485563755,735.5,45.0,0.69140625,119.96672058105469,0.4057616889476776,-96.96778757609427
256.0,0.5078125,0.006578713655471802,1524.0,8480.0,0.5,-0.009553179988870397,0.765625,0.40012550354003906,0.0,0.7914975881576538,1.0,542720.0,0.0001,1060.0,0.2,719.0178555250168,256.0,0.060546875,0.7578125,-0.23011100420262665,753.0,45.0,0.75,135.4044647216797,0.42191028594970703,-98.66948851224035
256.0,0.525390625,0.005803125910460949,1503.0,8488.0,0.5,-0.006784475954191294,0.8125,0.41308343410491943,0.0,0.8871799781918526,1.0,543232.0,0.0001,1061.0,0.2,290.3038337826729,256.0,0.03515625,0.787109375,-0.21140901750186458,765.0,45.0,0.76171875,83.55865478515625,0.40454402565956116,-99.66756521901115
256.0,0.501953125,0.00615022424608469,1186.0,8496.0,0.5,-0.00808800348022487,0.75390625,0.39203524589538574,0.0,0.9096430540084839,1.0,543744.0,0.0001,1062.0,0.2,105.46208511292934,256.0,0.04638671875,0.751953125,-0.19965027959551662,771.0,45.0,0.75,20.037931442260742,0.4296521544456482,-98.42485248863697
256.0,0.513671875,0.0024015377275645733,1503.0,8504.0,0.5,-0.008534603242878802,0.78515625,0.3991563320159912,0.0,0.7873824238777161,1.0,544256.0,0.0001,1063.0,0.2,839.1904388070107,256.0,0.017578125,0.771484375,-0.23800145147833973,763.5,45.0,0.7578125,51.029056549072266,0.39019709825515747,-97.05139981832355
256.0,0.494140625,0.004536506254225969,1314.0,8512.0,0.5,-0.012393681405228563,0.75390625,0.42432188987731934,0.0,0.9388997629284859,1.0,544768.0,0.0001,1064.0,0.2,91.36048817634583,256.0,0.05712890625,0.759765625,-0.21589164092438295,747.0,45.0,0.765625,30.422889709472656,0.42747244238853455,-98.26295760907233
256.0,0.4921875,0.0019078763434663415,1457.0,8520.0,0.5,-0.0034778155604726635,0.7734375,0.40425562858581543,0.0,0.8602560311555862,1.0,545280.0,0.0001,1065.0,0.2,435.49504056572914,256.0,0.01416015625,0.78125,-0.17948580789379776,736.5,45.0,0.7890625,27.07185173034668,0.3853614926338196,-98.8559063386172
256.0,0.501953125,0.007504518609493971,1434.0,8528.0,0.5,-0.006734445378242526,0.77734375,0.40752601623535156,0.0,0.9390008263289928,1.0,545792.0,0.0001,1066.0,0.2,71.25305436551571,256.0,0.052490234375,0.775390625,-0.2066746994969435,747.0,45.0,0.7734375,10.673674583435059,0.40040531754493713,-98.56823835244403
256.0,0.474609375,0.007770521100610495,1435.0,8536.0,0.5,-0.007770406693452969,0.73828125,0.3923463821411133,0.0,0.9547173865139484,1.0,546304.0,0.0001,1067.0,0.2,70.53777447342873,256.0,0.05517578125,0.763671875,-0.2573795330245048,731.5,45.0,0.7890625,16.358783721923828,0.39876484870910645,-95.70954436562955
256.0,0.458984375,0.0038725952617824078,1467.0,8544.0,0.5,-0.007658419937797589,0.6953125,0.41375696659088135,0.0,0.9483531713485718,1.0,546816.0,0.0001,1068.0,0.2,70.27980895340443,256.0,0.029052734375,0.736328125,-0.2132232086150907,733.5,45.0,0.77734375,16.786108016967773,0.43689870834350586,-95.42442750267685
256.0,0.412109375,0.004496988374739885,1428.0,8552.0,0.5,-0.007921269432699773,0.68359375,0.4012896716594696,0.0,0.9692609459161758,1.0,547328.0,0.0001,1069.0,0.2,49.67370983958244,256.0,0.033447265625,0.771484375,-0.22876854572677985,732.0,45.0,0.859375,12.030582427978516,0.40250569581985474,-94.71702595593408
256.0,0.45703125,0.0018724874826148152,1460.0,8560.0,0.5,-0.004780101364303846,0.703125,0.40750330686569214,0.0,0.8912915736436844,1.0,547840.0,0.0001,1070.0,0.2,340.87938517332077,256.0,0.013427734375,0.74609375,-0.2133937671314925,740.5,45.0,0.7890625,114.6317367553711,0.4132474958896637,-92.80282313371077
256.0,0.4921875,0.003424623515456915,1508.0,8568.0,0.5,-0.007264926680363715,0.765625,0.38830995559692383,0.0,0.8377470225095749,1.0,548352.0,0.0001,1071.0,0.2,446.48568749427795,256.0,0.031494140625,0.7734375,-0.1990946937003173,725.0,45.0,0.78125,126.78096008300781,0.4257979393005371,-93.7692183833383
256.0,0.4453125,0.001902195392176509,1551.0,8576.0,0.5,-0.0049158265137521084,0.734375,0.36366498470306396,0.0,0.843284010887146,1.0,548864.0,0.0001,1072.0,0.2,645.1374061703682,256.0,0.0107421875,0.7890625,-0.23107473796699196,736.5,45.0,0.84375,521.2359008789062,0.34224405884742737,-94.76710195844993
256.0,0.4765625,0.0065653580240905285,1176.0,8584.0,0.5,-0.012083897330740001,0.74609375,0.41728436946868896,0.0,0.9356606006622314,1.0,549376.0,0.0001,1073.0,0.2,100.64816534519196,256.0,0.044189453125,0.76953125,-0.20187731692567468,714.5,45.0,0.79296875,18.522823333740234,0.4338212013244629,-93.88539510207251
256.0,0.517578125,0.003912757150828838,1475.0,8592.0,0.5,-0.006780125826480798,0.79296875,0.3959868550300598,0.0,0.9574416093528271,1.0,549888.0,0.0001,1074.0,0.2,65.58016838133335,256.0,0.032470703125,0.775390625,-0.22180845483671874,725.0,45.0,0.7578125,19.352706909179688,0.39258620142936707,-96.50245489737019
256.0,0.529296875,0.003493119031190872,1521.0,8600.0,0.5,-0.007081685762386769,0.78125,0.38473188877105713,0.0,0.8299289345741272,1.0,550400.0,0.0001,1075.0,0.2,638.0609274506569,256.0,0.028076171875,0.751953125,-0.1960028725443408,705.5,45.0,0.72265625,64.92579650878906,0.3771025538444519,-95.29127494221554
256.0,0.517578125,0.0022447144147008657,1496.0,8608.0,0.5,-0.006178108993481146,0.80859375,0.40765026211738586,0.0,0.8894473761320114,1.0,550912.0,0.0001,1076.0,0.2,153.33945763111115,256.0,0.01708984375,0.791015625,-0.24349647958297282,707.5,45.0,0.7734375,18.984487533569336,0.37566888332366943,-96.88905837355182
256.0,0.48828125,0.006461774464696646,1514.0,8616.0,0.5,-0.010392776064691134,0.796875,0.39804506301879883,0.0,0.9445222541689873,1.0,551424.0,0.0001,1077.0,0.2,149.23105807602406,256.0,0.0498046875,0.80859375,-0.233515863888897,697.0,45.0,0.8203125,13.764994621276855,0.3683922290802002,-95.9359231698513
256.0,0.4765625,0.0022333823144435883,1313.0,8624.0,0.5,-0.005339763352822047,0.78125,0.38068604469299316,0.0,0.795012041926384,1.0,551936.0,0.0001,1078.0,0.2,1172.0950310230255,256.0,0.023681640625,0.8046875,-0.19044043583562598,674.0,45.0,0.828125,605.6926879882812,0.3707355856895447,-95.79649506557733
256.0,0.494140625,0.003492118092253804,1588.0,8632.0,0.5,-0.007143533723137807,0.7890625,0.3741494417190552,0.0,0.9231961593031883,1.0,552448.0,0.0001,1079.0,0.2,342.0141614675522,256.0,0.025390625,0.794921875,-0.20492790901334956,638.5,45.0,0.80078125,50.0903434753418,0.3659222722053528,-100.54354436321184
256.0,0.501953125,0.002437603659927845,1558.0,8640.0,0.5,-0.0036594024568330497,0.78125,0.3890566825866699,0.0,0.8659577369689941,1.0,552960.0,0.0001,1080.0,0.2,566.914857596159,256.0,0.0146484375,0.779296875,-0.2003605982172303,672.0,45.0,0.77734375,220.01791381835938,0.3862983286380768,-105.28114388883114
256.0,0.50390625,0.0033052279613912106,1391.0,8648.0,0.5,-0.007067175378324464,0.82421875,0.4030495285987854,0.0,0.9012093469500542,1.0,553472.0,0.0001,1081.0,0.2,137.1496403813362,256.0,0.02490234375,0.8203125,-0.20624730474082753,689.0,45.0,0.81640625,27.717134475708008,0.38549911975860596,-104.88605643274262
256.0,0.51171875,0.0016166161512956023,1411.0,8656.0,0.5,-0.004684733925387263,0.8203125,0.41433006525039673,0.0,0.9429137371480465,1.0,553984.0,0.0001,1082.0,0.2,90.93793396651745,256.0,0.01220703125,0.80859375,-0.1985490660299547,693.5,45.0,0.796875,27.525558471679688,0.3785681426525116,-101.16759231779724
256.0,0.509765625,0.008548138663172722,1166.0,8664.0,0.5,-0.009437412132683676,0.734375,0.431649386882782,0.0,0.9616171047091484,1.0,554496.0,0.0001,1083.0,0.2,62.744039714336395,256.0,0.058837890625,0.724609375,-0.23388800688553602,689.0,45.0,0.71484375,9.343649864196777,0.4252443313598633,-101.11123324023559
256.0,0.5,0.0029160925187170506,1435.0,8672.0,0.5,-0.0066035789968736935,0.76953125,0.41169220209121704,0.0,0.9242321029305458,1.0,555008.0,0.0001,1084.0,0.2,182.7808409333229,256.0,0.020263671875,0.76953125,-0.2269989451742731,714.5,45.0,0.76953125,47.770626068115234,0.3966051936149597,-101.68149906847626
256.0,0.486328125,0.004612309858202934,1460.0,8680.0,0.5,-0.006208595928910654,0.7421875,0.4048554599285126,0.0,0.9685268104076385,1.0,555520.0,0.0001,1085.0,0.2,47.82221834361553,256.0,0.027099609375,0.755859375,-0.23748371028341353,726.0,45.0,0.76953125,7.327213287353516,0.41255444288253784,-99.46587636733427
256.0,0.505859375,0.004323381930589676,1429.0,8688.0,0.5,-0.008885799048584886,0.72265625,0.4216703474521637,0.0,0.8548257499933243,1.0,556032.0,0.0001,1086.0,0.2,497.3757994174957,256.0,0.0576171875,0.716796875,-0.21869189501740038,704.5,45.0,0.7109375,71.0670166015625,0.467239111661911,-99.28161575373262
256.0,0.48046875,0.0045452420599758625,1370.0,8696.0,0.5,-0.010522876946197357,0.7734375,0.4176941514015198,0.0,0.9470283575356007,1.0,556544.0,0.0001,1087.0,0.2,99.58200362324715,256.0,0.036865234375,0.79296875,-0.21677475847536698,709.0,45.0,0.8125,21.511259078979492,0.400331974029541,-99.40395028648898
256.0,0.533203125,0.002315569669008255,1136.0,8704.0,0.5,-0.005333787656127242,0.79296875,0.38773876428604126,0.0,0.9004948735237122,1.0,557056.0,0.0001,1088.0,0.2,316.2994372844696,256.0,0.015625,0.759765625,-0.20681472850264981,707.0,45.0,0.7265625,33.11933517456055,0.3982931971549988,-93.11788440359756
256.0,0.494140625,0.004393056966364384,1399.0,8712.0,0.5,-0.010829553633811884,0.75390625,0.41373521089553833,0.0,0.9591562673449516,1.0,557568.0,0.0001,1089.0,0.2,60.189545065164566,256.0,0.053955078125,0.759765625,-0.24144111317582428,704.0,45.0,0.765625,10.954317092895508,0.4291734993457794,-88.63300067214296
256.0,0.490234375,0.0025708924513310194,1555.0,8720.0,0.5,-0.004376807402877603,0.765625,0.3788490295410156,0.0,0.7977611124515533,1.0,558080.0,0.0001,1090.0,0.2,1032.8799221515656,256.0,0.013427734375,0.775390625,-0.22674471931532025,677.5,45.0,0.78515625,678.2695922851562,0.3816574811935425,-89.02162691580132
256.0,0.462890625,0.004651415161788464,1431.0,8728.0,0.5,-0.007539239977631951,0.734375,0.4166257381439209,0.0,0.909506194293499,1.0,558592.0,0.0001,1091.0,0.2,79.60387115180492,256.0,0.02783203125,0.771484375,-0.19700095150619745,678.0,45.0,0.80859375,20.46426010131836,0.4104183316230774,-93.73444661486894
256.0,0.5,0.0010874351719394326,1509.0,8736.0,0.5,-0.004217851263092598,0.79296875,0.38560110330581665,0.0,0.8846828266978264,1.0,559104.0,0.0001,1092.0,0.2,536.1557777523994,256.0,0.010009765625,0.79296875,-0.19146541610825807,662.0,45.0,0.79296875,37.7325553894043,0.37837791442871094,-94.32608832998201
256.0,0.4921875,0.0027208286337554455,1466.0,8744.0,0.5,-0.006251588158193044,0.765625,0.4084125757217407,0.0,0.8494855016469955,1.0,559616.0,0.0001,1093.0,0.2,552.6873490810394,256.0,0.019287109375,0.7734375,-0.20223928248742595,636.0,45.0,0.78125,450.57623291015625,0.3948814868927002,-98.50490428257734
256.0,0.49609375,0.002661623526364565,1417.0,8752.0,0.5,-0.006113588327934849,0.77734375,0.404296875,0.0,0.9262628480792046,1.0,560128.0,0.0001,1094.0,0.2,152.8552419692278,256.0,0.028564453125,0.78125,-0.18656263052253053,640.0,45.0,0.78515625,32.52491760253906,0.39545556902885437,-99.85004144335166
256.0,0.48828125,0.008019329980015755,1461.0,8760.0,0.5,-0.009638816613005474,0.78125,0.38942211866378784,0.0,0.9554252848029137,1.0,560640.0,0.0001,1095.0,0.2,82.61204375326633,256.0,0.053466796875,0.79296875,-0.23652764793951064,660.0,45.0,0.8046875,20.996145248413086,0.3746800422668457,-100.82951623218133
256.0,0.484375,0.00450999615713954,1513.0,8768.0,0.5,-0.007488326977181714,0.77734375,0.39015695452690125,0.0,0.8900214657187462,1.0,561152.0,0.0001,1096.0,0.2,347.10465878248215,256.0,0.03271484375,0.79296875,-0.22135746880667284,670.0,45.0,0.80859375,57.24533462524414,0.4020017385482788,-99.66610044891014
256.0,0.533203125,0.0022680223919451237,1464.0,8776.0,0.5,-0.0069238457836036105,0.81640625,0.40172278881073,0.0,0.9051028117537498,1.0,561664.0,0.0001,1097.0,0.2,139.71215038001537,256.0,0.0263671875,0.783203125,-0.21325913455802947,682.0,45.0,0.75,24.320566177368164,0.4041767716407776,-100.99071712322534
256.0,0.478515625,0.005650056526064873,1469.0,8784.0,0.5,-0.004804488635272719,0.7578125,0.38165974617004395,0.0,0.9418644271790981,1.0,562176.0,0.0001,1098.0,0.2,83.09174820035696,256.0,0.0322265625,0.779296875,-0.20963705476606265,674.5,45.0,0.80078125,13.737068176269531,0.382246732711792,-100.93257941242308
256.0,0.486328125,0.0041745500639081,1506.0,8792.0,0.5,-0.008482207675115205,0.7421875,0.42037081718444824,0.0,0.8463883548974991,1.0,562688.0,0.0001,1099.0,0.2,612.4406633377075,256.0,0.03662109375,0.755859375,-0.24041072302497923,682.0,45.0,0.76953125,681.2771606445312,0.42670005559921265,-101.90350045839324
256.0,0.484375,0.002334100194275379,1529.0,8800.0,0.5,-0.0047438492911169305,0.7890625,0.3825826048851013,0.0,0.8618154674768448,1.0,563200.0,0.0001,1100.0,0.2,410.7924258708954,256.0,0.020263671875,0.8046875,-0.19001084537012503,679.0,45.0,0.8203125,175.4592742919922,0.38114261627197266,-100.0180751165934
256.0,0.482421875,0.004017586354166269,1417.0,8808.0,0.5,-0.00913780125847552,0.7578125,0.406355082988739,0.0,0.9377159252762794,1.0,563712.0,0.0001,1101.0,0.2,85.26736497879028,256.0,0.03662109375,0.775390625,-0.2142705614096485,686.5,45.0,0.79296875,23.783248901367188,0.38101932406425476,-99.93319659490139
256.0,0.486328125,0.004216728266328573,1363.0,8816.0,0.5,-0.007724114064330934,0.78125,0.3889312744140625,0.0,0.9563752077519894,1.0,564224.0,0.0001,1102.0,0.2,79.19916711747646,256.0,0.03515625,0.794921875,-0.2358698600437492,704.0,45.0,0.80859375,32.66634750366211,0.35514840483665466,-97.3260699895583
256.0,0.48828125,0.004234245512634516,1418.0,8824.0,0.5,-0.012521854936494492,0.765625,0.3875163495540619,0.0,0.9361878037452698,1.0,564736.0,0.0001,1103.0,0.2,308.5882183164358,256.0,0.0380859375,0.77734375,-0.23007923469413072,683.0,45.0,0.7890625,44.594017028808594,0.3785454332828522,-96.51747294768691
256.0,0.49609375,0.0036224396899342537,1223.0,8832.0,0.5,-0.005082085976027884,0.78515625,0.39677929878234863,0.0,0.9425094574689865,1.0,565248.0,0.0001,1104.0,0.2,106.78913013637066,256.0,0.03271484375,0.7890625,-0.2528890368412249,686.5,45.0,0.79296875,19.3277530670166,0.38738107681274414,-99.10260785883293
256.0,0.546875,0.0022540842182934284,1469.0,8840.0,0.5,-0.004382778344734106,0.8203125,0.41627219319343567,0.0,0.9543185159564018,1.0,565760.0,0.0001,1105.0,0.2,76.63259625434875,256.0,0.017578125,0.7734375,-0.2288445119629614,679.5,45.0,0.7265625,27.920352935791016,0.40178558230400085,-98.84391533404589
256.0,0.49609375,0.0031135622411966324,1485.0,8848.0,0.5,-0.010599114750220906,0.796875,0.3760698437690735,0.0,0.9070011451840401,1.0,566272.0,0.0001,1106.0,0.2,242.5223390161991,256.0,0.0322265625,0.80078125,-0.2539520929567516,670.0,45.0,0.8046875,116.31983184814453,0.37680360674858093,-97.34322483591735
256.0,0.48046875,0.0049681998789310455,1316.0,8856.0,0.5,-0.00837134553148644,0.765625,0.39021870493888855,0.0,0.8622790724039078,1.0,566784.0,0.0001,1107.0,0.2,478.71287456154823,256.0,0.026611328125,0.78515625,-0.22904580575414002,677.5,45.0,0.8046875,286.4870910644531,0.37924596667289734,-97.93012723062188
256.0,0.49609375,0.0023317851591855288,1466.0,8864.0,0.5,-0.006614495800022269,0.80859375,0.3679686188697815,0.0,0.820751503109932,1.0,567296.0,0.0001,1108.0,0.2,673.2854074835777,256.0,0.025634765625,0.8125,-0.21346919739153236,673.5,45.0,0.81640625,255.370849609375,0.3502359092235565,-98.16235528182239
256.0,0.453125,0.004442289937287569,1251.0,8872.0,0.5,-0.005585968876403058,0.73828125,0.4148668646812439,0.0,0.9313295856118202,1.0,567808.0,0.0001,1109.0,0.2,84.4162300825119,256.0,0.04443359375,0.78515625,-0.2338683302514255,690.5,45.0,0.83203125,21.401287078857422,0.39609280228614807,-100.3896456041932
256.0,0.439453125,0.005972100887447596,1427.0,8880.0,0.5,-0.00832418940262869,0.6875,0.39216098189353943,0.0,0.9535234272480011,1.0,568320.0,0.0001,1110.0,0.2,50.62410514801741,256.0,0.03369140625,0.748046875,-0.23221725248731673,692.0,45.0,0.80859375,10.285512924194336,0.4260689616203308,-100.96754290683195
256.0,0.451171875,0.00310733774676919,1519.0,8888.0,0.5,-0.006045793841622071,0.734375,0.37598633766174316,0.0,0.8807369321584702,1.0,568832.0,0.0001,1111.0,0.2,394.86120334267616,256.0,0.016357421875,0.783203125,-0.24553310230839998,684.5,45.0,0.83203125,220.88560485839844,0.3693237900733948,-102.35571469418704
256.0,0.509765625,0.009609534405171871,1419.0,8896.0,0.5,-0.015431680229085032,0.8046875,0.3950096666812897,0.0,0.9087565392255783,1.0,569344.0,0.0001,1112.0,0.2,141.87687295675278,256.0,0.066650390625,0.794921875,-0.2765957905212417,701.5,45.0,0.78515625,34.71279525756836,0.39586588740348816,-104.07973672857509
256.0,0.515625,0.006498174741864204,1400.0,8904.0,0.5,-0.010796743692480959,0.796875,0.4080020785331726,0.0,0.9567782580852509,1.0,569856.0,0.0001,1113.0,0.2,81.19036234915257,256.0,0.048583984375,0.78125,-0.24783950403798372,702.0,45.0,0.765625,10.795317649841309,0.3898209035396576,-100.88575619840995
256.0,0.484375,0.004376079421490431,1279.0,8912.0,0.5,-0.009392416890477762,0.7890625,0.3953975737094879,0.0,0.9452824033796787,1.0,570368.0,0.0001,1114.0,0.2,251.10166057944298,256.0,0.035888671875,0.8046875,-0.23111239779973403,688.5,45.0,0.8203125,182.74383544921875,0.3759964108467102,-100.12883538132533
256.0,0.48046875,0.0033707080874592066,1579.0,8920.0,0.5,-0.00675563585900818,0.77734375,0.3848419785499573,0.0,0.799269899725914,1.0,570880.0,0.0001,1115.0,0.2,863.1094623804092,256.0,0.0244140625,0.796875,-0.24277568276738748,683.0,45.0,0.81640625,93.34722900390625,0.36111438274383545,-102.94536417745054
256.0,0.517578125,0.004014407750219107,1507.0,8928.0,0.5,-0.008866709724316024,0.82421875,0.3577248454093933,0.0,0.8107070177793503,1.0,571392.0,0.0001,1116.0,0.2,643.6264271736145,256.0,0.031982421875,0.806640625,-0.23831848823465407,679.5,45.0,0.7890625,606.4957885742188,0.34986624121665955,-105.00683169173077
256.0,0.5390625,0.003538373624905944,1506.0,8936.0,0.5,-0.004554629569611279,0.828125,0.39200928807258606,0.0,0.851644977927208,1.0,571904.0,0.0001,1117.0,0.2,439.69683569669724,256.0,0.0244140625,0.7890625,-0.23540258256252855,681.5,45.0,0.75,78.5308609008789,0.3883153796195984,-105.52593669719994
256.0,0.515625,0.004853256046772003,1470.0,8944.0,0.5,-0.007380197257589316,0.8203125,0.38638365268707275,0.0,0.8962776213884354,1.0,572416.0,0.0001,1118.0,0.2,118.73735904693604,256.0,0.03271484375,0.8046875,-0.2583077723393217,677.0,45.0,0.7890625,40.858245849609375,0.3558284640312195,-103.40940819133073
256.0,0.498046875,0.007287421729415655,1196.0,8952.0,0.5,-0.00936039656153298,0.80859375,0.3737216293811798,0.0,0.8864118009805679,1.0,572928.0,0.0001,1119.0,0.2,181.5127867758274,256.0,0.040771484375,0.810546875,-0.26007170625962317,664.0,45.0,0.8125,85.77481842041016,0.3709539473056793,-102.15078411206603
256.0,0.5234375,0.005181791260838509,1467.0,8960.0,0.5,-0.004827942997508217,0.8203125,0.3786441385746002,0.0,0.9042229950428009,1.0,573440.0,0.0001,1120.0,0.2,188.0667881667614,256.0,0.03076171875,0.796875,-0.26381615235004574,661.0,45.0,0.7734375,83.72085571289062,0.36047762632369995,-102.72240333344787
256.0,0.484375,0.004943471401929855,1485.0,8968.0,0.5,-0.010800436633871868,0.76171875,0.39417529106140137,0.0,0.9465046375989914,1.0,573952.0,0.0001,1121.0,0.2,67.42976731061935,256.0,0.050537109375,0.77734375,-0.28550975280813873,653.0,45.0,0.79296875,13.240988731384277,0.40509307384490967,-100.88353915199637
256.0,0.51171875,0.0026654424145817757,1515.0,8976.0,0.5,-0.004130728368181735,0.84765625,0.369185209274292,0.0,0.8544167578220367,1.0,574464.0,0.0001,1122.0,0.2,606.4445835053921,256.0,0.0224609375,0.8359375,-0.24585568101610988,643.0,45.0,0.82421875,73.96228790283203,0.36335620284080505,-102.17613124202937
256.0,0.474609375,0.003752299351617694,1478.0,8984.0,0.5,-0.007391929146251641,0.7734375,0.4035193622112274,0.0,0.883503369987011,1.0,574976.0,0.0001,1123.0,0.2,207.5500320494175,256.0,0.028564453125,0.798828125,-0.25257966050412506,652.5,45.0,0.82421875,30.849266052246094,0.3928898274898529,-105.33885146072134
256.0,0.462890625,0.003991156816482544,1142.0,8992.0,0.5,-0.008567911892896518,0.7734375,0.3965991735458374,0.0,0.9077711924910545,1.0,575488.0,0.0001,1124.0,0.2,120.96881671249866,256.0,0.04052734375,0.810546875,-0.2655166581971571,657.5,45.0,0.84765625,15.91972827911377,0.3894127607345581,-104.80342873325571
256.0,0.46484375,0.00352861313149333,1512.0,9000.0,0.5,-0.007539938611444086,0.7890625,0.3668591380119324,0.0,0.8438821732997894,1.0,576000.0,0.0001,1125.0,0.2,586.7049458622932,256.0,0.033935546875,0.82421875,-0.23496240540407598,666.0,45.0,0.859375,47.814903259277344,0.37091052532196045,-104.29300207449123
256.0,0.470703125,0.0022744887974113226,1445.0,9008.0,0.5,-0.007384968499536626,0.765625,0.39109206199645996,0.0,0.8876352459192276,1.0,576512.0,0.0001,1126.0,0.2,237.41987872123718,256.0,0.015625,0.794921875,-0.24248421436641365,664.5,45.0,0.82421875,51.562137603759766,0.3969098627567291,-104.90492883788421
256.0,0.51171875,0.002349018817767501,1497.0,9016.0,0.5,-0.0036087736079934984,0.76953125,0.39472416043281555,0.0,0.8672904819250107,1.0,577024.0,0.0001,1127.0,0.2,255.69602289795876,256.0,0.019287109375,0.7578125,-0.24470512382686138,644.0,45.0,0.74609375,104.000732421875,0.4194120168685913,-106.11089556766674
256.0,0.484375,0.00421585887670517,1377.0,9024.0,0.5,-0.010735609524999745,0.796875,0.3797867000102997,0.0,0.9547954313457012,1.0,577536.0,0.0001,1128.0,0.2,63.652651727199554,256.0,0.039794921875,0.8125,-0.2865724201546982,650.5,45.0,0.828125,14.936605453491211,0.34368932247161865,-107.08745217127725
256.0,0.517578125,0.002354172756895423,1171.0,9032.0,0.5,-0.0041827091336017475,0.77734375,0.4017476439476013,0.0,0.9117009118199348,1.0,578048.0,0.0001,1129.0,0.2,166.5476974695921,256.0,0.017822265625,0.759765625,-0.2576560768065974,658.0,45.0,0.7421875,27.647403717041016,0.3997971713542938,-106.6863965128176
256.0,0.556640625,0.004062958061695099,1462.0,9040.0,0.5,-0.0056390391328022815,0.80078125,0.40324780344963074,0.0,0.8589635193347931,1.0,578560.0,0.0001,1130.0,0.2,602.3297657966614,256.0,0.031005859375,0.744140625,-0.23046752775553614,664.5,45.0,0.6875,696.622802734375,0.40627342462539673,-105.17447136055678
256.0,0.51953125,0.002233111299574375,1413.0,9048.0,0.5,-0.006955509023100603,0.77734375,0.41960644721984863,0.0,0.9336418434977531,1.0,579072.0,0.0001,1131.0,0.2,115.73299598693848,256.0,0.022705078125,0.7578125,-0.24361003190279007,663.5,45.0,0.73828125,29.903337478637695,0.4174276888370514,-104.15566297516227
256.0,0.5390625,0.0013465913943946362,1485.0,9056.0,0.5,-0.00787011540887761,0.80859375,0.3849610984325409,0.0,0.8346469551324844,1.0,579584.0,0.0001,1132.0,0.2,688.9658954739571,256.0,0.027099609375,0.76953125,-0.2486438670894131,662.5,45.0,0.73046875,927.9033203125,0.4152402877807617,-102.58130493428558
256.0,0.4921875,0.003537377342581749,1451.0,9064.0,0.5,-0.007601022781273059,0.78125,0.3795660138130188,0.0,0.9422366470098495,1.0,580096.0,0.0001,1133.0,0.2,87.0639521330595,256.0,0.0390625,0.7890625,-0.2605213701026514,652.5,45.0,0.796875,12.355237007141113,0.37731021642684937,-101.09071058634669
256.0,0.54296875,0.005181626416742802,1434.0,9072.0,0.5,-0.00931014824891463,0.83984375,0.4093899130821228,0.0,0.9447139203548431,1.0,580608.0,0.0001,1134.0,0.2,82.97788469493389,256.0,0.05517578125,0.796875,-0.2437795327277854,666.5,45.0,0.75390625,19.883201599121094,0.4032173156738281,-99.90730655932799
256.0,0.501953125,0.001945781521499157,1192.0,9080.0,0.5,-0.00422776198865904,0.8203125,0.39523833990097046,0.0,0.8435739725828171,1.0,581120.0,0.0001,1135.0,0.2,469.940029501915,256.0,0.01904296875,0.818359375,-0.2216112696332857,666.5,45.0,0.81640625,53.788246154785156,0.3708978593349457,-97.24680231248959
256.0,0.482421875,0.0038995188660919666,1442.0,9088.0,0.5,-0.008858322580636013,0.78125,0.3794804811477661,0.0,0.9646029323339462,1.0,581632.0,0.0001,1136.0,0.2,49.623717322945595,256.0,0.039794921875,0.798828125,-0.21676938474411145,688.0,45.0,0.81640625,10.043181419372559,0.35919061303138733,-97.75334658090026
256.0,0.408203125,0.007643271237611771,1415.0,9096.0,0.5,-0.012217754592711572,0.70703125,0.3858197331428528,0.0,0.9718837011605501,1.0,582144.0,0.0001,1137.0,0.2,31.6428684592247,256.0,0.068359375,0.798828125,-0.2022234663600102,697.0,45.0,0.890625,13.247954368591309,0.386749804019928,-97.06439738295973
256.0,0.455078125,0.003391117323189974,1498.0,9104.0,0.5,-0.007147114629333373,0.71875,0.3670382797718048,0.0,0.9157264232635498,1.0,582656.0,0.0001,1138.0,0.2,394.9403502345085,256.0,0.03369140625,0.763671875,-0.2222905086237006,687.5,45.0,0.80859375,53.82682418823242,0.3996998369693756,-97.80650041002781
256.0,0.484375,0.004136072006076574,1441.0,9112.0,0.5,-0.0033022556071955478,0.75,0.39857059717178345,0.0,0.8967622742056847,1.0,583168.0,0.0001,1139.0,0.2,204.05835461616516,256.0,0.02099609375,0.765625,-0.22467462584609166,694.5,45.0,0.78125,32.475399017333984,0.4147401750087738,-102.54696200424806
256.0,0.53125,0.002641640603542328,1097.0,9120.0,0.5,-0.0078473664689227,0.82421875,0.39383724331855774,0.0,0.8612564355134964,1.0,583680.0,0.0001,1140.0,0.2,477.90516597032547,256.0,0.037109375,0.79296875,-0.2007219127845019,701.5,45.0,0.76171875,61.790489196777344,0.3691326081752777,-103.09870223084465
256.0,0.490234375,0.0022882414050400257,1514.0,9128.0,0.5,-0.007576000891276635,0.7734375,0.3588147759437561,0.0,0.8951179385185242,1.0,584192.0,0.0001,1141.0,0.2,497.9064178466797,256.0,0.020263671875,0.783203125,-0.19952695997199044,691.0,45.0,0.79296875,80.22162628173828,0.37815070152282715,-104.24820095831528
256.0,0.548828125,0.0012278283247724175,1541.0,9136.0,0.5,-0.005146231203980278,0.78125,0.4175436198711395,0.0,0.7906280308961868,1.0,584704.0,0.0001,1142.0,0.2,1045.306587100029,256.0,0.0068359375,0.732421875,-0.18618378753308207,691.5,45.0,0.68359375,233.56805419921875,0.4396512508392334,-106.09247703179717
256.0,0.59765625,0.003176263067871332,1391.0,9144.0,0.5,-0.005959593479929026,0.89453125,0.4153808057308197,0.0,0.8422947973012924,1.0,585216.0,0.0001,1143.0,0.2,194.91802483797073,256.0,0.02587890625,0.796875,-0.23358961835037917,691.5,45.0,0.69921875,27.700294494628906,0.3981752395629883,-107.53627223774791
256.0,0.5,0.0021853474900126457,1470.0,9152.0,0.5,-0.004073907715792302,0.7734375,0.39866819977760315,0.0,0.8889859616756439,1.0,585728.0,0.0001,1144.0,0.2,275.1570793688297,256.0,0.0166015625,0.7734375,-0.20123564160894603,686.5,45.0,0.7734375,116.5771255493164,0.4141623377799988,-106.11512029351667
256.0,0.521484375,0.0056138550862669945,1151.0,9160.0,0.5,-0.007789815790602006,0.80859375,0.4154200553894043,0.0,0.9235715940594673,1.0,586240.0,0.0001,1145.0,0.2,85.44600529968739,256.0,0.038818359375,0.787109375,-0.21267633512616158,689.0,45.0,0.765625,18.614288330078125,0.393191933631897,-105.1409134848602
256.0,0.458984375,0.005831686779856682,1431.0,9168.0,0.5,-0.011176745218108408,0.74609375,0.4193921685218811,0.0,0.9129245653748512,1.0,586752.0,0.0001,1146.0,0.2,124.68530859053135,256.0,0.040771484375,0.787109375,-0.26748997007962316,674.5,45.0,0.828125,32.146846771240234,0.395812064409256,-102.92631309835241
256.0,0.47265625,0.0011559738777577877,1504.0,9176.0,0.5,-0.006262918843276566,0.76953125,0.3643343448638916,0.0,0.8227631747722626,1.0,587264.0,0.0001,1147.0,0.2,1040.6451299190521,256.0,0.0087890625,0.796875,-0.1772590689943172,679.0,45.0,0.82421875,344.3460998535156,0.3731427490711212,-102.36462469693274
256.0,0.42578125,0.0025646351277828217,1519.0,9184.0,0.5,-0.005211029852944193,0.6796875,0.4012985825538635,0.0,0.7910381406545639,1.0,587776.0,0.0001,1148.0,0.2,1095.249008178711,256.0,0.01708984375,0.75390625,-0.2079041023971513,688.0,45.0,0.828125,114.4624252319336,0.4057029187679291,-100.12879270665347
256.0,0.462890625,0.0026331902481615543,1401.0,9192.0,0.5,-0.005116176045703469,0.74609375,0.38397416472435,0.0,0.8000949025154114,1.0,588288.0,0.0001,1149.0,0.2,633.1572830677032,256.0,0.025146484375,0.783203125,-0.21931172854965553,697.0,45.0,0.8203125,68.9515151977539,0.37914136052131653,-102.95164801077917
256.0,0.4453125,0.004318885505199432,1412.0,9200.0,0.5,-0.007097394838638138,0.703125,0.39434540271759033,0.0,0.8914697617292404,1.0,588800.0,0.0001,1150.0,0.2,155.05717504024506,256.0,0.0322265625,0.7578125,-0.2167143594706431,702.0,45.0,0.8125,33.9017219543457,0.39214348793029785,-101.19110585497693
256.0,0.455078125,0.006244856398552656,1548.0,9208.0,0.5,-0.01074704687925987,0.76171875,0.3844166398048401,0.0,0.8676626682281494,1.0,589312.0,0.0001,1151.0,0.2,604.6080097556114,256.0,0.06005859375,0.806640625,-0.23416492535034195,707.0,45.0,0.8515625,62.28661346435547,0.36813169717788696,-100.7498785947077
256.0,0.5390625,0.003040941897779703,1407.0,9216.0,0.5,-0.009545808072289219,0.8125,0.39713025093078613,0.0,0.8447057753801346,1.0,589824.0,0.0001,1152.0,0.2,240.25742602348328,256.0,0.02880859375,0.7734375,-0.24390780425164849,697.0,45.0,0.734375,56.03871536254883,0.4127238094806671,-100.45503469882533
256.0,0.5234375,0.0031832417007535696,1468.0,9224.0,0.5,-0.004788751000887714,0.8125,0.41516658663749695,0.0,0.9503401704132557,1.0,590336.0,0.0001,1153.0,0.2,93.74136526882648,256.0,0.020751953125,0.7890625,-0.22547749895602465,712.5,45.0,0.765625,22.723506927490234,0.3974396288394928,-101.8484802580066
256.0,0.4453125,0.003743377048522234,1421.0,9232.0,0.5,-0.005796905647002859,0.734375,0.4057888686656952,0.0,0.9420774877071381,1.0,590848.0,0.0001,1154.0,0.2,81.06506261229515,256.0,0.03125,0.7890625,-0.23173113144002855,708.0,45.0,0.84375,17.102880477905273,0.39517301321029663,-100.06978337030858
256.0,0.4453125,0.002659682184457779,1548.0,9240.0,0.5,-0.006158985612273682,0.71875,0.41168951988220215,0.0,0.8799327686429024,1.0,591360.0,0.0001,1155.0,0.2,610.1946053057909,256.0,0.01904296875,0.7734375,-0.24229197850218043,714.5,45.0,0.828125,26.54198455810547,0.40490439534187317,-101.07177812583744
256.0,0.490234375,0.002610398456454277,1230.0,9248.0,0.5,-0.006018080915964674,0.76953125,0.39458805322647095,0.0,0.8585810363292694,1.0,591872.0,0.0001,1156.0,0.2,496.148279607296,256.0,0.023193359375,0.779296875,-0.21328756446018815,688.0,45.0,0.7890625,71.35271453857422,0.3982757329940796,-101.86563103429972
256.0,0.521484375,0.0049497634172439575,1504.0,9256.0,0.5,-0.008813588807242922,0.83203125,0.381631076335907,0.0,0.821670725941658,1.0,592384.0,0.0001,1157.0,0.2,577.6632132530212,256.0,0.047607421875,0.810546875,-0.2239245536038652,685.0,45.0,0.7890625,74.09700775146484,0.3419395983219147,-101.64947666058316
256.0,0.51953125,0.0033457265235483646,1539.0,9264.0,0.5,-0.007820286547939759,0.78125,0.3782866299152374,0.0,0.8906032294034958,1.0,592896.0,0.0001,1158.0,0.2,447.4948962032795,256.0,0.028564453125,0.76171875,-0.23328218382084742,653.5,45.0,0.7421875,97.80249786376953,0.4068160355091095,-99.95999995838851
256.0,0.5234375,0.009018181823194027,1489.0,9272.0,0.5,-0.009669477134593762,0.82421875,0.37876150012016296,0.0,0.9034816101193428,1.0,593408.0,0.0001,1159.0,0.2,95.89621938765049,256.0,0.063720703125,0.80078125,-0.24444690818199888,653.5,45.0,0.77734375,33.42005920410156,0.36674851179122925,-103.88806925598531
256.0,0.529296875,0.0035171122290194035,1484.0,9280.0,0.5,-0.0077236687211552635,0.79296875,0.40709197521209717,0.0,0.8552512228488922,1.0,593920.0,0.0001,1160.0,0.2,303.926552772522,256.0,0.03515625,0.763671875,-0.2222552570165135,661.0,45.0,0.734375,92.3150405883789,0.42100679874420166,-103.87530719302595
256.0,0.490234375,0.003297538496553898,1206.0,9288.0,0.5,-0.007851501963159535,0.80859375,0.3956555128097534,0.0,0.8465573042631149,1.0,594432.0,0.0001,1161.0,0.2,775.8964622318745,256.0,0.038330078125,0.818359375,-0.21647022024262697,652.5,45.0,0.828125,25.1828670501709,0.37775856256484985,-101.48183227391914
256.0,0.521484375,0.0032183106523007154,1471.0,9296.0,0.5,-0.006382855499396101,0.796875,0.39373356103897095,0.0,0.8499509245157242,1.0,594944.0,0.0001,1162.0,0.2,293.90149280428886,256.0,0.030517578125,0.775390625,-0.21564485633280128,631.0,45.0,0.75390625,106.12002563476562,0.3903103470802307,-103.89518375040963
256.0,0.51171875,0.0024289186112582684,1406.0,9304.0,0.5,-0.003082022594753653,0.796875,0.4021393060684204,0.0,0.8280181288719177,1.0,595456.0,0.0001,1163.0,0.2,659.5778325200081,256.0,0.01220703125,0.78515625,-0.24896973627619445,620.5,45.0,0.7734375,71.56873321533203,0.3913988471031189,-106.22038586022332
256.0,0.49609375,0.0031303330324590206,1355.0,9312.0,0.5,-0.0051250937904114835,0.76953125,0.3996468484401703,0.0,0.8831275254487991,1.0,595968.0,0.0001,1164.0,0.2,219.58520883321762,256.0,0.03076171875,0.7734375,-0.2323985382099636,631.0,45.0,0.77734375,26.440338134765625,0.3943331241607666,-107.55858355291188
256.0,0.47265625,0.005993262864649296,1456.0,9320.0,0.5,-0.009280555364966858,0.77734375,0.3841795027256012,0.0,0.9451334327459335,1.0,596480.0,0.0001,1165.0,0.2,74.30131826549768,256.0,0.051025390625,0.8046875,-0.24812671274412423,647.0,45.0,0.83203125,11.154994010925293,0.3952743411064148,-106.03372410025447
256.0,0.482421875,0.004121396690607071,1135.0,9328.0,0.5,-0.0055653932358836755,0.74609375,0.3859844505786896,0.0,0.9390970431268215,1.0,596992.0,0.0001,1166.0,0.2,80.88748742640018,256.0,0.032958984375,0.763671875,-0.22258153301663697,653.5,45.0,0.78125,30.58847427368164,0.38915181159973145,-105.41270413856954
256.0,0.46875,0.003469952382147312,1516.0,9336.0,0.5,-0.008758887008298188,0.76171875,0.3809494376182556,0.0,0.8208910822868347,1.0,597504.0,0.0001,1167.0,0.2,524.2356268763542,256.0,0.037353515625,0.79296875,-0.2124452295829542,670.0,45.0,0.82421875,103.45884704589844,0.3772083520889282,-104.52276553910225
256.0,0.48828125,0.004179655574262142,1488.0,9344.0,0.5,-0.009540408947941614,0.7734375,0.3790441155433655,0.0,0.8345800936222076,1.0,598016.0,0.0001,1168.0,0.2,251.2842256128788,256.0,0.04248046875,0.78515625,-0.22017688193591312,652.0,45.0,0.796875,28.050189971923828,0.36550602316856384,-103.53169032476842
256.0,0.482421875,0.0021006790921092033,1440.0,9352.0,0.5,-0.0054360577269108035,0.75390625,0.3850419223308563,0.0,0.9064335599541664,1.0,598528.0,0.0001,1169.0,0.2,120.57381218671799,256.0,0.025390625,0.771484375,-0.2048062149551697,654.5,45.0,0.7890625,31.451515197753906,0.39050352573394775,-105.83901344275102
256.0,0.49609375,0.0030803210102021694,1432.0,9360.0,0.5,-0.006845375079137739,0.8203125,0.38605576753616333,0.0,0.9445776902139187,1.0,599040.0,0.0001,1170.0,0.2,81.76780618727207,256.0,0.014892578125,0.82421875,-0.23488016112241894,668.5,45.0,0.828125,21.90169334411621,0.3512684106826782,-107.2546727777645
256.0,0.54296875,0.0032453204039484262,1208.0,9368.0,0.5,-0.0038281693996395916,0.84375,0.3740985095500946,0.0,0.8649858385324478,1.0,599552.0,0.0001,1171.0,0.2,298.2988713979721,256.0,0.019775390625,0.80078125,-0.23295081581454724,670.0,45.0,0.7578125,261.1574401855469,0.3506857454776764,-105.64328168958426
256.0,0.517578125,0.004181958734989166,1427.0,9376.0,0.5,-0.009927362400048878,0.8046875,0.4109719395637512,0.0,0.9209255501627922,1.0,600064.0,0.0001,1172.0,0.2,95.84487700462341,256.0,0.037109375,0.787109375,-0.20573189278366044,685.0,45.0,0.76953125,13.402835845947266,0.3701709508895874,-105.7145133491233
256.0,0.515625,0.007336887530982494,1457.0,9384.0,0.5,-0.009950166298949625,0.80078125,0.3899044394493103,0.0,0.8541087061166763,1.0,600576.0,0.0001,1173.0,0.2,261.71724289655685,256.0,0.046630859375,0.78515625,-0.2215445923502557,681.0,45.0,0.76953125,62.405601501464844,0.40828028321266174,-103.41311044376343
256.0,0.501953125,0.0028527695685625076,1446.0,9392.0,0.5,-0.00573959435132565,0.77734375,0.39382392168045044,0.0,0.8340263515710831,1.0,601088.0,0.0001,1174.0,0.2,790.8586837649345,256.0,0.038818359375,0.775390625,-0.22282549703959376,675.0,45.0,0.7734375,184.5943145751953,0.3885483145713806,-103.01449559368193
256.0,0.513671875,0.006236206740140915,1449.0,9400.0,0.5,-0.008909341042453889,0.82421875,0.37791281938552856,0.0,0.9338725730776787,1.0,601600.0,0.0001,1175.0,0.2,90.19254247099161,256.0,0.053466796875,0.810546875,-0.23981224175076932,674.5,45.0,0.796875,14.216954231262207,0.34617406129837036,-103.52469534961507
256.0,0.505859375,0.005420377478003502,1490.0,9408.0,0.5,-0.006617526443733368,0.7734375,0.37489908933639526,0.0,0.8683287352323532,1.0,602112.0,0.0001,1176.0,0.2,245.36692360043526,256.0,0.03662109375,0.767578125,-0.19374407595023513,671.5,45.0,0.76171875,40.848331451416016,0.37680143117904663,-102.01372718995437
256.0,0.470703125,0.005714095197618008,1471.0,9416.0,0.5,-0.006140689649328124,0.7890625,0.3840619921684265,0.0,0.9328217804431915,1.0,602624.0,0.0001,1177.0,0.2,81.27757820487022,256.0,0.02880859375,0.818359375,-0.2065393118537031,676.5,45.0,0.84765625,17.14521026611328,0.36533278226852417,-100.0551638726145
256.0,0.443359375,0.0051513309590518475,1407.0,9424.0,0.5,-0.006492116684967186,0.75,0.3859504759311676,0.0,0.9366476610302925,1.0,603136.0,0.0001,1178.0,0.2,111.76641982793808,256.0,0.043212890625,0.806640625,-0.18881304759997874,681.5,45.0,0.86328125,18.017698287963867,0.38097524642944336,-100.018328084331
256.0,0.470703125,0.0016780191799625754,1536.0,9432.0,0.5,-0.004616350102878641,0.7578125,0.3828539252281189,0.0,0.8420780748128891,1.0,603648.0,0.0001,1179.0,0.2,1130.7309784293175,256.0,0.015869140625,0.787109375,-0.19238057028269395,681.0,45.0,0.81640625,291.6046142578125,0.3722743093967438,-99.90326075419783
256.0,0.455078125,0.003994999453425407,1391.0,9440.0,0.5,-0.009318179123511072,0.73046875,0.38619789481163025,0.0,0.8830889239907265,1.0,604160.0,0.0001,1180.0,0.2,659.9950878024101,256.0,0.025390625,0.775390625,-0.18102035549236462,663.5,45.0,0.8203125,55.579071044921875,0.40421560406684875,-103.21878735287115
256.0,0.447265625,0.0013412925181910396,1554.0,9448.0,0.5,-0.002467243259161478,0.71875,0.3881704807281494,0.0,0.8378767520189285,1.0,604672.0,0.0001,1181.0,0.2,1033.8363637328148,256.0,0.01220703125,0.771484375,-0.15410196332959458,658.0,45.0,0.82421875,543.3055419921875,0.3838856816291809,-106.86109475145116
256.0,0.51953125,0.0016440954059362411,1210.0,9456.0,0.5,-0.0031620401896361727,0.80859375,0.4169240891933441,0.0,0.8613659888505936,1.0,605184.0,0.0001,1182.0,0.2,305.6802434325218,256.0,0.013916015625,0.7890625,-0.1774817075347528,660.0,45.0,0.76953125,124.37976837158203,0.41483452916145325,-111.2150239486061
256.0,0.51953125,0.005426130257546902,1497.0,9464.0,0.5,-0.003093241586611839,0.76953125,0.4024573266506195,0.0,0.8837661296129227,1.0,605696.0,0.0001,1183.0,0.2,489.02211850881577,256.0,0.01318359375,0.75,-0.2102617618511431,661.0,45.0,0.73046875,239.2940673828125,0.40407267212867737,-110.099985351637
256.0,0.5390625,0.0008775735041126609,1500.0,9472.0,0.5,-0.0027473446098156273,0.81640625,0.3900403380393982,0.0,0.8306652158498764,1.0,606208.0,0.0001,1184.0,0.2,680.6529250741005,256.0,0.005859375,0.77734375,-0.2015718286857009,660.0,45.0,0.73828125,424.7084655761719,0.3781309127807617,-109.04498496500776
256.0,0.5625,0.0036246664822101593,1463.0,9480.0,0.5,-0.0073448386319796555,0.84375,0.4070199728012085,0.0,0.869328573346138,1.0,606720.0,0.0001,1185.0,0.2,210.43932873010635,256.0,0.03125,0.78125,-0.20091821742244065,675.5,45.0,0.71875,37.42759704589844,0.3998049795627594,-108.75171950390562
256.0,0.521484375,0.002529831137508154,1229.0,9488.0,0.5,-0.00580179246753687,0.8125,0.3972380757331848,0.0,0.8777459040284157,1.0,607232.0,0.0001,1186.0,0.2,377.92236682772636,256.0,0.0224609375,0.791015625,-0.20941844786284491,682.5,45.0,0.76953125,37.37897872924805,0.37942758202552795,-106.1894955666922
256.0,0.498046875,0.0027510076761245728,1204.0,9496.0,0.5,-0.007108128942491021,0.796875,0.39124777913093567,0.0,0.9098403751850128,1.0,607744.0,0.0001,1187.0,0.2,140.98429456353188,256.0,0.031005859375,0.798828125,-0.22286603803513572,687.5,45.0,0.80078125,33.85110855102539,0.37554463744163513,-104.67090701522305
256.0,0.484375,0.002191715408116579,1469.0,9504.0,0.5,-0.007883237056375947,0.8046875,0.36376336216926575,0.0,0.7748597860336304,1.0,608256.0,0.0001,1188.0,0.2,1157.0344908237457,256.0,0.027587890625,0.8203125,-0.1782445535354782,674.0,45.0,0.8359375,475.8829040527344,0.3362327814102173,-100.78980021333322
256.0,0.435546875,0.0029926630668342113,1404.0,9512.0,0.5,-0.0042838696608669125,0.67578125,0.3892042934894562,0.0,0.8888617679476738,1.0,608768.0,0.0001,1189.0,0.2,152.49917033314705,256.0,0.025146484375,0.740234375,-0.19684874603990465,682.5,45.0,0.8046875,18.68622398376465,0.4360485076904297,-101.82538521077484
256.0,0.412109375,0.003331828862428665,1529.0,9520.0,0.5,-0.004747281360323541,0.67578125,0.37653180956840515,0.0,0.8712819665670395,1.0,609280.0,0.0001,1190.0,0.2,586.4878422319889,256.0,0.026611328125,0.763671875,-0.18584494979586452,688.0,45.0,0.8515625,620.4827270507812,0.4075901210308075,-99.82857612777501
256.0,0.478515625,0.002627547364681959,1508.0,9528.0,0.5,-0.0053189088648650795,0.734375,0.4003318250179291,0.0,0.8933987468481064,1.0,609792.0,0.0001,1191.0,0.2,345.4586371779442,256.0,0.032958984375,0.755859375,-0.18320632580434904,684.0,45.0,0.77734375,150.63743591308594,0.40646231174468994,-99.3781221639365
256.0,0.4765625,0.0014028458390384912,1245.0,9536.0,0.5,-0.003239777284761658,0.7734375,0.4061919152736664,0.0,0.8009645491838455,1.0,610304.0,0.0001,1192.0,0.2,1297.0394035577774,256.0,0.00927734375,0.796875,-0.19652556662913412,679.5,45.0,0.8203125,928.3152465820312,0.3776325583457947,-101.48488560844213
256.0,0.57421875,0.0024789569433778524,1478.0,9544.0,0.5,-0.007513245342124719,0.83984375,0.4059751629829407,0.0,0.9090661033987999,1.0,610816.0,0.0001,1193.0,0.2,227.18259370326996,256.0,0.02392578125,0.765625,-0.18157498457003385,696.0,45.0,0.69140625,67.4693832397461,0.43453946709632874,-102.81038774078712
256.0,0.541015625,0.002711557550355792,1470.0,9552.0,0.5,-0.004414495691889897,0.85546875,0.3875025510787964,0.0,0.893651470541954,1.0,611328.0,0.0001,1194.0,0.2,156.79317319393158,256.0,0.015380859375,0.814453125,-0.20218299597036093,693.5,45.0,0.7734375,29.893964767456055,0.3513520061969757,-104.3580038080737
256.0,0.51953125,0.0017277431907132268,1502.0,9560.0,0.5,-0.00573113196878694,0.8359375,0.4018745422363281,0.0,0.8471827656030655,1.0,611840.0,0.0001,1195.0,0.2,621.6019990742207,256.0,0.016845703125,0.81640625,-0.2127124039689079,679.5,45.0,0.796875,371.3766174316406,0.36340010166168213,-104.72272073669359
256.0,0.5234375,0.004583095200359821,1436.0,9568.0,0.5,-0.00781885798642179,0.8359375,0.37411266565322876,0.0,0.8809078186750412,1.0,612352.0,0.0001,1196.0,0.2,139.0277541577816,256.0,0.025634765625,0.8125,-0.23204178817104548,684.0,45.0,0.7890625,35.73845291137695,0.34112218022346497,-106.53852638624609
256.0,0.544921875,0.0038266282062977552,1222.0,9576.0,0.5,-0.003851121502520982,0.82421875,0.37345531582832336,0.0,0.8529578149318695,1.0,612864.0,0.0001,1197.0,0.2,157.03078052401543,256.0,0.03076171875,0.779296875,-0.19841504358919337,714.5,45.0,0.734375,20.879894256591797,0.3849569857120514,-106.10374980209396
256.0,0.5078125,0.002868727082386613,1476.0,9584.0,0.5,-0.006117212185927201,0.7734375,0.3976151943206787,0.0,0.8841807320713997,1.0,613376.0,0.0001,1198.0,0.2,507.1049172580242,256.0,0.029541015625,0.765625,-0.22580890107201412,709.5,45.0,0.7578125,213.30758666992188,0.42587044835090637,-101.22819842733443
256.0,0.455078125,0.0030933544039726257,1490.0,9592.0,0.5,-0.007578062894026516,0.75,0.38729286193847656,0.0,0.8544110804796219,1.0,613888.0,0.0001,1199.0,0.2,392.3258619606495,256.0,0.015625,0.794921875,-0.23160712409298867,713.0,45.0,0.83984375,25.12519073486328,0.377555251121521,-102.38130556808784
256.0,0.46484375,0.003100191941484809,1494.0,9600.0,0.5,-0.004148671778239077,0.72265625,0.39103513956069946,0.0,0.8707845956087112,1.0,614400.0,0.0001,1200.0,0.2,552.8740155398846,256.0,0.017578125,0.7578125,-0.19768202007981017,705.5,45.0,0.79296875,304.8462219238281,0.41729795932769775,-99.08790360076352
256.0,0.443359375,0.003166829701513052,1455.0,9608.0,0.5,-0.007599871874845121,0.71484375,0.4189004600048065,0.0,0.9159594550728798,1.0,614912.0,0.0001,1201.0,0.2,141.53703543543816,256.0,0.03466796875,0.771484375,-0.177307695383206,711.5,45.0,0.828125,23.48552703857422,0.41913288831710815,-101.12063783375547
256.0,0.45703125,0.0059431735426187515,1448.0,9616.0,0.5,-0.009126047865720466,0.734375,0.3982125222682953,0.0,0.9560827612876892,1.0,615424.0,0.0001,1202.0,0.2,62.54469708353281,256.0,0.056396484375,0.77734375,-0.21022486611036584,695.0,45.0,0.8203125,16.74408531188965,0.39233773946762085,-98.56244768384845
256.0,0.533203125,0.0035403757356107235,1222.0,9624.0,0.5,-0.00733113519163453,0.8203125,0.3879138231277466,0.0,0.8710811883211136,1.0,615936.0,0.0001,1203.0,0.2,334.4250409901142,256.0,0.0439453125,0.787109375,-0.2544627301977016,687.5,45.0,0.75390625,148.4012451171875,0.39883196353912354,-100.08922597818076
256.0,0.458984375,0.003132026642560959,1488.0,9632.0,0.5,-0.006966726410610136,0.72265625,0.40505826473236084,0.0,0.9251670241355896,1.0,616448.0,0.0001,1204.0,0.2,130.83010578155518,256.0,0.025390625,0.763671875,-0.2207966599962674,705.0,45.0,0.8046875,25.800024032592773,0.40681833028793335,-101.70891842901706
256.0,0.50390625,0.004781038500368595,1422.0,9640.0,0.5,-0.007871461995819118,0.80078125,0.3873203992843628,0.0,0.9321690797805786,1.0,616960.0,0.0001,1205.0,0.2,87.12838405370712,256.0,0.049560546875,0.796875,-0.23098698846297339,697.0,45.0,0.79296875,15.333413124084473,0.37548965215682983,-99.93311132134869
256.0,0.5078125,0.0032738628797233105,1482.0,9648.0,0.5,-0.008635754515125882,0.8046875,0.3988478183746338,0.0,0.9459773153066635,1.0,617472.0,0.0001,1206.0,0.2,76.75437279045582,256.0,0.032958984375,0.796875,-0.2072687644395046,699.5,45.0,0.7890625,17.104629516601562,0.3827691674232483,-100.50315576877445
256.0,0.5,0.0026469193398952484,1486.0,9656.0,0.5,-0.005945763216004707,0.796875,0.3819187581539154,0.0,0.8294792622327805,1.0,617984.0,0.0001,1207.0,0.2,771.6690526008606,256.0,0.027099609375,0.796875,-0.22308217867976055,689.0,45.0,0.796875,242.97874450683594,0.3684310019016266,-98.61429651975632
256.0,0.53125,0.00225266395136714,1200.0,9664.0,0.5,-0.007410641061142087,0.81640625,0.4026225805282593,0.0,0.8573608547449112,1.0,618496.0,0.0001,1208.0,0.2,412.6882762312889,256.0,0.030029296875,0.78515625,-0.18817284825490788,706.5,45.0,0.75390625,38.76693344116211,0.38640037178993225,-100.2977439997904
256.0,0.533203125,0.0034957686439156532,1464.0,9672.0,0.5,-0.006986143744143192,0.80859375,0.39710474014282227,0.0,0.9294010922312737,1.0,619008.0,0.0001,1209.0,0.2,87.07001480460167,256.0,0.02783203125,0.775390625,-0.20836070028599352,706.5,45.0,0.7421875,25.201148986816406,0.3949126899242401,-99.63843741798773
256.0,0.462890625,0.002629618626087904,1548.0,9680.0,0.5,-0.008534382046491373,0.75390625,0.3940078914165497,0.0,0.8368745148181915,1.0,619520.0,0.0001,1210.0,0.2,780.9774515628815,256.0,0.0498046875,0.791015625,-0.19461507664527744,715.5,45.0,0.828125,341.8416442871094,0.38878077268600464,-97.96870624950155
256.0,0.4453125,0.0024927943013608456,1509.0,9688.0,0.5,-0.004661976723582484,0.6953125,0.41408494114875793,0.0,0.8365835547447205,1.0,620032.0,0.0001,1211.0,0.2,367.79256922006607,256.0,0.0244140625,0.75,-0.1923494000802748,730.0,45.0,0.8046875,72.0830078125,0.4318513870239258,-99.5215189171955
256.0,0.46484375,0.0015367004089057446,1508.0,9696.0,0.5,-0.004665470762120094,0.74609375,0.39904800057411194,0.0,0.8372243195772171,1.0,620544.0,0.0001,1212.0,0.2,632.2560713291168,256.0,0.01171875,0.78125,-0.2059953652205877,737.5,45.0,0.81640625,139.42489624023438,0.4003712236881256,-99.7794096983038
256.0,0.48046875,0.0024838836397975683,1230.0,9704.0,0.5,-0.0041539621033734875,0.75,0.3990110754966736,0.0,0.8159467279911041,1.0,621056.0,0.0001,1213.0,0.2,937.4877630472183,256.0,0.012939453125,0.76953125,-0.21679799468256533,730.0,45.0,0.7890625,479.9999694824219,0.41254478693008423,-100.01086123434827
256.0,0.51171875,0.0024325940757989883,1487.0,9712.0,0.5,-0.006479155092165456,0.796875,0.4087604284286499,0.0,0.787329375743866,1.0,621568.0,0.0001,1214.0,0.2,840.9874932765961,256.0,0.020751953125,0.78515625,-0.18695649004075676,725.5,45.0,0.7734375,110.36890411376953,0.37867844104766846,-103.00322506411001
256.0,0.498046875,0.0020092464983463287,1530.0,9720.0,0.5,-0.002576682660219376,0.8046875,0.3824058771133423,0.0,0.8777813836932182,1.0,622080.0,0.0001,1215.0,0.2,395.75125682353973,256.0,0.009033203125,0.806640625,-0.18218576011713594,705.0,45.0,0.80859375,32.017852783203125,0.3653987646102905,-103.92336558407173
256.0,0.5078125,0.000945608364418149,1465.0,9728.0,0.5,-0.004388905283121858,0.76953125,0.4313902258872986,0.0,0.8195001035928726,1.0,622592.0,0.0001,1216.0,0.2,493.606992661953,256.0,0.0087890625,0.76171875,-0.2245811177417636,705.5,45.0,0.75390625,150.48316955566406,0.4397490918636322,-106.41059306781739
256.0,0.509765625,0.0018176068551838398,1480.0,9736.0,0.5,-0.004059493403474335,0.76171875,0.40956735610961914,0.0,0.8826721981167793,1.0,623104.0,0.0001,1217.0,0.2,387.5255563855171,256.0,0.0126953125,0.751953125,-0.18756575766019523,699.5,45.0,0.7421875,111.9708480834961,0.42041102051734924,-104.50557320959867
256.0,0.533203125,0.005547801032662392,1182.0,9744.0,0.5,-0.0065025994554162025,0.796875,0.39278993010520935,0.0,0.9393930993974209,1.0,623616.0,0.0001,1218.0,0.2,107.23786476254463,256.0,0.030029296875,0.763671875,-0.22214265941875055,699.5,45.0,0.73046875,28.209819793701172,0.4000095725059509,-104.08699379958212
256.0,0.498046875,0.0025342016015201807,1506.0,9752.0,0.5,-0.006783203694794793,0.78515625,0.40264999866485596,0.0,0.9279336929321289,1.0,624128.0,0.0001,1219.0,0.2,278.63463765382767,256.0,0.030029296875,0.787109375,-0.20399123447714373,713.5,45.0,0.7890625,141.26759338378906,0.40207457542419434,-104.08941850200296
256.0,0.494140625,0.0020850596483796835,1519.0,9760.0,0.5,-0.00573947248631157,0.74609375,0.4061751365661621,0.0,0.8352589905261993,1.0,624640.0,0.0001,1220.0,0.2,698.8921076059341,256.0,0.01171875,0.751953125,-0.18911132559878752,705.0,45.0,0.7578125,159.1027069091797,0.4180670976638794,-101.85952692836523
256.0,0.443359375,0.003024591598659754,1465.0,9768.0,0.5,-0.00597698544152081,0.734375,0.3950427770614624,0.0,0.849032387137413,1.0,625152.0,0.0001,1221.0,0.2,202.79089587926865,256.0,0.025634765625,0.791015625,-0.24004206073004752,720.0,45.0,0.84765625,25.013383865356445,0.37610024213790894,-102.87788783580065
256.0,0.5,0.004391790367662907,1444.0,9776.0,0.5,-0.007535444874520181,0.79296875,0.3861771523952484,0.0,0.9076841995120049,1.0,625664.0,0.0001,1222.0,0.2,159.60641849040985,256.0,0.027587890625,0.79296875,-0.23217644478427246,722.5,45.0,0.79296875,37.3037223815918,0.386776328086853,-99.64331761648879
256.0,0.451171875,0.0017168693011626601,1476.0,9784.0,0.5,-0.003717736453836551,0.765625,0.3908306360244751,0.0,0.8463694602251053,1.0,626176.0,0.0001,1223.0,0.2,379.4798495769501,256.0,0.01025390625,0.814453125,-0.20864476531278342,741.5,45.0,0.86328125,44.65388870239258,0.3670910596847534,-99.32859707754105
256.0,0.501953125,0.0036027058959007263,1439.0,9792.0,0.5,-0.0066100876647396944,0.80859375,0.3914560079574585,0.0,0.9301234632730484,1.0,626688.0,0.0001,1224.0,0.2,110.10807198286057,256.0,0.03076171875,0.806640625,-0.18681886978447437,741.5,45.0,0.8046875,17.428083419799805,0.36726900935173035,-98.08196348803118
256.0,0.48828125,0.0074110860005021095,1462.0,9800.0,0.5,-0.009156612810329534,0.7578125,0.4098131060600281,0.0,0.9539437517523766,1.0,627200.0,0.0001,1225.0,0.2,62.79113255441189,256.0,0.048095703125,0.76953125,-0.1932048139278777,751.5,45.0,0.78125,13.364330291748047,0.40482640266418457,-99.15463225077838
256.0,0.4765625,0.002143238903954625,1493.0,9808.0,0.5,-0.005244729502010159,0.76171875,0.40790116786956787,0.0,0.9139272049069405,1.0,627712.0,0.0001,1226.0,0.2,242.71734735369682,256.0,0.01953125,0.78515625,-0.18218760594027117,751.5,45.0,0.80859375,39.867401123046875,0.389869749546051,-98.80402392202988
256.0,0.46484375,0.0018650282872840762,1556.0,9816.0,0.5,-0.005139247077750042,0.73046875,0.40176263451576233,0.0,0.7420281171798706,1.0,628224.0,0.0001,1227.0,0.2,1362.5439612865448,256.0,0.017822265625,0.765625,-0.19335557095473632,735.5,45.0,0.80078125,546.90771484375,0.4136367440223694,-98.98518449714408
256.0,0.458984375,0.0027935774996876717,1476.0,9824.0,0.5,-0.006110843278293032,0.76171875,0.3542831242084503,0.0,0.8857827484607697,1.0,628736.0,0.0001,1228.0,0.2,231.14145612716675,256.0,0.030517578125,0.802734375,-0.20665682473918423,711.0,45.0,0.84375,48.06986618041992,0.356448769569397,-102.4408680319041
256.0,0.53125,0.0023097991943359375,1256.0,9832.0,0.5,-0.0019856725120916963,0.79296875,0.3799784183502197,0.0,0.8236494213342667,1.0,629248.0,0.0001,1229.0,0.2,840.549260020256,256.0,0.008056640625,0.76171875,-0.18210460670525208,693.5,45.0,0.73046875,159.42044067382812,0.411748468875885,-104.13081548755989
256.0,0.55859375,0.0016614602645859122,1523.0,9840.0,0.5,-0.004259411296516191,0.87890625,0.4079613983631134,0.0,0.7546942234039307,1.0,629760.0,0.0001,1230.0,0.2,788.1492075324059,256.0,0.0107421875,0.8203125,-0.17966403748141602,696.0,45.0,0.76171875,70.46158599853516,0.38361993432044983,-104.57388645425439
256.0,0.544921875,0.004442528821527958,1438.0,9848.0,0.5,-0.008374791461392306,0.8125,0.3944879472255707,0.0,0.9393345601856709,1.0,630272.0,0.0001,1231.0,0.2,133.58950574696064,256.0,0.039794921875,0.767578125,-0.22475308185676113,685.0,45.0,0.72265625,23.654695510864258,0.4174370765686035,-103.53159193925559
256.0,0.5,0.001400104840286076,1537.0,9856.0,0.5,-0.0018720643274718896,0.7890625,0.42064160108566284,0.0,0.8484285026788712,1.0,630784.0,0.0001,1232.0,0.2,627.5245335102081,256.0,0.00830078125,0.7890625,-0.18887017772067338,681.5,45.0,0.7890625,38.677249908447266,0.3911108374595642,-103.56632940566168
256.0,0.513671875,0.002153395675122738,1491.0,9864.0,0.5,-0.004945010139635997,0.80859375,0.3843035101890564,0.0,0.8033463209867477,1.0,631296.0,0.0001,1233.0,0.2,705.8609749674797,256.0,0.018310546875,0.794921875,-0.19222852983511984,665.0,45.0,0.78125,899.9432983398438,0.3775828778743744,-103.0116267300956
256.0,0.51171875,0.004691874608397484,1209.0,9872.0,0.5,-0.009649833584262524,0.83203125,0.3870559334754944,0.0,0.9102247953414917,1.0,631808.0,0.0001,1234.0,0.2,150.24267295002937,256.0,0.04150390625,0.8203125,-0.2136307448381558,662.5,45.0,0.80859375,20.326955795288086,0.353686660528183,-104.11806556513532
256.0,0.51171875,0.0033499915152788162,1490.0,9880.0,0.5,-0.008575434840167873,0.76953125,0.4044541120529175,0.0,0.9036225229501724,1.0,632320.0,0.0001,1235.0,0.2,270.46355947852135,256.0,0.04052734375,0.7578125,-0.18155576783465222,667.0,45.0,0.74609375,42.52859878540039,0.41979289054870605,-103.74770856225864
256.0,0.486328125,0.001021085656248033,1491.0,9888.0,0.5,-0.0027410934126237407,0.73828125,0.4173051714897156,0.0,0.8338289260864258,1.0,632832.0,0.0001,1236.0,0.2,610.3554233312607,256.0,0.016357421875,0.751953125,-0.1803510602330789,682.0,45.0,0.765625,237.90750122070312,0.4128110110759735,-102.89081082649528
256.0,0.49609375,0.0034410578664392233,1469.0,9896.0,0.5,-0.006783383185393177,0.75,0.4160241186618805,0.0,0.9226239919662476,1.0,633344.0,0.0001,1237.0,0.2,120.70440024137497,256.0,0.021484375,0.75390625,-0.18574630917282775,686.0,45.0,0.7578125,22.1551513671875,0.41997864842414856,-99.84310343295336
256.0,0.494140625,0.0024011745117604733,1483.0,9904.0,0.5,-0.003099503148405347,0.78515625,0.41231435537338257,0.0,0.8837824463844299,1.0,633856.0,0.0001,1238.0,0.2,359.85308745503426,256.0,0.01318359375,0.791015625,-0.1807429030595813,690.0,45.0,0.796875,75.76875305175781,0.39717668294906616,-100.16712802384049
256.0,0.419921875,0.001553414622321725,1215.0,9912.0,0.5,-0.003027227852726355,0.72265625,0.394758939743042,0.0,0.8680558800697327,1.0,634368.0,0.0001,1239.0,0.2,441.9411164522171,256.0,0.009765625,0.802734375,-0.206040367949754,696.5,45.0,0.8828125,54.87309646606445,0.38352400064468384,-98.70110986845567
256.0,0.4609375,0.0007155252387747169,1549.0,9920.0,0.5,-0.004821217167773284,0.765625,0.378945529460907,0.0,0.7529508024454117,1.0,634880.0,0.0001,1240.0,0.2,1491.8246212005615,256.0,0.00634765625,0.8046875,-0.1671039002831094,674.5,45.0,0.84375,301.4644775390625,0.3640323281288147,-98.82678905971348
256.0,0.49609375,0.001823086990043521,1547.0,9928.0,0.5,-0.004895361693343148,0.765625,0.4035860300064087,0.0,0.8371560871601105,1.0,635392.0,0.0001,1241.0,0.2,563.3475381731987,256.0,0.01611328125,0.76953125,-0.1731956778676249,671.5,45.0,0.7734375,102.89093780517578,0.4001046419143677,-103.55108797350898
256.0,0.51171875,0.004102154169231653,1441.0,9936.0,0.5,-0.00557962655875599,0.796875,0.39907553791999817,0.0,0.8675378412008286,1.0,635904.0,0.0001,1242.0,0.2,201.8101041316986,256.0,0.030029296875,0.78515625,-0.2029314063838683,679.5,45.0,0.7734375,61.86516189575195,0.3697708547115326,-103.52828265143559
256.0,0.564453125,0.007565823849290609,1459.0,9944.0,0.5,-0.007721561880316585,0.859375,0.4169597625732422,0.0,0.9334363862872124,1.0,636416.0,0.0001,1243.0,0.2,92.79699493944645,256.0,0.042724609375,0.794921875,-0.19276816718047485,686.0,45.0,0.73046875,26.715913772583008,0.38221240043640137,-102.09694250402973
256.0,0.5546875,0.011006433516740799,1209.0,9952.0,0.5,-0.012099024617782561,0.79296875,0.41341662406921387,0.0,0.9544345363974571,1.0,636928.0,0.0001,1244.0,0.2,68.59222365915775,256.0,0.04833984375,0.73828125,-0.2076958625111729,688.5,45.0,0.68359375,9.60744571685791,0.4228947162628174,-101.74293956086039
256.0,0.521484375,0.003729324322193861,1481.0,9960.0,0.5,-0.0085793743855902,0.796875,0.4040489196777344,0.0,0.8912545815110207,1.0,637440.0,0.0001,1245.0,0.2,347.080441236496,256.0,0.02392578125,0.775390625,-0.20681191643234342,696.5,45.0,0.75390625,51.849853515625,0.39529815316200256,-101.17958541700617
256.0,0.48828125,0.0065822177566587925,1486.0,9968.0,0.5,-0.010912591642409097,0.7578125,0.3981766700744629,0.0,0.951548557728529,1.0,637952.0,0.0001,1246.0,0.2,78.2691611200571,256.0,0.056396484375,0.76953125,-0.2030081770499237,696.5,45.0,0.78125,11.232851028442383,0.43850764632225037,-99.41952875411138
256.0,0.482421875,0.001647112425416708,1573.0,9976.0,0.5,-0.004883328885625815,0.828125,0.3656013011932373,0.0,0.8479566723108292,1.0,638464.0,0.0001,1247.0,0.2,974.7406098246574,256.0,0.0166015625,0.845703125,-0.1938800056814216,679.5,45.0,0.86328125,1988.1802978515625,0.3410823941230774,-100.16792500857264
256.0,0.478515625,0.0029665955808013678,1542.0,9984.0,0.5,-0.00798507940635318,0.76953125,0.39436089992523193,0.0,0.831129252910614,1.0,638976.0,0.0001,1248.0,0.2,698.3056954741478,256.0,0.025634765625,0.791015625,-0.19366121431812644,699.0,45.0,0.8125,335.13226318359375,0.382822185754776,-103.2014053371735
256.0,0.451171875,0.004877333529293537,1191.0,9992.0,0.5,-0.007669148231798317,0.78125,0.37468671798706055,0.0,0.9106553122401237,1.0,639488.0,0.0001,1249.0,0.2,170.7848282456398,256.0,0.031494140625,0.830078125,-0.2423173717688769,710.0,45.0,0.87890625,89.5926513671875,0.34078091382980347,-104.36332910137251
256.0,0.4453125,0.0026487852446734905,1512.0,10000.0,0.5,-0.007115544005500851,0.74609375,0.3783692717552185,0.0,0.8623380213975906,1.0,640000.0,0.0001,1250.0,0.2,301.1208884716034,256.0,0.018310546875,0.80078125,-0.21769327472429723,709.5,45.0,0.85546875,48.74092102050781,0.38262301683425903,-103.28553491095082
256.0,0.4375,0.006370408460497856,1403.0,10008.0,0.5,-0.014832818145805504,0.73828125,0.37870824337005615,0.0,0.9313905760645866,1.0,640512.0,0.0001,1251.0,0.2,94.8929008692503,256.0,0.071533203125,0.80078125,-0.2515299472725019,700.5,45.0,0.86328125,19.015827178955078,0.378476619720459,-103.98611494585872
256.0,0.470703125,0.0023858281783759594,1540.0,10016.0,0.5,-0.005862495025212411,0.75,0.3666686713695526,0.0,0.8573470115661621,1.0,641024.0,0.0001,1252.0,0.2,592.3146899342537,256.0,0.01611328125,0.779296875,-0.19381716736825183,683.5,45.0,0.80859375,346.3101501464844,0.3742661476135254,-106.79308644320815
256.0,0.537109375,0.002046637935563922,1567.0,10024.0,0.5,-0.004937927253195085,0.80859375,0.3777773976325989,0.0,0.8352247178554535,1.0,641536.0,0.0001,1253.0,0.2,963.5253214836121,256.0,0.024169921875,0.771484375,-0.20630547386826947,665.5,45.0,0.734375,932.2503662109375,0.39112967252731323,-110.77116867549718
256.0,0.490234375,0.004056166857481003,1506.0,10032.0,0.5,-0.005370531005610246,0.8046875,0.38110095262527466,0.0,0.856347993016243,1.0,642048.0,0.0001,1254.0,0.2,444.49952429533005,256.0,0.01904296875,0.814453125,-0.21246160799637437,654.0,45.0,0.82421875,64.16960144042969,0.3624899685382843,-115.47454692190513
256.0,0.541015625,0.009779653511941433,1496.0,10040.0,0.5,-0.00886232509947149,0.81640625,0.39874881505966187,0.0,0.8841015622019768,1.0,642560.0,0.0001,1255.0,0.2,212.20789554715157,256.0,0.059326171875,0.775390625,-0.23996937705669552,673.5,45.0,0.734375,31.540475845336914,0.4297303557395935,-116.84324726065621
256.0,0.5390625,0.0019025335786864161,1482.0,10048.0,0.5,-0.004177704122412251,0.8125,0.40375980734825134,0.0,0.8403012454509735,1.0,643072.0,0.0001,1256.0,0.2,503.54097831249237,256.0,0.01953125,0.7734375,-0.1910881478106603,662.5,45.0,0.734375,230.82240295410156,0.3813883066177368,-112.2628016624786
256.0,0.537109375,0.0037700035609304905,1515.0,10056.0,0.5,-0.006258060617255978,0.84375,0.37669381499290466,0.0,0.8737328797578812,1.0,643584.0,0.0001,1257.0,0.2,405.0665465593338,256.0,0.03662109375,0.806640625,-0.23759338282980025,652.0,45.0,0.76953125,56.39940643310547,0.3518659174442291,-110.46709951471537
256.0,0.509765625,0.002891919109970331,1483.0,10064.0,0.5,-0.004987867119780276,0.765625,0.4160116910934448,0.0,0.870169386267662,1.0,644096.0,0.0001,1258.0,0.2,450.88107842206955,256.0,0.029052734375,0.755859375,-0.20074213767657056,650.5,45.0,0.74609375,304.2972106933594,0.4021100103855133,-109.3346266126819
256.0,0.498046875,0.004790919367223978,1205.0,10072.0,0.5,-0.008273278483102331,0.765625,0.40233302116394043,0.0,0.9270318746566772,1.0,644608.0,0.0001,1259.0,0.2,130.39677018672228,256.0,0.035400390625,0.767578125,-0.1998043640051037,658.5,45.0,0.76953125,22.19713592529297,0.3959871828556061,-108.84332911154256
256.0,0.470703125,0.003367873840034008,1401.0,10080.0,0.5,-0.003649427235359326,0.7734375,0.3825662434101105,0.0,0.9537970349192619,1.0,645120.0,0.0001,1260.0,0.2,69.97935283184052,256.0,0.024658203125,0.802734375,-0.21102848008740693,667.5,45.0,0.83203125,13.49143123626709,0.3658418357372284,-106.20684889743104
256.0,0.45703125,0.0018034583190456033,1552.0,10088.0,0.5,-0.0048379360378021374,0.76171875,0.36603379249572754,0.0,0.8704237043857574,1.0,645632.0,0.0001,1261.0,0.2,702.269297003746,256.0,0.028564453125,0.8046875,-0.23115620878525078,675.0,45.0,0.84765625,36.88196563720703,0.3691904544830322,-104.67342293269932
256.0,0.46875,0.0018991169054061174,1499.0,10096.0,0.5,-0.008140308695146814,0.73046875,0.3952473998069763,0.0,0.8634646683931351,1.0,646144.0,0.0001,1262.0,0.2,439.28268587589264,256.0,0.023193359375,0.76171875,-0.2174281419138424,678.0,45.0,0.79296875,201.22653198242188,0.4228282570838928,-105.84090105410665
256.0,0.51171875,0.003447829745709896,1473.0,10104.0,0.5,-0.00597328756339266,0.8125,0.39083331823349,0.0,0.9458177536725998,1.0,646656.0,0.0001,1263.0,0.2,95.7182345688343,256.0,0.025146484375,0.80078125,-0.21047121757874265,695.5,45.0,0.7890625,26.940481185913086,0.38589608669281006,-104.79407447502017
256.0,0.50390625,0.005314957350492477,1477.0,10112.0,0.5,-0.00753744689427549,0.78515625,0.39837586879730225,0.0,0.9607912115752697,1.0,647168.0,0.0001,1264.0,0.2,75.13690260052681,256.0,0.03662109375,0.78125,-0.18268109287600964,700.5,45.0,0.77734375,25.452423095703125,0.3872871398925781,-103.69849675150589
256.0,0.5,0.005465369671583176,1204.0,10120.0,0.5,-0.011678628296067473,0.78515625,0.38109090924263,0.0,0.9543077424168587,1.0,647680.0,0.0001,1265.0,0.2,78.79638332128525,256.0,0.052734375,0.78515625,-0.2166050005471334,709.0,45.0,0.78515625,24.43964195251465,0.3889877200126648,-103.7583162928559
256.0,0.521484375,0.003125234041363001,1532.0,10128.0,0.5,-0.007139495439332677,0.828125,0.3881799578666687,0.0,0.8003836572170258,1.0,648192.0,0.0001,1266.0,0.2,1248.3984344601631,256.0,0.01953125,0.806640625,-0.1879885751986876,700.5,45.0,0.78515625,673.7966918945312,0.38495251536369324,-104.82204194918275
256.0,0.5234375,0.0052329981699585915,1556.0,10136.0,0.5,-0.007214282333734445,0.828125,0.386150985956192,0.0,0.9063756614923477,1.0,648704.0,0.0001,1267.0,0.2,295.60358080267906,256.0,0.017578125,0.8046875,-0.18809497711481526,678.0,45.0,0.78125,85.27000427246094,0.4191226363182068,-106.46361872950568
256.0,0.498046875,0.0036435918882489204,1447.0,10144.0,0.5,-0.006327829141810071,0.78515625,0.40486353635787964,0.0,0.947236180305481,1.0,649216.0,0.0001,1268.0,0.2,80.3572266548872,256.0,0.0224609375,0.787109375,-0.20474964514141902,686.5,45.0,0.7890625,20.851587295532227,0.38434386253356934,-109.44236166333779
256.0,0.49609375,0.0029635727405548096,1527.0,10152.0,0.5,-0.00297112714179093,0.8125,0.3814690113067627,0.0,0.8933287933468819,1.0,649728.0,0.0001,1269.0,0.2,600.9549689590931,256.0,0.021484375,0.81640625,-0.17439640598604456,686.5,45.0,0.8203125,779.2883911132812,0.365713894367218,-109.14232125828043
256.0,0.484375,0.0036316965706646442,1209.0,10160.0,0.5,-0.00501979311593459,0.7734375,0.3923751413822174,0.0,0.9194923564791679,1.0,650240.0,0.0001,1270.0,0.2,171.66635891795158,256.0,0.021484375,0.7890625,-0.20246688224142417,686.5,45.0,0.8046875,28.698307037353516,0.38834547996520996,-108.5304071482271
256.0,0.447265625,0.002325356937944889,1582.0,10168.0,0.5,-0.007553328723588493,0.70703125,0.3910253643989563,0.0,0.8045367747545242,1.0,650752.0,0.0001,1271.0,0.2,1165.346266746521,256.0,0.01611328125,0.759765625,-0.17743205872830003,673.0,45.0,0.8125,540.2590942382812,0.42783576250076294,-107.4554981381446
256.0,0.482421875,0.004246569238603115,1493.0,10176.0,0.5,-0.0046082954431767575,0.7734375,0.3828948438167572,0.0,0.8902921006083488,1.0,651264.0,0.0001,1272.0,0.2,207.6097786128521,256.0,0.02587890625,0.791015625,-0.1705506068537943,662.0,45.0,0.80859375,68.15120697021484,0.35900959372520447,-110.4314098206535
256.0,0.46875,0.002438564784824848,1479.0,10184.0,0.5,-0.006124909828940872,0.72265625,0.41290372610092163,0.0,0.8327165395021439,1.0,651776.0,0.0001,1273.0,0.2,494.7105685174465,256.0,0.0205078125,0.75390625,-0.20099352800752968,652.0,45.0,0.78515625,93.51483154296875,0.4378560185432434,-110.96894930507987
256.0,0.4765625,0.0016784892650321126,1505.0,10192.0,0.5,-0.004620950589014683,0.77734375,0.39098426699638367,0.0,0.8862718641757965,1.0,652288.0,0.0001,1274.0,0.2,353.5925147533417,256.0,0.0185546875,0.80078125,-0.18109944253228605,667.0,45.0,0.82421875,88.62289428710938,0.36875486373901367,-111.63494252948091
256.0,0.466796875,0.0018118052976205945,1201.0,10200.0,0.5,-0.006469278836448211,0.74609375,0.3805859684944153,0.0,0.8460715413093567,1.0,652800.0,0.0001,1275.0,0.2,594.4488205313683,256.0,0.0185546875,0.779296875,-0.19620002526789904,697.5,45.0,0.8125,157.19383239746094,0.4070769250392914,-113.10861868668347
256.0,0.48828125,0.0038563788402825594,1466.0,10208.0,0.5,-0.0074119795390288346,0.79296875,0.38989511132240295,0.0,0.9304488226771355,1.0,653312.0,0.0001,1276.0,0.2,133.66096130013466,256.0,0.03125,0.8046875,-0.2037939871661365,710.0,45.0,0.81640625,42.5004997253418,0.37600165605545044,-109.1769602641277
256.0,0.5,0.0029554800130426884,1470.0,10216.0,0.5,-0.0031498432508669794,0.80859375,0.36612820625305176,0.0,0.8617995381355286,1.0,653824.0,0.0001,1277.0,0.2,757.0462823808193,256.0,0.030517578125,0.80859375,-0.18023095035459846,690.0,45.0,0.80859375,33.994972229003906,0.3496090769767761,-107.98475582957268
256.0,0.51953125,0.002290896140038967,1544.0,10224.0,0.5,-0.006510915365652181,0.82421875,0.37678560614585876,0.0,0.8312167376279831,1.0,654336.0,0.0001,1278.0,0.2,955.2870530486107,256.0,0.0126953125,0.8046875,-0.2145619351649657,681.5,45.0,0.78515625,80.72054290771484,0.359988808631897,-111.29086621792987
256.0,0.51171875,0.003502016421407461,1473.0,10232.0,0.5,-0.010051883902633563,0.79296875,0.40819114446640015,0.0,0.8564633131027222,1.0,654848.0,0.0001,1279.0,0.2,321.99381041526794,256.0,0.029296875,0.78125,-0.20681452041026205,682.0,45.0,0.76953125,117.10192108154297,0.3891598582267761,-111.52139800932258
256.0,0.51953125,0.00373235740698874,1563.0,10240.0,0.5,-0.007185254034993704,0.80859375,0.3826467990875244,0.0,0.8027984350919724,1.0,655360.0,0.0001,1280.0,0.2,1114.9237970113754,256.0,0.03955078125,0.7890625,-0.19694712391356006,686.5,45.0,0.76953125,99.68179321289062,0.3724992871284485,-109.96128096794709
256.0,0.5234375,0.00524299219250679,1199.0,10248.0,0.5,-0.007803085929481313,0.79296875,0.40549153089523315,0.0,0.930136613547802,1.0,655872.0,0.0001,1281.0,0.2,98.39809370785952,256.0,0.03759765625,0.76953125,-0.21290310483891517,695.0,45.0,0.74609375,16.806528091430664,0.4050440192222595,-109.13599290853367
256.0,0.541015625,0.003205394372344017,1479.0,10256.0,0.5,-0.007637275928573217,0.80859375,0.3893221616744995,0.0,0.9437117427587509,1.0,656384.0,0.0001,1282.0,0.2,90.28872881829739,256.0,0.0458984375,0.767578125,-0.20461397478356957,705.0,45.0,0.7265625,22.019142150878906,0.3937726616859436,-108.13539961691946
256.0,0.44140625,0.002927743596956134,1622.0,10264.0,0.5,-0.010744244114903267,0.75390625,0.3534855842590332,0.0,0.7839062809944153,1.0,656896.0,0.0001,1283.0,0.2,1122.5161981582642,256.0,0.027099609375,0.8125,-0.1936286594136618,670.5,45.0,0.87109375,388.3981628417969,0.37358802556991577,-107.0596814260073
256.0,0.435546875,0.002495997119694948,1457.0,10272.0,0.5,-0.005452088877063943,0.734375,0.40212732553482056,0.0,0.8999432027339935,1.0,657408.0,0.0001,1284.0,0.2,156.4364613890648,256.0,0.0185546875,0.798828125,-0.20432481344323605,662.0,45.0,0.86328125,34.75261688232422,0.4080718159675598,-110.241821608413
256.0,0.4921875,0.002195304725319147,1532.0,10280.0,0.5,-0.004765820140164578,0.78515625,0.3727264404296875,0.0,0.875508263707161,1.0,657920.0,0.0001,1285.0,0.2,454.3619461655617,256.0,0.023193359375,0.79296875,-0.20692740904632956,651.5,45.0,0.80078125,216.81080627441406,0.3789882957935333,-111.1268962061219
256.0,0.494140625,0.006890548393130302,1178.0,10288.0,0.5,-0.009098981645365711,0.8046875,0.39389604330062866,0.0,0.9442987702786922,1.0,658432.0,0.0001,1286.0,0.2,80.10572768747807,256.0,0.0478515625,0.810546875,-0.23358259513042867,671.5,45.0,0.81640625,21.419015884399414,0.3682103455066681,-113.7043844274804
256.0,0.505859375,0.005312085151672363,1493.0,10296.0,0.5,-0.009070691503438866,0.796875,0.39421674609184265,0.0,0.9317329525947571,1.0,658944.0,0.0001,1287.0,0.2,202.8596225976944,256.0,0.038330078125,0.791015625,-0.21677786944201216,674.0,45.0,0.78515625,38.511924743652344,0.4022359549999237,-111.29490608047693
256.0,0.537109375,0.004975972697138786,1474.0,10304.0,0.5,-0.009585159656126052,0.8359375,0.4129297733306885,0.0,0.9546280056238174,1.0,659456.0,0.0001,1288.0,0.2,93.07493549585342,256.0,0.045166015625,0.798828125,-0.2289881293545477,687.5,45.0,0.76171875,22.93317985534668,0.40643733739852905,-108.54691020034254
256.0,0.53125,0.0025508953258395195,1524.0,10312.0,0.5,-0.006893690740980674,0.83984375,0.39938196539878845,0.0,0.82961505651474,1.0,659968.0,0.0001,1289.0,0.2,909.1876947283745,256.0,0.03662109375,0.80859375,-0.19736543676117435,676.0,45.0,0.77734375,1324.809814453125,0.3875039219856262,-105.59168596275151
256.0,0.5234375,0.007072546985000372,1461.0,10320.0,0.5,-0.007681873896217439,0.81640625,0.40077468752861023,0.0,0.9527619928121567,1.0,660480.0,0.0001,1290.0,0.2,59.43890978395939,256.0,0.03662109375,0.79296875,-0.21055998938390985,671.0,45.0,0.76953125,11.524255752563477,0.3977460265159607,-104.91413595033809
256.0,0.4921875,0.0017030189046636224,1226.0,10328.0,0.5,-0.004841176232730504,0.8046875,0.3949141204357147,0.0,0.8976008370518684,1.0,660992.0,0.0001,1291.0,0.2,379.24144315719604,256.0,0.01318359375,0.8125,-0.1916955795022659,666.0,45.0,0.8203125,65.16690826416016,0.3736139237880707,-104.87037839364261
256.0,0.4765625,0.004312986973673105,1527.0,10336.0,0.5,-0.007728067481366452,0.734375,0.40198737382888794,0.0,0.8711451292037964,1.0,661504.0,0.0001,1292.0,0.2,824.5396846532822,256.0,0.029052734375,0.7578125,-0.1988808445748873,681.0,45.0,0.78125,102.08297729492188,0.4249257743358612,-105.09127152133733
256.0,0.44921875,0.0027479911223053932,1487.0,10344.0,0.5,-0.009048194871866144,0.73046875,0.36522045731544495,0.0,0.8754220828413963,1.0,662016.0,0.0001,1293.0,0.2,689.0608587265015,256.0,0.0205078125,0.78125,-0.19509434507926926,669.0,45.0,0.83203125,69.7142333984375,0.3824608027935028,-101.62299200432375
256.0,0.4921875,0.0023438239004462957,1503.0,10352.0,0.5,-0.003144213063933421,0.80078125,0.3622684180736542,0.0,0.8275799602270126,1.0,662528.0,0.0001,1294.0,0.2,763.3922393321991,256.0,0.0166015625,0.80859375,-0.19969461939763278,669.0,45.0,0.81640625,180.40484619140625,0.374740332365036,-104.42238965466619
256.0,0.5,0.003702141810208559,1444.0,10360.0,0.5,-0.005729516793508083,0.765625,0.39834141731262207,0.0,0.9129003882408142,1.0,663040.0,0.0001,1295.0,0.2,171.03735223412514,256.0,0.033447265625,0.765625,-0.24109600082738325,666.0,45.0,0.765625,39.92605209350586,0.3952651023864746,-102.86213822996244
256.0,0.470703125,0.00209553400054574,1302.0,10368.0,0.5,-0.006503628785139881,0.76171875,0.36810222268104553,0.0,0.8402988016605377,1.0,663552.0,0.0001,1296.0,0.2,1072.8332995176315,256.0,0.022216796875,0.791015625,-0.19220859924098477,647.5,45.0,0.8203125,292.7475891113281,0.37555932998657227,-103.19211446966976
256.0,0.529296875,0.003051706124097109,1518.0,10376.0,0.5,-0.007598058564326493,0.796875,0.3801769018173218,0.0,0.8270339071750641,1.0,664064.0,0.0001,1297.0,0.2,660.6601765155792,256.0,0.017578125,0.767578125,-0.229787195159588,621.5,45.0,0.73828125,96.34994506835938,0.3922462463378906,-108.39442596523091
256.0,0.505859375,0.0025780850555747747,1497.0,10384.0,0.5,-0.0070789142191642895,0.8125,0.39355868101119995,0.0,0.9133387804031372,1.0,664576.0,0.0001,1298.0,0.2,137.34033706784248,256.0,0.0263671875,0.806640625,-0.1857821419253014,637.5,45.0,0.80078125,34.15041732788086,0.3636419177055359,-111.718508735504
256.0,0.521484375,0.002309580100700259,1516.0,10392.0,0.5,-0.007305610030016396,0.79296875,0.39245134592056274,0.0,0.85373255610466,1.0,665088.0,0.0001,1299.0,0.2,668.1675591468811,256.0,0.02587890625,0.771484375,-0.1799146580742672,636.0,45.0,0.75,322.28485107421875,0.39421626925468445,-109.19732045551763
256.0,0.521484375,0.005114568397402763,1488.0,10400.0,0.5,-0.00805720676726196,0.83203125,0.3853769898414612,0.0,0.8815997242927551,1.0,665600.0,0.0001,1300.0,0.2,265.66003811359406,256.0,0.02783203125,0.810546875,-0.2220501221017912,642.5,45.0,0.7890625,120.03401184082031,0.36762097477912903,-109.5115308018215
256.0,0.552734375,0.005821214057505131,1197.0,10408.0,0.5,-0.008021276458748616,0.83984375,0.40502774715423584,0.0,0.9421512745320797,1.0,666112.0,0.0001,1301.0,0.2,95.62521407008171,256.0,0.037353515625,0.787109375,-0.20023923012195155,656.5,45.0,0.734375,13.02721881866455,0.387556254863739,-109.21350435903295
256.0,0.48046875,0.0015777433291077614,1554.0,10416.0,0.5,-0.003846197058010148,0.7734375,0.3845890462398529,0.0,0.821429967880249,1.0,666624.0,0.0001,1302.0,0.2,836.2102857232094,256.0,0.017333984375,0.79296875,-0.19159784266958013,656.0,45.0,0.8125,206.18011474609375,0.3640669584274292,-106.6642780049704
256.0,0.48046875,0.006208258215337992,1495.0,10424.0,0.5,-0.008816383386147209,0.76953125,0.3990069627761841,0.0,0.9184698089957237,1.0,667136.0,0.0001,1303.0,0.2,112.85616470873356,256.0,0.0419921875,0.7890625,-0.1993337336461991,658.0,45.0,0.80859375,29.789709091186523,0.397158145904541,-106.54837299862876
256.0,0.51953125,0.0010392528492957354,1527.0,10432.0,0.5,-0.004628575166861992,0.78125,0.37438905239105225,0.0,0.8279222697019577,1.0,667648.0,0.0001,1304.0,0.2,931.1971467733383,256.0,0.014404296875,0.76171875,-0.20721220690757036,664.5,45.0,0.7421875,89.7657241821289,0.3873600661754608,-105.88957458006217
256.0,0.494140625,0.004989334382116795,1490.0,10440.0,0.5,-0.009418189973075641,0.8203125,0.3670685887336731,0.0,0.8957044407725334,1.0,668160.0,0.0001,1305.0,0.2,324.7232496738434,256.0,0.0283203125,0.826171875,-0.2212782912538387,690.5,45.0,0.83203125,68.05188751220703,0.36544206738471985,-108.54102032255382
256.0,0.529296875,0.0051298607140779495,1480.0,10448.0,0.5,-0.008344143258000258,0.78125,0.39640116691589355,0.0,0.9222400039434433,1.0,668672.0,0.0001,1306.0,0.2,119.44385403394699,256.0,0.037841796875,0.751953125,-0.2482616868801415,691.5,45.0,0.72265625,18.863679885864258,0.4036123752593994,-105.23393248382956
256.0,0.490234375,0.002456280402839184,1231.0,10456.0,0.5,-0.005598294832452666,0.796875,0.3943176865577698,0.0,0.8582034558057785,1.0,669184.0,0.0001,1307.0,0.2,420.4606186747551,256.0,0.026123046875,0.806640625,-0.1976250343141146,678.5,45.0,0.81640625,153.52613830566406,0.37937670946121216,-106.81540093334392
256.0,0.51171875,0.0031344215385615826,1440.0,10464.0,0.5,-0.008634212710603606,0.7890625,0.3945194184780121,0.0,0.9497688375413418,1.0,669696.0,0.0001,1308.0,0.2,90.0028223246336,256.0,0.035888671875,0.77734375,-0.18400603433838114,680.0,45.0,0.765625,34.68205642700195,0.39899444580078125,-109.51044545870275
256.0,0.5078125,0.004554481245577335,1447.0,10472.0,0.5,-0.007955138746183366,0.80078125,0.4078686833381653,0.0,0.9514293670654297,1.0,670208.0,0.0001,1309.0,0.2,72.73277735710144,256.0,0.0341796875,0.79296875,-0.1794009631848894,678.0,45.0,0.78515625,16.07124900817871,0.3851795196533203,-108.93981430390849
256.0,0.48828125,0.003059320617467165,1430.0,10480.0,0.5,-0.006940866642253241,0.75,0.39757072925567627,0.0,0.9071168079972267,1.0,670720.0,0.0001,1310.0,0.2,255.1509735584259,256.0,0.026123046875,0.76171875,-0.1953576864907518,687.0,45.0,0.7734375,98.10965728759766,0.45209208130836487,-108.75239410042762
256.0,0.49609375,0.0007359861629083753,1518.0,10488.0,0.5,-0.0021507203309738543,0.76171875,0.39792436361312866,0.0,0.7856377363204956,1.0,671232.0,0.0001,1311.0,0.2,1520.2197470664978,256.0,0.003173828125,0.765625,-0.16700260323705152,671.5,45.0,0.76953125,793.4346923828125,0.40591728687286377,-108.89576601274311
256.0,0.5078125,0.0017612094525247812,1171.0,10496.0,0.5,-0.004308086325181648,0.78515625,0.41160184144973755,0.0,0.7612347602844238,1.0,671744.0,0.0001,1312.0,0.2,758.8740067481995,256.0,0.012939453125,0.77734375,-0.18986195779871196,679.0,45.0,0.76953125,439.6853942871094,0.39947354793548584,-109.53084140319378
256.0,0.53515625,0.002387676388025284,1502.0,10504.0,0.5,-0.006044108122296166,0.8359375,0.39559948444366455,0.0,0.8794912025332451,1.0,672256.0,0.0001,1313.0,0.2,574.6687748432159,256.0,0.021240234375,0.80078125,-0.2041715671075508,673.0,45.0,0.765625,122.27207946777344,0.3805699944496155,-107.95276644993574
256.0,0.548828125,0.002600528299808502,1520.0,10512.0,0.5,-0.010172836377023486,0.82421875,0.39832666516304016,0.0,0.7997505515813828,1.0,672768.0,0.0001,1314.0,0.2,1172.6794364452362,256.0,0.03857421875,0.775390625,-0.1992119465721771,668.0,45.0,0.7265625,508.7628173828125,0.40471017360687256,-103.89924285702408
256.0,0.505859375,0.006153149530291557,1479.0,10520.0,0.5,-0.008290500754810637,0.8046875,0.4004754424095154,0.0,0.9072808623313904,1.0,673280.0,0.0001,1315.0,0.2,139.41844168305397,256.0,0.029052734375,0.798828125,-0.22741132380906492,677.5,45.0,0.79296875,24.878698348999023,0.38108429312705994,-104.27078839430585
256.0,0.556640625,0.001897524343803525,1515.0,10528.0,0.5,-0.005505504308530362,0.85546875,0.3694990575313568,0.0,0.822476714849472,1.0,673792.0,0.0001,1316.0,0.2,787.2197079658508,256.0,0.012451171875,0.798828125,-0.18213849794119596,692.0,45.0,0.7421875,106.39402770996094,0.3515170216560364,-102.15942284751684
256.0,0.50390625,0.0016745009925216436,1287.0,10536.0,0.5,-0.008597771535278298,0.8125,0.3566540777683258,0.0,0.8280053734779358,1.0,674304.0,0.0001,1317.0,0.2,1251.2368383407593,256.0,0.01806640625,0.80859375,-0.15410616964800283,674.5,45.0,0.8046875,502.12646484375,0.3957102596759796,-102.9035091342777
256.0,0.470703125,0.0015666915569454432,1504.0,10544.0,0.5,-0.005012583373172674,0.796875,0.36416471004486084,0.0,0.8032578527927399,1.0,674816.0,0.0001,1318.0,0.2,604.133163779974,256.0,0.0126953125,0.826171875,-0.1891679319087416,662.0,45.0,0.85546875,64.99542999267578,0.3440575897693634,-107.78985748060047
256.0,0.44140625,0.0021179229952394962,1507.0,10552.0,0.5,-0.0055633367628615815,0.7109375,0.39783164858818054,0.0,0.8109564185142517,1.0,675328.0,0.0001,1319.0,0.2,1249.8624591827393,256.0,0.014404296875,0.76953125,-0.14527694234857336,644.5,45.0,0.828125,330.3921203613281,0.410987913608551,-109.02390390107408
256.0,0.40625,0.0009657456539571285,1493.0,10560.0,0.5,-0.0039290333770622965,0.63671875,0.41011154651641846,0.0,0.8013176172971725,1.0,675840.0,0.0001,1320.0,0.2,609.2937774062157,256.0,0.0068359375,0.73046875,-0.1669879473047331,651.0,45.0,0.82421875,80.5424575805664,0.4303167164325714,-112.27814185000956
256.0,0.443359375,0.004555427469313145,1405.0,10568.0,0.5,-0.004821047623408958,0.74609375,0.36730581521987915,0.0,0.8803716748952866,1.0,676352.0,0.0001,1321.0,0.2,159.03624340891838,256.0,0.024169921875,0.802734375,-0.19966026820475236,665.5,45.0,0.859375,27.78495216369629,0.3703707158565521,-111.18466268967838
256.0,0.4609375,0.002619417617097497,1150.0,10576.0,0.5,-0.007333635163377039,0.7734375,0.3975043296813965,0.0,0.8540062457323074,1.0,676864.0,0.0001,1322.0,0.2,468.9257968068123,256.0,0.022216796875,0.8125,-0.19964529952267185,665.5,45.0,0.8515625,479.2648620605469,0.39962512254714966,-112.03414928490297
256.0,0.52734375,0.004037512466311455,1482.0,10584.0,0.5,-0.006768546860257629,0.79296875,0.40513938665390015,0.0,0.8363282978534698,1.0,677376.0,0.0001,1323.0,0.2,578.802822470665,256.0,0.019287109375,0.765625,-0.20505162625340745,679.5,45.0,0.73828125,96.83224487304688,0.4302256107330322,-110.4340144611895
256.0,0.521484375,0.0007851117989048362,1532.0,10592.0,0.5,-0.00443041076141526,0.79296875,0.3954865336418152,0.0,0.78767891228199,1.0,677888.0,0.0001,1324.0,0.2,1492.8336070775986,256.0,0.006591796875,0.771484375,-0.1512503486010246,671.5,45.0,0.75,509.8414306640625,0.3846430480480194,-110.51364609148354
256.0,0.59375,0.0030757244676351547,1425.0,10600.0,0.5,-0.005545987849473022,0.8828125,0.40123510360717773,0.0,0.920698843896389,1.0,678400.0,0.0001,1325.0,0.2,146.50168661773205,256.0,0.026611328125,0.7890625,-0.19050329097080976,665.5,45.0,0.6953125,21.84109115600586,0.3878670930862427,-112.302997948993
256.0,0.5546875,0.0021739378571510315,1637.0,10608.0,0.5,-0.004792081115738256,0.84375,0.3713659644126892,0.0,0.7944298088550568,1.0,678912.0,0.0001,1326.0,0.2,1515.5113155841827,256.0,0.012451171875,0.7890625,-0.16602503164904192,658.0,45.0,0.734375,612.4425659179688,0.37108737230300903,-110.27938221994788
256.0,0.580078125,0.0028502591885626316,1424.0,10616.0,0.5,-0.005353116350306664,0.8515625,0.40398725867271423,0.0,0.8630670011043549,1.0,679424.0,0.0001,1327.0,0.2,237.50413101911545,256.0,0.025634765625,0.771484375,-0.18313771433895454,675.5,45.0,0.69140625,34.23830032348633,0.3941541910171509,-110.27646090650931
256.0,0.513671875,0.0019135951297357678,1189.0,10624.0,0.5,-0.004222195260808803,0.796875,0.4444018006324768,0.0,0.8981739804148674,1.0,679936.0,0.0001,1328.0,0.2,428.4665453135967,256.0,0.021240234375,0.783203125,-0.18737165274797007,680.5,45.0,0.76953125,476.5634460449219,0.41007521748542786,-106.42838216997683
256.0,0.490234375,0.0005827178247272968,1552.0,10632.0,0.5,-0.0022452326375059783,0.77734375,0.3842654228210449,0.0,0.7861668616533279,1.0,680448.0,0.0001,1329.0,0.2,1237.91705930233,256.0,0.005615234375,0.787109375,-0.17295508790994063,668.0,45.0,0.796875,1046.27587890625,0.36100417375564575,-104.42178100274876
256.0,0.439453125,0.0016353650717064738,1159.0,10640.0,0.5,-0.004598305342369713,0.71875,0.39426189661026,0.0,0.7706749439239502,1.0,680960.0,0.0001,1330.0,0.2,959.5266872644424,256.0,0.00732421875,0.779296875,-0.18589804647490382,643.5,45.0,0.83984375,537.8775634765625,0.400629460811615,-105.0916078943573
256.0,0.453125,0.01019877940416336,1457.0,10648.0,0.5,-0.00863462434062967,0.703125,0.4169241786003113,0.0,0.9195559918880463,1.0,681472.0,0.0001,1331.0,0.2,116.23671713471413,256.0,0.05322265625,0.75,-0.18082621245412156,664.5,45.0,0.796875,28.81402587890625,0.4319843351840973,-107.41760498201475
256.0,0.43359375,0.008484330959618092,1437.0,10656.0,0.5,-0.008414393567363732,0.7109375,0.3898894488811493,0.0,0.9416346959769726,1.0,681984.0,0.0001,1332.0,0.2,89.9814986884594,256.0,0.051025390625,0.77734375,-0.20099527965066954,653.0,45.0,0.84375,19.580957412719727,0.39650726318359375,-107.24511243281886
256.0,0.474609375,0.001977377338334918,1170.0,10664.0,0.5,-0.007876361341914162,0.75390625,0.39628511667251587,0.0,0.8771766424179077,1.0,682496.0,0.0001,1333.0,0.2,631.8961584568024,256.0,0.02001953125,0.779296875,-0.17354673345107585,651.0,45.0,0.8046875,64.56873321533203,0.39213526248931885,-108.63353721477091
256.0,0.5,0.003706937888637185,1432.0,10672.0,0.5,-0.006006283118040301,0.8046875,0.4034363329410553,0.0,0.9451467208564281,1.0,683008.0,0.0001,1334.0,0.2,71.0002064704895,256.0,0.03564453125,0.8046875,-0.16402885207207873,654.0,45.0,0.8046875,12.882040023803711,0.3723922371864319,-107.77121565395966
256.0,0.537109375,0.0014186735497787595,1550.0,10680.0,0.5,-0.003452825956628658,0.81640625,0.3945073187351227,0.0,0.7989071309566498,1.0,683520.0,0.0001,1335.0,0.2,1392.6821348667145,256.0,0.008544921875,0.779296875,-0.16290863719768822,656.0,45.0,0.7421875,287.9991149902344,0.3905765414237976,-108.51930641956628
256.0,0.564453125,0.002001676242798567,1513.0,10688.0,0.5,-0.005033103738242062,0.8671875,0.4063318371772766,0.0,0.7965836375951767,1.0,684032.0,0.0001,1336.0,0.2,836.9219095110893,256.0,0.01123046875,0.802734375,-0.16366270504659042,647.0,45.0,0.73828125,70.18062591552734,0.3903658092021942,-106.07279982646928
256.0,0.517578125,0.0011972264619544148,1456.0,10696.0,0.5,-0.005450748416478746,0.8359375,0.39908015727996826,0.0,0.8542775511741638,1.0,684544.0,0.0001,1337.0,0.2,616.4308242797852,256.0,0.00830078125,0.818359375,-0.17729147750651464,636.0,45.0,0.80078125,546.0875854492188,0.3402162194252014,-107.6676867191866
256.0,0.52734375,0.0029511642642319202,1203.0,10704.0,0.5,-0.008686795590620022,0.80078125,0.4122466444969177,0.0,0.9365808889269829,1.0,685056.0,0.0001,1338.0,0.2,140.59008634090424,256.0,0.035400390625,0.7734375,-0.16071830794680864,664.0,45.0,0.74609375,42.98491287231445,0.4161396324634552,-108.17198604531586
256.0,0.466796875,0.003629250917583704,1416.0,10712.0,0.5,-0.005425347429991234,0.78515625,0.3493320941925049,0.0,0.9438434801995754,1.0,685568.0,0.0001,1339.0,0.2,114.99261158704758,256.0,0.02490234375,0.818359375,-0.20722864399431273,682.5,45.0,0.8515625,25.361095428466797,0.32837846875190735,-103.68835154630244
256.0,0.482421875,0.005851629190146923,1461.0,10720.0,0.5,-0.007266277214512229,0.75390625,0.38160064816474915,0.0,0.9579297006130219,1.0,686080.0,0.0001,1340.0,0.2,81.58511014282703,256.0,0.046630859375,0.771484375,-0.17964362993370742,682.5,45.0,0.7890625,11.586922645568848,0.411617249250412,-101.74435708530247
256.0,0.478515625,0.006030017510056496,1448.0,10728.0,0.5,-0.010019359368016012,0.765625,0.3669132888317108,0.0,0.9615850821137428,1.0,686592.0,0.0001,1341.0,0.2,92.12350441515446,256.0,0.04736328125,0.787109375,-0.21798229787964374,692.5,45.0,0.80859375,32.185546875,0.3661144971847534,-101.39033165236935
256.0,0.4375,0.0006563948700204492,1567.0,10736.0,0.5,-0.0043433181854197755,0.75,0.3748437464237213,0.0,0.8178590089082718,1.0,687104.0,0.0001,1342.0,0.2,965.60211789608,256.0,0.0107421875,0.8125,-0.16137395205441862,689.5,45.0,0.875,39.19305419921875,0.35779961943626404,-99.38452373387292
256.0,0.4765625,0.005030008032917976,1238.0,10744.0,0.5,-0.007595572104037274,0.75390625,0.3940061628818512,0.0,0.813408300280571,1.0,687616.0,0.0001,1343.0,0.2,1035.3119859695435,256.0,0.015625,0.77734375,-0.15967566953622736,681.0,45.0,0.80078125,217.73463439941406,0.3926025629043579,-103.24531047336757
256.0,0.49609375,0.006186595652252436,1457.0,10752.0,0.5,-0.007230253271700349,0.796875,0.3966273367404938,0.0,0.89557746052742,1.0,688128.0,0.0001,1344.0,0.2,134.37228949368,256.0,0.042236328125,0.80078125,-0.1873924702522345,703.5,45.0,0.8046875,18.211078643798828,0.37286874651908875,-107.65428001236171
256.0,0.482421875,0.0024830882903188467,1473.0,10760.0,0.5,-0.006112648428825196,0.73828125,0.39914730191230774,0.0,0.8462481647729874,1.0,688640.0,0.0001,1345.0,0.2,441.1598815917969,256.0,0.0263671875,0.755859375,-0.18765455769607797,728.5,45.0,0.7734375,146.34393310546875,0.41035401821136475,-105.87324759388342
256.0,0.498046875,0.002344901906326413,1446.0,10768.0,0.5,-0.006610551012272481,0.796875,0.4163248836994171,0.0,0.9211043491959572,1.0,689152.0,0.0001,1346.0,0.2,196.89798864722252,256.0,0.02490234375,0.798828125,-0.16751734813442454,741.5,45.0,0.80078125,46.53157424926758,0.3742660582065582,-104.94740970879793
256.0,0.48046875,0.003258285578340292,1450.0,10776.0,0.5,-0.006228887345059775,0.80078125,0.40074971318244934,0.0,0.9540661312639713,1.0,689664.0,0.0001,1347.0,0.2,62.10990346968174,256.0,0.020751953125,0.8203125,-0.18768024549353868,741.5,45.0,0.83984375,8.3248291015625,0.37044811248779297,-104.78262715145945
256.0,0.48828125,0.0017699329182505608,1217.0,10784.0,0.5,-0.0035973400281363865,0.7421875,0.4011187255382538,0.0,0.838478684425354,1.0,690176.0,0.0001,1348.0,0.2,844.4581487178802,256.0,0.01171875,0.75390625,-0.1739623120520264,739.5,45.0,0.765625,251.9559326171875,0.4108916223049164,-105.72214508548379
256.0,0.505859375,0.005801849067211151,1450.0,10792.0,0.5,-0.0057643864856800064,0.76953125,0.4109535217285156,0.0,0.9330046102404594,1.0,690688.0,0.0001,1349.0,0.2,121.383923381567,256.0,0.050537109375,0.763671875,-0.20701470569474623,734.0,45.0,0.7578125,42.593570709228516,0.42512255907058716,-106.6690777695924
256.0,0.51953125,0.0036690812557935715,1454.0,10800.0,0.5,-0.007622110235388391,0.8125,0.3791629672050476,0.0,0.961035430431366,1.0,691200.0,0.0001,1350.0,0.2,85.05115632712841,256.0,0.033935546875,0.79296875,-0.19758888601791114,734.0,45.0,0.7734375,14.283424377441406,0.3692188858985901,-106.17981575392187
256.0,0.529296875,0.002261547837406397,1489.0,10808.0,0.5,-0.004276125488104299,0.8203125,0.38233089447021484,0.0,0.946776881814003,1.0,691712.0,0.0001,1351.0,0.2,104.06606581807137,256.0,0.017578125,0.791015625,-0.16434554191073403,736.5,45.0,0.76171875,54.42761993408203,0.3676518499851227,-105.13154669029637
256.0,0.515625,0.002625018823891878,1451.0,10816.0,0.5,-0.005264995153993368,0.80859375,0.37152859568595886,0.0,0.9114805832505226,1.0,692224.0,0.0001,1352.0,0.2,253.63307338953018,256.0,0.021240234375,0.79296875,-0.18854783789720386,745.0,45.0,0.77734375,164.94017028808594,0.3666898310184479,-101.86642569495365
256.0,0.48828125,0.0015517253195866942,1273.0,10824.0,0.5,-0.005317877348716138,0.8203125,0.3681991696357727,0.0,0.8421838879585266,1.0,692736.0,0.0001,1353.0,0.2,1193.8651628494263,256.0,0.014404296875,0.83203125,-0.1661728032049723,730.5,45.0,0.84375,124.30562591552734,0.3505803942680359,-98.94069330120459
256.0,0.482421875,0.0027567429933696985,1552.0,10832.0,0.5,-0.007375371922535123,0.78125,0.37407875061035156,0.0,0.8075586408376694,1.0,693248.0,0.0001,1354.0,0.2,1256.8464969396591,256.0,0.023193359375,0.798828125,-0.1755479194689542,698.0,45.0,0.81640625,121.58419036865234,0.365443617105484,-104.08565881287679
256.0,0.490234375,0.0023613739758729935,1615.0,10840.0,0.5,-0.007549464964540675,0.796875,0.3708614408969879,0.0,0.8322274088859558,1.0,693760.0,0.0001,1355.0,0.2,1135.1769652366638,256.0,0.028564453125,0.806640625,-0.17094938503578305,671.5,45.0,0.81640625,623.4774780273438,0.3690338730812073,-108.31430974882096
256.0,0.5,0.002010820433497429,1430.0,10848.0,0.5,-0.005950373189989477,0.77734375,0.423997700214386,0.0,0.8757369443774223,1.0,694272.0,0.0001,1356.0,0.2,163.32785758376122,256.0,0.0166015625,0.77734375,-0.19514895975589752,677.0,45.0,0.77734375,25.781089782714844,0.42955347895622253,-112.90640881465748
256.0,0.521484375,0.001794930431060493,1505.0,10856.0,0.5,-0.004160411452176049,0.8125,0.383450448513031,0.0,0.8227665424346924,1.0,694784.0,0.0001,1357.0,0.2,984.8440907001495,256.0,0.009765625,0.791015625,-0.19233818724751472,652.5,45.0,0.76953125,99.23778533935547,0.362162321805954,-110.5705275638774
256.0,0.541015625,0.003402743488550186,1438.0,10864.0,0.5,-0.006234711843717378,0.828125,0.38044577836990356,0.0,0.8845882788300514,1.0,695296.0,0.0001,1358.0,0.2,257.55064207315445,256.0,0.02978515625,0.787109375,-0.18196258106036112,650.0,45.0,0.74609375,115.32294464111328,0.36383914947509766,-113.14416881714016
256.0,0.529296875,0.0013669667532667518,1205.0,10872.0,0.5,-0.005504484521225095,0.828125,0.39499035477638245,0.0,0.831511527299881,1.0,695808.0,0.0001,1359.0,0.2,692.3864709734917,256.0,0.011962890625,0.798828125,-0.18860203679651022,644.5,45.0,0.76953125,106.8070297241211,0.372546911239624,-113.44110024090857
256.0,0.525390625,0.002280120039358735,1423.0,10880.0,0.5,-0.0060461418543127365,0.78515625,0.3800641894340515,0.0,0.9288166984915733,1.0,696320.0,0.0001,1360.0,0.2,135.616355702281,256.0,0.02978515625,0.759765625,-0.16955007647629827,644.5,45.0,0.734375,20.205171585083008,0.4080449342727661,-114.22591435160489
256.0,0.49609375,0.0023664352484047413,1530.0,10888.0,0.5,-0.0027294116080156527,0.74609375,0.39649108052253723,0.0,0.854870542883873,1.0,696832.0,0.0001,1361.0,0.2,917.6198383569717,256.0,0.01904296875,0.75,-0.15725012245820835,647.0,45.0,0.75390625,615.9784545898438,0.4105224609375,-114.90476634280756
256.0,0.49609375,0.0041443780064582825,1481.0,10896.0,0.5,-0.0065252378008153755,0.796875,0.38031336665153503,0.0,0.9361997470259666,1.0,697344.0,0.0001,1362.0,0.2,104.61107686161995,256.0,0.029541015625,0.80078125,-0.16624259017407894,654.0,45.0,0.8046875,36.31926345825195,0.35460054874420166,-116.64799908038229
256.0,0.517578125,0.003537737997248769,1430.0,10904.0,0.5,-0.005929208291490795,0.8359375,0.3843749165534973,0.0,0.8460284918546677,1.0,697856.0,0.0001,1363.0,0.2,780.6796007752419,256.0,0.02490234375,0.818359375,-0.16554379876470193,663.0,45.0,0.80078125,123.21632385253906,0.3524734377861023,-112.97389192804694
256.0,0.5,0.002293745521456003,1247.0,10912.0,0.5,-0.006448198993894039,0.78515625,0.39208099246025085,0.0,0.8716288805007935,1.0,698368.0,0.0001,1364.0,0.2,476.280046582222,256.0,0.012939453125,0.78515625,-0.17297252733260393,670.5,45.0,0.78515625,43.81890106201172,0.37506183981895447,-110.08208274202421
256.0,0.501953125,0.005600329954177141,1402.0,10920.0,0.5,-0.009935877438692842,0.80078125,0.3789944350719452,0.0,0.9259067699313164,1.0,698880.0,0.0001,1365.0,0.2,100.83029349893332,256.0,0.03857421875,0.798828125,-0.19302681868430227,662.0,45.0,0.796875,17.867687225341797,0.3524249196052551,-107.79437445679679
256.0,0.48046875,0.000996427028439939,1470.0,10928.0,0.5,-0.0031041764850670006,0.75390625,0.4010007381439209,0.0,0.8321165293455124,1.0,699392.0,0.0001,1366.0,0.2,908.8054637908936,256.0,0.006591796875,0.7734375,-0.1718020648113452,670.0,45.0,0.79296875,667.614990234375,0.4135950803756714,-108.72084532352164
256.0,0.521484375,0.0049085975624620914,1379.0,10936.0,0.5,-0.008864046401868109,0.765625,0.3957655727863312,0.0,0.919461578130722,1.0,699904.0,0.0001,1367.0,0.2,96.70167967677116,256.0,0.040283203125,0.744140625,-0.21366958128055558,675.0,45.0,0.72265625,13.564615249633789,0.42007046937942505,-108.56293341191486
256.0,0.45703125,0.00207506213337183,1453.0,10944.0,0.5,-0.0030275900862761773,0.72265625,0.3780355751514435,0.0,0.8295321017503738,1.0,700416.0,0.0001,1368.0,0.2,841.5252147316933,256.0,0.017333984375,0.765625,-0.19899479372543283,679.5,45.0,0.80859375,431.97967529296875,0.3792792558670044,-110.3509407341294
256.0,0.513671875,0.0013070757267996669,1249.0,10952.0,0.5,-0.005965544703940395,0.8359375,0.33975696563720703,0.0,0.8346680253744125,1.0,700928.0,0.0001,1369.0,0.2,1287.7439309954643,256.0,0.01025390625,0.822265625,-0.15252042975043878,656.0,45.0,0.80859375,26.146236419677734,0.34762442111968994,-112.57145527405665
256.0,0.5234375,0.003572039771825075,1429.0,10960.0,0.5,-0.006339536463201512,0.7890625,0.3952820301055908,0.0,0.8257295787334442,1.0,701440.0,0.0001,1370.0,0.2,612.7468264102936,256.0,0.02880859375,0.765625,-0.1974790651584044,653.0,45.0,0.7421875,237.82530212402344,0.4166337847709656,-116.82365373218433
256.0,0.509765625,0.0023234710097312927,1443.0,10968.0,0.5,-0.004403917597301188,0.78125,0.40505141019821167,0.0,0.9022510424256325,1.0,701952.0,0.0001,1371.0,0.2,141.62443570792675,256.0,0.014404296875,0.771484375,-0.17243351135402918,665.0,45.0,0.76171875,31.163860321044922,0.3960520625114441,-115.28530585404485
256.0,0.501953125,0.0018900686409324408,1409.0,10976.0,0.5,-0.005814151845697779,0.79296875,0.3811493217945099,0.0,0.830937922000885,1.0,702464.0,0.0001,1372.0,0.2,636.2378107309341,256.0,0.0166015625,0.791015625,-0.16684386978158727,667.0,45.0,0.7890625,177.5372772216797,0.36965733766555786,-112.93098101906479
256.0,0.490234375,0.004595128353685141,1474.0,10984.0,0.5,-0.005377853089157725,0.79296875,0.37153804302215576,0.0,0.7810829728841782,1.0,702976.0,0.0001,1373.0,0.2,496.58721750974655,256.0,0.021240234375,0.802734375,-0.1922124623088166,675.5,45.0,0.8125,42.624385833740234,0.34968599677085876,-113.4681170451641
256.0,0.4921875,0.005955447442829609,1103.0,10992.0,0.5,-0.006944066553842276,0.8046875,0.3838416337966919,0.0,0.9173940718173981,1.0,703488.0,0.0001,1374.0,0.2,75.69881621003151,256.0,0.039794921875,0.8125,-0.2144934845273383,676.5,45.0,0.8203125,13.604368209838867,0.3475511372089386,-113.3358060843125
256.0,0.5234375,0.002701534191146493,1467.0,11000.0,0.5,-0.003576600822270848,0.81640625,0.3790290653705597,0.0,0.847015991806984,1.0,704000.0,0.0001,1375.0,0.2,630.5035310983658,256.0,0.027099609375,0.79296875,-0.16284083313075826,692.5,45.0,0.76953125,76.17195129394531,0.35855138301849365,-112.46666255490854
256.0,0.49609375,0.0018048463389277458,1485.0,11008.0,0.5,-0.00295241112326039,0.73046875,0.4063017964363098,0.0,0.7806138098239899,1.0,704512.0,0.0001,1376.0,0.2,1027.7689007520676,256.0,0.020751953125,0.734375,-0.17568358121206984,692.5,45.0,0.73828125,643.0591430664062,0.43061280250549316,-110.84813821360468
256.0,0.513671875,0.0019958799239248037,1402.0,11016.0,0.5,-0.004770323597767856,0.82421875,0.382942259311676,0.0,0.9249940142035484,1.0,705024.0,0.0001,1377.0,0.2,126.66511756181717,256.0,0.02197265625,0.810546875,-0.16024878007010557,696.0,45.0,0.796875,17.116207122802734,0.3617970943450928,-107.99084534661844
256.0,0.525390625,0.001909835496917367,1433.0,11024.0,0.5,-0.004295975653803907,0.81640625,0.3980635106563568,0.0,0.9409470967948437,1.0,705536.0,0.0001,1378.0,0.2,92.34848561882973,256.0,0.025390625,0.791015625,-0.1653852649324108,724.5,45.0,0.765625,17.204866409301758,0.3992493152618408,-106.73055593920871
256.0,0.52734375,0.0028200955130159855,1188.0,11032.0,0.5,-0.003546943247783929,0.8359375,0.3762480616569519,0.0,0.8235674202442169,1.0,706048.0,0.0001,1379.0,0.2,862.4162435531616,256.0,0.013916015625,0.80859375,-0.18731085857143626,722.5,45.0,0.78125,361.6512756347656,0.36438849568367004,-100.68253859713674
256.0,0.490234375,0.0022951087448745966,1476.0,11040.0,0.5,-0.00628736112776096,0.7890625,0.3930702209472656,0.0,0.8411366194486618,1.0,706560.0,0.0001,1380.0,0.2,541.4602241516113,256.0,0.012939453125,0.798828125,-0.17177857883507386,717.5,45.0,0.80859375,95.3890609741211,0.39123499393463135,-100.77326408831402
256.0,0.474609375,0.0011403701500967145,1532.0,11048.0,0.5,-0.0032604343141429126,0.78125,0.35918477177619934,0.0,0.7976762354373932,1.0,707072.0,0.0001,1381.0,0.2,1753.4756179451942,256.0,0.007080078125,0.806640625,-0.1710086475359276,703.5,45.0,0.83203125,111.23715209960938,0.362710177898407,-101.9217093420215
256.0,0.482421875,0.005069582257419825,1443.0,11056.0,0.5,-0.008780309413850773,0.78515625,0.3852323293685913,0.0,0.7877365797758102,1.0,707584.0,0.0001,1382.0,0.2,440.6049124598503,256.0,0.025634765625,0.802734375,-0.18426868942333385,709.0,45.0,0.8203125,64.88288879394531,0.3797096610069275,-106.92181468101218
256.0,0.447265625,0.003362800693139434,1393.0,11064.0,0.5,-0.005842748454597313,0.71875,0.3998783528804779,0.0,0.907668374478817,1.0,708096.0,0.0001,1383.0,0.2,148.5455396771431,256.0,0.0244140625,0.771484375,-0.20802453480428085,710.5,45.0,0.82421875,54.608009338378906,0.40734440088272095,-106.40501627877354
256.0,0.478515625,0.00238800304941833,1474.0,11072.0,0.5,-0.005169539050257299,0.8125,0.34701916575431824,0.0,0.8073084205389023,1.0,708608.0,0.0001,1384.0,0.2,1395.3433297872543,256.0,0.01953125,0.833984375,-0.17050359304994345,702.5,45.0,0.85546875,161.01316833496094,0.32459890842437744,-107.39980421181768
256.0,0.46484375,0.0012973564444109797,1244.0,11080.0,0.5,-0.004414918563270476,0.765625,0.3619126081466675,0.0,0.834624707698822,1.0,709120.0,0.0001,1385.0,0.2,876.5344549417496,256.0,0.017333984375,0.80078125,-0.18883732618996873,703.0,45.0,0.8359375,762.2590942382812,0.355887770652771,-110.18029825713485
256.0,0.482421875,0.0038895143661648035,1420.0,11088.0,0.5,-0.007394838990876451,0.78515625,0.3791171908378601,0.0,0.930567167699337,1.0,709632.0,0.0001,1386.0,0.2,110.12034238874912,256.0,0.034912109375,0.802734375,-0.1710906139924191,700.0,45.0,0.8203125,10.361210823059082,0.3930891752243042,-111.4823311930336
256.0,0.47265625,0.0022368270438164473,1427.0,11096.0,0.5,-0.005299745655065635,0.703125,0.41020190715789795,0.0,0.8116474598646164,1.0,710144.0,0.0001,1387.0,0.2,532.9166850447655,256.0,0.01611328125,0.73046875,-0.1534411581524182,705.0,45.0,0.7578125,253.55418395996094,0.4353073835372925,-112.16282022921368
256.0,0.501953125,0.0013197490479797125,1424.0,11104.0,0.5,-0.004792531537532341,0.77734375,0.4083419442176819,0.0,0.7500756233930588,1.0,710656.0,0.0001,1388.0,0.2,933.6059502959251,256.0,0.019287109375,0.775390625,-0.16713317652465776,705.0,45.0,0.7734375,96.70558166503906,0.3987402319908142,-112.10043774925172
256.0,0.50390625,0.0030773193575441837,1486.0,11112.0,0.5,-0.006450459673942532,0.79296875,0.3860994577407837,0.0,0.922004409134388,1.0,711168.0,0.0001,1389.0,0.2,309.34455329179764,256.0,0.019775390625,0.7890625,-0.17231313197407871,711.0,45.0,0.78515625,158.59986877441406,0.3835180401802063,-111.55241756048054
256.0,0.5,0.0025824112817645073,1140.0,11120.0,0.5,-0.0037788695844938047,0.78515625,0.4023344814777374,0.0,0.8590666204690933,1.0,711680.0,0.0001,1390.0,0.2,425.4580290913582,256.0,0.01513671875,0.78515625,-0.17310598769108765,713.5,45.0,0.78515625,142.86444091796875,0.37622180581092834,-112.47830437485129
256.0,0.5078125,0.0011763632064685225,1444.0,11128.0,0.5,-0.002975481369503541,0.79296875,0.41525471210479736,0.0,0.7851050645112991,1.0,712192.0,0.0001,1391.0,0.2,1012.6965590715408,256.0,0.0068359375,0.78515625,-0.18163976818323135,701.0,45.0,0.77734375,233.94708251953125,0.3862004578113556,-107.88348725851625
256.0,0.515625,0.0023248931393027306,1412.0,11136.0,0.5,-0.005445840095489984,0.81640625,0.37341028451919556,0.0,0.8563374876976013,1.0,712704.0,0.0001,1392.0,0.2,428.97877728939056,256.0,0.01416015625,0.80078125,-0.17557895742356777,691.0,45.0,0.78515625,46.52432632446289,0.362735390663147,-108.83911406897009
256.0,0.4921875,0.0018203839426860213,1328.0,11144.0,0.5,-0.0037329058250179514,0.76171875,0.4012261629104614,0.0,0.8839635699987411,1.0,713216.0,0.0001,1393.0,0.2,348.8207941055298,256.0,0.01611328125,0.76953125,-0.16803983598947525,700.0,45.0,0.77734375,68.03553771972656,0.4240313768386841,-108.53089965354651
256.0,0.521484375,0.0027156276628375053,1509.0,11152.0,0.5,-0.006561641035659704,0.75,0.4040198028087616,0.0,0.8195176422595978,1.0,713728.0,0.0001,1394.0,0.2,1023.8319835066795,256.0,0.02685546875,0.728515625,-0.19019832799676806,696.0,45.0,0.70703125,68.38394165039062,0.43235406279563904,-105.21895853543654
256.0,0.513671875,0.002196293091401458,1118.0,11160.0,0.5,-0.004732684690679889,0.82421875,0.39706578850746155,0.0,0.9087732657790184,1.0,714240.0,0.0001,1395.0,0.2,191.2694272696972,256.0,0.009765625,0.810546875,-0.14620594857842661,694.5,45.0,0.796875,23.079416275024414,0.39157426357269287,-105.6394017553702
256.0,0.517578125,0.002354028634727001,1403.0,11168.0,0.5,-0.00461442451342009,0.78125,0.41912388801574707,0.0,0.9158854708075523,1.0,714752.0,0.0001,1396.0,0.2,127.65482667088509,256.0,0.02197265625,0.763671875,-0.1659296820871532,704.5,45.0,0.74609375,18.094797134399414,0.40547943115234375,-106.92209047613666
256.0,0.490234375,0.0012007828336209059,1501.0,11176.0,0.5,-0.0033433744283684064,0.80078125,0.3796132206916809,0.0,0.7745204120874405,1.0,715264.0,0.0001,1397.0,0.2,655.7549551725388,256.0,0.00830078125,0.810546875,-0.16123440919909626,717.0,45.0,0.8203125,51.8891487121582,0.3665482997894287,-107.23689579440281
256.0,0.5,0.0064447615295648575,1366.0,11184.0,0.5,-0.00917660293634981,0.8203125,0.3629554510116577,0.0,0.8148284256458282,1.0,715776.0,0.0001,1398.0,0.2,1317.678481221199,256.0,0.043701171875,0.8203125,-0.16660726501140743,684.5,45.0,0.8203125,533.91015625,0.33764028549194336,-106.56138101736083
256.0,0.51953125,0.0015760172391310334,1511.0,11192.0,0.5,-0.004576636292767944,0.828125,0.3698478043079376,0.0,0.8323170393705368,1.0,716288.0,0.0001,1399.0,0.2,849.6049121618271,256.0,0.01708984375,0.80859375,-0.1610945506254211,677.0,45.0,0.7890625,338.4425964355469,0.3664168119430542,-111.20360757460817
256.0,0.490234375,0.0025643992703408003,1285.0,11200.0,0.5,-0.004000078784883954,0.7890625,0.38491401076316833,0.0,0.7989379167556763,1.0,716800.0,0.0001,1400.0,0.2,644.3268333673477,256.0,0.01904296875,0.798828125,-0.168977529683616,684.5,45.0,0.80859375,44.05956268310547,0.3658902645111084,-113.72786454716697
256.0,0.50390625,0.003991112112998962,1191.0,11208.0,0.5,-0.007224028475320665,0.7734375,0.35864025354385376,0.0,0.8220014423131943,1.0,717312.0,0.0001,1401.0,0.2,1181.0002698898315,256.0,0.01904296875,0.76953125,-0.19957923231413588,679.5,45.0,0.765625,885.6790771484375,0.3938142657279968,-113.36267038144172
256.0,0.478515625,0.0030352845788002014,1475.0,11216.0,0.5,-0.006095460772485239,0.7734375,0.3696136772632599,0.0,0.869068443775177,1.0,717824.0,0.0001,1402.0,0.2,216.768906801939,256.0,0.024658203125,0.794921875,-0.16822064953157678,683.5,45.0,0.81640625,53.745304107666016,0.3828546404838562,-117.26387439262122
256.0,0.494140625,0.004362831357866526,1447.0,11224.0,0.5,-0.005867510160896927,0.76953125,0.40389183163642883,0.0,0.9354594647884369,1.0,718336.0,0.0001,1403.0,0.2,143.88647586107254,256.0,0.032958984375,0.775390625,-0.18082051596138626,692.5,45.0,0.78125,47.53554916381836,0.38359642028808594,-118.25760723313317
256.0,0.48046875,0.0013860838953405619,1485.0,11232.0,0.5,-0.00506364797547576,0.7265625,0.3662320077419281,0.0,0.8547542542219162,1.0,718848.0,0.0001,1404.0,0.2,1025.315271884203,256.0,0.01611328125,0.74609375,-0.13358535477891564,686.0,45.0,0.765625,1076.851806640625,0.41866394877433777,-115.95149879526348
256.0,0.4765625,0.001374833402223885,1477.0,11240.0,0.5,-0.0033519907137815608,0.765625,0.38255155086517334,0.0,0.8711176067590714,1.0,719360.0,0.0001,1405.0,0.2,552.4207479953766,256.0,0.00732421875,0.7890625,-0.18496770423371345,676.0,45.0,0.8125,74.30380249023438,0.37635624408721924,-117.41578343171626
256.0,0.5,0.0023054764606058598,1166.0,11248.0,0.5,-0.00443701988842804,0.7734375,0.37957763671875,0.0,0.9424569830298424,1.0,719872.0,0.0001,1406.0,0.2,105.07796159386635,256.0,0.021240234375,0.7734375,-0.19615264714229852,686.0,45.0,0.7734375,18.826671600341797,0.4000614881515503,-119.02469751857221
256.0,0.529296875,0.00822373479604721,1240.0,11256.0,0.5,-0.008686508466780651,0.8203125,0.38982510566711426,0.0,0.9111288636922836,1.0,720384.0,0.0001,1407.0,0.2,112.3876688182354,256.0,0.058349609375,0.791015625,-0.16973349475301802,692.5,45.0,0.76171875,24.17464256286621,0.3957822918891907,-117.42308472154662
256.0,0.482421875,0.0020347624085843563,1529.0,11264.0,0.5,-0.0050615193067642394,0.796875,0.38742727041244507,0.0,0.9079340025782585,1.0,720896.0,0.0001,1408.0,0.2,327.35961562395096,256.0,0.0234375,0.814453125,-0.17245414498029277,700.0,45.0,0.83203125,64.84219360351562,0.3578908443450928,-113.88541626106948
256.0,0.521484375,0.003573067020624876,1425.0,11272.0,0.5,-0.009579297824529931,0.80859375,0.41156232357025146,0.0,0.8809555545449257,1.0,721408.0,0.0001,1409.0,0.2,308.1419006586075,256.0,0.03955078125,0.787109375,-0.19868716661585495,703.5,45.0,0.765625,42.199214935302734,0.39497557282447815,-111.80728734992445
256.0,0.54296875,0.0023917185608297586,1499.0,11280.0,0.5,-0.005812947856611572,0.83984375,0.4023924469947815,0.0,0.8922617733478546,1.0,721920.0,0.0001,1410.0,0.2,254.50332069396973,256.0,0.025146484375,0.796875,-0.1906505313818343,713.0,45.0,0.75390625,53.16639709472656,0.3811585009098053,-111.37969236787409
256.0,0.5546875,0.004590153694152832,1209.0,11288.0,0.5,-0.006062938198738266,0.8203125,0.37773916125297546,0.0,0.9550893679261208,1.0,722432.0,0.0001,1411.0,0.2,80.0649080350995,256.0,0.027587890625,0.765625,-0.19019316538469866,713.0,45.0,0.7109375,7.638279914855957,0.3937176465988159,-107.17719456337392
256.0,0.48046875,0.0023009846918284893,1483.0,11296.0,0.5,-0.004340198185673216,0.75,0.379085510969162,0.0,0.8487092554569244,1.0,722944.0,0.0001,1412.0,0.2,795.4030230641365,256.0,0.021728515625,0.76953125,-0.1841395955416374,702.5,45.0,0.7890625,56.547332763671875,0.3982004225254059,-105.69180309372022
256.0,0.48828125,0.0024298394564539194,1460.0,11304.0,0.5,-0.0043450957018649206,0.7734375,0.3680947422981262,0.0,0.945177748799324,1.0,723456.0,0.0001,1413.0,0.2,71.76175800710917,256.0,0.0263671875,0.78515625,-0.17934690084075555,707.5,45.0,0.796875,8.473499298095703,0.4010143280029297,-108.19049595849589
256.0,0.505859375,0.004664919804781675,1473.0,11312.0,0.5,-0.006707364125759341,0.796875,0.368757426738739,0.0,0.9501771740615368,1.0,723968.0,0.0001,1414.0,0.2,80.89751437306404,256.0,0.043212890625,0.791015625,-0.18281825515441597,715.0,45.0,0.78515625,19.566625595092773,0.36671698093414307,-106.05890826763586
256.0,0.494140625,0.006753799505531788,1488.0,11320.0,0.5,-0.006913492725288961,0.79296875,0.39496588706970215,0.0,0.9352889582514763,1.0,724480.0,0.0001,1415.0,0.2,97.46162582933903,256.0,0.04736328125,0.798828125,-0.17965343681862578,715.0,45.0,0.8046875,67.3858871459961,0.386909544467926,-105.20410031361506
256.0,0.49609375,0.003688039258122444,1184.0,11328.0,0.5,-0.00564454824780114,0.80859375,0.3840508759021759,0.0,0.8538019210100174,1.0,724992.0,0.0001,1416.0,0.2,546.0067301392555,256.0,0.0205078125,0.8125,-0.17389192915288731,716.0,45.0,0.81640625,46.85542297363281,0.3642686903476715,-106.00318917416035
256.0,0.5,0.0042459783144295216,1376.0,11336.0,0.5,-0.004470405090614804,0.796875,0.4129108190536499,0.0,0.8286885172128677,1.0,725504.0,0.0001,1417.0,0.2,420.86397406458855,256.0,0.022216796875,0.796875,-0.17992574779782444,723.5,45.0,0.796875,94.00830841064453,0.4021438658237457,-107.63950860122219
256.0,0.501953125,0.0019967742264270782,1512.0,11344.0,0.5,-0.004432585621543694,0.80078125,0.3627188801765442,0.0,0.7839629650115967,1.0,726016.0,0.0001,1418.0,0.2,1477.160343170166,256.0,0.014892578125,0.798828125,-0.1885144256229978,708.0,45.0,0.796875,577.5902099609375,0.34422966837882996,-107.66546557208522
256.0,0.494140625,0.0037339376285672188,1366.0,11352.0,0.5,-0.01032654873051797,0.8046875,0.38145676255226135,0.0,0.9249223470687866,1.0,726528.0,0.0001,1419.0,0.2,114.21069242060184,256.0,0.032470703125,0.810546875,-0.18697020201943815,712.0,45.0,0.81640625,16.652463912963867,0.35120889544487,-111.20826157210395
256.0,0.51953125,0.004067270550876856,1454.0,11360.0,0.5,-0.005895087822864298,0.76171875,0.4286693334579468,0.0,0.9599129930138588,1.0,727040.0,0.0001,1420.0,0.2,61.348980613052845,256.0,0.02978515625,0.7421875,-0.20400970993796363,715.0,45.0,0.72265625,12.379151344299316,0.4246846139431,-110.86450964579359
256.0,0.53125,0.005490901414304972,1167.0,11368.0,0.5,-0.0014135486162558664,0.80859375,0.3910267949104309,0.0,0.9158162251114845,1.0,727552.0,0.0001,1421.0,0.2,287.8798211812973,256.0,0.027099609375,0.77734375,-0.18385145149659365,737.5,45.0,0.74609375,42.359710693359375,0.4021216034889221,-108.56534578505904
256.0,0.529296875,0.00225530075840652,1391.0,11376.0,0.5,-0.004177000053459778,0.80859375,0.3809663951396942,0.0,0.6951834559440613,1.0,728064.0,0.0001,1422.0,0.2,1165.1286101937294,256.0,0.02392578125,0.779296875,-0.1776696114684455,749.5,45.0,0.75,92.28285217285156,0.3873348832130432,-107.39791186798364
256.0,0.474609375,0.0025545237585902214,1422.0,11384.0,0.5,-0.005716492247302085,0.77734375,0.3830012083053589,0.0,0.9191865548491478,1.0,728576.0,0.0001,1423.0,0.2,347.4300543665886,256.0,0.018310546875,0.802734375,-0.16221278288867325,754.5,45.0,0.828125,122.66390228271484,0.3707828223705292,-106.94967767510563
256.0,0.544921875,0.0011560121783986688,1329.0,11392.0,0.5,-0.0036500522001006175,0.84765625,0.36415767669677734,0.0,0.8535365462303162,1.0,729088.0,0.0001,1424.0,0.2,628.175534248352,256.0,0.013671875,0.802734375,-0.20856899919454008,744.5,45.0,0.7578125,50.132083892822266,0.3631328344345093,-108.15457549490034
256.0,0.49609375,0.0028135478496551514,1437.0,11400.0,0.5,-0.00709111851756461,0.7734375,0.40142226219177246,0.0,0.885589562356472,1.0,729600.0,0.0001,1425.0,0.2,807.995771408081,256.0,0.0283203125,0.77734375,-0.2023544911062345,735.0,45.0,0.78125,68.91789245605469,0.41410738229751587,-108.9890171690844
256.0,0.40625,0.002362883184105158,1216.0,11408.0,0.5,-0.007091490613674978,0.72265625,0.3653666377067566,0.0,0.890687070786953,1.0,730112.0,0.0001,1426.0,0.2,862.0512539744377,256.0,0.01416015625,0.81640625,-0.1643275937240105,726.0,45.0,0.91015625,988.5921020507812,0.3625762462615967,-110.57065594853833
256.0,0.478515625,0.004167373292148113,1414.0,11416.0,0.5,-0.009517180376860779,0.76953125,0.38474106788635254,0.0,0.9253212437033653,1.0,730624.0,0.0001,1427.0,0.2,108.50275446474552,256.0,0.03076171875,0.791015625,-0.24709379172418267,738.5,45.0,0.8125,18.382761001586914,0.35980212688446045,-114.97345099508762
256.0,0.478515625,0.00697755441069603,1398.0,11424.0,0.5,-0.012581429786223453,0.7578125,0.3915942907333374,0.0,0.9247655645012856,1.0,731136.0,0.0001,1428.0,0.2,131.81642983853817,256.0,0.060546875,0.779296875,-0.20833909849170595,736.0,45.0,0.80078125,42.56642532348633,0.390590101480484,-111.69107526287436
256.0,0.490234375,0.0038103684782981873,1421.0,11432.0,0.5,-0.0068326912296470255,0.76953125,0.3941803574562073,0.0,0.9440799467265606,1.0,731648.0,0.0001,1429.0,0.2,86.89130476117134,256.0,0.03076171875,0.779296875,-0.2236769634182565,736.0,45.0,0.7890625,9.671889305114746,0.39013010263442993,-112.73543309058994
256.0,0.521484375,0.0015757017536088824,1386.0,11440.0,0.5,-0.00479298276877671,0.81640625,0.3775910437107086,0.0,0.8361758887767792,1.0,732160.0,0.0001,1430.0,0.2,455.2140731215477,256.0,0.013916015625,0.794921875,-0.18469304963946342,697.0,45.0,0.7734375,129.43699645996094,0.3658338785171509,-113.79201909953728
256.0,0.546875,0.002465231344103813,1501.0,11448.0,0.5,-0.003442346969677601,0.79296875,0.39656949043273926,0.0,0.8340163677930832,1.0,732672.0,0.0001,1431.0,0.2,964.5437443256378,256.0,0.015869140625,0.74609375,-0.1784546061535366,689.0,45.0,0.69921875,212.67263793945312,0.40744829177856445,-114.90460680918768
256.0,0.474609375,0.0011362571967765689,1150.0,11456.0,0.5,-0.005610387353954138,0.75390625,0.40502995252609253,0.0,0.7823234498500824,1.0,733184.0,0.0001,1432.0,0.2,783.5292090177536,256.0,0.015380859375,0.779296875,-0.19621656107483432,671.0,45.0,0.8046875,64.30464935302734,0.3902101218700409,-114.98098927594721
256.0,0.53515625,0.0023003879468888044,1383.0,11464.0,0.5,-0.004008095485914964,0.82421875,0.3717236816883087,0.0,0.8087770342826843,1.0,733696.0,0.0001,1433.0,0.2,653.2008233070374,256.0,0.011474609375,0.7890625,-0.21222031849902123,676.0,45.0,0.75390625,325.8656311035156,0.363527774810791,-116.15316950567066
256.0,0.478515625,0.0020713554695248604,1507.0,11472.0,0.5,-0.005384179050452076,0.77734375,0.3887256979942322,0.0,0.8044644892215729,1.0,734208.0,0.0001,1434.0,0.2,636.2879302501678,256.0,0.01220703125,0.798828125,-0.19284511997830123,677.5,45.0,0.8203125,352.7266845703125,0.36785030364990234,-115.76001776400953
256.0,0.494140625,0.0017777839675545692,1509.0,11480.0,0.5,-0.0067703457789320964,0.7890625,0.36625632643699646,0.0,0.7910349667072296,1.0,734720.0,0.0001,1435.0,0.2,1276.4275668859482,256.0,0.022216796875,0.794921875,-0.1710531270946376,676.0,45.0,0.80078125,184.42724609375,0.36127886176109314,-112.39073683941737
256.0,0.482421875,0.004025885369628668,1450.0,11488.0,0.5,-0.004277779911717516,0.7734375,0.37739571928977966,0.0,0.8772790655493736,1.0,735232.0,0.0001,1436.0,0.2,183.88846796751022,256.0,0.025634765625,0.791015625,-0.23257915902649984,671.5,45.0,0.80859375,53.077423095703125,0.3913379907608032,-111.1146385746263
256.0,0.4921875,0.0017440917436033487,1140.0,11496.0,0.5,-0.003287964398623444,0.76171875,0.3828478455543518,0.0,0.8492188453674316,1.0,735744.0,0.0001,1437.0,0.2,376.51984918117523,256.0,0.0224609375,0.76953125,-0.19005052745342255,664.0,45.0,0.77734375,54.29133605957031,0.39561763405799866,-111.33710779121145
256.0,0.46875,0.0048325033858418465,1486.0,11504.0,0.5,-0.008383153704926372,0.70703125,0.4092384874820709,0.0,0.8511247634887695,1.0,736256.0,0.0001,1438.0,0.2,658.7606148123741,256.0,0.03857421875,0.73828125,-0.2380688433186151,654.5,45.0,0.76953125,56.59406661987305,0.4346168637275696,-112.20681356584653
256.0,0.5234375,0.003088919911533594,1454.0,11512.0,0.5,-0.004620619480192545,0.8125,0.4085180163383484,0.0,0.9238743335008621,1.0,736768.0,0.0001,1439.0,0.2,156.2632727921009,256.0,0.02734375,0.7890625,-0.20429229538422078,661.5,45.0,0.765625,19.45818519592285,0.3954293131828308,-114.05423045834526
256.0,0.5,0.0017317926976829767,1561.0,11520.0,0.5,-0.00460989565908676,0.81640625,0.3578435480594635,0.0,0.7816155105829239,1.0,737280.0,0.0001,1440.0,0.2,1579.956904888153,256.0,0.009033203125,0.81640625,-0.1699224192125257,652.0,45.0,0.81640625,1215.3753662109375,0.3328578472137451,-113.59858493680134
256.0,0.498046875,0.0009085594210773706,1468.0,11528.0,0.5,-0.0036373887269292027,0.74609375,0.40009015798568726,0.0,0.8110114932060242,1.0,737792.0,0.0001,1441.0,0.2,998.8298785686493,256.0,0.00537109375,0.748046875,-0.18756288866279647,645.5,45.0,0.75,623.5159912109375,0.40836167335510254,-115.00583231801167
256.0,0.521484375,0.0010469029657542706,1212.0,11536.0,0.5,-0.0028866934590041637,0.80078125,0.3888573944568634,0.0,0.8025350272655487,1.0,738304.0,0.0001,1442.0,0.2,832.9987897872925,256.0,0.00732421875,0.779296875,-0.17430819815490395,671.0,45.0,0.7578125,100.19072723388672,0.40473395586013794,-114.75031852722168
256.0,0.54296875,0.0030481114517897367,1425.0,11544.0,0.5,-0.008716978722077329,0.8359375,0.3897230327129364,0.0,0.8660310357809067,1.0,738816.0,0.0001,1443.0,0.2,515.8606685698032,256.0,0.034423828125,0.79296875,-0.20628192648291588,668.5,45.0,0.75,58.3264045715332,0.36134281754493713,-115.21410943837836
256.0,0.529296875,0.003362479852512479,1393.0,11552.0,0.5,-0.005810383147036191,0.828125,0.39675140380859375,0.0,0.9288036525249481,1.0,739328.0,0.0001,1444.0,0.2,99.46869076788425,256.0,0.027587890625,0.798828125,-0.18777241063071415,682.0,45.0,0.76953125,19.52619171142578,0.3891952335834503,-114.37612233098596
256.0,0.498046875,0.0023332221899181604,1432.0,11560.0,0.5,-0.0049576671663089655,0.78125,0.3993091881275177,0.0,0.9006097391247749,1.0,739840.0,0.0001,1445.0,0.2,338.05107805132866,256.0,0.0185546875,0.783203125,-0.2211523131118156,683.5,45.0,0.78515625,40.20610427856445,0.38143211603164673,-111.18314623899758
256.0,0.484375,0.002792969811707735,1429.0,11568.0,0.5,-0.004421315152285388,0.76171875,0.3942309617996216,0.0,0.8850421383976936,1.0,740352.0,0.0001,1446.0,0.2,287.9380654990673,256.0,0.021240234375,0.77734375,-0.18302033975487575,677.0,45.0,0.79296875,22.42787742614746,0.3935403823852539,-109.71176471238955
256.0,0.5234375,0.007723376154899597,1173.0,11576.0,0.5,-0.013198263637605123,0.83203125,0.40987345576286316,0.0,0.9230132326483727,1.0,740864.0,0.0001,1447.0,0.2,130.06259424984455,256.0,0.056396484375,0.80859375,-0.21852630231296644,687.5,45.0,0.78515625,57.719764709472656,0.38396817445755005,-109.78660593964159
256.0,0.5078125,0.004426131956279278,1453.0,11584.0,0.5,-0.007492103883123491,0.78515625,0.38524729013442993,0.0,0.9453917033970356,1.0,741376.0,0.0001,1448.0,0.2,102.96016116440296,256.0,0.0302734375,0.77734375,-0.2009710154379718,682.5,45.0,0.76953125,15.087408065795898,0.3690648078918457,-106.29227240744979
256.0,0.5078125,0.0030472283251583576,1500.0,11592.0,0.5,-0.003720644919667393,0.8046875,0.379686176776886,0.0,0.8597851544618607,1.0,741888.0,0.0001,1449.0,0.2,410.8815706670284,256.0,0.02587890625,0.796875,-0.20170815516030416,692.5,45.0,0.7890625,181.22824096679688,0.36428171396255493,-106.55836331995204
256.0,0.478515625,0.0010916288010776043,1413.0,11600.0,0.5,-0.005451146942505147,0.72265625,0.4020106792449951,0.0,0.7385883033275604,1.0,742400.0,0.0001,1450.0,0.2,951.0429933071136,256.0,0.01025390625,0.744140625,-0.19181667448719963,695.0,45.0,0.765625,213.9495391845703,0.42644497752189636,-104.75481423042714
256.0,0.470703125,0.0011453006882220507,1472.0,11608.0,0.5,-0.002854383161320584,0.79296875,0.3755696415901184,0.0,0.8329171240329742,1.0,742912.0,0.0001,1451.0,0.2,1222.628651380539,256.0,0.007080078125,0.822265625,-0.1527525269484613,682.0,45.0,0.8515625,732.8892822265625,0.36058107018470764,-103.14738785624505
256.0,0.44921875,0.004024379886686802,1177.0,11616.0,0.5,-0.005860947512701387,0.73046875,0.38745221495628357,0.0,0.8390503525733948,1.0,743424.0,0.0001,1452.0,0.2,587.0645474791527,256.0,0.032958984375,0.78125,-0.19440519978525117,678.0,45.0,0.83203125,50.36028289794922,0.39182624220848083,-106.21945966765284
256.0,0.474609375,0.003923398442566395,1312.0,11624.0,0.5,-0.00698644517979119,0.8046875,0.3672586679458618,0.0,0.9052622988820076,1.0,743936.0,0.0001,1453.0,0.2,134.70062552392483,256.0,0.02880859375,0.830078125,-0.20099148742156103,678.0,45.0,0.85546875,54.397918701171875,0.33274662494659424,-108.43264558762311
256.0,0.49609375,0.0040051816031336784,1473.0,11632.0,0.5,-0.007287432614248246,0.828125,0.40033790469169617,0.0,0.8563904613256454,1.0,744448.0,0.0001,1454.0,0.2,433.2798824906349,256.0,0.03173828125,0.83203125,-0.186025150178466,678.0,45.0,0.8359375,87.54695892333984,0.3716903626918793,-109.16673743344843
256.0,0.470703125,0.0040590800344944,1405.0,11640.0,0.5,-0.00610516897540947,0.77734375,0.35370784997940063,0.0,0.9194733127951622,1.0,744960.0,0.0001,1455.0,0.2,123.08260206878185,256.0,0.0302734375,0.806640625,-0.19333325128536671,680.5,45.0,0.8359375,14.849202156066895,0.346628874540329,-109.7695102171786
256.0,0.4609375,0.0024866117164492607,1401.0,11648.0,0.5,-0.00484736351063475,0.74609375,0.3744845986366272,0.0,0.8684999495744705,1.0,745472.0,0.0001,1456.0,0.2,631.3899700641632,256.0,0.019287109375,0.78515625,-0.17737906239926815,685.0,45.0,0.82421875,230.20777893066406,0.37615516781806946,-110.91428307047114
256.0,0.533203125,0.0049499208107590675,1138.0,11656.0,0.5,-0.008788693790847901,0.81640625,0.39185261726379395,0.0,0.8973748981952667,1.0,745984.0,0.0001,1457.0,0.2,255.6050607562065,256.0,0.04833984375,0.783203125,-0.1849805367528461,690.0,45.0,0.75,27.26652717590332,0.39480382204055786,-113.40996019249782
256.0,0.505859375,0.0017873260658234358,1546.0,11664.0,0.5,-0.006806657580455067,0.8125,0.3636224567890167,0.0,0.8346375077962875,1.0,746496.0,0.0001,1458.0,0.2,1506.743315935135,256.0,0.01220703125,0.806640625,-0.19108569127274677,671.0,45.0,0.80078125,160.93470764160156,0.35784825682640076,-112.81909083994105
256.0,0.541015625,0.004082398023456335,1610.0,11672.0,0.5,-0.009885593070066534,0.84765625,0.3755652904510498,0.0,0.7713096439838409,1.0,747008.0,0.0001,1459.0,0.2,2195.1262489557266,256.0,0.030029296875,0.806640625,-0.181900282332208,633.0,45.0,0.765625,309.65478515625,0.38965755701065063,-117.61799939753487
256.0,0.517578125,0.002006642986088991,1407.0,11680.0,0.5,-0.005759793752076803,0.79296875,0.4070661664009094,0.0,0.6267027854919434,1.0,747520.0,0.0001,1460.0,0.2,519.1847229003906,256.0,0.011962890625,0.775390625,-0.18267027189722285,647.0,45.0,0.7578125,92.52127838134766,0.3912642300128937,-122.59156693367288
256.0,0.529296875,0.00267611863091588,1473.0,11688.0,0.5,-0.0030989760598458815,0.82421875,0.415933758020401,0.0,0.8907491192221642,1.0,748032.0,0.0001,1461.0,0.2,402.55130302906036,256.0,0.014892578125,0.794921875,-0.18158827326260507,651.0,45.0,0.765625,284.6953125,0.3846614360809326,-119.42635100394487
256.0,0.52734375,0.0061568571254611015,1292.0,11696.0,0.5,-0.004365561220765812,0.8359375,0.3790484666824341,0.0,0.8808601647615433,1.0,748544.0,0.0001,1462.0,0.2,378.98016807436943,256.0,0.04248046875,0.80859375,-0.23454292438691482,648.5,45.0,0.78125,48.833370208740234,0.3669578731060028,-117.88846323609351
256.0,0.544921875,0.0032965890131890774,1171.0,11704.0,0.5,-0.005640606002998538,0.81640625,0.42708560824394226,0.0,0.900840125977993,1.0,749056.0,0.0001,1463.0,0.2,254.76328718662262,256.0,0.023193359375,0.771484375,-0.1702512522751931,648.5,45.0,0.7265625,71.42212677001953,0.42018425464630127,-117.28523453271016
256.0,0.505859375,0.001839740900322795,1413.0,11712.0,0.5,-0.005163548939890461,0.78515625,0.4023660719394684,0.0,0.8456456065177917,1.0,749568.0,0.0001,1464.0,0.2,428.3971274495125,256.0,0.0234375,0.779296875,-0.2220959383994341,646.0,45.0,0.7734375,83.39678955078125,0.3747682273387909,-115.46759282635524
256.0,0.51171875,0.001536340918391943,1399.0,11720.0,0.5,-0.004788571335666347,0.82421875,0.3912123441696167,0.0,0.9167244136333466,1.0,750080.0,0.0001,1465.0,0.2,144.41040274500847,256.0,0.01611328125,0.8125,-0.18927225371589884,645.5,45.0,0.80078125,30.77890396118164,0.3634148836135864,-115.10002676807343
256.0,0.50390625,0.0017671125242486596,1496.0,11728.0,0.5,-0.004531217971816659,0.76953125,0.3807051479816437,0.0,0.8240513056516647,1.0,750592.0,0.0001,1466.0,0.2,678.7068269252777,256.0,0.017578125,0.765625,-0.20235943526495248,638.0,45.0,0.76171875,136.5283660888672,0.3890267312526703,-113.52358104873448
256.0,0.470703125,0.0037868497893214226,1392.0,11736.0,0.5,-0.007010735840594862,0.765625,0.3774588406085968,0.0,0.9397815130650997,1.0,751104.0,0.0001,1467.0,0.2,111.73871050775051,256.0,0.025390625,0.794921875,-0.19965673997648992,650.0,45.0,0.82421875,26.61285972595215,0.37899020314216614,-112.67963701108471
256.0,0.494140625,0.0012501270975917578,1106.0,11744.0,0.5,-0.004716190960607491,0.78125,0.37782585620880127,0.0,0.8466609865427017,1.0,751616.0,0.0001,1468.0,0.2,1112.1390045881271,256.0,0.009521484375,0.787109375,-0.1877139411517419,669.5,45.0,0.79296875,243.23495483398438,0.379184365272522,-110.01646940117702
256.0,0.431640625,0.0021708866115659475,1429.0,11752.0,0.5,-0.0035638074259622954,0.7265625,0.38049450516700745,0.0,0.7886691689491272,1.0,752128.0,0.0001,1469.0,0.2,758.0804740190506,256.0,0.011474609375,0.794921875,-0.1892272769473493,661.5,45.0,0.86328125,317.64630126953125,0.39329278469085693,-107.25307095138356
256.0,0.470703125,0.004180542193353176,1460.0,11760.0,0.5,-0.008031255543755833,0.75,0.3771629333496094,0.0,0.9100129306316376,1.0,752640.0,0.0001,1470.0,0.2,153.56168043613434,256.0,0.031005859375,0.779296875,-0.20543276116950437,671.5,45.0,0.80859375,35.56610870361328,0.37584012746810913,-109.87951256968081
256.0,0.5703125,0.0032253433018922806,1430.0,11768.0,0.5,-0.0069574309745803475,0.84765625,0.3792111277580261,0.0,0.9442549273371696,1.0,753152.0,0.0001,1471.0,0.2,112.52805913984776,256.0,0.0400390625,0.77734375,-0.23826945800101385,684.0,45.0,0.70703125,23.71587371826172,0.39745229482650757,-110.37318337246775
256.0,0.48828125,0.004807315766811371,1456.0,11776.0,0.5,-0.006942659609194379,0.7421875,0.39054208993911743,0.0,0.9348200932145119,1.0,753664.0,0.0001,1472.0,0.2,193.93313080072403,256.0,0.0380859375,0.75390625,-0.2049547820352018,682.5,45.0,0.765625,35.86996841430664,0.4198702573776245,-109.39269278313965
256.0,0.515625,0.002773257903754711,1146.0,11784.0,0.5,-0.004431847439263947,0.80859375,0.3873734474182129,0.0,0.9451581537723541,1.0,754176.0,0.0001,1473.0,0.2,104.02254562079906,256.0,0.02001953125,0.79296875,-0.21822124149184674,681.0,45.0,0.77734375,33.44989013671875,0.3842465579509735,-111.33226066006347
256.0,0.509765625,0.005855601746588945,1412.0,11792.0,0.5,-0.007046961531159468,0.8125,0.39653128385543823,0.0,0.9265055879950523,1.0,754688.0,0.0001,1474.0,0.2,169.34661374986172,256.0,0.020263671875,0.802734375,-0.18492614023853093,690.5,45.0,0.79296875,38.523162841796875,0.38822782039642334,-110.20093373117969
256.0,0.556640625,0.005128093529492617,1440.0,11800.0,0.5,-0.006774611822038423,0.84765625,0.369907945394516,0.0,0.8711353242397308,1.0,755200.0,0.0001,1475.0,0.2,862.3233599662781,256.0,0.040771484375,0.791015625,-0.1743500225711614,693.5,45.0,0.734375,294.62139892578125,0.37292590737342834,-108.99916806723922
256.0,0.482421875,0.0033701772335916758,1461.0,11808.0,0.5,-0.005416206942754798,0.7890625,0.39127737283706665,0.0,0.8545488566160202,1.0,755712.0,0.0001,1476.0,0.2,780.603952139616,256.0,0.03173828125,0.806640625,-0.20410044450545684,691.0,45.0,0.82421875,45.59703826904297,0.35600465536117554,-109.26281378580258
256.0,0.47265625,0.002710706554353237,1393.0,11816.0,0.5,-0.007552353359642439,0.78515625,0.3895760774612427,0.0,0.898909792304039,1.0,756224.0,0.0001,1477.0,0.2,207.884208381176,256.0,0.037841796875,0.8125,-0.18549977848306298,696.0,45.0,0.83984375,32.56672668457031,0.3546333611011505,-108.72923565357924
256.0,0.474609375,0.003385085379704833,1193.0,11824.0,0.5,-0.008054875979723874,0.78125,0.4128912687301636,0.0,0.8599578440189362,1.0,756736.0,0.0001,1478.0,0.2,235.37866273522377,256.0,0.022705078125,0.806640625,-0.17851325910305604,707.0,45.0,0.83203125,82.31094360351562,0.3886048197746277,-107.35221505472437
256.0,0.474609375,0.0041000135242938995,1411.0,11832.0,0.5,-0.00710983846875024,0.765625,0.36152544617652893,0.0,0.9405483603477478,1.0,757248.0,0.0001,1479.0,0.2,90.69081958383322,256.0,0.028076171875,0.791015625,-0.1924522860790603,707.0,45.0,0.81640625,19.57578468322754,0.3511284291744232,-105.26958747630938
256.0,0.505859375,0.006304186303168535,1357.0,11840.0,0.5,-0.008892796642612666,0.80859375,0.371163010597229,0.0,0.962069645524025,1.0,757760.0,0.0001,1480.0,0.2,63.39690464735031,256.0,0.045166015625,0.802734375,-0.23269835871178657,704.5,45.0,0.796875,8.931797981262207,0.3725501000881195,-105.87265290701762
256.0,0.544921875,0.011472920887172222,1405.0,11848.0,0.5,-0.012463285958801862,0.81640625,0.3810908794403076,0.0,0.9484124816954136,1.0,758272.0,0.0001,1481.0,0.2,110.33297589421272,256.0,0.051025390625,0.771484375,-0.20534980681259185,706.0,45.0,0.7265625,19.543201446533203,0.39456692337989807,-106.32766331488267
256.0,0.509765625,0.0026125600561499596,1423.0,11856.0,0.5,-0.0050376353683532216,0.80078125,0.3984776437282562,0.0,0.9406352303922176,1.0,758784.0,0.0001,1482.0,0.2,125.41006250679493,256.0,0.02490234375,0.791015625,-0.22563375782920048,710.0,45.0,0.78125,56.16952896118164,0.3918296694755554,-105.98242631752044
256.0,0.478515625,0.005700228735804558,1141.0,11864.0,0.5,-0.00819161696563242,0.7578125,0.3894381523132324,0.0,0.9579211845993996,1.0,759296.0,0.0001,1483.0,0.2,75.46358527988195,256.0,0.036865234375,0.779296875,-0.1902210513362661,694.5,45.0,0.80078125,14.943914413452148,0.3794781565666199,-107.05490702299402
256.0,0.54296875,0.004835335537791252,1325.0,11872.0,0.5,-0.008578906577895395,0.80859375,0.3812861144542694,0.0,0.9429911822080612,1.0,759808.0,0.0001,1484.0,0.2,99.53767459094524,256.0,0.044677734375,0.765625,-0.19472467136802152,717.0,45.0,0.72265625,12.047226905822754,0.3869227170944214,-108.54199389278888
256.0,0.458984375,0.0021864341106265783,1410.0,11880.0,0.5,-0.004330893480073428,0.7890625,0.37629956007003784,0.0,0.8447152525186539,1.0,760320.0,0.0001,1485.0,0.2,743.8751160502434,256.0,0.017822265625,0.830078125,-0.19104507769225165,722.0,45.0,0.87109375,83.75431823730469,0.34900814294815063,-106.58845289994031
256.0,0.447265625,0.002104985062032938,1365.0,11888.0,0.5,-0.007335158632486127,0.73046875,0.4069094955921173,0.0,0.945120807737112,1.0,760832.0,0.0001,1486.0,0.2,98.84660032391548,256.0,0.020263671875,0.783203125,-0.20041012595174834,717.0,45.0,0.8359375,17.529254913330078,0.4070241153240204,-105.6948248817958
256.0,0.486328125,0.0017489363672211766,1486.0,11896.0,0.5,-0.003221821792976698,0.7578125,0.3810808062553406,0.0,0.8938939124345779,1.0,761344.0,0.0001,1487.0,0.2,455.832113802433,256.0,0.017333984375,0.771484375,-0.17337704170495272,701.5,45.0,0.78515625,33.0323371887207,0.39079809188842773,-106.39924975663423
256.0,0.4921875,0.004985949490219355,1112.0,11904.0,0.5,-0.009944679259206168,0.78515625,0.38336771726608276,0.0,0.9226268976926804,1.0,761856.0,0.0001,1488.0,0.2,127.18449157476425,256.0,0.03662109375,0.79296875,-0.19634654058609158,704.0,45.0,0.80078125,57.351497650146484,0.3914467394351959,-108.19498196834698
256.0,0.509765625,0.0027888608165085316,1430.0,11912.0,0.5,-0.008196876111469464,0.80078125,0.40526148676872253,0.0,0.9054096415638924,1.0,762368.0,0.0001,1489.0,0.2,165.85246297717094,256.0,0.028564453125,0.791015625,-0.1851693136850372,691.5,45.0,0.78125,51.079345703125,0.3892748951911926,-106.63821164399386
256.0,0.53515625,0.005239295307546854,1435.0,11920.0,0.5,-0.004947954090312123,0.82421875,0.38455456495285034,0.0,0.8495009541511536,1.0,762880.0,0.0001,1490.0,0.2,620.4203624129295,256.0,0.02001953125,0.7890625,-0.18234692345140502,664.5,45.0,0.75390625,371.6407165527344,0.3578425645828247,-104.68774271680041
256.0,0.578125,0.0007998613873496652,1457.0,11928.0,0.5,-0.003293233887234237,0.83984375,0.40654051303863525,0.0,0.8603815883398056,1.0,763392.0,0.0001,1491.0,0.2,613.3938326239586,256.0,0.00537109375,0.76171875,-0.16209006682038307,647.5,45.0,0.68359375,363.5743713378906,0.3912268280982971,-105.57736093755811
256.0,0.556640625,0.0030941604636609554,1443.0,11936.0,0.5,-0.004340989464253653,0.82421875,0.41781240701675415,0.0,0.8950315490365028,1.0,763904.0,0.0001,1492.0,0.2,232.97866696119308,256.0,0.01953125,0.767578125,-0.1710800791042857,662.0,45.0,0.7109375,25.09871482849121,0.42542681097984314,-104.51011048719288
256.0,0.509765625,0.004919045604765415,1454.0,11944.0,0.5,-0.004984680123016005,0.80078125,0.3794329762458801,0.0,0.8739315718412399,1.0,764416.0,0.0001,1493.0,0.2,897.2334162443876,256.0,0.030517578125,0.791015625,-0.20628324447898194,654.0,45.0,0.78125,20.86056137084961,0.3734210133552551,-104.17579139607027
256.0,0.513671875,0.001461467007175088,1451.0,11952.0,0.5,-0.005108014716824982,0.8046875,0.3495975434780121,0.0,0.8176253587007523,1.0,764928.0,0.0001,1494.0,0.2,1023.2427953481674,256.0,0.01611328125,0.791015625,-0.17761565610999241,646.5,45.0,0.77734375,519.0072631835938,0.3633057177066803,-106.01209917452186
256.0,0.484375,0.0026513549964874983,1521.0,11960.0,0.5,-0.008652797452668892,0.8125,0.382739394903183,0.0,0.8095223158597946,1.0,765440.0,0.0001,1495.0,0.2,1533.3268122673035,256.0,0.0166015625,0.828125,-0.18273097550263628,612.0,45.0,0.84375,418.5541076660156,0.35842037200927734,-108.01811620933935
256.0,0.48046875,0.001966213108971715,1460.0,11968.0,0.5,-0.004102496193809202,0.8125,0.38607385754585266,0.0,0.6651653945446014,1.0,765952.0,0.0001,1496.0,0.2,803.458913564682,256.0,0.010009765625,0.83203125,-0.18100162723567337,615.5,45.0,0.8515625,62.285037994384766,0.349197655916214,-112.12172561177984
256.0,0.490234375,0.002425847575068474,1357.0,11976.0,0.5,-0.006373152165906504,0.80859375,0.3653466999530792,0.0,0.8913202658295631,1.0,766464.0,0.0001,1497.0,0.2,152.86445175111294,256.0,0.03076171875,0.818359375,-0.19323330040788278,615.5,45.0,0.828125,32.753150939941406,0.3347395956516266,-111.08397447716445
256.0,0.474609375,0.001293051172979176,1497.0,11984.0,0.5,-0.0049068945372710004,0.74609375,0.39635372161865234,0.0,0.820244699716568,1.0,766976.0,0.0001,1498.0,0.2,1117.0047913193703,256.0,0.01123046875,0.771484375,-0.15744183666538447,622.0,45.0,0.796875,52.1727180480957,0.40846991539001465,-112.15442723767832
256.0,0.50390625,0.0019333678064867854,1200.0,11992.0,0.5,-0.00521968922475935,0.79296875,0.399644136428833,0.0,0.8648975491523743,1.0,767488.0,0.0001,1499.0,0.2,566.6650307774544,256.0,0.024658203125,0.7890625,-0.18849277967819944,655.0,45.0,0.78515625,120.24594116210938,0.38987720012664795,-116.28570718267933
256.0,0.50390625,0.003589315339922905,1466.0,12000.0,0.5,-0.007599585609568749,0.78125,0.40830832719802856,0.0,0.8778363466262817,1.0,768000.0,0.0001,1500.0,0.2,211.50820687413216,256.0,0.032470703125,0.77734375,-0.18884557107230648,646.5,45.0,0.7734375,82.92117309570312,0.3782137632369995,-115.4988720203936
256.0,0.48046875,0.0034824239555746317,1326.0,12008.0,0.5,-0.007884933984314557,0.75,0.3895788788795471,0.0,0.9466967396438122,1.0,768512.0,0.0001,1501.0,0.2,108.47852958738804,256.0,0.03466796875,0.76953125,-0.1661418597213924,649.5,45.0,0.7890625,18.80056381225586,0.3788476884365082,-115.29193308793009
256.0,0.484375,0.004132771864533424,1466.0,12016.0,0.5,-0.00812489987583831,0.76953125,0.40938204526901245,0.0,0.9445907659828663,1.0,769024.0,0.0001,1502.0,0.2,100.4700098335743,256.0,0.03759765625,0.78515625,-0.1841188617690932,657.5,45.0,0.80078125,14.552305221557617,0.38742297887802124,-115.93248827381059
256.0,0.48828125,0.0063996221870183945,1410.0,12024.0,0.5,-0.007466814429790247,0.765625,0.4073646664619446,0.0,0.9376666136085987,1.0,769536.0,0.0001,1503.0,0.2,155.18310406804085,256.0,0.039794921875,0.77734375,-0.17859263106947765,677.5,45.0,0.7890625,27.83851432800293,0.400319367647171,-113.75127390336246
256.0,0.5078125,0.003824371611699462,971.0,12032.0,0.5,-0.007016676197963534,0.81640625,0.3836246430873871,0.0,0.9443442523479462,1.0,770048.0,0.0001,1504.0,0.2,95.19826820492744,256.0,0.03271484375,0.80859375,-0.20441623189253733,710.5,45.0,0.80078125,23.261512756347656,0.36842307448387146,-108.79713602781295
256.0,0.501953125,0.001778357313014567,1506.0,12040.0,0.5,-0.0025995389732997864,0.7890625,0.3992565870285034,0.0,0.8841136619448662,1.0,770560.0,0.0001,1505.0,0.2,539.5004839003086,256.0,0.0185546875,0.787109375,-0.17138009460177273,712.0,45.0,0.78515625,51.40988540649414,0.38155657052993774,-104.72990936009214
256.0,0.4921875,0.003967153839766979,1419.0,12048.0,0.5,-0.007566896734715556,0.79296875,0.4003673493862152,0.0,0.9376561604440212,1.0,771072.0,0.0001,1506.0,0.2,111.97586432099342,256.0,0.03466796875,0.80078125,-0.21937056398019195,701.5,45.0,0.80859375,20.458850860595703,0.3974030017852783,-105.58400956008583
256.0,0.458984375,0.0018775060307234526,1412.0,12056.0,0.5,-0.00503687179661938,0.73046875,0.39868927001953125,0.0,0.913735032081604,1.0,771584.0,0.0001,1507.0,0.2,267.560831874609,256.0,0.020751953125,0.771484375,-0.18000324635067955,713.5,45.0,0.8125,94.23526763916016,0.41268104314804077,-105.01041409280151
256.0,0.48046875,0.0054848999716341496,1439.0,12064.0,0.5,-0.0060259408128331415,0.76953125,0.3869338631629944,0.0,0.9533687457442284,1.0,772096.0,0.0001,1508.0,0.2,77.16089099645615,256.0,0.03369140625,0.7890625,-0.21514323813607916,724.0,45.0,0.80859375,20.10645294189453,0.3906366527080536,-103.18720729775727
256.0,0.494140625,0.002151638502255082,1186.0,12072.0,0.5,-0.004817012173589319,0.8046875,0.36404871940612793,0.0,0.8684535324573517,1.0,772608.0,0.0001,1509.0,0.2,817.2498098611832,256.0,0.01513671875,0.810546875,-0.18018061621114612,732.5,45.0,0.81640625,172.40664672851562,0.35849398374557495,-103.01160943472757
256.0,0.478515625,0.0023511010222136974,1517.0,12080.0,0.5,-0.005272216096273041,0.765625,0.3709450662136078,0.0,0.8390482664108276,1.0,773120.0,0.0001,1510.0,0.2,1128.9167084693909,256.0,0.016357421875,0.787109375,-0.1736149649368599,714.5,45.0,0.80859375,722.528076171875,0.3688732981681824,-107.10662103170529
256.0,0.46484375,0.003655342385172844,1438.0,12088.0,0.5,-0.007266725286172004,0.75,0.4007379114627838,0.0,0.887098953127861,1.0,773632.0,0.0001,1511.0,0.2,125.6816922724247,256.0,0.03173828125,0.78515625,-0.20366589474724606,717.0,45.0,0.8203125,23.51934242248535,0.3878602087497711,-111.78442460019141
256.0,0.5078125,0.002753723645582795,1379.0,12096.0,0.5,-0.007072536303894594,0.78515625,0.3732799291610718,0.0,0.8914811611175537,1.0,774144.0,0.0001,1512.0,0.2,370.5431817173958,256.0,0.0244140625,0.77734375,-0.24518328299745917,714.0,45.0,0.76953125,132.75462341308594,0.393969863653183,-112.18343684084714
256.0,0.490234375,0.002676295582205057,1396.0,12104.0,0.5,-0.007898007515905192,0.83984375,0.3661350905895233,0.0,0.8773063570261002,1.0,774656.0,0.0001,1513.0,0.2,233.7180600464344,256.0,0.0263671875,0.849609375,-0.16805770387873054,715.0,45.0,0.859375,52.88385009765625,0.3140779137611389,-115.49471125738695
256.0,0.49609375,0.0021529365330934525,1145.0,12112.0,0.5,-0.005148401061887853,0.8046875,0.4041100740432739,0.0,0.9442313387989998,1.0,775168.0,0.0001,1514.0,0.2,124.82977133989334,256.0,0.0224609375,0.80859375,-0.16907218538108282,718.0,45.0,0.8125,28.857824325561523,0.380919873714447,-114.30037411095574
256.0,0.529296875,0.0036931904032826424,1409.0,12120.0,0.5,-0.008576160995289683,0.78125,0.4129982590675354,0.0,0.8620852530002594,1.0,775680.0,0.0001,1515.0,0.2,713.1147961616516,256.0,0.03125,0.751953125,-0.19123542256420478,714.5,45.0,0.72265625,103.81466674804688,0.41581255197525024,-114.32539151005447
256.0,0.53515625,0.002092973794788122,1442.0,12128.0,0.5,-0.005275155337585602,0.80859375,0.3980775475502014,0.0,0.8890345543622971,1.0,776192.0,0.0001,1516.0,0.2,407.53294360637665,256.0,0.025146484375,0.7734375,-0.1756988049019128,696.0,45.0,0.73828125,30.89227294921875,0.40714019536972046,-116.33037662494928
256.0,0.55078125,0.00212363270111382,1503.0,12136.0,0.5,-0.006424842908018036,0.8359375,0.36079370975494385,0.0,0.8535874038934708,1.0,776704.0,0.0001,1517.0,0.2,803.0213932394981,256.0,0.01904296875,0.78515625,-0.18156447232468054,693.5,45.0,0.734375,298.4813232421875,0.36112549901008606,-116.12934854581952
256.0,0.490234375,0.0031631006859242916,1454.0,12144.0,0.5,-0.004592181991029065,0.796875,0.3804185092449188,0.0,0.9405845440924168,1.0,777216.0,0.0001,1518.0,0.2,160.54640018939972,256.0,0.0283203125,0.806640625,-0.16752309101866558,684.5,45.0,0.81640625,33.605735778808594,0.3598460257053375,-114.4166272490099
256.0,0.513671875,0.003560880199074745,1177.0,12152.0,0.5,-0.007379315979051171,0.796875,0.37906548380851746,0.0,0.9366280734539032,1.0,777728.0,0.0001,1519.0,0.2,128.8756432235241,256.0,0.0283203125,0.783203125,-0.19135290483245626,697.0,45.0,0.76953125,25.020200729370117,0.37811022996902466,-112.98801949793473
256.0,0.447265625,0.005091611761599779,1415.0,12160.0,0.5,-0.008430443063843995,0.73828125,0.3665012717247009,0.0,0.9502707086503506,1.0,778240.0,0.0001,1520.0,0.2,86.05130694806576,256.0,0.03564453125,0.791015625,-0.20469360484275967,692.0,45.0,0.84375,17.026123046875,0.37229466438293457,-108.27979077355936
256.0,0.453125,0.0022257165983319283,1421.0,12168.0,0.5,-0.004557342870612047,0.7578125,0.35334712266921997,0.0,0.8611972630023956,1.0,778752.0,0.0001,1521.0,0.2,808.7402480840683,256.0,0.0341796875,0.8046875,-0.18434904661262408,674.0,45.0,0.8515625,65.3302993774414,0.3528388440608978,-108.93692717343569
256.0,0.48828125,0.0033213705755770206,1478.0,12176.0,0.5,-0.007595704679260962,0.78515625,0.38237500190734863,0.0,0.8441481739282608,1.0,779264.0,0.0001,1522.0,0.2,728.9238723516464,256.0,0.029296875,0.796875,-0.17396378453122452,668.0,45.0,0.80859375,190.0584716796875,0.3756452202796936,-109.77500248709694
256.0,0.501953125,0.0030513096135109663,1363.0,12184.0,0.5,-0.007002176505920943,0.8125,0.3984297215938568,0.0,0.8394898027181625,1.0,779776.0,0.0001,1523.0,0.2,355.0844537615776,256.0,0.033447265625,0.810546875,-0.18089026724919677,661.0,45.0,0.80859375,84.04529571533203,0.37975114583969116,-111.35989872755482
256.0,0.453125,0.007679560221731663,1161.0,12192.0,0.5,-0.007705981392064132,0.7578125,0.38805049657821655,0.0,0.8578764051198959,1.0,780288.0,0.0001,1524.0,0.2,298.512188822031,256.0,0.040771484375,0.8046875,-0.18792224285425618,657.5,45.0,0.8515625,35.17145919799805,0.37846314907073975,-112.14401532849297
256.0,0.4921875,0.0037068240344524384,1461.0,12200.0,0.5,-0.0054872398904990405,0.8046875,0.39263391494750977,0.0,0.934206411242485,1.0,780800.0,0.0001,1525.0,0.2,181.83968979120255,256.0,0.017333984375,0.8125,-0.18159820948494598,670.0,45.0,0.8203125,36.51152420043945,0.36407408118247986,-110.89217705523595
256.0,0.533203125,0.005102724768221378,1448.0,12208.0,0.5,-0.006997281830990687,0.8125,0.40073758363723755,0.0,0.9144502580165863,1.0,781312.0,0.0001,1526.0,0.2,165.57024690508842,256.0,0.027099609375,0.779296875,-0.18213540979195386,669.5,45.0,0.74609375,32.39200210571289,0.4057714343070984,-109.98230801882222
256.0,0.546875,0.0008687997469678521,1504.0,12216.0,0.5,-0.003297630373708671,0.8125,0.3852667510509491,0.0,0.8743310123682022,1.0,781824.0,0.0001,1527.0,0.2,1077.0045990347862,256.0,0.006103515625,0.765625,-0.1555705284990836,682.5,45.0,0.71875,142.50408935546875,0.42176204919815063,-108.59868492104113
256.0,0.525390625,0.0021126088686287403,1476.0,12224.0,0.5,-0.004959897436492611,0.76953125,0.4121156632900238,0.0,0.921997144818306,1.0,782336.0,0.0001,1528.0,0.2,205.28064662218094,256.0,0.02294921875,0.744140625,-0.18382950348313898,688.0,45.0,0.71875,84.7821044921875,0.4123280644416809,-111.01859736893326
256.0,0.5625,0.0016314302338287234,1575.0,12232.0,0.5,-0.004884655339992605,0.84765625,0.3916122615337372,0.0,0.7853012233972549,1.0,782848.0,0.0001,1529.0,0.2,2106.0121188163757,256.0,0.011474609375,0.78515625,-0.16742826119298115,668.0,45.0,0.72265625,543.3843994140625,0.36839157342910767,-110.14950589824468
256.0,0.484375,0.0016208571614697576,1178.0,12240.0,0.5,-0.006846385356766405,0.7890625,0.3845764994621277,0.0,0.820525199174881,1.0,783360.0,0.0001,1530.0,0.2,1172.067912697792,256.0,0.01220703125,0.8046875,-0.1539500470389612,674.0,45.0,0.8203125,192.34408569335938,0.36877772212028503,-112.63893024832011
256.0,0.46875,0.00216171657666564,1439.0,12248.0,0.5,-0.0055846122741058934,0.7578125,0.3634323477745056,0.0,0.8341492116451263,1.0,783872.0,0.0001,1531.0,0.2,1033.2080034017563,256.0,0.016845703125,0.7890625,-0.17719350435072556,659.5,45.0,0.8203125,210.6055908203125,0.3618851602077484,-114.35752559112385
256.0,0.44921875,0.002008420182392001,1434.0,12256.0,0.5,-0.007934856879728613,0.734375,0.3619501292705536,0.0,0.8932449221611023,1.0,784384.0,0.0001,1532.0,0.2,704.2141880989075,256.0,0.018798828125,0.78515625,-0.18340375233674422,654.0,45.0,0.8359375,39.01013946533203,0.3700421452522278,-115.71405429782345
256.0,0.47265625,0.003798592835664749,1451.0,12264.0,0.5,-0.0072394579838146456,0.78515625,0.38486331701278687,0.0,0.9237430021166801,1.0,784896.0,0.0001,1533.0,0.2,148.69041070342064,256.0,0.0244140625,0.8125,-0.1884313917835243,672.5,45.0,0.83984375,16.86038589477539,0.35310474038124084,-119.42014108257368
256.0,0.4921875,0.0047217668034136295,1425.0,12272.0,0.5,-0.00668664017575793,0.75390625,0.3974531888961792,0.0,0.9477548748254776,1.0,785408.0,0.0001,1534.0,0.2,109.76406535506248,256.0,0.033447265625,0.76171875,-0.20478236640337855,668.0,45.0,0.76953125,24.956056594848633,0.39281705021858215,-118.87294866144657
256.0,0.4921875,0.003309390041977167,1147.0,12280.0,0.5,-0.005911808102609939,0.78515625,0.3664751648902893,0.0,0.8420559167861938,1.0,785920.0,0.0001,1535.0,0.2,860.0773772001266,256.0,0.02587890625,0.79296875,-0.1858428266714327,664.0,45.0,0.80078125,483.8128662109375,0.3406544327735901,-120.44023176485672
256.0,0.537109375,0.0032720137387514114,1465.0,12288.0,0.5,-0.007180774489825126,0.81640625,0.39531221985816956,0.0,0.9222693964838982,1.0,786432.0,0.0001,1536.0,0.2,177.46836152672768,256.0,0.03662109375,0.779296875,-0.18442350556142628,667.5,45.0,0.7421875,31.756486892700195,0.39508041739463806,-122.70960265079513
256.0,0.51171875,0.0035806987434625626,1478.0,12296.0,0.5,-0.0058695060724858195,0.81640625,0.383342981338501,0.0,0.7995016425848007,1.0,786944.0,0.0001,1537.0,0.2,477.049805521965,256.0,0.02490234375,0.8046875,-0.19455442001344636,653.0,45.0,0.79296875,59.53642654418945,0.3527225852012634,-119.33406683759763
256.0,0.49609375,0.004327543079853058,1427.0,12304.0,0.5,-0.007545750351710012,0.7890625,0.3991851508617401,0.0,0.8997440114617348,1.0,787456.0,0.0001,1538.0,0.2,167.85638780891895,256.0,0.03564453125,0.79296875,-0.20138897432480007,699.0,45.0,0.796875,15.00366497039795,0.39320531487464905,-119.8143682580255
256.0,0.501953125,0.0031314429361373186,1357.0,12312.0,0.5,-0.007528137546614744,0.78125,0.4139937162399292,0.0,0.957789022475481,1.0,787968.0,0.0001,1539.0,0.2,101.14013674855232,256.0,0.03857421875,0.779296875,-0.17846623444347642,686.0,45.0,0.77734375,25.27287483215332,0.41377076506614685,-111.21730695920066
256.0,0.482421875,0.0025590884033590555,1227.0,12320.0,0.5,-0.003183866971085081,0.8125,0.3811749517917633,0.0,0.8540195375680923,1.0,788480.0,0.0001,1540.0,0.2,481.33603978157043,256.0,0.01171875,0.830078125,-0.17241947009461,699.5,45.0,0.84765625,39.981666564941406,0.3472052812576294,-109.46253899000585
256.0,0.509765625,0.0049866726621985435,1408.0,12328.0,0.5,-0.006791240877646487,0.80078125,0.3918159008026123,0.0,0.9448558129370213,1.0,788992.0,0.0001,1541.0,0.2,95.60603430867195,256.0,0.0302734375,0.791015625,-0.20171060506254435,710.5,45.0,0.78125,11.154609680175781,0.3734044134616852,-107.82333255486563
256.0,0.5234375,0.004867116454988718,1388.0,12336.0,0.5,-0.006220997704076581,0.8203125,0.3979816138744354,0.0,0.9098523259162903,1.0,789504.0,0.0001,1542.0,0.2,191.28269651532173,256.0,0.02783203125,0.796875,-0.15880291786743328,709.0,45.0,0.7734375,11.101123809814453,0.3636588454246521,-103.0547243720293
256.0,0.486328125,0.007893121801316738,1395.0,12344.0,0.5,-0.010611655510729179,0.76953125,0.4074658751487732,0.0,0.9597420953214169,1.0,790016.0,0.0001,1543.0,0.2,65.35970724374056,256.0,0.037109375,0.783203125,-0.20151262771105394,715.5,45.0,0.796875,13.164958953857422,0.39698663353919983,-103.21671790085733
256.0,0.46875,0.004480347037315369,1332.0,12352.0,0.5,-0.010246348138025496,0.765625,0.3725767135620117,0.0,0.9107276648283005,1.0,790528.0,0.0001,1544.0,0.2,361.0960708260536,256.0,0.0400390625,0.796875,-0.17998739145696163,704.5,45.0,0.828125,99.05634307861328,0.37888094782829285,-103.15670043013989
256.0,0.486328125,0.004338668659329414,916.0,12360.0,0.5,-0.003966861531807808,0.7421875,0.38139545917510986,0.0,0.9609181508421898,1.0,791040.0,0.0001,1545.0,0.2,80.31682585179806,256.0,0.023681640625,0.755859375,-0.15703074960038066,706.0,45.0,0.76953125,18.766084671020508,0.3971967101097107,-103.08215612620116
256.0,0.486328125,0.001573065877892077,1473.0,12368.0,0.5,-0.003489005408482626,0.78515625,0.3530668020248413,0.0,0.814277783036232,1.0,791552.0,0.0001,1546.0,0.2,1694.7931327223778,256.0,0.01416015625,0.798828125,-0.15873670659493655,706.0,45.0,0.8125,653.8731079101562,0.3538653254508972,-104.1475731337443
256.0,0.474609375,0.0017199210124090314,1380.0,12376.0,0.5,-0.004945636665070197,0.7578125,0.3994641602039337,0.0,0.841580718755722,1.0,792064.0,0.0001,1547.0,0.2,697.4878376722336,256.0,0.011474609375,0.783203125,-0.15658707421971485,703.5,45.0,0.80859375,446.9329833984375,0.39708787202835083,-109.48722963897511
256.0,0.484375,0.005740894936025143,1309.0,12384.0,0.5,-0.007082127864123322,0.76953125,0.39834117889404297,0.0,0.9489695765078068,1.0,792576.0,0.0001,1548.0,0.2,109.04116609692574,256.0,0.043212890625,0.78515625,-0.1677523111575283,705.5,45.0,0.80078125,34.448081970214844,0.3827934265136719,-110.71109498344362
256.0,0.55859375,0.0039535691030323505,1285.0,12392.0,0.5,-0.007892974790593144,0.828125,0.4037485718727112,0.0,0.9570853412151337,1.0,793088.0,0.0001,1549.0,0.2,96.5968659222126,256.0,0.026611328125,0.76953125,-0.16845987341366708,721.0,45.0,0.7109375,18.389253616333008,0.4148728847503662,-111.16080098664388
256.0,0.556640625,0.0026538020465523005,1294.0,12400.0,0.5,-0.007010302688286174,0.828125,0.40096965432167053,0.0,0.919745072722435,1.0,793600.0,0.0001,1550.0,0.2,199.7677132487297,256.0,0.025390625,0.771484375,-0.18959206977160648,709.5,45.0,0.71484375,39.17021179199219,0.3877856135368347,-109.4348915541172
256.0,0.537109375,0.0034565390087664127,1090.0,12408.0,0.5,-0.0047745165684318636,0.79296875,0.40638723969459534,0.0,0.9150834307074547,1.0,794112.0,0.0001,1551.0,0.2,308.7587254047394,256.0,0.019287109375,0.755859375,-0.15230933960992843,712.5,45.0,0.71875,80.04234313964844,0.41178175806999207,-108.29442891126499
256.0,0.51953125,0.006844057235866785,1376.0,12416.0,0.5,-0.00625035582925193,0.8515625,0.3912458121776581,0.0,0.9379398375749588,1.0,794624.0,0.0001,1552.0,0.2,135.75258764624596,256.0,0.0361328125,0.83203125,-0.20244700380135328,715.0,45.0,0.8125,21.18532371520996,0.3413878381252289,-106.67887088557706
256.0,0.50390625,0.0058808475732803345,1442.0,12424.0,0.5,-0.011960689749685116,0.796875,0.3814864754676819,0.0,0.9131839573383331,1.0,795136.0,0.0001,1553.0,0.2,490.9147653877735,256.0,0.069091796875,0.79296875,-0.17822333402000368,714.5,45.0,0.7890625,209.84799194335938,0.4009373188018799,-104.5450939556025
256.0,0.505859375,0.001811916008591652,1387.0,12432.0,0.5,-0.003554840870492626,0.78125,0.3824872672557831,0.0,0.9113566055893898,1.0,795648.0,0.0001,1554.0,0.2,222.28226587176323,256.0,0.017822265625,0.775390625,-0.16252434157649986,722.5,45.0,0.76953125,33.233638763427734,0.38560721278190613,-104.9586004464887
256.0,0.462890625,0.0024165543727576733,1130.0,12440.0,0.5,-0.006460302087361924,0.7421875,0.3868659734725952,0.0,0.9023494347929955,1.0,796160.0,0.0001,1555.0,0.2,404.7644040584564,256.0,0.018798828125,0.779296875,-0.19417611532844603,722.5,45.0,0.81640625,152.65438842773438,0.3935105502605438,-101.71249605320394
256.0,0.4765625,0.002406152430921793,1049.0,12448.0,0.5,-0.006352463926305063,0.78125,0.3859800696372986,0.0,0.8997934237122536,1.0,796672.0,0.0001,1556.0,0.2,323.96240693330765,256.0,0.02685546875,0.8046875,-0.17833505757153034,741.5,45.0,0.828125,44.865116119384766,0.3647429645061493,-100.97172582807019
256.0,0.4375,0.003178716404363513,1404.0,12456.0,0.5,-0.006620373256737366,0.765625,0.36902421712875366,0.0,0.9336399286985397,1.0,797184.0,0.0001,1557.0,0.2,133.5858876556158,256.0,0.0234375,0.828125,-0.17356988793471828,741.5,45.0,0.890625,34.09489059448242,0.3631832003593445,-100.60237113090233
256.0,0.50390625,0.001703406567685306,1302.0,12464.0,0.5,-0.005559533783525694,0.78515625,0.3986561894416809,0.0,0.9524243287742138,1.0,797696.0,0.0001,1558.0,0.2,92.6043264567852,256.0,0.018798828125,0.78125,-0.162337152287364,741.5,45.0,0.77734375,15.37828254699707,0.3703958988189697,-102.11344520919025
256.0,0.490234375,0.0066155921667814255,1273.0,12472.0,0.5,-0.00912761361541925,0.7734375,0.3859443664550781,0.0,0.940944068133831,1.0,798208.0,0.0001,1559.0,0.2,96.47921392321587,256.0,0.044677734375,0.783203125,-0.1825839689699933,756.0,45.0,0.79296875,14.394905090332031,0.3714013695716858,-102.96008743764833
256.0,0.48828125,0.002927317749708891,1265.0,12480.0,0.5,-0.004297047264117282,0.75390625,0.4127146005630493,0.0,0.9430520348250866,1.0,798720.0,0.0001,1560.0,0.2,147.56710554659367,256.0,0.026123046875,0.765625,-0.16272153635509312,753.0,45.0,0.77734375,31.1106014251709,0.41552722454071045,-103.63179713798687
256.0,0.517578125,0.0023700688034296036,1105.0,12488.0,0.5,-0.00466002787288744,0.828125,0.3904464542865753,0.0,0.8614536374807358,1.0,799232.0,0.0001,1561.0,0.2,789.4631274938583,256.0,0.023193359375,0.810546875,-0.1924392997752875,751.5,45.0,0.79296875,80.19972229003906,0.3848729729652405,-105.48722913635895
256.0,0.505859375,0.0035210070200264454,1299.0,12496.0,0.5,-0.007847094268072397,0.83203125,0.3769771456718445,0.0,0.9348515868186951,1.0,799744.0,0.0001,1562.0,0.2,191.04748249053955,256.0,0.03076171875,0.826171875,-0.17674855061341077,763.0,45.0,0.8203125,51.00649642944336,0.36668580770492554,-104.80051162514836
256.0,0.521484375,0.0016395015409216285,1385.0,12504.0,0.5,-0.004001570378022734,0.796875,0.3869854211807251,0.0,0.868679404258728,1.0,800256.0,0.0001,1563.0,0.2,629.8319268226624,256.0,0.009033203125,0.775390625,-0.15730753348907456,759.5,45.0,0.75390625,151.44540405273438,0.4038681387901306,-104.43612879155204
256.0,0.474609375,0.0011503046844154596,1353.0,12512.0,0.5,-0.0030249908231780864,0.75390625,0.4125238060951233,0.0,0.8049695938825607,1.0,800768.0,0.0001,1564.0,0.2,863.2378050088882,256.0,0.004150390625,0.779296875,-0.17308755102567375,766.0,45.0,0.8046875,370.75531005859375,0.40232670307159424,-105.0961661704816
256.0,0.494140625,0.002489011501893401,1366.0,12520.0,0.5,-0.005127738044393482,0.78125,0.3935301899909973,0.0,0.9199272394180298,1.0,801280.0,0.0001,1565.0,0.2,210.55094465613365,256.0,0.0166015625,0.787109375,-0.1752289312717039,767.5,45.0,0.79296875,39.1199836730957,0.3882724940776825,-103.44803794516251
256.0,0.48046875,0.003100128611549735,1169.0,12528.0,0.5,-0.006465282669523731,0.77734375,0.40181612968444824,0.0,0.951841689646244,1.0,801792.0,0.0001,1566.0,0.2,103.41544380784035,256.0,0.026611328125,0.796875,-0.1757550698821433,767.5,45.0,0.81640625,15.769926071166992,0.3868210017681122,-102.69843275664374
256.0,0.49609375,0.003784546861425042,1362.0,12536.0,0.5,-0.009049603875610046,0.828125,0.36926937103271484,0.0,0.9553410559892654,1.0,802304.0,0.0001,1567.0,0.2,98.79176650941372,256.0,0.03369140625,0.83203125,-0.19397976074833423,767.5,45.0,0.8359375,15.196982383728027,0.3387337028980255,-101.77527173770592
256.0,0.46484375,0.0035317898727953434,1404.0,12544.0,0.5,-0.00537749461364001,0.75,0.41109365224838257,0.0,0.9666597582399845,1.0,802816.0,0.0001,1568.0,0.2,68.22865299880505,256.0,0.020263671875,0.78515625,-0.18973234831355512,769.0,45.0,0.8203125,14.35361385345459,0.40705934166908264,-102.82566503817216
256.0,0.51171875,0.0026654258836060762,1233.0,12552.0,0.5,-0.008446078165434301,0.8046875,0.40816840529441833,0.0,0.8979658335447311,1.0,803328.0,0.0001,1569.0,0.2,232.25183480978012,256.0,0.019287109375,0.79296875,-0.17821174953132868,768.0,45.0,0.78125,46.73366928100586,0.39346030354499817,-103.30492917699739
256.0,0.490234375,0.004995278548449278,1426.0,12560.0,0.5,-0.008315218787174672,0.75390625,0.3950825035572052,0.0,0.9675700478255749,1.0,803840.0,0.0001,1570.0,0.2,111.19535295665264,256.0,0.037841796875,0.763671875,-0.18537303153425455,777.0,45.0,0.7734375,23.49202537536621,0.39580896496772766,-102.07286828851328
256.0,0.556640625,0.0015231065917760134,1164.0,12568.0,0.5,-0.0040577149848104455,0.8671875,0.39169055223464966,0.0,0.9475548677146435,1.0,804352.0,0.0001,1571.0,0.2,205.74048182368279,256.0,0.02392578125,0.810546875,-0.1741642358538229,777.0,45.0,0.75390625,52.852012634277344,0.37215155363082886,-101.10359232798218
256.0,0.509765625,0.0016139138024300337,1399.0,12576.0,0.5,-0.0051638447839650325,0.7734375,0.39529359340667725,0.0,0.8611358851194382,1.0,804864.0,0.0001,1572.0,0.2,747.7153718471527,256.0,0.015380859375,0.763671875,-0.18207786296261474,789.5,45.0,0.75390625,452.0588073730469,0.3981229066848755,-100.79691477388144
256.0,0.568359375,0.002388522494584322,1564.0,12584.0,0.5,-0.004326570262492169,0.875,0.39725029468536377,0.0,0.8011483401060104,1.0,805376.0,0.0001,1573.0,0.2,1809.7994456291199,256.0,0.016357421875,0.806640625,-0.16355360473971814,757.5,45.0,0.73828125,503.61456298828125,0.3822929859161377,-100.81889578619972
256.0,0.517578125,0.0032714749686419964,1392.0,12592.0,0.5,-0.006733018104569055,0.8359375,0.40070825815200806,0.0,0.8138899356126785,1.0,805888.0,0.0001,1574.0,0.2,592.3896517753601,256.0,0.0205078125,0.818359375,-0.17160310316830873,752.5,45.0,0.80078125,111.5799789428711,0.36680468916893005,-105.32506399134174
256.0,0.50390625,0.0014728413661941886,1491.0,12600.0,0.5,-0.004684237457695417,0.78125,0.38131678104400635,0.0,0.8908240273594856,1.0,806400.0,0.0001,1575.0,0.2,387.4483471214771,256.0,0.020751953125,0.77734375,-0.18216711090644822,737.0,45.0,0.7734375,62.06507110595703,0.37122660875320435,-107.05433206675575
256.0,0.498046875,0.0022524804808199406,1269.0,12608.0,0.5,-0.005113071303640027,0.78515625,0.38753098249435425,0.0,0.86738620698452,1.0,806912.0,0.0001,1576.0,0.2,280.3521316945553,256.0,0.017578125,0.787109375,-0.1973381024436094,733.5,45.0,0.7890625,80.72786712646484,0.3990331292152405,-108.89492395116017
256.0,0.443359375,0.0031795150134712458,1171.0,12616.0,0.5,-0.007132459926651791,0.75390625,0.3526303768157959,0.0,0.9385605007410049,1.0,807424.0,0.0001,1577.0,0.2,181.20068323612213,256.0,0.0302734375,0.810546875,-0.21585106471320614,722.0,45.0,0.8671875,26.799510955810547,0.33885934948921204,-109.30405788592994
256.0,0.509765625,0.001892900443635881,1415.0,12624.0,0.5,-0.004761662035889458,0.75,0.37463220953941345,0.0,0.9599861092865467,1.0,807936.0,0.0001,1578.0,0.2,74.83735942840576,256.0,0.022216796875,0.740234375,-0.1957013564533554,727.0,45.0,0.73046875,16.98500633239746,0.40736982226371765,-111.0718956999667
256.0,0.486328125,0.0035724749322980642,1446.0,12632.0,0.5,-0.0068677311355713755,0.76171875,0.3995758891105652,0.0,0.9358269944787025,1.0,808448.0,0.0001,1579.0,0.2,200.23079884052277,256.0,0.048095703125,0.775390625,-0.19326385122258216,724.0,45.0,0.7890625,40.60655975341797,0.40675973892211914,-112.59937327522785
256.0,0.47265625,0.0054063741117715836,1418.0,12640.0,0.5,-0.0059443834907142445,0.73828125,0.39168646931648254,0.0,0.9511600360274315,1.0,808960.0,0.0001,1580.0,0.2,106.23920053243637,256.0,0.038818359375,0.765625,-0.1833028100663796,727.0,45.0,0.79296875,25.967437744140625,0.42249056696891785,-112.30245247358457
256.0,0.515625,0.0027789422310888767,1442.0,12648.0,0.5,-0.0067495376206352375,0.78515625,0.39494964480400085,0.0,0.9458793811500072,1.0,809472.0,0.0001,1581.0,0.2,158.36257299780846,256.0,0.022705078125,0.76953125,-0.17530150635866448,718.0,45.0,0.75390625,34.697959899902344,0.3973945379257202,-114.07417229639367
256.0,0.50390625,0.0031987084075808525,1120.0,12656.0,0.5,-0.00800460715254303,0.8046875,0.38839223980903625,0.0,0.8639821261167526,1.0,809984.0,0.0001,1582.0,0.2,913.566460698843,256.0,0.04150390625,0.80078125,-0.1873237580875866,730.5,45.0,0.796875,60.23158645629883,0.3636559247970581,-113.38541175490245
256.0,0.521484375,0.001999949337914586,1459.0,12664.0,0.5,-0.0034553119130578125,0.875,0.3592403829097748,0.0,0.851285845041275,1.0,810496.0,0.0001,1583.0,0.2,778.9360455870628,256.0,0.020263671875,0.853515625,-0.17960192303871736,722.0,45.0,0.83203125,60.3367919921875,0.3274771571159363,-109.91776770086959
256.0,0.5,0.0031276103109121323,1463.0,12672.0,0.5,-0.007517628208006499,0.81640625,0.3989594280719757,0.0,0.7580897659063339,1.0,811008.0,0.0001,1584.0,0.2,840.7050694823265,256.0,0.025146484375,0.81640625,-0.17723461642162874,709.0,45.0,0.81640625,149.2919464111328,0.3623766303062439,-112.17070824008435
256.0,0.533203125,0.004779013805091381,1361.0,12680.0,0.5,-0.00559241706650937,0.8203125,0.4047613739967346,0.0,0.9012261256575584,1.0,811520.0,0.0001,1585.0,0.2,191.68389928340912,256.0,0.0283203125,0.787109375,-0.2126790283655282,710.5,45.0,0.75390625,43.22624588012695,0.393332302570343,-111.75179704243317
256.0,0.498046875,0.004842890426516533,1382.0,12688.0,0.5,-0.007534505064541008,0.796875,0.37846705317497253,0.0,0.9574888460338116,1.0,812032.0,0.0001,1586.0,0.2,81.28243439644575,256.0,0.04638671875,0.798828125,-0.16941733978455886,715.0,45.0,0.80078125,13.336775779724121,0.36218366026878357,-110.54872093828395
256.0,0.505859375,0.0017545436276122928,1217.0,12696.0,0.5,-0.004010905555333011,0.7734375,0.38912832736968994,0.0,0.876447282731533,1.0,812544.0,0.0001,1587.0,0.2,571.9043115973473,256.0,0.0185546875,0.767578125,-0.18350882158847526,702.5,45.0,0.76171875,385.2671813964844,0.4071348309516907,-109.48871873565018
256.0,0.4453125,0.003270421177148819,1365.0,12704.0,0.5,-0.008227797854488017,0.72265625,0.398939311504364,0.0,0.9132715985178947,1.0,813056.0,0.0001,1588.0,0.2,218.4111702144146,256.0,0.02685546875,0.77734375,-0.1544566887023393,699.0,45.0,0.83203125,94.4079818725586,0.3955018222332001,-111.4971940863505
256.0,0.45703125,0.005201234482228756,1367.0,12712.0,0.5,-0.005575777326157549,0.73828125,0.3794139623641968,0.0,0.7750175893306732,1.0,813568.0,0.0001,1589.0,0.2,877.9216712117195,256.0,0.04541015625,0.78125,-0.19206802739063278,701.5,45.0,0.82421875,37.41339111328125,0.3961421549320221,-112.11732451435178
256.0,0.48046875,0.0043276892974972725,1384.0,12720.0,0.5,-0.006717223994201049,0.7890625,0.37079769372940063,0.0,0.9758795201778412,1.0,814080.0,0.0001,1590.0,0.2,80.47877350449562,256.0,0.0322265625,0.80859375,-0.17666180431842804,693.5,45.0,0.828125,22.15296745300293,0.3366893231868744,-111.4479365027696
256.0,0.529296875,0.0019442582270130515,1348.0,12728.0,0.5,-0.005394638603320345,0.8359375,0.38604825735092163,0.0,0.9092175662517548,1.0,814592.0,0.0001,1591.0,0.2,348.54123708605766,256.0,0.012939453125,0.806640625,-0.2012986258487217,697.0,45.0,0.77734375,179.5846405029297,0.36777424812316895,-114.92098511975259
256.0,0.560546875,0.005207114387303591,1174.0,12736.0,0.5,-0.010854538319108542,0.859375,0.40430372953414917,0.0,0.9578811451792717,1.0,815104.0,0.0001,1592.0,0.2,95.98076294362545,256.0,0.044189453125,0.798828125,-0.19469265174120665,705.5,45.0,0.73828125,14.86941909790039,0.387222558259964,-112.12498913293705
256.0,0.556640625,0.006175627466291189,1418.0,12744.0,0.5,-0.011795119542512111,0.8359375,0.3944051265716553,0.0,0.9646386615931988,1.0,815616.0,0.0001,1593.0,0.2,73.5941382497549,256.0,0.057861328125,0.779296875,-0.17083541996544227,734.0,45.0,0.72265625,23.110857009887695,0.3877035975456238,-109.54472887424753
256.0,0.50390625,0.0068723587319254875,1388.0,12752.0,0.5,-0.009379080780490767,0.78125,0.3933139145374298,0.0,0.9594876691699028,1.0,816128.0,0.0001,1594.0,0.2,82.2406131029129,256.0,0.062744140625,0.77734375,-0.1877092127688229,736.5,45.0,0.7734375,21.696861267089844,0.37603092193603516,-107.02831648793071
256.0,0.525390625,0.005024049896746874,1302.0,12760.0,0.5,-0.005915299034313648,0.8203125,0.40627235174179077,0.0,0.9720058534294367,1.0,816640.0,0.0001,1595.0,0.2,61.22966533154249,256.0,0.028076171875,0.794921875,-0.15607313689542934,736.5,45.0,0.76953125,22.099706649780273,0.3905089497566223,-106.19147843426093
256.0,0.51171875,0.005834169220179319,1421.0,12768.0,0.5,-0.010547743280767463,0.8046875,0.38202783465385437,0.0,0.9572293050587177,1.0,817152.0,0.0001,1596.0,0.2,78.65371139347553,256.0,0.0361328125,0.79296875,-0.2125329952687025,749.0,45.0,0.78125,16.384166717529297,0.36563020944595337,-104.3577818015404
256.0,0.47265625,0.0018217050237581134,1169.0,12776.0,0.5,-0.003119119442999363,0.72265625,0.38253527879714966,0.0,0.9450492784380913,1.0,817664.0,0.0001,1597.0,0.2,278.24852535128593,256.0,0.014404296875,0.75,-0.16117248841328546,747.0,45.0,0.77734375,28.410531997680664,0.4013414680957794,-102.10824165349827
256.0,0.419921875,0.0006773668574169278,1540.0,12784.0,0.5,-0.00247709802351892,0.703125,0.36412501335144043,0.0,0.8450330793857574,1.0,818176.0,0.0001,1598.0,0.2,1450.388993382454,256.0,0.001708984375,0.783203125,-0.1471517480094917,767.5,45.0,0.86328125,211.236328125,0.34831470251083374,-102.75944604244083
256.0,0.41015625,0.004130429122596979,1560.0,12792.0,0.5,-0.005473111225001048,0.7265625,0.367893248796463,0.0,0.7495076060295105,1.0,818688.0,0.0001,1599.0,0.2,2251.473526954651,256.0,0.024169921875,0.81640625,-0.16839183849515393,737.5,45.0,0.90625,321.14990234375,0.36092713475227356,-105.29164265722036
256.0,0.458984375,0.005273434799164534,1432.0,12800.0,0.5,-0.00852359124837676,0.71875,0.4114382863044739,0.0,0.815956637263298,1.0,819200.0,0.0001,1600.0,0.2,626.2385604381561,256.0,0.0400390625,0.759765625,-0.19651882303878665,729.0,45.0,0.80078125,177.75270080566406,0.4266739785671234,-112.63422469891607
256.0,0.494140625,0.0024896033573895693,1474.0,12808.0,0.5,-0.0057596146762080025,0.80859375,0.39707037806510925,0.0,0.8450062125921249,1.0,819712.0,0.0001,1601.0,0.2,585.4393167793751,256.0,0.01953125,0.814453125,-0.18683578871423379,710.5,45.0,0.8203125,101.59951782226562,0.3667398691177368,-114.12122878765688
256.0,0.494140625,0.005558599717915058,1121.0,12816.0,0.5,-0.007283603867108468,0.765625,0.41393935680389404,0.0,0.9137618020176888,1.0,820224.0,0.0001,1602.0,0.2,166.72394739091396,256.0,0.028076171875,0.771484375,-0.17855308123398572,713.0,45.0,0.77734375,20.598737716674805,0.39519935846328735,-115.83957751508802
256.0,0.53125,0.0036721481010317802,1308.0,12824.0,0.5,-0.006473958004789893,0.828125,0.41324859857559204,0.0,0.9062398448586464,1.0,820736.0,0.0001,1603.0,0.2,204.35039860010147,256.0,0.032470703125,0.796875,-0.20212692354107276,700.0,45.0,0.765625,41.7386360168457,0.3972121477127075,-115.93777902975678
256.0,0.537109375,0.0015639086486771703,1390.0,12832.0,0.5,-0.0027159199544257717,0.828125,0.3733178377151489,0.0,0.8220964521169662,1.0,821248.0,0.0001,1604.0,0.2,883.1586823165417,256.0,0.010498046875,0.791015625,-0.1835529676754959,692.5,45.0,0.75390625,63.98665237426758,0.3806919455528259,-116.27701538853347
256.0,0.537109375,0.0058882636949419975,1420.0,12840.0,0.5,-0.009416177403181791,0.80078125,0.398851603269577,0.0,0.92015440762043,1.0,821760.0,0.0001,1605.0,0.2,143.49742802977562,256.0,0.050537109375,0.763671875,-0.20329528060392477,694.0,45.0,0.7265625,26.446910858154297,0.3791261911392212,-117.42837974864989
256.0,0.533203125,0.0008754146983847022,1444.0,12848.0,0.5,-0.0018971469326061197,0.75390625,0.40950512886047363,0.0,0.8634356409311295,1.0,822272.0,0.0001,1606.0,0.2,673.1370034217834,256.0,0.008544921875,0.720703125,-0.17117915768176317,706.0,45.0,0.6875,156.57742309570312,0.43309226632118225,-116.65803790092468
256.0,0.51953125,0.001955352257937193,1327.0,12856.0,0.5,-0.0039795094562578015,0.80078125,0.3939032554626465,0.0,0.8966908529400826,1.0,822784.0,0.0001,1607.0,0.2,224.43474659323692,256.0,0.014404296875,0.78125,-0.16643162595573813,713.0,45.0,0.76171875,18.5259952545166,0.3938400149345398,-114.9864875725843
256.0,0.484375,0.0024468302726745605,1231.0,12864.0,0.5,-0.006507707264972851,0.7734375,0.35728147625923157,0.0,0.8270673900842667,1.0,823296.0,0.0001,1608.0,0.2,1458.4590346813202,256.0,0.029052734375,0.7890625,-0.1843752949789632,713.0,45.0,0.8046875,361.61260986328125,0.3583822548389435,-108.3194532610476
256.0,0.47265625,0.0022178362123668194,1403.0,12872.0,0.5,-0.003927760481019504,0.77734375,0.35509181022644043,0.0,0.817590981721878,1.0,823808.0,0.0001,1609.0,0.2,890.8475934267044,256.0,0.02099609375,0.8046875,-0.18137734313495457,720.0,45.0,0.83203125,350.13983154296875,0.36502301692962646,-107.74135998658836
256.0,0.501953125,0.002292187884449959,1508.0,12880.0,0.5,-0.0054451312935270835,0.80078125,0.3896976113319397,0.0,0.8463072031736374,1.0,824320.0,0.0001,1610.0,0.2,769.3985658288002,256.0,0.023681640625,0.798828125,-0.17912164359586313,723.0,45.0,0.796875,48.378662109375,0.38617104291915894,-109.59823518039659
256.0,0.4765625,0.0029430175200104713,1327.0,12888.0,0.5,-0.006422979189665057,0.75,0.38112109899520874,0.0,0.8196244537830353,1.0,824832.0,0.0001,1611.0,0.2,786.2742795348167,256.0,0.025390625,0.7734375,-0.18379892013035715,734.5,45.0,0.796875,124.91963195800781,0.3954787850379944,-110.45113726247102
256.0,0.474609375,0.0015851743519306183,1407.0,12896.0,0.5,-0.004906497553747613,0.75390625,0.3882136344909668,0.0,0.8615413010120392,1.0,825344.0,0.0001,1612.0,0.2,513.5012900233269,256.0,0.0166015625,0.779296875,-0.1838085718336515,749.0,45.0,0.8046875,33.09135437011719,0.39176952838897705,-114.15965228121728
256.0,0.447265625,0.002254873514175415,1201.0,12904.0,0.5,-0.0061048022253089584,0.73828125,0.37232398986816406,0.0,0.8814156129956245,1.0,825856.0,0.0001,1613.0,0.2,423.7807146906853,256.0,0.018310546875,0.791015625,-0.187222437991295,760.0,45.0,0.84375,66.33773803710938,0.3815609812736511,-115.51621676972135
256.0,0.474609375,0.0036615703720599413,1412.0,12912.0,0.5,-0.007437832286086632,0.7734375,0.38649967312812805,0.0,0.9370880424976349,1.0,826368.0,0.0001,1614.0,0.2,156.49438762664795,256.0,0.038330078125,0.798828125,-0.22063964599510655,758.0,45.0,0.82421875,40.34129333496094,0.378030389547348,-117.90013287669048
256.0,0.494140625,0.005016082897782326,1364.0,12920.0,0.5,-0.009739173157868208,0.7734375,0.3773709535598755,0.0,0.933855913579464,1.0,826880.0,0.0001,1615.0,0.2,255.08334356546402,256.0,0.036376953125,0.779296875,-0.2013117090682499,741.5,45.0,0.78515625,36.71037292480469,0.3770909905433655,-118.73490284804255
256.0,0.46484375,0.001982309389859438,1424.0,12928.0,0.5,-0.003891076867148513,0.7421875,0.3982987105846405,0.0,0.8535315245389938,1.0,827392.0,0.0001,1616.0,0.2,240.8465891778469,256.0,0.020751953125,0.77734375,-0.1830840049078688,748.5,45.0,0.8125,24.633750915527344,0.40212762355804443,-119.52882515149192
256.0,0.470703125,0.0014726828085258603,1363.0,12936.0,0.5,-0.0033884784279507585,0.78515625,0.372172474861145,0.0,0.8173354864120483,1.0,827904.0,0.0001,1617.0,0.2,1362.3469017744064,256.0,0.013427734375,0.814453125,-0.1944888713187538,747.0,45.0,0.84375,164.11537170410156,0.3509232997894287,-118.68754552861675
256.0,0.5078125,0.002761382842436433,1092.0,12944.0,0.5,-0.008442882644885685,0.828125,0.3898453712463379,0.0,0.9144045636057854,1.0,828416.0,0.0001,1618.0,0.2,156.3776312470436,256.0,0.03564453125,0.8203125,-0.18170048529282212,752.5,45.0,0.8125,33.455108642578125,0.35327789187431335,-117.44454713791609
256.0,0.513671875,0.004970170091837645,1542.0,12952.0,0.5,-0.004323447064962238,0.8125,0.383573055267334,0.0,0.7934038490056992,1.0,828928.0,0.0001,1619.0,0.2,1604.7120416164398,256.0,0.040283203125,0.798828125,-0.20730571501189843,736.0,45.0,0.78515625,338.4943542480469,0.3661401867866516,-114.86428575428202
256.0,0.47265625,0.004736558999866247,1338.0,12960.0,0.5,-0.008878560765879229,0.76171875,0.39279502630233765,0.0,0.8925116211175919,1.0,829440.0,0.0001,1620.0,0.2,163.65971580147743,256.0,0.051025390625,0.7890625,-0.1946482163039036,722.5,45.0,0.81640625,27.898923873901367,0.36127734184265137,-115.95071649668738
256.0,0.505859375,0.005222538951784372,1359.0,12968.0,0.5,-0.011061090779548977,0.78125,0.4114532470703125,0.0,0.9077873080968857,1.0,829952.0,0.0001,1621.0,0.2,154.92411702871323,256.0,0.050537109375,0.775390625,-0.1825836423668079,734.0,45.0,0.76953125,24.79372787475586,0.41261526942253113,-113.90042616244405
256.0,0.51171875,0.006823804695159197,1393.0,12976.0,0.5,-0.006898738014569972,0.79296875,0.38910871744155884,0.0,0.9574247375130653,1.0,830464.0,0.0001,1622.0,0.2,87.28711132705212,256.0,0.0546875,0.78125,-0.1943166958517395,720.5,45.0,0.76953125,11.222625732421875,0.3822701871395111,-112.78871954647825
256.0,0.517578125,0.001969986129552126,1179.0,12984.0,0.5,-0.003477944093901897,0.79296875,0.38894158601760864,0.0,0.9244746491312981,1.0,830976.0,0.0001,1623.0,0.2,365.0407150387764,256.0,0.017333984375,0.775390625,-0.17789132939651608,717.5,45.0,0.7578125,74.93302917480469,0.3708854913711548,-110.97418239103631
256.0,0.486328125,0.0017572268843650818,1464.0,12992.0,0.5,-0.0024911470463848673,0.765625,0.395954430103302,0.0,0.8190801292657852,1.0,831488.0,0.0001,1624.0,0.2,1046.6779364943504,256.0,0.011474609375,0.779296875,-0.16834557376569137,719.0,45.0,0.79296875,301.3382873535156,0.39494386315345764,-110.60275500174612
256.0,0.44921875,0.00348420487716794,1446.0,13000.0,0.5,-0.006353668257361278,0.7421875,0.3863028883934021,0.0,0.849717378616333,1.0,832000.0,0.0001,1625.0,0.2,241.90253746509552,256.0,0.0234375,0.79296875,-0.19740166806150228,716.5,45.0,0.84375,42.0649299621582,0.38270053267478943,-112.30684986744076
256.0,0.451171875,0.002023617271333933,1475.0,13008.0,0.5,-0.007611149485455826,0.73046875,0.34770870208740234,0.0,0.7973387539386749,1.0,832512.0,0.0001,1626.0,0.2,1167.5453741550446,256.0,0.02490234375,0.779296875,-0.18025030539138243,718.0,45.0,0.828125,217.6273651123047,0.36285102367401123,-112.858077867385
256.0,0.498046875,0.0031847390346229076,1411.0,13016.0,0.5,-0.007322010274947388,0.78125,0.40787801146507263,0.0,0.9232581704854965,1.0,833024.0,0.0001,1627.0,0.2,149.39583542943,256.0,0.03076171875,0.783203125,-0.19315769031527452,725.0,45.0,0.78515625,14.668670654296875,0.3916504979133606,-113.21472001543269
256.0,0.5078125,0.0030895904637873173,1115.0,13024.0,0.5,-0.008753632639127318,0.8125,0.37095415592193604,0.0,0.8704546391963959,1.0,833536.0,0.0001,1628.0,0.2,553.6201950907707,256.0,0.035400390625,0.8046875,-0.2106131829204969,737.0,45.0,0.796875,45.74592208862305,0.36318713426589966,-113.48985986940562
256.0,0.46484375,0.003183866385370493,1400.0,13032.0,0.5,-0.006397485438355943,0.76171875,0.36881452798843384,0.0,0.9165768176317215,1.0,834048.0,0.0001,1629.0,0.2,139.96969301998615,256.0,0.025390625,0.796875,-0.18015720712719485,731.5,45.0,0.83203125,15.697263717651367,0.36525315046310425,-111.81211069699377
256.0,0.46875,0.0023454767651855946,1425.0,13040.0,0.5,-0.0054126207760418765,0.76953125,0.3683909773826599,0.0,0.8942820429801941,1.0,834560.0,0.0001,1630.0,0.2,305.012716114521,256.0,0.019775390625,0.80078125,-0.1782632939866744,727.5,45.0,0.83203125,49.066097259521484,0.37271544337272644,-112.05082910394296
256.0,0.529296875,0.0029690400697290897,1401.0,13048.0,0.5,-0.005224156513577327,0.82421875,0.39123979210853577,0.0,0.9448177628219128,1.0,835072.0,0.0001,1631.0,0.2,120.7181389182806,256.0,0.027587890625,0.794921875,-0.18584606586955488,727.5,45.0,0.765625,31.478042602539062,0.37055665254592896,-112.8090451165475
256.0,0.564453125,0.003536179894581437,1473.0,13056.0,0.5,-0.005803565072710626,0.8203125,0.4216613173484802,0.0,0.933408334851265,1.0,835584.0,0.0001,1632.0,0.2,279.7658454179764,256.0,0.0341796875,0.755859375,-0.18529216974275187,729.5,45.0,0.69140625,58.29155349731445,0.42327171564102173,-112.25991241982207
256.0,0.521484375,0.001508823479525745,1074.0,13064.0,0.5,-0.0047548462098347954,0.80859375,0.38731181621551514,0.0,0.880691684782505,1.0,836096.0,0.0001,1633.0,0.2,465.32914835214615,256.0,0.010009765625,0.787109375,-0.16632169103831984,725.5,45.0,0.765625,29.911544799804688,0.3881010115146637,-111.44313004672527
256.0,0.466796875,0.0018960366724058986,1412.0,13072.0,0.5,-0.004851503026657156,0.76953125,0.39136165380477905,0.0,0.9473288767039776,1.0,836608.0,0.0001,1634.0,0.2,132.01793521642685,256.0,0.026611328125,0.802734375,-0.1914247260428965,723.5,45.0,0.8359375,23.117448806762695,0.364053875207901,-109.26597998784855
256.0,0.443359375,0.00675851758569479,1427.0,13080.0,0.5,-0.006805241446272703,0.73828125,0.3698345720767975,0.0,0.9387108460068703,1.0,837120.0,0.0001,1635.0,0.2,114.22942116856575,256.0,0.04052734375,0.794921875,-0.20063084625871852,733.5,45.0,0.8515625,26.774211883544922,0.355851411819458,-109.38405847873538
256.0,0.466796875,0.0020814575254917145,1399.0,13088.0,0.5,-0.005100830352603225,0.796875,0.3856850862503052,0.0,0.8557390421628952,1.0,837632.0,0.0001,1636.0,0.2,1157.7533291578293,256.0,0.012939453125,0.830078125,-0.20970953878713772,722.0,45.0,0.86328125,209.603759765625,0.35647913813591003,-107.70946284297854
256.0,0.486328125,0.0037765949964523315,1376.0,13096.0,0.5,-0.008396073601034004,0.7578125,0.4034801125526428,0.0,0.9069930613040924,1.0,838144.0,0.0001,1637.0,0.2,159.9919447004795,256.0,0.04345703125,0.771484375,-0.19816067849751562,716.5,45.0,0.78515625,26.76664161682129,0.41119298338890076,-109.92927268214524
256.0,0.466796875,0.0034847124479711056,1111.0,13104.0,0.5,-0.007549619553174125,0.7734375,0.3783092498779297,0.0,0.9156048744916916,1.0,838656.0,0.0001,1638.0,0.2,140.11571687459946,256.0,0.032470703125,0.806640625,-0.2047779430868104,711.5,45.0,0.83984375,28.128042221069336,0.3745589852333069,-111.51629747761413
256.0,0.49609375,0.003338392125442624,1459.0,13112.0,0.5,-0.0046963854765635915,0.796875,0.38076114654541016,0.0,0.8650525808334351,1.0,839168.0,0.0001,1639.0,0.2,806.807352155447,256.0,0.026123046875,0.80078125,-0.17623367259511724,706.5,45.0,0.8046875,65.33828735351562,0.3823801279067993,-111.25423802793026
256.0,0.48828125,0.004007160663604736,1410.0,13120.0,0.5,-0.006685643587843515,0.80078125,0.3745800852775574,0.0,0.9235435351729393,1.0,839680.0,0.0001,1640.0,0.2,121.9059411585331,256.0,0.029296875,0.8125,-0.19942809251369908,707.5,45.0,0.82421875,28.860078811645508,0.3536825478076935,-112.18906020689755
256.0,0.515625,0.0024205325171351433,1391.0,13128.0,0.5,-0.0075058988004457206,0.8125,0.37791526317596436,0.0,0.8692689090967178,1.0,840192.0,0.0001,1641.0,0.2,843.0118327140808,256.0,0.031005859375,0.796875,-0.16723851906135678,701.0,45.0,0.78125,401.56842041015625,0.38704341650009155,-113.25092239206657
256.0,0.517578125,0.0014509331667795777,1479.0,13136.0,0.5,-0.003059716647840105,0.82421875,0.37000221014022827,0.0,0.8357359319925308,1.0,840704.0,0.0001,1642.0,0.2,1356.3365658521652,256.0,0.009033203125,0.806640625,-0.15462729832506739,710.0,45.0,0.7890625,179.1462860107422,0.3539928197860718,-114.59235490564257
256.0,0.505859375,0.002020538318902254,1499.0,13144.0,0.5,-0.005857253119756933,0.78515625,0.39481785893440247,0.0,0.820901021361351,1.0,841216.0,0.0001,1643.0,0.2,1164.5926904678345,256.0,0.016845703125,0.779296875,-0.20219543064013124,700.0,45.0,0.7734375,167.6368408203125,0.4181141257286072,-116.70924250921234
256.0,0.53125,0.0020662923343479633,1124.0,13152.0,0.5,-0.0049159451700688805,0.81640625,0.3860138952732086,0.0,0.8044629991054535,1.0,841728.0,0.0001,1644.0,0.2,1215.056298494339,256.0,0.01123046875,0.78515625,-0.1985488937352784,684.0,45.0,0.75390625,225.52676391601562,0.3918423652648926,-118.58688201341778
256.0,0.5234375,0.004026713781058788,1475.0,13160.0,0.5,-0.006748608588168281,0.8125,0.39526206254959106,0.0,0.8899771496653557,1.0,842240.0,0.0001,1645.0,0.2,572.5295576155186,256.0,0.040283203125,0.7890625,-0.1776159792789258,698.5,45.0,0.765625,44.75838088989258,0.36982107162475586,-119.45545072585344
256.0,0.4609375,0.0034470567479729652,1394.0,13168.0,0.5,-0.00944479836471146,0.78125,0.36810627579689026,0.0,0.8264601081609726,1.0,842752.0,0.0001,1646.0,0.2,1032.9054663777351,256.0,0.026123046875,0.8203125,-0.1875342660350725,691.0,45.0,0.859375,820.8911743164062,0.34980860352516174,-117.87202783372253
256.0,0.451171875,0.004160459153354168,1345.0,13176.0,0.5,-0.006542608549352735,0.76953125,0.35882920026779175,0.0,0.8914097622036934,1.0,843264.0,0.0001,1647.0,0.2,214.36851903796196,256.0,0.030029296875,0.818359375,-0.20270168298156932,687.5,45.0,0.8671875,19.721622467041016,0.35282784700393677,-120.02309482356533
256.0,0.478515625,0.002751716412603855,1409.0,13184.0,0.5,-0.008677647914737463,0.76171875,0.37272098660469055,0.0,0.9175864085555077,1.0,843776.0,0.0001,1648.0,0.2,180.76357036828995,256.0,0.02685546875,0.783203125,-0.1740999313769862,699.0,45.0,0.8046875,27.41547393798828,0.3797111511230469,-122.33133787494153
256.0,0.462890625,0.0011995920212939382,1170.0,13192.0,0.5,-0.004587102310324553,0.76171875,0.3797334134578705,0.0,0.8820591196417809,1.0,844288.0,0.0001,1649.0,0.2,464.8551857471466,256.0,0.01806640625,0.798828125,-0.20600363018456846,711.0,45.0,0.8359375,87.69707489013672,0.3751473128795624,-121.19368014283478
256.0,0.509765625,0.001667304546572268,1349.0,13200.0,0.5,-0.004363316358649172,0.7890625,0.37773755192756653,0.0,0.9340915456414223,1.0,844800.0,0.0001,1650.0,0.2,338.6097341179848,256.0,0.01318359375,0.779296875,-0.17339456488844007,705.5,45.0,0.76953125,75.89894104003906,0.3883610963821411,-123.23597395185381
256.0,0.48046875,0.005737214349210262,1436.0,13208.0,0.5,-0.012530736492408323,0.8046875,0.37683066725730896,0.0,0.8596216142177582,1.0,845312.0,0.0001,1651.0,0.2,315.7221128344536,256.0,0.024169921875,0.82421875,-0.1774476970313117,695.0,45.0,0.84375,98.82848358154297,0.33746540546417236,-122.4276222291775
256.0,0.501953125,0.0036550750955939293,1417.0,13216.0,0.5,-0.007641119278559927,0.83203125,0.36913520097732544,0.0,0.820394903421402,1.0,845824.0,0.0001,1652.0,0.2,684.4115042686462,256.0,0.032470703125,0.830078125,-0.186283657385502,743.0,45.0,0.828125,150.99424743652344,0.3453437089920044,-121.51709323255345
256.0,0.548828125,0.002557661384344101,1440.0,13224.0,0.5,-0.0025895485596265644,0.8203125,0.3927164375782013,0.0,0.8361667990684509,1.0,846336.0,0.0001,1653.0,0.2,985.6981320381165,256.0,0.01904296875,0.771484375,-0.1758879231638275,730.0,45.0,0.72265625,429.4937744140625,0.38939976692199707,-117.27294684056193
256.0,0.5546875,0.0033209281973540783,1177.0,13232.0,0.5,-0.006204733857885003,0.8515625,0.3912936747074127,0.0,0.8678938150405884,1.0,846848.0,0.0001,1654.0,0.2,256.261272162199,256.0,0.02587890625,0.796875,-0.18232185143278912,745.5,45.0,0.7421875,36.44525909423828,0.37870413064956665,-118.7916166454181
256.0,0.501953125,0.003896328853443265,1375.0,13240.0,0.5,-0.005254737188806757,0.8359375,0.36246249079704285,0.0,0.9481441788375378,1.0,847360.0,0.0001,1655.0,0.2,105.5918399989605,256.0,0.031005859375,0.833984375,-0.1880385058466345,755.5,45.0,0.83203125,17.065555572509766,0.31089600920677185,-116.75224795490503
256.0,0.505859375,0.0023882107343524694,1391.0,13248.0,0.5,-0.00438164965089527,0.78515625,0.3686406910419464,0.0,0.8830122798681259,1.0,847872.0,0.0001,1656.0,0.2,611.0051252245903,256.0,0.0185546875,0.779296875,-0.1864314604899846,744.5,45.0,0.7734375,157.7252960205078,0.3763645589351654,-114.24399521149695
256.0,0.505859375,0.002150673186406493,1401.0,13256.0,0.5,-0.004929515307594556,0.7734375,0.3657134771347046,0.0,0.9081060960888863,1.0,848384.0,0.0001,1657.0,0.2,169.41608187556267,256.0,0.015380859375,0.767578125,-0.2093656511278823,744.5,45.0,0.76171875,28.058462142944336,0.39801207184791565,-115.94170361751691
256.0,0.482421875,0.0018590291729196906,1434.0,13264.0,0.5,-0.003852526868286077,0.76171875,0.3844015896320343,0.0,0.9524323977530003,1.0,848896.0,0.0001,1658.0,0.2,168.45510748028755,256.0,0.017822265625,0.779296875,-0.18393484770786017,731.5,45.0,0.796875,35.4022331237793,0.3951737582683563,-116.2157490424253
256.0,0.4765625,0.002135700546205044,1155.0,13272.0,0.5,-0.004912941592920106,0.78125,0.3533155918121338,0.0,0.931243821978569,1.0,849408.0,0.0001,1659.0,0.2,147.86077320575714,256.0,0.02294921875,0.8046875,-0.17152414316660725,715.0,45.0,0.828125,19.691387176513672,0.36067497730255127,-116.20893737116829
256.0,0.498046875,0.0023199813440442085,1496.0,13280.0,0.5,-0.005467024115205277,0.765625,0.34794336557388306,0.0,0.8565995693206787,1.0,849920.0,0.0001,1660.0,0.2,897.1671131849289,256.0,0.018310546875,0.767578125,-0.16413677693344653,736.5,45.0,0.76953125,600.0653076171875,0.3965103328227997,-116.41383759006858
256.0,0.52734375,0.0015429959166795015,1407.0,13288.0,0.5,-0.0036413799971342087,0.82421875,0.36660945415496826,0.0,0.8848465606570244,1.0,850432.0,0.0001,1661.0,0.2,273.4722256064415,256.0,0.0146484375,0.796875,-0.16409900470171124,720.0,45.0,0.76953125,74.71842193603516,0.3563202917575836,-117.86348520191386
256.0,0.517578125,0.0057119280099868774,1318.0,13296.0,0.5,-0.007813983953383286,0.83203125,0.39134207367897034,0.0,0.9279617890715599,1.0,850944.0,0.0001,1662.0,0.2,171.91258934140205,256.0,0.02392578125,0.814453125,-0.17416298430180177,732.5,45.0,0.796875,30.969375610351562,0.36082082986831665,-116.94639221629127
256.0,0.537109375,0.002391074551269412,1456.0,13304.0,0.5,-0.004931960022076964,0.8359375,0.38757699728012085,0.0,0.9474420510232449,1.0,851456.0,0.0001,1663.0,0.2,143.04601204395294,256.0,0.01513671875,0.798828125,-0.18606763874413446,732.5,45.0,0.76171875,36.09131622314453,0.37064313888549805,-115.49813685957342
256.0,0.52734375,0.0047471243888139725,1147.0,13312.0,0.5,-0.0059037013779743575,0.81640625,0.3957643508911133,0.0,0.8942045047879219,1.0,851968.0,0.0001,1664.0,0.2,322.4187270998955,256.0,0.031494140625,0.7890625,-0.20966830622637644,729.5,45.0,0.76171875,41.976768493652344,0.36728739738464355,-114.34622228488325
256.0,0.501953125,0.0022639825474470854,1493.0,13320.0,0.5,-0.006582183072168846,0.78125,0.37523823976516724,0.0,0.8724538236856461,1.0,852480.0,0.0001,1665.0,0.2,667.3938708305359,256.0,0.029296875,0.779296875,-0.18287916231201962,735.5,45.0,0.77734375,112.29509735107422,0.37099817395210266,-113.55827694647014
256.0,0.541015625,0.0035130917094647884,1436.0,13328.0,0.5,-0.007854029106965754,0.8125,0.4055839776992798,0.0,0.94100596383214,1.0,852992.0,0.0001,1666.0,0.2,122.96047806739807,256.0,0.026123046875,0.771484375,-0.1991934446268715,738.0,45.0,0.73046875,16.727996826171875,0.3922445774078369,-112.61032670751214
256.0,0.48828125,0.003260253230109811,1406.0,13336.0,0.5,-0.004958852645359002,0.765625,0.3797527551651001,0.0,0.9204781353473663,1.0,853504.0,0.0001,1667.0,0.2,296.39348512887955,256.0,0.02587890625,0.77734375,-0.14674715121509507,750.0,45.0,0.7890625,56.76898193359375,0.360991895198822,-110.78561233278364
256.0,0.498046875,0.002320628147572279,1330.0,13344.0,0.5,-0.004535000225587282,0.80078125,0.3849439024925232,0.0,0.9047263711690903,1.0,854016.0,0.0001,1668.0,0.2,248.01832419633865,256.0,0.016357421875,0.802734375,-0.16869178335764445,747.5,45.0,0.8046875,177.52468872070312,0.3768048584461212,-110.0743638148345
256.0,0.453125,0.0030011076014488935,1197.0,13352.0,0.5,-0.004497219244512962,0.76953125,0.350660115480423,0.0,0.8731656074523926,1.0,854528.0,0.0001,1669.0,0.2,625.736131310463,256.0,0.0341796875,0.81640625,-0.16302111669210717,734.5,45.0,0.86328125,334.4080810546875,0.3328772187232971,-109.65612791376188
256.0,0.44140625,0.0027595830615609884,1452.0,13360.0,0.5,-0.005475184640090447,0.7265625,0.36232298612594604,0.0,0.898339532315731,1.0,855040.0,0.0001,1670.0,0.2,437.5037793517113,256.0,0.0244140625,0.78515625,-0.18096184500609525,729.5,45.0,0.84375,71.83759307861328,0.36675602197647095,-109.0073696214147
256.0,0.38671875,0.0017354257870465517,1438.0,13368.0,0.5,-0.004897171093034558,0.67578125,0.365612268447876,0.0,0.8315091729164124,1.0,855552.0,0.0001,1671.0,0.2,987.556088924408,256.0,0.02099609375,0.7890625,-0.16120938741369173,716.0,45.0,0.90234375,467.0203857421875,0.37698104977607727,-111.72542228767648
256.0,0.435546875,0.001719046849757433,1578.0,13376.0,0.5,-0.005432179048511898,0.76953125,0.36371946334838867,0.0,0.8354750722646713,1.0,856064.0,0.0001,1672.0,0.2,1205.2770585417747,256.0,0.011962890625,0.833984375,-0.16062848892761394,688.5,45.0,0.8984375,1616.97509765625,0.32807913422584534,-116.37364212321117
256.0,0.47265625,0.007333782501518726,1423.0,13384.0,0.5,-0.00877422575285891,0.78125,0.35341963171958923,0.0,0.90267214179039,1.0,856576.0,0.0001,1673.0,0.2,145.6729705184698,256.0,0.048095703125,0.80859375,-0.18292802415089682,683.0,45.0,0.8359375,11.48895263671875,0.3501911163330078,-122.90466964788735
256.0,0.525390625,0.0026918910443782806,1192.0,13392.0,0.5,-0.004170284177234862,0.82421875,0.38535892963409424,0.0,0.8851534649729729,1.0,857088.0,0.0001,1674.0,0.2,498.64534521102905,256.0,0.017333984375,0.798828125,-0.1626789695583284,684.5,45.0,0.7734375,228.87107849121094,0.3757967948913574,-124.28070484293625
256.0,0.515625,0.003431485965847969,1437.0,13400.0,0.5,-0.006851127058325801,0.796875,0.39580386877059937,0.0,0.9298968613147736,1.0,857600.0,0.0001,1675.0,0.2,138.47134047746658,256.0,0.026611328125,0.78125,-0.2112115431809798,684.5,45.0,0.765625,9.94788646697998,0.3675387501716614,-122.53942408628762
256.0,0.55078125,0.0033617066219449043,1369.0,13408.0,0.5,-0.005606038768746657,0.83203125,0.3846484422683716,0.0,0.9178024455904961,1.0,858112.0,0.0001,1676.0,0.2,134.21003925800323,256.0,0.02392578125,0.78125,-0.18057123897597194,673.0,45.0,0.73046875,27.371976852416992,0.3623899817466736,-122.69475004974753
256.0,0.517578125,0.0038031190633773804,1421.0,13416.0,0.5,-0.005592394947598223,0.8125,0.37904679775238037,0.0,0.9400889538228512,1.0,858624.0,0.0001,1677.0,0.2,108.30802763998508,256.0,0.02734375,0.794921875,-0.1675602985196747,680.0,45.0,0.77734375,17.53706932067871,0.3629103899002075,-121.78860044604167
256.0,0.47265625,0.00486020278185606,1432.0,13424.0,0.5,-0.007841874386940617,0.77734375,0.39518094062805176,0.0,0.954344131052494,1.0,859136.0,0.0001,1678.0,0.2,90.67475295066833,256.0,0.041748046875,0.8046875,-0.16711205878527835,674.5,45.0,0.83203125,28.172142028808594,0.3621663451194763,-120.29117989812046
256.0,0.515625,0.0048216949217021465,1150.0,13432.0,0.5,-0.006453429836255964,0.78515625,0.38713473081588745,0.0,0.9308030232787132,1.0,859648.0,0.0001,1679.0,0.2,151.94522348046303,256.0,0.0283203125,0.76953125,-0.18650564987910911,684.5,45.0,0.75390625,22.613224029541016,0.38466721773147583,-118.9768435550481
256.0,0.4921875,0.0034899578895419836,1440.0,13440.0,0.5,-0.006792825639422517,0.8125,0.38575929403305054,0.0,0.8981163054704666,1.0,860160.0,0.0001,1680.0,0.2,149.76723662018776,256.0,0.03271484375,0.8203125,-0.19353464158484712,708.5,45.0,0.828125,21.40809440612793,0.371770977973938,-117.42865307884291
256.0,0.484375,0.00609233183786273,1428.0,13448.0,0.5,-0.008929100615205243,0.7578125,0.3734472095966339,0.0,0.9630632475018501,1.0,860672.0,0.0001,1681.0,0.2,76.2381030023098,256.0,0.037841796875,0.7734375,-0.17982136103091761,721.5,45.0,0.7890625,14.149283409118652,0.3738153576850891,-112.36172983605415
256.0,0.455078125,0.003561960533261299,1361.0,13456.0,0.5,-0.006855295176137588,0.74609375,0.3735370934009552,0.0,0.8543748557567596,1.0,861184.0,0.0001,1682.0,0.2,351.9548432826996,256.0,0.04345703125,0.791015625,-0.20017958240350708,723.5,45.0,0.8359375,27.444355010986328,0.38247478008270264,-108.19531230799853
256.0,0.470703125,0.0018085453193634748,1366.0,13464.0,0.5,-0.0059527896155486815,0.73046875,0.38440439105033875,0.0,0.7692404836416245,1.0,861696.0,0.0001,1683.0,0.2,1627.3760137557983,256.0,0.02880859375,0.759765625,-0.21662270539673045,718.5,45.0,0.7890625,200.70909118652344,0.41956594586372375,-108.1943005718477
256.0,0.474609375,0.0023411568254232407,1119.0,13472.0,0.5,-0.007090741841238923,0.7578125,0.36791229248046875,0.0,0.815861314535141,1.0,862208.0,0.0001,1684.0,0.2,916.3723124861717,256.0,0.02685546875,0.783203125,-0.19376787927467376,708.5,45.0,0.80859375,735.070068359375,0.3532147705554962,-110.05393918242305
256.0,0.509765625,0.003804690670222044,1461.0,13480.0,0.5,-0.005866831423190888,0.8046875,0.37958812713623047,0.0,0.889697477221489,1.0,862720.0,0.0001,1685.0,0.2,354.0951977074146,256.0,0.0205078125,0.794921875,-0.18678807385731488,714.5,45.0,0.78515625,56.492252349853516,0.39259815216064453,-112.05852724898607
256.0,0.560546875,0.0031147245317697525,1449.0,13488.0,0.5,-0.007423303373798262,0.85546875,0.3650907874107361,0.0,0.8733242154121399,1.0,863232.0,0.0001,1686.0,0.2,538.5445536971092,256.0,0.0205078125,0.794921875,-0.18369378946954384,715.5,45.0,0.734375,408.26068115234375,0.3910869359970093,-113.6666921139881
256.0,0.5625,0.003756734309718013,1422.0,13496.0,0.5,-0.0069011638552183285,0.85546875,0.37747272849082947,0.0,0.933025024831295,1.0,863744.0,0.0001,1687.0,0.2,208.24373972415924,256.0,0.02734375,0.79296875,-0.1992648253799416,710.0,45.0,0.73046875,122.87004089355469,0.3677727282047272,-113.96494234269485
256.0,0.583984375,0.0017992533976212144,1421.0,13504.0,0.5,-0.004495959587075049,0.87890625,0.3764278292655945,0.0,0.9252647683024406,1.0,864256.0,0.0001,1688.0,0.2,424.2627173066139,256.0,0.013916015625,0.794921875,-0.19221828348236158,694.0,45.0,0.7109375,62.52071762084961,0.3718453347682953,-113.10876449562609
256.0,0.529296875,0.0009918815921992064,1496.0,13512.0,0.5,-0.0033700982385198586,0.86328125,0.3685125708580017,0.0,0.8645573854446411,1.0,864768.0,0.0001,1689.0,0.2,535.573067009449,256.0,0.007080078125,0.833984375,-0.1899579286109656,670.5,45.0,0.8046875,71.78523254394531,0.3350926339626312,-115.38480037093163
256.0,0.5390625,0.005833857227116823,1395.0,13520.0,0.5,-0.011177783835591981,0.8046875,0.3800373673439026,0.0,0.931691899895668,1.0,865280.0,0.0001,1690.0,0.2,142.42455378174782,256.0,0.05810546875,0.765625,-0.20811701222555712,661.0,45.0,0.7265625,35.69686508178711,0.3907313346862793,-116.7381351172924
256.0,0.505859375,0.003902989439666271,1418.0,13528.0,0.5,-0.00717217043711571,0.8125,0.37059730291366577,0.0,0.9474423751235008,1.0,865792.0,0.0001,1691.0,0.2,100.58885478973389,256.0,0.033203125,0.806640625,-0.19679098046617582,666.0,45.0,0.80078125,16.15561866760254,0.3605223298072815,-116.6524769513309
256.0,0.494140625,0.004876786842942238,1433.0,13536.0,0.5,-0.007172782999987248,0.78125,0.3805243968963623,0.0,0.95090776309371,1.0,866304.0,0.0001,1692.0,0.2,84.60740326344967,256.0,0.032958984375,0.787109375,-0.19560204760637134,682.5,45.0,0.79296875,17.014577865600586,0.3935176432132721,-115.88555188342929
256.0,0.400390625,0.005818652920424938,1444.0,13544.0,0.5,-0.010485935214092024,0.6875,0.36719852685928345,0.0,0.942463893443346,1.0,866816.0,0.0001,1693.0,0.2,98.07118986546993,256.0,0.0673828125,0.787109375,-0.20030815358040854,685.5,45.0,0.88671875,14.598637580871582,0.38043713569641113,-115.97528403572738
256.0,0.486328125,0.004099770449101925,1423.0,13552.0,0.5,-0.006584647122508613,0.7421875,0.39223986864089966,0.0,0.9419894926249981,1.0,867328.0,0.0001,1694.0,0.2,120.02220985293388,256.0,0.03564453125,0.755859375,-0.19167735776863992,686.5,45.0,0.76953125,24.696115493774414,0.41668811440467834,-115.98323663285002
256.0,0.484375,0.0026626046746969223,1412.0,13560.0,0.5,-0.006159771586681018,0.765625,0.37554746866226196,0.0,0.8691418468952179,1.0,867840.0,0.0001,1695.0,0.2,690.3054613471031,256.0,0.0185546875,0.78125,-0.18588539655320346,685.5,45.0,0.796875,439.6101989746094,0.38575950264930725,-116.18206102980301
256.0,0.509765625,0.001160507439635694,1377.0,13568.0,0.5,-0.004225809570925776,0.796875,0.3779370188713074,0.0,0.8192922621965408,1.0,868352.0,0.0001,1696.0,0.2,1162.1593356132507,256.0,0.009033203125,0.787109375,-0.17428409910644405,680.5,45.0,0.77734375,353.4676208496094,0.3859318196773529,-117.59177168602123
256.0,0.458984375,0.00550482515245676,1410.0,13576.0,0.5,-0.005033705434470903,0.76953125,0.3652119040489197,0.0,0.8387947529554367,1.0,868864.0,0.0001,1697.0,0.2,1011.2050045132637,256.0,0.024169921875,0.810546875,-0.18991795761394314,677.0,45.0,0.8515625,61.153072357177734,0.34145694971084595,-118.99074233451859
256.0,0.5234375,0.0029937089420855045,1490.0,13584.0,0.5,-0.0038610536357737146,0.83984375,0.390708863735199,0.0,0.8644923865795135,1.0,869376.0,0.0001,1698.0,0.2,484.11724042892456,256.0,0.0126953125,0.81640625,-0.19034991168882698,677.0,45.0,0.79296875,44.787330627441406,0.35572779178619385,-122.06976343987509
256.0,0.548828125,0.003807064611464739,1361.0,13592.0,0.5,-0.005166523285879521,0.86328125,0.3857865333557129,0.0,0.9172260835766792,1.0,869888.0,0.0001,1699.0,0.2,149.69593612849712,256.0,0.03076171875,0.814453125,-0.21424957585986704,687.0,45.0,0.765625,23.25364875793457,0.36115753650665283,-121.76585331683978
256.0,0.56640625,0.0028668325394392014,1430.0,13600.0,0.5,-0.007034659982309677,0.84765625,0.3889933228492737,0.0,0.8904936090111732,1.0,870400.0,0.0001,1700.0,0.2,229.13580626249313,256.0,0.024169921875,0.78125,-0.19837732356972992,687.0,45.0,0.71484375,45.664710998535156,0.3825123608112335,-119.46021490497515
256.0,0.4921875,0.006536928005516529,1418.0,13608.0,0.5,-0.011111683626950253,0.76171875,0.4075331687927246,0.0,0.8890307918190956,1.0,870912.0,0.0001,1701.0,0.2,147.56658765673637,256.0,0.04638671875,0.76953125,-0.20721751061500981,687.0,45.0,0.77734375,31.590972900390625,0.39284849166870117,-117.46576204638929
256.0,0.474609375,0.003425340401008725,1419.0,13616.0,0.5,-0.005754501260526013,0.78125,0.38363921642303467,0.0,0.9505484737455845,1.0,871424.0,0.0001,1702.0,0.2,105.45527631044388,256.0,0.0361328125,0.806640625,-0.1744107810081914,691.0,45.0,0.83203125,13.671205520629883,0.35496389865875244,-114.87102612586692
256.0,0.45703125,0.003352162428200245,1332.0,13624.0,0.5,-0.005333180371962953,0.7421875,0.3790271282196045,0.0,0.9483340196311474,1.0,871936.0,0.0001,1703.0,0.2,108.13969515264034,256.0,0.0224609375,0.78515625,-0.19147683726623654,680.5,45.0,0.828125,15.573712348937988,0.38417762517929077,-112.74971102988347
256.0,0.47265625,0.00541053107008338,1118.0,13632.0,0.5,-0.007903026023996063,0.77734375,0.35946348309516907,0.0,0.9538245238363743,1.0,872448.0,0.0001,1704.0,0.2,107.86340320110321,256.0,0.0361328125,0.8046875,-0.2035312133957632,688.5,45.0,0.83203125,12.314513206481934,0.355036199092865,-111.86703749917447
256.0,0.45703125,0.007959315553307533,1433.0,13640.0,0.5,-0.011396099944249727,0.765625,0.3803473711013794,0.0,0.9560685977339745,1.0,872960.0,0.0001,1705.0,0.2,112.42683883011341,256.0,0.062255859375,0.80859375,-0.19300474401097745,702.5,45.0,0.8515625,24.11606788635254,0.3632468283176422,-112.78641234794631
256.0,0.490234375,0.0015053898096084595,1428.0,13648.0,0.5,-0.0033325272452202626,0.8203125,0.3606051206588745,0.0,0.8614858984947205,1.0,873472.0,0.0001,1706.0,0.2,568.6212320327759,256.0,0.01171875,0.830078125,-0.1614726292900741,699.0,45.0,0.83984375,77.19022369384766,0.32994502782821655,-112.00892306400463
256.0,0.458984375,0.0011441262904554605,1419.0,13656.0,0.5,-0.003900831776263658,0.72265625,0.37965357303619385,0.0,0.8393943160772324,1.0,873984.0,0.0001,1707.0,0.2,1198.0696736574173,256.0,0.01123046875,0.763671875,-0.18291393376421183,693.0,45.0,0.8046875,762.9804077148438,0.3618832230567932,-110.95253814639524
256.0,0.4609375,0.006217027083039284,1363.0,13664.0,0.5,-0.007610351583934971,0.75,0.3744775652885437,0.0,0.8920484110713005,1.0,874496.0,0.0001,1708.0,0.2,223.8442147374153,256.0,0.04345703125,0.7890625,-0.21053331822622567,683.0,45.0,0.828125,17.97225570678711,0.3732207119464874,-113.42043667895719
256.0,0.521484375,0.0025946609675884247,1453.0,13672.0,0.5,-0.004736280294309836,0.83984375,0.38043636083602905,0.0,0.8429402709007263,1.0,875008.0,0.0001,1709.0,0.2,374.0479844510555,256.0,0.0283203125,0.818359375,-0.18857580568874255,682.0,45.0,0.796875,57.506248474121094,0.3537514805793762,-114.99460798999294
256.0,0.537109375,0.003934657201170921,1169.0,13680.0,0.5,-0.006954877397220116,0.81640625,0.39475709199905396,0.0,0.9377619177103043,1.0,875520.0,0.0001,1710.0,0.2,123.45997507870197,256.0,0.037841796875,0.779296875,-0.19574673136230558,679.5,45.0,0.7421875,25.08110809326172,0.40193429589271545,-115.43297845287249
256.0,0.546875,0.0018034803215414286,1436.0,13688.0,0.5,-0.003632976564404089,0.8671875,0.37667834758758545,0.0,0.9053384065628052,1.0,876032.0,0.0001,1711.0,0.2,349.513259857893,256.0,0.0126953125,0.8203125,-0.1794761625933461,693.0,45.0,0.7734375,75.00286865234375,0.356123685836792,-114.76777953250334
256.0,0.525390625,0.0038787275552749634,1395.0,13696.0,0.5,-0.008374537515919656,0.83203125,0.35340893268585205,0.0,0.923755370080471,1.0,876544.0,0.0001,1712.0,0.2,120.16345775127411,256.0,0.044189453125,0.806640625,-0.17257351952139288,698.5,45.0,0.78125,23.160919189453125,0.3446018397808075,-114.4811888853833
256.0,0.54296875,0.005353451706469059,1450.0,13704.0,0.5,-0.008339323572727153,0.859375,0.36078938841819763,0.0,0.9537314511835575,1.0,877056.0,0.0001,1713.0,0.2,85.0308106392622,256.0,0.042236328125,0.81640625,-0.1760965873254463,703.5,45.0,0.7734375,17.158021926879883,0.3365791440010071,-112.77542779576034
256.0,0.48828125,0.002132527297362685,1417.0,13712.0,0.5,-0.005149347452970687,0.796875,0.3711297810077667,0.0,0.8137800395488739,1.0,877568.0,0.0001,1714.0,0.2,1917.5506436824799,256.0,0.0166015625,0.80859375,-0.17920506390510127,711.5,45.0,0.8203125,1022.3179931640625,0.34086138010025024,-110.22152801798657
256.0,0.49609375,0.002218063687905669,1118.0,13720.0,0.5,-0.004495727953326423,0.81640625,0.37671124935150146,0.0,0.8112009316682816,1.0,878080.0,0.0001,1715.0,0.2,1108.1968091726303,256.0,0.0244140625,0.8203125,-0.16238531772978604,718.5,45.0,0.82421875,753.7615356445312,0.35318127274513245,-113.21241133222357
256.0,0.44921875,0.002840799978002906,1482.0,13728.0,0.5,-0.005103007999423426,0.765625,0.36869221925735474,0.0,0.8510367125272751,1.0,878592.0,0.0001,1716.0,0.2,992.9544607400894,256.0,0.024169921875,0.81640625,-0.16780771320918575,707.5,45.0,0.8671875,169.14796447753906,0.35533273220062256,-111.34443243710324
256.0,0.453125,0.0017539486289024353,1427.0,13736.0,0.5,-0.004933756030368386,0.6953125,0.3883114159107208,0.0,0.7843375653028488,1.0,879104.0,0.0001,1717.0,0.2,845.8333020806313,256.0,0.009033203125,0.7421875,-0.1865903987782076,713.0,45.0,0.7890625,135.5291290283203,0.4176114499568939,-112.70957562688739
256.0,0.48828125,0.003621390089392662,1415.0,13744.0,0.5,-0.0056890649066190235,0.76171875,0.3993692696094513,0.0,0.8606257438659668,1.0,879616.0,0.0001,1718.0,0.2,342.6965327113867,256.0,0.026123046875,0.7734375,-0.1659984232392162,714.5,45.0,0.78515625,55.999000549316406,0.4081898331642151,-113.96703897342086
256.0,0.533203125,0.005602775141596794,1411.0,13752.0,0.5,-0.008429633715422824,0.828125,0.3943946361541748,0.0,0.9420445561408997,1.0,880128.0,0.0001,1719.0,0.2,94.54651164263487,256.0,0.035888671875,0.794921875,-0.16591431718552485,714.5,45.0,0.76171875,16.06941032409668,0.3733081817626953,-114.65745136596263
256.0,0.515625,0.006982350721955299,1161.0,13760.0,0.5,-0.00493147291126661,0.78125,0.3927571773529053,0.0,0.924185998737812,1.0,880640.0,0.0001,1720.0,0.2,403.6288585662842,256.0,0.0419921875,0.765625,-0.1706771198369097,711.0,45.0,0.75,158.47607421875,0.4225001335144043,-115.37676432609558
256.0,0.568359375,0.0021160996984690428,1477.0,13768.0,0.5,-0.00813263320014812,0.875,0.35539281368255615,0.0,0.8039708584547043,1.0,881152.0,0.0001,1721.0,0.2,2038.0131007432938,256.0,0.01904296875,0.806640625,-0.14867806591792032,689.5,45.0,0.73828125,497.48626708984375,0.34230688214302063,-115.5357289535366
256.0,0.54296875,0.002955385483801365,1432.0,13776.0,0.5,-0.005995763785904273,0.86328125,0.38493800163269043,0.0,0.8980385810136795,1.0,881664.0,0.0001,1722.0,0.2,184.43918845057487,256.0,0.02734375,0.8203125,-0.15950774413067847,692.0,45.0,0.77734375,38.6431770324707,0.35132989287376404,-119.78937154661864
256.0,0.505859375,0.0034522118512541056,1415.0,13784.0,0.5,-0.008016645260795485,0.80078125,0.3638346791267395,0.0,0.9217821285128593,1.0,882176.0,0.0001,1723.0,0.2,168.55138418078423,256.0,0.028076171875,0.794921875,-0.20383347297320142,679.0,45.0,0.7890625,31.087799072265625,0.3809799551963806,-117.09204506812617
256.0,0.4921875,0.0034697121009230614,1417.0,13792.0,0.5,-0.0035220621357439086,0.7734375,0.3865671753883362,0.0,0.885932207107544,1.0,882688.0,0.0001,1724.0,0.2,593.6414760947227,256.0,0.03125,0.78125,-0.17911877034930512,684.5,45.0,0.7890625,49.601497650146484,0.3900098204612732,-116.16850835992024
256.0,0.509765625,0.005512633826583624,1051.0,13800.0,0.5,-0.008205341880966444,0.81640625,0.3690785765647888,0.0,0.9442003294825554,1.0,883200.0,0.0001,1725.0,0.2,84.28837287425995,256.0,0.042236328125,0.806640625,-0.1773475839290768,697.0,45.0,0.796875,18.568389892578125,0.3612082898616791,-114.19875855563208
256.0,0.5,0.003258281387388706,1407.0,13808.0,0.5,-0.008940845560573507,0.78515625,0.37651708722114563,0.0,0.8119346797466278,1.0,883712.0,0.0001,1726.0,0.2,1085.5192630290985,256.0,0.027099609375,0.78515625,-0.18509841209743172,688.0,45.0,0.78515625,500.4105224609375,0.3831433951854706,-113.0028747389838
256.0,0.513671875,0.0017644941108301282,1506.0,13816.0,0.5,-0.0040837690903572366,0.796875,0.3707510232925415,0.0,0.8009591400623322,1.0,884224.0,0.0001,1727.0,0.2,1866.4785902500153,256.0,0.018310546875,0.783203125,-0.15488031672430225,694.0,45.0,0.76953125,1250.40283203125,0.37301555275917053,-114.3838788603805
256.0,0.544921875,0.0028434370178729296,1435.0,13824.0,0.5,-0.009185168739350047,0.828125,0.4043436050415039,0.0,0.8104522377252579,1.0,884736.0,0.0001,1728.0,0.2,421.94631257653236,256.0,0.031494140625,0.783203125,-0.20835540333064273,693.0,45.0,0.73828125,42.27391815185547,0.3669898509979248,-116.58746644137427
256.0,0.484375,0.0033123621251434088,1423.0,13832.0,0.5,-0.008176820403605234,0.80078125,0.3532668650150299,0.0,0.9408088214695454,1.0,885248.0,0.0001,1729.0,0.2,195.51643234491348,256.0,0.031494140625,0.81640625,-0.16914896544767544,681.5,45.0,0.83203125,40.8065299987793,0.3314366936683655,-116.97575492626056
256.0,0.458984375,0.0014809517888352275,1494.0,13840.0,0.5,-0.005295609211316332,0.74609375,0.3545340299606323,0.0,0.8196737170219421,1.0,885760.0,0.0001,1730.0,0.2,1259.4542943239212,256.0,0.022705078125,0.787109375,-0.1622359361499548,703.0,45.0,0.828125,126.4551010131836,0.370954304933548,-117.99489371413365
256.0,0.439453125,0.001868442865088582,1425.0,13848.0,0.5,-0.005643253258313052,0.75,0.3834867477416992,0.0,0.8989251926541328,1.0,886272.0,0.0001,1731.0,0.2,229.10051195323467,256.0,0.023193359375,0.810546875,-0.16984342836076394,708.0,45.0,0.87109375,20.159486770629883,0.35424649715423584,-117.6159744005464
256.0,0.501953125,0.0015656895702704787,1463.0,13856.0,0.5,-0.004516547494858969,0.82421875,0.3692251145839691,0.0,0.8011402934789658,1.0,886784.0,0.0001,1732.0,0.2,1552.810242652893,256.0,0.0068359375,0.822265625,-0.17650728876469657,687.0,45.0,0.8203125,392.2115783691406,0.3652925491333008,-118.24924263535067
256.0,0.509765625,0.0021752212196588516,1477.0,13864.0,0.5,-0.0036070779224246508,0.796875,0.39828258752822876,0.0,0.8059443384408951,1.0,887296.0,0.0001,1733.0,0.2,745.0144951343536,256.0,0.015625,0.787109375,-0.1779544553719461,686.0,45.0,0.77734375,95.1906967163086,0.38596105575561523,-121.93591292601079
256.0,0.5859375,0.0028208759613335133,1411.0,13872.0,0.5,-0.007339169264014345,0.875,0.393562912940979,0.0,0.7835860252380371,1.0,887808.0,0.0001,1734.0,0.2,638.3118495345116,256.0,0.02587890625,0.7890625,-0.18477574764983729,683.5,45.0,0.703125,161.8070831298828,0.3709920048713684,-120.84466656548902
256.0,0.59375,0.0032649687491357327,1337.0,13880.0,0.5,-0.005656686753354734,0.8671875,0.40617841482162476,0.0,0.9319957941770554,1.0,888320.0,0.0001,1735.0,0.2,220.48230889439583,256.0,0.029296875,0.7734375,-0.17187037010444328,701.0,45.0,0.6796875,38.250892639160156,0.3948988914489746,-118.47695366539061
256.0,0.541015625,0.003990542143583298,1431.0,13888.0,0.5,-0.004624856508598896,0.84375,0.37836185097694397,0.0,0.8776216506958008,1.0,888832.0,0.0001,1736.0,0.2,230.06547927856445,256.0,0.016845703125,0.802734375,-0.19180044758832082,695.0,45.0,0.76171875,23.2025146484375,0.3396281599998474,-115.15239591369405
256.0,0.533203125,0.0035076949279755354,1402.0,13896.0,0.5,-0.007392775114567485,0.828125,0.3752445578575134,0.0,0.9488326385617256,1.0,889344.0,0.0001,1737.0,0.2,108.67057704925537,256.0,0.041259765625,0.794921875,-0.16666246933164075,703.5,45.0,0.76171875,19.380910873413086,0.35038310289382935,-112.67419511606917
256.0,0.462890625,0.003399327863007784,1378.0,13904.0,0.5,-0.005318851413903758,0.7421875,0.3969263434410095,0.0,0.9495600536465645,1.0,889856.0,0.0001,1738.0,0.2,114.55376433581114,256.0,0.037109375,0.779296875,-0.18566634558374062,698.0,45.0,0.81640625,23.685224533081055,0.39270347356796265,-112.50698475228623
256.0,0.43359375,0.0028692749328911304,1482.0,13912.0,0.5,-0.004044051143864635,0.7421875,0.3407765030860901,0.0,0.874996230006218,1.0,890368.0,0.0001,1739.0,0.2,434.45686799287796,256.0,0.02099609375,0.80859375,-0.18250004728906788,683.0,45.0,0.875,109.56246948242188,0.33336806297302246,-112.5580941864103
256.0,0.453125,0.0038610040210187435,1140.0,13920.0,0.5,-0.008834639651468024,0.7734375,0.35624656081199646,0.0,0.9134632796049118,1.0,890880.0,0.0001,1740.0,0.2,140.8496510386467,256.0,0.048583984375,0.8203125,-0.1867755579878576,683.0,45.0,0.8671875,29.404661178588867,0.3499332070350647,-112.85876789368689
256.0,0.474609375,0.004688076209276915,1396.0,13928.0,0.5,-0.010410389168100664,0.74609375,0.38146644830703735,0.0,0.9322864636778831,1.0,891392.0,0.0001,1741.0,0.2,137.7232726663351,256.0,0.029296875,0.771484375,-0.18140845804009587,702.5,45.0,0.796875,25.9801025390625,0.3972335457801819,-114.73806274965405
256.0,0.44921875,0.0018167522503063083,1480.0,13936.0,0.5,-0.002946247062936891,0.72265625,0.36190465092658997,0.0,0.9009469971060753,1.0,891904.0,0.0001,1742.0,0.2,432.30402025580406,256.0,0.01513671875,0.7734375,-0.19824781286297366,705.5,45.0,0.82421875,24.286788940429688,0.37998268008232117,-112.49846390351654
256.0,0.505859375,0.0035327698569744825,1380.0,13944.0,0.5,-0.00868304858522606,0.80078125,0.38712239265441895,0.0,0.8461183160543442,1.0,892416.0,0.0001,1743.0,0.2,504.0514859557152,256.0,0.0322265625,0.794921875,-0.20907025545602664,693.0,45.0,0.7890625,34.389259338378906,0.3729326128959656,-114.48049148896709
256.0,0.49609375,0.0026732799597084522,1399.0,13952.0,0.5,-0.007489960786188021,0.8046875,0.3690827190876007,0.0,0.8815805464982986,1.0,892928.0,0.0001,1744.0,0.2,319.3494479060173,256.0,0.01611328125,0.80859375,-0.20236578554613516,693.0,45.0,0.8125,86.85481262207031,0.34487539529800415,-117.13820137813687
256.0,0.509765625,0.0038129682652652264,1348.0,13960.0,0.5,-0.006631010786804836,0.81640625,0.3777245879173279,0.0,0.9377060569822788,1.0,893440.0,0.0001,1745.0,0.2,108.06407979130745,256.0,0.030517578125,0.806640625,-0.19934754428686574,690.5,45.0,0.796875,18.05748748779297,0.36499735713005066,-118.38527313865721
256.0,0.5625,0.0034737433306872845,1137.0,13968.0,0.5,-0.007251941962749697,0.87109375,0.38677719235420227,0.0,0.9136810526251793,1.0,893952.0,0.0001,1746.0,0.2,187.13535621762276,256.0,0.03515625,0.80859375,-0.19386018498335034,686.5,45.0,0.74609375,25.09794807434082,0.3591774106025696,-118.52311309356243
256.0,0.513671875,0.0020763971842825413,1402.0,13976.0,0.5,-0.004776553818373941,0.84375,0.37499791383743286,0.0,0.856222927570343,1.0,894464.0,0.0001,1747.0,0.2,1190.4591214954853,256.0,0.0302734375,0.830078125,-0.21109776227967814,673.0,45.0,0.81640625,817.7288818359375,0.3410630226135254,-118.20997307818384
256.0,0.541015625,0.0027232621796429157,1402.0,13984.0,0.5,-0.0058595130358298775,0.8359375,0.3795663118362427,0.0,0.8839471116662025,1.0,894976.0,0.0001,1748.0,0.2,243.6857163310051,256.0,0.021240234375,0.794921875,-0.20655125146731734,674.0,45.0,0.75390625,67.53399658203125,0.38031914830207825,-119.62085880367086
256.0,0.52734375,0.004670345224440098,1430.0,13992.0,0.5,-0.006199447496328503,0.796875,0.39058470726013184,0.0,0.901152953505516,1.0,895488.0,0.0001,1749.0,0.2,196.27746731042862,256.0,0.0244140625,0.76953125,-0.18682076851837337,674.0,45.0,0.7421875,14.542534828186035,0.38982895016670227,-115.45055570149795
256.0,0.4921875,0.004066972993314266,1330.0,14000.0,0.5,-0.00784236336039612,0.80078125,0.3983955979347229,0.0,0.9241215735673904,1.0,896000.0,0.0001,1750.0,0.2,147.37050203979015,256.0,0.036865234375,0.80859375,-0.19365628212108277,672.0,45.0,0.81640625,46.67586135864258,0.37171316146850586,-113.65800994116813
256.0,0.53125,0.003463838715106249,1108.0,14008.0,0.5,-0.009427245830011088,0.81640625,0.3839740455150604,0.0,0.9295437857508659,1.0,896512.0,0.0001,1751.0,0.2,139.00985053181648,256.0,0.03466796875,0.78515625,-0.1886406778357923,692.0,45.0,0.75390625,36.99180221557617,0.3949297070503235,-111.1851140848361
256.0,0.4765625,0.0037300342228263617,1315.0,14016.0,0.5,-0.005939520779065788,0.765625,0.3590898811817169,0.0,0.9378208704292774,1.0,897024.0,0.0001,1752.0,0.2,112.46303386986256,256.0,0.032958984375,0.7890625,-0.18696312443353236,690.0,45.0,0.8125,12.963367462158203,0.3522549271583557,-109.49423135088756
256.0,0.4921875,0.002411197405308485,1435.0,14024.0,0.5,-0.005857825799466809,0.78515625,0.35819998383522034,0.0,0.8833428770303726,1.0,897536.0,0.0001,1753.0,0.2,532.3360307812691,256.0,0.02001953125,0.79296875,-0.19474388391245157,682.0,45.0,0.80078125,27.367904663085938,0.35316401720046997,-111.67927314599976
256.0,0.513671875,0.002569530624896288,1450.0,14032.0,0.5,-0.004430032415257301,0.8203125,0.3638869524002075,0.0,0.9223751574754715,1.0,898048.0,0.0001,1754.0,0.2,156.20201900601387,256.0,0.023193359375,0.806640625,-0.20980674523161724,679.5,45.0,0.79296875,26.137176513671875,0.34797799587249756,-113.05174648577348
256.0,0.494140625,0.005950023420155048,1367.0,14040.0,0.5,-0.00920972822495969,0.81640625,0.35470670461654663,0.0,0.9565097168087959,1.0,898560.0,0.0001,1755.0,0.2,87.47118972241879,256.0,0.0556640625,0.822265625,-0.21793008456006646,682.5,45.0,0.828125,16.385787963867188,0.33928442001342773,-113.73397928319872
256.0,0.466796875,0.0031533401925116777,1141.0,14048.0,0.5,-0.00403875952179078,0.7890625,0.34477394819259644,0.0,0.8525400310754776,1.0,899072.0,0.0001,1756.0,0.2,1141.1547267436981,256.0,0.02392578125,0.822265625,-0.1623115591937676,686.5,45.0,0.85546875,62.21928405761719,0.3383679986000061,-115.19726866280661
256.0,0.533203125,0.003334484528750181,1424.0,14056.0,0.5,-0.0066012430979753844,0.81640625,0.40494242310523987,0.0,0.885366328060627,1.0,899584.0,0.0001,1757.0,0.2,378.46298056840897,256.0,0.01953125,0.783203125,-0.19045911001740023,691.5,45.0,0.75,56.102630615234375,0.40096184611320496,-115.85746251082048
256.0,0.513671875,0.005117161199450493,1418.0,14064.0,0.5,-0.006816849134338554,0.828125,0.38176900148391724,0.0,0.930914930999279,1.0,900096.0,0.0001,1758.0,0.2,188.65313243865967,256.0,0.025634765625,0.814453125,-0.17920438715373166,691.5,45.0,0.80078125,39.06245040893555,0.3605137765407562,-115.67552896162495
256.0,0.50390625,0.0032921256497502327,1423.0,14072.0,0.5,-0.005682333146978635,0.82421875,0.39153924584388733,0.0,0.8530929088592529,1.0,900608.0,0.0001,1759.0,0.2,344.61536729335785,256.0,0.023681640625,0.8203125,-0.18432373192626983,697.0,45.0,0.81640625,43.2415885925293,0.35834866762161255,-116.21166640032082
256.0,0.509765625,0.003517075441777706,1476.0,14080.0,0.5,-0.006542046139657032,0.81640625,0.39513009786605835,0.0,0.975799111649394,1.0,901120.0,0.0001,1760.0,0.2,106.29080267250538,256.0,0.027587890625,0.806640625,-0.1747519008931704,678.5,45.0,0.796875,18.787302017211914,0.377846360206604,-116.47041284224018
256.0,0.546875,0.002118617994710803,1155.0,14088.0,0.5,-0.005287404070259072,0.8203125,0.3965880572795868,0.0,0.8264944106340408,1.0,901632.0,0.0001,1761.0,0.2,1014.9987368583679,256.0,0.014404296875,0.7734375,-0.20053935324540362,666.0,45.0,0.7265625,121.43338012695312,0.4027693271636963,-116.66779678873718
256.0,0.55078125,0.0023994864895939827,1413.0,14096.0,0.5,-0.005134835617354838,0.86328125,0.3695882558822632,0.0,0.9328038915991783,1.0,902144.0,0.0001,1762.0,0.2,179.87702633440495,256.0,0.021484375,0.8125,-0.18142217601416633,675.5,45.0,0.76171875,21.481691360473633,0.3604831099510193,-114.00427592318505
256.0,0.541015625,0.0024912001099437475,1421.0,14104.0,0.5,-0.005313272158673499,0.83984375,0.3864439129829407,0.0,0.8793731927871704,1.0,902656.0,0.0001,1763.0,0.2,491.7534470260143,256.0,0.024658203125,0.798828125,-0.20317801350029185,674.5,45.0,0.7578125,197.40049743652344,0.3726556599140167,-111.39216288767756
256.0,0.546875,0.0017259885789826512,1448.0,14112.0,0.5,-0.006185307116538752,0.86328125,0.37141042947769165,0.0,0.8972072303295135,1.0,903168.0,0.0001,1764.0,0.2,208.60075968503952,256.0,0.025146484375,0.81640625,-0.2050952145946212,668.0,45.0,0.76953125,66.87032318115234,0.32841819524765015,-110.47674423860386
256.0,0.51953125,0.0008170861983671784,1493.0,14120.0,0.5,-0.002964447943668347,0.80859375,0.3530636429786682,0.0,0.861365482211113,1.0,903680.0,0.0001,1765.0,0.2,987.9111655950546,256.0,0.008056640625,0.7890625,-0.1621436977875419,670.5,45.0,0.76953125,1044.923583984375,0.3591853380203247,-109.68245068784803
256.0,0.474609375,0.005936772562563419,1175.0,14128.0,0.5,-0.010940957727143541,0.76953125,0.3911289572715759,0.0,0.8505050987005234,1.0,904192.0,0.0001,1766.0,0.2,281.09629315137863,256.0,0.045166015625,0.794921875,-0.19664382690098137,673.0,45.0,0.8203125,67.52376556396484,0.38191336393356323,-109.51245536906644
256.0,0.46875,0.002285165246576071,1394.0,14136.0,0.5,-0.00564189494252787,0.78515625,0.3739921748638153,0.0,0.8537127375602722,1.0,904704.0,0.0001,1767.0,0.2,438.0749464929104,256.0,0.0166015625,0.81640625,-0.19147992745274678,656.0,45.0,0.84765625,196.4189453125,0.35943540930747986,-109.99631126159802
256.0,0.494140625,0.003008590079843998,1384.0,14144.0,0.5,-0.005747826857259497,0.78125,0.368469774723053,0.0,0.8967884853482246,1.0,905216.0,0.0001,1768.0,0.2,268.1866152584553,256.0,0.021728515625,0.787109375,-0.20679149613715708,671.5,45.0,0.79296875,31.270267486572266,0.3767175078392029,-110.77203574085608
256.0,0.494140625,0.0038317388389259577,1407.0,14152.0,0.5,-0.005534632757189684,0.8203125,0.34103304147720337,0.0,0.908256322145462,1.0,905728.0,0.0001,1769.0,0.2,850.0783222317696,256.0,0.022216796875,0.826171875,-0.19208789430558681,669.5,45.0,0.83203125,31.52344512939453,0.32329317927360535,-109.58862538484857
256.0,0.505859375,0.0014679912710562348,1402.0,14160.0,0.5,-0.005038761941250414,0.79296875,0.3868815004825592,0.0,0.8263300657272339,1.0,906240.0,0.0001,1770.0,0.2,741.7933071255684,256.0,0.012451171875,0.787109375,-0.17739040695596486,661.5,45.0,0.78125,398.2994079589844,0.3675077557563782,-114.80992170879617
256.0,0.521484375,0.005344945006072521,1164.0,14168.0,0.5,-0.00842126326460857,0.8125,0.3898046910762787,0.0,0.9347530975937843,1.0,906752.0,0.0001,1771.0,0.2,128.594872713089,256.0,0.03955078125,0.791015625,-0.21020309918094426,664.5,45.0,0.76953125,25.334043502807617,0.39630258083343506,-116.71778415251524
256.0,0.515625,0.006275114603340626,1396.0,14176.0,0.5,-0.00859289309300948,0.80859375,0.367331326007843,0.0,0.9499262757599354,1.0,907264.0,0.0001,1772.0,0.2,100.47710901498795,256.0,0.044189453125,0.79296875,-0.21217351197265089,670.0,45.0,0.77734375,19.735265731811523,0.3579466938972473,-118.43670470828191
256.0,0.474609375,0.0007725527975708246,1473.0,14184.0,0.5,-0.0028948615581612103,0.7578125,0.3708677291870117,0.0,0.8657312393188477,1.0,907776.0,0.0001,1773.0,0.2,1099.3385180830956,256.0,0.009033203125,0.783203125,-0.19029170059366152,690.0,45.0,0.80859375,857.121826171875,0.3596821427345276,-118.65817444832996
256.0,0.498046875,0.0024950173683464527,1473.0,14192.0,0.5,-0.007574247068987461,0.8046875,0.35453420877456665,0.0,0.8924432247877121,1.0,908288.0,0.0001,1774.0,0.2,1026.3455953001976,256.0,0.021240234375,0.806640625,-0.17810886853840202,682.5,45.0,0.80859375,946.4691772460938,0.33999931812286377,-120.7311372320354
256.0,0.4765625,0.0006732146721333265,1390.0,14200.0,0.5,-0.004595028805852053,0.81640625,0.358468621969223,0.0,0.8170496076345444,1.0,908800.0,0.0001,1775.0,0.2,1282.512666940689,256.0,0.00634765625,0.83984375,-0.2134880573139526,666.0,45.0,0.86328125,481.1148986816406,0.323793888092041,-124.10890216140076
256.0,0.501953125,0.0014889842132106423,1361.0,14208.0,0.5,-0.005067614187282743,0.80078125,0.36812615394592285,0.0,0.8482569456100464,1.0,909312.0,0.0001,1776.0,0.2,857.3811711072922,256.0,0.016845703125,0.798828125,-0.19924674095818773,666.0,45.0,0.796875,346.31134033203125,0.3618403673171997,-127.40270776078106
256.0,0.5078125,0.0019201904069632292,1147.0,14216.0,0.5,-0.006817969602707308,0.80078125,0.3874989151954651,0.0,0.8624489009380341,1.0,909824.0,0.0001,1777.0,0.2,632.7479518055916,256.0,0.01708984375,0.79296875,-0.20728082780260593,659.0,45.0,0.78515625,94.02440643310547,0.38897189497947693,-129.00002639003097
256.0,0.521484375,0.005544651299715042,1324.0,14224.0,0.5,-0.010982262076140614,0.80859375,0.3778877258300781,0.0,0.9444269053637981,1.0,910336.0,0.0001,1778.0,0.2,134.8564527630806,256.0,0.0478515625,0.787109375,-0.2186476038186811,668.0,45.0,0.765625,16.41938018798828,0.3824206292629242,-127.26987990748137
256.0,0.447265625,0.00418009702116251,1371.0,14232.0,0.5,-0.007935296052892227,0.74609375,0.3739834427833557,0.0,0.8711879551410675,1.0,910848.0,0.0001,1779.0,0.2,498.5539696216583,256.0,0.039306640625,0.798828125,-0.19663841178407893,677.5,45.0,0.8515625,69.60018157958984,0.38817310333251953,-126.78633640794084
256.0,0.541015625,0.002402068581432104,1378.0,14240.0,0.5,-0.006813096726546064,0.84765625,0.390217661857605,0.0,0.9238229021430016,1.0,911360.0,0.0001,1780.0,0.2,139.32759276032448,256.0,0.02099609375,0.806640625,-0.21752206282690167,677.5,45.0,0.765625,26.845075607299805,0.38132020831108093,-126.59635878218337
256.0,0.517578125,0.0015377345262095332,1377.0,14248.0,0.5,-0.004102090453670826,0.81640625,0.37016671895980835,0.0,0.8552060276269913,1.0,911872.0,0.0001,1781.0,0.2,711.0809754133224,256.0,0.014892578125,0.798828125,-0.21059266215888783,671.5,45.0,0.78125,137.17042541503906,0.3490872383117676,-124.72167861642316
256.0,0.54296875,0.003582961391657591,1096.0,14256.0,0.5,-0.006030793763784459,0.85546875,0.36353498697280884,0.0,0.9006824418902397,1.0,912384.0,0.0001,1782.0,0.2,193.261236846447,256.0,0.034423828125,0.8125,-0.1967427188064903,658.0,45.0,0.76953125,35.627166748046875,0.34664589166641235,-126.29944875210523
256.0,0.482421875,0.002947026863694191,1390.0,14264.0,0.5,-0.006141155921795871,0.7890625,0.35829299688339233,0.0,0.9516611099243164,1.0,912896.0,0.0001,1783.0,0.2,122.4777944535017,256.0,0.023681640625,0.806640625,-0.18136979610426351,663.0,45.0,0.82421875,19.022933959960938,0.35190942883491516,-122.18693700475619
256.0,0.494140625,0.0025771879591047764,1474.0,14272.0,0.5,-0.0052139834660920314,0.78515625,0.3569035530090332,0.0,0.7754529267549515,1.0,913408.0,0.0001,1784.0,0.2,1735.071778535843,256.0,0.020263671875,0.791015625,-0.2260556688415818,664.5,45.0,0.796875,223.44039916992188,0.3688543438911438,-118.87567433997988
256.0,0.515625,0.002702760975807905,1391.0,14280.0,0.5,-0.006538149005791638,0.79296875,0.3895077109336853,0.0,0.8431342989206314,1.0,913920.0,0.0001,1785.0,0.2,521.1327095627785,256.0,0.017333984375,0.77734375,-0.17983323786756955,672.0,45.0,0.76171875,220.8932647705078,0.4131816029548645,-118.03572400152683
256.0,0.5078125,0.0039678639732301235,1349.0,14288.0,0.5,-0.005159101656317944,0.83203125,0.3749164938926697,0.0,0.8708838820457458,1.0,914432.0,0.0001,1786.0,0.2,239.05930519104004,256.0,0.02490234375,0.82421875,-0.19825325929559767,690.5,45.0,0.81640625,21.222707748413086,0.35672518610954285,-116.1674309594743
256.0,0.505859375,0.0021014059893786907,1146.0,14296.0,0.5,-0.005384362397307996,0.8203125,0.36207789182662964,0.0,0.879024088382721,1.0,914944.0,0.0001,1787.0,0.2,418.3801643252373,256.0,0.01806640625,0.814453125,-0.2129893041565083,699.0,45.0,0.80859375,36.677268981933594,0.35548901557922363,-114.26465365786106
256.0,0.458984375,0.001704250113107264,1464.0,14304.0,0.5,-0.005261754256935092,0.73046875,0.3793346881866455,0.0,0.9041242375969887,1.0,915456.0,0.0001,1788.0,0.2,515.3621898889542,256.0,0.010986328125,0.771484375,-0.19285265146754682,695.0,45.0,0.8125,182.15184020996094,0.39650464057922363,-114.5452994350344
256.0,0.515625,0.0034361393190920353,1414.0,14312.0,0.5,-0.007900950498878956,0.83984375,0.3703250288963318,0.0,0.9333538189530373,1.0,915968.0,0.0001,1789.0,0.2,162.98758479952812,256.0,0.033935546875,0.82421875,-0.21735148434527218,692.5,45.0,0.80859375,60.041385650634766,0.34670430421829224,-116.2004111407511
256.0,0.55859375,0.0070267426781356335,1388.0,14320.0,0.5,-0.007859973182348767,0.828125,0.39629435539245605,0.0,0.9344596266746521,1.0,916480.0,0.0001,1790.0,0.2,142.2407839000225,256.0,0.044677734375,0.76953125,-0.2198360903421417,698.0,45.0,0.7109375,28.503204345703125,0.3874678611755371,-117.67546621119604
256.0,0.52734375,0.004210836254060268,1316.0,14328.0,0.5,-0.006467899405834032,0.84765625,0.37738239765167236,0.0,0.9504566602408886,1.0,916992.0,0.0001,1791.0,0.2,98.53809905052185,256.0,0.020263671875,0.8203125,-0.18415342672960833,697.5,45.0,0.79296875,16.890626907348633,0.35159537196159363,-115.58234476525337
256.0,0.5,0.0017281817272305489,1139.0,14336.0,0.5,-0.003442292450927198,0.8359375,0.34223923087120056,0.0,0.8945918083190918,1.0,917504.0,0.0001,1792.0,0.2,576.0943149328232,256.0,0.014404296875,0.8359375,-0.1684913127683103,718.5,45.0,0.8359375,175.720703125,0.3095911145210266,-115.1295045482926
256.0,0.529296875,0.0021916923578828573,1074.0,14344.0,0.5,-0.007783591157931369,0.80078125,0.41332775354385376,0.0,0.8361406177282333,1.0,918016.0,0.0001,1793.0,0.2,1252.029464840889,256.0,0.017578125,0.771484375,-0.17896515736356378,759.0,45.0,0.7421875,185.82086181640625,0.40970104932785034,-115.1940519445017
256.0,0.51171875,0.0025497672613710165,1253.0,14352.0,0.5,-0.005150650176801719,0.828125,0.35876813530921936,0.0,0.8477222919464111,1.0,918528.0,0.0001,1794.0,0.2,926.3426690101624,256.0,0.018310546875,0.81640625,-0.18855192774208263,756.0,45.0,0.8046875,430.5545349121094,0.33274948596954346,-115.53861379668116
256.0,0.513671875,0.0011505568400025368,1468.0,14360.0,0.5,-0.0027575517087825574,0.80859375,0.3713175356388092,0.0,0.8815285712480545,1.0,919040.0,0.0001,1795.0,0.2,448.661985039711,256.0,0.0068359375,0.794921875,-0.18501793139148504,730.0,45.0,0.78125,382.3968505859375,0.3621886968612671,-116.81699919672683
256.0,0.50390625,0.0032465271651744843,1315.0,14368.0,0.5,-0.005783041502581909,0.83203125,0.37557125091552734,0.0,0.9151107370853424,1.0,919552.0,0.0001,1796.0,0.2,190.07465627789497,256.0,0.01513671875,0.828125,-0.22171106125460938,727.5,45.0,0.82421875,20.2642822265625,0.3544153571128845,-117.72172358579934
256.0,0.51171875,0.00564314890652895,1148.0,14376.0,0.5,-0.005180742824450135,0.8359375,0.35505253076553345,0.0,0.9527722150087357,1.0,920064.0,0.0001,1797.0,0.2,103.36994087696075,256.0,0.03076171875,0.82421875,-0.19676383311161771,734.0,45.0,0.8125,24.76820182800293,0.3471635580062866,-117.55186985053122
256.0,0.51953125,0.006060680840164423,1452.0,14384.0,0.5,-0.009958852489944547,0.8125,0.37177085876464844,0.0,0.9632043167948723,1.0,920576.0,0.0001,1798.0,0.2,76.94240209460258,256.0,0.05322265625,0.79296875,-0.22156388458097354,734.0,45.0,0.7734375,15.800993919372559,0.3904695212841034,-116.07211441695691
256.0,0.515625,0.007041222415864468,1403.0,14392.0,0.5,-0.008756620678468607,0.83984375,0.3877991735935211,0.0,0.9536475911736488,1.0,921088.0,0.0001,1799.0,0.2,84.56194595992565,256.0,0.0400390625,0.82421875,-0.19189327023923397,743.0,45.0,0.80859375,15.5531005859375,0.363212525844574,-116.56803133154288
256.0,0.54296875,0.00457504577934742,1405.0,14400.0,0.5,-0.0052222057165636215,0.83984375,0.34405404329299927,0.0,0.8795642331242561,1.0,921600.0,0.0001,1800.0,0.2,695.3623540699482,256.0,0.02783203125,0.796875,-0.17015788092976436,720.0,45.0,0.75390625,281.4740295410156,0.3451831638813019,-117.36151149215176
256.0,0.490234375,0.0009672711603343487,1474.0,14408.0,0.5,-0.003191134732333012,0.78125,0.36932092905044556,0.0,0.8317225873470306,1.0,922112.0,0.0001,1801.0,0.2,724.2124147415161,256.0,0.005126953125,0.791015625,-0.1726841120107565,699.5,45.0,0.80078125,366.9466247558594,0.3622745871543884,-117.81560845900327
256.0,0.490234375,0.0032312998082488775,1069.0,14416.0,0.5,-0.004674697825976182,0.765625,0.39778995513916016,0.0,0.7783826738595963,1.0,922624.0,0.0001,1802.0,0.2,1856.591849565506,256.0,0.01806640625,0.775390625,-0.1848932213615626,659.5,45.0,0.78515625,742.4253540039062,0.4029330015182495,-117.5004123412259
256.0,0.533203125,0.0013950945576652884,1461.0,14424.0,0.5,-0.004993504819140071,0.84765625,0.3767506182193756,0.0,0.82514788210392,1.0,923136.0,0.0001,1803.0,0.2,1334.906728029251,256.0,0.009521484375,0.814453125,-0.1712301627267152,693.5,45.0,0.78125,829.2755737304688,0.35348930954933167,-120.56403402393684
256.0,0.568359375,0.003461277112364769,1337.0,14432.0,0.5,-0.006420767640520353,0.88671875,0.39522427320480347,0.0,0.8109329789876938,1.0,923648.0,0.0001,1804.0,0.2,1017.8413524627686,256.0,0.019775390625,0.818359375,-0.18709962198045105,705.5,45.0,0.75,396.78985595703125,0.36562854051589966,-120.09707481218501
256.0,0.5078125,0.0026493254117667675,1359.0,14440.0,0.5,-0.00611242496597697,0.796875,0.37456727027893066,0.0,0.8285995423793793,1.0,924160.0,0.0001,1805.0,0.2,364.41003918647766,256.0,0.0205078125,0.7890625,-0.20952152280369774,695.0,45.0,0.78125,31.575702667236328,0.3609082102775574,-120.99985262274743
256.0,0.533203125,0.0043835146352648735,1400.0,14448.0,0.5,-0.007070727791870013,0.82421875,0.38952580094337463,0.0,0.9208582118153572,1.0,924672.0,0.0001,1806.0,0.2,174.2184231430292,256.0,0.031494140625,0.791015625,-0.20498453453183174,699.0,45.0,0.7578125,29.54041290283203,0.39377737045288086,-120.90541765505448
256.0,0.49609375,0.00410779332742095,1405.0,14456.0,0.5,-0.005001343350159004,0.8359375,0.33361655473709106,0.0,0.8088434040546417,1.0,925184.0,0.0001,1807.0,0.2,1031.8552415966988,256.0,0.02783203125,0.83984375,-0.21302547422237694,695.5,45.0,0.84375,129.81491088867188,0.3047316372394562,-119.44531830716878
256.0,0.48046875,0.0035568722523748875,1162.0,14464.0,0.5,-0.008181094159226632,0.79296875,0.3655914068222046,0.0,0.9076764807105064,1.0,925696.0,0.0001,1808.0,0.2,173.2667151093483,256.0,0.03369140625,0.8125,-0.20765259180916473,689.5,45.0,0.83203125,32.319580078125,0.3665221333503723,-121.48837158724666
256.0,0.505859375,0.001616035238839686,1483.0,14472.0,0.5,-0.0029311635735211894,0.78515625,0.37692832946777344,0.0,0.7716106474399567,1.0,926208.0,0.0001,1809.0,0.2,1535.4970722198486,256.0,0.009033203125,0.779296875,-0.1673092691344209,681.0,45.0,0.7734375,1521.682373046875,0.3669919967651367,-121.00819422334433
256.0,0.50390625,0.004814302548766136,1426.0,14480.0,0.5,-0.008089349765214138,0.796875,0.4007813334465027,0.0,0.8712508231401443,1.0,926720.0,0.0001,1810.0,0.2,277.98010700941086,256.0,0.03662109375,0.79296875,-0.24457392620388418,693.5,45.0,0.7890625,47.59152603149414,0.3755100965499878,-122.25568456247449
256.0,0.5,0.002388018649071455,1382.0,14488.0,0.5,-0.006708193628583103,0.8125,0.37190067768096924,0.0,0.8828755617141724,1.0,927232.0,0.0001,1811.0,0.2,585.5501545071602,256.0,0.026123046875,0.8125,-0.1835481346352026,716.0,45.0,0.8125,229.87088012695312,0.3603360652923584,-117.70674783317372
256.0,0.46875,0.0026610931381583214,1479.0,14496.0,0.5,-0.003542091601048014,0.8046875,0.35631826519966125,0.0,0.8606873601675034,1.0,927744.0,0.0001,1812.0,0.2,507.7052812278271,256.0,0.018310546875,0.8359375,-0.208325722895097,689.0,45.0,0.8671875,30.445215225219727,0.3335684537887573,-119.74640693303198
256.0,0.4765625,0.006654740776866674,1085.0,14504.0,0.5,-0.009305276082159253,0.7578125,0.3709377944469452,0.0,0.8908814191818237,1.0,928256.0,0.0001,1813.0,0.2,275.64115154743195,256.0,0.036376953125,0.78125,-0.22371971944812685,679.5,45.0,0.8046875,23.524032592773438,0.3815819323062897,-119.52210165508092
256.0,0.5546875,0.0069901542738080025,1427.0,14512.0,0.5,-0.008498521128785796,0.8359375,0.38858920335769653,0.0,0.9488233849406242,1.0,928768.0,0.0001,1814.0,0.2,120.40483510494232,256.0,0.05615234375,0.78125,-0.20660844471422024,691.5,45.0,0.7265625,25.696590423583984,0.40035977959632874,-118.61229553403332
256.0,0.4921875,0.003945137374103069,1407.0,14520.0,0.5,-0.008076785044977441,0.80078125,0.3858810067176819,0.0,0.9419615194201469,1.0,929280.0,0.0001,1815.0,0.2,128.2362232208252,256.0,0.027099609375,0.80859375,-0.18476123129948974,689.5,45.0,0.81640625,29.90192985534668,0.3588007092475891,-119.12331900164484
256.0,0.4609375,0.002836057683452964,1436.0,14528.0,0.5,-0.00682200269511668,0.78125,0.35009944438934326,0.0,0.9438737854361534,1.0,929792.0,0.0001,1816.0,0.2,118.61307758837938,256.0,0.02392578125,0.8203125,-0.2526718374574557,691.5,45.0,0.859375,19.395431518554688,0.32954123616218567,-119.23339870361612
256.0,0.484375,0.0028688947204500437,1389.0,14536.0,0.5,-0.006289727542025503,0.7578125,0.3584147095680237,0.0,0.8726338744163513,1.0,930304.0,0.0001,1817.0,0.2,582.9593684375286,256.0,0.042724609375,0.7734375,-0.1996246653725393,698.0,45.0,0.7890625,73.42955780029297,0.36944806575775146,-118.64174792384729
256.0,0.44921875,0.0045216744765639305,1191.0,14544.0,0.5,-0.00574109857188887,0.734375,0.34854811429977417,0.0,0.906486339867115,1.0,930816.0,0.0001,1818.0,0.2,170.87898440659046,256.0,0.027587890625,0.78515625,-0.2049302781233564,705.5,45.0,0.8359375,31.389474868774414,0.36754053831100464,-119.85910596376284
256.0,0.412109375,0.004266078118234873,1463.0,14552.0,0.5,-0.008013038299395703,0.74609375,0.3396020233631134,0.0,0.9156708493828773,1.0,931328.0,0.0001,1819.0,0.2,210.95442512631416,256.0,0.043701171875,0.833984375,-0.22462783980881795,695.5,45.0,0.921875,44.99734878540039,0.31380343437194824,-119.60204259585589
256.0,0.537109375,0.00399421714246273,1313.0,14560.0,0.5,-0.007572100799734471,0.859375,0.3800698220729828,0.0,0.9355832785367966,1.0,931840.0,0.0001,1820.0,0.2,154.84974041581154,256.0,0.025390625,0.822265625,-0.18745902588125318,691.0,45.0,0.78515625,29.402023315429688,0.3507235646247864,-120.3889486647956
256.0,0.5078125,0.005088410805910826,1467.0,14568.0,0.5,-0.006148502849100623,0.79296875,0.37853294610977173,0.0,0.871233731508255,1.0,932352.0,0.0001,1821.0,0.2,496.65591064095497,256.0,0.0205078125,0.78515625,-0.22059029713273048,694.0,45.0,0.77734375,64.7208251953125,0.3780883848667145,-119.56132589112967
256.0,0.525390625,0.0015736835775896907,1504.0,14576.0,0.5,-0.005493118231242988,0.81640625,0.36030590534210205,0.0,0.8453977704048157,1.0,932864.0,0.0001,1822.0,0.2,1485.2130804657936,256.0,0.009521484375,0.791015625,-0.20784863596782088,683.0,45.0,0.765625,1180.302734375,0.37209975719451904,-118.91016669107601
256.0,0.494140625,0.0012988692615181208,1173.0,14584.0,0.5,-0.0045228585877339356,0.8125,0.369684636592865,0.0,0.8459235727787018,1.0,933376.0,0.0001,1823.0,0.2,606.1785546541214,256.0,0.0126953125,0.818359375,-0.1957307860138826,684.0,45.0,0.82421875,105.50890350341797,0.3479522168636322,-122.1862691347301
256.0,0.517578125,0.003143473993986845,1323.0,14592.0,0.5,-0.008625164038676303,0.83203125,0.3770727813243866,0.0,0.9447290897369385,1.0,933888.0,0.0001,1824.0,0.2,166.10908669233322,256.0,0.02783203125,0.814453125,-0.213834126945585,687.5,45.0,0.796875,19.15723991394043,0.35006362199783325,-122.07511448442936
256.0,0.509765625,0.003545839339494705,1426.0,14600.0,0.5,-0.007459158299752744,0.76171875,0.38152581453323364,0.0,0.9364026263356209,1.0,934400.0,0.0001,1825.0,0.2,165.50176510214806,256.0,0.02978515625,0.751953125,-0.21999424218665808,683.0,45.0,0.7421875,58.60888671875,0.3919394612312317,-123.21554473301396
256.0,0.52734375,0.002775870729237795,1347.0,14608.0,0.5,-0.005378466194088105,0.81640625,0.37901705503463745,0.0,0.9569265507161617,1.0,934912.0,0.0001,1826.0,0.2,160.55526645481586,256.0,0.0224609375,0.7890625,-0.17742838483536616,696.5,45.0,0.76171875,33.67009735107422,0.36054080724716187,-122.935438287016
256.0,0.48828125,0.002358501311391592,1428.0,14616.0,0.5,-0.006593219950445928,0.765625,0.3838282525539398,0.0,0.9117042124271393,1.0,935424.0,0.0001,1827.0,0.2,400.68684607744217,256.0,0.0263671875,0.77734375,-0.17107095129904337,705.0,45.0,0.7890625,100.89967346191406,0.394916832447052,-122.63079359000548
256.0,0.46484375,0.0011960550909861922,1212.0,14624.0,0.5,-0.003636290606664261,0.75,0.3635040521621704,0.0,0.8096281439065933,1.0,935936.0,0.0001,1828.0,0.2,1527.8093889951706,256.0,0.007080078125,0.78515625,-0.19868777104420587,699.0,45.0,0.8203125,183.365234375,0.3838038146495819,-121.42454816970974
256.0,0.513671875,0.00445392495021224,1318.0,14632.0,0.5,-0.007892757836089004,0.8046875,0.37704575061798096,0.0,0.8447911292314529,1.0,936448.0,0.0001,1829.0,0.2,286.3377936184406,256.0,0.023193359375,0.791015625,-0.19373329187510535,701.0,45.0,0.77734375,25.564178466796875,0.4054860472679138,-124.94568507749587
256.0,0.521484375,0.004241477698087692,1446.0,14640.0,0.5,-0.008145888088620268,0.84375,0.35851144790649414,0.0,0.9212266430258751,1.0,936960.0,0.0001,1830.0,0.2,169.75680121779442,256.0,0.03271484375,0.822265625,-0.20788002450717613,716.5,45.0,0.80078125,42.58479690551758,0.3201547861099243,-125.34311537262052
256.0,0.5,0.0027962918393313885,1384.0,14648.0,0.5,-0.008435212417680304,0.8046875,0.3803563117980957,0.0,0.9408535473048687,1.0,937472.0,0.0001,1831.0,0.2,131.4162123054266,256.0,0.037841796875,0.8046875,-0.22415396594442427,728.5,45.0,0.8046875,22.56336784362793,0.35022833943367004,-124.3330828002654
256.0,0.55078125,0.0035324220079928637,1398.0,14656.0,0.5,-0.00801566340305726,0.8359375,0.3756575584411621,0.0,0.9395425468683243,1.0,937984.0,0.0001,1832.0,0.2,174.8094907850027,256.0,0.03271484375,0.78515625,-0.20607490214752033,724.0,45.0,0.734375,45.21318435668945,0.3750119209289551,-119.80130604071543
256.0,0.529296875,0.00233905715867877,1179.0,14664.0,0.5,-0.0072785861520969775,0.7890625,0.3876476287841797,0.0,0.9561148919165134,1.0,938496.0,0.0001,1833.0,0.2,105.99263560771942,256.0,0.0234375,0.759765625,-0.20491077861515805,724.0,45.0,0.73046875,25.223392486572266,0.3967994749546051,-119.74747718900443
256.0,0.49609375,0.0018514619441702962,1444.0,14672.0,0.5,-0.003506584500428289,0.80859375,0.39126068353652954,0.0,0.8811616972088814,1.0,939008.0,0.0001,1834.0,0.2,1019.0898755788803,256.0,0.017333984375,0.8125,-0.2047380264266394,714.5,45.0,0.81640625,173.60755920410156,0.3810995817184448,-118.37124215502291
256.0,0.509765625,0.003828996792435646,1434.0,14680.0,0.5,-0.00658181505423272,0.75,0.38452577590942383,0.0,0.9423861019313335,1.0,939520.0,0.0001,1835.0,0.2,100.73899318277836,256.0,0.031494140625,0.740234375,-0.19128334982087836,719.5,45.0,0.73046875,12.101491928100586,0.42112642526626587,-119.58673097811639
256.0,0.490234375,0.00439336895942688,1438.0,14688.0,0.5,-0.0077743350266246125,0.79296875,0.37963104248046875,0.0,0.9301215261220932,1.0,940032.0,0.0001,1836.0,0.2,191.53375405073166,256.0,0.038330078125,0.802734375,-0.18405207619071007,717.0,45.0,0.8125,47.20798110961914,0.35195988416671753,-119.38481336154044
256.0,0.517578125,0.004465129692107439,1279.0,14696.0,0.5,-0.008693651354406029,0.7890625,0.37941333651542664,0.0,0.9225360602140427,1.0,940544.0,0.0001,1837.0,0.2,212.3055213689804,256.0,0.03271484375,0.771484375,-0.19233674911083654,733.0,45.0,0.75390625,55.61608123779297,0.3786769211292267,-117.66279972583055
256.0,0.517578125,0.0037023532204329967,1148.0,14704.0,0.5,-0.006076193618355319,0.82421875,0.38087892532348633,0.0,0.8980161920189857,1.0,941056.0,0.0001,1838.0,0.2,405.564249753952,256.0,0.032470703125,0.806640625,-0.2232802959624678,723.5,45.0,0.7890625,30.677364349365234,0.37839001417160034,-112.31711142919957
256.0,0.4921875,0.0019091141875833273,1371.0,14712.0,0.5,-0.0059473220462678,0.83203125,0.3817698359489441,0.0,0.9081260561943054,1.0,941568.0,0.0001,1839.0,0.2,332.92041712999344,256.0,0.02685546875,0.83984375,-0.1796748391352594,705.5,45.0,0.84765625,36.136192321777344,0.3371524214744568,-112.4656184373051
256.0,0.498046875,0.0027429135516285896,1457.0,14720.0,0.5,-0.0069121575288590975,0.8125,0.36444056034088135,0.0,0.8809776529669762,1.0,942080.0,0.0001,1840.0,0.2,602.8169472813606,256.0,0.016845703125,0.814453125,-0.22364651027601212,696.5,45.0,0.81640625,81.09574127197266,0.35631412267684937,-114.11502512257546
256.0,0.486328125,0.003616624977439642,1383.0,14728.0,0.5,-0.006390453276253538,0.76171875,0.3879272937774658,0.0,0.9133038148283958,1.0,942592.0,0.0001,1841.0,0.2,185.19188314676285,256.0,0.021240234375,0.775390625,-0.21637432550778612,690.0,45.0,0.7890625,41.524208068847656,0.3984699845314026,-115.5268663012609
256.0,0.48828125,0.0017264365451410413,1481.0,14736.0,0.5,-0.005104062976897694,0.76171875,0.36122551560401917,0.0,0.834572821855545,1.0,943104.0,0.0001,1842.0,0.2,917.0346927046776,256.0,0.017822265625,0.7734375,-0.21032291679875925,684.0,45.0,0.78515625,248.6158905029297,0.39402180910110474,-118.13115807928145
256.0,0.482421875,0.004312361590564251,1187.0,14744.0,0.5,-0.005975672189379111,0.80078125,0.3944602608680725,0.0,0.898646891117096,1.0,943616.0,0.0001,1843.0,0.2,176.432917624712,256.0,0.030029296875,0.818359375,-0.23389950359705836,677.0,45.0,0.8359375,16.66455841064453,0.3543873727321625,-121.28702287500724
256.0,0.48828125,0.0012430762872099876,1479.0,14752.0,0.5,-0.005606161983450875,0.79296875,0.3341720700263977,0.0,0.8691441416740417,1.0,944128.0,0.0001,1844.0,0.2,1257.3029894828796,256.0,0.01318359375,0.8046875,-0.18764577043475583,659.5,45.0,0.81640625,1687.3902587890625,0.3418027460575104,-118.44761617736891
256.0,0.5,0.004682924598455429,1427.0,14760.0,0.5,-0.00814587112836307,0.79296875,0.3644920587539673,0.0,0.9389230348169804,1.0,944640.0,0.0001,1845.0,0.2,166.92720183730125,256.0,0.0283203125,0.79296875,-0.19030964386183769,656.5,45.0,0.79296875,22.60788345336914,0.3607933521270752,-122.49651825996116
256.0,0.4921875,0.0035153564531356096,1270.0,14768.0,0.5,-0.008339125619386323,0.8046875,0.3380081355571747,0.0,0.8798465952277184,1.0,945152.0,0.0001,1846.0,0.2,595.6645643115044,256.0,0.0361328125,0.8125,-0.2099083533976227,646.0,45.0,0.8203125,60.50532531738281,0.31675297021865845,-122.57198426749557
256.0,0.505859375,0.005122676491737366,1476.0,14776.0,0.5,-0.008241528732469305,0.8125,0.3561740517616272,0.0,0.8689011633396149,1.0,945664.0,0.0001,1847.0,0.2,463.1209831535816,256.0,0.03515625,0.806640625,-0.21996192168444395,653.0,45.0,0.80078125,256.3473205566406,0.3516494631767273,-124.49045859629288
256.0,0.462890625,0.0021827593445777893,1105.0,14784.0,0.5,-0.008380251572816633,0.81640625,0.3595584034919739,0.0,0.8191734403371811,1.0,946176.0,0.0001,1848.0,0.2,522.1175753474236,256.0,0.032958984375,0.853515625,-0.2172807678580284,637.0,45.0,0.890625,284.1992492675781,0.3307745158672333,-124.51852363280952
256.0,0.490234375,0.0015590941766276956,1417.0,14792.0,0.5,-0.004116610187338665,0.74609375,0.38062137365341187,0.0,0.9143661111593246,1.0,946688.0,0.0001,1849.0,0.2,180.380755007267,256.0,0.015869140625,0.755859375,-0.21487645886372775,648.5,45.0,0.765625,30.362594604492188,0.391887366771698,-126.98098835621029
256.0,0.5,0.004209487698972225,1327.0,14800.0,0.5,-0.009898842181428336,0.7890625,0.37088996171951294,0.0,0.9528806731104851,1.0,947200.0,0.0001,1850.0,0.2,99.73044823110104,256.0,0.043212890625,0.7890625,-0.2235275896382518,649.5,45.0,0.7890625,15.514298439025879,0.3668633699417114,-126.56886312933639
256.0,0.517578125,0.0036221814807504416,1498.0,14808.0,0.5,-0.0019435477224760689,0.83984375,0.3588489294052124,0.0,0.8864994943141937,1.0,947712.0,0.0001,1851.0,0.2,764.7018926143646,256.0,0.0498046875,0.822265625,-0.23499784956220537,643.0,45.0,0.8046875,82.0867691040039,0.32838791608810425,-125.08576424164697
256.0,0.548828125,0.004379825200885534,1352.0,14816.0,0.5,-0.009036873663717415,0.828125,0.3680197596549988,0.0,0.9537897445261478,1.0,948224.0,0.0001,1852.0,0.2,83.77143375575542,256.0,0.033935546875,0.779296875,-0.21244412643136457,638.0,45.0,0.73046875,8.26112174987793,0.375521183013916,-124.67400548739359
256.0,0.55859375,0.0016843973426148295,1579.0,14824.0,0.5,-0.0034418178111081943,0.86328125,0.3483494520187378,0.0,0.8645504862070084,1.0,948736.0,0.0001,1853.0,0.2,1336.6593133211136,256.0,0.012939453125,0.8046875,-0.21179562422912568,630.0,45.0,0.74609375,82.03936004638672,0.3422958254814148,-125.19806932767852
256.0,0.505859375,0.003507377114146948,1112.0,14832.0,0.5,-0.007528734819061356,0.85546875,0.35976579785346985,0.0,0.8772539347410202,1.0,949248.0,0.0001,1854.0,0.2,243.75347298383713,256.0,0.02587890625,0.849609375,-0.2378976116888225,614.5,45.0,0.84375,49.88768005371094,0.3178435266017914,-127.15290006279946
256.0,0.546875,0.0027853921055793762,1419.0,14840.0,0.5,-0.006424582083127461,0.8359375,0.3602897524833679,0.0,0.9186972454190254,1.0,949760.0,0.0001,1855.0,0.2,148.42578695714474,256.0,0.0283203125,0.7890625,-0.23275019181892276,619.5,45.0,0.7421875,39.63722610473633,0.355380117893219,-129.2789664739743
256.0,0.478515625,0.0022007166408002377,1474.0,14848.0,0.5,-0.006623791050515138,0.8125,0.3532382845878601,0.0,0.8567244857549667,1.0,950272.0,0.0001,1856.0,0.2,642.8175494074821,256.0,0.020263671875,0.833984375,-0.23641394480364397,614.5,45.0,0.85546875,205.9457244873047,0.3319445848464966,-129.2439370159805
256.0,0.505859375,0.002702453639358282,1436.0,14856.0,0.5,-0.0018703469104366377,0.81640625,0.3487758934497833,0.0,0.8749988377094269,1.0,950784.0,0.0001,1857.0,0.2,211.15846306085587,256.0,0.01416015625,0.810546875,-0.23247934400569648,616.5,45.0,0.8046875,46.23115539550781,0.34889301657676697,-129.9650667251274
256.0,0.49609375,0.005553846247494221,1370.0,14864.0,0.5,-0.007584637605759781,0.78125,0.3776760995388031,0.0,0.9435016475617886,1.0,951296.0,0.0001,1858.0,0.2,120.57271954417229,256.0,0.037841796875,0.78515625,-0.23613994487095624,610.0,45.0,0.7890625,17.37562370300293,0.38121265172958374,-129.63956472575666
256.0,0.5,0.006851956248283386,1208.0,14872.0,0.5,-0.009836476376221981,0.80078125,0.3246128559112549,0.0,0.9440015964210033,1.0,951808.0,0.0001,1859.0,0.2,103.24618674814701,256.0,0.053955078125,0.80078125,-0.23696143954293802,606.5,45.0,0.80078125,15.375669479370117,0.33882343769073486,-131.13887130135672
256.0,0.52734375,0.006043606903403997,1432.0,14880.0,0.5,-0.011073968104028609,0.83203125,0.34702780842781067,0.0,0.9418633244931698,1.0,952320.0,0.0001,1860.0,0.2,103.16098390519619,256.0,0.055419921875,0.8046875,-0.24862314632628113,618.5,45.0,0.77734375,19.134918212890625,0.3488621711730957,-133.2059612484649
256.0,0.54296875,0.003216932527720928,1427.0,14888.0,0.5,-0.0061639224986720365,0.81640625,0.3615872263908386,0.0,0.9148277416825294,1.0,952832.0,0.0001,1861.0,0.2,236.04419721662998,256.0,0.025390625,0.7734375,-0.22768259840086102,645.0,45.0,0.73046875,65.75904083251953,0.35505014657974243,-133.01855919603258
256.0,0.451171875,0.001253038179129362,1559.0,14896.0,0.5,-0.005592101268121041,0.75390625,0.3551793694496155,0.0,0.7754333764314651,1.0,953344.0,0.0001,1862.0,0.2,1770.653837442398,256.0,0.0087890625,0.802734375,-0.18182839662767947,625.5,45.0,0.8515625,311.65863037109375,0.35581499338150024,-131.15319094248116
256.0,0.521484375,0.0042158630676567554,1365.0,14904.0,0.5,-0.008197930343158077,0.80859375,0.37184590101242065,0.0,0.8668869286775589,1.0,953856.0,0.0001,1863.0,0.2,482.55829375982285,256.0,0.02734375,0.787109375,-0.21543831448070705,649.5,45.0,0.765625,107.27790832519531,0.3666062355041504,-133.6562128745392
256.0,0.5234375,0.002923960331827402,1165.0,14912.0,0.5,-0.008436049509327859,0.79296875,0.3870905041694641,0.0,0.9023353531956673,1.0,954368.0,0.0001,1864.0,0.2,234.34169447422028,256.0,0.03662109375,0.76953125,-0.2258387650945224,650.0,45.0,0.74609375,37.27215576171875,0.40221086144447327,-131.67729205433278
256.0,0.490234375,0.0012700665974989533,1458.0,14920.0,0.5,-0.004549436609522672,0.81640625,0.34207263588905334,0.0,0.8683829456567764,1.0,954880.0,0.0001,1865.0,0.2,1113.4620681405067,256.0,0.009033203125,0.826171875,-0.21396955515956506,651.5,45.0,0.8359375,52.83879470825195,0.32064706087112427,-130.19012704877184
256.0,0.48828125,0.002887328155338764,1451.0,14928.0,0.5,-0.00551757631910732,0.8125,0.3391408324241638,0.0,0.9250873178243637,1.0,955392.0,0.0001,1866.0,0.2,157.3933346271515,256.0,0.02490234375,0.82421875,-0.20906273351283744,657.0,45.0,0.8359375,29.39727210998535,0.331082284450531,-132.95656621029602
256.0,0.49609375,0.0036056037060916424,1445.0,14936.0,0.5,-0.008348565814230824,0.8046875,0.3772769272327423,0.0,0.9512589611113071,1.0,955904.0,0.0001,1867.0,0.2,141.37560686469078,256.0,0.04833984375,0.80859375,-0.2034984387573786,666.5,45.0,0.8125,21.01143455505371,0.36416709423065186,-131.2499240589328
256.0,0.501953125,0.0013865435030311346,1434.0,14944.0,0.5,-0.0020174313976895064,0.79296875,0.36936062574386597,0.0,0.8378245979547501,1.0,956416.0,0.0001,1868.0,0.2,1108.9129094481468,256.0,0.01025390625,0.791015625,-0.19485034828539938,668.5,45.0,0.7890625,322.91705322265625,0.3766791522502899,-128.248218012359
256.0,0.529296875,0.0035828989930450916,1185.0,14952.0,0.5,-0.007249597416375764,0.8203125,0.3780747950077057,0.0,0.9146657139062881,1.0,956928.0,0.0001,1869.0,0.2,226.45299130678177,256.0,0.018310546875,0.791015625,-0.2082138568512164,660.0,45.0,0.76171875,40.08574295043945,0.34428277611732483,-126.86505404742435
256.0,0.505859375,0.0021670828573405743,1481.0,14960.0,0.5,-0.004654420245060464,0.7890625,0.358867347240448,0.0,0.8472388833761215,1.0,957440.0,0.0001,1870.0,0.2,1244.6073007881641,256.0,0.01513671875,0.783203125,-0.1847440002602525,656.0,45.0,0.77734375,59.497833251953125,0.36236196756362915,-123.76510578742251
256.0,0.513671875,0.0019890281837433577,1611.0,14968.0,0.5,-0.004533632065431448,0.859375,0.32774412631988525,0.0,0.6808145046234131,1.0,957952.0,0.0001,1871.0,0.2,3209.3477935791016,256.0,0.010498046875,0.845703125,-0.17515454540262,653.5,45.0,0.83203125,880.2861328125,0.3198823630809784,-122.99794631160796
256.0,0.576171875,0.0022457255981862545,1498.0,14976.0,0.5,-0.004478160553844646,0.86328125,0.347178190946579,0.0,0.7489980757236481,1.0,958464.0,0.0001,1872.0,0.2,1737.530529975891,256.0,0.0205078125,0.787109375,-0.21224183723097667,607.0,45.0,0.7109375,519.9075317382812,0.36363258957862854,-126.14906587652862
256.0,0.548828125,0.0018904515309259295,1415.0,14984.0,0.5,-0.004136729141464457,0.84375,0.3593725562095642,0.0,0.8799312636256218,1.0,958976.0,0.0001,1873.0,0.2,339.9542888402939,256.0,0.010009765625,0.794921875,-0.22132450027856976,612.0,45.0,0.74609375,76.64921569824219,0.3637838363647461,-130.0726222332567
256.0,0.494140625,0.0018966876668855548,1139.0,14992.0,0.5,-0.0048228356608888134,0.83984375,0.3330754041671753,0.0,0.8717128783464432,1.0,959488.0,0.0001,1874.0,0.2,414.79239159822464,256.0,0.0302734375,0.845703125,-0.20419681846396998,610.0,45.0,0.8515625,98.06066131591797,0.31714144349098206,-131.10661053637043
256.0,0.490234375,0.004439258016645908,1420.0,15000.0,0.5,-0.006184174497320782,0.796875,0.33703166246414185,0.0,0.9418405778706074,1.0,960000.0,0.0001,1875.0,0.2,126.5461966842413,256.0,0.0234375,0.806640625,-0.23817264894023538,617.0,45.0,0.81640625,32.63935089111328,0.31563130021095276,-128.28140567621216
256.0,0.529296875,0.003577432595193386,1470.0,15008.0,0.5,-0.00762967650371138,0.828125,0.3810420036315918,0.0,0.9589878357946873,1.0,960512.0,0.0001,1876.0,0.2,93.15355390310287,256.0,0.02685546875,0.798828125,-0.21282582101412117,612.5,45.0,0.76953125,13.67685317993164,0.3557608723640442,-128.36922391567379
256.0,0.47265625,0.005243632942438126,1352.0,15016.0,0.5,-0.007087602691171924,0.74609375,0.360129177570343,0.0,0.9569639563560486,1.0,961024.0,0.0001,1877.0,0.2,85.16436935961246,256.0,0.040283203125,0.7734375,-0.21973682550014928,623.0,45.0,0.80078125,11.029756546020508,0.3850780725479126,-130.38454735254868
256.0,0.443359375,0.006015283986926079,1445.0,15024.0,0.5,-0.007087691607011948,0.734375,0.37157052755355835,0.0,0.941160149872303,1.0,961536.0,0.0001,1878.0,0.2,145.95213742554188,256.0,0.039306640625,0.791015625,-0.2324225869961083,619.0,45.0,0.84765625,43.48719024658203,0.3774472177028656,-131.61922822132706
256.0,0.51171875,0.004287262912839651,1440.0,15032.0,0.5,-0.010986011879140278,0.796875,0.36161893606185913,0.0,0.945221483707428,1.0,962048.0,0.0001,1879.0,0.2,109.41033691167831,256.0,0.050048828125,0.78515625,-0.2022220601211302,640.5,45.0,0.7734375,13.925004959106445,0.34335777163505554,-134.65764560664073
256.0,0.45703125,0.003297829069197178,1498.0,15040.0,0.5,-0.008005700023204554,0.765625,0.37087786197662354,0.0,0.84660904109478,1.0,962560.0,0.0001,1880.0,0.2,700.9032201170921,256.0,0.028564453125,0.80859375,-0.22491004469338804,665.5,45.0,0.8515625,238.13076782226562,0.3558465242385864,-131.83108050869777
256.0,0.447265625,0.003054213710129261,1459.0,15048.0,0.5,-0.00790305515693035,0.765625,0.3600485920906067,0.0,0.9115674272179604,1.0,963072.0,0.0001,1881.0,0.2,374.39742451906204,256.0,0.0263671875,0.818359375,-0.23931303701829165,670.5,45.0,0.87109375,83.9013442993164,0.3296462893486023,-126.70508638031781
256.0,0.498046875,0.0032140780240297318,1393.0,15056.0,0.5,-0.01067527693521697,0.83984375,0.34288620948791504,0.0,0.8313523977994919,1.0,963584.0,0.0001,1882.0,0.2,1456.0730061531067,256.0,0.033203125,0.841796875,-0.24825701670488343,651.0,45.0,0.84375,110.81840515136719,0.3237046003341675,-128.4613868402317
256.0,0.470703125,0.0027092169038951397,1470.0,15064.0,0.5,-0.005457599931105506,0.78125,0.37175804376602173,0.0,0.794612467288971,1.0,964096.0,0.0001,1883.0,0.2,556.0442208647728,256.0,0.0166015625,0.810546875,-0.2295695972861722,650.0,45.0,0.83984375,75.58492279052734,0.3439820110797882,-132.1590445846133
256.0,0.513671875,0.007313252426683903,1425.0,15072.0,0.5,-0.01383145685394993,0.828125,0.34256309270858765,0.0,0.9317909702658653,1.0,964608.0,0.0001,1884.0,0.2,114.35922558605671,256.0,0.061279296875,0.814453125,-0.2822660853853449,638.5,45.0,0.80078125,13.756311416625977,0.3174629211425781,-129.8135303832032
256.0,0.53125,0.006525588221848011,1477.0,15080.0,0.5,-0.011330413100949954,0.8515625,0.36926937103271484,0.0,0.9593574665486813,1.0,965120.0,0.0001,1885.0,0.2,78.98299922049046,256.0,0.059814453125,0.8203125,-0.21780007146298885,630.5,45.0,0.7890625,13.795546531677246,0.36580753326416016,-130.77994464926422
256.0,0.49609375,0.00620123278349638,1462.0,15088.0,0.5,-0.01069219453347614,0.79296875,0.35740530490875244,0.0,0.9409089311957359,1.0,965632.0,0.0001,1886.0,0.2,87.82919010519981,256.0,0.05126953125,0.796875,-0.2507123752729967,622.5,45.0,0.80078125,23.648923873901367,0.34385597705841064,-130.44757122749462
256.0,0.501953125,0.004897715523838997,1442.0,15096.0,0.5,-0.008863162533089053,0.83203125,0.35328853130340576,0.0,0.9559323079884052,1.0,966144.0,0.0001,1887.0,0.2,106.48315325379372,256.0,0.0302734375,0.830078125,-0.27125693403650075,636.0,45.0,0.828125,19.04263687133789,0.33229029178619385,-129.48628664117305
256.0,0.5625,0.003687621559947729,1453.0,15104.0,0.5,-0.004302526300307363,0.859375,0.36414456367492676,0.0,0.8582789599895477,1.0,966656.0,0.0001,1888.0,0.2,278.7561676353216,256.0,0.013916015625,0.796875,-0.20468466525198892,618.0,45.0,0.734375,43.991458892822266,0.3563764989376068,-126.93966605301947
256.0,0.529296875,0.0051994663663208485,1127.0,15112.0,0.5,-0.006371491301251808,0.87109375,0.3484087884426117,0.0,0.9337174147367477,1.0,967168.0,0.0001,1889.0,0.2,116.19972333312035,256.0,0.02685546875,0.841796875,-0.24167439981829375,630.5,45.0,0.8125,25.46054458618164,0.3181573748588562,-125.77193054713308
256.0,0.52734375,0.002166647929698229,1458.0,15120.0,0.5,-0.00485051412761095,0.859375,0.3447965383529663,0.0,0.878374844789505,1.0,967680.0,0.0001,1890.0,0.2,761.4239123463631,256.0,0.028564453125,0.83203125,-0.21114852669415995,628.0,45.0,0.8046875,102.6280517578125,0.33206725120544434,-123.89451557986439
256.0,0.47265625,0.0025763483718037605,1553.0,15128.0,0.5,-0.007320434826397104,0.796875,0.34955310821533203,0.0,0.8398155272006989,1.0,968192.0,0.0001,1891.0,0.2,1734.817414700985,256.0,0.013427734375,0.82421875,-0.23705419345060363,608.5,45.0,0.8515625,895.5169677734375,0.3430492579936981,-124.72387059269472
256.0,0.490234375,0.00442936085164547,1461.0,15136.0,0.5,-0.009598612108675297,0.82421875,0.3487754464149475,0.0,0.8218135237693787,1.0,968704.0,0.0001,1892.0,0.2,296.4003472328186,256.0,0.030029296875,0.833984375,-0.21603194682393223,603.5,45.0,0.84375,53.004669189453125,0.32813262939453125,-126.89306911235676
256.0,0.53515625,0.006440471857786179,1359.0,15144.0,0.5,-0.009607251951820217,0.8515625,0.3611676096916199,0.0,0.9370908886194229,1.0,969216.0,0.0001,1893.0,0.2,95.2899673357606,256.0,0.05126953125,0.81640625,-0.2663526777178049,611.5,45.0,0.78125,7.129831790924072,0.3430103659629822,-127.75322841355577
256.0,0.55078125,0.005842661019414663,1365.0,15152.0,0.5,-0.010136269840586465,0.83203125,0.3664557933807373,0.0,0.9430114068090916,1.0,969728.0,0.0001,1894.0,0.2,111.0216136276722,256.0,0.050048828125,0.78125,-0.24508519133087248,620.5,45.0,0.73046875,14.008852005004883,0.383378803730011,-127.0128136728704
256.0,0.501953125,0.011185916140675545,1231.0,15160.0,0.5,-0.01630233665855485,0.82421875,0.34556305408477783,0.0,0.9553277529776096,1.0,970240.0,0.0001,1895.0,0.2,100.47796230018139,256.0,0.08203125,0.822265625,-0.2791735893115401,615.5,45.0,0.8203125,14.226324081420898,0.3355419933795929,-125.83993128363043
256.0,0.537109375,0.010534658096730709,1462.0,15168.0,0.5,-0.01157630001398502,0.859375,0.35578131675720215,0.0,0.9471504390239716,1.0,970752.0,0.0001,1896.0,0.2,105.14811609685421,256.0,0.038818359375,0.822265625,-0.230693569756113,610.5,45.0,0.78515625,28.626054763793945,0.3518994152545929,-126.02344556540251
256.0,0.470703125,0.0033788715954869986,1446.0,15176.0,0.5,-0.006912541408382822,0.8046875,0.32126498222351074,0.0,0.9503059014678001,1.0,971264.0,0.0001,1897.0,0.2,157.36945348978043,256.0,0.021240234375,0.833984375,-0.22638772730715573,602.5,45.0,0.86328125,18.42429542541504,0.3213300108909607,-125.76466503772885
256.0,0.45703125,0.005935004912316799,1567.0,15184.0,0.5,-0.008974773601948982,0.796875,0.31460267305374146,0.0,0.9252613484859467,1.0,971776.0,0.0001,1898.0,0.2,116.21997599303722,256.0,0.041259765625,0.83984375,-0.20642823487287387,584.5,45.0,0.8828125,10.92629337310791,0.311790406703949,-127.20095031021162
256.0,0.494140625,0.0029648938216269016,1577.0,15192.0,0.5,-0.008897614781744778,0.84765625,0.31186139583587646,0.0,0.9019657000899315,1.0,972288.0,0.0001,1899.0,0.2,1057.1535598635674,256.0,0.027587890625,0.853515625,-0.19822794292122126,573.0,45.0,0.859375,49.8917350769043,0.3113998770713806,-130.24140724420548
256.0,0.44140625,0.0022361958399415016,1329.0,15200.0,0.5,-0.003081792121520266,0.80859375,0.29937848448753357,0.0,0.8825162723660469,1.0,972800.0,0.0001,1900.0,0.2,440.41680285334587,256.0,0.01025390625,0.8671875,-0.17610835956293158,539.5,45.0,0.92578125,28.12619972229004,0.28622156381607056,-130.4598217045516
256.0,0.5234375,0.012414739467203617,1525.0,15208.0,0.5,-0.014054507060791366,0.87890625,0.31430763006210327,0.0,0.8443281948566437,1.0,973312.0,0.0001,1901.0,0.2,225.50823837518692,256.0,0.04052734375,0.85546875,-0.21529330522753298,506.5,45.0,0.83203125,15.483203887939453,0.3129393756389618,-132.6838980090618
256.0,0.560546875,0.001653364859521389,1478.0,15216.0,0.5,-0.00523631975374883,0.875,0.3378508687019348,0.0,0.9409769885241985,1.0,973824.0,0.0001,1902.0,0.2,149.66290065646172,256.0,0.019775390625,0.814453125,-0.23610796127468348,477.0,45.0,0.75390625,43.11478805541992,0.3730306029319763,-135.30873766828327
256.0,0.529296875,0.0023656878620386124,1627.0,15224.0,0.5,-0.005262399434286635,0.90625,0.2618575394153595,0.0,0.8857678547501564,1.0,974336.0,0.0001,1903.0,0.2,227.3202994465828,256.0,0.018798828125,0.876953125,-0.19898167706560344,431.0,45.0,0.84765625,22.944499969482422,0.26555144786834717,-134.60153332320974
256.0,0.59375,0.0046810731291770935,1538.0,15232.0,0.5,-0.009104740205657436,0.9296875,0.3222147822380066,0.0,0.9416190050542355,1.0,974848.0,0.0001,1904.0,0.2,107.4102293252945,256.0,0.05029296875,0.8359375,-0.2598304760758765,401.5,45.0,0.7421875,11.019506454467773,0.31774336099624634,-137.8959014735371
256.0,0.576171875,0.003543549682945013,1284.0,15240.0,0.5,-0.006727737920300569,0.92578125,0.3165833055973053,0.0,0.9539521336555481,1.0,975360.0,0.0001,1905.0,0.2,97.75154589861631,256.0,0.02978515625,0.849609375,-0.20395444135647267,373.5,45.0,0.7734375,10.745121955871582,0.3428841531276703,-138.20999074239285
256.0,0.5390625,0.0018002860015258193,1604.0,15248.0,0.5,-0.005376251807319932,0.890625,0.2802487313747406,0.0,0.9108029082417488,1.0,975872.0,0.0001,1906.0,0.2,518.2581847906113,256.0,0.017333984375,0.8515625,-0.17223181016743183,370.5,45.0,0.8125,194.9242706298828,0.29554277658462524,-138.03892152823508
256.0,0.615234375,0.003394288709387183,1575.0,15256.0,0.5,-0.008299596091092099,0.94140625,0.3111763596534729,0.0,0.7839708030223846,1.0,976384.0,0.0001,1907.0,0.2,1320.907299399376,256.0,0.02490234375,0.826171875,-0.2536816680803895,346.5,45.0,0.7109375,186.3719482421875,0.333537220954895,-138.63283213226126
256.0,0.5703125,0.004676480777561665,1435.0,15264.0,0.5,-0.005684285220922902,0.9453125,0.2764257788658142,0.0,0.835081934928894,1.0,976896.0,0.0001,1908.0,0.2,514.4661818891764,256.0,0.018798828125,0.875,-0.24348987016128376,332.5,45.0,0.8046875,109.38056182861328,0.257213830947876,-140.54638741386123
256.0,0.55859375,0.0011485096765682101,1624.0,15272.0,0.5,-0.004110763587959809,0.92578125,0.3010293245315552,0.0,0.7090041041374207,1.0,977408.0,0.0001,1909.0,0.2,1205.6566633582115,256.0,0.012451171875,0.8671875,-0.21306016523158178,345.0,45.0,0.80859375,137.2631072998047,0.30207356810569763,-136.77612632251345
256.0,0.599609375,0.00344315473921597,1201.0,15280.0,0.5,-0.007606739178299904,0.9296875,0.3389090299606323,0.0,0.8494888097047806,1.0,977920.0,0.0001,1910.0,0.2,254.1630204319954,256.0,0.029052734375,0.830078125,-0.22042375756427646,373.0,45.0,0.73046875,47.52069091796875,0.3225015103816986,-136.95263544541783
256.0,0.54296875,0.003274958347901702,1547.0,15288.0,0.5,-0.007949300590553321,0.8828125,0.29761695861816406,0.0,0.8113383948802948,1.0,978432.0,0.0001,1911.0,0.2,1267.482106268406,256.0,0.0244140625,0.83984375,-0.23756665596738458,375.5,45.0,0.796875,60.52496337890625,0.30944299697875977,-132.63267351602204
256.0,0.51953125,0.0022274674847722054,1490.0,15296.0,0.5,-0.0046085173162282445,0.83984375,0.3140283226966858,0.0,0.8653463572263718,1.0,978944.0,0.0001,1912.0,0.2,225.97931775450706,256.0,0.025634765625,0.8203125,-0.23750547342933714,417.5,45.0,0.80078125,35.92193603515625,0.33902156352996826,-135.91219303357414
256.0,0.43359375,0.001640028553083539,1508.0,15304.0,0.5,-0.006358923503285041,0.78125,0.2712436616420746,0.0,0.8399486988782883,1.0,979456.0,0.0001,1913.0,0.2,1024.3726593255997,256.0,0.01708984375,0.84765625,-0.19446772517403588,431.5,45.0,0.9140625,220.694091796875,0.29276585578918457,-135.41861784248613
256.0,0.435546875,0.0035922611132264137,1521.0,15312.0,0.5,-0.009580044767062645,0.7421875,0.3164602518081665,0.0,0.8954795449972153,1.0,979968.0,0.0001,1914.0,0.2,280.1262095272541,256.0,0.025634765625,0.806640625,-0.22601026127813384,432.5,45.0,0.87109375,58.558441162109375,0.3685763478279114,-144.37169212049804
256.0,0.4453125,0.0053735459223389626,1273.0,15320.0,0.5,-0.009075547626707703,0.78515625,0.29296642541885376,0.0,0.9014745876193047,1.0,980480.0,0.0001,1915.0,0.2,446.0870200097561,256.0,0.03515625,0.83984375,-0.18323324527591467,435.0,45.0,0.89453125,14.079769134521484,0.29159778356552124,-149.27995251982472
256.0,0.54296875,0.002635068027302623,1488.0,15328.0,0.5,-0.007459977074177004,0.83984375,0.34015095233917236,0.0,0.8095782697200775,1.0,980992.0,0.0001,1916.0,0.2,430.99309319257736,256.0,0.0205078125,0.796875,-0.23377320647705346,448.0,45.0,0.75390625,113.83247375488281,0.3442701995372772,-154.3507795920316
256.0,0.529296875,0.003195429453626275,1508.0,15336.0,0.5,-0.0061097547550161835,0.8984375,0.3051493167877197,0.0,0.9188198372721672,1.0,981504.0,0.0001,1917.0,0.2,161.33125805854797,256.0,0.03173828125,0.869140625,-0.29919109342154115,463.0,45.0,0.83984375,31.269468307495117,0.269429475069046,-155.19646814369597
256.0,0.568359375,0.0032801686320453882,1513.0,15344.0,0.5,-0.00627157324925065,0.8984375,0.32142218947410583,0.0,0.8921956047415733,1.0,982016.0,0.0001,1918.0,0.2,215.5480016618967,256.0,0.02880859375,0.830078125,-0.20855458022560924,486.0,45.0,0.76171875,38.799556732177734,0.3471764922142029,-156.82706941542216
256.0,0.630859375,0.002505124546587467,1578.0,15352.0,0.5,-0.00637835162342526,0.93359375,0.3265024721622467,0.0,0.9003548175096512,1.0,982528.0,0.0001,1919.0,0.2,1189.5642516613007,256.0,0.0234375,0.802734375,-0.17715615854831412,459.5,45.0,0.671875,3836.562255859375,0.3689849376678467,-153.95290474795738
256.0,0.671875,0.0017466926947236061,1195.0,15360.0,0.5,-0.003287953444669256,0.93359375,0.3589482307434082,0.0,0.8538420349359512,1.0,983040.0,0.0001,1920.0,0.2,706.8875876665115,256.0,0.01025390625,0.76171875,-0.18354132492095232,500.5,45.0,0.58984375,93.50953674316406,0.40023475885391235,-158.6071040877793
256.0,0.599609375,0.0037880009040236473,1546.0,15368.0,0.5,-0.007846531436371151,0.89453125,0.3190900683403015,0.0,0.9242403283715248,1.0,983552.0,0.0001,1921.0,0.2,188.22280019521713,256.0,0.0224609375,0.794921875,-0.2531185676343739,510.0,45.0,0.6953125,37.94120788574219,0.3650027811527252,-150.77756123213098
256.0,0.515625,0.004086403641849756,1675.0,15376.0,0.5,-0.005049118401075248,0.875,0.3166126310825348,0.0,0.9052509441971779,1.0,984064.0,0.0001,1922.0,0.2,1349.9082261323929,256.0,0.023193359375,0.859375,-0.19772416789783165,473.5,45.0,0.84375,4690.6923828125,0.30204156041145325,-144.8097807055991
256.0,0.52734375,0.002675596158951521,1495.0,15384.0,0.5,-0.0066099902978749014,0.82421875,0.34240221977233887,0.0,0.9656482450664043,1.0,984576.0,0.0001,1923.0,0.2,122.4526556134224,256.0,0.035400390625,0.796875,-0.20884721050970256,486.0,45.0,0.76953125,34.741207122802734,0.354368656873703,-143.70711454113015
256.0,0.50390625,0.0018106731586158276,1513.0,15392.0,0.5,-0.005223912761721294,0.80078125,0.33803215622901917,0.0,0.9223554730415344,1.0,985088.0,0.0001,1924.0,0.2,523.9784334301949,256.0,0.01513671875,0.796875,-0.1964325609151274,516.0,45.0,0.79296875,50.02633285522461,0.3705231249332428,-139.4953695123177
256.0,0.46484375,0.004302378743886948,1457.0,15400.0,0.5,-0.008635188751213718,0.765625,0.35068419575691223,0.0,0.9179242327809334,1.0,985600.0,0.0001,1925.0,0.2,201.5669018626213,256.0,0.038818359375,0.80078125,-0.255767407361418,509.0,45.0,0.8359375,33.8345947265625,0.3586137294769287,-134.2175295503903
256.0,0.4296875,0.002019281266257167,1630.0,15408.0,0.5,-0.0062005416984902695,0.79296875,0.27454429864883423,0.0,0.8185974210500717,1.0,986112.0,0.0001,1926.0,0.2,1171.5562708973885,256.0,0.017822265625,0.86328125,-0.18252176960231736,500.5,45.0,0.93359375,74.64166259765625,0.26874956488609314,-132.3393955563754
256.0,0.486328125,0.003001718781888485,1550.0,15416.0,0.5,-0.005922568729147315,0.828125,0.35717490315437317,0.0,0.9136877879500389,1.0,986624.0,0.0001,1927.0,0.2,221.05988392233849,256.0,0.018798828125,0.841796875,-0.16215177887352183,510.0,45.0,0.85546875,15.763729095458984,0.3252694010734558,-134.4687302696705
256.0,0.541015625,0.002983429469168186,1500.0,15424.0,0.5,-0.0071408062722184695,0.87890625,0.3361975848674774,0.0,0.8529924303293228,1.0,987136.0,0.0001,1928.0,0.2,362.2993198931217,256.0,0.027099609375,0.837890625,-0.2044811239466071,513.5,45.0,0.796875,63.58671188354492,0.33561140298843384,-134.20816647445784
256.0,0.544921875,0.0018781754188239574,1616.0,15432.0,0.5,-0.004796088775037788,0.8984375,0.31060370802879333,0.0,0.7817564904689789,1.0,987648.0,0.0001,1929.0,0.2,1123.8670825958252,256.0,0.015625,0.853515625,-0.2130485525703989,480.5,45.0,0.80859375,235.1727752685547,0.3036098778247833,-135.13286697682923
256.0,0.509765625,0.0022553144954144955,1582.0,15440.0,0.5,-0.005016604518459644,0.87109375,0.33215177059173584,0.0,0.9372232556343079,1.0,988160.0,0.0001,1930.0,0.2,270.62697979807854,256.0,0.015625,0.861328125,-0.16703619161853567,462.5,45.0,0.8515625,72.86042785644531,0.29401302337646484,-141.63796172142028
256.0,0.517578125,0.004231154918670654,1480.0,15448.0,0.5,-0.011199081243830733,0.8984375,0.3127494156360626,0.0,0.882501095533371,1.0,988672.0,0.0001,1931.0,0.2,883.7223293185234,256.0,0.026611328125,0.880859375,-0.1864441185607575,463.0,45.0,0.86328125,112.4645004272461,0.283200204372406,-143.3169295844622
256.0,0.578125,0.001740015926770866,1666.0,15456.0,0.5,-0.004046357864353922,0.91015625,0.29076629877090454,0.0,0.8619653433561325,1.0,989184.0,0.0001,1932.0,0.2,1644.2208364009857,256.0,0.0068359375,0.83203125,-0.18295837187906727,429.0,45.0,0.75390625,420.1659851074219,0.29984599351882935,-140.68689012596383
256.0,0.55859375,0.004896738100796938,1639.0,15464.0,0.5,-0.011640231219644193,0.92578125,0.3091157078742981,0.0,0.8391224592924118,1.0,989696.0,0.0001,1933.0,0.2,928.6592872142792,256.0,0.027587890625,0.8671875,-0.22790046012960374,398.5,45.0,0.80859375,326.9034729003906,0.2850424647331238,-145.92745531891472
256.0,0.560546875,0.00362501316703856,1520.0,15472.0,0.5,-0.005567728359892499,0.90625,0.301160603761673,0.0,0.7871029078960419,1.0,990208.0,0.0001,1934.0,0.2,512.7323359251022,256.0,0.02490234375,0.845703125,-0.22994952474255115,391.5,45.0,0.78515625,123.02580261230469,0.327995628118515,-146.64247702838853
256.0,0.56640625,0.003229854628443718,1671.0,15480.0,0.5,-0.0033834950809250586,0.95703125,0.2793440520763397,0.0,0.8921367153525352,1.0,990720.0,0.0001,1935.0,0.2,215.755108833313,256.0,0.0224609375,0.890625,-0.1927149880793877,387.0,45.0,0.82421875,43.89300537109375,0.24960072338581085,-145.46804737683385
256.0,0.52734375,0.0029095213394612074,1265.0,15488.0,0.5,-0.007331221033382462,0.8828125,0.29548534750938416,0.0,0.9081537947058678,1.0,991232.0,0.0001,1936.0,0.2,259.7493914961815,256.0,0.026611328125,0.85546875,-0.16954516962869093,378.5,45.0,0.828125,24.842918395996094,0.2856115698814392,-144.17626719320194
256.0,0.560546875,0.0021598744206130505,1507.0,15496.0,0.5,-0.005777570982900215,0.90625,0.3132457137107849,0.0,0.868804007768631,1.0,991744.0,0.0001,1937.0,0.2,696.3645560741425,256.0,0.0146484375,0.845703125,-0.23209644481539726,335.5,45.0,0.78515625,161.7707977294922,0.3127545714378357,-144.4766046220809
256.0,0.529296875,0.005413757171481848,1603.0,15504.0,0.5,-0.00953222751559224,0.89453125,0.3018358647823334,0.0,0.8744521141052246,1.0,992256.0,0.0001,1938.0,0.2,248.50964626669884,256.0,0.038818359375,0.865234375,-0.22951647208537906,359.0,45.0,0.8359375,40.17096710205078,0.26969194412231445,-146.2960973692965
256.0,0.51171875,0.005416063126176596,1662.0,15512.0,0.5,-0.011484843809739687,0.875,0.28828513622283936,0.0,0.9244068637490273,1.0,992768.0,0.0001,1939.0,0.2,137.59870001673698,256.0,0.060302734375,0.86328125,-0.18699832941638306,342.5,45.0,0.8515625,24.77312660217285,0.27400243282318115,-143.03747694904916
256.0,0.548828125,0.0031513988506048918,1620.0,15520.0,0.5,-0.005944923614151776,0.9296875,0.2995268404483795,0.0,0.9367741569876671,1.0,993280.0,0.0001,1940.0,0.2,112.64730528742075,256.0,0.029541015625,0.880859375,-0.16579831048147753,347.5,45.0,0.83203125,19.0633544921875,0.27582430839538574,-147.10856904063374
256.0,0.5078125,0.004154260270297527,1199.0,15528.0,0.5,-0.006424609113309998,0.89453125,0.2645643353462219,0.0,0.9254946932196617,1.0,993792.0,0.0001,1941.0,0.2,130.5972366631031,256.0,0.03369140625,0.88671875,-0.17164601193508133,347.0,45.0,0.87890625,13.999984741210938,0.2519516050815582,-148.1667730866745
256.0,0.55078125,0.0026806837413460016,1505.0,15536.0,0.5,-0.0037913683263468556,0.92578125,0.30493634939193726,0.0,0.9045702889561653,1.0,994304.0,0.0001,1942.0,0.2,211.35841155052185,256.0,0.022705078125,0.875,-0.18132461764616892,372.5,45.0,0.82421875,26.762813568115234,0.2755618989467621,-147.7988888126798
256.0,0.599609375,0.0030375616624951363,1463.0,15544.0,0.5,-0.008014606126380386,0.921875,0.33147621154785156,0.0,0.921496294438839,1.0,994816.0,0.0001,1943.0,0.2,170.14673069119453,256.0,0.024658203125,0.822265625,-0.19139080360764638,383.0,45.0,0.72265625,57.88593292236328,0.34161171317100525,-145.06733333148063
256.0,0.486328125,0.0023988476023077965,1592.0,15552.0,0.5,-0.0036497997607511934,0.87890625,0.27919572591781616,0.0,0.9146452248096466,1.0,995328.0,0.0001,1944.0,0.2,98.11843430250883,256.0,0.033935546875,0.892578125,-0.20448522668448277,390.0,45.0,0.90625,25.769981384277344,0.24435977637767792,-144.87786026094108
256.0,0.552734375,0.0020223886240273714,1517.0,15560.0,0.5,-0.004012835226603784,0.89453125,0.3031301498413086,0.0,0.9353144615888596,1.0,995840.0,0.0001,1945.0,0.2,167.10938981175423,256.0,0.011962890625,0.841796875,-0.19756494037574157,412.0,45.0,0.7890625,28.153404235839844,0.2727819085121155,-146.800737487413
256.0,0.541015625,0.005138980224728584,1132.0,15568.0,0.5,-0.004844246872380609,0.8828125,0.321000874042511,0.0,0.9501221515238285,1.0,996352.0,0.0001,1946.0,0.2,112.47416985034943,256.0,0.0283203125,0.841796875,-0.2170755176921375,416.5,45.0,0.80078125,21.060224533081055,0.3329845666885376,-146.7659102529846
256.0,0.578125,0.006223414093255997,1571.0,15576.0,0.5,-0.00954535503842635,0.90234375,0.3258148729801178,0.0,0.9267923682928085,1.0,996864.0,0.0001,1947.0,0.2,112.17805267870426,256.0,0.0458984375,0.82421875,-0.25032238027779385,432.5,45.0,0.74609375,29.682077407836914,0.3256581127643585,-145.9667756708432
256.0,0.55078125,0.005971995182335377,1508.0,15584.0,0.5,-0.0071271852575591765,0.8828125,0.3053080439567566,0.0,0.9608046300709248,1.0,997376.0,0.0001,1948.0,0.2,102.96984151005745,256.0,0.04443359375,0.83203125,-0.19824826129479334,456.5,45.0,0.78125,16.590852737426758,0.3350297510623932,-143.82078640241176
256.0,0.5390625,0.00435864320024848,1502.0,15592.0,0.5,-0.007617167197167873,0.8828125,0.30225518345832825,0.0,0.9690747577697039,1.0,997888.0,0.0001,1949.0,0.2,65.39392583817244,256.0,0.03125,0.84375,-0.16273050420568325,470.5,45.0,0.8046875,34.219764709472656,0.28018689155578613,-139.0881031054072
256.0,0.533203125,0.0030095842666924,1529.0,15600.0,0.5,-0.007241789910040097,0.88671875,0.336652010679245,0.0,0.9427952244877815,1.0,998400.0,0.0001,1950.0,0.2,120.57690159976482,256.0,0.030029296875,0.853515625,-0.20377395761897787,486.5,45.0,0.8203125,19.21539878845215,0.3097001314163208,-137.5752668729704
256.0,0.529296875,0.0015375089133158326,1165.0,15608.0,0.5,-0.00489093941723695,0.81640625,0.31091612577438354,0.0,0.8353928327560425,1.0,998912.0,0.0001,1951.0,0.2,1263.5784204006195,256.0,0.012939453125,0.787109375,-0.16956205666065216,479.0,45.0,0.7578125,215.11395263671875,0.32871025800704956,-134.91506588035264
256.0,0.5234375,0.00409700907766819,1474.0,15616.0,0.5,-0.007170521384978201,0.86328125,0.310851514339447,0.0,0.9055983126163483,1.0,999424.0,0.0001,1952.0,0.2,183.32435208559036,256.0,0.033447265625,0.83984375,-0.2029982202220708,476.0,45.0,0.81640625,25.950836181640625,0.30736425518989563,-137.24257044495084
256.0,0.490234375,0.002961203455924988,1718.0,15624.0,0.5,-0.008945193410909269,0.828125,0.29264891147613525,0.0,0.9291125684976578,1.0,999936.0,0.0001,1953.0,0.2,862.2517922520638,256.0,0.029541015625,0.837890625,-0.17346910818014294,474.5,45.0,0.84765625,15.061912536621094,0.29043591022491455,-139.3100496344175
256.0,0.533203125,0.0013090320862829685,1532.0,15632.0,0.5,-0.002658326797245536,0.87109375,0.32372376322746277,0.0,0.8256817609071732,1.0,1000448.0,0.0001,1954.0,0.2,1611.6622336506844,256.0,0.006103515625,0.837890625,-0.1746496357372962,473.5,45.0,0.8046875,1310.8956298828125,0.3386024236679077,-140.9523659458291
256.0,0.638671875,0.004972545430064201,1514.0,15640.0,0.5,-0.00890232505480526,0.94921875,0.32008951902389526,0.0,0.9338939413428307,1.0,1000960.0,0.0001,1955.0,0.2,140.0792650282383,256.0,0.042724609375,0.810546875,-0.22916180186439306,466.0,45.0,0.671875,18.27701187133789,0.377890408039093,-141.1171228023898
256.0,0.52734375,0.0032622762955725193,1179.0,15648.0,0.5,-0.006800822855439037,0.8828125,0.30932319164276123,0.0,0.9611347988247871,1.0,1001472.0,0.0001,1956.0,0.2,106.30411966145039,256.0,0.0302734375,0.85546875,-0.21829161560162902,463.5,45.0,0.828125,29.876768112182617,0.2824455499649048,-140.51166683446615
256.0,0.552734375,0.0036903670988976955,1608.0,15656.0,0.5,-0.006464627433160786,0.92578125,0.3473997712135315,0.0,0.968961875885725,1.0,1001984.0,0.0001,1957.0,0.2,98.06931136548519,256.0,0.024658203125,0.873046875,-0.15880492649739608,458.0,45.0,0.8203125,10.224377632141113,0.2894035577774048,-137.93982109061443
256.0,0.591796875,0.002814881270751357,1498.0,15664.0,0.5,-0.00607497673627222,0.921875,0.3396318256855011,0.0,0.9626476503908634,1.0,1002496.0,0.0001,1958.0,0.2,91.04830361902714,256.0,0.021484375,0.830078125,-0.1703781698597595,466.0,45.0,0.73828125,16.548934936523438,0.34535694122314453,-136.45907693514602
256.0,0.54296875,0.0021738787181675434,1584.0,15672.0,0.5,-0.004919812694424763,0.875,0.3312819302082062,0.0,0.8831566944718361,1.0,1003008.0,0.0001,1959.0,0.2,502.5860418975353,256.0,0.0234375,0.83203125,-0.19341987647931091,476.0,45.0,0.7890625,99.60367584228516,0.31141331791877747,-133.20969977753236
256.0,0.51953125,0.0028553104493767023,1512.0,15680.0,0.5,-0.0069472193499677815,0.86328125,0.32890304923057556,0.0,0.9121575579047203,1.0,1003520.0,0.0001,1960.0,0.2,674.1924253702164,256.0,0.017822265625,0.84375,-0.1666057156980969,477.0,45.0,0.82421875,123.2093505859375,0.3130309283733368,-133.338694591159
256.0,0.46875,0.004108784254640341,1157.0,15688.0,0.5,-0.009198662068229169,0.84765625,0.27541032433509827,0.0,0.8900813609361649,1.0,1004032.0,0.0001,1961.0,0.2,175.0705870091915,256.0,0.04052734375,0.87890625,-0.22791687573771924,449.0,45.0,0.91015625,17.425745010375977,0.23676644265651703,-131.86586134546437
256.0,0.455078125,0.004889972507953644,1574.0,15696.0,0.5,-0.009961575073248241,0.8046875,0.2955314517021179,0.0,0.9262303113937378,1.0,1004544.0,0.0001,1962.0,0.2,118.91356213390827,256.0,0.036865234375,0.849609375,-0.13553332947776653,467.0,45.0,0.89453125,24.809951782226562,0.2975853979587555,-134.5543436483387
256.0,0.513671875,0.005020044278353453,1581.0,15704.0,0.5,-0.008806815574644133,0.859375,0.2650352120399475,0.0,0.9277510344982147,1.0,1005056.0,0.0001,1963.0,0.2,85.48513172566891,256.0,0.033203125,0.845703125,-0.17923729465110227,456.5,45.0,0.83203125,11.894559860229492,0.2882327437400818,-131.00122860801406
256.0,0.517578125,0.0030642629135400057,1617.0,15712.0,0.5,-0.00608644844032824,0.87890625,0.28543227910995483,0.0,0.9240958094596863,1.0,1005568.0,0.0001,1964.0,0.2,105.82215946912766,256.0,0.02880859375,0.861328125,-0.20817530725616962,440.0,45.0,0.84375,22.30083465576172,0.2865753769874573,-133.68895764774643
256.0,0.576171875,0.005842574406415224,1591.0,15720.0,0.5,-0.006319054729829077,0.93359375,0.32070812582969666,0.0,0.9527177549898624,1.0,1006080.0,0.0001,1965.0,0.2,84.59787111729383,256.0,0.0380859375,0.857421875,-0.1796129067079164,439.5,45.0,0.78125,8.18284797668457,0.29794320464134216,-140.11772344856524
256.0,0.525390625,0.0025423248298466206,1276.0,15728.0,0.5,-0.006294913619058207,0.9296875,0.279120534658432,0.0,0.8400120735168457,1.0,1006592.0,0.0001,1966.0,0.2,366.5502279102802,256.0,0.021484375,0.904296875,-0.16297959332587197,413.0,45.0,0.87890625,21.79326820373535,0.25359517335891724,-141.4492931989208
256.0,0.59375,0.0024059386923909187,1507.0,15736.0,0.5,-0.008772075449087424,0.9609375,0.26803746819496155,0.0,0.7997902631759644,1.0,1007104.0,0.0001,1967.0,0.2,1182.2895784974098,256.0,0.026611328125,0.8671875,-0.15523014863720164,365.0,45.0,0.7734375,965.87939453125,0.27349838614463806,-145.2053550068289
256.0,0.560546875,0.003449678421020508,1582.0,15744.0,0.5,-0.007859588142309804,0.9453125,0.26505881547927856,0.0,0.875773087143898,1.0,1007616.0,0.0001,1968.0,0.2,235.99673233926296,256.0,0.025634765625,0.884765625,-0.20453702803933993,362.0,45.0,0.82421875,40.74854278564453,0.2551625370979309,-149.4619558895938
256.0,0.57421875,0.004182151518762112,1518.0,15752.0,0.5,-0.006002686852298211,0.91796875,0.30102354288101196,0.0,0.8706876188516617,1.0,1008128.0,0.0001,1969.0,0.2,747.0100846588612,256.0,0.029052734375,0.84375,-0.2062394434469752,383.5,45.0,0.76953125,351.3163146972656,0.29923510551452637,-149.58091254207307
256.0,0.5234375,0.004245331976562738,1643.0,15760.0,0.5,-0.007704974268563092,0.92578125,0.2556164860725403,0.0,0.931179977953434,1.0,1008640.0,0.0001,1970.0,0.2,124.77179272472858,256.0,0.02783203125,0.90234375,-0.16235759732080624,377.5,45.0,0.87890625,31.272293090820312,0.22016683220863342,-149.30086807596498
256.0,0.5703125,0.0028727292083203793,1262.0,15768.0,0.5,-0.0066438985377317294,0.9453125,0.2712920904159546,0.0,0.9563414305448532,1.0,1009152.0,0.0001,1971.0,0.2,120.331024967134,256.0,0.03271484375,0.875,-0.16334962751716375,366.5,45.0,0.8046875,26.868078231811523,0.2531770169734955,-149.18710496513174
256.0,0.615234375,0.004424940794706345,1540.0,15776.0,0.5,-0.010556323341006646,0.953125,0.2740641236305237,0.0,0.9533184096217155,1.0,1009664.0,0.0001,1972.0,0.2,90.33474884927273,256.0,0.03076171875,0.837890625,-0.18316695606335998,379.0,45.0,0.72265625,19.04416847229004,0.297182559967041,-148.89918530551716
256.0,0.568359375,0.0024866776075214148,1606.0,15784.0,0.5,-0.005579532778938301,0.9453125,0.24945007264614105,0.0,0.9394270405173302,1.0,1010176.0,0.0001,1973.0,0.2,101.18610855937004,256.0,0.02392578125,0.876953125,-0.21931416349252686,371.0,45.0,0.80859375,21.451034545898438,0.2536998391151428,-145.77680273290724
256.0,0.515625,0.002488141879439354,1571.0,15792.0,0.5,-0.0054502900238730945,0.8984375,0.2676212787628174,0.0,0.9091755077242851,1.0,1010688.0,0.0001,1974.0,0.2,476.4449512064457,256.0,0.018798828125,0.8828125,-0.1568256569444202,373.5,45.0,0.8671875,214.81802368164062,0.2657100558280945,-146.8136777190864
256.0,0.52734375,0.0020290573593229055,1664.0,15800.0,0.5,-0.004597012193698902,0.97265625,0.2248896062374115,0.0,0.9089343100786209,1.0,1011200.0,0.0001,1975.0,0.2,230.90307445824146,256.0,0.01318359375,0.9453125,-0.11857007481739856,396.5,45.0,0.91796875,14.648720741271973,0.17607975006103516,-150.79637308303268
256.0,0.505859375,0.002279409673064947,1352.0,15808.0,0.5,-0.008654212218971225,0.90625,0.25681886076927185,0.0,0.843566358089447,1.0,1011712.0,0.0001,1976.0,0.2,1293.7382559478283,256.0,0.020263671875,0.900390625,-0.13389455148717389,374.0,45.0,0.89453125,60.116764068603516,0.24771511554718018,-153.0878840514645
256.0,0.541015625,0.0011330669512972236,1655.0,15816.0,0.5,-0.003577340547053609,0.93359375,0.26129481196403503,0.0,0.7540200352668762,1.0,1012224.0,0.0001,1977.0,0.2,788.5487211346626,256.0,0.013916015625,0.892578125,-0.156628931988962,366.0,45.0,0.8515625,80.202392578125,0.2384042590856552,-159.871393054761
256.0,0.55078125,0.0012988230446353555,1592.0,15824.0,0.5,-0.00510169180779485,0.90625,0.277036190032959,0.0,0.8637278974056244,1.0,1012736.0,0.0001,1978.0,0.2,741.3991119861603,256.0,0.011962890625,0.85546875,-0.19789401354501024,360.0,45.0,0.8046875,78.17313385009766,0.316343754529953,-161.19019151621498
256.0,0.509765625,0.0011548419715836644,1617.0,15832.0,0.5,-0.003928398466086946,0.91015625,0.2627040147781372,0.0,0.8254020512104034,1.0,1013248.0,0.0001,1979.0,0.2,620.2234399914742,256.0,0.005615234375,0.900390625,-0.1486422968446277,349.0,45.0,0.890625,61.162452697753906,0.23898345232009888,-163.2826119460538
256.0,0.525390625,0.0031703938730061054,1595.0,15840.0,0.5,-0.006280234389123507,0.90234375,0.2489139288663864,0.0,0.9301143065094948,1.0,1013760.0,0.0001,1980.0,0.2,109.46786680817604,256.0,0.023681640625,0.876953125,-0.16327584336977452,336.5,45.0,0.8515625,45.594635009765625,0.22530466318130493,-164.42222277407535
256.0,0.5859375,0.0028810398653149605,1566.0,15848.0,0.5,-0.008181819081073627,0.92578125,0.29325804114341736,0.0,0.9544316790997982,1.0,1014272.0,0.0001,1981.0,0.2,88.80926586687565,256.0,0.039794921875,0.83984375,-0.2256718857679516,334.5,45.0,0.75390625,15.277257919311523,0.30172014236450195,-166.53004137543962
256.0,0.533203125,0.003780096536502242,1280.0,15856.0,0.5,-0.006558626686455682,0.93359375,0.25948667526245117,0.0,0.9293703958392143,1.0,1014784.0,0.0001,1982.0,0.2,124.44745691120625,256.0,0.0302734375,0.900390625,-0.18281502596801147,318.5,45.0,0.8671875,44.880348205566406,0.24671736359596252,-165.0783835404925
256.0,0.552734375,0.0034508612006902695,1525.0,15864.0,0.5,-0.008028184598515509,0.94140625,0.2903119623661041,0.0,0.9536132588982582,1.0,1015296.0,0.0001,1983.0,0.2,86.47358763962984,256.0,0.029296875,0.888671875,-0.17520544241415337,329.5,45.0,0.8359375,14.061177253723145,0.24095070362091064,-162.94475331980735
256.0,0.537109375,0.001663060043938458,1614.0,15872.0,0.5,-0.004484044708078727,0.91015625,0.28325802087783813,0.0,0.9585869051516056,1.0,1015808.0,0.0001,1984.0,0.2,70.32580561935902,256.0,0.024169921875,0.873046875,-0.16137079877080396,330.5,45.0,0.8359375,14.110997200012207,0.2753179669380188,-160.40303557195702
256.0,0.56640625,0.001973718171939254,1607.0,15880.0,0.5,-0.006154615657578688,0.93359375,0.2793923020362854,0.0,0.8656062334775925,1.0,1016320.0,0.0001,1985.0,0.2,483.7496425807476,256.0,0.017578125,0.8671875,-0.15442025510128587,358.0,45.0,0.80078125,233.05596923828125,0.27065932750701904,-155.3622577856388
256.0,0.55078125,0.004851248115301132,1476.0,15888.0,0.5,-0.009915192043990828,0.9140625,0.27644723653793335,0.0,0.9384205304086208,1.0,1016832.0,0.0001,1986.0,0.2,110.05768737196922,256.0,0.046875,0.86328125,-0.18557738896925002,341.0,45.0,0.8125,16.328073501586914,0.25277501344680786,-152.02176759464666
256.0,0.537109375,0.006435733288526535,1115.0,15896.0,0.5,-0.009229694900568575,0.91015625,0.2767605185508728,0.0,0.9581785798072815,1.0,1017344.0,0.0001,1987.0,0.2,78.75917457044125,256.0,0.044189453125,0.873046875,-0.21717316645663232,345.5,45.0,0.8359375,18.949033737182617,0.25526154041290283,-152.25592131982557
256.0,0.509765625,0.004011912737041712,1672.0,15904.0,0.5,-0.009604973340174183,0.91015625,0.2512936592102051,0.0,0.9591006301343441,1.0,1017856.0,0.0001,1988.0,0.2,58.739710330963135,256.0,0.03564453125,0.900390625,-0.13340473595599178,345.0,45.0,0.890625,8.492365837097168,0.22709032893180847,-150.58355355137027
256.0,0.53125,0.006007739342749119,1540.0,15912.0,0.5,-0.011086627109762048,0.90625,0.27035123109817505,0.0,0.9609955959022045,1.0,1018368.0,0.0001,1989.0,0.2,78.40761110186577,256.0,0.052001953125,0.875,-0.19798894313862547,356.5,45.0,0.84375,6.8840203285217285,0.26402899622917175,-152.3695113144722
256.0,0.556640625,0.003020591102540493,1605.0,15920.0,0.5,-0.006719421126035741,0.91796875,0.27830255031585693,0.0,0.957867007702589,1.0,1018880.0,0.0001,1990.0,0.2,62.84934024512768,256.0,0.0302734375,0.861328125,-0.19359756365884095,360.0,45.0,0.8046875,11.281708717346191,0.2714380621910095,-151.64278737545013
256.0,0.5234375,0.0028360532596707344,1637.0,15928.0,0.5,-0.006392763563781045,0.89453125,0.29954686760902405,0.0,0.960374291986227,1.0,1019392.0,0.0001,1991.0,0.2,70.52010913938284,256.0,0.043212890625,0.87109375,-0.19132699858164415,356.5,45.0,0.84765625,13.73009204864502,0.2610529065132141,-153.03390211701392
256.0,0.501953125,0.0024616194423288107,1202.0,15936.0,0.5,-0.004603104564012028,0.91015625,0.2667262554168701,0.0,0.8569540232419968,1.0,1019904.0,0.0001,1992.0,0.2,1500.3443701565266,256.0,0.014404296875,0.908203125,-0.14923570211976767,331.5,45.0,0.90625,38.07203674316406,0.2299908697605133,-155.65553741008043
256.0,0.48046875,0.0009284935658797622,1612.0,15944.0,0.5,-0.0030926390099921264,0.875,0.23262253403663635,0.0,0.8010958284139633,1.0,1020416.0,0.0001,1993.0,0.2,1386.4563789367676,256.0,0.00634765625,0.89453125,-0.11136200992041267,312.5,45.0,0.9140625,69.2402572631836,0.23144224286079407,-160.29284675655887
256.0,0.583984375,0.0018885221797972918,1282.0,15952.0,0.5,-0.00610427557330695,0.9375,0.2534579634666443,0.0,0.8937774002552032,1.0,1020928.0,0.0001,1994.0,0.2,186.54487551748753,256.0,0.024658203125,0.853515625,-0.19113788608228788,281.5,45.0,0.76953125,92.76984405517578,0.2833038568496704,-165.31595042929052
256.0,0.556640625,0.0023165736347436905,1470.0,15960.0,0.5,-0.004862963738560211,0.92578125,0.2639186978340149,0.0,0.8502967208623886,1.0,1021440.0,0.0001,1995.0,0.2,246.3517344892025,256.0,0.022216796875,0.869140625,-0.1848836868593935,275.5,45.0,0.8125,38.917808532714844,0.27653104066848755,-166.61238167884758
256.0,0.56640625,0.004813011735677719,1542.0,15968.0,0.5,-0.005942181691352744,0.9375,0.2423592507839203,0.0,0.9034307673573494,1.0,1021952.0,0.0001,1996.0,0.2,104.3801211938262,256.0,0.02587890625,0.87109375,-0.19394261087290943,266.0,45.0,0.8046875,13.5715970993042,0.27450329065322876,-165.93164797979406
256.0,0.537109375,0.004675691947340965,1312.0,15976.0,0.5,-0.009309157052484807,0.9375,0.23833587765693665,0.0,0.9509675353765488,1.0,1022464.0,0.0001,1997.0,0.2,52.28984272480011,256.0,0.030517578125,0.900390625,-0.16710458608577028,267.0,45.0,0.86328125,6.269229412078857,0.20754022896289825,-166.3413544860203
256.0,0.556640625,0.004846534691751003,1577.0,15984.0,0.5,-0.005142384245118592,0.94140625,0.2589224576950073,0.0,0.9099863916635513,1.0,1022976.0,0.0001,1998.0,0.2,75.43960072100163,256.0,0.02587890625,0.884765625,-0.15314245328772813,250.5,45.0,0.828125,4.326873302459717,0.21603494882583618,-165.37306571646593
256.0,0.5546875,0.006615201942622662,1612.0,15992.0,0.5,-0.013321507060027216,0.94921875,0.23577646911144257,0.0,0.9525875300168991,1.0,1023488.0,0.0001,1999.0,0.2,66.14954828470945,256.0,0.04052734375,0.89453125,-0.20587593253003433,233.5,45.0,0.83984375,14.58948040008545,0.23990392684936523,-166.0113180912938
256.0,0.58984375,0.0077990139834582806,1603.0,16000.0,0.5,-0.011723616982635576,0.9609375,0.2558313310146332,0.0,0.9528241120278835,1.0,1024000.0,0.0001,2000.0,0.2,75.49125082790852,256.0,0.052734375,0.87109375,-0.17135735123883933,256.5,45.0,0.78125,6.931792736053467,0.26513081789016724,-167.35477833807468
256.0,0.552734375,0.002948633162304759,1622.0,16008.0,0.5,-0.006019053605996305,0.92578125,0.2597576975822449,0.0,0.9564402401447296,1.0,1024512.0,0.0001,2001.0,0.2,78.73606610298157,256.0,0.019287109375,0.873046875,-0.13461687439121306,249.5,45.0,0.8203125,13.045110702514648,0.27180710434913635,-161.96821368406526
256.0,0.544921875,0.002686330582946539,1206.0,16016.0,0.5,-0.006474583795352373,0.9375,0.22747887670993805,0.0,0.9523763209581375,1.0,1025024.0,0.0001,2002.0,0.2,63.99762616306543,256.0,0.0283203125,0.892578125,-0.12955086259171367,281.0,45.0,0.84765625,9.83170223236084,0.21918335556983948,-163.16179946144112
256.0,0.517578125,0.004383031278848648,1607.0,16024.0,0.5,-0.007410335740132723,0.91015625,0.22445222735404968,0.0,0.9358251467347145,1.0,1025536.0,0.0001,2003.0,0.2,78.05474509298801,256.0,0.032470703125,0.892578125,-0.13375923439161852,273.5,45.0,0.875,18.667585372924805,0.2061227709054947,-158.36723673622123
256.0,0.552734375,0.005313075613230467,1615.0,16032.0,0.5,-0.0120788610438467,0.90234375,0.2533615529537201,0.0,0.9587193094193935,1.0,1026048.0,0.0001,2004.0,0.2,62.64327962696552,256.0,0.068115234375,0.849609375,-0.20527491631219164,284.5,45.0,0.796875,8.4790678024292,0.2818766236305237,-163.16836790223607
256.0,0.533203125,0.009008852764964104,1479.0,16040.0,0.5,-0.00696664622228127,0.90234375,0.27440571784973145,0.0,0.9502398036420345,1.0,1026560.0,0.0001,2005.0,0.2,73.33104488253593,256.0,0.032470703125,0.869140625,-0.17838819191092625,287.5,45.0,0.8359375,9.090356826782227,0.2743150591850281,-165.90805139040575
256.0,0.55859375,0.002408376894891262,1536.0,16048.0,0.5,-0.0021890004572924227,0.91796875,0.2737533450126648,0.0,0.8479420393705368,1.0,1027072.0,0.0001,2006.0,0.2,525.9196919202805,256.0,0.016357421875,0.859375,-0.15718987249420024,281.0,45.0,0.80078125,20.71570587158203,0.2606160342693329,-167.781350248158
256.0,0.5703125,0.0023760953918099403,1213.0,16056.0,0.5,-0.004428237727552187,0.93359375,0.2602614164352417,0.0,0.9401468150317669,1.0,1027584.0,0.0001,2007.0,0.2,101.0939610004425,256.0,0.024169921875,0.86328125,-0.16753003984922543,296.0,45.0,0.79296875,9.765141487121582,0.2770335078239441,-170.12869880568235
256.0,0.57421875,0.002980069722980261,1508.0,16064.0,0.5,-0.006130052584921941,0.94921875,0.261108934879303,0.0,0.7781346142292023,1.0,1028096.0,0.0001,2008.0,0.2,690.7798251211643,256.0,0.025634765625,0.875,-0.20629623386776075,309.0,45.0,0.80078125,253.31541442871094,0.25954148173332214,-169.84803598998116
256.0,0.568359375,0.003173296805471182,1468.0,16072.0,0.5,-0.008274537518445868,0.91796875,0.27968427538871765,0.0,0.9316420778632164,1.0,1028608.0,0.0001,2009.0,0.2,124.1329612582922,256.0,0.034423828125,0.849609375,-0.14798984862864017,320.0,45.0,0.78125,22.87517547607422,0.2729255259037018,-167.47054486138745
256.0,0.5234375,0.004625627771019936,1590.0,16080.0,0.5,-0.009264928043194232,0.90234375,0.2746356129646301,0.0,0.9488121643662453,1.0,1029120.0,0.0001,2010.0,0.2,105.24273046851158,256.0,0.030517578125,0.87890625,-0.14360144041711465,324.0,45.0,0.85546875,10.574950218200684,0.2571486532688141,-166.568416937422
256.0,0.494140625,0.004241648130118847,1618.0,16088.0,0.5,-0.004686628504714463,0.83984375,0.2681090235710144,0.0,0.9320081919431686,1.0,1029632.0,0.0001,2011.0,0.2,102.80231691151857,256.0,0.02197265625,0.845703125,-0.127758970746072,337.5,45.0,0.8515625,10.208847999572754,0.28127026557922363,-167.67616299876943
256.0,0.49609375,0.0049404869787395,1577.0,16096.0,0.5,-0.00785510303103365,0.8828125,0.26516854763031006,0.0,0.9469496496021748,1.0,1030144.0,0.0001,2012.0,0.2,86.35005483031273,256.0,0.035888671875,0.88671875,-0.17269301664782688,343.0,45.0,0.890625,9.869534492492676,0.2508992850780487,-165.8234690236673
256.0,0.533203125,0.005971296690404415,1441.0,16104.0,0.5,-0.010023903298133519,0.87890625,0.29690271615982056,0.0,0.9140967205166817,1.0,1030656.0,0.0001,2013.0,0.2,126.60889919102192,256.0,0.0478515625,0.845703125,-0.22327083704294637,338.5,45.0,0.8125,22.676651000976562,0.29572319984436035,-163.08987219824456
256.0,0.51171875,0.004065011162310839,1534.0,16112.0,0.5,-0.008346671162144048,0.89453125,0.24650593101978302,0.0,0.9479955434799194,1.0,1031168.0,0.0001,2014.0,0.2,68.68069659173489,256.0,0.02587890625,0.8828125,-0.182439680385869,356.0,45.0,0.87109375,12.114445686340332,0.2640753388404846,-161.88000269799494
256.0,0.52734375,0.004416103474795818,1511.0,16120.0,0.5,-0.006789272098103538,0.91796875,0.26707667112350464,0.0,0.9545488990843296,1.0,1031680.0,0.0001,2015.0,0.2,65.00053987279534,256.0,0.035888671875,0.890625,-0.17225376126589254,358.5,45.0,0.86328125,5.104331016540527,0.2310963273048401,-159.8291195392795
256.0,0.556640625,0.004731283523142338,1262.0,16128.0,0.5,-0.006796802816097625,0.93359375,0.271182119846344,0.0,0.9688612427562475,1.0,1032192.0,0.0001,2016.0,0.2,50.31505553051829,256.0,0.025146484375,0.876953125,-0.1839667862514034,347.0,45.0,0.8203125,7.282750606536865,0.2644057869911194,-157.08043510800226
256.0,0.552734375,0.006434583570808172,1421.0,16136.0,0.5,-0.006544616881001275,0.9296875,0.2774611711502075,0.0,0.9599203988909721,1.0,1032704.0,0.0001,2017.0,0.2,73.08549571037292,256.0,0.0517578125,0.876953125,-0.2431045479606837,354.5,45.0,0.82421875,12.873274803161621,0.26754030585289,-157.5174382172525
256.0,0.552734375,0.005726207047700882,1376.0,16144.0,0.5,-0.008899937398382463,0.89453125,0.3232807517051697,0.0,0.954349473118782,1.0,1033216.0,0.0001,2018.0,0.2,73.13405065238476,256.0,0.046875,0.841796875,-0.1812629229389131,358.5,45.0,0.7890625,18.90933609008789,0.32202163338661194,-155.25711839865892
256.0,0.51953125,0.002591967349871993,1525.0,16152.0,0.5,-0.0036431697008083574,0.89453125,0.28257280588150024,0.0,0.7899177521467209,1.0,1033728.0,0.0001,2019.0,0.2,1262.573250591755,256.0,0.012939453125,0.875,-0.133000293164514,355.5,45.0,0.85546875,372.37860107421875,0.27716293931007385,-152.87693746317177
256.0,0.48046875,0.00489390455186367,1624.0,16160.0,0.5,-0.008195476679247804,0.8828125,0.25786420702934265,0.0,0.8265670835971832,1.0,1034240.0,0.0001,2020.0,0.2,1595.1645888090134,256.0,0.02197265625,0.90234375,-0.13320488933823071,337.0,45.0,0.921875,576.596923828125,0.21671262383460999,-151.5227357836999
256.0,0.603515625,0.004898638930171728,1504.0,16168.0,0.5,-0.007582453887152951,0.9375,0.3241131603717804,0.0,0.9076886549592018,1.0,1034752.0,0.0001,2021.0,0.2,140.361693456769,256.0,0.0302734375,0.833984375,-0.19050589518155903,367.5,45.0,0.73046875,23.162012100219727,0.32432621717453003,-153.94834565189666
256.0,0.548828125,0.0017833145102486014,1494.0,16176.0,0.5,-0.003724133115611039,0.88671875,0.29188990592956543,0.0,0.8610082417726517,1.0,1035264.0,0.0001,2022.0,0.2,1483.8527894616127,256.0,0.01318359375,0.837890625,-0.18702830880647525,374.5,45.0,0.7890625,1348.2789306640625,0.3188258409500122,-147.50521212005057
256.0,0.513671875,0.0036567356437444687,1298.0,16184.0,0.5,-0.007128077981178649,0.91796875,0.2568988502025604,0.0,0.9388692043721676,1.0,1035776.0,0.0001,2023.0,0.2,74.83404339849949,256.0,0.024658203125,0.904296875,-0.15869836683850735,374.5,45.0,0.890625,9.393455505371094,0.22502264380455017,-146.55598799956962
256.0,0.576171875,0.006187553517520428,1450.0,16192.0,0.5,-0.009801753461943008,0.921875,0.27886760234832764,0.0,0.9550677761435509,1.0,1036288.0,0.0001,2024.0,0.2,84.5742963179946,256.0,0.039794921875,0.845703125,-0.16114548966288567,389.0,45.0,0.76953125,19.093481063842773,0.29301589727401733,-145.35394578865728
256.0,0.5703125,0.005022644530981779,1480.0,16200.0,0.5,-0.00582491306704469,0.9140625,0.3116711974143982,0.0,0.9570189975202084,1.0,1036800.0,0.0001,2025.0,0.2,89.03759571909904,256.0,0.031005859375,0.84375,-0.21612083993386477,395.5,45.0,0.7734375,17.570104598999023,0.31885644793510437,-143.57325213044882
256.0,0.5703125,0.002040793653577566,1492.0,16208.0,0.5,-0.0038990887187537737,0.94140625,0.3116968274116516,0.0,0.8210024237632751,1.0,1037312.0,0.0001,2026.0,0.2,458.5543541163206,256.0,0.012451171875,0.87109375,-0.1918347073951736,412.0,45.0,0.80078125,57.189273834228516,0.29307955503463745,-142.34409808428958
256.0,0.513671875,0.0023132506757974625,1634.0,16216.0,0.5,-0.00546981614024844,0.91796875,0.27171123027801514,0.0,0.9490628130733967,1.0,1037824.0,0.0001,2027.0,0.2,95.59853655844927,256.0,0.02197265625,0.904296875,-0.159995030175196,397.0,45.0,0.890625,28.1560001373291,0.21935027837753296,-140.36929363189265
256.0,0.49609375,0.0025256453081965446,1578.0,16224.0,0.5,-0.006151637215225492,0.8671875,0.28938543796539307,0.0,0.913857527077198,1.0,1038336.0,0.0001,2028.0,0.2,1064.682793661952,256.0,0.02490234375,0.87109375,-0.1444474840827752,401.5,45.0,0.875,26.06767463684082,0.27803564071655273,-143.3716981668584
256.0,0.4921875,0.004397988319396973,1565.0,16232.0,0.5,-0.01125940504425671,0.859375,0.2694830596446991,0.0,0.8982670158147812,1.0,1038848.0,0.0001,2029.0,0.2,103.88237607479095,256.0,0.038818359375,0.8671875,-0.13444719070685096,405.0,45.0,0.875,13.102907180786133,0.24955570697784424,-143.91179578755052
256.0,0.494140625,0.0048337471671402454,1587.0,16240.0,0.5,-0.007035205751890317,0.8515625,0.30776992440223694,0.0,0.9278708770871162,1.0,1039360.0,0.0001,2030.0,0.2,91.53316882625222,256.0,0.0263671875,0.857421875,-0.15320262196473777,386.0,45.0,0.86328125,17.470720291137695,0.29101982712745667,-146.57874900670723
256.0,0.5078125,0.005347183905541897,1518.0,16248.0,0.5,-0.004926240973873064,0.88671875,0.2734339237213135,0.0,0.9349970743060112,1.0,1039872.0,0.0001,2031.0,0.2,101.14667159318924,256.0,0.031005859375,0.87890625,-0.1836195137584582,388.0,45.0,0.87109375,8.466280937194824,0.25342413783073425,-151.11263676225207
256.0,0.501953125,0.004999990109354258,1738.0,16256.0,0.5,-0.008215599802497309,0.890625,0.2662195563316345,0.0,0.961520116776228,1.0,1040384.0,0.0001,2032.0,0.2,36.48670483008027,256.0,0.04150390625,0.888671875,-0.13410307458252646,380.0,45.0,0.88671875,13.756826400756836,0.22715239226818085,-151.59687771546655
256.0,0.55859375,0.0015483053866773844,1555.0,16264.0,0.5,-0.002649923466378823,0.921875,0.3010944128036499,0.0,0.834375187754631,1.0,1040896.0,0.0001,2033.0,0.2,466.4782144725323,256.0,0.018310546875,0.86328125,-0.15019019466126338,386.0,45.0,0.8046875,40.62932586669922,0.2923036217689514,-153.77304867466913
256.0,0.55078125,0.002094073686748743,1620.0,16272.0,0.5,-0.00557118628785247,0.91015625,0.3004964590072632,0.0,0.961114801466465,1.0,1041408.0,0.0001,2034.0,0.2,72.37825750559568,256.0,0.0263671875,0.859375,-0.19963265804108232,380.0,45.0,0.80859375,19.06754493713379,0.2923828959465027,-155.01931762075984
256.0,0.572265625,0.003728181589394808,1616.0,16280.0,0.5,-0.006368694661432528,0.953125,0.26875269412994385,0.0,0.8872996121644974,1.0,1041920.0,0.0001,2035.0,0.2,700.6436251699924,256.0,0.02490234375,0.880859375,-0.17074102896731347,361.5,45.0,0.80859375,13.987835884094238,0.2507288455963135,-156.65757331815547
256.0,0.533203125,0.002198533620685339,1558.0,16288.0,0.5,-0.006437364645535126,0.9296875,0.2716284692287445,0.0,0.9176634773612022,1.0,1042432.0,0.0001,2036.0,0.2,670.5833934545517,256.0,0.013427734375,0.896484375,-0.10827874587266706,378.0,45.0,0.86328125,391.9344787597656,0.25186285376548767,-158.7763283621054
256.0,0.55859375,0.0026092324405908585,1565.0,16296.0,0.5,-0.0056270531786140054,0.9140625,0.2703465223312378,0.0,0.8914644196629524,1.0,1042944.0,0.0001,2037.0,0.2,260.84170038998127,256.0,0.01708984375,0.85546875,-0.15691100640106015,395.0,45.0,0.796875,26.812206268310547,0.3002113997936249,-159.7070080253575
256.0,0.5625,0.001159431179985404,1641.0,16304.0,0.5,-0.003294695268778014,0.93359375,0.26151031255722046,0.0,0.919509693980217,1.0,1043456.0,0.0001,2038.0,0.2,147.83614449948072,256.0,0.01025390625,0.87109375,-0.15967596572590992,390.5,45.0,0.80859375,22.493078231811523,0.2708156704902649,-153.74737489423714
256.0,0.607421875,0.003497237106785178,1500.0,16312.0,0.5,-0.008053730387473479,0.9453125,0.2794107496738434,0.0,0.877440556883812,1.0,1043968.0,0.0001,2039.0,0.2,865.4394795894623,256.0,0.02197265625,0.837890625,-0.1424685085657984,410.5,45.0,0.73046875,142.94566345214844,0.30704888701438904,-150.18026989595035
256.0,0.5078125,0.0030420622788369656,1581.0,16320.0,0.5,-0.006902339084263076,0.90234375,0.2675236463546753,0.0,0.9544861987233162,1.0,1044480.0,0.0001,2040.0,0.2,98.41686676442623,256.0,0.02880859375,0.89453125,-0.1687139182467945,412.0,45.0,0.88671875,10.388991355895996,0.23328343033790588,-147.97162490070798
256.0,0.517578125,0.004041789099574089,1557.0,16328.0,0.5,-0.007351326166826766,0.90234375,0.26233184337615967,0.0,0.9545076861977577,1.0,1044992.0,0.0001,2041.0,0.2,105.29018373787403,256.0,0.038818359375,0.884765625,-0.14003709895769134,406.0,45.0,0.8671875,31.305662155151367,0.24068884551525116,-148.3574416710995
256.0,0.52734375,0.004336356185376644,1538.0,16336.0,0.5,-0.005460787651827559,0.8671875,0.28699856996536255,0.0,0.8721808940172195,1.0,1045504.0,0.0001,2042.0,0.2,184.17744654417038,256.0,0.019775390625,0.83984375,-0.13925102016946767,409.0,45.0,0.8125,17.577943801879883,0.2924267649650574,-148.37333789622411
256.0,0.548828125,0.003316486719995737,1543.0,16344.0,0.5,-0.006335796781058889,0.88671875,0.3113928735256195,0.0,0.9136115238070488,1.0,1046016.0,0.0001,2043.0,0.2,176.6255358159542,256.0,0.030517578125,0.837890625,-0.22251961275469512,416.5,45.0,0.7890625,18.788110733032227,0.34634268283843994,-148.25630378814415
256.0,0.509765625,0.0035134442150592804,1487.0,16352.0,0.5,-0.006222036936378572,0.8828125,0.25426185131073,0.0,0.9490346573293209,1.0,1046528.0,0.0001,2044.0,0.2,87.0483381152153,256.0,0.027587890625,0.873046875,-0.16901109990430996,419.0,45.0,0.86328125,14.598006248474121,0.2603239417076111,-147.88389750540256
256.0,0.50390625,0.003992212004959583,1622.0,16360.0,0.5,-0.005915623340115417,0.90234375,0.24874457716941833,0.0,0.9116821065545082,1.0,1047040.0,0.0001,2045.0,0.2,265.1551078632474,256.0,0.01513671875,0.8984375,-0.10560137708671391,401.0,45.0,0.89453125,29.405597686767578,0.23070378601551056,-149.19280975996517
256.0,0.4765625,0.0016972286393865943,1659.0,16368.0,0.5,-0.0037958236935082823,0.87109375,0.26036807894706726,0.0,0.9398500621318817,1.0,1047552.0,0.0001,2046.0,0.2,106.5541842803359,256.0,0.017822265625,0.89453125,-0.1150257512636017,382.0,45.0,0.91796875,57.05129623413086,0.2462478131055832,-151.74607123217547
256.0,0.509765625,0.0020259320735931396,1610.0,16376.0,0.5,-0.005262117243546527,0.91796875,0.2401660978794098,0.0,0.8773095160722733,1.0,1048064.0,0.0001,2047.0,0.2,141.93827430903912,256.0,0.0244140625,0.908203125,-0.13666177249979228,372.5,45.0,0.8984375,11.91324234008789,0.210470050573349,-156.24660921033473
256.0,0.529296875,0.0011318024480715394,1617.0,16384.0,0.5,-0.0003673590053949738,0.89453125,0.26269009709358215,0.0,0.8163735866546631,1.0,1048576.0,0.0001,2048.0,0.2,1353.6554952859879,256.0,0.0048828125,0.865234375,-0.16318522643996403,350.5,45.0,0.8359375,113.97301483154297,0.273361474275589,-159.94837033136747
256.0,0.537109375,0.004421280696988106,1570.0,16392.0,0.5,-0.010257038498821203,0.9375,0.2702297866344452,0.0,0.9005085304379463,1.0,1049088.0,0.0001,2049.0,0.2,130.95904023200274,256.0,0.03466796875,0.900390625,-0.1655789524083957,340.5,45.0,0.86328125,11.152791976928711,0.23781943321228027,-160.3264653568249
256.0,0.53515625,0.0009137263987213373,1656.0,16400.0,0.5,-0.0013805634662276134,0.94921875,0.27306604385375977,0.0,0.8060167729854584,1.0,1049600.0,0.0001,2050.0,0.2,708.7619804143906,256.0,0.003662109375,0.9140625,-0.12082626280607656,323.5,45.0,0.87890625,39.471046447753906,0.2186831682920456,-156.99664527141488
256.0,0.576171875,0.005104072391986847,1473.0,16408.0,0.5,-0.007298827724298462,0.9453125,0.2743283212184906,0.0,0.9416426159441471,1.0,1050112.0,0.0001,2051.0,0.2,140.68961781263351,256.0,0.0341796875,0.869140625,-0.15329577040392905,309.0,45.0,0.79296875,26.287487030029297,0.2831462025642395,-155.19868811080232
256.0,0.658203125,0.0021178466267883778,1573.0,16416.0,0.5,-0.0065828939113998786,0.9609375,0.31097328662872314,0.0,0.8906036242842674,1.0,1050624.0,0.0001,2052.0,0.2,265.42538088560104,256.0,0.020263671875,0.802734375,-0.1850995916465763,316.5,45.0,0.64453125,83.31238555908203,0.3629848062992096,-153.49426313516685
256.0,0.52734375,0.002603177446871996,1657.0,16424.0,0.5,-0.007260202182806097,0.94140625,0.2537108063697815,0.0,0.9287369102239609,1.0,1051136.0,0.0001,2053.0,0.2,146.28783291578293,256.0,0.03173828125,0.9140625,-0.1569739645055961,313.5,45.0,0.88671875,12.318872451782227,0.21578073501586914,-149.016762833111
256.0,0.521484375,0.0019063088111579418,1638.0,16432.0,0.5,-0.004718562358903,0.96484375,0.2502133846282959,0.0,0.9541571103036404,1.0,1051648.0,0.0001,2054.0,0.2,118.84726341813803,256.0,0.015625,0.943359375,-0.10916233516763896,299.0,45.0,0.921875,29.321640014648438,0.1992640644311905,-147.54708066922612
256.0,0.529296875,0.0018777662189677358,1619.0,16440.0,0.5,-0.005791314692032756,0.9375,0.24171465635299683,0.0,0.9014953598380089,1.0,1052160.0,0.0001,2055.0,0.2,107.76771654188633,256.0,0.0205078125,0.908203125,-0.12144804166746326,304.0,45.0,0.87890625,38.683597564697266,0.21506115794181824,-146.14851296072825
256.0,0.53125,0.0030007250607013702,1531.0,16448.0,0.5,-0.0053152470354689285,0.90625,0.2759895920753479,0.0,0.865332767367363,1.0,1052672.0,0.0001,2056.0,0.2,141.20291110873222,256.0,0.02685546875,0.875,-0.13418031990295276,296.5,45.0,0.84375,10.661094665527344,0.27334070205688477,-146.99235700013116
256.0,0.544921875,0.0022283250000327826,1200.0,16456.0,0.5,-0.004029888521472458,0.890625,0.3019156754016876,0.0,0.8357124179601669,1.0,1053184.0,0.0001,2057.0,0.2,1121.5187240242958,256.0,0.017822265625,0.845703125,-0.1829243011889048,321.5,45.0,0.80078125,596.2118530273438,0.3503064513206482,-146.2170713774115
256.0,0.486328125,0.0011887045111507177,1714.0,16464.0,0.5,-0.00394965271698311,0.88671875,0.23567798733711243,0.0,0.7761664539575577,1.0,1053696.0,0.0001,2058.0,0.2,695.2768371999264,256.0,0.01220703125,0.900390625,-0.124321859824704,331.5,45.0,0.9140625,217.55477905273438,0.21886074542999268,-146.89970327885823
256.0,0.544921875,0.0026616258546710014,1630.0,16472.0,0.5,-0.006254078256461071,0.953125,0.25655823945999146,0.0,0.8738737553358078,1.0,1054208.0,0.0001,2059.0,0.2,242.77422231435776,256.0,0.02197265625,0.908203125,-0.13336591378902085,335.5,45.0,0.86328125,19.993579864501953,0.22009225189685822,-149.8568895417545
256.0,0.578125,0.008765382692217827,1571.0,16480.0,0.5,-0.01299311942057102,0.92578125,0.2861260771751404,0.0,0.8756077289581299,1.0,1054720.0,0.0001,2060.0,0.2,197.26033931970596,256.0,0.05224609375,0.84765625,-0.21596206567483023,329.0,45.0,0.76953125,42.23317337036133,0.2866976857185364,-153.50610889830625
256.0,0.599609375,0.002996728988364339,1404.0,16488.0,0.5,-0.0064538557271589525,0.9140625,0.2993914484977722,0.0,0.8718935549259186,1.0,1055232.0,0.0001,2061.0,0.2,355.52888482809067,256.0,0.0283203125,0.814453125,-0.17296895169420168,336.0,45.0,0.71484375,180.1477508544922,0.3337576389312744,-157.58583467361518
256.0,0.552734375,0.0024297453928738832,1589.0,16496.0,0.5,-0.006157504074508324,0.9140625,0.2883073389530182,0.0,0.8846672549843788,1.0,1055744.0,0.0001,2062.0,0.2,182.82123966515064,256.0,0.023193359375,0.861328125,-0.19351384282344952,364.5,45.0,0.80859375,18.2605037689209,0.2899693250656128,-160.67678984682075
256.0,0.564453125,0.004207742400467396,1211.0,16504.0,0.5,-0.013458623150654603,0.91796875,0.2773261070251465,0.0,0.6741536259651184,1.0,1056256.0,0.0001,2063.0,0.2,1697.8639315366745,256.0,0.037353515625,0.853515625,-0.1532530428667087,388.0,45.0,0.7890625,433.0113830566406,0.2844758629798889,-157.44321990591473
256.0,0.556640625,0.005717151798307896,1580.0,16512.0,0.5,-0.0069512346453848295,0.88671875,0.3119215667247772,0.0,0.9609834663569927,1.0,1056768.0,0.0001,2064.0,0.2,202.03449940681458,256.0,0.029052734375,0.830078125,-0.15952981503505725,416.0,45.0,0.7734375,37.131752014160156,0.3256177306175232,-155.13957999687642
256.0,0.533203125,0.0008560065180063248,1542.0,16520.0,0.5,-0.0014767009979550494,0.8671875,0.31176477670669556,0.0,0.8440000265836716,1.0,1057280.0,0.0001,2065.0,0.2,924.928488612175,256.0,0.005126953125,0.833984375,-0.15145173098426312,449.5,45.0,0.80078125,435.94879150390625,0.3158070147037506,-151.0233795515634
256.0,0.470703125,0.001443290850147605,1379.0,16528.0,0.5,-0.0042242322087986395,0.8203125,0.3024870753288269,0.0,0.8120899051427841,1.0,1057792.0,0.0001,2066.0,0.2,872.5443752408028,256.0,0.011474609375,0.849609375,-0.1834708199603483,444.0,45.0,0.87890625,502.4089660644531,0.3102432191371918,-149.64733902565203
256.0,0.443359375,0.001676945947110653,1599.0,16536.0,0.5,-0.0036564267284120433,0.81640625,0.2682105302810669,0.0,0.8995788097381592,1.0,1058304.0,0.0001,2067.0,0.2,283.6005920469761,256.0,0.009033203125,0.873046875,-0.11807124951155856,462.5,45.0,0.9296875,34.04199981689453,0.2824236750602722,-151.72648647707888
256.0,0.46484375,0.0018346155993640423,1212.0,16544.0,0.5,-0.005651204592140857,0.8125,0.2995285391807556,0.0,0.9214368537068367,1.0,1058816.0,0.0001,2068.0,0.2,279.0296238064766,256.0,0.022216796875,0.84765625,-0.16648903401801363,484.0,45.0,0.8828125,129.64549255371094,0.30942004919052124,-150.95787067496218
256.0,0.525390625,0.0027705328539013863,1596.0,16552.0,0.5,-0.006143025078927167,0.85546875,0.3079153895378113,0.0,0.9341196790337563,1.0,1059328.0,0.0001,2069.0,0.2,169.4475077688694,256.0,0.015625,0.830078125,-0.20619012787938118,495.5,45.0,0.8046875,26.988882064819336,0.3301614820957184,-148.95801092985087
256.0,0.5234375,0.004450800828635693,1517.0,16560.0,0.5,-0.008485163773002569,0.8359375,0.33229658007621765,0.0,0.8430607467889786,1.0,1059840.0,0.0001,2070.0,0.2,1039.4446308612823,256.0,0.0302734375,0.8125,-0.20075521752005443,501.5,45.0,0.7890625,928.1170654296875,0.35509049892425537,-148.35697402033023
256.0,0.541015625,0.0032486720010638237,1461.0,16568.0,0.5,-0.00699891504336847,0.875,0.3415217995643616,0.0,0.8997083753347397,1.0,1060352.0,0.0001,2071.0,0.2,257.37129029631615,256.0,0.025390625,0.833984375,-0.17025695327902213,506.0,45.0,0.79296875,72.22626495361328,0.34872791171073914,-147.4200045469962
256.0,0.55078125,0.004297960549592972,1543.0,16576.0,0.5,-0.005852503330970649,0.93359375,0.3015442490577698,0.0,0.9406136460602283,1.0,1060864.0,0.0001,2072.0,0.2,163.21610590070486,256.0,0.03125,0.8828125,-0.15877346094930544,510.0,45.0,0.83203125,14.805908203125,0.28303399682044983,-144.5365576681122
256.0,0.548828125,0.0014334899606183171,1289.0,16584.0,0.5,-0.0034438085076544667,0.91015625,0.30285966396331787,0.0,0.8390123248100281,1.0,1061376.0,0.0001,2073.0,0.2,869.1515393257141,256.0,0.00927734375,0.861328125,-0.15094058570684865,488.5,45.0,0.8125,194.3484344482422,0.2833581864833832,-139.25317238772288
256.0,0.599609375,0.0008492555934935808,1279.0,16592.0,0.5,-0.0019877120594173903,0.93359375,0.3413105010986328,0.0,0.9101468250155449,1.0,1061888.0,0.0001,2074.0,0.2,626.1042194962502,256.0,0.005859375,0.833984375,-0.15349881869042292,481.0,45.0,0.734375,190.77479553222656,0.3114398121833801,-138.68295537292025
256.0,0.568359375,0.0017806119285523891,1480.0,16600.0,0.5,-0.003366694349097088,0.921875,0.3240896761417389,0.0,0.9073916897177696,1.0,1062400.0,0.0001,2075.0,0.2,324.15845596790314,256.0,0.01318359375,0.853515625,-0.1554587381251622,493.0,45.0,0.78515625,65.6495361328125,0.3103823959827423,-134.3178660959378
256.0,0.517578125,0.0026152837090194225,1656.0,16608.0,0.5,-0.003980269437306561,0.89453125,0.28167325258255005,0.0,0.9467460475862026,1.0,1062912.0,0.0001,2076.0,0.2,209.29359160363674,256.0,0.022705078125,0.876953125,-0.1409230054123327,495.0,45.0,0.859375,54.57600784301758,0.24463939666748047,-129.8401988874469
256.0,0.533203125,0.001490072114393115,1556.0,16616.0,0.5,-0.004568064083287027,0.8515625,0.32786232233047485,0.0,0.8677120357751846,1.0,1063424.0,0.0001,2077.0,0.2,2020.4679579734802,256.0,0.014404296875,0.818359375,-0.1388690056046471,470.5,45.0,0.78515625,1029.729248046875,0.3475956320762634,-125.89172486541793
256.0,0.515625,0.004274602979421616,1285.0,16624.0,0.5,-0.007792211017658701,0.87890625,0.3229512572288513,0.0,0.8382039666175842,1.0,1063936.0,0.0001,2078.0,0.2,947.0696768164635,256.0,0.030029296875,0.86328125,-0.21643898414913565,464.5,45.0,0.84765625,470.04638671875,0.28866565227508545,-127.73200821910984
256.0,0.501953125,0.0021162512712180614,1548.0,16632.0,0.5,-0.007063913846650394,0.8515625,0.30428147315979004,0.0,0.8808608651161194,1.0,1064448.0,0.0001,2079.0,0.2,971.5304620265961,256.0,0.0224609375,0.849609375,-0.14883222914068028,449.0,45.0,0.84765625,564.0799560546875,0.31116384267807007,-128.5386793238949
256.0,0.486328125,0.0028631058521568775,1642.0,16640.0,0.5,-0.009478694228164386,0.87109375,0.2657265365123749,0.0,0.9177577793598175,1.0,1064960.0,0.0001,2080.0,0.2,217.28268802165985,256.0,0.03515625,0.884765625,-0.1342699501547031,430.0,45.0,0.8984375,32.98446273803711,0.2645668685436249,-132.30259210274554
256.0,0.46875,0.01596967875957489,1545.0,16648.0,0.5,-0.012127386762585957,0.8359375,0.26313838362693787,0.0,0.8606815040111542,1.0,1065472.0,0.0001,2081.0,0.2,248.24270379543304,256.0,0.067626953125,0.8671875,-0.1927735946374014,412.0,45.0,0.8984375,35.678688049316406,0.27151888608932495,-137.02102172658778
256.0,0.55078125,0.0017301442567259073,1516.0,16656.0,0.5,-0.0031512437635683455,0.8984375,0.3073378801345825,0.0,0.8724451512098312,1.0,1065984.0,0.0001,2082.0,0.2,534.0727537870407,256.0,0.008544921875,0.84765625,-0.16051797207910568,422.5,45.0,0.796875,259.1898498535156,0.2933410406112671,-142.19134358678946
256.0,0.529296875,0.002646086737513542,1184.0,16664.0,0.5,-0.0061139668978285044,0.90234375,0.3203209340572357,0.0,0.941465612500906,1.0,1066496.0,0.0001,2083.0,0.2,157.9958730340004,256.0,0.017822265625,0.873046875,-0.16808349173516035,405.0,45.0,0.84375,36.18888854980469,0.27371031045913696,-143.46224650220947
256.0,0.552734375,0.002418018179014325,1499.0,16672.0,0.5,-0.004886272196017671,0.91015625,0.31656593084335327,0.0,0.9194003865122795,1.0,1067008.0,0.0001,2084.0,0.2,316.00735354423523,256.0,0.016845703125,0.857421875,-0.18262697575846687,397.0,45.0,0.8046875,86.34356689453125,0.3165305256843567,-144.5341439258214
256.0,0.52734375,0.00200637336820364,1627.0,16680.0,0.5,-0.0032842384243849665,0.87109375,0.314706414937973,0.0,0.8751351833343506,1.0,1067520.0,0.0001,2085.0,0.2,853.1275064349174,256.0,0.015380859375,0.84375,-0.1472757718001958,400.0,45.0,0.81640625,79.96136474609375,0.3207264542579651,-144.54111066907643
256.0,0.548828125,0.0021849828772246838,1410.0,16688.0,0.5,-0.007065045239869505,0.88671875,0.31358033418655396,0.0,0.9219238683581352,1.0,1068032.0,0.0001,2086.0,0.2,436.24169421195984,256.0,0.028564453125,0.837890625,-0.21115880826255307,432.0,45.0,0.7890625,44.964351654052734,0.3193042576313019,-144.71704664921387
256.0,0.578125,0.0027142285834997892,1411.0,16696.0,0.5,-0.003302575096313376,0.84375,0.3600662052631378,0.0,0.8357198089361191,1.0,1068544.0,0.0001,2087.0,0.2,538.4087886214256,256.0,0.0126953125,0.765625,-0.18343133432790637,460.5,45.0,0.6875,110.05121612548828,0.41910842061042786,-140.54848165010102
256.0,0.5703125,0.003318232484161854,1215.0,16704.0,0.5,-0.004912012213026173,0.8359375,0.3645567297935486,0.0,0.9412088841199875,1.0,1069056.0,0.0001,2088.0,0.2,248.08488681912422,256.0,0.029541015625,0.765625,-0.18932950758608058,486.5,45.0,0.6953125,41.26378631591797,0.4122275412082672,-134.77529609736987
256.0,0.556640625,0.002487093210220337,1596.0,16712.0,0.5,-0.004625306632078718,0.88671875,0.31226134300231934,0.0,0.9084398075938225,1.0,1069568.0,0.0001,2089.0,0.2,818.394933462143,256.0,0.02392578125,0.830078125,-0.15301197016378865,512.5,45.0,0.7734375,94.74360656738281,0.32942458987236023,-129.4446453491226
256.0,0.505859375,0.0014306718949228525,1570.0,16720.0,0.5,-0.0025191063359670807,0.84765625,0.30418074131011963,0.0,0.8981917724013329,1.0,1070080.0,0.0001,2090.0,0.2,548.235060364008,256.0,0.011474609375,0.841796875,-0.16999487520661205,545.5,45.0,0.8359375,98.62991333007812,0.30496716499328613,-129.7457130435575
256.0,0.48046875,0.002000889740884304,1435.0,16728.0,0.5,-0.0047960630308807595,0.83984375,0.31910309195518494,0.0,0.8866776674985886,1.0,1070592.0,0.0001,2091.0,0.2,437.0830165743828,256.0,0.013671875,0.859375,-0.1408427061396651,540.0,45.0,0.87890625,72.7132339477539,0.31495314836502075,-129.53954531083815
256.0,0.46484375,0.00443951366469264,1557.0,16736.0,0.5,-0.011084184458013624,0.8046875,0.2898532450199127,0.0,0.8323988914489746,1.0,1071104.0,0.0001,2092.0,0.2,655.1649930477142,256.0,0.045166015625,0.83984375,-0.14667269808705896,532.0,45.0,0.875,458.56927490234375,0.31986141204833984,-132.47289529662578
256.0,0.439453125,0.0021861742716282606,1577.0,16744.0,0.5,-0.003884647485392634,0.80859375,0.26895642280578613,0.0,0.9153113514184952,1.0,1071616.0,0.0001,2093.0,0.2,267.53256663680077,256.0,0.012451171875,0.869140625,-0.1653072540066205,530.0,45.0,0.9296875,29.43952178955078,0.280244380235672,-137.0976689699199
256.0,0.490234375,0.004065011627972126,1280.0,16752.0,0.5,-0.008290170779218897,0.8359375,0.3206993043422699,0.0,0.942000437527895,1.0,1072128.0,0.0001,2094.0,0.2,274.02868044376373,256.0,0.019775390625,0.845703125,-0.16373598290374503,518.5,45.0,0.85546875,86.3957290649414,0.30947595834732056,-143.2745176901482
256.0,0.501953125,0.0037682042457163334,1487.0,16760.0,0.5,-0.008200428477721289,0.89453125,0.2783066928386688,0.0,0.9474682472646236,1.0,1072640.0,0.0001,2095.0,0.2,105.66091968119144,256.0,0.039794921875,0.892578125,-0.1866545911761932,498.5,45.0,0.890625,13.49415397644043,0.25929397344589233,-145.32220191130415
256.0,0.587890625,0.004273931495845318,1534.0,16768.0,0.5,-0.006502313422970474,0.91796875,0.3363736867904663,0.0,0.9105393216013908,1.0,1073152.0,0.0001,2096.0,0.2,218.8826253414154,256.0,0.047119140625,0.830078125,-0.19505272683454677,492.5,45.0,0.7421875,82.912841796875,0.34315943717956543,-147.53003957511856
256.0,0.548828125,0.006231359206140041,1515.0,16776.0,0.5,-0.005911633568757679,0.94921875,0.29012444615364075,0.0,0.9583259969949722,1.0,1073664.0,0.0001,2097.0,0.2,120.78339673578739,256.0,0.0322265625,0.900390625,-0.21504692413145676,465.5,45.0,0.8515625,19.873403549194336,0.2512475550174713,-148.51876467754133
256.0,0.548828125,0.0025413031689822674,1595.0,16784.0,0.5,-0.007191415676061297,0.921875,0.29263484477996826,0.0,0.9659620337188244,1.0,1074176.0,0.0001,2098.0,0.2,83.01243082433939,256.0,0.02978515625,0.873046875,-0.12229434255277738,438.0,45.0,0.82421875,10.156713485717773,0.26653051376342773,-147.91627832986416
256.0,0.60546875,0.003784844186156988,1147.0,16792.0,0.5,-0.007180747234087903,0.9296875,0.32480114698410034,0.0,0.9162064343690872,1.0,1074688.0,0.0001,2099.0,0.2,432.89659374952316,256.0,0.02392578125,0.82421875,-0.17757677711779252,427.0,45.0,0.71875,198.485595703125,0.34029391407966614,-145.47031381429173
256.0,0.564453125,0.003950362093746662,1582.0,16800.0,0.5,-0.00412755626894068,0.9453125,0.313663125038147,0.0,0.9545129165053368,1.0,1075200.0,0.0001,2100.0,0.2,144.67287927865982,256.0,0.0263671875,0.880859375,-0.1338023302378133,452.5,45.0,0.81640625,30.193374633789062,0.28015410900115967,-141.84236922944896
256.0,0.5703125,0.0021321652457118034,1472.0,16808.0,0.5,-0.006354692221066216,0.9296875,0.3127797245979309,0.0,0.859680563211441,1.0,1075712.0,0.0001,2101.0,0.2,1923.5915265083313,256.0,0.01708984375,0.859375,-0.2144439714611508,436.0,45.0,0.7890625,1297.7003173828125,0.2993139624595642,-136.3313604335021
256.0,0.494140625,0.004385371692478657,1600.0,16816.0,0.5,-0.01282300366437994,0.91015625,0.2722998261451721,0.0,0.9606039002537727,1.0,1076224.0,0.0001,2102.0,0.2,103.68301218748093,256.0,0.034912109375,0.916015625,-0.158092755562393,443.5,45.0,0.921875,8.133854866027832,0.2209635078907013,-136.05780122503637
256.0,0.56640625,0.0029608611948788166,1489.0,16824.0,0.5,-0.008904652189812623,0.8828125,0.30657699704170227,0.0,0.9554953873157501,1.0,1076736.0,0.0001,2103.0,0.2,116.79077182710171,256.0,0.031005859375,0.81640625,-0.1724719488993287,447.0,45.0,0.75,13.427977561950684,0.3202485740184784,-132.6664596935548
256.0,0.505859375,0.005973891355097294,1259.0,16832.0,0.5,-0.009096860529098194,0.86328125,0.2849504053592682,0.0,0.9724178146570921,1.0,1077248.0,0.0001,2104.0,0.2,57.341854736208916,256.0,0.048095703125,0.857421875,-0.19422655808739364,439.5,45.0,0.8515625,11.853116989135742,0.2970443069934845,-131.76435624392704
256.0,0.505859375,0.0020001756493002176,1511.0,16840.0,0.5,-0.003440916203544475,0.8359375,0.32341229915618896,0.0,0.9027746766805649,1.0,1077760.0,0.0001,2105.0,0.2,423.2031063735485,256.0,0.0244140625,0.830078125,-0.16111659322632477,442.5,45.0,0.82421875,100.80105590820312,0.3718952536582947,-133.5035730385594
256.0,0.462890625,0.04894272983074188,1540.0,16848.0,0.5,-0.013932208850746974,0.78125,0.27781134843826294,0.0,0.9435550197958946,1.0,1078272.0,0.0001,2106.0,0.2,75.64093506336212,256.0,0.10546875,0.818359375,-0.21755944873439148,432.5,45.0,0.85546875,6.213193416595459,0.31058359146118164,-137.6474702641275
256.0,0.431640625,0.004322800785303116,1610.0,16856.0,0.5,-0.007463496025593486,0.77734375,0.2961924076080322,0.0,0.9637389332056046,1.0,1078784.0,0.0001,2107.0,0.2,76.53321125358343,256.0,0.031005859375,0.845703125,-0.1415201707277447,435.5,45.0,0.9140625,10.742871284484863,0.300699383020401,-144.84547962791285
256.0,0.509765625,0.0035486260894685984,1511.0,16864.0,0.5,-0.008435433373961132,0.83203125,0.3228232264518738,0.0,0.9687684830278158,1.0,1079296.0,0.0001,2108.0,0.2,103.88323740661144,256.0,0.033935546875,0.822265625,-0.16434271653997712,439.5,45.0,0.8125,52.61048126220703,0.34696900844573975,-150.33581409617327
256.0,0.576171875,0.003526245942339301,1217.0,16872.0,0.5,-0.003874139889376238,0.890625,0.32410675287246704,0.0,0.8999994695186615,1.0,1079808.0,0.0001,2109.0,0.2,517.739492982626,256.0,0.0185546875,0.814453125,-0.1311454400420189,460.5,45.0,0.73828125,228.62416076660156,0.32920992374420166,-152.01486996045335
256.0,0.548828125,0.003490372560918331,1405.0,16880.0,0.5,-0.007266303167853039,0.88671875,0.3360263705253601,0.0,0.9216244891285896,1.0,1080320.0,0.0001,2110.0,0.2,302.64206674695015,256.0,0.02734375,0.837890625,-0.16714628046611324,479.5,45.0,0.7890625,38.671504974365234,0.3630196750164032,-153.9606021376513
256.0,0.521484375,0.003331926651299,1572.0,16888.0,0.5,-0.007827193112461828,0.89453125,0.28637367486953735,0.0,0.9594217725098133,1.0,1080832.0,0.0001,2111.0,0.2,75.98039558529854,256.0,0.036865234375,0.873046875,-0.1555356077151373,493.0,45.0,0.8515625,13.393585205078125,0.2572910785675049,-151.86479967651889
256.0,0.552734375,0.00499016884714365,1484.0,16896.0,0.5,-0.005751161064836197,0.890625,0.3073793351650238,0.0,0.9546859785914421,1.0,1081344.0,0.0001,2112.0,0.2,151.62150657176971,256.0,0.027099609375,0.837890625,-0.16511128412093967,494.5,45.0,0.78515625,21.566619873046875,0.30482301115989685,-150.21210729891433
256.0,0.591796875,0.00500929169356823,1499.0,16904.0,0.5,-0.007737398555036634,0.90625,0.3777109682559967,0.0,0.9629488699138165,1.0,1081856.0,0.0001,2113.0,0.2,115.60805720090866,256.0,0.04443359375,0.814453125,-0.21651390730403364,514.0,45.0,0.72265625,33.00862121582031,0.3658196032047272,-148.30698789384215
256.0,0.587890625,0.002008893061429262,1262.0,16912.0,0.5,-0.005732758152589668,0.921875,0.3259292244911194,0.0,0.8572122752666473,1.0,1082368.0,0.0001,2114.0,0.2,984.6952885389328,256.0,0.014892578125,0.833984375,-0.19157782278489321,516.5,45.0,0.74609375,623.3480834960938,0.3283708691596985,-142.45044049233198
256.0,0.533203125,0.004968542605638504,1534.0,16920.0,0.5,-0.006865353534522001,0.92578125,0.3083506226539612,0.0,0.9612243473529816,1.0,1082880.0,0.0001,2115.0,0.2,150.6682135462761,256.0,0.030029296875,0.892578125,-0.14454246158129536,541.5,45.0,0.859375,26.535886764526367,0.244902566075325,-139.34476029835642
256.0,0.474609375,0.0031323377043008804,1544.0,16928.0,0.5,-0.00712209970515687,0.8515625,0.2766454815864563,0.0,0.9674233868718147,1.0,1083392.0,0.0001,2116.0,0.2,79.60187835246325,256.0,0.022216796875,0.876953125,-0.1639775867224671,528.5,45.0,0.90234375,8.57485580444336,0.2574470043182373,-130.54710320070387
256.0,0.482421875,0.0026820425409823656,1597.0,16936.0,0.5,-0.004847113385039847,0.84765625,0.2782439589500427,0.0,0.9567886367440224,1.0,1083904.0,0.0001,2117.0,0.2,58.139663182199,256.0,0.025634765625,0.865234375,-0.11926943247090094,478.0,45.0,0.8828125,5.388538837432861,0.25926095247268677,-128.23011353239417
256.0,0.498046875,0.005900811403989792,1585.0,16944.0,0.5,-0.005439910193672404,0.859375,0.29847005009651184,0.0,0.9651068262755871,1.0,1084416.0,0.0001,2118.0,0.2,87.96408215910196,256.0,0.03564453125,0.861328125,-0.1512403158703819,434.0,45.0,0.86328125,12.7614164352417,0.28925997018814087,-133.4373625498265
256.0,0.4921875,0.004331937059760094,1518.0,16952.0,0.5,-0.005481633917952422,0.85546875,0.30658289790153503,0.0,0.9732388127595186,1.0,1084928.0,0.0001,2119.0,0.2,68.1107601672411,256.0,0.03076171875,0.86328125,-0.16537279431940988,434.0,45.0,0.87109375,9.87375259399414,0.30549460649490356,-136.40838373821228
256.0,0.49609375,0.002290013711899519,1601.0,16960.0,0.5,-0.004061106679728255,0.88671875,0.2504670023918152,0.0,0.9628611244261265,1.0,1085440.0,0.0001,2120.0,0.2,56.99567186832428,256.0,0.021484375,0.890625,-0.14316043071448803,424.5,45.0,0.89453125,18.83833122253418,0.24550379812717438,-136.73425316644833
256.0,0.5,0.008258622139692307,1557.0,16968.0,0.5,-0.008680366587213939,0.890625,0.2859392762184143,0.0,0.9488030336797237,1.0,1085952.0,0.0001,2121.0,0.2,66.88681690394878,256.0,0.026611328125,0.890625,-0.12132079072762281,400.5,45.0,0.890625,3.9470880031585693,0.2515740692615509,-138.79034662669525
256.0,0.5859375,0.006263147573918104,1566.0,16976.0,0.5,-0.014001923711475683,0.921875,0.3039056062698364,0.0,0.9557769112288952,1.0,1086464.0,0.0001,2122.0,0.2,77.05523241311312,256.0,0.04736328125,0.8359375,-0.21824107685824856,369.0,45.0,0.75,10.686990737915039,0.29927772283554077,-143.57452660473996
256.0,0.58203125,0.004493303596973419,1544.0,16984.0,0.5,-0.007589689594169613,0.90234375,0.30287206172943115,0.0,0.9504812806844711,1.0,1086976.0,0.0001,2123.0,0.2,80.55881032347679,256.0,0.037109375,0.8203125,-0.18152934935642406,351.5,45.0,0.73828125,13.917548179626465,0.3232887089252472,-148.47473552625627
256.0,0.541015625,0.002722262404859066,1613.0,16992.0,0.5,-0.005875008719158359,0.90625,0.29269564151763916,0.0,0.9813043680042028,1.0,1087488.0,0.0001,2124.0,0.2,39.13335267454386,256.0,0.01904296875,0.865234375,-0.10548485425533727,342.0,45.0,0.82421875,4.33530330657959,0.2619782090187073,-149.84131981022657
256.0,0.568359375,0.0019738106057047844,1573.0,17000.0,0.5,-0.0007206228474387899,0.9140625,0.2875473201274872,0.0,0.8238767385482788,1.0,1088000.0,0.0001,2125.0,0.2,534.223455965519,256.0,0.01806640625,0.845703125,-0.15917935775360093,351.5,45.0,0.77734375,27.61774444580078,0.3016197085380554,-152.00317032882944
256.0,0.556640625,0.00199868343770504,1637.0,17008.0,0.5,-0.005249224519502604,0.9453125,0.27577918767929077,0.0,0.9606915451586246,1.0,1088512.0,0.0001,2126.0,0.2,102.52284779399633,256.0,0.02099609375,0.888671875,-0.11993266743957065,353.0,45.0,0.83203125,19.696048736572266,0.24596256017684937,-150.22221478516235
256.0,0.5859375,0.001625818433240056,1578.0,17016.0,0.5,-0.005502072770468658,0.9453125,0.27606523036956787,0.0,0.9065333381295204,1.0,1089024.0,0.0001,2127.0,0.2,349.86966079473495,256.0,0.02099609375,0.859375,-0.163996530987788,352.0,45.0,0.7734375,48.32410430908203,0.2713402211666107,-147.14753819148055
256.0,0.53125,0.0031397524289786816,1532.0,17024.0,0.5,-0.006921358377439901,0.90234375,0.28837722539901733,0.0,0.9627385027706623,1.0,1089536.0,0.0001,2128.0,0.2,79.52123452723026,256.0,0.034423828125,0.87109375,-0.15325452311662957,351.5,45.0,0.83984375,9.0772066116333,0.2918432354927063,-146.17125319613143
256.0,0.5234375,0.0020840198267251253,1296.0,17032.0,0.5,-0.006746628772816621,0.8984375,0.2520633935928345,0.0,0.820983037352562,1.0,1090048.0,0.0001,2129.0,0.2,856.8191144168377,256.0,0.013671875,0.875,-0.1437868443026673,351.0,45.0,0.8515625,56.3141975402832,0.24833351373672485,-146.68360170911998
256.0,0.53515625,0.0019244760042056441,1562.0,17040.0,0.5,-0.006593290796445217,0.87890625,0.29462534189224243,0.0,0.9229217618703842,1.0,1090560.0,0.0001,2130.0,0.2,109.77463611215353,256.0,0.021484375,0.84375,-0.16950245550833642,354.5,45.0,0.80859375,23.804811477661133,0.31822696328163147,-148.26239395326004
256.0,0.52734375,0.006018513813614845,1440.0,17048.0,0.5,-0.007211263186036376,0.875,0.28315818309783936,0.0,0.9265857338905334,1.0,1091072.0,0.0001,2131.0,0.2,111.43879933655262,256.0,0.033935546875,0.84765625,-0.17864593799458817,365.5,45.0,0.8203125,20.276020050048828,0.3058723509311676,-149.74262786318548
256.0,0.4921875,0.003625048790127039,1404.0,17056.0,0.5,-0.006442939044063678,0.83984375,0.3013257086277008,0.0,0.9280873611569405,1.0,1091584.0,0.0001,2132.0,0.2,136.12545873224735,256.0,0.02001953125,0.84765625,-0.16240118409041315,380.0,45.0,0.85546875,29.53643035888672,0.2995527982711792,-151.3754258441925
256.0,0.52734375,0.003906664438545704,1560.0,17064.0,0.5,-0.006190209882333875,0.90625,0.2878364026546478,0.0,0.9630855396389961,1.0,1092096.0,0.0001,2133.0,0.2,68.15276179462671,256.0,0.028564453125,0.87890625,-0.12045193041558377,378.0,45.0,0.8515625,12.848655700683594,0.2676689028739929,-153.08261252038182
256.0,0.546875,0.002688827458769083,1585.0,17072.0,0.5,-0.005459784661070444,0.89453125,0.291900634765625,0.0,0.8795441016554832,1.0,1092608.0,0.0001,2134.0,0.2,370.94140857458115,256.0,0.023193359375,0.84765625,-0.17701964976731688,394.0,45.0,0.80078125,79.39180755615234,0.28946390748023987,-155.68405718017368
256.0,0.5234375,0.005494612734764814,1281.0,17080.0,0.5,-0.01192554181034211,0.890625,0.2847905457019806,0.0,0.9406923316419125,1.0,1093120.0,0.0001,2135.0,0.2,93.03448278456926,256.0,0.042236328125,0.8671875,-0.17776010202942416,384.0,45.0,0.84375,18.15192985534668,0.2869592308998108,-155.61576921442523
256.0,0.55859375,0.0030343574471771717,1553.0,17088.0,0.5,-0.006413088834960945,0.9140625,0.29506224393844604,0.0,0.8418495208024979,1.0,1093632.0,0.0001,2136.0,0.2,1895.873654961586,256.0,0.013427734375,0.85546875,-0.16429930727463216,395.0,45.0,0.796875,557.2028198242188,0.28027909994125366,-158.78424861487002
256.0,0.57421875,0.0027885783929377794,1433.0,17096.0,0.5,-0.006090277565817814,0.8984375,0.3341706097126007,0.0,0.8468150198459625,1.0,1094144.0,0.0001,2137.0,0.2,573.0554178804159,256.0,0.017822265625,0.82421875,-0.20762199017917737,396.5,45.0,0.75,46.68328094482422,0.32776302099227905,-159.83173725395463
256.0,0.568359375,0.002758514368906617,1504.0,17104.0,0.5,-0.005686991469701752,0.90234375,0.3137663006782532,0.0,0.9614195786416531,1.0,1094656.0,0.0001,2138.0,0.2,103.48299527168274,256.0,0.022705078125,0.833984375,-0.1679011558298953,406.5,45.0,0.765625,15.491098403930664,0.32095959782600403,-157.58443381365387
256.0,0.564453125,0.0023744055069983006,1532.0,17112.0,0.5,-0.005880751756194513,0.875,0.31695544719696045,0.0,0.9490448608994484,1.0,1095168.0,0.0001,2139.0,0.2,128.61529691517353,256.0,0.020263671875,0.810546875,-0.1920394537737593,426.0,45.0,0.74609375,27.871192932128906,0.3485758602619171,-153.6897489028517
256.0,0.57421875,0.0032948488369584084,1213.0,17120.0,0.5,-0.006637057711486705,0.875,0.32302430272102356,0.0,0.9290024191141129,1.0,1095680.0,0.0001,2140.0,0.2,248.91715997457504,256.0,0.02197265625,0.80078125,-0.2027862086542882,434.5,45.0,0.7265625,40.988895416259766,0.34528085589408875,-148.8540010994859
256.0,0.537109375,0.0038178858812898397,1475.0,17128.0,0.5,-0.004824699106393382,0.859375,0.3408617377281189,0.0,0.9617351032793522,1.0,1096192.0,0.0001,2141.0,0.2,121.25494347512722,256.0,0.023193359375,0.822265625,-0.15483186731580645,450.5,45.0,0.78515625,53.06969451904297,0.36345338821411133,-145.07175213915295
256.0,0.447265625,0.002654697746038437,1506.0,17136.0,0.5,-0.0036824922572122887,0.81640625,0.2872363328933716,0.0,0.9645330794155598,1.0,1096704.0,0.0001,2142.0,0.2,111.68368116766214,256.0,0.015869140625,0.869140625,-0.13529060978908092,456.0,45.0,0.921875,24.217845916748047,0.27990812063217163,-140.8476233941782
256.0,0.52734375,0.00260562333278358,1470.0,17144.0,0.5,-0.004522701616224367,0.875,0.29795312881469727,0.0,0.8859535604715347,1.0,1097216.0,0.0001,2143.0,0.2,1126.2411761283875,256.0,0.01318359375,0.84765625,-0.17478160100290552,475.0,45.0,0.8203125,101.5063247680664,0.29182833433151245,-139.40612859092653
256.0,0.4765625,0.0030788795556873083,1517.0,17152.0,0.5,-0.007907872775831493,0.80078125,0.3179149031639099,0.0,0.8740292191505432,1.0,1097728.0,0.0001,2144.0,0.2,734.5303943753242,256.0,0.0234375,0.82421875,-0.13611852301983163,483.5,45.0,0.84765625,125.85578155517578,0.33541205525398254,-139.52355933848767
256.0,0.474609375,0.0013847560621798038,1176.0,17160.0,0.5,-0.005161946886801161,0.8515625,0.3248242139816284,0.0,0.9138717651367188,1.0,1098240.0,0.0001,2145.0,0.2,359.6502994298935,256.0,0.014892578125,0.876953125,-0.18077892903238535,473.0,45.0,0.90234375,68.56558990478516,0.291667103767395,-139.57096302150748
256.0,0.515625,0.004005061462521553,1607.0,17168.0,0.5,-0.008635492882604012,0.89453125,0.28756529092788696,0.0,0.9067887291312218,1.0,1098752.0,0.0001,2146.0,0.2,409.68793465197086,256.0,0.032958984375,0.87890625,-0.168260547099635,473.5,45.0,0.86328125,16.398441314697266,0.26195216178894043,-136.97644011659548
256.0,0.564453125,0.004194322042167187,1407.0,17176.0,0.5,-0.005438541164039634,0.92578125,0.3219758868217468,0.0,0.9558994881808758,1.0,1099264.0,0.0001,2147.0,0.2,124.30272848904133,256.0,0.029541015625,0.861328125,-0.18121782562229782,468.5,45.0,0.796875,31.901872634887695,0.29970502853393555,-135.9367833875306
256.0,0.53515625,0.002774051623418927,1564.0,17184.0,0.5,-0.006031274751876481,0.89453125,0.32163724303245544,0.0,0.9490955732762814,1.0,1099776.0,0.0001,2148.0,0.2,133.12559919059277,256.0,0.017822265625,0.859375,-0.23006978526245803,459.0,45.0,0.82421875,27.256866455078125,0.3011133372783661,-135.87296164019034
256.0,0.55078125,0.0018881232244893909,1645.0,17192.0,0.5,-0.004456436377950013,0.91796875,0.29306739568710327,0.0,0.9238541424274445,1.0,1100288.0,0.0001,2149.0,0.2,809.4520858079195,256.0,0.027099609375,0.8671875,-0.15946315630571917,423.0,45.0,0.81640625,1308.4454345703125,0.27858084440231323,-137.02695661008357
256.0,0.54296875,0.020083755254745483,1285.0,17200.0,0.5,-0.00980045377946226,0.93359375,0.3175700902938843,0.0,0.9536415040493011,1.0,1100800.0,0.0001,2150.0,0.2,132.75756746530533,256.0,0.031494140625,0.890625,-0.15668115034350194,402.0,45.0,0.84765625,15.308545112609863,0.24801664054393768,-143.01386069223284
256.0,0.55859375,0.0027854968793690205,1505.0,17208.0,0.5,-0.004410855661262758,0.91796875,0.3072941303253174,0.0,0.9669185504317284,1.0,1101312.0,0.0001,2151.0,0.2,95.94596345722675,256.0,0.02001953125,0.859375,-0.15344954159809276,396.0,45.0,0.80078125,15.555280685424805,0.28291165828704834,-143.20901387088
256.0,0.5703125,0.001439360436052084,1601.0,17216.0,0.5,-0.0060809705646533985,0.90625,0.2977653741836548,0.0,0.8965689614415169,1.0,1101824.0,0.0001,2152.0,0.2,721.6780868172646,256.0,0.025634765625,0.8359375,-0.15170360408956185,377.0,45.0,0.765625,294.7333984375,0.30458515882492065,-139.6999463016074
256.0,0.556640625,0.0016331584192812443,1532.0,17224.0,0.5,-0.0066156379180029035,0.90625,0.32517778873443604,0.0,0.9286277070641518,1.0,1102336.0,0.0001,2153.0,0.2,362.77705669403076,256.0,0.025390625,0.849609375,-0.16393821337260306,363.0,45.0,0.79296875,53.91415786743164,0.3002796471118927,-139.46959227291867
256.0,0.56640625,0.0041366764344275,1114.0,17232.0,0.5,-0.007420613466820214,0.9296875,0.3173060417175293,0.0,0.9417567811906338,1.0,1102848.0,0.0001,2154.0,0.2,188.75966036319733,256.0,0.032958984375,0.86328125,-0.19116362719796598,378.0,45.0,0.796875,27.079030990600586,0.29940617084503174,-138.4775944309961
256.0,0.55078125,0.003714426886290312,1546.0,17240.0,0.5,-0.005545726424315944,0.87890625,0.33124619722366333,0.0,0.9573149159550667,1.0,1103360.0,0.0001,2155.0,0.2,103.40491201728582,256.0,0.025634765625,0.828125,-0.1759706939337775,399.5,45.0,0.77734375,32.477535247802734,0.32238858938217163,-137.88323266554625
256.0,0.51953125,0.0025948514230549335,1477.0,17248.0,0.5,-0.0034767627585097216,0.88671875,0.2873263955116272,0.0,0.8543937355279922,1.0,1103872.0,0.0001,2156.0,0.2,789.5021030306816,256.0,0.0185546875,0.8671875,-0.23614827072015032,388.5,45.0,0.84765625,117.16827392578125,0.29305940866470337,-137.9133557792008
256.0,0.505859375,0.0018435260280966759,1583.0,17256.0,0.5,-0.0060918888593732845,0.85546875,0.30966341495513916,0.0,0.8652806133031845,1.0,1104384.0,0.0001,2157.0,0.2,1171.9608490765095,256.0,0.022705078125,0.849609375,-0.1963486108579673,391.5,45.0,0.84375,31.837764739990234,0.3281904458999634,-141.66724369283764
256.0,0.546875,0.0018152339616790414,1536.0,17264.0,0.5,-0.004221260198391974,0.85546875,0.31935036182403564,0.0,0.8931004703044891,1.0,1104896.0,0.0001,2158.0,0.2,707.545114159584,256.0,0.0166015625,0.80859375,-0.19459198595723137,418.0,45.0,0.76171875,274.9183654785156,0.3489702045917511,-144.3125559526123
256.0,0.458984375,0.00415874645113945,1432.0,17272.0,0.5,-0.009732040227390826,0.80078125,0.2752228379249573,0.0,0.960966270416975,1.0,1105408.0,0.0001,2159.0,0.2,99.08406934142113,256.0,0.034912109375,0.841796875,-0.15380553994327784,430.5,45.0,0.8828125,15.44838809967041,0.2970787286758423,-141.07953797096386
256.0,0.48828125,0.0023847310803830624,1555.0,17280.0,0.5,-0.0076700497993442696,0.84765625,0.27899324893951416,0.0,0.9438614659011364,1.0,1105920.0,0.0001,2160.0,0.2,116.91265465319157,256.0,0.021240234375,0.859375,-0.19617940543685108,435.5,45.0,0.87109375,13.088557243347168,0.28187882900238037,-144.95972338855267
256.0,0.509765625,0.0028469194658100605,1591.0,17288.0,0.5,-0.007852564653148875,0.87109375,0.27427613735198975,0.0,0.9300147742033005,1.0,1106432.0,0.0001,2161.0,0.2,110.75587366521358,256.0,0.0419921875,0.861328125,-0.17025226139230654,443.0,45.0,0.8515625,23.933216094970703,0.2692878246307373,-148.68403052300215
256.0,0.5234375,0.0036101669538766146,1551.0,17296.0,0.5,-0.0074049504546565,0.9140625,0.32188037037849426,0.0,0.9614747911691666,1.0,1106944.0,0.0001,2162.0,0.2,96.9169052541256,256.0,0.036376953125,0.890625,-0.18166690523503348,440.5,45.0,0.8671875,23.039695739746094,0.269528865814209,-151.41271130061708
256.0,0.560546875,0.0028073634020984173,1504.0,17304.0,0.5,-0.005742112567531876,0.9140625,0.3125016391277313,0.0,0.8694243878126144,1.0,1107456.0,0.0001,2163.0,0.2,1090.1714206337929,256.0,0.022705078125,0.853515625,-0.15873494476545602,425.0,45.0,0.79296875,696.2843627929688,0.31146129965782166,-152.36860443383455
256.0,0.548828125,0.004994599614292383,1522.0,17312.0,0.5,-0.006528699694172246,0.8984375,0.2968548834323883,0.0,0.9069894179701805,1.0,1107968.0,0.0001,2164.0,0.2,151.7291907519102,256.0,0.025146484375,0.849609375,-0.18567079852800816,421.0,45.0,0.80078125,15.84638500213623,0.2934648096561432,-155.48915047551506
256.0,0.58984375,0.0018061090959236026,1551.0,17320.0,0.5,-0.0024140400273608975,0.91796875,0.3363755941390991,0.0,0.8696355372667313,1.0,1108480.0,0.0001,2165.0,0.2,707.7488195300102,256.0,0.01416015625,0.828125,-0.17060881305951625,427.5,45.0,0.73828125,35.009063720703125,0.323529452085495,-154.4706376280915
256.0,0.603515625,0.00245791207998991,1507.0,17328.0,0.5,-0.005220026872848393,0.9296875,0.3621126711368561,0.0,0.8765647187829018,1.0,1108992.0,0.0001,2166.0,0.2,546.1337983608246,256.0,0.017333984375,0.826171875,-0.21148525970056653,446.0,45.0,0.72265625,111.32654571533203,0.38669782876968384,-150.50233077513053
256.0,0.576171875,0.004632011521607637,1525.0,17336.0,0.5,-0.008326920731633436,0.890625,0.3108222484588623,0.0,0.9624921344220638,1.0,1109504.0,0.0001,2167.0,0.2,82.97993610799313,256.0,0.038330078125,0.814453125,-0.17737285268958658,440.0,45.0,0.73828125,18.831844329833984,0.352861613035202,-144.07793163511903
256.0,0.470703125,0.002763287629932165,1594.0,17344.0,0.5,-0.006664770247880369,0.81640625,0.29675477743148804,0.0,0.8969443961977959,1.0,1110016.0,0.0001,2168.0,0.2,209.54457464814186,256.0,0.01806640625,0.845703125,-0.1200393173203338,437.0,45.0,0.875,20.983877182006836,0.30339300632476807,-141.39843910420313
256.0,0.490234375,0.004833837039768696,1514.0,17352.0,0.5,-0.006716750198393129,0.84375,0.29834842681884766,0.0,0.9588023237884045,1.0,1110528.0,0.0001,2169.0,0.2,74.47013966739178,256.0,0.032958984375,0.853515625,-0.18031232710927725,437.0,45.0,0.86328125,15.977373123168945,0.27864372730255127,-138.65279641853647
256.0,0.470703125,0.0018285358091816306,1676.0,17360.0,0.5,-0.0051962800171168055,0.84765625,0.25511881709098816,0.0,0.8389817476272583,1.0,1111040.0,0.0001,2170.0,0.2,943.8710705637932,256.0,0.029052734375,0.876953125,-0.1411380480567459,424.5,45.0,0.90625,46.10760498046875,0.26771464943885803,-137.11554833262227
256.0,0.51953125,0.00440494017675519,1475.0,17368.0,0.5,-0.009928899831720628,0.84375,0.343483567237854,0.0,0.9441191554069519,1.0,1111552.0,0.0001,2171.0,0.2,143.09225116670132,256.0,0.04296875,0.82421875,-0.18033666833071038,444.5,45.0,0.8046875,23.822132110595703,0.35504305362701416,-139.45736624503508
256.0,0.494140625,0.0037062508054077625,1491.0,17376.0,0.5,-0.00801706741185626,0.84765625,0.30533602833747864,0.0,0.9427873864769936,1.0,1112064.0,0.0001,2172.0,0.2,207.26250314712524,256.0,0.02880859375,0.853515625,-0.17985370283713564,443.0,45.0,0.859375,58.31132125854492,0.28975915908813477,-137.92959597581998
256.0,0.4921875,0.0021873628720641136,1497.0,17384.0,0.5,-0.003197594607627252,0.859375,0.2924008369445801,0.0,0.8800310268998146,1.0,1112576.0,0.0001,2173.0,0.2,529.1824941784143,256.0,0.013671875,0.8671875,-0.17413388972636312,419.5,45.0,0.875,187.89175415039062,0.2724161148071289,-136.46614682083018
256.0,0.55078125,0.005371737293899059,1538.0,17392.0,0.5,-0.007149257329729153,0.88671875,0.3392622470855713,0.0,0.9418412558734417,1.0,1113088.0,0.0001,2174.0,0.2,119.6251791715622,256.0,0.03173828125,0.8359375,-0.18876461999025196,423.5,45.0,0.78515625,24.143169403076172,0.3632332384586334,-139.22192500091157
256.0,0.556640625,0.0014774628216400743,1237.0,17400.0,0.5,-0.002867769500880968,0.92578125,0.3320206105709076,0.0,0.8950668796896935,1.0,1113600.0,0.0001,2175.0,0.2,876.2033115029335,256.0,0.00830078125,0.869140625,-0.15632784110493958,424.0,45.0,0.8125,350.2204284667969,0.3084115982055664,-139.69423352070152
256.0,0.556640625,0.003878671210259199,1593.0,17408.0,0.5,-0.006946305875317194,0.90625,0.31750428676605225,0.0,0.9547139108181,1.0,1114112.0,0.0001,2176.0,0.2,149.85107927024364,256.0,0.033203125,0.849609375,-0.17033876047935337,418.0,45.0,0.79296875,71.1680679321289,0.2931639850139618,-140.3123812205903
256.0,0.52734375,0.0040173823945224285,1575.0,17416.0,0.5,-0.007464856236765627,0.90625,0.29658398032188416,0.0,0.9497480764985085,1.0,1114624.0,0.0001,2177.0,0.2,113.39978139102459,256.0,0.02783203125,0.87890625,-0.12392597741563804,402.5,45.0,0.8515625,21.2188777923584,0.2562849521636963,-140.5791201707721
256.0,0.46484375,0.0015306482091546059,1611.0,17424.0,0.5,-0.003285581593445386,0.859375,0.2691245675086975,0.0,0.8318830132484436,1.0,1115136.0,0.0001,2178.0,0.2,1242.3059148192406,256.0,0.01513671875,0.89453125,-0.1398890968412161,384.5,45.0,0.9296875,203.77902221679688,0.22361838817596436,-140.58383413010276
256.0,0.53515625,0.004639968741685152,1487.0,17432.0,0.5,-0.006963010719118756,0.91796875,0.29517239332199097,0.0,0.9201444238424301,1.0,1115648.0,0.0001,2179.0,0.2,125.38452896475792,256.0,0.025634765625,0.8828125,-0.15296638233121485,382.5,45.0,0.84765625,15.065751075744629,0.25958824157714844,-144.3174296018947
256.0,0.568359375,0.00626352708786726,1450.0,17440.0,0.5,-0.005376570385124069,0.93359375,0.32626810669898987,0.0,0.9439835175871849,1.0,1116160.0,0.0001,2180.0,0.2,119.16914741694927,256.0,0.039794921875,0.865234375,-0.1461153588606976,369.0,45.0,0.796875,10.981220245361328,0.29384005069732666,-141.52281759411096
256.0,0.55859375,0.004536030814051628,1233.0,17448.0,0.5,-0.007602973553730408,0.921875,0.3245030343532562,0.0,0.9630948193371296,1.0,1116672.0,0.0001,2181.0,0.2,90.15064151585102,256.0,0.031982421875,0.86328125,-0.18431052536470816,408.5,45.0,0.8046875,12.719793319702148,0.28157052397727966,-140.78011609329843
256.0,0.52734375,0.0031531136482954025,1550.0,17456.0,0.5,-0.005627481943520252,0.890625,0.29177364706993103,0.0,0.9617766253650188,1.0,1117184.0,0.0001,2182.0,0.2,65.85501708090305,256.0,0.033447265625,0.86328125,-0.16754471336025745,415.0,45.0,0.8359375,11.679380416870117,0.2749829888343811,-137.28520087843762
256.0,0.580078125,0.00616510258987546,1553.0,17464.0,0.5,-0.007744245245703496,0.90234375,0.31178534030914307,0.0,0.9681737646460533,1.0,1117696.0,0.0001,2183.0,0.2,58.36116395890713,256.0,0.030517578125,0.822265625,-0.1567913441103883,406.5,45.0,0.7421875,6.883395671844482,0.3460436463356018,-135.93582079794257
256.0,0.5078125,0.004080376587808132,1535.0,17472.0,0.5,-0.005883040052140132,0.8671875,0.323668897151947,0.0,0.9707901757210493,1.0,1118208.0,0.0001,2184.0,0.2,86.07842633128166,256.0,0.03857421875,0.859375,-0.1865936340764165,408.0,45.0,0.8515625,17.101505279541016,0.2900354266166687,-138.15047502413393
256.0,0.51953125,0.006876818835735321,1462.0,17480.0,0.5,-0.008004351489944384,0.90234375,0.2928214371204376,0.0,0.9769524298608303,1.0,1118720.0,0.0001,2185.0,0.2,51.11183116957545,256.0,0.03955078125,0.8828125,-0.13888695629430003,419.0,45.0,0.86328125,5.115762233734131,0.27792081236839294,-140.60646399597638
256.0,0.49609375,0.005621518939733505,1311.0,17488.0,0.5,-0.009357431590615306,0.8984375,0.25485724210739136,0.0,0.9706601276993752,1.0,1119232.0,0.0001,2186.0,0.2,49.44646601378918,256.0,0.04345703125,0.90234375,-0.16102624137420207,420.0,45.0,0.90625,10.609736442565918,0.22010642290115356,-140.9692457425222
256.0,0.51953125,0.004766599275171757,1533.0,17496.0,0.5,-0.009647322669479763,0.87109375,0.319771945476532,0.0,0.9598497748374939,1.0,1119744.0,0.0001,2187.0,0.2,68.91660885512829,256.0,0.035400390625,0.8515625,-0.11429327592486516,451.0,45.0,0.83203125,7.793474197387695,0.29695069789886475,-143.5636682316754
256.0,0.53125,0.0019202408147975802,1502.0,17504.0,0.5,-0.003413441801967565,0.8828125,0.29494038224220276,0.0,0.8986257314682007,1.0,1120256.0,0.0001,2188.0,0.2,803.1162917017937,256.0,0.012451171875,0.8515625,-0.14515410212334245,458.0,45.0,0.8203125,26.566598892211914,0.3426498472690582,-139.24366850709544
256.0,0.513671875,0.0024958825670182705,1469.0,17512.0,0.5,-0.008725804000278004,0.87890625,0.2846754789352417,0.0,0.9177434146404266,1.0,1120768.0,0.0001,2189.0,0.2,162.94782742112875,256.0,0.022216796875,0.865234375,-0.15737613546662033,459.0,45.0,0.8515625,24.560993194580078,0.26914915442466736,-140.48570932732895
256.0,0.501953125,0.009132804349064827,1667.0,17520.0,0.5,-0.008103390988253523,0.91796875,0.25735926628112793,0.0,0.9031509086489677,1.0,1121280.0,0.0001,2190.0,0.2,120.35044089704752,256.0,0.036376953125,0.916015625,-0.17202487227041274,437.0,45.0,0.9140625,24.986759185791016,0.22982443869113922,-143.78738485012204
256.0,0.587890625,0.004074963741004467,1174.0,17528.0,0.5,-0.005066357698524371,0.91015625,0.3062002956867218,0.0,0.9615684747695923,1.0,1121792.0,0.0001,2191.0,0.2,87.3938401043415,256.0,0.02490234375,0.822265625,-0.1973515914287418,440.0,45.0,0.734375,16.380619049072266,0.3625810146331787,-147.6858366258815
256.0,0.59765625,0.0038313819095492363,1405.0,17536.0,0.5,-0.006746464663592633,0.87109375,0.34711766242980957,0.0,0.9744002018123865,1.0,1122304.0,0.0001,2192.0,0.2,54.02297820150852,256.0,0.026611328125,0.7734375,-0.16589855996426195,457.5,45.0,0.67578125,11.016810417175293,0.35520875453948975,-147.17929862782825
256.0,0.607421875,0.004691803827881813,1535.0,17544.0,0.5,-0.005934185195656028,0.91015625,0.3116312325000763,0.0,0.9357882961630821,1.0,1122816.0,0.0001,2193.0,0.2,187.06122149527073,256.0,0.0283203125,0.802734375,-0.17642988020088524,466.5,45.0,0.6953125,26.33099365234375,0.37884318828582764,-145.61554821385536
256.0,0.505859375,0.000850304844789207,1630.0,17552.0,0.5,-0.0019119366297672968,0.87109375,0.2892244756221771,0.0,0.8110526353120804,1.0,1123328.0,0.0001,2194.0,0.2,1652.1649591624737,256.0,0.0068359375,0.865234375,-0.13034389822860248,458.5,45.0,0.859375,2191.608154296875,0.2709478735923767,-141.83581727320794
256.0,0.5,0.00480949692428112,1565.0,17560.0,0.5,-0.008145629963109968,0.8125,0.3259996473789215,0.0,0.9688408225774765,1.0,1123840.0,0.0001,2195.0,0.2,64.05063605308533,256.0,0.0322265625,0.8125,-0.15421949257142842,464.0,45.0,0.8125,14.251646995544434,0.34009283781051636,-142.025091818762
256.0,0.466796875,0.0025101974606513977,1219.0,17568.0,0.5,-0.0059866288502234966,0.8359375,0.2774779796600342,0.0,0.9625994600355625,1.0,1124352.0,0.0001,2196.0,0.2,54.402043260633945,256.0,0.017333984375,0.869140625,-0.13855237149982713,472.5,45.0,0.90234375,6.2766032218933105,0.2521165907382965,-140.75215901743155
256.0,0.5234375,0.0014658842701464891,1575.0,17576.0,0.5,-0.006399842044629622,0.8671875,0.3390863537788391,0.0,0.8466631919145584,1.0,1124864.0,0.0001,2197.0,0.2,1700.3956558704376,256.0,0.01611328125,0.84375,-0.18902355822501704,493.5,45.0,0.8203125,257.8980712890625,0.33421754837036133,-139.01083675642963
256.0,0.576171875,0.002094362396746874,1451.0,17584.0,0.5,-0.005717232255847193,0.90625,0.33580225706100464,0.0,0.9351770281791687,1.0,1125376.0,0.0001,2198.0,0.2,438.3246613740921,256.0,0.021728515625,0.830078125,-0.17841231951024383,508.0,45.0,0.75390625,112.25896453857422,0.3495185375213623,-140.66272678836714
256.0,0.48828125,0.0030499231070280075,1410.0,17592.0,0.5,-0.006677830566331977,0.86328125,0.29830360412597656,0.0,0.9400439113378525,1.0,1125888.0,0.0001,2199.0,0.2,196.55620475113392,256.0,0.02392578125,0.875,-0.1704257815144956,525.5,45.0,0.88671875,22.42791175842285,0.2654561698436737,-135.93517651698087
256.0,0.544921875,0.0010131584713235497,1566.0,17600.0,0.5,-0.0035766161381616257,0.87890625,0.2805621922016144,0.0,0.8245558738708496,1.0,1126400.0,0.0001,2200.0,0.2,1493.0950326919556,256.0,0.009765625,0.833984375,-0.16867973847547546,488.0,45.0,0.7890625,470.1382751464844,0.31823235750198364,-134.42763060053346
256.0,0.537109375,0.002423857804387808,1257.0,17608.0,0.5,-0.005411750316852704,0.89453125,0.3139767348766327,0.0,0.7880496978759766,1.0,1126912.0,0.0001,2201.0,0.2,1282.7212438583374,256.0,0.021240234375,0.857421875,-0.18174325628206134,480.0,45.0,0.8203125,32.83926010131836,0.2998960614204407,-137.71519930407405
256.0,0.541015625,0.0012288177385926247,1513.0,17616.0,0.5,-0.004604786416166462,0.87109375,0.3266637921333313,0.0,0.8624985069036484,1.0,1127424.0,0.0001,2202.0,0.2,1098.7863410115242,256.0,0.00634765625,0.830078125,-0.1631258346606046,480.0,45.0,0.7890625,594.5667724609375,0.3342536389827728,-141.30222549406813
256.0,0.490234375,0.0023425957188010216,1618.0,17624.0,0.5,-0.003927855494112009,0.859375,0.30613669753074646,0.0,0.8383017331361771,1.0,1127936.0,0.0001,2203.0,0.2,272.54530969262123,256.0,0.01708984375,0.869140625,-0.12580325413728133,485.0,45.0,0.87890625,36.05656051635742,0.2845563292503357,-142.44574718399906
256.0,0.486328125,0.015820816159248352,1608.0,17632.0,0.5,-0.00794924944784725,0.80859375,0.3135272264480591,0.0,0.8494933843612671,1.0,1128448.0,0.0001,2204.0,0.2,201.8044197410345,256.0,0.06201171875,0.822265625,-0.1776452551712282,480.0,45.0,0.8359375,12.58365535736084,0.3424672782421112,-143.1240066918172
256.0,0.51953125,0.0011474293423816562,1598.0,17640.0,0.5,-0.003737658020327217,0.82421875,0.32177701592445374,0.0,0.802856832742691,1.0,1128960.0,0.0001,2205.0,0.2,1419.9752422571182,256.0,0.0048828125,0.8046875,-0.15466026560170576,462.0,45.0,0.78515625,848.8947143554688,0.3787577748298645,-144.3203618028946
256.0,0.6015625,0.0015396875096485019,1186.0,17648.0,0.5,-0.003464509383775294,0.92578125,0.35721248388290405,0.0,0.8469823002815247,1.0,1129472.0,0.0001,2206.0,0.2,1249.4926878213882,256.0,0.0087890625,0.82421875,-0.15934560511959717,489.5,45.0,0.72265625,116.64715576171875,0.34546759724617004,-144.92923767881467
256.0,0.5625,0.0015521636232733727,1376.0,17656.0,0.5,-0.003103561481111683,0.890625,0.3462168872356415,0.0,0.8005932569503784,1.0,1129984.0,0.0001,2207.0,0.2,1493.9435172080994,256.0,0.009521484375,0.828125,-0.15637637907639146,491.0,45.0,0.765625,361.5015869140625,0.35574132204055786,-141.72275887291877
256.0,0.580078125,0.0016232096822932363,1530.0,17664.0,0.5,-0.0042175923990726005,0.89453125,0.35214242339134216,0.0,0.8657191693782806,1.0,1130496.0,0.0001,2208.0,0.2,972.9820290803909,256.0,0.013671875,0.814453125,-0.15678957986528985,522.5,45.0,0.734375,328.77313232421875,0.3621182143688202,-142.38058228899726
256.0,0.560546875,0.0027113985270261765,1506.0,17672.0,0.5,-0.004877717983617913,0.89453125,0.3135875165462494,0.0,0.8820073381066322,1.0,1131008.0,0.0001,2209.0,0.2,368.9911425113678,256.0,0.020263671875,0.833984375,-0.15542272513266653,549.0,45.0,0.7734375,63.585670471191406,0.32671475410461426,-136.9983410537429
256.0,0.552734375,0.0022438550367951393,1540.0,17680.0,0.5,-0.004896440517768497,0.89453125,0.32700401544570923,0.0,0.8879800289869308,1.0,1131520.0,0.0001,2210.0,0.2,789.879846572876,256.0,0.0185546875,0.841796875,-0.16585510689765215,557.0,45.0,0.7890625,157.366943359375,0.33862632513046265,-131.97336659177208
256.0,0.556640625,0.001420950167812407,1452.0,17688.0,0.5,-0.006765683589037508,0.859375,0.34602102637290955,0.0,0.9059315323829651,1.0,1132032.0,0.0001,2211.0,0.2,635.5233804881573,256.0,0.0244140625,0.802734375,-0.17059448105283082,553.5,45.0,0.74609375,127.39983367919922,0.35500121116638184,-131.04321623715572
256.0,0.474609375,0.002312739845365286,1307.0,17696.0,0.5,-0.005621817341307178,0.82421875,0.2940481901168823,0.0,0.941882997751236,1.0,1132544.0,0.0001,2212.0,0.2,132.0014437288046,256.0,0.01171875,0.849609375,-0.13187374622793868,551.5,45.0,0.875,15.520448684692383,0.27395373582839966,-131.3967160752602
256.0,0.458984375,0.002310599200427532,1659.0,17704.0,0.5,-0.0046752177440794185,0.81640625,0.2782628834247589,0.0,0.8371589034795761,1.0,1133056.0,0.0001,2213.0,0.2,1629.3475583195686,256.0,0.014404296875,0.857421875,-0.1266773694078438,540.0,45.0,0.8984375,270.0628967285156,0.2943192422389984,-132.19111348325387
256.0,0.48046875,0.005686559714376926,1558.0,17712.0,0.5,-0.004521998336713295,0.83203125,0.3018743693828583,0.0,0.8943212181329727,1.0,1133568.0,0.0001,2214.0,0.2,238.97980937361717,256.0,0.023193359375,0.8515625,-0.13616098565398715,541.0,45.0,0.87109375,65.34362030029297,0.29822736978530884,-135.40015008813702
256.0,0.53125,0.0014125462621450424,1614.0,17720.0,0.5,-0.004554148150418769,0.8671875,0.32777583599090576,0.0,0.8353658467531204,1.0,1134080.0,0.0001,2215.0,0.2,1827.3383878469467,256.0,0.008544921875,0.8359375,-0.13906410863273777,486.0,45.0,0.8046875,166.28073120117188,0.3265168070793152,-135.74256512140855
256.0,0.517578125,0.0031837085261940956,1425.0,17728.0,0.5,-0.004363061692856718,0.87890625,0.3434317708015442,0.0,0.9239599779248238,1.0,1134592.0,0.0001,2216.0,0.2,312.18389454483986,256.0,0.01806640625,0.861328125,-0.17795233795186505,462.0,45.0,0.84375,48.30339050292969,0.3073362708091736,-141.34205357693136
256.0,0.52734375,0.002814031206071377,1263.0,17736.0,0.5,-0.0058099267989746295,0.87109375,0.3195539712905884,0.0,0.9401320219039917,1.0,1135104.0,0.0001,2217.0,0.2,198.2965565919876,256.0,0.02197265625,0.84375,-0.13289496992365457,448.0,45.0,0.81640625,29.808429718017578,0.2918044924736023,-141.9411435617227
256.0,0.6015625,0.00204281322658062,1551.0,17744.0,0.5,-0.0036791823295061477,0.92578125,0.33315974473953247,0.0,0.8272165954113007,1.0,1135616.0,0.0001,2218.0,0.2,858.4433115124702,256.0,0.013671875,0.82421875,-0.16323987900977954,437.5,45.0,0.72265625,543.558349609375,0.32592475414276123,-144.62705584474838
256.0,0.611328125,0.002460381481796503,1560.0,17752.0,0.5,-0.004791454332007561,0.91015625,0.3542558550834656,0.0,0.8969481065869331,1.0,1136128.0,0.0001,2219.0,0.2,913.9400851726532,256.0,0.019287109375,0.798828125,-0.16536944138351828,429.0,45.0,0.6875,449.7730407714844,0.36943501234054565,-143.63023718362675
256.0,0.580078125,0.0014025927521288395,1530.0,17760.0,0.5,-0.004190380306681618,0.91796875,0.3361600637435913,0.0,0.9553112238645554,1.0,1136640.0,0.0001,2220.0,0.2,197.78988215327263,256.0,0.0185546875,0.837890625,-0.13132598603260703,446.0,45.0,0.7578125,30.084238052368164,0.3384703993797302,-141.58670065891
256.0,0.53125,0.0021077394485473633,1504.0,17768.0,0.5,-0.0037342826635722304,0.9140625,0.31837207078933716,0.0,0.9467475526034832,1.0,1137152.0,0.0001,2221.0,0.2,152.28480412065983,256.0,0.0205078125,0.8828125,-0.13605033507337794,456.5,45.0,0.8515625,23.61538314819336,0.2697780728340149,-135.23453603040426
256.0,0.5546875,0.0055143204517662525,1501.0,17776.0,0.5,-0.00952649163082242,0.91015625,0.30006593465805054,0.0,0.9723215196281672,1.0,1137664.0,0.0001,2222.0,0.2,75.33830628544092,256.0,0.04296875,0.85546875,-0.13677552153239958,473.5,45.0,0.80078125,10.342761039733887,0.29261523485183716,-133.06335742154158
256.0,0.486328125,0.00196808367036283,1582.0,17784.0,0.5,-0.005419004941359162,0.8671875,0.28329503536224365,0.0,0.9620013199746609,1.0,1138176.0,0.0001,2223.0,0.2,89.53306224942207,256.0,0.01904296875,0.880859375,-0.13601283269235864,470.0,45.0,0.89453125,13.211444854736328,0.27750328183174133,-128.72012759756296
256.0,0.52734375,0.003312957938760519,1425.0,17792.0,0.5,-0.005485185050929431,0.83984375,0.34293320775032043,0.0,0.9678998365998268,1.0,1138688.0,0.0001,2224.0,0.2,103.11805355548859,256.0,0.017822265625,0.8125,-0.18612941866740584,477.5,45.0,0.78515625,30.83988380432129,0.3445228636264801,-128.53306929975747
256.0,0.525390625,0.008705119602382183,1521.0,17800.0,0.5,-0.007663466385565698,0.85546875,0.315534770488739,0.0,0.9729416780173779,1.0,1139200.0,0.0001,2225.0,0.2,87.38434936106205,256.0,0.035400390625,0.830078125,-0.15774950565537438,505.5,45.0,0.8046875,8.415327072143555,0.33323046565055847,-125.52870187613182
256.0,0.462890625,0.0026434948667883873,1534.0,17808.0,0.5,-0.00323914538603276,0.83203125,0.2925001382827759,0.0,0.9627598486840725,1.0,1139712.0,0.0001,2226.0,0.2,78.12423326820135,256.0,0.023193359375,0.869140625,-0.15456226057722233,502.0,45.0,0.90625,16.552902221679688,0.264547735452652,-126.30511223588138
256.0,0.513671875,0.0015644986415281892,1424.0,17816.0,0.5,-0.002886195565224625,0.875,0.3170318305492401,0.0,0.8848945274949074,1.0,1140224.0,0.0001,2227.0,0.2,696.2714890241623,256.0,0.01611328125,0.861328125,-0.15835709014208987,507.5,45.0,0.84765625,198.25326538085938,0.30086809396743774,-130.59526096458546
256.0,0.53125,0.002393058966845274,1498.0,17824.0,0.5,-0.006877257117594127,0.83203125,0.3382165729999542,0.0,0.8873286843299866,1.0,1140736.0,0.0001,2228.0,0.2,515.5417405366898,256.0,0.021728515625,0.80078125,-0.18841688730753958,511.0,45.0,0.76953125,192.28436279296875,0.36472004652023315,-133.59455166813916
256.0,0.48046875,0.0014857936184853315,1635.0,17832.0,0.5,-0.004112607413844671,0.828125,0.28776830434799194,0.0,0.9209399819374084,1.0,1141248.0,0.0001,2229.0,0.2,523.8962661027908,256.0,0.008544921875,0.84765625,-0.11996638450364117,501.0,45.0,0.8671875,298.7292785644531,0.2839607894420624,-136.61213318758644
256.0,0.501953125,0.0027337654028087854,1557.0,17840.0,0.5,-0.005434892424091231,0.87890625,0.27732405066490173,0.0,0.9430775381624699,1.0,1141760.0,0.0001,2230.0,0.2,158.64637657999992,256.0,0.022216796875,0.876953125,-0.14725191588513553,495.0,45.0,0.875,22.271312713623047,0.23668994009494781,-142.17023565820418
256.0,0.474609375,0.024723077192902565,1571.0,17848.0,0.5,-0.013912113710830454,0.85546875,0.2597288489341736,0.0,0.9631871804594994,1.0,1142272.0,0.0001,2231.0,0.2,80.91068567335606,256.0,0.076171875,0.880859375,-0.15545573018607683,490.0,45.0,0.90625,14.285989761352539,0.25423145294189453,-144.67382430698723
256.0,0.55859375,0.0040019601583480835,1169.0,17856.0,0.5,-0.002615591569337994,0.91015625,0.332954466342926,0.0,0.8565524220466614,1.0,1142784.0,0.0001,2232.0,0.2,715.4982883930206,256.0,0.013427734375,0.8515625,-0.16413443791680038,495.0,45.0,0.79296875,398.155517578125,0.3033159375190735,-147.0188260200154
256.0,0.619140625,0.003416618797928095,1357.0,17864.0,0.5,-0.00376640985996346,0.9140625,0.3564751148223877,0.0,0.8550508916378021,1.0,1143296.0,0.0001,2233.0,0.2,761.6709681749344,256.0,0.022705078125,0.794921875,-0.1738931382424198,505.0,45.0,0.67578125,412.776611328125,0.3914327621459961,-148.0378852482792
256.0,0.57421875,0.0048208096995949745,1583.0,17872.0,0.5,-0.009280567199311918,0.9296875,0.3370094895362854,0.0,0.8645017594099045,1.0,1143808.0,0.0001,2234.0,0.2,469.49011784791946,256.0,0.02880859375,0.85546875,-0.1570445827092044,487.5,45.0,0.78125,46.402198791503906,0.3206903338432312,-143.3856302996166
256.0,0.54296875,0.00281821982935071,1418.0,17880.0,0.5,-0.0058007844927487895,0.8828125,0.3139398992061615,0.0,0.8880532011389732,1.0,1144320.0,0.0001,2235.0,0.2,395.639562189579,256.0,0.025390625,0.83984375,-0.17360329075017944,498.5,45.0,0.796875,97.99627685546875,0.32507702708244324,-140.03503300219774
256.0,0.546875,0.005336896516382694,1501.0,17888.0,0.5,-0.010813334447448142,0.88671875,0.3622860014438629,0.0,0.950021393597126,1.0,1144832.0,0.0001,2236.0,0.2,148.93183600902557,256.0,0.05224609375,0.83984375,-0.18326301503111608,495.5,45.0,0.79296875,15.930766105651855,0.326836496591568,-135.08467412600294
256.0,0.521484375,0.001384591218084097,1542.0,17896.0,0.5,-0.0041890665524988435,0.83203125,0.3442474603652954,0.0,0.9218247309327126,1.0,1145344.0,0.0001,2237.0,0.2,368.6982043981552,256.0,0.019775390625,0.810546875,-0.1688089071540162,492.5,45.0,0.7890625,31.793514251708984,0.3458038568496704,-132.60523337652907
256.0,0.509765625,0.0011694367276504636,1262.0,17904.0,0.5,-0.004172414541244507,0.8359375,0.3296220600605011,0.0,0.8816173449158669,1.0,1145856.0,0.0001,2238.0,0.2,578.53443390131,256.0,0.009033203125,0.826171875,-0.13846378232119605,501.0,45.0,0.81640625,45.02469253540039,0.3316686749458313,-131.80423693108372
256.0,0.421875,0.0020538452081382275,1498.0,17912.0,0.5,-0.005122208793181926,0.76171875,0.29103004932403564,0.0,0.8916636556386948,1.0,1146368.0,0.0001,2239.0,0.2,963.1737875640392,256.0,0.02685546875,0.83984375,-0.13053992704953998,493.5,45.0,0.91796875,1062.3072509765625,0.3001381456851959,-128.89415601992047
256.0,0.462890625,0.002434126101434231,1573.0,17920.0,0.5,-0.005506987901753746,0.8046875,0.31739264726638794,0.0,0.8744289427995682,1.0,1146880.0,0.0001,2240.0,0.2,629.8451619744301,256.0,0.01416015625,0.841796875,-0.17371543860645033,506.5,45.0,0.87890625,252.7096405029297,0.33335864543914795,-130.04104585211724
256.0,0.466796875,0.003976495936512947,1518.0,17928.0,0.5,-0.011439325848186854,0.8203125,0.33053019642829895,0.0,0.9255663529038429,1.0,1147392.0,0.0001,2241.0,0.2,211.0840000063181,256.0,0.03466796875,0.853515625,-0.15838109090691432,515.5,45.0,0.88671875,55.3195686340332,0.3159714341163635,-128.00247833181172
256.0,0.537109375,0.00698871910572052,1453.0,17936.0,0.5,-0.008823693373415153,0.88671875,0.30463480949401855,0.0,0.9362433105707169,1.0,1147904.0,0.0001,2242.0,0.2,208.3363201022148,256.0,0.041748046875,0.849609375,-0.18014067003969103,525.5,45.0,0.8125,18.37272071838379,0.29374831914901733,-127.98757924533449
256.0,0.521484375,0.004433074500411749,1252.0,17944.0,0.5,-0.004954481446475256,0.88671875,0.31633660197257996,0.0,0.9654895700514317,1.0,1148416.0,0.0001,2243.0,0.2,91.81304498761892,256.0,0.02880859375,0.865234375,-0.15553508172160946,521.5,45.0,0.84375,9.930282592773438,0.2785825729370117,-130.051047609346
256.0,0.546875,0.0034734695218503475,1400.0,17952.0,0.5,-0.006294681257713819,0.90234375,0.3078993558883667,0.0,0.9525970630347729,1.0,1148928.0,0.0001,2244.0,0.2,117.92805443704128,256.0,0.029052734375,0.85546875,-0.16314815159421414,512.5,45.0,0.80859375,15.443665504455566,0.30625954270362854,-131.58197942260654
256.0,0.5625,0.0026321117766201496,1474.0,17960.0,0.5,-0.007667066376598086,0.921875,0.3255472779273987,0.0,0.9256289675831795,1.0,1149440.0,0.0001,2245.0,0.2,406.70030349493027,256.0,0.02099609375,0.859375,-0.1716253542690538,504.0,45.0,0.796875,178.7678985595703,0.30357712507247925,-133.0258792488929
256.0,0.595703125,0.0023398613557219505,1415.0,17968.0,0.5,-0.005411322730651591,0.94140625,0.33556729555130005,0.0,0.9719315804541111,1.0,1149952.0,0.0001,2246.0,0.2,105.96772707998753,256.0,0.017333984375,0.845703125,-0.15276811085641384,509.0,45.0,0.75,21.788034439086914,0.3236427307128906,-134.1248864680622
256.0,0.5234375,0.004163131583482027,1525.0,17976.0,0.5,-0.010861430393561022,0.921875,0.2930818498134613,0.0,0.9186436757445335,1.0,1150464.0,0.0001,2247.0,0.2,319.2146339714527,256.0,0.046142578125,0.8984375,-0.11258245148928836,502.0,45.0,0.875,95.20220947265625,0.24252092838287354,-131.32632628425955
256.0,0.5234375,0.002670915564522147,1261.0,17984.0,0.5,-0.003951171995140612,0.90234375,0.2945575714111328,0.0,0.9488305374979973,1.0,1150976.0,0.0001,2248.0,0.2,118.47622511535883,256.0,0.022216796875,0.87890625,-0.14346949220634997,512.5,45.0,0.85546875,22.67131996154785,0.26435932517051697,-129.30563723226078
256.0,0.57421875,0.003248536493629217,1508.0,17992.0,0.5,-0.0065245363002759404,0.9296875,0.2985774576663971,0.0,0.9093560501933098,1.0,1151488.0,0.0001,2249.0,0.2,582.5624993741512,256.0,0.0263671875,0.85546875,-0.13637174537871033,512.0,45.0,0.78125,439.9915771484375,0.295342355966568,-125.5452516783122
256.0,0.546875,0.002866501919925213,1544.0,18000.0,0.5,-0.005184086912777275,0.87890625,0.3105161786079407,0.0,0.8806731626391411,1.0,1152000.0,0.0001,2250.0,0.2,1200.1353432536125,256.0,0.0224609375,0.83203125,-0.14807973042479716,505.5,45.0,0.78515625,96.27767944335938,0.3173467516899109,-123.63327217291109
256.0,0.537109375,0.004681287799030542,1130.0,18008.0,0.5,-0.005433265308965929,0.86328125,0.34001195430755615,0.0,0.8881409987807274,1.0,1152512.0,0.0001,2251.0,0.2,221.84145826101303,256.0,0.021240234375,0.826171875,-0.16896543418988585,506.5,45.0,0.7890625,33.82421875,0.36139118671417236,-127.02324154115281
256.0,0.466796875,0.002234935760498047,1514.0,18016.0,0.5,-0.003566379065887304,0.859375,0.2781880795955658,0.0,0.9552383944392204,1.0,1153024.0,0.0001,2252.0,0.2,87.5035953745246,256.0,0.020263671875,0.892578125,-0.13815098616760224,493.5,45.0,0.92578125,7.710895538330078,0.24840585887432098,-128.74813872902655
256.0,0.478515625,0.0034130101557821035,1253.0,18024.0,0.5,-0.00940540014198632,0.84375,0.287370502948761,0.0,0.9563316330313683,1.0,1153536.0,0.0001,2253.0,0.2,95.40614537894726,256.0,0.025146484375,0.865234375,-0.1807775806519203,492.0,45.0,0.88671875,6.079767227172852,0.2811238765716553,-133.4400959947426
256.0,0.515625,0.0030672368593513966,1579.0,18032.0,0.5,-0.007240509796247352,0.83984375,0.3057462275028229,0.0,0.8718182444572449,1.0,1154048.0,0.0001,2254.0,0.2,881.8908194303513,256.0,0.022216796875,0.82421875,-0.1346339529263787,471.0,45.0,0.80859375,472.2361755371094,0.3189328908920288,-138.68447873445228
256.0,0.50390625,0.003228244837373495,1449.0,18040.0,0.5,-0.005063428950961679,0.88671875,0.292977511882782,0.0,0.9618784673511982,1.0,1154560.0,0.0001,2255.0,0.2,93.76884119957685,256.0,0.018310546875,0.8828125,-0.16154523275326937,462.0,45.0,0.87890625,12.455038070678711,0.26495638489723206,-145.98338619330897
256.0,0.509765625,0.0027249425183981657,1592.0,18048.0,0.5,-0.006721362686221255,0.8515625,0.2890191674232483,0.0,0.9412475489079952,1.0,1155072.0,0.0001,2256.0,0.2,141.76882396638393,256.0,0.02001953125,0.841796875,-0.11748632081435062,466.0,45.0,0.83203125,10.081131935119629,0.30672651529312134,-150.56522077628412
256.0,0.52734375,0.0012204924132674932,1633.0,18056.0,0.5,-0.0031573728847433813,0.890625,0.29875582456588745,0.0,0.8653457760810852,1.0,1155584.0,0.0001,2257.0,0.2,879.3617553114891,256.0,0.015380859375,0.86328125,-0.14019648180692457,465.5,45.0,0.8359375,76.40303039550781,0.2797410190105438,-154.09206726966426
256.0,0.5546875,0.002889263443648815,1239.0,18064.0,0.5,-0.0071933072940737475,0.91015625,0.3256019949913025,0.0,0.9228050410747528,1.0,1156096.0,0.0001,2258.0,0.2,134.26474521309137,256.0,0.031982421875,0.85546875,-0.15163809689693153,447.0,45.0,0.80078125,16.5106258392334,0.2978823184967041,-154.9104384081252
256.0,0.595703125,0.0014765806263312697,1473.0,18072.0,0.5,-0.004005465321824886,0.92578125,0.33694902062416077,0.0,0.8700500279664993,1.0,1156608.0,0.0001,2259.0,0.2,965.5821016430855,256.0,0.01416015625,0.830078125,-0.174212914891541,446.0,45.0,0.734375,565.7183837890625,0.34894755482673645,-155.1792061524233
256.0,0.587890625,0.001701802248135209,1406.0,18080.0,0.5,-0.0038960310848779045,0.9140625,0.3528837263584137,0.0,0.8624847829341888,1.0,1157120.0,0.0001,2260.0,0.2,1094.9767843484879,256.0,0.01220703125,0.826171875,-0.18611360306385905,439.5,45.0,0.73828125,143.7189178466797,0.3673087954521179,-150.2286431414401
256.0,0.578125,0.003215665463358164,1552.0,18088.0,0.5,-0.004347560687165242,0.9296875,0.31409764289855957,0.0,0.9167091473937035,1.0,1157632.0,0.0001,2261.0,0.2,200.00715759396553,256.0,0.021484375,0.8515625,-0.14547707777819596,455.0,45.0,0.7734375,27.530763626098633,0.3180447816848755,-147.59316618415994
256.0,0.572265625,0.003970644436776638,1523.0,18096.0,0.5,-0.007283250124601182,0.921875,0.3179304599761963,0.0,0.9520955942571163,1.0,1158144.0,0.0001,2262.0,0.2,110.38806658238173,256.0,0.034912109375,0.849609375,-0.19220223563024774,463.5,45.0,0.77734375,22.396310806274414,0.2919856309890747,-141.53114260763397
256.0,0.546875,0.002538469387218356,1208.0,18104.0,0.5,-0.005473715442349203,0.88671875,0.3388880491256714,0.0,0.9599989987909794,1.0,1158656.0,0.0001,2263.0,0.2,125.84036321938038,256.0,0.015869140625,0.83984375,-0.18350150826154277,486.0,45.0,0.79296875,38.04216766357422,0.33063769340515137,-138.4955691445386
256.0,0.478515625,0.0037162103690207005,1454.0,18112.0,0.5,-0.005731742458010558,0.79296875,0.30305400490760803,0.0,0.978476645424962,1.0,1159168.0,0.0001,2264.0,0.2,67.24585042893887,256.0,0.028564453125,0.814453125,-0.14434581843670458,493.5,45.0,0.8359375,18.379474639892578,0.3275555372238159,-132.18725100734736
256.0,0.4609375,0.002530141733586788,1601.0,18120.0,0.5,-0.0075453747012943495,0.78125,0.32960957288742065,0.0,0.9296972751617432,1.0,1159680.0,0.0001,2265.0,0.2,267.8077611029148,256.0,0.0185546875,0.8203125,-0.14293602862744592,514.0,45.0,0.859375,70.36154174804688,0.342052161693573,-131.05747633727734
256.0,0.462890625,0.0012769565219059587,1458.0,18128.0,0.5,-0.0035801576523226686,0.7734375,0.3270258605480194,0.0,0.9057974591851234,1.0,1160192.0,0.0001,2266.0,0.2,812.798137307167,256.0,0.006591796875,0.810546875,-0.15862556477077305,548.0,45.0,0.84765625,489.6249084472656,0.36719340085983276,-130.2872103891289
256.0,0.501953125,0.0025062072090804577,1454.0,18136.0,0.5,-0.005334118934115395,0.86328125,0.33453473448753357,0.0,0.9053884372115135,1.0,1160704.0,0.0001,2267.0,0.2,301.85156232118607,256.0,0.02099609375,0.861328125,-0.16935054189525545,579.5,45.0,0.859375,43.66690444946289,0.3132662773132324,-132.02180756032934
256.0,0.490234375,0.0017277523875236511,1448.0,18144.0,0.5,-0.0075945934222545475,0.8125,0.3465596139431,0.0,0.866095557808876,1.0,1161216.0,0.0001,2268.0,0.2,1068.783628821373,256.0,0.023681640625,0.822265625,-0.18554811913054436,563.0,45.0,0.83203125,81.75955963134766,0.3429705500602722,-131.17362922415137
256.0,0.49609375,0.001678371918387711,1188.0,18152.0,0.5,-0.004897384067589883,0.8046875,0.3385886549949646,0.0,0.8274571001529694,1.0,1161728.0,0.0001,2269.0,0.2,1372.910105228424,256.0,0.01171875,0.80859375,-0.131220566079719,559.0,45.0,0.8125,533.9447021484375,0.3525696396827698,-137.80493451523128
256.0,0.509765625,0.0045072222128510475,1510.0,18160.0,0.5,-0.0072345386070082895,0.859375,0.3202144503593445,0.0,0.89864382147789,1.0,1162240.0,0.0001,2270.0,0.2,254.24969696998596,256.0,0.029296875,0.849609375,-0.1434151586436201,564.5,45.0,0.83984375,13.934364318847656,0.31062453985214233,-140.7956594600901
256.0,0.546875,0.0015232431469485164,1509.0,18168.0,0.5,-0.0037998259140294977,0.91796875,0.3387492597103119,0.0,0.9440301209688187,1.0,1162752.0,0.0001,2271.0,0.2,149.9110850393772,256.0,0.015625,0.87109375,-0.1819339202484116,570.5,45.0,0.82421875,15.99619197845459,0.31796330213546753,-139.9539035465475
256.0,0.5546875,0.0025660721585154533,1547.0,18176.0,0.5,-0.006133566897915443,0.87109375,0.33519282937049866,0.0,0.8982582539319992,1.0,1163264.0,0.0001,2272.0,0.2,537.5519407093525,256.0,0.01904296875,0.81640625,-0.18094253103481606,563.5,45.0,0.76171875,100.3225326538086,0.3444807529449463,-137.14506022021175
256.0,0.51953125,0.0022735954262316227,1586.0,18184.0,0.5,-0.0032131158586707897,0.890625,0.3622015118598938,0.0,0.9615013413131237,1.0,1163776.0,0.0001,2273.0,0.2,136.20781868696213,256.0,0.01416015625,0.87109375,-0.11149500976898707,563.5,45.0,0.8515625,14.446083068847656,0.3025972545146942,-135.15639519943855
256.0,0.541015625,0.0022737071849405766,1190.0,18192.0,0.5,-0.005052269116276875,0.87890625,0.3522370457649231,0.0,0.9514507949352264,1.0,1164288.0,0.0001,2274.0,0.2,137.79722186923027,256.0,0.013427734375,0.837890625,-0.1274883476726245,533.0,45.0,0.796875,23.6319637298584,0.31872257590293884,-131.69912856667304
256.0,0.5,0.0011275468859821558,1598.0,18200.0,0.5,-0.003263739781687036,0.90234375,0.2888874113559723,0.0,0.9613927863538265,1.0,1164800.0,0.0001,2275.0,0.2,118.85271753370762,256.0,0.009033203125,0.90234375,-0.12388767558149993,520.0,45.0,0.90234375,25.699275970458984,0.24521279335021973,-126.7295271163527
256.0,0.560546875,0.003255814779549837,1528.0,18208.0,0.5,-0.003622290962084662,0.90234375,0.3225139081478119,0.0,0.9147131815552711,1.0,1165312.0,0.0001,2276.0,0.2,764.1824641823769,256.0,0.025146484375,0.841796875,-0.1087593339761952,500.0,45.0,0.78125,53.208473205566406,0.3058306574821472,-126.3234288172517
256.0,0.552734375,0.005462042987346649,1365.0,18216.0,0.5,-0.00607169907016214,0.8828125,0.3455948233604431,0.0,0.9330388754606247,1.0,1165824.0,0.0001,2277.0,0.2,172.3576864004135,256.0,0.034912109375,0.830078125,-0.20194970583543181,513.0,45.0,0.77734375,32.06327819824219,0.36512303352355957,-127.71882208425552
256.0,0.51953125,0.0034536952152848244,1506.0,18224.0,0.5,-0.004157587267400231,0.87109375,0.29651814699172974,0.0,0.9427611753344536,1.0,1166336.0,0.0001,2278.0,0.2,111.88320165872574,256.0,0.02734375,0.8515625,-0.14025945292087272,508.0,45.0,0.83203125,37.8984489440918,0.27961647510528564,-122.73280209379271
256.0,0.515625,0.005587929394096136,1217.0,18232.0,0.5,-0.0073823159546009265,0.8828125,0.301266074180603,0.0,0.9578804485499859,1.0,1166848.0,0.0001,2279.0,0.2,104.48623153567314,256.0,0.03271484375,0.8671875,-0.17172475502593443,490.0,45.0,0.8515625,6.722559452056885,0.2915584146976471,-124.33002725749276
256.0,0.517578125,0.003077888861298561,1438.0,18240.0,0.5,-0.004913769487757236,0.84375,0.3355821371078491,0.0,0.9678252041339874,1.0,1167360.0,0.0001,2280.0,0.2,83.3722808547318,256.0,0.022216796875,0.826171875,-0.1556307926075533,491.0,45.0,0.80859375,9.963898658752441,0.35243070125579834,-129.31845620873383
256.0,0.5390625,0.0050714630633592606,1554.0,18248.0,0.5,-0.006081158488086658,0.88671875,0.3115885257720947,0.0,0.9772933591157198,1.0,1167872.0,0.0001,2281.0,0.2,75.47154301404953,256.0,0.03271484375,0.84765625,-0.16657379583921283,499.0,45.0,0.80859375,20.387636184692383,0.30424022674560547,-131.2594235132169
256.0,0.505859375,0.0039346059784293175,1570.0,18256.0,0.5,-0.004982226411812007,0.86328125,0.2875104546546936,0.0,0.9664518684148788,1.0,1168384.0,0.0001,2282.0,0.2,65.5055248811841,256.0,0.031005859375,0.857421875,-0.13124744762899354,502.0,45.0,0.8515625,8.180744171142578,0.29741159081459045,-134.50423895487563
256.0,0.498046875,0.0029019007924944162,1579.0,18264.0,0.5,-0.0058886337392323185,0.84765625,0.29135632514953613,0.0,0.9655036814510822,1.0,1168896.0,0.0001,2283.0,0.2,73.94091698527336,256.0,0.033203125,0.849609375,-0.15954129991587251,502.0,45.0,0.8515625,8.857420921325684,0.28685078024864197,-138.3635595577024
256.0,0.552734375,0.0012564088683575392,1173.0,18272.0,0.5,-0.002847412819392048,0.90625,0.3034173846244812,0.0,0.90657639503479,1.0,1169408.0,0.0001,2284.0,0.2,396.0592223703861,256.0,0.015869140625,0.853515625,-0.15353856736328453,509.5,45.0,0.80078125,22.537893295288086,0.2891293466091156,-142.5307212188374
256.0,0.591796875,0.003703682217746973,1476.0,18280.0,0.5,-0.005094048465252854,0.921875,0.3588488698005676,0.0,0.9617834873497486,1.0,1169920.0,0.0001,2285.0,0.2,140.66336664557457,256.0,0.026123046875,0.830078125,-0.1470937591220718,535.0,45.0,0.73828125,34.04268264770508,0.34162402153015137,-142.3093106323946
256.0,0.541015625,0.003456427250057459,1378.0,18288.0,0.5,-0.005506281551788561,0.90625,0.3173943758010864,0.0,0.9761077463626862,1.0,1170432.0,0.0001,2286.0,0.2,83.68991562724113,256.0,0.0205078125,0.865234375,-0.19509565067710355,536.0,45.0,0.82421875,12.588397979736328,0.2931382656097412,-137.74171645408495
256.0,0.5234375,0.004414837807416916,1586.0,18296.0,0.5,-0.011648564082861412,0.8828125,0.3126022219657898,0.0,0.914415568113327,1.0,1170944.0,0.0001,2287.0,0.2,382.40687850117683,256.0,0.024658203125,0.859375,-0.15252826042706147,540.0,45.0,0.8359375,29.111473083496094,0.29356443881988525,-136.90385929893702
256.0,0.490234375,0.0025130989961326122,1401.0,18304.0,0.5,-0.006751909852027893,0.87109375,0.2879168391227722,0.0,0.9508899934589863,1.0,1171456.0,0.0001,2288.0,0.2,111.29816035181284,256.0,0.02392578125,0.880859375,-0.15398676315089688,544.0,45.0,0.890625,17.13844108581543,0.2738156318664551,-135.24029163653032
256.0,0.498046875,0.003303009318187833,1226.0,18312.0,0.5,-0.009791326025151648,0.84765625,0.3263968527317047,0.0,0.8810026422142982,1.0,1171968.0,0.0001,2289.0,0.2,698.9663798809052,256.0,0.02880859375,0.849609375,-0.1880424733099062,527.5,45.0,0.8515625,216.790771484375,0.32363882660865784,-135.79142695615067
256.0,0.470703125,0.013785441406071186,1511.0,18320.0,0.5,-0.010915397018834483,0.796875,0.30151018500328064,0.0,0.9583099819719791,1.0,1172480.0,0.0001,2290.0,0.2,101.19415220618248,256.0,0.052978515625,0.826171875,-0.18368480139179155,518.5,45.0,0.85546875,17.038496017456055,0.3024175763130188,-138.60515915685335
256.0,0.45703125,0.0027386676520109177,1563.0,18328.0,0.5,-0.005459877134853741,0.8046875,0.3095845580101013,0.0,0.9373724162578583,1.0,1172992.0,0.0001,2291.0,0.2,230.0537026077509,256.0,0.01171875,0.84765625,-0.1288138584641274,524.5,45.0,0.890625,103.51190948486328,0.33405861258506775,-140.80909929813816
256.0,0.501953125,0.0036239726468920708,1527.0,18336.0,0.5,-0.009436214109882712,0.83984375,0.30306535959243774,0.0,0.9638537652790546,1.0,1173504.0,0.0001,2292.0,0.2,103.56057907640934,256.0,0.038330078125,0.837890625,-0.18208080175099894,520.0,45.0,0.8359375,18.05251121520996,0.3072896897792816,-138.00708900161086
256.0,0.58203125,0.002142340410500765,1426.0,18344.0,0.5,-0.005571013010921888,0.91015625,0.3106730580329895,0.0,0.9258785545825958,1.0,1174016.0,0.0001,2293.0,0.2,410.93740570545197,256.0,0.020751953125,0.828125,-0.1662448245624546,517.0,45.0,0.74609375,83.02371978759766,0.3261982202529907,-137.20430613772012
256.0,0.54296875,0.00487758032977581,1198.0,18352.0,0.5,-0.007459096483216854,0.87890625,0.3247135281562805,0.0,0.9464278519153595,1.0,1174528.0,0.0001,2294.0,0.2,169.68961296975613,256.0,0.02490234375,0.8359375,-0.17398583452450112,496.5,45.0,0.79296875,14.913257598876953,0.316474974155426,-137.38220431468915
256.0,0.5625,0.0035340148024260998,1474.0,18360.0,0.5,-0.0031222562247421592,0.890625,0.35279005765914917,0.0,0.8887979090213776,1.0,1175040.0,0.0001,2295.0,0.2,569.7912546396255,256.0,0.017578125,0.828125,-0.1548989349976182,493.5,45.0,0.765625,157.48995971679688,0.342010498046875,-140.1011800046591
256.0,0.529296875,0.004452738910913467,1569.0,18368.0,0.5,-0.005849628505529836,0.87109375,0.30049219727516174,0.0,0.9583546817302704,1.0,1175552.0,0.0001,2296.0,0.2,101.99480244517326,256.0,0.029296875,0.841796875,-0.14864029688760638,501.0,45.0,0.8125,9.393638610839844,0.3037233054637909,-139.1658814862324
256.0,0.525390625,0.0032893107272684574,1480.0,18376.0,0.5,-0.006800794690207113,0.87109375,0.3276374638080597,0.0,0.9597192816436291,1.0,1176064.0,0.0001,2297.0,0.2,114.73911321163177,256.0,0.03173828125,0.845703125,-0.1990790893905796,509.5,45.0,0.8203125,9.127457618713379,0.32449182868003845,-137.60836623313836
256.0,0.548828125,0.0029453691095113754,1442.0,18384.0,0.5,-0.006838437962869648,0.88671875,0.34104591608047485,0.0,0.9417872577905655,1.0,1176576.0,0.0001,2298.0,0.2,198.5810303092003,256.0,0.027587890625,0.837890625,-0.1677053590246942,532.5,45.0,0.7890625,36.835670471191406,0.347600519657135,-133.34551076294855
256.0,0.505859375,0.004446052014827728,1390.0,18392.0,0.5,-0.008414239513513166,0.86328125,0.3129451870918274,0.0,0.9786724671721458,1.0,1177088.0,0.0001,2299.0,0.2,58.26066384464502,256.0,0.037841796875,0.857421875,-0.14477497118059546,532.0,45.0,0.8515625,13.021988868713379,0.2835996150970459,-126.1101570036076
256.0,0.482421875,0.0038071726448833942,1301.0,18400.0,0.5,-0.006790952083974844,0.83984375,0.31407076120376587,0.0,0.9544142000377178,1.0,1177600.0,0.0001,2300.0,0.2,109.24357183277607,256.0,0.0322265625,0.857421875,-0.1373916839947924,526.0,45.0,0.875,16.147226333618164,0.2869233191013336,-123.32617493487429
256.0,0.51171875,0.00481131486594677,1574.0,18408.0,0.5,-0.006442011032049777,0.86328125,0.2907886803150177,0.0,0.9730742480605841,1.0,1178112.0,0.0001,2301.0,0.2,59.1084294244647,256.0,0.027587890625,0.8515625,-0.17930174036882818,527.5,45.0,0.83984375,16.00597381591797,0.285357803106308,-124.2250381775573
256.0,0.5234375,0.001800080295652151,1579.0,18416.0,0.5,-0.0031150034701568075,0.9140625,0.3009072542190552,0.0,0.979895256459713,1.0,1178624.0,0.0001,2302.0,0.2,48.64856717735529,256.0,0.02099609375,0.890625,-0.16376602847594768,509.5,45.0,0.8671875,12.360542297363281,0.24336473643779755,-124.55190441973973
256.0,0.578125,0.0035426076501607895,1433.0,18424.0,0.5,-0.006644715627771802,0.9140625,0.33113130927085876,0.0,0.9796726033091545,1.0,1179136.0,0.0001,2303.0,0.2,87.1113831102848,256.0,0.03076171875,0.8359375,-0.18393590091727674,514.5,45.0,0.7578125,20.527324676513672,0.3541218936443329,-126.39734279643744
256.0,0.53125,0.008171589113771915,1402.0,18432.0,0.5,-0.009602922087651677,0.8984375,0.3157254457473755,0.0,0.968699611723423,1.0,1179648.0,0.0001,2304.0,0.2,83.5730438157916,256.0,0.05712890625,0.8671875,-0.19148195046000183,510.0,45.0,0.8359375,33.38003158569336,0.29117947816848755,-125.94225364330225
256.0,0.55078125,0.005597556009888649,1211.0,18440.0,0.5,-0.007925968486233614,0.91015625,0.3114553987979889,0.0,0.9682746417820454,1.0,1180160.0,0.0001,2305.0,0.2,74.42260596901178,256.0,0.029296875,0.859375,-0.1631151214824058,510.0,45.0,0.80859375,7.904453277587891,0.28204482793807983,-128.37516049801837
256.0,0.486328125,0.005340802948921919,1548.0,18448.0,0.5,-0.010071654054627288,0.87109375,0.27266016602516174,0.0,0.9819437898695469,1.0,1180672.0,0.0001,2306.0,0.2,35.28323747776449,256.0,0.042236328125,0.884765625,-0.16460491507314146,489.0,45.0,0.8984375,3.5891878604888916,0.24753119051456451,-131.05522178492976
256.0,0.51171875,0.008373582735657692,1520.0,18456.0,0.5,-0.02401569817448035,0.828125,0.30647367238998413,0.0,0.9679669365286827,1.0,1181184.0,0.0001,2307.0,0.2,53.856090888381004,256.0,0.0869140625,0.81640625,-0.2232157996040769,483.5,45.0,0.8046875,7.9159321784973145,0.34493035078048706,-136.23577321878167
256.0,0.470703125,0.003162768669426441,1646.0,18464.0,0.5,-0.003029076637176331,0.796875,0.2955051362514496,0.0,0.9081533253192902,1.0,1181696.0,0.0001,2308.0,0.2,482.979450404644,256.0,0.017333984375,0.826171875,-0.12669326330069453,476.0,45.0,0.85546875,390.8918762207031,0.3091789484024048,-142.6981851653289
256.0,0.474609375,0.0077629657462239265,1655.0,18472.0,0.5,-0.010145178348466288,0.84765625,0.2849767208099365,0.0,0.9443522654473782,1.0,1182208.0,0.0001,2309.0,0.2,84.23301918059587,256.0,0.04833984375,0.873046875,-0.1449448285275139,467.0,45.0,0.8984375,18.869140625,0.26315200328826904,-146.90390454009642
256.0,0.544921875,0.0025253710336983204,1181.0,18480.0,0.5,-0.005051125495810993,0.91015625,0.27467799186706543,0.0,0.9433512315154076,1.0,1182720.0,0.0001,2310.0,0.2,213.38757047057152,256.0,0.0224609375,0.865234375,-0.14140845538349822,456.0,45.0,0.8203125,98.7864990234375,0.2592924237251282,-150.38680983475876
256.0,0.583984375,0.004778967704623938,1558.0,18488.0,0.5,-0.004575537743221503,0.9453125,0.3080770969390869,0.0,0.9579230546951294,1.0,1183232.0,0.0001,2311.0,0.2,99.98539157956839,256.0,0.024658203125,0.861328125,-0.19178968627238646,460.0,45.0,0.77734375,15.173670768737793,0.30012696981430054,-151.7704113050457
256.0,0.62890625,0.003615699941292405,1427.0,18496.0,0.5,-0.005431957652035635,0.94921875,0.33066868782043457,0.0,0.9713140744715929,1.0,1183744.0,0.0001,2312.0,0.2,91.45980457216501,256.0,0.0244140625,0.8203125,-0.18042756657814607,459.5,45.0,0.69140625,32.76323699951172,0.36599355936050415,-151.07349458574782
256.0,0.587890625,0.006516310852020979,1658.0,18504.0,0.5,-0.007489845120289829,0.94921875,0.29211896657943726,0.0,0.9423696994781494,1.0,1184256.0,0.0001,2313.0,0.2,447.21822810173035,256.0,0.03271484375,0.861328125,-0.1555950290930923,441.5,45.0,0.7734375,38.01702880859375,0.2976205050945282,-148.7306662260089
256.0,0.578125,0.0019544512033462524,1469.0,18512.0,0.5,-0.0028939566436747555,0.91015625,0.32712092995643616,0.0,0.9325846806168556,1.0,1184768.0,0.0001,2314.0,0.2,323.18977519869804,256.0,0.01806640625,0.83203125,-0.15395712986355647,455.5,45.0,0.75390625,25.907405853271484,0.3159067928791046,-150.7501697223168
256.0,0.5234375,0.004089278168976307,1258.0,18520.0,0.5,-0.005371320847189054,0.890625,0.299865186214447,0.0,0.9786129854619503,1.0,1185280.0,0.0001,2315.0,0.2,51.366007804870605,256.0,0.023193359375,0.8671875,-0.15429456811398268,457.0,45.0,0.84375,6.787726402282715,0.2938280999660492,-147.83110022934153
256.0,0.517578125,0.004890878219157457,1537.0,18528.0,0.5,-0.007930754283734132,0.8515625,0.3056793212890625,0.0,0.9421066641807556,1.0,1185792.0,0.0001,2316.0,0.2,131.1938584893942,256.0,0.0390625,0.833984375,-0.1606719626870472,452.0,45.0,0.81640625,16.27360725402832,0.3185766339302063,-146.67076698555147
256.0,0.47265625,0.005039297044277191,1612.0,18536.0,0.5,-0.006392680836142972,0.8359375,0.27471333742141724,0.0,0.9534333385527134,1.0,1186304.0,0.0001,2317.0,0.2,79.95194217562675,256.0,0.02783203125,0.86328125,-0.15311392629519105,467.0,45.0,0.890625,9.654414176940918,0.2833077907562256,-146.12908621980807
256.0,0.5390625,0.004046664573252201,1469.0,18544.0,0.5,-0.0070730014485889114,0.83984375,0.32681238651275635,0.0,0.9544745087623596,1.0,1186816.0,0.0001,2318.0,0.2,102.4991365969181,256.0,0.036865234375,0.80078125,-0.14969618953182362,496.0,45.0,0.76171875,23.35980796813965,0.3435252904891968,-144.2208703746181
256.0,0.4765625,0.0039619868621230125,1603.0,18552.0,0.5,-0.003954402920498978,0.8671875,0.24908708035945892,0.0,0.9151579216122627,1.0,1187328.0,0.0001,2319.0,0.2,384.56015077233315,256.0,0.01708984375,0.890625,-0.15237449755659327,496.0,45.0,0.9140625,13.593501091003418,0.23506760597229004,-140.98256992865353
256.0,0.5546875,0.0028892888221889734,1178.0,18560.0,0.5,-0.004057597630890086,0.85546875,0.35339492559432983,0.0,0.9496304579079151,1.0,1187840.0,0.0001,2320.0,0.2,150.28623704612255,256.0,0.0205078125,0.80078125,-0.14812287504901178,501.0,45.0,0.74609375,35.30515670776367,0.3588259518146515,-144.05537891351153
256.0,0.5234375,0.0024356285575777292,1432.0,18568.0,0.5,-0.004255413070495706,0.8828125,0.3082483112812042,0.0,0.8462386131286621,1.0,1188352.0,0.0001,2321.0,0.2,806.5779467225075,256.0,0.016845703125,0.859375,-0.17550451768329367,512.5,45.0,0.8359375,46.11185836791992,0.27778542041778564,-143.5780062952824
256.0,0.556640625,0.002609006129205227,1525.0,18576.0,0.5,-0.003571195873519173,0.890625,0.32041698694229126,0.0,0.9435099065303802,1.0,1188864.0,0.0001,2322.0,0.2,136.1102175116539,256.0,0.015869140625,0.833984375,-0.14325387359713204,523.5,45.0,0.77734375,46.718624114990234,0.3190794587135315,-145.64417260060551
256.0,0.54296875,0.002093815477564931,1522.0,18584.0,0.5,-0.003913743476005038,0.90625,0.28213396668434143,0.0,0.8610654026269913,1.0,1189376.0,0.0001,2323.0,0.2,1096.9011939167976,256.0,0.016845703125,0.86328125,-0.1407948966952972,520.5,45.0,0.8203125,332.9830627441406,0.2906467616558075,-145.3493450695183
256.0,0.568359375,0.0018126177601516247,1490.0,18592.0,0.5,-0.003767923277337104,0.90625,0.3210916519165039,0.0,0.8821356296539307,1.0,1189888.0,0.0001,2324.0,0.2,365.7355167269707,256.0,0.011474609375,0.837890625,-0.17076891416218132,519.5,45.0,0.76953125,262.281494140625,0.3259374499320984,-147.57746140678412
256.0,0.541015625,0.005345080979168415,1518.0,18600.0,0.5,-0.00938472410052782,0.84765625,0.329117089509964,0.0,0.9437826462090015,1.0,1190400.0,0.0001,2325.0,0.2,116.85304455459118,256.0,0.034423828125,0.806640625,-0.16478876932524145,527.5,45.0,0.765625,15.967874526977539,0.33997398614883423,-146.60441470450257
256.0,0.494140625,0.004974202252924442,1600.0,18608.0,0.5,-0.008021261965041049,0.8359375,0.31523099541664124,0.0,0.9567677862942219,1.0,1190912.0,0.0001,2326.0,0.2,100.35967483371496,256.0,0.033935546875,0.841796875,-0.14923198003089055,529.0,45.0,0.84765625,16.805330276489258,0.30330777168273926,-145.2337114064116
256.0,0.55859375,0.0019237414235249162,1545.0,18616.0,0.5,-0.005173785670194775,0.91015625,0.30303120613098145,0.0,0.9542516767978668,1.0,1191424.0,0.0001,2327.0,0.2,87.66823133826256,256.0,0.018310546875,0.8515625,-0.14704746764618903,523.0,45.0,0.79296875,17.345943450927734,0.2845041751861572,-141.0922463387763
256.0,0.548828125,0.003900190582498908,1518.0,18624.0,0.5,-0.005716603591281455,0.91015625,0.29904699325561523,0.0,0.9669162184000015,1.0,1191936.0,0.0001,2328.0,0.2,89.58861015737057,256.0,0.028564453125,0.861328125,-0.1392616435769014,538.5,45.0,0.8125,26.76551055908203,0.2780727446079254,-141.0307811191771
256.0,0.525390625,0.0049382783472537994,1452.0,18632.0,0.5,-0.007059483523335075,0.85546875,0.3361106514930725,0.0,0.9604623764753342,1.0,1192448.0,0.0001,2329.0,0.2,113.06426584720612,256.0,0.0361328125,0.830078125,-0.15846036915900186,551.5,45.0,0.8046875,32.138065338134766,0.3637155294418335,-137.70633554260246
256.0,0.517578125,0.0016830781241878867,1224.0,18640.0,0.5,-0.0037294143257895485,0.82421875,0.33050352334976196,0.0,0.8653672486543655,1.0,1192960.0,0.0001,2330.0,0.2,984.0168653130531,256.0,0.01123046875,0.806640625,-0.15384324805927463,538.5,45.0,0.7890625,129.09426879882812,0.36485689878463745,-136.53931108668448
256.0,0.50390625,0.00280754454433918,1553.0,18648.0,0.5,-0.006011669378494844,0.84765625,0.3284231424331665,0.0,0.8631310611963272,1.0,1193472.0,0.0001,2331.0,0.2,505.70761293172836,256.0,0.01953125,0.84375,-0.14839682096499018,534.5,45.0,0.83984375,85.59657287597656,0.30100899934768677,-136.5035048528388
256.0,0.501953125,0.0016022585332393646,1485.0,18656.0,0.5,-0.0033308344281977043,0.85546875,0.33432304859161377,0.0,0.9346643760800362,1.0,1193984.0,0.0001,2332.0,0.2,151.45766927301884,256.0,0.01171875,0.853515625,-0.1315932029974647,549.0,45.0,0.8515625,14.296696662902832,0.30874332785606384,-136.66453459175304
256.0,0.537109375,0.0013758480781689286,1470.0,18664.0,0.5,-0.0038578602034249343,0.88671875,0.3060280382633209,0.0,0.8662782907485962,1.0,1194496.0,0.0001,2333.0,0.2,829.2861379384995,256.0,0.009765625,0.849609375,-0.17259320931043476,550.5,45.0,0.8125,289.8157653808594,0.2929585576057434,-132.99043407809455
256.0,0.525390625,0.006165885366499424,1586.0,18672.0,0.5,-0.00761217519902857,0.86328125,0.32679659128189087,0.0,0.9601512774825096,1.0,1195008.0,0.0001,2334.0,0.2,100.83272190392017,256.0,0.033935546875,0.837890625,-0.1761097867274657,538.5,45.0,0.8125,11.75853443145752,0.31051814556121826,-133.95081461561378
256.0,0.521484375,0.001448082155548036,1593.0,18680.0,0.5,-0.0035012342705158517,0.87890625,0.3063356876373291,0.0,0.9378697238862514,1.0,1195520.0,0.0001,2335.0,0.2,196.10950487852097,256.0,0.014404296875,0.857421875,-0.14034702588105574,543.5,45.0,0.8359375,55.45534133911133,0.27283820509910583,-133.81761505494825
256.0,0.5078125,0.006019334774464369,1168.0,18688.0,0.5,-0.005384814867284149,0.83203125,0.35390186309814453,0.0,0.957844827324152,1.0,1196032.0,0.0001,2336.0,0.2,113.2491695433855,256.0,0.0263671875,0.82421875,-0.1459387238137424,543.5,45.0,0.81640625,32.25082778930664,0.34630686044692993,-131.75014245640952
256.0,0.52734375,0.0030201557092368603,1561.0,18696.0,0.5,-0.005516359968169127,0.86328125,0.30743759870529175,0.0,0.9581802040338516,1.0,1196544.0,0.0001,2337.0,0.2,232.7095026820898,256.0,0.02490234375,0.8359375,-0.1404532961314544,535.0,45.0,0.80859375,20.18478012084961,0.31640201807022095,-129.80442464772148
256.0,0.5234375,0.004937349818646908,1505.0,18704.0,0.5,-0.006651628078543581,0.8671875,0.35594502091407776,0.0,0.961354523897171,1.0,1197056.0,0.0001,2338.0,0.2,131.57329414784908,256.0,0.040771484375,0.84375,-0.17525775142712519,527.0,45.0,0.8203125,20.363609313964844,0.333373486995697,-129.40144759467802
256.0,0.548828125,0.0009446148760616779,1520.0,18712.0,0.5,-0.0017293793098360766,0.90234375,0.33674442768096924,0.0,0.8923734873533249,1.0,1197568.0,0.0001,2339.0,0.2,940.6711196899414,256.0,0.0078125,0.853515625,-0.12605694038211368,534.0,45.0,0.8046875,481.3716735839844,0.3156172037124634,-129.2484059991641
256.0,0.50390625,0.0029156343080103397,1569.0,18720.0,0.5,-0.0056550457047706,0.83984375,0.32522669434547424,0.0,0.9524347633123398,1.0,1198080.0,0.0001,2340.0,0.2,88.8146333321929,256.0,0.021728515625,0.8359375,-0.13169126663706265,518.5,45.0,0.83203125,6.673745632171631,0.3221752941608429,-126.69038737054449
256.0,0.53125,0.004894263111054897,1194.0,18728.0,0.5,-0.010605840507196262,0.88671875,0.3409561216831207,0.0,0.966946192085743,1.0,1198592.0,0.0001,2341.0,0.2,106.07447046041489,256.0,0.0341796875,0.85546875,-0.15501401125220582,529.5,45.0,0.82421875,23.816390991210938,0.30351632833480835,-127.0093354019383
256.0,0.49609375,0.0015051475493237376,1547.0,18736.0,0.5,-0.0059918970364378765,0.8671875,0.32539185881614685,0.0,0.8559997975826263,1.0,1199104.0,0.0001,2342.0,0.2,883.4722192883492,256.0,0.02001953125,0.87109375,-0.14003343167132698,527.5,45.0,0.875,238.17735290527344,0.2847456932067871,-124.19146200974006
256.0,0.486328125,0.0029230851214379072,1462.0,18744.0,0.5,-0.0053552360041067,0.83203125,0.31025514006614685,0.0,0.9728953205049038,1.0,1199616.0,0.0001,2343.0,0.2,86.53676813840866,256.0,0.01904296875,0.845703125,-0.12543979287147522,525.5,45.0,0.859375,8.44743537902832,0.28821927309036255,-122.64162201061845
256.0,0.51171875,0.00224361103028059,1523.0,18752.0,0.5,-0.0009565094333083834,0.859375,0.3110966682434082,0.0,0.9398660957813263,1.0,1200128.0,0.0001,2344.0,0.2,159.18507528305054,256.0,0.0166015625,0.84765625,-0.12733651555026881,524.5,45.0,0.8359375,12.568096160888672,0.3090413510799408,-124.04432035674341
256.0,0.48046875,0.003779912833124399,1593.0,18760.0,0.5,-0.004497523568716133,0.84765625,0.32122141122817993,0.0,0.9686402752995491,1.0,1200640.0,0.0001,2345.0,0.2,80.67151418328285,256.0,0.02294921875,0.8671875,-0.14138978775008582,523.5,45.0,0.88671875,16.241222381591797,0.2841067314147949,-127.1996426226478
256.0,0.484375,0.0029576714150607586,1289.0,18768.0,0.5,-0.005569348209974123,0.859375,0.30778223276138306,0.0,0.9632647037506104,1.0,1201152.0,0.0001,2346.0,0.2,86.60018073022366,256.0,0.029052734375,0.875,-0.12880816039978527,499.5,45.0,0.890625,18.08968162536621,0.29951128363609314,-129.63525629348587
256.0,0.5625,0.002876991406083107,1451.0,18776.0,0.5,-0.0056308707789867185,0.89453125,0.3483217656612396,0.0,0.9539410062134266,1.0,1201664.0,0.0001,2347.0,0.2,133.94652956724167,256.0,0.0224609375,0.83203125,-0.16936465131584555,505.0,45.0,0.76953125,17.678207397460938,0.35093992948532104,-134.12458980649708
256.0,0.5,0.0023840763606131077,1430.0,18784.0,0.5,-0.0038752092586946674,0.87890625,0.31952357292175293,0.0,0.8998241126537323,1.0,1202176.0,0.0001,2348.0,0.2,821.785840511322,256.0,0.012451171875,0.87890625,-0.15553626834298484,509.0,45.0,0.87890625,263.572998046875,0.27235281467437744,-133.79892506125384
256.0,0.546875,0.004086293745785952,1498.0,18792.0,0.5,-0.007200343985459767,0.9140625,0.33172333240509033,0.0,0.9192348718643188,1.0,1202688.0,0.0001,2349.0,0.2,172.90837974846363,256.0,0.03076171875,0.8671875,-0.13337561179650947,510.5,45.0,0.8203125,52.96562957763672,0.2841995358467102,-134.73748598815874
256.0,0.537109375,0.004363675601780415,1541.0,18800.0,0.5,-0.007000410463660955,0.88671875,0.31417614221572876,0.0,0.8764571696519852,1.0,1203200.0,0.0001,2350.0,0.2,526.3081348538399,256.0,0.031494140625,0.849609375,-0.15173436517943628,487.0,45.0,0.8125,64.78062438964844,0.31683167815208435,-135.42630544280166
256.0,0.56640625,0.003070254810154438,1158.0,18808.0,0.5,-0.00777106179157272,0.89453125,0.29155516624450684,0.0,0.9502342566847801,1.0,1203712.0,0.0001,2351.0,0.2,130.2147274017334,256.0,0.02734375,0.828125,-0.15638356830459088,487.5,45.0,0.76171875,28.939268112182617,0.31766393780708313,-139.12312717509457
256.0,0.546875,0.0036980146542191505,1565.0,18816.0,0.5,-0.0053370519817690365,0.87890625,0.29703766107559204,0.0,0.9565090425312519,1.0,1204224.0,0.0001,2352.0,0.2,107.08666728436947,256.0,0.022216796875,0.83203125,-0.10695445779128931,492.0,45.0,0.78515625,15.301755905151367,0.31170210242271423,-139.9861290838709
256.0,0.470703125,0.0024728570133447647,1667.0,18824.0,0.5,-0.005936805471719708,0.859375,0.25070416927337646,0.0,0.94797508046031,1.0,1204736.0,0.0001,2353.0,0.2,119.21192400157452,256.0,0.02099609375,0.888671875,-0.12302792814443819,474.5,45.0,0.91796875,6.986873626708984,0.22632314264774323,-141.0627638849942
256.0,0.484375,0.00570717453956604,1539.0,18832.0,0.5,-0.005995325947878882,0.859375,0.24448299407958984,0.0,0.9300845339894295,1.0,1205248.0,0.0001,2354.0,0.2,268.34213224053383,256.0,0.017822265625,0.875,-0.11290520746842958,457.5,45.0,0.890625,69.88873291015625,0.2612323760986328,-144.26049715931993
256.0,0.52734375,0.004598223138600588,1260.0,18840.0,0.5,-0.005700362096831668,0.88671875,0.3003948926925659,0.0,0.9407594278454781,1.0,1205760.0,0.0001,2355.0,0.2,129.88510398566723,256.0,0.029541015625,0.859375,-0.14514516794588417,460.0,45.0,0.83203125,36.652183532714844,0.304991751909256,-148.21479032503441
256.0,0.5703125,0.0021481120493263006,1196.0,18848.0,0.5,-0.002806877080729464,0.91796875,0.3264293670654297,0.0,0.9184402450919151,1.0,1206272.0,0.0001,2356.0,0.2,569.2318693697453,256.0,0.014404296875,0.84765625,-0.1528681026538834,474.0,45.0,0.77734375,479.7780456542969,0.3302688002586365,-148.72311360549182
256.0,0.546875,0.0025880560278892517,1559.0,18856.0,0.5,-0.004904255245492095,0.8828125,0.3234230577945709,0.0,0.8958905637264252,1.0,1206784.0,0.0001,2357.0,0.2,258.68473875522614,256.0,0.02392578125,0.8359375,-0.11700086703058332,476.5,45.0,0.7890625,75.1049575805664,0.3251376748085022,-147.67176312265917
256.0,0.544921875,0.002987534273415804,1379.0,18864.0,0.5,-0.002994423177369754,0.9140625,0.32578855752944946,0.0,0.8938304036855698,1.0,1207296.0,0.0001,2358.0,0.2,210.6215440928936,256.0,0.013916015625,0.869140625,-0.13025646228925325,476.0,45.0,0.82421875,28.272886276245117,0.30421173572540283,-146.91655847242566
256.0,0.5625,0.0051340521313250065,1510.0,18872.0,0.5,-0.0062835125281708315,0.90625,0.3230189383029938,0.0,0.966848224401474,1.0,1207808.0,0.0001,2359.0,0.2,94.62787815928459,256.0,0.04736328125,0.84375,-0.16277774996706285,500.5,45.0,0.78125,19.613096237182617,0.32546013593673706,-147.18000389675143
256.0,0.591796875,0.0029052922036498785,1547.0,18880.0,0.5,-0.005307866558723617,0.921875,0.3293258845806122,0.0,0.9273033663630486,1.0,1208320.0,0.0001,2360.0,0.2,275.86880534887314,256.0,0.02001953125,0.830078125,-0.15447934655821882,489.0,45.0,0.73828125,34.83907699584961,0.32273977994918823,-145.26893768732901
256.0,0.53515625,0.004950336180627346,1273.0,18888.0,0.5,-0.008725963911274448,0.88671875,0.3114627003669739,0.0,0.9439909048378468,1.0,1208832.0,0.0001,2361.0,0.2,129.27111992239952,256.0,0.033203125,0.8515625,-0.1287794974341523,493.5,45.0,0.81640625,10.396327018737793,0.3012353777885437,-142.64818126688246
256.0,0.529296875,0.00499714445322752,1423.0,18896.0,0.5,-0.008286032531032106,0.828125,0.333500474691391,0.0,0.9627443812787533,1.0,1209344.0,0.0001,2362.0,0.2,142.88045701384544,256.0,0.04052734375,0.798828125,-0.1500333797885105,503.5,45.0,0.76953125,28.65764808654785,0.36535993218421936,-139.10557874928693
256.0,0.53125,0.002394535345956683,1553.0,18904.0,0.5,-0.005673209783708444,0.875,0.3034696578979492,0.0,0.9450792334973812,1.0,1209856.0,0.0001,2363.0,0.2,204.17883878946304,256.0,0.021240234375,0.84375,-0.1248259405256249,536.5,45.0,0.8125,56.01923370361328,0.3086166977882385,-136.63281367928255
256.0,0.51953125,0.0041343700140714645,1507.0,18912.0,0.5,-0.007289495446457295,0.89453125,0.3130176365375519,0.0,0.9679351411759853,1.0,1210368.0,0.0001,2364.0,0.2,88.79310733824968,256.0,0.026123046875,0.875,-0.1358777234563604,538.5,45.0,0.85546875,11.509188652038574,0.28395727276802063,-130.65569008250256
256.0,0.548828125,0.004187808837741613,1391.0,18920.0,0.5,-0.005631156873278087,0.8671875,0.3316526710987091,0.0,0.9415731951594353,1.0,1210880.0,0.0001,2365.0,0.2,201.12178146839142,256.0,0.0263671875,0.818359375,-0.18438669305760413,544.5,45.0,0.76953125,95.60551452636719,0.3503229022026062,-130.55989483096172
256.0,0.458984375,0.0012389459880068898,1260.0,18928.0,0.5,-0.004122486447158735,0.81640625,0.3033742308616638,0.0,0.9657911062240601,1.0,1211392.0,0.0001,2366.0,0.2,73.76402171701193,256.0,0.01123046875,0.857421875,-0.12324579077539966,538.0,45.0,0.8984375,11.019559860229492,0.278544157743454,-131.6747113912413
256.0,0.462890625,0.004447617568075657,1443.0,18936.0,0.5,-0.0048971358373819385,0.8046875,0.3115553855895996,0.0,0.9382787086069584,1.0,1211904.0,0.0001,2367.0,0.2,205.528772264719,256.0,0.029052734375,0.841796875,-0.1341397046635393,541.5,45.0,0.87890625,37.930992126464844,0.3329881429672241,-134.4480403573299
256.0,0.5078125,0.001390610239468515,1551.0,18944.0,0.5,-0.0027198005045647733,0.83984375,0.33959659934043884,0.0,0.9121769815683365,1.0,1212416.0,0.0001,2368.0,0.2,206.89078806340694,256.0,0.019775390625,0.83203125,-0.13316980202216655,533.5,45.0,0.82421875,18.776756286621094,0.3337717652320862,-137.99893362108153
256.0,0.5234375,0.0016329154605045915,1581.0,18952.0,0.5,-0.0031910511606838554,0.890625,0.33077526092529297,0.0,0.9623380973935127,1.0,1212928.0,0.0001,2369.0,0.2,142.1302781254053,256.0,0.0107421875,0.8671875,-0.12711821170523763,535.0,45.0,0.84375,46.03413391113281,0.28604018688201904,-139.48816076337826
256.0,0.513671875,0.0013114165049046278,1602.0,18960.0,0.5,-0.004050847412145231,0.8984375,0.2895541489124298,0.0,0.9414520040154457,1.0,1213440.0,0.0001,2370.0,0.2,134.46324571967125,256.0,0.015869140625,0.884765625,-0.08711828709056135,523.5,45.0,0.87109375,15.035504341125488,0.2456427812576294,-140.780822915975
256.0,0.58203125,0.0014052089536562562,1432.0,18968.0,0.5,-0.0035810304689221084,0.9296875,0.31297338008880615,0.0,0.9567738398909569,1.0,1213952.0,0.0001,2371.0,0.2,108.99201412498951,256.0,0.010986328125,0.84765625,-0.11887216009199619,521.5,45.0,0.765625,30.849166870117188,0.31511518359184265,-142.3576433800254
256.0,0.5859375,0.001987994648516178,1551.0,18976.0,0.5,-0.004262075235601515,0.9296875,0.2925250828266144,0.0,0.9442119859158993,1.0,1214464.0,0.0001,2372.0,0.2,316.4251574873924,256.0,0.01318359375,0.84375,-0.11590433766832575,490.0,45.0,0.7578125,23.29856300354004,0.3043554425239563,-139.68718045740388
256.0,0.58203125,0.0012755384668707848,1576.0,18984.0,0.5,-0.002912838383053895,0.9296875,0.298791766166687,0.0,0.9207098484039307,1.0,1214976.0,0.0001,2373.0,0.2,462.2394722700119,256.0,0.00927734375,0.84765625,-0.12771484145196155,489.5,45.0,0.765625,356.931640625,0.28973472118377686,-140.03064440757967
256.0,0.58984375,0.0018570565152913332,1444.0,18992.0,0.5,-0.00404059551510727,0.9453125,0.32489168643951416,0.0,0.9307666569948196,1.0,1215488.0,0.0001,2374.0,0.2,202.26401206851006,256.0,0.013427734375,0.85546875,-0.16708470007870346,473.0,45.0,0.765625,62.07801055908203,0.3131873905658722,-139.8936803723313
256.0,0.513671875,0.0013200035318732262,1614.0,19000.0,0.5,-0.002707065994400182,0.89453125,0.27033597230911255,0.0,0.9689218010753393,1.0,1216000.0,0.0001,2375.0,0.2,61.964349150657654,256.0,0.00732421875,0.880859375,-0.10302186026819982,460.5,45.0,0.8671875,6.576702117919922,0.2633376121520996,-136.98800439094194
256.0,0.541015625,0.008586015552282333,1621.0,19008.0,0.5,-0.008361708314623684,0.8984375,0.2566846013069153,0.0,0.9389602169394493,1.0,1216512.0,0.0001,2376.0,0.2,56.173562325537205,256.0,0.0478515625,0.857421875,-0.12475975006236695,451.0,45.0,0.81640625,4.0874128341674805,0.27187156677246094,-136.76310598714278
256.0,0.521484375,0.0039856270886957645,1493.0,19016.0,0.5,-0.006846840937214438,0.86328125,0.31247782707214355,0.0,0.9631970785558224,1.0,1217024.0,0.0001,2377.0,0.2,95.91356071829796,256.0,0.026611328125,0.841796875,-0.16832895192783326,451.0,45.0,0.8203125,18.418371200561523,0.33142128586769104,-139.56824830321594
256.0,0.537109375,0.005985546391457319,1461.0,19024.0,0.5,-0.00545389493345283,0.88671875,0.31009092926979065,0.0,0.9670000076293945,1.0,1217536.0,0.0001,2378.0,0.2,70.75642025098205,256.0,0.036865234375,0.849609375,-0.17039507604204118,454.5,45.0,0.8125,11.711438179016113,0.3235999345779419,-140.5424379182607
256.0,0.5,0.001560676610097289,1602.0,19032.0,0.5,-0.002940405687695602,0.84765625,0.3046256899833679,0.0,0.899268664419651,1.0,1218048.0,0.0001,2379.0,0.2,516.977213382721,256.0,0.017578125,0.84765625,-0.1251498761412222,498.0,45.0,0.84765625,171.29885864257812,0.3357701599597931,-142.15645326116123
256.0,0.51953125,0.002548515796661377,1558.0,19040.0,0.5,-0.0044350428725010715,0.8515625,0.3043704628944397,0.0,0.9533212706446648,1.0,1218560.0,0.0001,2380.0,0.2,98.76299857348204,256.0,0.01318359375,0.83203125,-0.15149540320271626,510.5,45.0,0.8125,17.352397918701172,0.3251374363899231,-145.07024995065294
256.0,0.50390625,0.00690285861492157,1594.0,19048.0,0.5,-0.006253069303056691,0.81640625,0.3081972599029541,0.0,0.951444286853075,1.0,1219072.0,0.0001,2381.0,0.2,98.49822718650103,256.0,0.033447265625,0.8125,-0.14125955672352575,523.0,45.0,0.80859375,7.914424896240234,0.3568033277988434,-148.37356612555683
256.0,0.59375,0.0019189734011888504,1383.0,19056.0,0.5,-0.004067272995598614,0.8671875,0.3356294631958008,0.0,0.9031114652752876,1.0,1219584.0,0.0001,2382.0,0.2,645.2333852052689,256.0,0.031494140625,0.7734375,-0.1634678781265393,559.5,45.0,0.6796875,253.20742797851562,0.3861343562602997,-150.96606397674418
256.0,0.556640625,0.0032441504299640656,1499.0,19064.0,0.5,-0.007521356666984502,0.87109375,0.3470905125141144,0.0,0.9480438083410263,1.0,1220096.0,0.0001,2383.0,0.2,119.0034763365984,256.0,0.038330078125,0.814453125,-0.1787137659266591,582.5,45.0,0.7578125,19.72158432006836,0.35555392503738403,-150.37618401882239
256.0,0.546875,0.0028070088010281324,1544.0,19072.0,0.5,-0.005193365268496564,0.91796875,0.30847522616386414,0.0,0.9028940126299858,1.0,1220608.0,0.0001,2384.0,0.2,372.184971511364,256.0,0.024658203125,0.87109375,-0.1479509818018414,597.5,45.0,0.82421875,41.45708084106445,0.2830811142921448,-151.30978720272427
256.0,0.5859375,0.0030347881838679314,1430.0,19080.0,0.5,-0.007532447722041979,0.8828125,0.33281880617141724,0.0,0.9332407042384148,1.0,1221120.0,0.0001,2385.0,0.2,240.412050396204,256.0,0.03466796875,0.796875,-0.1713135032914579,641.0,45.0,0.7109375,76.84089660644531,0.37376418709754944,-149.46629210734739
256.0,0.568359375,0.004036850295960903,1509.0,19088.0,0.5,-0.00690275309534627,0.85546875,0.330511212348938,0.0,0.9007859006524086,1.0,1221632.0,0.0001,2386.0,0.2,632.6374263763428,256.0,0.025634765625,0.787109375,-0.16762173338793218,659.0,45.0,0.71875,61.61874771118164,0.37604376673698425,-142.41749192091171
256.0,0.45703125,0.004808965139091015,1567.0,19096.0,0.5,-0.0073916724577429704,0.78515625,0.3110612630844116,0.0,0.9585324414074421,1.0,1222144.0,0.0001,2387.0,0.2,91.57261540740728,256.0,0.03125,0.828125,-0.16561886604176834,665.0,45.0,0.87109375,7.176390647888184,0.3059833347797394,-141.04489238964393
256.0,0.439453125,0.005874909460544586,1667.0,19104.0,0.5,-0.003617774615122471,0.7890625,0.2881084680557251,0.0,0.8417498767375946,1.0,1222656.0,0.0001,2388.0,0.2,845.4469421505928,256.0,0.045166015625,0.849609375,-0.12237191727035679,607.5,45.0,0.91015625,68.43828582763672,0.2918822765350342,-138.5509146604035
256.0,0.478515625,0.002889279741793871,1162.0,19112.0,0.5,-0.007212897300632903,0.78515625,0.33617985248565674,0.0,0.9325851202011108,1.0,1223168.0,0.0001,2389.0,0.2,366.4952329695225,256.0,0.026123046875,0.806640625,-0.1440524397767149,609.0,45.0,0.828125,220.6155548095703,0.358194500207901,-141.87352718023118
256.0,0.4921875,0.00451949518173933,1589.0,19120.0,0.5,-0.007577629898150917,0.875,0.2878992557525635,0.0,0.9557998701930046,1.0,1223680.0,0.0001,2390.0,0.2,131.2423911243677,256.0,0.039306640625,0.8828125,-0.16532968569663353,590.0,45.0,0.890625,28.6298770904541,0.2673436999320984,-140.13024190930184
256.0,0.529296875,0.00291696866042912,1180.0,19128.0,0.5,-0.005039180192397907,0.87109375,0.35621461272239685,0.0,0.9301025196909904,1.0,1224192.0,0.0001,2391.0,0.2,398.35219061374664,256.0,0.021240234375,0.841796875,-0.1627925228094682,574.5,45.0,0.8125,333.4392395019531,0.33548277616500854,-142.71918212054763
256.0,0.556640625,0.0025184634141623974,1502.0,19136.0,0.5,-0.0057226223216275685,0.8984375,0.36760658025741577,0.0,0.8663848340511322,1.0,1224704.0,0.0001,2392.0,0.2,682.1868126392365,256.0,0.01513671875,0.841796875,-0.1369916338007897,571.5,45.0,0.78515625,258.93353271484375,0.33913764357566833,-141.474461408332
256.0,0.5546875,0.0011088483734056354,1503.0,19144.0,0.5,-0.0030342735335580073,0.89453125,0.327688604593277,0.0,0.8795599564909935,1.0,1225216.0,0.0001,2393.0,0.2,787.9278725385666,256.0,0.00634765625,0.83984375,-0.14185923759941943,556.0,45.0,0.78515625,152.78018188476562,0.2960858643054962,-139.88036825789604
256.0,0.587890625,0.004004591144621372,1562.0,19152.0,0.5,-0.009889493630907964,0.90625,0.32558125257492065,0.0,0.9429287500679493,1.0,1225728.0,0.0001,2394.0,0.2,129.83931775391102,256.0,0.025390625,0.818359375,-0.13373189442791045,524.5,45.0,0.73046875,22.29444122314453,0.3338059186935425,-138.82551138516982
256.0,0.546875,0.0007046702085062861,1558.0,19160.0,0.5,-0.0020808783010579646,0.89453125,0.3300304114818573,0.0,0.8982705846428871,1.0,1226240.0,0.0001,2395.0,0.2,266.06438636779785,256.0,0.0048828125,0.84765625,-0.1586509080370888,495.0,45.0,0.80078125,25.867618560791016,0.31534087657928467,-141.8643927924335
256.0,0.546875,0.002746215555816889,1607.0,19168.0,0.5,-0.003583984449505806,0.91015625,0.3217254877090454,0.0,0.954882837831974,1.0,1226752.0,0.0001,2396.0,0.2,122.29633222520351,256.0,0.0166015625,0.86328125,-0.13823371700709686,496.0,45.0,0.81640625,17.90196418762207,0.2954903542995453,-141.65032185268123
256.0,0.55078125,0.0032868937123566866,1228.0,19176.0,0.5,-0.006642094100243412,0.8984375,0.31956884264945984,0.0,0.954130370169878,1.0,1227264.0,0.0001,2397.0,0.2,161.98496714234352,256.0,0.0234375,0.84765625,-0.11051552486605942,507.0,45.0,0.796875,26.23027229309082,0.31188666820526123,-139.4092549137864
256.0,0.484375,0.0013854493154212832,1545.0,19184.0,0.5,-0.0036303871565905865,0.87109375,0.2685290277004242,0.0,0.9635931812226772,1.0,1227776.0,0.0001,2398.0,0.2,70.9005376920104,256.0,0.017333984375,0.88671875,-0.09472209686646238,505.5,45.0,0.90234375,6.446234703063965,0.24383644759655,-134.7484546309756
256.0,0.505859375,0.003059137612581253,1591.0,19192.0,0.5,-0.006620017884415574,0.85546875,0.3245477080345154,0.0,0.9217908903956413,1.0,1228288.0,0.0001,2399.0,0.2,375.81040209531784,256.0,0.0205078125,0.849609375,-0.13594945662771352,503.0,45.0,0.84375,86.86470794677734,0.3081282675266266,-135.00446862994227
256.0,0.51953125,0.003591542597860098,1539.0,19200.0,0.5,-0.006016291597916279,0.8984375,0.2965134084224701,0.0,0.9563478827476501,1.0,1228800.0,0.0001,2400.0,0.2,156.62088787555695,256.0,0.031494140625,0.87890625,-0.15141384984599426,476.5,45.0,0.859375,39.95090866088867,0.2731972336769104,-134.60226332297083
256.0,0.47265625,0.003804819891229272,1565.0,19208.0,0.5,-0.0062597129654022865,0.83984375,0.30357080698013306,0.0,0.9517846815288067,1.0,1229312.0,0.0001,2401.0,0.2,77.09240520000458,256.0,0.017822265625,0.8671875,-0.11345135641749948,447.5,45.0,0.89453125,11.003092765808105,0.2807829976081848,-139.37766182884573
256.0,0.490234375,0.005933094769716263,1184.0,19216.0,0.5,-0.006706536754791159,0.88671875,0.2706567943096161,0.0,0.9466302506625652,1.0,1229824.0,0.0001,2402.0,0.2,70.29970686137676,256.0,0.022216796875,0.896484375,-0.14400883417692967,432.0,45.0,0.90625,9.041280746459961,0.24341365694999695,-144.61122906276955
256.0,0.52734375,0.0036939482670277357,1594.0,19224.0,0.5,-0.009908403677400202,0.89453125,0.274051308631897,0.0,0.9778750017285347,1.0,1230336.0,0.0001,2403.0,0.2,44.33443149924278,256.0,0.0302734375,0.8671875,-0.13590761224622838,429.5,45.0,0.83984375,7.168752193450928,0.26574641466140747,-149.17682439772878
256.0,0.58203125,0.0031311241909861565,1560.0,19232.0,0.5,-0.007445084622304421,0.9296875,0.3060888946056366,0.0,0.9452221803367138,1.0,1230848.0,0.0001,2404.0,0.2,211.95463854074478,256.0,0.0263671875,0.84765625,-0.17616063554305583,441.0,45.0,0.765625,37.92802810668945,0.31274545192718506,-150.86770008709746
256.0,0.583984375,0.0034376983530819416,1577.0,19240.0,0.5,-0.005570936787989922,0.92578125,0.31518664956092834,0.0,0.9553197398781776,1.0,1231360.0,0.0001,2405.0,0.2,105.51410827040672,256.0,0.027587890625,0.841796875,-0.1418072278611362,449.0,45.0,0.7578125,12.398399353027344,0.32483240962028503,-149.92991481100674
256.0,0.615234375,0.002839402761310339,1425.0,19248.0,0.5,-0.00500898928657989,0.92578125,0.2948446571826935,0.0,0.9640240557491779,1.0,1231872.0,0.0001,2406.0,0.2,123.55829672515392,256.0,0.021484375,0.810546875,-0.15348443546099588,451.5,45.0,0.6953125,20.494525909423828,0.3429132103919983,-148.8874541066261
256.0,0.541015625,0.0030970193911343813,1259.0,19256.0,0.5,-0.006630789393966552,0.93359375,0.2877669334411621,0.0,0.9737242255359888,1.0,1232384.0,0.0001,2407.0,0.2,63.83332011848688,256.0,0.02734375,0.892578125,-0.1346876370953396,458.0,45.0,0.8515625,16.177282333374023,0.24676582217216492,-146.33071233577095
256.0,0.552734375,0.0016271753702312708,1591.0,19264.0,0.5,-0.0030023057406651787,0.90234375,0.3085958659648895,0.0,0.8955507576465607,1.0,1232896.0,0.0001,2408.0,0.2,822.5011197924614,256.0,0.011474609375,0.849609375,-0.1436233366257511,451.0,45.0,0.796875,314.8018493652344,0.3120468854904175,-144.30117402520963
256.0,0.58203125,0.002778980415314436,1532.0,19272.0,0.5,-0.005553171482461039,0.9375,0.3090818226337433,0.0,0.8878885805606842,1.0,1233408.0,0.0001,2409.0,0.2,601.7686938047409,256.0,0.016357421875,0.85546875,-0.1757591313798912,437.5,45.0,0.7734375,172.86769104003906,0.28661996126174927,-140.9156137811532
256.0,0.52734375,0.001914146589115262,1463.0,19280.0,0.5,-0.005723211186705157,0.90625,0.2748984694480896,0.0,0.9242973402142525,1.0,1233920.0,0.0001,2410.0,0.2,139.68428950756788,256.0,0.02001953125,0.87890625,-0.13225582431186922,453.5,45.0,0.8515625,25.979249954223633,0.2654435336589813,-141.89145555872005
256.0,0.50390625,0.0026085530407726765,1549.0,19288.0,0.5,-0.004525510776147712,0.87890625,0.2622643709182739,0.0,0.9105957001447678,1.0,1234432.0,0.0001,2411.0,0.2,412.11668418347836,256.0,0.021484375,0.875,-0.16214524838142097,450.5,45.0,0.87109375,42.31657409667969,0.2657780051231384,-139.22746434287635
256.0,0.546875,0.002681768499314785,1007.0,19296.0,0.5,-0.005224906868534163,0.88671875,0.3239506185054779,0.0,0.9418714232742786,1.0,1234944.0,0.0001,2412.0,0.2,171.62226808071136,256.0,0.023193359375,0.83984375,-0.18726897984743118,460.5,45.0,0.79296875,52.26674270629883,0.3197823762893677,-138.83063662008848
256.0,0.513671875,0.00813785009086132,1567.0,19304.0,0.5,-0.008634952966531273,0.82421875,0.31058400869369507,0.0,0.9498810432851315,1.0,1235456.0,0.0001,2413.0,0.2,136.51560363173485,256.0,0.051025390625,0.810546875,-0.20255022658966482,459.0,45.0,0.796875,34.76969909667969,0.33637121319770813,-139.31610068303067
256.0,0.533203125,0.004796633962541819,1478.0,19312.0,0.5,-0.008555731932574417,0.8671875,0.3061572015285492,0.0,0.9482973739504814,1.0,1235968.0,0.0001,2414.0,0.2,141.8574826568365,256.0,0.03955078125,0.833984375,-0.14246392840868793,469.5,45.0,0.80078125,64.19122314453125,0.3238408863544464,-142.95582721314858
256.0,0.548828125,0.0027325889095664024,1544.0,19320.0,0.5,-0.006521100782265421,0.87109375,0.31775617599487305,0.0,0.9288961663842201,1.0,1236480.0,0.0001,2415.0,0.2,197.56705030798912,256.0,0.02001953125,0.822265625,-0.1399919359246269,468.5,45.0,0.7734375,62.381832122802734,0.3309054970741272,-143.95406226969789
256.0,0.49609375,0.00475278589874506,1605.0,19328.0,0.5,-0.011946623788389843,0.84375,0.2945183515548706,0.0,0.9258435219526291,1.0,1236992.0,0.0001,2416.0,0.2,202.22569367289543,256.0,0.031982421875,0.84765625,-0.12602275438257493,453.5,45.0,0.8515625,26.100021362304688,0.2972906529903412,-147.08406279543414
256.0,0.501953125,0.0038693221285939217,1220.0,19336.0,0.5,-0.0063142440558294766,0.859375,0.3419252932071686,0.0,0.9572672061622143,1.0,1237504.0,0.0001,2417.0,0.2,143.30636543035507,256.0,0.025146484375,0.857421875,-0.17510609014425427,479.0,45.0,0.85546875,19.303537368774414,0.3303734064102173,-149.95012899557128
256.0,0.537109375,0.0010233874199911952,1518.0,19344.0,0.5,-0.003997260304458905,0.88671875,0.33115965127944946,0.0,0.8882797509431839,1.0,1238016.0,0.0001,2418.0,0.2,729.6269158124924,256.0,0.018310546875,0.849609375,-0.13746101534343325,497.5,45.0,0.8125,122.00825500488281,0.3136483430862427,-150.0081972210249
256.0,0.48046875,0.003806725610047579,1592.0,19352.0,0.5,-0.005486775269673672,0.85546875,0.29883095622062683,0.0,0.8650675714015961,1.0,1238528.0,0.0001,2419.0,0.2,762.5859614610672,256.0,0.022216796875,0.875,-0.12293661455623806,486.0,45.0,0.89453125,261.0950012207031,0.29026639461517334,-148.81272340364754
256.0,0.51953125,0.0029372626449912786,1464.0,19360.0,0.5,-0.006253660212678369,0.875,0.30711451172828674,0.0,0.888596422970295,1.0,1239040.0,0.0001,2420.0,0.2,693.4300380647182,256.0,0.02001953125,0.85546875,-0.15335114230401814,499.0,45.0,0.8359375,207.0425262451172,0.31244850158691406,-150.05069622376934
256.0,0.56640625,0.0020039542578160763,1483.0,19368.0,0.5,-0.007139086119423155,0.9140625,0.3236547112464905,0.0,0.9062459543347359,1.0,1239552.0,0.0001,2421.0,0.2,349.8954393565655,256.0,0.027099609375,0.84765625,-0.15326589468168095,491.0,45.0,0.78125,97.24674987792969,0.314738929271698,-146.36007040787487
256.0,0.572265625,0.0016584376571699977,1600.0,19376.0,0.5,-0.0039068059995770454,0.9296875,0.3265812397003174,0.0,0.849949523806572,1.0,1240064.0,0.0001,2422.0,0.2,1298.7893476486206,256.0,0.00830078125,0.857421875,-0.1316115246154368,490.0,45.0,0.78515625,1622.938232421875,0.3045923113822937,-144.81636033105664
256.0,0.52734375,0.003098198911175132,1584.0,19384.0,0.5,-0.006189138799527427,0.8671875,0.33781421184539795,0.0,0.9452252276241779,1.0,1240576.0,0.0001,2423.0,0.2,150.8037826269865,256.0,0.02978515625,0.83984375,-0.14422017987817526,485.5,45.0,0.8125,14.890287399291992,0.3329727351665497,-140.90169847268146
256.0,0.541015625,0.0017594179371371865,1483.0,19392.0,0.5,-0.004112346527108457,0.89453125,0.2944352626800537,0.0,0.9252293184399605,1.0,1241088.0,0.0001,2424.0,0.2,332.7266046702862,256.0,0.011962890625,0.853515625,-0.13508434969116934,476.0,45.0,0.8125,44.15353775024414,0.29430949687957764,-138.0151113093039
256.0,0.515625,0.00263018487021327,1552.0,19400.0,0.5,-0.004136286232096609,0.88671875,0.2896880507469177,0.0,0.9215609207749367,1.0,1241600.0,0.0001,2425.0,0.2,195.75090608000755,256.0,0.01953125,0.87109375,-0.13139690592652187,475.5,45.0,0.85546875,16.09487533569336,0.2705259919166565,-138.573334472375
256.0,0.53125,0.002835716586560011,1584.0,19408.0,0.5,-0.004615092890162487,0.89453125,0.2831743359565735,0.0,0.8821611627936363,1.0,1242112.0,0.0001,2426.0,0.2,726.3650255799294,256.0,0.02734375,0.86328125,-0.15137646172661334,422.5,45.0,0.83203125,493.7854919433594,0.2744775414466858,-137.71336937507616
256.0,0.521484375,0.0018206244567409158,1193.0,19416.0,0.5,-0.006618230894673616,0.88671875,0.2889568507671356,0.0,0.909518837928772,1.0,1242624.0,0.0001,2427.0,0.2,156.72213354706764,256.0,0.02001953125,0.865234375,-0.11511793831596151,406.5,45.0,0.84375,22.432601928710938,0.2942731976509094,-140.9485750911478
256.0,0.525390625,0.003583025187253952,1595.0,19424.0,0.5,-0.0059496270478121005,0.8984375,0.2974856495857239,0.0,0.9378878213465214,1.0,1243136.0,0.0001,2428.0,0.2,120.01255597174168,256.0,0.02880859375,0.873046875,-0.12372522546502296,408.5,45.0,0.84765625,18.68773078918457,0.2944382429122925,-141.66472171690782
256.0,0.5234375,0.00516536645591259,1622.0,19432.0,0.5,-0.008529694750905037,0.9296875,0.24477392435073853,0.0,0.9542620368301868,1.0,1243648.0,0.0001,2429.0,0.2,83.77186534181237,256.0,0.033203125,0.90625,-0.12454089242964983,399.0,45.0,0.8828125,14.706856727600098,0.21231287717819214,-141.24186985346023
256.0,0.56640625,0.002322512213140726,1584.0,19440.0,0.5,-0.0049825816677184775,0.9375,0.2864539921283722,0.0,0.8887935504317284,1.0,1244160.0,0.0001,2430.0,0.2,651.9693750143051,256.0,0.02294921875,0.87109375,-0.18139314808649942,382.5,45.0,0.8046875,461.26800537109375,0.2739110589027405,-144.90669566250872
256.0,0.5234375,0.0020941433031111956,1582.0,19448.0,0.5,-0.00534162385520176,0.88671875,0.29646751284599304,0.0,0.9557637423276901,1.0,1244672.0,0.0001,2431.0,0.2,123.49587267637253,256.0,0.018798828125,0.86328125,-0.13963979840627871,388.5,45.0,0.83984375,25.02468490600586,0.27571403980255127,-149.4253607542999
256.0,0.50390625,0.003915147390216589,1646.0,19456.0,0.5,-0.005892054170544725,0.8984375,0.259313702583313,0.0,0.9617570899426937,1.0,1245184.0,0.0001,2432.0,0.2,72.64814510196447,256.0,0.028564453125,0.89453125,-0.10960072214948013,364.5,45.0,0.890625,11.288211822509766,0.23293983936309814,-151.04183801964857
256.0,0.548828125,0.0012862663716077805,1193.0,19464.0,0.5,-0.003552056849002838,0.9375,0.25028809905052185,0.0,0.9277736246585846,1.0,1245696.0,0.0001,2433.0,0.2,240.01579622924328,256.0,0.0146484375,0.888671875,-0.10060066502774134,353.0,45.0,0.83984375,24.251171112060547,0.2543889880180359,-159.06871559387073
256.0,0.5546875,0.0013687058817595243,1623.0,19472.0,0.5,-0.0032858194681466557,0.9296875,0.2675943374633789,0.0,0.7493196725845337,1.0,1246208.0,0.0001,2434.0,0.2,1011.6739158034325,256.0,0.010009765625,0.875,-0.11176237865583971,347.5,45.0,0.8203125,110.20537567138672,0.2604508697986603,-163.06664355530404
256.0,0.578125,0.0029785805381834507,1615.0,19480.0,0.5,-0.0068095440801698714,0.9375,0.2624549865722656,0.0,0.853185698390007,1.0,1246720.0,0.0001,2435.0,0.2,1128.0918112397194,256.0,0.016357421875,0.859375,-0.13926728037768044,344.5,45.0,0.78125,77.19059753417969,0.28114479780197144,-163.50895242003259
256.0,0.552734375,0.0030100711155682802,1543.0,19488.0,0.5,-0.006528818135848269,0.92578125,0.2896217703819275,0.0,0.9225013107061386,1.0,1247232.0,0.0001,2436.0,0.2,173.8943723887205,256.0,0.0185546875,0.873046875,-0.13750307643203996,358.5,45.0,0.8203125,48.184085845947266,0.27648496627807617,-165.7951226940425
256.0,0.572265625,0.0021303901448845863,1465.0,19496.0,0.5,-0.0064742946706246585,0.9140625,0.2614644169807434,0.0,0.8080298900604248,1.0,1247744.0,0.0001,2437.0,0.2,1083.8026022911072,256.0,0.022216796875,0.841796875,-0.12706678383983672,355.0,45.0,0.76953125,442.24517822265625,0.3065135180950165,-165.43983669957612
256.0,0.5625,0.0020932676270604134,1296.0,19504.0,0.5,-0.004536015014309669,0.93359375,0.28135666251182556,0.0,0.9401053339242935,1.0,1248256.0,0.0001,2438.0,0.2,114.38419961184263,256.0,0.022216796875,0.87109375,-0.15614523048861884,357.5,45.0,0.80859375,20.64325523376465,0.2749393582344055,-165.8034677617904
256.0,0.595703125,0.0026897406205534935,1572.0,19512.0,0.5,-0.006778186019801069,0.9296875,0.3153526484966278,0.0,0.8319548666477203,1.0,1248768.0,0.0001,2439.0,0.2,634.5132143497467,256.0,0.029296875,0.833984375,-0.18317882891278714,374.5,45.0,0.73828125,306.10638427734375,0.33069515228271484,-164.9414795084018
256.0,0.517578125,0.004451824352145195,1552.0,19520.0,0.5,-0.0061841223505325615,0.89453125,0.30870020389556885,0.0,0.9430819787085056,1.0,1249280.0,0.0001,2440.0,0.2,113.55456868559122,256.0,0.02587890625,0.876953125,-0.1425146838882938,373.0,45.0,0.859375,12.04830265045166,0.28668537735939026,-161.47514259166084
256.0,0.521484375,0.002194091444835067,1505.0,19528.0,0.5,-0.005374625921831466,0.88671875,0.2849028706550598,0.0,0.9626012742519379,1.0,1249792.0,0.0001,2441.0,0.2,77.26745295524597,256.0,0.015869140625,0.865234375,-0.11777994915610179,379.0,45.0,0.84375,24.19013786315918,0.3028806447982788,-161.58007165255955
256.0,0.486328125,0.00448597501963377,1665.0,19536.0,0.5,-0.006947420319193043,0.8984375,0.25064122676849365,0.0,0.9443441852927208,1.0,1250304.0,0.0001,2442.0,0.2,62.33046009391546,256.0,0.025634765625,0.912109375,-0.14612109947483987,382.0,45.0,0.92578125,11.77274227142334,0.2089252769947052,-159.16327100353317
256.0,0.513671875,0.0035297838039696217,1257.0,19544.0,0.5,-0.0058301484095864,0.88671875,0.30377888679504395,0.0,0.9518493376672268,1.0,1250816.0,0.0001,2443.0,0.2,86.13935642689466,256.0,0.023193359375,0.873046875,-0.14193071209592745,400.0,45.0,0.859375,19.188562393188477,0.2899926006793976,-159.2280339234695
256.0,0.529296875,0.004007627721875906,1425.0,19552.0,0.5,-0.005206894333241507,0.85546875,0.3131903409957886,0.0,0.9474725797772408,1.0,1251328.0,0.0001,2444.0,0.2,168.95813691616058,256.0,0.01708984375,0.826171875,-0.16854384646285325,425.0,45.0,0.796875,44.325538635253906,0.33517295122146606,-158.25301062362269
256.0,0.494140625,0.005113371182233095,1641.0,19560.0,0.5,-0.009410422971996013,0.88671875,0.293968141078949,0.0,0.9395827725529671,1.0,1251840.0,0.0001,2445.0,0.2,69.9852555245161,256.0,0.050048828125,0.892578125,-0.15482154436176643,400.5,45.0,0.8984375,7.81919527053833,0.2378748208284378,-153.31591686764733
256.0,0.541015625,0.007572632282972336,1434.0,19568.0,0.5,-0.008324087648361456,0.9140625,0.2865699529647827,0.0,0.9467535465955734,1.0,1252352.0,0.0001,2446.0,0.2,109.12608349323273,256.0,0.03515625,0.873046875,-0.1479897667595651,413.0,45.0,0.83203125,22.047523498535156,0.2786628305912018,-156.84059503806756
256.0,0.587890625,0.0022383753675967455,1442.0,19576.0,0.5,-0.004528977369773202,0.94140625,0.3270239233970642,0.0,0.9665965400636196,1.0,1252864.0,0.0001,2447.0,0.2,100.40206238627434,256.0,0.03076171875,0.853515625,-0.17169944784836844,416.5,45.0,0.765625,20.702497482299805,0.3075190484523773,-155.37027882709168
256.0,0.58203125,0.005367483012378216,1265.0,19584.0,0.5,-0.007468069074093364,0.953125,0.31732720136642456,0.0,0.9503668881952763,1.0,1253376.0,0.0001,2448.0,0.2,196.63066670298576,256.0,0.038818359375,0.87109375,-0.18264070601435378,412.0,45.0,0.7890625,27.991477966308594,0.26982203125953674,-152.4357098454889
256.0,0.537109375,0.004174285102635622,1542.0,19592.0,0.5,-0.006365754110447597,0.89453125,0.34080958366394043,0.0,0.9393533878028393,1.0,1253888.0,0.0001,2449.0,0.2,121.47955495119095,256.0,0.031005859375,0.857421875,-0.14915347035275772,425.5,45.0,0.8203125,18.39422035217285,0.3135242462158203,-151.76710226216355
256.0,0.5390625,0.0025658714585006237,1601.0,19600.0,0.5,-0.0049236374034080654,0.87890625,0.30903762578964233,0.0,0.9672635197639465,1.0,1254400.0,0.0001,2450.0,0.2,84.40535375475883,256.0,0.021484375,0.83984375,-0.13343700920813717,436.0,45.0,0.80078125,15.265327453613281,0.3190523684024811,-148.36884842542
256.0,0.5078125,0.002471276093274355,1592.0,19608.0,0.5,-0.007427566786645912,0.8671875,0.28559619188308716,0.0,0.9353390038013458,1.0,1254912.0,0.0001,2451.0,0.2,318.5577749609947,256.0,0.017333984375,0.859375,-0.13177841127617285,434.5,45.0,0.8515625,69.77076721191406,0.2583146095275879,-143.56965372934008
256.0,0.509765625,0.002525766845792532,1571.0,19616.0,0.5,-0.006908046234457288,0.8671875,0.27991342544555664,0.0,0.9373534023761749,1.0,1255424.0,0.0001,2452.0,0.2,99.07583694159985,256.0,0.016845703125,0.857421875,-0.1581042832112871,437.0,45.0,0.84765625,35.778202056884766,0.2875637412071228,-141.88878215963953
256.0,0.5078125,0.005371598061174154,1114.0,19624.0,0.5,-0.007998772423889022,0.828125,0.3218981921672821,0.0,0.9570735059678555,1.0,1255936.0,0.0001,2453.0,0.2,88.64806441962719,256.0,0.031005859375,0.8203125,-0.1758130161324516,442.5,45.0,0.8125,14.456480979919434,0.3500760793685913,-142.270705365506
256.0,0.517578125,0.002632544143125415,1566.0,19632.0,0.5,-0.0049326101507176645,0.875,0.31589800119400024,0.0,0.9701241180300713,1.0,1256448.0,0.0001,2454.0,0.2,70.42461068183184,256.0,0.018310546875,0.857421875,-0.11664283712161705,479.5,45.0,0.83984375,12.386343955993652,0.2873002588748932,-141.87129564774688
256.0,0.529296875,0.0014595676911994815,1562.0,19640.0,0.5,-0.0028602197344298474,0.92578125,0.26292234659194946,0.0,0.7848718166351318,1.0,1256960.0,0.0001,2455.0,0.2,893.4707573652267,256.0,0.005859375,0.896484375,-0.14335886837216094,466.5,45.0,0.8671875,423.13629150390625,0.24624475836753845,-137.74810776045547
256.0,0.55078125,0.0023063712287694216,1547.0,19648.0,0.5,-0.006013084981532302,0.90625,0.2974401116371155,0.0,0.9087987765669823,1.0,1257472.0,0.0001,2456.0,0.2,202.25325040519238,256.0,0.01904296875,0.85546875,-0.1839239391265437,460.5,45.0,0.8046875,35.50857925415039,0.3052160441875458,-140.17683615602087
256.0,0.533203125,0.003239882178604603,1523.0,19656.0,0.5,-0.004872201789112296,0.8984375,0.29492756724357605,0.0,0.9484680518507957,1.0,1257984.0,0.0001,2457.0,0.2,122.01818250119686,256.0,0.021728515625,0.865234375,-0.15252326504560187,465.0,45.0,0.83203125,13.85727310180664,0.27769550681114197,-142.52661046973896
256.0,0.515625,0.0055891359224915504,1669.0,19664.0,0.5,-0.009926831626216881,0.88671875,0.2651442587375641,0.0,0.9277565032243729,1.0,1258496.0,0.0001,2458.0,0.2,63.455301873385906,256.0,0.033447265625,0.87109375,-0.1063102170592174,440.5,45.0,0.85546875,9.236291885375977,0.24468474090099335,-142.75903146874626
256.0,0.564453125,0.00158522033598274,1469.0,19672.0,0.5,-0.004869294818490744,0.94921875,0.2990802526473999,0.0,0.9560521990060806,1.0,1259008.0,0.0001,2459.0,0.2,98.88343717902899,256.0,0.014892578125,0.884765625,-0.13087848358554766,444.0,45.0,0.8203125,15.922995567321777,0.2793535590171814,-148.643999534701
256.0,0.521484375,0.00264079961925745,1580.0,19680.0,0.5,-0.005353941669454798,0.91796875,0.2799762189388275,0.0,0.9528664834797382,1.0,1259520.0,0.0001,2460.0,0.2,84.19763835519552,256.0,0.02587890625,0.896484375,-0.10957644871086814,445.0,45.0,0.875,13.713340759277344,0.25714582204818726,-148.3850550486939
256.0,0.572265625,0.0051216487772762775,1537.0,19688.0,0.5,-0.0068669798456539866,0.93359375,0.3183049261569977,0.0,0.9697710610926151,1.0,1260032.0,0.0001,2461.0,0.2,91.89556467533112,256.0,0.040771484375,0.861328125,-0.1566350788634736,451.5,45.0,0.7890625,10.70406723022461,0.2816048860549927,-146.81828838475047
256.0,0.55859375,0.00515723554417491,1557.0,19696.0,0.5,-0.00984801060258178,0.90234375,0.2852852940559387,0.0,0.9182739183306694,1.0,1260544.0,0.0001,2462.0,0.2,195.18188579380512,256.0,0.035400390625,0.84375,-0.16429192968644202,422.5,45.0,0.78515625,8.248952865600586,0.2794254422187805,-144.64329535338095
256.0,0.509765625,0.0022687360178679228,1657.0,19704.0,0.5,-0.004357351594080683,0.91015625,0.25990065932273865,0.0,0.9526842534542084,1.0,1261056.0,0.0001,2463.0,0.2,84.11021200567484,256.0,0.01513671875,0.900390625,-0.09337226177740376,391.0,45.0,0.890625,18.196908950805664,0.22049272060394287,-146.23855943378993
256.0,0.529296875,0.002722719684243202,1482.0,19712.0,0.5,-0.007050107895338442,0.89453125,0.2832163870334625,0.0,0.8956331461668015,1.0,1261568.0,0.0001,2464.0,0.2,492.1666162610054,256.0,0.019775390625,0.865234375,-0.1590100206376519,398.0,45.0,0.8359375,167.28298950195312,0.26986175775527954,-150.27001528420485
256.0,0.57421875,0.002487093210220337,1593.0,19720.0,0.5,-0.0030636532392236404,0.91015625,0.30817657709121704,0.0,0.9031132385134697,1.0,1262080.0,0.0001,2465.0,0.2,793.9678288698196,256.0,0.013427734375,0.8359375,-0.1396758048213087,421.0,45.0,0.76171875,174.5180206298828,0.3204842209815979,-149.91654798865784
256.0,0.50390625,0.01171308383345604,1620.0,19728.0,0.5,-0.010843743781151716,0.859375,0.2845603823661804,0.0,0.9409351274371147,1.0,1262592.0,0.0001,2466.0,0.2,162.11993366479874,256.0,0.0634765625,0.85546875,-0.16761552763637155,415.5,45.0,0.8515625,24.203176498413086,0.2771506905555725,-149.64114934297743
256.0,0.515625,0.0008106948807835579,1705.0,19736.0,0.5,-0.0036214570282027125,0.87890625,0.2742816209793091,0.0,0.8797669112682343,1.0,1263104.0,0.0001,2467.0,0.2,784.4767217636108,256.0,0.012451171875,0.86328125,-0.09994681023817975,430.5,45.0,0.84765625,67.43783569335938,0.26198843121528625,-150.96636558135506
256.0,0.546875,0.002886428264901042,1592.0,19744.0,0.5,-0.0044458442825998645,0.91796875,0.28726136684417725,0.0,0.8663098365068436,1.0,1263616.0,0.0001,2468.0,0.2,238.00733695924282,256.0,0.013671875,0.87109375,-0.12414873065426946,433.5,45.0,0.82421875,16.94481658935547,0.28156667947769165,-151.752107065483
256.0,0.53515625,0.0035626546014100313,1232.0,19752.0,0.5,-0.006276784508372657,0.921875,0.29101651906967163,0.0,0.843521773815155,1.0,1264128.0,0.0001,2469.0,0.2,416.6067832708359,256.0,0.030517578125,0.88671875,-0.16971871710848063,433.0,45.0,0.8515625,24.550325393676758,0.2678232192993164,-152.44682591434102
256.0,0.58984375,0.003073987551033497,1393.0,19760.0,0.5,-0.003571325825760141,0.91796875,0.32154324650764465,0.0,0.9101027548313141,1.0,1264640.0,0.0001,2470.0,0.2,488.36766988039017,256.0,0.02001953125,0.828125,-0.15167425840627402,448.0,45.0,0.73828125,92.69779205322266,0.33459892868995667,-153.76108228186146
256.0,0.51953125,0.0015886888140812516,1551.0,19768.0,0.5,-0.0035306572608533315,0.890625,0.3031410872936249,0.0,0.9101719781756401,1.0,1265152.0,0.0001,2471.0,0.2,147.2593818604946,256.0,0.017333984375,0.87109375,-0.15683733392506838,456.5,45.0,0.8515625,22.334854125976562,0.2816591262817383,-154.05809194963425
256.0,0.505859375,0.0064304908737540245,1584.0,19776.0,0.5,-0.007003817561781034,0.875,0.282078355550766,0.0,0.9328348785638809,1.0,1265664.0,0.0001,2472.0,0.2,100.57530701905489,256.0,0.032470703125,0.869140625,-0.1373914685100317,467.5,45.0,0.86328125,12.433821678161621,0.26787638664245605,-153.1080748671759
256.0,0.55078125,0.004108221735805273,1222.0,19784.0,0.5,-0.006048173181625316,0.90234375,0.3212938904762268,0.0,0.9517582468688488,1.0,1266176.0,0.0001,2473.0,0.2,119.87302500009537,256.0,0.02783203125,0.8515625,-0.17521577526349574,469.0,45.0,0.80078125,12.976823806762695,0.2938159108161926,-152.1441034123674
256.0,0.544921875,0.002979124430567026,1557.0,19792.0,0.5,-0.006143618098576553,0.87109375,0.3288000822067261,0.0,0.8087351024150848,1.0,1266688.0,0.0001,2474.0,0.2,935.9847083091736,256.0,0.03466796875,0.826171875,-0.13288647992885672,466.0,45.0,0.78125,60.58736038208008,0.34345126152038574,-150.08920034109616
256.0,0.4921875,0.0018126210197806358,1456.0,19800.0,0.5,-0.0035741718966164626,0.8515625,0.3057175874710083,0.0,0.9080919474363327,1.0,1267200.0,0.0001,2475.0,0.2,216.18836638331413,256.0,0.015625,0.859375,-0.1364398563746363,498.0,45.0,0.8671875,23.0753173828125,0.29113075137138367,-150.8122584911529
256.0,0.505859375,0.002788347192108631,1623.0,19808.0,0.5,-0.006536954111652449,0.90234375,0.26933521032333374,0.0,0.9014277681708336,1.0,1267712.0,0.0001,2476.0,0.2,148.9782252535224,256.0,0.02001953125,0.896484375,-0.14883596764411777,487.5,45.0,0.890625,17.284358978271484,0.23653173446655273,-145.8511957731936
256.0,0.52734375,0.004537965636700392,1607.0,19816.0,0.5,-0.00949563837639289,0.90625,0.2800745964050293,0.0,0.9318674355745316,1.0,1268224.0,0.0001,2477.0,0.2,123.66730064153671,256.0,0.034423828125,0.87890625,-0.13399140717228875,478.5,45.0,0.8515625,40.42279052734375,0.2580547332763672,-145.32432771028485
256.0,0.52734375,0.00374407134950161,1550.0,19824.0,0.5,-0.00642006716952892,0.87890625,0.31102651357650757,0.0,0.9039549306035042,1.0,1268736.0,0.0001,2478.0,0.2,278.0157946050167,256.0,0.030029296875,0.8515625,-0.16650453518377617,489.0,45.0,0.82421875,35.008358001708984,0.3130640983581543,-146.53780944872182
256.0,0.568359375,0.0035791443660855293,1180.0,19832.0,0.5,-0.011878348625032231,0.8671875,0.3384946584701538,0.0,0.9405881091952324,1.0,1269248.0,0.0001,2479.0,0.2,207.77551585435867,256.0,0.04150390625,0.798828125,-0.1786416576942429,488.0,45.0,0.73046875,36.70328903198242,0.3877210319042206,-144.32380525575485
256.0,0.515625,0.002013874938711524,1537.0,19840.0,0.5,-0.005338105285773054,0.890625,0.31017372012138367,0.0,0.7892321348190308,1.0,1269760.0,0.0001,2480.0,0.2,658.7282728552818,256.0,0.017333984375,0.875,-0.14340932993218303,490.0,45.0,0.859375,62.22257995605469,0.27410030364990234,-143.35204853196163
256.0,0.58984375,0.002889262977987528,1503.0,19848.0,0.5,-0.006308789503236767,0.90234375,0.3319128751754761,0.0,0.9165822938084602,1.0,1270272.0,0.0001,2481.0,0.2,238.82859912514687,256.0,0.022216796875,0.8125,-0.16603747999761254,508.5,45.0,0.72265625,59.91753005981445,0.3410341143608093,-142.3150462693488
256.0,0.53515625,0.0029739446472376585,1496.0,19856.0,0.5,-0.0063434246549149975,0.90625,0.31959792971611023,0.0,0.9393432699143887,1.0,1270784.0,0.0001,2482.0,0.2,144.70068331062794,256.0,0.026123046875,0.87109375,-0.14879552874481305,512.5,45.0,0.8359375,21.222225189208984,0.2889942526817322,-136.60132831301308
256.0,0.5625,0.002134332899004221,1617.0,19864.0,0.5,-0.0037295541842468083,0.859375,0.3288448750972748,0.0,0.8702135533094406,1.0,1271296.0,0.0001,2483.0,0.2,760.4490200281143,256.0,0.008544921875,0.796875,-0.16852264164481312,501.0,45.0,0.734375,148.3529815673828,0.3635990619659424,-134.61168637728085
256.0,0.5390625,0.0053182123228907585,1175.0,19872.0,0.5,-0.007824670432455605,0.91015625,0.3019825220108032,0.0,0.9328673332929611,1.0,1271808.0,0.0001,2484.0,0.2,159.49632681906223,256.0,0.043212890625,0.87109375,-0.15098287974251434,487.5,45.0,0.83203125,28.302858352661133,0.28506922721862793,-137.1182513662544
256.0,0.515625,0.009729394689202309,1592.0,19880.0,0.5,-0.007555919059086591,0.88671875,0.29138240218162537,0.0,0.9465203359723091,1.0,1272320.0,0.0001,2485.0,0.2,102.23351040482521,256.0,0.0341796875,0.87109375,-0.12038865461363457,493.5,45.0,0.85546875,17.256818771362305,0.26810044050216675,-139.45552234661068
256.0,0.486328125,0.002883019857108593,1625.0,19888.0,0.5,-0.006349474984745029,0.87109375,0.27625417709350586,0.0,0.9195999428629875,1.0,1272832.0,0.0001,2486.0,0.2,113.64927293360233,256.0,0.029296875,0.884765625,-0.15239625686081126,493.0,45.0,0.8984375,24.189470291137695,0.2393837571144104,-139.750658636631
256.0,0.541015625,0.0011153254890814424,1496.0,19896.0,0.5,-0.0033605835851631127,0.875,0.3565562665462494,0.0,0.9557071998715401,1.0,1273344.0,0.0001,2487.0,0.2,131.4451948106289,256.0,0.01806640625,0.833984375,-0.1457978823746089,502.0,45.0,0.79296875,27.117870330810547,0.3345890939235687,-140.38932647990762
256.0,0.537109375,0.0018022918375208974,1510.0,19904.0,0.5,-0.005307669543981319,0.859375,0.32937708497047424,0.0,0.8672065287828445,1.0,1273856.0,0.0001,2488.0,0.2,1168.2130318880081,256.0,0.018798828125,0.822265625,-0.16571194992866367,503.0,45.0,0.78515625,276.4339904785156,0.3518470823764801,-137.98094766097842
256.0,0.560546875,0.006396299693733454,1156.0,19912.0,0.5,-0.008251909704995342,0.90625,0.3382648229598999,0.0,0.839246854186058,1.0,1274368.0,0.0001,2489.0,0.2,478.18202924728394,256.0,0.024658203125,0.845703125,-0.15784139785682783,512.0,45.0,0.78515625,126.91153717041016,0.31728750467300415,-140.8813102244842
256.0,0.52734375,0.0019661900587379932,1446.0,19920.0,0.5,-0.004025707326945849,0.87890625,0.30713167786598206,0.0,0.8537193089723587,1.0,1274880.0,0.0001,2490.0,0.2,350.4719914495945,256.0,0.009765625,0.8515625,-0.1584072262630798,504.5,45.0,0.82421875,57.20935821533203,0.29527443647384644,-140.1671420468646
256.0,0.53125,0.0016407531220465899,1571.0,19928.0,0.5,-0.0032777205560705625,0.84765625,0.3340091109275818,0.0,0.8795992508530617,1.0,1275392.0,0.0001,2491.0,0.2,301.924780420959,256.0,0.0126953125,0.81640625,-0.1627385874162428,509.5,45.0,0.78515625,102.54816436767578,0.36052078008651733,-141.16149779364002
256.0,0.55859375,0.0008310405537486076,1521.0,19936.0,0.5,-0.002136942399374675,0.88671875,0.3381422460079193,0.0,0.8762079700827599,1.0,1275904.0,0.0001,2492.0,0.2,929.7958943247795,256.0,0.008544921875,0.828125,-0.13448658815468661,523.5,45.0,0.76953125,478.1025695800781,0.35969793796539307,-140.12511486688163
256.0,0.498046875,0.001866303151473403,1506.0,19944.0,0.5,-0.00420348571788054,0.8515625,0.29474082589149475,0.0,0.9412035122513771,1.0,1276416.0,0.0001,2493.0,0.2,154.3108044117689,256.0,0.014404296875,0.853515625,-0.14568680356023833,527.5,45.0,0.85546875,28.072797775268555,0.30259543657302856,-137.89691342364065
256.0,0.505859375,0.0067046573385596275,1174.0,19952.0,0.5,-0.005857364936673548,0.875,0.29152610898017883,0.0,0.9366549998521805,1.0,1276928.0,0.0001,2494.0,0.2,117.71552530676126,256.0,0.037353515625,0.869140625,-0.1405690363899339,534.0,45.0,0.86328125,15.200916290283203,0.2659376263618469,-135.91917734462302
256.0,0.5390625,0.0010824301280081272,1528.0,19960.0,0.5,-0.003436566174059408,0.8671875,0.3301871418952942,0.0,0.8978910967707634,1.0,1277440.0,0.0001,2495.0,0.2,322.07156547904015,256.0,0.009765625,0.828125,-0.14422763080801815,534.0,45.0,0.7890625,39.511268615722656,0.3378657400608063,-134.25208006876056
256.0,0.541015625,0.001651206286624074,1502.0,19968.0,0.5,-0.002440628519252641,0.859375,0.34507325291633606,0.0,0.881777748465538,1.0,1277952.0,0.0001,2496.0,0.2,705.6532874703407,256.0,0.008056640625,0.818359375,-0.17366734935785644,528.5,45.0,0.77734375,106.99960327148438,0.3576068878173828,-131.41474578373135
256.0,0.548828125,0.0018958946457132697,1491.0,19976.0,0.5,-0.004150247212237446,0.88671875,0.3417101204395294,0.0,0.8433554321527481,1.0,1278464.0,0.0001,2497.0,0.2,1518.7057585716248,256.0,0.020263671875,0.837890625,-0.1388105618825648,539.5,45.0,0.7890625,1156.47412109375,0.3392813801765442,-132.24022545680404
256.0,0.533203125,0.002384649123996496,1515.0,19984.0,0.5,-0.003945858275983483,0.8828125,0.3208633363246918,0.0,0.8905604779720306,1.0,1278976.0,0.0001,2498.0,0.2,224.14444206655025,256.0,0.02392578125,0.849609375,-0.17470451956614852,555.0,45.0,0.81640625,21.49021339416504,0.2831796407699585,-131.01118783276527
256.0,0.505859375,0.0033332498278468847,1221.0,19992.0,0.5,-0.005779298837296665,0.859375,0.3089434802532196,0.0,0.9006121009588242,1.0,1279488.0,0.0001,2499.0,0.2,287.67806228995323,256.0,0.033203125,0.853515625,-0.16425379185238853,548.5,45.0,0.84765625,25.955032348632812,0.31351256370544434,-130.62806091527455
256.0,0.505859375,0.0036839647218585014,1591.0,20000.0,0.5,-0.005937032874498982,0.84765625,0.31811654567718506,0.0,0.8996419012546539,1.0,1280000.0,0.0001,2500.0,0.2,590.6612345576286,256.0,0.033447265625,0.841796875,-0.16286471538478509,541.5,45.0,0.8359375,81.24427795410156,0.31097692251205444,-131.72297056343407
256.0,0.5,0.00407145032659173,1563.0,20008.0,0.5,-0.008200370160921011,0.8671875,0.2923874258995056,0.0,0.9390069991350174,1.0,1280512.0,0.0001,2501.0,0.2,210.0608226954937,256.0,0.02978515625,0.8671875,-0.1871597925783135,529.5,45.0,0.8671875,16.28545570373535,0.2612282633781433,-133.41689698533156
256.0,0.53515625,0.0026220951694995165,1464.0,20016.0,0.5,-0.004888673705863766,0.8984375,0.3163216710090637,0.0,0.9407119825482368,1.0,1281024.0,0.0001,2502.0,0.2,118.2798924446106,256.0,0.02099609375,0.86328125,-0.13978544023120776,528.5,45.0,0.828125,27.87431526184082,0.28740519285202026,-136.55676263740287
256.0,0.546875,0.003298940137028694,1567.0,20024.0,0.5,-0.004958770732628182,0.92578125,0.28628501296043396,0.0,0.9561429023742676,1.0,1281536.0,0.0001,2503.0,0.2,96.52215955778956,256.0,0.01953125,0.87890625,-0.15244524661102332,524.0,45.0,0.83203125,3.487412452697754,0.25665283203125,-136.84737917706371
256.0,0.521484375,0.002198300790041685,1287.0,20032.0,0.5,-0.0029597566826851107,0.921875,0.2692449688911438,0.0,0.9557625986635685,1.0,1282048.0,0.0001,2504.0,0.2,86.75571385771036,256.0,0.018310546875,0.900390625,-0.12611646275036037,509.0,45.0,0.87890625,14.259458541870117,0.2190028727054596,-137.32204476682935
256.0,0.572265625,0.005228796042501926,1494.0,20040.0,0.5,-0.006949487637029961,0.9140625,0.34676024317741394,0.0,0.963845144957304,1.0,1282560.0,0.0001,2505.0,0.2,141.5838710218668,256.0,0.049560546875,0.841796875,-0.16838783281855285,500.5,45.0,0.76953125,21.231840133666992,0.3467387557029724,-141.67522115951868
256.0,0.51171875,0.003512198571115732,1483.0,20048.0,0.5,-0.006688057786959689,0.8671875,0.3191367983818054,0.0,0.843801274895668,1.0,1283072.0,0.0001,2506.0,0.2,571.3431417942047,256.0,0.018310546875,0.85546875,-0.16217871283879504,483.0,45.0,0.84375,262.3162536621094,0.31547707319259644,-141.0491311387019
256.0,0.556640625,0.005494150798767805,1587.0,20056.0,0.5,-0.008055009795498336,0.91796875,0.2935611605644226,0.0,0.8921063095331192,1.0,1283584.0,0.0001,2507.0,0.2,379.84205493330956,256.0,0.03662109375,0.861328125,-0.16082066294620745,477.5,45.0,0.8046875,23.757720947265625,0.27092692255973816,-140.2644767257711
256.0,0.55859375,0.0014823224628344178,1536.0,20064.0,0.5,-0.002961687347124098,0.91796875,0.3099982738494873,0.0,0.8542177975177765,1.0,1284096.0,0.0001,2508.0,0.2,971.8036489188671,256.0,0.006591796875,0.859375,-0.15167050552554429,460.0,45.0,0.80078125,48.221153259277344,0.2985440194606781,-140.2628931898065
256.0,0.548828125,0.001929286285303533,1244.0,20072.0,0.5,-0.0066053260961780325,0.87109375,0.32105329632759094,0.0,0.7954293191432953,1.0,1284608.0,0.0001,2509.0,0.2,1414.5155092477798,256.0,0.019287109375,0.822265625,-0.1400331984332297,465.5,45.0,0.7734375,181.25123596191406,0.34137389063835144,-142.19672989703716
256.0,0.525390625,0.004487187601625919,1455.0,20080.0,0.5,-0.007398173373076133,0.87109375,0.3104742765426636,0.0,0.933997318148613,1.0,1285120.0,0.0001,2510.0,0.2,184.81353069841862,256.0,0.02685546875,0.845703125,-0.16707594180479646,470.0,45.0,0.8203125,29.321670532226562,0.3007321357727051,-142.44029449029824
256.0,0.47265625,0.0034150052815675735,1636.0,20088.0,0.5,-0.004479666913539404,0.85546875,0.2511240839958191,0.0,0.8621218204498291,1.0,1285632.0,0.0001,2511.0,0.2,128.75909447669983,256.0,0.030517578125,0.8828125,-0.16080349130788818,455.5,45.0,0.91015625,13.585885047912598,0.24266906082630157,-140.62685644488317
256.0,0.474609375,0.010002512484788895,1682.0,20096.0,0.5,-0.01517145899561001,0.87109375,0.2492317110300064,0.0,0.9216019809246063,1.0,1286144.0,0.0001,2512.0,0.2,99.36327564716339,256.0,0.068359375,0.896484375,-0.15457083145156503,450.5,45.0,0.921875,20.710084915161133,0.2151561975479126,-144.82066821451764
256.0,0.51953125,0.0017460838425904512,1563.0,20104.0,0.5,-0.003787696761719417,0.88671875,0.31887394189834595,0.0,0.9411158859729767,1.0,1286656.0,0.0001,2513.0,0.2,173.4296979010105,256.0,0.0146484375,0.8671875,-0.1454879671218805,456.5,45.0,0.84765625,39.79310607910156,0.27632036805152893,-148.0380548973335
256.0,0.51953125,0.004632903728634119,1196.0,20112.0,0.5,-0.009379916969919577,0.8359375,0.3182503283023834,0.0,0.9510625340044498,1.0,1287168.0,0.0001,2514.0,0.2,111.7549045830965,256.0,0.04833984375,0.81640625,-0.19010296458145604,459.0,45.0,0.796875,17.006393432617188,0.3394584059715271,-148.07322759065312
256.0,0.529296875,0.0012273339089006186,1439.0,20120.0,0.5,-0.0023673848663747776,0.90625,0.27280130982398987,0.0,0.906075730919838,1.0,1287680.0,0.0001,2515.0,0.2,211.82755368947983,256.0,0.009521484375,0.876953125,-0.15718889533309266,469.5,45.0,0.84765625,25.32292938232422,0.2530294358730316,-150.85207997991702
256.0,0.544921875,0.0031457676086574793,1494.0,20128.0,0.5,-0.006109188303526025,0.8828125,0.31524667143821716,0.0,0.9290360808372498,1.0,1288192.0,0.0001,2516.0,0.2,132.93056051433086,256.0,0.023681640625,0.837890625,-0.144946886197431,471.5,45.0,0.79296875,14.166826248168945,0.32506629824638367,-150.97848928644788
256.0,0.580078125,0.0019465028308331966,1561.0,20136.0,0.5,-0.004866107483394444,0.89453125,0.31864824891090393,0.0,0.907466396689415,1.0,1288704.0,0.0001,2517.0,0.2,588.8768837153912,256.0,0.022216796875,0.814453125,-0.16332897514803335,466.5,45.0,0.734375,72.00772094726562,0.34490448236465454,-150.99781806706451
256.0,0.5703125,0.0017735559958964586,1530.0,20144.0,0.5,-0.0028518552680907305,0.88671875,0.33055010437965393,0.0,0.9230033308267593,1.0,1289216.0,0.0001,2518.0,0.2,259.67763659358025,256.0,0.01220703125,0.81640625,-0.1461397002567537,482.0,45.0,0.74609375,19.333345413208008,0.3692975640296936,-151.04604831884149
256.0,0.576171875,0.003431658260524273,1467.0,20152.0,0.5,-0.008435270166955888,0.90234375,0.3289082646369934,0.0,0.9504393078386784,1.0,1289728.0,0.0001,2519.0,0.2,157.23264686763287,256.0,0.028564453125,0.826171875,-0.18503566732397303,493.0,45.0,0.75,45.177978515625,0.32475781440734863,-147.1412391762482
256.0,0.53515625,0.0037477167788892984,1276.0,20160.0,0.5,-0.006439872617193032,0.91796875,0.2887481451034546,0.0,0.9571116231381893,1.0,1290240.0,0.0001,2520.0,0.2,99.01373977214098,256.0,0.03125,0.8828125,-0.1529732085764408,514.5,45.0,0.84765625,17.733234405517578,0.2702121138572693,-143.7363199584419
256.0,0.529296875,0.0010520495707169175,1612.0,20168.0,0.5,-0.0015405387166538276,0.87890625,0.281807541847229,0.0,0.8051409870386124,1.0,1290752.0,0.0001,2521.0,0.2,540.3169879317284,256.0,0.00830078125,0.849609375,-0.11874383338727057,518.0,45.0,0.8203125,46.01929473876953,0.27583563327789307,-140.9370588244172
256.0,0.541015625,0.0011202068999409676,1540.0,20176.0,0.5,-0.0023985740626812913,0.875,0.32053011655807495,0.0,0.8917054086923599,1.0,1291264.0,0.0001,2522.0,0.2,575.325138926506,256.0,0.005126953125,0.833984375,-0.17890588170848787,528.5,45.0,0.79296875,213.35499572753906,0.3020762503147125,-137.02708223665132
256.0,0.521484375,0.0019982722587883472,1384.0,20184.0,0.5,-0.0053730415311292745,0.859375,0.3010026216506958,0.0,0.8948502466082573,1.0,1291776.0,0.0001,2523.0,0.2,537.7970598936081,256.0,0.016845703125,0.837890625,-0.15247628232464194,523.5,45.0,0.81640625,86.85951232910156,0.3120808005332947,-136.64073673256672
256.0,0.50390625,0.0038559893146157265,1578.0,20192.0,0.5,-0.005513591902854387,0.875,0.3166688084602356,0.0,0.9321133941411972,1.0,1292288.0,0.0001,2524.0,0.2,133.7223637253046,256.0,0.031005859375,0.87109375,-0.16796226816950366,533.5,45.0,0.8671875,9.502008438110352,0.2954115867614746,-137.21579306115396
256.0,0.525390625,0.0039390032179653645,1432.0,20200.0,0.5,-0.005517703379155137,0.875,0.32328203320503235,0.0,0.9373574107885361,1.0,1292800.0,0.0001,2525.0,0.2,149.54027554392815,256.0,0.02490234375,0.849609375,-0.1888973088352941,532.0,45.0,0.82421875,24.82623291015625,0.3236332833766937,-135.68226041509305
256.0,0.529296875,0.002361745573580265,1635.0,20208.0,0.5,-0.005894534820981789,0.90234375,0.28248509764671326,0.0,0.8468469828367233,1.0,1293312.0,0.0001,2526.0,0.2,1116.5391193628311,256.0,0.02490234375,0.873046875,-0.15688601139117964,537.0,45.0,0.84375,235.53155517578125,0.26732003688812256,-136.09749013658612
256.0,0.5625,0.00270147155970335,1194.0,20216.0,0.5,-0.007399250636808574,0.8671875,0.33228927850723267,0.0,0.9161791130900383,1.0,1293824.0,0.0001,2527.0,0.2,467.5505484342575,256.0,0.018310546875,0.8046875,-0.19743902422487736,530.5,45.0,0.7421875,69.11955261230469,0.35330626368522644,-138.24002438117284
256.0,0.513671875,0.0074443211778998375,1503.0,20224.0,0.5,-0.010429914793348871,0.87890625,0.3156960606575012,0.0,0.9004282653331757,1.0,1294336.0,0.0001,2528.0,0.2,201.4041499197483,256.0,0.047607421875,0.865234375,-0.21624096669256687,524.5,45.0,0.8515625,32.56241989135742,0.28627854585647583,-141.33832432957365
256.0,0.5625,0.0013097570044919848,1235.0,20232.0,0.5,-0.0037493504387384746,0.88671875,0.34731629490852356,0.0,0.9306144416332245,1.0,1294848.0,0.0001,2529.0,0.2,186.95885975658894,256.0,0.009521484375,0.82421875,-0.15165509463986382,527.0,45.0,0.76171875,11.33311653137207,0.33368679881095886,-142.92770956674124
256.0,0.5390625,0.0016458351165056229,1609.0,20240.0,0.5,-0.004700284778664354,0.890625,0.318480521440506,0.0,0.9096707329154015,1.0,1295360.0,0.0001,2530.0,0.2,477.85396802425385,256.0,0.01416015625,0.8515625,-0.150858931185212,540.5,45.0,0.8125,36.156768798828125,0.31830257177352905,-141.6654065555567
256.0,0.560546875,0.0029580513946712017,1520.0,20248.0,0.5,-0.0036739096030942164,0.91015625,0.34421205520629883,0.0,0.9578303061425686,1.0,1295872.0,0.0001,2531.0,0.2,210.79086989164352,256.0,0.0205078125,0.849609375,-0.15943927655462176,563.0,45.0,0.7890625,48.03113555908203,0.32052552700042725,-139.58095583159943
256.0,0.53515625,0.003217479679733515,1319.0,20256.0,0.5,-0.008296535121189663,0.859375,0.35413479804992676,0.0,0.9492064751684666,1.0,1296384.0,0.0001,2532.0,0.2,193.50430557131767,256.0,0.028564453125,0.82421875,-0.1849465211853385,580.5,45.0,0.7890625,61.87593078613281,0.377497136592865,-137.49895196409432
256.0,0.494140625,0.0031175664626061916,1532.0,20264.0,0.5,-0.006819178459409159,0.828125,0.3300584852695465,0.0,0.9498666822910309,1.0,1296896.0,0.0001,2533.0,0.2,130.519953712821,256.0,0.02685546875,0.833984375,-0.16386378317838535,596.0,45.0,0.83984375,57.974021911621094,0.32326263189315796,-134.9375428603124
256.0,0.501953125,0.004476564005017281,1493.0,20272.0,0.5,-0.005928470305661904,0.84375,0.30320805311203003,0.0,0.9539504200220108,1.0,1297408.0,0.0001,2534.0,0.2,104.92659260332584,256.0,0.033447265625,0.841796875,-0.16076020820764825,593.5,45.0,0.83984375,9.191291809082031,0.3228633999824524,-134.1916701422725
256.0,0.533203125,0.001415240578353405,1261.0,20280.0,0.5,-0.003495819695672253,0.8828125,0.298185795545578,0.0,0.8471801280975342,1.0,1297920.0,0.0001,2535.0,0.2,697.0812568664551,256.0,0.013427734375,0.849609375,-0.1562310557346791,613.5,45.0,0.81640625,43.18359375,0.30258941650390625,-136.5152244152967
256.0,0.505859375,0.0023191021755337715,1367.0,20288.0,0.5,-0.005044718716817442,0.85546875,0.3293582499027252,0.0,0.9595646411180496,1.0,1298432.0,0.0001,2536.0,0.2,121.8267770409584,256.0,0.0234375,0.849609375,-0.16771639656508341,629.5,45.0,0.84375,13.801284790039062,0.3106321096420288,-133.29476222001017
256.0,0.46875,0.0032791034318506718,1607.0,20296.0,0.5,-0.004836052379687317,0.83203125,0.2909020185470581,0.0,0.8996601179242134,1.0,1298944.0,0.0001,2537.0,0.2,162.7268676608801,256.0,0.031982421875,0.86328125,-0.14594792667776346,626.5,45.0,0.89453125,27.44729232788086,0.27764952182769775,-133.0283924696967
256.0,0.48046875,0.002524848561733961,1559.0,20304.0,0.5,-0.0031247728402377106,0.82421875,0.3130896985530853,0.0,0.9465115405619144,1.0,1299456.0,0.0001,2538.0,0.2,132.46991427242756,256.0,0.01611328125,0.84375,-0.15214710397413,624.0,45.0,0.86328125,20.306459426879883,0.3018280267715454,-133.3086491488805
256.0,0.5078125,0.0028107338584959507,1556.0,20312.0,0.5,-0.0053791335740243085,0.828125,0.3393794298171997,0.0,0.9507387727499008,1.0,1299968.0,0.0001,2539.0,0.2,130.7437661588192,256.0,0.021728515625,0.8203125,-0.16687287157401443,626.5,45.0,0.8125,20.857036590576172,0.3311311900615692,-134.2543027060991
256.0,0.541015625,0.005120470188558102,1236.0,20320.0,0.5,-0.007448764245054917,0.88671875,0.3332604169845581,0.0,0.8942031934857368,1.0,1300480.0,0.0001,2540.0,0.2,703.6792302131653,256.0,0.02587890625,0.845703125,-0.1379184961260762,588.5,45.0,0.8046875,566.9894409179688,0.3267693519592285,-135.6271959342854
256.0,0.546875,0.0033016500528901815,1428.0,20328.0,0.5,-0.005554674324230291,0.87109375,0.36282992362976074,0.0,0.9172349944710732,1.0,1300992.0,0.0001,2541.0,0.2,356.84155413508415,256.0,0.020263671875,0.82421875,-0.1559482992743142,571.5,45.0,0.77734375,59.57905197143555,0.3577677011489868,-137.3400813676836
256.0,0.544921875,0.0019327090121805668,1580.0,20336.0,0.5,-0.00310541065846337,0.91796875,0.32929807901382446,0.0,0.8884383887052536,1.0,1301504.0,0.0001,2542.0,0.2,412.15481916069984,256.0,0.017822265625,0.873046875,-0.1381612079567276,554.5,45.0,0.828125,61.49197769165039,0.2937892973423004,-137.93640825371259
256.0,0.521484375,0.004486263729631901,1547.0,20344.0,0.5,-0.0074655482785601635,0.875,0.3197121024131775,0.0,0.8636796623468399,1.0,1302016.0,0.0001,2543.0,0.2,826.1089764535427,256.0,0.024658203125,0.853515625,-0.1287376658001449,539.5,45.0,0.83203125,488.257568359375,0.308677077293396,-137.65729107598773
256.0,0.564453125,0.002907147631049156,1491.0,20352.0,0.5,-0.0058561054756864905,0.8984375,0.33143359422683716,0.0,0.8927284553647041,1.0,1302528.0,0.0001,2544.0,0.2,228.75581127405167,256.0,0.019775390625,0.833984375,-0.18286889389855787,529.0,45.0,0.76953125,36.91775894165039,0.32737672328948975,-138.04462384791114
256.0,0.546875,0.003928518388420343,1229.0,20360.0,0.5,-0.005623367876978591,0.8984375,0.3300762176513672,0.0,0.9622508585453033,1.0,1303040.0,0.0001,2545.0,0.2,145.0535993129015,256.0,0.0263671875,0.8515625,-0.1466672925162129,523.5,45.0,0.8046875,35.58842849731445,0.31599557399749756,-135.91437295318582
256.0,0.5078125,0.002589772455394268,1454.0,20368.0,0.5,-0.0038948785186221357,0.89453125,0.291786253452301,0.0,0.9195206835865974,1.0,1303552.0,0.0001,2546.0,0.2,142.65175913274288,256.0,0.013427734375,0.88671875,-0.13031294743996114,516.0,45.0,0.87890625,17.923036575317383,0.2542167901992798,-135.2255497313291
256.0,0.53125,0.004396857228130102,1537.0,20376.0,0.5,-0.006776665337383747,0.87109375,0.3039267957210541,0.0,0.972677631303668,1.0,1304064.0,0.0001,2547.0,0.2,71.33019781112671,256.0,0.0234375,0.83984375,-0.14277897792635486,497.5,45.0,0.80859375,7.308482646942139,0.29469817876815796,-135.45249087038917
256.0,0.5234375,0.0032600979320704937,1580.0,20384.0,0.5,-0.004316938233387191,0.9140625,0.285378634929657,0.0,0.9559795334935188,1.0,1304576.0,0.0001,2548.0,0.2,61.81578082963824,256.0,0.023681640625,0.890625,-0.13226955852587707,475.0,45.0,0.8671875,3.6394994258880615,0.25736886262893677,-137.71521220782307
256.0,0.5546875,0.004360115621238947,1556.0,20392.0,0.5,-0.005203457061725203,0.90234375,0.3296114206314087,0.0,0.9476447105407715,1.0,1305088.0,0.0001,2549.0,0.2,214.29968783259392,256.0,0.019287109375,0.84765625,-0.16054168163100258,501.5,45.0,0.79296875,52.013248443603516,0.31998419761657715,-141.06332810881082
256.0,0.486328125,0.003205514047294855,1126.0,20400.0,0.5,-0.0056420965629513375,0.83203125,0.3304001986980438,0.0,0.9205458015203476,1.0,1305600.0,0.0001,2550.0,0.2,215.87834936380386,256.0,0.021484375,0.845703125,-0.15570683375699446,501.5,45.0,0.859375,50.04890060424805,0.33553823828697205,-141.70200104354416
256.0,0.53515625,0.0026676789857447147,1489.0,20408.0,0.5,-0.004869320007856004,0.90234375,0.31238800287246704,0.0,0.9465462677180767,1.0,1306112.0,0.0001,2551.0,0.2,96.39681395888329,256.0,0.02392578125,0.8671875,-0.1422834400436841,506.0,45.0,0.83203125,10.428397178649902,0.28375211358070374,-142.1948595584929
256.0,0.556640625,0.002869715914130211,1508.0,20416.0,0.5,-0.00461530178290559,0.90234375,0.3207264542579651,0.0,0.9639988094568253,1.0,1306624.0,0.0001,2552.0,0.2,103.20201353728771,256.0,0.016845703125,0.845703125,-0.15061941192834638,518.5,45.0,0.7890625,22.303726196289062,0.31284651160240173,-142.09651712905617
256.0,0.53515625,0.002694329945370555,1554.0,20424.0,0.5,-0.005354912947950652,0.84375,0.3326185941696167,0.0,0.9147622138261795,1.0,1307136.0,0.0001,2553.0,0.2,151.03109253942966,256.0,0.02587890625,0.80859375,-0.122924081311794,512.0,45.0,0.7734375,29.904516220092773,0.3424660861492157,-139.315723900632
256.0,0.509765625,0.002354184165596962,1516.0,20432.0,0.5,-0.006049099763913546,0.8828125,0.32440298795700073,0.0,0.9698061402887106,1.0,1307648.0,0.0001,2554.0,0.2,96.71684941649437,256.0,0.023681640625,0.873046875,-0.12452363970805891,512.0,45.0,0.86328125,26.05760955810547,0.2902083396911621,-139.0934072362352
256.0,0.50390625,0.0023212190717458725,1613.0,20440.0,0.5,-0.0035229920904384926,0.859375,0.30426889657974243,0.0,0.9511158652603626,1.0,1308160.0,0.0001,2555.0,0.2,76.16306445747614,256.0,0.020263671875,0.85546875,-0.1366273566673044,507.0,45.0,0.8515625,11.925796508789062,0.2785851061344147,-139.26402111738454
256.0,0.583984375,0.0028787022456526756,1541.0,20448.0,0.5,-0.00777092974021798,0.89453125,0.33886682987213135,0.0,0.9476091079413891,1.0,1308672.0,0.0001,2556.0,0.2,163.27677078545094,256.0,0.03564453125,0.810546875,-0.13307746677310206,548.5,45.0,0.7265625,53.306060791015625,0.350486695766449,-139.87975496036933
256.0,0.517578125,0.0057009379379451275,1520.0,20456.0,0.5,-0.003682784466946032,0.91015625,0.3153071105480194,0.0,0.9564408361911774,1.0,1309184.0,0.0001,2557.0,0.2,107.87991732358932,256.0,0.032470703125,0.892578125,-0.12215213707531802,568.0,45.0,0.875,10.02060604095459,0.2630429267883301,-134.65830824941398
256.0,0.583984375,0.0024746828712522984,1383.0,20464.0,0.5,-0.0029559357426478527,0.89453125,0.34982621669769287,0.0,0.9306407570838928,1.0,1309696.0,0.0001,2558.0,0.2,301.8170251250267,256.0,0.01806640625,0.810546875,-0.16641079838154837,579.0,45.0,0.7265625,63.01253128051758,0.3663598895072937,-131.03452297725715
256.0,0.5390625,0.0014076783554628491,1525.0,20472.0,0.5,-0.004051637988595758,0.89453125,0.31713467836380005,0.0,0.924621619284153,1.0,1310208.0,0.0001,2559.0,0.2,234.73807820677757,256.0,0.013427734375,0.85546875,-0.1467013296787627,572.0,45.0,0.81640625,132.66188049316406,0.29394251108169556,-128.55122358090244
256.0,0.498046875,0.0016018644673749804,1496.0,20480.0,0.5,-0.004370694721728796,0.8125,0.3334828317165375,0.0,0.9065601527690887,1.0,1310720.0,0.0001,2560.0,0.2,201.6795675009489,256.0,0.022705078125,0.814453125,-0.1440675766498316,588.5,45.0,0.81640625,60.9834098815918,0.3355723023414612,-129.32828194276897
256.0,0.5,0.003913579508662224,1148.0,20488.0,0.5,-0.0060885787606821395,0.80859375,0.31017374992370605,0.0,0.9670699574053288,1.0,1311232.0,0.0001,2561.0,0.2,76.38279493153095,256.0,0.034912109375,0.80859375,-0.15343259007204324,594.5,45.0,0.80859375,13.363213539123535,0.35106122493743896,-129.26958535320125
256.0,0.50390625,0.0015497234417125583,1556.0,20496.0,0.5,-0.00475051008106675,0.80859375,0.33346694707870483,0.0,0.8958491608500481,1.0,1311744.0,0.0001,2562.0,0.2,595.0982431769371,256.0,0.021240234375,0.8046875,-0.12013562218635343,585.0,45.0,0.80078125,38.381927490234375,0.354817271232605,-130.93263370736037
256.0,0.453125,0.004544676281511784,1564.0,20504.0,0.5,-0.005009512307879049,0.81640625,0.29084867238998413,0.0,0.9620653241872787,1.0,1312256.0,0.0001,2563.0,0.2,97.29098697006702,256.0,0.0283203125,0.86328125,-0.13580539645045064,590.5,45.0,0.91015625,22.103944778442383,0.28637802600860596,-132.55695988840424
256.0,0.51171875,0.005394282750785351,1582.0,20512.0,0.5,-0.004057145328260958,0.875,0.3181639015674591,0.0,0.9553617052733898,1.0,1312768.0,0.0001,2564.0,0.2,75.9703428670764,256.0,0.02294921875,0.86328125,-0.1387064251175616,587.5,45.0,0.8515625,8.427035331726074,0.2858370542526245,-132.4718460265966
256.0,0.53515625,0.003015571739524603,1579.0,20520.0,0.5,-0.004101750149857253,0.9140625,0.29318153858184814,0.0,0.8805165737867355,1.0,1313280.0,0.0001,2565.0,0.2,587.4732297211885,256.0,0.011962890625,0.87890625,-0.12463061953894794,560.0,45.0,0.84375,124.05448913574219,0.26417967677116394,-132.09898634801152
256.0,0.541015625,0.0005371044389903545,1208.0,20528.0,0.5,-0.0031896900036372244,0.890625,0.3375350534915924,0.0,0.8769030272960663,1.0,1313792.0,0.0001,2566.0,0.2,663.563593506813,256.0,0.005615234375,0.849609375,-0.11284960430930369,538.0,45.0,0.80859375,158.62905883789062,0.3115726113319397,-134.54810013425072
256.0,0.607421875,0.00226704403758049,1442.0,20536.0,0.5,-0.004869069074629806,0.92578125,0.3586522936820984,0.0,0.8328104615211487,1.0,1314304.0,0.0001,2567.0,0.2,516.7109699249268,256.0,0.020751953125,0.818359375,-0.14004582169582136,532.0,45.0,0.7109375,102.19783782958984,0.3479447364807129,-135.37652173552198
256.0,0.58203125,0.0025031473487615585,1568.0,20544.0,0.5,-0.005104535484861117,0.921875,0.33560818433761597,0.0,0.8880317211151123,1.0,1314816.0,0.0001,2568.0,0.2,442.2127732038498,256.0,0.01513671875,0.83984375,-0.1265763602568768,533.0,45.0,0.7578125,99.85399627685547,0.3307335376739502,-132.89914537619333
256.0,0.572265625,0.002504696138203144,1432.0,20552.0,0.5,-0.005265500778477872,0.92578125,0.32348570227622986,0.0,0.8796452060341835,1.0,1315328.0,0.0001,2569.0,0.2,454.12790831923485,256.0,0.014404296875,0.853515625,-0.14803666161606088,507.5,45.0,0.78125,66.38068389892578,0.3012317419052124,-131.33439740404953
256.0,0.55859375,0.0015016773249953985,1478.0,20560.0,0.5,-0.003629912760516163,0.90234375,0.35098913311958313,0.0,0.9230976328253746,1.0,1315840.0,0.0001,2570.0,0.2,220.99608099460602,256.0,0.01123046875,0.84375,-0.15015016502002254,517.5,45.0,0.78515625,33.25046920776367,0.35137200355529785,-130.52547206759687
256.0,0.515625,0.001050550490617752,1246.0,20568.0,0.5,-0.002618076447106432,0.8515625,0.3188198506832123,0.0,0.9223226234316826,1.0,1316352.0,0.0001,2571.0,0.2,406.2779922783375,256.0,0.009033203125,0.8359375,-0.11218870972516015,534.0,45.0,0.8203125,66.77450561523438,0.3292686939239502,-126.90652802808444
256.0,0.4609375,0.005190628580749035,1487.0,20576.0,0.5,-0.003113862949248869,0.82421875,0.28363895416259766,0.0,0.9215449914336205,1.0,1316864.0,0.0001,2572.0,0.2,161.94531616568565,256.0,0.025634765625,0.86328125,-0.13256178220035508,542.5,45.0,0.90234375,33.50543975830078,0.2861674129962921,-125.93147919414332
256.0,0.44921875,0.009116479195654392,1432.0,20584.0,0.5,-0.010037879335868638,0.7421875,0.3332306146621704,0.0,0.9482594765722752,1.0,1317376.0,0.0001,2573.0,0.2,101.48071447014809,256.0,0.0673828125,0.79296875,-0.16068954131333157,551.5,45.0,0.84375,16.286115646362305,0.3431037664413452,-126.75088041229873
256.0,0.482421875,0.0013263621367514133,1520.0,20592.0,0.5,-0.0030226046765164938,0.82421875,0.3067484498023987,0.0,0.8745730817317963,1.0,1317888.0,0.0001,2574.0,0.2,264.6140685379505,256.0,0.01171875,0.841796875,-0.12928094604285434,571.5,45.0,0.859375,40.203643798828125,0.3104190230369568,-129.06458899947583
256.0,0.5078125,0.001373989274725318,1560.0,20600.0,0.5,-0.00484984338254435,0.84765625,0.3127802610397339,0.0,0.8557364195585251,1.0,1318400.0,0.0001,2575.0,0.2,920.3834502696991,256.0,0.0087890625,0.83984375,-0.10319259609968867,552.5,45.0,0.83203125,485.17413330078125,0.3299168646335602,-128.96321192016592
256.0,0.49609375,0.004063887987285852,1158.0,20608.0,0.5,-0.007897374271124136,0.8359375,0.3356507420539856,0.0,0.908942200243473,1.0,1318912.0,0.0001,2576.0,0.2,297.3488011956215,256.0,0.03173828125,0.83984375,-0.1564175848616287,567.0,45.0,0.84375,127.5380859375,0.32155224680900574,-132.24427217218792
256.0,0.47265625,0.0023193464148789644,1473.0,20616.0,0.5,-0.004454702924704179,0.8046875,0.3391445279121399,0.0,0.9131309613585472,1.0,1319424.0,0.0001,2577.0,0.2,127.19490844011307,256.0,0.021240234375,0.83203125,-0.13612624653615057,574.0,45.0,0.859375,19.250551223754883,0.32380345463752747,-135.37244303795742
256.0,0.5625,0.004212029743939638,1458.0,20624.0,0.5,-0.006591555466002319,0.8984375,0.3449042737483978,0.0,0.9029843360185623,1.0,1319936.0,0.0001,2578.0,0.2,224.7929162979126,256.0,0.02783203125,0.8359375,-0.12251245192601345,595.0,45.0,0.7734375,30.57541275024414,0.3412531614303589,-137.4218901220127
256.0,0.552734375,0.003932648804038763,1527.0,20632.0,0.5,-0.008170472436177079,0.9140625,0.3491334319114685,0.0,0.83656445145607,1.0,1320448.0,0.0001,2579.0,0.2,796.1024752855301,256.0,0.02734375,0.861328125,-0.18999190762406215,594.0,45.0,0.80859375,169.48011779785156,0.31257331371307373,-134.81148537472822
256.0,0.603515625,0.0019314729142934084,1492.0,20640.0,0.5,-0.005031094826335902,0.890625,0.3630969524383545,0.0,0.9094081223011017,1.0,1320960.0,0.0001,2580.0,0.2,325.2100166082382,256.0,0.02392578125,0.787109375,-0.12938045195187442,594.5,45.0,0.68359375,72.37854766845703,0.3892519474029541,-135.91658685190137
256.0,0.5,0.0029679809231311083,1504.0,20648.0,0.5,-0.0043410619073256385,0.8671875,0.32273566722869873,0.0,0.9003264531493187,1.0,1321472.0,0.0001,2581.0,0.2,166.28580121695995,256.0,0.019287109375,0.8671875,-0.14918519245111383,598.5,45.0,0.8671875,13.437488555908203,0.2697506546974182,-133.35948302268284
256.0,0.572265625,0.006674850359559059,1245.0,20656.0,0.5,-0.008160328434314579,0.87890625,0.35275277495384216,0.0,0.9554497636854649,1.0,1321984.0,0.0001,2582.0,0.2,101.36456597596407,256.0,0.029541015625,0.806640625,-0.13471446896437556,597.5,45.0,0.734375,11.865263938903809,0.3574395179748535,-129.40890603517414
256.0,0.486328125,0.004309948533773422,1594.0,20664.0,0.5,-0.00690149846195709,0.859375,0.28374484181404114,0.0,0.9354376941919327,1.0,1322496.0,0.0001,2583.0,0.2,295.19046629965305,256.0,0.03076171875,0.873046875,-0.13383512973086908,539.5,45.0,0.88671875,132.24351501464844,0.25666382908821106,-126.96874917340698
256.0,0.546875,0.003848183434456587,1470.0,20672.0,0.5,-0.009202785084198695,0.8828125,0.3570243716239929,0.0,0.9399603568017483,1.0,1323008.0,0.0001,2584.0,0.2,188.91648200154305,256.0,0.0390625,0.8359375,-0.15111812826944515,556.0,45.0,0.7890625,36.6296501159668,0.3306625783443451,-130.19604387805563
256.0,0.552734375,0.0045005809515714645,1455.0,20680.0,0.5,-0.005753402569098398,0.90234375,0.34157848358154297,0.0,0.9327811151742935,1.0,1323520.0,0.0001,2585.0,0.2,129.6368624418974,256.0,0.028076171875,0.849609375,-0.17093716218369082,561.0,45.0,0.796875,22.43673324584961,0.3248988389968872,-124.60278715489665
256.0,0.525390625,0.002027919515967369,1557.0,20688.0,0.5,-0.004288337087928085,0.8515625,0.3365877866744995,0.0,0.8919891938567162,1.0,1324032.0,0.0001,2586.0,0.2,615.1675252020359,256.0,0.016845703125,0.826171875,-0.1434818138659466,549.5,45.0,0.80078125,116.54904174804688,0.33301013708114624,-122.87143108856631
256.0,0.51953125,0.004254613537341356,1227.0,20696.0,0.5,-0.007021235367574263,0.8671875,0.3179973363876343,0.0,0.9328752905130386,1.0,1324544.0,0.0001,2587.0,0.2,244.68094822764397,256.0,0.02734375,0.84765625,-0.1617220981279388,537.0,45.0,0.828125,42.506629943847656,0.3017193078994751,-123.56378049678868
256.0,0.509765625,0.0027091163210570812,1399.0,20704.0,0.5,-0.004279603170289192,0.84765625,0.3476291298866272,0.0,0.8953653946518898,1.0,1325056.0,0.0001,2588.0,0.2,338.19609716534615,256.0,0.02783203125,0.837890625,-0.14030366350198165,546.5,45.0,0.828125,48.384056091308594,0.33838048577308655,-125.63933606367792
256.0,0.46875,0.002306131413206458,1555.0,20712.0,0.5,-0.0028573160161613487,0.8359375,0.30641400814056396,0.0,0.9701498802751303,1.0,1325568.0,0.0001,2589.0,0.2,100.31403023004532,256.0,0.015380859375,0.8671875,-0.12640606905915774,516.5,45.0,0.8984375,5.811758041381836,0.27342498302459717,-124.53906356697902
256.0,0.48828125,0.0062584662809967995,1611.0,20720.0,0.5,-0.007704140236455714,0.90625,0.28884583711624146,0.0,0.9540153853595257,1.0,1326080.0,0.0001,2590.0,0.2,75.30446718633175,256.0,0.0400390625,0.91796875,-0.130220805760473,517.0,45.0,0.9296875,15.11523151397705,0.226362943649292,-129.10466654587538
256.0,0.51171875,0.0048035625368356705,1555.0,20728.0,0.5,-0.009512356851701043,0.828125,0.31863728165626526,0.0,0.9522679373621941,1.0,1326592.0,0.0001,2591.0,0.2,84.03149339556694,256.0,0.04736328125,0.81640625,-0.14659223204944283,528.5,45.0,0.8046875,11.1905517578125,0.33371466398239136,-131.02901670115068
256.0,0.470703125,0.002754956018179655,1124.0,20736.0,0.5,-0.0059378590412961785,0.8359375,0.31468233466148376,0.0,0.9422800727188587,1.0,1327104.0,0.0001,2592.0,0.2,161.8238380253315,256.0,0.021240234375,0.865234375,-0.13310258791898377,542.5,45.0,0.89453125,36.81538772583008,0.2952387034893036,-131.52124030723238
256.0,0.541015625,0.003480073530226946,1497.0,20744.0,0.5,-0.005802386014693184,0.89453125,0.31721073389053345,0.0,0.9542042389512062,1.0,1327616.0,0.0001,2593.0,0.2,165.4357388317585,256.0,0.029296875,0.853515625,-0.1510926058399491,562.0,45.0,0.8125,40.381961822509766,0.30499526858329773,-131.56743233827873
256.0,0.548828125,0.0024219374172389507,1443.0,20752.0,0.5,-0.005074579625215847,0.90625,0.31073617935180664,0.0,0.9535399973392487,1.0,1328128.0,0.0001,2594.0,0.2,130.27290460467339,256.0,0.02783203125,0.857421875,-0.14069231128087267,560.5,45.0,0.80859375,24.30702018737793,0.29152119159698486,-132.89927716376727
256.0,0.54296875,0.008146995678544044,1498.0,20760.0,0.5,-0.006874761427752674,0.90234375,0.31117063760757446,0.0,0.958655122667551,1.0,1328640.0,0.0001,2595.0,0.2,95.64641712605953,256.0,0.033935546875,0.859375,-0.14660964885842986,555.5,45.0,0.81640625,8.228811264038086,0.28779542446136475,-131.08127010490745
256.0,0.5546875,0.004829841665923595,1509.0,20768.0,0.5,-0.009042052766744746,0.90234375,0.351483017206192,0.0,0.9527805671095848,1.0,1329152.0,0.0001,2596.0,0.2,102.39128747582436,256.0,0.03173828125,0.84765625,-0.16072953038383275,565.5,45.0,0.79296875,21.882797241210938,0.3292107582092285,-133.1237447330728
256.0,0.58203125,0.007046642247587442,1157.0,20776.0,0.5,-0.00737704864150146,0.8828125,0.34808310866355896,0.0,0.9465598613023758,1.0,1329664.0,0.0001,2597.0,0.2,115.87583687901497,256.0,0.041259765625,0.80078125,-0.14551603834843263,577.5,45.0,0.71875,17.170265197753906,0.3670908808708191,-132.78910482207314
256.0,0.501953125,0.0026397681795060635,1538.0,20784.0,0.5,-0.00512512664499809,0.85546875,0.308217316865921,0.0,0.9608121141791344,1.0,1330176.0,0.0001,2598.0,0.2,111.8611886203289,256.0,0.0185546875,0.853515625,-0.12031099080923013,589.0,45.0,0.8515625,10.152739524841309,0.2876909375190735,-131.15119307079817
256.0,0.517578125,0.002254161285236478,1555.0,20792.0,0.5,-0.005978010063699912,0.87109375,0.31155145168304443,0.0,0.9337742626667023,1.0,1330688.0,0.0001,2599.0,0.2,119.00442446768284,256.0,0.02783203125,0.853515625,-0.13705043913796544,595.0,45.0,0.8359375,25.18476676940918,0.3061765432357788,-129.3147219280107
256.0,0.509765625,0.002777591347694397,1600.0,20800.0,0.5,-0.0069941464098519646,0.82421875,0.32097768783569336,0.0,0.9123557507991791,1.0,1331200.0,0.0001,2600.0,0.2,386.51387321949005,256.0,0.020263671875,0.814453125,-0.1198387062177062,572.0,45.0,0.8046875,94.72821044921875,0.35096022486686707,-127.0074894822156
256.0,0.48046875,0.0026170562487095594,1444.0,20808.0,0.5,-0.005709181416023057,0.84375,0.31499430537223816,0.0,0.9160780608654022,1.0,1331712.0,0.0001,2601.0,0.2,139.05597364902496,256.0,0.0283203125,0.86328125,-0.13317295277374797,565.5,45.0,0.8828125,20.49886703491211,0.2958197593688965,-129.1096372977039
256.0,0.54296875,0.0028742123395204544,1199.0,20816.0,0.5,-0.004978989964001812,0.875,0.33830025792121887,0.0,0.9491054452955723,1.0,1332224.0,0.0001,2602.0,0.2,138.31311802566051,256.0,0.023681640625,0.83203125,-0.1316424015967641,559.0,45.0,0.7890625,24.431377410888672,0.3191802501678467,-130.66930173797067
256.0,0.541015625,0.004259741399437189,1589.0,20824.0,0.5,-0.006792028845666209,0.9140625,0.30717605352401733,0.0,0.9147367030382156,1.0,1332736.0,0.0001,2603.0,0.2,181.43867071717978,256.0,0.021728515625,0.873046875,-0.1394839337153826,537.5,45.0,0.83203125,16.117557525634766,0.27974581718444824,-130.7610420163069
256.0,0.5546875,0.006099347490817308,1520.0,20832.0,0.5,-0.005567599844653159,0.87890625,0.31839966773986816,0.0,0.9493603631854057,1.0,1333248.0,0.0001,2604.0,0.2,87.27391170710325,256.0,0.038818359375,0.82421875,-0.14475738102919422,525.0,45.0,0.76953125,8.299452781677246,0.3217141628265381,-133.14610320149922
256.0,0.515625,0.004379102028906345,1444.0,20840.0,0.5,-0.010232536031253403,0.90234375,0.3021788001060486,0.0,0.9395564645528793,1.0,1333760.0,0.0001,2605.0,0.2,126.83899690210819,256.0,0.04443359375,0.88671875,-0.17719916405621916,514.5,45.0,0.87109375,28.497217178344727,0.2590305805206299,-134.16992730322295
256.0,0.560546875,0.0024770544841885567,1596.0,20848.0,0.5,-0.006371436196786817,0.8671875,0.3325044810771942,0.0,0.9208407774567604,1.0,1334272.0,0.0001,2606.0,0.2,316.28891506791115,256.0,0.033935546875,0.806640625,-0.12120039842557162,513.5,45.0,0.74609375,162.63433837890625,0.35846826434135437,-134.31231890706812
256.0,0.498046875,0.003317801281809807,1298.0,20856.0,0.5,-0.005481660911755171,0.90625,0.28209561109542847,0.0,0.9641712494194508,1.0,1334784.0,0.0001,2607.0,0.2,83.36908306181431,256.0,0.024658203125,0.908203125,-0.10658055897511076,500.0,45.0,0.91015625,14.675629615783691,0.22137103974819183,-135.5361527909874
256.0,0.525390625,0.003699647495523095,1600.0,20864.0,0.5,-0.007000285797403194,0.87890625,0.3146321177482605,0.0,0.9590910226106644,1.0,1335296.0,0.0001,2608.0,0.2,83.08146746456623,256.0,0.041748046875,0.853515625,-0.1545812048134394,481.5,45.0,0.828125,23.716524124145508,0.3016992211341858,-135.59378143492853
256.0,0.4765625,0.004590041935443878,1477.0,20872.0,0.5,-0.006456161456299014,0.859375,0.296164333820343,0.0,0.9322028458118439,1.0,1335808.0,0.0001,2609.0,0.2,131.91275811195374,256.0,0.029296875,0.8828125,-0.12140853476012126,487.0,45.0,0.90625,29.58405303955078,0.27476367354393005,-139.23240862594685
256.0,0.525390625,0.002337212208658457,1578.0,20880.0,0.5,-0.003934114101866726,0.91015625,0.29282915592193604,0.0,0.9360006973147392,1.0,1336320.0,0.0001,2610.0,0.2,186.09957203269005,256.0,0.014404296875,0.884765625,-0.11049898646888323,466.5,45.0,0.859375,19.07600975036621,0.27432212233543396,-138.1005744296848
256.0,0.564453125,0.0022981418296694756,1462.0,20888.0,0.5,-0.006990189234784339,0.87890625,0.3278380036354065,0.0,0.852400615811348,1.0,1336832.0,0.0001,2611.0,0.2,439.48901975154877,256.0,0.015625,0.814453125,-0.16194015881046653,461.0,45.0,0.75,165.2314910888672,0.331911563873291,-136.14829307575243
256.0,0.55859375,0.003196622943505645,1269.0,20896.0,0.5,-0.008492689194099512,0.90234375,0.32613813877105713,0.0,0.9274770691990852,1.0,1337344.0,0.0001,2612.0,0.2,136.5874038040638,256.0,0.02001953125,0.84375,-0.1393094235972967,481.0,45.0,0.78515625,12.410149574279785,0.32302406430244446,-137.82855489335955
256.0,0.52734375,0.0018910516519099474,1408.0,20904.0,0.5,-0.005884186721232254,0.8828125,0.3084404468536377,0.0,0.9121124520897865,1.0,1337856.0,0.0001,2613.0,0.2,338.78440979123116,256.0,0.01904296875,0.85546875,-0.15172009426169097,464.5,45.0,0.828125,69.47903442382812,0.2957426607608795,-134.8582280872506
256.0,0.478515625,0.00898725911974907,1588.0,20912.0,0.5,-0.009746080984768923,0.84765625,0.29339221119880676,0.0,0.9121317937970161,1.0,1338368.0,0.0001,2614.0,0.2,111.64405030757189,256.0,0.065673828125,0.869140625,-0.18999025324592367,455.0,45.0,0.890625,10.874725341796875,0.28308334946632385,-136.97761964231498
256.0,0.572265625,0.003782835556194186,1526.0,20920.0,0.5,-0.006303815986029804,0.87890625,0.3259500563144684,0.0,0.957631342113018,1.0,1338880.0,0.0001,2615.0,0.2,114.03685826063156,256.0,0.036865234375,0.806640625,-0.14180213562212884,442.5,45.0,0.734375,15.40478801727295,0.39979663491249084,-141.06262815835652
256.0,0.478515625,0.0033411220647394657,1208.0,20928.0,0.5,-0.005344693439838011,0.85546875,0.280064195394516,0.0,0.9415824972093105,1.0,1339392.0,0.0001,2616.0,0.2,87.64228690415621,256.0,0.021484375,0.876953125,-0.13353582349373028,452.5,45.0,0.8984375,20.90371322631836,0.27531054615974426,-143.05386788476724
256.0,0.564453125,0.0018677100306376815,1531.0,20936.0,0.5,-0.0054699677566532046,0.89453125,0.31331193447113037,0.0,0.91916723549366,1.0,1339904.0,0.0001,2617.0,0.2,94.92264636605978,256.0,0.01806640625,0.830078125,-0.131059187639039,462.5,45.0,0.765625,14.328155517578125,0.31115615367889404,-144.36971712804632
256.0,0.53125,0.003653374034911394,1562.0,20944.0,0.5,-0.007887785559432814,0.86328125,0.3074380159378052,0.0,0.9281686022877693,1.0,1340416.0,0.0001,2618.0,0.2,136.5248848721385,256.0,0.024658203125,0.83203125,-0.14032440521987155,483.0,45.0,0.80078125,11.123993873596191,0.34691840410232544,-145.4008247615141
256.0,0.59375,0.0015698956558480859,1510.0,20952.0,0.5,-0.0048141205770662054,0.91015625,0.31811821460723877,0.0,0.9086257144808769,1.0,1340928.0,0.0001,2619.0,0.2,323.56175047159195,256.0,0.0205078125,0.81640625,-0.11672138613357674,496.5,45.0,0.72265625,46.129573822021484,0.3384849429130554,-145.52131491759326
256.0,0.521484375,0.002064345870167017,1381.0,20960.0,0.5,-0.005152359924977645,0.84765625,0.3304879069328308,0.0,0.8800901547074318,1.0,1341440.0,0.0001,2620.0,0.2,435.55264618992805,256.0,0.012939453125,0.826171875,-0.15155728769605048,499.5,45.0,0.8046875,28.39032554626465,0.36318787932395935,-144.7651001978875
256.0,0.501953125,0.001382894697599113,1614.0,20968.0,0.5,-0.0044364205132296775,0.859375,0.30245980620384216,0.0,0.8533882945775986,1.0,1341952.0,0.0001,2621.0,0.2,631.1788716316223,256.0,0.01025390625,0.857421875,-0.1309924516826868,496.0,45.0,0.85546875,43.843666076660156,0.3181207776069641,-143.65929548773448
256.0,0.49609375,0.0019213967025279999,1518.0,20976.0,0.5,-0.0033693696714180987,0.83984375,0.30460861325263977,0.0,0.7858989238739014,1.0,1342464.0,0.0001,2622.0,0.2,381.15772388875484,256.0,0.014404296875,0.84375,-0.1313804225937929,501.0,45.0,0.84765625,40.405540466308594,0.32695671916007996,-146.17424365704414
256.0,0.53125,0.0033413306809961796,1532.0,20984.0,0.5,-0.0057997356525447685,0.85546875,0.305746853351593,0.0,0.8724209815263748,1.0,1342976.0,0.0001,2623.0,0.2,353.2865788638592,256.0,0.021240234375,0.82421875,-0.16240356920752674,509.5,45.0,0.79296875,51.86626434326172,0.3294556736946106,-144.90332743091975
256.0,0.5390625,0.002741680946201086,1411.0,20992.0,0.5,-0.0050973553661606275,0.87890625,0.3205772638320923,0.0,0.9575766436755657,1.0,1343488.0,0.0001,2624.0,0.2,126.47014366835356,256.0,0.019287109375,0.83984375,-0.12092392556951381,517.0,45.0,0.80078125,21.895265579223633,0.3129320442676544,-143.54941505870318
256.0,0.5,0.0037728589959442616,1660.0,21000.0,0.5,-0.004894635720120277,0.87109375,0.2811032831668854,0.0,0.9259978160262108,1.0,1344000.0,0.0001,2625.0,0.2,143.60953826457262,256.0,0.016357421875,0.87109375,-0.1217248041939456,540.0,45.0,0.87109375,11.446527481079102,0.2853570282459259,-140.88225707974752
256.0,0.537109375,0.005173820070922375,1539.0,21008.0,0.5,-0.008877432126610074,0.8671875,0.32261043787002563,0.0,0.9603831842541695,1.0,1344512.0,0.0001,2626.0,0.2,89.19900474697351,256.0,0.02880859375,0.830078125,-0.13932740496238694,541.5,45.0,0.79296875,14.706075668334961,0.3156750798225403,-139.1794809795986
256.0,0.51171875,0.00318391271866858,1379.0,21016.0,0.5,-0.007823931751772761,0.890625,0.28788939118385315,0.0,0.927346907556057,1.0,1345024.0,0.0001,2627.0,0.2,149.35449592769146,256.0,0.025390625,0.87890625,-0.1468804030737374,514.0,45.0,0.8671875,14.022336959838867,0.26865798234939575,-137.11784937969176
256.0,0.517578125,0.0027466078754514456,1507.0,21024.0,0.5,-0.005823345672979485,0.89453125,0.3379841446876526,0.0,0.942366249859333,1.0,1345536.0,0.0001,2628.0,0.2,208.6030471622944,256.0,0.021484375,0.876953125,-0.15099254820961505,529.5,45.0,0.859375,43.18817901611328,0.28885418176651,-139.9105276366393
256.0,0.5390625,0.0028234836645424366,1454.0,21032.0,0.5,-0.0067190639274485875,0.90625,0.34194618463516235,0.0,0.9329738393425941,1.0,1346048.0,0.0001,2629.0,0.2,225.19507703185081,256.0,0.02099609375,0.8671875,-0.13643841946031898,542.0,45.0,0.828125,36.272396087646484,0.3062357008457184,-138.61506526893703
256.0,0.5546875,0.006354712415486574,1552.0,21040.0,0.5,-0.007533135991252493,0.92578125,0.33837053179740906,0.0,0.947969950735569,1.0,1346560.0,0.0001,2630.0,0.2,95.67855327576399,256.0,0.043212890625,0.87109375,-0.13285481336060911,555.5,45.0,0.81640625,20.29326057434082,0.27739417552948,-136.75850536844692
256.0,0.482421875,0.0044289943762123585,1436.0,21048.0,0.5,-0.008923107219743542,0.83984375,0.3351813554763794,0.0,0.9414992034435272,1.0,1347072.0,0.0001,2631.0,0.2,96.88683268427849,256.0,0.0400390625,0.857421875,-0.1748888695728965,573.0,45.0,0.875,8.000327110290527,0.3028808832168579,-133.99827573873335
256.0,0.5546875,0.0021785337012261152,1218.0,21056.0,0.5,-0.004139517252042424,0.8828125,0.3377973139286041,0.0,0.9121707007288933,1.0,1347584.0,0.0001,2632.0,0.2,362.1046674847603,256.0,0.020751953125,0.828125,-0.1155133236607071,571.5,45.0,0.7734375,83.63697814941406,0.3134344220161438,-131.48734550332884
256.0,0.501953125,0.003092248924076557,1535.0,21064.0,0.5,-0.007540549886471126,0.84765625,0.33475470542907715,0.0,0.9696517698466778,1.0,1348096.0,0.0001,2633.0,0.2,76.17664747685194,256.0,0.0322265625,0.845703125,-0.12910888003534637,577.0,45.0,0.84375,10.41744613647461,0.3201447129249573,-130.3789438148588
256.0,0.48828125,0.0020775413140654564,1586.0,21072.0,0.5,-0.004978293647582177,0.83984375,0.32281872630119324,0.0,0.898060992360115,1.0,1348608.0,0.0001,2634.0,0.2,291.7554197758436,256.0,0.013916015625,0.8515625,-0.11355750102666207,555.5,45.0,0.86328125,178.59254455566406,0.30248773097991943,-130.4477365297638
256.0,0.494140625,0.002904010470956564,1489.0,21080.0,0.5,-0.003978508448199136,0.82421875,0.31929531693458557,0.0,0.9355890080332756,1.0,1349120.0,0.0001,2635.0,0.2,105.25494126975536,256.0,0.0244140625,0.830078125,-0.15960401226766407,560.5,45.0,0.8359375,9.669535636901855,0.3230118155479431,-130.2643537826999
256.0,0.525390625,0.0030593036208301783,1481.0,21088.0,0.5,-0.007149556397052947,0.875,0.3394555449485779,0.0,0.9397946670651436,1.0,1349632.0,0.0001,2636.0,0.2,107.65291495621204,256.0,0.03466796875,0.849609375,-0.14249023463344201,585.5,45.0,0.82421875,16.556758880615234,0.33991506695747375,-131.77169973571318
256.0,0.55078125,0.003978438675403595,1528.0,21096.0,0.5,-0.0059963932835671585,0.87890625,0.31261497735977173,0.0,0.8888423517346382,1.0,1350144.0,0.0001,2637.0,0.2,645.5250754952431,256.0,0.02197265625,0.828125,-0.1427689593983814,582.0,45.0,0.77734375,232.03048706054688,0.3172432482242584,-127.86446633482818
256.0,0.529296875,0.002498073037713766,1090.0,21104.0,0.5,-0.006070915873351623,0.8828125,0.31630128622055054,0.0,0.8841874375939369,1.0,1350656.0,0.0001,2638.0,0.2,527.2559149265289,256.0,0.016845703125,0.853515625,-0.14693296264158562,573.5,45.0,0.82421875,76.8440933227539,0.29766497015953064,-131.57991965368623
256.0,0.49609375,0.0025185164995491505,1397.0,21112.0,0.5,-0.006927350805199239,0.859375,0.3103441298007965,0.0,0.926208034157753,1.0,1351168.0,0.0001,2639.0,0.2,152.6683255583048,256.0,0.02685546875,0.86328125,-0.1597253780637402,571.5,45.0,0.8671875,11.718462944030762,0.2954583764076233,-136.45504227535332
256.0,0.541015625,0.003620915114879608,1609.0,21120.0,0.5,-0.008167931104253512,0.859375,0.31560632586479187,0.0,0.8614218980073929,1.0,1351680.0,0.0001,2640.0,0.2,635.571335196495,256.0,0.03955078125,0.818359375,-0.1529009147780016,541.5,45.0,0.77734375,142.3662567138672,0.35928335785865784,-136.26495336313033
256.0,0.546875,0.001592783140949905,1527.0,21128.0,0.5,-0.005347467551473528,0.8828125,0.3228168785572052,0.0,0.8988464549183846,1.0,1352192.0,0.0001,2641.0,0.2,262.67492976784706,256.0,0.01416015625,0.8359375,-0.1153829123795731,541.5,45.0,0.7890625,56.09375,0.31730926036834717,-140.8086561274249
256.0,0.51953125,0.0032582939602434635,1495.0,21136.0,0.5,-0.010875421663513407,0.8828125,0.2964138984680176,0.0,0.9317271783947945,1.0,1352704.0,0.0001,2642.0,0.2,142.83862103521824,256.0,0.04248046875,0.86328125,-0.13885736421798356,553.5,45.0,0.84375,9.1810941696167,0.2691633403301239,-141.63695451223757
256.0,0.5234375,0.003879166441038251,1272.0,21144.0,0.5,-0.005228171197813936,0.85546875,0.3004473149776459,0.0,0.9244842678308487,1.0,1353216.0,0.0001,2643.0,0.2,180.69528004527092,256.0,0.025390625,0.83203125,-0.14926531066885218,569.0,45.0,0.80859375,68.44058227539062,0.33209460973739624,-139.51574277470354
256.0,0.556640625,0.0019301429856568575,1538.0,21152.0,0.5,-0.005098530135001056,0.89453125,0.3063076138496399,0.0,0.890760563313961,1.0,1353728.0,0.0001,2644.0,0.2,352.32256504893303,256.0,0.02099609375,0.837890625,-0.11864480932126753,566.5,45.0,0.78125,78.4975814819336,0.30697810649871826,-139.70429894259667
256.0,0.544921875,0.006775160785764456,1468.0,21160.0,0.5,-0.008441644022241235,0.890625,0.32271310687065125,0.0,0.9336789548397064,1.0,1354240.0,0.0001,2645.0,0.2,103.92453837394714,256.0,0.041259765625,0.845703125,-0.1652081627107691,549.5,45.0,0.80078125,13.832540512084961,0.32173705101013184,-137.96892783056012
256.0,0.607421875,0.0031579562928527594,1474.0,21168.0,0.5,-0.006834432188043138,0.90234375,0.3273678421974182,0.0,0.903741754591465,1.0,1354752.0,0.0001,2646.0,0.2,369.59132862091064,256.0,0.02783203125,0.794921875,-0.14829778752755374,549.0,45.0,0.6875,47.158897399902344,0.3954601287841797,-139.14227330900147
256.0,0.56640625,0.0049680182710289955,1569.0,21176.0,0.5,-0.004366270652099047,0.91796875,0.3424055576324463,0.0,0.9000228717923164,1.0,1355264.0,0.0001,2647.0,0.2,438.5164552330971,256.0,0.0302734375,0.8515625,-0.13029677627491765,549.0,45.0,0.78515625,16.904586791992188,0.32113802433013916,-135.02053173826658
256.0,0.55078125,0.00491724070161581,1157.0,21184.0,0.5,-0.00459569461963838,0.87890625,0.3456614911556244,0.0,0.8880640342831612,1.0,1355776.0,0.0001,2648.0,0.2,248.26756398379803,256.0,0.03369140625,0.828125,-0.15499392221681774,564.0,45.0,0.77734375,25.871288299560547,0.34369343519210815,-132.35723130230443
256.0,0.529296875,0.0027028974145650864,1198.0,21192.0,0.5,-0.003855419017781969,0.8515625,0.3324929177761078,0.0,0.9189548268914223,1.0,1356288.0,0.0001,2649.0,0.2,178.0396987348795,256.0,0.0234375,0.822265625,-0.16650101682171226,582.5,45.0,0.79296875,32.64948654174805,0.36535558104515076,-131.33464898986858
256.0,0.50390625,0.001821270678192377,1551.0,21200.0,0.5,-0.004346931011241395,0.8203125,0.3302942216396332,0.0,0.9114567190408707,1.0,1356800.0,0.0001,2650.0,0.2,414.11458575725555,256.0,0.01220703125,0.81640625,-0.12348045231192373,573.5,45.0,0.8125,67.06327056884766,0.3577326834201813,-129.85014761487605
256.0,0.423828125,0.002015421399846673,1539.0,21208.0,0.5,-0.004174901805527043,0.7734375,0.29209035634994507,0.0,0.9342544600367546,1.0,1357312.0,0.0001,2651.0,0.2,99.92863754928112,256.0,0.01708984375,0.849609375,-0.1237748977728188,562.0,45.0,0.92578125,10.685300827026367,0.2851627469062805,-132.14227500205976
256.0,0.48828125,0.007745304610580206,1521.0,21216.0,0.5,-0.00787963550828863,0.83984375,0.29738903045654297,0.0,0.9550846479833126,1.0,1357824.0,0.0001,2652.0,0.2,73.98252460360527,256.0,0.046142578125,0.8515625,-0.1623270587879233,546.0,45.0,0.86328125,11.523701667785645,0.281069815158844,-134.35795194324223
256.0,0.4609375,0.0005014634225517511,1273.0,21224.0,0.5,-0.0024507897105650045,0.8046875,0.3154785931110382,0.0,0.8853408098220825,1.0,1358336.0,0.0001,2653.0,0.2,392.1121369153261,256.0,0.00927734375,0.84375,-0.11823739636747632,552.0,45.0,0.8828125,47.35572052001953,0.30242443084716797,-135.6835542966833
256.0,0.5859375,0.005973798222839832,1444.0,21232.0,0.5,-0.006917538616107777,0.8671875,0.3805994391441345,0.0,0.9466610178351402,1.0,1358848.0,0.0001,2654.0,0.2,140.9911938905716,256.0,0.048583984375,0.78125,-0.16439652256667614,544.5,45.0,0.6953125,12.541069984436035,0.3872898817062378,-136.81439411333645
256.0,0.591796875,0.004515034146606922,1407.0,21240.0,0.5,-0.007701029091549572,0.90625,0.3543115258216858,0.0,0.9302852153778076,1.0,1359360.0,0.0001,2655.0,0.2,174.78298273682594,256.0,0.035400390625,0.814453125,-0.16389889174024574,549.0,45.0,0.72265625,56.54275131225586,0.38857337832450867,-135.41488784912508
256.0,0.552734375,0.003463138360530138,1516.0,21248.0,0.5,-0.00571858360490296,0.95703125,0.3310089111328125,0.0,0.9266492426395416,1.0,1359872.0,0.0001,2656.0,0.2,188.1857866048813,256.0,0.02978515625,0.904296875,-0.1367146031698212,555.5,45.0,0.8515625,30.885238647460938,0.26028501987457275,-134.42968617811334
256.0,0.546875,0.002794336061924696,1455.0,21256.0,0.5,-0.0048594836953270715,0.87109375,0.32185983657836914,0.0,0.9326712489128113,1.0,1360384.0,0.0001,2657.0,0.2,230.02678334712982,256.0,0.013916015625,0.82421875,-0.16862697200849652,550.0,45.0,0.77734375,21.563329696655273,0.36261117458343506,-131.5453485217644
256.0,0.521484375,0.0012638760963454843,1471.0,21264.0,0.5,-0.0025283662253059447,0.86328125,0.3052430748939514,0.0,0.8401338756084442,1.0,1360896.0,0.0001,2658.0,0.2,820.7140856385231,256.0,0.00830078125,0.841796875,-0.1447171399195213,544.0,45.0,0.8203125,50.892845153808594,0.3050955832004547,-130.97799537628657
256.0,0.537109375,0.004100587218999863,1501.0,21272.0,0.5,-0.006441840756451711,0.828125,0.3610486388206482,0.0,0.9409742504358292,1.0,1361408.0,0.0001,2659.0,0.2,232.05281019955873,256.0,0.02587890625,0.791015625,-0.13521983020473272,555.0,45.0,0.75390625,139.1379852294922,0.36620384454727173,-132.75024754059268
256.0,0.48046875,0.0030280405189841986,1508.0,21280.0,0.5,-0.005200685831368901,0.8046875,0.3305888772010803,0.0,0.9284046441316605,1.0,1361920.0,0.0001,2660.0,0.2,118.53825454413891,256.0,0.021484375,0.82421875,-0.12884799877065234,557.0,45.0,0.84375,17.715803146362305,0.3300461173057556,-129.9083068790077
256.0,0.498046875,0.003441471140831709,1506.0,21288.0,0.5,-0.0039061111529008485,0.84765625,0.3019692301750183,0.0,0.9450534470379353,1.0,1362432.0,0.0001,2661.0,0.2,87.78445712476969,256.0,0.0185546875,0.849609375,-0.13115630162064917,562.0,45.0,0.8515625,9.961783409118652,0.28982895612716675,-126.99153972137486
256.0,0.4921875,0.002950296737253666,1524.0,21296.0,0.5,-0.006353665638016537,0.8125,0.30925559997558594,0.0,0.9227652698755264,1.0,1362944.0,0.0001,2662.0,0.2,249.94369047880173,256.0,0.017822265625,0.8203125,-0.14154965127818286,566.5,45.0,0.828125,81.20649719238281,0.31531786918640137,-126.60439681083662
256.0,0.513671875,0.00338508328422904,1535.0,21304.0,0.5,-0.006791870851884596,0.83203125,0.3519343435764313,0.0,0.8701696246862411,1.0,1363456.0,0.0001,2663.0,0.2,659.2898047864437,256.0,0.02490234375,0.818359375,-0.1506427341955714,552.0,45.0,0.8046875,69.81742858886719,0.3650990128517151,-125.83827057703864
256.0,0.490234375,0.007576955948024988,1438.0,21312.0,0.5,-0.008395446402573725,0.8515625,0.32553187012672424,0.0,0.9550779759883881,1.0,1363968.0,0.0001,2664.0,0.2,106.99158648401499,256.0,0.04052734375,0.861328125,-0.1549356478790287,554.5,45.0,0.87109375,7.440701961517334,0.2970925569534302,-130.09481490383158
256.0,0.5390625,0.004943177103996277,1459.0,21320.0,0.5,-0.0057568466872908175,0.875,0.36220091581344604,0.0,0.9239501059055328,1.0,1364480.0,0.0001,2665.0,0.2,239.91622887551785,256.0,0.036376953125,0.8359375,-0.14445645644445904,552.5,45.0,0.796875,95.23654174804688,0.3437204957008362,-133.61388462091563
256.0,0.517578125,0.0015567135997116566,1545.0,21328.0,0.5,-0.005831056332681328,0.8359375,0.33280983567237854,0.0,0.8763805404305458,1.0,1364992.0,0.0001,2666.0,0.2,454.64636051654816,256.0,0.008544921875,0.818359375,-0.12437724579649512,537.5,45.0,0.80078125,53.06496810913086,0.34538745880126953,-135.57298601122574
256.0,0.525390625,0.0016731859650462866,1548.0,21336.0,0.5,-0.004502127900195774,0.875,0.32270798087120056,0.0,0.9105830118060112,1.0,1365504.0,0.0001,2667.0,0.2,326.6869967728853,256.0,0.009033203125,0.849609375,-0.11073720340209547,538.5,45.0,0.82421875,48.031028747558594,0.29775863885879517,-135.94978549489053
256.0,0.5234375,0.004061655141413212,1486.0,21344.0,0.5,-0.006490252751973458,0.86328125,0.3368120491504669,0.0,0.9526897259056568,1.0,1366016.0,0.0001,2668.0,0.2,97.93920828402042,256.0,0.019775390625,0.83984375,-0.13021915761055425,527.5,45.0,0.81640625,11.698370933532715,0.33098167181015015,-133.64774863287107
256.0,0.578125,0.002589812967926264,1185.0,21352.0,0.5,-0.004865446855546907,0.88671875,0.35182541608810425,0.0,0.9420875422656536,1.0,1366528.0,0.0001,2669.0,0.2,174.97468835115433,256.0,0.0263671875,0.80859375,-0.15508491545915604,563.0,45.0,0.73046875,27.33997917175293,0.3627699315547943,-134.2648054474243
256.0,0.51953125,0.002480440540239215,1519.0,21360.0,0.5,-0.005311281864123885,0.875,0.32022547721862793,0.0,0.9510718956589699,1.0,1367040.0,0.0001,2670.0,0.2,107.6404287070036,256.0,0.018798828125,0.85546875,-0.13055037223966792,565.5,45.0,0.8359375,17.38825035095215,0.28496670722961426,-131.9044394941465
256.0,0.54296875,0.0033993260003626347,1456.0,21368.0,0.5,-0.004753825553052593,0.890625,0.3611236810684204,0.0,0.9145025461912155,1.0,1367552.0,0.0001,2671.0,0.2,157.15187630057335,256.0,0.015869140625,0.84765625,-0.13459547053207643,574.0,45.0,0.8046875,19.688283920288086,0.33693015575408936,-129.59279366842705
256.0,0.546875,0.003563119564205408,1493.0,21376.0,0.5,-0.004474501836739364,0.84375,0.37041062116622925,0.0,0.8820089995861053,1.0,1368064.0,0.0001,2672.0,0.2,548.4220435023308,256.0,0.02978515625,0.796875,-0.1353814475296531,604.5,45.0,0.75,96.60357666015625,0.3644455075263977,-126.4889765209076
256.0,0.548828125,0.0030033118091523647,1441.0,21384.0,0.5,-0.008347331946424674,0.8515625,0.36487144231796265,0.0,0.8978381529450417,1.0,1368576.0,0.0001,2673.0,0.2,259.5644543170929,256.0,0.0302734375,0.802734375,-0.14840889105107635,594.5,45.0,0.75390625,34.804222106933594,0.381050169467926,-124.17494373642374
256.0,0.509765625,0.001604817109182477,1571.0,21392.0,0.5,-0.004536274973361287,0.85546875,0.3347977101802826,0.0,0.913842499256134,1.0,1369088.0,0.0001,2674.0,0.2,395.400370657444,256.0,0.015869140625,0.845703125,-0.1503271644760389,585.0,45.0,0.8359375,106.48143005371094,0.3150840997695923,-123.36437205147463
256.0,0.45703125,0.006004871800541878,1510.0,21400.0,0.5,-0.008912722278182628,0.7890625,0.3167843818664551,0.0,0.9109026864171028,1.0,1369600.0,0.0001,2675.0,0.2,240.14289519190788,256.0,0.03857421875,0.83203125,-0.1726855195593089,603.5,45.0,0.875,20.392122268676758,0.3360198140144348,-124.00900755650596
256.0,0.490234375,0.001699197106063366,1444.0,21408.0,0.5,-0.004394208699523006,0.83203125,0.3138461112976074,0.0,0.9337937533855438,1.0,1370112.0,0.0001,2676.0,0.2,182.5314840376377,256.0,0.012939453125,0.841796875,-0.11118754648487084,611.0,45.0,0.8515625,33.13452911376953,0.3369259238243103,-123.75909424138489
256.0,0.50390625,0.004499062895774841,1536.0,21416.0,0.5,-0.007316428062040359,0.84765625,0.3254248797893524,0.0,0.9535670466721058,1.0,1370624.0,0.0001,2677.0,0.2,130.3176920413971,256.0,0.028564453125,0.84375,-0.12287596584064886,603.5,45.0,0.83984375,20.747358322143555,0.3038443624973297,-123.58610274631995
256.0,0.484375,0.003494575386866927,1251.0,21424.0,0.5,-0.00749475966222235,0.84375,0.30371296405792236,0.0,0.9369595423340797,1.0,1371136.0,0.0001,2678.0,0.2,113.65609449148178,256.0,0.029296875,0.859375,-0.12646527355536819,569.5,45.0,0.875,10.50275707244873,0.2830260396003723,-125.62571554807481
256.0,0.5625,0.005564257502555847,1521.0,21432.0,0.5,-0.006263287730689626,0.890625,0.3164900243282318,0.0,0.9643668420612812,1.0,1371648.0,0.0001,2679.0,0.2,102.29434411227703,256.0,0.0380859375,0.828125,-0.15962745869182982,566.0,45.0,0.765625,22.5062313079834,0.3072241544723511,-127.83345735234907
256.0,0.5390625,0.003836747957393527,1392.0,21440.0,0.5,-0.004986566324078012,0.8984375,0.3354220986366272,0.0,0.934555821120739,1.0,1372160.0,0.0001,2680.0,0.2,105.59130872040987,256.0,0.020263671875,0.859375,-0.14914624893572181,568.0,45.0,0.8203125,29.347469329833984,0.30828148126602173,-128.29983531553066
256.0,0.583984375,0.003351327497512102,1431.0,21448.0,0.5,-0.006689791152894031,0.90625,0.3804546594619751,0.0,0.9308337494730949,1.0,1372672.0,0.0001,2681.0,0.2,192.55567336082458,256.0,0.025634765625,0.822265625,-0.1448581592994742,560.5,45.0,0.73828125,20.7479305267334,0.37335044145584106,-129.1884328218014
256.0,0.5390625,0.003561990801244974,1455.0,21456.0,0.5,-0.00492785365349846,0.90625,0.321685254573822,0.0,0.8989618122577667,1.0,1373184.0,0.0001,2682.0,0.2,511.0145515501499,256.0,0.02587890625,0.8671875,-0.14729557230020873,559.5,45.0,0.828125,166.7098846435547,0.2825341522693634,-125.56719689298305
256.0,0.505859375,0.001953641651198268,1471.0,21464.0,0.5,-0.003864616486680461,0.84765625,0.31951436400413513,0.0,0.9427493624389172,1.0,1373696.0,0.0001,2683.0,0.2,105.84445357322693,256.0,0.009765625,0.841796875,-0.13857516020652838,566.0,45.0,0.8359375,12.127742767333984,0.29287421703338623,-126.0959433412773
256.0,0.513671875,0.006235373672097921,1176.0,21472.0,0.5,-0.006985127976804506,0.87890625,0.3326023817062378,0.0,0.937154158949852,1.0,1374208.0,0.0001,2684.0,0.2,157.60122221708298,256.0,0.031005859375,0.865234375,-0.134671751933638,554.0,45.0,0.8515625,20.445240020751953,0.30084794759750366,-125.0556520819536
256.0,0.5,0.002772754756733775,1520.0,21480.0,0.5,-0.005977797420200659,0.8125,0.3286711275577545,0.0,0.9536071829497814,1.0,1374720.0,0.0001,2685.0,0.2,131.78228048980236,256.0,0.0263671875,0.8125,-0.12041268419125117,546.5,45.0,0.8125,18.348451614379883,0.3154425621032715,-122.95254828589387
256.0,0.517578125,0.0029507605358958244,1558.0,21488.0,0.5,-0.006048757044482045,0.8515625,0.31907743215560913,0.0,0.9143694639205933,1.0,1375232.0,0.0001,2686.0,0.2,328.0344858765602,256.0,0.01708984375,0.833984375,-0.10826714697759598,542.0,45.0,0.81640625,76.3161392211914,0.3181866407394409,-123.7866379413323
256.0,0.453125,0.008780602365732193,1530.0,21496.0,0.5,-0.011483826492622029,0.80078125,0.30412137508392334,0.0,0.9526422917842865,1.0,1375744.0,0.0001,2687.0,0.2,81.89158895611763,256.0,0.05419921875,0.84765625,-0.15191058340133168,543.5,45.0,0.89453125,10.208722114562988,0.3046656548976898,-126.09994437718181
256.0,0.46484375,0.018870418891310692,1534.0,21504.0,0.5,-0.006836223459686153,0.8125,0.3013116419315338,0.0,0.9162841513752937,1.0,1376256.0,0.0001,2688.0,0.2,124.26687826216221,256.0,0.047119140625,0.84765625,-0.16083903395337984,530.5,45.0,0.8828125,5.368053436279297,0.3132270574569702,-126.65874167498784
256.0,0.56640625,0.0036246771924197674,1202.0,21512.0,0.5,-0.004765693040098995,0.87890625,0.35092926025390625,0.0,0.9063974469900131,1.0,1376768.0,0.0001,2689.0,0.2,198.69031435251236,256.0,0.0283203125,0.8125,-0.1310936810041312,530.5,45.0,0.74609375,53.205345153808594,0.34166577458381653,-130.29540214724022
256.0,0.560546875,0.004826505668461323,1315.0,21520.0,0.5,-0.008392108902626205,0.8671875,0.3479415774345398,0.0,0.932162694633007,1.0,1377280.0,0.0001,2690.0,0.2,152.51553013920784,256.0,0.041748046875,0.806640625,-0.14251289010280743,529.0,45.0,0.74609375,35.93503189086914,0.3796215057373047,-130.8243512058875
256.0,0.564453125,0.002161822747439146,1565.0,21528.0,0.5,-0.004796178080141544,0.921875,0.3235630393028259,0.0,0.9140696451067924,1.0,1377792.0,0.0001,2691.0,0.2,434.36446580290794,256.0,0.01611328125,0.857421875,-0.1152434924733825,519.5,45.0,0.79296875,146.14895629882812,0.31615665555000305,-132.96887472957837
256.0,0.548828125,0.001799596706405282,1472.0,21536.0,0.5,-0.005347331993107218,0.9140625,0.3209174871444702,0.0,0.8158847391605377,1.0,1378304.0,0.0001,2692.0,0.2,657.1228536963463,256.0,0.0126953125,0.865234375,-0.13862110336776823,543.0,45.0,0.81640625,45.77721405029297,0.31184419989585876,-132.62948779556436
256.0,0.533203125,0.0028197607025504112,1496.0,21544.0,0.5,-0.004492203584959498,0.87109375,0.32444408535957336,0.0,0.8842185288667679,1.0,1378816.0,0.0001,2693.0,0.2,656.2523577213287,256.0,0.0185546875,0.837890625,-0.11833043178194202,537.0,45.0,0.8046875,31.827930450439453,0.32029426097869873,-130.02543895837852
256.0,0.556640625,0.003469410352408886,1190.0,21552.0,0.5,-0.008954230666859075,0.8671875,0.35989826917648315,0.0,0.9216985777020454,1.0,1379328.0,0.0001,2694.0,0.2,293.7168544828892,256.0,0.026611328125,0.810546875,-0.14156211822410114,539.5,45.0,0.75390625,23.13161277770996,0.3673575520515442,-133.97123426804086
256.0,0.490234375,0.0022003580816090107,1531.0,21560.0,0.5,-0.005055218032794073,0.84765625,0.3218904733657837,0.0,0.9499587938189507,1.0,1379840.0,0.0001,2695.0,0.2,83.62945018708706,256.0,0.01611328125,0.857421875,-0.14142184588126838,558.0,45.0,0.8671875,15.454124450683594,0.2912510633468628,-133.25911457327894
256.0,0.515625,0.0028443681076169014,1520.0,21568.0,0.5,-0.003295625061582541,0.828125,0.321740061044693,0.0,0.9575929716229439,1.0,1380352.0,0.0001,2696.0,0.2,102.8882716819644,256.0,0.021240234375,0.8125,-0.12811535366927274,561.0,45.0,0.796875,13.722596168518066,0.36145463585853577,-129.88792739270022
256.0,0.515625,0.005245125852525234,1427.0,21576.0,0.5,-0.009065711381481378,0.84375,0.32906174659729004,0.0,0.9364850074052811,1.0,1380864.0,0.0001,2697.0,0.2,158.88396464288235,256.0,0.033447265625,0.828125,-0.13749491883208975,576.5,45.0,0.8125,11.689691543579102,0.30813413858413696,-128.64626442332053
256.0,0.5390625,0.0033596844878047705,1490.0,21584.0,0.5,-0.0066355999442748725,0.85546875,0.3395487070083618,0.0,0.9373704865574837,1.0,1381376.0,0.0001,2698.0,0.2,243.58323648571968,256.0,0.031982421875,0.81640625,-0.15076987782958895,567.0,45.0,0.77734375,37.977481842041016,0.3631914556026459,-125.34785433846758
256.0,0.50390625,0.005243001040071249,1147.0,21592.0,0.5,-0.00775381983112311,0.84765625,0.3363076150417328,0.0,0.9552452377974987,1.0,1381888.0,0.0001,2699.0,0.2,131.87912991642952,256.0,0.03515625,0.84375,-0.14010425325250253,566.0,45.0,0.83984375,32.6846923828125,0.34900498390197754,-128.66210052705603
256.0,0.46875,0.002828239928930998,1605.0,21600.0,0.5,-0.003159507393320382,0.8125,0.3333566188812256,0.0,0.9271804988384247,1.0,1382400.0,0.0001,2700.0,0.2,289.57490104436874,256.0,0.014892578125,0.84375,-0.11126030141895171,563.0,45.0,0.875,58.667972564697266,0.3285177946090698,-130.59845369504998
256.0,0.501953125,0.0020611854270100594,1432.0,21608.0,0.5,-0.006613562134589301,0.83984375,0.3193129301071167,0.0,0.9173246994614601,1.0,1382912.0,0.0001,2701.0,0.2,276.67875438928604,256.0,0.029541015625,0.837890625,-0.14320284879067913,570.0,45.0,0.8359375,48.98197555541992,0.33791932463645935,-133.6938243346871
256.0,0.54296875,0.0025795702822506428,1530.0,21616.0,0.5,-0.004273610258678673,0.8828125,0.3246667981147766,0.0,0.9091166257858276,1.0,1383424.0,0.0001,2702.0,0.2,253.9098964035511,256.0,0.01904296875,0.83984375,-0.12695629011432175,572.0,45.0,0.796875,23.955949783325195,0.33708831667900085,-136.57123476416106
256.0,0.529296875,0.009174369275569916,1553.0,21624.0,0.5,-0.011046929357689805,0.875,0.3208608329296112,0.0,0.9718434568494558,1.0,1383936.0,0.0001,2703.0,0.2,69.8530359044671,256.0,0.04736328125,0.845703125,-0.12983275797159877,556.0,45.0,0.81640625,9.051177978515625,0.3044586479663849,-135.0308477341244
256.0,0.515625,0.0036865053698420525,1262.0,21632.0,0.5,-0.005886091086722445,0.8515625,0.3332644999027252,0.0,0.9517602287232876,1.0,1384448.0,0.0001,2704.0,0.2,113.99681515991688,256.0,0.0322265625,0.8359375,-0.11617438666871749,544.0,45.0,0.8203125,8.75016975402832,0.312511146068573,-136.9269798442768
256.0,0.517578125,0.025900106877088547,1464.0,21640.0,0.5,-0.012282581163162831,0.875,0.3216119408607483,0.0,0.9715579096227884,1.0,1384960.0,0.0001,2705.0,0.2,61.55077441036701,256.0,0.07958984375,0.857421875,-0.1705176230170764,551.0,45.0,0.83984375,6.468925952911377,0.3031255006790161,-136.5277424279321
256.0,0.619140625,0.0018618013709783554,1513.0,21648.0,0.5,-0.004261293506715447,0.90625,0.35530173778533936,0.0,0.9251677095890045,1.0,1385472.0,0.0001,2706.0,0.2,277.38961297273636,256.0,0.017578125,0.787109375,-0.1304811130685266,546.0,45.0,0.66796875,37.34101867675781,0.38976383209228516,-134.40306879578623
256.0,0.58984375,0.0019623637199401855,1578.0,21656.0,0.5,-0.006464620837505208,0.88671875,0.33682990074157715,0.0,0.8419450521469116,1.0,1385984.0,0.0001,2707.0,0.2,1095.2348551750183,256.0,0.018798828125,0.796875,-0.11450377368601039,526.0,45.0,0.70703125,139.72726440429688,0.3565647006034851,-132.5413122815371
256.0,0.572265625,0.0009766628500074148,1476.0,21664.0,0.5,-0.0038293064644676633,0.90625,0.3407374918460846,0.0,0.8895041793584824,1.0,1386496.0,0.0001,2708.0,0.2,493.2863863706589,256.0,0.005126953125,0.833984375,-0.13517992722336203,515.0,45.0,0.76171875,84.32499694824219,0.34659188985824585,-133.7815402963769
256.0,0.546875,0.0011473018676042557,1505.0,21672.0,0.5,-0.0034297891943424474,0.859375,0.36469945311546326,0.0,0.8860228136181831,1.0,1387008.0,0.0001,2709.0,0.2,385.1564102470875,256.0,0.01171875,0.8125,-0.12303050979971886,513.5,45.0,0.765625,49.02663803100586,0.3693500757217407,-132.59333543595042
256.0,0.55078125,0.0023509161546826363,1179.0,21680.0,0.5,-0.005876750790775986,0.8984375,0.329961359500885,0.0,0.8986149653792381,1.0,1387520.0,0.0001,2710.0,0.2,344.3104299902916,256.0,0.01708984375,0.84765625,-0.14161634194897488,531.5,45.0,0.796875,40.034908294677734,0.3394678831100464,-130.5198800023517
256.0,0.478515625,0.0033248187974095345,1499.0,21688.0,0.5,-0.0057025309797609225,0.8046875,0.3174740672111511,0.0,0.9264080449938774,1.0,1388032.0,0.0001,2711.0,0.2,209.60120168328285,256.0,0.022216796875,0.826171875,-0.13779441453516483,555.0,45.0,0.84765625,32.07733154296875,0.3216937482357025,-126.18298986653913
256.0,0.48046875,0.004276463761925697,1493.0,21696.0,0.5,-0.0061878853011876345,0.78515625,0.32555121183395386,0.0,0.9510407708585262,1.0,1388544.0,0.0001,2712.0,0.2,117.41944891214371,256.0,0.02490234375,0.8046875,-0.13615064736222848,581.0,45.0,0.82421875,18.22864532470703,0.35970667004585266,-127.6273670699366
256.0,0.47265625,0.002063971711322665,1528.0,21704.0,0.5,-0.004041105083160801,0.765625,0.3138244152069092,0.0,0.8910567760467529,1.0,1389056.0,0.0001,2713.0,0.2,392.03350004553795,256.0,0.012451171875,0.79296875,-0.13492367387516424,593.0,45.0,0.8203125,53.677589416503906,0.37087178230285645,-127.39039397860296
256.0,0.48828125,0.003142992965877056,1193.0,21712.0,0.5,-0.0042440738616278395,0.8125,0.31932705640792847,0.0,0.9375853203237057,1.0,1389568.0,0.0001,2714.0,0.2,233.2616445273161,256.0,0.017333984375,0.82421875,-0.12432734580943361,584.5,45.0,0.8359375,100.67646789550781,0.33818498253822327,-127.99009785184754
256.0,0.482421875,0.002729873638600111,1224.0,21720.0,0.5,-0.00450158238527365,0.8203125,0.3216512203216553,0.0,0.9194998890161514,1.0,1390080.0,0.0001,2715.0,0.2,119.91762228310108,256.0,0.018310546875,0.837890625,-0.15035376674495637,579.5,45.0,0.85546875,9.772822380065918,0.30940863490104675,-130.5575707437389
256.0,0.515625,0.0025486317463219166,1537.0,21728.0,0.5,-0.007121030088455882,0.81640625,0.35785984992980957,0.0,0.8747773319482803,1.0,1390592.0,0.0001,2716.0,0.2,601.7299842238426,256.0,0.038818359375,0.80078125,-0.16337090253364295,570.5,45.0,0.78515625,190.54849243164062,0.3736118972301483,-135.07969367087586
256.0,0.505859375,0.0017008405411615968,1386.0,21736.0,0.5,-0.005286060462822206,0.87109375,0.3481229543685913,0.0,0.9048921093344688,1.0,1391104.0,0.0001,2717.0,0.2,337.8215881586075,256.0,0.019775390625,0.865234375,-0.1410155520425178,600.0,45.0,0.859375,129.36863708496094,0.3156777024269104,-135.78907471344573
256.0,0.544921875,0.003786050947383046,1508.0,21744.0,0.5,-0.004810015725524863,0.8984375,0.3411426246166229,0.0,0.9215008169412613,1.0,1391616.0,0.0001,2718.0,0.2,299.76929330825806,256.0,0.020751953125,0.853515625,-0.12917992287839297,598.5,45.0,0.80859375,27.22471046447754,0.3265581727027893,-134.51561853271676
256.0,0.53515625,0.004821353126317263,1478.0,21752.0,0.5,-0.005527939480089117,0.88671875,0.33845585584640503,0.0,0.9448054656386375,1.0,1392128.0,0.0001,2719.0,0.2,131.38604974746704,256.0,0.029541015625,0.8515625,-0.1670772543293424,583.5,45.0,0.81640625,33.38372802734375,0.3062405586242676,-135.24254916799953
256.0,0.568359375,0.0012674652971327305,1209.0,21760.0,0.5,-0.00408218383017811,0.88671875,0.35358327627182007,0.0,0.9047651290893555,1.0,1392640.0,0.0001,2720.0,0.2,280.2506797015667,256.0,0.008056640625,0.818359375,-0.09918160998495296,563.5,45.0,0.75,45.5678825378418,0.3547065258026123,-131.34813392604934
256.0,0.529296875,0.0025037219747900963,1467.0,21768.0,0.5,-0.0057797017361735925,0.90234375,0.30786919593811035,0.0,0.9332797974348068,1.0,1393152.0,0.0001,2721.0,0.2,206.8161998987198,256.0,0.016357421875,0.873046875,-0.12800693325698376,553.0,45.0,0.84375,35.92875671386719,0.26843076944351196,-128.91539455269697
256.0,0.5078125,0.002965694759041071,1571.0,21776.0,0.5,-0.008488557796226814,0.84765625,0.3089964687824249,0.0,0.9308239594101906,1.0,1393664.0,0.0001,2722.0,0.2,140.04920195043087,256.0,0.0390625,0.83984375,-0.13943345221923664,564.5,45.0,0.83203125,21.99993133544922,0.2902523875236511,-128.51215480718994
256.0,0.513671875,0.003013893961906433,1517.0,21784.0,0.5,-0.008308149750519078,0.84375,0.3427071273326874,0.0,0.9497750885784626,1.0,1394176.0,0.0001,2723.0,0.2,64.74155347794294,256.0,0.04345703125,0.830078125,-0.15713134518591687,565.5,45.0,0.81640625,10.343913078308105,0.36152082681655884,-127.38604993236018
256.0,0.498046875,0.0027871807105839252,1530.0,21792.0,0.5,-0.0052683404355775565,0.86328125,0.3120156526565552,0.0,0.8461997509002686,1.0,1394688.0,0.0001,2724.0,0.2,530.9675024747849,256.0,0.025634765625,0.865234375,-0.11711339667090215,564.0,45.0,0.8671875,27.818721771240234,0.27359360456466675,-128.04958822166316
256.0,0.552734375,0.002011177595704794,1110.0,21800.0,0.5,-0.005021753735491075,0.83984375,0.3685454726219177,0.0,0.889297217130661,1.0,1395200.0,0.0001,2725.0,0.2,254.67821657657623,256.0,0.019287109375,0.787109375,-0.14791703227092512,577.0,45.0,0.734375,26.46141815185547,0.37677258253097534,-126.1046784882713
256.0,0.509765625,0.0011018660152330995,1530.0,21808.0,0.5,-0.003262299138441449,0.83984375,0.3294018507003784,0.0,0.8670393526554108,1.0,1395712.0,0.0001,2726.0,0.2,407.97961688041687,256.0,0.012939453125,0.830078125,-0.13332385226385668,532.0,45.0,0.8203125,76.01459503173828,0.3364938795566559,-125.26535143421032
256.0,0.537109375,0.0023638757411390543,1391.0,21816.0,0.5,-0.004877003768342547,0.83984375,0.3660513162612915,0.0,0.9352374523878098,1.0,1396224.0,0.0001,2727.0,0.2,141.09965950250626,256.0,0.01904296875,0.802734375,-0.14240143215283751,558.5,45.0,0.765625,22.141990661621094,0.3790348470211029,-127.21900942136999
256.0,0.513671875,0.0018306359415873885,1486.0,21824.0,0.5,-0.005254225296084769,0.84375,0.34391841292381287,0.0,0.9369403794407845,1.0,1396736.0,0.0001,2728.0,0.2,175.79199294745922,256.0,0.01904296875,0.830078125,-0.11126461476669647,571.0,45.0,0.81640625,85.2366943359375,0.34572499990463257,-128.13870229804655
256.0,0.51171875,0.002082536229863763,1490.0,21832.0,0.5,-0.004048912589496467,0.83203125,0.3184787631034851,0.0,0.9231745526194572,1.0,1397248.0,0.0001,2729.0,0.2,197.58146715164185,256.0,0.01220703125,0.8203125,-0.11134265357395634,573.0,45.0,0.80859375,55.40193557739258,0.33251577615737915,-129.25185088045663
256.0,0.47265625,0.002720713848248124,1500.0,21840.0,0.5,-0.005306849750922993,0.82421875,0.31808632612228394,0.0,0.9304832890629768,1.0,1397760.0,0.0001,2730.0,0.2,160.850860953331,256.0,0.02734375,0.8515625,-0.13652321611880325,583.0,45.0,0.87890625,26.0295467376709,0.29978683590888977,-130.90110804314025
256.0,0.50390625,0.0034484495408833027,1516.0,21848.0,0.5,-0.005214391952904407,0.85546875,0.32538512349128723,0.0,0.9462229870259762,1.0,1398272.0,0.0001,2731.0,0.2,102.5326058268547,256.0,0.02783203125,0.8515625,-0.15346231855801307,560.0,45.0,0.84765625,20.176061630249023,0.2993192672729492,-131.18338230573107
256.0,0.515625,0.00424367468804121,1496.0,21856.0,0.5,-0.0058558702730806544,0.859375,0.3188362717628479,0.0,0.9466389305889606,1.0,1398784.0,0.0001,2732.0,0.2,108.48796986043453,256.0,0.02294921875,0.84375,-0.14384938834700733,576.5,45.0,0.828125,15.891227722167969,0.2932289242744446,-133.93644066729118
256.0,0.529296875,0.0033134431578218937,1559.0,21864.0,0.5,-0.00740233862597961,0.8828125,0.32176634669303894,0.0,0.8991548717021942,1.0,1399296.0,0.0001,2733.0,0.2,501.8263809978962,256.0,0.03076171875,0.853515625,-0.11995415910496376,560.5,45.0,0.82421875,74.67898559570312,0.2896920144557953,-131.239953043079
256.0,0.498046875,0.0046295346692204475,1474.0,21872.0,0.5,-0.008850595411786344,0.85546875,0.33740997314453125,0.0,0.8728206306695938,1.0,1399808.0,0.0001,2734.0,0.2,317.6564580500126,256.0,0.038818359375,0.857421875,-0.15392983419587836,559.5,45.0,0.859375,60.00672149658203,0.308136522769928,-132.80070293858182
256.0,0.505859375,0.004300769418478012,1550.0,21880.0,0.5,-0.007578156728413887,0.875,0.31782323122024536,0.0,0.9161238670349121,1.0,1400320.0,0.0001,2735.0,0.2,164.61057490110397,256.0,0.02880859375,0.869140625,-0.16855921782553196,561.5,45.0,0.86328125,29.215097427368164,0.301062673330307,-135.25821916372982
256.0,0.51953125,0.003932952415198088,1419.0,21888.0,0.5,-0.006079834260162897,0.8671875,0.3219536542892456,0.0,0.9382968619465828,1.0,1400832.0,0.0001,2736.0,0.2,96.45467863976955,256.0,0.029296875,0.84765625,-0.16437968658283353,550.0,45.0,0.828125,12.212965965270996,0.31801706552505493,-134.41083883849905
256.0,0.568359375,0.006963794119656086,1421.0,21896.0,0.5,-0.006448763619118836,0.89453125,0.33993032574653625,0.0,0.9533442445099354,1.0,1401344.0,0.0001,2737.0,0.2,108.56312373280525,256.0,0.025634765625,0.826171875,-0.16766440839273855,532.0,45.0,0.7578125,17.257343292236328,0.33740127086639404,-135.19623649460962
256.0,0.517578125,0.0044312020763754845,1587.0,21904.0,0.5,-0.004548936944047455,0.8828125,0.3028488755226135,0.0,0.9610515385866165,1.0,1401856.0,0.0001,2738.0,0.2,106.67733190953732,256.0,0.02587890625,0.865234375,-0.1446677978092339,518.5,45.0,0.84765625,5.44923210144043,0.2760688364505768,-136.00559100687968
256.0,0.5234375,0.002564701484516263,1515.0,21912.0,0.5,-0.00511108260252513,0.875,0.33885735273361206,0.0,0.9310995191335678,1.0,1402368.0,0.0001,2739.0,0.2,162.46457993984222,256.0,0.023193359375,0.8515625,-0.15508563467301428,514.0,45.0,0.828125,31.93655014038086,0.2987956404685974,-136.74385070463876
256.0,0.521484375,0.002911125309765339,1544.0,21920.0,0.5,-0.004959375317412196,0.9140625,0.2995912432670593,0.0,0.9642261900007725,1.0,1402880.0,0.0001,2740.0,0.2,85.51634182035923,256.0,0.015869140625,0.892578125,-0.15326839726185426,520.5,45.0,0.87109375,6.853343486785889,0.26056498289108276,-134.67129753092536
256.0,0.529296875,0.002617897465825081,1477.0,21928.0,0.5,-0.005348681508621667,0.91015625,0.2692139148712158,0.0,0.9469854943454266,1.0,1403392.0,0.0001,2741.0,0.2,132.84291765093803,256.0,0.018310546875,0.880859375,-0.13436184450984,497.5,45.0,0.8515625,28.908063888549805,0.28143298625946045,-132.8440186329023
256.0,0.517578125,0.004001390188932419,1532.0,21936.0,0.5,-0.005467987895826809,0.8671875,0.309332013130188,0.0,0.9158117547631264,1.0,1403904.0,0.0001,2742.0,0.2,173.48357059061527,256.0,0.022705078125,0.849609375,-0.16180656844517216,507.5,45.0,0.83203125,41.34993362426758,0.28781670331954956,-136.51118338615868
256.0,0.53125,0.002494733314961195,1438.0,21944.0,0.5,-0.005382552670198493,0.859375,0.31596916913986206,0.0,0.9497271664440632,1.0,1404416.0,0.0001,2743.0,0.2,123.10969296097755,256.0,0.024169921875,0.828125,-0.16180206535500474,512.5,45.0,0.796875,9.61134147644043,0.31923630833625793,-135.87566808848408
256.0,0.509765625,0.008155408315360546,1478.0,21952.0,0.5,-0.008065465990512166,0.88671875,0.2979310154914856,0.0,0.9308240488171577,1.0,1404928.0,0.0001,2744.0,0.2,113.53830622881651,256.0,0.043701171875,0.876953125,-0.17286068212706596,508.5,45.0,0.8671875,11.077367782592773,0.28261542320251465,-134.0191712681274
256.0,0.517578125,0.006487611215561628,1155.0,21960.0,0.5,-0.007942708267364651,0.89453125,0.27898460626602173,0.0,0.9476718902587891,1.0,1405440.0,0.0001,2745.0,0.2,80.72701868414879,256.0,0.044189453125,0.876953125,-0.16900000913301483,502.0,45.0,0.859375,13.554717063903809,0.2632821500301361,-136.93018465204398
256.0,0.56640625,0.0027356285136193037,1534.0,21968.0,0.5,-0.0072959121243911795,0.87890625,0.3182156980037689,0.0,0.9541275948286057,1.0,1405952.0,0.0001,2746.0,0.2,145.2095200419426,256.0,0.02783203125,0.8125,-0.15291946206707507,492.5,45.0,0.74609375,25.074726104736328,0.35925817489624023,-139.03308015594493
256.0,0.51953125,0.004854509141296148,1502.0,21976.0,0.5,-0.008670809475006536,0.85546875,0.283935010433197,0.0,0.9458362646400928,1.0,1406464.0,0.0001,2747.0,0.2,76.85010874271393,256.0,0.037353515625,0.8359375,-0.16148971481015906,480.5,45.0,0.81640625,19.459434509277344,0.3092917203903198,-139.67822853912367
256.0,0.568359375,0.005211591720581055,1500.0,21984.0,0.5,-0.00490176227685879,0.91796875,0.3354688286781311,0.0,0.9491620510816574,1.0,1406976.0,0.0001,2748.0,0.2,114.66333082318306,256.0,0.022216796875,0.849609375,-0.13807834379258566,488.0,45.0,0.78125,18.806978225708008,0.3337904214859009,-143.24952562685823
256.0,0.513671875,0.00627363845705986,1513.0,21992.0,0.5,-0.00846927421662258,0.875,0.29776766896247864,0.0,0.9671537950634956,1.0,1407488.0,0.0001,2749.0,0.2,53.06757511198521,256.0,0.036376953125,0.861328125,-0.1555675275158137,486.0,45.0,0.84765625,10.465076446533203,0.27923232316970825,-142.6294044677075
256.0,0.5546875,0.002470619510859251,1434.0,22000.0,0.5,-0.004356652272690553,0.86328125,0.32311221957206726,0.0,0.9186607375741005,1.0,1408000.0,0.0001,2750.0,0.2,261.23263189196587,256.0,0.022705078125,0.80859375,-0.1295472171914298,494.5,45.0,0.75390625,25.07770347595215,0.3368014693260193,-142.41574192045258
256.0,0.52734375,0.005566511303186417,1214.0,22008.0,0.5,-0.009370360006869305,0.87109375,0.3152715563774109,0.0,0.948857381939888,1.0,1408512.0,0.0001,2751.0,0.2,124.25269289314747,256.0,0.044189453125,0.84375,-0.16486443276517093,504.5,45.0,0.81640625,15.639815330505371,0.2995157241821289,-139.34077372540023
256.0,0.51953125,0.0019533485174179077,1444.0,22016.0,0.5,-0.003908512546331622,0.8671875,0.3249709904193878,0.0,0.9362644553184509,1.0,1409024.0,0.0001,2752.0,0.2,156.33372546732426,256.0,0.017578125,0.84765625,-0.13957440937520005,506.5,45.0,0.828125,54.41131591796875,0.2991160750389099,-137.90391752817553
256.0,0.556640625,0.004559331573545933,1428.0,22024.0,0.5,-0.007090701652487041,0.89453125,0.3243425786495209,0.0,0.9661232642829418,1.0,1409536.0,0.0001,2753.0,0.2,89.23312421143055,256.0,0.0361328125,0.837890625,-0.15306979278102517,515.0,45.0,0.78125,13.26630973815918,0.324004590511322,-136.3613868493866
256.0,0.5546875,0.008720185607671738,1385.0,22032.0,0.5,-0.012488205924455542,0.890625,0.3190377950668335,0.0,0.9362033829092979,1.0,1410048.0,0.0001,2754.0,0.2,112.9314745888114,256.0,0.052001953125,0.8359375,-0.16874870413448662,535.0,45.0,0.78125,15.179920196533203,0.32922327518463135,-133.3473072598502
256.0,0.537109375,0.00933600589632988,1517.0,22040.0,0.5,-0.007704579780693166,0.83984375,0.33321166038513184,0.0,0.9530908949673176,1.0,1410560.0,0.0001,2755.0,0.2,135.4004688858986,256.0,0.052978515625,0.802734375,-0.12229967111488804,537.0,45.0,0.765625,22.0850772857666,0.36511504650115967,-131.19107392672916
256.0,0.544921875,0.003053437452763319,1219.0,22048.0,0.5,-0.007357732334639877,0.8515625,0.3183012008666992,0.0,0.9670988470315933,1.0,1411072.0,0.0001,2756.0,0.2,76.97426179796457,256.0,0.02880859375,0.806640625,-0.1398848006501794,551.5,45.0,0.76171875,8.856559753417969,0.34361231327056885,-130.3586468293937
256.0,0.513671875,0.002412619534879923,1469.0,22056.0,0.5,-0.007079181970766513,0.8359375,0.32471951842308044,0.0,0.9670049361884594,1.0,1411584.0,0.0001,2757.0,0.2,99.35024650394917,256.0,0.029296875,0.822265625,-0.1604878832877148,561.0,45.0,0.80859375,11.715723991394043,0.34954512119293213,-126.28711854681373
256.0,0.509765625,0.0025520685594528913,1479.0,22064.0,0.5,-0.00641089281270979,0.85546875,0.30291539430618286,0.0,0.9053082689642906,1.0,1412096.0,0.0001,2758.0,0.2,340.47192588448524,256.0,0.0341796875,0.845703125,-0.1264695162535645,562.0,45.0,0.8359375,15.20549201965332,0.3181612193584442,-128.26296338923277
256.0,0.486328125,0.0038062450475990772,1474.0,22072.0,0.5,-0.008136402924719732,0.84375,0.3195767402648926,0.0,0.9374700412154198,1.0,1412608.0,0.0001,2759.0,0.2,135.4700119793415,256.0,0.0263671875,0.857421875,-0.1422554618329741,570.5,45.0,0.87109375,11.85924243927002,0.3014780879020691,-129.44736473949627
256.0,0.482421875,0.004298715852200985,1413.0,22080.0,0.5,-0.004085791551915463,0.83203125,0.32419702410697937,0.0,0.8955403864383698,1.0,1413120.0,0.0001,2760.0,0.2,242.4375966489315,256.0,0.0263671875,0.849609375,-0.13513608853099868,575.5,45.0,0.8671875,34.46293640136719,0.33058756589889526,-130.3284804513096
256.0,0.453125,0.0028625824488699436,1131.0,22088.0,0.5,-0.006526607401610818,0.78515625,0.3383807837963104,0.0,0.8695203065872192,1.0,1413632.0,0.0001,2761.0,0.2,395.00979283452034,256.0,0.021728515625,0.83203125,-0.1344525094900746,571.5,45.0,0.87890625,36.99112319946289,0.3335477113723755,-132.35155252543393
256.0,0.525390625,0.0037894914858043194,1477.0,22096.0,0.5,-0.004540716465271544,0.83984375,0.35576552152633667,0.0,0.8660077154636383,1.0,1414144.0,0.0001,2762.0,0.2,289.99030190706253,256.0,0.02685546875,0.814453125,-0.1568277826299891,562.0,45.0,0.7890625,23.65232276916504,0.3747783303260803,-136.7516422124952
256.0,0.51953125,0.003839395008981228,1483.0,22104.0,0.5,-0.0050887748366221786,0.84375,0.34080466628074646,0.0,0.95260414108634,1.0,1414656.0,0.0001,2763.0,0.2,107.13210938870907,256.0,0.020263671875,0.82421875,-0.1373320089187473,564.0,45.0,0.8046875,7.688321590423584,0.3546810448169708,-137.2135234915139
256.0,0.53125,0.0018230496207252145,1484.0,22112.0,0.5,-0.002950258229247993,0.875,0.34266895055770874,0.0,0.9281221777200699,1.0,1415168.0,0.0001,2764.0,0.2,180.14059440791607,256.0,0.008544921875,0.84375,-0.10176623583538458,571.5,45.0,0.8125,13.564538955688477,0.3258697986602783,-134.9648351665982
256.0,0.54296875,0.007933183573186398,1536.0,22120.0,0.5,-0.011068303192587337,0.93359375,0.3041442334651947,0.0,0.9625059887766838,1.0,1415680.0,0.0001,2765.0,0.2,71.20684768259525,256.0,0.0478515625,0.890625,-0.1421257698093541,582.5,45.0,0.84765625,5.602672100067139,0.2473136931657791,-134.96093203695258
256.0,0.548828125,0.003680048044770956,1217.0,22128.0,0.5,-0.007540079721366055,0.88671875,0.349492609500885,0.0,0.9636164270341396,1.0,1416192.0,0.0001,2766.0,0.2,97.99463295191526,256.0,0.0322265625,0.837890625,-0.14919788209954277,577.5,45.0,0.7890625,11.636421203613281,0.31997084617614746,-133.026950707098
256.0,0.5859375,0.0033699010964483023,1496.0,22136.0,0.5,-0.004470233958272729,0.875,0.34898892045021057,0.0,0.9494251869618893,1.0,1416704.0,0.0001,2767.0,0.2,150.72903050482273,256.0,0.018798828125,0.7890625,-0.1482701445929706,595.5,45.0,0.703125,11.371512413024902,0.390907347202301,-130.5147651844262
256.0,0.5390625,0.001723604742437601,1461.0,22144.0,0.5,-0.0027432802744442597,0.86328125,0.3486490845680237,0.0,0.9063554778695107,1.0,1417216.0,0.0001,2768.0,0.2,311.88364151120186,256.0,0.018798828125,0.82421875,-0.12701997117255814,587.5,45.0,0.78515625,109.92742156982422,0.32541316747665405,-124.74209311170038
256.0,0.544921875,0.0025738729164004326,1425.0,22152.0,0.5,-0.0053776862696395256,0.875,0.3398345708847046,0.0,0.9627498462796211,1.0,1417728.0,0.0001,2769.0,0.2,89.27888756990433,256.0,0.01953125,0.830078125,-0.1423761564947199,582.0,45.0,0.78515625,12.264860153198242,0.33071985840797424,-123.47062688291072
256.0,0.47265625,0.0026160702109336853,1522.0,22160.0,0.5,-0.00699752033688128,0.859375,0.32607871294021606,0.0,0.9644779898226261,1.0,1418240.0,0.0001,2770.0,0.2,83.30578345805407,256.0,0.02685546875,0.88671875,-0.13723254256183282,591.5,45.0,0.9140625,26.379249572753906,0.2819579243659973,-120.6387244025385
256.0,0.46875,0.007833532989025116,1154.0,22168.0,0.5,-0.012271607141883578,0.84375,0.32741451263427734,0.0,0.9093684554100037,1.0,1418752.0,0.0001,2771.0,0.2,140.8451064825058,256.0,0.0439453125,0.875,-0.16909785743337125,599.5,45.0,0.90625,17.978206634521484,0.28994953632354736,-118.38084465855268
256.0,0.474609375,0.004266653209924698,1493.0,22176.0,0.5,-0.010397838581411634,0.8046875,0.32536008954048157,0.0,0.9664448574185371,1.0,1419264.0,0.0001,2772.0,0.2,61.53663193061948,256.0,0.041015625,0.830078125,-0.1720115237403661,593.0,45.0,0.85546875,11.008474349975586,0.3441593050956726,-120.23691666547907
256.0,0.478515625,0.004977148957550526,1510.0,22184.0,0.5,-0.005288401160214562,0.84375,0.2983758747577667,0.0,0.939817801117897,1.0,1419776.0,0.0001,2773.0,0.2,126.20579381287098,256.0,0.032470703125,0.865234375,-0.11147027206607163,582.0,45.0,0.88671875,28.778961181640625,0.28685420751571655,-124.17471204326256
256.0,0.498046875,0.002591775031760335,1518.0,22192.0,0.5,-0.004908183538645972,0.84765625,0.3343818485736847,0.0,0.9473638981580734,1.0,1420288.0,0.0001,2774.0,0.2,101.23001380264759,256.0,0.0400390625,0.849609375,-0.12336018064524978,583.0,45.0,0.8515625,10.97408390045166,0.3126399517059326,-126.8938395846053
256.0,0.57421875,0.0028935307636857033,1472.0,22200.0,0.5,-0.005002090998459607,0.8828125,0.36520272493362427,0.0,0.9475886449217796,1.0,1420800.0,0.0001,2775.0,0.2,126.85649015009403,256.0,0.02001953125,0.80859375,-0.1334748688095715,578.0,45.0,0.734375,16.51886558532715,0.3764073848724365,-127.98644679969176
256.0,0.544921875,0.002389091532677412,1492.0,22208.0,0.5,-0.0048208403022727,0.890625,0.2979122996330261,0.0,0.9488446675240993,1.0,1421312.0,0.0001,2776.0,0.2,162.72056105732918,256.0,0.01611328125,0.845703125,-0.13344970223261043,584.0,45.0,0.80078125,48.76643753051758,0.29615527391433716,-129.38806229418142
256.0,0.529296875,0.003641773946583271,1210.0,22216.0,0.5,-0.0058708507931442,0.8671875,0.34821969270706177,0.0,0.9714492224156857,1.0,1421824.0,0.0001,2777.0,0.2,69.61166352033615,256.0,0.02490234375,0.837890625,-0.13422218276537023,592.0,45.0,0.80859375,17.007070541381836,0.34322819113731384,-130.81068911569426
256.0,0.5625,0.002468409948050976,1497.0,22224.0,0.5,-0.0043426532502053306,0.89453125,0.3355358839035034,0.0,0.9111466854810715,1.0,1422336.0,0.0001,2778.0,0.2,354.3722230195999,256.0,0.01416015625,0.83203125,-0.13754599262028933,568.0,45.0,0.76953125,59.193729400634766,0.3565336763858795,-129.4473089936818
256.0,0.509765625,0.002389050554484129,1400.0,22232.0,0.5,-0.006724692055286141,0.890625,0.31322571635246277,0.0,0.8999102264642715,1.0,1422848.0,0.0001,2779.0,0.2,432.7727304697037,256.0,0.02978515625,0.880859375,-0.12611405417555943,547.0,45.0,0.87109375,47.832096099853516,0.2806423604488373,-131.3754507920402
256.0,0.572265625,0.0030345504637807608,1298.0,22240.0,0.5,-0.006956171499041375,0.8671875,0.3329768776893616,0.0,0.9189328029751778,1.0,1423360.0,0.0001,2780.0,0.2,211.9895247220993,256.0,0.027587890625,0.794921875,-0.16088034416316077,538.0,45.0,0.72265625,18.96926498413086,0.3547765016555786,-133.67224405346207
256.0,0.541015625,0.001956682186573744,1516.0,22248.0,0.5,-0.0027952802483923733,0.84375,0.32215216755867004,0.0,0.833894819021225,1.0,1423872.0,0.0001,2781.0,0.2,505.2674094736576,256.0,0.010986328125,0.802734375,-0.12060682542505674,540.5,45.0,0.76171875,64.79673767089844,0.3613356649875641,-132.23238783190726
256.0,0.509765625,0.004313922021538019,1263.0,22256.0,0.5,-0.005789672941318713,0.85546875,0.3054685890674591,0.0,0.9592684432864189,1.0,1424384.0,0.0001,2782.0,0.2,113.06462043523788,256.0,0.025390625,0.845703125,-0.13092976744519547,556.0,45.0,0.8359375,16.36093521118164,0.310524046421051,-130.79598245473812
256.0,0.484375,0.0025248792953789234,1396.0,22264.0,0.5,-0.005034936984884553,0.8125,0.316131591796875,0.0,0.9114730581641197,1.0,1424896.0,0.0001,2783.0,0.2,144.1322468072176,256.0,0.018798828125,0.828125,-0.11721220074105076,546.0,45.0,0.84375,21.673248291015625,0.32172274589538574,-130.2175663188682
256.0,0.533203125,0.0034775324165821075,1501.0,22272.0,0.5,-0.005023031422751956,0.8515625,0.3385477066040039,0.0,0.9392883665859699,1.0,1425408.0,0.0001,2784.0,0.2,106.74128144234419,256.0,0.0361328125,0.818359375,-0.14696954618557356,561.0,45.0,0.78515625,23.360183715820312,0.3660423755645752,-131.40549295799573
256.0,0.51171875,0.0019465588266029954,1527.0,22280.0,0.5,-0.004533109626208898,0.8671875,0.31886741518974304,0.0,0.9329792335629463,1.0,1425920.0,0.0001,2785.0,0.2,162.6833610534668,256.0,0.016357421875,0.85546875,-0.13220890951924957,566.0,45.0,0.84375,26.75833511352539,0.322103351354599,-132.9873098853673
256.0,0.560546875,0.0051982467994093895,1439.0,22288.0,0.5,-0.009320307792222593,0.828125,0.38099372386932373,0.0,0.9287943691015244,1.0,1426432.0,0.0001,2786.0,0.2,158.70400522649288,256.0,0.04443359375,0.767578125,-0.14423880772665143,598.5,45.0,0.70703125,15.620972633361816,0.40912529826164246,-133.5456678747083
256.0,0.51171875,0.002516556764021516,1190.0,22296.0,0.5,-0.003643009484221693,0.8359375,0.3242707848548889,0.0,0.8971114903688431,1.0,1426944.0,0.0001,2787.0,0.2,274.0235967338085,256.0,0.0166015625,0.82421875,-0.16006614407524467,619.0,45.0,0.8125,138.94515991210938,0.34993433952331543,-132.94745958792745
256.0,0.509765625,0.0042405929416418076,1469.0,22304.0,0.5,-0.008599687280366197,0.84765625,0.3531525731086731,0.0,0.942371416836977,1.0,1427456.0,0.0001,2788.0,0.2,140.89645947515965,256.0,0.02685546875,0.837890625,-0.1640039355843328,626.0,45.0,0.828125,20.376245498657227,0.33915895223617554,-133.4865256480803
256.0,0.56640625,0.009777801111340523,1450.0,22312.0,0.5,-0.009904241203912534,0.89453125,0.3338686525821686,0.0,0.9507428705692291,1.0,1427968.0,0.0001,2789.0,0.2,109.80088383704424,256.0,0.0400390625,0.828125,-0.15013610303867608,640.5,45.0,0.76171875,8.523757934570312,0.34254390001296997,-132.31774399578805
256.0,0.4921875,0.002470119157806039,1455.0,22320.0,0.5,-0.0056123430986190215,0.828125,0.3473738431930542,0.0,0.9295778498053551,1.0,1428480.0,0.0001,2790.0,0.2,217.1648828536272,256.0,0.021240234375,0.8359375,-0.1419063720095437,646.0,45.0,0.84375,58.45682907104492,0.3279285430908203,-132.17457234202186
256.0,0.486328125,0.005207809619605541,1470.0,22328.0,0.5,-0.0057356292418262456,0.8125,0.3247380554676056,0.0,0.95450883731246,1.0,1428992.0,0.0001,2791.0,0.2,104.10733585059643,256.0,0.03515625,0.826171875,-0.13516208255896345,641.0,45.0,0.83984375,24.593141555786133,0.3088802099227905,-130.295545215921
256.0,0.50390625,0.003439533058553934,1224.0,22336.0,0.5,-0.006365257933794055,0.83203125,0.3449757695198059,0.0,0.9583237320184708,1.0,1429504.0,0.0001,2792.0,0.2,99.44846160709858,256.0,0.031005859375,0.828125,-0.1158671363373287,632.5,45.0,0.82421875,11.909889221191406,0.3184977173805237,-128.89406020716763
256.0,0.521484375,0.004453796893358231,1470.0,22344.0,0.5,-0.0064374787361884955,0.8671875,0.34267905354499817,0.0,0.9655753634870052,1.0,1430016.0,0.0001,2793.0,0.2,79.05371838063002,256.0,0.033935546875,0.845703125,-0.13376710881129839,636.0,45.0,0.82421875,7.342168807983398,0.3242640793323517,-127.31165763472207
256.0,0.529296875,0.0036034355871379375,1486.0,22352.0,0.5,-0.009243164866347797,0.88671875,0.31728869676589966,0.0,0.9021492078900337,1.0,1430528.0,0.0001,2794.0,0.2,342.9904130399227,256.0,0.024658203125,0.857421875,-0.16147581808036193,629.0,45.0,0.828125,74.4476318359375,0.29923251271247864,-125.12472592310979
256.0,0.546875,0.002896931953728199,1500.0,22360.0,0.5,-0.0043715863866964355,0.88671875,0.3733530640602112,0.0,0.9436486959457397,1.0,1431040.0,0.0001,2795.0,0.2,125.5452369749546,256.0,0.0244140625,0.83984375,-0.1323688384727575,622.0,45.0,0.79296875,16.38652801513672,0.3446044325828552,-127.25579848136985
256.0,0.525390625,0.005012935027480125,1494.0,22368.0,0.5,-0.005784194450825453,0.90625,0.3324745297431946,0.0,0.9508269429206848,1.0,1431552.0,0.0001,2796.0,0.2,106.84435524791479,256.0,0.02587890625,0.880859375,-0.1536933148454409,608.0,45.0,0.85546875,12.44621467590332,0.2932855486869812,-124.66638734817971
256.0,0.5859375,0.0038788425736129284,1127.0,22376.0,0.5,-0.006356104582664557,0.890625,0.33910101652145386,0.0,0.9504718147218227,1.0,1432064.0,0.0001,2797.0,0.2,97.72686377167702,256.0,0.033203125,0.8046875,-0.15425235099974088,624.5,45.0,0.71875,15.706600189208984,0.3538704514503479,-124.02791994237806
256.0,0.568359375,0.0031289805192500353,1513.0,22384.0,0.5,-0.004141688670642907,0.91796875,0.32483065128326416,0.0,0.9249771013855934,1.0,1432576.0,0.0001,2798.0,0.2,286.6475676000118,256.0,0.01171875,0.849609375,-0.14428557304199785,608.5,45.0,0.78125,98.52284240722656,0.3151329457759857,-122.58507706899661
256.0,0.4921875,0.00272567942738533,1619.0,22392.0,0.5,-0.002550514276663307,0.8125,0.3339419960975647,0.0,0.8855559527873993,1.0,1433088.0,0.0001,2799.0,0.2,416.2502280473709,256.0,0.01708984375,0.8203125,-0.09671219874871895,600.5,45.0,0.828125,70.4013442993164,0.32647913694381714,-123.83020253079478
256.0,0.4765625,0.0047150831669569016,1566.0,22400.0,0.5,-0.005845113359100651,0.81640625,0.31297051906585693,0.0,0.9185649678111076,1.0,1433600.0,0.0001,2800.0,0.2,202.75641924142838,256.0,0.02734375,0.83984375,-0.14069896546425298,608.0,45.0,0.86328125,40.34564971923828,0.29175418615341187,-125.234778980962
256.0,0.5234375,0.003026477061212063,1460.0,22408.0,0.5,-0.0037604350472975057,0.87890625,0.3415883183479309,0.0,0.925675205886364,1.0,1434112.0,0.0001,2801.0,0.2,176.8211691379547,256.0,0.021484375,0.85546875,-0.13650912445154972,603.0,45.0,0.83203125,27.12697410583496,0.29953643679618835,-127.81179223338376
256.0,0.529296875,0.0033365797717124224,1592.0,22416.0,0.5,-0.004580113039992284,0.87109375,0.3151949644088745,0.0,0.9588953889906406,1.0,1434624.0,0.0001,2802.0,0.2,119.77578772604465,256.0,0.028564453125,0.841796875,-0.14457906587631442,596.0,45.0,0.8125,20.771821975708008,0.3232053816318512,-127.92446555780015
256.0,0.48828125,0.0024249530397355556,1235.0,22424.0,0.5,-0.0034693803609116003,0.82421875,0.31783321499824524,0.0,0.9057101905345917,1.0,1435136.0,0.0001,2803.0,0.2,150.89981868863106,256.0,0.0205078125,0.8359375,-0.11787242375430651,595.5,45.0,0.84765625,32.99449157714844,0.34052813053131104,-131.3334420113405
256.0,0.59765625,0.0033482073340564966,1476.0,22432.0,0.5,-0.006022588881023694,0.90625,0.35264328122138977,0.0,0.9236420840024948,1.0,1435648.0,0.0001,2804.0,0.2,186.19024701416492,256.0,0.01806640625,0.80859375,-0.13242773321690038,586.0,45.0,0.7109375,36.55242156982422,0.35063236951828003,-129.7930556735443
256.0,0.498046875,0.0021862867288291454,1453.0,22440.0,0.5,-0.0055435375033994205,0.84375,0.3125340938568115,0.0,0.907965637743473,1.0,1436160.0,0.0001,2805.0,0.2,299.53829821944237,256.0,0.010009765625,0.845703125,-0.1248644410079578,577.5,45.0,0.84765625,19.89917755126953,0.3159620463848114,-131.12461239502997
256.0,0.5390625,0.00728704035282135,1451.0,22448.0,0.5,-0.011025141531717964,0.859375,0.35423335433006287,0.0,0.9385133162140846,1.0,1436672.0,0.0001,2806.0,0.2,119.21928944438696,256.0,0.051513671875,0.8203125,-0.16226101201027632,569.0,45.0,0.78125,19.440847396850586,0.3506469428539276,-133.73880021774443
256.0,0.583984375,0.0061757974326610565,1512.0,22456.0,0.5,-0.010242426302284002,0.91796875,0.3248981237411499,0.0,0.879906065762043,1.0,1437184.0,0.0001,2807.0,0.2,461.26299917697906,256.0,0.04150390625,0.833984375,-0.1415619604231324,557.5,45.0,0.75,73.74842071533203,0.3181641101837158,-133.4242406050046
256.0,0.54296875,0.0013973936438560486,1584.0,22464.0,0.5,-0.00271414148301119,0.859375,0.3232806921005249,0.0,0.893356941640377,1.0,1437696.0,0.0001,2808.0,0.2,381.93520280718803,256.0,0.009033203125,0.81640625,-0.0930967862077523,563.5,45.0,0.7734375,77.32115936279297,0.3346518278121948,-132.70458850230324
256.0,0.525390625,0.002992870518937707,1433.0,22472.0,0.5,-0.00387304910691455,0.8671875,0.33470866084098816,0.0,0.9323941022157669,1.0,1438208.0,0.0001,2809.0,0.2,145.4992415457964,256.0,0.0224609375,0.841796875,-0.12341893225675449,549.5,45.0,0.81640625,20.512950897216797,0.31530338525772095,-132.50776503252098
256.0,0.509765625,0.001970459008589387,1548.0,22480.0,0.5,-0.0035785230102192145,0.8359375,0.33576783537864685,0.0,0.8864270821213722,1.0,1438720.0,0.0001,2810.0,0.2,229.4264053106308,256.0,0.018310546875,0.826171875,-0.12699293368496,565.5,45.0,0.81640625,95.66747283935547,0.34126245975494385,-130.7442945757392
256.0,0.46484375,0.006501879543066025,1600.0,22488.0,0.5,-0.009050523141922895,0.80078125,0.3302672505378723,0.0,0.9076172560453415,1.0,1439232.0,0.0001,2811.0,0.2,244.3676781207323,256.0,0.03564453125,0.8359375,-0.13502553457510658,541.5,45.0,0.87109375,27.228361129760742,0.32097727060317993,-130.33515731611055
256.0,0.517578125,0.002819337649270892,1397.0,22496.0,0.5,-0.0038077679801062914,0.8671875,0.3541545569896698,0.0,0.9008437097072601,1.0,1439744.0,0.0001,2812.0,0.2,124.53098559379578,256.0,0.017333984375,0.849609375,-0.13992924324702471,541.0,45.0,0.83203125,11.091583251953125,0.3040383458137512,-130.34992829215713
256.0,0.544921875,0.006783285178244114,1126.0,22504.0,0.5,-0.006550124897330534,0.8671875,0.359719842672348,0.0,0.9094246178865433,1.0,1440256.0,0.0001,2813.0,0.2,333.2228591442108,256.0,0.031982421875,0.822265625,-0.14176373422378674,588.5,45.0,0.77734375,46.78020095825195,0.3397846221923828,-129.64177373057464
256.0,0.5,0.005259656812995672,1526.0,22512.0,0.5,-0.006182406857988099,0.88671875,0.31991642713546753,0.0,0.939972285181284,1.0,1440768.0,0.0001,2814.0,0.2,132.41025064885616,256.0,0.033447265625,0.88671875,-0.13333324017003179,595.5,45.0,0.88671875,19.149736404418945,0.2735005021095276,-129.6239518543915
256.0,0.560546875,0.00418259808793664,1435.0,22520.0,0.5,-0.007343062476138584,0.86328125,0.3647685647010803,0.0,0.9365490078926086,1.0,1441280.0,0.0001,2815.0,0.2,112.28210833668709,256.0,0.032470703125,0.802734375,-0.15893000672804192,594.0,45.0,0.7421875,27.083080291748047,0.37364810705184937,-127.36161662142956
256.0,0.498046875,0.003814792027696967,1533.0,22528.0,0.5,-0.0060799578568548895,0.8359375,0.3345244526863098,0.0,0.8835145905613899,1.0,1441792.0,0.0001,2816.0,0.2,489.26191690564156,256.0,0.02783203125,0.837890625,-0.12906342881615274,592.5,45.0,0.83984375,217.22486877441406,0.3209180235862732,-128.26002185694176
256.0,0.509765625,0.0033687190152704716,1501.0,22536.0,0.5,-0.006457784515077947,0.8203125,0.3488100469112396,0.0,0.9352302774786949,1.0,1442304.0,0.0001,2817.0,0.2,130.75039905309677,256.0,0.02734375,0.810546875,-0.13173728094261605,599.0,45.0,0.80078125,11.852546691894531,0.35749852657318115,-128.72369515986415
256.0,0.48828125,0.002758992603048682,1208.0,22544.0,0.5,-0.005344870092812926,0.80078125,0.33235251903533936,0.0,0.9444859847426414,1.0,1442816.0,0.0001,2818.0,0.2,104.18537166714668,256.0,0.01953125,0.8125,-0.12999628388206474,603.0,45.0,0.82421875,18.933692932128906,0.34646713733673096,-128.16220720919782
256.0,0.513671875,0.0054925535805523396,1510.0,22552.0,0.5,-0.006411811009456869,0.83984375,0.365953654050827,0.0,0.9365163743495941,1.0,1443328.0,0.0001,2819.0,0.2,153.35503654181957,256.0,0.037353515625,0.826171875,-0.14127638810896315,599.5,45.0,0.8125,21.515581130981445,0.3620679974555969,-127.2430318808509
256.0,0.53515625,0.0024260315112769604,1485.0,22560.0,0.5,-0.0033163674888783135,0.90234375,0.331020712852478,0.0,0.9267240911722183,1.0,1443840.0,0.0001,2820.0,0.2,178.0639091283083,256.0,0.015625,0.8671875,-0.10676011968462262,617.5,45.0,0.83203125,14.548425674438477,0.2731812298297882,-127.79608938961755
256.0,0.560546875,0.006244722753763199,1539.0,22568.0,0.5,-0.01151637118528015,0.90234375,0.35490649938583374,0.0,0.9394511692225933,1.0,1444352.0,0.0001,2821.0,0.2,206.6217651963234,256.0,0.04833984375,0.841796875,-0.12652015936328098,620.0,45.0,0.78125,57.34114456176758,0.3208485245704651,-124.91346874139737
256.0,0.55859375,0.0025803339667618275,1450.0,22576.0,0.5,-0.004548908611468505,0.8984375,0.33791789412498474,0.0,0.9123838841915131,1.0,1444864.0,0.0001,2822.0,0.2,232.17513886094093,256.0,0.024658203125,0.83984375,-0.17109139362582937,591.0,45.0,0.78125,42.0030632019043,0.32822299003601074,-124.4435873514181
256.0,0.541015625,0.006513099651783705,1211.0,22584.0,0.5,-0.009226319405570393,0.90234375,0.3743478059768677,0.0,0.9647766873240471,1.0,1445376.0,0.0001,2823.0,0.2,81.60576391220093,256.0,0.048095703125,0.861328125,-0.14615230727940798,582.5,45.0,0.8203125,12.398977279663086,0.3421843349933624,-123.51492630405352
256.0,0.548828125,0.004611415788531303,1375.0,22592.0,0.5,-0.00450043180535431,0.87890625,0.3499753475189209,0.0,0.9013796076178551,1.0,1445888.0,0.0001,2824.0,0.2,267.05655862390995,256.0,0.030517578125,0.830078125,-0.16985531587852165,590.0,45.0,0.78125,109.18091583251953,0.35803985595703125,-124.25684590641409
256.0,0.537109375,0.003861130215227604,1543.0,22600.0,0.5,-0.007066518104693387,0.90625,0.3068404793739319,0.0,0.9474097453057766,1.0,1446400.0,0.0001,2825.0,0.2,105.48546463996172,256.0,0.0283203125,0.869140625,-0.13405429005797487,594.5,45.0,0.83203125,9.967033386230469,0.27593934535980225,-124.33996448632213
256.0,0.546875,0.00479250168427825,1587.0,22608.0,0.5,-0.01152307936717989,0.88671875,0.3358997702598572,0.0,0.911167748272419,1.0,1446912.0,0.0001,2826.0,0.2,263.315028578043,256.0,0.04736328125,0.83984375,-0.1403072757530026,580.0,45.0,0.79296875,17.97825050354004,0.3191787302494049,-124.16733128551277
256.0,0.515625,0.0034535734448581934,1465.0,22616.0,0.5,-0.004125840601773234,0.8515625,0.3314010500907898,0.0,0.9433082677423954,1.0,1447424.0,0.0001,2827.0,0.2,123.73547571897507,256.0,0.0234375,0.8359375,-0.1414780183986295,577.5,45.0,0.8203125,17.359195709228516,0.34162989258766174,-126.28258034335799
256.0,0.486328125,0.0024996548891067505,1238.0,22624.0,0.5,-0.0059470084379427135,0.83984375,0.3057049512863159,0.0,0.9319097325205803,1.0,1447936.0,0.0001,2828.0,0.2,135.65047153830528,256.0,0.032470703125,0.853515625,-0.1540902650449425,579.5,45.0,0.8671875,38.19454574584961,0.30009138584136963,-129.05932852662983
256.0,0.494140625,0.0024884138256311417,1501.0,22632.0,0.5,-0.00637337486477918,0.79296875,0.34103548526763916,0.0,0.9115107655525208,1.0,1448448.0,0.0001,2829.0,0.2,142.31055212020874,256.0,0.020263671875,0.798828125,-0.14853755541844293,580.0,45.0,0.8046875,23.334341049194336,0.3670879006385803,-131.3189324364427
256.0,0.5078125,0.0018839508993551135,1499.0,22640.0,0.5,-0.006053651712136343,0.8359375,0.32534950971603394,0.0,0.9204283952713013,1.0,1448960.0,0.0001,2830.0,0.2,224.54946318268776,256.0,0.0224609375,0.828125,-0.1294994252966717,585.0,45.0,0.8203125,49.89555740356445,0.3420405089855194,-134.56948690133518
256.0,0.486328125,0.0034346708562225103,1383.0,22648.0,0.5,-0.0054981164503260516,0.83203125,0.3338419795036316,0.0,0.9059111624956131,1.0,1449472.0,0.0001,2831.0,0.2,140.4725014269352,256.0,0.027099609375,0.845703125,-0.14787478596554138,600.0,45.0,0.859375,12.0237455368042,0.3383581042289734,-138.1404361678695
256.0,0.52734375,0.004472145810723305,1456.0,22656.0,0.5,-0.00698170909890905,0.87890625,0.35423460602760315,0.0,0.9463680498301983,1.0,1449984.0,0.0001,2832.0,0.2,87.80973292887211,256.0,0.0341796875,0.8515625,-0.16968612128403038,601.0,45.0,0.82421875,17.729045867919922,0.341960608959198,-138.06108756747446
256.0,0.560546875,0.006219848990440369,984.0,22664.0,0.5,-0.006496039839475998,0.89453125,0.30823004245758057,0.0,0.9645092487335205,1.0,1450496.0,0.0001,2833.0,0.2,66.41878824308515,256.0,0.032958984375,0.833984375,-0.1417895636986941,621.0,45.0,0.7734375,12.905484199523926,0.3139951527118683,-139.6850349462533
256.0,0.5546875,0.001979164080694318,1497.0,22672.0,0.5,-0.004219647162244655,0.875,0.3212062120437622,0.0,0.9410222992300987,1.0,1451008.0,0.0001,2834.0,0.2,153.97225476801395,256.0,0.01513671875,0.8203125,-0.13881377401412465,623.5,45.0,0.765625,8.88457202911377,0.3532097339630127,-138.11482943671754
256.0,0.5234375,0.0036091934889554977,1470.0,22680.0,0.5,-0.006033085355738876,0.86328125,0.33187857270240784,0.0,0.9638393931090832,1.0,1451520.0,0.0001,2835.0,0.2,79.9480446651578,256.0,0.025390625,0.83984375,-0.13272254349431023,626.0,45.0,0.81640625,13.439533233642578,0.311117947101593,-137.85250626847613
256.0,0.546875,0.0029946586582809687,1528.0,22688.0,0.5,-0.006640260253334418,0.8359375,0.3596562147140503,0.0,0.9593828059732914,1.0,1452032.0,0.0001,2836.0,0.2,148.14757511019707,256.0,0.021484375,0.7890625,-0.1336968011164572,651.0,45.0,0.7421875,13.18374252319336,0.35845947265625,-135.9701759256143
256.0,0.544921875,0.0039080106653273106,1547.0,22696.0,0.5,-0.005986013402434764,0.890625,0.2998020052909851,0.0,0.8976117074489594,1.0,1452544.0,0.0001,2837.0,0.2,394.46642684936523,256.0,0.02880859375,0.845703125,-0.13380365929333493,633.5,45.0,0.80078125,43.62738800048828,0.3072865605354309,-131.44620307338425
256.0,0.4765625,0.002946830354630947,1205.0,22704.0,0.5,-0.004263411221472779,0.8046875,0.35310202836990356,0.0,0.9305729493498802,1.0,1453056.0,0.0001,2838.0,0.2,202.56601533293724,256.0,0.018798828125,0.828125,-0.1354356386582367,616.0,45.0,0.8515625,79.24824523925781,0.324049174785614,-131.0564881065092
256.0,0.546875,0.005818042904138565,1531.0,22712.0,0.5,-0.010098476348503027,0.87109375,0.3452301621437073,0.0,0.8997653648257256,1.0,1453568.0,0.0001,2839.0,0.2,380.3636807203293,256.0,0.04833984375,0.82421875,-0.13779007716220804,635.0,45.0,0.77734375,96.46227264404297,0.35348954796791077,-129.7065064016811
256.0,0.46875,0.005714155733585358,1498.0,22720.0,0.5,-0.010202736655628541,0.83203125,0.32003527879714966,0.0,0.9322666674852371,1.0,1454080.0,0.0001,2840.0,0.2,131.80060149729252,256.0,0.032470703125,0.86328125,-0.14093358561513014,619.0,45.0,0.89453125,7.689382553100586,0.3002961575984955,-128.1119423887029
256.0,0.509765625,0.003966195974498987,1441.0,22728.0,0.5,-0.00751804640822229,0.80859375,0.3675784468650818,0.0,0.9656822271645069,1.0,1454592.0,0.0001,2841.0,0.2,118.2361231148243,256.0,0.029052734375,0.798828125,-0.1556332563632168,643.5,45.0,0.7890625,23.47068977355957,0.39079761505126953,-129.3154833037022
256.0,0.50390625,0.0021632288116961718,1515.0,22736.0,0.5,-0.008273897794424556,0.8125,0.34693583846092224,0.0,0.9321344569325447,1.0,1455104.0,0.0001,2842.0,0.2,171.1738494336605,256.0,0.025146484375,0.80859375,-0.14177044644020498,627.0,45.0,0.8046875,24.90241813659668,0.3636237382888794,-128.65789805952343
256.0,0.478515625,0.003149426309391856,1570.0,22744.0,0.5,-0.0060956698762311134,0.83203125,0.31777074933052063,0.0,0.919481486082077,1.0,1455616.0,0.0001,2843.0,0.2,236.68188521265984,256.0,0.01806640625,0.853515625,-0.12060257398115937,629.5,45.0,0.875,37.848514556884766,0.3023863136768341,-130.5629581290076
256.0,0.490234375,0.0021895007230341434,1171.0,22752.0,0.5,-0.00596426294214325,0.84765625,0.34829920530319214,0.0,0.9301595240831375,1.0,1456128.0,0.0001,2844.0,0.2,194.3376452922821,256.0,0.023193359375,0.857421875,-0.14330546476412565,640.5,45.0,0.8671875,28.628116607666016,0.3169651925563812,-131.23813691365183
256.0,0.5546875,0.0061301193200051785,1411.0,22760.0,0.5,-0.007558530793176033,0.859375,0.3375752866268158,0.0,0.9295368194580078,1.0,1456640.0,0.0001,2845.0,0.2,151.46187263727188,256.0,0.031494140625,0.8046875,-0.13998475874541327,623.5,45.0,0.75,16.192710876464844,0.348541796207428,-132.44122813670313
256.0,0.55078125,0.004382967948913574,1511.0,22768.0,0.5,-0.005043900651799049,0.859375,0.3452688753604889,0.0,0.9377681538462639,1.0,1457152.0,0.0001,2846.0,0.2,122.40919053554535,256.0,0.022216796875,0.80859375,-0.12332244840217754,662.5,45.0,0.7578125,7.395761489868164,0.3541504144668579,-133.82253188275266
256.0,0.546875,0.003965180832892656,1509.0,22776.0,0.5,-0.006977907829423202,0.890625,0.3507642447948456,0.0,0.9611604064702988,1.0,1457664.0,0.0001,2847.0,0.2,76.38747384399176,256.0,0.028076171875,0.84375,-0.11461828404571861,662.5,45.0,0.796875,11.511119842529297,0.32797592878341675,-130.5961440496519
256.0,0.58203125,0.008398618549108505,1436.0,22784.0,0.5,-0.008554275969800074,0.88671875,0.35045039653778076,0.0,0.9641766771674156,1.0,1458176.0,0.0001,2848.0,0.2,79.12551368027925,256.0,0.0400390625,0.8046875,-0.16970326914452016,639.5,45.0,0.72265625,12.737747192382812,0.35800471901893616,-130.15176848946257
256.0,0.50390625,0.0038827869575470686,1426.0,22792.0,0.5,-0.008396247838390991,0.859375,0.33783048391342163,0.0,0.9628581777215004,1.0,1458688.0,0.0001,2849.0,0.2,74.06208066642284,256.0,0.031005859375,0.85546875,-0.155660151358461,638.0,45.0,0.8515625,15.3502197265625,0.3137775957584381,-128.63350410780987
256.0,0.560546875,0.003024791367352009,1486.0,22800.0,0.5,-0.008535637069144286,0.8828125,0.3447864353656769,0.0,0.9372734799981117,1.0,1459200.0,0.0001,2850.0,0.2,186.24715980887413,256.0,0.033935546875,0.822265625,-0.1363659767084755,614.5,45.0,0.76171875,39.30679702758789,0.34406036138534546,-127.94486543061794
256.0,0.548828125,0.003097193781286478,1447.0,22808.0,0.5,-0.005481566186062992,0.8515625,0.36759722232818604,0.0,0.9607710428535938,1.0,1459712.0,0.0001,2851.0,0.2,80.69821427762508,256.0,0.026123046875,0.802734375,-0.13781106431270018,633.0,45.0,0.75390625,14.841779708862305,0.3818359076976776,-127.66123026342713
256.0,0.51953125,0.0036364737898111343,1504.0,22816.0,0.5,-0.0051859490267816,0.8671875,0.3056219816207886,0.0,0.9498378895223141,1.0,1460224.0,0.0001,2852.0,0.2,166.58253502845764,256.0,0.027099609375,0.84765625,-0.1107758087455295,626.5,45.0,0.828125,18.383697509765625,0.2990736961364746,-123.4780045059265
256.0,0.509765625,0.0028396695852279663,1168.0,22824.0,0.5,-0.005377184284952818,0.85546875,0.33101722598075867,0.0,0.958430714905262,1.0,1460736.0,0.0001,2853.0,0.2,80.44506601244211,256.0,0.028564453125,0.845703125,-0.10422830114839599,609.5,45.0,0.8359375,30.20527458190918,0.3018624782562256,-124.73707431670395
256.0,0.525390625,0.005652238614857197,1510.0,22832.0,0.5,-0.009073138757230481,0.8203125,0.3363405764102936,0.0,0.9675133638083935,1.0,1461248.0,0.0001,2854.0,0.2,83.08951139450073,256.0,0.0380859375,0.794921875,-0.14954703507828526,613.0,45.0,0.76953125,16.408071517944336,0.34926190972328186,-126.5103342400107
256.0,0.513671875,0.008408132009208202,1539.0,22840.0,0.5,-0.009129537109402008,0.80859375,0.31467723846435547,0.0,0.9053773134946823,1.0,1461760.0,0.0001,2855.0,0.2,266.3451233059168,256.0,0.03759765625,0.794921875,-0.13918203630601056,581.5,45.0,0.78125,40.600711822509766,0.3377293348312378,-126.94946685232455
256.0,0.51953125,0.0029141311533749104,1411.0,22848.0,0.5,-0.005071259642136283,0.84375,0.3641887605190277,0.0,0.9085955396294594,1.0,1462272.0,0.0001,2856.0,0.2,151.54029369354248,256.0,0.02001953125,0.82421875,-0.12827659111644607,575.0,45.0,0.8046875,28.102954864501953,0.33041542768478394,-130.21335154458882
256.0,0.544921875,0.0017526926239952445,1466.0,22856.0,0.5,-0.005032711913372623,0.90625,0.3122892379760742,0.0,0.8975944593548775,1.0,1462784.0,0.0001,2857.0,0.2,364.0912107527256,256.0,0.01513671875,0.861328125,-0.14443119004135951,541.0,45.0,0.81640625,42.816463470458984,0.2936173677444458,-132.933115034597
256.0,0.529296875,0.006429048255085945,1567.0,22864.0,0.5,-0.010546249424805865,0.86328125,0.34054648876190186,0.0,0.904882937669754,1.0,1463296.0,0.0001,2858.0,0.2,135.4443345218897,256.0,0.03173828125,0.833984375,-0.12802606815239415,538.5,45.0,0.8046875,24.92074966430664,0.3448018431663513,-135.76132823263296
256.0,0.501953125,0.005240675061941147,1177.0,22872.0,0.5,-0.008189072756067617,0.8203125,0.35220813751220703,0.0,0.9213355258107185,1.0,1463808.0,0.0001,2859.0,0.2,203.04078003764153,256.0,0.04052734375,0.818359375,-0.13226610908168368,535.0,45.0,0.81640625,22.207273483276367,0.3547646105289459,-136.75833538643317
256.0,0.544921875,0.00261360639706254,1480.0,22880.0,0.5,-0.004767098547745263,0.87109375,0.360157310962677,0.0,0.9657497778534889,1.0,1464320.0,0.0001,2860.0,0.2,80.62417718023062,256.0,0.01904296875,0.826171875,-0.11980754681280814,535.5,45.0,0.78125,21.18726348876953,0.34104907512664795,-137.85166286080377
256.0,0.5546875,0.004176436923444271,1444.0,22888.0,0.5,-0.006426718282455113,0.875,0.3416993021965027,0.0,0.9534971639513969,1.0,1464832.0,0.0001,2861.0,0.2,108.78655844926834,256.0,0.0263671875,0.8203125,-0.11775834806030616,546.0,45.0,0.765625,19.99024200439453,0.3288680613040924,-136.64712485333206
256.0,0.49609375,0.005027546547353268,1508.0,22896.0,0.5,-0.007575049676233903,0.84375,0.3359355926513672,0.0,0.8756020367145538,1.0,1465344.0,0.0001,2862.0,0.2,395.4397552758455,256.0,0.02685546875,0.84765625,-0.1284303466673009,531.0,45.0,0.8515625,332.4888610839844,0.32302477955818176,-134.75473618438934
256.0,0.546875,0.0019315843237563968,1521.0,22904.0,0.5,-0.0038456598267657682,0.828125,0.36186927556991577,0.0,0.9372204020619392,1.0,1465856.0,0.0001,2863.0,0.2,175.752295255661,256.0,0.0166015625,0.78125,-0.11736612324602902,541.5,45.0,0.734375,32.341922760009766,0.37837091088294983,-135.9550046872208
256.0,0.486328125,0.006184556055814028,1185.0,22912.0,0.5,-0.00880623596458463,0.8359375,0.31221500039100647,0.0,0.8987120762467384,1.0,1466368.0,0.0001,2864.0,0.2,251.29679825901985,256.0,0.040771484375,0.849609375,-0.12913573227706365,568.0,45.0,0.86328125,93.36363220214844,0.30260956287384033,-135.03444069019054
256.0,0.529296875,0.0030745547264814377,1511.0,22920.0,0.5,-0.008813707594526932,0.87109375,0.3529649078845978,0.0,0.9527372159063816,1.0,1466880.0,0.0001,2865.0,0.2,165.11580602824688,256.0,0.02880859375,0.841796875,-0.13284994289278984,585.0,45.0,0.8125,42.90278625488281,0.3195860981941223,-130.4176780769741
256.0,0.494140625,0.002441649790853262,1474.0,22928.0,0.5,-0.004369430884253234,0.83984375,0.33759650588035583,0.0,0.9364208728075027,1.0,1467392.0,0.0001,2866.0,0.2,216.84689010679722,256.0,0.016845703125,0.845703125,-0.1332224876678083,610.0,45.0,0.8515625,14.295452117919922,0.3212185502052307,-130.1404178077681
256.0,0.482421875,0.0062004136852920055,1493.0,22936.0,0.5,-0.007709668618190335,0.8203125,0.38376906514167786,0.0,0.9493954665958881,1.0,1467904.0,0.0001,2867.0,0.2,105.9917177632451,256.0,0.029296875,0.837890625,-0.14800063546863385,625.0,45.0,0.85546875,17.545570373535156,0.3413918614387512,-130.68885655275778
256.0,0.529296875,0.003967072814702988,1331.0,22944.0,0.5,-0.005008517829992343,0.83984375,0.3611217737197876,0.0,0.9624881222844124,1.0,1468416.0,0.0001,2868.0,0.2,83.19916561245918,256.0,0.021728515625,0.810546875,-0.13292041180829983,635.5,45.0,0.78125,8.231186866760254,0.35389062762260437,-127.66596414310858
256.0,0.53125,0.0033565552439540625,1198.0,22952.0,0.5,-0.004825140695174923,0.87109375,0.3381364345550537,0.0,0.9385098293423653,1.0,1468928.0,0.0001,2869.0,0.2,143.00001657009125,256.0,0.01953125,0.83984375,-0.13572419501724653,627.0,45.0,0.80859375,22.62415885925293,0.3314796984195709,-126.53095785606652
256.0,0.501953125,0.0033034111838787794,1569.0,22960.0,0.5,-0.005654767075611744,0.8125,0.3430742025375366,0.0,0.9782842509448528,1.0,1469440.0,0.0001,2870.0,0.2,53.702381547540426,256.0,0.0302734375,0.810546875,-0.11749493223032914,629.5,45.0,0.80859375,15.46096420288086,0.34801632165908813,-127.3437154776277
256.0,0.49609375,0.004256357438862324,1513.0,22968.0,0.5,-0.005410327241406776,0.83203125,0.3540685474872589,0.0,0.957043532282114,1.0,1469952.0,0.0001,2871.0,0.2,120.23893988132477,256.0,0.032958984375,0.8359375,-0.13068349997047335,642.5,45.0,0.83984375,17.776565551757812,0.3488825261592865,-129.21194081159774
256.0,0.490234375,0.008964184671640396,1405.0,22976.0,0.5,-0.009554085285344627,0.83203125,0.321944922208786,0.0,0.9703394714742899,1.0,1470464.0,0.0001,2872.0,0.2,55.314025834202766,256.0,0.040771484375,0.841796875,-0.13961528937215917,639.5,45.0,0.8515625,8.068655967712402,0.3222580850124359,-125.60209745949368
256.0,0.462890625,0.0037415819242596626,1538.0,22984.0,0.5,-0.006661294741206802,0.8203125,0.30631574988365173,0.0,0.9289991408586502,1.0,1470976.0,0.0001,2873.0,0.2,128.86425784230232,256.0,0.027099609375,0.857421875,-0.1321485880180262,621.5,45.0,0.89453125,22.8277587890625,0.2770615816116333,-126.23659613183001
256.0,0.546875,0.002773136831820011,1228.0,22992.0,0.5,-0.005342272066627629,0.8828125,0.3316243290901184,0.0,0.8965518847107887,1.0,1471488.0,0.0001,2874.0,0.2,408.58615416288376,256.0,0.022216796875,0.8359375,-0.14054350595688447,606.0,45.0,0.7890625,202.70445251464844,0.3249843120574951,-127.90699034976772
256.0,0.5,0.0025637149810791016,1542.0,23000.0,0.5,-0.004837882166611962,0.890625,0.29350388050079346,0.0,0.9265488833189011,1.0,1472000.0,0.0001,2875.0,0.2,237.39232656359673,256.0,0.016357421875,0.890625,-0.13591218006331474,585.0,45.0,0.890625,45.6910285949707,0.2559681534767151,-127.4780096699507
256.0,0.521484375,0.0032060518860816956,1226.0,23008.0,0.5,-0.00677235711918911,0.84765625,0.3571920692920685,0.0,0.9357235506176949,1.0,1472512.0,0.0001,2876.0,0.2,134.33522552251816,256.0,0.031982421875,0.826171875,-0.20264004851924255,575.0,45.0,0.8046875,24.59398078918457,0.3477567434310913,-128.11886574917008
256.0,0.533203125,0.005847317166626453,1489.0,23016.0,0.5,-0.009692421786894556,0.87890625,0.31812387704849243,0.0,0.9687780793756247,1.0,1473024.0,0.0001,2877.0,0.2,68.02414523810148,256.0,0.043212890625,0.845703125,-0.16255028371233493,568.5,45.0,0.8125,7.647624492645264,0.30701419711112976,-128.90284754780586
256.0,0.544921875,0.003259064396843314,1513.0,23024.0,0.5,-0.006419989062123932,0.8984375,0.3419477045536041,0.0,0.9618069306015968,1.0,1473536.0,0.0001,2878.0,0.2,83.24764924496412,256.0,0.024169921875,0.853515625,-0.09923295429325663,578.5,45.0,0.80859375,13.836213111877441,0.31125307083129883,-129.4282785276463
256.0,0.533203125,0.00245208409614861,1540.0,23032.0,0.5,-0.0051942464779131114,0.90625,0.3140520453453064,0.0,0.9705811515450478,1.0,1474048.0,0.0001,2879.0,0.2,56.56960779428482,256.0,0.028076171875,0.873046875,-0.12487479177070782,571.5,45.0,0.83984375,9.446921348571777,0.27339810132980347,-128.10451081237989
256.0,0.564453125,0.006892833858728409,1189.0,23040.0,0.5,-0.007969126032548957,0.89453125,0.32967814803123474,0.0,0.9590860530734062,1.0,1474560.0,0.0001,2880.0,0.2,118.3158842921257,256.0,0.037109375,0.830078125,-0.1325141508714296,569.0,45.0,0.765625,32.64657211303711,0.3306595981121063,-128.41380895551526
256.0,0.537109375,0.006887659430503845,1542.0,23048.0,0.5,-0.008091737974609714,0.88671875,0.2890471816062927,0.0,0.9570179432630539,1.0,1475072.0,0.0001,2881.0,0.2,58.40844415128231,256.0,0.04345703125,0.849609375,-0.15521226462442428,571.0,45.0,0.8125,4.750796318054199,0.28342223167419434,-129.43634182035922
256.0,0.51953125,0.003407228272408247,1509.0,23056.0,0.5,-0.0041749143856577575,0.85546875,0.3205684423446655,0.0,0.9227919206023216,1.0,1475584.0,0.0001,2882.0,0.2,100.43074274808168,256.0,0.024169921875,0.8359375,-0.1312540696526412,574.0,45.0,0.81640625,19.10710906982422,0.3366532027721405,-130.44052797707263
256.0,0.498046875,0.005334481131285429,1460.0,23064.0,0.5,-0.008960657891293522,0.8125,0.31669819355010986,0.0,0.9573036581277847,1.0,1476096.0,0.0001,2883.0,0.2,86.99293511360884,256.0,0.031494140625,0.814453125,-0.15771554497769102,579.0,45.0,0.81640625,15.778715133666992,0.34164053201675415,-132.51338307939702
256.0,0.5234375,0.003081314731389284,1522.0,23072.0,0.5,-0.005074256157968193,0.90234375,0.27968746423721313,0.0,0.9176579266786575,1.0,1476608.0,0.0001,2884.0,0.2,189.33861404657364,256.0,0.020263671875,0.87890625,-0.13993267694604583,592.0,45.0,0.85546875,14.32498836517334,0.26485687494277954,-133.5740594899212
256.0,0.529296875,0.004189513623714447,1509.0,23080.0,0.5,-0.006282958027441055,0.890625,0.3311190605163574,0.0,0.947052825242281,1.0,1477120.0,0.0001,2885.0,0.2,109.65169242024422,256.0,0.025390625,0.861328125,-0.15848190133692697,593.0,45.0,0.83203125,26.812904357910156,0.3174365758895874,-135.27672351713525
256.0,0.55078125,0.004492632113397121,1487.0,23088.0,0.5,-0.007638465849595377,0.90625,0.3245225250720978,0.0,0.9652628563344479,1.0,1477632.0,0.0001,2886.0,0.2,83.08540607243776,256.0,0.033203125,0.85546875,-0.15209522790974006,586.5,45.0,0.8046875,10.176107406616211,0.32418185472488403,-135.30045039677293
256.0,0.544921875,0.0012892766389995813,1221.0,23096.0,0.5,-0.0032051145390141755,0.875,0.32482457160949707,0.0,0.858371838927269,1.0,1478144.0,0.0001,2887.0,0.2,461.6269360780716,256.0,0.01123046875,0.830078125,-0.10554485132161062,585.0,45.0,0.78515625,24.70608901977539,0.32867732644081116,-136.77326148324647
256.0,0.51953125,0.0020549825858324766,1455.0,23104.0,0.5,-0.005866510909982026,0.8828125,0.28327637910842896,0.0,0.8890304639935493,1.0,1478656.0,0.0001,2888.0,0.2,243.79304897785187,256.0,0.01416015625,0.86328125,-0.16576920746592805,573.5,45.0,0.84375,23.16573715209961,0.26527702808380127,-138.22186423943378
256.0,0.544921875,0.0040266308933496475,1504.0,23112.0,0.5,-0.0059250960548524745,0.86328125,0.319856733083725,0.0,0.9268226101994514,1.0,1479168.0,0.0001,2889.0,0.2,170.52903955429792,256.0,0.0322265625,0.818359375,-0.12800290976883844,574.5,45.0,0.7734375,24.3644962310791,0.3374488055706024,-139.0902930690255
256.0,0.576171875,0.00448990473523736,1485.0,23120.0,0.5,-0.006584592400031397,0.8984375,0.33862316608428955,0.0,0.9421000741422176,1.0,1479680.0,0.0001,2890.0,0.2,134.090749271214,256.0,0.032470703125,0.822265625,-0.14843714667949826,590.0,45.0,0.74609375,28.70757484436035,0.3447115123271942,-138.0122465294553
256.0,0.533203125,0.0025713671930134296,1458.0,23128.0,0.5,-0.0038023540946596768,0.89453125,0.34929370880126953,0.0,0.9276961088180542,1.0,1480192.0,0.0001,2891.0,0.2,146.30649128556252,256.0,0.017822265625,0.861328125,-0.11295596364652738,585.0,45.0,0.828125,17.880146026611328,0.29062366485595703,-133.99989150763955
256.0,0.533203125,0.007769188843667507,1405.0,23136.0,0.5,-0.010150092508411035,0.83203125,0.34351062774658203,0.0,0.9540307261049747,1.0,1480704.0,0.0001,2892.0,0.2,105.95047143101692,256.0,0.05322265625,0.798828125,-0.21074817166663706,595.0,45.0,0.765625,19.861217498779297,0.37213337421417236,-131.57532644554507
256.0,0.5,0.0022296044044196606,1576.0,23144.0,0.5,-0.0015896361837803852,0.84375,0.32887032628059387,0.0,0.9202352613210678,1.0,1481216.0,0.0001,2893.0,0.2,314.19014024734497,256.0,0.020751953125,0.84375,-0.1403523909393698,600.5,45.0,0.84375,57.489418029785156,0.3041945695877075,-129.4494359875936
256.0,0.525390625,0.0029330893885344267,1367.0,23152.0,0.5,-0.005517325993423583,0.828125,0.3537144660949707,0.0,0.9147705286741257,1.0,1481728.0,0.0001,2894.0,0.2,240.14965377748013,256.0,0.01806640625,0.802734375,-0.12979806412477046,622.5,45.0,0.77734375,30.52494239807129,0.40038633346557617,-126.12193679119926
256.0,0.501953125,0.0021120617166161537,1500.0,23160.0,0.5,-0.004526516182522755,0.84375,0.35170871019363403,0.0,0.8309895396232605,1.0,1482240.0,0.0001,2895.0,0.2,556.9430941045284,256.0,0.01708984375,0.841796875,-0.1474612666061148,644.5,45.0,0.83984375,381.5954284667969,0.34133970737457275,-127.51167492590379
256.0,0.513671875,0.0014510530745610595,1553.0,23168.0,0.5,-0.0038338208469212987,0.83203125,0.30999094247817993,0.0,0.9354650378227234,1.0,1482752.0,0.0001,2896.0,0.2,192.14303267002106,256.0,0.010498046875,0.818359375,-0.1154481733974535,676.5,45.0,0.8046875,19.057783126831055,0.3395175337791443,-127.23322271180805
256.0,0.525390625,0.0023021160159260035,1446.0,23176.0,0.5,-0.0057556322317395825,0.859375,0.3182950019836426,0.0,0.9164542704820633,1.0,1483264.0,0.0001,2897.0,0.2,267.2216086089611,256.0,0.01953125,0.833984375,-0.13423009595135227,681.5,45.0,0.80859375,28.42658233642578,0.3072000741958618,-127.44512331317529
256.0,0.494140625,0.0029710261151194572,1446.0,23184.0,0.5,-0.003706814211909659,0.80859375,0.34630322456359863,0.0,0.91721361130476,1.0,1483776.0,0.0001,2898.0,0.2,180.13648882508278,256.0,0.01904296875,0.814453125,-0.12160307705926243,680.5,45.0,0.8203125,27.088903427124023,0.35694125294685364,-128.41070759226918
256.0,0.48046875,0.003922606818377972,1526.0,23192.0,0.5,-0.005789792259747628,0.8359375,0.30705925822257996,0.0,0.9553271718323231,1.0,1484288.0,0.0001,2899.0,0.2,95.69495552033186,256.0,0.02880859375,0.85546875,-0.14131206762976944,665.5,45.0,0.875,29.291034698486328,0.29012271761894226,-129.421020573586
256.0,0.515625,0.006161720026284456,1155.0,23200.0,0.5,-0.004498300091654528,0.8828125,0.33879750967025757,0.0,0.9555026181042194,1.0,1484800.0,0.0001,2900.0,0.2,83.1646636724472,256.0,0.0234375,0.8671875,-0.14579607360064983,670.5,45.0,0.8515625,10.3513822555542,0.29886364936828613,-132.11683359083136
256.0,0.5625,0.005883912555873394,1417.0,23208.0,0.5,-0.009050316453794949,0.89453125,0.3526608347892761,0.0,0.9495496898889542,1.0,1485312.0,0.0001,2901.0,0.2,129.12384922802448,256.0,0.032470703125,0.83203125,-0.15686740208184347,682.5,45.0,0.76953125,19.50372886657715,0.34055814146995544,-132.2463259324187
256.0,0.576171875,0.005879986099898815,1545.0,23216.0,0.5,-0.008667592133861035,0.9140625,0.35454893112182617,0.0,0.9178377464413643,1.0,1485824.0,0.0001,2902.0,0.2,274.54306837916374,256.0,0.05419921875,0.837890625,-0.1586652691476047,658.0,45.0,0.76171875,57.89423370361328,0.33390384912490845,-128.88360092012095
256.0,0.560546875,0.005136627703905106,1436.0,23224.0,0.5,-0.00587951372108364,0.87890625,0.3372868001461029,0.0,0.946963157504797,1.0,1486336.0,0.0001,2903.0,0.2,108.46753499656916,256.0,0.024658203125,0.818359375,-0.1709994879201986,641.0,45.0,0.7578125,18.01812171936035,0.33124881982803345,-127.5701357733208
256.0,0.55078125,0.004089392721652985,1448.0,23232.0,0.5,-0.005388621357269585,0.84765625,0.34901487827301025,0.0,0.9447964541614056,1.0,1486848.0,0.0001,2904.0,0.2,145.32186277210712,256.0,0.025146484375,0.796875,-0.16564908297732472,644.5,45.0,0.74609375,23.339811325073242,0.40398460626602173,-126.95945562758716
256.0,0.48046875,0.0032439217902719975,1262.0,23240.0,0.5,-0.005678927955159452,0.79296875,0.3292121887207031,0.0,0.961651373654604,1.0,1487360.0,0.0001,2905.0,0.2,88.41834466904402,256.0,0.025634765625,0.8125,-0.14009967603487894,620.5,45.0,0.83203125,8.670974731445312,0.321113646030426,-125.0153331062221
256.0,0.470703125,0.0028928215615451336,1546.0,23248.0,0.5,-0.005631155345326988,0.80859375,0.31103944778442383,0.0,0.948444876819849,1.0,1487872.0,0.0001,2906.0,0.2,152.99943186342716,256.0,0.0205078125,0.837890625,-0.11439401385723613,616.0,45.0,0.8671875,19.96336555480957,0.3209167718887329,-125.82227280436433
256.0,0.52734375,0.0020131724886596203,1432.0,23256.0,0.5,-0.002339799641049467,0.84765625,0.30957189202308655,0.0,0.971802793443203,1.0,1488384.0,0.0001,2907.0,0.2,75.68187793344259,256.0,0.013916015625,0.8203125,-0.12549467137432657,611.0,45.0,0.79296875,7.479801177978516,0.33880043029785156,-126.39115032486967
256.0,0.5234375,0.0032831323333084583,1546.0,23264.0,0.5,-0.008841209200909361,0.8515625,0.340251088142395,0.0,0.9351359754800797,1.0,1488896.0,0.0001,2908.0,0.2,190.78768947720528,256.0,0.025390625,0.828125,-0.12676514984923415,618.0,45.0,0.8046875,21.73371124267578,0.3253404498100281,-129.2284992305783
256.0,0.576171875,0.003295212285593152,1407.0,23272.0,0.5,-0.006203293065482285,0.91015625,0.3474523425102234,0.0,0.9476796016097069,1.0,1489408.0,0.0001,2909.0,0.2,102.815898001194,256.0,0.02734375,0.833984375,-0.1385320225090254,611.5,45.0,0.7578125,10.09013843536377,0.3187344968318939,-129.78653481366462
256.0,0.5390625,0.003922644071280956,1089.0,23280.0,0.5,-0.008062203400186263,0.8828125,0.3382684588432312,0.0,0.9583593159914017,1.0,1489920.0,0.0001,2910.0,0.2,88.4479566514492,256.0,0.04052734375,0.84375,-0.16118183062644675,609.0,45.0,0.8046875,13.21865463256836,0.3287639021873474,-130.77063878228307
256.0,0.53125,0.0030021965503692627,1497.0,23288.0,0.5,-0.0053488237608689815,0.83984375,0.3648216426372528,0.0,0.9605398997664452,1.0,1490432.0,0.0001,2911.0,0.2,89.65336214005947,256.0,0.024169921875,0.80859375,-0.15807567044976167,627.0,45.0,0.77734375,9.805098533630371,0.3677636384963989,-131.30475264964508
256.0,0.54296875,0.00795084796845913,1478.0,23296.0,0.5,-0.006773143213649746,0.90234375,0.3266292214393616,0.0,0.9649535715579987,1.0,1490944.0,0.0001,2912.0,0.2,76.7588524222374,256.0,0.0380859375,0.859375,-0.16412943572504446,630.0,45.0,0.81640625,11.515443801879883,0.30200710892677307,-130.32530379054077
256.0,0.541015625,0.0047343140468001366,1426.0,23304.0,0.5,-0.005998472573992331,0.89453125,0.34298640489578247,0.0,0.971051337197423,1.0,1491456.0,0.0001,2913.0,0.2,73.21644736081362,256.0,0.03076171875,0.853515625,-0.1582328596850857,630.5,45.0,0.8125,19.818660736083984,0.31654149293899536,-130.02775873791427
256.0,0.498046875,0.0033551924861967564,1518.0,23312.0,0.5,-0.006242701259907335,0.86328125,0.3157569468021393,0.0,0.9802643917500973,1.0,1491968.0,0.0001,2914.0,0.2,42.281058359891176,256.0,0.02099609375,0.865234375,-0.1283302267838735,628.0,45.0,0.8671875,8.850704193115234,0.2866791784763336,-129.04965709192678
256.0,0.505859375,0.0029672845266759396,1234.0,23320.0,0.5,-0.006351480267767329,0.8203125,0.3269481062889099,0.0,0.9691676031798124,1.0,1492480.0,0.0001,2915.0,0.2,90.58714127540588,256.0,0.02099609375,0.814453125,-0.11537777553894557,628.0,45.0,0.80859375,9.92893123626709,0.3606272339820862,-128.76271100647747
256.0,0.5,0.005711582489311695,1411.0,23328.0,0.5,-0.006739718319295207,0.83984375,0.31760716438293457,0.0,0.968049593269825,1.0,1492992.0,0.0001,2916.0,0.2,52.609662633389235,256.0,0.037353515625,0.83984375,-0.14322855381760746,629.5,45.0,0.83984375,10.808734893798828,0.2904452979564667,-127.50663192017936
256.0,0.498046875,0.006755385082215071,1542.0,23336.0,0.5,-0.006081885854655411,0.828125,0.34599873423576355,0.0,0.9653362892568111,1.0,1493504.0,0.0001,2917.0,0.2,78.17078394442797,256.0,0.02880859375,0.830078125,-0.15101583194336854,625.5,45.0,0.83203125,18.489803314208984,0.3398917317390442,-125.79553919027559
256.0,0.501953125,0.0038344324566423893,1624.0,23344.0,0.5,-0.005605041595117655,0.8515625,0.30727827548980713,0.0,0.8914873450994492,1.0,1494016.0,0.0001,2918.0,0.2,439.79256539046764,256.0,0.041259765625,0.849609375,-0.13247014235821553,606.5,45.0,0.84765625,319.7408142089844,0.29313215613365173,-125.48233499020338
256.0,0.513671875,0.004126652143895626,1419.0,23352.0,0.5,-0.006994889939960558,0.8984375,0.3168700933456421,0.0,0.9437875226140022,1.0,1494528.0,0.0001,2919.0,0.2,124.40488110482693,256.0,0.02783203125,0.884765625,-0.12597756431205198,600.5,45.0,0.87109375,29.614408493041992,0.27867138385772705,-129.39298753791488
256.0,0.53125,0.004074448719620705,1244.0,23360.0,0.5,-0.0076625120964308735,0.890625,0.3176879286766052,0.0,0.9063089117407799,1.0,1495040.0,0.0001,2920.0,0.2,249.56148850917816,256.0,0.02392578125,0.859375,-0.15627792157465592,569.0,45.0,0.828125,13.521039962768555,0.28769251704216003,-129.57334445402958
256.0,0.546875,0.00559247937053442,1474.0,23368.0,0.5,-0.00941275366494665,0.8828125,0.3398320972919464,0.0,0.9415579251945019,1.0,1495552.0,0.0001,2921.0,0.2,124.15702906250954,256.0,0.03955078125,0.8359375,-0.1681710173143074,565.5,45.0,0.7890625,17.995542526245117,0.3241284191608429,-134.0379403141048
256.0,0.537109375,0.003620275529101491,1514.0,23376.0,0.5,-0.004543613686109893,0.83984375,0.34640324115753174,0.0,0.931992694735527,1.0,1496064.0,0.0001,2922.0,0.2,141.771249756217,256.0,0.01611328125,0.802734375,-0.12862470938125625,566.0,45.0,0.765625,16.22205924987793,0.3316490054130554,-134.70444355926477
256.0,0.5234375,0.004627463407814503,1401.0,23384.0,0.5,-0.0061775820213370025,0.875,0.3074116110801697,0.0,0.9519762732088566,1.0,1496576.0,0.0001,2923.0,0.2,130.29245673120022,256.0,0.02587890625,0.8515625,-0.11809442116646096,556.0,45.0,0.828125,46.25737762451172,0.27628910541534424,-133.68523275552317
256.0,0.578125,0.0032856352627277374,1538.0,23392.0,0.5,-0.005766280599345919,0.8828125,0.3771728575229645,0.0,0.948847059160471,1.0,1497088.0,0.0001,2924.0,0.2,127.81738910079002,256.0,0.025146484375,0.8046875,-0.1229206235439051,549.0,45.0,0.7265625,17.893096923828125,0.37183424830436707,-132.33124336806125
256.0,0.5703125,0.0011188575299456716,1239.0,23400.0,0.5,-0.004673051858844701,0.890625,0.31500935554504395,0.0,0.9071045964956284,1.0,1497600.0,0.0001,2925.0,0.2,288.0226799696684,256.0,0.0107421875,0.8203125,-0.1546066611772403,542.0,45.0,0.75,71.0748062133789,0.34643399715423584,-130.06906879304677
256.0,0.541015625,0.0017516860971227288,1451.0,23408.0,0.5,-0.006992755963437958,0.875,0.31977951526641846,0.0,0.9049541130661964,1.0,1498112.0,0.0001,2926.0,0.2,312.73939710855484,256.0,0.031005859375,0.833984375,-0.14445222943322733,531.5,45.0,0.79296875,24.796293258666992,0.32692402601242065,-129.71790042041567
256.0,0.5078125,0.005462659522891045,1455.0,23416.0,0.5,-0.007936374728160445,0.81640625,0.3309655487537384,0.0,0.907867506146431,1.0,1498624.0,0.0001,2927.0,0.2,146.87901338934898,256.0,0.0283203125,0.80859375,-0.16184452449670061,557.5,45.0,0.80078125,11.902595520019531,0.35713374614715576,-132.9103763215337
256.0,0.462890625,0.0031858852598816156,1493.0,23424.0,0.5,-0.006608214376683463,0.81640625,0.31952565908432007,0.0,0.9115379303693771,1.0,1499136.0,0.0001,2928.0,0.2,279.4476121068001,256.0,0.016845703125,0.853515625,-0.13370571759878658,556.5,45.0,0.890625,82.24790954589844,0.3053096830844879,-129.92664451531718
256.0,0.484375,0.002746798098087311,1458.0,23432.0,0.5,-0.0055542279114888515,0.828125,0.3330288529396057,0.0,0.8290344923734665,1.0,1499648.0,0.0001,2929.0,0.2,402.7853239476681,256.0,0.023193359375,0.84375,-0.1853875687229447,569.5,45.0,0.859375,17.464019775390625,0.317011296749115,-132.01125266636024
256.0,0.53515625,0.005634838715195656,1223.0,23440.0,0.5,-0.0066076810617232695,0.86328125,0.34718096256256104,0.0,0.9305373281240463,1.0,1500160.0,0.0001,2930.0,0.2,138.32875937223434,256.0,0.034423828125,0.828125,-0.17178745311684906,570.0,45.0,0.79296875,16.363555908203125,0.3374921679496765,-133.11213773883182
256.0,0.5390625,0.002730313688516617,1508.0,23448.0,0.5,-0.005919155792071251,0.890625,0.3236462473869324,0.0,0.9366939887404442,1.0,1500672.0,0.0001,2931.0,0.2,117.3287945240736,256.0,0.025634765625,0.8515625,-0.11899298755452037,573.5,45.0,0.8125,20.53523826599121,0.3038358688354492,-134.6995360899414
256.0,0.474609375,0.006597749888896942,1481.0,23456.0,0.5,-0.007909437517810147,0.8203125,0.30579012632369995,0.0,0.899287536740303,1.0,1501184.0,0.0001,2932.0,0.2,239.81629693508148,256.0,0.0302734375,0.845703125,-0.13339720517979003,575.0,45.0,0.87109375,41.11288070678711,0.3081069886684418,-136.9479324361938
256.0,0.5234375,0.004993395879864693,1446.0,23464.0,0.5,-0.007508918548410293,0.859375,0.30517977476119995,0.0,0.9353737086057663,1.0,1501696.0,0.0001,2933.0,0.2,137.8522319495678,256.0,0.04443359375,0.8359375,-0.17335739015834406,573.0,45.0,0.8125,21.607419967651367,0.3109069764614105,-140.91449681250145
256.0,0.51953125,0.0013517761835828424,1558.0,23472.0,0.5,-0.003756167039682623,0.86328125,0.3099637031555176,0.0,0.8933064267039299,1.0,1502208.0,0.0001,2934.0,0.2,288.24582113325596,256.0,0.026123046875,0.84375,-0.12061920933774672,571.0,45.0,0.82421875,23.50444793701172,0.2936900854110718,-144.77918306642212
256.0,0.517578125,0.005345270503312349,1156.0,23480.0,0.5,-0.008385971232200973,0.8671875,0.33270129561424255,0.0,0.9088276699185371,1.0,1502720.0,0.0001,2935.0,0.2,156.70155085623264,256.0,0.031005859375,0.849609375,-0.15263063600286841,574.0,45.0,0.83203125,19.471311569213867,0.32058748602867126,-146.2443227523833
256.0,0.564453125,0.004584177862852812,1457.0,23488.0,0.5,-0.006695610209135339,0.90234375,0.31759873032569885,0.0,0.9612745344638824,1.0,1503232.0,0.0001,2936.0,0.2,79.39187301695347,256.0,0.031982421875,0.837890625,-0.11506393653689884,570.5,45.0,0.7734375,25.697154998779297,0.2944478392601013,-143.0339620892238
256.0,0.5546875,0.003361363895237446,1536.0,23496.0,0.5,-0.006542593953781761,0.89453125,0.3386269211769104,0.0,0.9100256189703941,1.0,1503744.0,0.0001,2937.0,0.2,336.9764352142811,256.0,0.0244140625,0.83984375,-0.11473925384052563,585.5,45.0,0.78515625,128.41717529296875,0.30226290225982666,-140.36858759562836
256.0,0.51953125,0.00875232182443142,1442.0,23504.0,0.5,-0.007585425570141524,0.8515625,0.33792978525161743,0.0,0.9413250088691711,1.0,1504256.0,0.0001,2938.0,0.2,105.72939097881317,256.0,0.031982421875,0.83203125,-0.1529779260745272,584.0,45.0,0.8125,17.5637264251709,0.33087003231048584,-138.36168020224432
256.0,0.5546875,0.005807200446724892,1456.0,23512.0,0.5,-0.0088551705412101,0.87890625,0.3451429605484009,0.0,0.9712658002972603,1.0,1504768.0,0.0001,2939.0,0.2,70.61556935310364,256.0,0.033447265625,0.82421875,-0.14744335648720153,588.0,45.0,0.76953125,9.926848411560059,0.38312673568725586,-137.6443646200956
256.0,0.52734375,0.0037121097557246685,1402.0,23520.0,0.5,-0.00568733246109332,0.84375,0.33243441581726074,0.0,0.9684408940374851,1.0,1505280.0,0.0001,2940.0,0.2,63.54303765296936,256.0,0.028564453125,0.81640625,-0.13102619122946635,585.5,45.0,0.7890625,12.008092880249023,0.3394216299057007,-134.85680891258409
256.0,0.486328125,0.005466888193041086,1205.0,23528.0,0.5,-0.005530599984922446,0.8515625,0.30151012539863586,0.0,0.9726510979235172,1.0,1505792.0,0.0001,2941.0,0.2,51.8774627186358,256.0,0.035400390625,0.865234375,-0.1259245382680092,582.5,45.0,0.87890625,7.492610454559326,0.2930375337600708,-133.19813203505007
256.0,0.552734375,0.0024537453427910805,1482.0,23536.0,0.5,-0.0051388014035183005,0.8359375,0.3465426564216614,0.0,0.9680606685578823,1.0,1506304.0,0.0001,2942.0,0.2,69.65639191865921,256.0,0.029296875,0.783203125,-0.14423423469997942,585.5,45.0,0.73046875,11.273094177246094,0.36461836099624634,-131.60413473906695
256.0,0.49609375,0.005817325320094824,1489.0,23544.0,0.5,-0.005192771757720038,0.84765625,0.3075123429298401,0.0,0.9662492983043194,1.0,1506816.0,0.0001,2943.0,0.2,61.09826402366161,256.0,0.0283203125,0.8515625,-0.1338831869943533,601.0,45.0,0.85546875,15.524267196655273,0.30980581045150757,-129.2447860028781
256.0,0.4609375,0.005099838599562645,1522.0,23552.0,0.5,-0.0071535103634232655,0.80859375,0.32726332545280457,0.0,0.9662156887352467,1.0,1507328.0,0.0001,2944.0,0.2,71.03947701305151,256.0,0.033935546875,0.84765625,-0.1677404073998332,588.0,45.0,0.88671875,7.683806419372559,0.306834876537323,-127.84893913279521
256.0,0.5,0.0041449349373579025,1441.0,23560.0,0.5,-0.01006277102715103,0.859375,0.31853625178337097,0.0,0.9567539915442467,1.0,1507840.0,0.0001,2945.0,0.2,97.37200824916363,256.0,0.035888671875,0.859375,-0.13909865054301918,580.0,45.0,0.859375,15.208810806274414,0.29724520444869995,-130.48522687303833
256.0,0.517578125,0.001898394781164825,1287.0,23568.0,0.5,-0.007017760850430932,0.87109375,0.30630767345428467,0.0,0.8978052213788033,1.0,1508352.0,0.0001,2946.0,0.2,554.2820751518011,256.0,0.01611328125,0.853515625,-0.10255847305961652,546.5,45.0,0.8359375,70.60061645507812,0.300004780292511,-131.8043415381061
256.0,0.552734375,0.0032136905938386917,1355.0,23576.0,0.5,-0.008842902127071284,0.89453125,0.3251851201057434,0.0,0.9097322374582291,1.0,1508864.0,0.0001,2947.0,0.2,244.23605035245419,256.0,0.033447265625,0.841796875,-0.14083151976228692,538.5,45.0,0.7890625,63.84920883178711,0.3351392149925232,-138.51628003950464
256.0,0.537109375,0.005149307660758495,1462.0,23584.0,0.5,-0.006114711955888197,0.86328125,0.3358023464679718,0.0,0.9643154442310333,1.0,1509376.0,0.0001,2948.0,0.2,81.14576720446348,256.0,0.025390625,0.826171875,-0.14078330964548513,531.0,45.0,0.7890625,12.186882972717285,0.34098660945892334,-137.58635111397598
256.0,0.54296875,0.0017250042874366045,1559.0,23592.0,0.5,-0.0055671930822427385,0.875,0.3136177062988281,0.0,0.9501171223819256,1.0,1509888.0,0.0001,2949.0,0.2,184.9554385766387,256.0,0.01318359375,0.83203125,-0.10848017386888387,526.0,45.0,0.7890625,16.02740478515625,0.3166813850402832,-137.96856468528975
256.0,0.49609375,0.007750834804028273,1518.0,23600.0,0.5,-0.009261708240956068,0.86328125,0.303127646446228,0.0,0.9509895108640194,1.0,1510400.0,0.0001,2950.0,0.2,86.84163594990969,256.0,0.037353515625,0.8671875,-0.12377148840459995,523.5,45.0,0.87109375,7.610177040100098,0.2823759913444519,-137.93236319756602
256.0,0.544921875,0.005347521975636482,1226.0,23608.0,0.5,-0.009047921350429533,0.88671875,0.32279515266418457,0.0,0.9502766877412796,1.0,1510912.0,0.0001,2951.0,0.2,101.32447566837072,256.0,0.047607421875,0.841796875,-0.15915197710273787,515.5,45.0,0.796875,14.389639854431152,0.2943686842918396,-138.38123057918156
256.0,0.5390625,0.0064711906015872955,1439.0,23616.0,0.5,-0.009801194406463765,0.8984375,0.2967293858528137,0.0,0.9509643390774727,1.0,1511424.0,0.0001,2952.0,0.2,83.3552126660943,256.0,0.05078125,0.859375,-0.14655257645063102,504.0,45.0,0.8203125,7.33106803894043,0.2693641781806946,-139.41483406002865
256.0,0.51171875,0.0022949296981096268,1549.0,23624.0,0.5,-0.003825931613391731,0.87890625,0.3004453778266907,0.0,0.9062967002391815,1.0,1511936.0,0.0001,2953.0,0.2,300.8624103218317,256.0,0.02978515625,0.8671875,-0.14450336751178838,493.0,45.0,0.85546875,60.972679138183594,0.29881829023361206,-138.53577653025278
256.0,0.505859375,0.0016754715470597148,1506.0,23632.0,0.5,-0.004958858815371059,0.8671875,0.30928683280944824,0.0,0.8867019936442375,1.0,1512448.0,0.0001,2954.0,0.2,434.3491161465645,256.0,0.01123046875,0.861328125,-0.11440368054900318,497.0,45.0,0.85546875,232.4883270263672,0.2926955223083496,-139.0032964194985
256.0,0.51953125,0.0031945391092449427,1446.0,23640.0,0.5,-0.0048665001086192206,0.88671875,0.31915509700775146,0.0,0.9274788498878479,1.0,1512960.0,0.0001,2955.0,0.2,129.1584593951702,256.0,0.01611328125,0.8671875,-0.11809033580357209,508.5,45.0,0.84765625,15.426292419433594,0.2849845886230469,-136.3496020575543
256.0,0.5,0.004815302789211273,1240.0,23648.0,0.5,-0.008159444249031367,0.8515625,0.3027759790420532,0.0,0.9574856348335743,1.0,1513472.0,0.0001,2956.0,0.2,88.86819040775299,256.0,0.03759765625,0.8515625,-0.14906749536748976,516.0,45.0,0.8515625,6.842954158782959,0.29633960127830505,-135.5747930484521
256.0,0.53515625,0.0022590430453419685,1604.0,23656.0,0.5,-0.005786724304925883,0.859375,0.3243023157119751,0.0,0.8368871062994003,1.0,1513984.0,0.0001,2957.0,0.2,496.05420821905136,256.0,0.025390625,0.82421875,-0.1379713642236311,516.0,45.0,0.7890625,377.1505126953125,0.3256521224975586,-137.15738316730364
256.0,0.580078125,0.003991215024143457,1438.0,23664.0,0.5,-0.007985787044162862,0.91796875,0.3040817379951477,0.0,0.9670004360377789,1.0,1514496.0,0.0001,2958.0,0.2,71.5036904886365,256.0,0.02783203125,0.837890625,-0.12206797255203128,514.5,45.0,0.7578125,8.157294273376465,0.2855476438999176,-139.33042108697117
256.0,0.52734375,0.0031574852764606476,1549.0,23672.0,0.5,-0.0050116478887503035,0.859375,0.304934561252594,0.0,0.8928055465221405,1.0,1515008.0,0.0001,2959.0,0.2,158.83865942060947,256.0,0.020263671875,0.83203125,-0.14229255201644264,520.5,45.0,0.8046875,7.329826354980469,0.3566626310348511,-140.3905669464753
256.0,0.53515625,0.0032516461797058582,1537.0,23680.0,0.5,-0.007405590822600061,0.8828125,0.2935532331466675,0.0,0.9286709800362587,1.0,1515520.0,0.0001,2960.0,0.2,121.19998924434185,256.0,0.01611328125,0.84765625,-0.12301008272334002,517.0,45.0,0.8125,42.709049224853516,0.30417972803115845,-140.715016691091
256.0,0.5234375,0.0025377199053764343,1165.0,23688.0,0.5,-0.0046760875957261305,0.88671875,0.3117704689502716,0.0,0.8994401395320892,1.0,1516032.0,0.0001,2961.0,0.2,261.23299607634544,256.0,0.0166015625,0.86328125,-0.17166146478848532,517.0,45.0,0.83984375,38.034934997558594,0.2974050045013428,-141.86884741122137
256.0,0.541015625,0.005727742798626423,1542.0,23696.0,0.5,-0.007852400281990413,0.90234375,0.2964138984680176,0.0,0.952565386891365,1.0,1516544.0,0.0001,2962.0,0.2,75.28805197775364,256.0,0.027099609375,0.861328125,-0.13876084459479898,516.5,45.0,0.8203125,7.593413352966309,0.2854005694389343,-142.10245683929418
256.0,0.515625,0.0019592854660004377,1483.0,23704.0,0.5,-0.0050705908724921755,0.86328125,0.30850744247436523,0.0,0.9076135978102684,1.0,1517056.0,0.0001,2963.0,0.2,425.6713424921036,256.0,0.01904296875,0.84765625,-0.12408523965859786,518.5,45.0,0.83203125,16.859432220458984,0.31054630875587463,-142.5051160133863
256.0,0.52734375,0.005002225283533335,1471.0,23712.0,0.5,-0.0111403104456258,0.88671875,0.3345556855201721,0.0,0.9289686605334282,1.0,1517568.0,0.0001,2964.0,0.2,141.70548728108406,256.0,0.048828125,0.859375,-0.16099045873852447,504.0,45.0,0.83203125,19.691621780395508,0.29703131318092346,-143.73688014362472
256.0,0.541015625,0.004198901355266571,1481.0,23720.0,0.5,-0.009263384294172283,0.875,0.3141325116157532,0.0,0.912166066467762,1.0,1518080.0,0.0001,2965.0,0.2,229.09046080708504,256.0,0.042724609375,0.833984375,-0.16218797137844376,499.5,45.0,0.79296875,86.52564239501953,0.30809637904167175,-142.35267569027374
256.0,0.462890625,0.0033233333379030228,1571.0,23728.0,0.5,-0.005538310142583214,0.81640625,0.29852503538131714,0.0,0.9313630610704422,1.0,1518592.0,0.0001,2966.0,0.2,165.03846676647663,256.0,0.0234375,0.853515625,-0.11906481455662288,499.0,45.0,0.890625,38.62800216674805,0.2967718243598938,-144.84576921560802
256.0,0.48828125,0.003282171208411455,1551.0,23736.0,0.5,-0.006456628725572955,0.828125,0.29696232080459595,0.0,0.9385910741984844,1.0,1519104.0,0.0001,2967.0,0.2,172.25076830387115,256.0,0.022705078125,0.83984375,-0.11540124582825229,484.5,45.0,0.8515625,47.82551574707031,0.30327409505844116,-144.8351549749542
256.0,0.5234375,0.004185888450592756,1448.0,23744.0,0.5,-0.007090719445841387,0.89453125,0.30920153856277466,0.0,0.9496014006435871,1.0,1519616.0,0.0001,2968.0,0.2,120.55513468384743,256.0,0.0341796875,0.87109375,-0.16246599779697135,478.5,45.0,0.84765625,22.8787784576416,0.31106889247894287,-146.73526558937039
256.0,0.564453125,0.003088172525167465,1562.0,23752.0,0.5,-0.005536361415579449,0.8984375,0.3080976903438568,0.0,0.9604307860136032,1.0,1520128.0,0.0001,2969.0,0.2,126.89176540076733,256.0,0.023681640625,0.833984375,-0.12149756657890975,485.5,45.0,0.76953125,44.24197006225586,0.32903552055358887,-146.67312608579638
256.0,0.564453125,0.003952160943299532,1463.0,23760.0,0.5,-0.005982274691632483,0.87890625,0.35395506024360657,0.0,0.9590945243835449,1.0,1520640.0,0.0001,2970.0,0.2,87.17071329057217,256.0,0.021240234375,0.814453125,-0.13154236663831398,503.0,45.0,0.75,18.730430603027344,0.3390982151031494,-145.1381830983283
256.0,0.572265625,0.0035783061757683754,1564.0,23768.0,0.5,-0.007129322202672483,0.9140625,0.3055480718612671,0.0,0.9026441127061844,1.0,1521152.0,0.0001,2971.0,0.2,443.49331480264664,256.0,0.03369140625,0.841796875,-0.13325858788448386,489.5,45.0,0.76953125,21.495729446411133,0.30945342779159546,-141.13224086875329
256.0,0.52734375,0.0017234772676602006,1507.0,23776.0,0.5,-0.005191430675040465,0.8671875,0.34506553411483765,0.0,0.9013939425349236,1.0,1521664.0,0.0001,2972.0,0.2,174.44986356794834,256.0,0.015625,0.83984375,-0.11692089922144078,501.5,45.0,0.8125,16.58586883544922,0.33337149024009705,-142.2687975355261
256.0,0.55859375,0.006338555831462145,1477.0,23784.0,0.5,-0.004781747527886182,0.90234375,0.3339692950248718,0.0,0.9436020106077194,1.0,1522176.0,0.0001,2973.0,0.2,121.90131310373545,256.0,0.0302734375,0.84375,-0.14387095865095034,520.5,45.0,0.78515625,16.492979049682617,0.31164419651031494,-140.26475824265972
256.0,0.5390625,0.005079355556517839,1434.0,23792.0,0.5,-0.009185117065499071,0.87890625,0.31336551904678345,0.0,0.9612205699086189,1.0,1522688.0,0.0001,2974.0,0.2,70.97713968902826,256.0,0.0322265625,0.83984375,-0.15697674558032304,528.0,45.0,0.80078125,9.463044166564941,0.3105073869228363,-137.72538100379055
256.0,0.53125,0.0037190751172602177,1357.0,23800.0,0.5,-0.004803152507520281,0.85546875,0.3311338722705841,0.0,0.9381458535790443,1.0,1523200.0,0.0001,2975.0,0.2,213.0633628666401,256.0,0.0166015625,0.82421875,-0.13996030628914014,525.5,45.0,0.79296875,36.24455261230469,0.3219341039657593,-135.23739438158927
256.0,0.4765625,0.004637878853827715,1583.0,23808.0,0.5,-0.006949054262804566,0.8125,0.29933789372444153,0.0,0.9587590806186199,1.0,1523712.0,0.0001,2976.0,0.2,59.64632245525718,256.0,0.031494140625,0.8359375,-0.1289200368046295,534.5,45.0,0.859375,6.32062292098999,0.31064289808273315,-135.09020439701388
256.0,0.5234375,0.002995290793478489,1235.0,23816.0,0.5,-0.005479497893247753,0.86328125,0.331541508436203,0.0,0.9508408382534981,1.0,1524224.0,0.0001,2977.0,0.2,128.1828257739544,256.0,0.03076171875,0.83984375,-0.13848244401742704,548.5,45.0,0.81640625,92.69513702392578,0.32963916659355164,-136.69385586706224
256.0,0.55078125,0.0033365918789058924,1458.0,23824.0,0.5,-0.007224726556160022,0.8359375,0.32753509283065796,0.0,0.9307961240410805,1.0,1524736.0,0.0001,2978.0,0.2,181.7349789738655,256.0,0.042236328125,0.78515625,-0.1408345380332321,563.5,45.0,0.734375,68.78474426269531,0.37135040760040283,-138.54222653337987
256.0,0.51953125,0.0034222574904561043,1467.0,23832.0,0.5,-0.0075311332948331255,0.859375,0.3240496516227722,0.0,0.8834490850567818,1.0,1525248.0,0.0001,2979.0,0.2,275.2116551697254,256.0,0.030517578125,0.83984375,-0.1534861755790189,563.5,45.0,0.8203125,63.863975524902344,0.3093918263912201,-138.06723723621573
256.0,0.5234375,0.0020548959728330374,1484.0,23840.0,0.5,-0.004776354500791058,0.84765625,0.3203333616256714,0.0,0.8869022503495216,1.0,1525760.0,0.0001,2980.0,0.2,413.6989498734474,256.0,0.018310546875,0.82421875,-0.13058827992063016,568.5,45.0,0.80078125,46.52229690551758,0.33673450350761414,-139.40064450801816
256.0,0.537109375,0.0030693504959344864,1554.0,23848.0,0.5,-0.004053145064972341,0.8828125,0.339070200920105,0.0,0.8918371498584747,1.0,1526272.0,0.0001,2981.0,0.2,402.7238316386938,256.0,0.015625,0.845703125,-0.12743765959748998,555.5,45.0,0.80859375,214.74813842773438,0.3122900128364563,-140.16261204046197
256.0,0.533203125,0.0036846622824668884,1184.0,23856.0,0.5,-0.00607355961255962,0.87890625,0.3634796738624573,0.0,0.9345007017254829,1.0,1526784.0,0.0001,2982.0,0.2,133.31426073610783,256.0,0.02734375,0.845703125,-0.15869266097433865,548.0,45.0,0.8125,10.785367012023926,0.34140151739120483,-144.04750645092398
256.0,0.470703125,0.0030120271258056164,1471.0,23864.0,0.5,-0.007479927342501469,0.81640625,0.34090960025787354,0.0,0.9538332894444466,1.0,1527296.0,0.0001,2983.0,0.2,86.1679881438613,256.0,0.020751953125,0.845703125,-0.15172510663978755,549.5,45.0,0.875,14.540620803833008,0.31525567173957825,-144.7672588794073
256.0,0.525390625,0.005029464606195688,1540.0,23872.0,0.5,-0.009544083797663916,0.88671875,0.3274243474006653,0.0,0.9594508819282055,1.0,1527808.0,0.0001,2984.0,0.2,92.68599866330624,256.0,0.03759765625,0.861328125,-0.12796718784375116,560.0,45.0,0.8359375,21.587337493896484,0.299273282289505,-144.48810456526
256.0,0.529296875,0.0038754132110625505,1516.0,23880.0,0.5,-0.004482155207369942,0.875,0.32966339588165283,0.0,0.9055535569787025,1.0,1528320.0,0.0001,2985.0,0.2,186.0452702641487,256.0,0.014404296875,0.845703125,-0.11324009709642269,571.0,45.0,0.81640625,12.443252563476562,0.3010764718055725,-140.6836622695526
256.0,0.6015625,0.004390868823975325,1458.0,23888.0,0.5,-0.005999050095851999,0.8828125,0.3489212989807129,0.0,0.9677017070353031,1.0,1528832.0,0.0001,2986.0,0.2,82.37259805202484,256.0,0.03662109375,0.78125,-0.15171452634967864,559.0,45.0,0.6796875,11.045917510986328,0.3990491032600403,-137.39038668978202
256.0,0.505859375,0.0034958538599312305,1258.0,23896.0,0.5,-0.004457553637621459,0.83984375,0.3145732879638672,0.0,0.9481081366539001,1.0,1529344.0,0.0001,2987.0,0.2,127.36931477487087,256.0,0.020263671875,0.833984375,-0.11581783136352897,538.0,45.0,0.828125,14.180390357971191,0.3153909146785736,-135.49826776108645
256.0,0.53125,0.008710239082574844,1537.0,23904.0,0.5,-0.006204842982697301,0.90234375,0.3007209599018097,0.0,0.9735392462462187,1.0,1529856.0,0.0001,2988.0,0.2,46.97508294135332,256.0,0.058349609375,0.87109375,-0.14908656559418887,533.5,45.0,0.83984375,10.737146377563477,0.2838131785392761,-134.97350053605567
256.0,0.529296875,0.005433771293610334,1349.0,23912.0,0.5,-0.008231496263761073,0.91015625,0.2944088578224182,0.0,0.9551864713430405,1.0,1530368.0,0.0001,2989.0,0.2,101.84148328006268,256.0,0.03515625,0.880859375,-0.15252930924179964,531.5,45.0,0.8515625,10.781496047973633,0.3071328401565552,-135.14316720283531
256.0,0.484375,0.003338401671499014,1451.0,23920.0,0.5,-0.005552551381697413,0.8203125,0.37034672498703003,0.0,0.9576529860496521,1.0,1530880.0,0.0001,2990.0,0.2,81.39987983554602,256.0,0.022705078125,0.8359375,-0.14543065684847534,553.5,45.0,0.8515625,11.414812088012695,0.3287213146686554,-133.17463308514968
256.0,0.51171875,0.0034403938334435225,1408.0,23928.0,0.5,-0.006150420391350053,0.859375,0.323225200176239,0.0,0.9513435363769531,1.0,1531392.0,0.0001,2991.0,0.2,92.52605468779802,256.0,0.022216796875,0.84765625,-0.15688943478744477,561.0,45.0,0.8359375,6.62664794921875,0.302878737449646,-128.7885609193542
256.0,0.50390625,0.003769094590097666,1221.0,23936.0,0.5,-0.007698842833633535,0.8203125,0.3408750295639038,0.0,0.9605292081832886,1.0,1531904.0,0.0001,2992.0,0.2,70.41690684854984,256.0,0.03369140625,0.81640625,-0.14796300878515467,570.0,45.0,0.8125,6.567282199859619,0.3320647180080414,-128.1539493877854
256.0,0.525390625,0.00436816643923521,1544.0,23944.0,0.5,-0.006468101844802732,0.8828125,0.3154062330722809,0.0,0.9648366905748844,1.0,1532416.0,0.0001,2993.0,0.2,90.75202794373035,256.0,0.027587890625,0.857421875,-0.14035251480527222,565.0,45.0,0.83203125,23.33449363708496,0.28833407163619995,-127.93465539970377
256.0,0.560546875,0.004020119085907936,1468.0,23952.0,0.5,-0.005523229598111357,0.9140625,0.3112586736679077,0.0,0.9513732902705669,1.0,1532928.0,0.0001,2994.0,0.2,150.9266559779644,256.0,0.025390625,0.853515625,-0.14785346484859474,588.5,45.0,0.79296875,17.40778160095215,0.3035459518432617,-129.65021020657616
256.0,0.529296875,0.002025651978328824,1488.0,23960.0,0.5,-0.004246681310178246,0.890625,0.30985715985298157,0.0,0.9058591425418854,1.0,1533440.0,0.0001,2995.0,0.2,366.58889842033386,256.0,0.01953125,0.861328125,-0.11823864546022378,574.0,45.0,0.83203125,44.6519660949707,0.29455727338790894,-128.80940778417514
256.0,0.505859375,0.004806565120816231,1470.0,23968.0,0.5,-0.007080247065459844,0.87109375,0.29974573850631714,0.0,0.9330483376979828,1.0,1533952.0,0.0001,2996.0,0.2,163.58117607235909,256.0,0.033203125,0.865234375,-0.14460722624789923,593.0,45.0,0.859375,37.351139068603516,0.2974761724472046,-131.26006176910596
256.0,0.515625,0.008321686647832394,1441.0,23976.0,0.5,-0.008009149445570074,0.8671875,0.32787442207336426,0.0,0.9459927640855312,1.0,1534464.0,0.0001,2997.0,0.2,91.1331834718585,256.0,0.041748046875,0.8515625,-0.14916658750735223,591.0,45.0,0.8359375,9.473247528076172,0.3152141571044922,-132.12381934405536
256.0,0.521484375,0.0048001352697610855,1247.0,23984.0,0.5,-0.00709579930480686,0.90234375,0.29781991243362427,0.0,0.8871362805366516,1.0,1534976.0,0.0001,2998.0,0.2,592.023707523942,256.0,0.034423828125,0.880859375,-0.10829159436980262,581.0,45.0,0.859375,205.9069061279297,0.27891698479652405,-134.2953619435546
256.0,0.529296875,0.0038156979717314243,1395.0,23992.0,0.5,-0.008001005560799967,0.84765625,0.3622226119041443,0.0,0.9495293200016022,1.0,1535488.0,0.0001,2999.0,0.2,94.98218961805105,256.0,0.032958984375,0.818359375,-0.16583743877708912,574.5,45.0,0.7890625,6.7674407958984375,0.34267449378967285,-137.3677582955081
256.0,0.509765625,0.003925326280295849,1511.0,24000.0,0.5,-0.006898589272168465,0.8984375,0.31678342819213867,0.0,0.9530420638620853,1.0,1536000.0,0.0001,3000.0,0.2,97.36359233409166,256.0,0.02490234375,0.888671875,-0.14286445535253733,568.5,45.0,0.87890625,30.12882423400879,0.2818859815597534,-137.54428186925128
